timestamp,facteur_charge,taux_remplissage
2022-01-01 01:00:00,0.12987265000938403,0.6
2022-01-01 02:00:00,0.1324231809350588,0.5999151576619915
2022-01-01 03:00:00,0.128697964463528,0.5998271697714606
2022-01-01 04:00:00,0.12892598786449802,0.5997438810692228
2022-01-01 05:00:00,0.1290366680415585,0.5996603500619853
2022-01-01 06:00:00,0.12881780738596665,0.5995767234853033
2022-01-01 07:00:00,0.12976677474270779,0.5994934133217213
2022-01-01 08:00:00,0.12842478868460505,0.5994089598427054
2022-01-01 09:00:00,0.13184501353269384,0.5993262267964833
2022-01-01 10:00:00,0.13812420250994537,0.5992392614758597
2022-01-01 11:00:00,0.14099706541155776,0.5991444902320884
2022-01-01 12:00:00,0.14469423505316578,0.5990461710291569
2022-01-01 13:00:00,0.147799419848527,0.5989432735400111
2022-01-01 14:00:00,0.14542547482913504,0.5988365378020574
2022-01-01 15:00:00,0.13759054633023007,0.5987328127838907
2022-01-01 16:00:00,0.13376033539216134,0.5986389247711644
2022-01-01 17:00:00,0.13152224431695148,0.5985498679232094
2022-01-01 18:00:00,0.1323557550194344,0.5984636521464565
2022-01-01 19:00:00,0.13414415705612193,0.5983764379949208
2022-01-01 20:00:00,0.13717591412386096,0.5982870319106492
2022-01-01 21:00:00,0.14058710152734388,0.5981938797560454
2022-01-01 22:00:00,0.13799400910447152,0.5980965072993595
2022-01-01 23:00:00,0.13551924911821103,0.5980024199465218
2022-01-02 00:00:00,0.1309418982140862,0.5979114698381116
2022-01-02 01:00:00,0.13175654590542202,0.5978262852688785
2022-01-02 02:00:00,0.13409681057938688,0.5977401262966581
2022-01-02 03:00:00,0.13135658212677365,0.5976510859562792
2022-01-02 04:00:00,0.13091335412044508,0.5975655149201848
2022-01-02 05:00:00,0.1305689026602968,0.597480541993829
2022-01-02 06:00:00,0.12924596901659502,0.5973960437625183
2022-01-02 07:00:00,0.13054678071067038,0.5973132433849488
2022-01-02 08:00:00,0.13439393527220622,0.5972288612353922
2022-01-02 09:00:00,0.135007889870628,0.5971397144411852
2022-01-02 10:00:00,0.13868733643064618,0.59704984455818
2022-01-02 11:00:00,0.1511086568913734,0.5969554197773
2022-01-02 12:00:00,0.15573617340396112,0.5968455128120222
2022-01-02 13:00:00,0.1594540587407658,0.5967298659731115
2022-01-02 14:00:00,0.15756232441813878,0.5966096163553444
2022-01-02 15:00:00,0.1537783339031458,0.5964917760390791
2022-01-02 16:00:00,0.15015426501181645,0.5963787104003171
2022-01-02 17:00:00,0.13899390269806314,0.5962702195927668
2022-01-02 18:00:00,0.13931470270717505,0.5961757240389212
2022-01-02 19:00:00,0.14483781365751605,0.5960808723415686
2022-01-02 20:00:00,0.14823353451796326,0.5959791616677013
2022-01-02 21:00:00,0.1425243385744756,0.5958732513105773
2022-01-02 22:00:00,0.14172184797457904,0.5957745224718244
2022-01-02 23:00:00,0.14280948656626893,0.5956768418253623
2022-01-03 00:00:00,0.1392873601484656,0.5955778467652779
2022-01-03 01:00:00,0.13960878657024509,0.5954832995533861
2022-01-03 02:00:00,0.1486641148155381,0.595388395804167
2022-01-03 03:00:00,0.14628643768908245,0.5952822181958479
2022-01-03 04:00:00,0.14660304805532895,0.5951790580406267
2022-01-03 05:00:00,0.14676232657892133,0.5950755475345971
2022-01-03 06:00:00,0.1474266527005469,0.5949718833979992
2022-01-03 07:00:00,0.14842762184478214,0.5948674343767485
2022-01-03 08:00:00,0.15400304760900005,0.5947617797224564
2022-01-03 09:00:00,0.15834408459597044,0.5946492014197141
2022-01-03 10:00:00,0.1640392416654819,0.594531242509836
2022-01-03 11:00:00,0.16536950810822076,0.5944062103980382
2022-01-03 12:00:00,0.1720322369946407,0.5942795612528998
2022-01-03 13:00:00,0.17574212095537708,0.5941446295516385
2022-01-03 14:00:00,0.17528445267421855,0.5940051064056598
2022-01-03 15:00:00,0.16868071914035782,0.5938662013104912
2022-01-03 16:00:00,0.16274783263367604,0.5937355969028997
2022-01-03 17:00:00,0.16076892793312436,0.5936124546792789
2022-01-03 18:00:00,0.15742935350591064,0.5934918322175253
2022-01-03 19:00:00,0.16068046572263087,0.5933754304099274
2022-01-03 20:00:00,0.1639932217080362,0.5932550109532865
2022-01-03 21:00:00,0.16186406835778966,0.5931304968479745
2022-01-03 22:00:00,0.15650191986344708,0.5930086905357197
2022-01-03 23:00:00,0.1556648945461501,0.5928936333154874
2022-01-04 00:00:00,0.1489464325411692,0.5927796688383172
2022-01-04 01:00:00,0.14822562384764693,0.592674148955056
2022-01-04 02:00:00,0.14875682628633086,0.5925695766540277
2022-01-04 03:00:00,0.14652144108101128,0.5924643869762564
2022-01-04 04:00:00,0.14697900701276706,0.5923620382112124
2022-01-04 05:00:00,0.14732704236779878,0.5922591642248656
2022-01-04 06:00:00,0.1485760455556539,0.5921559019853042
2022-01-04 07:00:00,0.14836407345500216,0.5920511253375805
2022-01-04 08:00:00,0.15040907459503747,0.5919466605556241
2022-01-04 09:00:00,0.15501523073901383,0.591839686477679
2022-01-04 10:00:00,0.16306837738531726,0.5917270017147613
2022-01-04 11:00:00,0.16772417614579488,0.5916042975834896
2022-01-04 12:00:00,0.1724354181677538,0.5914758208234436
2022-01-04 13:00:00,0.17628782342608731,0.5913415021852446
2022-01-04 14:00:00,0.17635430477123537,0.5912024152695211
2022-01-04 15:00:00,0.16578600137503063,0.5910632925358141
2022-01-04 16:00:00,0.1616198389855164,0.5909374275196756
2022-01-04 17:00:00,0.16061270702252797,0.590816817599448
2022-01-04 18:00:00,0.16034138150129573,0.5906975140416749
2022-01-04 19:00:00,0.16348879650535408,0.5905785971428562
2022-01-04 20:00:00,0.16654682630346387,0.590455793531863
2022-01-04 21:00:00,0.16104415259287236,0.5903292149947057
2022-01-04 22:00:00,0.15790091994231015,0.5902095624652491
2022-01-04 23:00:00,0.15200350799232293,0.5900938866966225
2022-01-05 00:00:00,0.14860045590738757,0.5899856304673797
2022-01-05 01:00:00,0.14700445540337442,0.5898816758820945
2022-01-05 02:00:00,0.1482123476082656,0.5897797641806711
2022-01-05 03:00:00,0.14629638279139048,0.5896763905515794
2022-01-05 04:00:00,0.14661837633783575,0.5895754598704276
2022-01-05 05:00:00,0.14686968065629824,0.5894741747435681
2022-01-05 06:00:00,0.14748675476740944,0.5893726235868177
2022-01-05 07:00:00,0.14939793702571946,0.5892703492421927
2022-01-05 08:00:00,0.14831959549077506,0.5891657341287412
2022-01-05 09:00:00,0.1573066992321577,0.5890625152054122
2022-01-05 10:00:00,0.15969879191422304,0.588948110719793
2022-01-05 11:00:00,0.16591364076348303,0.5888307644898656
2022-01-05 12:00:00,0.1682231908152653,0.5887056981245536
2022-01-05 13:00:00,0.1702415021322419,0.5885777933014621
2022-01-05 14:00:00,0.16668935000283386,0.5884474141230924
2022-01-05 15:00:00,0.16406013033637684,0.5883215237228108
2022-01-05 16:00:00,0.16178730307209996,0.5881989684890714
2022-01-05 17:00:00,0.15700882396000698,0.5880793029853797
2022-01-05 18:00:00,0.1561827367437003,0.5879656593305284
2022-01-05 19:00:00,0.15767058499745162,0.5878530970886056
2022-01-05 20:00:00,0.15922946206421007,0.5877387238942066
2022-01-05 21:00:00,0.1618875769007369,0.5876224510152227
2022-01-05 22:00:00,0.15626962580006898,0.5875029044583243
2022-01-05 23:00:00,0.15084425255374606,0.5873904293597901
2022-01-06 00:00:00,0.14626463793396732,0.5872847850511344
2022-01-06 01:00:00,0.1457561613269083,0.5871849143878807
2022-01-06 02:00:00,0.14671598226593438,0.5870857285012947
2022-01-06 03:00:00,0.14934558405941847,0.5869853920732001
2022-01-06 04:00:00,0.15034165459356422,0.5868818179312598
2022-01-06 05:00:00,0.14872578846766424,0.5867770480432535
2022-01-06 06:00:00,0.14643912423655062,0.5866743473836864
2022-01-06 07:00:00,0.1452141037073336,0.5865745545038449
2022-01-06 08:00:00,0.15645776333321373,0.5864763424027309
2022-01-06 09:00:00,0.15985422049344097,0.5863641252837545
2022-01-06 10:00:00,0.16536224328311538,0.586247712203576
2022-01-06 11:00:00,0.1710297796612627,0.5861244637587115
2022-01-06 12:00:00,0.17767482102925608,0.5859941806107027
2022-01-06 13:00:00,0.17816081433964598,0.5858556409318142
2022-01-06 14:00:00,0.17099712981270704,0.5857165435855939
2022-01-06 15:00:00,0.16179234860528213,0.585586450722789
2022-01-06 16:00:00,0.15951817947352265,0.585467913767675
2022-01-06 17:00:00,0.15682246266210975,0.5853522695085566
2022-01-06 18:00:00,0.1589698322198314,0.5852400449334065
2022-01-06 19:00:00,0.16299434918283234,0.5851251862376111
2022-01-06 20:00:00,0.16081425190409537,0.5850053470402358
2022-01-06 21:00:00,0.16346698819984337,0.5848882831623787
2022-01-06 22:00:00,0.1582230691875977,0.5847679536153422
2022-01-06 23:00:00,0.15114578948922663,0.5846542292715056
2022-01-07 00:00:00,0.14707161437259264,0.5845494018849451
2022-01-07 01:00:00,0.14474391602012326,0.5844497176281263
2022-01-07 02:00:00,0.14377088627603896,0.5843529934582606
2022-01-07 03:00:00,0.14171357309325885,0.5842575360927285
2022-01-07 04:00:00,0.14409434701505983,0.5841647009389428
2022-01-07 05:00:00,0.14429357121963798,0.5840689404411118
2022-01-07 06:00:00,0.14351125761360845,0.5839729815894446
2022-01-07 07:00:00,0.14502055045867213,0.5838780513592411
2022-01-07 08:00:00,0.15116936291098187,0.583781285295448
2022-01-07 09:00:00,0.15598609473098707,0.5836768840515407
2022-01-07 10:00:00,0.1642784241284851,0.5835665127812679
2022-01-07 11:00:00,0.16471243843665861,0.5834458270405897
2022-01-07 12:00:00,0.16614991053260697,0.5833246497762736
2022-01-07 13:00:00,0.16600887997411504,0.5832017267189646
2022-01-07 14:00:00,0.1621877525580974,0.5830790310498342
2022-01-07 15:00:00,0.15399477960849658,0.5829611629427812
2022-01-07 16:00:00,0.15083342410738912,0.5828535872575236
2022-01-07 17:00:00,0.14975720355779176,0.582750014525025
2022-01-07 18:00:00,0.14916131557198406,0.5826478383793441
2022-01-07 19:00:00,0.15101063500710876,0.582546458457498
2022-01-07 20:00:00,0.153393584171227,0.5824428183029056
2022-01-07 21:00:00,0.15354561376623777,0.5823362509310744
2022-01-07 22:00:00,0.14664448136638286,0.5822295450441083
2022-01-07 23:00:00,0.1457378994584216,0.5821315171471165
2022-01-08 00:00:00,0.14221017796931995,0.5820346741045735
2022-01-08 01:00:00,0.14026610400208234,0.5819422923935185
2022-01-08 02:00:00,0.13933859793497794,0.5818523925070851
2022-01-08 03:00:00,0.13565211366461366,0.5817637037879078
2022-01-08 04:00:00,0.13512557779106946,0.5816796750112234
2022-01-08 05:00:00,0.13400794299961513,0.5815963562939923
2022-01-08 06:00:00,0.13289745523363633,0.5815144865622912
2022-01-08 07:00:00,0.13404556173606355,0.581434056934741
2022-01-08 08:00:00,0.14338948461229822,0.5813522442208824
2022-01-08 09:00:00,0.1399245672975966,0.5812588037025973
2022-01-08 10:00:00,0.14420090154713613,0.5811697464824468
2022-01-08 11:00:00,0.1477633925331628,0.5810753960482713
2022-01-08 12:00:00,0.1544892409587637,0.5809766447564189
2022-01-08 13:00:00,0.15689652092416018,0.580869538462332
2022-01-08 14:00:00,0.15509908729316538,0.5807594754288009
2022-01-08 15:00:00,0.14842653340398657,0.5806517116000091
2022-01-08 16:00:00,0.1424986565518324,0.5805523409284403
2022-01-08 17:00:00,0.14197481299144707,0.5804604326199324
2022-01-08 18:00:00,0.1412047705020154,0.5803692316849778
2022-01-08 19:00:00,0.14287282320990918,0.5802790459243177
2022-01-08 20:00:00,0.1451193729537439,0.5801868277710084
2022-01-08 21:00:00,0.14557791241893836,0.5800918541557809
2022-01-08 22:00:00,0.1386104845492218,0.5799963601434822
2022-01-08 23:00:00,0.1394652828233905,0.5799096282452525
2022-01-09 00:00:00,0.13555371015953166,0.5798218807303563
2022-01-09 01:00:00,0.13568556511009694,0.5797390756143834
2022-01-09 02:00:00,0.12674222466415624,0.5796561586647057
2022-01-09 03:00:00,0.12565324800782032,0.5795844739274314
2022-01-09 04:00:00,0.12494417917013968,0.5795142034996591
2022-01-09 05:00:00,0.12475321947288726,0.5794448725484235
2022-01-09 06:00:00,0.12205686395747253,0.5793758334890797
2022-01-09 07:00:00,0.12689411659702665,0.5793102181181541
2022-01-09 08:00:00,0.12375729792740807,0.5792386094771786
2022-01-09 09:00:00,0.12925280134340195,0.5791709752069886
2022-01-09 10:00:00,0.1349421210651396,0.579096524956648
2022-01-09 11:00:00,0.14055839943309714,0.5790150165074184
2022-01-09 12:00:00,0.14867985710449833,0.5789265412126081
2022-01-09 13:00:00,0.1504459925023523,0.5788279676496766
2022-01-09 14:00:00,0.1489141148405162,0.5787272400230268
2022-01-09 15:00:00,0.14011720285757517,0.5786284809005169
2022-01-09 16:00:00,0.1299608727027185,0.5785407716265542
2022-01-09 17:00:00,0.12714852022511927,0.5784658115253317
2022-01-09 18:00:00,0.12951298729482885,0.5783944206762036
2022-01-09 19:00:00,0.13594069041129156,0.5783201281061587
2022-01-09 20:00:00,0.1400980476513978,0.5782378548215338
2022-01-09 21:00:00,0.13540075592923984,0.5781504388060418
2022-01-09 22:00:00,0.13121189404733238,0.5780689484222252
2022-01-09 23:00:00,0.13015219447355794,0.5779927481840957
2022-01-10 00:00:00,0.1268713800843259,0.5779179266900524
2022-01-10 01:00:00,0.12407695413802922,0.5778472603848707
2022-01-10 02:00:00,0.13540657482936916,0.5777801413342253
2022-01-10 03:00:00,0.13190470874205784,0.5776989145310197
2022-01-10 04:00:00,0.1325777613489711,0.5776221193849
2022-01-10 05:00:00,0.13263972617840386,0.577544537298643
2022-01-10 06:00:00,0.1325978473808417,0.5774669321830871
2022-01-10 07:00:00,0.13624022045083936,0.5773894338938548
2022-01-10 08:00:00,0.14587942699474904,0.5773074371671723
2022-01-10 09:00:00,0.14733830056060093,0.5772134460122297
2022-01-10 10:00:00,0.1502221284017758,0.5771176858962541
2022-01-10 11:00:00,0.16417650698309957,0.5770183756773779
2022-01-10 12:00:00,0.16909274180586595,0.5769016772181241
2022-01-10 13:00:00,0.17071756835275526,0.576778888249111
2022-01-10 14:00:00,0.16859287881413337,0.5766541230815755
2022-01-10 15:00:00,0.16173819315576954,0.5765320686614881
2022-01-10 16:00:00,0.1539032919116281,0.576418637534834
2022-01-10 17:00:00,0.1470577478243673,0.5763150550219026
2022-01-10 18:00:00,0.14846069375453863,0.5762200844770268
2022-01-10 19:00:00,0.15271734828694813,0.5761234153384354
2022-01-10 20:00:00,0.15686109160288114,0.5760214805210979
2022-01-10 21:00:00,0.15280023526063616,0.5759144212147288
2022-01-10 22:00:00,0.14341939663349312,0.5758124932195664
2022-01-10 23:00:00,0.14225900405894268,0.5757223465641038
2022-01-11 00:00:00,0.14246530473895147,0.5756337057413841
2022-01-11 01:00:00,0.14021264380129117,0.575544862435419
2022-01-11 02:00:00,0.1372224400606903,0.5754588903987826
2022-01-11 03:00:00,0.13672560709752407,0.5753767116105015
2022-01-11 04:00:00,0.13657001889165873,0.5752952094075987
2022-01-11 05:00:00,0.1365327407611413,0.5752139572845935
2022-01-11 06:00:00,0.14006142344801115,0.5751328074043291
2022-01-11 07:00:00,0.13497945942772283,0.5750473023661928
2022-01-11 08:00:00,0.1397299496702428,0.5749682055289486
2022-01-11 09:00:00,0.14239330376582898,0.5748832263751193
2022-01-11 10:00:00,0.15356561451631873,0.5747949738752116
2022-01-11 11:00:00,0.16075928516675886,0.5746928118837008
2022-01-11 12:00:00,0.1628176128531646,0.5745817137509772
2022-01-11 13:00:00,0.16574371929701676,0.5744680987059824
2022-01-11 14:00:00,0.16310664340678688,0.5743508820754772
2022-01-11 15:00:00,0.15629304327106824,0.5742370178875583
2022-01-11 16:00:00,0.1505518066546585,0.5741317268476823
2022-01-11 17:00:00,0.14508823236835333,0.5740336685515713
2022-01-11 18:00:00,0.14715885761235153,0.573942495971405
2022-01-11 19:00:00,0.14903237839494027,0.5738487914078336
2022-01-11 20:00:00,0.1545220293501931,0.5737528012914682
2022-01-11 21:00:00,0.15261853526417868,0.5736500055095983
2022-01-11 22:00:00,0.14720045240548013,0.5735496455435019
2022-01-11 23:00:00,0.14298850035665361,0.5734561146790919
2022-01-12 00:00:00,0.14123515878311066,0.5733679053027743
2022-01-12 01:00:00,0.14059198467212258,0.573281944201344
2022-01-12 02:00:00,0.14010012654770176,0.573196843715333
2022-01-12 03:00:00,0.13879780501993966,0.5731124147495887
2022-01-12 04:00:00,0.13988466496452986,0.5730296704331671
2022-01-12 05:00:00,0.14009737684751392,0.5729456243390002
2022-01-12 06:00:00,0.1380781335377127,0.5728613692019082
2022-01-12 07:00:00,0.13995613447899338,0.5727796950155962
2022-01-12 08:00:00,0.14394378997057344,0.5726957302744351
2022-01-12 09:00:00,0.14926998456499907,0.5726068379598924
2022-01-12 10:00:00,0.15357145934911193,0.5725113449477157
2022-01-12 11:00:00,0.16415104130060298,0.5724105321872647
2022-01-12 12:00:00,0.16854900715498305,0.5722965520941474
2022-01-12 13:00:00,0.17031990868580804,0.5721771317380234
2022-01-12 14:00:00,0.16936777022303207,0.5720555549988057
2022-01-12 15:00:00,0.16459274603371699,0.5719352257259653
2022-01-12 16:00:00,0.15857192871573256,0.5718209225761102
2022-01-12 17:00:00,0.1492739576608542,0.5717142028400712
2022-01-12 18:00:00,0.14829954572525245,0.5716191630094103
2022-01-12 19:00:00,0.15228207985792228,0.5715253986845893
2022-01-12 20:00:00,0.15296973471717448,0.5714267137323543
2022-01-12 21:00:00,0.15118800234869284,0.5713272268010992
2022-01-12 22:00:00,0.1475269585452661,0.5712300246741308
2022-01-12 23:00:00,0.1425530971062441,0.5711374565399854
2022-01-13 00:00:00,0.1424390975176684,0.5710511634699205
2022-01-13 01:00:00,0.13798435320021196,0.5709650706858062
2022-01-13 02:00:00,0.13538631668622966,0.570884604167707
2022-01-13 03:00:00,0.13875534839670106,0.5708074430799926
2022-01-13 04:00:00,0.1337268397874984,0.5707261286364763
2022-01-13 05:00:00,0.13196423551984895,0.5706511578116218
2022-01-13 06:00:00,0.13531878135986622,0.5705784482740365
2022-01-13 07:00:00,0.13249679950840243,0.5705016036350903
2022-01-13 08:00:00,0.13948669111013123,0.5704283446033722
2022-01-13 09:00:00,0.14313546483780182,0.5703464063860104
2022-01-13 10:00:00,0.15782475650155703,0.5702599654292623
2022-01-13 11:00:00,0.1528444485133137,0.5701552211345925
2022-01-13 12:00:00,0.15337133792020552,0.5700567605504209
2022-01-13 13:00:00,0.15587461078104126,0.5699576997288283
2022-01-13 14:00:00,0.15513324820845906,0.5698555682392922
2022-01-13 15:00:00,0.15163644124349968,0.569754421924869
2022-01-13 16:00:00,0.15224859632331916,0.569657705139784
2022-01-13 17:00:00,0.14786619220412495,0.5695602817301856
2022-01-13 18:00:00,0.14966521680004943,0.569468394943747
2022-01-13 19:00:00,0.15344316595815322,0.5693743180432187
2022-01-13 20:00:00,0.15547513648945377,0.5692755774215119
2022-01-13 21:00:00,0.15202642648082296,0.5691743556004941
2022-01-13 22:00:00,0.14923142711288928,0.5690775034793938
2022-01-13 23:00:00,0.147839924906238,0.5689842039684335
2022-01-14 00:00:00,0.1460801645307352,0.5688927027446548
2022-01-14 01:00:00,0.14469169001435422,0.5688034601792313
2022-01-14 02:00:00,0.14320082499993064,0.5687160122132718
2022-01-14 03:00:00,0.14149549622563634,0.568630486883301
2022-01-14 04:00:00,0.13622864248307376,0.5685471523173903
2022-01-14 05:00:00,0.13964790170688846,0.5684704604700914
2022-01-14 06:00:00,0.1400040372652911,0.5683895537485074
2022-01-14 07:00:00,0.14031206198954155,0.5683082611055004
2022-01-14 08:00:00,0.14026358890513363,0.5682266427278628
2022-01-14 09:00:00,0.14606965671037264,0.5681451442860752
2022-01-14 10:00:00,0.1479517960727494,0.5680564476522143
2022-01-14 11:00:00,0.15875519425667844,0.5679654577849921
2022-01-14 12:00:00,0.15938963994840805,0.5678610231590094
2022-01-14 13:00:00,0.15717289196571,0.5677558550129786
2022-01-14 14:00:00,0.15386607244772055,0.5676535173870595
2022-01-14 15:00:00,0.14727405533455717,0.5675553729187068
2022-01-14 16:00:00,0.14671737773440796,0.56746552815292
2022-01-14 17:00:00,0.14398849744147385,0.5673764389632819
2022-01-14 18:00:00,0.1460129374514793,0.5672908206511027
2022-01-14 19:00:00,0.14770606135699135,0.5672027316139165
2022-01-14 20:00:00,0.15136229217904984,0.5671125860447364
2022-01-14 21:00:00,0.15143228619617735,0.5670179301077679
2022-01-14 22:00:00,0.1497027547029343,0.566923246646838
2022-01-14 23:00:00,0.1438986266783394,0.5668307851166244
2022-01-15 00:00:00,0.14080028628034816,0.5667456388105502
2022-01-15 01:00:00,0.13890834799544372,0.56666442554181
2022-01-15 02:00:00,0.13760568663465675,0.5665856373554595
2022-01-15 03:00:00,0.1351618906364881,0.5665085377030099
2022-01-15 04:00:00,0.13652136960318972,0.5664345530503929
2022-01-15 05:00:00,0.13711650560087218,0.5663589293515067
2022-01-15 06:00:00,0.1379819409785447,0.5662826220826356
2022-01-15 07:00:00,0.14016658573058988,0.5662052934170967
2022-01-15 08:00:00,0.13421722313112394,0.566125294390683
2022-01-15 09:00:00,0.1365188346418551,0.566052792560064
2022-01-15 10:00:00,0.14003815926936886,0.5659774742550505
2022-01-15 11:00:00,0.13802658495821166,0.5658978173816643
2022-01-15 12:00:00,0.1491529414089638,0.5658207356109652
2022-01-15 13:00:00,0.14481480099818428,0.5657298065768561
2022-01-15 14:00:00,0.1438366691099957,0.5656443609477378
2022-01-15 15:00:00,0.13766555478124787,0.5655601987602501
2022-01-15 16:00:00,0.13297464949207738,0.5654838112897052
2022-01-15 17:00:00,0.12978881222529462,0.5654133483220338
2022-01-15 18:00:00,0.13252477970976156,0.5653469285694069
2022-01-15 19:00:00,0.13769041072810073,0.5652771498230531
2022-01-15 20:00:00,0.142916151351752,0.5652009750506913
2022-01-15 21:00:00,0.14146223199181787,0.5651183291624197
2022-01-15 22:00:00,0.13921381515225137,0.5650375617802911
2022-01-15 23:00:00,0.13599936644975547,0.5649596660731971
2022-01-16 00:00:00,0.1331757159013625,0.564885849627977
2022-01-16 01:00:00,0.13300819522506296,0.5648156239939173
2022-01-16 02:00:00,0.12785249893413425,0.5647456690556252
2022-01-16 03:00:00,0.12569046889598678,0.5646822200795351
2022-01-16 04:00:00,0.12171368697729022,0.5646215350297153
2022-01-16 05:00:00,0.12442539435297734,0.5645658823928696
2022-01-16 06:00:00,0.12384367977751232,0.5645069016042012
2022-01-16 07:00:00,0.12484187795090235,0.5644487094879388
2022-01-16 08:00:00,0.12541611577429718,0.5643893311999041
2022-01-16 09:00:00,0.13157830599880022,0.564329296737261
2022-01-16 10:00:00,0.13339181675540657,0.5642616212062026
2022-01-16 11:00:00,0.1360449783852839,0.5641917405027268
2022-01-16 12:00:00,0.14314789410125217,0.5641186051098731
2022-01-16 13:00:00,0.1397248568261002,0.5640366528816332
2022-01-16 14:00:00,0.14001423606390576,0.5639590413058135
2022-01-16 15:00:00,0.13179424237112275,0.5638811299083087
2022-01-16 16:00:00,0.12326863599738935,0.5638135554517858
2022-01-16 17:00:00,0.11875137150242737,0.563756699998568
2022-01-16 18:00:00,0.12264702342287293,0.563705553167747
2022-01-16 19:00:00,0.12158901816941006,0.5636495988602116
2022-01-16 20:00:00,0.12720719488549698,0.5635950291938056
2022-01-16 21:00:00,0.13357547468680342,0.5635334989874112
2022-01-16 22:00:00,0.1272448871553436,0.5634640706584844
2022-01-16 23:00:00,0.12320082331691307,0.5634026178374713
2022-01-17 00:00:00,0.1197409994706273,0.5633462824160038
2022-01-17 01:00:00,0.12314552111729815,0.563294334140308
2022-01-17 02:00:00,0.1300220503786865,0.563238192624702
2022-01-17 03:00:00,0.1263919237861671,0.563173517905819
2022-01-17 04:00:00,0.12714932586869604,0.5631134433495966
2022-01-17 05:00:00,0.12723771153250601,0.5630524845912784
2022-01-17 06:00:00,0.1272635948488725,0.5629914779474436
2022-01-17 07:00:00,0.1310190815747044,0.5629305015920497
2022-01-17 08:00:00,0.13501959715069484,0.562864893566826
2022-01-17 09:00:00,0.14593311320675134,0.5627943476316686
2022-01-17 10:00:00,0.15117413695663762,0.562710222581904
2022-01-17 11:00:00,0.1534902994884522,0.5626196090788091
2022-01-17 12:00:00,0.15444059681930233,0.5625261632447687
2022-01-17 13:00:00,0.1551184845712019,0.5624315924571134
2022-01-17 14:00:00,0.15258838401809305,0.5623362372736141
2022-01-17 15:00:00,0.1473304210165593,0.5622441077254171
2022-01-17 16:00:00,0.14329087202592655,0.5621586136863153
2022-01-17 17:00:00,0.1413206152084826,0.5620782321844949
2022-01-17 18:00:00,0.14358122511344423,0.5620003766504071
2022-01-17 19:00:00,0.14663322413603355,0.561919758546284
2022-01-17 20:00:00,0.1469782434106166,0.5618353886813309
2022-01-17 21:00:00,0.1469308858651308,0.5617506508258029
2022-01-17 22:00:00,0.14174008570191138,0.5616660354962625
2022-01-17 23:00:00,0.13717918910014051,0.5615879720414868
2022-01-18 00:00:00,0.13410599750982372,0.5615156731274962
2022-01-18 01:00:00,0.13190805478544568,0.561447279168466
2022-01-18 02:00:00,0.13013092113021754,0.5613816961487208
2022-01-18 03:00:00,0.13417629496737007,0.5613183981022984
2022-01-18 04:00:00,0.13150296144057386,0.5612501069401751
2022-01-18 05:00:00,0.1321427596706573,0.5611852210918645
2022-01-18 06:00:00,0.13320940556917882,0.5611195991879468
2022-01-18 07:00:00,0.1313482938632376,0.5610527077140798
2022-01-18 08:00:00,0.13741335026523527,0.5609882064124796
2022-01-18 09:00:00,0.14031840912561463,0.5609161876181891
2022-01-18 10:00:00,0.14450971225693035,0.5608406013732802
2022-01-18 11:00:00,0.14973261895870052,0.5607598399175264
2022-01-18 12:00:00,0.1532277796858082,0.5606726137915439
2022-01-18 13:00:00,0.1545008300570285,0.5605810827228471
2022-01-18 14:00:00,0.15303548694438424,0.5604880243943944
2022-01-18 15:00:00,0.1476126201307673,0.560396861843021
2022-01-18 16:00:00,0.1414694594512581,0.5603125420183004
2022-01-18 17:00:00,0.13634698659918354,0.5602359653324795
2022-01-18 18:00:00,0.13769198008448508,0.5601658559706555
2022-01-18 19:00:00,0.14380986499097106,0.5600941296447549
2022-01-18 20:00:00,0.14189642638643835,0.5600148202853166
2022-01-18 21:00:00,0.1427256456468699,0.5599379670915114
2022-01-18 22:00:00,0.13700511807332444,0.5598601417857575
2022-01-18 23:00:00,0.1281272947954655,0.5597895315963131
2022-01-19 00:00:00,0.1258139418740862,0.5597300831874914
2022-01-19 01:00:00,0.12239644005827038,0.5596735910159965
2022-01-19 02:00:00,0.12349943883653675,0.5596214353125627
2022-01-19 03:00:00,0.12636253567668504,0.5595679654960307
2022-01-19 04:00:00,0.12475582231679697,0.5595109814883731
2022-01-19 05:00:00,0.12486055290644568,0.5594560705968564
2022-01-19 06:00:00,0.1252195909378654,0.5594010935610273
2022-01-19 07:00:00,0.12605623725782025,0.5593457325410334
2022-01-19 08:00:00,0.1277723193486752,0.5592893905709307
2022-01-19 09:00:00,0.1334009466729188,0.5592309684003891
2022-01-19 10:00:00,0.14023907882173947,0.5591655753922166
2022-01-19 11:00:00,0.1404853686462063,0.559091699709699
2022-01-19 12:00:00,0.14560712368497114,0.5590175812000248
2022-01-19 13:00:00,0.14843172454957865,0.5589371255759258
2022-01-19 14:00:00,0.14629219363035634,0.5588532043243358
2022-01-19 15:00:00,0.1427859596666778,0.5587720226541674
2022-01-19 16:00:00,0.1347251486511408,0.5586952889883751
2022-01-19 17:00:00,0.1324102487172208,0.5586286965923892
2022-01-19 18:00:00,0.12968047317404552,0.5585650631214399
2022-01-19 19:00:00,0.13365263108859105,0.5585049072140871
2022-01-19 20:00:00,0.13342221335744842,0.5584398514975233
2022-01-19 21:00:00,0.13564293156558813,0.5583751492352867
2022-01-19 22:00:00,0.13089984208977096,0.558307736551401
2022-01-19 23:00:00,0.1279482331580691,0.5582463182493846
2022-01-20 00:00:00,0.12385118849125605,0.5581886550224376
2022-01-20 01:00:00,0.12362970617121788,0.5581361787090753
2022-01-20 02:00:00,0.12337379563773293,0.5580840449001766
2022-01-20 03:00:00,0.12227167873604441,0.5580322966747874
2022-01-20 04:00:00,0.1222026942111094,0.5579819918346127
2022-01-20 05:00:00,0.1210885523660872,0.557931839007893
2022-01-20 06:00:00,0.12024038891403804,0.5578831446849557
2022-01-20 07:00:00,0.12081613147449709,0.5578355764364531
2022-01-20 08:00:00,0.1237427155628315,0.5577873544234792
2022-01-20 09:00:00,0.12942279414133584,0.5577355401376997
2022-01-20 10:00:00,0.13647368238843638,0.5576766917545438
2022-01-20 11:00:00,0.13808836490316068,0.5576090958054336
2022-01-20 12:00:00,0.14212022695163803,0.5575395475910083
2022-01-20 13:00:00,0.1459649254790596,0.5574650256802907
2022-01-20 14:00:00,0.14481578712557963,0.5573857640710878
2022-01-20 15:00:00,0.13822935260407232,0.5573080051028725
2022-01-20 16:00:00,0.13518884324296276,0.5572385454391926
2022-01-20 17:00:00,0.13198572884664478,0.5571729527169011
2022-01-20 18:00:00,0.1312301630743022,0.5571114302355618
2022-01-20 19:00:00,0.13470380094533513,0.5570509186026298
2022-01-20 20:00:00,0.13415448632073218,0.5569861313567521
2022-01-20 21:00:00,0.13675917773975016,0.5569220972317155
2022-01-20 22:00:00,0.12731938698617323,0.5568548737630982
2022-01-20 23:00:00,0.12475960062305733,0.5567995165967146
2022-01-21 00:00:00,0.12058056896310038,0.5567474257701409
2022-01-21 01:00:00,0.11915165379590378,0.5567006253830283
2022-01-21 02:00:00,0.11780140900673366,0.5566556778327567
2022-01-21 03:00:00,0.1172230305363427,0.5566124848243151
2022-01-21 04:00:00,0.11831330086383862,0.5565700815677321
2022-01-21 05:00:00,0.11990227976660105,0.5565263822949033
2022-01-21 06:00:00,0.12053352346089424,0.556480763662968
2022-01-21 07:00:00,0.12040901680925822,0.5564344228837607
2022-01-21 08:00:00,0.12431290496345451,0.5563883046880036
2022-01-21 09:00:00,0.12361153959468568,0.5563373736249445
2022-01-21 10:00:00,0.12848535207910483,0.5562873863042078
2022-01-21 11:00:00,0.13001485378467198,0.5562313737961634
2022-01-21 12:00:00,0.13507600224651187,0.5561735165319364
2022-01-21 13:00:00,0.13495276719660482,0.5561093999956986
2022-01-21 14:00:00,0.13291451690603673,0.5560455047094226
2022-01-21 15:00:00,0.12989153025106015,0.5559842244847071
2022-01-21 16:00:00,0.1251547196337304,0.5559267902845211
2022-01-21 17:00:00,0.12396173281906192,0.5558753444312963
2022-01-21 18:00:00,0.12315319204418033,0.5558254571877236
2022-01-21 19:00:00,0.12485320434684599,0.5557766480386629
2022-01-21 20:00:00,0.12729858291683918,0.555725781335142
2022-01-21 21:00:00,0.1258938986975796,0.5556719254116671
2022-01-21 22:00:00,0.1258179683913886,0.55561989288903
2022-01-21 23:00:00,0.1202823131450048,0.55556802286711
2022-01-22 00:00:00,0.11927063840234495,0.5555231400443185
2022-01-22 01:00:00,0.1184939019313871,0.5554795894872266
2022-01-22 02:00:00,0.11587499998579487,0.5554370775651613
2022-01-22 03:00:00,0.11109400261178981,0.5553979070270971
2022-01-22 04:00:00,0.10940558665793412,0.5553647805344163
2022-01-22 05:00:00,0.10887031926503311,0.5553338324024053
2022-01-22 06:00:00,0.10807249973743872,0.5553036212373897
2022-01-22 07:00:00,0.10926073153269045,0.55527447527153
2022-01-22 08:00:00,0.1153920994534095,0.5552439119826292
2022-01-22 09:00:00,0.11568467122019346,0.5552057524924529
2022-01-22 10:00:00,0.12065367548191029,0.5551672953380801
2022-01-22 11:00:00,0.12036692377968627,0.5551226950207443
2022-01-22 12:00:00,0.12782350533973275,0.5550785212772175
2022-01-22 13:00:00,0.13119244266940222,0.5550250949827036
2022-01-22 14:00:00,0.13152433868317093,0.5549675257342375
2022-01-22 15:00:00,0.12556161555096454,0.5549096098751757
2022-01-22 16:00:00,0.11887093757035139,0.5548592157211274
2022-01-22 17:00:00,0.11509681843822271,0.5548172532572946
2022-01-22 18:00:00,0.11670337627592117,0.5547800768267229
2022-01-22 19:00:00,0.1181254836970635,0.5547409606247713
2022-01-22 20:00:00,0.1206512656346419,0.5547001352559963
2022-01-22 21:00:00,0.11978501109518767,0.554656221168753
2022-01-22 22:00:00,0.11423274178136317,0.5546134584501033
2022-01-22 23:00:00,0.11136872962105013,0.5545777046599455
2022-01-23 00:00:00,0.10704177371708182,0.5545455995182323
2022-01-23 01:00:00,0.10702745606179039,0.5545189717460032
2022-01-23 02:00:00,0.1043895838157399,0.5544924305867713
2022-01-23 03:00:00,0.09832256544731052,0.5544692555250643
2022-01-23 04:00:00,0.09676550392147218,0.5544537330347885
2022-01-23 05:00:00,0.09884113805898931,0.5544402257111088
2022-01-23 06:00:00,0.09776246337547337,0.5544241927256289
2022-01-23 07:00:00,0.09822808370567485,0.5544095770055224
2022-01-23 08:00:00,0.09871758961318973,0.5543944482231339
2022-01-23 09:00:00,0.10364206690986111,0.5543787765625681
2022-01-23 10:00:00,0.0997055132684109,0.5543570183506294
2022-01-23 11:00:00,0.11447441764457764,0.554340249916996
2022-01-23 12:00:00,0.12109623182691948,0.5543050894801156
2022-01-23 13:00:00,0.12500246429535344,0.5542617209436645
2022-01-23 14:00:00,0.12430564329138336,0.5542135388256841
2022-01-23 15:00:00,0.11968507455248585,0.5541662969838778
2022-01-23 16:00:00,0.10745841761422908,0.5541249001437415
2022-01-23 17:00:00,0.10479255293144966,0.5540988559563165
2022-01-23 18:00:00,0.10970378449989146,0.5540762134720393
2022-01-23 19:00:00,0.10972399129193242,0.5540475013613164
2022-01-23 20:00:00,0.11191486408181778,0.554018833445803
2022-01-23 21:00:00,0.11403685570990912,0.5539874964336509
2022-01-23 22:00:00,0.1108724518290811,0.5539535764669253
2022-01-23 23:00:00,0.1065491985259762,0.5539236815805901
2022-01-24 00:00:00,0.10045391839990628,0.5538992603769647
2022-01-24 01:00:00,0.10492628625429512,0.5538825279300835
2022-01-24 02:00:00,0.11216835535926963,0.5538602747204412
2022-01-24 03:00:00,0.10845013844916532,0.5538290386619086
2022-01-24 04:00:00,0.1101422993599325,0.5538025201524027
2022-01-24 05:00:00,0.10992623012375437,0.55377395626001
2022-01-24 06:00:00,0.1097113695225929,0.5537457323127405
2022-01-24 07:00:00,0.11318062420097849,0.553717846840091
2022-01-24 08:00:00,0.11739829975174564,0.5536856947382166
2022-01-24 09:00:00,0.12022234396716303,0.5536483405212455
2022-01-24 10:00:00,0.13383446892471795,0.5536075262685293
2022-01-24 11:00:00,0.13706516026049234,0.553549766919287
2022-01-24 12:00:00,0.1429702126254767,0.5534880393056564
2022-01-24 13:00:00,0.14529375907169462,0.5534190005164252
2022-01-24 14:00:00,0.14592720453456962,0.5533471274740305
2022-01-24 15:00:00,0.14180433170299156,0.5532745328447035
2022-01-24 16:00:00,0.13457952442529178,0.5532071620662786
2022-01-24 17:00:00,0.1277756637526807,0.5531488925967434
2022-01-24 18:00:00,0.12675609357999035,0.5530991982927352
2022-01-24 19:00:00,0.12996454450117098,0.553050848830987
2022-01-24 20:00:00,0.1302264076652944,0.5529985592249527
2022-01-24 21:00:00,0.13436394576830965,0.5529460127491138
2022-01-24 22:00:00,0.1260489727007873,0.5528883648495458
2022-01-24 23:00:00,0.12630289563928498,0.5528411812049245
2022-01-25 00:00:00,0.12186793673456792,0.5527937507349188
2022-01-25 01:00:00,0.11687724540470831,0.5527519345814726
2022-01-25 02:00:00,0.11089855184479466,0.5527164274497214
2022-01-25 03:00:00,0.10996842419242067,0.5526884643820199
2022-01-25 04:00:00,0.10937642145392001,0.5526617347105148
2022-01-25 05:00:00,0.10907051748572019,0.5526358158185585
2022-01-25 06:00:00,0.10882198154154597,0.5526103501221462
2022-01-25 07:00:00,0.11140313029154233,0.5525852659506697
2022-01-25 08:00:00,0.11630151313309064,0.5525570262376467
2022-01-25 09:00:00,0.1239026432774819,0.5525227344798116
2022-01-25 10:00:00,0.128310200460059,0.5524790122823482
2022-01-25 11:00:00,0.13274395937864805,0.5524298516507347
2022-01-25 12:00:00,0.13310058136524663,0.5523752198720403
2022-01-25 13:00:00,0.13151290409618174,0.552320213406633
2022-01-25 14:00:00,0.12974524584083874,0.5522672626677483
2022-01-25 15:00:00,0.12667317075999837,0.5522165926707489
2022-01-25 16:00:00,0.12390738149554417,0.5521698339757596
2022-01-25 17:00:00,0.12159960576637943,0.5521266037645662
2022-01-25 18:00:00,0.12042075685861366,0.5520863295592695
2022-01-25 19:00:00,0.127639477623534,0.5520476002403256
2022-01-25 20:00:00,0.131385734674151,0.5519999188845901
2022-01-25 21:00:00,0.12837473161711507,0.5519476261106154
2022-01-25 22:00:00,0.12086634323231116,0.5518991685324092
2022-01-25 23:00:00,0.11799771873661838,0.5518601679204671
2022-01-26 00:00:00,0.11680186763376654,0.5518248246087272
2022-01-26 01:00:00,0.11563434116287252,0.5517910476692109
2022-01-26 02:00:00,0.11394764090434152,0.5517588017348543
2022-01-26 03:00:00,0.11562083019873115,0.5517287358115806
2022-01-26 04:00:00,0.11563749677888578,0.5516966500761008
2022-01-26 05:00:00,0.11483641367205577,0.551664615220423
2022-01-26 06:00:00,0.11429939824874696,0.5516336534702341
2022-01-26 07:00:00,0.11587857818678879,0.5516034347794712
2022-01-26 08:00:00,0.12083699487982372,0.551571313942437
2022-01-26 09:00:00,0.12957636523089403,0.5515330669516553
2022-01-26 10:00:00,0.13442845669692147,0.5514839676534841
2022-01-26 11:00:00,0.13663964009593055,0.5514288751849231
2022-01-26 12:00:00,0.14084607702035074,0.5513710907194128
2022-01-26 13:00:00,0.14224034057715262,0.551308120228366
2022-01-26 14:00:00,0.1401034683141612,0.5512434789667744
2022-01-26 15:00:00,0.13525272746008457,0.5511815808926583
2022-01-26 16:00:00,0.12682720286175847,0.5511258183799649
2022-01-26 17:00:00,0.12347687884313202,0.5510806599465455
2022-01-26 18:00:00,0.12315795355384224,0.5510397616298097
2022-01-26 19:00:00,0.12562643454798045,0.5509993342194426
2022-01-26 20:00:00,0.13114750152289983,0.5509558934956497
2022-01-26 21:00:00,0.12685181626264305,0.5509056237639774
2022-01-26 22:00:00,0.12166143865876994,0.5508607960027053
2022-01-26 23:00:00,0.11618341401141574,0.5508225286152109
2022-01-27 00:00:00,0.11433700419054182,0.5507911811982092
2022-01-27 01:00:00,0.11131047779056472,0.550762214271041
2022-01-27 02:00:00,0.11312785727474192,0.5507371030172662
2022-01-27 03:00:00,0.10944832454200895,0.5507097925923288
2022-01-27 04:00:00,0.11065103271193677,0.5506871541742614
2022-01-27 05:00:00,0.10708146774656914,0.5506630849996602
2022-01-27 06:00:00,0.1057360703166399,0.5506435504476311
2022-01-27 07:00:00,0.11046736053596368,0.5506257703464046
2022-01-27 08:00:00,0.11579726106303614,0.5506021488740311
2022-01-27 09:00:00,0.12312660808370451,0.5505719378052008
2022-01-27 10:00:00,0.13034980639494292,0.5505326378693338
2022-01-27 11:00:00,0.13220291661649608,0.550484381789817
2022-01-27 12:00:00,0.13261434545543513,0.5504338822142246
2022-01-27 13:00:00,0.1369380993426878,0.55038294128171
2022-01-27 14:00:00,0.1315750299261776,0.5503266686233499
2022-01-27 15:00:00,0.12717877454993642,0.5502771728056239
2022-01-27 16:00:00,0.12248338604687833,0.550233245348294
2022-01-27 17:00:00,0.1218775186795542,0.5501952602050433
2022-01-27 18:00:00,0.12273949545379888,0.5501581055116892
2022-01-27 19:00:00,0.12650763547606217,0.5501199465002542
2022-01-27 20:00:00,0.12749110212436068,0.5500771505038402
2022-01-27 21:00:00,0.12646122832238588,0.5500331984012887
2022-01-27 22:00:00,0.12157150072335454,0.5499906069052491
2022-01-27 23:00:00,0.11512505996966321,0.5499542008700166
2022-01-28 00:00:00,0.11509445367357904,0.5499259262240455
2022-01-28 01:00:00,0.10916898615796272,0.5498977632112372
2022-01-28 02:00:00,0.11678007729362003,0.5498770804450517
2022-01-28 03:00:00,0.11679481340968056,0.5498469572640727
2022-01-28 04:00:00,0.11707953256167174,0.549816889148935
2022-01-28 05:00:00,0.11694098702371306,0.5497865386576658
2022-01-28 06:00:00,0.11673626529324141,0.5497564349079119
2022-01-28 07:00:00,0.11321650737116622,0.5497266606566606
2022-01-28 08:00:00,0.11619990035255784,0.5497013597358602
2022-01-28 09:00:00,0.11672654935036444,0.5496724032435522
2022-01-28 10:00:00,0.1224888098818414,0.5496428621463488
2022-01-28 11:00:00,0.12529150986210977,0.5496061919664282
2022-01-28 12:00:00,0.1297796404385207,0.5495660921910365
2022-01-28 13:00:00,0.13051981754239225,0.5495204560684475
2022-01-28 14:00:00,0.1270480740966668,0.549473968576983
2022-01-28 15:00:00,0.12343915377902194,0.5494318946537734
2022-01-28 16:00:00,0.12263042513882516,0.5493944058063136
2022-01-28 17:00:00,0.12126972643852083,0.549358001831374
2022-01-28 18:00:00,0.1211579349918013,0.5493233727278586
2022-01-28 19:00:00,0.12248979875571467,0.5492889573979916
2022-01-28 20:00:00,0.12404837751117026,0.5492529513090125
2022-01-28 21:00:00,0.12370773736109972,0.5492150711033968
2022-01-28 22:00:00,0.11817592726419554,0.5491776908409531
2022-01-28 23:00:00,0.11634188315900566,0.5491472995202534
2022-01-29 00:00:00,0.1124091431998365,0.5491192749699085
2022-01-29 01:00:00,0.1122941875296054,0.549096240595798
2022-01-29 02:00:00,0.11484385728519836,0.5490734242035847
2022-01-29 03:00:00,0.11306348100067834,0.5490474950474722
2022-01-29 04:00:00,0.11394416444134825,0.5490238657209581
2022-01-29 05:00:00,0.11213178649951763,0.5489992099352952
2022-01-29 06:00:00,0.11295596758120585,0.5489768940530826
2022-01-29 07:00:00,0.11342173416216658,0.5489536224113738
2022-01-29 08:00:00,0.11460593323868407,0.548929843064089
2022-01-29 09:00:00,0.11422885046075207,0.5489046580063648
2022-01-29 10:00:00,0.1202923603714375,0.548880018876237
2022-01-29 11:00:00,0.12119736418024994,0.5488478749685244
2022-01-29 12:00:00,0.1244449584037464,0.548814674451495
2022-01-29 13:00:00,0.12604793124871974,0.5487774891227333
2022-01-29 14:00:00,0.12633571658631843,0.5487383747945265
2022-01-29 15:00:00,0.12190083270234162,0.5486989754867845
2022-01-29 16:00:00,0.11781394475879539,0.5486651945715215
2022-01-29 17:00:00,0.11120930758490685,0.5486365970892609
2022-01-29 18:00:00,0.11269724216179483,0.548616330261951
2022-01-29 19:00:00,0.115849956871347,0.5485942784102749
2022-01-29 20:00:00,0.11803467592590483,0.5485683605944001
2022-01-29 21:00:00,0.11626544548351152,0.54853978684419
2022-01-29 22:00:00,0.11336167050310661,0.5485134996317721
2022-01-29 23:00:00,0.10951610094209811,0.5484909171730363
2022-01-30 00:00:00,0.10665684957009491,0.5484732167463875
2022-01-30 01:00:00,0.10568525857962499,0.5484591654892297
2022-01-30 02:00:00,0.10212370048798916,0.5484464038611876
2022-01-30 03:00:00,0.09804751600863554,0.5484381693562007
2022-01-30 04:00:00,0.09778553562487126,0.5484351052922781
2022-01-30 05:00:00,0.09751214079909021,0.5484324439492859
2022-01-30 06:00:00,0.09830952634332621,0.5484301996302237
2022-01-30 07:00:00,0.10135950486334123,0.5484270338945371
2022-01-30 08:00:00,0.10079749803267138,0.5484201310358758
2022-01-30 09:00:00,0.10542792368091178,0.5484140060707592
2022-01-30 10:00:00,0.11194322619294927,0.5484021684933803
2022-01-30 11:00:00,0.11139453294424298,0.5483822622424126
2022-01-30 12:00:00,0.11564263405089471,0.5483631173472713
2022-01-30 13:00:00,0.11791451299990266,0.5483387378496877
2022-01-30 14:00:00,0.11932885909266544,0.5483115940619955
2022-01-30 15:00:00,0.1129709774769658,0.5482827579348628
2022-01-30 16:00:00,0.10786936916755033,0.548261944787484
2022-01-30 17:00:00,0.10518489594250305,0.5482475843127462
2022-01-30 18:00:00,0.10139214029782762,0.5482366551262751
2022-01-30 19:00:00,0.10554476373295149,0.5482305426155372
2022-01-30 20:00:00,0.10510017124974376,0.5482193150910859
2022-01-30 21:00:00,0.10661072591878268,0.5482087191071833
2022-01-30 22:00:00,0.10231862830984934,0.5481963107642142
2022-01-30 23:00:00,0.09996966149634376,0.5481893434118122
2022-01-31 00:00:00,0.09319189391757579,0.5481853881707303
2022-01-31 01:00:00,0.1050413346101336,0.5481899810761329
2022-01-31 02:00:00,0.10714107508025429,0.54817983815185
2022-01-31 03:00:00,0.10458790962226593,0.5481671465572895
2022-01-31 04:00:00,0.10937967148699237,0.5481577224589523
2022-01-31 05:00:00,0.1064675272776669,0.5481423847317368
2022-01-31 06:00:00,0.11187374218735766,0.5481307632922482
2022-01-31 07:00:00,0.10989214958971336,0.5481124602255609
2022-01-31 08:00:00,0.11593011683328595,0.5480967103249935
2022-01-31 09:00:00,0.122784422828282,0.5480734891746394
2022-01-31 10:00:00,0.1293569994103489,0.5480417763849151
2022-01-31 11:00:00,0.12926223930750463,0.5480019241514036
2022-01-31 12:00:00,0.1365334176894593,0.5479622666787383
2022-01-31 13:00:00,0.1356547062824091,0.5479135965775512
2022-01-31 14:00:00,0.13261169919874008,0.5478661012437775
2022-01-31 15:00:00,0.12860101364693244,0.5478224860806725
2022-01-31 16:00:00,0.1262347999289759,0.5477839607199416
2022-01-31 17:00:00,0.12856470727998576,0.5477484696053734
2022-01-31 18:00:00,0.12860951420761726,0.5477101426191732
2022-01-31 19:00:00,0.1322560004367,0.5476718361703724
2022-01-31 20:00:00,0.13114374396091577,0.547629048193307
2022-01-31 21:00:00,0.1292216824931991,0.5475877271497817
2022-01-31 22:00:00,0.12581105138058235,0.5475488853294201
2022-01-31 23:00:00,0.11839677124745135,0.5475143834776232
2022-02-01 00:00:00,0.11725401813753959,0.5474892261889716
2022-02-01 01:00:00,0.11200640114782061,0.5474655740879519
2022-02-01 02:00:00,0.1147325643693963,0.5474485582876402
2022-02-01 03:00:00,0.11435223389915317,0.5474282115959589
2022-02-01 04:00:00,0.11448156119155212,0.54740841716317
2022-02-01 05:00:00,0.11551549448148057,0.5473885379501778
2022-02-01 06:00:00,0.11856719376893483,0.5473674432325535
2022-02-01 07:00:00,0.12074080270334142,0.5473426108358286
2022-02-01 08:00:00,0.1230977040633088,0.5473151384059334
2022-02-01 09:00:00,0.1280056054473071,0.5472847968602852
2022-02-01 10:00:00,0.13241644312886766,0.5472483974817637
2022-02-01 11:00:00,0.13370292137062106,0.5472065616328671
2022-02-01 12:00:00,0.1357627251270395,0.5471631947957254
2022-02-01 13:00:00,0.13767097806825587,0.5471173303462361
2022-02-01 14:00:00,0.13678097744793177,0.5470691577556692
2022-02-01 15:00:00,0.13374300714757206,0.5470221748736881
2022-02-01 16:00:00,0.12829809060983993,0.5469790666950644
2022-02-01 17:00:00,0.12397937272125686,0.5469428419352267
2022-02-01 18:00:00,0.12551165881153145,0.5469120928784557
2022-02-01 19:00:00,0.127666809389614,0.5468795058023301
2022-02-01 20:00:00,0.12713255356545367,0.5468443021587529
2022-02-01 21:00:00,0.12921286605015186,0.5468098437381996
2022-02-01 22:00:00,0.12302081396655853,0.546772862362717
2022-02-01 23:00:00,0.11781720226739154,0.5467436985204087
2022-02-02 00:00:00,0.11765381549403604,0.5467211166931474
2022-02-02 01:00:00,0.11275406704562047,0.5466988166320892
2022-02-02 02:00:00,0.11502720026433312,0.5466827188216015
2022-02-02 03:00:00,0.11455997951655611,0.5466638571918339
2022-02-02 04:00:00,0.11558360622332416,0.5466456572174382
2022-02-02 05:00:00,0.11858736606804265,0.54662625537125
2022-02-02 06:00:00,0.12054783321978492,0.5466031765189606
2022-02-02 07:00:00,0.12135920422949223,0.5465777248085101
2022-02-02 08:00:00,0.12394791898772553,0.5465513366421099
2022-02-02 09:00:00,0.1296542713532428,0.546521790372068
2022-02-02 10:00:00,0.1345057283552259,0.5464851889833293
2022-02-02 11:00:00,0.14155917584182184,0.5464426011270119
2022-02-02 12:00:00,0.14478795629182928,0.5463912743468837
2022-02-02 13:00:00,0.1460558789452598,0.5463359895085742
2022-02-02 14:00:00,0.144503199812412,0.5462791977161227
2022-02-02 15:00:00,0.13531275730906733,0.5462244247535153
2022-02-02 16:00:00,0.13095436503322638,0.5461812178566787
2022-02-02 17:00:00,0.1265571138764712,0.5461435369945017
2022-02-02 18:00:00,0.12726321786544484,0.5461114307722184
2022-02-02 19:00:00,0.13152492363522028,0.5460785200274895
2022-02-02 20:00:00,0.13096152931418867,0.5460403602896418
2022-02-02 21:00:00,0.12827935636943913,0.5460029829653013
2022-02-02 22:00:00,0.12664897159224775,0.5459690365592199
2022-02-02 23:00:00,0.12092769850790937,0.5459372063676203
2022-02-03 00:00:00,0.11584181348297574,0.5459126060322783
2022-02-03 01:00:00,0.11254891833510014,0.5458944413494711
2022-02-03 02:00:00,0.11001642479918876,0.5458804711131636
2022-02-03 03:00:00,0.11241999306008052,0.545869744852612
2022-02-03 04:00:00,0.11218053784603385,0.5458560925218007
2022-02-03 05:00:00,0.11189614370560148,0.5458428179312639
2022-02-03 06:00:00,0.11217314571971126,0.5458299772858095
2022-02-03 07:00:00,0.11403766945996008,0.5458168688713539
2022-02-03 08:00:00,0.12113026167137103,0.5458015083168088
2022-02-03 09:00:00,0.1290626706916049,0.5457773605676141
2022-02-03 10:00:00,0.13703632906373783,0.5457433758837471
2022-02-03 11:00:00,0.14164917837657065,0.545699502734466
2022-02-03 12:00:00,0.14420939050317186,0.5456499421620026
2022-02-03 13:00:00,0.14547595614593492,0.5455972599937067
2022-02-03 14:00:00,0.1441819922860212,0.5455430733185098
2022-02-03 15:00:00,0.13939512236444382,0.5454905828290765
2022-02-03 16:00:00,0.13027237885890805,0.5454441546887293
2022-02-03 17:00:00,0.12647489074956456,0.5454092087701535
2022-02-03 18:00:00,0.1241578539561377,0.5453790885347685
2022-02-03 19:00:00,0.12609528816722992,0.5453519434490534
2022-02-03 20:00:00,0.12764854073305731,0.5453224554548359
2022-02-03 21:00:00,0.12856465897646333,0.5452911048097158
2022-02-03 22:00:00,0.1222491933138751,0.5452586879620981
2022-02-03 23:00:00,0.11852845517463641,0.5452342444223272
2022-02-04 00:00:00,0.1111695571504958,0.5452145308114199
2022-02-04 01:00:00,0.11128032725104353,0.5452040948596129
2022-02-04 02:00:00,0.11089152453384701,0.5451935995120898
2022-02-04 03:00:00,0.10784888909452006,0.545183669265172
2022-02-04 04:00:00,0.10882662864004589,0.5451776214400207
2022-02-04 05:00:00,0.10889378610804819,0.5451704305981224
2022-02-04 06:00:00,0.1085740125816613,0.545163234997251
2022-02-04 07:00:00,0.1105761373086599,0.5451565183312855
2022-02-04 08:00:00,0.11429901273781462,0.5451473782575049
2022-02-04 09:00:00,0.1201781208016725,0.5451336638675861
2022-02-04 10:00:00,0.12442325426799965,0.5451126799007496
2022-02-04 11:00:00,0.13001091577321564,0.5450864688552156
2022-02-04 12:00:00,0.1363813014307089,0.5450533526008676
2022-02-04 13:00:00,0.13637622858726806,0.5450123527624068
2022-02-04 14:00:00,0.13011987070656797,0.5449714386928098
2022-02-04 15:00:00,0.12324805290756316,0.5449384245281832
2022-02-04 16:00:00,0.12010939355937283,0.5449140796231935
2022-02-04 17:00:00,0.1179077641610773,0.5448937375595053
2022-02-04 18:00:00,0.11621662849296134,0.5448762270793683
2022-02-04 19:00:00,0.11822844418766472,0.5448609100952659
2022-02-04 20:00:00,0.11978464849408593,0.5448431579475999
2022-02-04 21:00:00,0.12208974836852274,0.5448235401801697
2022-02-04 22:00:00,0.12011074936486335,0.5448011207030387
2022-02-04 23:00:00,0.11440669887949463,0.5447812546692867
2022-02-05 00:00:00,0.109856716007278,0.5447685984227073
2022-02-05 01:00:00,0.10925039148240796,0.5447617094081842
2022-02-05 02:00:00,0.10979203713626126,0.5447556580821427
2022-02-05 03:00:00,0.11011150111369881,0.5447490095111773
2022-02-05 04:00:00,0.11379874753077986,0.5447420414516609
2022-02-05 05:00:00,0.11030871306867253,0.5447305442047801
2022-02-05 06:00:00,0.10673437594440388,0.5447234894008286
2022-02-05 07:00:00,0.10529156363505524,0.5447209824472882
2022-02-05 08:00:00,0.11697882819673355,0.5447203589672528
2022-02-05 09:00:00,0.11844650650780594,0.5447052063937055
2022-02-05 10:00:00,0.11855090377840337,0.5446882992384897
2022-02-05 11:00:00,0.1223917996903715,0.5446713416318957
2022-02-05 12:00:00,0.1236419340886795,0.5446496629795696
2022-02-05 13:00:00,0.12115568373769312,0.5446265017623105
2022-02-05 14:00:00,0.11802916186712431,0.5446065284899209
2022-02-05 15:00:00,0.11345113810394561,0.5445905435306245
2022-02-05 16:00:00,0.1085364555806432,0.5445803612905706
2022-02-05 17:00:00,0.10779503635815689,0.5445764026219513
2022-02-05 18:00:00,0.10696281678348625,0.5445734509743412
2022-02-05 19:00:00,0.11166246343856973,0.54457161987684
2022-02-05 20:00:00,0.1111943523645385,0.5445639945252787
2022-02-05 21:00:00,0.11735671762835838,0.5445570346453955
2022-02-05 22:00:00,0.1149635144350449,0.5445424521703037
2022-02-05 23:00:00,0.10986776757518982,0.5445309415890689
2022-02-06 00:00:00,0.10493938852040673,0.544525881109727
2022-02-06 01:00:00,0.10221939016946968,0.5445270615509331
2022-02-06 02:00:00,0.10783883657893631,0.5445317224651774
2022-02-06 03:00:00,0.1030996257428074,0.5445294395748382
2022-02-06 04:00:00,0.10190323265897007,0.5445331612297597
2022-02-06 05:00:00,0.1028307348807651,0.5445384589359973
2022-02-06 06:00:00,0.10387914559114304,0.5445426778526232
2022-02-06 07:00:00,0.10575609298854147,0.5445456668721897
2022-02-06 08:00:00,0.10333103217721418,0.5445463903519595
2022-02-06 09:00:00,0.10929283281918123,0.5445502258302735
2022-02-06 10:00:00,0.11251970731339588,0.5445466897583533
2022-02-06 11:00:00,0.11331412533621602,0.5445392008218807
2022-02-06 12:00:00,0.11590595773062029,0.5445307996194002
2022-02-06 13:00:00,0.11780487223897138,0.5445192394108613
2022-02-06 14:00:00,0.11683322396160356,0.5445053863714938
2022-02-06 15:00:00,0.11338042131430509,0.5444928287326105
2022-02-06 16:00:00,0.1096507580626846,0.544484667964963
2022-02-06 17:00:00,0.10470800835611876,0.5444812501720542
2022-02-06 18:00:00,0.10516865230857828,0.5444840917396586
2022-02-06 19:00:00,0.10921404141847507,0.5444864384533669
2022-02-06 20:00:00,0.1152917180822147,0.5444838094093547
2022-02-06 21:00:00,0.11622933237407362,0.5444736642757608
2022-02-06 22:00:00,0.11055906974549388,0.5444624281580893
2022-02-06 23:00:00,0.10721337938922286,0.5444583609299883
2022-02-07 00:00:00,0.10821894325205078,0.5444585569035734
2022-02-07 01:00:00,0.107910011683126,0.5444575770384847
2022-02-07 02:00:00,0.10719562253786415,0.5444570644813846
2022-02-07 03:00:00,0.10802095492685203,0.5444575260815742
2022-02-07 04:00:00,0.10961040791941273,0.5444570372144244
2022-02-07 05:00:00,0.11155002959804927,0.5444546427564281
2022-02-07 06:00:00,0.1150677655354633,0.544449905023933
2022-02-07 07:00:00,0.10903783889963001,0.5444408514012793
2022-02-07 08:00:00,0.11350355390013592,0.5444394164938052
2022-02-07 09:00:00,0.12020643490912297,0.5444324807765454
2022-02-07 10:00:00,0.12729954136327148,0.5444172478190272
2022-02-07 11:00:00,0.1311309159394898,0.5443932298664405
2022-02-07 12:00:00,0.13676733795938212,0.544364504110587
2022-02-07 13:00:00,0.1387072728226027,0.5443288142690746
2022-02-07 14:00:00,0.13457866047913208,0.5442907809777199
2022-02-07 15:00:00,0.13316190652969945,0.5442579899473596
2022-02-07 16:00:00,0.12670659702723597,0.5442270513817882
2022-02-07 17:00:00,0.12168804956712442,0.5442042635021916
2022-02-07 18:00:00,0.12092413715656991,0.5441878303827199
2022-02-07 19:00:00,0.12488658715622421,0.5441724337562219
2022-02-07 20:00:00,0.12721479274054298,0.5441521656963038
2022-02-07 21:00:00,0.12795293888788928,0.5441290690350615
2022-02-07 22:00:00,0.12127692661581527,0.5441051313733264
2022-02-07 23:00:00,0.11311373844526584,0.5440896204356155
2022-02-08 00:00:00,0.11030451555272433,0.5440843952182527
2022-02-08 01:00:00,0.10989439922606856,0.5440827632910493
2022-02-08 02:00:00,0.11037937509241827,0.5440817257971647
2022-02-08 03:00:00,0.10866556808645987,0.5440801638976824
2022-02-08 04:00:00,0.1095286940444648,0.5440808260974752
2022-02-08 05:00:00,0.10943602004781972,0.5440804912565786
2022-02-08 06:00:00,0.10856067642442786,0.5440803541511344
2022-02-08 07:00:00,0.11106156000885076,0.5440813931443321
2022-02-08 08:00:00,0.11945969550644311,0.544079387978276
2022-02-08 09:00:00,0.1233929457045829,0.5440669671141467
2022-02-08 10:00:00,0.12997875845358536,0.544049711684598
2022-02-08 11:00:00,0.13442241183680342,0.5440243060124291
2022-02-08 12:00:00,0.13764864594901008,0.5439934278227925
2022-02-08 13:00:00,0.1377783900154981,0.5439585989156801
2022-02-08 14:00:00,0.1361691367839744,0.54392368992951
2022-02-08 15:00:00,0.131470088512878,0.5438908746367234
2022-02-08 16:00:00,0.12456403532915555,0.5438640153068961
2022-02-08 17:00:00,0.11923602652332965,0.5438458707219032
2022-02-08 18:00:00,0.12021253327232342,0.543834468351964
2022-02-08 19:00:00,0.12254271587329763,0.5438219275782848
2022-02-08 20:00:00,0.123823331888421,0.5438065563316579
2022-02-08 21:00:00,0.12195599542169541,0.5437896665958805
2022-02-08 22:00:00,0.11765847980897659,0.5437751933370776
2022-02-08 23:00:00,0.10961706404891532,0.5437661743046619
2022-02-09 00:00:00,0.10704914635137933,0.5437672893992557
2022-02-09 01:00:00,0.10308187958067369,0.5437716967736763
2022-02-09 02:00:00,0.10153344395578925,0.5437811456396184
2022-02-09 03:00:00,0.10041216865019711,0.5437926124834606
2022-02-09 04:00:00,0.1015831649485476,0.5438055633800719
2022-02-09 05:00:00,0.10243477583607768,0.5438171330151736
2022-02-09 06:00:00,0.10153992870629346,0.5438277206457128
2022-02-09 07:00:00,0.10503787494478897,0.5438395093693521
2022-02-09 08:00:00,0.10921128217857803,0.5438470082194797
2022-02-09 09:00:00,0.11961490479545267,0.5438493728949079
2022-02-09 10:00:00,0.1254968552594073,0.5438388156514212
2022-02-09 11:00:00,0.12512568192604212,0.5438209886041822
2022-02-09 12:00:00,0.12890825667553696,0.5438037081828659
2022-02-09 13:00:00,0.12826584101249427,0.5437817822272552
2022-02-09 14:00:00,0.12366553906664751,0.5437607420002091
2022-02-09 15:00:00,0.12015906431324619,0.5437455348843823
2022-02-09 16:00:00,0.11620313896987633,0.5437347936205426
2022-02-09 17:00:00,0.1104249504430902,0.5437290800466434
2022-02-09 18:00:00,0.11403649321285529,0.5437306720163374
2022-02-09 19:00:00,0.11584987275329853,0.5437278323901346
2022-02-09 20:00:00,0.11834908867340949,0.5437228088966596
2022-02-09 21:00:00,0.12029882402932138,0.5437147442649835
2022-02-09 22:00:00,0.1120611230062302,0.5437043253703141
2022-02-09 23:00:00,0.11108248849617569,0.5437042865325856
2022-02-10 00:00:00,0.10537467508166848,0.5437055539430742
2022-02-10 01:00:00,0.10605001384333101,0.5437140390997851
2022-02-10 02:00:00,0.10503284634790708,0.5437217630868304
2022-02-10 03:00:00,0.10583068636214353,0.5437308415613209
2022-02-10 04:00:00,0.1059389932270987,0.5437390057881163
2022-02-10 05:00:00,0.10289363337005303,0.5437471177078571
2022-02-10 06:00:00,0.10503561362303958,0.5437591194281072
2022-02-10 07:00:00,0.10256926898261251,0.5437685267978474
2022-02-10 08:00:00,0.10733160234287269,0.5437811002472703
2022-02-10 09:00:00,0.11617358119586385,0.543787803952908
2022-02-10 10:00:00,0.12220173035635204,0.5437835383818849
2022-02-10 11:00:00,0.1264213906404692,0.5437718208452639
2022-02-10 12:00:00,0.1311972555163075,0.5437549119780449
2022-02-10 13:00:00,0.13222182095727655,0.5437321165483503
2022-02-10 14:00:00,0.13161431597781414,0.5437081237042923
2022-02-10 15:00:00,0.13023769752333303,0.5436849735576728
2022-02-10 16:00:00,0.12109265600379102,0.5436636275240685
2022-02-10 17:00:00,0.1152997256563662,0.5436537961560011
2022-02-10 18:00:00,0.11200775599894727,0.5436512893381529
2022-02-10 19:00:00,0.11728034932575701,0.543652980893266
2022-02-10 20:00:00,0.11663858182953879,0.5436481651411716
2022-02-10 21:00:00,0.11829658327410816,0.5436442350564173
2022-02-10 22:00:00,0.11300151160938084,0.5436383159513029
2022-02-10 23:00:00,0.10999938123808042,0.5436390991906477
2022-02-11 00:00:00,0.10720460078902966,0.5436437186212248
2022-02-11 01:00:00,0.10493383074004768,0.5436519150789784
2022-02-11 02:00:00,0.10400505082218317,0.5436630335742121
2022-02-11 03:00:00,0.10110130443844323,0.5436753966425231
2022-02-11 04:00:00,0.10239597097566655,0.5436914730152115
2022-02-11 05:00:00,0.1019867941616609,0.543706014699301
2022-02-11 06:00:00,0.09986009768857065,0.5437211515221125
2022-02-11 07:00:00,0.10443632637846659,0.5437390304063087
2022-02-11 08:00:00,0.10799364936563012,0.5437512727184814
2022-02-11 09:00:00,0.11451955661398086,0.5437591521137619
2022-02-11 10:00:00,0.1188741140139192,0.5437589578847832
2022-02-11 11:00:00,0.12563083672740302,0.5437534042417724
2022-02-11 12:00:00,0.1280018095075608,0.543739488500961
2022-02-11 13:00:00,0.12845746245609543,0.5437226928725959
2022-02-11 14:00:00,0.1280553191656806,0.5437054115292538
2022-02-11 15:00:00,0.12598762131704072,0.5436887167389773
2022-02-11 16:00:00,0.1221216231310902,0.5436746904676651
2022-02-11 17:00:00,0.11398531659118871,0.5436655806133966
2022-02-11 18:00:00,0.11097517724357073,0.5436667250842289
2022-02-11 19:00:00,0.11229595547935697,0.5436717161937427
2022-02-11 20:00:00,0.11360932931150415,0.5436751403174871
2022-02-11 21:00:00,0.11268504895018597,0.5436770067334515
2022-02-11 22:00:00,0.10978403216069069,0.5436801125318196
2022-02-11 23:00:00,0.10612042073248915,0.543686928655525
2022-02-12 00:00:00,0.1026026263286279,0.5436984083702214
2022-02-12 01:00:00,0.10139133834851077,0.5437143694269404
2022-02-12 02:00:00,0.1010163082829261,0.5437319287149209
2022-02-12 03:00:00,0.09776702635943008,0.5437500409339954
2022-02-12 04:00:00,0.09835534646610965,0.5437722989211682
2022-02-12 05:00:00,0.09828831236161827,0.5437939056960407
2022-02-12 06:00:00,0.09787528577114935,0.5438156804734723
2022-02-12 07:00:00,0.09943475815941993,0.5438380557661228
2022-02-12 08:00:00,0.09588363401389077,0.5438585659722776
2022-02-12 09:00:00,0.10429080102294275,0.5438835993595694
2022-02-12 10:00:00,0.10998411201042939,0.5438982080859773
2022-02-12 11:00:00,0.11609287881134399,0.5439057844934072
2022-02-12 12:00:00,0.11901500859864655,0.5439058092839276
2022-02-12 13:00:00,0.11900764366941771,0.5439022657755976
2022-02-12 14:00:00,0.11775269036048153,0.5438988158585616
2022-02-12 15:00:00,0.11236693524087837,0.5438970190399994
2022-02-12 16:00:00,0.108344245727591,0.5439020388438363
2022-02-12 17:00:00,0.09900241384484235,0.5439121714596825
2022-02-12 18:00:00,0.09846316659986443,0.543934065837075
2022-02-12 19:00:00,0.10053016927471904,0.5439567187667481
2022-02-12 20:00:00,0.10262267798068658,0.5439768724577899
2022-02-12 21:00:00,0.10295003473758485,0.5439944950491061
2022-02-12 22:00:00,0.10222597262914163,0.5440117930020342
2022-02-12 23:00:00,0.09837022706671664,0.5440300806115133
2022-02-13 00:00:00,0.09572279395956912,0.5440532725031748
2022-02-13 01:00:00,0.09533808448145095,0.5440798583077203
2022-02-13 02:00:00,0.09372120483423904,0.5441070096418404
2022-02-13 03:00:00,0.0900360799595869,0.5441362667394299
2022-02-13 04:00:00,0.09123379399117379,0.5441702149281631
2022-02-13 05:00:00,0.09060879404563477,0.5442027506805034
2022-02-13 06:00:00,0.09374196364192836,0.5442361524099749
2022-02-13 07:00:00,0.09092677057608713,0.5442657224256595
2022-02-13 08:00:00,0.08916588284830912,0.5442988962018505
2022-02-13 09:00:00,0.09489873475902671,0.544334355877797
2022-02-13 10:00:00,0.09773007045134408,0.5443627342998294
2022-02-13 11:00:00,0.10168158983440892,0.5443876583840553
2022-02-13 12:00:00,0.10481483233393288,0.5444077279216524
2022-02-13 13:00:00,0.10698959473580671,0.5444239657794724
2022-02-13 14:00:00,0.1051506107656449,0.544437570078341
2022-02-13 15:00:00,0.10454720268056542,0.5444535580218836
2022-02-13 16:00:00,0.09737133722597696,0.5444703851608599
2022-02-13 17:00:00,0.09502923036303551,0.5444962670875545
2022-02-13 18:00:00,0.09195412237554497,0.5445251616242569
2022-02-13 19:00:00,0.09512057079098099,0.544557985042858
2022-02-13 20:00:00,0.10038216036551552,0.5445869354182956
2022-02-13 21:00:00,0.10146229624204833,0.5446093938445187
2022-02-13 22:00:00,0.0973376025637691,0.5446305871590037
2022-02-13 23:00:00,0.0939257931065924,0.5446570214190045
2022-02-14 00:00:00,0.0903956394880725,0.5446878055395111
2022-02-14 01:00:00,0.09689150288469203,0.544723087470948
2022-02-14 02:00:00,0.09458131027535999,0.5447503347122251
2022-02-14 03:00:00,0.09290736020342527,0.5447805548534851
2022-02-14 04:00:00,0.0937417698080642,0.5448129526116474
2022-02-14 05:00:00,0.09271335022628953,0.544844392557164
2022-02-14 06:00:00,0.09461796585850406,0.5448772032465213
2022-02-14 07:00:00,0.09108485422175108,0.5449077184056619
2022-02-14 08:00:00,0.09581182786722722,0.5449427352135878
2022-02-14 09:00:00,0.09930052541740378,0.5449719285835685
2022-02-14 10:00:00,0.10755181506916325,0.5449968463805511
2022-02-14 11:00:00,0.1077593695563869,0.5450115353841932
2022-02-14 12:00:00,0.10897084023614663,0.5450260502831908
2022-02-14 13:00:00,0.11018472532971521,0.5450391362019998
2022-02-14 14:00:00,0.10790445748353976,0.5450507901422557
2022-02-14 15:00:00,0.10633803023114853,0.5450653798147417
2022-02-14 16:00:00,0.10029182774255785,0.5450820129382804
2022-02-14 17:00:00,0.0983221379659146,0.545106289251438
2022-02-14 18:00:00,0.09889078322617526,0.5451331131328014
2022-02-14 19:00:00,0.09953146066850448,0.5451593116830074
2022-02-14 20:00:00,0.1054407125280269,0.5451847948812173
2022-02-14 21:00:00,0.10573246034864976,0.5452029770287546
2022-02-14 22:00:00,0.09593119396496447,0.5452208800249689
2022-02-14 23:00:00,0.09220700489811409,0.5452511201568726
2022-02-15 00:00:00,0.08614607908507596,0.5452861010970326
2022-02-15 01:00:00,0.08958310686574283,0.5453287437855505
2022-02-15 02:00:00,0.08677951089217933,0.5453671757995592
2022-02-15 03:00:00,0.08866127364148552,0.5454091979378322
2022-02-15 04:00:00,0.09373837016891859,0.5454489535210028
2022-02-15 05:00:00,0.09500640118519833,0.5454824484008409
2022-02-15 06:00:00,0.09446200804951944,0.5455144439281844
2022-02-15 07:00:00,0.09354750231998073,0.5455472056521277
2022-02-15 08:00:00,0.09448413581537897,0.5455811962322735
2022-02-15 09:00:00,0.09988209425595065,0.5456141017634072
2022-02-15 10:00:00,0.10186746715620171,0.5456403456081195
2022-02-15 11:00:00,0.1085903262694688,0.545664193517064
2022-02-15 12:00:00,0.1180483276248603,0.5456797236511585
2022-02-15 13:00:00,0.12099591761433925,0.5456835171012402
2022-02-15 14:00:00,0.11936012456940051,0.5456837119001122
2022-02-15 15:00:00,0.10856924687706668,0.5456860372951191
2022-02-15 16:00:00,0.10337643762843576,0.5457019371605776
2022-02-15 17:00:00,0.0990588057324494,0.5457244139293963
2022-02-15 18:00:00,0.09500173158499585,0.5457523736483034
2022-02-15 19:00:00,0.09762322875478244,0.5457854906384881
2022-02-15 20:00:00,0.09828669839596561,0.5458154167041346
2022-02-15 21:00:00,0.0991372603179565,0.5458445993979398
2022-02-15 22:00:00,0.09383123555316576,0.5458728048727951
2022-02-15 23:00:00,0.0886832927212025,0.545907728880257
2022-02-16 00:00:00,0.0882083181089416,0.545949173836063
2022-02-16 01:00:00,0.08753038985162276,0.5459912985480481
2022-02-16 02:00:00,0.08514317643942695,0.5460343567263336
2022-02-16 03:00:00,0.08216103454202703,0.5460804849953842
2022-02-16 04:00:00,0.08028365267797594,0.546130427033783
2022-02-16 05:00:00,0.07963530207690313,0.5461828019094208
2022-02-16 06:00:00,0.07926937028661935,0.5462360733511068
2022-02-16 07:00:00,0.08249329605124062,0.5462898883531713
2022-02-16 08:00:00,0.09229209773379268,0.5463397596114701
2022-02-16 09:00:00,0.09849917893245395,0.5463774685488608
2022-02-16 10:00:00,0.10797716058806764,0.5464075048336592
2022-02-16 11:00:00,0.10741790045497777,0.5464257798579604
2022-02-16 12:00:00,0.10930486878247568,0.5464448401916223
2022-02-16 13:00:00,0.10956899160893235,0.546461628066647
2022-02-16 14:00:00,0.10819244460729618,0.5464781720574441
2022-02-16 15:00:00,0.10530759387683244,0.5464965230187876
2022-02-16 16:00:00,0.09645452820210718,0.5465185663477831
2022-02-16 17:00:00,0.09064176339225039,0.5465517623305111
2022-02-16 18:00:00,0.09068383554508799,0.5465923106082462
2022-02-16 19:00:00,0.0949006801929918,0.5466328926520965
2022-02-16 20:00:00,0.09700647975695047,0.54666829001371
2022-02-16 21:00:00,0.09747264422957405,0.546701141516664
2022-02-16 22:00:00,0.09181700368985937,0.5467334967220009
2022-02-16 23:00:00,0.08698498281628234,0.5467730079031194
2022-02-17 00:00:00,0.08457396848160034,0.5468186455525262
2022-02-17 01:00:00,0.0808746776779825,0.5468673834290922
2022-02-17 02:00:00,0.08055546217519846,0.5469208318954037
2022-02-17 03:00:00,0.08018854643496955,0.5469747658742904
2022-02-17 04:00:00,0.08250383922230234,0.5470292450079601
2022-02-17 05:00:00,0.08156111238420417,0.5470809165526203
2022-02-17 06:00:00,0.08072833168365173,0.5471338530496247
2022-02-17 07:00:00,0.07905518156490632,0.547187917083079
2022-02-17 08:00:00,0.08439695428116045,0.5472441591314892
2022-02-17 09:00:00,0.09700148236067291,0.5472938105579999
2022-02-17 10:00:00,0.10325509449074846,0.5473277929350511
2022-02-17 11:00:00,0.10658049072373703,0.547354044924179
2022-02-17 12:00:00,0.11019672699407487,0.5473762268118101
2022-02-17 13:00:00,0.11128077432615482,0.5473939750644077
2022-02-17 14:00:00,0.11071335830977984,0.5474104549346105
2022-02-17 15:00:00,0.10746161214730973,0.5474277307680251
2022-02-17 16:00:00,0.09327370330168655,0.5474491579937107
2022-02-17 17:00:00,0.08773650595584834,0.5474884068313532
2022-02-17 18:00:00,0.08836477067268977,0.5475346639078652
2022-02-17 19:00:00,0.0929867338855848,0.5475802224119108
2022-02-17 20:00:00,0.09334337373761997,0.5476200902365682
2022-02-17 21:00:00,0.09462439944864402,0.5476595990521919
2022-02-17 22:00:00,0.09079718771045066,0.5476975933925667
2022-02-17 23:00:00,0.0855326771543281,0.5477404585705684
2022-02-18 00:00:00,0.07838044791987892,0.5477899912257388
2022-02-18 01:00:00,0.08084067274469714,0.5478485510224005
2022-02-18 02:00:00,0.0802986668431569,0.5479041224089095
2022-02-18 03:00:00,0.07976491528532301,0.5479604581895592
2022-02-18 04:00:00,0.08007786195990264,0.5480175480622606
2022-02-18 05:00:00,0.08050484380993533,0.548074333670019
2022-02-18 06:00:00,0.07730631754516605,0.5481306724846166
2022-02-18 07:00:00,0.08258715727693708,0.5481910964069032
2022-02-18 08:00:00,0.07815519931269417,0.548245006245045
2022-02-18 09:00:00,0.08969711680128782,0.5483045430117791
2022-02-18 10:00:00,0.0920520976879525,0.5483497393783617
2022-02-18 11:00:00,0.0952324251794878,0.5483920790310729
2022-02-18 12:00:00,0.10039268258708216,0.5484305303021393
2022-02-18 13:00:00,0.0989715335489937,0.5484626182946039
2022-02-18 14:00:00,0.09292238750363027,0.5484965697819169
2022-02-18 15:00:00,0.08944461599465639,0.5485381697756859
2022-02-18 16:00:00,0.0885004709270624,0.5485842040730441
2022-02-18 17:00:00,0.08410542049895181,0.5486315056561986
2022-02-18 18:00:00,0.08279193024522509,0.5486843881720641
2022-02-18 19:00:00,0.08288098347818282,0.5487389996855918
2022-02-18 20:00:00,0.08575487024787397,0.5487935870325478
2022-02-18 21:00:00,0.09135121206016593,0.5488446691860907
2022-02-18 22:00:00,0.08839674257942813,0.5488888430924519
2022-02-18 23:00:00,0.08611742457589022,0.5489367972807375
2022-02-19 00:00:00,0.08258392825353462,0.5489876878265462
2022-02-19 01:00:00,0.08230901320359914,0.5490430824676764
2022-02-19 02:00:00,0.0798036532188818,0.5490989079923931
2022-02-19 03:00:00,0.08036339286044925,0.5491579524716751
2022-02-19 04:00:00,0.0784437601651685,0.5492163845457548
2022-02-19 05:00:00,0.07686369247158398,0.5492773034447741
2022-02-19 06:00:00,0.07481144056041157,0.5493402847271565
2022-02-19 07:00:00,0.07616107479527062,0.5494059186378046
2022-02-19 08:00:00,0.08221619847657952,0.549469952833622
2022-02-19 09:00:00,0.07581953668153917,0.5495265054673414
2022-02-19 10:00:00,0.0846723915076315,0.5495911412853043
2022-02-19 11:00:00,0.09004409518942401,0.5496447984061853
2022-02-19 12:00:00,0.09447008636437577,0.5496918282833209
2022-02-19 13:00:00,0.0948124747322813,0.5497334130717058
2022-02-19 14:00:00,0.09473574366480506,0.5497746572891649
2022-02-19 15:00:00,0.09408005772000064,0.5498160848492637
2022-02-19 16:00:00,0.0864228520976558,0.5498584194598252
2022-02-19 17:00:00,0.07896306248574089,0.5499104130346274
2022-02-19 18:00:00,0.07798869214043169,0.5499718188177937
2022-02-19 19:00:00,0.08246545080961158,0.5500345300493319
2022-02-19 20:00:00,0.08728518328284363,0.5500917328320203
2022-02-19 21:00:00,0.08936100889288066,0.5501429984626051
2022-02-19 22:00:00,0.08723788439201788,0.5501917568386213
2022-02-19 23:00:00,0.08344158369851913,0.5502432566616189
2022-02-20 00:00:00,0.07931154852849487,0.5502995894157047
2022-02-20 01:00:00,0.08061478297173866,0.5503611722827956
2022-02-20 02:00:00,0.07954952952305015,0.5504212136896509
2022-02-20 03:00:00,0.07737912496108702,0.5504826742598666
2022-02-20 04:00:00,0.07813036222113645,0.5505469354460203
2022-02-20 05:00:00,0.0771800592147582,0.5506103452094753
2022-02-20 06:00:00,0.07706750376545415,0.5506750304891602
2022-02-20 07:00:00,0.07504508639781587,0.5507399441141796
2022-02-20 08:00:00,0.07681036122917977,0.5508074734254369
2022-02-20 09:00:00,0.08569856469143423,0.550872883821144
2022-02-20 10:00:00,0.09149566463527009,0.5509272716539274
2022-02-20 11:00:00,0.0949722829252787,0.5509745008165556
2022-02-20 12:00:00,0.10004214066768372,0.5510174719244211
2022-02-20 13:00:00,0.10025143351148198,0.5510541934414882
2022-02-20 14:00:00,0.10041865742090578,0.5510907410871153
2022-02-20 15:00:00,0.09714049826485129,0.55112716746066
2022-02-20 16:00:00,0.08657893134694924,0.5511677793040988
2022-02-20 17:00:00,0.08202499149039595,0.5512216808902334
2022-02-20 18:00:00,0.08043970325973589,0.5512813626982914
2022-02-20 19:00:00,0.0850048685275357,0.5513431139267496
2022-02-20 20:00:00,0.08972436430450535,0.5513992465216989
2022-02-20 21:00:00,0.08922971821853125,0.5514495675829215
2022-02-20 22:00:00,0.08472756401743925,0.5515005948006197
2022-02-20 23:00:00,0.08406249228156715,0.5515573375727659
2022-02-21 00:00:00,0.08026256743302351,0.5516149995590616
2022-02-21 01:00:00,0.07771540895926843,0.5516774993386356
2022-02-21 02:00:00,0.0792547936819863,0.5517432709662123
2022-02-21 03:00:00,0.07979160189133114,0.5518072062754437
2022-02-21 04:00:00,0.07786453603582033,0.5518705584995736
2022-02-21 05:00:00,0.07828254137412353,0.5519364074937403
2022-02-21 06:00:00,0.07890025699953314,0.5520018219314633
2022-02-21 07:00:00,0.08102837744826569,0.5520665521873503
2022-02-21 08:00:00,0.08577959468313924,0.5521287102677936
2022-02-21 09:00:00,0.09211922486966882,0.5521850173141866
2022-02-21 10:00:00,0.10007104941855792,0.5522334878226703
2022-02-21 11:00:00,0.10198844486424256,0.5522721065625776
2022-02-21 12:00:00,0.10944917793044015,0.5523084165825276
2022-02-21 13:00:00,0.1133386580343514,0.5523354887226897
2022-02-21 14:00:00,0.11204193066032878,0.5523577870614164
2022-02-21 15:00:00,0.10312259067899554,0.5523817943701594
2022-02-21 16:00:00,0.09068268934537119,0.5524170389267371
2022-02-21 17:00:00,0.084125925881223,0.5524679214448536
2022-02-21 18:00:00,0.08562604065996132,0.5525270880141404
2022-02-21 19:00:00,0.09001925112533349,0.5525844675487172
2022-02-21 20:00:00,0.09068396919358758,0.5526364436908533
2022-02-21 21:00:00,0.09469434998249275,0.5526876770678777
2022-02-21 22:00:00,0.0886679267946002,0.5527339856131767
2022-02-21 23:00:00,0.08347142964332703,0.552787915343463
2022-02-22 00:00:00,0.07808340736542213,0.5528484288628874
2022-02-22 01:00:00,0.07509199250958282,0.5529157655895093
2022-02-22 02:00:00,0.07774979498482354,0.5529869297756566
2022-02-22 03:00:00,0.07870295137609415,0.5530548599112259
2022-02-22 04:00:00,0.07960323903192425,0.5531216868153372
2022-02-22 05:00:00,0.08095804161301778,0.5531874765853794
2022-02-22 06:00:00,0.07879634830144566,0.5532516610891198
2022-02-22 07:00:00,0.0834990947771497,0.5533186359578034
2022-02-22 08:00:00,0.08558094877167582,0.5533798206530293
2022-02-22 09:00:00,0.09114481742349044,0.553438491301687
2022-02-22 10:00:00,0.10112552525638718,0.5534902953966975
2022-02-22 11:00:00,0.0985661101809632,0.5535297119002816
2022-02-22 12:00:00,0.10156260613059034,0.5535724159772263
2022-02-22 13:00:00,0.10161063455885522,0.5536114627498567
2022-02-22 14:00:00,0.10115020888911365,0.5536505378136355
2022-02-22 15:00:00,0.09834834882821004,0.5536902767472005
2022-02-22 16:00:00,0.086447873578132,0.5537336063545106
2022-02-22 17:00:00,0.08190781956873541,0.553791899915477
2022-02-22 18:00:00,0.08366571256371601,0.5538559569144276
2022-02-22 19:00:00,0.08426828084764912,0.5539179049284407
2022-02-22 20:00:00,0.08791258627330477,0.5539791881241934
2022-02-22 21:00:00,0.0948382786174011,0.5540360043410011
2022-02-22 22:00:00,0.08766613687660707,0.5540842518559129
2022-02-22 23:00:00,0.0802809812924237,0.5541415529721867
2022-02-23 00:00:00,0.07845529704552492,0.5542081739677328
2022-02-23 01:00:00,0.0785407676439462,0.5542771655139405
2022-02-23 02:00:00,0.07893404745842925,0.5543461386777682
2022-02-23 03:00:00,0.07864596182768949,0.5544147087081657
2022-02-23 04:00:00,0.07905815670024913,0.5544837273223636
2022-02-23 05:00:00,0.07899404124935455,0.5545523191801115
2022-02-23 06:00:00,0.07827300069285592,0.5546210796796469
2022-02-23 07:00:00,0.07698650883151417,0.5546908299876394
2022-02-23 08:00:00,0.08190514119415804,0.5547622769284621
2022-02-23 09:00:00,0.09033343338865515,0.5548276641070317
2022-02-23 10:00:00,0.09648301155677214,0.5548826044587092
2022-02-23 11:00:00,0.09968108296010354,0.5549299463861332
2022-02-23 12:00:00,0.10084405937506204,0.5549733792828196
2022-02-23 13:00:00,0.10066760390357879,0.5550154470275181
2022-02-23 14:00:00,0.09907507446459926,0.5550578239200556
2022-02-23 15:00:00,0.08933798850150124,0.5551022800628147
2022-02-23 16:00:00,0.08072865103733076,0.5551589961613281
2022-02-23 17:00:00,0.07824073922677617,0.5552265625398043
2022-02-23 18:00:00,0.0794182969295837,0.5552973274259627
2022-02-23 19:00:00,0.08213373750779826,0.5553667089926525
2022-02-23 20:00:00,0.08330982710218957,0.5554327848959747
2022-02-23 21:00:00,0.08335352629843504,0.5554974793343087
2022-02-23 22:00:00,0.08006209873742028,0.5555622078052563
2022-02-23 23:00:00,0.07556436838458952,0.5556311392268227
2022-02-24 00:00:00,0.07354117785988429,0.5557057814870104
2022-02-24 01:00:00,0.07191408730955404,0.5557830414205015
2022-02-24 02:00:00,0.06977967267385068,0.5558624239117496
2022-02-24 03:00:00,0.0667136021980421,0.5559445631252373
2022-02-24 04:00:00,0.06644735746036806,0.5560306236400953
2022-02-24 05:00:00,0.06594691465502273,0.5561171056834355
2022-02-24 06:00:00,0.06523362071208541,0.5562043020120816
2022-02-24 07:00:00,0.06652830970812944,0.556292478699149
2022-02-24 08:00:00,0.07334463808763633,0.5563791257751117
2022-02-24 09:00:00,0.08707321941992156,0.5564573411998425
2022-02-24 10:00:00,0.09336083954223864,0.5565184846662068
2022-02-24 11:00:00,0.09507837388057115,0.5565718573847279
2022-02-24 12:00:00,0.09738302899576312,0.5566231719716009
2022-02-24 13:00:00,0.09641345350350793,0.5566716945347742
2022-02-24 14:00:00,0.0958059702177309,0.5567215178713806
2022-02-24 15:00:00,0.09159367552031197,0.5567721893749903
2022-02-24 16:00:00,0.08284496990647995,0.5568282150686501
2022-02-24 17:00:00,0.0769707107837582,0.5568952654747422
2022-02-24 18:00:00,0.07647989174773284,0.5569697475438437
2022-02-24 19:00:00,0.07972563506495642,0.5570449319844915
2022-02-24 20:00:00,0.08279873680454937,0.5571161481023434
2022-02-24 21:00:00,0.08098316210415756,0.5571836117079256
2022-02-24 22:00:00,0.07845214707218545,0.5572534336552961
2022-02-24 23:00:00,0.07399256161901174,0.5573265082533316
2022-02-25 00:00:00,0.06809788170870554,0.5574052462234755
2022-02-25 01:00:00,0.06877924947054645,0.5574914414421701
2022-02-25 02:00:00,0.06671166559639198,0.5575768738581504
2022-02-25 03:00:00,0.06460005089298732,0.5576649796692408
2022-02-25 04:00:00,0.06394930024064917,0.5577558139222116
2022-02-25 05:00:00,0.06565861673623528,0.5578475505451871
2022-02-25 06:00:00,0.06511893943434789,0.5579372394623745
2022-02-25 07:00:00,0.0665979908907936,0.5580276919241172
2022-02-25 08:00:00,0.06869215335201587,0.5581163845275178
2022-02-25 09:00:00,0.07332495914058892,0.5582025483918255
2022-02-25 10:00:00,0.07971873695342928,0.5582830102208401
2022-02-25 11:00:00,0.08245943943687216,0.5583555688074449
2022-02-25 12:00:00,0.08604346422131753,0.5584247905036691
2022-02-25 13:00:00,0.08551193211938635,0.5584896211644583
2022-02-25 14:00:00,0.08556344997244217,0.5585552052436967
2022-02-25 15:00:00,0.08367405750666301,0.5586208139366707
2022-02-25 16:00:00,0.07502437064125599,0.5586888733889633
2022-02-25 17:00:00,0.07157434382321869,0.5587678339762129
2022-02-25 18:00:00,0.07105132258714254,0.5588511961309529
2022-02-25 19:00:00,0.07177472653590607,0.5589353011037532
2022-02-25 20:00:00,0.0754319401769655,0.5590185908706339
2022-02-25 21:00:00,0.07629837392229684,0.559097398176935
2022-02-25 22:00:00,0.07401581741274155,0.5591752115049361
2022-02-25 23:00:00,0.07145589106725264,0.5592559670998194
2022-02-26 00:00:00,0.06965948631719021,0.5593400116811978
2022-02-26 01:00:00,0.06559121119119224,0.5594263908543493
2022-02-26 02:00:00,0.07004588521852727,0.5595179444644701
2022-02-26 03:00:00,0.06873175689620394,0.559604018832299
2022-02-26 04:00:00,0.06967766119944266,0.5596918249679079
2022-02-26 05:00:00,0.06963324635964512,0.5597785378376036
2022-02-26 06:00:00,0.0657194295678526,0.5598653953473578
2022-02-26 07:00:00,0.06447312507675836,0.5599572342566077
2022-02-26 08:00:00,0.06656273338072795,0.5600507201819287
2022-02-26 09:00:00,0.0712249255812385,0.5601416832392324
2022-02-26 10:00:00,0.07341124831607185,0.5602269077055078
2022-02-26 11:00:00,0.07876459356663401,0.5603094884244004
2022-02-26 12:00:00,0.08414679146134664,0.5603854666245337
2022-02-26 13:00:00,0.08334968889487347,0.5604548062468243
2022-02-26 14:00:00,0.0848542887297586,0.5605252314235248
2022-02-26 15:00:00,0.07768165109048224,0.5605938650332637
2022-02-26 16:00:00,0.07366149572968783,0.5606715536294681
2022-02-26 17:00:00,0.06874012137414935,0.5607543566158282
2022-02-26 18:00:00,0.06632787075470786,0.5608434005225801
2022-02-26 19:00:00,0.06905203726626025,0.5609355489515003
2022-02-26 20:00:00,0.07323343179086084,0.5610243813875759
2022-02-26 21:00:00,0.07616602653760962,0.5611080763021454
2022-02-26 22:00:00,0.07363633391257844,0.5611881947012402
2022-02-26 23:00:00,0.06925736930504607,0.5612715644503379
2022-02-27 00:00:00,0.06721390013849003,0.5613604971456339
2022-02-27 01:00:00,0.06859295508240038,0.5614520734239982
2022-02-27 02:00:00,0.06679026915923023,0.561542015136418
2022-02-27 03:00:00,0.06643125261110175,0.5616342994650567
2022-02-27 04:00:00,0.06622691988644037,0.5617271218292289
2022-02-27 05:00:00,0.06624384606226603,0.5618202888801429
2022-02-27 06:00:00,0.06538382146072039,0.5619135240501147
2022-02-27 07:00:00,0.06528546405813243,0.5620079235335118
2022-02-27 08:00:00,0.06647505921687294,0.5621025352521852
2022-02-27 09:00:00,0.07004960207112511,0.5621957492712373
2022-02-27 10:00:00,0.0781719552497653,0.5622845844118064
2022-02-27 11:00:00,0.08218130390823339,0.5623633559166991
2022-02-27 12:00:00,0.08715095165074624,0.5624372050472315
2022-02-27 13:00:00,0.08817633531980325,0.5625049314351688
2022-02-27 14:00:00,0.08909586803131468,0.5625714654161769
2022-02-27 15:00:00,0.08109699049170732,0.5626369393094808
2022-02-27 16:00:00,0.07583633203319004,0.5627125011333768
2022-02-27 17:00:00,0.06390692143995486,0.5627947281194497
2022-02-27 18:00:00,0.06412918822028883,0.5628919562132583
2022-02-27 19:00:00,0.07041228178693527,0.5629889958234298
2022-02-27 20:00:00,0.07497507215913707,0.5630782709217798
2022-02-27 21:00:00,0.07572124129725566,0.5631619318925537
2022-02-27 22:00:00,0.07270639886548,0.5632447495175007
2022-02-27 23:00:00,0.06887055685271126,0.5633314250662435
2022-02-28 00:00:00,0.06476097716667831,0.5634229847933727
2022-02-28 01:00:00,0.06646590186342527,0.5635197708760487
2022-02-28 02:00:00,0.06719094720579132,0.5636145151888152
2022-02-28 03:00:00,0.06436778263227884,0.563708442585842
2022-02-28 04:00:00,0.06523477560093936,0.5638059883344542
2022-02-28 05:00:00,0.06484668629551861,0.5639025397426087
2022-02-28 06:00:00,0.06450127603232844,0.5639996656679869
2022-02-28 07:00:00,0.06698593064508494,0.5640973127665783
2022-02-28 08:00:00,0.07229274416134573,0.5641919434620346
2022-02-28 09:00:00,0.07815789010796463,0.5642800300604272
2022-02-28 10:00:00,0.08459160464591164,0.5643608746508724
2022-02-28 11:00:00,0.08818961363416211,0.5644337665272398
2022-02-28 12:00:00,0.09017737953134783,0.564502250326029
2022-02-28 13:00:00,0.09040667890178777,0.5645683388556203
2022-02-28 14:00:00,0.08824841624540393,0.5646342302036428
2022-02-28 15:00:00,0.08342854935569981,0.5647029088270544
2022-02-28 16:00:00,0.07422096106760358,0.5647777017355254
2022-02-28 17:00:00,0.06911798449888179,0.5648640935851362
2022-02-28 18:00:00,0.06943955418677536,0.564956953615524
2022-02-28 19:00:00,0.0736242336509461,0.5650495011481085
2022-02-28 20:00:00,0.07582099562917251,0.5651369072998637
2022-02-28 21:00:00,0.07634219087221192,0.5652216569717954
2022-02-28 22:00:00,0.07539081816863087,0.565305844626425
2022-02-28 23:00:00,0.06940922660579102,0.565391310977742
2022-03-01 00:00:00,0.06324582715653204,0.5654843438033308
2022-03-01 01:00:00,0.06755187015172709,0.5655851703670137
2022-03-01 02:00:00,0.06480999879241284,0.5656807038696533
2022-03-01 03:00:00,0.06390338063858211,0.5657797542080649
2022-03-01 04:00:00,0.06411692063184125,0.5658800273195679
2022-03-01 05:00:00,0.06386831288757287,0.5659801230102582
2022-03-01 06:00:00,0.062454841425768994,0.5660806189685421
2022-03-01 07:00:00,0.058634228521593584,0.5661829712777543
2022-03-01 08:00:00,0.0668477959934043,0.5662901888683397
2022-03-01 09:00:00,0.07536689859075871,0.5663872290184243
2022-03-01 10:00:00,0.07910386733298051,0.5664737098126509
2022-03-01 11:00:00,0.08347486662524244,0.5665556089218422
2022-03-01 12:00:00,0.08870156018639981,0.5666321338112684
2022-03-01 13:00:00,0.08908694891315423,0.5667022148665051
2022-03-01 14:00:00,0.08773946356643811,0.5667719037219607
2022-03-01 15:00:00,0.07898616547746672,0.5668433664735468
2022-03-01 16:00:00,0.07581867611485313,0.5669258603904646
2022-03-01 17:00:00,0.0654930487020384,0.5670124032150334
2022-03-01 18:00:00,0.06292198493290016,0.5671119426229975
2022-03-01 19:00:00,0.06668281905564574,0.5672147854129374
2022-03-01 20:00:00,0.07050758157732617,0.5673130167155774
2022-03-01 21:00:00,0.07056769406759583,0.5674065566234623
2022-03-01 22:00:00,0.06819502314524903,0.567500110952128
2022-03-01 23:00:00,0.061750780321333895,0.5675967206837915
2022-03-02 00:00:00,0.059860149266704396,0.5677014752862346
2022-03-02 01:00:00,0.056514103133411125,0.5678086827476044
2022-03-02 02:00:00,0.0557716269111254,0.5679201623395621
2022-03-02 03:00:00,0.055734077564195156,0.5680326596024855
2022-03-02 04:00:00,0.05886789366395591,0.568145293380501
2022-03-02 05:00:00,0.05794622671678501,0.5682540994694747
2022-03-02 06:00:00,0.056925319734416266,0.5683641472258437
2022-03-02 07:00:00,0.05647109072959554,0.5684755607022344
2022-03-02 08:00:00,0.060420086011324335,0.5685876315537108
2022-03-02 09:00:00,0.06852734936479132,0.5686948557524052
2022-03-02 10:00:00,0.07903658070484454,0.5687920354656717
2022-03-02 11:00:00,0.0799142935445534,0.5688761682359251
2022-03-02 12:00:00,0.07948021860116598,0.5689592934636427
2022-03-02 13:00:00,0.07833125310633898,0.5690430508858592
2022-03-02 14:00:00,0.0771767335787509,0.5691283341180234
2022-03-02 15:00:00,0.07488992056643749,0.56921515010489
2022-03-02 16:00:00,0.0682425412890936,0.5693049142154822
2022-03-02 17:00:00,0.06373747133181708,0.5694030771597528
2022-03-02 18:00:00,0.062031451591998577,0.5695069610531269
2022-03-02 19:00:00,0.06601054339058496,0.5696130670848619
2022-03-02 20:00:00,0.06886082509849684,0.5697142888675178
2022-03-02 21:00:00,0.06989560658627929,0.569812037415645
2022-03-02 22:00:00,0.06864616540130532,0.5699085821064094
2022-03-02 23:00:00,0.06353219657271592,0.5700067782199967
2022-03-03 00:00:00,0.05931983502526756,0.5701114564177602
2022-03-03 01:00:00,0.05497329957644496,0.5702214896923509
2022-03-03 02:00:00,0.05739429402084066,0.5703370457628519
2022-03-03 03:00:00,0.05866629682599628,0.5704496652185571
2022-03-03 04:00:00,0.06028876613271081,0.5705607843006297
2022-03-03 05:00:00,0.06053638349528418,0.570669964927511
2022-03-03 06:00:00,0.05861964412897117,0.5707789256656529
2022-03-03 07:00:00,0.061168677296206786,0.5708903719624426
2022-03-03 08:00:00,0.06355577867101396,0.5709987216036428
2022-03-03 09:00:00,0.07129823116332254,0.5711041770053777
2022-03-03 10:00:00,0.07078390487711242,0.5712000439800881
2022-03-03 11:00:00,0.07169026793468827,0.5712966435025383
2022-03-03 12:00:00,0.07782685351487134,0.571392199712294
2022-03-03 13:00:00,0.07869026774936048,0.5714801748324012
2022-03-03 14:00:00,0.07926227528143702,0.571567160328195
2022-03-03 15:00:00,0.07681405504923251,0.5716535204591604
2022-03-03 16:00:00,0.06771847513792094,0.5717430305110636
2022-03-03 17:00:00,0.06011415823296355,0.571843999684518
2022-03-03 18:00:00,0.05988009591925107,0.5719545639017346
2022-03-03 19:00:00,0.06062286956550145,0.5720655103453965
2022-03-03 20:00:00,0.0636567666442823,0.5721756179714302
2022-03-03 21:00:00,0.06822312656919555,0.5722820228763754
2022-03-03 22:00:00,0.06447603894950456,0.5723828094824583
2022-03-03 23:00:00,0.0643468579658842,0.5724883695998478
2022-03-04 00:00:00,0.05507698925353305,0.5725941808459407
2022-03-04 01:00:00,0.0565165115596258,0.5727116690810435
2022-03-04 02:00:00,0.05661105347808524,0.5728274475669829
2022-03-04 03:00:00,0.05260979460950266,0.5729431975297968
2022-03-04 04:00:00,0.054352048931846655,0.5730640387209766
2022-03-04 05:00:00,0.05185589164579985,0.5731827917494946
2022-03-04 06:00:00,0.05316840064696235,0.5733047546302766
2022-03-04 07:00:00,0.056378310590792166,0.5734251665308326
2022-03-04 08:00:00,0.05833795420781854,0.5735416557003071
2022-03-04 09:00:00,0.0621446823106545,0.5736557849718853
2022-03-04 10:00:00,0.06865087167343809,0.5737652454901906
2022-03-04 11:00:00,0.07027090293165268,0.5738666629288326
2022-03-04 12:00:00,0.07197362698257102,0.5739661449855803
2022-03-04 13:00:00,0.07350573993185976,0.5740635882945352
2022-03-04 14:00:00,0.07361582192279935,0.5741592061196203
2022-03-04 15:00:00,0.06570517934103857,0.5742547759995338
2022-03-04 16:00:00,0.06307579742237192,0.5743603238399452
2022-03-04 17:00:00,0.06265843950610597,0.5744692480649334
2022-03-04 18:00:00,0.06103281725910163,0.5745787836443571
2022-03-04 19:00:00,0.06325636544740151,0.5746904409084452
2022-03-04 20:00:00,0.06833150029417763,0.574799408393923
2022-03-04 21:00:00,0.07132993556011653,0.5749021216171906
2022-03-04 22:00:00,0.07099761116380399,0.5750011764524011
2022-03-04 23:00:00,0.0681597322756751,0.5751007363487635
2022-03-05 00:00:00,0.06251551177586369,0.5752039332489772
2022-03-05 01:00:00,0.06464091189365193,0.5753142750795959
2022-03-05 02:00:00,0.0729944057527258,0.5754220498143399
2022-03-05 03:00:00,0.06884094745376731,0.5755194723354792
2022-03-05 04:00:00,0.07029682819460945,0.5756221763326118
2022-03-05 05:00:00,0.06928383968417116,0.5757231501312922
2022-03-05 06:00:00,0.06552870376150319,0.5758254798173925
2022-03-05 07:00:00,0.07114581941314509,0.5759325930744401
2022-03-05 08:00:00,0.07453962590265062,0.576032774587183
2022-03-05 09:00:00,0.07478877391819312,0.5761288034912437
2022-03-05 10:00:00,0.08025364834342172,0.5762246106088382
2022-03-05 11:00:00,0.08869260196267527,0.576313676281032
2022-03-05 12:00:00,0.09656680684878721,0.5763922829078639
2022-03-05 13:00:00,0.09434926230578079,0.5764611364242358
2022-03-05 14:00:00,0.09660774541893313,0.5765328515158731
2022-03-05 15:00:00,0.09105189658562766,0.5766018331470987
2022-03-05 16:00:00,0.08357998310062206,0.5766778492316925
2022-03-05 17:00:00,0.07301140615891138,0.5767632948492701
2022-03-05 18:00:00,0.07672253760578532,0.576862040827907
2022-03-05 19:00:00,0.08004495949214332,0.5769562375308261
2022-03-05 20:00:00,0.0817957915932152,0.5770463708436405
2022-03-05 21:00:00,0.08057639266737146,0.5771344052521982
2022-03-05 22:00:00,0.07651747190973826,0.5772240535438529
2022-03-05 23:00:00,0.07437727740958408,0.5773188651194185
2022-03-06 00:00:00,0.06963670295748524,0.5774164415695514
2022-03-06 01:00:00,0.07140330458200048,0.5775200333676233
2022-03-06 02:00:00,0.06836002290622506,0.5776215065419241
2022-03-06 03:00:00,0.06793127692589573,0.577726873444919
2022-03-06 04:00:00,0.062408511646169965,0.5778328659052823
2022-03-06 05:00:00,0.0656150180037271,0.5779458514453856
2022-03-06 06:00:00,0.06373297421340042,0.5780549184738837
2022-03-06 07:00:00,0.06434747375307837,0.5781664276766166
2022-03-06 08:00:00,0.06772281761678486,0.5782772583725312
2022-03-06 09:00:00,0.0703344899823819,0.5783839595042852
2022-03-06 10:00:00,0.07928633502888434,0.5784874856592683
2022-03-06 11:00:00,0.08415893732995307,0.5785799116196003
2022-03-06 12:00:00,0.08501668174988211,0.5786663364366376
2022-03-06 13:00:00,0.08301687625901918,0.5787517786806102
2022-03-06 14:00:00,0.08454121079134283,0.5788398102867393
2022-03-06 15:00:00,0.0776774516653132,0.5789260260777822
2022-03-06 16:00:00,0.07010575959936687,0.5790209111685523
2022-03-06 17:00:00,0.06464373947317796,0.5791253504729186
2022-03-06 18:00:00,0.06535693044868181,0.5792367068986046
2022-03-06 19:00:00,0.07133715414037603,0.5793472614293353
2022-03-06 20:00:00,0.0761970955537367,0.5794504302717713
2022-03-06 21:00:00,0.07715181232488488,0.5795476137762705
2022-03-06 22:00:00,0.07565411650905571,0.5796436934710995
2022-03-06 23:00:00,0.07471395797983663,0.5797417348694095
2022-03-07 00:00:00,0.0679335645502043,0.579841041046964
2022-03-07 01:00:00,0.06415469899250262,0.5799489122947139
2022-03-07 02:00:00,0.057932711624797024,0.5800615967000988
2022-03-07 03:00:00,0.05708788706537525,0.5801821481626146
2022-03-07 04:00:00,0.05873824446952089,0.5803038452259381
2022-03-07 05:00:00,0.06011363024973751,0.5804235689097562
2022-03-07 06:00:00,0.05825508951656195,0.5805416629256938
2022-03-07 07:00:00,0.06151977572269305,0.5806621696789416
2022-03-07 08:00:00,0.0691442917647026,0.5807786851328285
2022-03-07 09:00:00,0.07808477272888134,0.5808857594970166
2022-03-07 10:00:00,0.07870914162661041,0.5809817478122639
2022-03-07 11:00:00,0.0790416137379457,0.5810770452155182
2022-03-07 12:00:00,0.0833590712357044,0.5811720165745812
2022-03-07 13:00:00,0.0879929958481304,0.5812616806544925
2022-03-07 14:00:00,0.08724789324137863,0.5813456418680852
2022-03-07 15:00:00,0.08193810083846118,0.5814306239960639
2022-03-07 16:00:00,0.07118173150428002,0.5815223328973081
2022-03-07 17:00:00,0.068483371078948,0.5816275767895702
2022-03-07 18:00:00,0.06427425954506547,0.5817362831582565
2022-03-07 19:00:00,0.06856485567258702,0.5818503404387488
2022-03-07 20:00:00,0.0711286607629852,0.5819591239929207
2022-03-07 21:00:00,0.07111011641590907,0.5820647923059725
2022-03-07 22:00:00,0.06848345731691081,0.5821705733110594
2022-03-07 23:00:00,0.06596178868165373,0.582279727147933
2022-03-08 00:00:00,0.05980499089463075,0.5823921225747798
2022-03-08 01:00:00,0.06227617733202807,0.5825123034992593
2022-03-08 02:00:00,0.060795528281222797,0.582629484937265
2022-03-08 03:00:00,0.05699751307204276,0.5827486066792849
2022-03-08 04:00:00,0.057426804403006695,0.5828725654290987
2022-03-08 05:00:00,0.05678781724954654,0.5829960770495671
2022-03-08 06:00:00,0.055034574424133696,0.5831204768847854
2022-03-08 07:00:00,0.05862705777809548,0.5832471577502871
2022-03-08 08:00:00,0.06744268415083789,0.5833694374842456
2022-03-08 09:00:00,0.0695444297374665,0.5834807871537392
2022-03-08 10:00:00,0.07211017859930649,0.583589599105556
2022-03-08 11:00:00,0.07669749734494405,0.5836952933313616
2022-03-08 12:00:00,0.0872704718768997,0.5837953428645148
2022-03-08 13:00:00,0.08516569022761784,0.5838822656309504
2022-03-08 14:00:00,0.0836357353306588,0.5839719088215162
2022-03-08 15:00:00,0.07797651970536355,0.5840635538983473
2022-03-08 16:00:00,0.06851837807009255,0.5841623624328837
2022-03-08 17:00:00,0.06424839945377261,0.5842730830781213
2022-03-08 18:00:00,0.06508085492694848,0.5843892306257239
2022-03-08 19:00:00,0.06755420849009294,0.584504427028471
2022-03-08 20:00:00,0.07020689394824081,0.5846166211590957
2022-03-08 21:00:00,0.07236974544136365,0.5847255888480286
2022-03-08 22:00:00,0.07003714570046736,0.5848319423829794
2022-03-08 23:00:00,0.060737398541861026,0.5849413010731981
2022-03-09 00:00:00,0.057050968120517964,0.5850623738481182
2022-03-09 01:00:00,0.05802281901477388,0.5851881440569336
2022-03-09 02:00:00,0.05789627567136117,0.5853127888430694
2022-03-09 03:00:00,0.05459485989004765,0.5854376811943459
2022-03-09 04:00:00,0.0568055398397476,0.5855667896962882
2022-03-09 05:00:00,0.054822450622874115,0.5856932242241639
2022-03-09 06:00:00,0.054967789189312014,0.5858222269843169
2022-03-09 07:00:00,0.05540268390446469,0.5859511374368573
2022-03-09 08:00:00,0.0634836164760182,0.5860795936313931
2022-03-09 09:00:00,0.07217391693148087,0.5861980380153511
2022-03-09 10:00:00,0.07699733364017644,0.5863057088735782
2022-03-09 11:00:00,0.08202221914206788,0.5864074398054137
2022-03-09 12:00:00,0.08300200988520293,0.5865029789694755
2022-03-09 13:00:00,0.08185022351203151,0.5865973827287758
2022-03-09 14:00:00,0.08047230601438608,0.586693315549228
2022-03-09 15:00:00,0.07683542176863056,0.5867910600892093
2022-03-09 16:00:00,0.07075219054610091,0.5868934400515808
2022-03-09 17:00:00,0.06323940272948528,0.5870035133644433
2022-03-09 18:00:00,0.06003153777354496,0.5871230669678735
2022-03-09 19:00:00,0.06382561027748514,0.5872467197025835
2022-03-09 20:00:00,0.06793305018308875,0.5873657191409904
2022-03-09 21:00:00,0.06877086241656771,0.5874796735680385
2022-03-09 22:00:00,0.06611762579319817,0.5875926700124682
2022-03-09 23:00:00,0.06023253140792574,0.5877090722794546
2022-03-10 00:00:00,0.051936733869720364,0.5878329201852586
2022-03-10 01:00:00,0.05099564825108435,0.5879672271028337
2022-03-10 02:00:00,0.052774237213899566,0.588102799636247
2022-03-10 03:00:00,0.05190545807751763,0.5882362381861922
2022-03-10 04:00:00,0.05574592426361575,0.588370851956668
2022-03-10 05:00:00,0.052463524161354136,0.5885007543848502
2022-03-10 06:00:00,0.051325873229770745,0.5886348490473817
2022-03-10 07:00:00,0.05270362216566669,0.5887704550015365
2022-03-10 08:00:00,0.06022772794623047,0.588904427991171
2022-03-10 09:00:00,0.06607235346338712,0.5890290850638746
2022-03-10 10:00:00,0.0648208964077939,0.5891465255635758
2022-03-10 11:00:00,0.06491475376882122,0.5892656195870438
2022-03-10 12:00:00,0.06581939010273888,0.5893846854847653
2022-03-10 13:00:00,0.06565375609139004,0.5895027097764858
2022-03-10 14:00:00,0.06595094777054741,0.5896210302935525
2022-03-10 15:00:00,0.0652004816450138,0.589739068497222
2022-03-10 16:00:00,0.06143140082315875,0.5898581339530742
2022-03-10 17:00:00,0.05625149563163989,0.5899819999227575
2022-03-10 18:00:00,0.05433714231202316,0.590112429929966
2022-03-10 19:00:00,0.053214193540802396,0.5902453420280463
2022-03-10 20:00:00,0.058219216941150745,0.5903797469544534
2022-03-10 21:00:00,0.061810666266708454,0.5905079847370672
2022-03-10 22:00:00,0.05961180126685914,0.59063182233653
2022-03-10 23:00:00,0.05471991819044928,0.5907584976387514
2022-03-11 00:00:00,0.05173180566495234,0.5908913769092843
2022-03-11 01:00:00,0.05411795880225633,0.5910280804278509
2022-03-11 02:00:00,0.054582488331292735,0.5911618903552384
2022-03-11 03:00:00,0.05142396381017252,0.5912952087137763
2022-03-11 04:00:00,0.051871484572913976,0.5914325643138011
2022-03-11 05:00:00,0.0511671928104342,0.5915694495914358
2022-03-11 06:00:00,0.051343431989486134,0.5917073043050188
2022-03-11 07:00:00,0.05390028164701601,0.5918450277835096
2022-03-11 08:00:00,0.05686829820184207,0.5919796442564003
2022-03-11 09:00:00,0.060384589149992424,0.5921106397576138
2022-03-11 10:00:00,0.06165509310998762,0.5922373289366573
2022-03-11 11:00:00,0.06592531593757081,0.5923625190197187
2022-03-11 12:00:00,0.06916001085215369,0.5924824603506208
2022-03-11 13:00:00,0.07037660858636431,0.592598447331616
2022-03-11 14:00:00,0.06841278157668132,0.5927130025764955
2022-03-11 15:00:00,0.06263221948708346,0.5928301016084587
2022-03-11 16:00:00,0.05806517475167297,0.5929545153385796
2022-03-11 17:00:00,0.052112634305364655,0.5930847268623435
2022-03-11 18:00:00,0.054098869261198536,0.5932224680415213
2022-03-11 19:00:00,0.05082326010596568,0.5933578153989472
2022-03-11 20:00:00,0.05551606640603467,0.5934973462318005
2022-03-11 21:00:00,0.05927771931839431,0.5936311000127574
2022-03-11 22:00:00,0.06050852861965144,0.5937602406755017
2022-03-11 23:00:00,0.05684731042339039,0.5938879317664508
2022-03-12 00:00:00,0.05337484741840953,0.5940202883118345
2022-03-12 01:00:00,0.0517137540045499,0.5941570743594756
2022-03-12 02:00:00,0.06252344982355171,0.5942960256891515
2022-03-12 03:00:00,0.06007724867647837,0.5944215538060417
2022-03-12 04:00:00,0.05991024803349142,0.5945502285730284
2022-03-12 05:00:00,0.058660652550897745,0.5946792009811107
2022-03-12 06:00:00,0.05880827528013747,0.5948098242654215
2022-03-12 07:00:00,0.05986572716665211,0.5949403518947335
2022-03-12 08:00:00,0.06209074128199039,0.5950696465740919
2022-03-12 09:00:00,0.06293208161856084,0.5951962488421569
2022-03-12 10:00:00,0.06954100529473534,0.5953218882825526
2022-03-12 11:00:00,0.07640372272879017,0.595439355407459
2022-03-12 12:00:00,0.07784567177369685,0.5955483329659877
2022-03-12 13:00:00,0.07907199503372854,0.5956555969098888
2022-03-12 14:00:00,0.07958697108178037,0.5957614167626107
2022-03-12 15:00:00,0.07637494720090734,0.5958666816993407
2022-03-12 16:00:00,0.06865841128220765,0.5959760504611158
2022-03-12 17:00:00,0.05953363501186519,0.5960951536790641
2022-03-12 18:00:00,0.057215046552317655,0.59622575164466
2022-03-12 19:00:00,0.06158214216314352,0.5963593366141292
2022-03-12 20:00:00,0.06596982975979476,0.5964875514733274
2022-03-12 21:00:00,0.06837134672766748,0.5966103704731702
2022-03-12 22:00:00,0.06502228404927873,0.5967302763177957
2022-03-12 23:00:00,0.06082248984918211,0.5968544572225685
2022-03-13 00:00:00,0.059221254664957174,0.5969839765926515
2022-03-13 01:00:00,0.060469398692172154,0.5971155862199902
2022-03-13 02:00:00,0.059763512152372314,0.5972457243712399
2022-03-13 03:00:00,0.055694245568881216,0.5973768335752335
2022-03-13 04:00:00,0.05252034064369369,0.597513118047604
2022-03-13 05:00:00,0.05731683648069866,0.5976534585768112
2022-03-13 06:00:00,0.05542750199545787,0.5977878921523896
2022-03-13 07:00:00,0.05422270055801629,0.5979247760526835
2022-03-13 08:00:00,0.054045850973269166,0.598063254601779
2022-03-13 09:00:00,0.06360107760878479,0.5982020428502107
2022-03-13 10:00:00,0.06708969246770945,0.5983289756930079
2022-03-13 11:00:00,0.06873217383175924,0.5984516363851504
2022-03-13 12:00:00,0.07161272073960356,0.5985723325837204
2022-03-13 13:00:00,0.07299440715397536,0.5986895166969561
2022-03-13 14:00:00,0.07336773155360353,0.5988050622905967
2022-03-13 15:00:00,0.06934900941788676,0.5989202298072374
2022-03-13 16:00:00,0.06440345769882384,0.5990405092950786
2022-03-13 17:00:00,0.05913821017928634,0.599167059281085
2022-03-13 18:00:00,0.05186937255856375,0.5993002793749476
2022-03-13 19:00:00,0.05620196842860358,0.5994426740541872
2022-03-13 20:00:00,0.06212998839361971,0.5995797415167893
2022-03-13 21:00:00,0.06466086902349846,0.5997094874724387
2022-03-13 22:00:00,0.06303270267782451,0.5998361583350622
2022-03-13 23:00:00,0.06222092347331715,0.5999649529030917
2022-03-14 00:00:00,0.059246886191344605,0.6000948506822675
2022-03-14 01:00:00,0.059652994966352416,0.6002285544848078
2022-03-14 02:00:00,0.052991764815005955,0.6003618391177172
2022-03-14 03:00:00,0.05220200739837614,0.6005035387441839
2022-03-14 04:00:00,0.05056139990978243,0.6006463140127742
2022-03-14 05:00:00,0.0481108081053294,0.6007912284755175
2022-03-14 06:00:00,0.047758133746264295,0.6009392946022023
2022-03-14 07:00:00,0.05007279643916854,0.6010878899853702
2022-03-14 08:00:00,0.056061965576302275,0.6012336804430091
2022-03-14 09:00:00,0.06189231287742035,0.6013720728313209
2022-03-14 10:00:00,0.06808364792540116,0.6015032656668126
2022-03-14 11:00:00,0.07261316632256935,0.6016268077039668
2022-03-14 12:00:00,0.07343718177251614,0.6017447762027183
2022-03-14 13:00:00,0.07298130905649747,0.6018618030308263
2022-03-14 14:00:00,0.07198445463849568,0.6019794880375283
2022-03-14 15:00:00,0.06517783035805849,0.6020985074389364
2022-03-14 16:00:00,0.05884629663683873,0.6022261234363179
2022-03-14 17:00:00,0.05313333844851113,0.6023617421553673
2022-03-14 18:00:00,0.049584748581376556,0.6025045903655168
2022-03-14 19:00:00,0.05319049722384916,0.6026519625951678
2022-03-14 20:00:00,0.05764453637626665,0.6027949159099407
2022-03-14 21:00:00,0.061190700367934725,0.6029323899354101
2022-03-14 22:00:00,0.05660602799299433,0.6030655195041934
2022-03-14 23:00:00,0.052389620506857214,0.6032044681503702
2022-03-15 00:00:00,0.04836805191550127,0.6033487755314052
2022-03-15 01:00:00,0.048320344695494545,0.6034981980872105
2022-03-15 02:00:00,0.04876373942433308,0.6036477684795568
2022-03-15 03:00:00,0.04636493366963496,0.6037968728194478
2022-03-15 04:00:00,0.04818874653188927,0.6039490638458822
2022-03-15 05:00:00,0.047128369295024106,0.6040990632739377
2022-03-15 06:00:00,0.047047350249046334,0.6042504763295418
2022-03-15 07:00:00,0.04879110486941002,0.6044020788032141
2022-03-15 08:00:00,0.05286351070102841,0.6045515897160845
2022-03-15 09:00:00,0.061570814014878864,0.6046960982423065
2022-03-15 10:00:00,0.0670267676097195,0.6048298107481496
2022-03-15 11:00:00,0.06770097119665891,0.6049567914088393
2022-03-15 12:00:00,0.06922775010027456,0.605083017399917
2022-03-15 13:00:00,0.07046158945694915,0.6052074229902232
2022-03-15 14:00:00,0.07051059630387792,0.6053303743421324
2022-03-15 15:00:00,0.06751585861893773,0.6054533524841775
2022-03-15 16:00:00,0.05475251249428963,0.6055801620848735
2022-03-15 17:00:00,0.04944680931310501,0.6057230138925752
2022-03-15 18:00:00,0.04725400763072174,0.6058725858413629
2022-03-15 19:00:00,0.05025141604718587,0.6060249867920777
2022-03-15 20:00:00,0.05425635554784395,0.6061737289697651
2022-03-15 21:00:00,0.0577705174252009,0.6063175529481938
2022-03-15 22:00:00,0.05409412745294664,0.6064570721869715
2022-03-15 23:00:00,0.04877027374255281,0.6066012748634438
2022-03-16 00:00:00,0.042139343894252244,0.6067522202947716
2022-03-16 01:00:00,0.04292601577155899,0.60691154231357
2022-03-16 02:00:00,0.04386160502288883,0.6070699689050798
2022-03-16 03:00:00,0.04127664336121699,0.6072273139099359
2022-03-16 04:00:00,0.04412888017692995,0.6073879780040867
2022-03-16 05:00:00,0.04158085494629733,0.6075451646766976
2022-03-16 06:00:00,0.04224640972625615,0.6077056242425434
2022-03-16 07:00:00,0.04371714416337442,0.6078653397137823
2022-03-16 08:00:00,0.051868938562236136,0.6080233046029694
2022-03-16 09:00:00,0.06444908553718513,0.6081711675722338
2022-03-16 10:00:00,0.0641978034897617,0.6083033931678913
2022-03-16 11:00:00,0.0624680122099231,0.6084360206632108
2022-03-16 12:00:00,0.06306775321546618,0.6085708981816785
2022-03-16 13:00:00,0.06611988676187434,0.6087051137948384
2022-03-16 14:00:00,0.07101096189609403,0.6088356019988697
2022-03-16 15:00:00,0.07066821845802222,0.6089600641035977
2022-03-16 16:00:00,0.06035284569407345,0.6090850423690032
2022-03-16 17:00:00,0.05028416050591348,0.6092230025684633
2022-03-16 18:00:00,0.04812871776081357,0.6093736363291831
2022-03-16 19:00:00,0.05132162947721769,0.6095270520847386
2022-03-16 20:00:00,0.05554475626522766,0.6096765643786374
2022-03-16 21:00:00,0.058653561123273,0.6098208854285796
2022-03-16 22:00:00,0.0555527521774285,0.6099614081234721
2022-03-16 23:00:00,0.05071248275518462,0.610105894467019
2022-03-17 00:00:00,0.042431415183931745,0.61025651877122
2022-03-17 01:00:00,0.045236176544657135,0.6104175820201205
2022-03-17 02:00:00,0.044955435466691424,0.6105752269138697
2022-03-17 03:00:00,0.04410153378895348,0.6107333103167848
2022-03-17 04:00:00,0.043282524794632786,0.6108925486658396
2022-03-17 05:00:00,0.043883515647225375,0.6110528983313588
2022-03-17 06:00:00,0.04256858524182809,0.6112125842996674
2022-03-17 07:00:00,0.04593214269940784,0.6113740014584268
2022-03-17 08:00:00,0.05447596458759487,0.6115313016838521
2022-03-17 09:00:00,0.05972026671991043,0.6116780096314037
2022-03-17 10:00:00,0.059853389772051104,0.6118182496867304
2022-03-17 11:00:00,0.059628235572299015,0.611958410809591
2022-03-17 12:00:00,0.06334968347519322,0.6120989408324142
2022-03-17 13:00:00,0.06410468446449546,0.6122349064883904
2022-03-17 14:00:00,0.06398163676930033,0.6123700158219353
2022-03-17 15:00:00,0.06158833263837098,0.6125053663796334
2022-03-17 16:00:00,0.05697420853361129,0.6126437959677131
2022-03-17 17:00:00,0.049351155418788484,0.6127880805967806
2022-03-17 18:00:00,0.05026847364211851,0.6129419814136923
2022-03-17 19:00:00,0.0493916908014348,0.6130948229398245
2022-03-17 20:00:00,0.051735222873814206,0.6132488477870113
2022-03-17 21:00:00,0.05391002585837674,0.6134000305470703
2022-03-17 22:00:00,0.05429323579749519,0.6135485821167754
2022-03-17 23:00:00,0.05187477164957649,0.6136967419728028
2022-03-18 00:00:00,0.049770783779720405,0.6138480121930855
2022-03-18 01:00:00,0.047054699166158606,0.6140019996675553
2022-03-18 02:00:00,0.046309353652002144,0.6141594695023764
2022-03-18 03:00:00,0.043544411757545746,0.6143179582588643
2022-03-18 04:00:00,0.04583532969687286,0.6144799904176388
2022-03-18 05:00:00,0.04342265060127967,0.6146392461390078
2022-03-18 06:00:00,0.04382280419535117,0.6148016049043198
2022-03-18 07:00:00,0.0461844964979302,0.6149635506577229
2022-03-18 08:00:00,0.05171504584553249,0.6151226314607968
2022-03-18 09:00:00,0.0559315385567329,0.6152748862271556
2022-03-18 10:00:00,0.06333974126212429,0.6154219575124705
2022-03-18 11:00:00,0.06653914351238907,0.6155598556640796
2022-03-18 12:00:00,0.06695118171790011,0.6156938416673375
2022-03-18 13:00:00,0.06756989099221568,0.6158273997120416
2022-03-18 14:00:00,0.06549940205119287,0.6159602714440521
2022-03-18 15:00:00,0.061307263320221156,0.6160958183457897
2022-03-18 16:00:00,0.05890761883492808,0.6162366924640987
2022-03-18 17:00:00,0.056245969318666114,0.616380653165734
2022-03-18 18:00:00,0.05514176494815998,0.6165280279415014
2022-03-18 19:00:00,0.054121913308306235,0.6166768699694413
2022-03-18 20:00:00,0.056748715329999956,0.6168270737930679
2022-03-18 21:00:00,0.061423060121096225,0.6169740810796873
2022-03-18 22:00:00,0.06026508410105655,0.617115332385176
2022-03-18 23:00:00,0.05265280090487269,0.6172581180948413
2022-03-19 00:00:00,0.04907386158046144,0.6174105060769023
2022-03-19 01:00:00,0.05232254504300922,0.6175674546357232
2022-03-19 02:00:00,0.062362407311249424,0.6177204292269796
2022-03-19 03:00:00,0.05754653513331984,0.617860940861279
2022-03-19 04:00:00,0.05740414807342193,0.618007559190749
2022-03-19 05:00:00,0.05644125567855915,0.6181544423430175
2022-03-19 06:00:00,0.05661566392760053,0.6183026159337337
2022-03-19 07:00:00,0.05778201918773366,0.6184506583210285
2022-03-19 08:00:00,0.05760561405222729,0.6185973295550294
2022-03-19 09:00:00,0.06684106794662,0.6187443080700776
2022-03-19 10:00:00,0.07260206385334543,0.6188798290261877
2022-03-19 11:00:00,0.07570179530277238,0.6190082354796014
2022-03-19 12:00:00,0.0788074014417419,0.6191328539946032
2022-03-19 13:00:00,0.08115118345841461,0.6192536772114992
2022-03-19 14:00:00,0.08095663594437288,0.6193716573940656
2022-03-19 15:00:00,0.07796485645428054,0.6194899674377949
2022-03-19 16:00:00,0.07442887881587543,0.6196121038661914
2022-03-19 17:00:00,0.06396778789284577,0.6197387469104301
2022-03-19 18:00:00,0.060806520992717196,0.6198785529455619
2022-03-19 19:00:00,0.06496677831844865,0.6200223971749589
2022-03-19 20:00:00,0.06953297808190854,0.6201611276766945
2022-03-19 21:00:00,0.07174108604894187,0.6202942370060333
2022-03-19 22:00:00,0.067384117352006,0.6204246727609875
2022-03-19 23:00:00,0.06293459919688245,0.6205606412706094
2022-03-20 00:00:00,0.058197805116874765,0.6207022582048998
2022-03-20 01:00:00,0.0595329288299318,0.620849882641898
2022-03-20 02:00:00,0.059469627056395045,0.6209959246674516
2022-03-20 03:00:00,0.05583432719516753,0.6211421322964631
2022-03-20 04:00:00,0.04721527412790662,0.621292970509542
2022-03-20 05:00:00,0.055939697436279794,0.6214546689811512
2022-03-20 06:00:00,0.054832179943757824,0.621605548348732
2022-03-20 07:00:00,0.05471356857224561,0.621757898521152
2022-03-20 08:00:00,0.05636645827695077,0.621910483348582
2022-03-20 09:00:00,0.06052029310861128,0.6220610884374541
2022-03-20 10:00:00,0.06510157775059054,0.6222065875890929
2022-03-20 11:00:00,0.06978018835515232,0.622346446473924
2022-03-20 12:00:00,0.07227456300493777,0.6224805434171385
2022-03-20 13:00:00,0.0726653062826769,0.6226116086962797
2022-03-20 14:00:00,0.07171655447873121,0.6227422718331181
2022-03-20 15:00:00,0.06787728893541031,0.622874207179017
2022-03-20 16:00:00,0.05631504979913456,0.6230110278586171
2022-03-20 17:00:00,0.051103893412623946,0.6231623875713319
2022-03-20 18:00:00,0.05189607513394172,0.6233203474461022
2022-03-20 19:00:00,0.05685430379116409,0.6234774032926268
2022-03-20 20:00:00,0.06068595027490155,0.623628347534525
2022-03-20 21:00:00,0.06186348285724979,0.6237745883817586
2022-03-20 22:00:00,0.06209099586194453,0.6239194434589049
2022-03-20 23:00:00,0.06095480660947068,0.6240641002725923
2022-03-21 00:00:00,0.055987427628951966,0.6242102634327541
2022-03-21 01:00:00,0.05643236833285092,0.624362721908618
2022-03-21 02:00:00,0.04786350188682128,0.6245147102826019
2022-03-21 03:00:00,0.04708137827159319,0.6246774957956222
2022-03-21 04:00:00,0.04908290210051117,0.6248413450010751
2022-03-21 05:00:00,0.04899718350416859,0.6250027783215462
2022-03-21 06:00:00,0.04810252117646382,0.6251644047919132
2022-03-21 07:00:00,0.047628579411873,0.6253272355736423
2022-03-21 08:00:00,0.054840924122982145,0.6254907447477877
2022-03-21 09:00:00,0.06576848294024139,0.6256453244379679
2022-03-21 10:00:00,0.06559777059938376,0.62578633060822
2022-03-21 11:00:00,0.06769231745157049,0.6259276360791165
2022-03-21 12:00:00,0.07262410689784293,0.6260664092582472
2022-03-21 13:00:00,0.07322835419079661,0.6261991035739062
2022-03-21 14:00:00,0.06945669877962753,0.6263311284352777
2022-03-21 15:00:00,0.06211976185647342,0.6264679537021904
2022-03-21 16:00:00,0.0542290458509792,0.6266140359579385
2022-03-21 17:00:00,0.05177258588984156,0.626770067407735
2022-03-21 18:00:00,0.04879474122979752,0.6269292552128405
2022-03-21 19:00:00,0.05168615629773143,0.6270922510854003
2022-03-21 20:00:00,0.056059044312812695,0.6272517184319824
2022-03-21 21:00:00,0.058686842272656595,0.6274058053925862
2022-03-21 22:00:00,0.0552501072794536,0.6275566933109203
2022-03-21 23:00:00,0.0511412025558224,0.6277119628342717
2022-03-22 00:00:00,0.04614290063620478,0.6278724541558545
2022-03-22 01:00:00,0.04581624798624869,0.628039279003171
2022-03-22 02:00:00,0.044883244653155574,0.6282065977955974
2022-03-22 03:00:00,0.0427973624007597,0.6283751684524067
2022-03-22 04:00:00,0.04324208978516365,0.6285464320531231
2022-03-22 05:00:00,0.040707940689888575,0.6287172253165317
2022-03-22 06:00:00,0.040313828982498974,0.6288912718190193
2022-03-22 07:00:00,0.042940666196636106,0.6290658964945938
2022-03-22 08:00:00,0.04903041365633041,0.6292373231378025
2022-03-22 09:00:00,0.054040699784273075,0.6294012230914934
2022-03-22 10:00:00,0.05939908815847815,0.6295589456629422
2022-03-22 11:00:00,0.06468377748882904,0.6297100557049083
2022-03-22 12:00:00,0.06944004494614381,0.6298546453217196
2022-03-22 13:00:00,0.07192125442348403,0.6299933750211966
2022-03-22 14:00:00,0.0674857949294414,0.6301290886062493
2022-03-22 15:00:00,0.058134419794305316,0.6302704318934833
2022-03-22 16:00:00,0.04849734146257753,0.6304235497577974
2022-03-22 17:00:00,0.04650369390788163,0.6305887993084907
2022-03-22 18:00:00,0.04586385636788577,0.6307566262373514
2022-03-22 19:00:00,0.04903408228041149,0.6309253382620769
2022-03-22 20:00:00,0.05305988827090609,0.6310901727835232
2022-03-22 21:00:00,0.05610135408270677,0.6312500603067208
2022-03-22 22:00:00,0.05209680090425636,0.6314062312369771
2022-03-22 23:00:00,0.04681301061123489,0.6315674930780701
2022-03-23 00:00:00,0.041051487045913236,0.6317354448563894
2022-03-23 01:00:00,0.04048566952189577,0.6319106837184779
2022-03-23 02:00:00,0.04149471248558282,0.6320867150116926
2022-03-23 03:00:00,0.0394060751581547,0.6322615701402886
2022-03-23 04:00:00,0.04122522786174511,0.632439121184451
2022-03-23 05:00:00,0.038596410632357525,0.6326144833864183
2022-03-23 06:00:00,0.038161741653418256,0.6327932166883403
2022-03-23 07:00:00,0.040758053505266546,0.6329725783845935
2022-03-23 08:00:00,0.04748614499308344,0.6331487797287856
2022-03-23 09:00:00,0.05735629511057862,0.6333166559759736
2022-03-23 10:00:00,0.061863570948611835,0.6334722795324292
2022-03-23 11:00:00,0.062050257389987554,0.6336223539705164
2022-03-23 12:00:00,0.06217146174788694,0.6337722800064519
2022-03-23 13:00:00,0.06236512115593512,0.6339221394722675
2022-03-23 14:00:00,0.06091525191229696,0.6340718417785342
2022-03-23 15:00:00,0.0586623078601928,0.6342234413154064
2022-03-23 16:00:00,0.05474550345123368,0.6343779419056911
2022-03-23 17:00:00,0.045044547972157054,0.6345374233540869
2022-03-23 18:00:00,0.0439330242944921,0.6347091158286405
2022-03-23 19:00:00,0.04662000843681456,0.6348822825187654
2022-03-23 20:00:00,0.04993163870066084,0.6350521752688084
2022-03-23 21:00:00,0.052618249571309464,0.6352180132501956
2022-03-23 22:00:00,0.05006484252415222,0.6353805777162029
2022-03-23 23:00:00,0.04449798385460702,0.6355464186682185
2022-03-24 00:00:00,0.03961888880384226,0.6357193028997176
2022-03-24 01:00:00,0.0402461365117279,0.6358983706850804
2022-03-24 02:00:00,0.04061786311494479,0.6360767390747187
2022-03-24 03:00:00,0.03753450093435844,0.63625472744883
2022-03-24 04:00:00,0.03999612884828374,0.6364366546471671
2022-03-24 05:00:00,0.038531414206140195,0.6366155894108413
2022-03-24 06:00:00,0.03709640831777759,0.6367964396467336
2022-03-24 07:00:00,0.038539608147131726,0.6369791681975443
2022-03-24 08:00:00,0.049829008591678624,0.6371601772847252
2022-03-24 09:00:00,0.0583881639019887,0.6373271591360626
2022-03-24 10:00:00,0.05474607232743694,0.6374835265364865
2022-03-24 11:00:00,0.05552787004585746,0.6376445310230715
2022-03-24 12:00:00,0.057570495320780374,0.6378046427126263
2022-03-24 13:00:00,0.05983222449944103,0.6379622855490868
2022-03-24 14:00:00,0.05614618471554799,0.6381171856309118
2022-03-24 15:00:00,0.05090860654576367,0.638276777647599
2022-03-24 16:00:00,0.04264242604143919,0.6384430010003823
2022-03-24 17:00:00,0.041936124334480886,0.6386196414203876
2022-03-24 18:00:00,0.04043974074944843,0.6387972490372829
2022-03-24 19:00:00,0.04008354439797424,0.6389768114315368
2022-03-24 20:00:00,0.04250921162029048,0.6391569033471853
2022-03-24 21:00:00,0.048089799262287715,0.6393340474327956
2022-03-24 22:00:00,0.04714394151785571,0.6395043000158341
2022-03-24 23:00:00,0.04307932630084187,0.6396758191309817
2022-03-25 00:00:00,0.03667763343425835,0.6398525032029835
2022-03-25 01:00:00,0.03741043839250903,0.6400372735567625
2022-03-25 02:00:00,0.03864437394707076,0.6402212120478558
2022-03-25 03:00:00,0.03557136345469843,0.6404036922407922
2022-03-25 04:00:00,0.03839774894663062,0.6405900977958618
2022-03-25 05:00:00,0.036778332396869715,0.6407730544457723
2022-03-25 06:00:00,0.0371292118186127,0.6409581194207203
2022-03-25 07:00:00,0.04014442026480365,0.6411428298283433
2022-03-25 08:00:00,0.04134246469184393,0.6413238552349186
2022-03-25 09:00:00,0.04632130930916419,0.6415034670729856
2022-03-25 10:00:00,0.05173550906091442,0.6416769393197779
2022-03-25 11:00:00,0.051806250147688575,0.6418437277588064
2022-03-25 12:00:00,0.05403720451899046,0.6420105116907876
2022-03-25 13:00:00,0.05833350485347006,0.6421745908264582
2022-03-25 14:00:00,0.058418395923977455,0.6423333834606635
2022-03-25 15:00:00,0.053986865010383606,0.6424921538322392
2022-03-25 16:00:00,0.047729379815883384,0.6426565474458784
2022-03-25 17:00:00,0.046650423375106435,0.6428288467216019
2022-03-25 18:00:00,0.043807512281474656,0.6430025784755942
2022-03-25 19:00:00,0.040200458547296876,0.6431799476282548
2022-03-25 20:00:00,0.041337607018333444,0.6433619093349249
2022-03-25 21:00:00,0.04726246897822017,0.6435425333198451
2022-03-25 22:00:00,0.04500768051992557,0.6437158349181088
2022-03-25 23:00:00,0.0437542999609452,0.6438920386696498
2022-03-26 00:00:00,0.04032620802572384,0.6440698927914622
2022-03-26 01:00:00,0.03903976508866302,0.6442521156495914
2022-03-26 02:00:00,0.0508948652101156,0.6444360301595717
2022-03-26 03:00:00,0.04759332441452621,0.6446052093693193
2022-03-26 04:00:00,0.048039785121165544,0.6447785990566764
2022-03-26 05:00:00,0.04761073525912895,0.6449515141964185
2022-03-26 06:00:00,0.049341079221482766,0.6451250491533664
2022-03-26 07:00:00,0.04976022049969973,0.645296504661807
2022-03-26 08:00:00,0.05101716825915277,0.6454675197016195
2022-03-26 09:00:00,0.05583796841743232,0.6456370469911838
2022-03-26 10:00:00,0.05977957158574533,0.6458006316914398
2022-03-26 11:00:00,0.060805460059762666,0.6459593727750202
2022-03-26 12:00:00,0.06356230840468649,0.6461169148616457
2022-03-26 13:00:00,0.06871377443999306,0.6462710942277872
2022-03-26 14:00:00,0.07076879197772187,0.6464189175775985
2022-03-26 15:00:00,0.06954731951385604,0.6465642554479256
2022-03-26 16:00:00,0.06408724485220323,0.6467112034274516
2022-03-26 17:00:00,0.05622820483985774,0.6468650597450619
2022-03-26 18:00:00,0.056069699200266346,0.6470288230835404
2022-03-26 19:00:00,0.053324703557655395,0.6471928677509737
2022-03-26 20:00:00,0.05317302082861007,0.6473604268358755
2022-03-26 21:00:00,0.05526231603972913,0.6475282586730707
2022-03-26 22:00:00,0.05300453746826708,0.6476935620160584
2022-03-26 23:00:00,0.04929373289939704,0.6478617706829484
2022-03-27 00:00:00,0.04972264169371935,0.648034700932076
2022-03-27 01:00:00,0.04959638814710783,0.6482071780975335
2022-03-27 03:00:00,0.04822483556942045,0.6483798961080001
2022-03-27 04:00:00,0.046097222657530246,0.6485544115629752
2022-03-27 05:00:00,0.03898985398088067,0.6487316695135446
2022-03-27 06:00:00,0.04694387381419201,0.6489178946300391
2022-03-27 07:00:00,0.045852532210857624,0.649094260152404
2022-03-27 08:00:00,0.04631427072694273,0.6492720727579748
2022-03-27 09:00:00,0.04701168657792673,0.6494493910720995
2022-03-27 10:00:00,0.04845111406258878,0.6496259204735639
2022-03-27 11:00:00,0.053397584084233445,0.6498007334232379
2022-03-27 12:00:00,0.05389225632749631,0.6499694460933193
2022-03-27 13:00:00,0.05767804162877245,0.650137623206358
2022-03-27 14:00:00,0.06340714760187718,0.6503011508463156
2022-03-27 15:00:00,0.06558332590048033,0.6504575998375937
2022-03-27 16:00:00,0.06482566789094714,0.6506114113149845
2022-03-27 17:00:00,0.05958752668647869,0.6507662525490294
2022-03-27 18:00:00,0.04864904818135906,0.6509277241188361
2022-03-27 19:00:00,0.050568688539696774,0.6511029514211017
2022-03-27 20:00:00,0.04782972786158261,0.6512758617822758
2022-03-27 21:00:00,0.04799041276531292,0.6514522784286402
2022-03-27 22:00:00,0.0508988469953925,0.6516285767781614
2022-03-27 23:00:00,0.05024685303851503,0.6518013221190829
2022-03-28 00:00:00,0.04844570534499987,0.6519749649614973
2022-03-28 01:00:00,0.04618838949759035,0.652150941722392
2022-03-28 02:00:00,0.04624360003998713,0.6523298225867331
2022-03-28 03:00:00,0.042257416634679475,0.6525087168712652
2022-03-28 04:00:00,0.04056757727885849,0.652692676293112
2022-03-28 05:00:00,0.03962442408204395,0.6528788303968586
2022-03-28 06:00:00,0.037959620400914405,0.6530662457994104
2022-03-28 07:00:00,0.037197753010565646,0.6532558245384351
2022-03-28 08:00:00,0.0410307117644635,0.6534464379180888
2022-03-28 09:00:00,0.04329578378487226,0.6536323423801685
2022-03-28 10:00:00,0.04937385449298684,0.6538154977575262
2022-03-28 11:00:00,0.056023437892329726,0.6539911377761949
2022-03-28 12:00:00,0.05676289901888494,0.654158548019661
2022-03-28 13:00:00,0.05967800336721603,0.6543251161150736
2022-03-28 14:00:00,0.06322363266676274,0.6544881224826713
2022-03-28 15:00:00,0.06351866834706682,0.6546467789404886
2022-03-28 16:00:00,0.06228929735770358,0.6548051487047309
2022-03-28 17:00:00,0.05930425146563479,0.6549651372578744
2022-03-28 18:00:00,0.04936448838903592,0.6551289391676444
2022-03-28 19:00:00,0.04760912022427393,0.655305247804576
2022-03-28 20:00:00,0.04682629579494386,0.655483832649042
2022-03-28 21:00:00,0.04742342922334203,0.6556634779953433
2022-03-28 22:00:00,0.05000520970388848,0.6558424588700859
2022-03-28 23:00:00,0.046101219660254,0.6560182944383405
2022-03-29 00:00:00,0.042817945877055674,0.6561990918871061
2022-03-29 01:00:00,0.0369563462805285,0.656384075294859
2022-03-29 02:00:00,0.038167901346738003,0.6565764675426251
2022-03-29 03:00:00,0.03753208691724794,0.6567674271607936
2022-03-29 04:00:00,0.03653718454511019,0.6569592633349095
2022-03-29 05:00:00,0.03666821155499804,0.6571524248985343
2022-03-29 06:00:00,0.0367935818026779,0.6573455044135317
2022-03-29 07:00:00,0.037242230280289064,0.6575385089244036
2022-03-29 08:00:00,0.03891001920353068,0.6577310343068697
2022-03-29 09:00:00,0.04492770632626069,0.6579215566088382
2022-03-29 10:00:00,0.050107730599652456,0.6581046384309827
2022-03-29 11:00:00,0.056717695757213,0.658281326825246
2022-03-29 12:00:00,0.05522252204517537,0.658449834338862
2022-03-29 13:00:00,0.05749277620006305,0.6586202923687148
2022-03-29 14:00:00,0.058258683182731766,0.658787994103226
2022-03-29 15:00:00,0.060576107166191676,0.658954819949574
2022-03-29 16:00:00,0.06363204902717541,0.6591188304846795
2022-03-29 17:00:00,0.06169106255399497,0.6592791025343246
2022-03-29 18:00:00,0.05393859283066543,0.6594418822320148
2022-03-29 19:00:00,0.05044951501054939,0.6596144339048583
2022-03-29 20:00:00,0.04550830592001718,0.6597914282859798
2022-03-29 21:00:00,0.04756966049261324,0.6599746805124292
2022-03-29 22:00:00,0.05030202538214816,0.6601554373525479
2022-03-29 23:00:00,0.047349043480057564,0.6603328600163177
2022-03-30 00:00:00,0.0445073159823094,0.6605140551600647
2022-03-30 01:00:00,0.0387258597569938,0.660698883688578
2022-03-30 02:00:00,0.038374042600149844,0.6608910202355199
2022-03-30 03:00:00,0.03956206923615648,0.661083677724766
2022-03-30 04:00:00,0.03648119491904847,0.6612749313242443
2022-03-30 05:00:00,0.04031607694461681,0.6614701171327739
2022-03-30 06:00:00,0.0384456148117667,0.6616605904275122
2022-03-30 07:00:00,0.03837524065137846,0.6618534828612015
2022-03-30 08:00:00,0.04027631291801686,0.6620465442963784
2022-03-30 09:00:00,0.04483693396980533,0.66223731039747
2022-03-30 10:00:00,0.052734150374388646,0.6624224567009138
2022-03-30 11:00:00,0.05644996527655803,0.6625978124348962
2022-03-30 12:00:00,0.05744409911547547,0.6627686043236309
2022-03-30 13:00:00,0.058110857975012364,0.6629382344407412
2022-03-30 14:00:00,0.061203539339307805,0.6631071119772037
2022-03-30 15:00:00,0.06317694434598935,0.6632722045020985
2022-03-30 16:00:00,0.0617868794577234,0.6634349110830416
2022-03-30 17:00:00,0.05966483875309978,0.6635994360295296
2022-03-30 18:00:00,0.0538383751844501,0.6637666942834192
2022-03-30 19:00:00,0.047318837387332814,0.6639413163453348
2022-03-30 20:00:00,0.045594582818765925,0.6641241685300652
2022-03-30 21:00:00,0.04803093439036553,0.6643092567055362
2022-03-30 22:00:00,0.05064957376439119,0.6644913800859927
2022-03-30 23:00:00,0.04765201961552102,0.6646703107835603
2022-03-31 00:00:00,0.04351536885407296,0.6648530690119797
2022-03-31 01:00:00,0.03809085513339359,0.6650410786138122
2022-03-31 02:00:00,0.03909976301991488,0.665235949389511
2022-03-31 03:00:00,0.03994254799727757,0.66542963953378
2022-03-31 04:00:00,0.03612821535447865,0.6656223566719268
2022-03-31 05:00:00,0.03656937284953645,0.6658199221726067
2022-03-31 06:00:00,0.03721988241216051,0.6660170166447358
2022-03-31 07:00:00,0.037090027820706466,0.6662133783697769
2022-03-31 08:00:00,0.037880416967430816,0.6664099827744285
2022-03-31 09:00:00,0.04280546108339546,0.6666056795254823
2022-03-31 10:00:00,0.04876809123346738,0.6667953002756499
2022-03-31 11:00:00,0.05307766708608188,0.6669775480137705
2022-03-31 12:00:00,0.05322113565964377,0.6671544890290565
2022-03-31 13:00:00,0.05336198096464642,0.667331330926906
2022-03-31 14:00:00,0.05423224405863269,0.6675080769576626
2022-03-31 15:00:00,0.052126636970888124,0.6676838153203069
2022-03-31 16:00:00,0.054034700375603165,0.6678622658237414
2022-03-31 17:00:00,0.05448496948651768,0.6680384113509851
2022-03-31 18:00:00,0.05355676317943967,0.668214074115998
2022-03-31 19:00:00,0.045744618193965726,0.6683909771841047
2022-03-31 20:00:00,0.04229380786856389,0.6685777254496637
2022-03-31 21:00:00,0.043411026579497344,0.6687688672153195
2022-03-31 22:00:00,0.048157807322832896,0.668958692415705
2022-03-31 23:00:00,0.04971615831836281,0.6691426640691671
2022-04-01 00:00:00,0.04571498740666621,0.6693247676837366
2022-04-01 01:00:00,0.0414664427502101,0.6695119526326025
2022-04-01 02:00:00,0.04234233937792935,0.6697045281037097
2022-04-01 03:00:00,0.04439568034166945,0.6698960885161759
2022-04-01 04:00:00,0.04151345534947962,0.6700851620352627
2022-04-01 05:00:00,0.041220467513699434,0.6702779180890559
2022-04-01 06:00:00,0.04056250052708635,0.6704711201017096
2022-04-01 07:00:00,0.041623300433375914,0.6706652242677211
2022-04-01 08:00:00,0.04549088098152725,0.670858082098992
2022-04-01 09:00:00,0.05081734576432371,0.6710461850901966
2022-04-01 10:00:00,0.05554112248116085,0.6712277096064774
2022-04-01 11:00:00,0.0644961749340598,0.6714034089783115
2022-04-01 12:00:00,0.06584536875165549,0.6715679940813829
2022-04-01 13:00:00,0.06543827642209535,0.6717309722092986
2022-04-01 14:00:00,0.06481175808620522,0.6718945386900144
2022-04-01 15:00:00,0.06339874043755891,0.6720589677762695
2022-04-01 16:00:00,0.06138700052930255,0.672225242562395
2022-04-01 17:00:00,0.05801904434173608,0.672394111421365
2022-04-01 18:00:00,0.05310302031592394,0.6725672695936369
2022-04-01 19:00:00,0.05080659473461914,0.6727466521340764
2022-04-01 20:00:00,0.046940289294234584,0.6729289845146545
2022-04-01 21:00:00,0.04806761559677777,0.6731162290551815
2022-04-01 22:00:00,0.05114775105700825,0.6733021436859239
2022-04-01 23:00:00,0.05024785256614881,0.673484287365339
2022-04-02 00:00:00,0.0488905814440998,0.6736676351057296
2022-04-02 01:00:00,0.043551826366842836,0.6738527585927077
2022-04-02 02:00:00,0.04409058214486987,0.6740446346509995
2022-04-02 03:00:00,0.038569631915672024,0.6742359163617776
2022-04-02 04:00:00,0.034829840330274725,0.6744341783272519
2022-04-02 05:00:00,0.03578300601245888,0.6746371940687781
2022-04-02 06:00:00,0.03497536550746198,0.6748390973593911
2022-04-02 07:00:00,0.035372802631207116,0.6750420891764038
2022-04-02 08:00:00,0.03688743665145355,0.6752446631423187
2022-04-02 09:00:00,0.03750828934873917,0.6754454227305128
2022-04-02 10:00:00,0.042920848520849736,0.6756454851370969
2022-04-02 11:00:00,0.046045308470027156,0.6758388606983939
2022-04-02 12:00:00,0.04950882075609774,0.6760284095078085
2022-04-02 13:00:00,0.05325804622173848,0.6762137077192549
2022-04-02 14:00:00,0.05410903685292057,0.6763943981605536
2022-04-02 15:00:00,0.05335716069905434,0.6765741035945019
2022-04-02 16:00:00,0.05089547664128496,0.676754827573795
2022-04-02 17:00:00,0.045347938544986525,0.6769387073274862
2022-04-02 18:00:00,0.03955621368614897,0.6771296001422563
2022-04-02 19:00:00,0.03745711128911566,0.6773278112206511
2022-04-02 20:00:00,0.037033808967978345,0.6775287247536452
2022-04-02 21:00:00,0.04047757176189627,0.6777302459601554
2022-04-02 22:00:00,0.0400767044401385,0.677927540977759
2022-04-02 23:00:00,0.03841521316845945,0.6781254155630312
2022-04-03 00:00:00,0.03670632916030757,0.6783254454647999
2022-04-03 01:00:00,0.03214346127705389,0.6785276898928356
2022-04-03 02:00:00,0.032930126711296095,0.678735716295792
2022-04-03 03:00:00,0.04295796495119604,0.6789428377257914
2022-04-03 04:00:00,0.04013785641904156,0.679137502685556
2022-04-03 05:00:00,0.0400473839350003,0.6793357710772393
2022-04-03 06:00:00,0.03998314137776317,0.6795342308244298
2022-04-03 07:00:00,0.04057648069695539,0.6797328491083271
2022-04-03 08:00:00,0.04105269586125449,0.6799308039201536
2022-04-03 09:00:00,0.0385362517929895,0.6801282416336306
2022-04-03 10:00:00,0.04590039673451635,0.6803289030412865
2022-04-03 11:00:00,0.04973628525105815,0.6805204373753061
2022-04-03 12:00:00,0.04929644944861897,0.6807072549246278
2022-04-03 13:00:00,0.051323355401533155,0.6808947003130174
2022-04-03 14:00:00,0.0588741618299375,0.6810796900816073
2022-04-03 15:00:00,0.0607018737363793,0.6812553193230899
2022-04-03 16:00:00,0.06178868910148792,0.6814287418738642
2022-04-03 17:00:00,0.05835134081710097,0.6816008838228131
2022-04-03 18:00:00,0.049269881818042364,0.6817774003426651
2022-04-03 19:00:00,0.04360187648408244,0.6819653465399397
2022-04-03 20:00:00,0.04735941484974356,0.6821604555656418
2022-04-03 21:00:00,0.049216160552274395,0.682350945458193
2022-04-03 22:00:00,0.04766406508125617,0.6825391921764284
2022-04-03 23:00:00,0.04927274117691161,0.6827294567397812
2022-04-04 00:00:00,0.04777416424561919,0.6829177881517192
2022-04-04 01:00:00,0.04289388046540336,0.6831080704464122
2022-04-04 02:00:00,0.043571795391226575,0.6833045307252676
2022-04-04 03:00:00,0.04337263099121058,0.6835002212077094
2022-04-04 04:00:00,0.04005235282375819,0.683696238210661
2022-04-04 05:00:00,0.03998503843735008,0.6838964830940583
2022-04-04 06:00:00,0.039789107814133515,0.6840968896208617
2022-04-04 07:00:00,0.04055119612436621,0.6842976185290138
2022-04-04 08:00:00,0.04427024808916701,0.6844974722624548
2022-04-04 09:00:00,0.05017660260134069,0.6846927545841835
2022-04-04 10:00:00,0.05591589398845743,0.684880731333543
2022-04-04 11:00:00,0.05676607660363334,0.6850616113069269
2022-04-04 12:00:00,0.06597211100016984,0.6852415058577478
2022-04-04 13:00:00,0.06704464915555802,0.6854099701386869
2022-04-04 14:00:00,0.06722930415635052,0.6855771709874137
2022-04-04 15:00:00,0.06558526041779923,0.6857442182251997
2022-04-04 16:00:00,0.06331800215446032,0.6859133976927579
2022-04-04 17:00:00,0.06126873590071461,0.6860854883754932
2022-04-04 18:00:00,0.056630035769840416,0.6862602177506029
2022-04-04 19:00:00,0.05274889355523327,0.6864408225776029
2022-04-04 20:00:00,0.05442399544247927,0.6866263558762279
2022-04-04 21:00:00,0.05610382266576705,0.6868098723084408
2022-04-04 22:00:00,0.05458407612542769,0.6869913659346224
2022-04-04 23:00:00,0.050062283492238735,0.6871748361889881
2022-04-05 00:00:00,0.04917351512376525,0.6873640355961256
2022-04-05 01:00:00,0.04348834412988389,0.6875544228426359
2022-04-05 02:00:00,0.044039663154040204,0.6877519933986931
2022-04-05 03:00:00,0.046211924836248565,0.6879489516186276
2022-04-05 04:00:00,0.049074448525870965,0.68814327129093
2022-04-05 05:00:00,0.048601034597679234,0.688334089554865
2022-04-05 06:00:00,0.04876149638233368,0.6885255762991891
2022-04-05 07:00:00,0.048422077409734546,0.6887169391459562
2022-04-05 08:00:00,0.04462047618357797,0.6889088029127682
2022-04-05 09:00:00,0.047468902295628064,0.6891054952940582
2022-04-05 10:00:00,0.05516945760507155,0.6892987037222299
2022-04-05 11:00:00,0.06272297878323116,0.6894823630023238
2022-04-05 12:00:00,0.0692855755447339,0.6896566568935018
2022-04-05 13:00:00,0.0684309549707237,0.6898228240177431
2022-04-05 14:00:00,0.06777204215398656,0.6899901358631363
2022-04-05 15:00:00,0.06518137298401673,0.6901583477613645
2022-04-05 16:00:00,0.06406799874226393,0.6903298743742098
2022-04-05 17:00:00,0.06368792119461876,0.6905028690493129
2022-04-05 18:00:00,0.05656828760380696,0.6906764151320682
2022-04-05 19:00:00,0.055129489034724,0.6908589370337523
2022-04-05 20:00:00,0.054445690263122466,0.6910433336767714
2022-04-05 21:00:00,0.05171182251804032,0.6912286612775228
2022-04-05 22:00:00,0.0527677696177849,0.6914174823883283
2022-04-05 23:00:00,0.0512916993648595,0.6916050597066977
2022-04-06 00:00:00,0.05079307403652688,0.6917945582203484
2022-04-06 01:00:00,0.04793913449590451,0.691984756089112
2022-04-06 02:00:00,0.04662543636620041,0.6921785974217023
2022-04-06 03:00:00,0.04583261673183552,0.6923741568822648
2022-04-06 04:00:00,0.044282639396006775,0.6925707833385504
2022-04-06 05:00:00,0.04343001598061741,0.6927694232035169
2022-04-06 06:00:00,0.04352645878444214,0.6929692047505558
2022-04-06 07:00:00,0.04271954913934874,0.6931689416126459
2022-04-06 08:00:00,0.046072103759539663,0.6933697629460621
2022-04-06 09:00:00,0.04940120632257097,0.6935664693861479
2022-04-06 10:00:00,0.058087101684665896,0.6937590902136103
2022-04-06 11:00:00,0.06724363732985532,0.6939409294030474
2022-04-06 12:00:00,0.06781889385542351,0.6941113986196634
2022-04-06 13:00:00,0.0664896865692718,0.6942812244278768
2022-04-06 14:00:00,0.06687854697414271,0.694452787372932
2022-04-06 15:00:00,0.06545374804326387,0.6946239398356566
2022-04-06 16:00:00,0.06569428383974507,0.6947969488556225
2022-04-06 17:00:00,0.06381251808126813,0.6949697327297838
2022-04-06 18:00:00,0.06061237304519843,0.6951449443004087
2022-04-06 19:00:00,0.05767679946102419,0.69532423150688
2022-04-06 20:00:00,0.05320354292592402,0.6955072636001296
2022-04-06 21:00:00,0.05160101744116785,0.6956959626490542
2022-04-06 22:00:00,0.0536300361247313,0.6958867402050102
2022-04-06 23:00:00,0.051532712569386505,0.6960750568029176
2022-04-07 00:00:00,0.05083932358346169,0.6962660703356669
2022-04-07 01:00:00,0.04497649459484675,0.6964580258500994
2022-04-07 02:00:00,0.045043552320931546,0.6966573851112328
2022-04-07 03:00:00,0.04280535726241139,0.6968567357256492
2022-04-07 04:00:00,0.042915982374105606,0.6970589592242664
2022-04-07 05:00:00,0.040738603460811734,0.69726111954677
2022-04-07 06:00:00,0.04086357209558552,0.6974660766630507
2022-04-07 07:00:00,0.0405613927964332,0.6976709526034948
2022-04-07 08:00:00,0.042118932715759595,0.6978762812678019
2022-04-07 09:00:00,0.04857257414829239,0.6980797379716928
2022-04-07 10:00:00,0.05286739949439082,0.6982752025529813
2022-04-07 11:00:00,0.05837530572305015,0.6984653734964421
2022-04-07 12:00:00,0.06260527104686348,0.6986487344156004
2022-04-07 13:00:00,0.060865067267494646,0.6988268827011768
2022-04-07 14:00:00,0.05988492610802624,0.6990072810291015
2022-04-07 15:00:00,0.05783887279340936,0.6991889792856124
2022-04-07 16:00:00,0.056901311865439175,0.6993733098253777
2022-04-07 17:00:00,0.05656462145166533,0.6995588869973499
2022-04-07 18:00:00,0.05528568117024946,0.6997449596777837
2022-04-07 19:00:00,0.05510861432646788,0.6999327056433727
2022-04-07 20:00:00,0.053057928607982,0.7001207475166404
2022-04-07 21:00:00,0.051358223121645175,0.7003114272854626
2022-04-07 22:00:00,0.05359862897270277,0.7005043061887929
2022-04-07 23:00:00,0.05215254764235616,0.7006944590516652
2022-04-08 00:00:00,0.0499605237846364,0.7008864939472235
2022-04-08 01:00:00,0.04603350817926052,0.701081343267756
2022-04-08 02:00:00,0.044227699849964795,0.701281175717038
2022-04-08 03:00:00,0.04507219949299878,0.7014833397500267
2022-04-08 04:00:00,0.044017028879240444,0.7016845224457712
2022-04-08 05:00:00,0.04367981041291624,0.7018870983560683
2022-04-08 06:00:00,0.04479953279905127,0.7020901700046717
2022-04-08 07:00:00,0.04357901602524914,0.7022919161794152
2022-04-08 08:00:00,0.04689766267668923,0.7024952621431103
2022-04-08 09:00:00,0.04851231647503834,0.7026945339052988
2022-04-08 10:00:00,0.05543306575628553,0.7028918614208323
2022-04-08 11:00:00,0.05982450696659537,0.7030806120341041
2022-04-08 12:00:00,0.06302715841678741,0.703263947343912
2022-04-08 13:00:00,0.06251156622086307,0.703443353301127
2022-04-08 14:00:00,0.06120899327465351,0.7036234776739396
2022-04-08 15:00:00,0.05894786642178492,0.7038053041518827
2022-04-08 16:00:00,0.05803421211623214,0.7039900308908963
2022-04-08 17:00:00,0.05706495172331369,0.7041759735138151
2022-04-08 18:00:00,0.056009902215748086,0.7043632014917293
2022-04-08 19:00:00,0.052457148791567584,0.704551822024475
2022-04-08 20:00:00,0.04947179916232245,0.7047449572053529
2022-04-08 21:00:00,0.049625843381284715,0.7049418977429864
2022-04-08 22:00:00,0.04959288437931521,0.7051387193583946
2022-04-08 23:00:00,0.05098122776524329,0.7053356557688947
2022-04-09 00:00:00,0.05213819794790105,0.7055309303097552
2022-04-09 01:00:00,0.04339323001113623,0.705724832160696
2022-04-09 02:00:00,0.04489012034199385,0.7059297387075439
2022-04-09 03:00:00,0.04087459005084676,0.7061328475906045
2022-04-09 04:00:00,0.037161462842946844,0.7063410492987573
2022-04-09 05:00:00,0.03592731816188475,0.7065539657912127
2022-04-09 06:00:00,0.03682823305160056,0.7067684983028387
2022-04-09 07:00:00,0.035674235456703396,0.7069819779721608
2022-04-09 08:00:00,0.03559975853069324,0.7071969734027359
2022-04-09 09:00:00,0.03524496659467179,0.7074121351566415
2022-04-09 10:00:00,0.03479718553574236,0.7076278135905159
2022-04-09 11:00:00,0.03855140569600813,0.7078441249036008
2022-04-09 12:00:00,0.04689141671513822,0.708055816557173
2022-04-09 13:00:00,0.047745709497312515,0.7082571562754216
2022-04-09 14:00:00,0.048503495268692756,0.7084575011688682
2022-04-09 15:00:00,0.048531597438534975,0.708656971833964
2022-04-09 16:00:00,0.045679697297449404,0.7088564803378613
2022-04-09 17:00:00,0.03983357600266563,0.7090596266460613
2022-04-09 18:00:00,0.037401845593902576,0.7092701534975812
2022-04-09 19:00:00,0.03690432615386997,0.7094837928663511
2022-04-09 20:00:00,0.03600988862708304,0.7096981269511603
2022-04-09 21:00:00,0.0371132584947485,0.70991365186208
2022-04-09 22:00:00,0.03825147854863505,0.7101278703022923
2022-04-09 23:00:00,0.03880777965678479,0.7103407386714523
2022-04-10 00:00:00,0.037860551555437376,0.7105529843305927
2022-04-10 01:00:00,0.034054951220760625,0.7107664866535381
2022-04-10 02:00:00,0.03457271135964463,0.7109848185678562
2022-04-10 03:00:00,0.044568763646166,0.7112025758351932
2022-04-10 04:00:00,0.04176861104379474,0.7114079105525656
2022-04-10 05:00:00,0.04236404554907847,0.7116168179382482
2022-04-10 06:00:00,0.04181373648160057,0.7118250534704829
2022-04-10 07:00:00,0.04054838403416699,0.7120340492908247
2022-04-10 08:00:00,0.04093871655938386,0.7122446991655506
2022-04-10 09:00:00,0.04080253232236592,0.7124549334504593
2022-04-10 10:00:00,0.04500396169141895,0.7126654102534812
2022-04-10 11:00:00,0.05148791895982549,0.7128707075195488
2022-04-10 12:00:00,0.05577233309190834,0.7130679720506912
2022-04-10 13:00:00,0.05535305041700822,0.7132599532376946
2022-04-10 14:00:00,0.0580834989553984,0.7134525306633968
2022-04-10 15:00:00,0.06014064860771408,0.7136417671255726
2022-04-10 16:00:00,0.05934503313513126,0.7138285042095844
2022-04-10 17:00:00,0.05592624065392846,0.7140163078335559
2022-04-10 18:00:00,0.049825684663403855,0.7142084569304282
2022-04-10 19:00:00,0.04604645847014092,0.7144083036662316
2022-04-10 20:00:00,0.048224411001143774,0.7146129463403259
2022-04-10 21:00:00,0.051583978254078615,0.7148149384408752
2022-04-10 22:00:00,0.05049766875701051,0.7150128029110095
2022-04-10 23:00:00,0.049102994709584576,0.7152120970581621
2022-04-11 00:00:00,0.05091930478086777,0.7154132062994795
2022-04-11 01:00:00,0.04484025201956348,0.7156121168662347
2022-04-11 02:00:00,0.0460462465728091,0.7158186979233535
2022-04-11 03:00:00,0.047926434797717715,0.7160238431230406
2022-04-11 04:00:00,0.04391221830518296,0.7162267096845174
2022-04-11 05:00:00,0.04541892110594135,0.716434665574955
2022-04-11 06:00:00,0.0440369667709695,0.7166408096064744
2022-04-11 07:00:00,0.0424877293525614,0.7168487525616956
2022-04-11 08:00:00,0.044286191158619266,0.7170587035056368
2022-04-11 09:00:00,0.04546196701232575,0.7172664777753947
2022-04-11 10:00:00,0.04826664780280704,0.7174728536894999
2022-04-11 11:00:00,0.054555618108477894,0.7176757950778352
2022-04-11 12:00:00,0.05785050083335999,0.7178709465395235
2022-04-11 13:00:00,0.06014993072247626,0.7180620506450212
2022-04-11 14:00:00,0.062855610322803,0.7182503516713165
2022-04-11 15:00:00,0.06423928710738062,0.7184353417671774
2022-04-11 16:00:00,0.06262068302264527,0.7186186733969939
2022-04-11 17:00:00,0.05924897462596386,0.7188040993726866
2022-04-11 18:00:00,0.05554723532037569,0.7189938110354426
2022-04-11 19:00:00,0.04902797409674007,0.7191882208846586
2022-04-11 20:00:00,0.052453678665932674,0.7193908507834564
2022-04-11 21:00:00,0.054791377452242565,0.7195892694852826
2022-04-11 22:00:00,0.05202790993473401,0.7197848369580169
2022-04-11 23:00:00,0.05143537265563396,0.7199839296201537
2022-04-12 00:00:00,0.05018847944875529,0.7201838337694731
2022-04-12 01:00:00,0.04457977951155593,0.7203853673114268
2022-04-12 02:00:00,0.046632445006693765,0.7205939824649328
2022-04-12 03:00:00,0.045619345895372795,0.7208001024836699
2022-04-12 04:00:00,0.04517002765494971,0.7210075595338286
2022-04-12 05:00:00,0.04119523971637605,0.7212156488497166
2022-04-12 06:00:00,0.04237838987576112,0.7214287772288164
2022-04-12 07:00:00,0.0418692006804547,0.7216404972088293
2022-04-12 08:00:00,0.045283227343647675,0.7218529241742359
2022-04-12 09:00:00,0.05408592065703728,0.7220611540654641
2022-04-12 10:00:00,0.058906623840612425,0.7222584510094161
2022-04-12 11:00:00,0.06483378482552338,0.7224497924539326
2022-04-12 12:00:00,0.06552737534143566,0.7226337952869043
2022-04-12 13:00:00,0.06533631681997829,0.7228170014315236
2022-04-12 14:00:00,0.06679913154842973,0.7230005166591573
2022-04-12 15:00:00,0.06704317976697036,0.7231822735882769
2022-04-12 16:00:00,0.06725612528899125,0.7233637956370175
2022-04-12 17:00:00,0.06659366456389365,0.7235451216437113
2022-04-12 18:00:00,0.06388782804710168,0.7237273458260929
2022-04-12 19:00:00,0.06460689230017169,0.7239130223637912
2022-04-12 20:00:00,0.05715417089874483,0.7240978700906975
2022-04-12 21:00:00,0.058547900356356326,0.7242921036986972
2022-04-12 22:00:00,0.05692462089146652,0.724484665083998
2022-04-12 23:00:00,0.055601079316407266,0.7246793254674985
2022-04-13 00:00:00,0.05144414014052176,0.7248757101365458
2022-04-13 01:00:00,0.04633122642841202,0.7250773607978146
2022-04-13 02:00:00,0.04589566558037707,0.7252854723791127
2022-04-13 03:00:00,0.046351245180002075,0.7254941981489617
2022-04-13 04:00:00,0.04394970063681548,0.7257024241413679
2022-04-13 05:00:00,0.0446859347498975,0.7259137217210399
2022-04-13 06:00:00,0.042711587943323776,0.7261241686241513
2022-04-13 07:00:00,0.04362929585334872,0.7263371530363102
2022-04-13 08:00:00,0.04886068156506048,0.7265490598485433
2022-04-13 09:00:00,0.05377582459218994,0.7267544969229854
2022-04-13 10:00:00,0.060032659722864826,0.7269538595223431
2022-04-13 11:00:00,0.06824850761211945,0.7271454704908024
2022-04-13 12:00:00,0.0690210776184413,0.7273268810216945
2022-04-13 13:00:00,0.06543152235621127,0.7275073951716171
2022-04-13 14:00:00,0.06394029917996973,0.727692465556364
2022-04-13 15:00:00,0.062533532561139,0.7278794692200004
2022-04-13 16:00:00,0.06306642590426992,0.7280683005509663
2022-04-13 17:00:00,0.06236559698008431,0.7282565349334107
2022-04-13 18:00:00,0.060391933037207086,0.7284457144792335
2022-04-13 19:00:00,0.057041025512002706,0.7286374301912383
2022-04-13 20:00:00,0.057668321324518136,0.7288334035828976
2022-04-13 21:00:00,0.05940357114970419,0.7290286618589984
2022-04-13 22:00:00,0.05922212245531627,0.7292218200359485
2022-04-13 23:00:00,0.05367311038274333,0.7294152739457855
2022-04-14 00:00:00,0.05016423407838472,0.7296157330015849
2022-04-14 01:00:00,0.04440371993698128,0.7298206469924535
2022-04-14 02:00:00,0.04665665650832065,0.7300328304244696
2022-04-14 03:00:00,0.04525552892222154,0.7302422664429888
2022-04-14 04:00:00,0.044194767575124395,0.7304535225869189
2022-04-14 05:00:00,0.04623374265613135,0.7306661733571368
2022-04-14 06:00:00,0.04809107127028664,0.7308763440417478
2022-04-14 07:00:00,0.048140734230272174,0.7310842616574407
2022-04-14 08:00:00,0.04878459833398522,0.7312921857448528
2022-04-14 09:00:00,0.05245353994629745,0.731499373511089
2022-04-14 10:00:00,0.05722089736826267,0.7317020435677628
2022-04-14 11:00:00,0.06309664163851612,0.7318988228535764
2022-04-14 12:00:00,0.06538111377538673,0.7320883258433982
2022-04-14 13:00:00,0.06312623993926395,0.7322750415857886
2022-04-14 14:00:00,0.06201516808805982,0.7324646442215723
2022-04-14 15:00:00,0.05929983932363573,0.7326557039565916
2022-04-14 16:00:00,0.05765733831270288,0.7328502260702763
2022-04-14 17:00:00,0.057543503760257825,0.7330468694861876
2022-04-14 18:00:00,0.05732757975537385,0.7332437233294706
2022-04-14 19:00:00,0.053280985888569964,0.7334409151701239
2022-04-14 20:00:00,0.05225563889700291,0.7336432333036228
2022-04-14 21:00:00,0.053081252725925156,0.7338469011294864
2022-04-14 22:00:00,0.0503189309369332,0.734049604904767
2022-04-14 23:00:00,0.05280236129580408,0.7342558295070301
2022-04-15 00:00:00,0.05258381559600838,0.7344590177040989
2022-04-15 01:00:00,0.04601312696086971,0.73466254692402
2022-04-15 02:00:00,0.04819607861107908,0.7348743573034009
2022-04-15 03:00:00,0.048740531550166985,0.7350835067497882
2022-04-15 04:00:00,0.04700535685727499,0.7352920433444393
2022-04-15 05:00:00,0.04766508008539886,0.735502816579728
2022-04-15 06:00:00,0.0491519447222568,0.7357128327910519
2022-04-15 07:00:00,0.0486514417592785,0.7359210580094142
2022-04-15 08:00:00,0.04545155343965781,0.736129976402044
2022-04-15 09:00:00,0.0540354182457031,0.7363429621583317
2022-04-15 10:00:00,0.057891278153176164,0.73654528554453
2022-04-15 11:00:00,0.06732964425547963,0.7367428565243873
2022-04-15 12:00:00,0.06966154976634345,0.7369286969227505
2022-04-15 13:00:00,0.0690237675114035,0.7371116897729149
2022-04-15 14:00:00,0.07092103896926541,0.7372955471421085
2022-04-15 15:00:00,0.06888044064547542,0.7374771001706772
2022-04-15 16:00:00,0.06769667427777881,0.7376612711532999
2022-04-15 17:00:00,0.0635181017956412,0.7378469890074488
2022-04-15 18:00:00,0.059207049127759974,0.7380379971981499
2022-04-15 19:00:00,0.05810136530581248,0.7382344612829834
2022-04-15 20:00:00,0.056891668163757014,0.7384323745082059
2022-04-15 21:00:00,0.057679580358202226,0.7386318668477467
2022-04-15 22:00:00,0.05765373778459782,0.7388304412471801
2022-04-15 23:00:00,0.055967160118953314,0.7390291148571765
2022-04-16 00:00:00,0.05381153653361116,0.7392299635537768
2022-04-16 01:00:00,0.04873884725344039,0.7394335736015223
2022-04-16 02:00:00,0.04676690287846484,0.7396435912896386
2022-04-16 03:00:00,0.04314687785847296,0.7398561406440672
2022-04-16 04:00:00,0.039870522901875156,0.7400732817226529
2022-04-16 05:00:00,0.039195524724123895,0.7402945848948204
2022-04-16 06:00:00,0.038358371662764366,0.7405167984215661
2022-04-16 07:00:00,0.03821364275244749,0.7407401249534303
2022-04-16 08:00:00,0.03947863493261155,0.7409636989171254
2022-04-16 09:00:00,0.041385935709752075,0.7411857581181556
2022-04-16 10:00:00,0.04441976747676632,0.7414054996276075
2022-04-16 11:00:00,0.054077046934664356,0.7416215152385427
2022-04-16 12:00:00,0.06195750564775858,0.7418255255981121
2022-04-16 13:00:00,0.061332312739734066,0.7420197516889773
2022-04-16 14:00:00,0.059210407449797144,0.742214825532361
2022-04-16 15:00:00,0.05840182911935039,0.7424126179754028
2022-04-16 16:00:00,0.05850448530136657,0.7426114873160318
2022-04-16 17:00:00,0.05469195583276092,0.7428102944677014
2022-04-16 18:00:00,0.04544229709860819,0.7430139333690351
2022-04-16 19:00:00,0.04326709749096597,0.743229200388141
2022-04-16 20:00:00,0.046826741320695725,0.7434472524076032
2022-04-16 21:00:00,0.049176062669213164,0.7436609208295832
2022-04-16 22:00:00,0.04718236825006083,0.7438717185136068
2022-04-16 23:00:00,0.045540074167190865,0.7440850741857739
2022-04-17 00:00:00,0.04569746178478435,0.7443005485520207
2022-04-17 01:00:00,0.04337874044885241,0.7445158919665442
2022-04-17 02:00:00,0.04272764229810227,0.7447341995218253
2022-04-17 03:00:00,0.04980411052986937,0.7449533866451373
2022-04-17 04:00:00,0.04757914821870875,0.7451637938347233
2022-04-17 05:00:00,0.04687291704134167,0.7453770478349493
2022-04-17 06:00:00,0.047006207285711615,0.7455912501880517
2022-04-17 07:00:00,0.046999865804076266,0.7458053514483735
2022-04-17 08:00:00,0.047911453844044875,0.746019526111658
2022-04-17 09:00:00,0.05086116564642822,0.746232626722056
2022-04-17 10:00:00,0.05794809599014063,0.7464421055808833
2022-04-17 11:00:00,0.06465649782727957,0.7466427911209484
2022-04-17 12:00:00,0.06418885997930919,0.7468351564588362
2022-04-17 13:00:00,0.061952105880670974,0.7470281716000711
2022-04-17 14:00:00,0.06354850986121797,0.7472240478958507
2022-04-17 15:00:00,0.06469904275641343,0.7474179938544272
2022-04-17 16:00:00,0.06274735038737175,0.7476105667704744
2022-04-17 17:00:00,0.0591161878521239,0.7478056443813567
2022-04-17 18:00:00,0.05568275622400416,0.7480053259805319
2022-04-17 19:00:00,0.05376182336740511,0.7482093643600833
2022-04-17 20:00:00,0.05055358439748212,0.7484158688522299
2022-04-17 21:00:00,0.0532009745538378,0.7486264485452634
2022-04-17 22:00:00,0.049748225110063805,0.7488337838583927
2022-04-17 23:00:00,0.05111693611136904,0.7490454999217012
2022-04-18 00:00:00,0.052767797570432595,0.7492555698651826
2022-04-18 01:00:00,0.04948621863700639,0.7494636409562814
2022-04-18 02:00:00,0.0494740762585794,0.7496758787009714
2022-04-18 03:00:00,0.04672227619138263,0.749888196259009
2022-04-18 04:00:00,0.04368663089950667,0.7501040181579222
2022-04-18 05:00:00,0.04425229399089705,0.750323699159625
2022-04-18 06:00:00,0.04423387519420125,0.7505427375839892
2022-04-18 07:00:00,0.04552701488039928,0.7507618634886918
2022-04-18 08:00:00,0.04866036986679429,0.7509794373809133
2022-04-18 09:00:00,0.052374205076883035,0.7511931589467794
2022-04-18 10:00:00,0.0614920364806292,0.7514023025412283
2022-04-18 11:00:00,0.07192095986004621,0.7516001131242026
2022-04-18 12:00:00,0.0753648640879948,0.7517849517858843
2022-04-18 13:00:00,0.07471180637361849,0.7519655497553315
2022-04-18 14:00:00,0.0753384528883986,0.7521470281900574
2022-04-18 15:00:00,0.07315370739067766,0.7523277874148284
2022-04-18 16:00:00,0.07163939012268336,0.7525113416246796
2022-04-18 17:00:00,0.0706512177037671,0.7526968527393104
2022-04-18 18:00:00,0.07035527989308062,0.7528836630326133
2022-04-18 19:00:00,0.06427693403395837,0.7530709071662488
2022-04-18 20:00:00,0.06306084033049061,0.7532658131051653
2022-04-18 21:00:00,0.06315094496932826,0.7534623029890233
2022-04-18 22:00:00,0.06017519785633879,0.7536587440247172
2022-04-18 23:00:00,0.055568162994509736,0.7538589684817262
2022-04-19 00:00:00,0.0517628976877164,0.7540650154244929
2022-04-19 01:00:00,0.0492127862717583,0.7542758825957974
2022-04-19 02:00:00,0.051323347052171994,0.7544900010079673
2022-04-19 03:00:00,0.051510201199310594,0.7547015447754154
2022-04-19 04:00:00,0.04839188603161866,0.7549129184860591
2022-04-19 05:00:00,0.04495523670258236,0.755128253556135
2022-04-19 06:00:00,0.044060677660659395,0.755347947857905
2022-04-19 07:00:00,0.044105203410375333,0.7555688237330381
2022-04-19 08:00:00,0.047424545710056394,0.7557897072800399
2022-04-19 09:00:00,0.04876508457449166,0.7560065049326854
2022-04-19 10:00:00,0.05811234462402115,0.7562216901496986
2022-04-19 11:00:00,0.06464265024874556,0.7564252544839958
2022-04-19 12:00:00,0.07296259346121327,0.7566207190829728
2022-04-19 13:00:00,0.07398713808257187,0.7568058468539774
2022-04-19 14:00:00,0.07538114520446049,0.7569897569995486
2022-04-19 15:00:00,0.07518888472873372,0.7571719876458283
2022-04-19 16:00:00,0.07460256799790135,0.7573545215815486
2022-04-19 17:00:00,0.07450288828782901,0.7575378513312311
2022-04-19 18:00:00,0.06997948280798112,0.7577213685527703
2022-04-19 19:00:00,0.06163075988473834,0.7579106028575164
2022-04-19 20:00:00,0.061466046974630185,0.7581103358463795
2022-04-19 21:00:00,0.06255201028219144,0.7583103374609166
2022-04-19 22:00:00,0.059084515992252444,0.7585090443098966
2022-04-19 23:00:00,0.0566276705972159,0.7587121481693255
2022-04-20 00:00:00,0.05388151612537444,0.7589183856820613
2022-04-20 01:00:00,0.05020658887788857,0.7591281184383943
2022-04-20 02:00:00,0.05094307844486397,0.7593425073582065
2022-04-20 03:00:00,0.046608194561147155,0.7595560381243599
2022-04-20 04:00:00,0.046499637496468633,0.7597750499075159
2022-04-20 05:00:00,0.0462904890955525,0.7599942597529665
2022-04-20 06:00:00,0.04561002411326646,0.760213793353666
2022-04-20 07:00:00,0.045912329136265626,0.7604342398090927
2022-04-20 08:00:00,0.044739115030687365,0.7606543706104598
2022-04-20 09:00:00,0.05564142117130537,0.7608760301103656
2022-04-20 10:00:00,0.061750609935291814,0.7610841238621583
2022-04-20 11:00:00,0.06715916632362941,0.7612846432161822
2022-04-20 12:00:00,0.06870632020659323,0.7614784639164986
2022-04-20 13:00:00,0.06940303464255092,0.7616704126697994
2022-04-20 14:00:00,0.06884483309798275,0.7618615524789212
2022-04-20 15:00:00,0.07358931313108011,0.7620534519423356
2022-04-20 16:00:00,0.07777241104725881,0.7622394826615351
2022-04-20 17:00:00,0.07808276333774135,0.762420346317598
2022-04-20 18:00:00,0.07576580857033664,0.7626008837959574
2022-04-20 19:00:00,0.05937410177315544,0.7627843791838043
2022-04-20 20:00:00,0.06069620860827504,0.7629884258745131
2022-04-20 21:00:00,0.060999829784913674,0.7631908815543488
2022-04-20 22:00:00,0.05985296252602171,0.7633930192836582
2022-04-20 23:00:00,0.0553481547220382,0.7635966521262278
2022-04-21 00:00:00,0.05650916197840948,0.7638059774609494
2022-04-21 01:00:00,0.04976311090613949,0.764013912972176
2022-04-21 02:00:00,0.04910081157143704,0.7642303424359659
2022-04-21 03:00:00,0.04734535304194434,0.7644476611157623
2022-04-21 04:00:00,0.0452967414491493,0.764667235413643
2022-04-21 05:00:00,0.04473121970653751,0.7648894317239895
2022-04-21 06:00:00,0.04360402237255043,0.7651123961375099
2022-04-21 07:00:00,0.042441420929129184,0.765336830701683
2022-04-21 08:00:00,0.04409741757132474,0.7655627796246035
2022-04-21 09:00:00,0.053438869514788316,0.7657867196115911
2022-04-21 10:00:00,0.061790991297781185,0.7659990437964141
2022-04-21 11:00:00,0.06795600883101742,0.7662009887946372
2022-04-21 12:00:00,0.06796203736472127,0.7663952884394046
2022-04-21 13:00:00,0.06794232674905343,0.7665896414197672
2022-04-21 14:00:00,0.06755345078694792,0.766784079862431
2022-04-21 15:00:00,0.06611496737431763,0.7669790651768178
2022-04-21 16:00:00,0.06598742785698841,0.7671759093249478
2022-04-21 17:00:00,0.06502550898491759,0.767372973579628
2022-04-21 18:00:00,0.06330588752209398,0.7675713008676963
2022-04-21 19:00:00,0.05819470049726909,0.7677718382700048
2022-04-21 20:00:00,0.055072995850985094,0.7679788251960884
2022-04-21 21:00:00,0.0557605451636184,0.7681897747455251
2022-04-21 22:00:00,0.056135026593513264,0.7683999253033863
2022-04-21 23:00:00,0.05434475541961676,0.7686096681570144
2022-04-22 00:00:00,0.052238334428045166,0.7688217091996221
2022-04-22 01:00:00,0.05041466652387537,0.7690364435709084
2022-04-22 02:00:00,0.050473661420964766,0.7692535177819099
2022-04-22 03:00:00,0.04878708368795664,0.7694705784564897
2022-04-22 04:00:00,0.0460833218692005,0.7696898075127695
2022-04-22 05:00:00,0.04611256138082814,0.7699124763831594
2022-04-22 06:00:00,0.04539066149255537,0.7701351687682684
2022-04-22 07:00:00,0.04534376970231295,0.7703588235445874
2022-04-22 08:00:00,0.04843002726692703,0.7705825969042042
2022-04-22 09:00:00,0.05249519443850891,0.7708025723626044
2022-04-22 10:00:00,0.05248584859348478,0.771017526234928
2022-04-22 11:00:00,0.06385785597242152,0.7712325516145636
2022-04-22 12:00:00,0.06780295988720801,0.7714334217620681
2022-04-22 13:00:00,0.06767826508490665,0.7716294202588279
2022-04-22 14:00:00,0.07211002505958837,0.7718256343052647
2022-04-22 15:00:00,0.07150056661559913,0.7720163682849023
2022-04-22 16:00:00,0.07024358368845869,0.7722079236727281
2022-04-22 17:00:00,0.06845060760771453,0.7724011098262793
2022-04-22 18:00:00,0.06491945596113867,0.7725965966889009
2022-04-22 19:00:00,0.05731455616982296,0.7727965569319224
2022-04-22 20:00:00,0.055764225089641364,0.7730060826923664
2022-04-22 21:00:00,0.056617159346244623,0.7732176057111549
2022-04-22 22:00:00,0.05725031883698897,0.7734281218583976
2022-04-22 23:00:00,0.05626032681678489,0.7736379058043018
2022-04-23 00:00:00,0.05376006820252044,0.7738489864399758
2022-04-23 01:00:00,0.04976046924389485,0.7740632515503513
2022-04-23 02:00:00,0.047606011130487125,0.7742825752625173
2022-04-23 03:00:00,0.04094099177089597,0.7745046511020457
2022-04-23 04:00:00,0.03970487798970328,0.7747351172220921
2022-04-23 05:00:00,0.040034756744310424,0.7749671874422509
2022-04-23 06:00:00,0.04110858547381236,0.7751989042233897
2022-04-23 07:00:00,0.037413099450097104,0.7754293375795467
2022-04-23 08:00:00,0.03949907591873553,0.77566444910564
2022-04-23 09:00:00,0.04288510303326288,0.7758970119250007
2022-04-23 10:00:00,0.048266503380868124,0.7761254009257375
2022-04-23 11:00:00,0.05603395687369338,0.7763471218426947
2022-04-23 12:00:00,0.0579723776095937,0.7765591920607968
2022-04-23 13:00:00,0.05790229069970808,0.7767688978223155
2022-04-23 14:00:00,0.06017135040275765,0.7769787497131034
2022-04-23 15:00:00,0.059824437346468945,0.7771858237511599
2022-04-23 16:00:00,0.05772775131808051,0.7773933898536691
2022-04-23 17:00:00,0.054813280206407425,0.7776036351880515
2022-04-23 18:00:00,0.05239320953963558,0.7778175819368364
2022-04-23 19:00:00,0.05035943670358703,0.7780346120506128
2022-04-23 20:00:00,0.051799705652831936,0.7782542426082074
2022-04-23 21:00:00,0.05260917810561743,0.778472131008474
2022-04-23 22:00:00,0.05043451679158214,0.7786890656980884
2022-04-23 23:00:00,0.0481674836856369,0.7789087767952844
2022-04-24 00:00:00,0.046747631356432076,0.7791313797157975
2022-04-24 01:00:00,0.044278586181638116,0.7793558154346224
2022-04-24 02:00:00,0.043352003436952974,0.779583395393752
2022-04-24 03:00:00,0.05153502799976474,0.7798121914660546
2022-04-24 04:00:00,0.04839608128458509,0.7800308165932721
2022-04-24 05:00:00,0.04787479993855028,0.7802534231903485
2022-04-24 06:00:00,0.04877569649651056,0.7804767391263892
2022-04-24 07:00:00,0.048935452073245525,0.7806989866298011
2022-04-24 08:00:00,0.049452061757765495,0.7809210920775682
2022-04-24 09:00:00,0.05181489110216267,0.7811426093527836
2022-04-24 10:00:00,0.05457000697093791,0.7813612306315704
2022-04-24 11:00:00,0.05679159911765434,0.7815764655064416
2022-04-24 12:00:00,0.060484070957036506,0.7817889808326888
2022-04-24 13:00:00,0.061317356407269576,0.7819969379613054
2022-04-24 14:00:00,0.06421548155489107,0.7822039108258579
2022-04-24 15:00:00,0.06572119718311267,0.7824073183272748
2022-04-24 16:00:00,0.0644349849991038,0.7826089009279762
2022-04-24 17:00:00,0.060819554928508594,0.7828121484882188
2022-04-24 18:00:00,0.055333844969154236,0.7830199724808229
2022-04-24 19:00:00,0.05393935449687884,0.783234710706082
2022-04-24 20:00:00,0.05603792703191543,0.7834512490900404
2022-04-24 21:00:00,0.05687305301481361,0.7836652212543129
2022-04-24 22:00:00,0.05561320894024249,0.7838782064574342
2022-04-24 23:00:00,0.05421260115853608,0.7840928233622915
2022-04-25 00:00:00,0.05239662777311574,0.7843092478738045
2022-04-25 01:00:00,0.05123398984395193,0.7845279991492348
2022-04-25 02:00:00,0.050748741231862474,0.7847482604694894
2022-04-25 03:00:00,0.05106077125137763,0.7849691850481205
2022-04-25 04:00:00,0.04917021727753352,0.7851897762370076
2022-04-25 05:00:00,0.04856197729427918,0.7854127872162824
2022-04-25 06:00:00,0.050807370538112684,0.7856366150435676
2022-04-25 07:00:00,0.05312463262998167,0.7858576926274112
2022-04-25 08:00:00,0.05647140194114296,0.7860759300818059
2022-04-25 09:00:00,0.0596630141874287,0.7862900404727512
2022-04-25 10:00:00,0.06864616695247241,0.7865002176965729
2022-04-25 11:00:00,0.07417437833912457,0.7866992222775882
2022-04-25 12:00:00,0.07474668887382015,0.7868913728424569
2022-04-25 13:00:00,0.07182406552954473,0.7870828642171518
2022-04-25 14:00:00,0.07067891887253461,0.7872780650189003
2022-04-25 15:00:00,0.06855400590671078,0.7874747533516935
2022-04-25 16:00:00,0.0669786663298849,0.7876741538732385
2022-04-25 17:00:00,0.06602085376102337,0.7878755795665913
2022-04-25 18:00:00,0.0638213018249146,0.7880782584727555
2022-04-25 19:00:00,0.06183559656753937,0.7882837427156748
2022-04-25 20:00:00,0.06372539971653504,0.7884917649367068
2022-04-25 21:00:00,0.06448499771243048,0.7886974807000208
2022-04-25 22:00:00,0.06353726070327408,0.7889023027117066
2022-04-25 23:00:00,0.05919135399778032,0.7891083650901404
2022-04-26 00:00:00,0.056293385561726375,0.7893199154970337
2022-04-26 01:00:00,0.049961419396342716,0.7895351439591125
2022-04-26 02:00:00,0.05039923048639118,0.7897583429230722
2022-04-26 03:00:00,0.05109069704327564,0.789981050116849
2022-04-26 04:00:00,0.04749278431431319,0.7902029484205862
2022-04-26 05:00:00,0.047146598108530224,0.7904293995078394
2022-04-26 06:00:00,0.046611054999750094,0.7906563386698745
2022-04-26 07:00:00,0.04612440490950877,0.7908840025522115
2022-04-26 08:00:00,0.048508819898881665,0.7911123299879401
2022-04-26 09:00:00,0.05591241772455071,0.7913377320950453
2022-04-26 10:00:00,0.06413281881689942,0.7915539348442878
2022-04-26 11:00:00,0.07192590464199496,0.791759917180862
2022-04-26 12:00:00,0.07254561710512464,0.7919562131981014
2022-04-26 13:00:00,0.06987048691379052,0.7921517895619294
2022-04-26 14:00:00,0.06952220716718678,0.792350764774857
2022-04-26 15:00:00,0.0681553743342135,0.7925502302229926
2022-04-26 16:00:00,0.06702869453162372,0.7927514590468306
2022-04-26 17:00:00,0.06697501056714028,0.792954151004191
2022-04-26 18:00:00,0.06640014326854331,0.793156964799356
2022-04-26 19:00:00,0.06518049290056409,0.7933605518605451
2022-04-26 20:00:00,0.064859559872301,0.7935657181156186
2022-04-26 21:00:00,0.06137591139107073,0.7937713401168972
2022-04-26 22:00:00,0.05954342473332095,0.7939813712076647
2022-04-26 23:00:00,0.055321512666409806,0.7941937473845809
2022-04-27 00:00:00,0.05302412282725698,0.7944114553783188
2022-04-27 01:00:00,0.04876811967766864,0.7946320894849769
2022-04-27 02:00:00,0.04912291727864782,0.7948580979200486
2022-04-27 03:00:00,0.04930693211019049,0.7950837171314231
2022-04-27 04:00:00,0.04682904012494729,0.7953091605463617
2022-04-27 05:00:00,0.0460059183127572,0.795537755497157
2022-04-27 06:00:00,0.04440930489635033,0.7957674334698364
2022-04-27 07:00:00,0.04343134546059518,0.7959991612776209
2022-04-27 08:00:00,0.04681139474017132,0.7962321655517229
2022-04-27 09:00:00,0.05554094932674697,0.7964609987299085
2022-04-27 10:00:00,0.06391141316931317,0.7966789738791764
2022-04-27 11:00:00,0.0715965871756381,0.7968865398115614
2022-04-27 12:00:00,0.07525446958778355,0.7970845530879359
2022-04-27 13:00:00,0.07461870081443318,0.7972780477713419
2022-04-27 14:00:00,0.07334974142947283,0.7974723908742831
2022-04-27 15:00:00,0.070250261212565,0.7976683738335181
2022-04-27 16:00:00,0.06752305265126256,0.7978682847485532
2022-04-27 17:00:00,0.06484715441213804,0.798071658228258
2022-04-27 18:00:00,0.060937485695147134,0.7982784300831409
2022-04-27 19:00:00,0.05758464743327184,0.7984901424746833
2022-04-27 20:00:00,0.05870756888149269,0.7987060993131725
2022-04-27 21:00:00,0.06046267101380423,0.7989207058472997
2022-04-27 22:00:00,0.06012738110278413,0.7991331717995113
2022-04-27 23:00:00,0.05661686829340901,0.7993461101081354
2022-04-28 00:00:00,0.05370426234800279,0.7995634897500415
2022-04-28 01:00:00,0.04743990691885984,0.7997845632898691
2022-04-28 02:00:00,0.04772433694359399,0.8000135203626646
2022-04-28 03:00:00,0.047812487547423115,0.8002421749347752
2022-04-28 04:00:00,0.044846826872013607,0.8004707723036144
2022-04-28 05:00:00,0.04434103173196377,0.8007031296813913
2022-04-28 06:00:00,0.04369201223551951,0.8009361721842696
2022-04-28 07:00:00,0.04348753115472402,0.8011700787907502
2022-04-28 08:00:00,0.04979820950740442,0.8014042937758421
2022-04-28 09:00:00,0.05476081219823747,0.8016306731382548
2022-04-28 10:00:00,0.05871876477160744,0.8018509019205395
2022-04-28 11:00:00,0.0612175085760503,0.8020662358832904
2022-04-28 12:00:00,0.06356182595037835,0.8022784989853884
2022-04-28 13:00:00,0.06496000499901217,0.8024878842077642
2022-04-28 14:00:00,0.06361026693569774,0.8026955741711908
2022-04-28 15:00:00,0.06095967176526828,0.802905003719897
2022-04-28 16:00:00,0.05895305432481193,0.8031177988730789
2022-04-28 17:00:00,0.05883603393344936,0.8033331546063588
2022-04-28 18:00:00,0.05750079488260822,0.8035487088711836
2022-04-28 19:00:00,0.056386368320623145,0.8037659843886088
2022-04-28 20:00:00,0.05422889426302666,0.8039847050907277
2022-04-28 21:00:00,0.055161272913611524,0.8042061747345874
2022-04-28 22:00:00,0.05711595753196166,0.8044265309519535
2022-04-28 23:00:00,0.05527872720723671,0.8046444958079901
2022-04-29 00:00:00,0.05369867779173878,0.8048648091439734
2022-04-29 01:00:00,0.05035991200850434,0.8050871494313373
2022-04-29 02:00:00,0.05290070700539517,0.8053137150130852
2022-04-29 03:00:00,0.053512258876647935,0.8055371563857593
2022-04-29 04:00:00,0.05132350925920311,0.8057598850507569
2022-04-29 05:00:00,0.051041069656750586,0.8059854013324028
2022-04-29 06:00:00,0.051028822381306,0.8062113222906157
2022-04-29 07:00:00,0.04888030892974655,0.8064373101323973
2022-04-29 08:00:00,0.050099896349347715,0.8066660351378522
2022-04-29 09:00:00,0.051975458900290886,0.806893287128249
2022-04-29 10:00:00,0.058236870060256046,0.8071182460820049
2022-04-29 11:00:00,0.06550065945896777,0.8073354296356632
2022-04-29 12:00:00,0.06789516508520674,0.8075435847637038
2022-04-29 13:00:00,0.06863332742723341,0.8077487980180943
2022-04-29 14:00:00,0.06783076366656401,0.8079531397751656
2022-04-29 15:00:00,0.06582264558671966,0.8081585358897452
2022-04-29 16:00:00,0.0639144680334916,0.808366493251905
2022-04-29 17:00:00,0.0637536168612603,0.8085768868831333
2022-04-29 18:00:00,0.06210547311550264,0.8087875325725744
2022-04-29 19:00:00,0.06042335984981792,0.8090002893830391
2022-04-29 20:00:00,0.05824251829706089,0.8092151997234954
2022-04-29 21:00:00,0.05802629404541285,0.8094328869513437
2022-04-29 22:00:00,0.059544402796027344,0.8096508952419734
2022-04-29 23:00:00,0.05724777180456983,0.809867056626121
2022-04-30 00:00:00,0.055988172548802784,0.8100861394754275
2022-04-30 01:00:00,0.051606233305496234,0.8103068474471605
2022-04-30 02:00:00,0.05000990802429236,0.8105330834132158
2022-04-30 03:00:00,0.044797979917185295,0.810761365303026
2022-04-30 04:00:00,0.04066009899454419,0.8109962125669826
2022-04-30 05:00:00,0.040027303521687894,0.8112362825929383
2022-04-30 06:00:00,0.03945014437869662,0.8114771939708884
2022-04-30 07:00:00,0.03889015446555977,0.8117188771022017
2022-04-30 08:00:00,0.039869567767690274,0.8119613104720966
2022-04-30 09:00:00,0.040612423513702985,0.8122025697732839
2022-04-30 10:00:00,0.04234926330630365,0.8124429506494123
2022-04-30 11:00:00,0.04749048986488959,0.8126812105671019
2022-04-30 12:00:00,0.0507196172833168,0.8129130939895474
2022-04-30 13:00:00,0.05119839399421518,0.8131409909873005
2022-04-30 14:00:00,0.05325005407578597,0.8133683394453467
2022-04-30 15:00:00,0.05373103263503774,0.8135931732060477
2022-04-30 16:00:00,0.051840498551979274,0.8138174555678559
2022-04-30 17:00:00,0.04935953412228816,0.8140441508680981
2022-04-30 18:00:00,0.048328545998410785,0.8142739970912058
2022-04-30 19:00:00,0.04359854796102227,0.8145051817132695
2022-04-30 20:00:00,0.04400988741703794,0.8147423284431281
2022-04-30 21:00:00,0.046331032111444743,0.8149790105553366
2022-04-30 22:00:00,0.046620534890815093,0.8152128407397431
2022-04-30 23:00:00,0.04644543806831427,0.815446358495112
2022-05-01 00:00:00,0.04654399700316905,0.815680144517291
2022-05-01 01:00:00,0.04195022457291545,0.8159138566829031
2022-05-01 02:00:00,0.04244394080060264,0.8161533603524491
2022-05-01 03:00:00,0.05235076051632207,0.8163922961113756
2022-05-01 04:00:00,0.04908189604059073,0.8166188975265665
2022-05-01 05:00:00,0.0485077446832414,0.8168496341494793
2022-05-01 06:00:00,0.047606520175338944,0.8170811375349093
2022-05-01 07:00:00,0.04624826914338127,0.8173138164704626
2022-05-01 08:00:00,0.04705518629215223,0.817548242185437
2022-05-01 09:00:00,0.050026486314995525,0.817781708165724
2022-05-01 10:00:00,0.05423439761316848,0.8180115088788235
2022-05-01 11:00:00,0.060887192358760604,0.8182360985067083
2022-05-01 12:00:00,0.06430097091089247,0.8184524208911115
2022-05-01 13:00:00,0.06532963039947019,0.8186645247482918
2022-05-01 14:00:00,0.06557261427401129,0.8188753914230705
2022-05-01 15:00:00,0.0639782117773334,0.8190860029559324
2022-05-01 16:00:00,0.06057391873129105,0.8192986560257831
2022-05-01 17:00:00,0.05609948079456928,0.8195156129417266
2022-05-01 18:00:00,0.053226158969655456,0.8197382113307681
2022-05-01 19:00:00,0.051358898987136636,0.8199644497436349
2022-05-01 20:00:00,0.05052222502356979,0.8201930705488665
2022-05-01 21:00:00,0.05186718092428667,0.8204227854597563
2022-05-01 22:00:00,0.0543999191951352,0.8206508673847668
2022-05-01 23:00:00,0.05342345230524233,0.8208758315417028
2022-05-02 00:00:00,0.05228348997590322,0.8211020643827585
2022-05-02 01:00:00,0.04995674980705013,0.8213297702229511
2022-05-02 02:00:00,0.050786663484206226,0.8215604324802737
2022-05-02 03:00:00,0.04884373426094795,0.8217901052830875
2022-05-02 04:00:00,0.045242614469751516,0.8220222546306624
2022-05-02 05:00:00,0.04421801169026502,0.8222589532068276
2022-05-02 06:00:00,0.04412807516496454,0.8224969803109136
2022-05-02 07:00:00,0.044444887003047925,0.8227351675556728
2022-05-02 08:00:00,0.047729761498981484,0.8229730064511969
2022-05-02 09:00:00,0.052634450606303916,0.8232067868646847
2022-05-02 10:00:00,0.0607030050163365,0.8234344839733689
2022-05-02 11:00:00,0.06896925351792592,0.8236521428910935
2022-05-02 12:00:00,0.0702942221693975,0.8238595164456917
2022-05-02 13:00:00,0.07131740972940599,0.8240652811823996
2022-05-02 14:00:00,0.07342281318299296,0.8242698142729808
2022-05-02 15:00:00,0.07385374908235198,0.824471762892943
2022-05-02 16:00:00,0.07176396667733,0.8246732200720793
2022-05-02 17:00:00,0.07001083994290119,0.8248773366535964
2022-05-02 18:00:00,0.06778172999753851,0.8250836917632078
2022-05-02 19:00:00,0.06165639303648586,0.8252928803252049
2022-05-02 20:00:00,0.06171193532106887,0.8255097725686105
2022-05-02 21:00:00,0.06258444946296157,0.8257266423395968
2022-05-02 22:00:00,0.06202949326097603,0.8259424683685472
2022-05-02 23:00:00,0.05754480513818107,0.8261590349385726
2022-05-03 00:00:00,0.053809613000117565,0.8263812541597306
2022-05-03 01:00:00,0.04965564533603806,0.8266081891071733
2022-05-03 02:00:00,0.051336834312088714,0.8268403631954166
2022-05-03 03:00:00,0.04905473742032747,0.8270704824237453
2022-05-03 04:00:00,0.046598556293590734,0.8273035008445546
2022-05-03 05:00:00,0.047824763261110195,0.8275396360081752
2022-05-03 06:00:00,0.04714995057994848,0.8277742848745018
2022-05-03 07:00:00,0.04613134684425438,0.8280098236630843
2022-05-03 08:00:00,0.049239289752773904,0.8282466820577059
2022-05-03 09:00:00,0.05460876902941843,0.8284797018200025
2022-05-03 10:00:00,0.06131889742043965,0.8287060559744314
2022-05-03 11:00:00,0.06747415124697444,0.8289240686544931
2022-05-03 12:00:00,0.06897115982300991,0.829134433398263
2022-05-03 13:00:00,0.07063813886968062,0.8293429729571503
2022-05-03 14:00:00,0.07279646877748581,0.8295494748128891
2022-05-03 15:00:00,0.07353054310600701,0.8297533247217017
2022-05-03 16:00:00,0.0725151575422261,0.8299563029478373
2022-05-03 17:00:00,0.06918353477946385,0.8301605962609127
2022-05-03 18:00:00,0.06693858631343957,0.8303690999021542
2022-05-03 19:00:00,0.06252930447036957,0.8305804554733955
2022-05-03 20:00:00,0.061847089863734876,0.8307973683360386
2022-05-03 21:00:00,0.06312129038632205,0.831015179600695
2022-05-03 22:00:00,0.06193798270553639,0.8312314436930871
2022-05-03 23:00:00,0.056916905075743034,0.8314492324430794
2022-05-04 00:00:00,0.052471775358447346,0.8316733430076951
2022-05-04 01:00:00,0.0467948431527245,0.831903055396607
2022-05-04 02:00:00,0.0474193989612196,0.8321399093074658
2022-05-04 03:00:00,0.04729762202764848,0.8323760278247706
2022-05-04 04:00:00,0.04392843682944932,0.8326123438089423
2022-05-04 05:00:00,0.04466240142893891,0.8328529164647821
2022-05-04 06:00:00,0.04591076463973826,0.8330926167994898
2022-05-04 07:00:00,0.046366308359077006,0.8333308017592249
2022-05-04 08:00:00,0.04865062619311069,0.8335684623127525
2022-05-04 09:00:00,0.05670016364857837,0.8338033124368065
2022-05-04 10:00:00,0.06346986243291064,0.8340281455512144
2022-05-04 11:00:00,0.06647561726242356,0.8342445613986463
2022-05-04 12:00:00,0.07019160294346571,0.8344572648533538
2022-05-04 13:00:00,0.07075629833143819,0.8346653680710575
2022-05-04 14:00:00,0.07228730225720903,0.8348728101088858
2022-05-04 15:00:00,0.0735667169424908,0.8350783830254055
2022-05-04 16:00:00,0.07264054112408436,0.8352824012513832
2022-05-04 17:00:00,0.0713197936616686,0.8354876217191417
2022-05-04 18:00:00,0.06956370458392327,0.8356945375874062
2022-05-04 19:00:00,0.06491279286280408,0.8359036929773432
2022-05-04 20:00:00,0.06328743161077736,0.8361187063613815
2022-05-04 21:00:00,0.06419347848426994,0.8363357957455364
2022-05-04 22:00:00,0.06355545003120736,0.8365517968137298
2022-05-04 23:00:00,0.05889619517967487,0.8367686396041761
2022-05-05 00:00:00,0.054677087962748915,0.8369913505939068
2022-05-05 01:00:00,0.04944748195765257,0.8372193795423893
2022-05-05 02:00:00,0.04957002323128426,0.8374539895170969
2022-05-05 03:00:00,0.04928190215356961,0.8376884902778965
2022-05-05 04:00:00,0.04649096198954025,0.83792339509667
2022-05-05 05:00:00,0.04686954687011103,0.8381618324411956
2022-05-05 06:00:00,0.04747463213735155,0.838399840349065
2022-05-05 07:00:00,0.0465509352530219,0.83863713563867
2022-05-05 08:00:00,0.04848009270022642,0.8388756292315528
2022-05-05 09:00:00,0.05166762376427542,0.8391117550036289
2022-05-05 10:00:00,0.0616074079971447,0.839343939931685
2022-05-05 11:00:00,0.06744330512853991,0.8395637436430453
2022-05-05 12:00:00,0.06862823431922634,0.8397762959403495
2022-05-05 13:00:00,0.06922728165956538,0.839987410477264
2022-05-05 14:00:00,0.07047010891754248,0.8401978195498199
2022-05-05 15:00:00,0.07018102822295814,0.840406718376816
2022-05-05 16:00:00,0.0677547548898532,0.8406160217868667
2022-05-05 17:00:00,0.06524358443946487,0.8408284012144214
2022-05-05 18:00:00,0.0632281173916767,0.8410439627245059
2022-05-05 19:00:00,0.06120783048675883,0.841262086631474
2022-05-05 20:00:00,0.05966825544195735,0.8414827789037318
2022-05-05 21:00:00,0.05993508116765535,0.841705438595017
2022-05-05 22:00:00,0.06122148846245018,0.841927807647907
2022-05-05 23:00:00,0.059762205416010905,0.8421486115289589
2022-05-06 00:00:00,0.05720124244848726,0.8423712822945958
2022-05-06 01:00:00,0.05130712160172711,0.8425971969881935
2022-05-06 02:00:00,0.05179035161439389,0.8428305220005535
2022-05-06 03:00:00,0.05168048102138269,0.8430632855865322
2022-05-06 04:00:00,0.05037237226101887,0.8432962290652952
2022-05-06 05:00:00,0.04924875223480528,0.8435308501779386
2022-05-06 06:00:00,0.04893751289469721,0.8437669182569094
2022-05-06 07:00:00,0.04872363598467774,0.8440034177696931
2022-05-06 08:00:00,0.05092105560060528,0.8442402269565733
2022-05-06 09:00:00,0.05425466489932205,0.844474331640192
2022-05-06 10:00:00,0.05897686805311736,0.8447043115267235
2022-05-06 11:00:00,0.06540141288331697,0.8449284308171049
2022-05-06 12:00:00,0.07144712993234163,0.845144561527475
2022-05-06 13:00:00,0.0714068753352856,0.8453531771357728
2022-05-06 14:00:00,0.07192234867779693,0.8455618850497472
2022-05-06 15:00:00,0.0723509182320505,0.8457699905526428
2022-05-06 16:00:00,0.07250639468298983,0.845977602217343
2022-05-06 17:00:00,0.0695184678849439,0.8461850613533531
2022-05-06 18:00:00,0.06692844865752026,0.8463962971578394
2022-05-06 19:00:00,0.06255703984085402,0.8466108121894216
2022-05-06 20:00:00,0.060906024843971146,0.8468308331281482
2022-05-06 21:00:00,0.06191485517777893,0.847052959424785
2022-05-06 22:00:00,0.062203027948237566,0.8472738662156876
2022-05-06 23:00:00,0.06082056647103465,0.8474944542658078
2022-05-07 00:00:00,0.05935404261671202,0.8477168118109316
2022-05-07 01:00:00,0.05342047387502066,0.8479410438719853
2022-05-07 02:00:00,0.053527914929931905,0.848172734198012
2022-05-07 03:00:00,0.06001870938812953,0.8484043314696782
2022-05-07 04:00:00,0.05767649954019789,0.8486278564381212
2022-05-07 05:00:00,0.058230317969342596,0.8488543503015938
2022-05-07 06:00:00,0.057988359663999435,0.8490801929675985
2022-05-07 07:00:00,0.056440260886537315,0.8493063790998813
2022-05-07 08:00:00,0.058264708001043636,0.8495345413168388
2022-05-07 09:00:00,0.06068209392786727,0.8497604638788918
2022-05-07 10:00:00,0.06361888198481902,0.8499834055552895
2022-05-07 11:00:00,0.06632306453338074,0.8502027170361127
2022-05-07 12:00:00,0.07403753580382236,0.8504186890209695
2022-05-07 13:00:00,0.07479077077921054,0.8506250585916592
2022-05-07 14:00:00,0.07634373004835832,0.8508305272362312
2022-05-07 15:00:00,0.07674342566293367,0.8510340952419782
2022-05-07 16:00:00,0.07559898015699887,0.8512372041311073
2022-05-07 17:00:00,0.07276136810550504,0.8514417840226371
2022-05-07 18:00:00,0.06895577326939911,0.8516499513173471
2022-05-07 19:00:00,0.0618009439599823,0.8518629159362944
2022-05-07 20:00:00,0.062069456368948825,0.8520848643651263
2022-05-07 21:00:00,0.06357998514115913,0.85230651736923
2022-05-07 22:00:00,0.06514683257347476,0.8525263223706658
2022-05-07 23:00:00,0.0628407435837704,0.8527442089136023
2022-05-08 00:00:00,0.06084714121069279,0.8529650181110398
2022-05-08 01:00:00,0.05807534688738196,0.8531883592971602
2022-05-08 02:00:00,0.05954174956988863,0.8534152051543331
2022-05-08 03:00:00,0.05724081306398719,0.8536402578787126
2022-05-08 04:00:00,0.05240099704646785,0.8538682265866749
2022-05-08 05:00:00,0.05225501708148905,0.8541022848199802
2022-05-08 06:00:00,0.052000833499554616,0.8543365652259124
2022-05-08 07:00:00,0.05072902944903995,0.8545712030013223
2022-05-08 08:00:00,0.05220214879927179,0.8548074701141047
2022-05-08 09:00:00,0.052381182698492935,0.8550419353522974
2022-05-08 10:00:00,0.05396031869032107,0.8552762162649825
2022-05-08 11:00:00,0.05719329537502266,0.8555085626667923
2022-05-08 12:00:00,0.06148003385860906,0.8557369071990886
2022-05-08 13:00:00,0.06439867368121402,0.8559599326018302
2022-05-08 14:00:00,0.06875830561917869,0.8561793489405308
2022-05-08 15:00:00,0.07081673590728671,0.8563933549172134
2022-05-08 16:00:00,0.07187546359610852,0.8566048269760872
2022-05-08 17:00:00,0.06994734784956119,0.8568150146875282
2022-05-08 18:00:00,0.0633753776223616,0.8570276515479375
2022-05-08 19:00:00,0.057630453234212384,0.8572485423175025
2022-05-08 20:00:00,0.05628075640236335,0.8574766531309911
2022-05-08 21:00:00,0.058405846033438194,0.8577064898960046
2022-05-08 22:00:00,0.06068637098435468,0.8579337090714911
2022-05-08 23:00:00,0.059267064411357165,0.8581581163053075
2022-05-09 00:00:00,0.05771213493988843,0.8583843363288455
2022-05-09 01:00:00,0.05386602316903324,0.8586125386126952
2022-05-09 02:00:00,0.055324680392628015,0.8588455870766778
2022-05-09 03:00:00,0.05153620137539338,0.8590768507014775
2022-05-09 04:00:00,0.04912665114110786,0.859312888349303
2022-05-09 05:00:00,0.048639781599061696,0.8595519763010632
2022-05-09 06:00:00,0.04814056919708721,0.8597917111477607
2022-05-09 07:00:00,0.04857637950660733,0.8600321082598186
2022-05-09 08:00:00,0.04991171331955299,0.8602719988006762
2022-05-09 09:00:00,0.054321263265024365,0.8605102583077632
2022-05-09 10:00:00,0.06169722013629726,0.8607430439527032
2022-05-09 11:00:00,0.06938432229546593,0.8609666476686085
2022-05-09 12:00:00,0.07062805557124723,0.8611806804656197
2022-05-09 13:00:00,0.0722525123416699,0.8613931964965714
2022-05-09 14:00:00,0.07705639199533562,0.8616037197988066
2022-05-09 15:00:00,0.07810688654234124,0.8618082760354128
2022-05-09 16:00:00,0.0776720898985355,0.8620115568794455
2022-05-09 17:00:00,0.07630178743311634,0.8622154188865462
2022-05-09 18:00:00,0.07026002312804674,0.8624210313806252
2022-05-09 19:00:00,0.06709939755420709,0.8626342336305962
2022-05-09 20:00:00,0.06774348802339797,0.86285142415464
2022-05-09 21:00:00,0.069249236035586,0.8630678469992782
2022-05-09 22:00:00,0.06788269814903936,0.8632824250341383
2022-05-09 23:00:00,0.06245956544036092,0.8634987485581308
2022-05-10 00:00:00,0.05762887195943837,0.863721888256301
2022-05-10 01:00:00,0.05144281576695346,0.863951103521113
2022-05-10 02:00:00,0.05195697920471948,0.8641880884974357
2022-05-10 03:00:00,0.051805517063868614,0.8644244678521915
2022-05-10 04:00:00,0.04877551542038161,0.8646610735587952
2022-05-10 05:00:00,0.04913671790064636,0.8649015037330473
2022-05-10 06:00:00,0.05005470202293479,0.8651415193111963
2022-05-10 07:00:00,0.05080964814600129,0.865380424257574
2022-05-10 08:00:00,0.053354917556635156,0.8656184223110447
2022-05-10 09:00:00,0.05752059938955936,0.8658532755088453
2022-05-10 10:00:00,0.06587544569011076,0.8660829582767753
2022-05-10 11:00:00,0.07227253429858399,0.866302234100559
2022-05-10 12:00:00,0.07573964335926336,0.8665135501186011
2022-05-10 13:00:00,0.07522025999822016,0.8667205687466073
2022-05-10 14:00:00,0.07654439390489756,0.866928273041357
2022-05-10 15:00:00,0.07666757892595993,0.8671343585474991
2022-05-10 16:00:00,0.07600037104311108,0.8673403263923551
2022-05-10 17:00:00,0.07737855356915242,0.8675471645082512
2022-05-10 18:00:00,0.07532101988201104,0.8677523160983536
2022-05-10 19:00:00,0.07576622837383311,0.8679600757490874
2022-05-10 20:00:00,0.07037932000459315,0.8681673149738692
2022-05-10 21:00:00,0.07116774291895724,0.8683813238598969
2022-05-10 22:00:00,0.06969304667078524,0.868594383184169
2022-05-10 23:00:00,0.06415072644603254,0.8688093217867233
2022-05-11 00:00:00,0.05912692393266407,0.8690312241385967
2022-05-11 01:00:00,0.05271785554446397,0.8692594420336974
2022-05-11 02:00:00,0.05290347941716191,0.8694957069953985
2022-05-11 03:00:00,0.052165856771006415,0.8697317755993844
2022-05-11 04:00:00,0.04857202317183714,0.8699688018447964
2022-05-11 05:00:00,0.04830524497526788,0.8702103559362999
2022-05-11 06:00:00,0.04806056852269462,0.8704522789955975
2022-05-11 07:00:00,0.04844631111794276,0.8706945433364469
2022-05-11 08:00:00,0.05204891390401807,0.8709363608759577
2022-05-11 09:00:00,0.05640545357228942,0.8711737104797925
2022-05-11 10:00:00,0.06349828306699985,0.8714056496677317
2022-05-11 11:00:00,0.07092177883377462,0.871628758018357
2022-05-11 12:00:00,0.0738313099455916,0.8718426221396752
2022-05-11 13:00:00,0.07803404034546738,0.8720528844283337
2022-05-11 14:00:00,0.07994882090305924,0.8722579283260331
2022-05-11 15:00:00,0.08018484094475263,0.8724606137108689
2022-05-11 16:00:00,0.07929749312710206,0.8726630389742606
2022-05-11 17:00:00,0.0764175567315829,0.872866608266789
2022-05-11 18:00:00,0.07412927904799935,0.8730738122649153
2022-05-11 19:00:00,0.06879971768973883,0.8732839113359705
2022-05-11 20:00:00,0.07070851277718401,0.8735007070252508
2022-05-11 21:00:00,0.0721780009540334,0.8737151513278845
2022-05-11 22:00:00,0.07076389781146224,0.8739277933181769
2022-05-11 23:00:00,0.06560521973145858,0.8741422374259271
2022-05-12 00:00:00,0.06108675778145664,0.8743631643104387
2022-05-12 01:00:00,0.05486069929656071,0.8745897736421633
2022-05-12 02:00:00,0.05544694118299378,0.8748241998573659
2022-05-12 03:00:00,0.054795739076283226,0.8750579275211613
2022-05-12 04:00:00,0.051237882357523454,0.875292503379102
2022-05-12 05:00:00,0.05091345221340378,0.8755315606899968
2022-05-12 06:00:00,0.05112146875334048,0.8757710576111534
2022-05-12 07:00:00,0.05147708536616208,0.8760103285247252
2022-05-12 08:00:00,0.05453071850390255,0.876249188871112
2022-05-12 09:00:00,0.058882059160743835,0.8764842660701314
2022-05-12 10:00:00,0.06767422831640316,0.8767139379278405
2022-05-12 11:00:00,0.0734221075228117,0.8769326533490545
2022-05-12 12:00:00,0.0737769052628313,0.8771442176366313
2022-05-12 13:00:00,0.0738234159095072,0.8773553720828079
2022-05-12 14:00:00,0.07429743763814359,0.8775665019868376
2022-05-12 15:00:00,0.07346510291068244,0.8777770729002373
2022-05-12 16:00:00,0.0729286238820308,0.8779887177089293
2022-05-12 17:00:00,0.07333384565266665,0.878201066533625
2022-05-12 18:00:00,0.07231109012112605,0.878412942188643
2022-05-12 19:00:00,0.0697561300880516,0.8786261295859115
2022-05-12 20:00:00,0.06587971212960911,0.8788425439213409
2022-05-12 21:00:00,0.06668220585563038,0.8790638369576043
2022-05-12 22:00:00,0.06773897334659654,0.8792841599953453
2022-05-12 23:00:00,0.06572869867306466,0.8795031951325899
2022-05-13 00:00:00,0.06275089485818389,0.879724776112259
2022-05-13 01:00:00,0.05760591516453267,0.8799501122859774
2022-05-13 02:00:00,0.05819104226742314,0.8801819125637751
2022-05-13 03:00:00,0.058105168075488114,0.8804130142523205
2022-05-13 04:00:00,0.0565636425596851,0.8806442560433798
2022-05-13 05:00:00,0.055908212495651706,0.8808774574412385
2022-05-13 06:00:00,0.05589769574031097,0.8811115107666955
2022-05-13 07:00:00,0.05584293109577072,0.8813456098182121
2022-05-13 08:00:00,0.058561138149631424,0.88157980984573
2022-05-13 09:00:00,0.06159872772353666,0.8818106445746898
2022-05-13 10:00:00,0.06908910854599487,0.8820377147169882
2022-05-13 11:00:00,0.07494730934506233,0.8822554542235946
2022-05-13 12:00:00,0.07946924827551267,0.882465903259552
2022-05-13 13:00:00,0.07917662105654245,0.8826707320921928
2022-05-13 14:00:00,0.07940685209424687,0.8828759588691842
2022-05-13 15:00:00,0.07857706945274523,0.8830809299576693
2022-05-13 16:00:00,0.07697187279617863,0.8832869703146942
2022-05-13 17:00:00,0.07519504168122981,0.8834950491477086
2022-05-13 18:00:00,0.0719223237261434,0.8837053809396999
2022-05-13 19:00:00,0.07036962293535687,0.883919835489116
2022-05-13 20:00:00,0.06715402546373742,0.8841362627143832
2022-05-13 21:00:00,0.06761011370406994,0.8843567411762177
2022-05-13 22:00:00,0.06878439882542682,0.8845766812073282
2022-05-13 23:00:00,0.06717597017760232,0.8847951850014463
2022-05-14 00:00:00,0.06424993888803213,0.8850157308905995
2022-05-14 01:00:00,0.05925111669660418,0.8852399658178901
2022-05-14 02:00:00,0.05989596885185461,0.8854704807117293
2022-05-14 03:00:00,0.06950289904374238,0.8857002209189514
2022-05-14 04:00:00,0.06604808920969087,0.8859179837817621
2022-05-14 05:00:00,0.06570526728500073,0.8861400964149293
2022-05-14 06:00:00,0.06401111398323013,0.8863626687732855
2022-05-14 07:00:00,0.06328041532338177,0.8865873899607554
2022-05-14 08:00:00,0.06465517651164562,0.8868130555987238
2022-05-14 09:00:00,0.06823147100051233,0.8870370338020519
2022-05-14 10:00:00,0.0750305879379248,0.8872565725937691
2022-05-14 11:00:00,0.07902272869503969,0.8874676433854543
2022-05-14 12:00:00,0.08486524011694858,0.8876737548369562
2022-05-14 13:00:00,0.0862936295128789,0.8878725939245515
2022-05-14 14:00:00,0.08791233980109922,0.8880696782403645
2022-05-14 15:00:00,0.08849427348863326,0.8882647698228558
2022-05-14 16:00:00,0.08744631640680736,0.8884591645823366
2022-05-14 17:00:00,0.08605352120253289,0.888654899821813
2022-05-14 18:00:00,0.08426037629015815,0.8888524065284668
2022-05-14 19:00:00,0.07981193905931737,0.8890521850789461
2022-05-14 20:00:00,0.07553791271392907,0.8892575545281466
2022-05-14 21:00:00,0.07827507670105142,0.8894682968019433
2022-05-14 22:00:00,0.07703472329986277,0.8896756478518868
2022-05-14 23:00:00,0.07193872648594696,0.8898845795141632
2022-05-15 00:00:00,0.06929183678013803,0.8900999112824736
2022-05-15 01:00:00,0.06601173349439517,0.8903185817123525
2022-05-15 02:00:00,0.0677049245486259,0.890541382260179
2022-05-15 03:00:00,0.06518152881771838,0.890762096247417
2022-05-15 04:00:00,0.061878193253199994,0.8909859943469213
2022-05-15 05:00:00,0.06140790925086968,0.891214051422842
2022-05-15 06:00:00,0.06125037690380124,0.8914427261000691
2022-05-15 07:00:00,0.061048159850672315,0.8916716273783608
2022-05-15 08:00:00,0.06309407434341098,0.8919008110529119
2022-05-15 09:00:00,0.06723715786531032,0.8921274668985869
2022-05-15 10:00:00,0.07887824477405406,0.892348973393381
2022-05-15 11:00:00,0.07955108359970622,0.8925559579723272
2022-05-15 12:00:00,0.08105356902019636,0.8927621308847807
2022-05-15 13:00:00,0.08033808174974764,0.8929664550117343
2022-05-15 14:00:00,0.08302397004743974,0.8931717027582727
2022-05-15 15:00:00,0.08510986666076659,0.8933736223441419
2022-05-15 16:00:00,0.08362894523545897,0.8935729636981382
2022-05-15 17:00:00,0.07999259103137349,0.8937741852819863
2022-05-15 18:00:00,0.07970367391532404,0.8939799813258206
2022-05-15 19:00:00,0.08072418731139558,0.8941861674724272
2022-05-15 20:00:00,0.0784582447990143,0.8943911068727973
2022-05-15 21:00:00,0.07848977916514988,0.8945989075359331
2022-05-15 22:00:00,0.07715755137834075,0.8948066975548378
2022-05-15 23:00:00,0.07285766089483095,0.8950161815712895
2022-05-16 00:00:00,0.07069330067224555,0.8952310691027311
2022-05-16 01:00:00,0.06705948458960331,0.8954486906753937
2022-05-16 02:00:00,0.06843306203222221,0.8956708830481449
2022-05-16 03:00:00,0.06504956855171048,0.8958913869181061
2022-05-16 04:00:00,0.061427538197955725,0.8961161485629445
2022-05-16 05:00:00,0.061081889536514035,0.8963454660927502
2022-05-16 06:00:00,0.06124723575316669,0.8965752439693919
2022-05-16 07:00:00,0.061636580555647705,0.8968048433882415
2022-05-16 08:00:00,0.06483474234137615,0.8970339842900217
2022-05-16 09:00:00,0.06963542721543332,0.8972591555924438
2022-05-16 10:00:00,0.07599776805470762,0.8974783540805737
2022-05-16 11:00:00,0.08232255178877453,0.8976896276233663
2022-05-16 12:00:00,0.08442936974936913,0.8978930231061004
2022-05-16 13:00:00,0.08498175904869762,0.8980938129248756
2022-05-16 14:00:00,0.08592840463803575,0.898293940054387
2022-05-16 15:00:00,0.0857556422602414,0.8984929116131264
2022-05-16 16:00:00,0.08439758830825542,0.8986921267998925
2022-05-16 17:00:00,0.08188699332710574,0.8988930671679789
2022-05-16 18:00:00,0.0789714987561399,0.8990971733324835
2022-05-16 19:00:00,0.07702529472752423,0.899304951356691
2022-05-16 20:00:00,0.07771630569489293,0.8995151895662065
2022-05-16 21:00:00,0.07863634065813466,0.8997245913810541
2022-05-16 22:00:00,0.07743843533704066,0.899932870459994
2022-05-16 23:00:00,0.07274210588696753,0.9001426741671227
2022-05-17 00:00:00,0.06888840458724982,0.9003583754713282
2022-05-17 01:00:00,0.06360163728865673,0.9005789210261356
2022-05-17 02:00:00,0.064187092353848,0.9008061021027424
2022-05-17 03:00:00,0.06329067079479177,0.9010325783618789
2022-05-17 04:00:00,0.060827086368400764,0.9012602020879966
2022-05-17 05:00:00,0.06138953815672771,0.9014909321733371
2022-05-17 06:00:00,0.06411014299132144,0.9017209860112754
2022-05-17 07:00:00,0.06626813569463391,0.9019476658491333
2022-05-17 08:00:00,0.07042911257557669,0.9021716748906909
2022-05-17 09:00:00,0.07052070769616,0.9023905093443284
2022-05-17 10:00:00,0.07623241867519193,0.9026092558758346
2022-05-17 11:00:00,0.082003815223012,0.9028208892789614
2022-05-17 12:00:00,0.08279817037167073,0.9030253348853089
2022-05-17 13:00:00,0.0816470296085007,0.9032288139351736
2022-05-17 14:00:00,0.08163577538588507,0.9034337582369795
2022-05-17 15:00:00,0.08095923598444432,0.9036387428710712
2022-05-17 16:00:00,0.07925362796578404,0.9038445993824291
2022-05-17 17:00:00,0.07844300567339815,0.9040526140453183
2022-05-17 18:00:00,0.07797370899369235,0.904261668066061
2022-05-17 19:00:00,0.07333662198334737,0.9044713347261079
2022-05-17 20:00:00,0.07209721574420337,0.9046868237018254
2022-05-17 21:00:00,0.07191479341817507,0.9049038878306895
2022-05-17 22:00:00,0.07321871991500097,0.9051212058212353
2022-05-17 23:00:00,0.07073878535309418,0.9053369196758476
2022-05-18 00:00:00,0.06740062876236938,0.9055557591592497
2022-05-18 01:00:00,0.06142265958371596,0.9057787969873643
2022-05-18 02:00:00,0.06221478100169721,0.9060093328643
2022-05-18 03:00:00,0.062474650528888585,0.9062389041151713
2022-05-18 04:00:00,0.058599157803268256,0.906468175993189
2022-05-18 05:00:00,0.05872434656951522,0.9067023176395033
2022-05-18 06:00:00,0.058694873683919346,0.9069363281405705
2022-05-18 07:00:00,0.05915880600206731,0.9071704007617634
2022-05-18 08:00:00,0.06278737234434272,0.9074039186848724
2022-05-18 09:00:00,0.06857320640917962,0.9076329260556494
2022-05-18 10:00:00,0.0724759261774998,0.9078547262277104
2022-05-18 11:00:00,0.07836472092561303,0.9080716730321823
2022-05-18 12:00:00,0.08009034438022933,0.9082812838135836
2022-05-18 13:00:00,0.0798963988487125,0.9084887624742618
2022-05-18 14:00:00,0.079976118814016,0.9086965084136672
2022-05-18 15:00:00,0.07891557734402399,0.9089041794881337
2022-05-18 16:00:00,0.07772286756416606,0.9091132009626476
2022-05-18 17:00:00,0.07908583316491094,0.9093237379857756
2022-05-18 18:00:00,0.0795006432849611,0.9095325959014589
2022-05-18 19:00:00,0.0763245759166864,0.9097409598422022
2022-05-18 20:00:00,0.07307883943326735,0.9099533183430075
2022-05-18 21:00:00,0.0731845664850569,0.9101697584283978
2022-05-18 22:00:00,0.07439874633374054,0.9103860907070701
2022-05-18 23:00:00,0.07213082850343018,0.9106009295511323
2022-05-19 00:00:00,0.06890457220290384,0.9108186275207742
2022-05-19 01:00:00,0.0631620084845047,0.9110403824771627
2022-05-19 02:00:00,0.06385190023378617,0.9112693397426364
2022-05-19 03:00:00,0.06875504381779123,0.9114974586859146
2022-05-19 04:00:00,0.06480348229669097,0.9117194726802457
2022-05-19 05:00:00,0.06453749093753519,0.9119464500450403
2022-05-19 06:00:00,0.06296265310599955,0.912173783755613
2022-05-19 07:00:00,0.06216952461312471,0.9124031098080589
2022-05-19 08:00:00,0.06392650827445713,0.9126334510036973
2022-05-19 09:00:00,0.06639993904029108,0.9128616196403156
2022-05-19 10:00:00,0.07055382067083629,0.9130867200970014
2022-05-19 11:00:00,0.07483523143372801,0.9133066517481296
2022-05-19 12:00:00,0.07887545947761604,0.9135212551202286
2022-05-19 13:00:00,0.08107419470007096,0.913730831629629
2022-05-19 14:00:00,0.08122283580656947,0.9139376830802771
2022-05-19 15:00:00,0.0792254039404175,0.9141443720277258
2022-05-19 16:00:00,0.07569282153687601,0.9143535810010864
2022-05-19 17:00:00,0.07171488030665152,0.9145672288764145
2022-05-19 18:00:00,0.07036868780420028,0.9147858722901152
2022-05-19 19:00:00,0.0704180148163325,0.9150062214941387
2022-05-19 20:00:00,0.06950431441317598,0.9152265320269398
2022-05-19 21:00:00,0.07140487935634718,0.9154480076106241
2022-05-19 22:00:00,0.07360539571728628,0.9156671303513328
2022-05-19 23:00:00,0.0723298129614891,0.9158835252476066
2022-05-20 00:00:00,0.07066634212168472,0.9161015373611423
2022-05-20 01:00:00,0.06680950265122615,0.9163216514898342
2022-05-20 02:00:00,0.06807424679743765,0.9165466092822483
2022-05-20 03:00:00,0.06416662592849642,0.9167700086966295
2022-05-20 04:00:00,0.06068707972506248,0.9169983151270013
2022-05-20 05:00:00,0.06034897741380779,0.9172309934177744
2022-05-20 06:00:00,0.060467650350610816,0.9174641167018149
2022-05-20 07:00:00,0.06069218261119702,0.9176971139477826
2022-05-20 08:00:00,0.06411984499763021,0.917929852769231
2022-05-20 09:00:00,0.06673018664963629,0.9181583291911996
2022-05-20 10:00:00,0.07155862629188983,0.9183835648022917
2022-05-20 11:00:00,0.07811282590538342,0.9186027869176936
2022-05-20 12:00:00,0.08113321699184108,0.9188138382751041
2022-05-20 13:00:00,0.08213867017393872,0.9190211360728332
2022-05-20 14:00:00,0.08742853078268194,0.9192271989209015
2022-05-20 15:00:00,0.087253757247933,0.9194266712476546
2022-05-20 16:00:00,0.08693062937375037,0.9196263837833895
2022-05-20 17:00:00,0.08574389045752907,0.9198265219086368
2022-05-20 18:00:00,0.07803243859447628,0.9200281650747945
2022-05-20 19:00:00,0.07714098267479792,0.9202394691106301
2022-05-20 20:00:00,0.07655058970420717,0.9204519089587877
2022-05-20 21:00:00,0.07746620056215613,0.9206651082281428
2022-05-20 22:00:00,0.07872701115906441,0.9208771843514608
2022-05-20 23:00:00,0.0759948598007883,0.921087705766608
2022-05-21 00:00:00,0.07208576366923569,0.9213016636135575
2022-05-21 01:00:00,0.06602533682971357,0.9215205290107938
2022-05-21 02:00:00,0.0665865209362538,0.9217469910592093
2022-05-21 03:00:00,0.07598347922436582,0.9219727726826177
2022-05-21 04:00:00,0.07184667581955115,0.9221868291007774
2022-05-21 05:00:00,0.07148829394508599,0.9224060774532795
2022-05-21 06:00:00,0.07116476968687119,0.922625794650675
2022-05-21 07:00:00,0.07048169187611275,0.9228459370583967
2022-05-21 08:00:00,0.07209858840080363,0.9230669540558278
2022-05-21 09:00:00,0.07371075689639442,0.923285970612481
2022-05-21 10:00:00,0.07926643635700248,0.9235029925758137
2022-05-21 11:00:00,0.08494964551992593,0.9237130904945303
2022-05-21 12:00:00,0.08670384875547257,0.923916104893903
2022-05-21 13:00:00,0.08938914344746379,0.9241169469687304
2022-05-21 14:00:00,0.09401737684297785,0.9243144527920709
2022-05-21 15:00:00,0.09666469747891437,0.9245061936279138
2022-05-21 16:00:00,0.09708787585520617,0.9246946455545664
2022-05-21 17:00:00,0.09556397256639734,0.924882588687201
2022-05-21 18:00:00,0.09505418069928392,0.9250724568152362
2022-05-21 19:00:00,0.08867896581859239,0.9252629822367218
2022-05-21 20:00:00,0.08550128601111119,0.9254614966677412
2022-05-21 21:00:00,0.08748269519877895,0.9256640031267596
2022-05-21 22:00:00,0.08677747057322192,0.9258640526898286
2022-05-21 23:00:00,0.08180726211420239,0.926065003586501
2022-05-22 00:00:00,0.0787326000670183,0.9262721869838441
2022-05-22 01:00:00,0.07525923582321492,0.9264832333861085
2022-05-22 02:00:00,0.0769483603349457,0.9266986411082955
2022-05-22 03:00:00,0.0736703751707419,0.9269119569767058
2022-05-22 04:00:00,0.07191999113347353,0.9271293898156697
2022-05-22 05:00:00,0.07269102953678272,0.9273490300610037
2022-05-22 06:00:00,0.07444657773489187,0.9275677258718721
2022-05-22 07:00:00,0.0741916373619119,0.9277842465482368
2022-05-22 08:00:00,0.07407372964576653,0.9280011051380069
2022-05-22 09:00:00,0.07117047098457967,0.9282181302875468
2022-05-22 10:00:00,0.0766584722952095,0.9284388036227135
2022-05-22 11:00:00,0.08231741479540725,0.9286526360057076
2022-05-22 12:00:00,0.08696295228026513,0.9288594136971983
2022-05-22 13:00:00,0.09095481070356724,0.9290604033906008
2022-05-22 14:00:00,0.09395825804888402,0.9292564221218785
2022-05-22 15:00:00,0.09550673672409701,0.9294487053420056
2022-05-22 16:00:00,0.0953132569938443,0.9296390716989368
2022-05-22 17:00:00,0.08748044856422021,0.9298296985777862
2022-05-22 18:00:00,0.08010498410677269,0.9300301350765259
2022-05-22 19:00:00,0.08110016839549505,0.9302398094522788
2022-05-22 20:00:00,0.0826271259002591,0.930448258331191
2022-05-22 21:00:00,0.08220923000368952,0.9306548169338116
2022-05-22 22:00:00,0.0816997154523988,0.9308619162639519
2022-05-22 23:00:00,0.07740710177608166,0.9310696707819804
2022-05-23 00:00:00,0.0748206022856964,0.9312828092988444
2022-05-23 01:00:00,0.07098034702234374,0.9314991991088429
2022-05-23 02:00:00,0.07238303572918534,0.9317204073437143
2022-05-23 03:00:00,0.06848434325454868,0.9319398802605086
2022-05-23 04:00:00,0.06538402126491817,0.932164244522706
2022-05-23 05:00:00,0.06481145301928558,0.9323925021041946
2022-05-23 06:00:00,0.06479153033897786,0.9326214932497795
2022-05-23 07:00:00,0.06520012849171057,0.9328505270894798
2022-05-23 08:00:00,0.06873107881241712,0.933079067909221
2022-05-23 09:00:00,0.07192566613442597,0.9333032127057507
2022-05-23 10:00:00,0.07903209121217944,0.9335233818697657
2022-05-23 11:00:00,0.08531449365751348,0.9337346855410108
2022-05-23 12:00:00,0.09055975556508611,0.933938153684707
2022-05-23 13:00:00,0.09219567475231633,0.9341350826634478
2022-05-23 14:00:00,0.09588064724679925,0.9343299840925462
2022-05-23 15:00:00,0.09664930752408964,0.9345202965922716
2022-05-23 16:00:00,0.09592447938392865,0.9347096654897903
2022-05-23 17:00:00,0.09575409947489219,0.9348999575825098
2022-05-23 18:00:00,0.09082065200761089,0.9350904797470181
2022-05-23 19:00:00,0.08598928689068264,0.9352871857546312
2022-05-23 20:00:00,0.08577711513370712,0.9354899479392705
2022-05-23 21:00:00,0.08728852834469861,0.9356929922460869
2022-05-23 22:00:00,0.08579525996950893,0.9358941641307124
2022-05-23 23:00:00,0.08004912570003317,0.9360972193819628
2022-05-24 00:00:00,0.07494482353137238,0.9363074740190308
2022-05-24 01:00:00,0.0697693905697674,0.9365241256886064
2022-05-24 02:00:00,0.06907762347119749,0.9367472632409884
2022-05-24 03:00:00,0.06878870522320261,0.936971282030647
2022-05-24 04:00:00,0.065462804037597,0.9371956784333092
2022-05-24 05:00:00,0.06530926958317447,0.9374242486144292
2022-05-24 06:00:00,0.06543932627345048,0.9376530270523665
2022-05-24 07:00:00,0.06548777398169456,0.9378816591949555
2022-05-24 08:00:00,0.06845212067246331,0.9381102469901804
2022-05-24 09:00:00,0.07263993232453697,0.9383351455010616
2022-05-24 10:00:00,0.08053253275935243,0.9385548253331374
2022-05-24 11:00:00,0.08467580213529297,0.9387646554371614
2022-05-24 12:00:00,0.09057188989446682,0.9389693224136807
2022-05-24 13:00:00,0.09244463107026085,0.9391666351764317
2022-05-24 14:00:00,0.09446912092506723,0.939361622845351
2022-05-24 15:00:00,0.09509184224998309,0.9395540956712887
2022-05-24 16:00:00,0.09478083340489138,0.9397458058015982
2022-05-24 17:00:00,0.0934571634451187,0.9399379203356748
2022-05-24 18:00:00,0.09048725446893119,0.9401317050365868
2022-05-24 19:00:00,0.08617165930978733,0.9403292176397716
2022-05-24 20:00:00,0.08785463205082893,0.9405321401896166
2022-05-24 21:00:00,0.08955577011135298,0.9407329744128976
2022-05-24 22:00:00,0.08771656237739003,0.9409316975396081
2022-05-24 23:00:00,0.08190687431757798,0.9411327349386264
2022-05-25 00:00:00,0.07717753108367392,0.941341049646987
2022-05-25 01:00:00,0.0706211851393265,0.9415552911702768
2022-05-25 02:00:00,0.07048024690329321,0.9417777431984957
2022-05-25 03:00:00,0.06992162602550338,0.9420003864086121
2022-05-25 04:00:00,0.06608758468081832,0.9422237428405242
2022-05-25 05:00:00,0.06694538538898773,0.9424519067064043
2022-05-25 06:00:00,0.06604682822307825,0.9426790131402671
2022-05-25 07:00:00,0.06741848376448789,0.9429072575260284
2022-05-25 08:00:00,0.07597687816829449,0.9431338020343696
2022-05-25 09:00:00,0.07808794244055689,0.9433496631782706
2022-05-25 10:00:00,0.08394750630513204,0.9435629000569465
2022-05-25 11:00:00,0.08858483809533053,0.94376882698245
2022-05-25 12:00:00,0.09344024923200095,0.9439689716814095
2022-05-25 13:00:00,0.09450289942822977,0.94416306149117
2022-05-25 14:00:00,0.09630413922533446,0.944355837299428
2022-05-25 15:00:00,0.09716801421722801,0.9445463758056956
2022-05-25 16:00:00,0.09713849764334856,0.9447358486524853
2022-05-25 17:00:00,0.09653535109721556,0.9449253725157531
2022-05-25 18:00:00,0.09482893428881539,0.945115664369456
2022-05-25 19:00:00,0.09052360399656027,0.9453081032379059
2022-05-25 20:00:00,0.08964691725457016,0.9455059376994347
2022-05-25 21:00:00,0.09085603244199855,0.9457048818860745
2022-05-25 22:00:00,0.08896772058288513,0.9459023284818762
2022-05-25 23:00:00,0.08317503503670218,0.9461021492071036
2022-05-26 00:00:00,0.07808170641740375,0.9463092244653142
2022-05-26 01:00:00,0.07144580373007967,0.9465226799967908
2022-05-26 02:00:00,0.07146546164962281,0.9467444439555532
2022-05-26 03:00:00,0.07035321650145385,0.9469661968272702
2022-05-26 04:00:00,0.0665772359645416,0.9471893534271971
2022-05-26 05:00:00,0.06626216657337036,0.9474172433609837
2022-05-26 06:00:00,0.06616895157191542,0.9476455404261045
2022-05-26 07:00:00,0.06659452128049893,0.9478739672409724
2022-05-26 08:00:00,0.07039599841627428,0.9481018752610931
2022-05-26 09:00:00,0.07516604598473982,0.948325044538569
2022-05-26 10:00:00,0.08208328643633434,0.948542264296739
2022-05-26 11:00:00,0.0864641186884769,0.9487508504808722
2022-05-26 12:00:00,0.09089057336875303,0.948953973537584
2022-05-26 13:00:00,0.09271676013446017,0.9491515763751992
2022-05-26 14:00:00,0.09268003305158738,0.9493469092649639
2022-05-26 15:00:00,0.09142067865536654,0.9495423007855354
2022-05-26 16:00:00,0.08967090435965867,0.9497392791573951
2022-05-26 17:00:00,0.08849080832713718,0.949938457341751
2022-05-26 18:00:00,0.08690354536054842,0.9501391231771009
2022-05-26 19:00:00,0.08594711828468014,0.9503417855584331
2022-05-26 20:00:00,0.08459971614150374,0.9505456558771981
2022-05-26 21:00:00,0.08509020982967011,0.9507512227885377
2022-05-26 22:00:00,0.08586795226553459,0.9509561888589643
2022-05-26 23:00:00,0.08285572697832821,0.951160194963838
2022-05-27 00:00:00,0.07870231665960396,0.9513679784991016
2022-05-27 01:00:00,0.07236408010830957,0.9515809658823269
2022-05-27 02:00:00,0.07256912555454492,0.9518018880825809
2022-05-27 03:00:00,0.07205004077009061,0.9520225659336369
2022-05-27 04:00:00,0.06840607802416745,0.9522439045345471
2022-05-27 05:00:00,0.06819713106151612,0.9524698099190212
2022-05-27 06:00:00,0.06824188925154623,0.9526959882535819
2022-05-27 07:00:00,0.06819762451804336,0.952922122343034
2022-05-27 08:00:00,0.07150842905933198,0.9531483234022715
2022-05-27 09:00:00,0.0746681063561074,0.9533703975309348
2022-05-27 10:00:00,0.08029773376639815,0.9535885335743071
2022-05-27 11:00:00,0.0856283691175114,0.9537996440309683
2022-05-27 12:00:00,0.09175711442668562,0.9540041025772084
2022-05-27 13:00:00,0.09389616465444983,0.9542009115117898
2022-05-27 14:00:00,0.09479020697884,0.9543950578897685
2022-05-27 15:00:00,0.09428657752261227,0.9545880979072222
2022-05-27 16:00:00,0.09295171348062664,0.9547817785900693
2022-05-27 17:00:00,0.09086211313357051,0.9549771389177291
2022-05-27 18:00:00,0.08888488502964996,0.955175122246764
2022-05-27 19:00:00,0.08661777468670637,0.9553755880480459
2022-05-27 20:00:00,0.08570121050590522,0.9555788986105433
2022-05-27 21:00:00,0.08639555980515692,0.9557833656877182
2022-05-27 22:00:00,0.08722121323091678,0.9559869755738791
2022-05-27 23:00:00,0.08426357108825283,0.9561895640750214
2022-05-28 00:00:00,0.08012769446277437,0.9563958602467533
2022-05-28 01:00:00,0.07364355893629493,0.9566073368183207
2022-05-28 02:00:00,0.07376270818009964,0.9568269290494866
2022-05-28 03:00:00,0.08267500342906327,0.95704638277042
2022-05-28 04:00:00,0.0782231842307882,0.9572547064847403
2022-05-28 05:00:00,0.07780433706202708,0.9574686052716275
2022-05-28 06:00:00,0.07762018006362567,0.9576830378521601
2022-05-28 07:00:00,0.07685743878079875,0.9578977107997356
2022-05-28 08:00:00,0.07750745074377406,0.9581133472808145
2022-05-28 09:00:00,0.07918123828949944,0.9583281812899394
2022-05-28 10:00:00,0.08221638684262808,0.9585409330437263
2022-05-28 11:00:00,0.0875901700028836,0.9587499007770057
2022-05-28 12:00:00,0.09514089994123168,0.9589521611326031
2022-05-28 13:00:00,0.10006371349973386,0.959144992863125
2022-05-28 14:00:00,0.10245036649310002,0.9593316808001209
2022-05-28 15:00:00,0.10290136143633011,0.9595153950803662
2022-05-28 16:00:00,0.09981804282790421,0.9596985552124881
2022-05-28 17:00:00,0.09677773794240685,0.9598855790244856
2022-05-28 18:00:00,0.09496245642598668,0.9600764126852595
2022-05-28 19:00:00,0.09114713720009007,0.960269524851648
2022-05-28 20:00:00,0.08903336437415785,0.9604674155068328
2022-05-28 21:00:00,0.09071410553598694,0.960667957653854
2022-05-28 22:00:00,0.09173693662712895,0.9608664080862622
2022-05-28 23:00:00,0.08868431684089585,0.9610635891276761
2022-05-29 00:00:00,0.08587775202328006,0.9612645950277182
2022-05-29 01:00:00,0.08189187169676934,0.9614691181536988
2022-05-29 02:00:00,0.0830109842894507,0.9616786325860206
2022-05-29 03:00:00,0.08015831756677357,0.9618867570195464
2022-05-29 04:00:00,0.07833859286346057,0.9620984561144277
2022-05-29 05:00:00,0.07695291243769421,0.962312438629143
2022-05-29 06:00:00,0.07655214035528535,0.9625281619443435
2022-05-29 07:00:00,0.07391467353711323,0.962744394860594
2022-05-29 08:00:00,0.07588373824919498,0.9629639331823033
2022-05-29 09:00:00,0.07981762413015762,0.9631810186810437
2022-05-29 10:00:00,0.08399338031812964,0.9633931952663344
2022-05-29 11:00:00,0.09009825393162034,0.963600160536268
2022-05-29 12:00:00,0.09626617565654576,0.9637995030300343
2022-05-29 13:00:00,0.09839869331553752,0.9639911438734616
2022-05-29 14:00:00,0.10061046490308459,0.9641801272575958
2022-05-29 15:00:00,0.10105495909960971,0.9643663540509854
2022-05-29 16:00:00,0.0996467000505918,0.9645520332863239
2022-05-29 17:00:00,0.0965933282582205,0.9647394808411192
2022-05-29 18:00:00,0.09192186004902522,0.9649307530422472
2022-05-29 19:00:00,0.08976721370709473,0.9651278724461715
2022-05-29 20:00:00,0.09101105686307179,0.9653276929614966
2022-05-29 21:00:00,0.09289866667611192,0.9655259664122845
2022-05-29 22:00:00,0.09234998450502283,0.9657218880261447
2022-05-29 23:00:00,0.08761143571557065,0.9659185031039839
2022-05-30 00:00:00,0.0846625395606799,0.9661210489149976
2022-05-30 01:00:00,0.0801094337479165,0.9663272883293117
2022-05-30 02:00:00,0.08114141438867112,0.9665392265449133
2022-05-30 03:00:00,0.0815647764148768,0.9667498821396467
2022-05-30 04:00:00,0.07771835305001115,0.9669600158226875
2022-05-30 05:00:00,0.07717618995138409,0.9671749647616782
2022-05-30 06:00:00,0.0762244321566864,0.9673905985671858
2022-05-30 07:00:00,0.07582224215992765,0.9676074291684766
2022-05-30 08:00:00,0.07722628453949766,0.9678247695416959
2022-05-30 09:00:00,0.07922989117992188,0.9680403618322622
2022-05-30 10:00:00,0.08347470433708126,0.9682534565207347
2022-05-30 11:00:00,0.09000653458753222,0.9684612520348493
2022-05-30 12:00:00,0.09572295765101206,0.9686608895391178
2022-05-30 13:00:00,0.09861598837133742,0.9688533882283985
2022-05-30 14:00:00,0.10064890680357574,0.969042277278992
2022-05-30 15:00:00,0.10303858538499788,0.969228631767126
2022-05-30 16:00:00,0.10160705064968828,0.9694120056784788
2022-05-30 17:00:00,0.0990830775203624,0.9695971754655575
2022-05-30 18:00:00,0.0961376611624665,0.9697855066122123
2022-05-30 19:00:00,0.09339424011006424,0.9699775258583335
2022-05-30 20:00:00,0.09250427981173119,0.9701729806456407
2022-05-30 21:00:00,0.09409528206297697,0.9703695540840394
2022-05-30 22:00:00,0.09356902539453779,0.9705641449061874
2022-05-30 23:00:00,0.08887398098921191,0.9707593996215761
2022-05-31 00:00:00,0.0858168889006806,0.9709605291507153
2022-05-31 01:00:00,0.08133487157368703,0.9711654859890445
2022-05-31 02:00:00,0.08249542806525868,0.9713760512289443
2022-05-31 03:00:00,0.07793515981907011,0.971585171588971
2022-05-31 04:00:00,0.07531444388729094,0.971799998035873
2022-05-31 05:00:00,0.07562586991965549,0.972018106065081
2022-05-31 06:00:00,0.07431901807749593,0.9722358304349603
2022-05-31 07:00:00,0.07577973126179677,0.9724551939286719
2022-05-31 08:00:00,0.07862311605055419,0.9726727370257473
2022-05-31 09:00:00,0.08200668507041237,0.972886731322493
2022-05-31 10:00:00,0.08834320647278615,0.9730965015244295
2022-05-31 11:00:00,0.0949826666774059,0.9732983563768849
2022-05-31 12:00:00,0.09789258236382745,0.9734919171421602
2022-05-31 13:00:00,0.09652464966293679,0.9736818456867041
2022-05-31 14:00:00,0.09886349106029337,0.9738734892567992
2022-05-31 15:00:00,0.10065757237618256,0.9740622143206182
2022-05-31 16:00:00,0.0992274583479279,0.9742487017640563
2022-05-31 17:00:00,0.09988778499952539,0.9744369817670842
2022-05-31 18:00:00,0.09741076772919904,0.97462444121464
2022-05-31 19:00:00,0.09540273723426411,0.9748150017224118
2022-05-31 20:00:00,0.09766075135663174,0.9750080769927133
2022-05-31 21:00:00,0.09905571420657988,0.9751983344055536
2022-05-31 22:00:00,0.09724190659022905,0.9753868527108014
2022-05-31 23:00:00,0.09134102854030356,0.9755776428073155
2022-06-01 00:00:00,0.08621712512261556,0.9757758134689115
2022-06-01 01:00:00,0.07975329184570376,0.9759803934130703
2022-06-01 02:00:00,0.0847833300489058,0.9761930574878849
2022-06-01 03:00:00,0.08528130610918698,0.9763994382897718
2022-06-01 04:00:00,0.08339769071800704,0.9766052008321745
2022-06-01 05:00:00,0.08363695518581826,0.9768133220401695
2022-06-01 06:00:00,0.08386384453927896,0.9770211482496933
2022-06-01 07:00:00,0.08506747303975976,0.9772286948653972
2022-06-01 08:00:00,0.08977789823772608,0.9774347408991033
2022-06-01 09:00:00,0.09067265218867868,0.977634902790694
2022-06-01 10:00:00,0.09998555575474305,0.97783395006498
2022-06-01 11:00:00,0.10488294716104483,0.9780213599706924
2022-06-01 12:00:00,0.10839133623115016,0.9782026518337792
2022-06-01 13:00:00,0.10758855666227723,0.9783795618429069
2022-06-01 14:00:00,0.10730394993098447,0.9785574788946185
2022-06-01 15:00:00,0.10707912869570439,0.9787357552086098
2022-06-01 16:00:00,0.10784963055790782,0.9789143159887513
2022-06-01 17:00:00,0.10889907720703212,0.9790919170169102
2022-06-01 18:00:00,0.10897794375953751,0.9792682095478401
2022-06-01 19:00:00,0.10362695096375288,0.9794444067423973
2022-06-01 20:00:00,0.10159314248764012,0.979627295860501
2022-06-01 21:00:00,0.10130284349407097,0.979812730357484
2022-06-01 22:00:00,0.09877986876167469,0.9799985307822234
2022-06-01 23:00:00,0.09307391392264996,0.9801874879151221
2022-06-02 00:00:00,0.0877936955280963,0.9803835804170409
2022-06-02 01:00:00,0.08147919302885392,0.9805862760531501
2022-06-02 02:00:00,0.08227450744560932,0.9807968676143051
2022-06-02 03:00:00,0.08173180233894389,0.9810064677650839
2022-06-02 04:00:00,0.07787762517235464,0.9812167489656127
2022-06-02 05:00:00,0.0778832369602722,0.9814318504916867
2022-06-02 06:00:00,0.07844805976695639,0.9816469475428315
2022-06-02 07:00:00,0.07939112515706821,0.9818613410409917
2022-06-02 08:00:00,0.08314600935752622,0.9820745581186541
2022-06-02 09:00:00,0.08913256077096887,0.982283083938021
2022-06-02 10:00:00,0.09429560344195387,0.9824841288507902
2022-06-02 11:00:00,0.09914324951857939,0.9826787221786024
2022-06-02 12:00:00,0.10186896848171748,0.9828672581029123
2022-06-02 13:00:00,0.10315135516093851,0.9830523889683224
2022-06-02 14:00:00,0.1035826313417664,0.9832359188758968
2022-06-02 15:00:00,0.10170931388606325,0.983418911649467
2022-06-02 16:00:00,0.10190832440697858,0.9836042479667862
2022-06-02 17:00:00,0.10347704714262479,0.98378933735359
2022-06-02 18:00:00,0.10235124954370041,0.9839724676053153
2022-06-02 19:00:00,0.10175926809971131,0.984157006808085
2022-06-02 20:00:00,0.09858671312804103,0.9843422876274093
2022-06-02 21:00:00,0.0969272137026182,0.9845315357159004
2022-06-02 22:00:00,0.09683507426464283,0.9847228596898275
2022-06-02 23:00:00,0.09361533567198607,0.9849143002849078
2022-06-03 00:00:00,0.08892282651655643,0.985109766935785
2022-06-03 01:00:00,0.08227762658615717,0.9853111005413625
2022-06-03 02:00:00,0.08276210815645413,0.9855207419008081
2022-06-03 03:00:00,0.08250745340032409,0.9857297788479443
2022-06-03 04:00:00,0.07853515897326234,0.9859391352388772
2022-06-03 05:00:00,0.07845495661662473,0.9861534580588927
2022-06-03 06:00:00,0.07894429487938075,0.9863678821285994
2022-06-03 07:00:00,0.07987312937061716,0.9865816954579194
2022-06-03 08:00:00,0.08449639363723303,0.9867943486122629
2022-06-03 09:00:00,0.08680488720845606,0.9870012234901059
2022-06-03 10:00:00,0.09492260272905091,0.9872052134905125
2022-06-03 11:00:00,0.1007618031229183,0.9873990570217406
2022-06-03 12:00:00,0.1044104103223445,0.9875856021633928
2022-06-03 13:00:00,0.10596282692425613,0.9877675870926559
2022-06-03 14:00:00,0.10634435699142428,0.9879476319834705
2022-06-03 15:00:00,0.10425774397907564,0.9881272003796983
2022-06-03 16:00:00,0.10309638156682038,0.9883093773958816
2022-06-03 17:00:00,0.10422441105448005,0.9884930064044636
2022-06-03 18:00:00,0.10423436742654474,0.9886752256012619
2022-06-03 19:00:00,0.10306877722058526,0.9888574325133638
2022-06-03 20:00:00,0.10008266063897976,0.9890410965096843
2022-06-03 21:00:00,0.09876254161830339,0.9892284931838856
2022-06-03 22:00:00,0.0990653315829722,0.989417539974709
2022-06-03 23:00:00,0.09579509292899233,0.9896062081816154
2022-06-04 00:00:00,0.09106536850121724,0.9897989640260706
2022-06-04 01:00:00,0.08429244812019598,0.9899976318009845
2022-06-04 02:00:00,0.08465249986688653,0.9902047654369915
2022-06-04 03:00:00,0.09214745309156616,0.9904114486546249
2022-06-04 04:00:00,0.08748923502821784,0.9906087627627304
2022-06-04 05:00:00,0.08675092083632197,0.9908118991611111
2022-06-04 06:00:00,0.08562124074792868,0.9910159579056216
2022-06-04 07:00:00,0.08508225985206275,0.9912214281393261
2022-06-04 08:00:00,0.08655548490371126,0.9914275714239282
2022-06-04 09:00:00,0.08684128966865642,0.9916318724376881
2022-06-04 10:00:00,0.08955113723044186,0.991835815391659
2022-06-04 11:00:00,0.09513050112073254,0.9920363701680401
2022-06-04 12:00:00,0.10808724578048738,0.9922299498071168
2022-06-04 13:00:00,0.11081190772611652,0.9924073325186232
2022-06-04 14:00:00,0.11223068168067564,0.9925813083416489
2022-06-04 15:00:00,0.11168944373791356,0.9927535095718799
2022-06-04 16:00:00,0.10888256744434921,0.9929263861598858
2022-06-04 17:00:00,0.10252669603682743,0.9931027700893036
2022-06-04 18:00:00,0.09980708297962804,0.9932870975397248
2022-06-04 19:00:00,0.0992786117625049,0.9934748231239113
2022-06-04 20:00:00,0.09962524710424678,0.9936632078502637
2022-06-04 21:00:00,0.10092822942051316,0.9938511577712845
2022-06-04 22:00:00,0.10115744791602409,0.9940374773889578
2022-06-04 23:00:00,0.09777860189548891,0.9942235088437621
2022-06-05 00:00:00,0.0941384740438149,0.9944137621520464
2022-06-05 01:00:00,0.09053616801898076,0.9946085638518041
2022-06-05 02:00:00,0.09204932718188764,0.9948078666014571
2022-06-05 03:00:00,0.09117058571896444,0.9950052760052273
2022-06-05 04:00:00,0.08698586896835675,0.9952037818746041
2022-06-05 05:00:00,0.08629762064327862,0.9954075166144059
2022-06-05 06:00:00,0.08518479432523587,0.99561210957481
2022-06-05 07:00:00,0.08459033829798897,0.9958180914140181
2022-06-05 08:00:00,0.08581220645096096,0.9960248141048785
2022-06-05 09:00:00,0.08530225073228404,0.9962300071778787
2022-06-05 10:00:00,0.08740489999011831,0.996435835348572
2022-06-05 11:00:00,0.09221669892512614,0.9966390327964532
2022-06-05 12:00:00,0.10055183903647615,0.996836213020142
2022-06-05 13:00:00,0.10582470929091906,0.9970229717788858
2022-06-05 14:00:00,0.11101115243942092,0.9972031368457246
2022-06-05 15:00:00,0.11188466057203367,0.9973768161902612
2022-06-05 16:00:00,0.10728429767082387,0.9975494009169872
2022-06-05 17:00:00,0.09953342857557818,0.997727733300418
2022-06-05 18:00:00,0.0977372585000989,0.9979157514090206
2022-06-05 19:00:00,0.09777068812441325,0.9981060118047462
2022-06-05 20:00:00,0.09669107573847073,0.9982962274236978
2022-06-05 21:00:00,0.09823372498007191,0.9984877895041172
2022-06-05 22:00:00,0.09974682553602163,0.9986774201547005
2022-06-05 23:00:00,0.09793154820041518,0.9988651562470371
2022-06-06 00:00:00,0.09530720990949482,0.9990551581892253
2022-06-06 01:00:00,0.09210628897341336,0.9992484372431948
2022-06-06 02:00:00,0.09346097728840008,0.9994457140729892
2022-06-06 03:00:00,0.08727879480692352,0.9996412941027837
2022-06-06 04:00:00,0.08398981883515616,0.9998445983568146
2022-06-06 05:00:00,0.0845023561243165,1.0
2022-06-06 06:00:00,0.08404173434608754,1.0
2022-06-06 07:00:00,0.0855650477105721,1.0
2022-06-06 08:00:00,0.08870020278601136,1.0
2022-06-06 09:00:00,0.09581330622846196,1.0
2022-06-06 10:00:00,0.10150243950266408,1.0
2022-06-06 11:00:00,0.10599559065238043,1.0
2022-06-06 12:00:00,0.11120821946196896,1.0
2022-06-06 13:00:00,0.11504627603463191,1.0
2022-06-06 14:00:00,0.11571955900919956,1.0
2022-06-06 15:00:00,0.11704999277381208,1.0
2022-06-06 16:00:00,0.1183114638067767,1.0
2022-06-06 17:00:00,0.114692483032232,1.0
2022-06-06 18:00:00,0.1114687414688634,1.0
2022-06-06 19:00:00,0.10761215771297267,1.0
2022-06-06 20:00:00,0.10824070349488676,1.0
2022-06-06 21:00:00,0.10904070049310749,1.0
2022-06-06 22:00:00,0.10661715137756583,1.0
2022-06-06 23:00:00,0.1007011462760736,1.0
2022-06-07 00:00:00,0.09532657086510685,1.0
2022-06-07 01:00:00,0.0887854490187712,1.0
2022-06-07 02:00:00,0.08944067741219952,1.0
2022-06-07 03:00:00,0.08873747265497893,1.0
2022-06-07 04:00:00,0.0860219022165909,1.0
2022-06-07 05:00:00,0.08506500881798007,1.0
2022-06-07 06:00:00,0.08646587224651206,1.0
2022-06-07 07:00:00,0.08679391924786103,1.0
2022-06-07 08:00:00,0.09014377378148614,1.0
2022-06-07 09:00:00,0.09438370103273806,1.0
2022-06-07 10:00:00,0.10143234994203192,1.0
2022-06-07 11:00:00,0.10732278414161053,1.0
2022-06-07 12:00:00,0.11140345893336369,1.0
2022-06-07 13:00:00,0.1120538307819538,1.0
2022-06-07 14:00:00,0.1172685656860778,1.0
2022-06-07 15:00:00,0.12084607559374613,1.0
2022-06-07 16:00:00,0.12235025310797978,1.0
2022-06-07 17:00:00,0.12189056323401354,1.0
2022-06-07 18:00:00,0.11483360528132594,1.0
2022-06-07 19:00:00,0.10905543735084425,1.0
2022-06-07 20:00:00,0.1092348579334691,1.0
2022-06-07 21:00:00,0.11022782773948414,1.0
2022-06-07 22:00:00,0.1080356031768624,1.0
2022-06-07 23:00:00,0.10216654696198654,1.0
2022-06-08 00:00:00,0.09700760652094753,1.0
2022-06-08 01:00:00,0.0905388796063916,1.0
2022-06-08 02:00:00,0.09116504689029352,1.0
2022-06-08 03:00:00,0.09122703528092801,1.0
2022-06-08 04:00:00,0.0885228961512737,1.0
2022-06-08 05:00:00,0.08923084540286082,1.0
2022-06-08 06:00:00,0.08986846435976359,1.0
2022-06-08 07:00:00,0.09018016859378805,1.0
2022-06-08 08:00:00,0.09223184092394623,1.0
2022-06-08 09:00:00,0.09558786936610439,1.0
2022-06-08 10:00:00,0.1033232476847522,1.0
2022-06-08 11:00:00,0.11020410846179657,1.0
2022-06-08 12:00:00,0.11250773375346002,1.0
2022-06-08 13:00:00,0.11388560264571498,1.0
2022-06-08 14:00:00,0.11823343867930461,1.0
2022-06-08 15:00:00,0.12197693322383046,1.0
2022-06-08 16:00:00,0.12418978757588608,1.0
2022-06-08 17:00:00,0.1266907389450739,1.0
2022-06-08 18:00:00,0.12384726465036089,1.0
2022-06-08 19:00:00,0.11231523549234651,1.0
2022-06-08 20:00:00,0.11307751111467458,1.0
2022-06-08 21:00:00,0.1118951067574251,1.0
2022-06-08 22:00:00,0.1096198613525097,1.0
2022-06-08 23:00:00,0.10374427284152932,1.0
2022-06-09 00:00:00,0.09849429930279194,1.0
2022-06-09 01:00:00,0.09218849200974621,1.0
2022-06-09 02:00:00,0.09288126597954628,1.0
2022-06-09 03:00:00,0.09247889659220657,1.0
2022-06-09 04:00:00,0.08890045021325473,1.0
2022-06-09 05:00:00,0.08882604195740212,1.0
2022-06-09 06:00:00,0.08909515614674343,1.0
2022-06-09 07:00:00,0.08978701739156794,1.0
2022-06-09 08:00:00,0.09389894581493374,1.0
2022-06-09 09:00:00,0.09933232149548576,1.0
2022-06-09 10:00:00,0.11024825005116559,1.0
2022-06-09 11:00:00,0.1175859926963513,1.0
2022-06-09 12:00:00,0.12209832429048373,1.0
2022-06-09 13:00:00,0.12093411126110643,1.0
2022-06-09 14:00:00,0.12074886081419048,1.0
2022-06-09 15:00:00,0.12014627086472406,1.0
2022-06-09 16:00:00,0.11899413763145784,1.0
2022-06-09 17:00:00,0.11832646075182586,1.0
2022-06-09 18:00:00,0.11695973719577335,1.0
2022-06-09 19:00:00,0.11435477794159078,1.0
2022-06-09 20:00:00,0.11278422952854109,1.0
2022-06-09 21:00:00,0.11359321722437937,1.0
2022-06-09 22:00:00,0.11110492479942384,1.0
2022-06-09 23:00:00,0.10522187684248116,1.0
2022-06-10 00:00:00,0.09998965163057458,1.0
2022-06-10 01:00:00,0.09380883096394949,1.0
2022-06-10 02:00:00,0.09437053217672603,1.0
2022-06-10 03:00:00,0.09390032486731908,1.0
2022-06-10 04:00:00,0.08987552732603421,1.0
2022-06-10 05:00:00,0.08957021980152705,1.0
2022-06-10 06:00:00,0.09027873137868345,1.0
2022-06-10 07:00:00,0.09114761499555869,1.0
2022-06-10 08:00:00,0.09518017915025415,1.0
2022-06-10 09:00:00,0.09938982635532337,1.0
2022-06-10 10:00:00,0.1068883153734873,1.0
2022-06-10 11:00:00,0.11449947357976681,1.0
2022-06-10 12:00:00,0.11689901390959606,1.0
2022-06-10 13:00:00,0.11920970791368446,1.0
2022-06-10 14:00:00,0.12154515955480102,1.0
2022-06-10 15:00:00,0.12359203630004437,1.0
2022-06-10 16:00:00,0.12490925704642514,1.0
2022-06-10 17:00:00,0.12482624273915652,1.0
2022-06-10 18:00:00,0.12232397601202145,1.0
2022-06-10 19:00:00,0.11501665533899494,1.0
2022-06-10 20:00:00,0.11432348148082423,1.0
2022-06-10 21:00:00,0.11524187753697013,1.0
2022-06-10 22:00:00,0.1128484292984718,1.0
2022-06-10 23:00:00,0.10693496788238194,1.0
2022-06-11 00:00:00,0.10166975240803325,1.0
2022-06-11 01:00:00,0.09546172693085556,1.0
2022-06-11 02:00:00,0.09609304597897575,1.0
2022-06-11 03:00:00,0.10336472205351899,1.0
2022-06-11 04:00:00,0.09890632965368341,1.0
2022-06-11 05:00:00,0.098333535062824,1.0
2022-06-11 06:00:00,0.09738314294179795,1.0
2022-06-11 07:00:00,0.09692855299685427,1.0
2022-06-11 08:00:00,0.09847275753302412,1.0
2022-06-11 09:00:00,0.09869070439622663,1.0
2022-06-11 10:00:00,0.10271745237969265,1.0
2022-06-11 11:00:00,0.10796957857493422,1.0
2022-06-11 12:00:00,0.11585310125786388,1.0
2022-06-11 13:00:00,0.11867646227679898,1.0
2022-06-11 14:00:00,0.12201279173973212,1.0
2022-06-11 15:00:00,0.1231759501660877,1.0
2022-06-11 16:00:00,0.12082231074499,1.0
2022-06-11 17:00:00,0.11528368272247033,1.0
2022-06-11 18:00:00,0.11169466113177763,1.0
2022-06-11 19:00:00,0.10916268689526715,1.0
2022-06-11 20:00:00,0.10956304000830647,1.0
2022-06-11 21:00:00,0.110726348946058,1.0
2022-06-11 22:00:00,0.11110546689325884,1.0
2022-06-11 23:00:00,0.10780353161339638,1.0
2022-06-12 00:00:00,0.10435273062808632,1.0
2022-06-12 01:00:00,0.10103215834226596,1.0
2022-06-12 02:00:00,0.10285702701460456,1.0
2022-06-12 03:00:00,0.10254405474384179,1.0
2022-06-12 04:00:00,0.09848912940059983,1.0
2022-06-12 05:00:00,0.09792784530400883,1.0
2022-06-12 06:00:00,0.09693833763396209,1.0
2022-06-12 07:00:00,0.0964335238757272,1.0
2022-06-12 08:00:00,0.09773536545747985,1.0
2022-06-12 09:00:00,0.0973710654188534,1.0
2022-06-12 10:00:00,0.09948282257081269,1.0
2022-06-12 11:00:00,0.10355986781448967,1.0
2022-06-12 12:00:00,0.11127713842715917,1.0
2022-06-12 13:00:00,0.11564692874919798,1.0
2022-06-12 14:00:00,0.11839910057843928,1.0
2022-06-12 15:00:00,0.11895464724158693,1.0
2022-06-12 16:00:00,0.11759739820081246,1.0
2022-06-12 17:00:00,0.11605504847267784,1.0
2022-06-12 18:00:00,0.11057686033024597,1.0
2022-06-12 19:00:00,0.10804388145713606,1.0
2022-06-12 20:00:00,0.10785391937122739,1.0
2022-06-12 21:00:00,0.10931807681329354,1.0
2022-06-12 22:00:00,0.11071676012675069,1.0
2022-06-12 23:00:00,0.10875073538130041,1.0
2022-06-13 00:00:00,0.10618700561868089,1.0
2022-06-13 01:00:00,0.1029803758705515,1.0
2022-06-13 02:00:00,0.10448308804648188,1.0
2022-06-13 03:00:00,0.0982872762063449,1.0
2022-06-13 04:00:00,0.09432698707601744,1.0
2022-06-13 05:00:00,0.0941871248920735,1.0
2022-06-13 06:00:00,0.0945215182028897,1.0
2022-06-13 07:00:00,0.0953743956538759,1.0
2022-06-13 08:00:00,0.09897976302485195,1.0
2022-06-13 09:00:00,0.10136463611764335,1.0
2022-06-13 10:00:00,0.1068135965724333,1.0
2022-06-13 11:00:00,0.1120274866762083,1.0
2022-06-13 12:00:00,0.11825456491261002,1.0
2022-06-13 13:00:00,0.12071643439932528,1.0
2022-06-13 14:00:00,0.12468576536255865,1.0
2022-06-13 15:00:00,0.12914676790870844,1.0
2022-06-13 16:00:00,0.12845584451081582,1.0
2022-06-13 17:00:00,0.1199619832621808,1.0
2022-06-13 18:00:00,0.11764986412022685,1.0
2022-06-13 19:00:00,0.1174655057716576,1.0
2022-06-13 20:00:00,0.11532361915281247,1.0
2022-06-13 21:00:00,0.11466627638376592,1.0
2022-06-13 22:00:00,0.11471382539001418,1.0
2022-06-13 23:00:00,0.11121889937186108,1.0
2022-06-14 00:00:00,0.10646518139550579,1.0
2022-06-14 01:00:00,0.0998745311874901,1.0
2022-06-14 02:00:00,0.10022078126307335,1.0
2022-06-14 03:00:00,0.10023175913391838,1.0
2022-06-14 04:00:00,0.0963119328532396,1.0
2022-06-14 05:00:00,0.09612185116680119,1.0
2022-06-14 06:00:00,0.09648053048640692,1.0
2022-06-14 07:00:00,0.09744891376413753,1.0
2022-06-14 08:00:00,0.10142629605818249,1.0
2022-06-14 09:00:00,0.10481941340965674,1.0
2022-06-14 10:00:00,0.11198072674873141,1.0
2022-06-14 11:00:00,0.11805643093659846,1.0
2022-06-14 12:00:00,0.1258348283389652,1.0
2022-06-14 13:00:00,0.12628429968904176,1.0
2022-06-14 14:00:00,0.13237533460937778,1.0
2022-06-14 15:00:00,0.13275180923968993,1.0
2022-06-14 16:00:00,0.12968453850603412,1.0
2022-06-14 17:00:00,0.12980056522965827,1.0
2022-06-14 18:00:00,0.1280828631707262,1.0
2022-06-14 19:00:00,0.12215805028017339,1.0
2022-06-14 20:00:00,0.12309045009479255,1.0
2022-06-14 21:00:00,0.12363936749138366,1.0
2022-06-14 22:00:00,0.12098857614823845,1.0
2022-06-14 23:00:00,0.11476906881110754,1.0
2022-06-15 00:00:00,0.10919606263180136,1.0
2022-06-15 01:00:00,0.10271346306033255,1.0
2022-06-15 02:00:00,0.10301571548495608,1.0
2022-06-15 03:00:00,0.10275259289723881,1.0
2022-06-15 04:00:00,0.0988468933459874,1.0
2022-06-15 05:00:00,0.10159888623795879,1.0
2022-06-15 06:00:00,0.10229509274770028,1.0
2022-06-15 07:00:00,0.10049535346022243,1.0
2022-06-15 08:00:00,0.10379210667978511,1.0
2022-06-15 09:00:00,0.10656061430981398,1.0
2022-06-15 10:00:00,0.11449389068413249,1.0
2022-06-15 11:00:00,0.12136147031294954,1.0
2022-06-15 12:00:00,0.1250412066731168,1.0
2022-06-15 13:00:00,0.13037327285316525,1.0
2022-06-15 14:00:00,0.13390466373635548,1.0
2022-06-15 15:00:00,0.13636540714262924,1.0
2022-06-15 16:00:00,0.13624681792457838,1.0
2022-06-15 17:00:00,0.1337568143776368,1.0
2022-06-15 18:00:00,0.13266037660646207,1.0
2022-06-15 19:00:00,0.12314722131928743,1.0
2022-06-15 20:00:00,0.12480333593455305,1.0
2022-06-15 21:00:00,0.12560378244112927,1.0
2022-06-15 22:00:00,0.12300167677510916,1.0
2022-06-15 23:00:00,0.11670816790688165,1.0
2022-06-16 00:00:00,0.11095215900730962,1.0
2022-06-16 01:00:00,0.10409799373456075,1.0
2022-06-16 02:00:00,0.10440836163682199,1.0
2022-06-16 03:00:00,0.10345800244496825,1.0
2022-06-16 04:00:00,0.09935590730260878,1.0
2022-06-16 05:00:00,0.09913203965608154,1.0
2022-06-16 06:00:00,0.09950206451222143,1.0
2022-06-16 07:00:00,0.10042343316564986,1.0
2022-06-16 08:00:00,0.10433556184109036,1.0
2022-06-16 09:00:00,0.10803064186495388,1.0
2022-06-16 10:00:00,0.12117548065889285,1.0
2022-06-16 11:00:00,0.1278158503739663,1.0
2022-06-16 12:00:00,0.1306862976256936,1.0
2022-06-16 13:00:00,0.1307257785491594,1.0
2022-06-16 14:00:00,0.13244448960552052,1.0
2022-06-16 15:00:00,0.13283893251646206,1.0
2022-06-16 16:00:00,0.13234242465779766,1.0
2022-06-16 17:00:00,0.1334679438006383,1.0
2022-06-16 18:00:00,0.13421195871199781,1.0
2022-06-16 19:00:00,0.12961028689586854,1.0
2022-06-16 20:00:00,0.1253755800128713,1.0
2022-06-16 21:00:00,0.1258125803473451,1.0
2022-06-16 22:00:00,0.12330243645041969,1.0
2022-06-16 23:00:00,0.11717054036486967,1.0
2022-06-17 00:00:00,0.11161428072450438,1.0
2022-06-17 01:00:00,0.10500353517368766,1.0
2022-06-17 02:00:00,0.10556248786052996,1.0
2022-06-17 03:00:00,0.10511001155984996,1.0
2022-06-17 04:00:00,0.10111578241366445,1.0
2022-06-17 05:00:00,0.10100347374695937,1.0
2022-06-17 06:00:00,0.10144046174830632,1.0
2022-06-17 07:00:00,0.10234377282103471,1.0
2022-06-17 08:00:00,0.10629068795224812,1.0
2022-06-17 09:00:00,0.10990153252437089,1.0
2022-06-17 10:00:00,0.11947081507530888,1.0
2022-06-17 11:00:00,0.12820731264734853,1.0
2022-06-17 12:00:00,0.13014588039570185,1.0
2022-06-17 13:00:00,0.13033802025925473,1.0
2022-06-17 14:00:00,0.13129329365820733,1.0
2022-06-17 15:00:00,0.13080804738036772,1.0
2022-06-17 16:00:00,0.130129054086009,1.0
2022-06-17 17:00:00,0.13074307687698733,1.0
2022-06-17 18:00:00,0.13119697163316404,1.0
2022-06-17 19:00:00,0.1339170148885252,1.0
2022-06-17 20:00:00,0.12819440508676444,1.0
2022-06-17 21:00:00,0.12844736522850966,1.0
2022-06-17 22:00:00,0.12559898761119065,1.0
2022-06-17 23:00:00,0.1195927704366836,1.0
2022-06-18 00:00:00,0.11385802295176761,1.0
2022-06-18 01:00:00,0.10880528196652609,1.0
2022-06-18 02:00:00,0.10937527098459376,1.0
2022-06-18 03:00:00,0.11476388276920987,1.0
2022-06-18 04:00:00,0.11177398970144259,1.0
2022-06-18 05:00:00,0.11125310922697815,1.0
2022-06-18 06:00:00,0.10926586303569594,1.0
2022-06-18 07:00:00,0.10825344013515059,1.0
2022-06-18 08:00:00,0.1096513515976941,1.0
2022-06-18 09:00:00,0.10960654659650548,1.0
2022-06-18 10:00:00,0.1138181492465727,1.0
2022-06-18 11:00:00,0.11957066116932433,1.0
2022-06-18 12:00:00,0.12409427003769744,1.0
2022-06-18 13:00:00,0.12684997289446798,1.0
2022-06-18 14:00:00,0.1290274406857327,1.0
2022-06-18 15:00:00,0.12970379022384318,1.0
2022-06-18 16:00:00,0.1272967854348922,1.0
2022-06-18 17:00:00,0.12450892258474941,1.0
2022-06-18 18:00:00,0.12409088409296265,1.0
2022-06-18 19:00:00,0.12419741215245703,1.0
2022-06-18 20:00:00,0.12323558921785707,1.0
2022-06-18 21:00:00,0.12375940603276075,1.0
2022-06-18 22:00:00,0.12315015259787437,1.0
2022-06-18 23:00:00,0.11977907555484574,1.0
2022-06-19 00:00:00,0.11719760918898876,1.0
2022-06-19 01:00:00,0.11382018989174125,1.0
2022-06-19 02:00:00,0.11551586063822845,1.0
2022-06-19 03:00:00,0.11511374382792,1.0
2022-06-19 04:00:00,0.1110275077433819,1.0
2022-06-19 05:00:00,0.11031452056328636,1.0
2022-06-19 06:00:00,0.10920066445888027,1.0
2022-06-19 07:00:00,0.1086402602408095,1.0
2022-06-19 08:00:00,0.10975302159979164,1.0
2022-06-19 09:00:00,0.1097272397596405,1.0
2022-06-19 10:00:00,0.11302209998611432,1.0
2022-06-19 11:00:00,0.11705728002175189,1.0
2022-06-19 12:00:00,0.12158791376677688,1.0
2022-06-19 13:00:00,0.12469177197235884,1.0
2022-06-19 14:00:00,0.12818785308833064,1.0
2022-06-19 15:00:00,0.1292715203126233,1.0
2022-06-19 16:00:00,0.12723677401480954,1.0
2022-06-19 17:00:00,0.12497226445774409,1.0
2022-06-19 18:00:00,0.12537024775729239,1.0
2022-06-19 19:00:00,0.12470093805404472,1.0
2022-06-19 20:00:00,0.11956429371520927,1.0
2022-06-19 21:00:00,0.12075428593010656,1.0
2022-06-19 22:00:00,0.12226022631921579,1.0
2022-06-19 23:00:00,0.12030982845759083,1.0
2022-06-20 00:00:00,0.11769913618938611,1.0
2022-06-20 01:00:00,0.11448177872001358,1.0
2022-06-20 02:00:00,0.1160145980729369,1.0
2022-06-20 03:00:00,0.1102888610737104,1.0
2022-06-20 04:00:00,0.10633089949275142,1.0
2022-06-20 05:00:00,0.1061791232139246,1.0
2022-06-20 06:00:00,0.10659524608244114,1.0
2022-06-20 07:00:00,0.1077932534846153,1.0
2022-06-20 08:00:00,0.11150579768964934,1.0
2022-06-20 09:00:00,0.11500766947362379,1.0
2022-06-20 10:00:00,0.1224395795328142,1.0
2022-06-20 11:00:00,0.1283637319713895,1.0
2022-06-20 12:00:00,0.13851282070737642,1.0
2022-06-20 13:00:00,0.14221083484161268,1.0
2022-06-20 14:00:00,0.14458535407405682,1.0
2022-06-20 15:00:00,0.1454765982953305,1.0
2022-06-20 16:00:00,0.14612898658894719,1.0
2022-06-20 17:00:00,0.13334353067338942,1.0
2022-06-20 18:00:00,0.13182782890207115,1.0
2022-06-20 19:00:00,0.13403217045105187,1.0
2022-06-20 20:00:00,0.13351809736397371,1.0
2022-06-20 21:00:00,0.13349120387776686,1.0
2022-06-20 22:00:00,0.1309672671120447,1.0
2022-06-20 23:00:00,0.12468599793038888,1.0
2022-06-21 00:00:00,0.11896693738882207,1.0
2022-06-21 01:00:00,0.11221402418260093,1.0
2022-06-21 02:00:00,0.11251666908233632,1.0
2022-06-21 03:00:00,0.11228806765591978,1.0
2022-06-21 04:00:00,0.11023346009901808,1.0
2022-06-21 05:00:00,0.10848651751563074,1.0
2022-06-21 06:00:00,0.10851223044781534,1.0
2022-06-21 07:00:00,0.10925127054594183,1.0
2022-06-21 08:00:00,0.11309150046693131,1.0
2022-06-21 09:00:00,0.11669598199474004,1.0
2022-06-21 10:00:00,0.12380991255163842,1.0
2022-06-21 11:00:00,0.13138980607212367,1.0
2022-06-21 12:00:00,0.13588729990533113,1.0
2022-06-21 13:00:00,0.13976664829373592,1.0
2022-06-21 14:00:00,0.1434556858541428,1.0
2022-06-21 15:00:00,0.14553202332778592,1.0
2022-06-21 16:00:00,0.14938402674991813,1.0
2022-06-21 17:00:00,0.14684903453557396,1.0
2022-06-21 18:00:00,0.14266898846870602,1.0
2022-06-21 19:00:00,0.13695292883773003,1.0
2022-06-21 20:00:00,0.1353794968544119,1.0
2022-06-21 21:00:00,0.13593168309353235,1.0
2022-06-21 22:00:00,0.13334516181234385,1.0
2022-06-21 23:00:00,0.1269829662392425,1.0
2022-06-22 00:00:00,0.12118895671227034,1.0
2022-06-22 01:00:00,0.11440946972354764,1.0
2022-06-22 02:00:00,0.11465679633202497,1.0
2022-06-22 03:00:00,0.11367568862959668,1.0
2022-06-22 04:00:00,0.10956079733225679,1.0
2022-06-22 05:00:00,0.10937653447946993,1.0
2022-06-22 06:00:00,0.10976238090287682,1.0
2022-06-22 07:00:00,0.1106152985691384,1.0
2022-06-22 08:00:00,0.11449562446440115,1.0
2022-06-22 09:00:00,0.11775554703003058,1.0
2022-06-22 10:00:00,0.12538696818414755,1.0
2022-06-22 11:00:00,0.13239941719858106,1.0
2022-06-22 12:00:00,0.13880247181400082,1.0
2022-06-22 13:00:00,0.13846040548329724,1.0
2022-06-22 14:00:00,0.1425292842595534,1.0
2022-06-22 15:00:00,0.14720049934188573,1.0
2022-06-22 16:00:00,0.14664602742368532,1.0
2022-06-22 17:00:00,0.14630204814483866,1.0
2022-06-22 18:00:00,0.1444951980669146,1.0
2022-06-22 19:00:00,0.13887890543930473,1.0
2022-06-22 20:00:00,0.13721135650166247,1.0
2022-06-22 21:00:00,0.13634908713205965,1.0
2022-06-22 22:00:00,0.13376914063208006,1.0
2022-06-22 23:00:00,0.12745314503436747,1.0
2022-06-23 00:00:00,0.12181447083175348,1.0
2022-06-23 01:00:00,0.1151391599756052,1.0
2022-06-23 02:00:00,0.11566891266038615,1.0
2022-06-23 03:00:00,0.11505813619571428,1.0
2022-06-23 04:00:00,0.11109381543680022,1.0
2022-06-23 05:00:00,0.11095616599975143,1.0
2022-06-23 06:00:00,0.11139747888612464,1.0
2022-06-23 07:00:00,0.11229117353132202,1.0
2022-06-23 08:00:00,0.11620307082501521,1.0
2022-06-23 09:00:00,0.11974944579849792,1.0
2022-06-23 10:00:00,0.1271744158411341,1.0
2022-06-23 11:00:00,0.13648798757249053,1.0
2022-06-23 12:00:00,0.14009270476355176,1.0
2022-06-23 13:00:00,0.14066209867684798,1.0
2022-06-23 14:00:00,0.14379309965181064,1.0
2022-06-23 15:00:00,0.1444339725480191,1.0
2022-06-23 16:00:00,0.14501647217973726,1.0
2022-06-23 17:00:00,0.14659896234076827,1.0
2022-06-23 18:00:00,0.14689383959162072,1.0
2022-06-23 19:00:00,0.14522936787037702,1.0
2022-06-23 20:00:00,0.13751715954181723,1.0
2022-06-23 21:00:00,0.1376211990156993,1.0
2022-06-23 22:00:00,0.13503282920437631,1.0
2022-06-23 23:00:00,0.12879434962912734,1.0
2022-06-24 00:00:00,0.1232336772410616,1.0
2022-06-24 01:00:00,0.11671530896500927,1.0
2022-06-24 02:00:00,0.11730295906587729,1.0
2022-06-24 03:00:00,0.1169193718121377,1.0
2022-06-24 04:00:00,0.11294657751211175,1.0
2022-06-24 05:00:00,0.11286112582430122,1.0
2022-06-24 06:00:00,0.11339901565847493,1.0
2022-06-24 07:00:00,0.1142445683999637,1.0
2022-06-24 08:00:00,0.11823161078896482,1.0
2022-06-24 09:00:00,0.1224012673286343,1.0
2022-06-24 10:00:00,0.129973307128091,1.0
2022-06-24 11:00:00,0.138276653322475,1.0
2022-06-24 12:00:00,0.14117115490338558,1.0
2022-06-24 13:00:00,0.14244373862576065,1.0
2022-06-24 14:00:00,0.14541391050814664,1.0
2022-06-24 15:00:00,0.14721956073440287,1.0
2022-06-24 16:00:00,0.14777083833700794,1.0
2022-06-24 17:00:00,0.14732091891285218,1.0
2022-06-24 18:00:00,0.14531169621925505,1.0
2022-06-24 19:00:00,0.14394191882799612,1.0
2022-06-24 20:00:00,0.13924329813431002,1.0
2022-06-24 21:00:00,0.1396805926437396,1.0
2022-06-24 22:00:00,0.13709789787986587,1.0
2022-06-24 23:00:00,0.13076301156868325,1.0
2022-06-25 00:00:00,0.12508245650772104,1.0
2022-06-25 01:00:00,0.11845462657674793,1.0
2022-06-25 02:00:00,0.11899620244063633,1.0
2022-06-25 03:00:00,0.12666397359269144,1.0
2022-06-25 04:00:00,0.12208123622660338,1.0
2022-06-25 05:00:00,0.12140375178595326,1.0
2022-06-25 06:00:00,0.12031068854832183,1.0
2022-06-25 07:00:00,0.11979693330026844,1.0
2022-06-25 08:00:00,0.12130159765611126,1.0
2022-06-25 09:00:00,0.12196349723701871,1.0
2022-06-25 10:00:00,0.12617056643963806,1.0
2022-06-25 11:00:00,0.13193204075496273,1.0
2022-06-25 12:00:00,0.1404856961708486,1.0
2022-06-25 13:00:00,0.1437263926363596,1.0
2022-06-25 14:00:00,0.14667931876462015,1.0
2022-06-25 15:00:00,0.1479444503106073,1.0
2022-06-25 16:00:00,0.14634343266387562,1.0
2022-06-25 17:00:00,0.14036347743134775,1.0
2022-06-25 18:00:00,0.1360193027581612,1.0
2022-06-25 19:00:00,0.1358700085552731,1.0
2022-06-25 20:00:00,0.1357427529056225,1.0
2022-06-25 21:00:00,0.13697494021123346,1.0
2022-06-25 22:00:00,0.13710412205073863,1.0
2022-06-25 23:00:00,0.13335466827297138,1.0
2022-06-26 00:00:00,0.12940893891481423,1.0
2022-06-26 01:00:00,0.12556471278058554,1.0
2022-06-26 02:00:00,0.12697237283381074,1.0
2022-06-26 03:00:00,0.126771384625853,1.0
2022-06-26 04:00:00,0.12251167641894894,1.0
2022-06-26 05:00:00,0.12175917244372413,1.0
2022-06-26 06:00:00,0.1206330482349956,1.0
2022-06-26 07:00:00,0.11998090901248064,1.0
2022-06-26 08:00:00,0.12121287317059512,1.0
2022-06-26 09:00:00,0.12095615439344978,1.0
2022-06-26 10:00:00,0.12273949563270813,1.0
2022-06-26 11:00:00,0.12696316100948876,1.0
2022-06-26 12:00:00,0.13588698941538974,1.0
2022-06-26 13:00:00,0.14700304938958175,1.0
2022-06-26 14:00:00,0.14913953591504842,1.0
2022-06-26 15:00:00,0.1488328907847944,1.0
2022-06-26 16:00:00,0.14610905275965544,1.0
2022-06-26 17:00:00,0.14207728614633125,1.0
2022-06-26 18:00:00,0.1363984595520747,1.0
2022-06-26 19:00:00,0.13546582509816882,1.0
2022-06-26 20:00:00,0.13563086517351652,1.0
2022-06-26 21:00:00,0.13709979432198408,1.0
2022-06-26 22:00:00,0.13827996550659583,1.0
2022-06-26 23:00:00,0.13595958623620205,1.0
2022-06-27 00:00:00,0.13293048632396137,1.0
2022-06-27 01:00:00,0.12916009050426533,1.0
2022-06-27 02:00:00,0.13021713045230918,1.0
2022-06-27 03:00:00,0.12458540715087121,1.0
2022-06-27 04:00:00,0.12119968123722902,1.0
2022-06-27 05:00:00,0.12120196706796475,1.0
2022-06-27 06:00:00,0.12120922365224572,1.0
2022-06-27 07:00:00,0.12180230555121785,1.0
2022-06-27 08:00:00,0.12570798572604275,1.0
2022-06-27 09:00:00,0.13487493714264312,1.0
2022-06-27 10:00:00,0.14271363543834836,1.0
2022-06-27 11:00:00,0.1443845731052531,1.0
2022-06-27 12:00:00,0.1494922036177689,1.0
2022-06-27 13:00:00,0.15457723610966734,1.0
2022-06-27 14:00:00,0.1565598330892246,1.0
2022-06-27 15:00:00,0.15616909777055288,1.0
2022-06-27 16:00:00,0.15576649629164674,1.0
2022-06-27 17:00:00,0.15257290468360915,1.0
2022-06-27 18:00:00,0.1506402974424426,1.0
2022-06-27 19:00:00,0.1496333610209845,1.0
2022-06-27 20:00:00,0.1497686507469239,1.0
2022-06-27 21:00:00,0.15034289832040068,1.0
2022-06-27 22:00:00,0.14739265577363464,1.0
2022-06-27 23:00:00,0.14070341922344456,1.0
2022-06-28 00:00:00,0.13478497051543561,1.0
2022-06-28 01:00:00,0.1276649743385673,1.0
2022-06-28 02:00:00,0.12755952715434832,1.0
2022-06-28 03:00:00,0.12625857640419166,1.0
2022-06-28 04:00:00,0.1240235771630912,1.0
2022-06-28 05:00:00,0.12420125088815681,1.0
2022-06-28 06:00:00,0.1246216960707499,1.0
2022-06-28 07:00:00,0.12467759804332873,1.0
2022-06-28 08:00:00,0.12717927891511416,1.0
2022-06-28 09:00:00,0.13042015581482586,1.0
2022-06-28 10:00:00,0.13875827030400886,1.0
2022-06-28 11:00:00,0.14442252950875767,1.0
2022-06-28 12:00:00,0.14692780002615177,1.0
2022-06-28 13:00:00,0.1555369503368377,1.0
2022-06-28 14:00:00,0.1596960648007078,1.0
2022-06-28 15:00:00,0.16002028133104093,1.0
2022-06-28 16:00:00,0.15842548098669015,1.0
2022-06-28 17:00:00,0.15264545440321656,1.0
2022-06-28 18:00:00,0.14934833036264428,1.0
2022-06-28 19:00:00,0.14794271488551067,1.0
2022-06-28 20:00:00,0.14995235389473152,1.0
2022-06-28 21:00:00,0.15049214678583678,1.0
2022-06-28 22:00:00,0.14732719277771134,1.0
2022-06-28 23:00:00,0.1406341819632475,1.0
2022-06-29 00:00:00,0.13488890802200432,1.0
2022-06-29 01:00:00,0.12799941369988907,1.0
2022-06-29 02:00:00,0.12789047031441086,1.0
2022-06-29 03:00:00,0.12705251767439713,1.0
2022-06-29 04:00:00,0.12927873131919332,1.0
2022-06-29 05:00:00,0.12837880982268848,1.0
2022-06-29 06:00:00,0.12762536291423157,1.0
2022-06-29 07:00:00,0.12635799707429962,1.0
2022-06-29 08:00:00,0.12678371588403575,1.0
2022-06-29 09:00:00,0.13068117890614997,1.0
2022-06-29 10:00:00,0.13987058511760656,1.0
2022-06-29 11:00:00,0.14512026521921673,1.0
2022-06-29 12:00:00,0.15347464188597937,1.0
2022-06-29 13:00:00,0.1536392627855058,1.0
2022-06-29 14:00:00,0.15511029511980828,1.0
2022-06-29 15:00:00,0.1570331268019321,1.0
2022-06-29 16:00:00,0.15776561072409792,1.0
2022-06-29 17:00:00,0.1563406558417772,1.0
2022-06-29 18:00:00,0.15656427657599212,1.0
2022-06-29 19:00:00,0.14892515286353397,1.0
2022-06-29 20:00:00,0.14835098971457905,1.0
2022-06-29 21:00:00,0.1490889598774553,1.0
2022-06-29 22:00:00,0.14632331859357872,1.0
2022-06-29 23:00:00,0.1398561191662872,1.0
2022-06-30 00:00:00,0.13412273277879327,1.0
2022-06-30 01:00:00,0.1283160990817582,1.0
2022-06-30 02:00:00,0.12846576310536342,1.0
2022-06-30 03:00:00,0.12782579532372024,1.0
2022-06-30 04:00:00,0.12407967123373762,1.0
2022-06-30 05:00:00,0.12375342885049617,1.0
2022-06-30 06:00:00,0.12427214912461092,1.0
2022-06-30 07:00:00,0.12467197920935953,1.0
2022-06-30 08:00:00,0.12840095044402988,1.0
2022-06-30 09:00:00,0.1320174453379679,1.0
2022-06-30 10:00:00,0.14215634689783174,1.0
2022-06-30 11:00:00,0.14975928490503101,1.0
2022-06-30 12:00:00,0.1538818045672645,1.0
2022-06-30 13:00:00,0.15465647027386673,1.0
2022-06-30 14:00:00,0.1561051204565536,1.0
2022-06-30 15:00:00,0.1560257073608432,1.0
2022-06-30 16:00:00,0.15594011437317343,1.0
2022-06-30 17:00:00,0.1579418128177464,1.0
2022-06-30 18:00:00,0.1572156805862138,1.0
2022-06-30 19:00:00,0.1552614799048719,1.0
2022-06-30 20:00:00,0.15105764897277046,1.0
2022-06-30 21:00:00,0.15094144147493666,1.0
2022-06-30 22:00:00,0.14798116007726264,1.0
2022-06-30 23:00:00,0.14172111877724963,1.0
2022-07-01 00:00:00,0.13595703338146792,1.0
2022-07-01 01:00:00,0.12948897059530828,1.0
2022-07-01 02:00:00,0.13003080853245647,1.0
2022-07-01 03:00:00,0.13569866538981196,1.0
2022-07-01 04:00:00,0.13183814612293393,1.0
2022-07-01 05:00:00,0.13132997251109402,1.0
2022-07-01 06:00:00,0.1310222084317228,1.0
2022-07-01 07:00:00,0.1317378593172047,1.0
2022-07-01 08:00:00,0.13508964729145367,1.0
2022-07-01 09:00:00,0.14026834074660743,1.0
2022-07-01 10:00:00,0.14934126812996695,1.0
2022-07-01 11:00:00,0.15631917355759734,1.0
2022-07-01 12:00:00,0.1621788429146709,1.0
2022-07-01 13:00:00,0.16468078946550407,1.0
2022-07-01 14:00:00,0.16557537342271084,1.0
2022-07-01 15:00:00,0.16694160334025226,1.0
2022-07-01 16:00:00,0.16670803662397354,1.0
2022-07-01 17:00:00,0.16571150497798187,1.0
2022-07-01 18:00:00,0.16296413770691598,1.0
2022-07-01 19:00:00,0.15978712885672397,1.0
2022-07-01 20:00:00,0.15967838509344864,1.0
2022-07-01 21:00:00,0.1604601179703905,1.0
2022-07-01 22:00:00,0.1571368945069873,1.0
2022-07-01 23:00:00,0.14999680286193923,1.0
2022-07-02 00:00:00,0.14439139721616612,1.0
2022-07-02 01:00:00,0.13918797488444992,1.0
2022-07-02 02:00:00,0.13983480804050635,1.0
2022-07-02 03:00:00,0.122984137264277,1.0
2022-07-02 04:00:00,0.12101922874115396,1.0
2022-07-02 05:00:00,0.12085476117976453,1.0
2022-07-02 06:00:00,0.1200917702459022,1.0
2022-07-02 07:00:00,0.1215518540574156,1.0
2022-07-02 08:00:00,0.12399007878215135,1.0
2022-07-02 09:00:00,0.1243980994641217,1.0
2022-07-02 10:00:00,0.12740069437091808,1.0
2022-07-02 11:00:00,0.13009496530461934,1.0
2022-07-02 12:00:00,0.1357915679035145,1.0
2022-07-02 13:00:00,0.13775054966765576,1.0
2022-07-02 14:00:00,0.13957169429850716,1.0
2022-07-02 15:00:00,0.14073282216049168,1.0
2022-07-02 16:00:00,0.13729134000854293,1.0
2022-07-02 17:00:00,0.13650188120089923,1.0
2022-07-02 18:00:00,0.13623130381319218,1.0
2022-07-02 19:00:00,0.13446578945007462,1.0
2022-07-02 20:00:00,0.1332447771375684,1.0
2022-07-02 21:00:00,0.1328091918804813,1.0
2022-07-02 22:00:00,0.1324339127496286,1.0
2022-07-02 23:00:00,0.12993424987618213,1.0
2022-07-03 00:00:00,0.12681140809834415,1.0
2022-07-03 01:00:00,0.12124192611537588,1.0
2022-07-03 02:00:00,0.12153022707597894,1.0
2022-07-03 03:00:00,0.12187065549843573,1.0
2022-07-03 04:00:00,0.119451312374496,1.0
2022-07-03 05:00:00,0.11933574906961714,1.0
2022-07-03 06:00:00,0.1202539380092043,1.0
2022-07-03 07:00:00,0.12137285453642492,1.0
2022-07-03 08:00:00,0.12360263690677363,1.0
2022-07-03 09:00:00,0.12412484651423063,1.0
2022-07-03 10:00:00,0.12405395856074868,1.0
2022-07-03 11:00:00,0.12725499836446819,1.0
2022-07-03 12:00:00,0.13223634118520858,1.0
2022-07-03 13:00:00,0.13696809529650286,1.0
2022-07-03 14:00:00,0.14131883127043737,1.0
2022-07-03 15:00:00,0.14301212369691105,1.0
2022-07-03 16:00:00,0.14099388958545991,1.0
2022-07-03 17:00:00,0.13794210871147344,1.0
2022-07-03 18:00:00,0.133055064793212,1.0
2022-07-03 19:00:00,0.13345921030381558,1.0
2022-07-03 20:00:00,0.13362702815183977,1.0
2022-07-03 21:00:00,0.13238088675055848,1.0
2022-07-03 22:00:00,0.13235916386132993,1.0
2022-07-03 23:00:00,0.13124223547387487,1.0
2022-07-04 00:00:00,0.12890642863323157,1.0
2022-07-04 01:00:00,0.12528401686358845,1.0
2022-07-04 02:00:00,0.12601107448478382,1.0
2022-07-04 03:00:00,0.1410570548422454,1.0
2022-07-04 04:00:00,0.13706374496779564,1.0
2022-07-04 05:00:00,0.13668683969260298,1.0
2022-07-04 06:00:00,0.13638337186909474,1.0
2022-07-04 07:00:00,0.1371931759270447,1.0
2022-07-04 08:00:00,0.14051069040702094,1.0
2022-07-04 09:00:00,0.1449626475322689,1.0
2022-07-04 10:00:00,0.1520755503792871,1.0
2022-07-04 11:00:00,0.15795057343469818,1.0
2022-07-04 12:00:00,0.1619552921495045,1.0
2022-07-04 13:00:00,0.17434799399558165,1.0
2022-07-04 14:00:00,0.1779197775363104,1.0
2022-07-04 15:00:00,0.17782167358281126,1.0
2022-07-04 16:00:00,0.1764507738633705,1.0
2022-07-04 17:00:00,0.16806487991194963,1.0
2022-07-04 18:00:00,0.16593650295833656,1.0
2022-07-04 19:00:00,0.16507290938786162,1.0
2022-07-04 20:00:00,0.16598837610192974,1.0
2022-07-04 21:00:00,0.16677689680540803,1.0
2022-07-04 22:00:00,0.16358339903538208,1.0
2022-07-04 23:00:00,0.15634147575151913,1.0
2022-07-05 00:00:00,0.15058683765321518,1.0
2022-07-05 01:00:00,0.14569902371854898,1.0
2022-07-05 02:00:00,0.14547661477826607,1.0
2022-07-05 03:00:00,0.14318559974866402,1.0
2022-07-05 04:00:00,0.13885581665955898,1.0
2022-07-05 05:00:00,0.13848383746164514,1.0
2022-07-05 06:00:00,0.13829431433066747,1.0
2022-07-05 07:00:00,0.13888823040284926,1.0
2022-07-05 08:00:00,0.1430292428577864,1.0
2022-07-05 09:00:00,0.15078142913796902,1.0
2022-07-05 10:00:00,0.159012515645461,1.0
2022-07-05 11:00:00,0.1631808691932144,1.0
2022-07-05 12:00:00,0.16914988715011892,1.0
2022-07-05 13:00:00,0.1720905863593377,1.0
2022-07-05 14:00:00,0.17399165120888488,1.0
2022-07-05 15:00:00,0.17417133523206113,1.0
2022-07-05 16:00:00,0.1724149104748204,1.0
2022-07-05 17:00:00,0.1720450511831663,1.0
2022-07-05 18:00:00,0.1709418914191252,1.0
2022-07-05 19:00:00,0.169313444331876,1.0
2022-07-05 20:00:00,0.1691589855070097,1.0
2022-07-05 21:00:00,0.16950896640981383,1.0
2022-07-05 22:00:00,0.1660474924760272,1.0
2022-07-05 23:00:00,0.15872006542417855,1.0
2022-07-06 00:00:00,0.15275226416893506,1.0
2022-07-06 01:00:00,0.14747876781985617,1.0
2022-07-06 02:00:00,0.1478960450905864,1.0
2022-07-06 03:00:00,0.14481448847686185,1.0
2022-07-06 04:00:00,0.14053433448126837,1.0
2022-07-06 05:00:00,0.14732987612335763,1.0
2022-07-06 06:00:00,0.144391966342488,1.0
2022-07-06 07:00:00,0.14571166798820656,1.0
2022-07-06 08:00:00,0.14880419802849507,1.0
2022-07-06 09:00:00,0.15062484675413154,1.0
2022-07-06 10:00:00,0.16028458649089988,1.0
2022-07-06 11:00:00,0.1632720631797551,1.0
2022-07-06 12:00:00,0.1672585307759853,1.0
2022-07-06 13:00:00,0.17091194698897733,1.0
2022-07-06 14:00:00,0.18202630908983852,1.0
2022-07-06 15:00:00,0.18665265489196672,1.0
2022-07-06 16:00:00,0.1804618951641614,1.0
2022-07-06 17:00:00,0.1764612832765532,1.0
2022-07-06 18:00:00,0.17242239057468287,1.0
2022-07-06 19:00:00,0.16945122015634062,1.0
2022-07-06 20:00:00,0.16912993367960114,1.0
2022-07-06 21:00:00,0.1695161404170123,1.0
2022-07-06 22:00:00,0.16618503354988373,1.0
2022-07-06 23:00:00,0.15904449620494887,1.0
2022-07-07 00:00:00,0.15328436373615426,1.0
2022-07-07 01:00:00,0.14808235345316362,1.0
2022-07-07 02:00:00,0.1486892255798334,1.0
2022-07-07 03:00:00,0.14598511912404757,1.0
2022-07-07 04:00:00,0.14177429758938298,1.0
2022-07-07 05:00:00,0.14144543552438074,1.0
2022-07-07 06:00:00,0.14113399628643444,1.0
2022-07-07 07:00:00,0.14178068338669703,1.0
2022-07-07 08:00:00,0.14509321903118927,1.0
2022-07-07 09:00:00,0.1499228584403241,1.0
2022-07-07 10:00:00,0.15790022232995682,1.0
2022-07-07 11:00:00,0.16892266812208878,1.0
2022-07-07 12:00:00,0.17238281534402583,1.0
2022-07-07 13:00:00,0.1739433760850344,1.0
2022-07-07 14:00:00,0.17579198013235794,1.0
2022-07-07 15:00:00,0.17841335609267933,1.0
2022-07-07 16:00:00,0.1781638162674729,1.0
2022-07-07 17:00:00,0.17703978548298632,1.0
2022-07-07 18:00:00,0.1754488840878023,1.0
2022-07-07 19:00:00,0.17119575146637128,1.0
2022-07-07 20:00:00,0.1699996814361584,1.0
2022-07-07 21:00:00,0.17044964612674907,1.0
2022-07-07 22:00:00,0.16725575864829603,1.0
2022-07-07 23:00:00,0.160150513107835,1.0
2022-07-08 00:00:00,0.15448025112504413,1.0
2022-07-08 01:00:00,0.1495332697798066,1.0
2022-07-08 02:00:00,0.1501110006103637,1.0
2022-07-08 03:00:00,0.14777090323981762,1.0
2022-07-08 04:00:00,0.14355935690197086,1.0
2022-07-08 05:00:00,0.14347814652553556,1.0
2022-07-08 06:00:00,0.14332510836414128,1.0
2022-07-08 07:00:00,0.14389642984564424,1.0
2022-07-08 08:00:00,0.14718799186239231,1.0
2022-07-08 09:00:00,0.1563038539688345,1.0
2022-07-08 10:00:00,0.16455817176426568,1.0
2022-07-08 11:00:00,0.17328241271168338,1.0
2022-07-08 12:00:00,0.17641882533833544,1.0
2022-07-08 13:00:00,0.17649608840457842,1.0
2022-07-08 14:00:00,0.1776838935394844,1.0
2022-07-08 15:00:00,0.17820167608855347,1.0
2022-07-08 16:00:00,0.17727302706714126,1.0
2022-07-08 17:00:00,0.17727610672049032,1.0
2022-07-08 18:00:00,0.17608742024677365,1.0
2022-07-08 19:00:00,0.17722338909874868,1.0
2022-07-08 20:00:00,0.1723022502284297,1.0
2022-07-08 21:00:00,0.17289406963597787,1.0
2022-07-08 22:00:00,0.16968449017239934,1.0
2022-07-08 23:00:00,0.16250795315852468,1.0
2022-07-09 00:00:00,0.15670263995558137,1.0
2022-07-09 01:00:00,0.15149627772590638,1.0
2022-07-09 02:00:00,0.15208950740857513,1.0
2022-07-09 03:00:00,0.13427162693135544,1.0
2022-07-09 04:00:00,0.13086460675301598,1.0
2022-07-09 05:00:00,0.13110577159611586,1.0
2022-07-09 06:00:00,0.13194129690151687,1.0
2022-07-09 07:00:00,0.13308155238841726,1.0
2022-07-09 08:00:00,0.13555015900732725,1.0
2022-07-09 09:00:00,0.13612452159758076,1.0
2022-07-09 10:00:00,0.13728499699067018,1.0
2022-07-09 11:00:00,0.14376887156620352,1.0
2022-07-09 12:00:00,0.1507914371821772,1.0
2022-07-09 13:00:00,0.15184018662728624,1.0
2022-07-09 14:00:00,0.15196796355703235,1.0
2022-07-09 15:00:00,0.15258704773277412,1.0
2022-07-09 16:00:00,0.15101232996015834,1.0
2022-07-09 17:00:00,0.1466036848187045,1.0
2022-07-09 18:00:00,0.14683274365450655,1.0
2022-07-09 19:00:00,0.14596352554984618,1.0
2022-07-09 20:00:00,0.14534626066908965,1.0
2022-07-09 21:00:00,0.1451620434708683,1.0
2022-07-09 22:00:00,0.14445145993866662,1.0
2022-07-09 23:00:00,0.14221914529219798,1.0
2022-07-10 00:00:00,0.1389600171121374,1.0
2022-07-10 01:00:00,0.1335698191881578,1.0
2022-07-10 02:00:00,0.13302305213351331,1.0
2022-07-10 03:00:00,0.1338390088287283,1.0
2022-07-10 04:00:00,0.1310344785640698,1.0
2022-07-10 05:00:00,0.13123689409667916,1.0
2022-07-10 06:00:00,0.13212296225732018,1.0
2022-07-10 07:00:00,0.13323762125588612,1.0
2022-07-10 08:00:00,0.1354235340518145,1.0
2022-07-10 09:00:00,0.1355168994953098,1.0
2022-07-10 10:00:00,0.13606420154115634,1.0
2022-07-10 11:00:00,0.13983694932217122,1.0
2022-07-10 12:00:00,0.14383257478597092,1.0
2022-07-10 13:00:00,0.14643110946061522,1.0
2022-07-10 14:00:00,0.15363329424252903,1.0
2022-07-10 15:00:00,0.15480835012897262,1.0
2022-07-10 16:00:00,0.1504558392759278,1.0
2022-07-10 17:00:00,0.14818459422186994,1.0
2022-07-10 18:00:00,0.1467430950987687,1.0
2022-07-10 19:00:00,0.14741292050714327,1.0
2022-07-10 20:00:00,0.14727473948876788,1.0
2022-07-10 21:00:00,0.144161960160863,1.0
2022-07-10 22:00:00,0.14422270390266073,1.0
2022-07-10 23:00:00,0.14307101435634542,1.0
2022-07-11 00:00:00,0.1409589305218206,1.0
2022-07-11 01:00:00,0.13665227386134107,1.0
2022-07-11 02:00:00,0.13782982386059447,1.0
2022-07-11 03:00:00,0.15338932210039685,1.0
2022-07-11 04:00:00,0.1492045296407335,1.0
2022-07-11 05:00:00,0.14884512035806305,1.0
2022-07-11 06:00:00,0.1485756809044495,1.0
2022-07-11 07:00:00,0.1493548541990319,1.0
2022-07-11 08:00:00,0.15276513623631727,1.0
2022-07-11 09:00:00,0.1573771554322828,1.0
2022-07-11 10:00:00,0.16461987972066308,1.0
2022-07-11 11:00:00,0.1733340475719175,1.0
2022-07-11 12:00:00,0.17767213412751198,1.0
2022-07-11 13:00:00,0.18056214208314258,1.0
2022-07-11 14:00:00,0.18180796968232577,1.0
2022-07-11 15:00:00,0.18151368194618234,1.0
2022-07-11 16:00:00,0.17937217013502676,1.0
2022-07-11 17:00:00,0.17914804992500727,1.0
2022-07-11 18:00:00,0.17772483471390182,1.0
2022-07-11 19:00:00,0.17790258527258285,1.0
2022-07-11 20:00:00,0.18115246346070576,1.0
2022-07-11 21:00:00,0.17984760261211452,1.0
2022-07-11 22:00:00,0.17680106699645734,1.0
2022-07-11 23:00:00,0.1694383770642449,1.0
2022-07-12 00:00:00,0.16398745786215024,1.0
2022-07-12 01:00:00,0.15858849541477116,1.0
2022-07-12 02:00:00,0.15864849850978244,1.0
2022-07-12 03:00:00,0.1562592755375333,1.0
2022-07-12 04:00:00,0.15413743630797813,1.0
2022-07-12 05:00:00,0.15620478413812455,1.0
2022-07-12 06:00:00,0.15516076607710658,1.0
2022-07-12 07:00:00,0.16156895512225705,1.0
2022-07-12 08:00:00,0.16347650554069804,1.0
2022-07-12 09:00:00,0.16439386769448203,1.0
2022-07-12 10:00:00,0.171328653863106,1.0
2022-07-12 11:00:00,0.17707565009521123,1.0
2022-07-12 12:00:00,0.18318134091845367,1.0
2022-07-12 13:00:00,0.1849330058276472,1.0
2022-07-12 14:00:00,0.19199650827244394,1.0
2022-07-12 15:00:00,0.18881872180677112,1.0
2022-07-12 16:00:00,0.18556067051858965,1.0
2022-07-12 17:00:00,0.18107299260108017,1.0
2022-07-12 18:00:00,0.1805299700633679,1.0
2022-07-12 19:00:00,0.17875536082892457,1.0
2022-07-12 20:00:00,0.17995619367695143,1.0
2022-07-12 21:00:00,0.180727770112673,1.0
2022-07-12 22:00:00,0.17748474612063883,1.0
2022-07-12 23:00:00,0.17013439102818395,1.0
2022-07-13 00:00:00,0.16456521458504003,1.0
2022-07-13 01:00:00,0.15914278482043498,1.0
2022-07-13 02:00:00,0.15957212561621437,1.0
2022-07-13 03:00:00,0.15671847152450685,1.0
2022-07-13 04:00:00,0.15444379125520083,1.0
2022-07-13 05:00:00,0.15497831678471366,1.0
2022-07-13 06:00:00,0.15564670130455693,1.0
2022-07-13 07:00:00,0.15616757714486046,1.0
2022-07-13 08:00:00,0.15877977864307707,1.0
2022-07-13 09:00:00,0.16030653145048512,1.0
2022-07-13 10:00:00,0.16681062241653238,1.0
2022-07-13 11:00:00,0.1745114659586156,1.0
2022-07-13 12:00:00,0.1818377391455594,1.0
2022-07-13 13:00:00,0.18440892402208492,1.0
2022-07-13 14:00:00,0.18725413523022127,1.0
2022-07-13 15:00:00,0.18929293126636376,1.0
2022-07-13 16:00:00,0.18846623487132563,1.0
2022-07-13 17:00:00,0.18555475728267012,1.0
2022-07-13 18:00:00,0.1830720960056377,1.0
2022-07-13 19:00:00,0.17992642086778515,1.0
2022-07-13 20:00:00,0.1795708846635974,1.0
2022-07-13 21:00:00,0.18042624108124472,1.0
2022-07-13 22:00:00,0.17718921396021528,1.0
2022-07-13 23:00:00,0.17011723999124845,1.0
2022-07-14 00:00:00,0.16450982968610767,1.0
2022-07-14 01:00:00,0.15948028270875492,1.0
2022-07-14 02:00:00,0.16022047572783998,1.0
2022-07-14 03:00:00,0.14062883414650462,1.0
2022-07-14 04:00:00,0.1381465853409058,1.0
2022-07-14 05:00:00,0.13822163268494939,1.0
2022-07-14 06:00:00,0.13861086682700166,1.0
2022-07-14 07:00:00,0.13994037818230476,1.0
2022-07-14 08:00:00,0.14219054656780233,1.0
2022-07-14 09:00:00,0.14195688985465585,1.0
2022-07-14 10:00:00,0.14623469549178844,1.0
2022-07-14 11:00:00,0.14900741687691657,1.0
2022-07-14 12:00:00,0.15144404619936758,1.0
2022-07-14 13:00:00,0.15343100243696037,1.0
2022-07-14 14:00:00,0.15495721997564013,1.0
2022-07-14 15:00:00,0.15560764928093593,1.0
2022-07-14 16:00:00,0.15460217826571918,1.0
2022-07-14 17:00:00,0.1539362487399884,1.0
2022-07-14 18:00:00,0.15484406603237752,1.0
2022-07-14 19:00:00,0.1535970400217666,1.0
2022-07-14 20:00:00,0.14963201246085134,1.0
2022-07-14 21:00:00,0.15007092525349236,1.0
2022-07-14 22:00:00,0.15028147619498028,1.0
2022-07-14 23:00:00,0.14910821035663357,1.0
2022-07-15 00:00:00,0.14692571461740928,1.0
2022-07-15 01:00:00,0.14163024666222446,1.0
2022-07-15 02:00:00,0.14200285831226078,1.0
2022-07-15 03:00:00,0.14434259002013222,1.0
2022-07-15 04:00:00,0.1409783089558291,1.0
2022-07-15 05:00:00,0.1412460892578241,1.0
2022-07-15 06:00:00,0.14212323971341662,1.0
2022-07-15 07:00:00,0.14328065901402284,1.0
2022-07-15 08:00:00,0.14590961367285363,1.0
2022-07-15 09:00:00,0.14667057460343022,1.0
2022-07-15 10:00:00,0.14733240149980925,1.0
2022-07-15 11:00:00,0.15327842088704197,1.0
2022-07-15 12:00:00,0.15719682952409297,1.0
2022-07-15 13:00:00,0.15986268762913497,1.0
2022-07-15 14:00:00,0.1619921032480598,1.0
2022-07-15 15:00:00,0.16274697275222905,1.0
2022-07-15 16:00:00,0.16090324525034153,1.0
2022-07-15 17:00:00,0.15919355827842335,1.0
2022-07-15 18:00:00,0.15983885195554193,1.0
2022-07-15 19:00:00,0.1577651157767797,1.0
2022-07-15 20:00:00,0.1554963514418991,1.0
2022-07-15 21:00:00,0.15556553170810397,1.0
2022-07-15 22:00:00,0.15482572612452375,1.0
2022-07-15 23:00:00,0.15251838275438268,1.0
2022-07-16 00:00:00,0.14921690268205323,1.0
2022-07-16 01:00:00,0.14377867475444178,1.0
2022-07-16 02:00:00,0.14323224000516813,1.0
2022-07-16 03:00:00,0.1460056169310166,1.0
2022-07-16 04:00:00,0.1425842318618325,1.0
2022-07-16 05:00:00,0.14281050031152182,1.0
2022-07-16 06:00:00,0.14368451777623376,1.0
2022-07-16 07:00:00,0.1448501249413563,1.0
2022-07-16 08:00:00,0.14732260632503946,1.0
2022-07-16 09:00:00,0.14834280222977475,1.0
2022-07-16 10:00:00,0.15118535745264688,1.0
2022-07-16 11:00:00,0.15400791284217596,1.0
2022-07-16 12:00:00,0.158190533818875,1.0
2022-07-16 13:00:00,0.16015378300719368,1.0
2022-07-16 14:00:00,0.16170741062658336,1.0
2022-07-16 15:00:00,0.16203313852426615,1.0
2022-07-16 16:00:00,0.1593353895116152,1.0
2022-07-16 17:00:00,0.15748298322189058,1.0
2022-07-16 18:00:00,0.15861417296556413,1.0
2022-07-16 19:00:00,0.1589313434677196,1.0
2022-07-16 20:00:00,0.15798768430439258,1.0
2022-07-16 21:00:00,0.1572165324781297,1.0
2022-07-16 22:00:00,0.15649702924763179,1.0
2022-07-16 23:00:00,0.15428681241592312,1.0
2022-07-17 00:00:00,0.15117086269634658,1.0
2022-07-17 01:00:00,0.1460281924965032,1.0
2022-07-17 02:00:00,0.14572136303371558,1.0
2022-07-17 03:00:00,0.1461385462861252,1.0
2022-07-17 04:00:00,0.1434294161986167,1.0
2022-07-17 05:00:00,0.1436210899870986,1.0
2022-07-17 06:00:00,0.14446383936153945,1.0
2022-07-17 07:00:00,0.14542365058425583,1.0
2022-07-17 08:00:00,0.1476259093984701,1.0
2022-07-17 09:00:00,0.14760196873384682,1.0
2022-07-17 10:00:00,0.14806444510962025,1.0
2022-07-17 11:00:00,0.15196669183395223,1.0
2022-07-17 12:00:00,0.1554377005551692,1.0
2022-07-17 13:00:00,0.1572539850364914,1.0
2022-07-17 14:00:00,0.15956300641964996,1.0
2022-07-17 15:00:00,0.15972970326424807,1.0
2022-07-17 16:00:00,0.15703844172897238,1.0
2022-07-17 17:00:00,0.15517062226227213,1.0
2022-07-17 18:00:00,0.15615531020494228,1.0
2022-07-17 19:00:00,0.15572863613003038,1.0
2022-07-17 20:00:00,0.15632532316591147,1.0
2022-07-17 21:00:00,0.15603008700925142,1.0
2022-07-17 22:00:00,0.1555558876782281,1.0
2022-07-17 23:00:00,0.15455989984085183,1.0
2022-07-18 00:00:00,0.15261113984329694,1.0
2022-07-18 01:00:00,0.14762659983272344,1.0
2022-07-18 02:00:00,0.1479394523249584,1.0
2022-07-18 03:00:00,0.16517470637556614,1.0
2022-07-18 04:00:00,0.1610537116943643,1.0
2022-07-18 05:00:00,0.16064741106893093,1.0
2022-07-18 06:00:00,0.16022363778396387,1.0
2022-07-18 07:00:00,0.1605522323122383,1.0
2022-07-18 08:00:00,0.16380595538747694,1.0
2022-07-18 09:00:00,0.16802545406184147,1.0
2022-07-18 10:00:00,0.17636197728361652,1.0
2022-07-18 11:00:00,0.18509326003844823,1.0
2022-07-18 12:00:00,0.1926503295361761,1.0
2022-07-18 13:00:00,0.19330530389488587,1.0
2022-07-18 14:00:00,0.19555149638276628,1.0
2022-07-18 15:00:00,0.1952384678943545,1.0
2022-07-18 16:00:00,0.19431824839797385,1.0
2022-07-18 17:00:00,0.19399944948601544,1.0
2022-07-18 18:00:00,0.19436620637449364,1.0
2022-07-18 19:00:00,0.19358167755150413,1.0
2022-07-18 20:00:00,0.18999703512328137,1.0
2022-07-18 21:00:00,0.18845991398555595,1.0
2022-07-18 22:00:00,0.18530637791722868,1.0
2022-07-18 23:00:00,0.17810049100853254,1.0
2022-07-19 00:00:00,0.17263122424501293,1.0
2022-07-19 01:00:00,0.1677271273549637,1.0
2022-07-19 02:00:00,0.16845637202010547,1.0
2022-07-19 03:00:00,0.1663395161537865,1.0
2022-07-19 04:00:00,0.16170246829668505,1.0
2022-07-19 05:00:00,0.1614109350914969,1.0
2022-07-19 06:00:00,0.16121816145556453,1.0
2022-07-19 07:00:00,0.16199971064763508,1.0
2022-07-19 08:00:00,0.16542550927568636,1.0
2022-07-19 09:00:00,0.1702286358334985,1.0
2022-07-19 10:00:00,0.1760064108071524,1.0
2022-07-19 11:00:00,0.1841257044300712,1.0
2022-07-19 12:00:00,0.18995194463612805,1.0
2022-07-19 13:00:00,0.1906093247624436,1.0
2022-07-19 14:00:00,0.1932617330371083,1.0
2022-07-19 15:00:00,0.19608053318763552,1.0
2022-07-19 16:00:00,0.19865257809553555,1.0
2022-07-19 17:00:00,0.19937198982376803,1.0
2022-07-19 18:00:00,0.196994183142613,1.0
2022-07-19 19:00:00,0.19123746416858706,1.0
2022-07-19 20:00:00,0.18902473621790217,1.0
2022-07-19 21:00:00,0.18964973123400863,1.0
2022-07-19 22:00:00,0.1866503503348558,1.0
2022-07-19 23:00:00,0.17970933516626852,1.0
2022-07-20 00:00:00,0.17442841922209862,1.0
2022-07-20 01:00:00,0.16932153871780192,1.0
2022-07-20 02:00:00,0.1714934283371013,1.0
2022-07-20 03:00:00,0.16780466670862304,1.0
2022-07-20 04:00:00,0.16424357650176727,1.0
2022-07-20 05:00:00,0.16682709074874746,1.0
2022-07-20 06:00:00,0.1664048430736934,1.0
2022-07-20 07:00:00,0.1662003197466028,1.0
2022-07-20 08:00:00,0.16804969915905535,1.0
2022-07-20 09:00:00,0.1744142377747031,1.0
2022-07-20 10:00:00,0.18107204664260107,1.0
2022-07-20 11:00:00,0.1869048000528523,1.0
2022-07-20 12:00:00,0.19316398156727826,1.0
2022-07-20 13:00:00,0.19419036451253013,1.0
2022-07-20 14:00:00,0.19573034288329916,1.0
2022-07-20 15:00:00,0.1971898081340954,1.0
2022-07-20 16:00:00,0.197359448276535,1.0
2022-07-20 17:00:00,0.1961435170544043,1.0
2022-07-20 18:00:00,0.1953231760865919,1.0
2022-07-20 19:00:00,0.19309808845087528,1.0
2022-07-20 20:00:00,0.19109435481957993,1.0
2022-07-20 21:00:00,0.1917606666159238,1.0
2022-07-20 22:00:00,0.18849682966913064,1.0
2022-07-20 23:00:00,0.18148594799621315,1.0
2022-07-21 00:00:00,0.17620961826434212,1.0
2022-07-21 01:00:00,0.1714541876341702,1.0
2022-07-21 02:00:00,0.1718216527684075,1.0
2022-07-21 03:00:00,0.16974856413917092,1.0
2022-07-21 04:00:00,0.16749164176583423,1.0
2022-07-21 05:00:00,0.1682803938211816,1.0
2022-07-21 06:00:00,0.16796717552547952,1.0
2022-07-21 07:00:00,0.16784859092691337,1.0
2022-07-21 08:00:00,0.17035452553684244,1.0
2022-07-21 09:00:00,0.17540669895949512,1.0
2022-07-21 10:00:00,0.18211951632454637,1.0
2022-07-21 11:00:00,0.18919945792327036,1.0
2022-07-21 12:00:00,0.19518075555847741,1.0
2022-07-21 13:00:00,0.19564203063399843,1.0
2022-07-21 14:00:00,0.1972081637714082,1.0
2022-07-21 15:00:00,0.19822654036433698,1.0
2022-07-21 16:00:00,0.1974977412751331,1.0
2022-07-21 17:00:00,0.19790188198194136,1.0
2022-07-21 18:00:00,0.19905512574247208,1.0
2022-07-21 19:00:00,0.19490738187049353,1.0
2022-07-21 20:00:00,0.19339007644227182,1.0
2022-07-21 21:00:00,0.19363635688091196,1.0
2022-07-21 22:00:00,0.19037138944105325,1.0
2022-07-21 23:00:00,0.18326017211079737,1.0
2022-07-22 00:00:00,0.17766826651730183,1.0
2022-07-22 01:00:00,0.17275831381854806,1.0
2022-07-22 02:00:00,0.1734406311538706,1.0
2022-07-22 03:00:00,0.17102989181960085,1.0
2022-07-22 04:00:00,0.16997421925307318,1.0
2022-07-22 05:00:00,0.16941286430768682,1.0
2022-07-22 06:00:00,0.1699056099373078,1.0
2022-07-22 07:00:00,0.1680035847778538,1.0
2022-07-22 08:00:00,0.17007766479731717,1.0
2022-07-22 09:00:00,0.17616866801713832,1.0
2022-07-22 10:00:00,0.1843901899656821,1.0
2022-07-22 11:00:00,0.1921739626040932,1.0
2022-07-22 12:00:00,0.19554647529289843,1.0
2022-07-22 13:00:00,0.19646397463452175,1.0
2022-07-22 14:00:00,0.1975235757347944,1.0
2022-07-22 15:00:00,0.19803748523721354,1.0
2022-07-22 16:00:00,0.19820540745229914,1.0
2022-07-22 17:00:00,0.19766041142540847,1.0
2022-07-22 18:00:00,0.19751660387250852,1.0
2022-07-22 19:00:00,0.19523535084627067,1.0
2022-07-22 20:00:00,0.19449724605795765,1.0
2022-07-22 21:00:00,0.19526793771245263,1.0
2022-07-22 22:00:00,0.1920031150726012,1.0
2022-07-22 23:00:00,0.18487455314894474,1.0
2022-07-23 00:00:00,0.17930376962723793,1.0
2022-07-23 01:00:00,0.17446108612947722,1.0
2022-07-23 02:00:00,0.17509213983926497,1.0
2022-07-23 03:00:00,0.16098435709136494,1.0
2022-07-23 04:00:00,0.15965344995662703,1.0
2022-07-23 05:00:00,0.15948417377723986,1.0
2022-07-23 06:00:00,0.15886074891596655,1.0
2022-07-23 07:00:00,0.1586094126538616,1.0
2022-07-23 08:00:00,0.1601966325068127,1.0
2022-07-23 09:00:00,0.1603898439359423,1.0
2022-07-23 10:00:00,0.16292555235500394,1.0
2022-07-23 11:00:00,0.1637541665519156,1.0
2022-07-23 12:00:00,0.16785057635045325,1.0
2022-07-23 13:00:00,0.16964880132695842,1.0
2022-07-23 14:00:00,0.17116360273523598,1.0
2022-07-23 15:00:00,0.1737167460457859,1.0
2022-07-23 16:00:00,0.17538026207131585,1.0
2022-07-23 17:00:00,0.17525760146235708,1.0
2022-07-23 18:00:00,0.1742621455683728,1.0
2022-07-23 19:00:00,0.16897858741459493,1.0
2022-07-23 20:00:00,0.16676838996558518,1.0
2022-07-23 21:00:00,0.1668092832362366,1.0
2022-07-23 22:00:00,0.16638020414693466,1.0
2022-07-23 23:00:00,0.16429303695336805,1.0
2022-07-24 00:00:00,0.16128984786723663,1.0
2022-07-24 01:00:00,0.15608933226646857,1.0
2022-07-24 02:00:00,0.15571621531885957,1.0
2022-07-24 03:00:00,0.15660701834297652,1.0
2022-07-24 04:00:00,0.15383202670054086,1.0
2022-07-24 05:00:00,0.15418412433935755,1.0
2022-07-24 06:00:00,0.15509331625154416,1.0
2022-07-24 07:00:00,0.1560788658012318,1.0
2022-07-24 08:00:00,0.15833523553166237,1.0
2022-07-24 09:00:00,0.15847918745535114,1.0
2022-07-24 10:00:00,0.15873404910900096,1.0
2022-07-24 11:00:00,0.16307269393975926,1.0
2022-07-24 12:00:00,0.16638771250540463,1.0
2022-07-24 13:00:00,0.16903840843414877,1.0
2022-07-24 14:00:00,0.17243850649641715,1.0
2022-07-24 15:00:00,0.17522481898014716,1.0
2022-07-24 16:00:00,0.17448342084553342,1.0
2022-07-24 17:00:00,0.1721717558915818,1.0
2022-07-24 18:00:00,0.16981227934601165,1.0
2022-07-24 19:00:00,0.1686846153353803,1.0
2022-07-24 20:00:00,0.16788996359856448,1.0
2022-07-24 21:00:00,0.16775106840630868,1.0
2022-07-24 22:00:00,0.16658836480906747,1.0
2022-07-24 23:00:00,0.16520139067867634,1.0
2022-07-25 00:00:00,0.16341449530230473,1.0
2022-07-25 01:00:00,0.15831874692045506,1.0
2022-07-25 02:00:00,0.15915720759503305,1.0
2022-07-25 03:00:00,0.1759005563997384,1.0
2022-07-25 04:00:00,0.17179032771680364,1.0
2022-07-25 05:00:00,0.17141044583820517,1.0
2022-07-25 06:00:00,0.17114154922223823,1.0
2022-07-25 07:00:00,0.17200707931540835,1.0
2022-07-25 08:00:00,0.1753910399590193,1.0
2022-07-25 09:00:00,0.18539664268755146,1.0
2022-07-25 10:00:00,0.18752387328026515,1.0
2022-07-25 11:00:00,0.19438758279672874,1.0
2022-07-25 12:00:00,0.19888560590535698,1.0
2022-07-25 13:00:00,0.2015845741929765,1.0
2022-07-25 14:00:00,0.20390117980645023,1.0
2022-07-25 15:00:00,0.20545654336244917,1.0
2022-07-25 16:00:00,0.20354098743108956,1.0
2022-07-25 17:00:00,0.20128137410478042,1.0
2022-07-25 18:00:00,0.1999200105602446,1.0
2022-07-25 19:00:00,0.1991480390169304,1.0
2022-07-25 20:00:00,0.19998993474997037,1.0
2022-07-25 21:00:00,0.20052401317530147,1.0
2022-07-25 22:00:00,0.19735796643648462,1.0
2022-07-25 23:00:00,0.1901492072263456,1.0
2022-07-26 00:00:00,0.18484206183172186,1.0
2022-07-26 01:00:00,0.18334386507513212,1.0
2022-07-26 02:00:00,0.18333319434381012,1.0
2022-07-26 03:00:00,0.1818550167702211,1.0
2022-07-26 04:00:00,0.18060751749798834,1.0
2022-07-26 05:00:00,0.17772545310645696,1.0
2022-07-26 06:00:00,0.17838551874137198,1.0
2022-07-26 07:00:00,0.17575697148097447,1.0
2022-07-26 08:00:00,0.17772247576593872,1.0
2022-07-26 09:00:00,0.18167103881789,1.0
2022-07-26 10:00:00,0.18907030910649267,1.0
2022-07-26 11:00:00,0.1970796974020827,1.0
2022-07-26 12:00:00,0.20074534293988539,1.0
2022-07-26 13:00:00,0.20248487501811185,1.0
2022-07-26 14:00:00,0.2045978271098382,1.0
2022-07-26 15:00:00,0.2044713171409492,1.0
2022-07-26 16:00:00,0.20540675637485223,1.0
2022-07-26 17:00:00,0.20580140865679042,1.0
2022-07-26 18:00:00,0.20323044093233167,1.0
2022-07-26 19:00:00,0.20272031918759517,1.0
2022-07-26 20:00:00,0.20139735345981097,1.0
2022-07-26 21:00:00,0.20227518490990812,1.0
2022-07-26 22:00:00,0.19907796694580013,1.0
2022-07-26 23:00:00,0.19189119045523426,1.0
2022-07-27 00:00:00,0.18759422259193068,1.0
2022-07-27 01:00:00,0.1850951666519429,1.0
2022-07-27 02:00:00,0.18378853364803344,1.0
2022-07-27 03:00:00,0.1827976589527613,1.0
2022-07-27 04:00:00,0.18394076031063988,1.0
2022-07-27 05:00:00,0.18071011450811886,1.0
2022-07-27 06:00:00,0.18033796375791006,1.0
2022-07-27 07:00:00,0.1763010434752539,1.0
2022-07-27 08:00:00,0.18060870941518872,1.0
2022-07-27 09:00:00,0.1850443448517185,1.0
2022-07-27 10:00:00,0.1913695660180374,1.0
2022-07-27 11:00:00,0.19869154301583838,1.0
2022-07-27 12:00:00,0.2015936841084664,1.0
2022-07-27 13:00:00,0.20204059419831938,1.0
2022-07-27 14:00:00,0.20364078419364806,1.0
2022-07-27 15:00:00,0.2043212368648838,1.0
2022-07-27 16:00:00,0.20541675044059432,1.0
2022-07-27 17:00:00,0.2052990048169158,1.0
2022-07-27 18:00:00,0.20340654445809841,1.0
2022-07-27 19:00:00,0.20377581300851977,1.0
2022-07-27 20:00:00,0.20390709237135518,1.0
2022-07-27 21:00:00,0.20346285869844993,1.0
2022-07-27 22:00:00,0.20031789095064081,1.0
2022-07-27 23:00:00,0.19317415426927192,1.0
2022-07-28 00:00:00,0.18769086307680047,1.0
2022-07-28 01:00:00,0.18263898549066343,1.0
2022-07-28 02:00:00,0.18319762198209613,1.0
2022-07-28 03:00:00,0.18108871565504153,1.0
2022-07-28 04:00:00,0.18239204983962806,1.0
2022-07-28 05:00:00,0.1800471350191951,1.0
2022-07-28 06:00:00,0.18389802829946297,1.0
2022-07-28 07:00:00,0.1833831749164503,1.0
2022-07-28 08:00:00,0.18570988931136825,1.0
2022-07-28 09:00:00,0.18834063779665694,1.0
2022-07-28 10:00:00,0.19460642105925283,1.0
2022-07-28 11:00:00,0.19962027221337517,1.0
2022-07-28 12:00:00,0.2057193536325324,1.0
2022-07-28 13:00:00,0.20708843247809183,1.0
2022-07-28 14:00:00,0.20971455540486755,1.0
2022-07-28 15:00:00,0.21039554060475907,0.9999988299622805
2022-07-28 16:00:00,0.20986015050369417,0.9999967361398686
2022-07-28 17:00:00,0.2071821770891822,0.9999952389641288
2022-07-28 18:00:00,0.20727639653181384,0.9999970166264786
2022-07-28 19:00:00,0.2073848052045889,0.9999986038481596
2022-07-28 20:00:00,0.2053528680485248,0.9999999828549847
2022-07-28 21:00:00,0.20542789088367,1.0
2022-07-28 22:00:00,0.20224161483549957,1.0
2022-07-28 23:00:00,0.1950176268621296,1.0
2022-07-29 00:00:00,0.18926856764167158,1.0
2022-07-29 01:00:00,0.18460265779031154,1.0
2022-07-29 02:00:00,0.18640166752268725,1.0
2022-07-29 03:00:00,0.18492959624548908,1.0
2022-07-29 04:00:00,0.1840930733547231,1.0
2022-07-29 05:00:00,0.18465642304001495,1.0
2022-07-29 06:00:00,0.1822667595888846,1.0
2022-07-29 07:00:00,0.1800117155254618,1.0
2022-07-29 08:00:00,0.18246293831228827,1.0
2022-07-29 09:00:00,0.19141058499232352,1.0
2022-07-29 10:00:00,0.19763917590570088,1.0
2022-07-29 11:00:00,0.20291843819080274,1.0
2022-07-29 12:00:00,0.20716916622470205,1.0
2022-07-29 13:00:00,0.2063787316276059,1.0
2022-07-29 14:00:00,0.20744283643981642,1.0
2022-07-29 15:00:00,0.2077632349298219,0.9999999179879383
2022-07-29 16:00:00,0.20832894004684832,0.9999993620286379
2022-07-29 17:00:00,0.20831655739254834,0.999998025451955
2022-07-29 18:00:00,0.20858209432455382,0.9999966308307815
2022-07-29 19:00:00,0.20527184332070317,0.99999483072885
2022-07-29 20:00:00,0.20670457889322638,0.9999970948443339
2022-07-29 21:00:00,0.2075850146955088,0.9999974944073038
2022-07-29 22:00:00,0.20426589747512142,0.9999967197558017
2022-07-29 23:00:00,0.19695723369899107,1.0
2022-07-30 00:00:00,0.19153069948946194,1.0
2022-07-30 01:00:00,0.1862130923583582,1.0
2022-07-30 02:00:00,0.18662356907630193,1.0
2022-07-30 03:00:00,0.17516596911349094,1.0
2022-07-30 04:00:00,0.17398775850824683,1.0
2022-07-30 05:00:00,0.1733787471866616,1.0
2022-07-30 06:00:00,0.17409919420298592,1.0
2022-07-30 07:00:00,0.17048954750462014,1.0
2022-07-30 08:00:00,0.17110840013991407,1.0
2022-07-30 09:00:00,0.1706541557538937,1.0
2022-07-30 10:00:00,0.17464138763567902,1.0
2022-07-30 11:00:00,0.1755968449585227,1.0
2022-07-30 12:00:00,0.17990847274340382,1.0
2022-07-30 13:00:00,0.18457245587118598,1.0
2022-07-30 14:00:00,0.18786537378309331,1.0
2022-07-30 15:00:00,0.1900003637941679,1.0
2022-07-30 16:00:00,0.1865029953220825,1.0
2022-07-30 17:00:00,0.1822465088721273,1.0
2022-07-30 18:00:00,0.1811305436024726,1.0
2022-07-30 19:00:00,0.1806596783286301,1.0
2022-07-30 20:00:00,0.17932192567296126,1.0
2022-07-30 21:00:00,0.17909980953855995,1.0
2022-07-30 22:00:00,0.17844721235924452,1.0
2022-07-30 23:00:00,0.17614464733594182,1.0
2022-07-31 00:00:00,0.17293253190848085,1.0
2022-07-31 01:00:00,0.16761510214847042,1.0
2022-07-31 02:00:00,0.1672248760371212,1.0
2022-07-31 03:00:00,0.16804410267330566,1.0
2022-07-31 04:00:00,0.16529797322522635,1.0
2022-07-31 05:00:00,0.16545726414843523,1.0
2022-07-31 06:00:00,0.16626779312434697,1.0
2022-07-31 07:00:00,0.16728689702032076,1.0
2022-07-31 08:00:00,0.16955156367598131,1.0
2022-07-31 09:00:00,0.16966183892464218,1.0
2022-07-31 10:00:00,0.17064159069866364,1.0
2022-07-31 11:00:00,0.1748680424608518,1.0
2022-07-31 12:00:00,0.17773107002095073,1.0
2022-07-31 13:00:00,0.18763707685669695,1.0
2022-07-31 14:00:00,0.19165633614950525,1.0
2022-07-31 15:00:00,0.18672527334950695,1.0
2022-07-31 16:00:00,0.18384584972055903,1.0
2022-07-31 17:00:00,0.18152470980917873,1.0
2022-07-31 18:00:00,0.1793106666299187,1.0
2022-07-31 19:00:00,0.1794456398707129,1.0
2022-07-31 20:00:00,0.1795105187177151,1.0
2022-07-31 21:00:00,0.17826575859997248,1.0
2022-07-31 22:00:00,0.1784198690473558,1.0
2022-07-31 23:00:00,0.17709069153443976,1.0
2022-08-01 00:00:00,0.17484953773072603,1.0
2022-08-01 01:00:00,0.16943683147986907,1.0
2022-08-01 02:00:00,0.17019816274846858,1.0
2022-08-01 03:00:00,0.17704717220436034,1.0
2022-08-01 04:00:00,0.1742933714487412,1.0
2022-08-01 05:00:00,0.1735784077341555,1.0
2022-08-01 06:00:00,0.17398182288066713,1.0
2022-08-01 07:00:00,0.17562835785882047,1.0
2022-08-01 08:00:00,0.1782725188203727,1.0
2022-08-01 09:00:00,0.18332944066370055,1.0
2022-08-01 10:00:00,0.18792982061300073,1.0
2022-08-01 11:00:00,0.19360782794857967,1.0
2022-08-01 12:00:00,0.19800274291499798,1.0
2022-08-01 13:00:00,0.2042108695354572,1.0
2022-08-01 14:00:00,0.21285844337548354,0.9999986536402811
2022-08-01 15:00:00,0.21190140138098895,0.999986421842082
2022-08-01 16:00:00,0.20739898119502237,0.9999753103410659
2022-08-01 17:00:00,0.2031684458680039,0.9999697508258815
2022-08-01 18:00:00,0.2003668465566535,0.9999694034064032
2022-08-01 19:00:00,0.19799301763389587,0.999972481878599
2022-08-01 20:00:00,0.20013542225910239,0.9999784514955097
2022-08-01 21:00:00,0.20087927394040123,0.9999816669312661
2022-08-01 22:00:00,0.1978296939962121,0.9999838763431531
2022-08-01 23:00:00,0.19194977657065718,0.9999898214868467
2022-08-02 00:00:00,0.18761257805579543,1.0
2022-08-02 01:00:00,0.18077318701066508,1.0
2022-08-02 02:00:00,0.1804564094042905,1.0
2022-08-02 03:00:00,0.17988461001062686,1.0
2022-08-02 04:00:00,0.1801150574715968,1.0
2022-08-02 05:00:00,0.1817494102644231,1.0
2022-08-02 06:00:00,0.18129451701545243,1.0
2022-08-02 07:00:00,0.18098395025537425,1.0
2022-08-02 08:00:00,0.18034252826573283,1.0
2022-08-02 09:00:00,0.1867409044564411,1.0
2022-08-02 10:00:00,0.19002729353086145,1.0
2022-08-02 11:00:00,0.1977831802541635,1.0
2022-08-02 12:00:00,0.2028389786647607,1.0
2022-08-02 13:00:00,0.20898094893253952,0.9999986126012613
2022-08-02 14:00:00,0.21153770870309474,0.9999894709934434
2022-08-02 15:00:00,0.21197205029677646,0.9999770566564415
2022-08-02 16:00:00,0.21098010531091918,0.9999640225797901
2022-08-02 17:00:00,0.20600608037222673,0.9999521515885664
2022-08-02 18:00:00,0.20432337383605964,0.999946421249604
2022-08-02 19:00:00,0.20185123407560981,0.9999427173818314
2022-08-02 20:00:00,0.2024780011261659,0.9999420267437507
2022-08-02 21:00:00,0.20277353405017545,0.999940475668859
2022-08-02 22:00:00,0.19983670473091608,0.9999384781668653
2022-08-02 23:00:00,0.19405389562983533,0.999940074657664
2022-08-03 00:00:00,0.18976901540226487,0.9999488225831122
2022-08-03 01:00:00,0.18281106239043673,0.9999628494992878
2022-08-03 02:00:00,0.18229548742580487,0.9999854967143803
2022-08-03 03:00:00,0.18113881968053644,1.0
2022-08-03 04:00:00,0.17932300070375615,1.0
2022-08-03 05:00:00,0.17763137436126752,1.0
2022-08-03 06:00:00,0.17875640142537774,1.0
2022-08-03 07:00:00,0.17845992605463123,1.0
2022-08-03 08:00:00,0.18169037439867658,1.0
2022-08-03 09:00:00,0.18563015520264375,1.0
2022-08-03 10:00:00,0.1911924341820665,1.0
2022-08-03 11:00:00,0.1980135891781376,1.0
2022-08-03 12:00:00,0.20035114330766585,1.0
2022-08-03 13:00:00,0.20777413395363517,0.9999998713952925
2022-08-03 14:00:00,0.21069891471244503,0.9999903865195411
2022-08-03 15:00:00,0.21559387441647404,0.9999771681028312
2022-08-03 16:00:00,0.21436208690138014,0.9999577533892479
2022-08-03 17:00:00,0.20785997861784922,0.9999398007806212
2022-08-03 18:00:00,0.20346041869488296,0.999929898145758
2022-08-03 19:00:00,0.20124410278259738,0.9999254172670937
2022-08-03 20:00:00,0.20282132519502746,0.9999236290575413
2022-08-03 21:00:00,0.20343530730373366,0.9999197915621609
2022-08-03 22:00:00,0.20050977835153191,0.9999151087993384
2022-08-03 23:00:00,0.1947807511016107,0.9999140051259462
2022-08-04 00:00:00,0.1903625204740514,0.9999199848829425
2022-08-04 01:00:00,0.1836096974203975,0.9999314095426759
2022-08-04 02:00:00,0.1830403701335849,0.9999511973138451
2022-08-04 03:00:00,0.18195655534963717,0.9999716187949481
2022-08-04 04:00:00,0.17859984914603533,0.9999933170636028
2022-08-04 05:00:00,0.178712031766268,1.0
2022-08-04 06:00:00,0.17955327045648217,1.0
2022-08-04 07:00:00,0.18123716939073695,1.0
2022-08-04 08:00:00,0.18395036378737473,1.0
2022-08-04 09:00:00,0.19048112009389012,1.0
2022-08-04 10:00:00,0.1977401414339747,1.0
2022-08-04 11:00:00,0.19909558176682282,1.0
2022-08-04 12:00:00,0.20615514130828383,0.9999996494999007
2022-08-04 13:00:00,0.20799463003871538,0.9999903962854725
2022-08-04 14:00:00,0.21043817775894086,0.9999787654138775
2022-08-04 15:00:00,0.21072279006278563,0.9999640017800674
2022-08-04 16:00:00,0.21251218684315357,0.9999488040220416
2022-08-04 17:00:00,0.2155229512079985,0.9999312911279737
2022-08-04 18:00:00,0.21251599599608348,0.999909936357193
2022-08-04 19:00:00,0.20930319104557382,0.9998922618280204
2022-08-04 20:00:00,0.2058840873508628,0.9998785248215193
2022-08-04 21:00:00,0.2048222646825874,0.9998689831800509
2022-08-04 22:00:00,0.20132909064592697,0.9998606902713032
2022-08-04 23:00:00,0.19570507840176585,0.9998566852534982
2022-08-05 00:00:00,0.19136390857606916,0.9998596316434475
2022-08-05 01:00:00,0.18531914038842845,0.9998679258572202
2022-08-05 02:00:00,0.18455289067819736,0.9998836973619015
2022-08-05 03:00:00,0.18309555963642452,0.9999003479785683
2022-08-05 04:00:00,0.17991412370553198,0.9999187415280987
2022-08-05 05:00:00,0.1796574356501445,0.9999410331108584
2022-08-05 06:00:00,0.18005969312509537,0.9999635667612978
2022-08-05 07:00:00,0.18113218293693126,0.9999855187668395
2022-08-05 08:00:00,0.1840730720890458,1.0
2022-08-05 09:00:00,0.18809490049768693,1.0
2022-08-05 10:00:00,0.19398392317966104,1.0
2022-08-05 11:00:00,0.20172445160836264,1.0
2022-08-05 12:00:00,0.2071840089975941,0.9999944764836181
2022-08-05 13:00:00,0.21051211019860455,0.99998204951431
2022-08-05 14:00:00,0.21405809643902862,0.9999653833819308
2022-08-05 15:00:00,0.21528184264264494,0.9999442056998412
2022-08-05 16:00:00,0.21496058997472195,0.9999214192377883
2022-08-05 17:00:00,0.2113561566942499,0.9998989552141031
2022-08-05 18:00:00,0.2050038798645578,0.9998809175743335
2022-08-05 19:00:00,0.20354823417578072,0.9998707410927392
2022-08-05 20:00:00,0.2050821882567297,0.9998623049502577
2022-08-05 21:00:00,0.20582666234443533,0.9998518721170816
2022-08-05 22:00:00,0.2028120425216764,0.9998404294131475
2022-08-05 23:00:00,0.1971768102877126,0.9998326756758298
2022-08-06 00:00:00,0.1929856588694568,0.9998318866406692
2022-08-06 01:00:00,0.18613808831997852,0.999836257176714
2022-08-06 02:00:00,0.18539598918517985,0.9998491077779865
2022-08-06 03:00:00,0.1947568490719226,0.9998628065753679
2022-08-06 04:00:00,0.19046561397923503,0.9998647248402714
2022-08-06 05:00:00,0.18995321767233195,0.9998719276616526
2022-08-06 06:00:00,0.18895807173257545,0.9998796914613011
2022-08-06 07:00:00,0.18864779800372247,0.999888619646571
2022-08-06 08:00:00,0.19005313700038426,0.9998978560975526
2022-08-06 09:00:00,0.19181218744303785,0.9999052562687336
2022-08-06 10:00:00,0.19574411313292334,0.9999103779912424
2022-08-06 11:00:00,0.19895278537795377,0.9999105051414966
2022-08-06 12:00:00,0.20596684983390745,0.99990654175682
2022-08-06 13:00:00,0.2094616582404072,0.9998937310675077
2022-08-06 14:00:00,0.21313829877329774,0.999876472114221
2022-08-06 15:00:00,0.2150223286962744,0.999854537577443
2022-08-06 16:00:00,0.2136721393755398,0.9998301681911177
2022-08-06 17:00:00,0.21033691234183194,0.9998074067000225
2022-08-06 18:00:00,0.20516816013375677,0.9997887343720627
2022-08-06 19:00:00,0.20438299201508636,0.9997764430845112
2022-08-06 20:00:00,0.20472793531370181,0.9997650533281023
2022-08-06 21:00:00,0.20576530685173405,0.9997531524344517
2022-08-06 22:00:00,0.2057775654322468,0.9997398748391886
2022-08-06 23:00:00,0.2022189490163514,0.9997265019044792
2022-08-07 00:00:00,0.19982361793172404,0.9997174971950799
2022-08-07 01:00:00,0.1959854099409453,0.9997114065753783
2022-08-07 02:00:00,0.1962801639972474,0.9997100336126002
2022-08-07 03:00:00,0.1861675024246904,0.9997082120753212
2022-08-07 04:00:00,0.185712696953086,0.9997189512042528
2022-08-07 05:00:00,0.18547312875605854,0.9997301786504854
2022-08-07 06:00:00,0.18544084943341715,0.9997416253386839
2022-08-07 07:00:00,0.18399185099798127,0.9997530321290546
2022-08-07 08:00:00,0.1839970264203266,0.999766169891829
2022-08-07 09:00:00,0.1846907834484457,0.9997792208810666
2022-08-07 10:00:00,0.18549758611615927,0.9997913243411836
2022-08-07 11:00:00,0.188268035607476,0.9998023389365948
2022-08-07 12:00:00,0.19518882118123548,0.9998098100802765
2022-08-07 13:00:00,0.19758654103629597,0.9998085498236728
2022-08-07 14:00:00,0.20117089685095363,0.9998042119705209
2022-08-07 15:00:00,0.20288034362599164,0.999795313197501
2022-08-07 16:00:00,0.20166356146641534,0.9997841971125841
2022-08-07 17:00:00,0.19711261030197139,0.9997745214736512
2022-08-07 18:00:00,0.19563914886428876,0.9997704539637124
2022-08-07 19:00:00,0.19378757815179717,0.9997681476924052
2022-08-07 20:00:00,0.19410198013277666,0.9997680752681599
2022-08-07 21:00:00,0.1950726452076964,0.9997675291969884
2022-08-07 22:00:00,0.1955525341240772,0.9997656891219433
2022-08-07 23:00:00,0.19439443645269586,0.9997631684851844
2022-08-08 00:00:00,0.19226780687351824,0.9997620147419495
2022-08-08 01:00:00,0.18741766218929418,0.9997634385291677
2022-08-08 02:00:00,0.18795981677559875,0.9997708442128067
2022-08-08 03:00:00,0.1875736272736622,0.999777491390906
2022-08-08 04:00:00,0.18495514521282924,0.9997845404657452
2022-08-08 05:00:00,0.1858785570766972,0.9997947817752337
2022-08-08 06:00:00,0.1865644222159047,0.9998037879242183
2022-08-08 07:00:00,0.18768940680831522,0.9998118558183988
2022-08-08 08:00:00,0.19033937757438812,0.9998184365307945
2022-08-08 09:00:00,0.19471638365967026,0.9998216238010655
2022-08-08 10:00:00,0.20237237913321637,0.9998192588074821
2022-08-08 11:00:00,0.2066748619863198,0.9998072427857695
2022-08-08 12:00:00,0.21205296691104508,0.9997897675992057
2022-08-08 13:00:00,0.2118695764776586,0.9997654886927453
2022-08-08 14:00:00,0.21407652761789703,0.9997413579081718
2022-08-08 15:00:00,0.21290343507888992,0.9997143872911456
2022-08-08 16:00:00,0.21235768160965068,0.9996888018689352
2022-08-08 17:00:00,0.21391405460872956,0.9996638174404143
2022-08-08 18:00:00,0.21347186494030318,0.9996368063202504
2022-08-08 19:00:00,0.21636187485537992,0.9996102666845725
2022-08-08 20:00:00,0.2132785372967006,0.9995800332567377
2022-08-08 21:00:00,0.20925344054208578,0.9995535726939664
2022-08-08 22:00:00,0.205490887824926,0.9995320621681735
2022-08-08 23:00:00,0.19989564777845775,0.9995151734722741
2022-08-09 00:00:00,0.1956820799583591,0.9995051974384337
2022-08-09 01:00:00,0.1894368480100065,0.9995004069494149
2022-08-09 02:00:00,0.18932541079740048,0.9995033415584655
2022-08-09 03:00:00,0.18874776396999032,0.9995063339952953
2022-08-09 04:00:00,0.18602910158844166,0.9995099669950941
2022-08-09 05:00:00,0.1856713394962776,0.9995169168005178
2022-08-09 06:00:00,0.18604967348522583,0.99952423225946
2022-08-09 07:00:00,0.1863120412181516,0.9995309932251163
2022-08-09 08:00:00,0.18928268281498342,0.9995373446286459
2022-08-09 09:00:00,0.1940281530511404,0.9995399011011
2022-08-09 10:00:00,0.19907015492900104,0.9995364440801027
2022-08-09 11:00:00,0.20408525034857208,0.9995266028745667
2022-08-09 12:00:00,0.21315141956134748,0.9995104110910722
2022-08-09 13:00:00,0.2146238051683838,0.9994828048609267
2022-08-09 14:00:00,0.21624513794591746,0.9994532763872286
2022-08-09 15:00:00,0.21707862212387696,0.9994216394596481
2022-08-09 16:00:00,0.21886495205817613,0.9993888788626101
2022-08-09 17:00:00,0.21749832715453785,0.9993538035126365
2022-08-09 18:00:00,0.21521421257400386,0.9993203545770343
2022-08-09 19:00:00,0.21024199097595264,0.9992896788917013
2022-08-09 20:00:00,0.2095570802968726,0.9992651365642531
2022-08-09 21:00:00,0.2099314695757886,0.999241368429927
2022-08-09 22:00:00,0.20697767905154357,0.9992170503377036
2022-08-09 23:00:00,0.20135414530660264,0.9991963424863071
2022-08-10 00:00:00,0.19717831628915725,0.9991825820287757
2022-08-10 01:00:00,0.19053898679041942,0.9991739593082549
2022-08-10 02:00:00,0.19014452994348818,0.999173553674443
2022-08-10 03:00:00,0.18957080604777754,0.9991735590106644
2022-08-10 04:00:00,0.18624905842503373,0.9991741993749114
2022-08-10 05:00:00,0.18641524223515743,0.9991789097710663
2022-08-10 06:00:00,0.18723814882300002,0.9991833302591038
2022-08-10 07:00:00,0.1877993901677255,0.99918663990986
2022-08-10 08:00:00,0.19085267469266598,0.9991891657792391
2022-08-10 09:00:00,0.1952250867178888,0.9991877927876586
2022-08-10 10:00:00,0.20131594431867092,0.9991808720001781
2022-08-10 11:00:00,0.20658950002673437,0.9991662553343056
2022-08-10 12:00:00,0.21539760899592514,0.9991449643919266
2022-08-10 13:00:00,0.21909914790709292,0.9991125809560267
2022-08-10 14:00:00,0.22104600778418554,0.999075488213783
2022-08-10 15:00:00,0.22141931547552698,0.9990358794886348
2022-08-10 16:00:00,0.22005825403093174,0.9989957216955035
2022-08-10 17:00:00,0.21874876459305734,0.9989571827705407
2022-08-10 18:00:00,0.2165169929774222,0.998920198223512
2022-08-10 19:00:00,0.210451410416056,0.9988859208819559
2022-08-10 20:00:00,0.2117829143893579,0.9988591429844137
2022-08-10 21:00:00,0.21245176272174196,0.9988306181476183
2022-08-10 22:00:00,0.20927544914946097,0.9988011746660648
2022-08-10 23:00:00,0.2034653633538267,0.9987756189671203
2022-08-11 00:00:00,0.19925144223671842,0.9987572432410928
2022-08-11 01:00:00,0.1925005410706357,0.9987440522572055
2022-08-11 02:00:00,0.19188531493822786,0.9987392172156335
2022-08-11 03:00:00,0.19121024736119083,0.9987350684977412
2022-08-11 04:00:00,0.18785497551294278,0.9987316808805332
2022-08-11 05:00:00,0.18776307704759326,0.9987324045945901
2022-08-11 06:00:00,0.18812048389320812,0.9987331603984674
2022-08-11 07:00:00,0.189278567140228,0.998733386635853
2022-08-11 08:00:00,0.19240148209669666,0.9987320824366145
2022-08-11 09:00:00,0.19854824603468288,0.9987267917365269
2022-08-11 10:00:00,0.20643322691867144,0.998713734699818
2022-08-11 11:00:00,0.2086425175975427,0.9986907385308023
2022-08-11 12:00:00,0.2135443062372235,0.998664897817776
2022-08-11 13:00:00,0.21687596955137003,0.9986328469138708
2022-08-11 14:00:00,0.22099947722077884,0.9985965484513685
2022-08-11 15:00:00,0.22396954143252953,0.998555012600493
2022-08-11 16:00:00,0.22541887732714255,0.9985096811412769
2022-08-11 17:00:00,0.22518566067749365,0.99846245495987
2022-08-11 18:00:00,0.22252547715114845,0.9984154372227484
2022-08-11 19:00:00,0.2168688705781212,0.9983716616143469
2022-08-11 20:00:00,0.2141653003670121,0.9983348736393552
2022-08-11 21:00:00,0.21434915862320353,0.9983013819782453
2022-08-11 22:00:00,0.21122311048006748,0.9982675773213999
2022-08-11 23:00:00,0.20538628154376468,0.9982375970278281
2022-08-12 00:00:00,0.20097205690267833,0.998214829549574
2022-08-12 01:00:00,0.1941848742651428,0.9981974966073639
2022-08-12 02:00:00,0.19347839710046594,0.9981885643748317
2022-08-12 03:00:00,0.1925324028089133,0.9981804319463174
2022-08-12 04:00:00,0.18916242560106974,0.9981733986944537
2022-08-12 05:00:00,0.18907529463607847,0.9981704945741524
2022-08-12 06:00:00,0.18948603439473696,0.99816761600392
2022-08-12 07:00:00,0.19060253506662025,0.9981641406217043
2022-08-12 08:00:00,0.19369779101679954,0.9981591862027593
2022-08-12 09:00:00,0.19767691828330358,0.9981502792794255
2022-08-12 10:00:00,0.2033232393903091,0.9981363149890387
2022-08-12 11:00:00,0.20889008144078028,0.9981152093158226
2022-08-12 12:00:00,0.21221520413593792,0.9980870615851651
2022-08-12 13:00:00,0.21581728021344765,0.9980546739228705
2022-08-12 14:00:00,0.22068343562228737,0.9980177001138639
2022-08-12 15:00:00,0.22424769135089226,0.9979745600356773
2022-08-12 16:00:00,0.22584587290208524,0.99792688103965
2022-08-12 17:00:00,0.22560201113771564,0.997877120695286
2022-08-12 18:00:00,0.22370485037688673,0.9978275815335548
2022-08-12 19:00:00,0.2167905536082833,0.9977803301550701
2022-08-12 20:00:00,0.21491118644352128,0.9977416379567529
2022-08-12 21:00:00,0.21542603112003708,0.9977052112535526
2022-08-12 22:00:00,0.2122804626486107,0.997668057257665
2022-08-12 23:00:00,0.20655573128924928,0.9976347514625654
2022-08-13 00:00:00,0.20217084229378662,0.9976085177989472
2022-08-13 01:00:00,0.19536020950357585,0.9975876814409822
2022-08-13 02:00:00,0.19472916732704684,0.9975752745455834
2022-08-13 03:00:00,0.20437904144513092,0.9975635726016966
2022-08-13 04:00:00,0.2001011086352219,0.9975397244412095
2022-08-13 05:00:00,0.19960093089071762,0.9975211398000814
2022-08-13 06:00:00,0.1985947886398283,0.9975030964618226
2022-08-13 07:00:00,0.19828406490881045,0.9974862268594517
2022-08-13 08:00:00,0.19958652709385455,0.9974696616972474
2022-08-13 09:00:00,0.20150005279401687,0.9974513844702865
2022-08-13 10:00:00,0.20355071465408442,0.9974306313266901
2022-08-13 11:00:00,0.20808759505714292,0.9974072308238167
2022-08-13 12:00:00,0.21623868645159847,0.997378075166089
2022-08-13 13:00:00,0.2224648357963014,0.9973386465674126
2022-08-13 14:00:00,0.22678159755417462,0.9972913511830375
2022-08-13 15:00:00,0.2282197966857032,0.9972385757251786
2022-08-13 16:00:00,0.22685485818319917,0.9971839183748934
2022-08-13 17:00:00,0.2226868610477067,0.9971308830320422
2022-08-13 18:00:00,0.21679874898166637,0.9970829734977775
2022-08-13 19:00:00,0.21535711661501722,0.9970423398936669
2022-08-13 20:00:00,0.21539599555715394,0.9970034240980338
2022-08-13 21:00:00,0.21662343871514733,0.9969643754497333
2022-08-13 22:00:00,0.21636641517335659,0.9969237082215301
2022-08-13 23:00:00,0.21265489624723535,0.9968832779748767
2022-08-14 00:00:00,0.21015076933607627,0.9968474028071248
2022-08-14 01:00:00,0.20609631007411924,0.9968145734564201
2022-08-14 02:00:00,0.20631659067510624,0.9967867278164091
2022-08-14 03:00:00,0.19534468584027423,0.9967585224405144
2022-08-14 04:00:00,0.19171144486888192,0.9967439475388257
2022-08-14 05:00:00,0.1917734077868038,0.9967338297598517
2022-08-14 06:00:00,0.19148073412075467,0.9967235500771124
2022-08-14 07:00:00,0.1920958056940213,0.996713551764763
2022-08-14 08:00:00,0.19332521749599335,0.9967027001197225
2022-08-14 09:00:00,0.19437684310963854,0.9966902271952173
2022-08-14 10:00:00,0.19523565154299877,0.9966763552025382
2022-08-14 11:00:00,0.1983985499514313,0.9966613251417594
2022-08-14 12:00:00,0.20481509598386355,0.9966422568790547
2022-08-14 13:00:00,0.20910237808270546,0.99661508333358
2022-08-14 14:00:00,0.2120614298409366,0.9965824660639816
2022-08-14 15:00:00,0.21377466461536887,0.9965460653369584
2022-08-14 16:00:00,0.21541972527791173,0.9965074384025568
2022-08-14 17:00:00,0.21359924072860628,0.9964666704572769
2022-08-14 18:00:00,0.20381951602898696,0.9964280934115369
2022-08-14 19:00:00,0.20441322225119082,0.9964016562944722
2022-08-14 20:00:00,0.2043184800627671,0.9963743922964212
2022-08-14 21:00:00,0.2045495474506541,0.9963471619569317
2022-08-14 22:00:00,0.20524468471019522,0.9963195579931114
2022-08-14 23:00:00,0.20412150565814866,0.9962910002967426
2022-08-15 00:00:00,0.20197277575864594,0.9962637617423797
2022-08-15 01:00:00,0.19696606006028491,0.9962391242477914
2022-08-15 02:00:00,0.19743293479127325,0.9962206602744786
2022-08-15 03:00:00,0.19638626186931885,0.9962015278137011
2022-08-15 04:00:00,0.19280350367085763,0.9961836187793649
2022-08-15 05:00:00,0.19283206470387443,0.9961701032574493
2022-08-15 06:00:00,0.1928319679836094,0.9961564670783423
2022-08-15 07:00:00,0.1930944397110414,0.9961427460437066
2022-08-15 08:00:00,0.19457892767881435,0.9961286119224972
2022-08-15 09:00:00,0.19562837575145317,0.9961125371739724
2022-08-15 10:00:00,0.19655913739975547,0.9960950655776031
2022-08-15 11:00:00,0.20034352824406493,0.9960763454710658
2022-08-15 12:00:00,0.2079350613247017,0.9960528097975553
2022-08-15 13:00:00,0.21131866535493352,0.9960196996090095
2022-08-15 14:00:00,0.2147646940081478,0.9959822747965188
2022-08-15 15:00:00,0.21614796019563381,0.9959404573091256
2022-08-15 16:00:00,0.21664302383798617,0.9958968255797769
2022-08-15 17:00:00,0.21299338023060416,0.9958524898415627
2022-08-15 18:00:00,0.20912644894297217,0.9958126309584978
2022-08-15 19:00:00,0.20738711467604848,0.9957775205201789
2022-08-15 20:00:00,0.2054783845799804,0.9957444990103701
2022-08-15 21:00:00,0.20640493397139237,0.995713778153942
2022-08-15 22:00:00,0.20690907521440927,0.9956818138316631
2022-08-15 23:00:00,0.20563263106495178,0.9956491340338907
2022-08-16 00:00:00,0.20340672776186985,0.995617964472581
2022-08-16 01:00:00,0.19834646998763006,0.9955894919519356
2022-08-16 02:00:00,0.1987557917355092,0.9955672593953468
2022-08-16 03:00:00,0.19788104262669956,0.9955444298087595
2022-08-16 04:00:00,0.19458826125403114,0.9955226082611356
2022-08-16 05:00:00,0.19441261595509962,0.9955048172732404
2022-08-16 06:00:00,0.19477078743084927,0.9954871604054607
2022-08-16 07:00:00,0.19602271914767883,0.9954689703673514
2022-08-16 08:00:00,0.1990637180089521,0.9954491299391781
2022-08-16 09:00:00,0.20304891204146072,0.9954254027676214
2022-08-16 10:00:00,0.20891457634892985,0.9953966085893722
2022-08-16 11:00:00,0.21547626747796503,0.9953603967972858
2022-08-16 12:00:00,0.222273354677203,0.9953158973385785
2022-08-16 13:00:00,0.22730373329988537,0.9952628159489494
2022-08-16 14:00:00,0.2304669071516971,0.9952033609949502
2022-08-16 15:00:00,0.23126763154140967,0.9951398664634198
2022-08-16 16:00:00,0.23074007156419862,0.9950752853971048
2022-08-16 17:00:00,0.22923377326033811,0.9950112781324271
2022-08-16 18:00:00,0.2255174909099287,0.9949490680733023
2022-08-16 19:00:00,0.21886817708220674,0.9948914176808399
2022-08-16 20:00:00,0.220695712783557,0.994841993225482
2022-08-16 21:00:00,0.22123107062103378,0.9947901986264567
2022-08-16 22:00:00,0.21819584031527312,0.9947376490872775
2022-08-16 23:00:00,0.21232089433392115,0.9946888078243511
2022-08-17 00:00:00,0.20791314570853645,0.9946472244635439
2022-08-17 01:00:00,0.20122601754464142,0.9946110649894769
2022-08-17 02:00:00,0.20028895815365896,0.9945831786079333
2022-08-17 03:00:00,0.199562480992855,0.9945563777143513
2022-08-17 04:00:00,0.19669072527547332,0.9945303990623916
2022-08-17 05:00:00,0.19684687265833478,0.9945079242317424
2022-08-17 06:00:00,0.1963880293847127,0.9944851683250653
2022-08-17 07:00:00,0.19752532030400055,0.9944629000622617
2022-08-17 08:00:00,0.20060822481859747,0.9944391242572157
2022-08-17 09:00:00,0.20476274872861103,0.9944114088746026
2022-08-17 10:00:00,0.21325245158395625,0.9943784143718916
2022-08-17 11:00:00,0.21812426432019574,0.9943347217571589
2022-08-17 12:00:00,0.22555556101924135,0.9942848533748554
2022-08-17 13:00:00,0.22747648321174335,0.9942256098518738
2022-08-17 14:00:00,0.22889383634534557,0.9941638791382379
2022-08-17 15:00:00,0.2287114571118947,0.9941002906772061
2022-08-17 16:00:00,0.22790109304244663,0.9940368441162163
2022-08-17 17:00:00,0.22763992158439045,0.9939743244183369
2022-08-17 18:00:00,0.2232935131201363,0.9939120450748712
2022-08-17 19:00:00,0.2209497569982429,0.9938551126141889
2022-08-17 20:00:00,0.22295328198841585,0.9938010237030184
2022-08-17 21:00:00,0.22306488791011023,0.9937443442221701
2022-08-17 22:00:00,0.22002368631036012,0.9936874390527244
2022-08-17 23:00:00,0.2142583156391612,0.9936342491863726
2022-08-18 00:00:00,0.20977514887313523,0.9935881798167874
2022-08-18 01:00:00,0.203156856682384,0.9935476281714652
2022-08-18 02:00:00,0.20208824067423398,0.9935152631396095
2022-08-18 03:00:00,0.20108917911463736,0.9934841476084585
2022-08-18 04:00:00,0.1977199939547282,0.9934541946174625
2022-08-18 05:00:00,0.20046934556752732,0.9934283668036775
2022-08-18 06:00:00,0.20068596050088594,0.9933990159787375
2022-08-18 07:00:00,0.2038504296117733,0.9933693080461359
2022-08-18 08:00:00,0.20418445301693947,0.9933355581708395
2022-08-18 09:00:00,0.20988393874367545,0.9933013043927136
2022-08-18 10:00:00,0.2156439404192338,0.9932598398666337
2022-08-18 11:00:00,0.21823938562065176,0.9932110889304858
2022-08-18 12:00:00,0.22468556345779886,0.9931590072627291
2022-08-18 13:00:00,0.22905163337677117,0.9930987814304797
2022-08-18 14:00:00,0.23233319666120003,0.9930330115515907
2022-08-18 15:00:00,0.23411618805362286,0.9929630532423552
2022-08-18 16:00:00,0.2335202984524914,0.9928907797006825
2022-08-18 17:00:00,0.23087792696471715,0.9928191645109034
2022-08-18 18:00:00,0.2261213796120589,0.9927507657585094
2022-08-18 19:00:00,0.22536425276524163,0.9926882261465096
2022-08-18 20:00:00,0.22360846739987256,0.9926265463824941
2022-08-18 21:00:00,0.2239487431196652,0.992566974772878
2022-08-18 22:00:00,0.22080990969215447,0.9925068912246162
2022-08-18 23:00:00,0.21509726266477064,0.9924506446074989
2022-08-19 00:00:00,0.2107063399369985,0.9924014521719264
2022-08-19 01:00:00,0.20374988761847498,0.9923576617459695
2022-08-19 02:00:00,0.20306643128352836,0.9923224802251062
2022-08-19 03:00:00,0.20193177774268523,0.9922880663478912
2022-08-19 04:00:00,0.19931389676905756,0.992254984094411
2022-08-19 05:00:00,0.1986990123306614,0.99222508748258
2022-08-19 06:00:00,0.20002542184431427,0.992195872750397
2022-08-19 07:00:00,0.1999705170154166,0.9921649132641349
2022-08-19 08:00:00,0.20323267629906797,0.9921339356504791
2022-08-19 09:00:00,0.20729570313651957,0.9920987935630909
2022-08-19 10:00:00,0.21325975938652103,0.9920584859013747
2022-08-19 11:00:00,0.22113429972864765,0.9920106363624559
2022-08-19 12:00:00,0.2261367686531038,0.9919528568251553
2022-08-19 13:00:00,0.22949347966787453,0.9918887373627256
2022-08-19 14:00:00,0.2329620238619371,0.9918203351565793
2022-08-19 15:00:00,0.2343976920845207,0.991747510399312
2022-08-19 16:00:00,0.232758258263078,0.9916728041700027
2022-08-19 17:00:00,0.22986244337299788,0.9916000603303659
2022-08-19 18:00:00,0.2282155986674109,0.9915308493409413
2022-08-19 19:00:00,0.2253641970237307,0.991463609973247
2022-08-19 20:00:00,0.22439705213554606,0.9913998479077493
2022-08-19 21:00:00,0.2249418225604991,0.9913372078078418
2022-08-19 22:00:00,0.22192139413270578,0.9912737997637663
2022-08-19 23:00:00,0.21609744135042247,0.9912140802585161
2022-08-20 00:00:00,0.21168078502770746,0.991161553682007
2022-08-20 01:00:00,0.20502281666675273,0.9911144608981816
2022-08-20 02:00:00,0.204064531592926,0.9910756035316497
2022-08-20 03:00:00,0.2138593811302589,0.9910378569629092
2022-08-20 04:00:00,0.20955137743836166,0.9909877797583478
2022-08-20 05:00:00,0.2090100848429558,0.9909430004691984
2022-08-20 06:00:00,0.20794474949341862,0.9908988106913313
2022-08-20 07:00:00,0.20764925432085773,0.9908558654629753
2022-08-20 08:00:00,0.20894797480867522,0.99081320246874
2022-08-20 09:00:00,0.21108654609404012,0.9907688289239255
2022-08-20 10:00:00,0.2131991310091927,0.9907216949999552
2022-08-20 11:00:00,0.21822148279966097,0.9906718331647574
2022-08-20 12:00:00,0.22603603486841525,0.9906156061947479
2022-08-20 13:00:00,0.23189113306788436,0.9905495238246338
2022-08-20 14:00:00,0.23468414009044714,0.9904760353568517
2022-08-20 15:00:00,0.23669944339889348,0.9903989683905174
2022-08-20 16:00:00,0.23496597460029606,0.9903192950404633
2022-08-20 17:00:00,0.2319623334775776,0.9902417012570577
2022-08-20 18:00:00,0.22738857448815175,0.9901677747409849
2022-08-20 19:00:00,0.22533486163372773,0.990099478124903
2022-08-20 20:00:00,0.22595644034083134,0.990033661336512
2022-08-20 21:00:00,0.22718517744512898,0.9899669802467745
2022-08-20 22:00:00,0.2269222825869353,0.989898675893153
2022-08-20 23:00:00,0.22302260295177037,0.9898306128011045
2022-08-21 00:00:00,0.22045917624938483,0.9897673369371492
2022-08-21 01:00:00,0.21629268591821268,0.9897071779707152
2022-08-21 02:00:00,0.21628580347836968,0.9896521397169771
2022-08-21 03:00:00,0.20669056606777553,0.9895970226517546
2022-08-21 04:00:00,0.20357654212543008,0.9895538122044901
2022-08-21 05:00:00,0.20342806752189244,0.9895144068441218
2022-08-21 06:00:00,0.2045496265382002,0.9894750996197952
2022-08-21 07:00:00,0.20182398675763355,0.989434302975349
2022-08-21 08:00:00,0.20581467995735453,0.9893968258951881
2022-08-21 09:00:00,0.20498431328412,0.989354272949041
2022-08-21 10:00:00,0.20633285282201583,0.9893126704477475
2022-08-21 11:00:00,0.20875304500980318,0.9892692947445877
2022-08-21 12:00:00,0.21268059017344138,0.9892228062598378
2022-08-21 13:00:00,0.22120365488837648,0.9891713207884121
2022-08-21 14:00:00,0.2257083165978986,0.9891090939170502
2022-08-21 15:00:00,0.22866153943884973,0.9890411486357328
2022-08-21 16:00:00,0.22944930995595236,0.9889694242293147
2022-08-21 17:00:00,0.22298431876301536,0.9888966274995147
2022-08-21 18:00:00,0.21696825638874792,0.9888318243848295
2022-08-21 19:00:00,0.2170014877571834,0.9887744537106401
2022-08-21 20:00:00,0.2149733779935917,0.9887169538462174
2022-08-21 21:00:00,0.21599144372770976,0.9886619014544707
2022-08-21 22:00:00,0.21642590444846244,0.9886054888025676
2022-08-21 23:00:00,0.21504719070032458,0.9885484453833593
2022-08-22 00:00:00,0.21272100257782506,0.9884930376515616
2022-08-22 01:00:00,0.20738972897767377,0.9884404499368172
2022-08-22 02:00:00,0.20757346151390169,0.9883944385826934
2022-08-22 03:00:00,0.20592658277970635,0.9883481098182846
2022-08-22 04:00:00,0.2024905705252471,0.9883037518944892
2022-08-22 05:00:00,0.20270650355681458,0.9882636012150627
2022-08-22 06:00:00,0.20286961511412197,0.9882230928352984
2022-08-22 07:00:00,0.20382316583039042,0.9881822927689847
2022-08-22 08:00:00,0.20669167651842513,0.9881402129541639
2022-08-22 09:00:00,0.21195547455610714,0.9880944596779072
2022-08-22 10:00:00,0.2174217269053389,0.9880420388181088
2022-08-22 11:00:00,0.22208510202154458,0.9879826972940058
2022-08-22 12:00:00,0.22866901879325166,0.9879174386893109
2022-08-22 13:00:00,0.23587226550173904,0.9878438623141717
2022-08-22 14:00:00,0.23806746060981962,0.9877611939934291
2022-08-22 15:00:00,0.2383312593687526,0.987675693778891
2022-08-22 16:00:00,0.23745753718796386,0.9875897759033463
2022-08-22 17:00:00,0.23453070547933344,0.9875048622553673
2022-08-22 18:00:00,0.22972218045973763,0.9874235192093066
2022-08-22 19:00:00,0.22723223245875335,0.9873480988692912
2022-08-22 20:00:00,0.2286593536605333,0.9872757030015813
2022-08-22 21:00:00,0.2289580035788544,0.987201435257252
2022-08-22 22:00:00,0.22590819246192598,0.9871267062130316
2022-08-22 23:00:00,0.2204447307307168,0.9870557014328832
2022-08-23 00:00:00,0.21600889013018557,0.9869914379677893
2022-08-23 01:00:00,0.20916919551029864,0.9869326312790963
2022-08-23 02:00:00,0.20825439639574533,0.9868822861721332
2022-08-23 03:00:00,0.2070209479049101,0.9868329965153689
2022-08-23 04:00:00,0.20508311214138625,0.9867851606084194
2022-08-23 05:00:00,0.20518705211681046,0.9867396589233162
2022-08-23 06:00:00,0.20558199585955303,0.986693939228372
2022-08-23 07:00:00,0.2051943812272364,0.9866476377569092
2022-08-23 08:00:00,0.20808472959333296,0.9866017326949735
2022-08-23 09:00:00,0.21204923272028103,0.986552126576939
2022-08-23 10:00:00,0.21997875035504513,0.9864974766975223
2022-08-23 11:00:00,0.22279335349615045,0.9864328267768013
2022-08-23 12:00:00,0.22528310022839715,0.9863645704461516
2022-08-23 13:00:00,0.23397697825604238,0.9862931137643874
2022-08-23 14:00:00,0.24060030695707768,0.9862107015557388
2022-08-23 15:00:00,0.24356839527908175,0.9861199219952581
2022-08-23 16:00:00,0.24340446662188225,0.9860253441218589
2022-08-23 17:00:00,0.23535182066518973,0.9859308829452502
2022-08-23 18:00:00,0.22966659977089005,0.9858463993505867
2022-08-23 19:00:00,0.2309992463438663,0.9857689340451163
2022-08-23 20:00:00,0.23092868469116629,0.9856897146831262
2022-08-23 21:00:00,0.22941438900437472,0.9856104952635649
2022-08-23 22:00:00,0.22635550595377285,0.9855330804426872
2022-08-23 23:00:00,0.2206423637431893,0.9854594009434551
2022-08-24 00:00:00,0.2162661290458468,0.9853927745786215
2022-08-24 01:00:00,0.2093345520905145,0.9853315302026432
2022-08-24 02:00:00,0.2085567725635661,0.9852788619822364
2022-08-24 03:00:00,0.20725527595161722,0.9852270776595545
2022-08-24 04:00:00,0.20424858399454318,0.9851768318699387
2022-08-24 05:00:00,0.20436446197725405,0.9851302560966001
2022-08-24 06:00:00,0.20470728402105676,0.9850834471161896
2022-08-24 07:00:00,0.20572516441261937,0.9850361212377516
2022-08-24 08:00:00,0.2083638761747499,0.984987434627518
2022-08-24 09:00:00,0.21219776203339633,0.9849353612354873
2022-08-24 10:00:00,0.21735402847620444,0.9848784070832962
2022-08-24 11:00:00,0.22245136201644464,0.9848149191845174
2022-08-24 12:00:00,0.2301269436501074,0.9847449711946273
2022-08-24 13:00:00,0.23583383382894726,0.984665340292903
2022-08-24 14:00:00,0.23932626331129872,0.9845784873331023
2022-08-24 15:00:00,0.24154197397302601,0.9844871803805805
2022-08-24 16:00:00,0.24025374405336192,0.9843930153233937
2022-08-24 17:00:00,0.23679391159448837,0.9843003720768445
2022-08-24 18:00:00,0.23198604388609398,0.9842119651337282
2022-08-24 19:00:00,0.22654947281652535,0.9841294795277735
2022-08-24 20:00:00,0.2285587496945904,0.9840537011278944
2022-08-24 21:00:00,0.22924667046559277,0.9839753226139141
2022-08-24 22:00:00,0.22620077075264586,0.9838959956707698
2022-08-24 23:00:00,0.2205892521595596,0.9838203875639157
2022-08-25 00:00:00,0.21633476994450004,0.9837517053068462
2022-08-25 01:00:00,0.2096650943385964,0.9836882525940291
2022-08-25 02:00:00,0.208988796652121,0.9836330484071886
2022-08-25 03:00:00,0.20807915970031404,0.9835786010139564
2022-08-25 04:00:00,0.20485651171624414,0.9835252020784913
2022-08-25 05:00:00,0.20446566285388715,0.9834757428547056
2022-08-25 06:00:00,0.20587837335083706,0.9834266835838654
2022-08-25 07:00:00,0.20596845785215945,0.983375769806985
2022-08-25 08:00:00,0.20912008675437288,0.9833246547968181
2022-08-25 09:00:00,0.2130628268898654,0.9832695116131682
2022-08-25 10:00:00,0.221953482916112,0.9832093513573441
2022-08-25 11:00:00,0.22582414722557004,0.9831379891248783
2022-08-25 12:00:00,0.23092484833856772,0.9830616998958581
2022-08-25 13:00:00,0.23367392973860943,0.9829789461147665
2022-08-25 14:00:00,0.23664415821195856,0.9828926672967774
2022-08-25 15:00:00,0.23736191825482222,0.9828025869986274
2022-08-25 16:00:00,0.23681643190455412,0.9827115207964788
2022-08-25 17:00:00,0.2353573992023411,0.9826210477389926
2022-08-25 18:00:00,0.23061629478427187,0.982532309749824
2022-08-25 19:00:00,0.22795126700392568,0.9824494094093787
2022-08-25 20:00:00,0.229469835252243,0.9823697516126664
2022-08-25 21:00:00,0.230258633325142,0.9822881068555032
2022-08-25 22:00:00,0.22742043030234574,0.9822053873415064
2022-08-25 23:00:00,0.22183500577706874,0.9821261268129893
2022-08-26 00:00:00,0.21757394024648338,0.982053759287819
2022-08-26 01:00:00,0.2109260765614165,0.9819866293082872
2022-08-26 02:00:00,0.2102579297562067,0.9819277203631674
2022-08-26 03:00:00,0.20901089818987492,0.9818695577974863
2022-08-26 04:00:00,0.20869966282476585,0.9818128652083671
2022-08-26 05:00:00,0.20926434530058124,0.9817564728417759
2022-08-26 06:00:00,0.20951420746606353,0.981699285791675
2022-08-26 07:00:00,0.21034529653759199,0.9816416975747613
2022-08-26 08:00:00,0.21468564479629046,0.9815829816487569
2022-08-26 09:00:00,0.21739832929451294,0.9815187514310784
2022-08-26 10:00:00,0.2218606761181864,0.9814510414928723
2022-08-26 11:00:00,0.2265320013247374,0.9813776647477239
2022-08-26 12:00:00,0.23076627161978744,0.9812983599641922
2022-08-26 13:00:00,0.23411547783563524,0.9812136734524999
2022-08-26 14:00:00,0.2351307670510304,0.9811247115343749
2022-08-26 15:00:00,0.23674614742787914,0.9810343915977426
2022-08-26 16:00:00,0.2380566931095137,0.9809419635203719
2022-08-26 17:00:00,0.23870152858441346,0.9808478083373979
2022-08-26 18:00:00,0.23713420279436662,0.9807527581783911
2022-08-26 19:00:00,0.23186694332466953,0.9806595782367905
2022-08-26 20:00:00,0.22891804524270454,0.9805728934215991
2022-08-26 21:00:00,0.22954775150119405,0.9804898057730316
2022-08-26 22:00:00,0.2268955829555923,0.9804058420276573
2022-08-26 23:00:00,0.22151489042943792,0.9803251045210224
2022-08-27 00:00:00,0.21738557489683866,0.980251003900189
2022-08-27 01:00:00,0.2108759916469139,0.9801819759360477
2022-08-27 02:00:00,0.21034701708542003,0.9801209959554231
2022-08-27 03:00:00,0.2197935726348121,0.9800605881896788
2022-08-27 04:00:00,0.21556832269368353,0.9799882832184458
2022-08-27 05:00:00,0.21509160629881888,0.9799211707909027
2022-08-27 06:00:00,0.2141269785536914,0.979854565232478
2022-08-27 07:00:00,0.21379502227103397,0.9797890764247669
2022-08-27 08:00:00,0.21509212746380188,0.9797239135208938
2022-08-27 09:00:00,0.21687350475896422,0.9796570401865136
2022-08-27 10:00:00,0.21941276998149645,0.9795878510740424
2022-08-27 11:00:00,0.22387124642947387,0.9795153988161617
2022-08-27 12:00:00,0.23041205095651168,0.9794372843914757
2022-08-27 13:00:00,0.23424223864788335,0.9793509048825676
2022-08-27 14:00:00,0.23831159518618328,0.9792596485532098
2022-08-27 15:00:00,0.23996020842421886,0.9791632164351173
2022-08-27 16:00:00,0.2394492586744777,0.9790646344502348
2022-08-27 17:00:00,0.2378880024501989,0.9789666020451626
2022-08-27 18:00:00,0.23577404296942578,0.9788704320959049
2022-08-27 19:00:00,0.23050782351110347,0.9787768154744892
2022-08-27 20:00:00,0.22917978832513766,0.9786896924988906
2022-08-27 21:00:00,0.23038518281033926,0.9786041404318172
2022-08-27 22:00:00,0.23028681749327415,0.9785169924792746
2022-08-27 23:00:00,0.22667766541172643,0.9784298783341562
2022-08-28 00:00:00,0.22438430735935003,0.9783471864731037
2022-08-28 01:00:00,0.22059533184370805,0.978267272146813
2022-08-28 02:00:00,0.22102095626918786,0.978192004870391
2022-08-28 03:00:00,0.21051524123437387,0.9781161163872355
2022-08-28 04:00:00,0.20701445690289455,0.9780532708650415
2022-08-28 05:00:00,0.2069058219518354,0.9779947121338454
2022-08-28 06:00:00,0.20698219129259246,0.9779362000003834
2022-08-28 07:00:00,0.20742534493972287,0.9778775032027981
2022-08-28 08:00:00,0.20885681475356568,0.9778181632542599
2022-08-28 09:00:00,0.2098335684483597,0.9777569447531596
2022-08-28 10:00:00,0.210102215149606,0.977694416088291
2022-08-28 11:00:00,0.21333925731232195,0.9776314623870873
2022-08-28 12:00:00,0.21688707472580224,0.9775643731489585
2022-08-28 13:00:00,0.2272101176060011,0.9774927598986239
2022-08-28 14:00:00,0.23169797085736027,0.9774081535980791
2022-08-28 15:00:00,0.23304860842517833,0.9773178482282345
2022-08-28 16:00:00,0.23171405625804617,0.9772257653026153
2022-08-28 17:00:00,0.2245100948752124,0.9771352613023566
2022-08-28 18:00:00,0.21891340691517097,0.9770536729829905
2022-08-28 19:00:00,0.21982702285771316,0.9769789912467969
2022-08-28 20:00:00,0.21984212275823753,0.9769030782080017
2022-08-28 21:00:00,0.21946964246415263,0.9768270570058077
2022-08-28 22:00:00,0.22002895619157653,0.9767514121096544
2022-08-28 23:00:00,0.21888747593631835,0.976674978771257
2022-08-29 00:00:00,0.21681607736847558,0.9765998829773818
2022-08-29 01:00:00,0.2119135745428641,0.9765272871202534
2022-08-29 02:00:00,0.2124686834911586,0.9764607300745741
2022-08-29 03:00:00,0.21145294892018238,0.9763933898200523
2022-08-29 04:00:00,0.20827949087316708,0.976327229905559
2022-08-29 05:00:00,0.20801559965333052,0.9762649474799568
2022-08-29 06:00:00,0.20839798414341149,0.9762029055792758
2022-08-29 07:00:00,0.20959588899276818,0.9761402963534881
2022-08-29 08:00:00,0.21260731821233586,0.9760761003968003
2022-08-29 09:00:00,0.21643273070021246,0.9760080507984511
2022-08-29 10:00:00,0.22200051317081956,0.9759351300741029
2022-08-29 11:00:00,0.22917065509294357,0.9758551602560709
2022-08-29 12:00:00,0.2358092456172215,0.9757661383898801
2022-08-29 13:00:00,0.24395833433623854,0.9756687289096634
2022-08-29 14:00:00,0.24517942582579522,0.9755610436876089
2022-08-29 15:00:00,0.24396718633238493,0.9754517427152308
2022-08-29 16:00:00,0.242425933285624,0.9753438676512814
2022-08-29 17:00:00,0.23709531326989017,0.9752378297577718
2022-08-29 18:00:00,0.23167102354894115,0.9751383657385287
2022-08-29 19:00:00,0.23026345509963775,0.975045592675845
2022-08-29 20:00:00,0.2321963499572511,0.9749544896633386
2022-08-29 21:00:00,0.23281829890017766,0.9748608811171293
2022-08-29 22:00:00,0.2299719771389399,0.9747664057149099
2022-08-29 23:00:00,0.2244338178621142,0.974675398790406
2022-08-30 00:00:00,0.220274413554205,0.9745912251359036
2022-08-30 01:00:00,0.21396120336144048,0.9745121613031289
2022-08-30 02:00:00,0.21318982457341806,0.9744408995449215
2022-08-30 03:00:00,0.21236488322047561,0.974370512567555
2022-08-30 04:00:00,0.2109396611209114,0.974301067319811
2022-08-30 05:00:00,0.21022433278192906,0.9742333141482443
2022-08-30 06:00:00,0.2096120693869165,0.9741663656813216
2022-08-30 07:00:00,0.21051974468612877,0.9741000930835767
2022-08-30 08:00:00,0.21357569814906757,0.9740325964274011
2022-08-30 09:00:00,0.21739925882966196,0.973961190360896
2022-08-30 10:00:00,0.22323533082878944,0.9738849153708907
2022-08-30 11:00:00,0.2301447698076595,0.9738012558141349
2022-08-30 12:00:00,0.2351761563670672,0.9737088699778476
2022-08-30 13:00:00,0.24214438010635003,0.9736101054235426
2022-08-30 14:00:00,0.24431086691155549,0.9735025411007812
2022-08-30 15:00:00,0.24289624429160098,0.9733921791768124
2022-08-30 16:00:00,0.2374634951486787,0.9732834960345458
2022-08-30 17:00:00,0.23506511059802573,0.9731815143283088
2022-08-30 18:00:00,0.23137872157138129,0.973082441098581
2022-08-30 19:00:00,0.23117952668183495,0.9729878863472234
2022-08-30 20:00:00,0.23339363580624742,0.9728934910778767
2022-08-30 21:00:00,0.2339950286001355,0.9727962386568815
2022-08-30 22:00:00,0.231104777824775,0.972698144976055
2022-08-30 23:00:00,0.22550273905912827,0.972603574586309
2022-08-31 00:00:00,0.22170243464923828,0.9725159172191276
2022-08-31 01:00:00,0.21637307209983814,0.9724329207031083
2022-08-31 02:00:00,0.215654080068456,0.9723564963575139
2022-08-31 03:00:00,0.2139908660867858,0.9722808812158312
2022-08-31 04:00:00,0.21231624455907228,0.9722072555521787
2022-08-31 05:00:00,0.21511746730086773,0.9721356336227153
2022-08-31 06:00:00,0.2108089014791731,0.9720604206188768
2022-08-31 07:00:00,0.2126897224537571,0.9719905037731862
2022-08-31 08:00:00,0.21623500501077583,0.971918146349013
2022-08-31 09:00:00,0.2239140476058124,0.9718412677662898
2022-08-31 10:00:00,0.2308220856698759,0.971754700821926
2022-08-31 11:00:00,0.23101666331286277,0.9716594092685884
2022-08-31 12:00:00,0.23921963207773603,0.9715637849288523
2022-08-31 13:00:00,0.24487887890431512,0.9714578173109104
2022-08-31 14:00:00,0.24641774378729442,0.9713446860643268
2022-08-31 15:00:00,0.24513274166242505,0.9712295416637182
2022-08-31 16:00:00,0.24139872400013557,0.9711159139400779
2022-08-31 17:00:00,0.23608826077309097,0.971006864160107
2022-08-31 18:00:00,0.2342171916955974,0.9709043628780869
2022-08-31 19:00:00,0.23294368693798925,0.9708041108487024
2022-08-31 20:00:00,0.23438917588028987,0.9707053611139713
2022-08-31 21:00:00,0.23519620795456475,0.9706047149292325
2022-08-31 22:00:00,0.23232815709429402,0.9705029703630809
2022-08-31 23:00:00,0.22683803158994703,0.9704047212667405
2022-09-01 00:00:00,0.22250956687141968,0.9703132452311186
2022-09-01 01:00:00,0.22131619241360034,0.970227090177881
2022-09-01 02:00:00,0.21979753876734628,0.9701423372418961
2022-09-01 03:00:00,0.22061818635524613,0.9700593930198897
2022-09-01 04:00:00,0.2195807079641157,0.9699753333831057
2022-09-01 05:00:00,0.2173633176624019,0.9698924809868503
2022-09-01 06:00:00,0.21954551097549257,0.9698123107188904
2022-09-01 07:00:00,0.21941067980855058,0.9697293230976322
2022-09-01 08:00:00,0.22092143836826145,0.9696464144016465
2022-09-01 09:00:00,0.2254885340689219,0.969561527641792
2022-09-01 10:00:00,0.23371447607887208,0.9694708423947056
2022-09-01 11:00:00,0.24567284456396216,0.9693697851006098
2022-09-01 12:00:00,0.251232072257053,0.9692536902245659
2022-09-01 13:00:00,0.25479839928229303,0.9691305566907652
2022-09-01 14:00:00,0.25656596359819156,0.96900287562329
2022-09-01 15:00:00,0.2551281139176378,0.9688728954738207
2022-09-01 16:00:00,0.25245063933907685,0.9687446230081924
2022-09-01 17:00:00,0.24896729717145355,0.9686196077559134
2022-09-01 18:00:00,0.24546152240070873,0.9684988570499019
2022-09-01 19:00:00,0.24351749042517662,0.9683823989293899
2022-09-01 20:00:00,0.2436187491252488,0.9682682812144076
2022-09-01 21:00:00,0.2442027229909052,0.9681539472901806
2022-09-01 22:00:00,0.24149377204988598,0.9680387937613683
2022-09-01 23:00:00,0.23603542935045638,0.9679269367826414
2022-09-02 00:00:00,0.23012755386707726,0.9678218130924067
2022-09-02 01:00:00,0.22231663665326765,0.9677239846053987
2022-09-02 02:00:00,0.22355536069659349,0.9676358301225813
2022-09-02 03:00:00,0.22107152429338034,0.96754603759123
2022-09-02 04:00:00,0.2178820944888688,0.9674592602107961
2022-09-02 05:00:00,0.21731078145880078,0.9673763799719703
2022-09-02 06:00:00,0.21723081973609815,0.96729412422777
2022-09-02 07:00:00,0.21751650069318793,0.9672118787880921
2022-09-02 08:00:00,0.22053744980826653,0.9671291865986646
2022-09-02 09:00:00,0.22573342218898515,0.9670426285734137
2022-09-02 10:00:00,0.23612416088047117,0.966949485932427
2022-09-02 11:00:00,0.24111947317903,0.966843265217032
2022-09-02 12:00:00,0.24663417509731297,0.9667307107094818
2022-09-02 13:00:00,0.2506824774121619,0.9666111731720599
2022-09-02 14:00:00,0.25472818473308023,0.9664864856036249
2022-09-02 15:00:00,0.2562562835441211,0.9663566512473196
2022-09-02 16:00:00,0.25518624380426974,0.9662248171132279
2022-09-02 17:00:00,0.25179265863207845,0.966094230874031
2022-09-02 18:00:00,0.24725649334156105,0.9659677969610581
2022-09-02 19:00:00,0.2438880019391187,0.9658469435990418
2022-09-02 20:00:00,0.2454818790207881,0.9657302111952532
2022-09-02 21:00:00,0.24598734067252298,0.9656113967887642
2022-09-02 22:00:00,0.24314932392573968,0.9654918608985855
2022-09-02 23:00:00,0.23760309851587935,0.9653757828724847
2022-09-03 00:00:00,0.2316539705664834,0.9652665479711061
2022-09-03 01:00:00,0.22354901153433437,0.9651646598224857
2022-09-03 02:00:00,0.22281790200988238,0.9650728132153846
2022-09-03 03:00:00,0.2215558232300688,0.9649817908378723
2022-09-03 04:00:00,0.218071942999585,0.9648922564015178
2022-09-03 05:00:00,0.21894035691575892,0.9648069871581806
2022-09-03 06:00:00,0.22143486348951333,0.9647205427402696
2022-09-03 07:00:00,0.22080099863685748,0.9646308905321014
2022-09-03 08:00:00,0.22082852416883816,0.9645419409981433
2022-09-03 09:00:00,0.2214266713006322,0.9644528674006452
2022-09-03 10:00:00,0.22402717763337904,0.9643629564628841
2022-09-03 11:00:00,0.22732321000568007,0.9642697052361816
2022-09-03 12:00:00,0.23210156498698048,0.9641722443133574
2022-09-03 13:00:00,0.23904315736647985,0.9640687207915652
2022-09-03 14:00:00,0.24450227772599775,0.9639564306245187
2022-09-03 15:00:00,0.24639955657016574,0.9638372269027502
2022-09-03 16:00:00,0.24314759859280702,0.9637155619287072
2022-09-03 17:00:00,0.23821400178100252,0.9635978722490164
2022-09-03 18:00:00,0.23582634301630362,0.9634862599128665
2022-09-03 19:00:00,0.2319964537817667,0.9633775424983906
2022-09-03 20:00:00,0.23090462837703218,0.9632735227944138
2022-09-03 21:00:00,0.2313273273774954,0.9631707782219331
2022-09-03 22:00:00,0.2319667061719662,0.9630674156262722
2022-09-03 23:00:00,0.23082654958230958,0.962963164158565
2022-09-04 00:00:00,0.22713591411755396,0.962860248238964
2022-09-04 01:00:00,0.22322661414322062,0.9627618559670318
2022-09-04 02:00:00,0.2204690333036759,0.9626682606744199
2022-09-04 03:00:00,0.22454580216474396,0.9625780227132709
2022-09-04 04:00:00,0.2206034899247795,0.9624825991475657
2022-09-04 05:00:00,0.22176139182672022,0.9623920138298339
2022-09-04 06:00:00,0.21959553946305294,0.9622998914935971
2022-09-04 07:00:00,0.2188809848454159,0.9622103868329327
2022-09-04 08:00:00,0.21989628585522494,0.9621216857269497
2022-09-04 09:00:00,0.22017898701062696,0.9620316258574512
2022-09-04 10:00:00,0.2234157729763388,0.9619411229756387
2022-09-04 11:00:00,0.22546354465010346,0.9618464844769293
2022-09-04 12:00:00,0.22913103109279367,0.9617491966306638
2022-09-04 13:00:00,0.23445778161591208,0.961647234794903
2022-09-04 14:00:00,0.24613005518099676,0.9615385248911144
2022-09-04 15:00:00,0.25257867087661734,0.9614151350171097
2022-09-04 16:00:00,0.2510402946646972,0.9612835947468862
2022-09-04 17:00:00,0.23724670566579786,0.9611538878220347
2022-09-04 18:00:00,0.23343544181255463,0.9610413332602914
2022-09-04 19:00:00,0.23167957192896627,0.9609334531570229
2022-09-04 20:00:00,0.23113213463322926,0.960827678271612
2022-09-04 21:00:00,0.23259669213464182,0.9607224980652146
2022-09-04 22:00:00,0.2344318574371987,0.9606153975462712
2022-09-04 23:00:00,0.2337421018144142,0.9605059134570136
2022-09-05 00:00:00,0.2311841393692613,0.9603972019506276
2022-09-05 01:00:00,0.22515602810368834,0.9602915982877163
2022-09-05 02:00:00,0.225654669222953,0.9601934401564266
2022-09-05 03:00:00,0.22143442484164025,0.960094569118445
2022-09-05 04:00:00,0.2188240682312519,0.9600008837828609
2022-09-05 05:00:00,0.22036946436079813,0.95991037179222
2022-09-05 06:00:00,0.221664505722953,0.9598178384579035
2022-09-05 07:00:00,0.22163141271594855,0.9597235967257223
2022-09-05 08:00:00,0.22251654678914815,0.9596293067660358
2022-09-05 09:00:00,0.22715125659663227,0.9595338207974378
2022-09-05 10:00:00,0.23625263665697002,0.9594324518527506
2022-09-05 11:00:00,0.2415675830606336,0.9593196165966944
2022-09-05 12:00:00,0.24744190980902353,0.9592000480739222
2022-09-05 13:00:00,0.2532525437893785,0.9590730470616317
2022-09-05 14:00:00,0.2596222076070956,0.9589386931784573
2022-09-05 15:00:00,0.26011689891944145,0.9587962876398228
2022-09-05 16:00:00,0.257261567269658,0.9586531741641268
2022-09-05 17:00:00,0.25540554640329055,0.9585135402828844
2022-09-05 18:00:00,0.2466831719518205,0.9583761368604753
2022-09-05 19:00:00,0.2458380785367944,0.9582495468417858
2022-09-05 20:00:00,0.24462697315532606,0.9581239236284712
2022-09-05 21:00:00,0.24518764766850343,0.9579997247384867
2022-09-05 22:00:00,0.24256490138190928,0.9578747354500071
2022-09-05 23:00:00,0.23726604586478323,0.9577529350421213
2022-09-06 00:00:00,0.2315511530548042,0.9576376686545027
2022-09-06 01:00:00,0.22402252200447959,0.9575294563369487
2022-09-06 02:00:00,0.22393550151614836,0.9574305652654872
2022-09-06 03:00:00,0.22287459778654875,0.9573316934301891
2022-09-06 04:00:00,0.21895790516730249,0.9572340581884256
2022-09-06 05:00:00,0.21920583923042908,0.9571412292796742
2022-09-06 06:00:00,0.2198512469998272,0.9570480009239937
2022-09-06 07:00:00,0.22075703503384259,0.9569538762827089
2022-09-06 08:00:00,0.22424806452848323,0.9568585298839929
2022-09-06 09:00:00,0.22890974134777836,0.9567587301795697
2022-09-06 10:00:00,0.2383080314963254,0.9566530138638794
2022-09-06 11:00:00,0.24548938055480188,0.9565354601739022
2022-09-06 12:00:00,0.25416081594350276,0.956408840289689
2022-09-06 13:00:00,0.2553742623571681,0.9562712916070607
2022-09-06 14:00:00,0.25694672724291545,0.9561321366160164
2022-09-06 15:00:00,0.2568709226617722,0.955990926547292
2022-09-06 16:00:00,0.2562214015433965,0.9558497217415933
2022-09-06 17:00:00,0.2519504840123927,0.9557092393485102
2022-09-06 18:00:00,0.24670737728050215,0.9555740061175224
2022-09-06 19:00:00,0.2454995064365814,0.9554452372891417
2022-09-06 20:00:00,0.2466771500309071,0.9553178888225641
2022-09-06 21:00:00,0.24702446545155882,0.9551889788288442
2022-09-06 22:00:00,0.24447244054433742,0.9550595452223477
2022-09-06 23:00:00,0.23946244311489234,0.9549332121826787
2022-09-07 00:00:00,0.2336846279071942,0.9548130521797303
2022-09-07 01:00:00,0.22566772014146327,0.9547000249900119
2022-09-07 02:00:00,0.22535551312209476,0.9545969294835535
2022-09-07 03:00:00,0.22459690585958197,0.9544941347888005
2022-09-07 04:00:00,0.2214986115340567,0.9543921989104815
2022-09-07 05:00:00,0.2218911001661725,0.9542940464618959
2022-09-07 06:00:00,0.22229777279596535,0.9541953139688629
2022-09-07 07:00:00,0.22254802302969662,0.9540959837059482
2022-09-07 08:00:00,0.2244658332472575,0.9539962512057553
2022-09-07 09:00:00,0.22934147553846057,0.953894032022959
2022-09-07 10:00:00,0.23809777546050048,0.9537856288721678
2022-09-07 11:00:00,0.24384367414666577,0.9536661909360897
2022-09-07 12:00:00,0.2517240444396966,0.9535394812210621
2022-09-07 13:00:00,0.2556489870809414,0.9534028316424151
2022-09-07 14:00:00,0.25791974712164223,0.9532611864895979
2022-09-07 15:00:00,0.25884169295300086,0.9531166134957917
2022-09-07 16:00:00,0.2591014929464861,0.9529707986837347
2022-09-07 17:00:00,0.25960731132835935,0.9528245697407468
2022-09-07 18:00:00,0.24920981494683137,0.9526776191489109
2022-09-07 19:00:00,0.2478144214429617,0.9525435760567958
2022-09-07 20:00:00,0.24643851289596683,0.952411187840965
2022-09-07 21:00:00,0.24677119918488521,0.9522804301504287
2022-09-07 22:00:00,0.24415390363904063,0.9521491672468946
2022-09-07 23:00:00,0.2388676617276909,0.9520210866129543
2022-09-08 00:00:00,0.23316209642291305,0.9518995244369091
2022-09-08 01:00:00,0.2250966238504149,0.951785004878391
2022-09-08 02:00:00,0.2248935624149794,0.9516804778269211
2022-09-08 03:00:00,0.2237718295286615,0.9515761152740602
2022-09-08 04:00:00,0.21975415066170717,0.9514730655646501
2022-09-08 05:00:00,0.21994480956557005,0.9513749486367407
2022-09-08 06:00:00,0.22045616252735928,0.9512765040737385
2022-09-08 07:00:00,0.2212180087355919,0.9511773310137374
2022-09-08 08:00:00,0.22464756924492235,0.951077116345891
2022-09-08 09:00:00,0.22968551083364291,0.950972525433081
2022-09-08 10:00:00,0.23875024061148564,0.950861547804762
2022-09-08 11:00:00,0.2448827080743684,0.9507391499815473
2022-09-08 12:00:00,0.2507566356750125,0.9506089972972264
2022-09-08 13:00:00,0.25434480452413877,0.9504714129325688
2022-09-08 14:00:00,0.2600269427601054,0.9503292540920013
2022-09-08 15:00:00,0.26308668000303076,0.950179903319824
2022-09-08 16:00:00,0.2626903149289799,0.9500266386233577
2022-09-08 17:00:00,0.2607662047395217,0.9498737801366237
2022-09-08 18:00:00,0.2511933868009607,0.9497232375471877
2022-09-08 19:00:00,0.24812105965805878,0.9495845717459531
2022-09-08 20:00:00,0.2474364440507933,0.9494496571256886
2022-09-08 21:00:00,0.24796330302671524,0.9493155090532835
2022-09-08 22:00:00,0.24534972255981444,0.9491806131918638
2022-09-08 23:00:00,0.24011013325841923,0.9490488950971335
2022-09-09 00:00:00,0.23419160587990195,0.9489236372865827
2022-09-09 01:00:00,0.22626128996045283,0.9488056884393002
2022-09-09 02:00:00,0.2259435710938794,0.9486975632975008
2022-09-09 03:00:00,0.22488082884169897,0.9485897461214525
2022-09-09 04:00:00,0.22152095832220856,0.9484831681970176
2022-09-09 05:00:00,0.2215656169632415,0.9483807009412064
2022-09-09 06:00:00,0.22226239022396926,0.9482780886992902
2022-09-09 07:00:00,0.22309124934227686,0.9481745163347621
2022-09-09 08:00:00,0.22567777773294687,0.9480698187471139
2022-09-09 09:00:00,0.2306491799400795,0.9479617988566147
2022-09-09 10:00:00,0.2404894590702893,0.9478474755778994
2022-09-09 11:00:00,0.24709206330358638,0.9477207628217653
2022-09-09 12:00:00,0.2536897620427218,0.9475857076888308
2022-09-09 13:00:00,0.2560781935463226,0.9474423163180065
2022-09-09 14:00:00,0.2579329790907233,0.9472958503004257
2022-09-09 15:00:00,0.25699261200988943,0.9471469767006722
2022-09-09 16:00:00,0.2550742536452235,0.9469991894667078
2022-09-09 17:00:00,0.25172458971092765,0.9468537110948637
2022-09-09 18:00:00,0.24755077895320965,0.9467123307243742
2022-09-09 19:00:00,0.24708373367895314,0.9465760785460866
2022-09-09 20:00:00,0.24928794411992794,0.9464403211105104
2022-09-09 21:00:00,0.2500190702496252,0.946301719355411
2022-09-09 22:00:00,0.24731849132885478,0.9461621146436331
2022-09-09 23:00:00,0.24191939707559182,0.9460257966139911
2022-09-10 00:00:00,0.23633802586696437,0.9458961384181978
2022-09-10 01:00:00,0.22795689188972004,0.94577336791004
2022-09-10 02:00:00,0.22738074263028962,0.9456609848006173
2022-09-10 03:00:00,0.2264636379136253,0.9455492328667171
2022-09-10 04:00:00,0.22476864342495706,0.9454385383103909
2022-09-10 05:00:00,0.22559519389788663,0.94532987350163
2022-09-10 06:00:00,0.22741303197856647,0.9452200865170541
2022-09-10 07:00:00,0.2272752166702636,0.9451079382550214
2022-09-10 08:00:00,0.2273293443916412,0.9449958732901812
2022-09-10 09:00:00,0.22694853720236935,0.9448836517017059
2022-09-10 10:00:00,0.23008062189134332,0.9447718171662385
2022-09-10 11:00:00,0.23284021877827177,0.944655978576982
2022-09-10 12:00:00,0.23897042089625592,0.9445366015517854
2022-09-10 13:00:00,0.24553463636235823,0.9444094728422522
2022-09-10 14:00:00,0.24883506096862695,0.9442740499398852
2022-09-10 15:00:00,0.2500819101227004,0.9441344125914928
2022-09-10 16:00:00,0.24782502709459142,0.9439931277746698
2022-09-10 17:00:00,0.2432496174719707,0.9438545751629692
2022-09-10 18:00:00,0.2416228927967569,0.943721652923005
2022-09-10 19:00:00,0.23908321625096007,0.9435906752070097
2022-09-10 20:00:00,0.23656177991820715,0.9434627832132838
2022-09-10 21:00:00,0.2364772708940499,0.9433379541500693
2022-09-10 22:00:00,0.23695393017378946,0.9432131418667842
2022-09-10 23:00:00,0.23574770237539433,0.9430876449116481
2022-09-11 00:00:00,0.23199814189007212,0.942963566902154
2022-09-11 01:00:00,0.2251621482658019,0.9428440870128516
2022-09-11 02:00:00,0.22537932790283793,0.9427330632939012
2022-09-11 03:00:00,0.22961364178099736,0.9426216792875085
2022-09-11 04:00:00,0.22568039422462338,0.9425049135847001
2022-09-11 05:00:00,0.22527204253664018,0.9423929756461431
2022-09-11 06:00:00,0.2245464264618324,0.9422814593609212
2022-09-11 07:00:00,0.22392362062732396,0.9421707613184832
2022-09-11 08:00:00,0.22477372536541135,0.9420607530150394
2022-09-11 09:00:00,0.22539998279176196,0.9419495933214306
2022-09-11 10:00:00,0.2273890942086715,0.9418375620558984
2022-09-11 11:00:00,0.230202436727743,0.9417229556601024
2022-09-11 12:00:00,0.23727465306597162,0.9416047438543584
2022-09-11 13:00:00,0.24715535982004314,0.9414776030556316
2022-09-11 14:00:00,0.25157218424512834,0.9413380226601866
2022-09-11 15:00:00,0.25339246907753377,0.9411928325302652
2022-09-11 16:00:00,0.25143821291307555,0.9410452783497342
2022-09-11 17:00:00,0.24105157418545628,0.9409000783042613
2022-09-11 18:00:00,0.23809621444568882,0.9407677728815176
2022-09-11 19:00:00,0.2358894101694674,0.9406390729922812
2022-09-11 20:00:00,0.2357173868472944,0.9405130429517812
2022-09-11 21:00:00,0.23723881811232783,0.940387139293429
2022-09-11 22:00:00,0.23911588989704538,0.9402592452086403
2022-09-11 23:00:00,0.23846797949712434,0.9401289161564609
2022-09-12 00:00:00,0.23587217737942828,0.9399993083743623
2022-09-12 01:00:00,0.22999267840862547,0.9398728567367783
2022-09-12 02:00:00,0.23071142412706766,0.9397536658746074
2022-09-12 03:00:00,0.226902034793764,0.9396334879918655
2022-09-12 04:00:00,0.22311951844896605,0.9395179832672906
2022-09-12 05:00:00,0.22327839717420833,0.9394071181196159
2022-09-12 06:00:00,0.22373749721986558,0.9392959658150181
2022-09-12 07:00:00,0.2247395443033102,0.9391841510869066
2022-09-12 08:00:00,0.22810261416795732,0.9390709952615897
2022-09-12 09:00:00,0.2335136710510502,0.9389535470707419
2022-09-12 10:00:00,0.24331168261651598,0.9388292465407866
2022-09-12 11:00:00,0.2492584310896807,0.938692609988613
2022-09-12 12:00:00,0.25127076380735935,0.9385484515033742
2022-09-12 13:00:00,0.2620100430964627,0.9384016891150975
2022-09-12 14:00:00,0.2663232497810122,0.9382414141509474
2022-09-12 15:00:00,0.26607614191136086,0.9380756592121038
2022-09-12 16:00:00,0.2605290252353173,0.9379101247022291
2022-09-12 17:00:00,0.25711512911699075,0.9377514356428467
2022-09-12 18:00:00,0.25286737263660836,0.93759692551882
2022-09-12 19:00:00,0.25281620270301014,0.9374476366662078
2022-09-12 20:00:00,0.2522628896201556,0.9372983233624783
2022-09-12 21:00:00,0.2507667040319877,0.9371496132972653
2022-09-12 22:00:00,0.2479962680240325,0.9370026850719432
2022-09-12 23:00:00,0.2427024080407571,0.9368591315103247
2022-09-13 00:00:00,0.23686321406988253,0.9367221069032128
2022-09-13 01:00:00,0.229405029125269,0.9365922929289708
2022-09-13 02:00:00,0.2283639987714293,0.9364717133372407
2022-09-13 03:00:00,0.22690999442926,0.9363523466957537
2022-09-13 04:00:00,0.22288077581643506,0.9362347092330109
2022-09-13 05:00:00,0.22306178175566158,0.9361220199779113
2022-09-13 06:00:00,0.2235591894100119,0.9360090161608713
2022-09-13 07:00:00,0.22431866899282282,0.9358953022908986
2022-09-13 08:00:00,0.2277261700458581,0.9357805507892798
2022-09-13 09:00:00,0.23282093238280335,0.9356614516404198
2022-09-13 10:00:00,0.24156999582377284,0.9355358957790016
2022-09-13 11:00:00,0.2470704224215809,0.9353993153399787
2022-09-13 12:00:00,0.25029320192094257,0.9352557711307836
2022-09-13 13:00:00,0.26383397893432003,0.9351081102217138
2022-09-13 14:00:00,0.26642413947442967,0.9349434351273462
2022-09-13 15:00:00,0.26748050867472245,0.9347754341297875
2022-09-13 16:00:00,0.2615918997997947,0.9346060244797727
2022-09-13 17:00:00,0.26132358899746627,0.9344438874115015
2022-09-13 18:00:00,0.25148454033765133,0.9342819975640343
2022-09-13 19:00:00,0.24960492587343563,0.9341323183713893
2022-09-13 20:00:00,0.25034605607969435,0.9339849005525639
2022-09-13 21:00:00,0.25084604877651806,0.9338364681885071
2022-09-13 22:00:00,0.2481979485692551,0.9336873227129381
2022-09-13 23:00:00,0.24291409550535914,0.9335413992538648
2022-09-14 00:00:00,0.23707893438019972,0.9334019925142812
2022-09-14 01:00:00,0.23104902710156333,0.9332697916412325
2022-09-14 02:00:00,0.23035415422355424,0.933145040079424
2022-09-14 03:00:00,0.22876366046594684,0.9330210690479142
2022-09-14 04:00:00,0.2252115014194625,0.9328989980849068
2022-09-14 05:00:00,0.22528718406262627,0.9327812792841628
2022-09-14 06:00:00,0.22542006894705607,0.9326633778557649
2022-09-14 07:00:00,0.22581037216719285,0.932545222309152
2022-09-14 08:00:00,0.22834965219366837,0.9324264908836899
2022-09-14 09:00:00,0.2335258959523605,0.9323044973707014
2022-09-14 10:00:00,0.24187595748149915,0.9321759455778975
2022-09-14 11:00:00,0.24699741405676678,0.9320368682454864
2022-09-14 12:00:00,0.25517181686815726,0.9318913011421269
2022-09-14 13:00:00,0.2625365797144746,0.9317354280975358
2022-09-14 14:00:00,0.26655793325754135,0.9315702611742266
2022-09-14 15:00:00,0.26603006091275383,0.9313999796464305
2022-09-14 16:00:00,0.25949139406443655,0.9312302700591549
2022-09-14 17:00:00,0.25736873290164086,0.931068645918222
2022-09-14 18:00:00,0.2515750605825532,0.9309095872292629
2022-09-14 19:00:00,0.24906473896715445,0.9307576827690061
2022-09-14 20:00:00,0.2501923055174001,0.9306088283619004
2022-09-14 21:00:00,0.25092698068377395,0.9304584766606123
2022-09-14 22:00:00,0.24827878969744752,0.9303071187922904
2022-09-14 23:00:00,0.24306502962617338,0.9301589833525896
2022-09-15 00:00:00,0.23730301117772643,0.9300172773158751
2022-09-15 01:00:00,0.22960648965405608,0.9298826860181728
2022-09-15 02:00:00,0.22908089738178505,0.9297576276014261
2022-09-15 03:00:00,0.22792008578324527,0.9296331384172153
2022-09-15 04:00:00,0.22438476621546252,0.929510012502888
2022-09-15 05:00:00,0.22470654852865884,0.9293912180066407
2022-09-15 06:00:00,0.22520033953742738,0.9292719335644022
2022-09-15 07:00:00,0.22660239879530575,0.9291519441786282
2022-09-15 08:00:00,0.22920645270012155,0.9290301145273776
2022-09-15 09:00:00,0.23478534791155295,0.928904942130757
2022-09-15 10:00:00,0.24384805560686043,0.9287727084505938
2022-09-15 11:00:00,0.2507178040403148,0.9286290587347886
2022-09-15 12:00:00,0.2557958072655175,0.9284767341959695
2022-09-15 13:00:00,0.2601256887426955,0.9283179745292427
2022-09-15 14:00:00,0.26027224586731607,0.9281537149004339
2022-09-15 15:00:00,0.25935489664902056,0.9279891844786697
2022-09-15 16:00:00,0.25826379677403744,0.9278257131606099
2022-09-15 17:00:00,0.2555512855307931,0.9276635181483514
2022-09-15 18:00:00,0.2503058833156663,0.9275046262199255
2022-09-15 19:00:00,0.24934027094288247,0.9273522035029133
2022-09-15 20:00:00,0.2514637998178953,0.927200900273923
2022-09-15 21:00:00,0.25213965430255186,0.927046855120351
2022-09-15 22:00:00,0.2493427359588913,0.9268918776491867
2022-09-15 23:00:00,0.24399614939647654,0.9267403088405115
2022-09-16 00:00:00,0.23843385504882328,0.9265953357936902
2022-09-16 01:00:00,0.2335120637511888,0.9264572281575907
2022-09-16 02:00:00,0.22983183446763855,0.9263251853175816
2022-09-16 03:00:00,0.22840146473180223,0.9261976553353715
2022-09-16 04:00:00,0.23181255599183231,0.9260718259007971
2022-09-16 05:00:00,0.23128916263336077,0.9259416452019296
2022-09-16 06:00:00,0.2310538862782146,0.9258120313589033
2022-09-16 07:00:00,0.2310914180500559,0.9256826242398704
2022-09-16 08:00:00,0.2314320947507365,0.925553082849123
2022-09-16 09:00:00,0.23462007979225863,0.925423028269996
2022-09-16 10:00:00,0.24910923345332922,0.9252889013816044
2022-09-16 11:00:00,0.24991410611324455,0.9251365757377595
2022-09-16 12:00:00,0.25213358331729574,0.9249831567043437
2022-09-16 13:00:00,0.25547675244371315,0.9248268760403524
2022-09-16 14:00:00,0.2592888905947848,0.9246663291456033
2022-09-16 15:00:00,0.26375056706421224,0.924500929823581
2022-09-16 16:00:00,0.2670148843561223,0.9243298661661979
2022-09-16 17:00:00,0.2680137911089907,0.9241546348872813
2022-09-16 18:00:00,0.2656510441694213,0.9239780677649051
2022-09-16 19:00:00,0.2513187992279758,0.9238043668811298
2022-09-16 20:00:00,0.25223220864619694,0.9236484941234475
2022-09-16 21:00:00,0.252768798801146,0.9234913924389435
2022-09-16 22:00:00,0.25008724861323584,0.9233335328667763
2022-09-16 23:00:00,0.24475451132719753,0.923178938097499
2022-09-17 00:00:00,0.23887638322968455,0.9230309221301534
2022-09-17 01:00:00,0.23086797940665,0.9228901667184678
2022-09-17 02:00:00,0.23029172800777986,0.922759334722358
2022-09-17 03:00:00,0.22891125765872813,0.9226291359665976
2022-09-17 04:00:00,0.2246743692260618,0.9225005757402226
2022-09-17 05:00:00,0.2245577300275248,0.9223772245812307
2022-09-17 06:00:00,0.22448412767368844,0.9222539321935175
2022-09-17 07:00:00,0.22461250029720511,0.9221306447965096
2022-09-17 08:00:00,0.2262793755152518,0.9220071099370131
2022-09-17 09:00:00,0.22740938983489956,0.921881404502357
2022-09-17 10:00:00,0.23038282991085107,0.9217541995842815
2022-09-17 11:00:00,0.23411272685118448,0.9216231909162529
2022-09-17 12:00:00,0.237775067587853,0.9214874329428973
2022-09-17 13:00:00,0.24989486164551244,0.9213470101252205
2022-09-17 14:00:00,0.2559106728796348,0.9211913506623671
2022-09-17 15:00:00,0.2584098792338564,0.9210280845487074
2022-09-17 16:00:00,0.24865447136311933,0.9208616075562267
2022-09-17 17:00:00,0.24029169123283323,0.9207072379686361
2022-09-17 18:00:00,0.23755394273003844,0.9205632350172348
2022-09-17 19:00:00,0.23650516682111816,0.9204225674285079
2022-09-17 20:00:00,0.23684264562365046,0.9202831240027771
2022-09-17 21:00:00,0.23720773669379464,0.920143171937762
2022-09-17 22:00:00,0.23802955454485045,0.9200026767342813
2022-09-17 23:00:00,0.23720332680893108,0.9198610675000569
2022-09-18 00:00:00,0.2337252188159263,0.9197204043083154
2022-09-18 01:00:00,0.22707059992381967,0.9195840020256653
2022-09-18 02:00:00,0.2278390052707307,0.9194558313070623
2022-09-18 03:00:00,0.23226214404116977,0.9193266133885843
2022-09-18 04:00:00,0.22892042299516335,0.9191917798698731
2022-09-18 05:00:00,0.2279911723965876,0.9190610368421648
2022-09-18 06:00:00,0.2271970352830714,0.9189313687339105
2022-09-18 07:00:00,0.22667451053467874,0.9188026066698087
2022-09-18 08:00:00,0.22741312632131097,0.9186744111510026
2022-09-18 09:00:00,0.22869506757459832,0.9185452057684672
2022-09-18 10:00:00,0.23063091957469367,0.9184143113820579
2022-09-18 11:00:00,0.23326067988709195,0.9182809106200741
2022-09-18 12:00:00,0.24059799641390178,0.9181441361139032
2022-09-18 13:00:00,0.2443926704687015,0.9179981034350994
2022-09-18 14:00:00,0.24898345762242727,0.9178472409036191
2022-09-18 15:00:00,0.2506738793547941,0.917690553395
2022-09-18 16:00:00,0.2515248999896594,0.9175316663829746
2022-09-18 17:00:00,0.25070505027495954,0.9173716291359146
2022-09-18 18:00:00,0.24565918574989865,0.9172125302588019
2022-09-18 19:00:00,0.2415639410909141,0.9170596522872383
2022-09-18 20:00:00,0.23887987558693313,0.9169118069635249
2022-09-18 21:00:00,0.2398276790752186,0.916767230330896
2022-09-18 22:00:00,0.24166729163052245,0.9166213825703337
2022-09-18 23:00:00,0.2413616163567224,0.916473148937771
2022-09-19 00:00:00,0.23889327297376345,0.9163252110603057
2022-09-19 01:00:00,0.2335519234228745,0.9161802722904301
2022-09-19 02:00:00,0.2338985670392325,0.9160419239032541
2022-09-19 03:00:00,0.22989269760429684,0.9159030559247633
2022-09-19 04:00:00,0.22889829786430013,0.9157691090137607
2022-09-19 05:00:00,0.22750389985339692,0.915636318850661
2022-09-19 06:00:00,0.22682585060575572,0.9155051854508806
2022-09-19 07:00:00,0.22710488336220172,0.9153748133960873
2022-09-19 08:00:00,0.2304508637113863,0.9152440063514425
2022-09-19 09:00:00,0.2350308871303441,0.9151089306501661
2022-09-19 10:00:00,0.24450790365628103,0.9149680437561759
2022-09-19 11:00:00,0.24958323019185588,0.9148152244458877
2022-09-19 12:00:00,0.25575822351852406,0.9146559748496331
2022-09-19 13:00:00,0.25910672609642027,0.9144889204018114
2022-09-19 14:00:00,0.26267629543418836,0.9143175942337908
2022-09-19 15:00:00,0.26696217150344426,0.9141417200300982
2022-09-19 16:00:00,0.26325331831525783,0.91396040242534
2022-09-19 17:00:00,0.26163180241523903,0.9137836348491535
2022-09-19 18:00:00,0.2591075102427517,0.9136088081480377
2022-09-19 19:00:00,0.2513816041313798,0.913437050810487
2022-09-19 20:00:00,0.25122983840571184,0.913274864872123
2022-09-19 21:00:00,0.25160827066164515,0.9131127826757057
2022-09-19 22:00:00,0.24942334638903257,0.9129501414920446
2022-09-19 23:00:00,0.24459951988283962,0.9127901455351309
2022-09-20 00:00:00,0.23904953461537068,0.9126360934511316
2022-09-20 01:00:00,0.2319049355977768,0.9124888929569173
2022-09-20 02:00:00,0.23088534091309515,0.9123505373381388
2022-09-20 03:00:00,0.2297970887274365,0.9122133703578873
2022-09-20 04:00:00,0.22814223541917142,0.9120774778565908
2022-09-20 05:00:00,0.2275784900392636,0.9119435681042481
2022-09-20 06:00:00,0.226684813717566,0.9118102772345889
2022-09-20 07:00:00,0.2273975501413684,0.9116780176799741
2022-09-20 08:00:00,0.2308494288152007,0.9115447814432004
2022-09-20 09:00:00,0.23561359960542752,0.9114071446152272
2022-09-20 10:00:00,0.24464579764208824,0.9112634668497256
2022-09-20 11:00:00,0.25044807446205647,0.9111084131314979
2022-09-20 12:00:00,0.25289273750576063,0.9109460208809698
2022-09-20 13:00:00,0.26803205356958687,0.9107804871343099
2022-09-20 14:00:00,0.26937513653334355,0.9105959435942361
2022-09-20 15:00:00,0.26759111165741256,0.9104096355711603
2022-09-20 16:00:00,0.2649623921625873,0.9102254719689628
2022-09-20 17:00:00,0.257841083742413,0.9100445086750422
2022-09-20 18:00:00,0.25273080622126376,0.909872361444724
2022-09-20 19:00:00,0.2497095020766338,0.9097065165085976
2022-09-20 20:00:00,0.2516500276288964,0.9095443626691991
2022-09-20 21:00:00,0.252414629727451,0.9093796976587085
2022-09-20 22:00:00,0.2499880088698106,0.9092139914007878
2022-09-20 23:00:00,0.24501969463836162,0.9090512329435214
2022-09-21 00:00:00,0.23937531535243706,0.9088945994230593
2022-09-21 01:00:00,0.2315150433845522,0.9087449359401965
2022-09-21 02:00:00,0.23123148600554594,0.9086050123803062
2022-09-21 03:00:00,0.23021272802024445,0.9084653578697173
2022-09-21 04:00:00,0.228170565338358,0.9083268914287962
2022-09-21 05:00:00,0.22839980926173495,0.9081908923330664
2022-09-21 06:00:00,0.2277419662953179,0.9080545213439677
2022-09-21 07:00:00,0.22907988306860014,0.9079188873398529
2022-09-21 08:00:00,0.2323486224633661,0.9077814956408319
2022-09-21 09:00:00,0.23534113670720877,0.9076399327384558
2022-09-21 10:00:00,0.2444690335352994,0.9074945439340355
2022-09-21 11:00:00,0.25298608326795846,0.9073376600192566
2022-09-21 12:00:00,0.2564132036934259,0.9071700445729484
2022-09-21 13:00:00,0.2636650799021348,0.9069980600267482
2022-09-21 14:00:00,0.2653432790816054,0.9068169254559747
2022-09-21 15:00:00,0.265700604101617,0.9066336079770058
2022-09-21 16:00:00,0.265070837766862,0.9064497587026757
2022-09-21 17:00:00,0.26088548508060794,0.9062666115173571
2022-09-21 18:00:00,0.25474857816540425,0.9060886109242118
2022-09-21 19:00:00,0.24998869741653176,0.9059181963862926
2022-09-21 20:00:00,0.25205207497361604,0.9057536466412018
2022-09-21 21:00:00,0.2528142008745571,0.9055864326364111
2022-09-21 22:00:00,0.25039445726281995,0.9054181809568885
2022-09-21 23:00:00,0.24544790572946573,0.9052528689599663
2022-09-22 00:00:00,0.23980770869379484,0.9050936551760316
2022-09-22 01:00:00,0.2319077070869059,0.9049414066824913
2022-09-22 02:00:00,0.23149571703230884,0.9047989482556322
2022-09-22 03:00:00,0.23013626890835193,0.9046569199016303
2022-09-22 04:00:00,0.22917459265346762,0.9045165059637323
2022-09-22 05:00:00,0.22957485260475596,0.9043772092478055
2022-09-22 06:00:00,0.22942850889439717,0.9042373273543397
2022-09-22 07:00:00,0.2283364559252993,0.9040975435587029
2022-09-22 08:00:00,0.23091405946069699,0.9039590400183032
2022-09-22 09:00:00,0.23567981858467257,0.9038172296833883
2022-09-22 10:00:00,0.24471103084334644,0.9036693773803944
2022-09-22 11:00:00,0.2529056882617641,0.9035101513138688
2022-09-22 12:00:00,0.2615564510837774,0.9033405971983708
2022-09-22 13:00:00,0.26457939448276196,0.9031601449231987
2022-09-22 14:00:00,0.2655899901663627,0.9029758292837277
2022-09-22 15:00:00,0.2648116713837059,0.9027901657357417
2022-09-22 16:00:00,0.26344421332930423,0.902605390443507
2022-09-22 17:00:00,0.26040999748880694,0.9024222398523403
2022-09-22 18:00:00,0.25634905313556755,0.9022427974307448
2022-09-22 19:00:00,0.2502589303224865,0.9020683466106753
2022-09-22 20:00:00,0.2520884541689138,0.9019014238865642
2022-09-22 21:00:00,0.2527098472051771,0.9017321297214883
2022-09-22 22:00:00,0.2504030587077124,0.9015619743004047
2022-09-22 23:00:00,0.24553294568647016,0.9013946178717187
2022-09-23 00:00:00,0.2398659907579705,0.9012332646126164
2022-09-23 01:00:00,0.23216410031967868,0.9010789105970569
2022-09-23 02:00:00,0.23169770131615405,0.9009340995160457
2022-09-23 03:00:00,0.23044246685879144,0.9007897870269513
2022-09-23 04:00:00,0.22758717278615237,0.9006469591957962
2022-09-23 05:00:00,0.22702924683394252,0.9005076161188481
2022-09-23 06:00:00,0.22741155976838864,0.9003688861077486
2022-09-23 07:00:00,0.22841424084124076,0.9002295938857248
2022-09-23 08:00:00,0.23135358966159347,0.9000889640144825
2022-09-23 09:00:00,0.23707324734323112,0.8999445756812595
2022-09-23 10:00:00,0.24631996197789002,0.8997929535219449
2022-09-23 11:00:00,0.2527612093772171,0.8996296887373562
2022-09-23 12:00:00,0.2632257349450886,0.8994582881835897
2022-09-23 13:00:00,0.2653497793159634,0.8992737227850306
2022-09-23 14:00:00,0.2651930176808429,0.8990864181653138
2022-09-23 15:00:00,0.2641055582043551,0.8988992253541289
2022-09-23 16:00:00,0.26267295607212904,0.8987133077460032
2022-09-23 17:00:00,0.25953874957756856,0.898529096791525
2022-09-23 18:00:00,0.25258420774546003,0.8983487195184593
2022-09-23 19:00:00,0.2503334470489604,0.8981769513683333
2022-09-23 20:00:00,0.25244272424602154,0.898007912637126
2022-09-23 21:00:00,0.25305448796617247,0.8978361532999121
2022-09-23 22:00:00,0.25071170869901616,0.8976635452710227
2022-09-23 23:00:00,0.24584751070432664,0.89749378175172
2022-09-24 00:00:00,0.2403928359204338,0.897330014537985
2022-09-24 01:00:00,0.232403373744008,0.8971729817484186
2022-09-24 02:00:00,0.23196824697510954,0.8970258518899192
2022-09-24 03:00:00,0.23111045680908499,0.8968791820659283
2022-09-24 04:00:00,0.23009458868013372,0.8967335006284363
2022-09-24 05:00:00,0.2303121206567009,0.8965890051976839
2022-09-24 06:00:00,0.22691394249647506,0.8964441540463697
2022-09-24 07:00:00,0.22657157718623483,0.8963034668350379
2022-09-24 08:00:00,0.22835802666332788,0.8961631238205426
2022-09-24 09:00:00,0.22940551346423094,0.8960204640073594
2022-09-24 10:00:00,0.2324021119315624,0.8958764111218359
2022-09-24 11:00:00,0.2378451303216857,0.895728528797435
2022-09-24 12:00:00,0.2437621129904925,0.895573759032342
2022-09-24 13:00:00,0.2515661165864278,0.8954115093943403
2022-09-24 14:00:00,0.2561160512118105,0.895239421130446
2022-09-24 15:00:00,0.25297536927028774,0.89506156185009
2022-09-24 16:00:00,0.24894303963595946,0.894887544847242
2022-09-24 17:00:00,0.24573311652534352,0.8947184847048217
2022-09-24 18:00:00,0.2415065184783995,0.8945533534380216
2022-09-24 19:00:00,0.23861762271932746,0.8943934219139017
2022-09-24 20:00:00,0.23871906797140494,0.8942370180280351
2022-09-24 21:00:00,0.2393648309011024,0.8940804038776337
2022-09-24 22:00:00,0.24006773442898002,0.893922899089119
2022-09-24 23:00:00,0.23925834557626063,0.8937644322603051
2022-09-25 00:00:00,0.2356674739426941,0.8936068937802721
2022-09-25 01:00:00,0.2290152744680583,0.8934537605261437
2022-09-25 02:00:00,0.22913090003912956,0.8933088591814112
2022-09-25 03:00:00,0.23416026873926823,0.893163729988501
2022-09-25 04:00:00,0.23004952392006014,0.8930122307922777
2022-09-25 05:00:00,0.22988776958823282,0.8928657867584593
2022-09-25 06:00:00,0.22938533228475275,0.8927194616727984
2022-09-25 07:00:00,0.2289947085023755,0.8925736814129142
2022-09-25 08:00:00,0.22987692376690338,0.8924283062358526
2022-09-25 09:00:00,0.23045253292534365,0.8922817451167951
2022-09-25 10:00:00,0.23426801553975393,0.8921343813374075
2022-09-25 11:00:00,0.23694614259232158,0.8919821650799454
2022-09-25 12:00:00,0.2430137299231505,0.8918265180629797
2022-09-25 13:00:00,0.2524218187884233,0.8916632034853238
2022-09-25 14:00:00,0.2569442411617582,0.8914880457442637
2022-09-25 15:00:00,0.25406631350403586,0.8913071519471609
2022-09-25 16:00:00,0.2539003154791472,0.8911297725558439
2022-09-25 17:00:00,0.25028953871646265,0.8909525176826038
2022-09-25 18:00:00,0.24638953410528414,0.8907796933252374
2022-09-25 19:00:00,0.24224580769214743,0.8906116610429732
2022-09-25 20:00:00,0.24040114483874103,0.8904487255125236
2022-09-25 21:00:00,0.2420689927043491,0.8902880129289419
2022-09-25 22:00:00,0.2439323573843937,0.8901251326783747
2022-09-25 23:00:00,0.2434747175846098,0.889959840389392
2022-09-26 00:00:00,0.2408830119626598,0.8897950373422245
2022-09-26 01:00:00,0.2348871879878265,0.8896333911438231
2022-09-26 02:00:00,0.2352899661070229,0.8894791569668448
2022-09-26 03:00:00,0.23135003495579914,0.8893243365834306
2022-09-26 04:00:00,0.22797625899294083,0.8891743584049695
2022-09-26 05:00:00,0.2299080087393795,0.8890285147623197
2022-09-26 06:00:00,0.22772500510781957,0.8888801737732307
2022-09-26 07:00:00,0.23001298466627265,0.8887344789043536
2022-09-26 08:00:00,0.23194863165802918,0.8885858414516721
2022-09-26 09:00:00,0.23678050530281575,0.8884347018559082
2022-09-26 10:00:00,0.24537483767546317,0.8882774398588018
2022-09-26 11:00:00,0.2504914689763104,0.8881093524120417
2022-09-26 12:00:00,0.2560919423229381,0.8879347866671088
2022-09-26 13:00:00,0.2687720935040837,0.8877531378466292
2022-09-26 14:00:00,0.27477811592893553,0.887555556378536
2022-09-26 15:00:00,0.27168494802544124,0.8873503849490427
2022-09-26 16:00:00,0.26430817405982654,0.8871489975713708
2022-09-26 17:00:00,0.2542457210615834,0.8869567487784509
2022-09-26 18:00:00,0.2512194050316935,0.8867769956944694
2022-09-26 19:00:00,0.25123148427150355,0.886600943173654
2022-09-26 20:00:00,0.2531989765225533,0.8864247932473978
2022-09-26 21:00:00,0.25404266843465984,0.8862461016749592
2022-09-26 22:00:00,0.2518107190865988,0.8860662732323271
2022-09-26 23:00:00,0.24701931688733098,0.885889152496684
2022-09-27 00:00:00,0.24131146135244577,0.8857179388097434
2022-09-27 01:00:00,0.23322734718201513,0.8855537777638667
2022-09-27 02:00:00,0.23284636769506162,0.8853996397080824
2022-09-27 03:00:00,0.23139182645945217,0.8852458957498128
2022-09-27 04:00:00,0.2285130776677738,0.8850938878670623
2022-09-27 05:00:00,0.22869192173421746,0.884945396345137
2022-09-27 06:00:00,0.22983296676231468,0.8847965992188673
2022-09-27 07:00:00,0.23004477536154705,0.8846462937629965
2022-09-27 08:00:00,0.23215992567331856,0.8844956415490483
2022-09-27 09:00:00,0.236909018742281,0.8843422634259116
2022-09-27 10:00:00,0.24617605097025538,0.884182866991212
2022-09-27 11:00:00,0.25053083896674494,0.8840118048471146
2022-09-27 12:00:00,0.255359240082181,0.8838352173250652
2022-09-27 13:00:00,0.2595742912617939,0.8836525124348633
2022-09-27 14:00:00,0.2608978148585419,0.8834644568901693
2022-09-27 15:00:00,0.2601009232297126,0.8832746651267441
2022-09-27 16:00:00,0.25605415483754457,0.8830857876899445
2022-09-27 17:00:00,0.2546897254526833,0.8829018869520914
2022-09-27 18:00:00,0.2508579620810198,0.8827196100158343
2022-09-27 19:00:00,0.2511664696431552,0.8825420410751078
2022-09-27 20:00:00,0.253510342709328,0.8823640048177374
2022-09-27 21:00:00,0.2542928634143425,0.8821829570633778
2022-09-27 22:00:00,0.25201395587668074,0.8820008495290576
2022-09-27 23:00:00,0.2471916403263325,0.8818215090266989
2022-09-28 00:00:00,0.2418271032323426,0.8816481148429784
2022-09-28 01:00:00,0.23676999522351794,0.8814813447815287
2022-09-28 02:00:00,0.2363868529069049,0.881320814582738
2022-09-28 03:00:00,0.23592898453545788,0.8811606818162778
2022-09-28 04:00:00,0.2339377619104885,0.8810010399165454
2022-09-28 05:00:00,0.23819704886083456,0.8808438056032282
2022-09-28 06:00:00,0.23805995112565742,0.8806811657662695
2022-09-28 07:00:00,0.23442714010810692,0.8805186159134807
2022-09-28 08:00:00,0.23870151180640875,0.8803605257134609
2022-09-28 09:00:00,0.2379115211788747,0.8801970112148534
2022-09-28 10:00:00,0.24885145691696192,0.8800344028976455
2022-09-28 11:00:00,0.2528775912176486,0.8798580383810017
2022-09-28 12:00:00,0.2603921779061128,0.8796765599438826
2022-09-28 13:00:00,0.26813525222035545,0.8794856070480088
2022-09-28 14:00:00,0.27219604098127614,0.8792848941110952
2022-09-28 15:00:00,0.2707828149709393,0.8790790240173725
2022-09-28 16:00:00,0.2669294832725482,0.8788748393126353
2022-09-28 17:00:00,0.2551579540363984,0.8786753901563662
2022-09-28 18:00:00,0.2532463897810599,0.8784905743229016
2022-09-28 19:00:00,0.2512603795246764,0.8783080668834713
2022-09-28 20:00:00,0.2535934896638472,0.8781279609230743
2022-09-28 21:00:00,0.25436805004354524,0.8779448575687555
2022-09-28 22:00:00,0.2521206443059083,0.877760705035295
2022-09-28 23:00:00,0.24740481925183258,0.8775792808079622
2022-09-29 00:00:00,0.2416608734184117,0.877403670438567
2022-09-29 01:00:00,0.23406980670413663,0.8772351591057894
2022-09-29 02:00:00,0.23376894894239875,0.877076055738478
2022-09-29 03:00:00,0.2324519286127942,0.8769172476032312
2022-09-29 04:00:00,0.22977506265923023,0.8767600049310895
2022-09-29 05:00:00,0.22949128408288474,0.8766060275569553
2022-09-29 06:00:00,0.22923564184420148,0.8764523241495208
2022-09-29 07:00:00,0.23027314968694768,0.8762988595663194
2022-09-29 08:00:00,0.23236323908191564,0.8761440173977462
2022-09-29 09:00:00,0.23667885472850886,0.8759864819448993
2022-09-29 10:00:00,0.24813304284001478,0.8758234713280441
2022-09-29 11:00:00,0.25515882428642406,0.875646062359721
2022-09-29 12:00:00,0.256909355671345,0.8754597905764242
2022-09-29 13:00:00,0.26226268651532286,0.8752712500689349
2022-09-29 14:00:00,0.2642419960139152,0.8750759373661752
2022-09-29 15:00:00,0.26379492620321426,0.874878070023114
2022-09-29 16:00:00,0.26276581014450706,0.8746806810422166
2022-09-29 17:00:00,0.259078137343368,0.874484498009663
2022-09-29 18:00:00,0.2544069866123688,0.8742928441497927
2022-09-29 19:00:00,0.25134820123909946,0.8741069488384708
2022-09-29 20:00:00,0.25338533979341343,0.8739247966474945
2022-09-29 21:00:00,0.25419409936508974,0.8737400177004896
2022-09-29 22:00:00,0.25199863945962414,0.8735541474997613
2022-09-29 23:00:00,0.24725917358339208,0.8733709413482744
2022-09-30 00:00:00,0.24163575468649198,0.8731935792821516
2022-09-30 01:00:00,0.23350770130411203,0.8730231662713694
2022-09-30 02:00:00,0.23304447176321752,0.8728628331377769
2022-09-30 03:00:00,0.23155910207357802,0.8727029988803553
2022-09-30 04:00:00,0.22948308459296368,0.8725449412031151
2022-09-30 05:00:00,0.2302243153689465,0.8723893984446608
2022-09-30 06:00:00,0.23114489545984568,0.8722328490735786
2022-09-30 07:00:00,0.23188846587969755,0.8720750689321728
2022-09-30 08:00:00,0.23350700152470874,0.8719162793115217
2022-09-30 09:00:00,0.24005669064461746,0.8717553865341243
2022-09-30 10:00:00,0.25038908232828777,0.8715862266872085
2022-09-30 11:00:00,0.2558034855423499,0.8714040714216825
2022-09-30 12:00:00,0.25718692659210984,0.8712150682522871
2022-09-30 13:00:00,0.2605126289126175,0.8710242559109227
2022-09-30 14:00:00,0.2636306871630585,0.870829206600237
2022-09-30 15:00:00,0.2633766754967049,0.8706301799045946
2022-09-30 16:00:00,0.2617924196628523,0.8704313909407098
2022-09-30 17:00:00,0.2581251593443923,0.8702345025431512
2022-09-30 18:00:00,0.25228064611615975,0.8700421184969248
2022-09-30 19:00:00,0.2519206268914692,0.8698569603976093
2022-09-30 20:00:00,0.25323980742444907,0.8696721726571823
2022-09-30 21:00:00,0.2540499242032397,0.8694856563054703
2022-09-30 22:00:00,0.25190162979956904,0.86929804770173
2022-09-30 23:00:00,0.24720327595192831,0.8691130448895449
2022-10-01 00:00:00,0.24169831898819957,0.868933835472866
2022-10-01 01:00:00,0.23345026163310656,0.8687614277352755
2022-10-01 02:00:00,0.23298542036062078,0.8685992505819907
2022-10-01 03:00:00,0.22422127162498828,0.868437575022677
2022-10-01 04:00:00,0.22291822168942002,0.8682867752214734
2022-10-01 05:00:00,0.22337936420377424,0.8681375248347301
2022-10-01 06:00:00,0.22307912706216407,0.8679876186517763
2022-10-01 07:00:00,0.22192117127591332,0.8678380084271142
2022-10-01 08:00:00,0.22275118625411805,0.8676897663390228
2022-10-01 09:00:00,0.223910529379213,0.8675404074540605
2022-10-01 10:00:00,0.22707523634707902,0.8673895201420981
2022-10-01 11:00:00,0.22999711595383082,0.8672345977284279
2022-10-01 12:00:00,0.23617278253844623,0.8670759437773874
2022-10-01 13:00:00,0.24381306651883136,0.8669094910854311
2022-10-01 14:00:00,0.2461400789550814,0.8667334089110322
2022-10-01 15:00:00,0.24570888131421426,0.8665543388738791
2022-10-01 16:00:00,0.23917443658978266,0.8663757287668674
2022-10-01 17:00:00,0.2318374370115285,0.8662052076791912
2022-10-01 18:00:00,0.23079636424462588,0.8660437788347982
2022-10-01 19:00:00,0.22996142629115762,0.8658835723555953
2022-10-01 20:00:00,0.22929275083603554,0.8657243306035275
2022-10-01 21:00:00,0.2310955989355184,0.8655658457809741
2022-10-01 22:00:00,0.2318238056804907,0.8654050285140347
2022-10-01 23:00:00,0.22995840337930396,0.865243222134986
2022-10-02 00:00:00,0.2267413531408521,0.8650836686857597
2022-10-02 01:00:00,0.22099594270955994,0.864928057756942
2022-10-02 02:00:00,0.2216075313966539,0.8647795498294792
2022-10-02 03:00:00,0.2257679496768968,0.864630198685219
2022-10-02 04:00:00,0.22323729123954106,0.8644755683179559
2022-10-02 05:00:00,0.22660723854981385,0.8643240226044138
2022-10-02 06:00:00,0.22175851482974906,0.8641681858182751
2022-10-02 07:00:00,0.221259708259187,0.8640183313292354
2022-10-02 08:00:00,0.2226027825633014,0.8638690217718059
2022-10-02 09:00:00,0.22396990479956455,0.8637179548258817
2022-10-02 10:00:00,0.22698657655708068,0.8635651004625763
2022-10-02 11:00:00,0.23333468925610212,0.8634083967760575
2022-10-02 12:00:00,0.2412651081648161,0.8632436794962581
2022-10-02 13:00:00,0.24602644831631543,0.863068970771566
2022-10-02 14:00:00,0.248235862736448,0.8628882319816179
2022-10-02 15:00:00,0.24783334584993774,0.8627046530648087
2022-10-02 16:00:00,0.24406621105937848,0.8625214989665427
2022-10-02 17:00:00,0.23561136405381597,0.8623429754905114
2022-10-02 18:00:00,0.23285768823602446,0.8621749423083349
2022-10-02 19:00:00,0.2320071452151869,0.8620102729874204
2022-10-02 20:00:00,0.23205520718960163,0.8618465886432037
2022-10-02 21:00:00,0.23392933004269906,0.8616827660509131
2022-10-02 22:00:00,0.23606816161408606,0.8615165226659627
2022-10-02 23:00:00,0.23510164549888402,0.8613475276340073
2022-10-03 00:00:00,0.23188837454465683,0.8611796626712482
2022-10-03 01:00:00,0.22577395593114405,0.8610157362528671
2022-10-03 02:00:00,0.2257381558685056,0.8608593748451113
2022-10-03 03:00:00,0.2386817049043221,0.8607029802065057
2022-10-03 04:00:00,0.23451006911212013,0.8605303281824306
2022-10-03 05:00:00,0.2324952648669774,0.8603628127857146
2022-10-03 06:00:00,0.23422095645089624,0.8601977380087574
2022-10-03 07:00:00,0.2344173003108462,0.8600304282636466
2022-10-03 08:00:00,0.23758280575742896,0.8598627952669509
2022-10-03 09:00:00,0.24302664587195608,0.8596911275986406
2022-10-03 10:00:00,0.2532082836507838,0.859512577372375
2022-10-03 11:00:00,0.25962802747858293,0.8593212223731072
2022-10-03 12:00:00,0.26910963375435115,0.8591217650003499
2022-10-03 13:00:00,0.27229527302959866,0.858910377958157
2022-10-03 14:00:00,0.27689276011275965,0.8586949312374328
2022-10-03 15:00:00,0.27888872312212065,0.8584736600606111
2022-10-03 16:00:00,0.27669348243474967,0.8582498163650178
2022-10-03 17:00:00,0.27194360521850236,0.8580286391875473
2022-10-03 18:00:00,0.2629736568675405,0.8578133218561741
2022-10-03 19:00:00,0.2586664335200333,0.8576091394921698
2022-10-03 20:00:00,0.2599755103011884,0.8574102637216733
2022-10-03 21:00:00,0.2622044724751305,0.8572096742019566
2022-10-03 22:00:00,0.26169837823829556,0.8570062211087516
2022-10-03 23:00:00,0.2551535686106669,0.8568033232950842
2022-10-04 00:00:00,0.24792161561628048,0.8566085291877454
2022-10-04 01:00:00,0.24086835233885465,0.8564226977485359
2022-10-04 02:00:00,0.24057412619883867,0.856245605647941
2022-10-04 03:00:00,0.2384340810983177,0.856068804122211
2022-10-04 04:00:00,0.23586418629980263,0.8558946004777576
2022-10-04 05:00:00,0.23491256433983349,0.8557235320594544
2022-10-04 06:00:00,0.23459115641277517,0.855553576059044
2022-10-04 07:00:00,0.23401044519644149,0.8553839447418157
2022-10-04 08:00:00,0.23726833494844984,0.855214962269751
2022-10-04 09:00:00,0.24292196010478193,0.8550418304245494
2022-10-04 10:00:00,0.2521121137079327,0.8548615545699046
2022-10-04 11:00:00,0.2584470849212239,0.8546697140782472
2022-10-04 12:00:00,0.26651482968078843,0.8544698779605929
2022-10-04 13:00:00,0.2714378088728808,0.854259880283077
2022-10-04 14:00:00,0.2750614437421498,0.8540436520357663
2022-10-04 15:00:00,0.27714956398507085,0.8538228174322116
2022-10-04 16:00:00,0.2792233294821324,0.8535992958988825
2022-10-04 17:00:00,0.2721196066487875,0.8533731054124375
2022-10-04 18:00:00,0.2629301839742221,0.8531557178665553
2022-10-04 19:00:00,0.2571451701455432,0.8529497404193426
2022-10-04 20:00:00,0.2591663665813536,0.8527509175930864
2022-10-04 21:00:00,0.2614836255681011,0.8525494916583403
2022-10-04 22:00:00,0.26107638106343567,0.8523450925703389
2022-10-04 23:00:00,0.25461182770451385,0.8521411259919094
2022-10-05 00:00:00,0.2473661011467234,0.8519451635926217
2022-10-05 01:00:00,0.24021195765806563,0.8517581818725161
2022-10-05 02:00:00,0.2402758355899891,0.8515800663863369
2022-10-05 03:00:00,0.23823541863352815,0.8514017946409287
2022-10-05 04:00:00,0.23655070934695727,0.8512259970385615
2022-10-05 05:00:00,0.23333588242273975,0.8510522289783469
2022-10-05 06:00:00,0.23647990380804468,0.8508824031410699
2022-10-05 07:00:00,0.23377756828424084,0.850708571000121
2022-10-05 08:00:00,0.2371313603894239,0.8505380405354532
2022-10-05 09:00:00,0.2428596934713424,0.8503632416213861
2022-10-05 10:00:00,0.2518476603948425,0.8501812061155939
2022-10-05 11:00:00,0.25817104956834436,0.8499878595097088
2022-10-05 12:00:00,0.2606508145288604,0.8497865325598917
2022-10-05 13:00:00,0.2661486823053964,0.8495820298304213
2022-10-05 14:00:00,0.2685348391721565,0.8493705787268294
2022-10-05 15:00:00,0.2687853980082119,0.849156068921844
2022-10-05 16:00:00,0.2680438263375348,0.8489411699471334
2022-10-05 17:00:00,0.25953505047662495,0.848727122
2022-10-05 18:00:00,0.2565307490300268,0.8485236341198896
2022-10-05 19:00:00,0.2570326649003213,0.8483238257480314
2022-10-05 20:00:00,0.2588864782846534,0.8481233141470655
2022-10-05 21:00:00,0.26120043365282497,0.8479204094794246
2022-10-05 22:00:00,0.26080791911763146,0.8477145366019929
2022-10-05 23:00:00,0.2544806378305383,0.8475090786365529
2022-10-06 00:00:00,0.24732516768282978,0.8473114540759864
2022-10-06 01:00:00,0.24072360368180046,0.8471226981908503
2022-10-06 02:00:00,0.2413244730357853,0.8469421186329812
2022-10-06 03:00:00,0.23961151231539,0.8467607123952442
2022-10-06 04:00:00,0.2410136696062154,0.8465813717998301
2022-10-06 05:00:00,0.24285252986826805,0.8464002029838613
2022-10-06 06:00:00,0.24480521344058384,0.8462166601032994
2022-10-06 07:00:00,0.2439310957025816,0.846030600913721
2022-10-06 08:00:00,0.24334471124553336,0.8458455589515169
2022-10-06 09:00:00,0.24679314703481287,0.845661174584878
2022-10-06 10:00:00,0.2565507605812614,0.845472404323327
2022-10-06 11:00:00,0.2603857286808806,0.8452713617295371
2022-10-06 12:00:00,0.2650194190430656,0.8450654501452249
2022-10-06 13:00:00,0.26869593337412384,0.8448536712025093
2022-10-06 14:00:00,0.27226627422984373,0.8446372214064147
2022-10-06 15:00:00,0.27236377230012215,0.8444162335088098
2022-10-06 16:00:00,0.27297830046269106,0.8441950485982394
2022-10-06 17:00:00,0.2712746383734764,0.8439730204221898
2022-10-06 18:00:00,0.2598221954262795,0.8437530467536161
2022-10-06 19:00:00,0.2579138959276882,0.8435473136037697
2022-10-06 20:00:00,0.2582677200783704,0.8433438908285574
2022-10-06 21:00:00,0.2607162500344857,0.8431399508086739
2022-10-06 22:00:00,0.2606312901027425,0.8429328751971569
2022-10-06 23:00:00,0.2545156920089099,0.8427258308916996
2022-10-07 00:00:00,0.24748318371064523,0.8425263562253764
2022-10-07 01:00:00,0.2407968646715221,0.8423355973713531
2022-10-07 02:00:00,0.24086724456478226,0.8421531216285046
2022-10-07 03:00:00,0.24033910355681376,0.8419704831586527
2022-10-07 04:00:00,0.23806188320500338,0.8417884301484496
2022-10-07 05:00:00,0.2390183040830603,0.8416091489826393
2022-10-07 06:00:00,0.24100241858290303,0.841428597645287
2022-10-07 07:00:00,0.24002310353487427,0.8412454915550065
2022-10-07 08:00:00,0.24024585781881508,0.8410635350344121
2022-10-07 09:00:00,0.24405692857256484,0.8408812255325565
2022-10-07 10:00:00,0.2543641404985886,0.8406940776896085
2022-10-07 11:00:00,0.2636502733902073,0.8404939713648971
2022-10-07 12:00:00,0.2690197856298511,0.8402821829430481
2022-10-07 13:00:00,0.2717505234967698,0.8400636082357475
2022-10-07 14:00:00,0.2723633200860366,0.8398415457468705
2022-10-07 15:00:00,0.2720222712842182,0.8396186429389617
2022-10-07 16:00:00,0.2726297187753438,0.8393960921547458
2022-10-07 17:00:00,0.2704487067866257,0.8391727078098804
2022-10-07 18:00:00,0.263718601967766,0.8389519755147776
2022-10-07 19:00:00,0.25685691203990424,0.8387395816715756
2022-10-07 20:00:00,0.25866627129635306,0.838535690797799
2022-10-07 21:00:00,0.2607990523325266,0.8383294641181442
2022-10-07 22:00:00,0.2610620991510211,0.8381204973916013
2022-10-07 23:00:00,0.255052444067116,0.8379111278221953
2022-10-08 00:00:00,0.2480148166964649,0.8377091963235953
2022-10-08 01:00:00,0.24093042440658463,0.8375159878974887
2022-10-08 02:00:00,0.24099498392989152,0.8373315610363917
2022-10-08 03:00:00,0.22371748598081992,0.837146979586943
2022-10-08 04:00:00,0.22198977886887503,0.836983921157426
2022-10-08 05:00:00,0.22204833475333186,0.8368229485457758
2022-10-08 06:00:00,0.22105941120041267,0.8366618289597658
2022-10-08 07:00:00,0.22050208432822,0.8365018717852499
2022-10-08 08:00:00,0.22040208656834018,0.8363425375629723
2022-10-08 09:00:00,0.2213675021221887,0.8361832546681753
2022-10-08 10:00:00,0.22383552185208108,0.8360226913708879
2022-10-08 11:00:00,0.22869487311138686,0.8358589694525986
2022-10-08 12:00:00,0.23445973705022344,0.8356890997856422
2022-10-08 13:00:00,0.23901721218768343,0.8355119505159538
2022-10-08 14:00:00,0.2418419678817167,0.8353290309163574
2022-10-08 15:00:00,0.24098109430087464,0.8351425069230172
2022-10-08 16:00:00,0.24013596609566096,0.8349569856094248
2022-10-08 17:00:00,0.23990864962585606,0.8347724473307961
2022-10-08 18:00:00,0.23648645329484028,0.8345881198594355
2022-10-08 19:00:00,0.22993133268172072,0.8344079968321804
2022-10-08 20:00:00,0.2280079916949264,0.8342359944414321
2022-10-08 21:00:00,0.22935075299717994,0.8340663229997445
2022-10-08 22:00:00,0.23071502962844653,0.8338948999163803
2022-10-08 23:00:00,0.22943580238136918,0.8337216983343401
2022-10-09 00:00:00,0.22652776304727074,0.8335500226706712
2022-10-09 01:00:00,0.22246078423466625,0.8333819089777197
2022-10-09 02:00:00,0.22137988962678035,0.8332188059671081
2022-10-09 03:00:00,0.22577905422795252,0.8330569810708929
2022-10-09 04:00:00,0.22301866941700066,0.8328895842524126
2022-10-09 05:00:00,0.22700274897599587,0.8327255649858196
2022-10-09 06:00:00,0.22290056282874368,0.8325564927280764
2022-10-09 07:00:00,0.22264823508099751,0.8323924753487781
2022-10-09 08:00:00,0.22343375150293424,0.8322287005624253
2022-10-09 09:00:00,0.22381501328896491,0.8320638711013431
2022-10-09 10:00:00,0.22613214210534033,0.8318984923214011
2022-10-09 11:00:00,0.22905223138536568,0.8317301444264237
2022-10-09 12:00:00,0.23381343709993743,0.8315580737534807
2022-10-09 13:00:00,0.24015061540789281,0.8313799789447159
2022-10-09 14:00:00,0.2471078612495229,0.8311938900721121
2022-10-09 15:00:00,0.24682303054189364,0.8309990320890136
2022-10-09 16:00:00,0.24828356829717996,0.8308044576289061
2022-10-09 17:00:00,0.24134575747009848,0.8306079850190473
2022-10-09 18:00:00,0.23690746421299808,0.8304201122330387
2022-10-09 19:00:00,0.22918706467879255,0.8302377149118286
2022-10-09 20:00:00,0.2296655908163926,0.8300648957262116
2022-10-09 21:00:00,0.2317921723912163,0.8298914060570831
2022-10-09 22:00:00,0.23422418282903754,0.8297151858731693
2022-10-09 23:00:00,0.2335627725281655,0.8295358534264511
2022-10-10 00:00:00,0.23048422463612625,0.8293572755309487
2022-10-10 01:00:00,0.22856039765716213,0.8291824736467852
2022-10-10 02:00:00,0.2282968637175517,0.8290100044109904
2022-10-10 03:00:00,0.23758517255786535,0.8288377924954733
2022-10-10 04:00:00,0.2338438260066474,0.8286538981350046
2022-10-10 05:00:00,0.2318537322378785,0.8284746084371059
2022-10-10 06:00:00,0.2331866982154842,0.8282977343741188
2022-10-10 07:00:00,0.2334801267955905,0.8281191221597168
2022-10-10 08:00:00,0.23670800015731108,0.8279400712540403
2022-10-10 09:00:00,0.24578293970263942,0.827756913639543
2022-10-10 10:00:00,0.25148156367036495,0.8275623405219626
2022-10-10 11:00:00,0.25871283346601637,0.8273605723342758
2022-10-10 12:00:00,0.2597854352483333,0.827149693307739
2022-10-10 13:00:00,0.270559154952922,0.8269374018159472
2022-10-10 14:00:00,0.27409010446241205,0.8267115715001128
2022-10-10 15:00:00,0.2746982547947301,0.8264812558616317
2022-10-10 16:00:00,0.2746080928221134,0.8262501084381643
2022-10-10 17:00:00,0.27206693793926406,0.8260190021588175
2022-10-10 18:00:00,0.2578155853792433,0.8257910008034917
2022-10-10 19:00:00,0.2551714813549406,0.8255807421580826
2022-10-10 20:00:00,0.2569232832251275,0.825373717200757
2022-10-10 21:00:00,0.2593815842494651,0.8251644310880195
2022-10-10 22:00:00,0.259265155751037,0.8249520007348371
2022-10-10 23:00:00,0.25314440149251055,0.8247396445920595
2022-10-11 00:00:00,0.24594281968080545,0.82453486810587
2022-10-11 01:00:00,0.23964207524996836,0.8243390223497297
2022-10-11 02:00:00,0.23967401952567588,0.8241509813159689
2022-10-11 03:00:00,0.23798870086547375,0.8239628291827974
2022-10-11 04:00:00,0.23513979352345754,0.8237767125680148
2022-10-11 05:00:00,0.23338163316346375,0.8235940859966394
2022-10-11 06:00:00,0.23393278414004792,0.8234135860741466
2022-10-11 07:00:00,0.2345981042244366,0.823232326200605
2022-10-11 08:00:00,0.2362795892613578,0.8230501637039057
2022-10-11 09:00:00,0.24348748125482628,0.8228658284171704
2022-10-11 10:00:00,0.2512137379747672,0.8226724123710523
2022-10-11 11:00:00,0.2574379558655222,0.8224692676490286
2022-10-11 12:00:00,0.26037937248334775,0.8222582718390578
2022-10-11 13:00:00,0.2701290232585089,0.822043528482189
2022-10-11 14:00:00,0.27408830004952306,0.8218165273252204
2022-10-11 15:00:00,0.2757563427878287,0.821584506375163
2022-10-11 16:00:00,0.2780197667116794,0.8213503297141503
2022-10-11 17:00:00,0.26856374746697237,0.821113253155304
2022-10-11 18:00:00,0.2598894597916859,0.8208879260422249
2022-10-11 19:00:00,0.2548726547183942,0.8206733712501277
2022-10-11 20:00:00,0.2566749996961892,0.8204650169654726
2022-10-11 21:00:00,0.2590457879374365,0.8202543392904446
2022-10-11 22:00:00,0.25894880603665626,0.8200406277107495
2022-10-11 23:00:00,0.2528619811787618,0.8198269669788865
2022-10-12 00:00:00,0.2457359341331824,0.8196208444384094
2022-10-12 01:00:00,0.23875075540406754,0.8194235591569468
2022-10-12 02:00:00,0.23891719180592677,0.819234935089033
2022-10-12 03:00:00,0.23768233179149564,0.8190460327557205
2022-10-12 04:00:00,0.23437750594639425,0.8188586038175318
2022-10-12 05:00:00,0.23693292059771562,0.8186752357717938
2022-10-12 06:00:00,0.2369135222085051,0.8184886033579603
2022-10-12 07:00:00,0.2328078299944299,0.8183019251324424
2022-10-12 08:00:00,0.23621024250458286,0.8181203090026679
2022-10-12 09:00:00,0.24895105152438846,0.817934369877914
2022-10-12 10:00:00,0.25468298429204483,0.8177324348027623
2022-10-12 11:00:00,0.25859292892433766,0.8175232649127824
2022-10-12 12:00:00,0.25956906551133085,0.8173091377334342
2022-10-12 13:00:00,0.26379872838519247,0.8170937205651007
2022-10-12 14:00:00,0.2690852973045136,0.8168729465402856
2022-10-12 15:00:00,0.2699857606271487,0.8166454945668306
2022-10-12 16:00:00,0.2717738954391343,0.8164168473171654
2022-10-12 17:00:00,0.2638014450508805,0.8161858952423985
2022-10-12 18:00:00,0.2621458397770553,0.815964839114536
2022-10-12 19:00:00,0.2577631703388508,0.8157457829177266
2022-10-12 20:00:00,0.25628339017716023,0.8155321355227532
2022-10-12 21:00:00,0.25854311602774793,0.8153202683586332
2022-10-12 22:00:00,0.25856845506057546,0.8151055070835006
2022-10-12 23:00:00,0.2527422197407345,0.814890644721562
2022-10-13 00:00:00,0.2462330466195475,0.8146829957814788
2022-10-13 01:00:00,0.24075561288774555,0.8144834139762588
2022-10-13 02:00:00,0.23980352907268157,0.8142906096724569
2022-10-13 03:00:00,0.23850970649048556,0.8140989262235048
2022-10-13 04:00:00,0.23474947411559138,0.8139087908437244
2022-10-13 05:00:00,0.23357368868492936,0.8137232865862551
2022-10-13 06:00:00,0.23454986545890516,0.813539182933351
2022-10-13 07:00:00,0.23575362302769762,0.8133537899732262
2022-10-13 08:00:00,0.2362166494549114,0.8131668232708923
2022-10-13 09:00:00,0.24148340090886555,0.8129792087813172
2022-10-13 10:00:00,0.2520461470845655,0.812784941889294
2022-10-13 11:00:00,0.2571691129055737,0.8125774026425321
2022-10-13 12:00:00,0.2603612071455916,0.8123633908076223
2022-10-13 13:00:00,0.26493786292222765,0.8121453200152237
2022-10-13 14:00:00,0.2666072028351946,0.8119214596046335
2022-10-13 15:00:00,0.2647466869005397,0.8116954437619349
2022-10-13 16:00:00,0.26348976917126254,0.8114716848482264
2022-10-13 17:00:00,0.2601607873926004,0.8112494284070755
2022-10-13 18:00:00,0.2578165546074954,0.8110312645599036
2022-10-13 19:00:00,0.2566059943959953,0.8108159624118636
2022-10-13 20:00:00,0.2568206753470934,0.8106021049136687
2022-10-13 21:00:00,0.2584176864534487,0.8103879105553311
2022-10-13 22:00:00,0.2593389156075917,0.8101716514656575
2022-10-13 23:00:00,0.252337101892572,0.8099541724136241
2022-10-14 00:00:00,0.24612676813867973,0.8097453772443884
2022-10-14 01:00:00,0.23902943959680956,0.8095442766496055
2022-10-14 02:00:00,0.24166606153166278,0.8093519794144017
2022-10-14 03:00:00,0.2420810859731709,0.8091563181423578
2022-10-14 04:00:00,0.24039173902217706,0.808960069872052
2022-10-14 05:00:00,0.23886751975233822,0.8087658651094721
2022-10-14 06:00:00,0.23784624623522446,0.8085734974867984
2022-10-14 07:00:00,0.23733298516496104,0.8083823383636569
2022-10-14 08:00:00,0.23665906296363332,0.808191752766341
2022-10-14 09:00:00,0.2417810571763745,0.8080019415631516
2022-10-14 10:00:00,0.2552048787455386,0.8078056599004931
2022-10-14 11:00:00,0.26201137574327005,0.8075925305361269
2022-10-14 12:00:00,0.26143578747486523,0.8073708251677592
2022-10-14 13:00:00,0.2626465638016504,0.8071497714439995
2022-10-14 14:00:00,0.26585656407331404,0.8069271364511654
2022-10-14 15:00:00,0.26499592287831586,0.8067004212014226
2022-10-14 16:00:00,0.2676490551221828,0.8064747140387358
2022-10-14 17:00:00,0.26316030571958093,0.8062456227884728
2022-10-14 18:00:00,0.2528703508424274,0.8060220748448926
2022-10-14 19:00:00,0.25333586794128454,0.8058113217570745
2022-10-14 20:00:00,0.2556913469287523,0.805599919227319
2022-10-14 21:00:00,0.2578732598901883,0.8053855048455708
2022-10-14 22:00:00,0.2582541518099932,0.8051682956117027
2022-10-14 23:00:00,0.2525737748805515,0.8049505428443914
2022-10-15 00:00:00,0.24628420281920393,0.8047398231721081
2022-10-15 01:00:00,0.23958415789967716,0.8045368981312119
2022-10-15 02:00:00,0.23912997274629483,0.8043422808552543
2022-10-15 03:00:00,0.23434067365379704,0.8041481640620411
2022-10-15 04:00:00,0.2317866431465628,0.8039599666865443
2022-10-15 05:00:00,0.2282340819444929,0.803774894685615
2022-10-15 06:00:00,0.22746622426073557,0.8035941962652389
2022-10-15 07:00:00,0.22502032611632125,0.8034143905886697
2022-10-15 08:00:00,0.22120407503778466,0.8032375752491695
2022-10-15 09:00:00,0.22207531284764745,0.8030654632306268
2022-10-15 10:00:00,0.2246901743384183,0.8028921952146861
2022-10-15 11:00:00,0.23118047405736136,0.802715591714536
2022-10-15 12:00:00,0.2383439622464681,0.8025308084752153
2022-10-15 13:00:00,0.24365910882941275,0.8023370040539947
2022-10-15 14:00:00,0.24418578325088142,0.8021364889207747
2022-10-15 15:00:00,0.24096910501656257,0.8019352487086844
2022-10-15 16:00:00,0.2359446429529427,0.801737962651505
2022-10-15 17:00:00,0.2290848204302801,0.801546890522019
2022-10-15 18:00:00,0.2255108856315756,0.8013643265638302
2022-10-15 19:00:00,0.22442727468834545,0.8011861634603481
2022-10-15 20:00:00,0.22464957625203,0.801009288349852
2022-10-15 21:00:00,0.226776275823178,0.800832068884841
2022-10-15 22:00:00,0.22798928542065283,0.8006521246109729
2022-10-15 23:00:00,0.2267551409599422,0.8004705976839159
2022-10-16 00:00:00,0.22387130863821236,0.8002905470894782
2022-10-16 01:00:00,0.21824972286326186,0.8001140349807556
2022-10-16 02:00:00,0.21901043264388154,0.7999444835928682
2022-10-16 03:00:00,0.22357141774403594,0.7997739150997092
2022-10-16 04:00:00,0.22129222563715636,0.799597579200501
2022-10-16 05:00:00,0.22519209711021168,0.7994240261601583
2022-10-16 06:00:00,0.22147430186699066,0.7992455321926458
2022-10-16 07:00:00,0.2206159489035064,0.7990716194248328
2022-10-16 08:00:00,0.22214450103576477,0.7988987135973775
2022-10-16 09:00:00,0.2228445497614578,0.7987238311224519
2022-10-16 10:00:00,0.22474597542997396,0.79854800767289
2022-10-16 11:00:00,0.22874128451189515,0.7983697415711228
2022-10-16 12:00:00,0.23827454477595025,0.7981864155065271
2022-10-16 13:00:00,0.2414058347966871,0.7979911070838026
2022-10-16 14:00:00,0.2444378211247093,0.7977918188094646
2022-10-16 15:00:00,0.2467868743169787,0.7975886748568741
2022-10-16 16:00:00,0.24664805685995161,0.7973825289362296
2022-10-16 17:00:00,0.2402086266627454,0.7971764909296553
2022-10-16 18:00:00,0.22799559876446016,0.7969784366469227
2022-10-16 19:00:00,0.22674053110422576,0.7967955831290383
2022-10-16 20:00:00,0.22713411077505172,0.7966142329696183
2022-10-16 21:00:00,0.22919831692391995,0.7964323254034464
2022-10-16 22:00:00,0.23174271838277224,0.7962477721914062
2022-10-16 23:00:00,0.23124728844333434,0.796059973133375
2022-10-17 00:00:00,0.22841484859017533,0.7958727280626489
2022-10-17 01:00:00,0.22355404135893459,0.7956889582857022
2022-10-17 02:00:00,0.2235282946206144,0.795511199305873
2022-10-17 03:00:00,0.23599961935248115,0.7953334073416942
2022-10-17 04:00:00,0.23188392295062454,0.7951399610980109
2022-10-17 05:00:00,0.22983165274628675,0.7949515943954562
2022-10-17 06:00:00,0.23170291423001774,0.7947657279955328
2022-10-17 07:00:00,0.23205029847733685,0.7945774575279139
2022-10-17 08:00:00,0.23535699657008827,0.7943886878834614
2022-10-17 09:00:00,0.24104006210677853,0.7941957199642184
2022-10-17 10:00:00,0.2501731082361113,0.7939955833552634
2022-10-17 11:00:00,0.2570888076290046,0.7937839656252722
2022-10-17 12:00:00,0.259038373382985,0.7935636385021153
2022-10-17 13:00:00,0.26308874306557767,0.7933408096973248
2022-10-17 14:00:00,0.2665129664728769,0.7931128532505065
2022-10-17 15:00:00,0.2676787886655029,0.7928805518890546
2022-10-17 16:00:00,0.26730720293669313,0.7926467286590704
2022-10-17 17:00:00,0.2586253491425227,0.7924133053650722
2022-10-17 18:00:00,0.2518930762169528,0.7921906698867913
2022-10-17 19:00:00,0.2524052044330559,0.7919763852928248
2022-10-17 20:00:00,0.25426097737968334,0.7917613961264615
2022-10-17 21:00:00,0.2565966026738632,0.7915440228765372
2022-10-17 22:00:00,0.2567740770546473,0.7913236657723999
2022-10-17 23:00:00,0.25098336987595476,0.7911030225475065
2022-10-18 00:00:00,0.24451577833505184,0.7908895534736547
2022-10-18 01:00:00,0.23861096953241967,0.7906841047011788
2022-10-18 02:00:00,0.2375572884389449,0.7904859727965703
2022-10-18 03:00:00,0.23820272161639044,0.7902890938951401
2022-10-18 04:00:00,0.23728892049857947,0.7900913441490302
2022-10-18 05:00:00,0.23815690038529014,0.7898946726461227
2022-10-18 06:00:00,0.24149149972699338,0.7896968522052085
2022-10-18 07:00:00,0.24204190017317642,0.7894947995970479
2022-10-18 08:00:00,0.24351034569590485,0.7892919951153725
2022-10-18 09:00:00,0.24744123936430193,0.7890872912489815
2022-10-18 10:00:00,0.25165725601821437,0.7888776099828705
2022-10-18 11:00:00,0.25751301315850605,0.7886625949585183
2022-10-18 12:00:00,0.2614540354838459,0.7884401965455603
2022-10-18 13:00:00,0.27161792173520644,0.7882128082077914
2022-10-18 14:00:00,0.27392052146970786,0.7879726514106128
2022-10-18 15:00:00,0.27393867148354933,0.7877295528075122
2022-10-18 16:00:00,0.2721759213362185,0.7874863680060149
2022-10-18 17:00:00,0.2584759919670259,0.7872453231767292
2022-10-18 18:00:00,0.2536790683802924,0.7870213398391221
2022-10-18 19:00:00,0.2516979105177018,0.7868032892814378
2022-10-18 20:00:00,0.2538993966760529,0.786587651842026
2022-10-18 21:00:00,0.25666215621805466,0.7863691992613978
2022-10-18 22:00:00,0.25697022218398263,0.7861472299933938
2022-10-18 23:00:00,0.2511516787922403,0.7859248124505867
2022-10-19 00:00:00,0.24410306360270445,0.7857096049403084
2022-10-19 01:00:00,0.23737294196651132,0.7855031450979738
2022-10-19 02:00:00,0.2370823054597475,0.7853050348523413
2022-10-19 03:00:00,0.23700654207172642,0.7851072248927313
2022-10-19 04:00:00,0.2365832037148788,0.7849094466735105
2022-10-19 05:00:00,0.23376461913022104,0.784712134709187
2022-10-19 06:00:00,0.234751056182758,0.7845182831033752
2022-10-19 07:00:00,0.23319177037119643,0.7843231356248906
2022-10-19 08:00:00,0.23502206407577197,0.7841298744732076
2022-10-19 09:00:00,0.2406304481607196,0.7839342627198576
2022-10-19 10:00:00,0.2484763560617099,0.7837315777978239
2022-10-19 11:00:00,0.2552810376299671,0.7835190228483275
2022-10-19 12:00:00,0.25727204249524704,0.7832978994503078
2022-10-19 13:00:00,0.2650132274350796,0.783074224745699
2022-10-19 14:00:00,0.26704754036068357,0.7828408110554956
2022-10-19 15:00:00,0.2663612932335282,0.7826047920158353
2022-10-19 16:00:00,0.2654434933983074,0.782369568372936
2022-10-19 17:00:00,0.26032708583267483,0.7821354296138668
2022-10-19 18:00:00,0.25438719738805476,0.7819076240445071
2022-10-19 19:00:00,0.2533894876124536,0.7816871810622037
2022-10-19 20:00:00,0.254260886166717,0.7814679229899008
2022-10-19 21:00:00,0.257350963493277,0.7812475134884981
2022-10-19 22:00:00,0.2580740497741086,0.7810231792558747
2022-10-19 23:00:00,0.25238629659418993,0.7807978790772141
2022-10-20 00:00:00,0.246938681059792,0.7805796265482503
2022-10-20 01:00:00,0.2414000798581979,0.7803681215433665
2022-10-20 02:00:00,0.24120521715395374,0.7801634778411188
2022-10-20 03:00:00,0.24172948885025963,0.7799590158148894
2022-10-20 04:00:00,0.24218101335995448,0.7797538365932132
2022-10-20 05:00:00,0.24180250106605672,0.7795480311566412
2022-10-20 06:00:00,0.24155492664634018,0.7793426370977771
2022-10-20 07:00:00,0.24092765140901168,0.7791374907909093
2022-10-20 08:00:00,0.23999677894939236,0.7789330669087228
2022-10-20 09:00:00,0.24212587367061306,0.7787297449944399
2022-10-20 10:00:00,0.252192470847147,0.7785237001358111
2022-10-20 11:00:00,0.258498050352197,0.778305010501525
2022-10-20 12:00:00,0.2627216603546392,0.7780783774104607
2022-10-20 13:00:00,0.2656363757197651,0.7778464033713177
2022-10-20 14:00:00,0.2670979322472885,0.7776107245492455
2022-10-20 15:00:00,0.2652011378214701,0.7773731574396756
2022-10-20 16:00:00,0.26404501966712307,0.7771379000282157
2022-10-20 17:00:00,0.26057302621115974,0.776904026516474
2022-10-20 18:00:00,0.2558975226695058,0.7766744317955564
2022-10-20 19:00:00,0.254246092200019,0.7764506203000807
2022-10-20 20:00:00,0.25594154898543237,0.7762288119857488
2022-10-20 21:00:00,0.25839361080678247,0.7760048232905653
2022-10-20 22:00:00,0.258186893060552,0.7757777085053402
2022-10-20 23:00:00,0.2524289744690967,0.7755507911516692
2022-10-21 00:00:00,0.24566021603050572,0.7753310102777766
2022-10-21 01:00:00,0.23856165646854383,0.7751196294806701
2022-10-21 02:00:00,0.23927175426203767,0.7749170610589843
2022-10-21 03:00:00,0.2376533113543409,0.7747135442382862
2022-10-21 04:00:00,0.23657264021805136,0.7745119897417453
2022-10-21 05:00:00,0.23719940936382017,0.7743117254019714
2022-10-21 06:00:00,0.23925373230723426,0.7741106169659671
2022-10-21 07:00:00,0.2400684697140181,0.7739068800388719
2022-10-21 08:00:00,0.24225231043072826,0.7737020641500242
2022-10-21 09:00:00,0.24411313981960364,0.7734944579677354
2022-10-21 10:00:00,0.2528860868207212,0.7732844653036453
2022-10-21 11:00:00,0.26085373512206034,0.7730634460582494
2022-10-21 12:00:00,0.2661344241026148,0.7728324069024646
2022-10-21 13:00:00,0.2659236222759949,0.772594706583015
2022-10-21 14:00:00,0.264650769349932,0.7723572095110137
2022-10-21 15:00:00,0.2616131956716819,0.7721212432979703
2022-10-21 16:00:00,0.2594823805138684,0.7718890138924909
2022-10-21 17:00:00,0.2581668022143836,0.7716593878941221
2022-10-21 18:00:00,0.25457523382879543,0.7714313463045191
2022-10-21 19:00:00,0.25062555758811983,0.7712077341590485
2022-10-21 20:00:00,0.253830207741896,0.7709889991403188
2022-10-21 21:00:00,0.25697499943426894,0.7707661983881575
2022-10-21 22:00:00,0.2576161131973428,0.7705394067734929
2022-10-21 23:00:00,0.2520163983505335,0.7703117539416188
2022-10-22 00:00:00,0.24527239990025795,0.7700910409762106
2022-10-22 01:00:00,0.2378721118762009,0.7698786982797166
2022-10-22 02:00:00,0.23772754350157152,0.7696755462620783
2022-10-22 03:00:00,0.2247288970800124,0.7694725153217393
2022-10-22 04:00:00,0.22747504263887056,0.7692856731042941
2022-10-22 05:00:00,0.22982133707845231,0.7690953386678336
2022-10-22 06:00:00,0.23015631406746628,0.7689020118743543
2022-10-22 07:00:00,0.22578494589218545,0.768708206918797
2022-10-22 08:00:00,0.22927786372496217,0.7685198067807756
2022-10-22 09:00:00,0.22468903657045042,0.7683269811509688
2022-10-22 10:00:00,0.22456076272368702,0.7681398322588302
2022-10-22 11:00:00,0.22707715581759838,0.7679527844609751
2022-10-22 12:00:00,0.22978321273222546,0.7677625319720082
2022-10-22 13:00:00,0.23569205291914844,0.7675688377604643
2022-10-22 14:00:00,0.24617160985095235,0.7673676983955944
2022-10-22 15:00:00,0.2405515424390762,0.7671534005298392
2022-10-22 16:00:00,0.23699678012897146,0.7669460687420303
2022-10-22 17:00:00,0.22349298073676213,0.7667431214492231
2022-10-22 18:00:00,0.22224417676880104,0.766556994996233
2022-10-22 19:00:00,0.22241943439024156,0.7663723706872727
2022-10-22 20:00:00,0.2219650395131253,0.7661874684938789
2022-10-22 21:00:00,0.22433321308825077,0.7660030755302284
2022-10-22 22:00:00,0.22576319235088002,0.7658156636343398
2022-10-22 23:00:00,0.22470759969468118,0.7656264055977179
2022-10-23 00:00:00,0.2225829617595252,0.7654384084339053
2022-10-23 01:00:00,0.2221556584642304,0.7652530084981752
2022-10-23 02:00:00,0.22157474042348518,0.7650680841709323
2022-10-23 03:00:00,0.22392548933854584,0.7648838275193431
2022-10-23 04:00:00,0.22195477368489347,0.7646965740084777
2022-10-23 05:00:00,0.2247273272888752,0.7645117255178415
2022-10-23 06:00:00,0.22121760572872748,0.7643233530096876
2022-10-23 07:00:00,0.22109069075489884,0.7641393093768257
2022-10-23 08:00:00,0.22203619653797552,0.763955366159908
2022-10-23 09:00:00,0.22104468780540035,0.7637701828819029
2022-10-23 10:00:00,0.2214643298217029,0.7635861808598998
2022-10-23 11:00:00,0.22510181666319823,0.7634015962044371
2022-10-23 12:00:00,0.23229583645148244,0.763212406658488
2022-10-23 13:00:00,0.23567951643226956,0.7630141666049032
2022-10-23 14:00:00,0.23876420215528976,0.7628116390175061
2022-10-23 15:00:00,0.23811384286095816,0.7626051976882132
2022-10-23 16:00:00,0.23568061277574276,0.7623995114724198
2022-10-23 17:00:00,0.22682062209832302,0.762196809007768
2022-10-23 18:00:00,0.22530601270968065,0.7620051237941813
2022-10-23 19:00:00,0.22479477814335713,0.7618152741542616
2022-10-23 20:00:00,0.22464277818441553,0.7616260059187238
2022-10-23 21:00:00,0.2270450067071861,0.7614368700935807
2022-10-23 22:00:00,0.22917387271803893,0.7612446739425323
2022-10-23 23:00:00,0.229848096033613,0.7610497592180498
2022-10-24 00:00:00,0.22790500996485033,0.7608539442728636
2022-10-24 01:00:00,0.2245576623802648,0.7606605007930946
2022-10-24 02:00:00,0.22509430116047316,0.7604711841550577
2022-10-24 03:00:00,0.2350786402822635,0.7602811394252466
2022-10-24 04:00:00,0.23220334844312396,0.7600785570277134
2022-10-24 05:00:00,0.2313213410370978,0.759879511550668
2022-10-24 06:00:00,0.23282919631292226,0.7596815114381069
2022-10-24 07:00:00,0.23331129987157756,0.7594815694112452
2022-10-24 08:00:00,0.23567772869143006,0.7592809677093263
2022-10-24 09:00:00,0.2459562494477005,0.7590773509753996
2022-10-24 10:00:00,0.25005318171604707,0.7588608291442002
2022-10-24 11:00:00,0.2554790976276343,0.7586391292510226
2022-10-24 12:00:00,0.26323759622947895,0.7584105901160269
2022-10-24 13:00:00,0.26596888777898176,0.7581722960605933
2022-10-24 14:00:00,0.2687244728070266,0.75793053114331
2022-10-24 15:00:00,0.26860131999447734,0.7576852650471303
2022-10-24 16:00:00,0.26315401774378416,0.7574400962441858
2022-10-24 17:00:00,0.255954489644476,0.7572016799711344
2022-10-24 18:00:00,0.2525848376394822,0.7569722065601757
2022-10-24 19:00:00,0.25112900343146394,0.7567468887161102
2022-10-24 20:00:00,0.2508414383201723,0.7565233342166388
2022-10-24 21:00:00,0.2533607117548309,0.7563000827753669
2022-10-24 22:00:00,0.25294209223767095,0.7560736258941173
2022-10-24 23:00:00,0.24789059365332766,0.7558476359891143
2022-10-25 00:00:00,0.24088629170245934,0.7556279042092551
2022-10-25 01:00:00,0.23443209007887597,0.7554168716088399
2022-10-25 02:00:00,0.2377419235638917,0.7552138506125807
2022-10-25 03:00:00,0.23736665335288204,0.755006636226742
2022-10-25 04:00:00,0.23115025975720857,0.7547998348811226
2022-10-25 05:00:00,0.22661718949286566,0.7546007480301609
2022-10-25 06:00:00,0.22873332066343222,0.7544072715699294
2022-10-25 07:00:00,0.22795520221308652,0.7542110940488996
2022-10-25 08:00:00,0.23212162688119933,0.7540158333293918
2022-10-25 09:00:00,0.23885262225902448,0.7538153087828307
2022-10-25 10:00:00,0.24771753772541907,0.7536063147461806
2022-10-25 11:00:00,0.2511630149011518,0.7533861838697109
2022-10-25 12:00:00,0.2550501605199892,0.7531616905016938
2022-10-25 13:00:00,0.2569811190956515,0.7529322826070128
2022-10-25 14:00:00,0.26111119731754584,0.7527004054699381
2022-10-25 15:00:00,0.2609513264346998,0.7524633102414063
2022-10-25 16:00:00,0.2571531728451626,0.7522263594083216
2022-10-25 17:00:00,0.2561539529317408,0.751994100874619
2022-10-25 18:00:00,0.2541005721868469,0.7517630360237837
2022-10-25 19:00:00,0.25256522460577935,0.7515344826074635
2022-10-25 20:00:00,0.252592096349713,0.7513077931348408
2022-10-25 21:00:00,0.25166887673721994,0.7510810148824248
2022-10-25 22:00:00,0.25118125987286954,0.7508553355151051
2022-10-25 23:00:00,0.24715441552310108,0.7506302105801687
2022-10-26 00:00:00,0.24153486262711493,0.7504100641627229
2022-10-26 01:00:00,0.23501785820312954,0.7501968871992296
2022-10-26 02:00:00,0.2394793714802826,0.749991801554906
2022-10-26 03:00:00,0.23812953844919713,0.749781084133461
2022-10-26 04:00:00,0.2371425760419304,0.7495719991686438
2022-10-26 05:00:00,0.23468598094092025,0.7493640931230665
2022-10-26 06:00:00,0.23501209831663264,0.7491592030885164
2022-10-26 07:00:00,0.23580756913435177,0.7489538507253458
2022-10-26 08:00:00,0.23428859095795573,0.7487474493927287
2022-10-26 09:00:00,0.23839843265911823,0.7485428922029123
2022-10-26 10:00:00,0.247365242313565,0.7483331431820821
2022-10-26 11:00:00,0.25249442744046635,0.7481121311713572
2022-10-26 12:00:00,0.2532502439475839,0.7478846532524858
2022-10-26 13:00:00,0.25767514566479033,0.7476561761873591
2022-10-26 14:00:00,0.26500383609224065,0.7474221136706094
2022-10-26 15:00:00,0.26217999626915134,0.7471788360175212
2022-10-26 16:00:00,0.2569947952496568,0.7469390339421085
2022-10-26 17:00:00,0.2507477391197528,0.746705659197095
2022-10-26 18:00:00,0.24862034007586603,0.746480039152625
2022-10-26 19:00:00,0.24997657359903636,0.7462570242886252
2022-10-26 20:00:00,0.2505964260281822,0.7460322601156986
2022-10-26 21:00:00,0.2504389333432461,0.7458066671615525
2022-10-26 22:00:00,0.25044962641713464,0.7455812171589471
2022-10-26 23:00:00,0.2472882033163467,0.7453556999270791
2022-10-27 00:00:00,0.24243859705063134,0.7451340806625896
2022-10-27 01:00:00,0.2367603091560404,0.7449184696458855
2022-10-27 02:00:00,0.23894864059092835,0.7447099027804812
2022-10-27 03:00:00,0.23787236861014366,0.7444985468437207
2022-10-27 04:00:00,0.2363504645912298,0.7442884826414072
2022-10-27 05:00:00,0.23650036569839805,0.7440802672651493
2022-10-27 06:00:00,0.23699472101953195,0.7438718110101281
2022-10-27 07:00:00,0.23826807672667746,0.7436626833601924
2022-10-27 08:00:00,0.24045138972033472,0.7434519106165033
2022-10-27 09:00:00,0.24942783625092602,0.7432383553841238
2022-10-27 10:00:00,0.2528996058400421,0.7430135262978312
2022-10-27 11:00:00,0.25465995102582495,0.7427843042555285
2022-10-27 12:00:00,0.2580306079665996,0.7425528285894734
2022-10-27 13:00:00,0.26287784577185086,0.7423170864617525
2022-10-27 14:00:00,0.2678144232170977,0.7420752321980937
2022-10-27 15:00:00,0.2646460727092171,0.7418271541757822
2022-10-27 16:00:00,0.25523672300495315,0.7415829836066221
2022-10-27 17:00:00,0.24941753917116288,0.741350521791499
2022-10-27 18:00:00,0.24914036026759961,0.7411252810749919
2022-10-27 19:00:00,0.25062591468082085,0.7409003340028824
2022-10-27 20:00:00,0.24905586214891554,0.740673477210496
2022-10-27 21:00:00,0.248391001856322,0.740448530258513
2022-10-27 22:00:00,0.24803882733156304,0.74022436170866
2022-10-27 23:00:00,0.2453895892724484,0.7400005807557802
2022-10-28 00:00:00,0.23902053237911763,0.7397800587813715
2022-10-28 01:00:00,0.23290272925297326,0.7395674456110839
2022-10-28 02:00:00,0.2331659344968664,0.7393624272298422
2022-10-28 03:00:00,0.23082046043337695,0.7391570274293452
2022-10-28 04:00:00,0.22968685583862591,0.738954507110915
2022-10-28 05:00:00,0.22757768977799392,0.7387533514899308
2022-10-28 06:00:00,0.22582061077637672,0.7385547800704667
2022-10-28 07:00:00,0.22582013207517107,0.7383583527959677
2022-10-28 08:00:00,0.23024985162772893,0.7381618739683541
2022-10-28 09:00:00,0.23571681440475722,0.737959805892131
2022-10-28 10:00:00,0.24529709948556971,0.737750852065617
2022-10-28 11:00:00,0.2516565208624043,0.7375298708883085
2022-10-28 12:00:00,0.25267082838049015,0.7373008884922382
2022-10-28 13:00:00,0.2538377472742557,0.737070586322159
2022-10-28 14:00:00,0.2565301356835273,0.7368387736663077
2022-10-28 15:00:00,0.2563558162151813,0.7366035437402725
2022-10-28 16:00:00,0.2523479538101138,0.7363684799814101
2022-10-28 17:00:00,0.24780825684235414,0.7361383743709276
2022-10-28 18:00:00,0.24688643429402793,0.7359138917545909
2022-10-28 19:00:00,0.24849926309191195,0.735690509841965
2022-10-28 20:00:00,0.24844872172890686,0.7354650603714831
2022-10-28 21:00:00,0.2476324790575048,0.7352396226084884
2022-10-28 22:00:00,0.24708254311790756,0.7350151537322853
2022-10-28 23:00:00,0.24294288742969422,0.7347913209121544
2022-10-29 00:00:00,0.2371465867902278,0.7345726113505029
2022-10-29 01:00:00,0.23024225252644787,0.7343610959062681
2022-10-29 02:00:00,0.22971086818210074,0.7341581596742547
2022-10-29 03:00:00,0.21738274117097756,0.7339558365198643
2022-10-29 04:00:00,0.216338682714769,0.7337688724242574
2022-10-29 05:00:00,0.21691466022747494,0.7335831623545936
2022-10-29 06:00:00,0.2160988641433213,0.7333966813187917
2022-10-29 07:00:00,0.21509976168958594,0.7332111690867534
2022-10-29 08:00:00,0.21698923717839586,0.7330268548443729
2022-10-29 09:00:00,0.21394634453656888,0.7328401279221802
2022-10-29 10:00:00,0.2176326375484295,0.7326571538333231
2022-10-29 11:00:00,0.22135987008198757,0.7324695211487449
2022-10-29 12:00:00,0.2290895512271962,0.7322771787470802
2022-10-29 13:00:00,0.23346119029425008,0.7320751236206271
2022-10-29 14:00:00,0.2317041266218213,0.7318675533750721
2022-10-29 15:00:00,0.228329614291855,0.7316621289419544
2022-10-29 16:00:00,0.22039248918192092,0.7314608721852365
2022-10-29 17:00:00,0.21844354481065328,0.7312694864240602
2022-10-29 18:00:00,0.21621701865545312,0.7310804864856948
2022-10-29 19:00:00,0.21588165707445062,0.7308942194005887
2022-10-29 20:00:00,0.21610431871785774,0.7307083212662687
2022-10-29 21:00:00,0.21826211157453923,0.7305220946069746
2022-10-29 22:00:00,0.21889433928769064,0.7303331205619858
2022-10-29 23:00:00,0.21751280919231067,0.7301433061410538
2022-10-30 00:00:00,0.21541926902131903,0.7299551685947868
2022-10-30 01:00:00,0.21031706176260556,0.7297695979891529
2022-10-30 02:00:00,0.2131933565170255,0.7295903552114107
2022-10-30 02:00:00,0.21558187468092058,0.7294074671874686
2022-10-30 03:00:00,0.2128211618886187,0.7292215436915155
2022-10-30 04:00:00,0.21710844606223184,0.7290390213157225
2022-10-30 05:00:00,0.21400043209767994,0.7288510901173841
2022-10-30 06:00:00,0.21518220110910213,0.7286669942727003
2022-10-30 07:00:00,0.21625788332584475,0.728481371606504
2022-10-30 08:00:00,0.21482438821261973,0.7282943547808668
2022-10-30 09:00:00,0.2163769425947295,0.7281090803210551
2022-10-30 10:00:00,0.21902987465595503,0.7279218157188293
2022-10-30 11:00:00,0.22289527666177067,0.727731185555745
2022-10-30 12:00:00,0.23208588862136112,0.7275356742980518
2022-10-30 13:00:00,0.23127770485986088,0.7273286254870129
2022-10-30 14:00:00,0.2245442140557556,0.7271225376710108
2022-10-30 15:00:00,0.2218405956120694,0.7269248175376049
2022-10-30 16:00:00,0.21758826101015594,0.7267304278001262
2022-10-30 17:00:00,0.21717271974882896,0.7265413044075795
2022-10-30 18:00:00,0.21744444889418754,0.7263526514221209
2022-10-30 19:00:00,0.21838781515280248,0.7261636098095996
2022-10-30 20:00:00,0.22077073893472185,0.7259733400775064
2022-10-30 21:00:00,0.22348600056021722,0.7257800428328448
2022-10-30 22:00:00,0.22310529293984735,0.7255833027072432
2022-10-30 23:00:00,0.2203001111782033,0.7253869897162168
2022-10-31 00:00:00,0.21423182640429841,0.7251941345064252
2022-10-31 01:00:00,0.21439135457994,0.7250088160106417
2022-10-31 02:00:00,0.21159254583861375,0.7248232495167125
2022-10-31 03:00:00,0.2136948350284935,0.7246411329998418
2022-10-31 04:00:00,0.21728542758968195,0.7244563401416986
2022-10-31 05:00:00,0.21833139991855985,0.7242670106171768
2022-10-31 06:00:00,0.21187358253183847,0.7240763252556996
2022-10-31 07:00:00,0.2178092398210293,0.7238936638485693
2022-10-31 08:00:00,0.21271624142911788,0.7237035346066237
2022-10-31 09:00:00,0.21603924508952113,0.7235197234036715
2022-10-31 10:00:00,0.2190339550072019,0.7233317102913797
2022-10-31 11:00:00,0.22480163125998465,0.7231399056911836
2022-10-31 12:00:00,0.23430395260595388,0.7229408434494461
2022-10-31 13:00:00,0.2379810472062458,0.7227298553141073
2022-10-31 14:00:00,0.2294308090008804,0.7225142228729303
2022-10-31 15:00:00,0.22114593157682286,0.7223092303462783
2022-10-31 16:00:00,0.2146356893954423,0.7221145460875548
2022-10-31 17:00:00,0.21422315299444541,0.7219279518571117
2022-10-31 18:00:00,0.21443922513334787,0.7217418255771532
2022-10-31 19:00:00,0.21445824253991544,0.7215553815414586
2022-10-31 20:00:00,0.21688429228573475,0.7213688661229221
2022-10-31 21:00:00,0.21803641205078816,0.7211792705856228
2022-10-31 22:00:00,0.21697743627079208,0.7209881873965645
2022-10-31 23:00:00,0.21639843105215376,0.7207983804797303
2022-11-01 00:00:00,0.2145660428454429,0.7206092499264953
2022-11-01 01:00:00,0.21181356979168742,0.7204223625201955
2022-11-01 02:00:00,0.2217906188091986,0.720238868421515
2022-11-01 03:00:00,0.21900680353739327,0.7200428557825141
2022-11-01 04:00:00,0.21838561438666565,0.7198502757382287
2022-11-01 05:00:00,0.21708155740319085,0.7196584250607053
2022-11-01 06:00:00,0.2161719306260721,0.7194681573894574
2022-11-01 07:00:00,0.21748046980350935,0.7192789797414736
2022-11-01 08:00:00,0.22076677500011324,0.7190881194640816
2022-11-01 09:00:00,0.22251213759852861,0.7188931044045522
2022-11-01 10:00:00,0.22748805439613798,0.7186958607959525
2022-11-01 11:00:00,0.23129465910429198,0.7184923505003765
2022-11-01 12:00:00,0.23342048214379282,0.7182840352128034
2022-11-01 13:00:00,0.23449142302468107,0.7180730159652102
2022-11-01 14:00:00,0.23238246660930256,0.7178606114152106
2022-11-01 15:00:00,0.22782431954364873,0.7176507964893643
2022-11-01 16:00:00,0.22265076900464173,0.7174466327309472
2022-11-01 17:00:00,0.22113465733390508,0.7172488894492883
2022-11-01 18:00:00,0.2221141388502779,0.7170529949008134
2022-11-01 19:00:00,0.22468233180341962,0.7168558296490736
2022-11-01 20:00:00,0.22938001910107683,0.7166554078598317
2022-11-01 21:00:00,0.23154416101575548,0.7164490677202398
2022-11-01 22:00:00,0.22917293157670288,0.7162399762171329
2022-11-01 23:00:00,0.22575478936071175,0.7160338026198334
2022-11-02 00:00:00,0.2198753213347163,0.7158318556244664
2022-11-02 01:00:00,0.22158442814604407,0.7156372119434721
2022-11-02 02:00:00,0.2250093402720164,0.715440385913505
2022-11-02 03:00:00,0.22409017023029207,0.7152392328331469
2022-11-02 04:00:00,0.2260366144119108,0.715039182860356
2022-11-02 05:00:00,0.22546411503075092,0.7148366540326251
2022-11-02 06:00:00,0.22814765119677596,0.7146347950847035
2022-11-02 07:00:00,0.23180716869178425,0.7144295360274765
2022-11-02 08:00:00,0.23336474092892512,0.7142196569396256
2022-11-02 09:00:00,0.24036223269709217,0.7140077853080895
2022-11-02 10:00:00,0.24621202731073846,0.7137871212888439
2022-11-02 11:00:00,0.2506311918875982,0.7135590995587452
2022-11-02 12:00:00,0.2532602532734661,0.7133255084607758
2022-11-02 13:00:00,0.2546107752116539,0.7130885856793843
2022-11-02 14:00:00,0.24657518999574882,0.7128499294443634
2022-11-02 15:00:00,0.24356744001282882,0.7126212724451625
2022-11-02 16:00:00,0.24175793455751277,0.7123963299432698
2022-11-02 17:00:00,0.2396448886055008,0.7121736041885791
2022-11-02 18:00:00,0.2396606137677318,0.7119534746622874
2022-11-02 19:00:00,0.24299004817460126,0.7117332804561013
2022-11-02 20:00:00,0.24617758256573677,0.7115088794890876
2022-11-02 21:00:00,0.2446828690936784,0.7112804491919118
2022-11-02 22:00:00,0.23896852015482217,0.7110538424300716
2022-11-02 23:00:00,0.23388691096321432,0.7108343338035925
2022-11-03 00:00:00,0.22708361339383146,0.7106211324435054
2022-11-03 01:00:00,0.22708520664067658,0.7104163905160206
2022-11-03 02:00:00,0.22681278661887605,0.7102116019633785
2022-11-03 03:00:00,0.2238098779283888,0.7100071093579491
2022-11-03 04:00:00,0.2236459632293283,0.709806325866375
2022-11-03 05:00:00,0.2234784183827345,0.7096057028019968
2022-11-03 06:00:00,0.2235938039240395,0.7094052447583514
2022-11-03 07:00:00,0.2265948886360546,0.7092045981283296
2022-11-03 08:00:00,0.23295254908778712,0.7090001558438662
2022-11-03 09:00:00,0.24159180337052727,0.7087877222412078
2022-11-03 10:00:00,0.2504488274577748,0.7085644453840093
2022-11-03 11:00:00,0.2543378150878469,0.7083300531159819
2022-11-03 12:00:00,0.2533714477554936,0.7080907555386862
2022-11-03 13:00:00,0.2545511837627024,0.7078526219018372
2022-11-03 14:00:00,0.25204870373562943,0.7076129696322951
2022-11-03 15:00:00,0.2428146283529252,0.7073764015561601
2022-11-03 16:00:00,0.24117769458361074,0.7071513322237065
2022-11-03 17:00:00,0.23828378810107248,0.70692826526402
2022-11-03 18:00:00,0.23641808118083213,0.7067087719491169
2022-11-03 19:00:00,0.2405453244975715,0.7064915670856918
2022-11-03 20:00:00,0.24420782358989052,0.7062691595421184
2022-11-03 21:00:00,0.24270082637028612,0.7060421303048696
2022-11-03 22:00:00,0.23527356127471513,0.7058169413005501
2022-11-03 23:00:00,0.22941542304300128,0.7056009929202418
2022-11-04 00:00:00,0.22218415287508558,0.7053923238116245
2022-11-04 01:00:00,0.22199806056098537,0.7051926504459004
2022-11-04 02:00:00,0.22276978350004686,0.7049931664070561
2022-11-04 03:00:00,0.22238404426457112,0.7047926744823517
2022-11-04 04:00:00,0.22314091958654692,0.704592621555854
2022-11-04 05:00:00,0.2223517099894725,0.7043915794157369
2022-11-04 06:00:00,0.22055936766257467,0.7041914807245424
2022-11-04 07:00:00,0.22322527381102114,0.7039935794545978
2022-11-04 08:00:00,0.23672842015196233,0.7037923028517464
2022-11-04 09:00:00,0.24553497412400044,0.7035741044222069
2022-11-04 10:00:00,0.24802234291396147,0.703344854962922
2022-11-04 11:00:00,0.25262925268081027,0.7031124535118727
2022-11-04 12:00:00,0.25146705486391535,0.7028742506993634
2022-11-04 13:00:00,0.2496673733225667,0.7026374579664213
2022-11-04 14:00:00,0.24665213957870952,0.7024028722242714
2022-11-04 15:00:00,0.24150102586577218,0.7021720129697583
2022-11-04 16:00:00,0.23745839895024756,0.7019475501094564
2022-11-04 17:00:00,0.23529485934811667,0.7017280980915043
2022-11-04 18:00:00,0.2371735772649657,0.7015113081134171
2022-11-04 19:00:00,0.24017164093574653,0.7012921274099748
2022-11-04 20:00:00,0.2438797583149121,0.7010691568556856
2022-11-04 21:00:00,0.24235405520029274,0.7008415089401363
2022-11-04 22:00:00,0.23536654530540593,0.7006157259956882
2022-11-04 23:00:00,0.2292452323720162,0.7003986353375823
2022-11-05 00:00:00,0.222336637739719,0.7001891542764039
2022-11-05 01:00:00,0.22324441700032566,0.6999882669710858
2022-11-05 02:00:00,0.22913112265514288,0.6997862030110925
2022-11-05 03:00:00,0.22522830809912714,0.6995767387952833
2022-11-05 04:00:00,0.2248922963635821,0.6993721112807955
2022-11-05 05:00:00,0.22427512523000653,0.6991678620209986
2022-11-05 06:00:00,0.22357891022009646,0.698964342522057
2022-11-05 07:00:00,0.2239884474430165,0.6987616516457541
2022-11-05 08:00:00,0.22612472205519146,0.6985584072587586
2022-11-05 09:00:00,0.22820634231339268,0.6983524509963148
2022-11-05 10:00:00,0.23234691452602835,0.6981438512333675
2022-11-05 11:00:00,0.2355021109613274,0.6979300343369974
2022-11-05 12:00:00,0.23784456642153998,0.6977122320839712
2022-11-05 13:00:00,0.23894142269462093,0.6974914604575738
2022-11-05 14:00:00,0.2385521618771078,0.6972692765138768
2022-11-05 15:00:00,0.23674670032506814,0.6970475379563522
2022-11-05 16:00:00,0.23282244346632436,0.696828015093048
2022-11-05 17:00:00,0.23175451639189648,0.6966133564752487
2022-11-05 18:00:00,0.23138428574624453,0.6963999917478961
2022-11-05 19:00:00,0.23438695473805007,0.6961870488476476
2022-11-05 20:00:00,0.2384066152520331,0.6959703117071707
2022-11-05 21:00:00,0.2395182008726979,0.6957485091442982
2022-11-05 22:00:00,0.23522095119114134,0.6955252763099031
2022-11-05 23:00:00,0.23061487307435816,0.6953073743053907
2022-11-06 00:00:00,0.22550424799270558,0.6950951892236032
2022-11-06 01:00:00,0.22683198107315927,0.6948893518055663
2022-11-06 02:00:00,0.21982957063057929,0.6946818141609175
2022-11-06 03:00:00,0.21931176152305837,0.6944829890264215
2022-11-06 04:00:00,0.22187604156530513,0.6942847707077915
2022-11-06 05:00:00,0.2227215659315626,0.694083306650993
2022-11-06 06:00:00,0.2241513916422587,0.6938807453580446
2022-11-06 07:00:00,0.2229874806759562,0.6936763565097098
2022-11-06 08:00:00,0.21748162490433445,0.6934733823343
2022-11-06 09:00:00,0.2219809861228487,0.6932772503203074
2022-11-06 10:00:00,0.22604379972230984,0.6930754540040006
2022-11-06 11:00:00,0.23087256444649612,0.6928685391274305
2022-11-06 12:00:00,0.23388404694489243,0.6926555483092386
2022-11-06 13:00:00,0.23478946027964714,0.6924387532097753
2022-11-06 14:00:00,0.23117208527143857,0.6922207864730839
2022-11-06 15:00:00,0.22621116457292265,0.6920073016422023
2022-11-06 16:00:00,0.22148915373292552,0.6917999782068728
2022-11-06 17:00:00,0.2190661019757095,0.6915985175874225
2022-11-06 18:00:00,0.22089004728453476,0.6914000461426685
2022-11-06 19:00:00,0.22285492308377408,0.6911992551839691
2022-11-06 20:00:00,0.22483058216357263,0.6909959686059226
2022-11-06 21:00:00,0.2274697708833327,0.69079017298716
2022-11-06 22:00:00,0.22523823602963938,0.6905810389733831
2022-11-06 23:00:00,0.2216999862525778,0.6903746550268309
2022-11-07 00:00:00,0.21845798863748664,0.6901726545989503
2022-11-07 01:00:00,0.2196693215184809,0.6899746674323513
2022-11-07 02:00:00,0.22067033647294226,0.6897751269217466
2022-11-07 03:00:00,0.21879540821576993,0.6895742960223975
2022-11-07 04:00:00,0.21915680149487296,0.6893757697211916
2022-11-07 05:00:00,0.21795009150634195,0.6891767526741018
2022-11-07 06:00:00,0.217828667563842,0.6889792050681259
2022-11-07 07:00:00,0.22114807672971062,0.6887817703536397
2022-11-07 08:00:00,0.23496511998292516,0.6885801475472111
2022-11-07 09:00:00,0.24328339486843284,0.6883612146642042
2022-11-07 10:00:00,0.24546514001263542,0.6881318452230718
2022-11-07 11:00:00,0.250297797581171,0.6878997099440038
2022-11-07 12:00:00,0.250986413145325,0.6876614952445028
2022-11-07 13:00:00,0.24821930076335136,0.6874223812351272
2022-11-07 14:00:00,0.24543053894899386,0.6871866876338825
2022-11-07 15:00:00,0.2411147473438633,0.6869544415606516
2022-11-07 16:00:00,0.23724435006023104,0.6867275518607852
2022-11-07 17:00:00,0.23482263316190344,0.6865054618495136
2022-11-07 18:00:00,0.23557721352637365,0.6862863607345069
2022-11-07 19:00:00,0.23904227589808125,0.686066278202358
2022-11-07 20:00:00,0.2428510125555035,0.685841826208749
2022-11-07 21:00:00,0.24199079720420003,0.6856125752190334
2022-11-07 22:00:00,0.2355141937821602,0.6853843614814524
2022-11-07 23:00:00,0.23127061715810324,0.6851642055393443
2022-11-08 00:00:00,0.22420106213154378,0.6849493161674809
2022-11-08 01:00:00,0.22461218147700424,0.6847432258971542
2022-11-08 02:00:00,0.2229409054570715,0.6845365839437076
2022-11-08 03:00:00,0.2200557327023673,0.6843319933596756
2022-11-08 04:00:00,0.2198230962169261,0.6841309715743239
2022-11-08 05:00:00,0.21989563568772558,0.6839302029756823
2022-11-08 06:00:00,0.2202465938354145,0.6837293061521916
2022-11-08 07:00:00,0.2224416825403426,0.6835279331389108
2022-11-08 08:00:00,0.22776961563803388,0.683323778831068
2022-11-08 09:00:00,0.23542418497362458,0.6831129272316159
2022-11-08 10:00:00,0.24149242624652933,0.6828924701037201
2022-11-08 11:00:00,0.2458266115407203,0.6826643904159413
2022-11-08 12:00:00,0.2477199347541127,0.6824308557967541
2022-11-08 13:00:00,0.24871916816243567,0.6821949173822801
2022-11-08 14:00:00,0.24479351132060131,0.6819576928433153
2022-11-08 15:00:00,0.23858015703538796,0.6817253383512311
2022-11-08 16:00:00,0.23624422811646148,0.6815007135864093
2022-11-08 17:00:00,0.23347549929978048,0.6812789718257389
2022-11-08 18:00:00,0.2344989471607464,0.6810606541277079
2022-11-08 19:00:00,0.238607027683982,0.6808410203301039
2022-11-08 20:00:00,0.24267083505658776,0.6806162147007525
2022-11-08 21:00:00,0.24194980657825468,0.6803862926397648
2022-11-08 22:00:00,0.23505360943731232,0.6801572352506458
2022-11-08 23:00:00,0.22829840202912913,0.6799367615529338
2022-11-09 00:00:00,0.22403784180874106,0.679724695368192
2022-11-09 01:00:00,0.2261798799539696,0.6795179184461836
2022-11-09 02:00:00,0.22495484522953813,0.6793084275977179
2022-11-09 03:00:00,0.22426048234696186,0.6791004317226674
2022-11-09 04:00:00,0.22318759492512472,0.6788932675400338
2022-11-09 05:00:00,0.22454307368420529,0.6786874082643136
2022-11-09 06:00:00,0.22503966493796085,0.6784798184966221
2022-11-09 07:00:00,0.2232415573127422,0.6782715719052006
2022-11-09 08:00:00,0.22863806735544884,0.6780655369225262
2022-11-09 09:00:00,0.2360872769043101,0.6778527203354111
2022-11-09 10:00:00,0.2406165786887757,0.6776305563283879
2022-11-09 11:00:00,0.24592134713260672,0.677402694845096
2022-11-09 12:00:00,0.2498834423897793,0.6771681666111636
2022-11-09 13:00:00,0.2524066591875965,0.6769286500270448
2022-11-09 14:00:00,0.24691114231506175,0.676685943749803
2022-11-09 15:00:00,0.24344512147174377,0.6764500712555334
2022-11-09 16:00:00,0.23572700934924903,0.6762184957332255
2022-11-09 17:00:00,0.2326013842928065,0.6759965323560222
2022-11-09 18:00:00,0.2333748899671138,0.6757784405741535
2022-11-09 19:00:00,0.23654021017648605,0.6755593465332864
2022-11-09 20:00:00,0.23986254280321967,0.675336260524351
2022-11-09 21:00:00,0.2389145948604911,0.6751089863409425
2022-11-09 22:00:00,0.23215686152921586,0.6748828618929078
2022-11-09 23:00:00,0.22709260651411065,0.6746651494711359
2022-11-10 00:00:00,0.22361146268539733,0.6744537322869028
2022-11-10 01:00:00,0.22238660256028703,0.6742466315104148
2022-11-10 02:00:00,0.2208077867408496,0.6740410268462498
2022-11-10 03:00:00,0.21904287978105208,0.6738373607982511
2022-11-10 04:00:00,0.21851522343565288,0.6736358660395875
2022-11-10 05:00:00,0.2189253233708095,0.6734349960662521
2022-11-10 06:00:00,0.21765807456217004,0.6732335787421735
2022-11-10 07:00:00,0.21910640745356103,0.6730337108125782
2022-11-10 08:00:00,0.2248808619335384,0.6728319978596562
2022-11-10 09:00:00,0.23210315048011515,0.6726230322907543
2022-11-10 10:00:00,0.23720384514000398,0.6724050043726396
2022-11-10 11:00:00,0.24275100496745056,0.6721805661570387
2022-11-10 12:00:00,0.2437113588566826,0.671949159621878
2022-11-10 13:00:00,0.24372277594064318,0.6717165183339837
2022-11-10 14:00:00,0.23885024978837704,0.6714838285237837
2022-11-10 15:00:00,0.23447814914254056,0.6712571951797621
2022-11-10 16:00:00,0.23315535095232506,0.6710359928294922
2022-11-10 17:00:00,0.23066249732575647,0.6708164099043785
2022-11-10 18:00:00,0.23211542565060858,0.6705999090332079
2022-11-10 19:00:00,0.23646527638682524,0.6703815580480501
2022-11-10 20:00:00,0.24045705485896077,0.6701577358554174
2022-11-10 21:00:00,0.23889378469261408,0.6699288901051836
2022-11-10 22:00:00,0.2320052893487873,0.6697019646677084
2022-11-10 23:00:00,0.22595319313517184,0.6694836161340421
2022-11-11 00:00:00,0.219006516700056,0.669272799064868
2022-11-11 01:00:00,0.21946723617459746,0.6690706317450764
2022-11-11 02:00:00,0.21685989032788766,0.6688678549894108
2022-11-11 03:00:00,0.2153201348912337,0.6686683039391705
2022-11-11 04:00:00,0.21572168730549732,0.6684706441660082
2022-11-11 05:00:00,0.2163892457507913,0.6682724490947926
2022-11-11 06:00:00,0.21836544008387745,0.6680733862776841
2022-11-11 07:00:00,0.22120403813037084,0.6678718199795397
2022-11-11 08:00:00,0.21675819159931273,0.6676666722554514
2022-11-11 09:00:00,0.2182208762281818,0.6674670487208917
2022-11-11 10:00:00,0.21966444014800748,0.6672655637716786
2022-11-11 11:00:00,0.23247221712801577,0.6670622413684831
2022-11-11 12:00:00,0.23616881757351715,0.6668428763047819
2022-11-11 13:00:00,0.23732171224932927,0.6666188576110617
2022-11-11 14:00:00,0.22996499856935626,0.6663933649793703
2022-11-11 15:00:00,0.2194091347129558,0.666177035480005
2022-11-11 16:00:00,0.2148831317286815,0.6659738681105555
2022-11-11 17:00:00,0.21368163018872513,0.665776325604818
2022-11-11 18:00:00,0.21344473462433916,0.6655802523958901
2022-11-11 19:00:00,0.21632665636953655,0.6653844427862221
2022-11-11 20:00:00,0.22120135088866136,0.6651849983141134
2022-11-11 21:00:00,0.22359685930682224,0.6649794280735497
2022-11-11 22:00:00,0.2211632481429708,0.6647708311071272
2022-11-11 23:00:00,0.21751907312759533,0.6645652438743098
2022-11-12 00:00:00,0.21394180478365143,0.6643641796399151
2022-11-12 01:00:00,0.21560198469771952,0.6641675548306234
2022-11-12 02:00:00,0.22186272872735638,0.6639688226961484
2022-11-12 03:00:00,0.21814438084842086,0.6637622325913983
2022-11-12 04:00:00,0.21924120572645486,0.6635602584413282
2022-11-12 05:00:00,0.21748922284390496,0.6633568813400773
2022-11-12 06:00:00,0.21622773762105094,0.6631556623574486
2022-11-12 07:00:00,0.21715320714481057,0.6629559884314858
2022-11-12 08:00:00,0.21872918893284873,0.6627551259288906
2022-11-12 09:00:00,0.22227839446379868,0.6625522617694838
2022-11-12 10:00:00,0.22788216520874147,0.6623449294837542
2022-11-12 11:00:00,0.2325687194828785,0.662130560925368
2022-11-12 12:00:00,0.23434447643893708,0.6619103026751137
2022-11-12 13:00:00,0.23566676719623736,0.661687793289855
2022-11-12 14:00:00,0.23359863412839257,0.6614635996625728
2022-11-12 15:00:00,0.22929369835359914,0.6612419598832969
2022-11-12 16:00:00,0.22552167254256783,0.6610256700156757
2022-11-12 17:00:00,0.22417819626761826,0.6608140639825351
2022-11-12 18:00:00,0.22464692024632113,0.6606041061572516
2022-11-12 19:00:00,0.2275148373079623,0.6603935313498212
2022-11-12 20:00:00,0.2319534005245097,0.6601793406292186
2022-11-12 21:00:00,0.23315372101530174,0.6599595707480951
2022-11-12 22:00:00,0.22899111038370867,0.6597382695702184
2022-11-12 23:00:00,0.2254323428703306,0.659522140819868
2022-11-13 00:00:00,0.2212636608443979,0.6593104297535386
2022-11-13 01:00:00,0.2221514010514475,0.6591038988247789
2022-11-13 02:00:00,0.21632124029023686,0.6588962275662219
2022-11-13 03:00:00,0.21449796816101951,0.6586958134145176
2022-11-13 04:00:00,0.21368187732356653,0.6584976478193314
2022-11-13 05:00:00,0.21283996541259767,0.65830047186452
2022-11-13 06:00:00,0.20900862672464535,0.6581043178869123
2022-11-13 07:00:00,0.21074005866446296,0.6579129227304817
2022-11-13 08:00:00,0.20856698415676392,0.6577193329924621
2022-11-13 09:00:00,0.20970161425154432,0.6575284293664464
2022-11-13 10:00:00,0.2165286992483027,0.6573360772822308
2022-11-13 11:00:00,0.23071088632557485,0.6571351612317526
2022-11-13 12:00:00,0.2366126079136951,0.6569164873979917
2022-11-13 13:00:00,0.23758263590402423,0.656690406423405
2022-11-13 14:00:00,0.22562448631695187,0.6564630829856012
2022-11-13 15:00:00,0.21837871109736043,0.6562506773671785
2022-11-13 16:00:00,0.21229791088910693,0.6560472991608195
2022-11-13 17:00:00,0.2108461870923848,0.6558514922084174
2022-11-13 18:00:00,0.21245822083071847,0.6556574702251304
2022-11-13 19:00:00,0.2150009503114047,0.6554614035747276
2022-11-13 20:00:00,0.21976378157648582,0.6552621289482341
2022-11-13 21:00:00,0.2198257907649068,0.6550568712791377
2022-11-13 22:00:00,0.22029376799113654,0.6548515066557677
2022-11-13 23:00:00,0.21713558223618018,0.6546455276788257
2022-11-14 00:00:00,0.21221597868741426,0.6544434671128017
2022-11-14 01:00:00,0.2119379862821828,0.6542475267907168
2022-11-14 02:00:00,0.21361949856135323,0.6540519047594358
2022-11-14 03:00:00,0.2117002571917317,0.6538541516989117
2022-11-14 04:00:00,0.21246961454056545,0.6536587686120297
2022-11-14 05:00:00,0.21220645599523766,0.6534623948112305
2022-11-14 06:00:00,0.2118701946236255,0.6532663210022356
2022-11-14 07:00:00,0.21602610952542456,0.6530706386244466
2022-11-14 08:00:00,0.22501485268117216,0.6528697325184053
2022-11-14 09:00:00,0.23133203872672628,0.6526575617096927
2022-11-14 10:00:00,0.23809152881384318,0.6524374657056097
2022-11-14 11:00:00,0.2429191339032733,0.6522088916870322
2022-11-14 12:00:00,0.2443059672235922,0.6519742545711502
2022-11-14 13:00:00,0.2457995407369576,0.6517378553836325
2022-11-14 14:00:00,0.23927217992934308,0.6514995607602098
2022-11-14 15:00:00,0.234406901181237,0.65126939692977
2022-11-14 16:00:00,0.23068441639040319,0.6510452863507403
2022-11-14 17:00:00,0.22752952325333134,0.6508258005916899
2022-11-14 18:00:00,0.23022375388979663,0.6506102302240822
2022-11-14 19:00:00,0.23423586031483115,0.6503912639042452
2022-11-14 20:00:00,0.23764133733556742,0.6501672543485028
2022-11-14 21:00:00,0.2363594913783006,0.6499389599046842
2022-11-14 22:00:00,0.22928292982417078,0.6497122397876004
2022-11-14 23:00:00,0.22418045818102422,0.6494943374528502
2022-11-15 00:00:00,0.21829492407880804,0.6492827853491621
2022-11-15 01:00:00,0.2193898879779101,0.6490785623657412
2022-11-15 02:00:00,0.22137368943455693,0.648872942941232
2022-11-15 03:00:00,0.21932678826707966,0.6486648160898474
2022-11-15 04:00:00,0.21765474316428615,0.6484592202510417
2022-11-15 05:00:00,0.21775137070361994,0.6482556869159228
2022-11-15 06:00:00,0.21507222084068447,0.6480520053048907
2022-11-15 07:00:00,0.2173243792412138,0.6478516452009149
2022-11-15 08:00:00,0.22591445232288934,0.6476484425298971
2022-11-15 09:00:00,0.22877642762654032,0.6474344749597308
2022-11-15 10:00:00,0.23789538010535394,0.6472169026738976
2022-11-15 11:00:00,0.2455217700177304,0.6469879045122018
2022-11-15 12:00:00,0.24769912282882428,0.6467493462391383
2022-11-15 13:00:00,0.24696927183720258,0.6465080392123846
2022-11-15 14:00:00,0.2426917959778886,0.6462676174980093
2022-11-15 15:00:00,0.23454190247309234,0.6460325156884258
2022-11-15 16:00:00,0.22821505289975516,0.6458075743670335
2022-11-15 17:00:00,0.22660012165325905,0.6455905147902746
2022-11-15 18:00:00,0.22855022967664085,0.645375447121611
2022-11-15 19:00:00,0.2326761040205516,0.6451579151233393
2022-11-15 20:00:00,0.23669771213098167,0.6449351991489567
2022-11-15 21:00:00,0.2337898744946836,0.6447074295926666
2022-11-15 22:00:00,0.22749461136165508,0.6444832683230775
2022-11-15 23:00:00,0.2228462812340615,0.6442669496834991
2022-11-16 00:00:00,0.21426606101444376,0.6440564150691271
2022-11-16 01:00:00,0.22470508408491946,0.6438565794040426
2022-11-16 02:00:00,0.21995234481574977,0.6436436686956125
2022-11-16 03:00:00,0.22214380026999947,0.6434366727082543
2022-11-16 04:00:00,0.2211254114856143,0.6432269112600704
2022-11-16 05:00:00,0.21748820706670163,0.643018396717879
2022-11-16 06:00:00,0.21161835014706662,0.6428144026627566
2022-11-16 07:00:00,0.21539741923359135,0.642617719971876
2022-11-16 08:00:00,0.22027002229739243,0.6424162875492896
2022-11-16 09:00:00,0.22780974858142103,0.6422087385390993
2022-11-16 10:00:00,0.234025459528588,0.6419917390988665
2022-11-16 11:00:00,0.24383268260987426,0.6417669443093624
2022-11-16 12:00:00,0.24632680084246106,0.6415298648420326
2022-11-16 13:00:00,0.2455477257174331,0.6412896421395642
2022-11-16 14:00:00,0.2386281099306336,0.641050367755294
2022-11-16 15:00:00,0.23313005774330914,0.6408197174267019
2022-11-16 16:00:00,0.22949364932442914,0.6405959142609543
2022-11-16 17:00:00,0.2273903493313374,0.6403766312650198
2022-11-16 18:00:00,0.2293881913113218,0.6401599521150578
2022-11-16 19:00:00,0.23368891782629525,0.6399407504453071
2022-11-16 20:00:00,0.23696240832649473,0.6397161477118167
2022-11-16 21:00:00,0.23504415614144553,0.6394874280213361
2022-11-16 22:00:00,0.22699950307958477,0.6392610811139655
2022-11-16 23:00:00,0.22156564926623915,0.6390447650525577
2022-11-17 00:00:00,0.21741899053025898,0.6388352163998214
2022-11-17 01:00:00,0.2163375214695815,0.6386308262236923
2022-11-17 02:00:00,0.21669949349936252,0.6384277630988713
2022-11-17 03:00:00,0.21658708627589668,0.6382242227858032
2022-11-17 04:00:00,0.21626987219344745,0.6380207983203751
2022-11-17 05:00:00,0.21216519906426295,0.6378177457729939
2022-11-17 06:00:00,0.21450625609971907,0.637619799529314
2022-11-17 07:00:00,0.21250153500548194,0.6374189024884882
2022-11-17 08:00:00,0.2169852303440602,0.6372204869350496
2022-11-17 09:00:00,0.22316592617747408,0.6370164424103409
2022-11-17 10:00:00,0.23122302858323826,0.6368046477256398
2022-11-17 11:00:00,0.23982920946290945,0.6365827574346395
2022-11-17 12:00:00,0.24419854167593452,0.6363500852511688
2022-11-17 13:00:00,0.24369415586773083,0.6361119272979945
2022-11-17 14:00:00,0.23457406000575515,0.6358743757845893
2022-11-17 15:00:00,0.22720182876422748,0.6356482004104788
2022-11-17 16:00:00,0.22574034789340253,0.635431216406858
2022-11-17 17:00:00,0.2233433799116442,0.6352160353977465
2022-11-17 18:00:00,0.22465942935266547,0.6350038268040284
2022-11-17 19:00:00,0.22941746554091302,0.6347899494159328
2022-11-17 20:00:00,0.23269796131119916,0.6345701008120452
2022-11-17 21:00:00,0.2314312500918556,0.6343461279799202
2022-11-17 22:00:00,0.22437877382391827,0.6341237149903387
2022-11-17 23:00:00,0.218834473173596,0.6339100941116677
2022-11-18 00:00:00,0.21253840251419387,0.6337033801864533
2022-11-18 01:00:00,0.21228793612096264,0.6335045129892873
2022-11-18 02:00:00,0.21516039172044948,0.6333059355769293
2022-11-18 03:00:00,0.2151112204836866,0.6331037443589925
2022-11-18 04:00:00,0.21128651945902172,0.6329015914311388
2022-11-18 05:00:00,0.2154734021557466,0.632704196267731
2022-11-18 06:00:00,0.21662795837794926,0.6325015444512576
2022-11-18 07:00:00,0.21492852403641446,0.6322974264519636
2022-11-18 08:00:00,0.22163644187001355,0.6320954098202175
2022-11-18 09:00:00,0.233297864476334,0.6318849854279758
2022-11-18 10:00:00,0.2363950756343539,0.63165996145646
2022-11-18 11:00:00,0.23905635621337662,0.6314310432321795
2022-11-18 12:00:00,0.24213210811271002,0.6311987757305687
2022-11-18 13:00:00,0.24385116261723208,0.6309626409246998
2022-11-18 14:00:00,0.24223790713196752,0.6307243347485503
2022-11-18 15:00:00,0.2297600933204288,0.630488022651853
2022-11-18 16:00:00,0.22496205018558138,0.630267285394773
2022-11-18 17:00:00,0.22343233442152965,0.6300525233262331
2022-11-18 18:00:00,0.2234707834947113,0.6298396510993002
2022-11-18 19:00:00,0.22770782113376203,0.6296267085702194
2022-11-18 20:00:00,0.23237094502761746,0.6294084475655867
2022-11-18 21:00:00,0.23261818878436794,0.6291843355398979
2022-11-18 22:00:00,0.22554562200349307,0.6289598924056506
2022-11-18 23:00:00,0.222884479186591,0.628744267988354
2022-11-19 00:00:00,0.21911470792496324,0.6285319480704019
2022-11-19 01:00:00,0.21677513488849054,0.6283243184997099
2022-11-19 02:00:00,0.21897096316466133,0.6281195915908678
2022-11-19 03:00:00,0.21581680301390252,0.6279120981546172
2022-11-19 04:00:00,0.21512795057507084,0.6277085257388854
2022-11-19 05:00:00,0.21563234514518925,0.627505792771437
2022-11-19 06:00:00,0.21419492469608487,0.6273024077559268
2022-11-19 07:00:00,0.21187136277810312,0.6271007980235557
2022-11-19 08:00:00,0.21579477709766293,0.6269020713135977
2022-11-19 09:00:00,0.22410495245650322,0.6266984189682049
2022-11-19 10:00:00,0.22440862776950388,0.6264843575985383
2022-11-19 11:00:00,0.23168416789390023,0.626269895392126
2022-11-19 12:00:00,0.23287514653118174,0.6260463175804357
2022-11-19 13:00:00,0.23161030224591073,0.6258212299278192
2022-11-19 14:00:00,0.2305803976376956,0.6255977022754332
2022-11-19 15:00:00,0.2218749106995502,0.6253754410111959
2022-11-19 16:00:00,0.2190573587352906,0.625164040675545
2022-11-19 17:00:00,0.21715901136201857,0.624956141412299
2022-11-19 18:00:00,0.21908615958744074,0.6247505942782662
2022-11-19 19:00:00,0.22061179327703576,0.6245426174665055
2022-11-19 20:00:00,0.2238185615748951,0.624332712932755
2022-11-19 21:00:00,0.22575359824798294,0.6241187793213332
2022-11-19 22:00:00,0.22216452734829742,0.6239024063593603
2022-11-19 23:00:00,0.21903749639294443,0.6236904992439024
2022-11-20 00:00:00,0.2119896217319139,0.6234824804876394
2022-11-20 01:00:00,0.21406399261274722,0.6232832512078247
2022-11-20 02:00:00,0.2080732852019334,0.6230814086601622
2022-11-20 03:00:00,0.20636969164911423,0.6228870342551585
2022-11-20 04:00:00,0.2059517498471638,0.6226947691631435
2022-11-20 05:00:00,0.20296676148612997,0.6225030063820913
2022-11-20 06:00:00,0.20331469408161176,0.622314954782874
2022-11-20 07:00:00,0.20418568656806918,0.6221264482769793
2022-11-20 08:00:00,0.20644653362336826,0.621936833102237
2022-11-20 09:00:00,0.20554861053322143,0.6217443720031403
2022-11-20 10:00:00,0.21199292587827895,0.6215530135050849
2022-11-20 11:00:00,0.2196294431525105,0.6213535798727512
2022-11-20 12:00:00,0.2214731661204327,0.6211445809164623
2022-11-20 13:00:00,0.2208056052469681,0.6209332576918458
2022-11-20 14:00:00,0.216137546908431,0.6207227493664581
2022-11-20 15:00:00,0.20699009051648715,0.6205180566248952
2022-11-20 16:00:00,0.2036535253320586,0.6203247787774988
2022-11-20 17:00:00,0.20268732492082078,0.6201356522730443
2022-11-20 18:00:00,0.2040144817386917,0.61994771421836
2022-11-20 19:00:00,0.20758595273492322,0.6197580979797142
2022-11-20 20:00:00,0.21106353368477668,0.6195639982271983
2022-11-20 21:00:00,0.2124518989704183,0.6193655323861951
2022-11-20 22:00:00,0.21060683870758617,0.6191653120391188
2022-11-20 23:00:00,0.20682829953568968,0.6189673790307494
2022-11-21 00:00:00,0.20949338190568878,0.6187741502725769
2022-11-21 01:00:00,0.2102420268812878,0.6185775713005376
2022-11-21 02:00:00,0.2046962664180482,0.6183800377242478
2022-11-21 03:00:00,0.20584039356660602,0.618189417613389
2022-11-21 04:00:00,0.20088300321930053,0.617997348671339
2022-11-21 05:00:00,0.20402823847533613,0.61781145785787
2022-11-21 06:00:00,0.20371804828939732,0.6176216169538894
2022-11-21 07:00:00,0.20703574501200428,0.617432145304121
2022-11-21 08:00:00,0.2135898270143624,0.6172385081128602
2022-11-21 09:00:00,0.2214068683712413,0.6170366599614474
2022-11-21 10:00:00,0.2279127380945154,0.6168250222136393
2022-11-21 11:00:00,0.23292126336918095,0.616605233896937
2022-11-21 12:00:00,0.23815097788213074,0.6163791667548698
2022-11-21 13:00:00,0.23822558854954123,0.6161465443638678
2022-11-21 14:00:00,0.234996707639561,0.6159138106667252
2022-11-21 15:00:00,0.22580433673711375,0.6156850950909102
2022-11-21 16:00:00,0.22161823125902974,0.615467852061919
2022-11-21 17:00:00,0.21934574967376672,0.6152558238109862
2022-11-21 18:00:00,0.2216229801625814,0.61504661837127
2022-11-21 19:00:00,0.226081448015297,0.6148345486657109
2022-11-21 20:00:00,0.22855311172181936,0.6146168882106465
2022-11-21 21:00:00,0.22738751008861824,0.6143961205743111
2022-11-21 22:00:00,0.22110746663395558,0.6141767924014401
2022-11-21 23:00:00,0.21642202936391436,0.6139652968073795
2022-11-22 00:00:00,0.21218258215494967,0.6137596405974775
2022-11-22 01:00:00,0.2095236372221116,0.613559266347245
2022-11-22 02:00:00,0.20882001172290965,0.6133621984919334
2022-11-22 03:00:00,0.20679203696077078,0.613165992945356
2022-11-22 04:00:00,0.20458768543328382,0.6129723052072057
2022-11-22 05:00:00,0.2051341356704738,0.6127813558115622
2022-11-22 06:00:00,0.20572239928109332,0.6125897063193515
2022-11-22 07:00:00,0.20705249834156897,0.6123973045269975
2022-11-22 08:00:00,0.2107819898164112,0.612203223203337
2022-11-22 09:00:00,0.2190460720334908,0.6120044631710102
2022-11-22 10:00:00,0.2242808291656324,0.611795356254756
2022-11-22 11:00:00,0.23127430604417643,0.6115796891741059
2022-11-22 12:00:00,0.23220580722971582,0.6113552635925608
2022-11-22 13:00:00,0.23252218494410815,0.6111296570429294
2022-11-22 14:00:00,0.2287628968387277,0.6109036384927518
2022-11-22 15:00:00,0.22039780206244927,0.6106823025875121
2022-11-22 16:00:00,0.21829230172368563,0.6104714066487671
2022-11-22 17:00:00,0.21620221230782846,0.6102631262466962
2022-11-22 18:00:00,0.21852948644567985,0.6100574421808806
2022-11-22 19:00:00,0.223103366498,0.6098488328101215
2022-11-22 20:00:00,0.2258628692111601,0.6096344899402772
2022-11-22 21:00:00,0.22435233124284665,0.6094166816062818
2022-11-22 22:00:00,0.21689057683328897,0.6092007454222551
2022-11-22 23:00:00,0.2116447969762289,0.6089941204720251
2022-11-23 00:00:00,0.20879421876560367,0.6087940368506857
2022-11-23 01:00:00,0.2089067263361177,0.6085975006194716
2022-11-23 02:00:00,0.21022324017698885,0.6084008079844574
2022-11-23 03:00:00,0.20952522158251896,0.6082024540011142
2022-11-23 04:00:00,0.20987014458428435,0.6080049568983033
2022-11-23 05:00:00,0.2123381494532969,0.6078070130623544
2022-11-23 06:00:00,0.2122694226960108,0.6076059687042669
2022-11-23 07:00:00,0.20797818177388097,0.6074049948019146
2022-11-23 08:00:00,0.2097009767545063,0.6072093695613527
2022-11-23 09:00:00,0.21630062495625862,0.6070115755010599
2022-11-23 10:00:00,0.2238322255415188,0.6068055166178745
2022-11-23 11:00:00,0.2309556529732517,0.6065900280346901
2022-11-23 12:00:00,0.2337086622723148,0.6063656200313291
2022-11-23 13:00:00,0.2353168374171395,0.6061377556938456
2022-11-23 14:00:00,0.2300758851435459,0.6059078661283287
2022-11-23 15:00:00,0.22496961985380404,0.6056845128074552
2022-11-23 16:00:00,0.220887629391407,0.6054675274359067
2022-11-23 17:00:00,0.21651021697867529,0.6052556297335684
2022-11-23 18:00:00,0.2184046616969722,0.605049189041305
2022-11-23 19:00:00,0.2231012398140376,0.6048403656011371
2022-11-23 20:00:00,0.22518044840159063,0.6046256568097581
2022-11-23 21:00:00,0.2241839194416123,0.6044083344425295
2022-11-23 22:00:00,0.21681852572582616,0.6041922432348426
2022-11-23 23:00:00,0.21062065949897693,0.6039853443311066
2022-11-24 00:00:00,0.2068546103664076,0.6037861783854324
2022-11-24 01:00:00,0.2078724343917351,0.6035917056899311
2022-11-24 02:00:00,0.2066726442718612,0.6033959464666422
2022-11-24 03:00:00,0.20552446921744513,0.6032016727967411
2022-11-24 04:00:00,0.2069100804538162,0.6030088202248972
2022-11-24 05:00:00,0.20856284500978156,0.6028142215817556
2022-11-24 06:00:00,0.20899660535136722,0.6026175429891825
2022-11-24 07:00:00,0.20933872060922926,0.6024203082659687
2022-11-24 08:00:00,0.21031147833398978,0.6022226320319992
2022-11-24 09:00:00,0.2193257352119402,0.6020237260477276
2022-11-24 10:00:00,0.2265300209510614,0.6018135385027567
2022-11-24 11:00:00,0.2331226709804961,0.6015943319245614
2022-11-24 12:00:00,0.23416973378863304,0.6013668709213373
2022-11-24 13:00:00,0.2339440187211457,0.6011380875406765
2022-11-24 14:00:00,0.22697149347289827,0.6009095728184961
2022-11-24 15:00:00,0.2226940138626808,0.6006897603311012
2022-11-24 16:00:00,0.22076982520722976,0.6004752813350307
2022-11-24 17:00:00,0.21830626582855622,0.6002631942801842
2022-11-24 18:00:00,0.22077809507141088,0.6000541734435656
2022-11-24 19:00:00,0.22519966354398593,0.599842049653005
2022-11-24 20:00:00,0.22804223609665092,0.5996243857980788
2022-11-24 21:00:00,0.22576287948798507,0.599403155687307
2022-11-24 22:00:00,0.21910077955948631,0.5991847617957684
2022-11-24 23:00:00,0.2149030575334417,0.5989746826162465
2022-11-25 00:00:00,0.20920482591609163,0.5987698377400036
2022-11-25 01:00:00,0.20710127416514257,0.5985721028676757
2022-11-25 02:00:00,0.20955832246472722,0.5983769847130833
2022-11-25 03:00:00,0.20802372702592298,0.5981787825898234
2022-11-25 04:00:00,0.20860932450665295,0.5979824861162355
2022-11-25 05:00:00,0.20779416059495032,0.5977854451148433
2022-11-25 06:00:00,0.20633461231860603,0.5975894106010669
2022-11-25 07:00:00,0.20786197475481327,0.5973951881190478
2022-11-25 08:00:00,0.21460759155374837,0.5971990440940877
2022-11-25 09:00:00,0.22372159470694575,0.596994455771932
2022-11-25 10:00:00,0.22944216275270612,0.5967784627333427
2022-11-25 11:00:00,0.23251558328581007,0.5965553068359153
2022-11-25 12:00:00,0.23470570664699275,0.5963282970777581
2022-11-25 13:00:00,0.23523530020807804,0.59609853764406
2022-11-25 14:00:00,0.231096139236745,0.5958681042608007
2022-11-25 15:00:00,0.22243625480061607,0.595642832934882
2022-11-25 16:00:00,0.21928681807170636,0.5954283746343768
2022-11-25 17:00:00,0.21749334184618982,0.5952178413633996
2022-11-25 18:00:00,0.2193803702097333,0.5950095382350753
2022-11-25 19:00:00,0.22314790782569355,0.594798864682428
2022-11-25 20:00:00,0.2250692022902192,0.5945834701326586
2022-11-25 21:00:00,0.22356522903363296,0.5943656624534783
2022-11-25 22:00:00,0.21766857211310273,0.5941497232933171
2022-11-25 23:00:00,0.21097931673050413,0.5939411435705387
2022-11-26 00:00:00,0.20312933053081342,0.5937409140970108
2022-11-26 01:00:00,0.20561703575558382,0.5935504858500505
2022-11-26 02:00:00,0.21099894265716498,0.5933569367791788
2022-11-26 03:00:00,0.20711293083952492,0.5931566491961069
2022-11-26 04:00:00,0.2060763225305451,0.592961208063047
2022-11-26 05:00:00,0.20472821280375103,0.5927670516894319
2022-11-26 06:00:00,0.20395921656417246,0.5925745695158583
2022-11-26 07:00:00,0.20485126560913208,0.5923830377142972
2022-11-26 08:00:00,0.20527351355746423,0.5921903800419785
2022-11-26 09:00:00,0.21002615244049,0.5919971838141143
2022-11-26 10:00:00,0.21390195131973772,0.5917980361058828
2022-11-26 11:00:00,0.21763597707047327,0.5915940330311409
2022-11-26 12:00:00,0.2209209205845768,0.591385351870157
2022-11-26 13:00:00,0.22376740495118297,0.5911725540395899
2022-11-26 14:00:00,0.22102698012328667,0.5909561876772425
2022-11-26 15:00:00,0.2167997158148433,0.5907432364834817
2022-11-26 16:00:00,0.2137975518172884,0.5905355590715374
2022-11-26 17:00:00,0.21251809566891897,0.5903316241299056
2022-11-26 18:00:00,0.21236334180709038,0.5901292783376644
2022-11-26 19:00:00,0.2152887219354676,0.5899271158808507
2022-11-26 20:00:00,0.21846921783044712,0.5897212866558769
2022-11-26 21:00:00,0.22039135833306894,0.58951147183194
2022-11-26 22:00:00,0.21545300261883066,0.589299244417191
2022-11-26 23:00:00,0.2103976726955282,0.5890931800958165
2022-11-27 00:00:00,0.20779756668689467,0.5888934251494985
2022-11-27 01:00:00,0.2066355285783577,0.5886969106122694
2022-11-27 02:00:00,0.20185336845397986,0.5885018389631846
2022-11-27 03:00:00,0.20059548065670904,0.5883127354186998
2022-11-27 04:00:00,0.20157658420569485,0.5881251947023465
2022-11-27 05:00:00,0.20291169106767687,0.5879364181388875
2022-11-27 06:00:00,0.19850657575553857,0.5877459632881319
2022-11-27 07:00:00,0.20006331608261552,0.5875610054917525
2022-11-27 08:00:00,0.1997491369881102,0.5873740924941603
2022-11-27 09:00:00,0.20044638306186874,0.587187563008597
2022-11-27 10:00:00,0.20554711351325217,0.5870001528175719
2022-11-27 11:00:00,0.21233781126565648,0.5868063576295871
2022-11-27 12:00:00,0.21713252281360038,0.5866040650494952
2022-11-27 13:00:00,0.21654593070759612,0.5863957701240355
2022-11-27 14:00:00,0.20918099615915048,0.5861881995467635
2022-11-27 15:00:00,0.20120656924556413,0.5859898263097248
2022-11-27 16:00:00,0.19648444246488264,0.5858014123423733
2022-11-27 17:00:00,0.19582236930112995,0.5856188923335445
2022-11-27 18:00:00,0.19725766725561525,0.5854371912802235
2022-11-27 19:00:00,0.1998247433562015,0.5852536875325233
2022-11-27 20:00:00,0.20388427185549235,0.5850669664317762
2022-11-27 21:00:00,0.20490140225276515,0.5848751624765035
2022-11-27 22:00:00,0.20218260339947475,0.5846820787283563
2022-11-27 23:00:00,0.1988420286195934,0.5844923851629261
2022-11-28 00:00:00,0.19445887070069198,0.5843068590641536
2022-11-28 01:00:00,0.1950954237492446,0.584126803724999
2022-11-28 02:00:00,0.19773116017279538,0.5839459445707941
2022-11-28 03:00:00,0.19605327800567215,0.583761782686365
2022-11-28 04:00:00,0.19732487080400368,0.5835797101589993
2022-11-28 05:00:00,0.1974901603807753,0.5833960402090436
2022-11-28 06:00:00,0.19804912831115118,0.5832121557795821
2022-11-28 07:00:00,0.20032426877754606,0.5830275648367342
2022-11-28 08:00:00,0.2060682114018355,0.5828401222288955
2022-11-28 09:00:00,0.21438604224186644,0.5826454920174379
2022-11-28 10:00:00,0.21627945149076272,0.5824404569061651
2022-11-28 11:00:00,0.21858692260954263,0.5822330474861434
2022-11-28 12:00:00,0.22760245452488764,0.5820227462441165
2022-11-28 13:00:00,0.22773793239081885,0.581801168168174
2022-11-28 14:00:00,0.21979762201725234,0.5815794133899661
2022-11-28 15:00:00,0.21591552089402793,0.5813675767088852
2022-11-28 16:00:00,0.21399600007251973,0.5811605854274644
2022-11-28 17:00:00,0.21502048799857015,0.5809559863844269
2022-11-28 18:00:00,0.2173278154586486,0.580750099632942
2022-11-28 19:00:00,0.22048607499000578,0.5805413216876995
2022-11-28 20:00:00,0.2223802291774356,0.5803285889477213
2022-11-28 21:00:00,0.21942606650497773,0.5801134816088022
2022-11-28 22:00:00,0.21270217103659797,0.579902060131135
2022-11-28 23:00:00,0.2079570122993451,0.5796990367448364
2022-11-29 00:00:00,0.20617694694305805,0.5795019380931177
2022-11-29 01:00:00,0.20535816163042508,0.5793070578733813
2022-11-29 02:00:00,0.20392996010452316,0.5791131945497048
2022-11-29 03:00:00,0.20297971745968577,0.5789211099564902
2022-11-29 04:00:00,0.20259701685592402,0.5787302067092749
2022-11-29 05:00:00,0.20425798747016286,0.5785397754446497
2022-11-29 06:00:00,0.20406941374845414,0.5783472616377376
2022-11-29 07:00:00,0.20967133182110406,0.5781549772831073
2022-11-29 08:00:00,0.2097889467422504,0.5779556843301675
2022-11-29 09:00:00,0.21589410087721628,0.5777562382220129
2022-11-29 10:00:00,0.22215447136828204,0.5775491545987845
2022-11-29 11:00:00,0.2249255270916436,0.5773342395041984
2022-11-29 12:00:00,0.22801949602371854,0.5771158546458788
2022-11-29 13:00:00,0.2277935989994634,0.5768935964464822
2022-11-29 14:00:00,0.22539525937917398,0.5766716148026247
2022-11-29 15:00:00,0.22041672977980936,0.5764526253317249
2022-11-29 16:00:00,0.21731983981964098,0.576239853335433
2022-11-29 17:00:00,0.21454997552758395,0.5760309468283795
2022-11-29 18:00:00,0.21734173265351242,0.5758254970926616
2022-11-29 19:00:00,0.21959266370826255,0.5756165521656921
2022-11-29 20:00:00,0.22133425473060514,0.5754047881442478
2022-11-29 21:00:00,0.22074801902630367,0.5751908417675601
2022-11-29 22:00:00,0.21041286903478812,0.5749776228832308
2022-11-29 23:00:00,0.21021960286525296,0.5747773176983153
2022-11-30 00:00:00,0.20259153421984466,0.574577248922235
2022-11-30 01:00:00,0.2004074582705008,0.5743867101222865
2022-11-30 02:00:00,0.1953290549080289,0.5741988963718039
2022-11-30 03:00:00,0.1912136464606137,0.5740174256442605
2022-11-30 04:00:00,0.19155272292898334,0.573841094260222
2022-11-30 05:00:00,0.19172191524004095,0.5736643341777555
2022-11-30 06:00:00,0.1908276951093972,0.5734873578162722
2022-11-30 07:00:00,0.19609636954190052,0.5733114945055412
2022-11-30 08:00:00,0.20123502452161535,0.5731290406915778
2022-11-30 09:00:00,0.21045529973529367,0.5729401589629197
2022-11-30 10:00:00,0.2145815399024174,0.5727397473584986
2022-11-30 11:00:00,0.21693910193960764,0.5725341734863493
2022-11-30 12:00:00,0.21729353546229963,0.5723256482583627
2022-11-30 13:00:00,0.21695852862978976,0.5721166756494132
2022-11-30 14:00:00,0.21550911455197294,0.5719081175241778
2022-11-30 15:00:00,0.21108169417017747,0.5717013669559488
2022-11-30 16:00:00,0.21083642373044237,0.5715001465168436
2022-11-30 17:00:00,0.20869429373645357,0.5712992285836743
2022-11-30 18:00:00,0.21151507416725562,0.5711009842951258
2022-11-30 19:00:00,0.2164978670012615,0.5708992100774108
2022-11-30 20:00:00,0.2175292086297264,0.5706912034792715
2022-11-30 21:00:00,0.2164084584730236,0.5704819038789626
2022-11-30 22:00:00,0.20956875144811796,0.5702740014554655
2022-11-30 23:00:00,0.20364919798819303,0.5700746449691172
2022-12-01 00:00:00,0.20074431049898683,0.5698826842922153
2022-12-01 01:00:00,0.20253550959193325,0.5696943511565521
2022-12-01 02:00:00,0.20024318459577015,0.5695037755181572
2022-12-01 03:00:00,0.199383369072719,0.5693160618464014
2022-12-01 04:00:00,0.20016401470442347,0.5691294195687042
2022-12-01 05:00:00,0.20005920414827172,0.568941798172885
2022-12-01 06:00:00,0.199862063398071,0.5687543045434431
2022-12-01 07:00:00,0.20111438603596293,0.5685670541573871
2022-12-01 08:00:00,0.2025792052022811,0.5683782352497496
2022-12-01 09:00:00,0.20542777197953943,0.5681875822641397
2022-12-01 10:00:00,0.21364938618618373,0.5679933655803144
2022-12-01 11:00:00,0.21605140356101743,0.5677888689532596
2022-12-01 12:00:00,0.2208974973611694,0.5675813669432891
2022-12-01 13:00:00,0.22177294808318393,0.5673678045191466
2022-12-01 14:00:00,0.21367637806720013,0.5671531450489566
2022-12-01 15:00:00,0.20914248794070658,0.5669486036229202
2022-12-01 16:00:00,0.20487161058802944,0.566749726955455
2022-12-01 17:00:00,0.20090149291141585,0.5665561863448747
2022-12-01 18:00:00,0.20211235749345394,0.5663676059058667
2022-12-01 19:00:00,0.20694806705717456,0.5661775094748911
2022-12-01 20:00:00,0.20843722309494472,0.5659813660600058
2022-12-01 21:00:00,0.2068777961685774,0.5657833589174043
2022-12-01 22:00:00,0.20269051921006093,0.5655872988400789
2022-12-01 23:00:00,0.20075037423180386,0.5653964707048581
2022-12-02 00:00:00,0.195859388106981,0.5652080656610562
2022-12-02 01:00:00,0.19485869514276122,0.5650257723243969
2022-12-02 02:00:00,0.19485514928763614,0.5648447278927209
2022-12-02 03:00:00,0.19019730269059396,0.5646636859964346
2022-12-02 04:00:00,0.18818164972223234,0.5644884645757589
2022-12-02 05:00:00,0.18722424188015133,0.5643157609529524
2022-12-02 06:00:00,0.18684590900810427,0.5641442523859028
2022-12-02 07:00:00,0.1902200767792981,0.5639732150951938
2022-12-02 08:00:00,0.19427336813176882,0.5637979585193186
2022-12-02 09:00:00,0.20088495646179377,0.5636176338180984
2022-12-02 10:00:00,0.20715428086968643,0.5634290431846101
2022-12-02 11:00:00,0.21037282193385917,0.5632326145130557
2022-12-02 12:00:00,0.21274475055820533,0.5630321613469152
2022-12-02 13:00:00,0.21177056820103146,0.5628287420160393
2022-12-02 14:00:00,0.2083911671117849,0.5626265392234562
2022-12-02 15:00:00,0.20331100205731756,0.5624285595568832
2022-12-02 16:00:00,0.20221556076356909,0.5622369290355795
2022-12-02 17:00:00,0.200119125120864,0.5620466668191476
2022-12-02 18:00:00,0.2019206534457455,0.5618590242148273
2022-12-02 19:00:00,0.20565842397596013,0.5616691288319633
2022-12-02 20:00:00,0.20740592821609014,0.5614745604321039
2022-12-02 21:00:00,0.207599886945289,0.5612778069124166
2022-12-02 22:00:00,0.20278937026825833,0.5610808102690955
2022-12-02 23:00:00,0.19705927605923756,0.5608898261607044
2022-12-03 00:00:00,0.1905145654831071,0.5607060041234643
2022-12-03 01:00:00,0.19225561952903844,0.5605303624921405
2022-12-03 02:00:00,0.18724198402792558,0.5603525441252621
2022-12-03 03:00:00,0.18685818599710996,0.5601809924490699
2022-12-03 04:00:00,0.18889873984736066,0.5600099202310331
2022-12-03 05:00:00,0.18864025470778686,0.5598362970956076
2022-12-03 06:00:00,0.18577163278107292,0.5596629969058378
2022-12-03 07:00:00,0.18700551231202064,0.5594932823970151
2022-12-03 08:00:00,0.17946606150801528,0.5593220255066251
2022-12-03 09:00:00,0.18194748236147815,0.5591601929618939
2022-12-03 10:00:00,0.1853723819248658,0.558995258737557
2022-12-03 11:00:00,0.19438042997615304,0.5588260435495345
2022-12-03 12:00:00,0.20061388461296015,0.5586455685265238
2022-12-03 13:00:00,0.20162989815916643,0.5584573019746003
2022-12-03 14:00:00,0.19413924486553186,0.5582677657594344
2022-12-03 15:00:00,0.1869232798254529,0.5580875932788826
2022-12-03 16:00:00,0.18365076229769126,0.5579164412369347
2022-12-03 17:00:00,0.18060367937088512,0.5577493803885067
2022-12-03 18:00:00,0.18121633520218872,0.5575861290046537
2022-12-03 19:00:00,0.18392107223603338,0.5574221124762336
2022-12-03 20:00:00,0.1854585291328304,0.557254715766049
2022-12-03 21:00:00,0.18589949657389654,0.5570853980385763
2022-12-03 22:00:00,0.18369811528115598,0.5569155299699396
2022-12-03 23:00:00,0.18364376451901204,0.5567484145603607
2022-12-04 00:00:00,0.17792252262048264,0.5565813680859799
2022-12-04 01:00:00,0.1778640981830441,0.556421474225021
2022-12-04 02:00:00,0.20132446369700427,0.5562616545199603
2022-12-04 03:00:00,0.19814101231045886,0.5560725105476608
2022-12-04 04:00:00,0.19752495228135308,0.5558873471435496
2022-12-04 05:00:00,0.19595138203130616,0.5557029551327306
2022-12-04 06:00:00,0.1934013916631128,0.5555205314672803
2022-12-04 07:00:00,0.19436668697187642,0.5553412967366459
2022-12-04 08:00:00,0.19876675254423476,0.55516085689803
2022-12-04 09:00:00,0.19671651923813366,0.5549749185529008
2022-12-04 10:00:00,0.19937948916086382,0.5547915446391538
2022-12-04 11:00:00,0.20136759791550043,0.5546048437170491
2022-12-04 12:00:00,0.21183827874767608,0.5544156594273423
2022-12-04 13:00:00,0.21449891938865528,0.554213388619231
2022-12-04 14:00:00,0.21229759266200426,0.5540077939072476
2022-12-04 15:00:00,0.20822626615195508,0.5538049528148945
2022-12-04 16:00:00,0.20244617153105932,0.5536072029061924
2022-12-04 17:00:00,0.1982864544087043,0.5534166802055703
2022-12-04 18:00:00,0.19738410419966118,0.5532313593054448
2022-12-04 19:00:00,0.20279613982171452,0.5530471685614623
2022-12-04 20:00:00,0.20756418969437723,0.5528562150556213
2022-12-04 21:00:00,0.2083826751697807,0.5526593038343947
2022-12-04 22:00:00,0.2064942013849756,0.5524613719175636
2022-12-04 23:00:00,0.2035079949460152,0.5522658030684872
2022-12-05 00:00:00,0.20151556287908734,0.5520739695172653
2022-12-05 01:00:00,0.20305131135536697,0.551884629110214
2022-12-05 02:00:00,0.19550384242004548,0.5516933716859338
2022-12-05 03:00:00,0.19348601211590027,0.5515115513304677
2022-12-05 04:00:00,0.19169239641648908,0.5513322560598035
2022-12-05 05:00:00,0.1866445293963819,0.5511552056699609
2022-12-05 06:00:00,0.18551889864874607,0.5509844680393646
2022-12-05 07:00:00,0.18714301618521925,0.5508151404369466
2022-12-05 08:00:00,0.19198492032351305,0.5506437857416225
2022-12-05 09:00:00,0.19687358370033897,0.5504663817844098
2022-12-05 10:00:00,0.2025013679242741,0.5502828701805277
2022-12-05 11:00:00,0.2047260182691777,0.5500923270931837
2022-12-05 12:00:00,0.213723876192897,0.5498990065039909
2022-12-05 13:00:00,0.21685310207816264,0.5496944419677386
2022-12-05 14:00:00,0.21651146420465045,0.549485969338736
2022-12-05 15:00:00,0.21426648952040944,0.5492779272609406
2022-12-05 16:00:00,0.2072391233416308,0.5490726949696234
2022-12-05 17:00:00,0.19853348609995597,0.5488762505184083
2022-12-05 18:00:00,0.19993420341713553,0.5486906918103774
2022-12-05 19:00:00,0.2045661549676893,0.5485033859665842
2022-12-05 20:00:00,0.20625458711821293,0.5483102940084869
2022-12-05 21:00:00,0.20415718956750206,0.5481150953995833
2022-12-05 22:00:00,0.19959483052938995,0.547922522491246
2022-12-05 23:00:00,0.19068282798830172,0.5477356565495781
2022-12-06 00:00:00,0.19226974599031937,0.5475599346932002
2022-12-06 01:00:00,0.19163871347994121,0.5473822333356732
2022-12-06 02:00:00,0.1923945163593896,0.5472053249793751
2022-12-06 03:00:00,0.19131351238179678,0.5470274761443042
2022-12-06 04:00:00,0.19135426415380274,0.546850982903265
2022-12-06 05:00:00,0.19151475606070922,0.5466744431258014
2022-12-06 06:00:00,0.19022676787173165,0.5464977072009736
2022-12-06 07:00:00,0.18889479785180263,0.5463225857931279
2022-12-06 08:00:00,0.1927343636656392,0.5461491339437771
2022-12-06 09:00:00,0.19657218630946027,0.5459708872973507
2022-12-06 10:00:00,0.20123962895993872,0.5457878480970306
2022-12-06 11:00:00,0.21014599147345508,0.5455989793820255
2022-12-06 12:00:00,0.2125857369035022,0.5453989825667209
2022-12-06 13:00:00,0.21336350746390692,0.5451959409866832
2022-12-06 14:00:00,0.21233926071144793,0.5449919321747089
2022-12-06 15:00:00,0.2058236230443456,0.5447892087166458
2022-12-06 16:00:00,0.1986334807085064,0.5445946349153417
2022-12-06 17:00:00,0.1962461611204614,0.5444090539658339
2022-12-06 18:00:00,0.19799637292660704,0.544226462403887
2022-12-06 19:00:00,0.20361473714730144,0.5440416883794542
2022-12-06 20:00:00,0.20282001841750755,0.5438498967662111
2022-12-06 21:00:00,0.20256720118752392,0.5436591039820365
2022-12-06 22:00:00,0.19760306242976527,0.5434686327142437
2022-12-06 23:00:00,0.19280521792703176,0.5432843721789276
2022-12-07 00:00:00,0.19265946902232273,0.5431061145724516
2022-12-07 01:00:00,0.1910218815001912,0.5429280448394979
2022-12-07 02:00:00,0.1916103984721679,0.5427520278425144
2022-12-07 03:00:00,0.1891215058243312,0.5425752810150573
2022-12-07 04:00:00,0.1895321781295125,0.5424016511833217
2022-12-07 05:00:00,0.18940110221231674,0.5422275139552841
2022-12-07 06:00:00,0.18857187721222163,0.5420535465803867
2022-12-07 07:00:00,0.19190230842998532,0.5418806218091446
2022-12-07 08:00:00,0.19546802426966922,0.5417035401354439
2022-12-07 09:00:00,0.1987528995549115,0.541522007517662
2022-12-07 10:00:00,0.2039349459669504,0.541336375070644
2022-12-07 11:00:00,0.20821032226629266,0.5411442713946301
2022-12-07 12:00:00,0.21271972521451443,0.5409468298914065
2022-12-07 13:00:00,0.21368932682428646,0.5407437580918044
2022-12-07 14:00:00,0.21161696068642244,0.5405394808116355
2022-12-07 15:00:00,0.20638143035694168,0.5403378005747199
2022-12-07 16:00:00,0.20033847980512964,0.5401426714004292
2022-12-07 17:00:00,0.19468736584101254,0.5399551026281699
2022-12-07 18:00:00,0.19600613002896264,0.5397746045263326
2022-12-07 19:00:00,0.19872650403418762,0.539592464811349
2022-12-07 20:00:00,0.20181118942202347,0.5394069315350657
2022-12-07 21:00:00,0.20001572649894991,0.539217549372369
2022-12-07 22:00:00,0.19239706369293,0.5390304185727586
2022-12-07 23:00:00,0.18859692630995556,0.5388528182001956
2022-12-08 00:00:00,0.18961401842787262,0.5386799751620049
2022-12-08 01:00:00,0.18544762715632873,0.5385058679854107
2022-12-08 02:00:00,0.18400156712094395,0.538336976088746
2022-12-08 03:00:00,0.18042751528125078,0.5381698991220583
2022-12-08 04:00:00,0.18090341178678745,0.5380072971391918
2022-12-08 05:00:00,0.18062697296099445,0.5378441077688001
2022-12-08 06:00:00,0.18054752713291564,0.5376812714941285
2022-12-08 07:00:00,0.18365569777537583,0.537518542138007
2022-12-08 08:00:00,0.18808075856894693,0.5373519352439209
2022-12-08 09:00:00,0.19336999980845715,0.5371798047632508
2022-12-08 10:00:00,0.1987314969267704,0.5370010705345046
2022-12-08 11:00:00,0.20455545883454673,0.5368156423018954
2022-12-08 12:00:00,0.2084343499357443,0.5366229420484936
2022-12-08 13:00:00,0.21070493815238373,0.5364254011768609
2022-12-08 14:00:00,0.20887898335655497,0.5362250301296521
2022-12-08 15:00:00,0.20231889630072386,0.5360269496496777
2022-12-08 16:00:00,0.19740091801779597,0.5358370774663037
2022-12-08 17:00:00,0.19254322961684783,0.5356533610076006
2022-12-08 18:00:00,0.1944001908419926,0.5354757249752484
2022-12-08 19:00:00,0.19772692946811574,0.5352957761212426
2022-12-08 20:00:00,0.1990286262552553,0.5351116772878556
2022-12-08 21:00:00,0.19861395458367423,0.5349259598414058
2022-12-08 22:00:00,0.19435026936652133,0.5347407693064816
2022-12-08 23:00:00,0.19170337982413596,0.5345609170140257
2022-12-09 00:00:00,0.1893860818437709,0.534384382033451
2022-12-09 01:00:00,0.18785117713832095,0.5342107524393065
2022-12-09 02:00:00,0.18857940968393702,0.534039050303996
2022-12-09 03:00:00,0.18635129076987977,0.5338664467699483
2022-12-09 04:00:00,0.1837343742606935,0.5336966373404762
2022-12-09 05:00:00,0.1811665805281797,0.5335301080765572
2022-12-09 06:00:00,0.18048017397872035,0.5333667976386992
2022-12-09 07:00:00,0.18147027157944845,0.5332043543568977
2022-12-09 08:00:00,0.19637987553827452,0.5330406826649344
2022-12-09 09:00:00,0.2014889447506619,0.5328583832438266
2022-12-09 10:00:00,0.20157304543426346,0.5326697068259673
2022-12-09 11:00:00,0.20538598884408693,0.5324809346859726
2022-12-09 12:00:00,0.21149350545825318,0.532287405834385
2022-12-09 13:00:00,0.20940662993854603,0.5320862521186449
2022-12-09 14:00:00,0.2035822508951867,0.5318877165928599
2022-12-09 15:00:00,0.19655105400908726,0.5316964712003704
2022-12-09 16:00:00,0.19338216052116303,0.5315140245274105
2022-12-09 17:00:00,0.19099593646525728,0.5313355487586581
2022-12-09 18:00:00,0.19177692827928491,0.5311600656212438
2022-12-09 19:00:00,0.19606119179441714,0.5309836161592459
2022-12-09 20:00:00,0.19667079531097933,0.5308018213469484
2022-12-09 21:00:00,0.19527114296243822,0.5306192745732549
2022-12-09 22:00:00,0.19139098943306393,0.5304384874718968
2022-12-09 23:00:00,0.18645576642787937,0.5302625607332453
2022-12-10 00:00:00,0.18133787144233593,0.5300928132580348
2022-12-10 01:00:00,0.17794067283514262,0.5299294734501252
2022-12-10 02:00:00,0.1745446609412141,0.5297703905029228
2022-12-10 03:00:00,0.17027820665074825,0.5296155629969099
2022-12-10 04:00:00,0.16831150795761565,0.5294660790489507
2022-12-10 05:00:00,0.16960439713457237,0.5293190640284116
2022-12-10 06:00:00,0.1670333423312727,0.5291704435143124
2022-12-10 07:00:00,0.16980615138719604,0.529025047500481
2022-12-10 08:00:00,0.17093250722496633,0.5288761962209397
2022-12-10 09:00:00,0.17097860866419154,0.5287259478060526
2022-12-10 10:00:00,0.18197738300498584,0.5285756526376535
2022-12-10 11:00:00,0.1868510132123017,0.5284116199384453
2022-12-10 12:00:00,0.1906605062907114,0.5282415062024194
2022-12-10 13:00:00,0.19047780092168629,0.5280666416648055
2022-12-10 14:00:00,0.18069090216768016,0.5278920166374762
2022-12-10 15:00:00,0.17850949820955114,0.5277296364259698
2022-12-10 16:00:00,0.17068494905972464,0.5275699942255931
2022-12-10 17:00:00,0.17020978841595702,0.5274201440316315
2022-12-10 18:00:00,0.17157672987300115,0.5272708991722423
2022-12-10 19:00:00,0.17446137132798664,0.5271199570835837
2022-12-10 20:00:00,0.17805276739435882,0.5269654207044363
2022-12-10 21:00:00,0.17672376441218524,0.5268064066553082
2022-12-10 22:00:00,0.172255914840253,0.5266490654987764
2022-12-10 23:00:00,0.17386741082511734,0.5264973208568385
2022-12-11 00:00:00,0.171990100441288,0.5263435736113028
2022-12-11 01:00:00,0.17299284444249519,0.5261921848338783
2022-12-11 02:00:00,0.19092109445778802,0.526039554520326
2022-12-11 03:00:00,0.1898429153574875,0.5258645258518644
2022-12-11 04:00:00,0.19063751266190035,0.5256908569286177
2022-12-11 05:00:00,0.18702737066555492,0.5255162068438038
2022-12-11 06:00:00,0.18952627072000325,0.5253460815852662
2022-12-11 07:00:00,0.18633253113143763,0.5251728449141526
2022-12-11 08:00:00,0.18783054454977183,0.5250036126937218
2022-12-11 09:00:00,0.19226273593037685,0.5248325202964137
2022-12-11 10:00:00,0.19576083811070347,0.5246559000634679
2022-12-11 11:00:00,0.2001002868959262,0.5244749196700705
2022-12-11 12:00:00,0.20095621194617577,0.5242885274966451
2022-12-11 13:00:00,0.20173056980269466,0.5241010780115334
2022-12-11 14:00:00,0.20448674088188395,0.5239126732373941
2022-12-11 15:00:00,0.19843700548491663,0.523720835971359
2022-12-11 16:00:00,0.19426265631209658,0.5235365736601767
2022-12-11 17:00:00,0.1911123155891511,0.5233575421347141
2022-12-11 18:00:00,0.19489810824105203,0.523182461448049
2022-12-11 19:00:00,0.19665800404614142,0.5230026614970967
2022-12-11 20:00:00,0.19940304013962773,0.5228206747165428
2022-12-11 21:00:00,0.2011786914740895,0.5226352697446469
2022-12-11 22:00:00,0.198432885390324,0.5224476583759715
2022-12-11 23:00:00,0.1954429107809531,0.5222634924958961
2022-12-12 00:00:00,0.19260209220355584,0.5220830773786777
2022-12-12 01:00:00,0.19181708650609725,0.5219062266428695
2022-12-12 02:00:00,0.1862612043094292,0.5217303705859578
2022-12-12 03:00:00,0.18331920628325854,0.521561472867146
2022-12-12 04:00:00,0.1862799635000641,0.5213962661947935
2022-12-12 05:00:00,0.18551618017351765,0.521227372188412
2022-12-12 06:00:00,0.1826176899590523,0.521059446587239
2022-12-12 07:00:00,0.18432978473662445,0.520895157838436
2022-12-12 08:00:00,0.18545409228206491,0.5207287427743073
2022-12-12 09:00:00,0.18663024884831542,0.5205609361924302
2022-12-12 10:00:00,0.19388396326196236,0.5203916733450589
2022-12-12 11:00:00,0.19667830341706244,0.520213357348407
2022-12-12 12:00:00,0.2001128677234003,0.5200315624838135
2022-12-12 13:00:00,0.20525611249870152,0.519845488534598
2022-12-12 14:00:00,0.20537858946623322,0.5196529997136754
2022-12-12 15:00:00,0.1951605684308321,0.5194603720442994
2022-12-12 16:00:00,0.19173803410890602,0.5192805312124603
2022-12-12 17:00:00,0.18779284093980003,0.5191049829232455
2022-12-12 18:00:00,0.18927683018881694,0.5189343805636858
2022-12-12 19:00:00,0.19276907235625979,0.5187619377192231
2022-12-12 20:00:00,0.1946102962745649,0.5185851441371663
2022-12-12 21:00:00,0.19629114782989665,0.5184060636537763
2022-12-12 22:00:00,0.19063044442254296,0.5182248967979488
2022-12-12 23:00:00,0.18422200638774247,0.5180508205768216
2022-12-13 00:00:00,0.18087922162597436,0.5178847697221057
2022-12-13 01:00:00,0.1814051065898846,0.5177229122306292
2022-12-13 02:00:00,0.18152153833421947,0.5175604123286464
2022-12-13 03:00:00,0.17979953497134843,0.5173977818960855
2022-12-13 04:00:00,0.18117732718389662,0.5172373190402269
2022-12-13 05:00:00,0.18273576046800274,0.5170751490799894
2022-12-13 06:00:00,0.18074715906992186,0.5169110462774145
2022-12-13 07:00:00,0.1819398966918405,0.5167494444892273
2022-12-13 08:00:00,0.18246930721939547,0.516586367105018
2022-12-13 09:00:00,0.18775484043864304,0.5164226433470115
2022-12-13 10:00:00,0.19527801645295656,0.5162523281251923
2022-12-13 11:00:00,0.19664494809856747,0.5160726244494076
2022-12-13 12:00:00,0.1990229291959969,0.5158912276884516
2022-12-13 13:00:00,0.19933809955953302,0.5157068740938346
2022-12-13 14:00:00,0.1962201935332087,0.5155221422422912
2022-12-13 15:00:00,0.191599254313293,0.5153413235426176
2022-12-13 16:00:00,0.19015117534815612,0.5151662968496069
2022-12-13 17:00:00,0.1845247696937504,0.5149930961512332
2022-12-13 18:00:00,0.18577943077490477,0.5148269444191429
2022-12-13 19:00:00,0.18900780653802443,0.5146592403831928
2022-12-13 20:00:00,0.19117293611371128,0.5144875169632985
2022-12-13 21:00:00,0.19005853030873074,0.5143131032804543
2022-12-13 22:00:00,0.18537707540430837,0.5141400988171376
2022-12-13 23:00:00,0.18008393516925247,0.513972962447966
2022-12-14 00:00:00,0.1773205516727324,0.5138124588428374
2022-12-14 01:00:00,0.17695300610317674,0.5136554258690552
2022-12-14 02:00:00,0.18046150246053835,0.5134988687924288
2022-12-14 03:00:00,0.17820368140404091,0.5133379426237589
2022-12-14 04:00:00,0.17748105089136076,0.5131798553230139
2022-12-14 05:00:00,0.17800769110513967,0.5130226879652067
2022-12-14 06:00:00,0.17515621312223018,0.5128648790251129
2022-12-14 07:00:00,0.17705623651820096,0.5127106512136539
2022-12-14 08:00:00,0.179661556826675,0.5125540652172726
2022-12-14 09:00:00,0.18376956686505042,0.5123942394779866
2022-12-14 10:00:00,0.19205881248863846,0.5122292956967827
2022-12-14 11:00:00,0.194754800371346,0.51205400739232
2022-12-14 12:00:00,0.1975087114623913,0.5118753661999065
2022-12-14 13:00:00,0.19899152797832248,0.5116932997786547
2022-12-14 14:00:00,0.19497800237150437,0.5115093970598978
2022-12-14 15:00:00,0.19266984831897213,0.5113305285343946
2022-12-14 16:00:00,0.18908909544071362,0.5111545625507987
2022-12-14 17:00:00,0.1835185492799426,0.5109830899207297
2022-12-14 18:00:00,0.18532165795911043,0.5108185979488694
2022-12-14 19:00:00,0.19006964830369463,0.5106518696297375
2022-12-14 20:00:00,0.1919681184225092,0.5104792239243127
2022-12-14 21:00:00,0.18989736503640173,0.5103042227959287
2022-12-14 22:00:00,0.1862654029805866,0.5101318278370092
2022-12-14 23:00:00,0.1793029368092422,0.5099639906214244
2022-12-15 00:00:00,0.17557734733720645,0.509804874342343
2022-12-15 01:00:00,0.1762586996995495,0.5096504329669059
2022-12-15 02:00:00,0.17536185476067614,0.5094951578808258
2022-12-15 03:00:00,0.17343187652985173,0.5093410218937257
2022-12-15 04:00:00,0.17421597851332155,0.5091893164852077
2022-12-15 05:00:00,0.17901782139371655,0.509036649117982
2022-12-15 06:00:00,0.18194710556116453,0.5088779976788957
2022-12-15 07:00:00,0.18321275447259824,0.5087157029292995
2022-12-15 08:00:00,0.1848243854026814,0.5085518444762128
2022-12-15 09:00:00,0.1893935041409728,0.5083859899050529
2022-12-15 10:00:00,0.19288616378921822,0.5082144424189903
2022-12-15 11:00:00,0.19745899153426855,0.5080385476548088
2022-12-15 12:00:00,0.19872172772315932,0.5078569554652993
2022-12-15 13:00:00,0.1988836434766152,0.5076738035278091
2022-12-15 14:00:00,0.19647781678654286,0.5074904679307751
2022-12-15 15:00:00,0.1917355775646733,0.5073101584151347
2022-12-15 16:00:00,0.18870887591051327,0.507135795559426
2022-12-15 17:00:00,0.1835807383406205,0.5069652350045529
2022-12-15 18:00:00,0.18516271734339018,0.506801103608264
2022-12-15 19:00:00,0.18872899423556744,0.5066350137876875
2022-12-15 20:00:00,0.18916193329104058,0.5064644852332959
2022-12-15 21:00:00,0.1881470700310073,0.5062934346802096
2022-12-15 22:00:00,0.18396297290555239,0.5061236719441375
2022-12-15 23:00:00,0.177731524124011,0.5059591586302161
2022-12-16 00:00:00,0.17172731009025866,0.5058024539908104
2022-12-16 01:00:00,0.17100466993377045,0.5056532740452703
2022-12-16 02:00:00,0.1719434130580747,0.505505016889024
2022-12-16 03:00:00,0.17315206663147623,0.5053556058557355
2022-12-16 04:00:00,0.17170489511229556,0.505204703620098
2022-12-16 05:00:00,0.17092670721817843,0.5050556300262218
2022-12-16 06:00:00,0.17488193031431998,0.5049075489073102
2022-12-16 07:00:00,0.17815095485775564,0.5047545435623496
2022-12-16 08:00:00,0.18038004181978504,0.5045974718022452
2022-12-16 09:00:00,0.18523235369015295,0.5044376336116777
2022-12-16 10:00:00,0.19048507344411786,0.5042717500222054
2022-12-16 11:00:00,0.19229314700888991,0.5040993205866571
2022-12-16 12:00:00,0.19216000521775423,0.5039246511754424
2022-12-16 13:00:00,0.19247617132773925,0.503750168370419
2022-12-16 14:00:00,0.19144248152709223,0.5035753105993628
2022-12-16 15:00:00,0.19051371361186425,0.503401765244804
2022-12-16 16:00:00,0.18921640363363013,0.5032294012170174
2022-12-16 17:00:00,0.18450921582454471,0.5030586792562028
2022-12-16 18:00:00,0.18595528182823906,0.5028938617722593
2022-12-16 19:00:00,0.1907822921242452,0.5027272572605207
2022-12-16 20:00:00,0.19407095455993134,0.5025546396032112
2022-12-16 21:00:00,0.19209521956143383,0.502377931797735
2022-12-16 22:00:00,0.18545961267600924,0.5022037144034529
2022-12-16 23:00:00,0.1809062464156651,0.5020378123227811
2022-12-17 00:00:00,0.17664877065286283,0.501877622817485
2022-12-17 01:00:00,0.17683133062364292,0.5017227760869788
2022-12-17 02:00:00,0.17213293573545022,0.5015677221491206
2022-12-17 03:00:00,0.168138886792412,0.5014185622599987
2022-12-17 04:00:00,0.166553430164401,0.5012744160496854
2022-12-17 05:00:00,0.16404885563397137,0.5011322728402795
2022-12-17 06:00:00,0.16142277363425012,0.500993281591641
2022-12-17 07:00:00,0.16110699163333675,0.5008575942505775
2022-12-17 08:00:00,0.17045438540266558,0.5007223230045504
2022-12-17 09:00:00,0.1633935048197823,0.500575388946296
2022-12-17 10:00:00,0.16706614607377818,0.5004373024811926
2022-12-17 11:00:00,0.17573235147917257,0.5002946467693707
2022-12-17 12:00:00,0.17822705279232576,0.5001411799180573
2022-12-17 13:00:00,0.18069477227554265,0.49998461636977215
2022-12-17 14:00:00,0.1800858404351587,0.49982498991419627
2022-12-17 15:00:00,0.17688136437492524,0.49966614642786655
2022-12-17 16:00:00,0.1662659572765986,0.499511330403429
2022-12-17 17:00:00,0.16501422170929464,0.499369805567041
2022-12-17 18:00:00,0.16620553962949705,0.49922986739163755
2022-12-17 19:00:00,0.16895141508312456,0.49908846212269653
2022-12-17 20:00:00,0.17217751933570116,0.49894364662562707
2022-12-17 21:00:00,0.17287875840465883,0.4987948206767451
2022-12-17 22:00:00,0.17001820338680443,0.4986451404198333
2022-12-17 23:00:00,0.16871323831224555,0.49849905815979195
2022-12-18 00:00:00,0.16345247696878065,0.4983546294714722
2022-12-18 01:00:00,0.16589731770540356,0.49821679916247885
2022-12-18 02:00:00,0.1856982714461247,0.4980759352924691
2022-12-18 03:00:00,0.18457985026498927,0.4979103427824334
2022-12-18 04:00:00,0.18382752158770493,0.4977461709132582
2022-12-18 05:00:00,0.18189309890597818,0.49758296213153597
2022-12-18 06:00:00,0.17950384743881684,0.4974221941169831
2022-12-18 07:00:00,0.18056572902019893,0.4972644354677804
2022-12-18 08:00:00,0.18898566861368604,0.49710537232980445
2022-12-18 09:00:00,0.18894620419529987,0.49693580719271574
2022-12-18 10:00:00,0.1917357861853003,0.49676631437369284
2022-12-18 11:00:00,0.19471612876115396,0.49659335762687723
2022-12-18 12:00:00,0.20235609082981462,0.49641669856367665
2022-12-18 13:00:00,0.2068923499112682,0.49623051272185326
2022-12-18 14:00:00,0.2041847251865096,0.4960386797922573
2022-12-18 15:00:00,0.1978890569660406,0.49585025469175087
2022-12-18 16:00:00,0.19126237942455743,0.4956697225367959
2022-12-18 17:00:00,0.1847989305060866,0.49549749715112407
2022-12-18 18:00:00,0.18605342951641163,0.4953333745610247
2022-12-18 19:00:00,0.19010488190659874,0.49516770739364313
2022-12-18 20:00:00,0.19555425068598395,0.4949969995192985
2022-12-18 21:00:00,0.19674078240561238,0.4948195036045362
2022-12-18 22:00:00,0.19439111463647119,0.4946405482577007
2022-12-18 23:00:00,0.18846721223009472,0.49446455379016047
2022-12-19 00:00:00,0.18521630194289046,0.49429598805720737
2022-12-19 01:00:00,0.18410956850966795,0.4941315098806754
2022-12-19 02:00:00,0.17380892146710486,0.49396843910146776
2022-12-19 03:00:00,0.17472461386011795,0.49381826817355456
2022-12-19 04:00:00,0.1732817464433209,0.4936669767345873
2022-12-19 05:00:00,0.17217774824337717,0.4935175130462619
2022-12-19 06:00:00,0.17015526435726727,0.4933694535839784
2022-12-19 07:00:00,0.17324329657883947,0.49322394651675316
2022-12-19 08:00:00,0.17843957450929396,0.4930746037613479
2022-12-19 09:00:00,0.1832641269848263,0.49291879007251005
2022-12-19 10:00:00,0.18720312691072433,0.49275697016892944
2022-12-19 11:00:00,0.19284528576757343,0.4925902510531517
2022-12-19 12:00:00,0.19465452572056047,0.49241650383835894
2022-12-19 13:00:00,0.19562367367693678,0.4922405197350143
2022-12-19 14:00:00,0.19373304267944946,0.4920633489199341
2022-12-19 15:00:00,0.19050228308043415,0.4918885661786185
2022-12-19 16:00:00,0.1871677706020807,0.49171784673361446
2022-12-19 17:00:00,0.18488476223691597,0.4915513203378035
2022-12-19 18:00:00,0.1871050242574862,0.49138767267281364
2022-12-19 19:00:00,0.1920837689619109,0.4912212747124193
2022-12-19 20:00:00,0.1947330638532366,0.49104867841500943
2022-12-19 21:00:00,0.19230088906356502,0.4908727956545813
2022-12-19 22:00:00,0.18278076885807334,0.49069997832995405
2022-12-19 23:00:00,0.18177147504837182,0.4905390864346024
2022-12-20 00:00:00,0.17705987521655775,0.49037948149722355
2022-12-20 01:00:00,0.17732000173334125,0.49022579146202405
2022-12-20 02:00:00,0.17663399011697123,0.49007180173273396
2022-12-20 03:00:00,0.17553672581587548,0.48991869504367247
2022-12-20 04:00:00,0.17588106942609924,0.48976698552233505
2022-12-20 05:00:00,0.1736121168711306,0.48961487122045905
2022-12-20 06:00:00,0.17251159907672572,0.48946561881986417
2022-12-20 07:00:00,0.17058355039455045,0.4893177678386997
2022-12-20 08:00:00,0.17658655597654555,0.4891723527521621
2022-12-20 09:00:00,0.18036848896940272,0.48901945980399464
2022-12-20 10:00:00,0.1842202138128679,0.4888618653964939
2022-12-20 11:00:00,0.18762817340101445,0.48869948235139343
2022-12-20 12:00:00,0.19343435522173213,0.48853286543679575
2022-12-20 13:00:00,0.1939318370386125,0.4883590169364301
2022-12-20 14:00:00,0.19113117499624754,0.4881845727868078
2022-12-20 15:00:00,0.1884677391534892,0.4880136557292461
2022-12-20 16:00:00,0.1812721485551103,0.4878460942924749
2022-12-20 17:00:00,0.1838087993823902,0.4876875537314047
2022-12-20 18:00:00,0.18196667531732552,0.487525868805706
2022-12-20 19:00:00,0.18300744011656384,0.4873665130454329
2022-12-20 20:00:00,0.18598474320538919,0.48720588290093025
2022-12-20 21:00:00,0.18033022967396664,0.48704155776074765
2022-12-20 22:00:00,0.1768991667449757,0.4868843274570581
2022-12-20 23:00:00,0.1690682565584007,0.48673141273799275
2022-12-21 00:00:00,0.165265327243814,0.4865883134739938
2022-12-21 01:00:00,0.1689443187272303,0.4864499947503278
2022-12-21 02:00:00,0.16931260643088766,0.48630710422733997
2022-12-21 03:00:00,0.1682822025170908,0.4861637803460838
2022-12-21 04:00:00,0.16694476972994476,0.48602177153239606
2022-12-21 05:00:00,0.16873679858646806,0.4858814616336694
2022-12-21 06:00:00,0.16877413908607242,0.48573893888413633
2022-12-21 07:00:00,0.17143933352623514,0.4855963967055161
2022-12-21 08:00:00,0.1702124840766082,0.485450550341642
2022-12-21 09:00:00,0.17684455409827043,0.4853062649086213
2022-12-21 10:00:00,0.1835104266137634,0.4851537168183458
2022-12-21 11:00:00,0.1884149343312233,0.48499286387891505
2022-12-21 12:00:00,0.18898008677610623,0.48482590785752927
2022-12-21 13:00:00,0.18914277629874793,0.4846582730094677
2022-12-21 14:00:00,0.18440009706938676,0.48449046247455735
2022-12-21 15:00:00,0.18169903498428075,0.48432860802489835
2022-12-21 16:00:00,0.1805447527406075,0.4841701577002061
2022-12-21 17:00:00,0.1768428114067678,0.4840131780868104
2022-12-21 18:00:00,0.17711283952177742,0.48386085381969096
2022-12-21 19:00:00,0.17899586966974929,0.4837082199981396
2022-12-21 20:00:00,0.1806551121592798,0.4835532604307035
2022-12-21 21:00:00,0.1775555656223514,0.4833962549130297
2022-12-21 22:00:00,0.1696266387363406,0.48324315199246065
2022-12-21 23:00:00,0.16904150317274316,0.48309998845547786
2022-12-22 00:00:00,0.1616551485127404,0.48295758462395877
2022-12-22 01:00:00,0.16589652334412033,0.4828244420827898
2022-12-22 02:00:00,0.1660016341202814,0.4826860262311081
2022-12-22 03:00:00,0.16429517184964643,0.4825475074599695
2022-12-22 04:00:00,0.16668117939608595,0.48241115029665455
2022-12-22 05:00:00,0.1666284964564963,0.4822718392148493
2022-12-22 06:00:00,0.16525956021198043,0.482132622638604
2022-12-22 07:00:00,0.16531501755235556,0.4819951459454779
2022-12-22 08:00:00,0.17257357476026094,0.4818576287044029
2022-12-22 09:00:00,0.1750117511894662,0.4817110671014431
2022-12-22 10:00:00,0.17726461421603654,0.4815614866734555
2022-12-22 11:00:00,0.182205002502963,0.481409119123062
2022-12-22 12:00:00,0.18452055010156748,0.481250605104541
2022-12-22 13:00:00,0.1856207371066537,0.48108922572959173
2022-12-22 14:00:00,0.18335749232572823,0.48092650025978
2022-12-22 15:00:00,0.17881994979333699,0.4807666330456473
2022-12-22 16:00:00,0.17283717887898925,0.48061246702017685
2022-12-22 17:00:00,0.16953375642126856,0.4804658087796249
2022-12-22 18:00:00,0.17175966961053166,0.48032330919918453
2022-12-22 19:00:00,0.17619631110610123,0.4801780566700456
2022-12-22 20:00:00,0.1785009332190215,0.4800272878425587
2022-12-22 21:00:00,0.1758654225821656,0.4798736678016705
2022-12-22 22:00:00,0.17060671445994718,0.4797233717740213
2022-12-22 23:00:00,0.16259758301175692,0.47957967881715574
2022-12-23 00:00:00,0.15995389848894803,0.47944602702090383
2022-12-23 01:00:00,0.16204237980320374,0.47931570963726616
2022-12-23 02:00:00,0.163243993572206,0.47918281151958836
2022-12-23 03:00:00,0.16397087828463439,0.47904844131292856
2022-12-23 04:00:00,0.16512800198152822,0.47891319248921876
2022-12-23 05:00:00,0.16444234755538906,0.4787765273103241
2022-12-23 06:00:00,0.1630135376781084,0.4786407493094787
2022-12-23 07:00:00,0.16319077891055858,0.4785067874915613
2022-12-23 08:00:00,0.1646503217893312,0.47837263435323396
2022-12-23 09:00:00,0.1688992920260452,0.4782366870779726
2022-12-23 10:00:00,0.17412301067738734,0.47809545894209804
2022-12-23 11:00:00,0.18142908928877996,0.4779477315705944
2022-12-23 12:00:00,0.18383197093580406,0.4777909020739986
2022-12-23 13:00:00,0.18293414615186418,0.4776310995089873
2022-12-23 14:00:00,0.17820826644055787,0.47747244981905473
2022-12-23 15:00:00,0.17423339074626104,0.47731973813329986
2022-12-23 16:00:00,0.17070277014416857,0.4771720257571255
2022-12-23 17:00:00,0.17258123529144415,0.4770287574320745
2022-12-23 18:00:00,0.17280517266134787,0.4768831718613526
2022-12-23 19:00:00,0.1762715638162757,0.476737337265058
2022-12-23 20:00:00,0.18110591967442663,0.47658720063632004
2022-12-23 21:00:00,0.17872840482171795,0.4764310520796044
2022-12-23 22:00:00,0.17282889760976933,0.47627790649362833
2022-12-23 23:00:00,0.16889391069484944,0.4761321664291537
2022-12-24 00:00:00,0.16197998611909462,0.4759913762961059
2022-12-24 01:00:00,0.16198998995839853,0.47585925982684163
2022-12-24 02:00:00,0.1583559190277718,0.4757271621711067
2022-12-24 03:00:00,0.1584595224747593,0.475599638482612
2022-12-24 04:00:00,0.15890029560395746,0.47547201672861783
2022-12-24 05:00:00,0.1567165706446884,0.4753438755072376
2022-12-24 06:00:00,0.1538387935390822,0.47521849550128187
2022-12-24 07:00:00,0.15308674617225365,0.47509674433611726
2022-12-24 08:00:00,0.15367663060683312,0.4749759649097378
2022-12-24 09:00:00,0.15792901607335674,0.47485447986754287
2022-12-24 10:00:00,0.1623786964973708,0.47472771114337736
2022-12-24 11:00:00,0.16336043160030977,0.47459541217866286
2022-12-24 12:00:00,0.16912891650625073,0.4744619179651528
2022-12-24 13:00:00,0.16731125028206587,0.47432124512567914
2022-12-24 14:00:00,0.16446615494866448,0.4741828764092237
2022-12-24 15:00:00,0.15813015186958357,0.4740480961622257
2022-12-24 16:00:00,0.15282773770955693,0.4739212680794035
2022-12-24 17:00:00,0.15193681045145507,0.4738011002346279
2022-12-24 18:00:00,0.15312337439099802,0.4736820783292746
2022-12-24 19:00:00,0.15416329244429636,0.4735616055593331
2022-12-24 20:00:00,0.15601522530435222,0.4734398652921309
2022-12-24 21:00:00,0.1593432214891206,0.4733158425691128
2022-12-24 22:00:00,0.158706320383748,0.4731876923710594
2022-12-24 23:00:00,0.1560801445384521,0.4730603708795031
2022-12-25 00:00:00,0.1522217565279433,0.4729363647477718
2022-12-25 01:00:00,0.15338136662441787,0.4728172143009582
2022-12-25 02:00:00,0.17144772610974204,0.47269664710129794
2022-12-25 03:00:00,0.17152700318870107,0.47255352977190745
2022-12-25 04:00:00,0.1723030764363594,0.47241034622563033
2022-12-25 05:00:00,0.1699872213254145,0.4722662255270744
2022-12-25 06:00:00,0.16793967100110424,0.47212503264648975
2022-12-25 07:00:00,0.16804115819699694,0.47198643226267784
2022-12-25 08:00:00,0.16824392067719374,0.47184773813850617
2022-12-25 09:00:00,0.176706229926267,0.47170882373962014
2022-12-25 10:00:00,0.18154321547104132,0.47155936469229237
2022-12-25 11:00:00,0.18625082988723218,0.47140389271086974
2022-12-25 12:00:00,0.19059097841716507,0.4712425695689625
2022-12-25 13:00:00,0.19201057451449832,0.4710758546586107
2022-12-25 14:00:00,0.18920761248553922,0.47090739873002013
2022-12-25 15:00:00,0.18291768721530866,0.4707424800404966
2022-12-25 16:00:00,0.17354711572516607,0.47058545735372237
2022-12-25 17:00:00,0.1718068638547015,0.4704401815370856
2022-12-25 18:00:00,0.17111034335011527,0.4702971147506577
2022-12-25 19:00:00,0.1751566735051372,0.47015495238981003
2022-12-25 20:00:00,0.17707485869131634,0.47000776595077937
2022-12-25 21:00:00,0.18252629121942782,0.4698582156743207
2022-12-25 22:00:00,0.1802651346962809,0.469701885060783
2022-12-25 23:00:00,0.17567680295157403,0.4695484149059893
2022-12-26 00:00:00,0.17159396641849833,0.46940071423845814
2022-12-26 01:00:00,0.16952270365276156,0.4692581512486489
2022-12-26 02:00:00,0.16159633244078908,0.4691182115288088
2022-12-26 03:00:00,0.15701789224798846,0.4689882140239344
2022-12-26 04:00:00,0.15651005265636334,0.46886397387967305
2022-12-26 05:00:00,0.15616152564176036,0.4687404029046767
2022-12-26 06:00:00,0.15643806945944624,0.46861730201761004
2022-12-26 07:00:00,0.16010540277225563,0.46849388993930074
2022-12-26 08:00:00,0.17146817641345394,0.4683659282422304
2022-12-26 09:00:00,0.17591350515166163,0.4682237976853211
2022-12-26 10:00:00,0.18146451256735674,0.46807614513401635
2022-12-26 11:00:00,0.18380326629178145,0.46792158854926635
2022-12-26 12:00:00,0.1857283219796641,0.4677641433074643
2022-12-26 13:00:00,0.1858317148984952,0.4676043265904171
2022-12-26 14:00:00,0.181827638204983,0.46744441553582944
2022-12-26 15:00:00,0.17545108355273203,0.467289544539942
2022-12-26 16:00:00,0.1702082606913559,0.46714267925941055
2022-12-26 17:00:00,0.16534010620479728,0.4670024025886859
2022-12-26 18:00:00,0.1682670987114896,0.46686824625147083
2022-12-26 19:00:00,0.17329735797715923,0.46673046637317694
2022-12-26 20:00:00,0.17511055562698702,0.4665864339294907
2022-12-26 21:00:00,0.1710512747315971,0.4664401703065488
2022-12-26 22:00:00,0.17306987896121956,0.46629901616163155
2022-12-26 23:00:00,0.16421076107728483,0.4661553741974133
2022-12-27 00:00:00,0.16161607597060668,0.4660228416255984
2022-12-27 01:00:00,0.16431395627641926,0.4658935879642594
2022-12-27 02:00:00,0.1620120886645219,0.4657609975656564
2022-12-27 03:00:00,0.15837317915451005,0.4656313201736942
2022-12-27 04:00:00,0.1576445312415926,0.46550622714973444
2022-12-27 05:00:00,0.1572962126393115,0.46538208072575155
2022-12-27 06:00:00,0.1569110661420809,0.4652584055490596
2022-12-27 07:00:00,0.15625690029985484,0.4651352477134612
2022-12-27 08:00:00,0.1633128510555825,0.46501294355205297
2022-12-27 09:00:00,0.1685119314042994,0.46488185547798444
2022-12-27 10:00:00,0.17772316794251541,0.46474430463814276
2022-12-27 11:00:00,0.1810258616727714,0.46459527589615085
2022-12-27 12:00:00,0.17972164425144743,0.4644421549893599
2022-12-27 13:00:00,0.17914640892560502,0.46429070061553207
2022-12-27 14:00:00,0.1756645665843682,0.4641400016058519
2022-12-27 15:00:00,0.17174171149074782,0.46399369127787393
2022-12-27 16:00:00,0.169778407190431,0.4638523209563052
2022-12-27 17:00:00,0.167541725465296,0.46371344126140185
2022-12-27 18:00:00,0.16963985300561052,0.463577393973674
2022-12-27 19:00:00,0.17090332220112697,0.46343876064024997
2022-12-27 20:00:00,0.1768987359197784,0.4632985846427522
2022-12-27 21:00:00,0.1773312849201492,0.46315095110919935
2022-12-27 22:00:00,0.16813930926699536,0.4630028136791428
2022-12-27 23:00:00,0.16335577010256663,0.46286620306703424
2022-12-28 00:00:00,0.15793738999098555,0.4627356087858785
2022-12-28 01:00:00,0.16096711290737187,0.46261182444545623
2022-12-28 02:00:00,0.16178990925668413,0.46248428997556024
2022-12-28 03:00:00,0.16050352881458502,0.46235576409295803
2022-12-28 04:00:00,0.1638902927237289,0.46222888332717854
2022-12-28 05:00:00,0.1627180305147199,0.4620978063063032
2022-12-28 06:00:00,0.16426340504806988,0.46196823187148106
2022-12-28 07:00:00,0.16849200462582856,0.4618367630352664
2022-12-28 08:00:00,0.16415302300219406,0.46170004582481666
2022-12-28 09:00:00,0.16790202784481925,0.4615687897750774
2022-12-28 10:00:00,0.1732448775953841,0.46143288496139034
2022-12-28 11:00:00,0.17888537261781573,0.46129033913602574
2022-12-28 12:00:00,0.18408133550038802,0.46114078030077965
2022-12-28 13:00:00,0.18163953026086382,0.4609847641791935
2022-12-28 14:00:00,0.17662332372991874,0.46083183803976707
2022-12-28 15:00:00,0.16740168817840184,0.46068521994244244
2022-12-28 16:00:00,0.16431301458681555,0.46055016673180366
2022-12-28 17:00:00,0.16435608044216565,0.4604190122636897
2022-12-28 18:00:00,0.16563931990700245,0.46028784192206124
2022-12-28 19:00:00,0.1693940344170724,0.46015510554815625
2022-12-28 20:00:00,0.1731492419840785,0.4600177138563985
2022-12-28 21:00:00,0.16741656259497378,0.4598756662886775
2022-12-28 22:00:00,0.16453487806192624,0.45974082276187944
2022-12-28 23:00:00,0.16353708252464397,0.45960961959060576
2022-12-29 00:00:00,0.1567178995015677,0.4594797019717634
2022-12-29 01:00:00,0.15909100468863308,0.45935834669784176
2022-12-29 02:00:00,0.1583090313319705,0.4592340634666904
2022-12-29 03:00:00,0.15585107796873485,0.4591107961845815
2022-12-29 04:00:00,0.15716969064278688,0.45899063988459604
2022-12-29 05:00:00,0.15894704095143036,0.45886887391724035
2022-12-29 06:00:00,0.15858614654664033,0.4587449249185042
2022-12-29 07:00:00,0.1582289450685333,0.4586214657522926
2022-12-29 08:00:00,0.15794897477706626,0.45849849186044045
2022-12-29 09:00:00,0.16353087379233533,0.45837590676193773
2022-12-29 10:00:00,0.1727132488879542,0.45824638317810434
2022-12-29 11:00:00,0.17456278599533542,0.45810542057177317
2022-12-29 12:00:00,0.1768416388964975,0.45796218504834285
2022-12-29 13:00:00,0.17905145439766845,0.4578161400209643
2022-12-29 14:00:00,0.17930044738024792,0.4576673718442607
2022-12-29 15:00:00,0.17071810596731923,0.4575183316042332
2022-12-29 16:00:00,0.16854674948465886,0.45738005852670915
2022-12-29 17:00:00,0.1641340386445285,0.4572445389383383
2022-12-29 18:00:00,0.16568711891610394,0.4571145745898599
2022-12-29 19:00:00,0.16946571899922663,0.4569827083001565
2022-12-29 20:00:00,0.17111319111107226,0.4568461582272157
2022-12-29 21:00:00,0.16687154892694955,0.45670758833873315
2022-12-29 22:00:00,0.1637021061716515,0.45657436008529007
2022-12-29 23:00:00,0.1580004689287371,0.4564451332752914
2022-12-30 00:00:00,0.15513644801656265,0.45632307320951715
2022-12-30 01:00:00,0.1541112530065714,0.456204632925204
2022-12-30 02:00:00,0.15592114683669683,0.45608751394760394
2022-12-30 03:00:00,0.15457003474791875,0.4559681724732759
2022-12-30 04:00:00,0.1552769473845942,0.4558505598172073
2022-12-30 05:00:00,0.15573482991150817,0.4557321035060593
2022-12-30 06:00:00,0.15624892166029175,0.4556131148850167
2022-12-30 07:00:00,0.1580987454136939,0.4554935237500791
2022-12-30 08:00:00,0.1603966008158228,0.4553716604937471
2022-12-30 09:00:00,0.16640091186435196,0.4552469651339454
2022-12-30 10:00:00,0.17186157914652944,0.45511480465858095
2022-12-30 11:00:00,0.1741885871251746,0.45497585867980594
2022-12-30 12:00:00,0.17491962197823385,0.45483404432917335
2022-12-30 13:00:00,0.17531123642070556,0.4546913566304928
2022-12-30 14:00:00,0.16554481944206856,0.4545482199166595
2022-12-30 15:00:00,0.1623826710638791,0.4544173317843109
2022-12-30 16:00:00,0.16127722373280473,0.45429043695503657
2022-12-30 17:00:00,0.1587239550717574,0.454164964609847
2022-12-30 18:00:00,0.15920180030239034,0.45404272458270306
2022-12-30 19:00:00,0.16149291313907052,0.45391992803851755
2022-12-30 20:00:00,0.1658796419784922,0.4537943084500394
2022-12-30 21:00:00,0.16673395208180186,0.45366324635450056
2022-12-30 22:00:00,0.15960057421698773,0.4535311573325356
2022-12-30 23:00:00,0.1547587113557285,0.45340802605129793
2022-12-31 00:00:00,0.1503886511878831,0.45329098817420543
2022-12-31 01:00:00,0.14562286462283372,0.45317945400504234
2022-12-31 02:00:00,0.1416451116668424,0.4530739182589351
2022-12-31 03:00:00,0.13922424401740832,0.45297339595098113
2022-12-31 04:00:00,0.13887816001691744,0.45287594103163475
2022-12-31 05:00:00,0.13878997801908982,0.452778960078401
2022-12-31 06:00:00,0.1388042981967529,0.45268213077082164
2022-12-31 07:00:00,0.1375420785467178,0.45258532503820087
2022-12-31 08:00:00,0.13230924295148594,0.45249013861232573
2022-12-31 09:00:00,0.13819918112523571,0.45240153482010864
2022-12-31 10:00:00,0.1422543746680916,0.45230561025129795
2022-12-31 11:00:00,0.14693446184986372,0.45220465839362045
2022-12-31 12:00:00,0.14771177243720388,0.4520978981869442
2022-12-31 13:00:00,0.14905262944392417,0.4519902081589074
2022-12-31 14:00:00,0.14800985265097538,0.45188088393335957
2022-12-31 15:00:00,0.14219484888136333,0.45177290510940243
2022-12-31 16:00:00,0.13779359068426864,0.4516722370275874
2022-12-31 17:00:00,0.1345360155218019,0.45157711256275784
2022-12-31 18:00:00,0.13529294552443,0.4514861021679078
2022-12-31 19:00:00,0.13742841950100515,0.4513941877683466
2022-12-31 20:00:00,0.14055892001946912,0.4512996462408509
2022-12-31 21:00:00,0.14124652610219718,0.4512012338589655
2022-12-31 22:00:00,0.13843494036334625,0.4511020042974357
2022-12-31 23:00:00,0.1348055518184378,0.4510063316027172
2023-01-01 00:00:00,0.12985652168176431,0.4509152380849745
