0,0.8879
1,0.9009
2,0.9178
3,0.9177
4,0.926
5,0.9452
6,0.9504
7,0.9512
8,0.9525
9,0.9565
10,0.9638
11,0.9734
12,0.9794
13,0.9825
14,0.9834
15,0.9839
16,0.9836
17,0.9818
18,0.9802
19,0.9799
20,0.9812
21,0.9829
22,0.9833
23,0.9821
24,0.9802
25,0.9765
26,0.9712
27,0.9612
28,0.9441
29,0.9212
30,0.8871
31,0.8299
32,0.753
33,0.6643
34,0.5768
35,0.5146
36,0.4801
37,0.4573
38,0.44
39,0.4165
40,0.3943
41,0.3734
42,0.3535
43,0.3379
44,0.3288
45,0.33
46,0.3426
47,0.3584
48,0.3789
49,0.3943
50,0.3979
51,0.4005
52,0.4148
53,0.4155
54,0.395
55,0.3549
56,0.2959
57,0.2508
58,0.2181
59,0.1892
60,0.1609
61,0.146
62,0.1458
63,0.1436
64,0.1218
65,0.0804
66,0.067
67,0.0981
68,0.1299
69,0.1469
70,0.1619
71,0.2062
72,0.2806
73,0.3464
74,0.4218
75,0.5119
76,0.5953
77,0.6525
78,0.6836
79,0.6893
80,0.6726
81,0.6465
82,0.6398
83,0.6374
84,0.6375
85,0.6292
86,0.6221
87,0.6442
88,0.6641
89,0.6749
90,0.6846
91,0.6975
92,0.7152
93,0.7552
94,0.7924
95,0.8143
96,0.8377
97,0.8603
98,0.8663
99,0.8656
100,0.8572
101,0.8472
102,0.8358
103,0.8208
104,0.7955
105,0.7653
106,0.7341
107,0.694
108,0.6636
109,0.6125
110,0.5663
111,0.5181
112,0.4944
113,0.4669
114,0.46
115,0.4624
116,0.4693
117,0.4743
118,0.477
119,0.4719
120,0.4505
121,0.4213
122,0.3875
123,0.3623
124,0.3317
125,0.3058
126,0.2851
127,0.2849
128,0.278
129,0.2445
130,0.216
131,0.2066
132,0.2136
133,0.2322
134,0.248
135,0.2548
136,0.2496
137,0.2213
138,0.1997
139,0.226
140,0.2591
141,0.2679
142,0.265
143,0.2907
144,0.2935
145,0.2855
146,0.2522
147,0.2255
148,0.1983
149,0.1873
150,0.161
151,0.1451
152,0.1564
153,0.1904
154,0.2915
155,0.4498
156,0.5906
157,0.6803
158,0.6969
159,0.7248
160,0.7908
161,0.847
162,0.9083
163,0.9188
164,0.9229
165,0.9351
166,0.947
167,0.9554
168,0.9611
169,0.9642
170,0.963
171,0.9595
172,0.9563
173,0.9622
174,0.9586
175,0.945
176,0.9018
177,0.8925
178,0.906
179,0.9285
180,0.9448
181,0.9505
182,0.9546
183,0.9557
184,0.9514
185,0.9447
186,0.9401
187,0.9312
188,0.9206
189,0.9133
190,0.9108
191,0.9065
192,0.8994
193,0.8888
194,0.875
195,0.8624
196,0.8575
197,0.8532
198,0.8551
199,0.8672
200,0.8745
201,0.8699
202,0.8577
203,0.8412
204,0.8265
205,0.8173
206,0.7879
207,0.7555
208,0.7359
209,0.709
210,0.6568
211,0.5819
212,0.5322
213,0.4386
214,0.3604
215,0.2849
216,0.2195
217,0.1803
218,0.1505
219,0.1174
220,0.0818
221,0.0567
222,0.0342
223,0.016
224,0.006
225,0.0028
226,0.0057
227,0.0202
228,0.0441
229,0.0651
230,0.0789
231,0.0901
232,0.1051
233,0.1272
234,0.1432
235,0.1446
236,0.1406
237,0.1572
238,0.1979
239,0.2656
240,0.3271
241,0.3849
242,0.4604
243,0.5204
244,0.5414
245,0.5266
246,0.5615
247,0.6073
248,0.6305
249,0.6471
250,0.687
251,0.7198
252,0.7512
253,0.779
254,0.7702
255,0.7586
256,0.7441
257,0.7268
258,0.697
259,0.6645
260,0.6308
261,0.5813
262,0.5204
263,0.4681
264,0.4511
265,0.4756
266,0.5188
267,0.5493
268,0.5828
269,0.5871
270,0.5843
271,0.6648
272,0.7399
273,0.7676
274,0.7856
275,0.7596
276,0.7487
277,0.7535
278,0.7853
279,0.8315
280,0.8553
281,0.8536
282,0.8303
283,0.7951
284,0.7571
285,0.6993
286,0.6452
287,0.5969
288,0.5431
289,0.5276
290,0.5414
291,0.5601
292,0.5958
293,0.6825
294,0.7723
295,0.8165
296,0.828
297,0.8473
298,0.862
299,0.8992
300,0.9356
301,0.9554
302,0.9641
303,0.968
304,0.9686
305,0.9674
306,0.9646
307,0.9571
308,0.94
309,0.9335
310,0.9322
311,0.9243
312,0.9099
313,0.9001
314,0.9055
315,0.9175
316,0.9307
317,0.9428
318,0.9494
319,0.9501
320,0.9446
321,0.9367
322,0.9277
323,0.9195
324,0.9177
325,0.9181
326,0.913
327,0.9012
328,0.8794
329,0.8477
330,0.7984
331,0.7285
332,0.6516
333,0.6567
334,0.7299
335,0.8027
336,0.8514
337,0.8621
338,0.839
339,0.7917
340,0.7367
341,0.6861
342,0.6647
343,0.7016
344,0.7506
345,0.7816
346,0.7913
347,0.8027
348,0.8325
349,0.8563
350,0.8396
351,0.8145
352,0.8079
353,0.8052
354,0.7904
355,0.7938
356,0.8175
357,0.8169
358,0.8033
359,0.7906
360,0.767
361,0.7343
362,0.7264
363,0.7254
364,0.7313
365,0.74
366,0.7723
367,0.8035
368,0.8039
369,0.819
370,0.8552
371,0.8618
372,0.859
373,0.8651
374,0.8864
375,0.8961
376,0.8997
377,0.8949
378,0.8739
379,0.8285
380,0.7681
381,0.7025
382,0.6668
383,0.6774
384,0.7117
385,0.7423
386,0.7768
387,0.8023
388,0.8236
389,0.8208
390,0.77
391,0.6848
392,0.6076
393,0.5914
394,0.5953
395,0.5947
396,0.5764
397,0.5479
398,0.5438
399,0.5823
400,0.6228
401,0.638
402,0.6482
403,0.6632
404,0.6597
405,0.6333
406,0.5542
407,0.41
408,0.2675
409,0.1845
410,0.1649
411,0.1823
412,0.2108
413,0.2183
414,0.1893
415,0.1501
416,0.1164
417,0.0892
418,0.0674
419,0.0554
420,0.0538
421,0.0564
422,0.058
423,0.0582
424,0.0601
425,0.0624
426,0.0636
427,0.0628
428,0.0611
429,0.0616
430,0.0674
431,0.0766
432,0.0871
433,0.0996
434,0.1144
435,0.1243
436,0.1354
437,0.1512
438,0.1705
439,0.1883
440,0.2002
441,0.2004
442,0.1872
443,0.1677
444,0.1434
445,0.1236
446,0.1143
447,0.1146
448,0.12
449,0.1269
450,0.1317
451,0.1309
452,0.1214
453,0.1079
454,0.0906
455,0.0716
456,0.0548
457,0.0406
458,0.028
459,0.0173
460,0.0091
461,0.0065
462,0.0064
463,0.0077
464,0.01
465,0.0109
466,0.011
467,0.0107
468,0.0113
469,0.012
470,0.0124
471,0.0131
472,0.0157
473,0.021
474,0.03
475,0.0431
476,0.0614
477,0.0843
478,0.1118
479,0.1415
480,0.1724
481,0.2072
482,0.2443
483,0.2623
484,0.2569
485,0.2282
486,0.1949
487,0.166
488,0.1486
489,0.15
490,0.1509
491,0.1489
492,0.1484
493,0.146
494,0.134
495,0.113
496,0.0877
497,0.0647
498,0.0544
499,0.0542
500,0.0686
501,0.0972
502,0.1404
503,0.1971
504,0.2597
505,0.3201
506,0.3694
507,0.4053
508,0.4336
509,0.4618
510,0.5014
511,0.5502
512,0.5968
513,0.6305
514,0.6556
515,0.6639
516,0.6595
517,0.651
518,0.6453
519,0.6412
520,0.6242
521,0.5933
522,0.5503
523,0.4981
524,0.4488
525,0.4087
526,0.3768
527,0.3415
528,0.2986
529,0.2546
530,0.2171
531,0.1871
532,0.163
533,0.1468
534,0.1345
535,0.122
536,0.1072
537,0.0883
538,0.0637
539,0.0464
540,0.0392
541,0.0387
542,0.042
543,0.0487
544,0.0545
545,0.0585
546,0.0622
547,0.0677
548,0.0687
549,0.0624
550,0.0521
551,0.0415
552,0.0312
553,0.0239
554,0.02
555,0.0171
556,0.0138
557,0.014
558,0.0188
559,0.0273
560,0.0344
561,0.0387
562,0.0385
563,0.0315
564,0.0233
565,0.018
566,0.0163
567,0.0161
568,0.0158
569,0.0164
570,0.0171
571,0.0162
572,0.014
573,0.0111
574,0.0083
575,0.0057
576,0.0036
577,0.002
578,0.0004
579,0.0
580,0.0001
581,0.0022
582,0.0109
583,0.0293
584,0.058
585,0.1394
586,0.2191
587,0.2762
588,0.3487
589,0.4104
590,0.4772
591,0.5394
592,0.5631
593,0.5344
594,0.4438
595,0.3725
596,0.3227
597,0.3081
598,0.3565
599,0.4145
600,0.4327
601,0.3925
602,0.3301
603,0.2809
604,0.2437
605,0.2115
606,0.178
607,0.1587
608,0.14
609,0.1185
610,0.1057
611,0.1199
612,0.1586
613,0.2054
614,0.2643
615,0.3141
616,0.3682
617,0.4305
618,0.4913
619,0.5117
620,0.5418
621,0.5828
622,0.6336
623,0.6476
624,0.6585
625,0.6836
626,0.6846
627,0.6524
628,0.5699
629,0.492
630,0.4506
631,0.4166
632,0.4
633,0.3538
634,0.2944
635,0.2335
636,0.1892
637,0.1712
638,0.1603
639,0.1471
640,0.1382
641,0.1342
642,0.13
643,0.1271
644,0.1191
645,0.1075
646,0.0944
647,0.0795
648,0.0561
649,0.0369
650,0.0258
651,0.0237
652,0.0402
653,0.1181
654,0.2702
655,0.4349
656,0.5639
657,0.6444
658,0.6642
659,0.6636
660,0.6595
661,0.653
662,0.6421
663,0.63
664,0.6003
665,0.5542
666,0.4973
667,0.4438
668,0.4055
669,0.3775
670,0.3504
671,0.3311
672,0.3113
673,0.2862
674,0.2656
675,0.2436
676,0.2238
677,0.2208
678,0.2305
679,0.2472
680,0.2742
681,0.3155
682,0.3623
683,0.3979
684,0.4042
685,0.3922
686,0.3774
687,0.3653
688,0.3609
689,0.3694
690,0.3772
691,0.3714
692,0.3555
693,0.3455
694,0.342
695,0.3375
696,0.3358
697,0.3321
698,0.3264
699,0.3184
700,0.3139
701,0.3164
702,0.331
703,0.3478
704,0.356
705,0.3484
706,0.3392
707,0.3312
708,0.3286
709,0.3454
710,0.3807
711,0.4169
712,0.4323
713,0.4242
714,0.3965
715,0.3596
716,0.3197
717,0.29
718,0.2698
719,0.2501
720,0.2259
721,0.2042
722,0.1937
723,0.1901
724,0.1877
725,0.1897
726,0.1871
727,0.1875
728,0.1916
729,0.212
730,0.2506
731,0.2928
732,0.3326
733,0.3613
734,0.3628
735,0.3291
736,0.2766
737,0.2475
738,0.2356
739,0.2231
740,0.2292
741,0.2608
742,0.3012
743,0.3355
744,0.3793
745,0.4336
746,0.499
747,0.5489
748,0.592
749,0.6331
750,0.6584
751,0.6715
752,0.6634
753,0.6408
754,0.6135
755,0.5697
756,0.5282
757,0.5024
758,0.4952
759,0.4749
760,0.4287
761,0.3452
762,0.2599
763,0.2187
764,0.213
765,0.2109
766,0.1878
767,0.1549
768,0.1345
769,0.1322
770,0.1383
771,0.1455
772,0.157
773,0.1657
774,0.1685
775,0.1678
776,0.1664
777,0.1625
778,0.156
779,0.1449
780,0.1446
781,0.1524
782,0.151
783,0.1389
784,0.1276
785,0.127
786,0.1408
787,0.1681
788,0.2016
789,0.2398
790,0.2746
791,0.3081
792,0.3392
793,0.3683
794,0.3866
795,0.3702
796,0.3188
797,0.2561
798,0.2061
799,0.1749
800,0.1568
801,0.1589
802,0.1682
803,0.1866
804,0.2182
805,0.2372
806,0.2273
807,0.1975
808,0.173
809,0.1575
810,0.1521
811,0.1746
812,0.2274
813,0.2836
814,0.3236
815,0.3627
816,0.4053
817,0.4643
818,0.5397
819,0.5947
820,0.647
821,0.6778
822,0.694
823,0.7088
824,0.731
825,0.7734
826,0.8244
827,0.8699
828,0.9033
829,0.9215
830,0.9315
831,0.9385
832,0.9415
833,0.9385
834,0.9143
835,0.8602
836,0.7755
837,0.7011
838,0.6591
839,0.6451
840,0.6291
841,0.627
842,0.6213
843,0.5976
844,0.5618
845,0.5318
846,0.4998
847,0.4682
848,0.4439
849,0.4479
850,0.4396
851,0.4254
852,0.4104
853,0.3855
854,0.3525
855,0.2955
856,0.233
857,0.2031
858,0.2119
859,0.2513
860,0.306
861,0.3617
862,0.4067
863,0.4328
864,0.4949
865,0.5749
866,0.6511
867,0.6962
868,0.6993
869,0.7078
870,0.6876
871,0.6467
872,0.5866
873,0.5203
874,0.4611
875,0.4129
876,0.3779
877,0.3454
878,0.2913
879,0.2457
880,0.2099
881,0.1925
882,0.1766
883,0.1473
884,0.1189
885,0.0968
886,0.0881
887,0.0918
888,0.1203
889,0.1735
890,0.2751
891,0.4135
892,0.5707
893,0.6591
894,0.7199
895,0.7542
896,0.7757
897,0.8102
898,0.8595
899,0.9054
900,0.9223
901,0.9311
902,0.9356
903,0.9377
904,0.9332
905,0.9128
906,0.8901
907,0.8855
908,0.8896
909,0.8928
910,0.882
911,0.8616
912,0.8327
913,0.7772
914,0.7201
915,0.671
916,0.6339
917,0.6215
918,0.6422
919,0.6509
920,0.6987
921,0.7737
922,0.8173
923,0.8333
924,0.8501
925,0.8625
926,0.8817
927,0.9105
928,0.9352
929,0.9457
930,0.9518
931,0.9559
932,0.9574
933,0.9544
934,0.9471
935,0.943
936,0.9274
937,0.9107
938,0.9043
939,0.8962
940,0.8841
941,0.8956
942,0.9119
943,0.9236
944,0.9352
945,0.949
946,0.9653
947,0.9641
948,0.9636
949,0.9658
950,0.9737
951,0.9796
952,0.9796
953,0.976
954,0.9683
955,0.9536
956,0.9262
957,0.9011
958,0.8741
959,0.8313
960,0.7845
961,0.7424
962,0.6853
963,0.5968
964,0.5186
965,0.4416
966,0.3658
967,0.3174
968,0.2544
969,0.161
970,0.0993
971,0.072
972,0.0674
973,0.0949
974,0.151
975,0.2046
976,0.2687
977,0.3466
978,0.4393
979,0.5207
980,0.5986
981,0.6274
982,0.6485
983,0.6917
984,0.7185
985,0.7286
986,0.7251
987,0.7215
988,0.7328
989,0.7527
990,0.8027
991,0.827
992,0.8395
993,0.8355
994,0.8325
995,0.829
996,0.8364
997,0.833
998,0.8186
999,0.8026
1000,0.7829
1001,0.7507
1002,0.7038
1003,0.6798
1004,0.6811
1005,0.6797
1006,0.6581
1007,0.6377
1008,0.6402
1009,0.6523
1010,0.6373
1011,0.5731
1012,0.4757
1013,0.3657
1014,0.2614
1015,0.1877
1016,0.1487
1017,0.1264
1018,0.1305
1019,0.1574
1020,0.198
1021,0.2437
1022,0.2821
1023,0.3322
1024,0.3877
1025,0.4382
1026,0.4743
1027,0.5101
1028,0.5615
1029,0.6105
1030,0.6246
1031,0.625
1032,0.6258
1033,0.6018
1034,0.574
1035,0.5285
1036,0.5017
1037,0.4904
1038,0.4833
1039,0.4635
1040,0.4664
1041,0.4712
1042,0.4976
1043,0.5264
1044,0.5491
1045,0.5515
1046,0.5435
1047,0.5265
1048,0.5009
1049,0.4985
1050,0.5024
1051,0.4734
1052,0.448
1053,0.4167
1054,0.3751
1055,0.3539
1056,0.3508
1057,0.3574
1058,0.3428
1059,0.3039
1060,0.2558
1061,0.2288
1062,0.2179
1063,0.2261
1064,0.2536
1065,0.2838
1066,0.2984
1067,0.2937
1068,0.2742
1069,0.2437
1070,0.204
1071,0.1697
1072,0.1469
1073,0.1309
1074,0.1171
1075,0.1156
1076,0.1287
1077,0.1489
1078,0.1698
1079,0.1803
1080,0.1734
1081,0.1599
1082,0.1434
1083,0.1249
1084,0.1107
1085,0.1088
1086,0.1199
1087,0.1421
1088,0.1624
1089,0.1667
1090,0.164
1091,0.1652
1092,0.1746
1093,0.1937
1094,0.2242
1095,0.2819
1096,0.3544
1097,0.4183
1098,0.455
1099,0.46
1100,0.4424
1101,0.4223
1102,0.4101
1103,0.3984
1104,0.3844
1105,0.3705
1106,0.3595
1107,0.3596
1108,0.3762
1109,0.3958
1110,0.4086
1111,0.4248
1112,0.4455
1113,0.4569
1114,0.4564
1115,0.4548
1116,0.4419
1117,0.43
1118,0.3984
1119,0.3774
1120,0.3727
1121,0.3649
1122,0.3531
1123,0.3385
1124,0.318
1125,0.3005
1126,0.2922
1127,0.2888
1128,0.28
1129,0.2678
1130,0.2598
1131,0.2431
1132,0.2267
1133,0.2102
1134,0.1969
1135,0.1886
1136,0.1905
1137,0.1915
1138,0.199
1139,0.2177
1140,0.2424
1141,0.2741
1142,0.3089
1143,0.3706
1144,0.4432
1145,0.4892
1146,0.4966
1147,0.4804
1148,0.4554
1149,0.433
1150,0.4135
1151,0.3909
1152,0.3648
1153,0.341
1154,0.3165
1155,0.288
1156,0.2705
1157,0.2713
1158,0.2791
1159,0.2827
1160,0.2733
1161,0.2576
1162,0.24
1163,0.2295
1164,0.2257
1165,0.2326
1166,0.2385
1167,0.2471
1168,0.2622
1169,0.2772
1170,0.2914
1171,0.3034
1172,0.3187
1173,0.3215
1174,0.3391
1175,0.3561
1176,0.3908
1177,0.4282
1178,0.4648
1179,0.4811
1180,0.5025
1181,0.5511
1182,0.624
1183,0.6214
1184,0.6502
1185,0.6909
1186,0.7188
1187,0.7153
1188,0.6932
1189,0.6736
1190,0.666
1191,0.6369
1192,0.6091
1193,0.5909
1194,0.5707
1195,0.5496
1196,0.5336
1197,0.527
1198,0.5052
1199,0.471
1200,0.4527
1201,0.4377
1202,0.4312
1203,0.4162
1204,0.3901
1205,0.3584
1206,0.31
1207,0.298
1208,0.3172
1209,0.3504
1210,0.3853
1211,0.4116
1212,0.4355
1213,0.4705
1214,0.5245
1215,0.5672
1216,0.5904
1217,0.5721
1218,0.5585
1219,0.5393
1220,0.5282
1221,0.5012
1222,0.4888
1223,0.5056
1224,0.515
1225,0.521
1226,0.5327
1227,0.5391
1228,0.5541
1229,0.5403
1230,0.492
1231,0.4381
1232,0.4342
1233,0.4589
1234,0.4568
1235,0.4163
1236,0.3673
1237,0.3264
1238,0.2954
1239,0.2759
1240,0.254
1241,0.2379
1242,0.223
1243,0.2092
1244,0.1912
1245,0.1928
1246,0.2019
1247,0.1884
1248,0.1577
1249,0.1266
1250,0.1056
1251,0.099
1252,0.0975
1253,0.1023
1254,0.118
1255,0.1461
1256,0.1704
1257,0.184
1258,0.1889
1259,0.1964
1260,0.2033
1261,0.1909
1262,0.174
1263,0.1704
1264,0.1667
1265,0.1413
1266,0.1272
1267,0.1585
1268,0.2117
1269,0.2286
1270,0.2247
1271,0.2172
1272,0.216
1273,0.2125
1274,0.2186
1275,0.2133
1276,0.2021
1277,0.184
1278,0.1642
1279,0.1514
1280,0.1425
1281,0.1333
1282,0.1265
1283,0.1197
1284,0.1118
1285,0.1031
1286,0.098
1287,0.1057
1288,0.1395
1289,0.1914
1290,0.2281
1291,0.2284
1292,0.2041
1293,0.1726
1294,0.1466
1295,0.1298
1296,0.1183
1297,0.1077
1298,0.093
1299,0.0723
1300,0.0519
1301,0.0405
1302,0.0382
1303,0.0396
1304,0.0398
1305,0.0382
1306,0.0362
1307,0.0353
1308,0.0332
1309,0.0305
1310,0.0271
1311,0.0277
1312,0.0336
1313,0.0373
1314,0.037
1315,0.0315
1316,0.0235
1317,0.0179
1318,0.0158
1319,0.0118
1320,0.0082
1321,0.0084
1322,0.0089
1323,0.0112
1324,0.0139
1325,0.0149
1326,0.0152
1327,0.0162
1328,0.015
1329,0.0157
1330,0.0196
1331,0.0247
1332,0.033
1333,0.0455
1334,0.0563
1335,0.0634
1336,0.0719
1337,0.0796
1338,0.081
1339,0.0793
1340,0.0749
1341,0.0748
1342,0.0771
1343,0.0785
1344,0.0811
1345,0.0794
1346,0.0702
1347,0.0612
1348,0.0543
1349,0.0442
1350,0.0339
1351,0.0211
1352,0.0113
1353,0.0117
1354,0.026
1355,0.052
1356,0.0806
1357,0.0994
1358,0.1006
1359,0.0887
1360,0.0727
1361,0.0563
1362,0.0437
1363,0.0381
1364,0.0402
1365,0.046
1366,0.0593
1367,0.0823
1368,0.1069
1369,0.1263
1370,0.1339
1371,0.1294
1372,0.123
1373,0.1164
1374,0.1035
1375,0.0877
1376,0.0758
1377,0.0825
1378,0.1092
1379,0.144
1380,0.1771
1381,0.2058
1382,0.2374
1383,0.2785
1384,0.3249
1385,0.3586
1386,0.3715
1387,0.3723
1388,0.375
1389,0.3789
1390,0.3777
1391,0.3728
1392,0.3621
1393,0.3425
1394,0.307
1395,0.2555
1396,0.2174
1397,0.1863
1398,0.1604
1399,0.1365
1400,0.1083
1401,0.0869
1402,0.066
1403,0.0528
1404,0.0434
1405,0.0326
1406,0.0281
1407,0.0286
1408,0.0304
1409,0.0309
1410,0.0287
1411,0.024
1412,0.0172
1413,0.0126
1414,0.0128
1415,0.0206
1416,0.0361
1417,0.0584
1418,0.0928
1419,0.1467
1420,0.2031
1421,0.2348
1422,0.233
1423,0.217
1424,0.2189
1425,0.2475
1426,0.2723
1427,0.2624
1428,0.2295
1429,0.1975
1430,0.1852
1431,0.1774
1432,0.1539
1433,0.1193
1434,0.0985
1435,0.095
1436,0.092
1437,0.0776
1438,0.0553
1439,0.0414
1440,0.0421
1441,0.0531
1442,0.068
1443,0.0751
1444,0.0711
1445,0.0628
1446,0.0631
1447,0.0774
1448,0.0971
1449,0.1151
1450,0.1434
1451,0.1797
1452,0.229
1453,0.2889
1454,0.3391
1455,0.3919
1456,0.4613
1457,0.5226
1458,0.569
1459,0.6359
1460,0.6862
1461,0.7157
1462,0.744
1463,0.7478
1464,0.7677
1465,0.8457
1466,0.8822
1467,0.89
1468,0.8387
1469,0.7718
1470,0.7059
1471,0.6793
1472,0.6603
1473,0.6182
1474,0.5698
1475,0.5451
1476,0.5084
1477,0.4719
1478,0.4188
1479,0.3485
1480,0.3181
1481,0.3562
1482,0.4674
1483,0.5999
1484,0.6996
1485,0.776
1486,0.8051
1487,0.86
1488,0.9202
1489,0.9244
1490,0.9198
1491,0.9154
1492,0.9209
1493,0.9249
1494,0.923
1495,0.9078
1496,0.8899
1497,0.9081
1498,0.9355
1499,0.9538
1500,0.9689
1501,0.9724
1502,0.9723
1503,0.9687
1504,0.9736
1505,0.9806
1506,0.9823
1507,0.9767
1508,0.9597
1509,0.9229
1510,0.8893
1511,0.8685
1512,0.8513
1513,0.8285
1514,0.8086
1515,0.7887
1516,0.769
1517,0.7382
1518,0.6922
1519,0.6541
1520,0.6279
1521,0.6223
1522,0.623
1523,0.6143
1524,0.5981
1525,0.5598
1526,0.4896
1527,0.4242
1528,0.4037
1529,0.3812
1530,0.3376
1531,0.3162
1532,0.3257
1533,0.3158
1534,0.3174
1535,0.3677
1536,0.3837
1537,0.3535
1538,0.3257
1539,0.3199
1540,0.3365
1541,0.3737
1542,0.4355
1543,0.5008
1544,0.5506
1545,0.5884
1546,0.6373
1547,0.665
1548,0.6852
1549,0.7208
1550,0.7577
1551,0.7516
1552,0.7683
1553,0.7579
1554,0.727
1555,0.7257
1556,0.6607
1557,0.6239
1558,0.5962
1559,0.5831
1560,0.5625
1561,0.5182
1562,0.5177
1563,0.5448
1564,0.5686
1565,0.5856
1566,0.5808
1567,0.556
1568,0.4929
1569,0.4955
1570,0.6079
1571,0.7886
1572,0.8553
1573,0.8742
1574,0.8927
1575,0.8904
1576,0.8968
1577,0.9131
1578,0.919
1579,0.9038
1580,0.8651
1581,0.8128
1582,0.7691
1583,0.7355
1584,0.7543
1585,0.782
1586,0.8233
1587,0.8772
1588,0.918
1589,0.9381
1590,0.9265
1591,0.8973
1592,0.8651
1593,0.8291
1594,0.7568
1595,0.6372
1596,0.5414
1597,0.5122
1598,0.5268
1599,0.5221
1600,0.5357
1601,0.5656
1602,0.5618
1603,0.5529
1604,0.5747
1605,0.6261
1606,0.6634
1607,0.714
1608,0.7656
1609,0.8217
1610,0.8594
1611,0.8997
1612,0.923
1613,0.9405
1614,0.9542
1615,0.9528
1616,0.9408
1617,0.9299
1618,0.9176
1619,0.9071
1620,0.8823
1621,0.8436
1622,0.7891
1623,0.7572
1624,0.7547
1625,0.7736
1626,0.8012
1627,0.8407
1628,0.8818
1629,0.9061
1630,0.9164
1631,0.8992
1632,0.8456
1633,0.789
1634,0.7377
1635,0.6375
1636,0.4909
1637,0.3522
1638,0.2479
1639,0.178
1640,0.1318
1641,0.0929
1642,0.0664
1643,0.0504
1644,0.0411
1645,0.0563
1646,0.0809
1647,0.0974
1648,0.0996
1649,0.0947
1650,0.1086
1651,0.1613
1652,0.238
1653,0.3043
1654,0.3632
1655,0.4302
1656,0.4842
1657,0.5183
1658,0.5451
1659,0.5561
1660,0.5467
1661,0.5221
1662,0.4768
1663,0.4103
1664,0.3379
1665,0.2553
1666,0.1835
1667,0.1539
1668,0.1826
1669,0.2429
1670,0.3049
1671,0.3293
1672,0.3066
1673,0.2633
1674,0.2093
1675,0.1711
1676,0.1502
1677,0.159
1678,0.1728
1679,0.1759
1680,0.1714
1681,0.1878
1682,0.2196
1683,0.2698
1684,0.3876
1685,0.4997
1686,0.6558
1687,0.7612
1688,0.8272
1689,0.8701
1690,0.8982
1691,0.9093
1692,0.9089
1693,0.9086
1694,0.9137
1695,0.923
1696,0.9298
1697,0.9367
1698,0.9251
1699,0.8803
1700,0.8193
1701,0.7873
1702,0.8179
1703,0.848
1704,0.8837
1705,0.9192
1706,0.936
1707,0.9478
1708,0.9572
1709,0.9584
1710,0.9608
1711,0.9663
1712,0.9748
1713,0.9721
1714,0.9542
1715,0.9221
1716,0.8896
1717,0.8801
1718,0.8846
1719,0.8994
1720,0.9106
1721,0.9149
1722,0.9248
1723,0.9284
1724,0.9177
1725,0.8649
1726,0.7819
1727,0.6861
1728,0.6169
1729,0.5968
1730,0.5847
1731,0.6005
1732,0.6521
1733,0.7032
1734,0.7636
1735,0.8041
1736,0.8427
1737,0.8612
1738,0.8363
1739,0.7575
1740,0.6383
1741,0.5665
1742,0.6434
1743,0.7612
1744,0.8454
1745,0.8753
1746,0.8768
1747,0.8627
1748,0.84
1749,0.81
1750,0.7741
1751,0.7143
1752,0.6371
1753,0.5464
1754,0.4544
1755,0.4035
1756,0.4025
1757,0.4436
1758,0.4932
1759,0.5559
1760,0.6182
1761,0.6643
1762,0.7479
1763,0.8515
1764,0.9113
1765,0.9295
1766,0.9433
1767,0.958
1768,0.9672
1769,0.9738
1770,0.9718
1771,0.9667
1772,0.9591
1773,0.9417
1774,0.9251
1775,0.8991
1776,0.8563
1777,0.8096
1778,0.7584
1779,0.6982
1780,0.6263
1781,0.5529
1782,0.5009
1783,0.4097
1784,0.3164
1785,0.2889
1786,0.311
1787,0.3847
1788,0.5203
1789,0.6538
1790,0.7291
1791,0.7881
1792,0.836
1793,0.8614
1794,0.8839
1795,0.9132
1796,0.9357
1797,0.9494
1798,0.9582
1799,0.9691
1800,0.971
1801,0.9641
1802,0.9421
1803,0.8862
1804,0.8034
1805,0.7772
1806,0.8003
1807,0.8324
1808,0.8483
1809,0.8588
1810,0.8764
1811,0.8906
1812,0.906
1813,0.9153
1814,0.9207
1815,0.9263
1816,0.9317
1817,0.9367
1818,0.9367
1819,0.9237
1820,0.8997
1821,0.8683
1822,0.8565
1823,0.8684
1824,0.8812
1825,0.8935
1826,0.9028
1827,0.911
1828,0.9212
1829,0.9269
1830,0.9261
1831,0.9158
1832,0.9036
1833,0.8868
1834,0.8721
1835,0.8579
1836,0.8427
1837,0.8278
1838,0.8063
1839,0.7823
1840,0.7568
1841,0.718
1842,0.6792
1843,0.6513
1844,0.6204
1845,0.5769
1846,0.5047
1847,0.4393
1848,0.4052
1849,0.3994
1850,0.3821
1851,0.342
1852,0.3231
1853,0.3041
1854,0.2545
1855,0.1866
1856,0.1261
1857,0.0941
1858,0.0828
1859,0.0721
1860,0.0587
1861,0.0458
1862,0.0392
1863,0.0376
1864,0.0364
1865,0.0368
1866,0.0469
1867,0.0797
1868,0.1436
1869,0.2182
1870,0.2813
1871,0.3201
1872,0.3648
1873,0.3845
1874,0.3913
1875,0.3899
1876,0.4169
1877,0.4365
1878,0.4444
1879,0.4004
1880,0.3942
1881,0.3965
1882,0.3743
1883,0.3418
1884,0.3325
1885,0.3199
1886,0.2795
1887,0.244
1888,0.2241
1889,0.2148
1890,0.2089
1891,0.2134
1892,0.2264
1893,0.2465
1894,0.2699
1895,0.2838
1896,0.3003
1897,0.3167
1898,0.3275
1899,0.3442
1900,0.3745
1901,0.418
1902,0.4467
1903,0.4592
1904,0.4648
1905,0.4757
1906,0.4638
1907,0.4308
1908,0.4076
1909,0.382
1910,0.3533
1911,0.3234
1912,0.2892
1913,0.2498
1914,0.2067
1915,0.1687
1916,0.1416
1917,0.1316
1918,0.1106
1919,0.0764
1920,0.042
1921,0.0246
1922,0.0334
1923,0.0246
1924,0.0238
1925,0.052
1926,0.0825
1927,0.1184
1928,0.1553
1929,0.1689
1930,0.1611
1931,0.1497
1932,0.1419
1933,0.1322
1934,0.1222
1935,0.1236
1936,0.1256
1937,0.1244
1938,0.1187
1939,0.1234
1940,0.1237
1941,0.1348
1942,0.1396
1943,0.1506
1944,0.1666
1945,0.1785
1946,0.1869
1947,0.1878
1948,0.1808
1949,0.19
1950,0.1626
1951,0.1651
1952,0.2198
1953,0.2456
1954,0.2459
1955,0.2647
1956,0.2629
1957,0.2589
1958,0.2327
1959,0.1978
1960,0.1764
1961,0.1641
1962,0.1448
1963,0.1127
1964,0.0893
1965,0.0772
1966,0.0652
1967,0.057
1968,0.0476
1969,0.0371
1970,0.0303
1971,0.0269
1972,0.0257
1973,0.029
1974,0.0348
1975,0.0464
1976,0.0643
1977,0.0939
1978,0.1393
1979,0.1936
1980,0.2533
1981,0.3189
1982,0.3904
1983,0.4488
1984,0.5125
1985,0.5816
1986,0.6488
1987,0.7155
1988,0.7738
1989,0.8108
1990,0.8034
1991,0.7726
1992,0.7552
1993,0.7572
1994,0.761
1995,0.7585
1996,0.7397
1997,0.7241
1998,0.7441
1999,0.7703
2000,0.7728
2001,0.7798
2002,0.7775
2003,0.7518
2004,0.7202
2005,0.6743
2006,0.5968
2007,0.5347
2008,0.5072
2009,0.4675
2010,0.4066
2011,0.3797
2012,0.3992
2013,0.4331
2014,0.4358
2015,0.4426
2016,0.479
2017,0.5376
2018,0.5882
2019,0.6045
2020,0.6206
2021,0.6692
2022,0.663
2023,0.6033
2024,0.5337
2025,0.4558
2026,0.4102
2027,0.3839
2028,0.3592
2029,0.347
2030,0.3283
2031,0.296
2032,0.2544
2033,0.2176
2034,0.1944
2035,0.191
2036,0.21
2037,0.2074
2038,0.1943
2039,0.1956
2040,0.2176
2041,0.248
2042,0.2678
2043,0.2769
2044,0.2933
2045,0.3083
2046,0.3124
2047,0.32
2048,0.3305
2049,0.3294
2050,0.3248
2051,0.3201
2052,0.3284
2053,0.3278
2054,0.313
2055,0.3011
2056,0.2827
2057,0.268
2058,0.2423
2059,0.2093
2060,0.1765
2061,0.148
2062,0.1262
2063,0.1144
2064,0.1098
2065,0.1038
2066,0.093
2067,0.0856
2068,0.0786
2069,0.0659
2070,0.0496
2071,0.0357
2072,0.0351
2073,0.0508
2074,0.0685
2075,0.076
2076,0.0719
2077,0.0581
2078,0.0383
2079,0.0259
2080,0.0253
2081,0.0345
2082,0.0499
2083,0.07
2084,0.0886
2085,0.1015
2086,0.1159
2087,0.1354
2088,0.1579
2089,0.1761
2090,0.1954
2091,0.2169
2092,0.2384
2093,0.251
2094,0.2449
2095,0.2404
2096,0.2441
2097,0.2475
2098,0.2495
2099,0.2546
2100,0.2561
2101,0.247
2102,0.2296
2103,0.2077
2104,0.1832
2105,0.1653
2106,0.1501
2107,0.1364
2108,0.1201
2109,0.1066
2110,0.0988
2111,0.0927
2112,0.0869
2113,0.0868
2114,0.1006
2115,0.1151
2116,0.1203
2117,0.1226
2118,0.1232
2119,0.1203
2120,0.1182
2121,0.1203
2122,0.1271
2123,0.1344
2124,0.1435
2125,0.1552
2126,0.1624
2127,0.1649
2128,0.1639
2129,0.1704
2130,0.1819
2131,0.1895
2132,0.1927
2133,0.1957
2134,0.2134
2135,0.2225
2136,0.2363
2137,0.2832
2138,0.3085
2139,0.3211
2140,0.3281
2141,0.329
2142,0.3285
2143,0.3215
2144,0.2966
2145,0.2591
2146,0.2172
2147,0.1907
2148,0.1789
2149,0.1733
2150,0.173
2151,0.1683
2152,0.1566
2153,0.1399
2154,0.1212
2155,0.1017
2156,0.0825
2157,0.0707
2158,0.0649
2159,0.0584
2160,0.0517
2161,0.0447
2162,0.0371
2163,0.0298
2164,0.0254
2165,0.0258
2166,0.03
2167,0.0379
2168,0.0487
2169,0.0586
2170,0.0651
2171,0.0722
2172,0.0815
2173,0.0916
2174,0.1045
2175,0.1257
2176,0.1509
2177,0.1844
2178,0.2333
2179,0.277
2180,0.2953
2181,0.2883
2182,0.2971
2183,0.3181
2184,0.3399
2185,0.3371
2186,0.3398
2187,0.3385
2188,0.3567
2189,0.3735
2190,0.3972
2191,0.4085
2192,0.4217
2193,0.4462
2194,0.472
2195,0.4877
2196,0.5188
2197,0.5403
2198,0.5395
2199,0.5438
2200,0.5629
2201,0.5327
2202,0.4463
2203,0.383
2204,0.3694
2205,0.4014
2206,0.4165
2207,0.3868
2208,0.3684
2209,0.3337
2210,0.2783
2211,0.2197
2212,0.1663
2213,0.1107
2214,0.0678
2215,0.0483
2216,0.038
2217,0.0309
2218,0.0274
2219,0.0292
2220,0.0352
2221,0.042
2222,0.0488
2223,0.0579
2224,0.0696
2225,0.0802
2226,0.0922
2227,0.1042
2228,0.1194
2229,0.1261
2230,0.1146
2231,0.0883
2232,0.0728
2233,0.0696
2234,0.0673
2235,0.0626
2236,0.0606
2237,0.0601
2238,0.0569
2239,0.0542
2240,0.0548
2241,0.0543
2242,0.0566
2243,0.061
2244,0.0656
2245,0.0702
2246,0.0788
2247,0.0876
2248,0.0938
2249,0.0991
2250,0.1077
2251,0.1091
2252,0.1094
2253,0.1154
2254,0.1247
2255,0.1365
2256,0.1521
2257,0.1618
2258,0.1663
2259,0.1802
2260,0.2003
2261,0.2307
2262,0.2538
2263,0.2474
2264,0.2258
2265,0.1989
2266,0.171
2267,0.1508
2268,0.1358
2269,0.1232
2270,0.1132
2271,0.0982
2272,0.0798
2273,0.0667
2274,0.0603
2275,0.0561
2276,0.0575
2277,0.0576
2278,0.0559
2279,0.0556
2280,0.055
2281,0.0518
2282,0.0518
2283,0.053
2284,0.051
2285,0.0449
2286,0.0408
2287,0.0451
2288,0.061
2289,0.0835
2290,0.1049
2291,0.1257
2292,0.1446
2293,0.1511
2294,0.1506
2295,0.1616
2296,0.1879
2297,0.2355
2298,0.284
2299,0.3
2300,0.2813
2301,0.2491
2302,0.2137
2303,0.1855
2304,0.1521
2305,0.1278
2306,0.1108
2307,0.0983
2308,0.0931
2309,0.0935
2310,0.0927
2311,0.0909
2312,0.0921
2313,0.0973
2314,0.1025
2315,0.1013
2316,0.0904
2317,0.0762
2318,0.0662
2319,0.0677
2320,0.0847
2321,0.1136
2322,0.1434
2323,0.1607
2324,0.1631
2325,0.1633
2326,0.161
2327,0.1531
2328,0.1439
2329,0.14
2330,0.1463
2331,0.1555
2332,0.1702
2333,0.2018
2334,0.2475
2335,0.3152
2336,0.3704
2337,0.3895
2338,0.3873
2339,0.3748
2340,0.3488
2341,0.3196
2342,0.2986
2343,0.2904
2344,0.2961
2345,0.3091
2346,0.3338
2347,0.3613
2348,0.3941
2349,0.4268
2350,0.4214
2351,0.39
2352,0.3527
2353,0.322
2354,0.3066
2355,0.2979
2356,0.2997
2357,0.3063
2358,0.3103
2359,0.307
2360,0.3004
2361,0.2881
2362,0.2666
2363,0.2455
2364,0.2339
2365,0.2452
2366,0.2715
2367,0.2936
2368,0.2984
2369,0.2945
2370,0.2914
2371,0.2839
2372,0.2666
2373,0.2478
2374,0.2284
2375,0.2059
2376,0.1863
2377,0.1738
2378,0.17
2379,0.1793
2380,0.2037
2381,0.2436
2382,0.2869
2383,0.3172
2384,0.33
2385,0.3128
2386,0.2772
2387,0.25
2388,0.2393
2389,0.2381
2390,0.2414
2391,0.25
2392,0.2564
2393,0.2576
2394,0.2533
2395,0.2398
2396,0.2189
2397,0.1932
2398,0.1673
2399,0.1452
2400,0.1287
2401,0.1158
2402,0.105
2403,0.1006
2404,0.1007
2405,0.0999
2406,0.0951
2407,0.0872
2408,0.0778
2409,0.0648
2410,0.0513
2411,0.042
2412,0.0398
2413,0.0451
2414,0.056
2415,0.0716
2416,0.0892
2417,0.1059
2418,0.1193
2419,0.1252
2420,0.1229
2421,0.1132
2422,0.0994
2423,0.0907
2424,0.0871
2425,0.0881
2426,0.0928
2427,0.0966
2428,0.1009
2429,0.106
2430,0.1082
2431,0.1061
2432,0.0988
2433,0.0915
2434,0.0844
2435,0.0815
2436,0.0846
2437,0.0884
2438,0.0908
2439,0.0942
2440,0.1016
2441,0.1135
2442,0.1283
2443,0.1383
2444,0.1428
2445,0.1374
2446,0.1297
2447,0.1275
2448,0.1316
2449,0.1436
2450,0.1598
2451,0.1837
2452,0.2192
2453,0.2544
2454,0.2834
2455,0.3068
2456,0.3258
2457,0.3412
2458,0.3586
2459,0.3764
2460,0.3838
2461,0.3762
2462,0.3643
2463,0.3535
2464,0.3504
2465,0.3615
2466,0.3787
2467,0.3953
2468,0.4014
2469,0.4042
2470,0.4045
2471,0.4052
2472,0.4075
2473,0.4046
2474,0.3962
2475,0.3801
2476,0.3617
2477,0.3465
2478,0.3348
2479,0.3287
2480,0.3194
2481,0.3021
2482,0.2777
2483,0.2483
2484,0.2294
2485,0.226
2486,0.2374
2487,0.254
2488,0.274
2489,0.3013
2490,0.3349
2491,0.3679
2492,0.3933
2493,0.3982
2494,0.3854
2495,0.3703
2496,0.3538
2497,0.338
2498,0.3268
2499,0.326
2500,0.3396
2501,0.3672
2502,0.3959
2503,0.4079
2504,0.4131
2505,0.4126
2506,0.4148
2507,0.4076
2508,0.3795
2509,0.3452
2510,0.33
2511,0.3554
2512,0.391
2513,0.4405
2514,0.5034
2515,0.5963
2516,0.6488
2517,0.6667
2518,0.654
2519,0.6353
2520,0.6204
2521,0.5979
2522,0.5746
2523,0.5583
2524,0.549
2525,0.5456
2526,0.5409
2527,0.5278
2528,0.5164
2529,0.4925
2530,0.4743
2531,0.4424
2532,0.3977
2533,0.3591
2534,0.3533
2535,0.3906
2536,0.4567
2537,0.5187
2538,0.5588
2539,0.5765
2540,0.558
2541,0.5187
2542,0.4758
2543,0.4428
2544,0.4267
2545,0.4333
2546,0.4494
2547,0.4316
2548,0.4125
2549,0.4167
2550,0.4267
2551,0.4364
2552,0.4597
2553,0.4836
2554,0.4874
2555,0.4899
2556,0.4867
2557,0.4964
2558,0.5078
2559,0.532
2560,0.5597
2561,0.5744
2562,0.5778
2563,0.5602
2564,0.5116
2565,0.4517
2566,0.4006
2567,0.3679
2568,0.3557
2569,0.3432
2570,0.3327
2571,0.3253
2572,0.3208
2573,0.3168
2574,0.3115
2575,0.311
2576,0.3211
2577,0.3472
2578,0.3823
2579,0.4209
2580,0.4551
2581,0.4781
2582,0.4968
2583,0.5268
2584,0.5617
2585,0.5922
2586,0.6107
2587,0.6018
2588,0.5643
2589,0.5105
2590,0.4399
2591,0.3751
2592,0.3216
2593,0.2802
2594,0.2517
2595,0.2302
2596,0.2218
2597,0.2089
2598,0.1917
2599,0.1839
2600,0.1935
2601,0.2092
2602,0.2294
2603,0.259
2604,0.2894
2605,0.3136
2606,0.3348
2607,0.3698
2608,0.418
2609,0.4652
2610,0.494
2611,0.4811
2612,0.4238
2613,0.3466
2614,0.2736
2615,0.2168
2616,0.1757
2617,0.1467
2618,0.1233
2619,0.1073
2620,0.1004
2621,0.0986
2622,0.0956
2623,0.0898
2624,0.0847
2625,0.0798
2626,0.073
2627,0.0679
2628,0.0651
2629,0.065
2630,0.0664
2631,0.0682
2632,0.0724
2633,0.0833
2634,0.0988
2635,0.1134
2636,0.1208
2637,0.1171
2638,0.102
2639,0.0786
2640,0.0562
2641,0.0406
2642,0.0322
2643,0.0277
2644,0.026
2645,0.0244
2646,0.0198
2647,0.0135
2648,0.0097
2649,0.0101
2650,0.013
2651,0.0169
2652,0.0224
2653,0.0312
2654,0.0446
2655,0.0634
2656,0.0876
2657,0.1203
2658,0.1673
2659,0.2296
2660,0.2939
2661,0.3337
2662,0.3398
2663,0.3255
2664,0.3006
2665,0.2777
2666,0.2618
2667,0.262
2668,0.272
2669,0.2878
2670,0.3096
2671,0.3519
2672,0.3987
2673,0.469
2674,0.549
2675,0.6115
2676,0.6612
2677,0.6941
2678,0.7212
2679,0.7419
2680,0.7523
2681,0.7651
2682,0.7712
2683,0.7702
2684,0.7556
2685,0.7296
2686,0.7069
2687,0.6889
2688,0.6902
2689,0.7083
2690,0.7342
2691,0.7081
2692,0.7487
2693,0.7894
2694,0.8039
2695,0.8043
2696,0.7925
2697,0.7865
2698,0.7904
2699,0.8038
2700,0.8117
2701,0.8224
2702,0.8277
2703,0.8339
2704,0.844
2705,0.881
2706,0.884
2707,0.8743
2708,0.8514
2709,0.8268
2710,0.8015
2711,0.7789
2712,0.7665
2713,0.7501
2714,0.7304
2715,0.6956
2716,0.6616
2717,0.6596
2718,0.6322
2719,0.6084
2720,0.5935
2721,0.6035
2722,0.6045
2723,0.5944
2724,0.5778
2725,0.5778
2726,0.6035
2727,0.637
2728,0.6649
2729,0.7005
2730,0.708
2731,0.6675
2732,0.6028
2733,0.5798
2734,0.6077
2735,0.5796
2736,0.4274
2737,0.3246
2738,0.2913
2739,0.2696
2740,0.2554
2741,0.2305
2742,0.2161
2743,0.2394
2744,0.2931
2745,0.3469
2746,0.3678
2747,0.3791
2748,0.3794
2749,0.358
2750,0.2926
2751,0.1907
2752,0.1293
2753,0.1241
2754,0.131
2755,0.1236
2756,0.1172
2757,0.073
2758,0.0513
2759,0.0905
2760,0.1087
2761,0.103
2762,0.1366
2763,0.1418
2764,0.1213
2765,0.1015
2766,0.0842
2767,0.0879
2768,0.102
2769,0.1098
2770,0.1052
2771,0.1051
2772,0.0978
2773,0.0866
2774,0.0767
2775,0.0628
2776,0.0472
2777,0.0455
2778,0.0556
2779,0.0653
2780,0.0666
2781,0.0728
2782,0.1013
2783,0.1452
2784,0.1917
2785,0.2507
2786,0.3042
2787,0.3175
2788,0.3145
2789,0.2977
2790,0.2827
2791,0.2998
2792,0.3259
2793,0.3066
2794,0.2558
2795,0.2063
2796,0.1658
2797,0.1482
2798,0.14
2799,0.1312
2800,0.1217
2801,0.1122
2802,0.1119
2803,0.1102
2804,0.106
2805,0.1015
2806,0.0898
2807,0.0685
2808,0.0445
2809,0.0246
2810,0.0127
2811,0.0071
2812,0.0039
2813,0.0018
2814,0.0009
2815,0.001
2816,0.0028
2817,0.0057
2818,0.0084
2819,0.0114
2820,0.0149
2821,0.0184
2822,0.0208
2823,0.0244
2824,0.0296
2825,0.0326
2826,0.0327
2827,0.0325
2828,0.0322
2829,0.0311
2830,0.0313
2831,0.0321
2832,0.0381
2833,0.0512
2834,0.0666
2835,0.0796
2836,0.0901
2837,0.1084
2838,0.136
2839,0.1608
2840,0.1747
2841,0.182
2842,0.1848
2843,0.1847
2844,0.186
2845,0.1937
2846,0.213
2847,0.2245
2848,0.2253
2849,0.2252
2850,0.2182
2851,0.2022
2852,0.1734
2853,0.141
2854,0.1145
2855,0.095
2856,0.0806
2857,0.0667
2858,0.058
2859,0.0489
2860,0.0431
2861,0.0434
2862,0.0463
2863,0.0544
2864,0.0665
2865,0.0783
2866,0.0904
2867,0.1081
2868,0.1213
2869,0.121
2870,0.113
2871,0.1078
2872,0.1094
2873,0.1105
2874,0.1114
2875,0.1076
2876,0.1041
2877,0.1034
2878,0.104
2879,0.1191
2880,0.1443
2881,0.1706
2882,0.1991
2883,0.217
2884,0.2233
2885,0.2282
2886,0.2258
2887,0.2217
2888,0.2225
2889,0.2333
2890,0.2498
2891,0.2712
2892,0.2942
2893,0.3177
2894,0.3394
2895,0.3541
2896,0.3674
2897,0.3774
2898,0.3753
2899,0.3736
2900,0.3893
2901,0.4177
2902,0.4433
2903,0.4511
2904,0.4438
2905,0.4374
2906,0.4333
2907,0.4277
2908,0.4271
2909,0.4294
2910,0.4249
2911,0.4169
2912,0.418
2913,0.4263
2914,0.4407
2915,0.4605
2916,0.4763
2917,0.4921
2918,0.508
2919,0.5284
2920,0.5581
2921,0.5851
2922,0.6113
2923,0.6189
2924,0.6155
2925,0.6178
2926,0.6188
2927,0.6106
2928,0.6006
2929,0.5925
2930,0.5815
2931,0.5426
2932,0.4778
2933,0.4153
2934,0.3777
2935,0.3726
2936,0.4039
2937,0.4521
2938,0.4959
2939,0.5255
2940,0.5418
2941,0.5607
2942,0.5944
2943,0.6345
2944,0.6549
2945,0.6708
2946,0.6882
2947,0.6962
2948,0.7043
2949,0.6985
2950,0.6836
2951,0.6552
2952,0.6149
2953,0.5852
2954,0.5498
2955,0.4996
2956,0.4566
2957,0.4138
2958,0.3682
2959,0.3312
2960,0.3137
2961,0.3107
2962,0.3132
2963,0.3269
2964,0.3491
2965,0.369
2966,0.3715
2967,0.3584
2968,0.3355
2969,0.3112
2970,0.2959
2971,0.2865
2972,0.279
2973,0.288
2974,0.3059
2975,0.319
2976,0.3273
2977,0.3449
2978,0.3817
2979,0.4175
2980,0.444
2981,0.4662
2982,0.4703
2983,0.4475
2984,0.4106
2985,0.3739
2986,0.339
2987,0.3121
2988,0.3042
2989,0.3208
2990,0.3475
2991,0.3589
2992,0.3516
2993,0.3425
2994,0.344
2995,0.3598
2996,0.3926
2997,0.4329
2998,0.4737
2999,0.5135
3000,0.5547
3001,0.5884
3002,0.6034
3003,0.5889
3004,0.5655
3005,0.5371
3006,0.5082
3007,0.4759
3008,0.4394
3009,0.419
3010,0.4204
3011,0.4291
3012,0.4354
3013,0.4419
3014,0.4431
3015,0.4307
3016,0.408
3017,0.3863
3018,0.3638
3019,0.3331
3020,0.3067
3021,0.3031
3022,0.3058
3023,0.3043
3024,0.3013
3025,0.2978
3026,0.2888
3027,0.2576
3028,0.2158
3029,0.1739
3030,0.1382
3031,0.1168
3032,0.1085
3033,0.1096
3034,0.1171
3035,0.1239
3036,0.1186
3037,0.1013
3038,0.0813
3039,0.0612
3040,0.0431
3041,0.0287
3042,0.0192
3043,0.0133
3044,0.0094
3045,0.0065
3046,0.0053
3047,0.0065
3048,0.0094
3049,0.0129
3050,0.015
3051,0.0171
3052,0.0223
3053,0.034
3054,0.0544
3055,0.0854
3056,0.1262
3057,0.1739
3058,0.2351
3059,0.2936
3060,0.3376
3061,0.39
3062,0.4593
3063,0.5151
3064,0.5368
3065,0.5315
3066,0.5011
3067,0.4343
3068,0.3771
3069,0.3335
3070,0.2876
3071,0.2751
3072,0.2893
3073,0.2941
3074,0.2832
3075,0.2629
3076,0.2393
3077,0.2203
3078,0.2129
3079,0.2133
3080,0.2141
3081,0.2053
3082,0.1981
3083,0.2011
3084,0.1947
3085,0.1883
3086,0.1785
3087,0.1601
3088,0.1377
3089,0.1176
3090,0.1051
3091,0.0933
3092,0.091
3093,0.1023
3094,0.1151
3095,0.1124
3096,0.1093
3097,0.1113
3098,0.1224
3099,0.1411
3100,0.1623
3101,0.1791
3102,0.1822
3103,0.177
3104,0.1753
3105,0.1753
3106,0.1692
3107,0.1649
3108,0.1591
3109,0.147
3110,0.1284
3111,0.1075
3112,0.0872
3113,0.0687
3114,0.0534
3115,0.0425
3116,0.0372
3117,0.0342
3118,0.0318
3119,0.0284
3120,0.024
3121,0.02
3122,0.0192
3123,0.0261
3124,0.0352
3125,0.0411
3126,0.0416
3127,0.0417
3128,0.0456
3129,0.0562
3130,0.0743
3131,0.1063
3132,0.1537
3133,0.2105
3134,0.2625
3135,0.3014
3136,0.3227
3137,0.3322
3138,0.3393
3139,0.3458
3140,0.354
3141,0.3556
3142,0.3453
3143,0.3344
3144,0.3278
3145,0.3242
3146,0.3226
3147,0.3145
3148,0.3096
3149,0.3124
3150,0.3043
3151,0.2911
3152,0.2958
3153,0.3027
3154,0.3001
3155,0.3054
3156,0.3135
3157,0.3261
3158,0.336
3159,0.3575
3160,0.3448
3161,0.3238
3162,0.3051
3163,0.2652
3164,0.2232
3165,0.1949
3166,0.1733
3167,0.1589
3168,0.1516
3169,0.1522
3170,0.1477
3171,0.1416
3172,0.1394
3173,0.1347
3174,0.1189
3175,0.1057
3176,0.1019
3177,0.1114
3178,0.1226
3179,0.1317
3180,0.1443
3181,0.1601
3182,0.1682
3183,0.1656
3184,0.1588
3185,0.1548
3186,0.1555
3187,0.1616
3188,0.1564
3189,0.1463
3190,0.1318
3191,0.1097
3192,0.0846
3193,0.0638
3194,0.0464
3195,0.0336
3196,0.0264
3197,0.0212
3198,0.0142
3199,0.0082
3200,0.0069
3201,0.0076
3202,0.0053
3203,0.0032
3204,0.0032
3205,0.0088
3206,0.0191
3207,0.0305
3208,0.0417
3209,0.0565
3210,0.0669
3211,0.0694
3212,0.0621
3213,0.0466
3214,0.0362
3215,0.0301
3216,0.0239
3217,0.0182
3218,0.0133
3219,0.0089
3220,0.0054
3221,0.003
3222,0.0024
3223,0.0033
3224,0.0061
3225,0.0102
3226,0.0141
3227,0.0181
3228,0.0254
3229,0.0393
3230,0.0556
3231,0.0759
3232,0.0934
3233,0.0996
3234,0.099
3235,0.1056
3236,0.1106
3237,0.1131
3238,0.1209
3239,0.1274
3240,0.129
3241,0.1231
3242,0.1156
3243,0.1153
3244,0.1228
3245,0.1407
3246,0.1724
3247,0.2069
3248,0.2461
3249,0.2785
3250,0.3095
3251,0.3289
3252,0.3478
3253,0.3647
3254,0.4043
3255,0.469
3256,0.5522
3257,0.6262
3258,0.6679
3259,0.6502
3260,0.6185
3261,0.6024
3262,0.5818
3263,0.5496
3264,0.4948
3265,0.4709
3266,0.4588
3267,0.4511
3268,0.4646
3269,0.4569
3270,0.4234
3271,0.3603
3272,0.2902
3273,0.2265
3274,0.19
3275,0.1676
3276,0.1577
3277,0.153
3278,0.1559
3279,0.173
3280,0.1936
3281,0.2098
3282,0.2184
3283,0.221
3284,0.2135
3285,0.1974
3286,0.1857
3287,0.1739
3288,0.1638
3289,0.157
3290,0.1567
3291,0.1562
3292,0.154
3293,0.1516
3294,0.1464
3295,0.1514
3296,0.1624
3297,0.1636
3298,0.1506
3299,0.1322
3300,0.1142
3301,0.1015
3302,0.095
3303,0.0976
3304,0.1073
3305,0.1301
3306,0.1697
3307,0.2214
3308,0.2535
3309,0.2387
3310,0.1874
3311,0.1382
3312,0.1057
3313,0.0896
3314,0.0868
3315,0.0918
3316,0.0962
3317,0.0954
3318,0.0931
3319,0.0947
3320,0.1011
3321,0.1031
3322,0.0993
3323,0.1
3324,0.1056
3325,0.1145
3326,0.1261
3327,0.1451
3328,0.1694
3329,0.1961
3330,0.219
3331,0.2363
3332,0.2451
3333,0.2203
3334,0.1791
3335,0.1445
3336,0.1252
3337,0.1092
3338,0.097
3339,0.0901
3340,0.0832
3341,0.0692
3342,0.0546
3343,0.0456
3344,0.0438
3345,0.0464
3346,0.0506
3347,0.0567
3348,0.0635
3349,0.0724
3350,0.0837
3351,0.0982
3352,0.1159
3353,0.1459
3354,0.1892
3355,0.2283
3356,0.253
3357,0.2652
3358,0.27
3359,0.2756
3360,0.2865
3361,0.3029
3362,0.3117
3363,0.2833
3364,0.2402
3365,0.2219
3366,0.2315
3367,0.2564
3368,0.2794
3369,0.2964
3370,0.3134
3371,0.3323
3372,0.3414
3373,0.3437
3374,0.3498
3375,0.365
3376,0.3793
3377,0.3917
3378,0.4128
3379,0.4267
3380,0.4418
3381,0.4671
3382,0.4821
3383,0.4798
3384,0.4684
3385,0.4693
3386,0.4638
3387,0.4535
3388,0.4315
3389,0.3916
3390,0.3491
3391,0.3095
3392,0.2822
3393,0.2612
3394,0.2443
3395,0.2294
3396,0.2149
3397,0.2098
3398,0.2143
3399,0.2094
3400,0.1955
3401,0.1821
3402,0.1678
3403,0.159
3404,0.1519
3405,0.1424
3406,0.1362
3407,0.142
3408,0.1556
3409,0.189
3410,0.2321
3411,0.279
3412,0.3267
3413,0.3469
3414,0.3437
3415,0.3502
3416,0.3317
3417,0.3197
3418,0.2975
3419,0.2604
3420,0.2108
3421,0.1571
3422,0.1144
3423,0.0872
3424,0.0709
3425,0.0619
3426,0.0585
3427,0.0609
3428,0.0734
3429,0.0964
3430,0.1289
3431,0.1715
3432,0.2152
3433,0.2635
3434,0.3037
3435,0.312
3436,0.3036
3437,0.2898
3438,0.2583
3439,0.2256
3440,0.2027
3441,0.1935
3442,0.1994
3443,0.2168
3444,0.2441
3445,0.282
3446,0.3133
3447,0.337
3448,0.3597
3449,0.3621
3450,0.3436
3451,0.3182
3452,0.2986
3453,0.2818
3454,0.2614
3455,0.2452
3456,0.2418
3457,0.2441
3458,0.2434
3459,0.2259
3460,0.198
3461,0.1806
3462,0.1718
3463,0.1609
3464,0.1456
3465,0.1319
3466,0.1284
3467,0.1383
3468,0.1598
3469,0.1756
3470,0.1729
3471,0.1618
3472,0.1523
3473,0.156
3474,0.1671
3475,0.1679
3476,0.1715
3477,0.186
3478,0.231
3479,0.2951
3480,0.3608
3481,0.4285
3482,0.4746
3483,0.5058
3484,0.5408
3485,0.5625
3486,0.5819
3487,0.5649
3488,0.5082
3489,0.4727
3490,0.4193
3491,0.4061
3492,0.4156
3493,0.427
3494,0.4457
3495,0.4871
3496,0.5493
3497,0.5562
3498,0.5534
3499,0.554
3500,0.5496
3501,0.5115
3502,0.502
3503,0.4942
3504,0.4906
3505,0.4941
3506,0.4948
3507,0.5103
3508,0.4786
3509,0.4522
3510,0.4746
3511,0.5042
3512,0.5194
3513,0.5356
3514,0.5478
3515,0.5745
3516,0.5881
3517,0.594
3518,0.5817
3519,0.5515
3520,0.531
3521,0.4903
3522,0.4219
3523,0.3397
3524,0.2597
3525,0.2029
3526,0.1637
3527,0.1343
3528,0.1121
3529,0.0965
3530,0.082
3531,0.0677
3532,0.059
3533,0.0522
3534,0.0465
3535,0.0451
3536,0.0496
3537,0.0558
3538,0.0639
3539,0.0753
3540,0.0919
3541,0.1129
3542,0.1325
3543,0.1619
3544,0.1908
3545,0.1991
3546,0.1951
3547,0.186
3548,0.1742
3549,0.1629
3550,0.1581
3551,0.1612
3552,0.1668
3553,0.1602
3554,0.1424
3555,0.1186
3556,0.0934
3557,0.0671
3558,0.046
3559,0.0317
3560,0.0232
3561,0.0171
3562,0.0135
3563,0.0131
3564,0.0157
3565,0.0184
3566,0.0189
3567,0.0197
3568,0.0274
3569,0.0502
3570,0.1069
3571,0.2143
3572,0.3523
3573,0.4554
3574,0.5257
3575,0.5308
3576,0.5071
3577,0.4994
3578,0.5504
3579,0.6063
3580,0.6331
3581,0.6274
3582,0.6684
3583,0.7057
3584,0.6984
3585,0.704
3586,0.6965
3587,0.691
3588,0.6675
3589,0.6344
3590,0.6172
3591,0.5808
3592,0.5567
3593,0.5077
3594,0.4348
3595,0.4038
3596,0.3963
3597,0.3928
3598,0.4212
3599,0.4608
3600,0.4967
3601,0.4859
3602,0.4143
3603,0.3114
3604,0.2316
3605,0.1783
3606,0.1459
3607,0.1403
3608,0.1402
3609,0.1468
3610,0.1552
3611,0.1573
3612,0.1607
3613,0.159
3614,0.1541
3615,0.1457
3616,0.1252
3617,0.1108
3618,0.1084
3619,0.122
3620,0.1509
3621,0.1948
3622,0.2599
3623,0.3328
3624,0.413
3625,0.4754
3626,0.5032
3627,0.4838
3628,0.4607
3629,0.4403
3630,0.4168
3631,0.3984
3632,0.3673
3633,0.3113
3634,0.2496
3635,0.1955
3636,0.1512
3637,0.1255
3638,0.1089
3639,0.0901
3640,0.0684
3641,0.0518
3642,0.0414
3643,0.0289
3644,0.0258
3645,0.0321
3646,0.0405
3647,0.0487
3648,0.0593
3649,0.0794
3650,0.1078
3651,0.1383
3652,0.1611
3653,0.1757
3654,0.1811
3655,0.1862
3656,0.1966
3657,0.2267
3658,0.256
3659,0.2747
3660,0.2811
3661,0.2766
3662,0.2759
3663,0.2791
3664,0.271
3665,0.2641
3666,0.2846
3667,0.3192
3668,0.3366
3669,0.3474
3670,0.3587
3671,0.3632
3672,0.3475
3673,0.3107
3674,0.276
3675,0.222
3676,0.184
3677,0.1968
3678,0.2251
3679,0.2301
3680,0.2334
3681,0.1929
3682,0.1257
3683,0.1069
3684,0.105
3685,0.0858
3686,0.0624
3687,0.051
3688,0.0467
3689,0.0485
3690,0.0514
3691,0.0481
3692,0.0403
3693,0.0333
3694,0.0284
3695,0.0264
3696,0.0263
3697,0.0294
3698,0.0372
3699,0.0534
3700,0.0766
3701,0.0953
3702,0.1025
3703,0.1027
3704,0.0955
3705,0.0818
3706,0.0651
3707,0.0523
3708,0.0508
3709,0.0702
3710,0.1259
3711,0.1867
3712,0.2273
3713,0.3424
3714,0.5262
3715,0.6469
3716,0.7069
3717,0.7234
3718,0.7126
3719,0.7143
3720,0.6948
3721,0.683
3722,0.6161
3723,0.4986
3724,0.4173
3725,0.3615
3726,0.2613
3727,0.1696
3728,0.1409
3729,0.1273
3730,0.0841
3731,0.0344
3732,0.0102
3733,0.0102
3734,0.0227
3735,0.0445
3736,0.084
3737,0.1362
3738,0.1838
3739,0.2223
3740,0.2588
3741,0.3212
3742,0.4032
3743,0.4894
3744,0.5521
3745,0.6061
3746,0.6771
3747,0.6931
3748,0.6211
3749,0.4598
3750,0.3821
3751,0.4437
3752,0.5588
3753,0.6043
3754,0.5888
3755,0.5432
3756,0.4703
3757,0.3557
3758,0.2404
3759,0.1607
3760,0.118
3761,0.095
3762,0.0867
3763,0.0818
3764,0.067
3765,0.047
3766,0.0434
3767,0.0339
3768,0.037
3769,0.044
3770,0.0471
3771,0.0349
3772,0.0228
3773,0.0235
3774,0.0319
3775,0.0433
3776,0.0619
3777,0.0896
3778,0.1243
3779,0.1633
3780,0.2062
3781,0.2598
3782,0.3226
3783,0.3865
3784,0.4383
3785,0.4974
3786,0.5619
3787,0.5812
3788,0.5522
3789,0.4436
3790,0.3463
3791,0.4113
3792,0.5258
3793,0.6029
3794,0.6665
3795,0.7183
3796,0.7645
3797,0.7773
3798,0.8088
3799,0.8421
3800,0.8658
3801,0.8789
3802,0.8913
3803,0.8914
3804,0.8789
3805,0.8737
3806,0.8798
3807,0.895
3808,0.8992
3809,0.8871
3810,0.876
3811,0.8825
3812,0.8914
3813,0.8882
3814,0.87
3815,0.8388
3816,0.8012
3817,0.7601
3818,0.7137
3819,0.6422
3820,0.5494
3821,0.4574
3822,0.3936
3823,0.3595
3824,0.342
3825,0.3086
3826,0.2684
3827,0.2138
3828,0.1456
3829,0.0866
3830,0.0402
3831,0.0165
3832,0.0069
3833,0.003
3834,0.0011
3835,0.0038
3836,0.0102
3837,0.019
3838,0.0327
3839,0.0523
3840,0.0763
3841,0.1113
3842,0.1567
3843,0.2074
3844,0.2503
3845,0.2702
3846,0.2911
3847,0.3613
3848,0.3938
3849,0.3992
3850,0.3844
3851,0.3952
3852,0.4221
3853,0.4371
3854,0.4629
3855,0.4656
3856,0.5012
3857,0.5393
3858,0.5132
3859,0.5311
3860,0.565
3861,0.5791
3862,0.5903
3863,0.5778
3864,0.5661
3865,0.5054
3866,0.4855
3867,0.4748
3868,0.4302
3869,0.3937
3870,0.3528
3871,0.2843
3872,0.2145
3873,0.1697
3874,0.1284
3875,0.0896
3876,0.0622
3877,0.0438
3878,0.0403
3879,0.0687
3880,0.1055
3881,0.1294
3882,0.1313
3883,0.1289
3884,0.1171
3885,0.0837
3886,0.0623
3887,0.0592
3888,0.0638
3889,0.0622
3890,0.0645
3891,0.0653
3892,0.0672
3893,0.0673
3894,0.0746
3895,0.109
3896,0.1571
3897,0.1509
3898,0.111
3899,0.1144
3900,0.1277
3901,0.0904
3902,0.0565
3903,0.0399
3904,0.0317
3905,0.0191
3906,0.0233
3907,0.08
3908,0.2402
3909,0.3874
3910,0.4639
3911,0.4809
3912,0.4841
3913,0.4086
3914,0.3085
3915,0.2499
3916,0.2151
3917,0.1986
3918,0.2428
3919,0.3299
3920,0.4106
3921,0.46
3922,0.4572
3923,0.4274
3924,0.3869
3925,0.3313
3926,0.2571
3927,0.2099
3928,0.189
3929,0.2078
3930,0.2376
3931,0.2631
3932,0.2931
3933,0.3427
3934,0.35
3935,0.3409
3936,0.3339
3937,0.3266
3938,0.314
3939,0.2913
3940,0.2678
3941,0.2554
3942,0.2338
3943,0.2087
3944,0.1984
3945,0.157
3946,0.0955
3947,0.0628
3948,0.0472
3949,0.034
3950,0.0293
3951,0.0356
3952,0.0473
3953,0.0668
3954,0.1016
3955,0.1387
3956,0.1667
3957,0.1858
3958,0.1986
3959,0.2089
3960,0.21
3961,0.2078
3962,0.2114
3963,0.2088
3964,0.1831
3965,0.1606
3966,0.1632
3967,0.1705
3968,0.1574
3969,0.1567
3970,0.1493
3971,0.191
3972,0.2818
3973,0.3896
3974,0.4087
3975,0.3939
3976,0.3771
3977,0.3652
3978,0.3305
3979,0.2666
3980,0.1943
3981,0.165
3982,0.1473
3983,0.1296
3984,0.1281
3985,0.14
3986,0.157
3987,0.176
3988,0.1954
3989,0.2051
3990,0.2004
3991,0.1857
3992,0.1644
3993,0.1368
3994,0.1123
3995,0.0945
3996,0.0769
3997,0.06
3998,0.0483
3999,0.0414
4000,0.0336
4001,0.0266
4002,0.0244
4003,0.0267
4004,0.0343
4005,0.0529
4006,0.0871
4007,0.1339
4008,0.1826
4009,0.2228
4010,0.249
4011,0.2522
4012,0.237
4013,0.2182
4014,0.1981
4015,0.1792
4016,0.1653
4017,0.1373
4018,0.0972
4019,0.0586
4020,0.03
4021,0.0147
4022,0.0085
4023,0.0101
4024,0.0195
4025,0.0309
4026,0.0411
4027,0.0532
4028,0.0683
4029,0.0849
4030,0.0987
4031,0.1044
4032,0.0985
4033,0.0821
4034,0.061
4035,0.0446
4036,0.0344
4037,0.0278
4038,0.0258
4039,0.0253
4040,0.0273
4041,0.0274
4042,0.0263
4043,0.0258
4044,0.0269
4045,0.0322
4046,0.0439
4047,0.0569
4048,0.0638
4049,0.0672
4050,0.0713
4051,0.0784
4052,0.0835
4053,0.0852
4054,0.0837
4055,0.0858
4056,0.0914
4057,0.1001
4058,0.1102
4059,0.1197
4060,0.1242
4061,0.1195
4062,0.1103
4063,0.1008
4064,0.0911
4065,0.0731
4066,0.0505
4067,0.0327
4068,0.027
4069,0.029
4070,0.0342
4071,0.0459
4072,0.0629
4073,0.0806
4074,0.0907
4075,0.0907
4076,0.0884
4077,0.0769
4078,0.0526
4079,0.0328
4080,0.0245
4081,0.0285
4082,0.0416
4083,0.0603
4084,0.0786
4085,0.095
4086,0.0978
4087,0.0868
4088,0.0783
4089,0.0763
4090,0.0816
4091,0.092
4092,0.0993
4093,0.0985
4094,0.0882
4095,0.0741
4096,0.0617
4097,0.0495
4098,0.0388
4099,0.0323
4100,0.0303
4101,0.032
4102,0.0367
4103,0.0432
4104,0.0516
4105,0.0626
4106,0.0715
4107,0.0691
4108,0.0648
4109,0.0627
4110,0.065
4111,0.0711
4112,0.0723
4113,0.0734
4114,0.0783
4115,0.088
4116,0.0986
4117,0.115
4118,0.1407
4119,0.1619
4120,0.1693
4121,0.163
4122,0.141
4123,0.1114
4124,0.0854
4125,0.0666
4126,0.0527
4127,0.0435
4128,0.0356
4129,0.0285
4130,0.0222
4131,0.0168
4132,0.0118
4133,0.0074
4134,0.0041
4135,0.002
4136,0.0007
4137,0.0008
4138,0.0029
4139,0.0055
4140,0.0075
4141,0.0112
4142,0.019
4143,0.03
4144,0.0425
4145,0.0581
4146,0.0768
4147,0.0909
4148,0.0999
4149,0.106
4150,0.1131
4151,0.1302
4152,0.1335
4153,0.1306
4154,0.1248
4155,0.1204
4156,0.1223
4157,0.1317
4158,0.1425
4159,0.1474
4160,0.1472
4161,0.1525
4162,0.1684
4163,0.1949
4164,0.22
4165,0.2507
4166,0.286
4167,0.3223
4168,0.354
4169,0.405
4170,0.4685
4171,0.5154
4172,0.5233
4173,0.4996
4174,0.4753
4175,0.4606
4176,0.4508
4177,0.4429
4178,0.4476
4179,0.4596
4180,0.4576
4181,0.4653
4182,0.4857
4183,0.5084
4184,0.529
4185,0.5534
4186,0.5669
4187,0.561
4188,0.5502
4189,0.5578
4190,0.5877
4191,0.6325
4192,0.6669
4193,0.6691
4194,0.6551
4195,0.652
4196,0.6454
4197,0.6014
4198,0.5047
4199,0.3948
4200,0.3131
4201,0.2574
4202,0.2214
4203,0.239
4204,0.2624
4205,0.2591
4206,0.2406
4207,0.2228
4208,0.2216
4209,0.2509
4210,0.2815
4211,0.277
4212,0.2362
4213,0.1885
4214,0.142
4215,0.1054
4216,0.089
4217,0.0771
4218,0.0702
4219,0.0668
4220,0.0611
4221,0.0508
4222,0.0414
4223,0.0328
4224,0.0384
4225,0.0822
4226,0.1457
4227,0.2047
4228,0.2399
4229,0.2707
4230,0.3149
4231,0.3496
4232,0.373
4233,0.3894
4234,0.3908
4235,0.4107
4236,0.4304
4237,0.4393
4238,0.4593
4239,0.4831
4240,0.4775
4241,0.4519
4242,0.4281
4243,0.4149
4244,0.4115
4245,0.4412
4246,0.4795
4247,0.5063
4248,0.5174
4249,0.5174
4250,0.5212
4251,0.5161
4252,0.5019
4253,0.487
4254,0.4618
4255,0.4294
4256,0.4015
4257,0.3752
4258,0.3564
4259,0.3459
4260,0.3365
4261,0.3235
4262,0.3132
4263,0.3049
4264,0.2953
4265,0.2788
4266,0.2543
4267,0.2266
4268,0.2029
4269,0.1926
4270,0.1839
4271,0.1761
4272,0.1843
4273,0.184
4274,0.1707
4275,0.1434
4276,0.1058
4277,0.0743
4278,0.0535
4279,0.0426
4280,0.0405
4281,0.0437
4282,0.0475
4283,0.0473
4284,0.0423
4285,0.0346
4286,0.0276
4287,0.025
4288,0.0238
4289,0.023
4290,0.0228
4291,0.0219
4292,0.0201
4293,0.019
4294,0.0177
4295,0.0159
4296,0.014
4297,0.0132
4298,0.0138
4299,0.0142
4300,0.0145
4301,0.0178
4302,0.0254
4303,0.0322
4304,0.0333
4305,0.0319
4306,0.0309
4307,0.0319
4308,0.0338
4309,0.0351
4310,0.0343
4311,0.0332
4312,0.0354
4313,0.0433
4314,0.058
4315,0.0793
4316,0.1093
4317,0.1558
4318,0.2245
4319,0.3033
4320,0.3706
4321,0.4121
4322,0.4292
4323,0.428
4324,0.426
4325,0.4269
4326,0.4255
4327,0.4294
4328,0.4385
4329,0.4416
4330,0.431
4331,0.4214
4332,0.4206
4333,0.4443
4334,0.4529
4335,0.4299
4336,0.3912
4337,0.3473
4338,0.3186
4339,0.3066
4340,0.3307
4341,0.3849
4342,0.4466
4343,0.4575
4344,0.4335
4345,0.4003
4346,0.3638
4347,0.3314
4348,0.3165
4349,0.3151
4350,0.3468
4351,0.4064
4352,0.493
4353,0.5854
4354,0.6776
4355,0.7161
4356,0.7293
4357,0.734
4358,0.7399
4359,0.7379
4360,0.7145
4361,0.6775
4362,0.6392
4363,0.6049
4364,0.5949
4365,0.6172
4366,0.6466
4367,0.6723
4368,0.6847
4369,0.689
4370,0.6867
4371,0.6709
4372,0.6411
4373,0.6141
4374,0.5938
4375,0.578
4376,0.5563
4377,0.5158
4378,0.471
4379,0.4333
4380,0.3995
4381,0.3651
4382,0.3323
4383,0.3082
4384,0.2945
4385,0.2814
4386,0.266
4387,0.2545
4388,0.2491
4389,0.2546
4390,0.2769
4391,0.3069
4392,0.329
4393,0.3412
4394,0.345
4395,0.3432
4396,0.3363
4397,0.3232
4398,0.3075
4399,0.3017
4400,0.3054
4401,0.3036
4402,0.3007
4403,0.3037
4404,0.3085
4405,0.3172
4406,0.3254
4407,0.3246
4408,0.3142
4409,0.2992
4410,0.2795
4411,0.2516
4412,0.2235
4413,0.2219
4414,0.2403
4415,0.27
4416,0.3017
4417,0.3214
4418,0.3321
4419,0.3383
4420,0.3552
4421,0.3892
4422,0.4223
4423,0.4511
4424,0.4827
4425,0.5258
4426,0.578
4427,0.6308
4428,0.6775
4429,0.7183
4430,0.7437
4431,0.7516
4432,0.7481
4433,0.7342
4434,0.721
4435,0.6942
4436,0.6387
4437,0.602
4438,0.587
4439,0.5944
4440,0.5924
4441,0.5754
4442,0.5477
4443,0.4814
4444,0.416
4445,0.3445
4446,0.2901
4447,0.2476
4448,0.2191
4449,0.2172
4450,0.2307
4451,0.2417
4452,0.2426
4453,0.2305
4454,0.2073
4455,0.1821
4456,0.1651
4457,0.1473
4458,0.1365
4459,0.1412
4460,0.151
4461,0.1626
4462,0.1818
4463,0.2104
4464,0.2441
4465,0.2846
4466,0.3487
4467,0.4321
4468,0.4954
4469,0.4986
4470,0.4734
4471,0.4266
4472,0.4022
4473,0.3977
4474,0.4272
4475,0.4697
4476,0.5139
4477,0.557
4478,0.6037
4479,0.6475
4480,0.6829
4481,0.6978
4482,0.6865
4483,0.6561
4484,0.6254
4485,0.6105
4486,0.6006
4487,0.5884
4488,0.5808
4489,0.5761
4490,0.5672
4491,0.5508
4492,0.5285
4493,0.5072
4494,0.4874
4495,0.466
4496,0.4406
4497,0.4113
4498,0.3949
4499,0.4011
4500,0.4125
4501,0.4184
4502,0.4171
4503,0.4039
4504,0.3843
4505,0.3594
4506,0.3292
4507,0.3052
4508,0.2957
4509,0.2941
4510,0.2901
4511,0.2839
4512,0.2789
4513,0.2692
4514,0.2685
4515,0.2699
4516,0.2664
4517,0.2519
4518,0.238
4519,0.2288
4520,0.229
4521,0.2372
4522,0.253
4523,0.2673
4524,0.2803
4525,0.2944
4526,0.3029
4527,0.313
4528,0.3286
4529,0.3439
4530,0.3495
4531,0.3459
4532,0.3402
4533,0.3397
4534,0.3401
4535,0.3404
4536,0.3397
4537,0.3513
4538,0.3675
4539,0.3908
4540,0.406
4541,0.4034
4542,0.3813
4543,0.352
4544,0.3228
4545,0.2953
4546,0.287
4547,0.2916
4548,0.3055
4549,0.3196
4550,0.3194
4551,0.3031
4552,0.2752
4553,0.2378
4554,0.2046
4555,0.1732
4556,0.1389
4557,0.1228
4558,0.1186
4559,0.1124
4560,0.1033
4561,0.0912
4562,0.0799
4563,0.0673
4564,0.0559
4565,0.0496
4566,0.045
4567,0.0428
4568,0.045
4569,0.0553
4570,0.07
4571,0.087
4572,0.103
4573,0.1144
4574,0.1203
4575,0.1235
4576,0.1244
4577,0.1155
4578,0.1002
4579,0.0859
4580,0.0779
4581,0.0739
4582,0.0749
4583,0.0811
4584,0.0834
4585,0.0791
4586,0.0713
4587,0.0601
4588,0.0537
4589,0.0521
4590,0.0525
4591,0.0536
4592,0.0568
4593,0.0598
4594,0.0608
4595,0.0599
4596,0.0525
4597,0.0426
4598,0.0351
4599,0.0292
4600,0.0253
4601,0.0245
4602,0.0242
4603,0.0239
4604,0.0249
4605,0.0249
4606,0.0232
4607,0.022
4608,0.0214
4609,0.0212
4610,0.0203
4611,0.0201
4612,0.0176
4613,0.0132
4614,0.0078
4615,0.0045
4616,0.0037
4617,0.0047
4618,0.0062
4619,0.0087
4620,0.0121
4621,0.0164
4622,0.0232
4623,0.0363
4624,0.0541
4625,0.0733
4626,0.0964
4627,0.1218
4628,0.1391
4629,0.1485
4630,0.1536
4631,0.1628
4632,0.167
4633,0.165
4634,0.17
4635,0.1766
4636,0.1802
4637,0.1803
4638,0.175
4639,0.1712
4640,0.1693
4641,0.1616
4642,0.1563
4643,0.1544
4644,0.1555
4645,0.1641
4646,0.1786
4647,0.2037
4648,0.2216
4649,0.2262
4650,0.2277
4651,0.222
4652,0.214
4653,0.214
4654,0.2273
4655,0.2501
4656,0.2751
4657,0.2881
4658,0.2922
4659,0.2814
4660,0.2565
4661,0.2317
4662,0.2056
4663,0.176
4664,0.1477
4665,0.1352
4666,0.1339
4667,0.1342
4668,0.1401
4669,0.1546
4670,0.1651
4671,0.1799
4672,0.2005
4673,0.218
4674,0.2218
4675,0.225
4676,0.2361
4677,0.2542
4678,0.2564
4679,0.2435
4680,0.2435
4681,0.2642
4682,0.292
4683,0.3091
4684,0.3051
4685,0.2925
4686,0.2848
4687,0.284
4688,0.2889
4689,0.2995
4690,0.3146
4691,0.3362
4692,0.3611
4693,0.3915
4694,0.4243
4695,0.4509
4696,0.4661
4697,0.4627
4698,0.4436
4699,0.4102
4700,0.367
4701,0.342
4702,0.3319
4703,0.3275
4704,0.3292
4705,0.3335
4706,0.3407
4707,0.347
4708,0.3546
4709,0.3648
4710,0.3664
4711,0.3479
4712,0.3172
4713,0.2801
4714,0.2456
4715,0.2205
4716,0.2008
4717,0.1848
4718,0.1661
4719,0.1533
4720,0.1466
4721,0.1354
4722,0.1181
4723,0.0986
4724,0.0851
4725,0.0816
4726,0.0795
4727,0.0743
4728,0.0672
4729,0.0594
4730,0.0498
4731,0.0336
4732,0.0174
4733,0.008
4734,0.0029
4735,0.0008
4736,0.0001
4737,0.0001
4738,0.0005
4739,0.0008
4740,0.0014
4741,0.0024
4742,0.0034
4743,0.004
4744,0.0044
4745,0.0047
4746,0.0055
4747,0.008
4748,0.0115
4749,0.0154
4750,0.0212
4751,0.0305
4752,0.0439
4753,0.0592
4754,0.0735
4755,0.0947
4756,0.1178
4757,0.1341
4758,0.1491
4759,0.1536
4760,0.1601
4761,0.1744
4762,0.1711
4763,0.1603
4764,0.1365
4765,0.1049
4766,0.0814
4767,0.0779
4768,0.0871
4769,0.0859
4770,0.075
4771,0.0644
4772,0.0559
4773,0.0487
4774,0.0436
4775,0.0412
4776,0.0428
4777,0.046
4778,0.049
4779,0.0458
4780,0.0342
4781,0.0222
4782,0.0127
4783,0.0085
4784,0.0079
4785,0.0077
4786,0.0083
4787,0.0087
4788,0.0063
4789,0.0031
4790,0.004
4791,0.0084
4792,0.0185
4793,0.0335
4794,0.0475
4795,0.0711
4796,0.098
4797,0.1258
4798,0.1575
4799,0.1949
4800,0.2288
4801,0.2596
4802,0.284
4803,0.2808
4804,0.2911
4805,0.3064
4806,0.3387
4807,0.3947
4808,0.4572
4809,0.5024
4810,0.5333
4811,0.5287
4812,0.4611
4813,0.3652
4814,0.2946
4815,0.2474
4816,0.2248
4817,0.2377
4818,0.2815
4819,0.3328
4820,0.3542
4821,0.387
4822,0.3819
4823,0.3663
4824,0.3375
4825,0.3247
4826,0.329
4827,0.349
4828,0.3807
4829,0.3987
4830,0.4252
4831,0.4305
4832,0.4236
4833,0.3966
4834,0.3488
4835,0.3114
4836,0.2857
4837,0.2536
4838,0.2241
4839,0.1983
4840,0.1673
4841,0.1271
4842,0.1091
4843,0.0849
4844,0.082
4845,0.0752
4846,0.0891
4847,0.0969
4848,0.1182
4849,0.1501
4850,0.1765
4851,0.2114
4852,0.2379
4853,0.2559
4854,0.2816
4855,0.3248
4856,0.3793
4857,0.4237
4858,0.4572
4859,0.4717
4860,0.457
4861,0.4434
4862,0.4279
4863,0.4063
4864,0.3745
4865,0.3394
4866,0.2985
4867,0.2671
4868,0.2436
4869,0.2321
4870,0.2183
4871,0.1956
4872,0.1704
4873,0.142
4874,0.1117
4875,0.0796
4876,0.0506
4877,0.0333
4878,0.026
4879,0.026
4880,0.0282
4881,0.0276
4882,0.0259
4883,0.0248
4884,0.0239
4885,0.0225
4886,0.0203
4887,0.0177
4888,0.0173
4889,0.0234
4890,0.0404
4891,0.0657
4892,0.092
4893,0.1104
4894,0.1242
4895,0.1404
4896,0.161
4897,0.1832
4898,0.2027
4899,0.2178
4900,0.225
4901,0.2265
4902,0.2274
4903,0.2309
4904,0.24
4905,0.2588
4906,0.291
4907,0.3299
4908,0.3575
4909,0.3762
4910,0.3933
4911,0.3956
4912,0.3629
4913,0.3219
4914,0.2944
4915,0.278
4916,0.2567
4917,0.2285
4918,0.1952
4919,0.1564
4920,0.1221
4921,0.1002
4922,0.0876
4923,0.0744
4924,0.0608
4925,0.0524
4926,0.047
4927,0.0422
4928,0.0423
4929,0.0487
4930,0.06
4931,0.0765
4932,0.1002
4933,0.1307
4934,0.1703
4935,0.2361
4936,0.3307
4937,0.4391
4938,0.5382
4939,0.6049
4940,0.6261
4941,0.6143
4942,0.5911
4943,0.5706
4944,0.5534
4945,0.5407
4946,0.5347
4947,0.5143
4948,0.4882
4949,0.4587
4950,0.4344
4951,0.4292
4952,0.4404
4953,0.4677
4954,0.5026
4955,0.5431
4956,0.5848
4957,0.6178
4958,0.637
4959,0.6499
4960,0.6616
4961,0.6846
4962,0.7177
4963,0.7434
4964,0.7431
4965,0.7199
4966,0.6848
4967,0.6323
4968,0.5726
4969,0.5233
4970,0.5018
4971,0.508
4972,0.5255
4973,0.5539
4974,0.5843
4975,0.6146
4976,0.6533
4977,0.6788
4978,0.6963
4979,0.717
4980,0.7207
4981,0.7242
4982,0.7316
4983,0.7392
4984,0.7322
4985,0.7141
4986,0.6963
4987,0.6795
4988,0.6526
4989,0.6205
4990,0.5855
4991,0.5497
4992,0.5167
4993,0.4859
4994,0.4587
4995,0.4298
4996,0.4015
4997,0.3824
4998,0.356
4999,0.3341
5000,0.3238
5001,0.3124
5002,0.2939
5003,0.2762
5004,0.2559
5005,0.2304
5006,0.2029
5007,0.1812
5008,0.1617
5009,0.1438
5010,0.1346
5011,0.139
5012,0.1404
5013,0.1303
5014,0.1104
5015,0.0848
5016,0.0665
5017,0.0591
5018,0.0631
5019,0.0709
5020,0.0726
5021,0.0663
5022,0.0591
5023,0.0581
5024,0.0608
5025,0.0594
5026,0.0589
5027,0.0574
5028,0.0543
5029,0.0502
5030,0.0492
5031,0.0466
5032,0.0395
5033,0.0292
5034,0.0203
5035,0.0143
5036,0.0118
5037,0.0098
5038,0.0081
5039,0.0067
5040,0.0053
5041,0.0039
5042,0.0026
5043,0.0021
5044,0.002
5045,0.0018
5046,0.0021
5047,0.0028
5048,0.0041
5049,0.0052
5050,0.0075
5051,0.0139
5052,0.0254
5053,0.0422
5054,0.0634
5055,0.0845
5056,0.0982
5057,0.1054
5058,0.1093
5059,0.1125
5060,0.1161
5061,0.1168
5062,0.1176
5063,0.1189
5064,0.1182
5065,0.1139
5066,0.1107
5067,0.1289
5068,0.1645
5069,0.167
5070,0.1575
5071,0.1502
5072,0.1454
5073,0.1405
5074,0.1281
5075,0.1151
5076,0.1054
5077,0.1008
5078,0.1009
5079,0.0973
5080,0.0941
5081,0.0903
5082,0.0888
5083,0.0946
5084,0.111
5085,0.1338
5086,0.155
5087,0.1642
5088,0.1669
5089,0.1679
5090,0.1652
5091,0.159
5092,0.1564
5093,0.1566
5094,0.1562
5095,0.1506
5096,0.1384
5097,0.1164
5098,0.0863
5099,0.0546
5100,0.0327
5101,0.0225
5102,0.0192
5103,0.0175
5104,0.0162
5105,0.0169
5106,0.021
5107,0.0307
5108,0.0398
5109,0.0431
5110,0.0401
5111,0.0336
5112,0.0265
5113,0.0203
5114,0.0162
5115,0.0154
5116,0.0167
5117,0.0188
5118,0.0205
5119,0.0225
5120,0.0238
5121,0.0227
5122,0.0222
5123,0.027
5124,0.0411
5125,0.0644
5126,0.0946
5127,0.121
5128,0.1394
5129,0.155
5130,0.1642
5131,0.1632
5132,0.1542
5133,0.1365
5134,0.1159
5135,0.1013
5136,0.0937
5137,0.0946
5138,0.1003
5139,0.1038
5140,0.1035
5141,0.094
5142,0.0776
5143,0.0601
5144,0.0458
5145,0.0398
5146,0.0437
5147,0.0562
5148,0.0721
5149,0.0846
5150,0.0908
5151,0.0921
5152,0.0884
5153,0.0799
5154,0.0699
5155,0.0607
5156,0.0544
5157,0.0501
5158,0.0498
5159,0.0552
5160,0.0646
5161,0.0771
5162,0.0856
5163,0.0852
5164,0.077
5165,0.068
5166,0.0604
5167,0.0543
5168,0.0503
5169,0.0494
5170,0.0477
5171,0.0467
5172,0.0467
5173,0.0459
5174,0.0431
5175,0.0366
5176,0.0276
5177,0.0188
5178,0.0135
5179,0.0108
5180,0.0082
5181,0.0062
5182,0.0069
5183,0.0103
5184,0.0141
5185,0.0206
5186,0.0311
5187,0.0441
5188,0.0548
5189,0.0606
5190,0.0621
5191,0.0641
5192,0.0696
5193,0.0744
5194,0.0702
5195,0.0596
5196,0.049
5197,0.0441
5198,0.0469
5199,0.0659
5200,0.0891
5201,0.0998
5202,0.1162
5203,0.1425
5204,0.1784
5205,0.2188
5206,0.2505
5207,0.2676
5208,0.2639
5209,0.2387
5210,0.1986
5211,0.1488
5212,0.1131
5213,0.1018
5214,0.1089
5215,0.1267
5216,0.1496
5217,0.1775
5218,0.2138
5219,0.2341
5220,0.2262
5221,0.2109
5222,0.1777
5223,0.155
5224,0.1364
5225,0.1218
5226,0.1067
5227,0.0967
5228,0.0941
5229,0.0975
5230,0.1132
5231,0.1361
5232,0.1639
5233,0.1868
5234,0.2004
5235,0.197
5236,0.1939
5237,0.1963
5238,0.197
5239,0.192
5240,0.1908
5241,0.1986
5242,0.214
5243,0.2307
5244,0.2459
5245,0.2583
5246,0.2573
5247,0.2422
5248,0.2263
5249,0.2138
5250,0.2001
5251,0.1854
5252,0.1808
5253,0.197
5254,0.2278
5255,0.2627
5256,0.2843
5257,0.2905
5258,0.2932
5259,0.2847
5260,0.2827
5261,0.3173
5262,0.3705
5263,0.4434
5264,0.5177
5265,0.5789
5266,0.6162
5267,0.6295
5268,0.6298
5269,0.6259
5270,0.6035
5271,0.5638
5272,0.5173
5273,0.4506
5274,0.3904
5275,0.3489
5276,0.3151
5277,0.2933
5278,0.2624
5279,0.2083
5280,0.1518
5281,0.113
5282,0.0846
5283,0.0616
5284,0.0431
5285,0.0382
5286,0.0396
5287,0.0457
5288,0.064
5289,0.1066
5290,0.1738
5291,0.261
5292,0.355
5293,0.4003
5294,0.4002
5295,0.4203
5296,0.4598
5297,0.4885
5298,0.4798
5299,0.4549
5300,0.4591
5301,0.4573
5302,0.4144
5303,0.3531
5304,0.3743
5305,0.4319
5306,0.5099
5307,0.5762
5308,0.6037
5309,0.6224
5310,0.6229
5311,0.628
5312,0.6705
5313,0.7187
5314,0.7719
5315,0.8355
5316,0.8659
5317,0.8785
5318,0.8846
5319,0.8898
5320,0.8959
5321,0.8921
5322,0.8876
5323,0.8845
5324,0.8849
5325,0.8883
5326,0.894
5327,0.9054
5328,0.9165
5329,0.9215
5330,0.9152
5331,0.8992
5332,0.8761
5333,0.8639
5334,0.8578
5335,0.8511
5336,0.8435
5337,0.838
5338,0.8253
5339,0.8036
5340,0.7628
5341,0.7158
5342,0.6843
5343,0.6517
5344,0.6016
5345,0.563
5346,0.5406
5347,0.5377
5348,0.5506
5349,0.5628
5350,0.5571
5351,0.5587
5352,0.5452
5353,0.5089
5354,0.4608
5355,0.4225
5356,0.3883
5357,0.3754
5358,0.386
5359,0.4076
5360,0.4353
5361,0.4549
5362,0.455
5363,0.4356
5364,0.404
5365,0.3727
5366,0.3431
5367,0.3051
5368,0.261
5369,0.2156
5370,0.1763
5371,0.1421
5372,0.1156
5373,0.1036
5374,0.0977
5375,0.0895
5376,0.0816
5377,0.0752
5378,0.0737
5379,0.0723
5380,0.0654
5381,0.0554
5382,0.0487
5383,0.0507
5384,0.0612
5385,0.0826
5386,0.1141
5387,0.1446
5388,0.1644
5389,0.1713
5390,0.1681
5391,0.1617
5392,0.1554
5393,0.1538
5394,0.1583
5395,0.168
5396,0.1805
5397,0.1844
5398,0.1806
5399,0.1789
5400,0.1875
5401,0.199
5402,0.2064
5403,0.2066
5404,0.1898
5405,0.1662
5406,0.1523
5407,0.1529
5408,0.1595
5409,0.1618
5410,0.1561
5411,0.1443
5412,0.1335
5413,0.1247
5414,0.1155
5415,0.1047
5416,0.0988
5417,0.0986
5418,0.1078
5419,0.1317
5420,0.1706
5421,0.2403
5422,0.3226
5423,0.4176
5424,0.4949
5425,0.5666
5426,0.6039
5427,0.6081
5428,0.5732
5429,0.5327
5430,0.4737
5431,0.4192
5432,0.3728
5433,0.3373
5434,0.3311
5435,0.3349
5436,0.3437
5437,0.3644
5438,0.3551
5439,0.332
5440,0.3151
5441,0.3076
5442,0.3032
5443,0.3212
5444,0.3525
5445,0.3599
5446,0.3401
5447,0.3192
5448,0.3112
5449,0.3062
5450,0.282
5451,0.2455
5452,0.194
5453,0.1504
5454,0.1154
5455,0.0738
5456,0.0526
5457,0.0586
5458,0.097
5459,0.1405
5460,0.1753
5461,0.2014
5462,0.2169
5463,0.2346
5464,0.2408
5465,0.238
5466,0.2459
5467,0.2722
5468,0.3214
5469,0.3724
5470,0.4401
5471,0.5522
5472,0.6771
5473,0.7409
5474,0.7573
5475,0.7665
5476,0.7605
5477,0.7524
5478,0.7292
5479,0.6777
5480,0.6045
5481,0.5426
5482,0.497
5483,0.4524
5484,0.3995
5485,0.3501
5486,0.2958
5487,0.2451
5488,0.2033
5489,0.1669
5490,0.1371
5491,0.129
5492,0.134
5493,0.1153
5494,0.0965
5495,0.1028
5496,0.0932
5497,0.0823
5498,0.0992
5499,0.1409
5500,0.2049
5501,0.2724
5502,0.2969
5503,0.2592
5504,0.2038
5505,0.1796
5506,0.1695
5507,0.1566
5508,0.1489
5509,0.1469
5510,0.1623
5511,0.1935
5512,0.2136
5513,0.2377
5514,0.2879
5515,0.3351
5516,0.3473
5517,0.3614
5518,0.4
5519,0.4414
5520,0.4581
5521,0.4375
5522,0.3847
5523,0.3316
5524,0.2996
5525,0.3186
5526,0.3882
5527,0.4849
5528,0.5696
5529,0.615
5530,0.6286
5531,0.6139
5532,0.5823
5533,0.5376
5534,0.4828
5535,0.425
5536,0.3694
5537,0.3234
5538,0.2937
5539,0.278
5540,0.265
5541,0.2479
5542,0.2252
5543,0.1992
5544,0.1724
5545,0.1508
5546,0.1407
5547,0.1427
5548,0.1496
5549,0.1581
5550,0.1732
5551,0.1999
5552,0.2325
5553,0.2636
5554,0.2826
5555,0.2821
5556,0.2697
5557,0.2503
5558,0.2256
5559,0.1982
5560,0.1708
5561,0.1548
5562,0.1529
5563,0.1611
5564,0.1743
5565,0.1902
5566,0.2034
5567,0.2084
5568,0.2015
5569,0.1797
5570,0.1476
5571,0.1072
5572,0.0669
5573,0.039
5574,0.0238
5575,0.0221
5576,0.0264
5577,0.0323
5578,0.0426
5579,0.0556
5580,0.0637
5581,0.0637
5582,0.0577
5583,0.0477
5584,0.0392
5585,0.0358
5586,0.035
5587,0.036
5588,0.0397
5589,0.0499
5590,0.067
5591,0.0878
5592,0.1121
5593,0.146
5594,0.1929
5595,0.2394
5596,0.2701
5597,0.2795
5598,0.2613
5599,0.2312
5600,0.205
5601,0.1979
5602,0.2047
5603,0.2161
5604,0.2192
5605,0.2143
5606,0.2071
5607,0.204
5608,0.1873
5609,0.1753
5610,0.1654
5611,0.1635
5612,0.1709
5613,0.179
5614,0.1859
5615,0.2055
5616,0.2237
5617,0.2354
5618,0.2423
5619,0.2189
5620,0.2028
5621,0.1895
5622,0.1766
5623,0.159
5624,0.1373
5625,0.1161
5626,0.0971
5627,0.0796
5628,0.0617
5629,0.0441
5630,0.0286
5631,0.017
5632,0.0096
5633,0.0049
5634,0.0032
5635,0.0046
5636,0.0067
5637,0.0094
5638,0.0154
5639,0.0252
5640,0.0373
5641,0.0478
5642,0.054
5643,0.0556
5644,0.0606
5645,0.0686
5646,0.0767
5647,0.0866
5648,0.1033
5649,0.1209
5650,0.1427
5651,0.1642
5652,0.1747
5653,0.1837
5654,0.1988
5655,0.2167
5656,0.2418
5657,0.2785
5658,0.3207
5659,0.3424
5660,0.3316
5661,0.3056
5662,0.2783
5663,0.2516
5664,0.2194
5665,0.1886
5666,0.1614
5667,0.1348
5668,0.1136
5669,0.0964
5670,0.0781
5671,0.0635
5672,0.0565
5673,0.0586
5674,0.0629
5675,0.0637
5676,0.0612
5677,0.0585
5678,0.0611
5679,0.0737
5680,0.093
5681,0.1178
5682,0.1443
5683,0.1549
5684,0.1455
5685,0.1231
5686,0.0926
5687,0.0609
5688,0.0363
5689,0.0214
5690,0.0138
5691,0.0093
5692,0.0075
5693,0.0076
5694,0.0078
5695,0.0084
5696,0.0104
5697,0.0123
5698,0.0136
5699,0.0141
5700,0.0142
5701,0.0145
5702,0.0155
5703,0.0179
5704,0.0214
5705,0.027
5706,0.0353
5707,0.0446
5708,0.0584
5709,0.0728
5710,0.0821
5711,0.0888
5712,0.0953
5713,0.0981
5714,0.0965
5715,0.0885
5716,0.0784
5717,0.0705
5718,0.0617
5719,0.0561
5720,0.0583
5721,0.0706
5722,0.0882
5723,0.1032
5724,0.1144
5725,0.1297
5726,0.1552
5727,0.1926
5728,0.2308
5729,0.2615
5730,0.2815
5731,0.2783
5732,0.2547
5733,0.2159
5734,0.1805
5735,0.1522
5736,0.1267
5737,0.103
5738,0.0829
5739,0.0687
5740,0.061
5741,0.0546
5742,0.0472
5743,0.0412
5744,0.0393
5745,0.0437
5746,0.0568
5747,0.0744
5748,0.0907
5749,0.0967
5750,0.0938
5751,0.0877
5752,0.0754
5753,0.0635
5754,0.0578
5755,0.0568
5756,0.0547
5757,0.0468
5758,0.0351
5759,0.0285
5760,0.0311
5761,0.0445
5762,0.0659
5763,0.0939
5764,0.093
5765,0.1028
5766,0.1422
5767,0.1768
5768,0.1818
5769,0.1586
5770,0.1295
5771,0.1192
5772,0.1211
5773,0.1074
5774,0.0942
5775,0.0886
5776,0.0725
5777,0.0556
5778,0.0535
5779,0.0536
5780,0.054
5781,0.0581
5782,0.0637
5783,0.0775
5784,0.1098
5785,0.1451
5786,0.1757
5787,0.1854
5788,0.1806
5789,0.1808
5790,0.1863
5791,0.1977
5792,0.2056
5793,0.2112
5794,0.2163
5795,0.2118
5796,0.2058
5797,0.1953
5798,0.178
5799,0.1518
5800,0.124
5801,0.1024
5802,0.0834
5803,0.063
5804,0.0467
5805,0.0405
5806,0.0424
5807,0.0543
5808,0.0783
5809,0.1051
5810,0.1303
5811,0.1511
5812,0.1648
5813,0.1646
5814,0.1539
5815,0.135
5816,0.1254
5817,0.1169
5818,0.1049
5819,0.0884
5820,0.0647
5821,0.0405
5822,0.0264
5823,0.0264
5824,0.0335
5825,0.0381
5826,0.0435
5827,0.0548
5828,0.0661
5829,0.0701
5830,0.079
5831,0.1105
5832,0.1528
5833,0.2064
5834,0.2471
5835,0.2653
5836,0.2679
5837,0.2549
5838,0.2273
5839,0.1834
5840,0.1524
5841,0.1516
5842,0.1655
5843,0.1901
5844,0.2134
5845,0.2307
5846,0.2344
5847,0.2265
5848,0.2174
5849,0.212
5850,0.2107
5851,0.2185
5852,0.2378
5853,0.2625
5854,0.2784
5855,0.2864
5856,0.2923
5857,0.2912
5858,0.2885
5859,0.2702
5860,0.245
5861,0.216
5862,0.1783
5863,0.1627
5864,0.1654
5865,0.1604
5866,0.1559
5867,0.1546
5868,0.1569
5869,0.1631
5870,0.1889
5871,0.2129
5872,0.235
5873,0.2666
5874,0.3173
5875,0.3882
5876,0.4672
5877,0.5256
5878,0.5727
5879,0.6318
5880,0.6876
5881,0.721
5882,0.7366
5883,0.7363
5884,0.7201
5885,0.6931
5886,0.6557
5887,0.6085
5888,0.5534
5889,0.5151
5890,0.4937
5891,0.4623
5892,0.4234
5893,0.3732
5894,0.3297
5895,0.2949
5896,0.2572
5897,0.2373
5898,0.2394
5899,0.2595
5900,0.2934
5901,0.3207
5902,0.3371
5903,0.3423
5904,0.3479
5905,0.3666
5906,0.3944
5907,0.4211
5908,0.4542
5909,0.4837
5910,0.515
5911,0.5654
5912,0.6259
5913,0.6846
5914,0.7298
5915,0.7364
5916,0.6952
5917,0.6237
5918,0.5485
5919,0.4956
5920,0.4414
5921,0.3945
5922,0.3449
5923,0.3117
5924,0.3048
5925,0.3285
5926,0.3811
5927,0.4598
5928,0.5293
5929,0.57
5930,0.5743
5931,0.5585
5932,0.5791
5933,0.6359
5934,0.6914
5935,0.7038
5936,0.7104
5937,0.7552
5938,0.8109
5939,0.8424
5940,0.842
5941,0.8211
5942,0.7962
5943,0.7753
5944,0.7461
5945,0.7008
5946,0.6385
5947,0.5637
5948,0.491
5949,0.4283
5950,0.3983
5951,0.4258
5952,0.456
5953,0.456
5954,0.4529
5955,0.4662
5956,0.4861
5957,0.5299
5958,0.5817
5959,0.6095
5960,0.6476
5961,0.6876
5962,0.7234
5963,0.7586
5964,0.7781
5965,0.7846
5966,0.787
5967,0.7759
5968,0.747
5969,0.6934
5970,0.6196
5971,0.5399
5972,0.4606
5973,0.38
5974,0.3113
5975,0.2599
5976,0.2229
5977,0.1943
5978,0.1684
5979,0.1521
5980,0.144
5981,0.1351
5982,0.1227
5983,0.1034
5984,0.0804
5985,0.0613
5986,0.049
5987,0.042
5988,0.0433
5989,0.0612
5990,0.1
5991,0.1564
5992,0.2243
5993,0.2714
5994,0.2912
5995,0.2852
5996,0.2578
5997,0.2251
5998,0.1989
5999,0.1775
6000,0.1593
6001,0.1438
6002,0.1285
6003,0.1068
6004,0.0748
6005,0.0583
6006,0.0448
6007,0.0279
6008,0.0159
6009,0.0068
6010,0.0018
6011,0.0003
6012,0.0
6013,0.0
6014,0.0
6015,0.0
6016,0.0
6017,0.0
6018,0.0
6019,0.0001
6020,0.0006
6021,0.0012
6022,0.0016
6023,0.0021
6024,0.0025
6025,0.0031
6026,0.0035
6027,0.003
6028,0.0024
6029,0.0024
6030,0.0032
6031,0.0053
6032,0.007
6033,0.008
6034,0.01
6035,0.0148
6036,0.02
6037,0.0269
6038,0.0344
6039,0.0348
6040,0.0314
6041,0.0286
6042,0.0252
6043,0.0244
6044,0.0273
6045,0.0354
6046,0.0531
6047,0.0795
6048,0.1121
6049,0.1479
6050,0.1744
6051,0.1762
6052,0.1669
6053,0.1722
6054,0.1984
6055,0.2371
6056,0.2838
6057,0.326
6058,0.3573
6059,0.3687
6060,0.3658
6061,0.3579
6062,0.3341
6063,0.2873
6064,0.2435
6065,0.2223
6066,0.2137
6067,0.2145
6068,0.1885
6069,0.1748
6070,0.1875
6071,0.2201
6072,0.2752
6073,0.3388
6074,0.4029
6075,0.4294
6076,0.4541
6077,0.5065
6078,0.5809
6079,0.6639
6080,0.7405
6081,0.8103
6082,0.8553
6083,0.8745
6084,0.8754
6085,0.8523
6086,0.8085
6087,0.7224
6088,0.6034
6089,0.4899
6090,0.4213
6091,0.3931
6092,0.3705
6093,0.3683
6094,0.3758
6095,0.3419
6096,0.2945
6097,0.3163
6098,0.3579
6099,0.3655
6100,0.349
6101,0.3352
6102,0.3327
6103,0.3404
6104,0.3637
6105,0.4024
6106,0.4438
6107,0.4734
6108,0.4888
6109,0.4887
6110,0.4768
6111,0.4774
6112,0.4912
6113,0.503
6114,0.5022
6115,0.4974
6116,0.5037
6117,0.5422
6118,0.6205
6119,0.6863
6120,0.7145
6121,0.6773
6122,0.6269
6123,0.5848
6124,0.5322
6125,0.4671
6126,0.4172
6127,0.3666
6128,0.3336
6129,0.2946
6130,0.2635
6131,0.2497
6132,0.2433
6133,0.2555
6134,0.277
6135,0.2748
6136,0.2411
6137,0.2107
6138,0.1894
6139,0.1583
6140,0.1442
6141,0.1276
6142,0.1122
6143,0.0982
6144,0.0937
6145,0.0913
6146,0.1011
6147,0.0942
6148,0.0849
6149,0.068
6150,0.0576
6151,0.0576
6152,0.0614
6153,0.0728
6154,0.0946
6155,0.1221
6156,0.1545
6157,0.1733
6158,0.1834
6159,0.1853
6160,0.1938
6161,0.2235
6162,0.278
6163,0.3527
6164,0.4414
6165,0.5329
6166,0.6096
6167,0.6691
6168,0.7133
6169,0.7369
6170,0.7437
6171,0.7432
6172,0.7522
6173,0.7436
6174,0.7288
6175,0.7254
6176,0.6964
6177,0.6827
6178,0.6744
6179,0.6355
6180,0.6024
6181,0.5654
6182,0.5327
6183,0.5353
6184,0.5099
6185,0.4851
6186,0.4847
6187,0.472
6188,0.4472
6189,0.4404
6190,0.4193
6191,0.3888
6192,0.3503
6193,0.3224
6194,0.2942
6195,0.2653
6196,0.2387
6197,0.2194
6198,0.2001
6199,0.1848
6200,0.1787
6201,0.1799
6202,0.1839
6203,0.1935
6204,0.2085
6205,0.2218
6206,0.2347
6207,0.2496
6208,0.2687
6209,0.2887
6210,0.3032
6211,0.3246
6212,0.359
6213,0.3962
6214,0.4414
6215,0.4992
6216,0.5581
6217,0.6087
6218,0.6538
6219,0.6864
6220,0.7155
6221,0.7538
6222,0.79
6223,0.8213
6224,0.842
6225,0.8632
6226,0.8801
6227,0.8898
6228,0.9011
6229,0.9122
6230,0.9154
6231,0.9159
6232,0.9142
6233,0.9065
6234,0.8865
6235,0.8566
6236,0.824
6237,0.7924
6238,0.7616
6239,0.7369
6240,0.7122
6241,0.6844
6242,0.6542
6243,0.6137
6244,0.5796
6245,0.5513
6246,0.5103
6247,0.4763
6248,0.4538
6249,0.4441
6250,0.4456
6251,0.4614
6252,0.4821
6253,0.4996
6254,0.5159
6255,0.5318
6256,0.5367
6257,0.533
6258,0.5138
6259,0.4803
6260,0.4377
6261,0.3944
6262,0.3502
6263,0.3083
6264,0.2744
6265,0.2499
6266,0.2433
6267,0.235
6268,0.2474
6269,0.2228
6270,0.186
6271,0.1721
6272,0.1481
6273,0.1097
6274,0.0913
6275,0.0802
6276,0.0843
6277,0.0953
6278,0.1049
6279,0.1104
6280,0.1059
6281,0.0922
6282,0.0723
6283,0.0514
6284,0.0337
6285,0.0257
6286,0.026
6287,0.0305
6288,0.0406
6289,0.0602
6290,0.0844
6291,0.1014
6292,0.1067
6293,0.1018
6294,0.0945
6295,0.0913
6296,0.0937
6297,0.1035
6298,0.1186
6299,0.1305
6300,0.1385
6301,0.1374
6302,0.1272
6303,0.1126
6304,0.1027
6305,0.093
6306,0.0813
6307,0.0722
6308,0.0636
6309,0.0565
6310,0.05
6311,0.0426
6312,0.0361
6313,0.0322
6314,0.0303
6315,0.0278
6316,0.0268
6317,0.0265
6318,0.025
6319,0.0234
6320,0.0236
6321,0.0252
6322,0.0258
6323,0.0277
6324,0.0333
6325,0.0445
6326,0.0643
6327,0.0931
6328,0.1225
6329,0.146
6330,0.1602
6331,0.1672
6332,0.1722
6333,0.1776
6334,0.1832
6335,0.1852
6336,0.1849
6337,0.1849
6338,0.1868
6339,0.1875
6340,0.1865
6341,0.1863
6342,0.1797
6343,0.1626
6344,0.1485
6345,0.1474
6346,0.1678
6347,0.2002
6348,0.2284
6349,0.2463
6350,0.2573
6351,0.2715
6352,0.2992
6353,0.3452
6354,0.3798
6355,0.3741
6356,0.3374
6357,0.3052
6358,0.279
6359,0.2457
6360,0.2137
6361,0.1875
6362,0.1751
6363,0.1705
6364,0.1678
6365,0.1658
6366,0.1674
6367,0.1639
6368,0.1633
6369,0.1501
6370,0.1203
6371,0.0929
6372,0.0762
6373,0.0681
6374,0.0633
6375,0.0626
6376,0.0663
6377,0.0725
6378,0.0774
6379,0.0788
6380,0.0773
6381,0.0797
6382,0.0816
6383,0.0802
6384,0.0725
6385,0.0653
6386,0.0636
6387,0.0678
6388,0.0782
6389,0.0969
6390,0.1236
6391,0.1427
6392,0.1476
6393,0.1556
6394,0.1635
6395,0.1884
6396,0.2158
6397,0.2237
6398,0.2349
6399,0.2359
6400,0.2367
6401,0.2489
6402,0.2566
6403,0.2351
6404,0.2032
6405,0.1743
6406,0.1529
6407,0.1286
6408,0.1171
6409,0.1093
6410,0.107
6411,0.1041
6412,0.1054
6413,0.1116
6414,0.1139
6415,0.1081
6416,0.096
6417,0.0785
6418,0.0626
6419,0.05
6420,0.0413
6421,0.037
6422,0.0365
6423,0.0408
6424,0.0492
6425,0.0621
6426,0.0813
6427,0.1038
6428,0.1262
6429,0.1473
6430,0.1628
6431,0.1754
6432,0.1873
6433,0.1972
6434,0.2105
6435,0.2214
6436,0.229
6437,0.2344
6438,0.2368
6439,0.2466
6440,0.2693
6441,0.2845
6442,0.304
6443,0.3366
6444,0.3811
6445,0.424
6446,0.4731
6447,0.5394
6448,0.5478
6449,0.5345
6450,0.5199
6451,0.5191
6452,0.5141
6453,0.4857
6454,0.4344
6455,0.359
6456,0.2902
6457,0.2468
6458,0.2098
6459,0.1842
6460,0.1868
6461,0.2005
6462,0.2179
6463,0.2446
6464,0.2732
6465,0.2971
6466,0.3235
6467,0.3504
6468,0.3736
6469,0.3914
6470,0.4088
6471,0.4178
6472,0.4246
6473,0.4484
6474,0.4924
6475,0.5639
6476,0.645
6477,0.7058
6478,0.7323
6479,0.7125
6480,0.7071
6481,0.7085
6482,0.6983
6483,0.6853
6484,0.677
6485,0.6704
6486,0.6813
6487,0.6888
6488,0.6941
6489,0.7044
6490,0.7217
6491,0.7452
6492,0.7768
6493,0.8008
6494,0.8038
6495,0.7926
6496,0.7853
6497,0.7814
6498,0.7778
6499,0.7406
6500,0.7121
6501,0.6849
6502,0.6648
6503,0.6263
6504,0.5922
6505,0.5708
6506,0.5579
6507,0.5188
6508,0.4695
6509,0.4068
6510,0.3841
6511,0.4401
6512,0.5229
6513,0.5661
6514,0.5769
6515,0.5624
6516,0.55
6517,0.5282
6518,0.4999
6519,0.4477
6520,0.3889
6521,0.3207
6522,0.2679
6523,0.1908
6524,0.1485
6525,0.1589
6526,0.2368
6527,0.3902
6528,0.5681
6529,0.742
6530,0.8233
6531,0.8269
6532,0.8137
6533,0.8164
6534,0.8451
6535,0.8706
6536,0.8783
6537,0.853
6538,0.7975
6539,0.7521
6540,0.7112
6541,0.6552
6542,0.6176
6543,0.5463
6544,0.4817
6545,0.3935
6546,0.3112
6547,0.2577
6548,0.2151
6549,0.1779
6550,0.1528
6551,0.1177
6552,0.0852
6553,0.0636
6554,0.0508
6555,0.0402
6556,0.0391
6557,0.0639
6558,0.1113
6559,0.1414
6560,0.1467
6561,0.1558
6562,0.1783
6563,0.1874
6564,0.1713
6565,0.143
6566,0.1282
6567,0.1229
6568,0.1258
6569,0.1305
6570,0.141
6571,0.1641
6572,0.1944
6573,0.2265
6574,0.2557
6575,0.2803
6576,0.303
6577,0.3383
6578,0.3806
6579,0.4122
6580,0.4329
6581,0.4409
6582,0.4453
6583,0.461
6584,0.4972
6585,0.5456
6586,0.5888
6587,0.6115
6588,0.6098
6589,0.6007
6590,0.6096
6591,0.6471
6592,0.6961
6593,0.7311
6594,0.7437
6595,0.7257
6596,0.685
6597,0.6195
6598,0.5196
6599,0.3908
6600,0.2662
6601,0.1738
6602,0.1149
6603,0.0844
6604,0.0675
6605,0.056
6606,0.0459
6607,0.0333
6608,0.0221
6609,0.0138
6610,0.0095
6611,0.0076
6612,0.0073
6613,0.0071
6614,0.0065
6615,0.0056
6616,0.0047
6617,0.0037
6618,0.0053
6619,0.0137
6620,0.031
6621,0.0545
6622,0.0775
6623,0.0927
6624,0.0983
6625,0.0966
6626,0.0952
6627,0.0954
6628,0.0931
6629,0.0975
6630,0.1127
6631,0.1333
6632,0.151
6633,0.1483
6634,0.1318
6635,0.1183
6636,0.1104
6637,0.107
6638,0.1102
6639,0.1333
6640,0.1838
6641,0.2468
6642,0.3067
6643,0.3465
6644,0.353
6645,0.3262
6646,0.2892
6647,0.2683
6648,0.2845
6649,0.3261
6650,0.3386
6651,0.3145
6652,0.3011
6653,0.3051
6654,0.3132
6655,0.3123
6656,0.2951
6657,0.2606
6658,0.209
6659,0.1621
6660,0.1365
6661,0.1242
6662,0.1195
6663,0.1265
6664,0.1543
6665,0.1947
6666,0.2213
6667,0.2336
6668,0.2417
6669,0.2509
6670,0.2559
6671,0.2577
6672,0.2598
6673,0.2693
6674,0.2767
6675,0.2863
6676,0.3065
6677,0.3422
6678,0.3913
6679,0.4481
6680,0.5086
6681,0.5497
6682,0.5644
6683,0.5606
6684,0.543
6685,0.5281
6686,0.5246
6687,0.5368
6688,0.5601
6689,0.5832
6690,0.5936
6691,0.5683
6692,0.4993
6693,0.3947
6694,0.293
6695,0.228
6696,0.1924
6697,0.183
6698,0.1856
6699,0.1865
6700,0.1587
6701,0.1466
6702,0.1584
6703,0.1561
6704,0.1536
6705,0.1563
6706,0.1592
6707,0.1655
6708,0.1809
6709,0.1978
6710,0.2245
6711,0.265
6712,0.2994
6713,0.3467
6714,0.4171
6715,0.4768
6716,0.5101
6717,0.5185
6718,0.5244
6719,0.5528
6720,0.59
6721,0.6093
6722,0.6169
6723,0.5677
6724,0.4801
6725,0.4494
6726,0.4386
6727,0.41
6728,0.3815
6729,0.3854
6730,0.4005
6731,0.4109
6732,0.4181
6733,0.437
6734,0.4549
6735,0.4746
6736,0.5073
6737,0.5471
6738,0.5682
6739,0.5816
6740,0.5896
6741,0.6086
6742,0.593
6743,0.5626
6744,0.5456
6745,0.5686
6746,0.6056
6747,0.6277
6748,0.6235
6749,0.6061
6750,0.6067
6751,0.6178
6752,0.6202
6753,0.6185
6754,0.5899
6755,0.5371
6756,0.4709
6757,0.3969
6758,0.3304
6759,0.2734
6760,0.2292
6761,0.2041
6762,0.2154
6763,0.2445
6764,0.2786
6765,0.3094
6766,0.3345
6767,0.3575
6768,0.3816
6769,0.4054
6770,0.4243
6771,0.4382
6772,0.4651
6773,0.5021
6774,0.5304
6775,0.558
6776,0.5886
6777,0.6273
6778,0.6771
6779,0.723
6780,0.7571
6781,0.7708
6782,0.7696
6783,0.7647
6784,0.7662
6785,0.7645
6786,0.7382
6787,0.7199
6788,0.7313
6789,0.7717
6790,0.8217
6791,0.8726
6792,0.8945
6793,0.9014
6794,0.9021
6795,0.9023
6796,0.9176
6797,0.9185
6798,0.9041
6799,0.8961
6800,0.8906
6801,0.8786
6802,0.8639
6803,0.8571
6804,0.8695
6805,0.8857
6806,0.903
6807,0.9173
6808,0.9373
6809,0.952
6810,0.9488
6811,0.9205
6812,0.8614
6813,0.7958
6814,0.7238
6815,0.662
6816,0.6492
6817,0.6709
6818,0.6737
6819,0.6341
6820,0.6099
6821,0.6185
6822,0.6371
6823,0.6488
6824,0.67
6825,0.6885
6826,0.6825
6827,0.657
6828,0.6106
6829,0.5422
6830,0.487
6831,0.4306
6832,0.3446
6833,0.2923
6834,0.246
6835,0.2085
6836,0.1631
6837,0.1333
6838,0.1165
6839,0.1008
6840,0.0905
6841,0.0766
6842,0.0639
6843,0.047
6844,0.0382
6845,0.0417
6846,0.0495
6847,0.0628
6848,0.0845
6849,0.1235
6850,0.1823
6851,0.243
6852,0.2797
6853,0.3347
6854,0.4698
6855,0.6422
6856,0.7797
6857,0.8404
6858,0.8478
6859,0.8354
6860,0.8418
6861,0.8571
6862,0.8852
6863,0.8937
6864,0.8826
6865,0.8589
6866,0.8193
6867,0.7367
6868,0.6295
6869,0.4903
6870,0.3496
6871,0.2258
6872,0.1355
6873,0.0924
6874,0.0798
6875,0.0745
6876,0.0834
6877,0.0963
6878,0.1322
6879,0.1906
6880,0.2716
6881,0.3389
6882,0.3796
6883,0.4615
6884,0.5449
6885,0.5675
6886,0.5577
6887,0.5135
6888,0.4167
6889,0.3005
6890,0.3969
6891,0.455
6892,0.3936
6893,0.3184
6894,0.2671
6895,0.2189
6896,0.178
6897,0.1589
6898,0.148
6899,0.1449
6900,0.1411
6901,0.1358
6902,0.1194
6903,0.1032
6904,0.0872
6905,0.0679
6906,0.0643
6907,0.0703
6908,0.0709
6909,0.0704
6910,0.0655
6911,0.0591
6912,0.0556
6913,0.0544
6914,0.0533
6915,0.053
6916,0.0533
6917,0.0535
6918,0.0543
6919,0.0556
6920,0.0644
6921,0.0902
6922,0.1248
6923,0.1518
6924,0.1596
6925,0.1664
6926,0.1872
6927,0.2206
6928,0.2707
6929,0.345
6930,0.4144
6931,0.4736
6932,0.496
6933,0.4896
6934,0.4377
6935,0.3785
6936,0.3432
6937,0.3038
6938,0.265
6939,0.2309
6940,0.2014
6941,0.1876
6942,0.1866
6943,0.2
6944,0.2232
6945,0.2322
6946,0.2258
6947,0.2186
6948,0.2181
6949,0.2033
6950,0.1735
6951,0.1308
6952,0.0936
6953,0.0826
6954,0.0939
6955,0.1184
6956,0.1509
6957,0.1761
6958,0.1884
6959,0.1909
6960,0.1919
6961,0.1996
6962,0.2101
6963,0.2362
6964,0.2644
6965,0.2986
6966,0.3422
6967,0.3888
6968,0.4358
6969,0.4545
6970,0.4898
6971,0.5748
6972,0.6307
6973,0.6967
6974,0.7809
6975,0.8463
6976,0.8785
6977,0.8885
6978,0.8986
6979,0.9047
6980,0.9082
6981,0.8986
6982,0.8805
6983,0.8481
6984,0.8003
6985,0.7471
6986,0.7067
6987,0.6876
6988,0.6709
6989,0.6448
6990,0.599
6991,0.5747
6992,0.5835
6993,0.5736
6994,0.5183
6995,0.4446
6996,0.3818
6997,0.3401
6998,0.3144
6999,0.3287
7000,0.3825
7001,0.4271
7002,0.4615
7003,0.4668
7004,0.4412
7005,0.4138
7006,0.382
7007,0.3411
7008,0.3072
7009,0.2817
7010,0.2594
7011,0.245
7012,0.2337
7013,0.2209
7014,0.1867
7015,0.1503
7016,0.1224
7017,0.0937
7018,0.071
7019,0.0625
7020,0.0499
7021,0.0263
7022,0.0074
7023,0.0008
7024,0.0
7025,0.0001
7026,0.0006
7027,0.0013
7028,0.0054
7029,0.0191
7030,0.053
7031,0.1034
7032,0.1504
7033,0.1553
7034,0.1785
7035,0.192
7036,0.2175
7037,0.246
7038,0.2833
7039,0.329
7040,0.3459
7041,0.3285
7042,0.2945
7043,0.2423
7044,0.1864
7045,0.1379
7046,0.0956
7047,0.0724
7048,0.0648
7049,0.0828
7050,0.1066
7051,0.1225
7052,0.1338
7053,0.1459
7054,0.145
7055,0.1362
7056,0.1204
7057,0.1117
7058,0.1141
7059,0.124
7060,0.1478
7061,0.1449
7062,0.1282
7063,0.113
7064,0.1019
7065,0.1039
7066,0.1243
7067,0.1655
7068,0.2254
7069,0.2789
7070,0.3106
7071,0.3034
7072,0.2822
7073,0.264
7074,0.2584
7075,0.2762
7076,0.2733
7077,0.2563
7078,0.2533
7079,0.2408
7080,0.2226
7081,0.1984
7082,0.1749
7083,0.1391
7084,0.1057
7085,0.0821
7086,0.0719
7087,0.0725
7088,0.0742
7089,0.0711
7090,0.0564
7091,0.0366
7092,0.0247
7093,0.0226
7094,0.0254
7095,0.0373
7096,0.0643
7097,0.108
7098,0.1592
7099,0.1843
7100,0.1709
7101,0.1353
7102,0.1134
7103,0.1291
7104,0.1572
7105,0.1495
7106,0.1148
7107,0.0949
7108,0.1003
7109,0.1258
7110,0.1575
7111,0.1673
7112,0.1456
7113,0.1213
7114,0.1223
7115,0.1458
7116,0.1599
7117,0.1704
7118,0.2109
7119,0.2546
7120,0.3257
7121,0.4311
7122,0.5495
7123,0.6502
7124,0.7207
7125,0.7528
7126,0.7727
7127,0.7691
7128,0.7414
7129,0.7204
7130,0.6862
7131,0.6531
7132,0.6456
7133,0.6459
7134,0.6465
7135,0.6575
7136,0.6701
7137,0.6713
7138,0.6509
7139,0.6166
7140,0.5616
7141,0.4999
7142,0.444
7143,0.4189
7144,0.4509
7145,0.5383
7146,0.657
7147,0.7786
7148,0.8626
7149,0.8956
7150,0.9159
7151,0.939
7152,0.9527
7153,0.9607
7154,0.9618
7155,0.9599
7156,0.9577
7157,0.9431
7158,0.9114
7159,0.8591
7160,0.8409
7161,0.8483
7162,0.8575
7163,0.8821
7164,0.897
7165,0.8957
7166,0.8869
7167,0.8631
7168,0.8268
7169,0.7826
7170,0.7146
7171,0.6163
7172,0.4992
7173,0.4473
7174,0.4864
7175,0.6505
7176,0.7274
7177,0.7756
7178,0.8266
7179,0.8404
7180,0.8264
7181,0.8043
7182,0.7985
7183,0.7992
7184,0.7965
7185,0.7845
7186,0.7731
7187,0.7696
7188,0.7734
7189,0.7804
7190,0.793
7191,0.8073
7192,0.8194
7193,0.8303
7194,0.8361
7195,0.8318
7196,0.8196
7197,0.8004
7198,0.7737
7199,0.7342
7200,0.6829
7201,0.625
7202,0.5681
7203,0.5171
7204,0.4775
7205,0.4474
7206,0.4175
7207,0.3764
7208,0.3273
7209,0.2969
7210,0.2748
7211,0.2586
7212,0.247
7213,0.2367
7214,0.2274
7215,0.215
7216,0.1987
7217,0.1787
7218,0.1577
7219,0.1374
7220,0.1175
7221,0.1011
7222,0.0899
7223,0.085
7224,0.0852
7225,0.0888
7226,0.0949
7227,0.1035
7228,0.1099
7229,0.1127
7230,0.1125
7231,0.108
7232,0.0997
7233,0.0891
7234,0.078
7235,0.0674
7236,0.0583
7237,0.0537
7238,0.0528
7239,0.0565
7240,0.0616
7241,0.0638
7242,0.0608
7243,0.0537
7244,0.045
7245,0.0367
7246,0.0287
7247,0.0218
7248,0.0162
7249,0.0124
7250,0.0094
7251,0.0064
7252,0.0035
7253,0.0018
7254,0.0013
7255,0.0018
7256,0.0028
7257,0.003
7258,0.0026
7259,0.0014
7260,0.0008
7261,0.0007
7262,0.0006
7263,0.0012
7264,0.0025
7265,0.0047
7266,0.0082
7267,0.0123
7268,0.017
7269,0.0233
7270,0.0295
7271,0.0308
7272,0.0296
7273,0.0279
7274,0.0263
7275,0.0246
7276,0.0256
7277,0.0289
7278,0.0347
7279,0.039
7280,0.0431
7281,0.0493
7282,0.0566
7283,0.0622
7284,0.0641
7285,0.0625
7286,0.0591
7287,0.0618
7288,0.0816
7289,0.1185
7290,0.1605
7291,0.202
7292,0.23
7293,0.2654
7294,0.3061
7295,0.3033
7296,0.3028
7297,0.281
7298,0.2742
7299,0.2647
7300,0.26
7301,0.2886
7302,0.3232
7303,0.3462
7304,0.3638
7305,0.3745
7306,0.3695
7307,0.3504
7308,0.3339
7309,0.3281
7310,0.3347
7311,0.3461
7312,0.3663
7313,0.3876
7314,0.3983
7315,0.3939
7316,0.3866
7317,0.3756
7318,0.3585
7319,0.3444
7320,0.3331
7321,0.3209
7322,0.3158
7323,0.2935
7324,0.3146
7325,0.3802
7326,0.4396
7327,0.4955
7328,0.5698
7329,0.6229
7330,0.6185
7331,0.5688
7332,0.5146
7333,0.4835
7334,0.4928
7335,0.5191
7336,0.5567
7337,0.6206
7338,0.6811
7339,0.7195
7340,0.7591
7341,0.7623
7342,0.7471
7343,0.7299
7344,0.6992
7345,0.6749
7346,0.6245
7347,0.5647
7348,0.5102
7349,0.4453
7350,0.3824
7351,0.3367
7352,0.2953
7353,0.243
7354,0.1736
7355,0.1122
7356,0.0712
7357,0.0577
7358,0.0591
7359,0.0654
7360,0.0734
7361,0.0761
7362,0.0722
7363,0.0746
7364,0.0953
7365,0.1287
7366,0.1579
7367,0.1678
7368,0.1673
7369,0.1607
7370,0.1516
7371,0.1452
7372,0.1398
7373,0.1339
7374,0.119
7375,0.0977
7376,0.0833
7377,0.0771
7378,0.0752
7379,0.0708
7380,0.0632
7381,0.0561
7382,0.0521
7383,0.0532
7384,0.0601
7385,0.0659
7386,0.068
7387,0.0708
7388,0.072
7389,0.074
7390,0.0728
7391,0.075
7392,0.0815
7393,0.0888
7394,0.0955
7395,0.0998
7396,0.1072
7397,0.1261
7398,0.1626
7399,0.2112
7400,0.2624
7401,0.2988
7402,0.3123
7403,0.3082
7404,0.3078
7405,0.3148
7406,0.3264
7407,0.3508
7408,0.3708
7409,0.3616
7410,0.3276
7411,0.2753
7412,0.2239
7413,0.186
7414,0.1673
7415,0.1661
7416,0.1721
7417,0.1711
7418,0.1618
7419,0.146
7420,0.131
7421,0.1215
7422,0.113
7423,0.1032
7424,0.09
7425,0.0731
7426,0.0563
7427,0.0403
7428,0.0243
7429,0.012
7430,0.006
7431,0.0041
7432,0.003
7433,0.0013
7434,0.0001
7435,0.0
7436,0.0
7437,0.0
7438,0.0
7439,0.0
7440,0.0001
7441,0.0009
7442,0.0056
7443,0.0131
7444,0.024
7445,0.0387
7446,0.0616
7447,0.0932
7448,0.1331
7449,0.1793
7450,0.2284
7451,0.2704
7452,0.3039
7453,0.3396
7454,0.3848
7455,0.4519
7456,0.5308
7457,0.5857
7458,0.5853
7459,0.5223
7460,0.4496
7461,0.3857
7462,0.3451
7463,0.3693
7464,0.4257
7465,0.4434
7466,0.4403
7467,0.4374
7468,0.4464
7469,0.4499
7470,0.4459
7471,0.4363
7472,0.4074
7473,0.3592
7474,0.2946
7475,0.2243
7476,0.1598
7477,0.1082
7478,0.0827
7479,0.0757
7480,0.0746
7481,0.0751
7482,0.0766
7483,0.0749
7484,0.0681
7485,0.0574
7486,0.0473
7487,0.0421
7488,0.0438
7489,0.0524
7490,0.0668
7491,0.0834
7492,0.0976
7493,0.1121
7494,0.1292
7495,0.1478
7496,0.1646
7497,0.1747
7498,0.1785
7499,0.1774
7500,0.1716
7501,0.1681
7502,0.1644
7503,0.1774
7504,0.1979
7505,0.211
7506,0.215
7507,0.2065
7508,0.1928
7509,0.1883
7510,0.1897
7511,0.1912
7512,0.1848
7513,0.1715
7514,0.1572
7515,0.1392
7516,0.1234
7517,0.1155
7518,0.1133
7519,0.1137
7520,0.1178
7521,0.13
7522,0.1475
7523,0.1662
7524,0.1778
7525,0.1717
7526,0.166
7527,0.1736
7528,0.1765
7529,0.1644
7530,0.1536
7531,0.1603
7532,0.2014
7533,0.2735
7534,0.3
7535,0.2565
7536,0.2238
7537,0.2175
7538,0.2247
7539,0.2659
7540,0.3409
7541,0.4268
7542,0.5009
7543,0.559
7544,0.6012
7545,0.629
7546,0.6507
7547,0.6779
7548,0.7101
7549,0.7451
7550,0.7868
7551,0.8347
7552,0.8764
7553,0.8909
7554,0.8734
7555,0.8339
7556,0.7954
7557,0.7762
7558,0.7677
7559,0.7636
7560,0.7598
7561,0.7562
7562,0.7585
7563,0.7632
7564,0.7729
7565,0.7862
7566,0.8027
7567,0.804
7568,0.7915
7569,0.785
7570,0.7797
7571,0.7495
7572,0.689
7573,0.6206
7574,0.5702
7575,0.534
7576,0.5345
7577,0.5574
7578,0.5791
7579,0.6065
7580,0.6454
7581,0.667
7582,0.6835
7583,0.6942
7584,0.7016
7585,0.7159
7586,0.7103
7587,0.6849
7588,0.6435
7589,0.5854
7590,0.5162
7591,0.4731
7592,0.4636
7593,0.4665
7594,0.4575
7595,0.4332
7596,0.4104
7597,0.4124
7598,0.418
7599,0.3816
7600,0.3219
7601,0.273
7602,0.2466
7603,0.2311
7604,0.2145
7605,0.1903
7606,0.1584
7607,0.1295
7608,0.108
7609,0.0993
7610,0.1
7611,0.1039
7612,0.1098
7613,0.1161
7614,0.1278
7615,0.1518
7616,0.1775
7617,0.193
7618,0.1933
7619,0.176
7620,0.1641
7621,0.1744
7622,0.2053
7623,0.2675
7624,0.354
7625,0.4244
7626,0.4579
7627,0.4782
7628,0.4863
7629,0.4747
7630,0.4593
7631,0.4593
7632,0.4756
7633,0.5198
7634,0.5956
7635,0.6798
7636,0.7478
7637,0.803
7638,0.8354
7639,0.8532
7640,0.8579
7641,0.8526
7642,0.8439
7643,0.8072
7644,0.76
7645,0.7235
7646,0.6922
7647,0.6604
7648,0.6013
7649,0.5123
7650,0.4096
7651,0.3146
7652,0.2357
7653,0.1542
7654,0.0952
7655,0.0657
7656,0.053
7657,0.0515
7658,0.0526
7659,0.045
7660,0.0323
7661,0.0344
7662,0.0357
7663,0.038
7664,0.0484
7665,0.065
7666,0.099
7667,0.153
7668,0.2212
7669,0.2999
7670,0.3907
7671,0.4848
7672,0.5806
7673,0.6604
7674,0.7246
7675,0.7691
7676,0.7918
7677,0.7964
7678,0.7785
7679,0.7379
7680,0.6721
7681,0.5892
7682,0.5103
7683,0.4566
7684,0.4257
7685,0.3908
7686,0.3349
7687,0.2841
7688,0.2202
7689,0.1469
7690,0.1076
7691,0.0903
7692,0.0479
7693,0.0217
7694,0.0221
7695,0.0244
7696,0.0341
7697,0.0585
7698,0.089
7699,0.1235
7700,0.1675
7701,0.2111
7702,0.2458
7703,0.2943
7704,0.3507
7705,0.4239
7706,0.5208
7707,0.5999
7708,0.6168
7709,0.6063
7710,0.6091
7711,0.6156
7712,0.6022
7713,0.5544
7714,0.5254
7715,0.5092
7716,0.5267
7717,0.5641
7718,0.5976
7719,0.6263
7720,0.6581
7721,0.6775
7722,0.6917
7723,0.6938
7724,0.6686
7725,0.6633
7726,0.659
7727,0.6444
7728,0.6395
7729,0.6605
7730,0.7055
7731,0.744
7732,0.7623
7733,0.754
7734,0.7204
7735,0.6631
7736,0.5978
7737,0.5561
7738,0.5337
7739,0.5199
7740,0.4974
7741,0.4586
7742,0.4051
7743,0.3426
7744,0.2809
7745,0.2277
7746,0.182
7747,0.1406
7748,0.1041
7749,0.0692
7750,0.0385
7751,0.019
7752,0.0078
7753,0.002
7754,0.0
7755,0.0
7756,0.0
7757,0.0
7758,0.0003
7759,0.003
7760,0.0075
7761,0.012
7762,0.0159
7763,0.0175
7764,0.0168
7765,0.0186
7766,0.0259
7767,0.0375
7768,0.0462
7769,0.052
7770,0.0537
7771,0.0481
7772,0.0374
7773,0.023
7774,0.0129
7775,0.0079
7776,0.0058
7777,0.0053
7778,0.0064
7779,0.0094
7780,0.0172
7781,0.0332
7782,0.0581
7783,0.0873
7784,0.1211
7785,0.1421
7786,0.1476
7787,0.1435
7788,0.1504
7789,0.172
7790,0.2073
7791,0.2509
7792,0.2826
7793,0.292
7794,0.2967
7795,0.2934
7796,0.2762
7797,0.239
7798,0.2067
7799,0.1785
7800,0.1563
7801,0.1432
7802,0.138
7803,0.1456
7804,0.16
7805,0.1806
7806,0.2072
7807,0.2362
7808,0.2576
7809,0.2651
7810,0.2715
7811,0.2759
7812,0.2753
7813,0.2694
7814,0.2652
7815,0.2847
7816,0.3179
7817,0.3372
7818,0.3316
7819,0.3016
7820,0.2689
7821,0.2677
7822,0.3008
7823,0.3395
7824,0.3676
7825,0.4042
7826,0.4573
7827,0.5254
7828,0.6034
7829,0.6542
7830,0.6698
7831,0.6711
7832,0.6862
7833,0.7096
7834,0.7285
7835,0.7333
7836,0.7193
7837,0.707
7838,0.723
7839,0.7549
7840,0.7808
7841,0.7856
7842,0.7708
7843,0.7353
7844,0.6871
7845,0.6389
7846,0.5995
7847,0.5843
7848,0.5842
7849,0.589
7850,0.5978
7851,0.6066
7852,0.6197
7853,0.6295
7854,0.6232
7855,0.6101
7856,0.5958
7857,0.5677
7858,0.5296
7859,0.4825
7860,0.4293
7861,0.3835
7862,0.351
7863,0.3351
7864,0.3256
7865,0.3106
7866,0.2856
7867,0.2452
7868,0.2098
7869,0.1707
7870,0.124
7871,0.0874
7872,0.0644
7873,0.0512
7874,0.0506
7875,0.0651
7876,0.0894
7877,0.1133
7878,0.1223
7879,0.1149
7880,0.098
7881,0.0814
7882,0.0681
7883,0.0555
7884,0.0454
7885,0.0406
7886,0.0437
7887,0.0551
7888,0.07
7889,0.0849
7890,0.0963
7891,0.1045
7892,0.1118
7893,0.1151
7894,0.1164
7895,0.1189
7896,0.1188
7897,0.1208
7898,0.1288
7899,0.1314
7900,0.1664
7901,0.1984
7902,0.1991
7903,0.2403
7904,0.2687
7905,0.2738
7906,0.2732
7907,0.2691
7908,0.2629
7909,0.2505
7910,0.2376
7911,0.2367
7912,0.2582
7913,0.3024
7914,0.3281
7915,0.3546
7916,0.3799
7917,0.3653
7918,0.3461
7919,0.2876
7920,0.2436
7921,0.2178
7922,0.1973
7923,0.1725
7924,0.1458
7925,0.1498
7926,0.2224
7927,0.3256
7928,0.355
7929,0.3642
7930,0.3878
7931,0.4312
7932,0.451
7933,0.4466
7934,0.4609
7935,0.5077
7936,0.53
7937,0.5191
7938,0.4752
7939,0.4185
7940,0.3631
7941,0.3314
7942,0.3058
7943,0.2785
7944,0.2548
7945,0.2584
7946,0.2758
7947,0.2993
7948,0.3236
7949,0.3233
7950,0.2883
7951,0.2385
7952,0.216
7953,0.2243
7954,0.2459
7955,0.3019
7956,0.3616
7957,0.4362
7958,0.4918
7959,0.5251
7960,0.5472
7961,0.5839
7962,0.6436
7963,0.7009
7964,0.7569
7965,0.8037
7966,0.839
7967,0.8671
7968,0.8786
7969,0.8807
7970,0.8754
7971,0.8555
7972,0.8353
7973,0.8142
7974,0.7814
7975,0.7381
7976,0.6877
7977,0.6171
7978,0.5357
7979,0.483
7980,0.4683
7981,0.4686
7982,0.4678
7983,0.4589
7984,0.4405
7985,0.4191
7986,0.409
7987,0.4056
7988,0.3984
7989,0.3799
7990,0.3563
7991,0.3304
7992,0.3025
7993,0.2741
7994,0.2451
7995,0.2212
7996,0.2113
7997,0.2089
7998,0.2052
7999,0.1935
8000,0.1742
8001,0.1587
8002,0.1491
8003,0.1471
8004,0.1467
8005,0.1419
8006,0.1305
8007,0.1133
8008,0.0946
8009,0.0753
8010,0.0576
8011,0.0435
8012,0.0344
8013,0.0307
8014,0.0295
8015,0.0306
8016,0.0335
8017,0.0356
8018,0.0362
8019,0.0323
8020,0.0251
8021,0.0201
8022,0.0186
8023,0.0177
8024,0.0169
8025,0.0172
8026,0.0183
8027,0.0201
8028,0.0242
8029,0.0397
8030,0.0626
8031,0.0903
8032,0.125
8033,0.1538
8034,0.1663
8035,0.1728
8036,0.1849
8037,0.2142
8038,0.2738
8039,0.3214
8040,0.356
8041,0.3848
8042,0.408
8043,0.4236
8044,0.4172
8045,0.4289
8046,0.4633
8047,0.4974
8048,0.5017
8049,0.5146
8050,0.5308
8051,0.5242
8052,0.5072
8053,0.4579
8054,0.3979
8055,0.338
8056,0.2933
8057,0.2356
8058,0.1766
8059,0.1374
8060,0.1073
8061,0.0781
8062,0.076
8063,0.0856
8064,0.0884
8065,0.0893
8066,0.0991
8067,0.1199
8068,0.1444
8069,0.1778
8070,0.2098
8071,0.2591
8072,0.3566
8073,0.4503
8074,0.492
8075,0.5354
8076,0.5457
8077,0.5375
8078,0.5143
8079,0.4931
8080,0.4811
8081,0.4692
8082,0.468
8083,0.4634
8084,0.4551
8085,0.434
8086,0.4084
8087,0.3918
8088,0.3849
8089,0.3852
8090,0.3908
8091,0.3804
8092,0.3548
8093,0.3246
8094,0.3007
8095,0.2921
8096,0.3016
8097,0.3295
8098,0.365
8099,0.3974
8100,0.4017
8101,0.377
8102,0.3415
8103,0.3198
8104,0.3151
8105,0.3173
8106,0.3261
8107,0.3337
8108,0.3381
8109,0.3405
8110,0.3557
8111,0.384
8112,0.4109
8113,0.4161
8114,0.4086
8115,0.4086
8116,0.405
8117,0.3999
8118,0.4079
8119,0.4331
8120,0.4535
8121,0.4783
8122,0.5237
8123,0.5752
8124,0.6196
8125,0.6657
8126,0.7328
8127,0.8081
8128,0.8579
8129,0.8917
8130,0.9171
8131,0.9386
8132,0.9547
8133,0.9652
8134,0.9722
8135,0.9767
8136,0.9784
8137,0.978
8138,0.9735
8139,0.9624
8140,0.9402
8141,0.908
8142,0.8743
8143,0.8457
8144,0.805
8145,0.7989
8146,0.8095
8147,0.8369
8148,0.8466
8149,0.8427
8150,0.8304
8151,0.8175
8152,0.8116
8153,0.7982
8154,0.7849
8155,0.7751
8156,0.7405
8157,0.6619
8158,0.5988
8159,0.6276
8160,0.7036
8161,0.7619
8162,0.7759
8163,0.774
8164,0.7387
8165,0.6932
8166,0.6429
8167,0.6049
8168,0.625
8169,0.6427
8170,0.6227
8171,0.6346
8172,0.589
8173,0.5245
8174,0.4881
8175,0.4686
8176,0.4365
8177,0.488
8178,0.5672
8179,0.6527
8180,0.7176
8181,0.7671
8182,0.8049
8183,0.8363
8184,0.866
8185,0.908
8186,0.9369
8187,0.9533
8188,0.9675
8189,0.9736
8190,0.9739
8191,0.9802
8192,0.973
8193,0.9538
8194,0.9338
8195,0.9291
8196,0.9192
8197,0.9154
8198,0.923
8199,0.9306
8200,0.9305
8201,0.9283
8202,0.923
8203,0.9268
8204,0.9293
8205,0.9263
8206,0.9213
8207,0.912
8208,0.9
8209,0.8868
8210,0.8754
8211,0.8579
8212,0.8254
8213,0.778
8214,0.7107
8215,0.6177
8216,0.4984
8217,0.4111
8218,0.4536
8219,0.6427
8220,0.8158
8221,0.8899
8222,0.9208
8223,0.9275
8224,0.9217
8225,0.9098
8226,0.9049
8227,0.9021
8228,0.8875
8229,0.8589
8230,0.8254
8231,0.7694
8232,0.6685
8233,0.5733
8234,0.5057
8235,0.4109
8236,0.2934
8237,0.1734
8238,0.122
8239,0.1425
8240,0.2322
8241,0.351
8242,0.5027
8243,0.6419
8244,0.7343
8245,0.7943
8246,0.8358
8247,0.8699
8248,0.8975
8249,0.9188
8250,0.9353
8251,0.9482
8252,0.9582
8253,0.9654
8254,0.97
8255,0.9718
8256,0.9687
8257,0.9432
8258,0.8832
8259,0.7778
8260,0.6666
8261,0.562
8262,0.4854
8263,0.4316
8264,0.3836
8265,0.328
8266,0.2965
8267,0.2588
8268,0.2224
8269,0.1986
8270,0.1844
8271,0.1737
8272,0.184
8273,0.1933
8274,0.1937
8275,0.1962
8276,0.1952
8277,0.1964
8278,0.2064
8279,0.2237
8280,0.2455
8281,0.2633
8282,0.2845
8283,0.3059
8284,0.315
8285,0.3105
8286,0.3017
8287,0.2823
8288,0.2777
8289,0.305
8290,0.3329
8291,0.3521
8292,0.3703
8293,0.4062
8294,0.4588
8295,0.5172
8296,0.5847
8297,0.664
8298,0.7373
8299,0.7937
8300,0.8314
8301,0.8498
8302,0.8627
8303,0.8745
8304,0.8845
8305,0.8903
8306,0.8931
8307,0.8912
8308,0.885
8309,0.8744
8310,0.8489
8311,0.7992
8312,0.7197
8313,0.6037
8314,0.4885
8315,0.4029
8316,0.3411
8317,0.2963
8318,0.261
8319,0.2377
8320,0.2217
8321,0.2048
8322,0.1824
8323,0.1616
8324,0.157
8325,0.1771
8326,0.2204
8327,0.2865
8328,0.3574
8329,0.4266
8330,0.4962
8331,0.5548
8332,0.601
8333,0.6367
8334,0.6583
8335,0.6864
8336,0.7242
8337,0.7628
8338,0.8101
8339,0.8502
8340,0.8734
8341,0.888
8342,0.9026
8343,0.9174
8344,0.928
8345,0.9338
8346,0.9272
8347,0.9213
8348,0.9233
8349,0.9213
8350,0.8989
8351,0.8586
8352,0.7751
8353,0.6769
8354,0.6587
8355,0.7431
8356,0.848
8357,0.9052
8358,0.9302
8359,0.9401
8360,0.947
8361,0.9544
8362,0.9629
8363,0.963
8364,0.9713
8365,0.9728
8366,0.9553
8367,0.9256
8368,0.886
8369,0.8421
8370,0.7921
8371,0.7486
8372,0.7227
8373,0.7033
8374,0.6789
8375,0.6928
8376,0.6961
8377,0.6536
8378,0.6148
8379,0.6068
8380,0.6167
8381,0.6462
8382,0.6635
8383,0.6792
8384,0.6912
8385,0.6689
8386,0.6497
8387,0.6156
8388,0.5813
8389,0.5392
8390,0.4844
8391,0.418
8392,0.3624
8393,0.3199
8394,0.2749
8395,0.2176
8396,0.1577
8397,0.1071
8398,0.0718
8399,0.0476
8400,0.0285
8401,0.021
8402,0.0245
8403,0.0375
8404,0.0526
8405,0.0738
8406,0.0961
8407,0.1119
8408,0.1217
8409,0.1391
8410,0.1595
8411,0.1688
8412,0.1967
8413,0.236
8414,0.2894
8415,0.3767
8416,0.4717
8417,0.5274
8418,0.5288
8419,0.4984
8420,0.4233
8421,0.4114
8422,0.4517
8423,0.5302
8424,0.5904
8425,0.6003
8426,0.6166
8427,0.6681
8428,0.6918
8429,0.6801
8430,0.6599
8431,0.6191
8432,0.5555
8433,0.4796
8434,0.4107
8435,0.3448
8436,0.2644
8437,0.2062
8438,0.1883
8439,0.173
8440,0.1535
8441,0.1592
8442,0.2092
8443,0.2808
8444,0.3196
8445,0.3489
8446,0.3723
8447,0.3889
8448,0.4343
8449,0.5077
8450,0.5356
8451,0.5464
8452,0.5554
8453,0.5394
8454,0.5363
8455,0.5388
8456,0.541
8457,0.5408
8458,0.538
8459,0.5022
8460,0.4727
8461,0.4785
8462,0.5076
8463,0.5372
8464,0.5479
8465,0.5574
8466,0.5648
8467,0.5614
8468,0.5525
8469,0.5468
8470,0.5415
8471,0.5017
8472,0.4815
8473,0.4887
8474,0.462
8475,0.4527
8476,0.4962
8477,0.5672
8478,0.6468
8479,0.6935
8480,0.7359
8481,0.7322
8482,0.7216
8483,0.7167
8484,0.7058
8485,0.6739
8486,0.6968
8487,0.7423
8488,0.7393
8489,0.6992
8490,0.6681
8491,0.6803
8492,0.6816
8493,0.6718
8494,0.6738
8495,0.665
8496,0.6639
8497,0.6633
8498,0.6454
8499,0.5886
8500,0.4983
8501,0.4241
8502,0.3802
8503,0.3454
8504,0.3308
8505,0.3217
8506,0.3335
8507,0.3461
8508,0.353
8509,0.3721
8510,0.3939
8511,0.4333
8512,0.4557
8513,0.4555
8514,0.4634
8515,0.4636
8516,0.434
8517,0.3949
8518,0.3357
8519,0.2813
8520,0.2431
8521,0.232
8522,0.2451
8523,0.2781
8524,0.2932
8525,0.3005
8526,0.3168
8527,0.3289
8528,0.31
8529,0.2699
8530,0.2535
8531,0.244
8532,0.2298
8533,0.213
8534,0.2001
8535,0.1981
8536,0.2025
8537,0.195
8538,0.1737
8539,0.1383
8540,0.1216
8541,0.1249
8542,0.1498
8543,0.1889
8544,0.2325
8545,0.2854
8546,0.3486
8547,0.3977
8548,0.4083
8549,0.4016
8550,0.3821
8551,0.3641
8552,0.3588
8553,0.3834
8554,0.4191
8555,0.4219
8556,0.4217
8557,0.4244
8558,0.4189
8559,0.4094
8560,0.4154
8561,0.4295
8562,0.4347
8563,0.4455
8564,0.4517
8565,0.4733
8566,0.5252
8567,0.6015
8568,0.6404
8569,0.6124
8570,0.5587
8571,0.4941
8572,0.4426
8573,0.3939
8574,0.3506
8575,0.3175
8576,0.3072
8577,0.2932
8578,0.2503
8579,0.1793
8580,0.1077
8581,0.0506
8582,0.0188
8583,0.0073
8584,0.0027
8585,0.0015
8586,0.0028
8587,0.0038
8588,0.0042
8589,0.0042
8590,0.0051
8591,0.0083
8592,0.0124
8593,0.0165
8594,0.0236
8595,0.036
8596,0.06
8597,0.0886
8598,0.1094
8599,0.1224
8600,0.1283
8601,0.1388
8602,0.1466
8603,0.1483
8604,0.1469
8605,0.1589
8606,0.1716
8607,0.19
8608,0.2069
8609,0.2102
8610,0.1978
8611,0.1708
8612,0.1416
8613,0.1401
8614,0.154
8615,0.1599
8616,0.1639
8617,0.1597
8618,0.1413
8619,0.113
8620,0.0833
8621,0.061
8622,0.0487
8623,0.0383
8624,0.0315
8625,0.025
8626,0.0199
8627,0.0178
8628,0.0166
8629,0.0141
8630,0.0121
8631,0.0111
8632,0.0121
8633,0.0151
8634,0.0172
8635,0.0182
8636,0.0204
8637,0.0263
8638,0.0397
8639,0.0605
8640,0.0837
8641,0.107
8642,0.1287
8643,0.1484
8644,0.16
8645,0.1605
8646,0.1626
8647,0.1734
8648,0.1788
8649,0.1662
8650,0.1428
8651,0.1172
8652,0.0914
8653,0.0724
8654,0.0699
8655,0.0769
8656,0.0832
8657,0.0841
8658,0.0879
8659,0.0982
8660,0.0914
8661,0.0819
8662,0.0785
8663,0.075
8664,0.0881
8665,0.1057
8666,0.1013
8667,0.0937
8668,0.0938
8669,0.1005
8670,0.1105
8671,0.1239
8672,0.1506
8673,0.1952
8674,0.2258
8675,0.2398
8676,0.2484
8677,0.2505
8678,0.2588
8679,0.2807
8680,0.3074
8681,0.3232
8682,0.3085
8683,0.299
8684,0.3123
8685,0.3403
8686,0.355
8687,0.3532
8688,0.3826
8689,0.3924
8690,0.3695
8691,0.3453
8692,0.3319
8693,0.3319
8694,0.3459
8695,0.3674
8696,0.4115
8697,0.4479
8698,0.4714
8699,0.4776
8700,0.4558
8701,0.4446
8702,0.4785
8703,0.532
8704,0.5746
8705,0.5989
8706,0.6233
8707,0.6527
8708,0.6791
8709,0.6986
8710,0.6987
8711,0.6889
8712,0.6679
8713,0.6587
8714,0.6604
8715,0.6674
8716,0.6622
8717,0.651
8718,0.6504
8719,0.6517
8720,0.6455
8721,0.6327
8722,0.6151
8723,0.6074
8724,0.6003
8725,0.592
8726,0.5896
8727,0.5931
8728,0.5896
8729,0.5841
8730,0.577
8731,0.5648
8732,0.5419
8733,0.531
8734,0.542
8735,0.6031
8736,0.6893
8737,0.726
8738,0.7281
8739,0.6993
8740,0.6548
8741,0.5968
8742,0.5499
8743,0.533
8744,0.5225
8745,0.4886
8746,0.441
8747,0.397
8748,0.3916
8749,0.3495
8750,0.2848
8751,0.2261
8752,0.165
8753,0.1185
8754,0.0843
8755,0.0627
8756,0.0493
8757,0.0437
8758,0.0495
8759,0.0678
