0,0.4146
1,0.4644
2,0.518
3,0.5553
4,0.6048
5,0.6507
6,0.6851
7,0.7058
8,0.7093
9,0.7021
10,0.7023
11,0.7103
12,0.7245
13,0.734
14,0.7431
15,0.7587
16,0.7785
17,0.7993
18,0.811
19,0.8208
20,0.822
21,0.8234
22,0.8227
23,0.8137
24,0.7924
25,0.7735
26,0.7483
27,0.728
28,0.7171
29,0.6996
30,0.6782
31,0.6541
32,0.6082
33,0.5479
34,0.5412
35,0.572
36,0.5743
37,0.543
38,0.4939
39,0.467
40,0.4263
41,0.3658
42,0.3052
43,0.2631
44,0.2414
45,0.2231
46,0.2029
47,0.1867
48,0.1763
49,0.1679
50,0.1659
51,0.1636
52,0.1623
53,0.1637
54,0.1746
55,0.1758
56,0.1695
57,0.1401
58,0.1432
59,0.1533
60,0.1476
61,0.1285
62,0.147
63,0.1804
64,0.1769
65,0.1554
66,0.1303
67,0.1108
68,0.0998
69,0.0892
70,0.0767
71,0.0694
72,0.0738
73,0.0855
74,0.102
75,0.1229
76,0.1481
77,0.1695
78,0.1981
79,0.2221
80,0.236
81,0.2547
82,0.2765
83,0.3018
84,0.3398
85,0.3704
86,0.3975
87,0.3975
88,0.3845
89,0.3695
90,0.3563
91,0.3449
92,0.3502
93,0.3763
94,0.406
95,0.4238
96,0.4467
97,0.4619
98,0.4878
99,0.5027
100,0.5069
101,0.5054
102,0.4919
103,0.4697
104,0.4326
105,0.3961
106,0.3646
107,0.342
108,0.3161
109,0.2821
110,0.2797
111,0.2802
112,0.2693
113,0.2507
114,0.231
115,0.2123
116,0.1942
117,0.186
118,0.1773
119,0.172
120,0.1669
121,0.1582
122,0.1533
123,0.1411
124,0.1279
125,0.1156
126,0.1043
127,0.0974
128,0.0859
129,0.0747
130,0.0708
131,0.0731
132,0.0766
133,0.0799
134,0.0903
135,0.1077
136,0.1167
137,0.1149
138,0.1082
139,0.0991
140,0.0973
141,0.1027
142,0.1045
143,0.1058
144,0.1125
145,0.1208
146,0.1312
147,0.1352
148,0.1335
149,0.1306
150,0.1292
151,0.1328
152,0.1372
153,0.1316
154,0.1312
155,0.1384
156,0.1537
157,0.1802
158,0.2315
159,0.2901
160,0.3431
161,0.4002
162,0.4533
163,0.4968
164,0.5378
165,0.5823
166,0.6446
167,0.6681
168,0.6697
169,0.6809
170,0.6927
171,0.7012
172,0.7251
173,0.76
174,0.7863
175,0.8102
176,0.8224
177,0.8317
178,0.8379
179,0.8309
180,0.8221
181,0.8122
182,0.8006
183,0.7916
184,0.7814
185,0.7722
186,0.7617
187,0.7491
188,0.738
189,0.7361
190,0.7319
191,0.7242
192,0.7165
193,0.7042
194,0.6903
195,0.6766
196,0.6653
197,0.6487
198,0.6303
199,0.6117
200,0.5884
201,0.5816
202,0.6041
203,0.6162
204,0.598
205,0.5714
206,0.542
207,0.5266
208,0.5143
209,0.4935
210,0.4597
211,0.4154
212,0.3682
213,0.3329
214,0.3033
215,0.2666
216,0.2346
217,0.2092
218,0.1918
219,0.1771
220,0.1563
221,0.1395
222,0.123
223,0.1094
224,0.0831
225,0.0709
226,0.0671
227,0.0599
228,0.0542
229,0.0483
230,0.0521
231,0.0663
232,0.0677
233,0.0624
234,0.0576
235,0.0546
236,0.0566
237,0.0654
238,0.0773
239,0.0896
240,0.1002
241,0.1105
242,0.1269
243,0.1499
244,0.1688
245,0.18
246,0.1892
247,0.1912
248,0.2027
249,0.2306
250,0.2542
251,0.2815
252,0.3265
253,0.3572
254,0.3712
255,0.3965
256,0.428
257,0.436
258,0.4307
259,0.4212
260,0.4148
261,0.4071
262,0.39
263,0.3625
264,0.3324
265,0.3116
266,0.3101
267,0.3053
268,0.3037
269,0.3148
270,0.3225
271,0.3463
272,0.378
273,0.409
274,0.4283
275,0.495
276,0.5367
277,0.5604
278,0.5601
279,0.5657
280,0.5597
281,0.5659
282,0.5617
283,0.5529
284,0.5328
285,0.5337
286,0.5287
287,0.5097
288,0.4946
289,0.4602
290,0.4371
291,0.4276
292,0.411
293,0.4024
294,0.4214
295,0.4545
296,0.496
297,0.5423
298,0.6084
299,0.6539
300,0.6813
301,0.7151
302,0.7455
303,0.7686
304,0.7863
305,0.807
306,0.8271
307,0.8432
308,0.8484
309,0.8461
310,0.8381
311,0.8208
312,0.7962
313,0.7645
314,0.7339
315,0.7126
316,0.6987
317,0.6842
318,0.6636
319,0.6478
320,0.6265
321,0.6236
322,0.662
323,0.6963
324,0.6916
325,0.6631
326,0.6326
327,0.6265
328,0.6121
329,0.5835
330,0.5566
331,0.5327
332,0.506
333,0.4846
334,0.4634
335,0.4448
336,0.451
337,0.4581
338,0.4565
339,0.443
340,0.4546
341,0.4787
342,0.5067
343,0.5057
344,0.5103
345,0.5232
346,0.5449
347,0.5667
348,0.5971
349,0.6356
350,0.6632
351,0.6841
352,0.6892
353,0.6791
354,0.6622
355,0.6463
356,0.6358
357,0.6128
358,0.5883
359,0.5663
360,0.5398
361,0.5152
362,0.4923
363,0.4755
364,0.4506
365,0.4324
366,0.4242
367,0.4193
368,0.4168
369,0.423
370,0.4333
371,0.4675
372,0.4826
373,0.4819
374,0.4785
375,0.4739
376,0.4707
377,0.4694
378,0.4707
379,0.4754
380,0.4802
381,0.4827
382,0.4792
383,0.4741
384,0.459
385,0.4605
386,0.4604
387,0.4744
388,0.4816
389,0.4814
390,0.4704
391,0.4661
392,0.4438
393,0.4378
394,0.4493
395,0.4429
396,0.4264
397,0.3885
398,0.3616
399,0.3743
400,0.38
401,0.3785
402,0.3765
403,0.368
404,0.3625
405,0.3575
406,0.3589
407,0.3481
408,0.3263
409,0.2958
410,0.2542
411,0.2143
412,0.1802
413,0.1552
414,0.1435
415,0.1343
416,0.1077
417,0.0871
418,0.0834
419,0.0909
420,0.0949
421,0.0845
422,0.0979
423,0.1334
424,0.1521
425,0.1499
426,0.1356
427,0.1176
428,0.1002
429,0.0871
430,0.078
431,0.0705
432,0.0631
433,0.0571
434,0.0528
435,0.0482
436,0.0453
437,0.0441
438,0.0432
439,0.0399
440,0.0253
441,0.0205
442,0.0244
443,0.0263
444,0.0247
445,0.0244
446,0.0308
447,0.0556
448,0.0887
449,0.1107
450,0.1181
451,0.1164
452,0.1081
453,0.0952
454,0.0793
455,0.0618
456,0.0457
457,0.034
458,0.0257
459,0.0206
460,0.0174
461,0.0154
462,0.0137
463,0.0114
464,0.0063
465,0.0048
466,0.0064
467,0.0067
468,0.0065
469,0.0072
470,0.0092
471,0.0161
472,0.0248
473,0.0292
474,0.0301
475,0.0291
476,0.0279
477,0.0274
478,0.0275
479,0.0281
480,0.0283
481,0.0296
482,0.0326
483,0.0377
484,0.0433
485,0.0483
486,0.0558
487,0.0611
488,0.0628
489,0.0633
490,0.0679
491,0.0712
492,0.0726
493,0.0694
494,0.0667
495,0.0828
496,0.0944
497,0.0963
498,0.0952
499,0.093
500,0.0925
501,0.092
502,0.091
503,0.0919
504,0.0944
505,0.0972
506,0.0983
507,0.0984
508,0.0974
509,0.0988
510,0.102
511,0.1041
512,0.0861
513,0.0814
514,0.1062
515,0.1397
516,0.1563
517,0.1596
518,0.1635
519,0.1933
520,0.2177
521,0.2204
522,0.2116
523,0.1965
524,0.1796
525,0.165
526,0.148
527,0.1327
528,0.1212
529,0.1132
530,0.1065
531,0.0983
532,0.0892
533,0.0844
534,0.0832
535,0.0834
536,0.0849
537,0.0833
538,0.0803
539,0.0768
540,0.0797
541,0.089
542,0.0876
543,0.1033
544,0.1266
545,0.126
546,0.1166
547,0.1067
548,0.0984
549,0.0937
550,0.0908
551,0.0829
552,0.0737
553,0.0663
554,0.0595
555,0.0534
556,0.0484
557,0.0469
558,0.0474
559,0.0437
560,0.0337
561,0.0325
562,0.0265
563,0.018
564,0.0129
565,0.0106
566,0.0099
567,0.0127
568,0.0182
569,0.0212
570,0.0206
571,0.0173
572,0.013
573,0.0096
574,0.0069
575,0.005
576,0.0041
577,0.0038
578,0.0035
579,0.0032
580,0.0032
581,0.0033
582,0.0034
583,0.004
584,0.0044
585,0.0069
586,0.0164
587,0.0303
588,0.0462
589,0.0614
590,0.0682
591,0.0754
592,0.1036
593,0.1418
594,0.1792
595,0.2042
596,0.2311
597,0.2495
598,0.2532
599,0.2633
600,0.267
601,0.2716
602,0.2776
603,0.2737
604,0.2704
605,0.2642
606,0.2598
607,0.2526
608,0.2442
609,0.2275
610,0.2258
611,0.2263
612,0.228
613,0.2373
614,0.252
615,0.2715
616,0.2847
617,0.3043
618,0.3145
619,0.3314
620,0.3494
621,0.3615
622,0.375
623,0.3953
624,0.4103
625,0.4068
626,0.4071
627,0.401
628,0.3968
629,0.3942
630,0.3921
631,0.3916
632,0.3657
633,0.3411
634,0.3359
635,0.3477
636,0.3482
637,0.3292
638,0.3217
639,0.3409
640,0.3456
641,0.3235
642,0.3016
643,0.2862
644,0.2756
645,0.2648
646,0.2575
647,0.2572
648,0.2534
649,0.2675
650,0.2742
651,0.266
652,0.2601
653,0.2542
654,0.2507
655,0.2379
656,0.2108
657,0.2242
658,0.2548
659,0.2595
660,0.2573
661,0.2616
662,0.2818
663,0.298
664,0.2965
665,0.2898
666,0.2773
667,0.2655
668,0.2652
669,0.2727
670,0.28
671,0.2785
672,0.2766
673,0.2684
674,0.2589
675,0.2326
676,0.2135
677,0.1957
678,0.1836
679,0.1645
680,0.1417
681,0.1393
682,0.1355
683,0.1351
684,0.1295
685,0.1054
686,0.0937
687,0.1161
688,0.1441
689,0.1664
690,0.1764
691,0.1749
692,0.167
693,0.1534
694,0.144
695,0.1377
696,0.136
697,0.1415
698,0.1493
699,0.1512
700,0.1512
701,0.1561
702,0.1636
703,0.168
704,0.1647
705,0.1818
706,0.2472
707,0.2916
708,0.3033
709,0.3032
710,0.3057
711,0.32
712,0.3214
713,0.3072
714,0.292
715,0.2648
716,0.2408
717,0.2239
718,0.2038
719,0.1818
720,0.1615
721,0.1465
722,0.1322
723,0.1214
724,0.1153
725,0.1111
726,0.1099
727,0.1016
728,0.0745
729,0.0658
730,0.0746
731,0.0747
732,0.0668
733,0.052
734,0.0453
735,0.0661
736,0.1084
737,0.1539
738,0.1842
739,0.1994
740,0.2029
741,0.2012
742,0.1995
743,0.2031
744,0.2065
745,0.2062
746,0.1974
747,0.1943
748,0.1907
749,0.2019
750,0.2084
751,0.2065
752,0.2094
753,0.22
754,0.2056
755,0.1763
756,0.1455
757,0.125
758,0.1156
759,0.1201
760,0.1183
761,0.1175
762,0.1169
763,0.1063
764,0.091
765,0.0785
766,0.0714
767,0.0678
768,0.0651
769,0.0599
770,0.0551
771,0.0501
772,0.0448
773,0.0424
774,0.042
775,0.0394
776,0.0317
777,0.0256
778,0.0252
779,0.0285
780,0.0324
781,0.0353
782,0.0409
783,0.0558
784,0.0713
785,0.0776
786,0.08
787,0.0829
788,0.0875
789,0.0956
790,0.1033
791,0.1144
792,0.127
793,0.1346
794,0.1392
795,0.1379
796,0.1413
797,0.1464
798,0.1516
799,0.1487
800,0.1437
801,0.1583
802,0.1933
803,0.2182
804,0.2154
805,0.1985
806,0.1951
807,0.205
808,0.2059
809,0.1952
810,0.1903
811,0.1896
812,0.179
813,0.1629
814,0.1429
815,0.1234
816,0.1147
817,0.1158
818,0.1215
819,0.1207
820,0.1279
821,0.1358
822,0.1467
823,0.1646
824,0.1695
825,0.1826
826,0.2312
827,0.2771
828,0.3018
829,0.3051
830,0.3271
831,0.3703
832,0.4064
833,0.4331
834,0.4428
835,0.4371
836,0.4312
837,0.4151
838,0.3927
839,0.3762
840,0.3536
841,0.3302
842,0.3089
843,0.3128
844,0.3012
845,0.2851
846,0.2615
847,0.2284
848,0.1898
849,0.1681
850,0.1723
851,0.1844
852,0.1812
853,0.1663
854,0.1658
855,0.181
856,0.1884
857,0.1816
858,0.17
859,0.1628
860,0.1581
861,0.1544
862,0.1551
863,0.1578
864,0.1582
865,0.1593
866,0.1648
867,0.1667
868,0.1769
869,0.1942
870,0.2111
871,0.2089
872,0.1893
873,0.194
874,0.2182
875,0.2502
876,0.2498
877,0.2302
878,0.2281
879,0.2621
880,0.2916
881,0.2825
882,0.2683
883,0.2478
884,0.2289
885,0.208
886,0.1965
887,0.1944
888,0.2039
889,0.2155
890,0.2254
891,0.2462
892,0.2792
893,0.3075
894,0.3287
895,0.3355
896,0.3349
897,0.3434
898,0.3862
899,0.4021
900,0.4256
901,0.4326
902,0.4553
903,0.497
904,0.5358
905,0.5537
906,0.5586
907,0.5467
908,0.525
909,0.5029
910,0.4809
911,0.4534
912,0.4253
913,0.3963
914,0.3761
915,0.3623
916,0.3507
917,0.3455
918,0.3478
919,0.3664
920,0.3608
921,0.3848
922,0.4472
923,0.4945
924,0.5167
925,0.5222
926,0.5456
927,0.5845
928,0.6008
929,0.5963
930,0.5962
931,0.6033
932,0.6174
933,0.6275
934,0.6378
935,0.6462
936,0.6559
937,0.6558
938,0.6519
939,0.6476
940,0.6788
941,0.7032
942,0.7075
943,0.7146
944,0.7334
945,0.7644
946,0.8168
947,0.852
948,0.8648
949,0.8605
950,0.8489
951,0.8429
952,0.8341
953,0.8154
954,0.7865
955,0.7451
956,0.6905
957,0.6394
958,0.5922
959,0.5403
960,0.4772
961,0.423
962,0.392
963,0.3758
964,0.3671
965,0.3774
966,0.4081
967,0.454
968,0.501
969,0.5551
970,0.5803
971,0.6176
972,0.6336
973,0.6215
974,0.5884
975,0.5746
976,0.5642
977,0.5563
978,0.5474
979,0.5499
980,0.5489
981,0.5579
982,0.5746
983,0.5893
984,0.5993
985,0.6118
986,0.6227
987,0.625
988,0.624
989,0.6176
990,0.6132
991,0.5889
992,0.5779
993,0.639
994,0.6927
995,0.7082
996,0.7037
997,0.6779
998,0.6297
999,0.5927
1000,0.5799
1001,0.5517
1002,0.5051
1003,0.4504
1004,0.4104
1005,0.3954
1006,0.3852
1007,0.3767
1008,0.3705
1009,0.3891
1010,0.3999
1011,0.3898
1012,0.3752
1013,0.342
1014,0.3009
1015,0.2437
1016,0.2112
1017,0.2359
1018,0.2503
1019,0.2485
1020,0.2368
1021,0.2144
1022,0.1684
1023,0.1697
1024,0.2086
1025,0.235
1026,0.2482
1027,0.2564
1028,0.2592
1029,0.2586
1030,0.2546
1031,0.2645
1032,0.2885
1033,0.3088
1034,0.3277
1035,0.3483
1036,0.3636
1037,0.3494
1038,0.3408
1039,0.3299
1040,0.3094
1041,0.2905
1042,0.2896
1043,0.2934
1044,0.2727
1045,0.2626
1046,0.2557
1047,0.2551
1048,0.2488
1049,0.2431
1050,0.2308
1051,0.2277
1052,0.2216
1053,0.2107
1054,0.1958
1055,0.1782
1056,0.1606
1057,0.1458
1058,0.1376
1059,0.1399
1060,0.1393
1061,0.1307
1062,0.1215
1063,0.093
1064,0.0523
1065,0.043
1066,0.058
1067,0.0658
1068,0.068
1069,0.0632
1070,0.0501
1071,0.0511
1072,0.0603
1073,0.0742
1074,0.0948
1075,0.1154
1076,0.1295
1077,0.1425
1078,0.1517
1079,0.1527
1080,0.1495
1081,0.1461
1082,0.1403
1083,0.1281
1084,0.119
1085,0.1162
1086,0.1166
1087,0.1026
1088,0.0525
1089,0.0228
1090,0.0154
1091,0.0194
1092,0.0234
1093,0.0245
1094,0.0354
1095,0.0715
1096,0.1282
1097,0.1917
1098,0.2462
1099,0.2868
1100,0.3126
1101,0.3291
1102,0.3356
1103,0.3323
1104,0.3265
1105,0.3203
1106,0.3148
1107,0.3101
1108,0.3136
1109,0.3227
1110,0.3262
1111,0.2426
1112,0.1331
1113,0.0929
1114,0.1103
1115,0.1517
1116,0.1608
1117,0.1438
1118,0.1436
1119,0.1863
1120,0.2401
1121,0.2776
1122,0.2951
1123,0.2909
1124,0.2754
1125,0.2606
1126,0.2419
1127,0.2187
1128,0.1917
1129,0.1658
1130,0.1463
1131,0.1318
1132,0.1252
1133,0.1235
1134,0.1241
1135,0.1017
1136,0.0504
1137,0.0276
1138,0.0296
1139,0.0449
1140,0.0528
1141,0.055
1142,0.058
1143,0.1029
1144,0.1814
1145,0.2537
1146,0.2972
1147,0.3157
1148,0.316
1149,0.3074
1150,0.292
1151,0.2717
1152,0.2492
1153,0.2256
1154,0.2034
1155,0.1882
1156,0.1778
1157,0.1682
1158,0.158
1159,0.1173
1160,0.0532
1161,0.0258
1162,0.0241
1163,0.036
1164,0.0512
1165,0.0556
1166,0.0594
1167,0.0911
1168,0.1475
1169,0.2069
1170,0.2535
1171,0.2809
1172,0.2909
1173,0.2987
1174,0.3034
1175,0.301
1176,0.2948
1177,0.2885
1178,0.2777
1179,0.2659
1180,0.2612
1181,0.2589
1182,0.2507
1183,0.2146
1184,0.2255
1185,0.272
1186,0.3457
1187,0.4053
1188,0.4437
1189,0.4599
1190,0.4352
1191,0.3955
1192,0.4025
1193,0.3981
1194,0.3869
1195,0.3703
1196,0.3542
1197,0.3419
1198,0.3366
1199,0.3202
1200,0.3051
1201,0.2817
1202,0.2597
1203,0.2385
1204,0.2218
1205,0.2053
1206,0.1831
1207,0.1531
1208,0.1365
1209,0.1531
1210,0.175
1211,0.1883
1212,0.1919
1213,0.1831
1214,0.1523
1215,0.1413
1216,0.1642
1217,0.1858
1218,0.1999
1219,0.2077
1220,0.2129
1221,0.2121
1222,0.2064
1223,0.2031
1224,0.2039
1225,0.2062
1226,0.2091
1227,0.2083
1228,0.2137
1229,0.2163
1230,0.2051
1231,0.1647
1232,0.1423
1233,0.1877
1234,0.2368
1235,0.2719
1236,0.2834
1237,0.2655
1238,0.2402
1239,0.2432
1240,0.2676
1241,0.2794
1242,0.2836
1243,0.2765
1244,0.2646
1245,0.2562
1246,0.2451
1247,0.2318
1248,0.2184
1249,0.2028
1250,0.1854
1251,0.1765
1252,0.1734
1253,0.1698
1254,0.1629
1255,0.1691
1256,0.1969
1257,0.1896
1258,0.1573
1259,0.124
1260,0.1029
1261,0.0934
1262,0.0901
1263,0.0938
1264,0.1384
1265,0.1869
1266,0.1985
1267,0.1909
1268,0.1857
1269,0.1863
1270,0.1815
1271,0.1714
1272,0.1612
1273,0.1466
1274,0.1323
1275,0.1252
1276,0.1195
1277,0.1144
1278,0.1016
1279,0.0562
1280,0.0454
1281,0.0539
1282,0.0596
1283,0.0638
1284,0.0673
1285,0.066
1286,0.0577
1287,0.061
1288,0.0992
1289,0.1481
1290,0.1859
1291,0.2064
1292,0.2101
1293,0.2021
1294,0.1848
1295,0.1613
1296,0.1379
1297,0.1187
1298,0.1047
1299,0.0977
1300,0.0952
1301,0.0931
1302,0.0843
1303,0.0408
1304,0.0106
1305,0.0064
1306,0.0052
1307,0.0058
1308,0.0069
1309,0.0081
1310,0.01
1311,0.0156
1312,0.0253
1313,0.0362
1314,0.0466
1315,0.0555
1316,0.0603
1317,0.0598
1318,0.0569
1319,0.0543
1320,0.0543
1321,0.0594
1322,0.0692
1323,0.0798
1324,0.0869
1325,0.0892
1326,0.0835
1327,0.0524
1328,0.0178
1329,0.0101
1330,0.0169
1331,0.0234
1332,0.031
1333,0.039
1334,0.0434
1335,0.0626
1336,0.0945
1337,0.1187
1338,0.1298
1339,0.126
1340,0.112
1341,0.0997
1342,0.0939
1343,0.0935
1344,0.0955
1345,0.1012
1346,0.1076
1347,0.1103
1348,0.1016
1349,0.0929
1350,0.0763
1351,0.0411
1352,0.0167
1353,0.0117
1354,0.0114
1355,0.0142
1356,0.0195
1357,0.0265
1358,0.032
1359,0.0435
1360,0.0574
1361,0.0583
1362,0.0493
1363,0.0364
1364,0.0253
1365,0.0203
1366,0.0195
1367,0.0216
1368,0.0267
1369,0.0343
1370,0.0438
1371,0.0535
1372,0.0651
1373,0.0791
1374,0.0897
1375,0.073
1376,0.0281
1377,0.0137
1378,0.0183
1379,0.0285
1380,0.036
1381,0.0423
1382,0.0474
1383,0.0692
1384,0.1069
1385,0.1598
1386,0.229
1387,0.3027
1388,0.3592
1389,0.3917
1390,0.3991
1391,0.3888
1392,0.3671
1393,0.3425
1394,0.3211
1395,0.3071
1396,0.2923
1397,0.2772
1398,0.2492
1399,0.2004
1400,0.2052
1401,0.2457
1402,0.2574
1403,0.262
1404,0.2663
1405,0.262
1406,0.2441
1407,0.2169
1408,0.2119
1409,0.2162
1410,0.2096
1411,0.1932
1412,0.1754
1413,0.1519
1414,0.1285
1415,0.1062
1416,0.0961
1417,0.0928
1418,0.09
1419,0.0844
1420,0.0872
1421,0.0873
1422,0.0855
1423,0.0731
1424,0.0709
1425,0.081
1426,0.0928
1427,0.1047
1428,0.1177
1429,0.1215
1430,0.1139
1431,0.0977
1432,0.0938
1433,0.0918
1434,0.0784
1435,0.066
1436,0.0589
1437,0.057
1438,0.0583
1439,0.0595
1440,0.0634
1441,0.0716
1442,0.08
1443,0.0801
1444,0.0752
1445,0.0713
1446,0.0614
1447,0.0406
1448,0.0534
1449,0.0698
1450,0.0832
1451,0.0913
1452,0.0921
1453,0.0887
1454,0.0826
1455,0.0818
1456,0.123
1457,0.1929
1458,0.256
1459,0.3051
1460,0.3434
1461,0.3712
1462,0.4024
1463,0.4243
1464,0.4376
1465,0.4468
1466,0.4608
1467,0.4794
1468,0.5099
1469,0.528
1470,0.5407
1471,0.5361
1472,0.5887
1473,0.6393
1474,0.6321
1475,0.6029
1476,0.5696
1477,0.536
1478,0.5165
1479,0.5156
1480,0.5382
1481,0.5668
1482,0.6009
1483,0.6225
1484,0.6425
1485,0.646
1486,0.6525
1487,0.665
1488,0.6581
1489,0.6463
1490,0.6286
1491,0.6274
1492,0.6401
1493,0.6579
1494,0.658
1495,0.668
1496,0.722
1497,0.8127
1498,0.8805
1499,0.9165
1500,0.9208
1501,0.9117
1502,0.895
1503,0.8761
1504,0.8562
1505,0.8384
1506,0.825
1507,0.8242
1508,0.8273
1509,0.8229
1510,0.8079
1511,0.7921
1512,0.7779
1513,0.7494
1514,0.7248
1515,0.7164
1516,0.7076
1517,0.6958
1518,0.6699
1519,0.6564
1520,0.6989
1521,0.7231
1522,0.7062
1523,0.6651
1524,0.614
1525,0.5538
1526,0.4621
1527,0.3332
1528,0.288
1529,0.2853
1530,0.2818
1531,0.2748
1532,0.2628
1533,0.24
1534,0.2135
1535,0.2
1536,0.1914
1537,0.1807
1538,0.168
1539,0.1509
1540,0.146
1541,0.1569
1542,0.1812
1543,0.2188
1544,0.2624
1545,0.3444
1546,0.406
1547,0.4448
1548,0.4631
1549,0.4699
1550,0.4836
1551,0.5073
1552,0.5351
1553,0.5484
1554,0.5489
1555,0.5417
1556,0.537
1557,0.5137
1558,0.4922
1559,0.4486
1560,0.4226
1561,0.4208
1562,0.4342
1563,0.4474
1564,0.4784
1565,0.4956
1566,0.5264
1567,0.5513
1568,0.6196
1569,0.7058
1570,0.7665
1571,0.8077
1572,0.8134
1573,0.792
1574,0.7544
1575,0.6853
1576,0.6404
1577,0.6548
1578,0.6784
1579,0.7049
1580,0.7247
1581,0.7374
1582,0.755
1583,0.7666
1584,0.7737
1585,0.7816
1586,0.7854
1587,0.7877
1588,0.7916
1589,0.7967
1590,0.7886
1591,0.7752
1592,0.7788
1593,0.7816
1594,0.7578
1595,0.7131
1596,0.6483
1597,0.5775
1598,0.5087
1599,0.4064
1600,0.3245
1601,0.3123
1602,0.2975
1603,0.2853
1604,0.2861
1605,0.2952
1606,0.3229
1607,0.3498
1608,0.3922
1609,0.4548
1610,0.5257
1611,0.5951
1612,0.6495
1613,0.7277
1614,0.7643
1615,0.7844
1616,0.8122
1617,0.847
1618,0.8626
1619,0.8684
1620,0.8647
1621,0.8382
1622,0.7696
1623,0.6871
1624,0.6448
1625,0.629
1626,0.6333
1627,0.6465
1628,0.6644
1629,0.6829
1630,0.6854
1631,0.6627
1632,0.6145
1633,0.5515
1634,0.4954
1635,0.4318
1636,0.3577
1637,0.2882
1638,0.2308
1639,0.2134
1640,0.2363
1641,0.2441
1642,0.2355
1643,0.2434
1644,0.2655
1645,0.295
1646,0.3359
1647,0.3775
1648,0.4051
1649,0.4219
1650,0.4327
1651,0.423
1652,0.4157
1653,0.4195
1654,0.4353
1655,0.4309
1656,0.4167
1657,0.413
1658,0.4088
1659,0.4053
1660,0.3916
1661,0.3774
1662,0.3547
1663,0.3747
1664,0.4635
1665,0.5165
1666,0.5384
1667,0.537
1668,0.5175
1669,0.485
1670,0.4329
1671,0.3802
1672,0.3697
1673,0.3667
1674,0.346
1675,0.321
1676,0.2834
1677,0.2484
1678,0.212
1679,0.1911
1680,0.1711
1681,0.1541
1682,0.1435
1683,0.1314
1684,0.1314
1685,0.1476
1686,0.1694
1687,0.2093
1688,0.2956
1689,0.3879
1690,0.4428
1691,0.5028
1692,0.5494
1693,0.5794
1694,0.5936
1695,0.6004
1696,0.6346
1697,0.6818
1698,0.7087
1699,0.7312
1700,0.7415
1701,0.7308
1702,0.7051
1703,0.6894
1704,0.6793
1705,0.6571
1706,0.654
1707,0.6507
1708,0.6426
1709,0.6495
1710,0.6398
1711,0.7377
1712,0.833
1713,0.8696
1714,0.8775
1715,0.8767
1716,0.8681
1717,0.8489
1718,0.8142
1719,0.7792
1720,0.7623
1721,0.7514
1722,0.7409
1723,0.7237
1724,0.7078
1725,0.6982
1726,0.6913
1727,0.6695
1728,0.6398
1729,0.6008
1730,0.5687
1731,0.529
1732,0.4788
1733,0.4481
1734,0.4339
1735,0.4622
1736,0.5581
1737,0.6523
1738,0.7007
1739,0.7223
1740,0.7144
1741,0.6889
1742,0.6656
1743,0.659
1744,0.661
1745,0.6558
1746,0.6485
1747,0.6442
1748,0.6383
1749,0.6383
1750,0.6389
1751,0.638
1752,0.6268
1753,0.6057
1754,0.5711
1755,0.5126
1756,0.4574
1757,0.4109
1758,0.359
1759,0.3749
1760,0.4649
1761,0.5114
1762,0.5588
1763,0.6272
1764,0.6967
1765,0.7738
1766,0.8254
1767,0.8615
1768,0.8778
1769,0.8759
1770,0.8638
1771,0.8472
1772,0.8309
1773,0.8158
1774,0.7947
1775,0.7683
1776,0.728
1777,0.6797
1778,0.6257
1779,0.5586
1780,0.4896
1781,0.4309
1782,0.3733
1783,0.3618
1784,0.3961
1785,0.3929
1786,0.3868
1787,0.3892
1788,0.4189
1789,0.4664
1790,0.4922
1791,0.5115
1792,0.554
1793,0.6038
1794,0.6336
1795,0.6488
1796,0.6567
1797,0.6639
1798,0.6622
1799,0.6383
1800,0.6176
1801,0.6044
1802,0.6054
1803,0.6053
1804,0.6013
1805,0.5874
1806,0.5554
1807,0.559
1808,0.6477
1809,0.6837
1810,0.694
1811,0.6836
1812,0.6693
1813,0.6492
1814,0.5962
1815,0.4938
1816,0.4245
1817,0.4106
1818,0.3957
1819,0.4084
1820,0.4273
1821,0.4494
1822,0.4571
1823,0.4548
1824,0.4444
1825,0.4505
1826,0.4652
1827,0.4788
1828,0.4925
1829,0.5041
1830,0.5138
1831,0.5804
1832,0.6498
1833,0.6635
1834,0.6556
1835,0.6517
1836,0.6525
1837,0.6466
1838,0.6201
1839,0.5372
1840,0.4565
1841,0.428
1842,0.3802
1843,0.3175
1844,0.2737
1845,0.2635
1846,0.2528
1847,0.2316
1848,0.2152
1849,0.2059
1850,0.1976
1851,0.1874
1852,0.1749
1853,0.1611
1854,0.1274
1855,0.1177
1856,0.1392
1857,0.1283
1858,0.1142
1859,0.1108
1860,0.1119
1861,0.1077
1862,0.0925
1863,0.0654
1864,0.0494
1865,0.0536
1866,0.0543
1867,0.0514
1868,0.0475
1869,0.0482
1870,0.0576
1871,0.0754
1872,0.0995
1873,0.1244
1874,0.1437
1875,0.1536
1876,0.1521
1877,0.1495
1878,0.1124
1879,0.0757
1880,0.0876
1881,0.1183
1882,0.1402
1883,0.1529
1884,0.1597
1885,0.1552
1886,0.1359
1887,0.1172
1888,0.1173
1889,0.1263
1890,0.1319
1891,0.1301
1892,0.1234
1893,0.112
1894,0.1016
1895,0.095
1896,0.0947
1897,0.0984
1898,0.1038
1899,0.1063
1900,0.109
1901,0.1105
1902,0.0916
1903,0.0795
1904,0.1064
1905,0.1254
1906,0.1265
1907,0.1223
1908,0.1149
1909,0.1053
1910,0.094
1911,0.0802
1912,0.0702
1913,0.0706
1914,0.0707
1915,0.0673
1916,0.0606
1917,0.0494
1918,0.0406
1919,0.0351
1920,0.0326
1921,0.0297
1922,0.0272
1923,0.0255
1924,0.0239
1925,0.0224
1926,0.0183
1927,0.0109
1928,0.0132
1929,0.025
1930,0.0291
1931,0.03
1932,0.0293
1933,0.0284
1934,0.0294
1935,0.0294
1936,0.0458
1937,0.0989
1938,0.1471
1939,0.1621
1940,0.1546
1941,0.1452
1942,0.1398
1943,0.1357
1944,0.1284
1945,0.1206
1946,0.1132
1947,0.11
1948,0.1075
1949,0.0965
1950,0.0579
1951,0.0386
1952,0.0456
1953,0.0594
1954,0.075
1955,0.0942
1956,0.1206
1957,0.1461
1958,0.1658
1959,0.1667
1960,0.1454
1961,0.1512
1962,0.1536
1963,0.1429
1964,0.127
1965,0.1097
1966,0.0932
1967,0.0768
1968,0.0616
1969,0.048
1970,0.0355
1971,0.0258
1972,0.018
1973,0.0118
1974,0.0051
1975,0.0029
1976,0.0022
1977,0.0033
1978,0.0072
1979,0.0156
1980,0.0293
1981,0.0481
1982,0.0694
1983,0.0882
1984,0.0981
1985,0.1161
1986,0.1405
1987,0.1647
1988,0.1903
1989,0.2202
1990,0.2372
1991,0.2605
1992,0.2892
1993,0.3318
1994,0.3512
1995,0.3431
1996,0.3443
1997,0.3444
1998,0.316
1999,0.3822
2000,0.4683
2001,0.5018
2002,0.5053
2003,0.4958
2004,0.481
2005,0.4599
2006,0.423
2007,0.3418
2008,0.2481
2009,0.2497
2010,0.2613
2011,0.2518
2012,0.2292
2013,0.2091
2014,0.1942
2015,0.1659
2016,0.1437
2017,0.1341
2018,0.1401
2019,0.1596
2020,0.1919
2021,0.2252
2022,0.2598
2023,0.3252
2024,0.4133
2025,0.4498
2026,0.463
2027,0.4711
2028,0.4749
2029,0.4683
2030,0.4388
2031,0.3574
2032,0.2584
2033,0.2171
2034,0.192
2035,0.1733
2036,0.1584
2037,0.1529
2038,0.1439
2039,0.1361
2040,0.1193
2041,0.1036
2042,0.0916
2043,0.0814
2044,0.077
2045,0.075
2046,0.0658
2047,0.0784
2048,0.0973
2049,0.1172
2050,0.1343
2051,0.1457
2052,0.1532
2053,0.158
2054,0.1572
2055,0.1487
2056,0.1491
2057,0.1669
2058,0.1718
2059,0.1616
2060,0.1538
2061,0.144
2062,0.1336
2063,0.1257
2064,0.1123
2065,0.1041
2066,0.0971
2067,0.0895
2068,0.0833
2069,0.0754
2070,0.0573
2071,0.0539
2072,0.0575
2073,0.0541
2074,0.0461
2075,0.0426
2076,0.0438
2077,0.0452
2078,0.0429
2079,0.0358
2080,0.0303
2081,0.038
2082,0.0437
2083,0.0449
2084,0.0446
2085,0.0441
2086,0.0432
2087,0.0423
2088,0.043
2089,0.0445
2090,0.0459
2091,0.0474
2092,0.0494
2093,0.0499
2094,0.0361
2095,0.0324
2096,0.0528
2097,0.0589
2098,0.0544
2099,0.0501
2100,0.047
2101,0.0439
2102,0.0405
2103,0.0355
2104,0.0308
2105,0.0391
2106,0.0527
2107,0.0637
2108,0.0707
2109,0.0754
2110,0.0811
2111,0.087
2112,0.0915
2113,0.0944
2114,0.0979
2115,0.1024
2116,0.1102
2117,0.1141
2118,0.062
2119,0.0239
2120,0.0304
2121,0.0548
2122,0.0729
2123,0.093
2124,0.1129
2125,0.1277
2126,0.1333
2127,0.1149
2128,0.1
2129,0.1106
2130,0.1206
2131,0.126
2132,0.1277
2133,0.1291
2134,0.1305
2135,0.1301
2136,0.1257
2137,0.1166
2138,0.1044
2139,0.0933
2140,0.082
2141,0.073
2142,0.0733
2143,0.1071
2144,0.1191
2145,0.1176
2146,0.1113
2147,0.1066
2148,0.1036
2149,0.1029
2150,0.1035
2151,0.109
2152,0.1191
2153,0.1616
2154,0.2
2155,0.2055
2156,0.1968
2157,0.1828
2158,0.1672
2159,0.1522
2160,0.1388
2161,0.1286
2162,0.1212
2163,0.1168
2164,0.1132
2165,0.0966
2166,0.049
2167,0.0742
2168,0.107
2169,0.1023
2170,0.1015
2171,0.1079
2172,0.1174
2173,0.129
2174,0.1452
2175,0.1659
2176,0.1818
2177,0.2673
2178,0.3555
2179,0.3773
2180,0.3683
2181,0.3507
2182,0.3295
2183,0.3122
2184,0.2977
2185,0.2891
2186,0.2808
2187,0.2672
2188,0.2487
2189,0.2039
2190,0.137
2191,0.1559
2192,0.1662
2193,0.184
2194,0.213
2195,0.2442
2196,0.2656
2197,0.2676
2198,0.2522
2199,0.2358
2200,0.2577
2201,0.3084
2202,0.334
2203,0.3281
2204,0.305
2205,0.2839
2206,0.2495
2207,0.2196
2208,0.1951
2209,0.1675
2210,0.1254
2211,0.0844
2212,0.0559
2213,0.0389
2214,0.0251
2215,0.0245
2216,0.0274
2217,0.0296
2218,0.0341
2219,0.0406
2220,0.0435
2221,0.0413
2222,0.0348
2223,0.0294
2224,0.035
2225,0.0566
2226,0.0869
2227,0.1139
2228,0.1341
2229,0.1372
2230,0.1298
2231,0.1254
2232,0.1156
2233,0.1045
2234,0.09
2235,0.0773
2236,0.0681
2237,0.0498
2238,0.0352
2239,0.0346
2240,0.0392
2241,0.0476
2242,0.0542
2243,0.059
2244,0.0615
2245,0.0632
2246,0.0654
2247,0.061
2248,0.0737
2249,0.1067
2250,0.1308
2251,0.136
2252,0.1273
2253,0.1186
2254,0.1146
2255,0.1049
2256,0.0935
2257,0.0874
2258,0.0803
2259,0.0756
2260,0.0715
2261,0.0579
2262,0.0455
2263,0.0418
2264,0.0411
2265,0.0425
2266,0.042
2267,0.039
2268,0.0343
2269,0.0292
2270,0.0247
2271,0.0203
2272,0.0159
2273,0.0194
2274,0.0298
2275,0.0395
2276,0.0457
2277,0.0482
2278,0.0486
2279,0.0465
2280,0.0437
2281,0.0416
2282,0.042
2283,0.0419
2284,0.0412
2285,0.0355
2286,0.0235
2287,0.029
2288,0.0408
2289,0.0559
2290,0.0767
2291,0.0941
2292,0.106
2293,0.1134
2294,0.1173
2295,0.1067
2296,0.117
2297,0.183
2298,0.2548
2299,0.2816
2300,0.2685
2301,0.2374
2302,0.2001
2303,0.1646
2304,0.1332
2305,0.1073
2306,0.0904
2307,0.081
2308,0.0748
2309,0.0589
2310,0.0244
2311,0.0212
2312,0.0628
2313,0.0946
2314,0.1012
2315,0.0963
2316,0.0887
2317,0.0822
2318,0.0784
2319,0.0747
2320,0.0777
2321,0.1155
2322,0.1556
2323,0.1728
2324,0.169
2325,0.1527
2326,0.1299
2327,0.104
2328,0.0798
2329,0.0612
2330,0.0494
2331,0.0418
2332,0.0388
2333,0.0349
2334,0.0234
2335,0.0283
2336,0.0417
2337,0.0539
2338,0.0572
2339,0.0603
2340,0.0665
2341,0.0766
2342,0.0904
2343,0.11
2344,0.1362
2345,0.1826
2346,0.224
2347,0.2194
2348,0.2067
2349,0.1934
2350,0.1807
2351,0.1683
2352,0.1587
2353,0.1482
2354,0.1402
2355,0.1262
2356,0.117
2357,0.1189
2358,0.1226
2359,0.1248
2360,0.1291
2361,0.1287
2362,0.1216
2363,0.1161
2364,0.116
2365,0.1232
2366,0.1372
2367,0.1553
2368,0.1728
2369,0.2085
2370,0.2648
2371,0.2624
2372,0.2401
2373,0.2168
2374,0.1958
2375,0.1748
2376,0.1585
2377,0.1418
2378,0.1253
2379,0.1158
2380,0.108
2381,0.0917
2382,0.0954
2383,0.1229
2384,0.1315
2385,0.1265
2386,0.1168
2387,0.1104
2388,0.1085
2389,0.1115
2390,0.1213
2391,0.141
2392,0.1652
2393,0.2089
2394,0.2808
2395,0.2933
2396,0.2765
2397,0.2527
2398,0.2287
2399,0.2087
2400,0.1889
2401,0.1732
2402,0.1578
2403,0.1449
2404,0.1327
2405,0.0908
2406,0.0731
2407,0.1101
2408,0.1125
2409,0.1011
2410,0.0925
2411,0.0899
2412,0.091
2413,0.0941
2414,0.0998
2415,0.11
2416,0.121
2417,0.1359
2418,0.1799
2419,0.1917
2420,0.1812
2421,0.1685
2422,0.1595
2423,0.1501
2424,0.1449
2425,0.1414
2426,0.1377
2427,0.1329
2428,0.1273
2429,0.0991
2430,0.1031
2431,0.1262
2432,0.1204
2433,0.1111
2434,0.1054
2435,0.1046
2436,0.1057
2437,0.1072
2438,0.1096
2439,0.1122
2440,0.11
2441,0.1058
2442,0.1298
2443,0.1427
2444,0.1377
2445,0.1312
2446,0.1235
2447,0.1158
2448,0.1103
2449,0.1092
2450,0.1077
2451,0.1076
2452,0.1032
2453,0.0841
2454,0.0886
2455,0.1184
2456,0.1256
2457,0.1224
2458,0.1172
2459,0.1129
2460,0.1125
2461,0.1153
2462,0.121
2463,0.1297
2464,0.133
2465,0.1401
2466,0.1783
2467,0.2003
2468,0.197
2469,0.1935
2470,0.182
2471,0.164
2472,0.1487
2473,0.1346
2474,0.13
2475,0.1283
2476,0.1212
2477,0.0995
2478,0.0986
2479,0.1284
2480,0.1496
2481,0.1648
2482,0.1774
2483,0.185
2484,0.1881
2485,0.1873
2486,0.1872
2487,0.185
2488,0.173
2489,0.182
2490,0.2246
2491,0.232
2492,0.219
2493,0.2106
2494,0.2048
2495,0.1904
2496,0.1786
2497,0.1664
2498,0.1549
2499,0.1428
2500,0.1326
2501,0.0901
2502,0.0822
2503,0.0892
2504,0.1097
2505,0.1423
2506,0.1536
2507,0.1476
2508,0.1372
2509,0.1316
2510,0.1358
2511,0.1551
2512,0.1761
2513,0.2332
2514,0.3313
2515,0.3651
2516,0.3541
2517,0.3308
2518,0.3052
2519,0.2794
2520,0.2516
2521,0.2284
2522,0.2074
2523,0.1896
2524,0.1749
2525,0.1359
2526,0.1021
2527,0.1142
2528,0.1505
2529,0.1708
2530,0.1745
2531,0.168
2532,0.1583
2533,0.1491
2534,0.1449
2535,0.1504
2536,0.1603
2537,0.2387
2538,0.3396
2539,0.3727
2540,0.3635
2541,0.3433
2542,0.3162
2543,0.2835
2544,0.256
2545,0.232
2546,0.2158
2547,0.196
2548,0.1802
2549,0.1239
2550,0.0742
2551,0.1011
2552,0.1686
2553,0.2008
2554,0.2025
2555,0.1889
2556,0.1684
2557,0.1485
2558,0.1368
2559,0.1347
2560,0.1381
2561,0.202
2562,0.2937
2563,0.3264
2564,0.3154
2565,0.2938
2566,0.2709
2567,0.2439
2568,0.222
2569,0.2057
2570,0.1945
2571,0.1762
2572,0.1593
2573,0.1126
2574,0.0586
2575,0.0709
2576,0.1506
2577,0.2133
2578,0.2534
2579,0.2702
2580,0.2688
2581,0.2576
2582,0.2455
2583,0.2363
2584,0.2391
2585,0.3089
2586,0.3952
2587,0.4192
2588,0.3971
2589,0.3676
2590,0.3346
2591,0.3003
2592,0.2716
2593,0.2503
2594,0.2356
2595,0.2144
2596,0.1906
2597,0.1249
2598,0.0613
2599,0.0575
2600,0.0955
2601,0.1187
2602,0.1249
2603,0.12
2604,0.1117
2605,0.1064
2606,0.1068
2607,0.1131
2608,0.1307
2609,0.1978
2610,0.276
2611,0.3001
2612,0.2846
2613,0.2587
2614,0.2308
2615,0.1988
2616,0.1708
2617,0.1482
2618,0.1293
2619,0.1079
2620,0.0892
2621,0.0536
2622,0.0198
2623,0.0132
2624,0.0248
2625,0.0406
2626,0.0422
2627,0.0383
2628,0.0352
2629,0.0353
2630,0.0408
2631,0.056
2632,0.0861
2633,0.1583
2634,0.2435
2635,0.271
2636,0.2545
2637,0.2255
2638,0.1937
2639,0.1619
2640,0.1335
2641,0.1102
2642,0.0927
2643,0.0811
2644,0.074
2645,0.0486
2646,0.0144
2647,0.0072
2648,0.0162
2649,0.0221
2650,0.0198
2651,0.0168
2652,0.015
2653,0.0148
2654,0.0172
2655,0.023
2656,0.0379
2657,0.0844
2658,0.1626
2659,0.23
2660,0.2649
2661,0.2738
2662,0.2682
2663,0.2581
2664,0.2449
2665,0.2317
2666,0.2207
2667,0.2145
2668,0.2088
2669,0.1382
2670,0.0911
2671,0.1405
2672,0.2555
2673,0.3291
2674,0.3713
2675,0.4031
2676,0.4356
2677,0.4735
2678,0.5127
2679,0.5423
2680,0.5481
2681,0.5577
2682,0.5817
2683,0.5724
2684,0.5476
2685,0.5223
2686,0.5138
2687,0.5142
2688,0.5151
2689,0.509
2690,0.5124
2691,0.4945
2692,0.4711
2693,0.4068
2694,0.5023
2695,0.6003
2696,0.6445
2697,0.6726
2698,0.6874
2699,0.6892
2700,0.6809
2701,0.6661
2702,0.6435
2703,0.6175
2704,0.5857
2705,0.5781
2706,0.5844
2707,0.5657
2708,0.533
2709,0.4964
2710,0.4625
2711,0.424
2712,0.3894
2713,0.355
2714,0.3304
2715,0.3077
2716,0.2784
2717,0.2235
2718,0.2267
2719,0.2165
2720,0.2095
2721,0.203
2722,0.1984
2723,0.196
2724,0.1974
2725,0.2031
2726,0.2112
2727,0.214
2728,0.22
2729,0.2868
2730,0.381
2731,0.4019
2732,0.3785
2733,0.345
2734,0.2962
2735,0.2386
2736,0.191
2737,0.1647
2738,0.1547
2739,0.1507
2740,0.1454
2741,0.1021
2742,0.0812
2743,0.1136
2744,0.1408
2745,0.1608
2746,0.1755
2747,0.1852
2748,0.1864
2749,0.1794
2750,0.1603
2751,0.1305
2752,0.1187
2753,0.1607
2754,0.2326
2755,0.2844
2756,0.297
2757,0.2767
2758,0.2549
2759,0.2363
2760,0.212
2761,0.1757
2762,0.1518
2763,0.1398
2764,0.1236
2765,0.0934
2766,0.1006
2767,0.1078
2768,0.1082
2769,0.11
2770,0.1146
2771,0.1237
2772,0.1393
2773,0.1623
2774,0.1888
2775,0.2058
2776,0.2031
2777,0.1802
2778,0.1716
2779,0.1763
2780,0.1807
2781,0.1794
2782,0.1744
2783,0.1739
2784,0.1716
2785,0.1695
2786,0.1608
2787,0.1479
2788,0.132
2789,0.0953
2790,0.0849
2791,0.125
2792,0.1561
2793,0.1693
2794,0.1728
2795,0.1747
2796,0.1744
2797,0.1709
2798,0.164
2799,0.1472
2800,0.1147
2801,0.0899
2802,0.0908
2803,0.096
2804,0.1028
2805,0.1127
2806,0.1135
2807,0.1104
2808,0.1052
2809,0.0988
2810,0.0884
2811,0.081
2812,0.0729
2813,0.0623
2814,0.0586
2815,0.0512
2816,0.0473
2817,0.0414
2818,0.0341
2819,0.0293
2820,0.0267
2821,0.0253
2822,0.0244
2823,0.0246
2824,0.0255
2825,0.0283
2826,0.0392
2827,0.0497
2828,0.0558
2829,0.0622
2830,0.068
2831,0.0734
2832,0.0786
2833,0.0864
2834,0.0974
2835,0.113
2836,0.1155
2837,0.1203
2838,0.1501
2839,0.1954
2840,0.2209
2841,0.2362
2842,0.2412
2843,0.2393
2844,0.2347
2845,0.2317
2846,0.2279
2847,0.2212
2848,0.2073
2849,0.2032
2850,0.2165
2851,0.214
2852,0.1864
2853,0.168
2854,0.1521
2855,0.1383
2856,0.1267
2857,0.1193
2858,0.1138
2859,0.1067
2860,0.0896
2861,0.0617
2862,0.0612
2863,0.0709
2864,0.0789
2865,0.083
2866,0.0836
2867,0.083
2868,0.0862
2869,0.0929
2870,0.1015
2871,0.1102
2872,0.1054
2873,0.1027
2874,0.1284
2875,0.1427
2876,0.1302
2877,0.1187
2878,0.1063
2879,0.0991
2880,0.0973
2881,0.098
2882,0.1067
2883,0.1087
2884,0.1012
2885,0.1035
2886,0.1136
2887,0.1235
2888,0.1369
2889,0.1478
2890,0.1629
2891,0.1846
2892,0.2107
2893,0.2375
2894,0.2571
2895,0.2648
2896,0.2508
2897,0.2134
2898,0.1961
2899,0.1918
2900,0.1883
2901,0.1862
2902,0.1878
2903,0.1942
2904,0.2001
2905,0.2064
2906,0.2182
2907,0.2137
2908,0.2081
2909,0.2218
2910,0.2636
2911,0.2918
2912,0.3102
2913,0.3277
2914,0.3444
2915,0.3615
2916,0.377
2917,0.3908
2918,0.3942
2919,0.3809
2920,0.3351
2921,0.2838
2922,0.2712
2923,0.2594
2924,0.2427
2925,0.2383
2926,0.2282
2927,0.2176
2928,0.2106
2929,0.1969
2930,0.1856
2931,0.1777
2932,0.1518
2933,0.1362
2934,0.1989
2935,0.2045
2936,0.2177
2937,0.2349
2938,0.2526
2939,0.2719
2940,0.288
2941,0.2968
2942,0.2945
2943,0.2858
2944,0.265
2945,0.2134
2946,0.1706
2947,0.1564
2948,0.1523
2949,0.1485
2950,0.1488
2951,0.1486
2952,0.1457
2953,0.1424
2954,0.1371
2955,0.1315
2956,0.1234
2957,0.1131
2958,0.1325
2959,0.1393
2960,0.1264
2961,0.1147
2962,0.1091
2963,0.1101
2964,0.1167
2965,0.1278
2966,0.1406
2967,0.1476
2968,0.1422
2969,0.1107
2970,0.1093
2971,0.1291
2972,0.1332
2973,0.1338
2974,0.1314
2975,0.1233
2976,0.1108
2977,0.0969
2978,0.0808
2979,0.0652
2980,0.0537
2981,0.0386
2982,0.0471
2983,0.0599
2984,0.0648
2985,0.0686
2986,0.0734
2987,0.0797
2988,0.0884
2989,0.099
2990,0.1113
2991,0.1213
2992,0.1259
2993,0.1142
2994,0.1129
2995,0.1308
2996,0.1398
2997,0.1472
2998,0.1548
2999,0.1607
3000,0.1664
3001,0.1681
3002,0.1664
3003,0.1603
3004,0.1431
3005,0.1142
3006,0.1525
3007,0.1922
3008,0.2095
3009,0.2146
3010,0.2166
3011,0.2191
3012,0.2223
3013,0.2229
3014,0.217
3015,0.2048
3016,0.1802
3017,0.137
3018,0.1188
3019,0.1176
3020,0.1178
3021,0.1189
3022,0.1173
3023,0.1137
3024,0.11
3025,0.1034
3026,0.0962
3027,0.0841
3028,0.0629
3029,0.0443
3030,0.0495
3031,0.0468
3032,0.0432
3033,0.0416
3034,0.0424
3035,0.0447
3036,0.0454
3037,0.0419
3038,0.0343
3039,0.0245
3040,0.0151
3041,0.0073
3042,0.0035
3043,0.0048
3044,0.021
3045,0.0521
3046,0.0882
3047,0.1218
3048,0.145
3049,0.1538
3050,0.1525
3051,0.15
3052,0.1233
3053,0.0648
3054,0.0591
3055,0.1179
3056,0.1623
3057,0.2017
3058,0.2504
3059,0.2926
3060,0.3222
3061,0.3264
3062,0.2982
3063,0.2589
3064,0.2441
3065,0.2599
3066,0.2688
3067,0.2593
3068,0.2476
3069,0.2524
3070,0.2505
3071,0.235
3072,0.2085
3073,0.1921
3074,0.1795
3075,0.1599
3076,0.1306
3077,0.1004
3078,0.092
3079,0.0924
3080,0.0876
3081,0.0791
3082,0.0708
3083,0.0643
3084,0.0622
3085,0.0645
3086,0.0658
3087,0.0625
3088,0.0531
3089,0.0467
3090,0.0541
3091,0.0661
3092,0.0808
3093,0.0984
3094,0.1155
3095,0.1236
3096,0.1237
3097,0.1193
3098,0.1161
3099,0.1126
3100,0.1004
3101,0.0894
3102,0.1113
3103,0.1416
3104,0.1654
3105,0.1809
3106,0.1932
3107,0.2012
3108,0.201
3109,0.1918
3110,0.1726
3111,0.1454
3112,0.1101
3113,0.0699
3114,0.0544
3115,0.0484
3116,0.0423
3117,0.0387
3118,0.0398
3119,0.0425
3120,0.0443
3121,0.0467
3122,0.0541
3123,0.0637
3124,0.0658
3125,0.0527
3126,0.0588
3127,0.0747
3128,0.1008
3129,0.1258
3130,0.1435
3131,0.1607
3132,0.1826
3133,0.2091
3134,0.231
3135,0.2424
3136,0.2439
3137,0.2453
3138,0.2501
3139,0.2553
3140,0.2442
3141,0.2356
3142,0.2343
3143,0.2266
3144,0.2188
3145,0.2053
3146,0.1981
3147,0.1865
3148,0.1576
3149,0.1485
3150,0.1996
3151,0.2139
3152,0.2171
3153,0.2154
3154,0.214
3155,0.2185
3156,0.2253
3157,0.2288
3158,0.2347
3159,0.2525
3160,0.2689
3161,0.2513
3162,0.242
3163,0.2603
3164,0.2515
3165,0.2344
3166,0.2181
3167,0.2065
3168,0.1966
3169,0.1861
3170,0.1758
3171,0.157
3172,0.1091
3173,0.0653
3174,0.0865
3175,0.0924
3176,0.1
3177,0.1132
3178,0.1315
3179,0.1555
3180,0.1786
3181,0.1973
3182,0.2095
3183,0.2123
3184,0.2044
3185,0.1751
3186,0.1686
3187,0.197
3188,0.2089
3189,0.2077
3190,0.201
3191,0.1858
3192,0.1702
3193,0.1545
3194,0.1399
3195,0.1231
3196,0.0835
3197,0.0623
3198,0.0948
3199,0.1258
3200,0.1489
3201,0.1664
3202,0.1843
3203,0.199
3204,0.2061
3205,0.2045
3206,0.2021
3207,0.2061
3208,0.2107
3209,0.1932
3210,0.1894
3211,0.2118
3212,0.2064
3213,0.1826
3214,0.1601
3215,0.1406
3216,0.1254
3217,0.1141
3218,0.1068
3219,0.1029
3220,0.0754
3221,0.0473
3222,0.1055
3223,0.148
3224,0.1705
3225,0.1772
3226,0.1802
3227,0.1846
3228,0.1886
3229,0.191
3230,0.1918
3231,0.1961
3232,0.1977
3233,0.1872
3234,0.1842
3235,0.1933
3236,0.1795
3237,0.1676
3238,0.1593
3239,0.1521
3240,0.151
3241,0.1512
3242,0.1553
3243,0.1562
3244,0.1363
3245,0.1151
3246,0.1463
3247,0.1787
3248,0.1931
3249,0.1953
3250,0.1915
3251,0.1861
3252,0.1796
3253,0.1733
3254,0.172
3255,0.1686
3256,0.1653
3257,0.1589
3258,0.1562
3259,0.149
3260,0.1341
3261,0.1246
3262,0.115
3263,0.0984
3264,0.0809
3265,0.0701
3266,0.0651
3267,0.0627
3268,0.0505
3269,0.0401
3270,0.0502
3271,0.0623
3272,0.07
3273,0.0725
3274,0.07
3275,0.0657
3276,0.063
3277,0.0617
3278,0.0598
3279,0.0599
3280,0.0553
3281,0.053
3282,0.085
3283,0.1303
3284,0.1567
3285,0.1614
3286,0.1561
3287,0.1447
3288,0.1317
3289,0.1198
3290,0.1102
3291,0.1008
3292,0.0661
3293,0.0289
3294,0.0337
3295,0.0577
3296,0.0741
3297,0.0817
3298,0.0843
3299,0.0792
3300,0.0677
3301,0.0542
3302,0.0436
3303,0.0375
3304,0.0356
3305,0.0412
3306,0.0592
3307,0.0815
3308,0.0899
3309,0.0869
3310,0.0756
3311,0.061
3312,0.049
3313,0.0448
3314,0.0507
3315,0.0621
3316,0.0545
3317,0.0242
3318,0.0188
3319,0.0465
3320,0.0631
3321,0.066
3322,0.0632
3323,0.0587
3324,0.0554
3325,0.0549
3326,0.056
3327,0.0566
3328,0.0608
3329,0.077
3330,0.1135
3331,0.1481
3332,0.1563
3333,0.1447
3334,0.1271
3335,0.1078
3336,0.0934
3337,0.0856
3338,0.0806
3339,0.0733
3340,0.0532
3341,0.0282
3342,0.0328
3343,0.0552
3344,0.0737
3345,0.0786
3346,0.0782
3347,0.0798
3348,0.0855
3349,0.0955
3350,0.1094
3351,0.1281
3352,0.1477
3353,0.1639
3354,0.1871
3355,0.1993
3356,0.2061
3357,0.2085
3358,0.2135
3359,0.2171
3360,0.2093
3361,0.2064
3362,0.198
3363,0.1822
3364,0.1591
3365,0.1362
3366,0.13
3367,0.1322
3368,0.1409
3369,0.1492
3370,0.157
3371,0.1641
3372,0.1693
3373,0.1748
3374,0.1788
3375,0.1822
3376,0.1836
3377,0.1929
3378,0.2142
3379,0.2325
3380,0.2344
3381,0.2365
3382,0.2317
3383,0.2292
3384,0.2287
3385,0.2305
3386,0.2334
3387,0.2348
3388,0.2349
3389,0.2851
3390,0.3162
3391,0.3259
3392,0.3308
3393,0.3323
3394,0.3286
3395,0.328
3396,0.3286
3397,0.3275
3398,0.3204
3399,0.303
3400,0.2716
3401,0.2199
3402,0.1704
3403,0.1464
3404,0.1231
3405,0.1074
3406,0.0961
3407,0.0866
3408,0.0741
3409,0.0639
3410,0.0558
3411,0.0493
3412,0.0475
3413,0.0426
3414,0.0423
3415,0.0497
3416,0.0558
3417,0.0589
3418,0.0594
3419,0.0581
3420,0.0543
3421,0.0487
3422,0.0417
3423,0.0352
3424,0.0282
3425,0.0204
3426,0.0192
3427,0.0202
3428,0.0265
3429,0.0402
3430,0.0571
3431,0.0709
3432,0.0788
3433,0.0829
3434,0.0856
3435,0.0849
3436,0.0691
3437,0.0378
3438,0.0284
3439,0.0479
3440,0.0667
3441,0.0825
3442,0.096
3443,0.1107
3444,0.1278
3445,0.1449
3446,0.1573
3447,0.1593
3448,0.1482
3449,0.1384
3450,0.1348
3451,0.1337
3452,0.132
3453,0.1289
3454,0.1227
3455,0.1154
3456,0.1093
3457,0.1041
3458,0.0982
3459,0.0855
3460,0.0637
3461,0.0592
3462,0.0578
3463,0.0609
3464,0.0677
3465,0.0741
3466,0.0795
3467,0.0851
3468,0.0899
3469,0.0936
3470,0.0949
3471,0.0945
3472,0.0916
3473,0.0831
3474,0.0747
3475,0.0756
3476,0.0676
3477,0.0572
3478,0.0512
3479,0.0487
3480,0.0526
3481,0.0711
3482,0.1001
3483,0.123
3484,0.1114
3485,0.0956
3486,0.1342
3487,0.2247
3488,0.2929
3489,0.3409
3490,0.3754
3491,0.3945
3492,0.3979
3493,0.3901
3494,0.375
3495,0.3514
3496,0.3166
3497,0.2753
3498,0.2676
3499,0.2768
3500,0.2812
3501,0.2892
3502,0.2792
3503,0.2704
3504,0.2608
3505,0.2518
3506,0.2398
3507,0.2217
3508,0.1643
3509,0.1247
3510,0.1732
3511,0.2029
3512,0.2168
3513,0.223
3514,0.2207
3515,0.2136
3516,0.2052
3517,0.1956
3518,0.1827
3519,0.1634
3520,0.1372
3521,0.1037
3522,0.0827
3523,0.0722
3524,0.0589
3525,0.0527
3526,0.05
3527,0.0451
3528,0.0421
3529,0.044
3530,0.0498
3531,0.0535
3532,0.0419
3533,0.0265
3534,0.0232
3535,0.0259
3536,0.0298
3537,0.0338
3538,0.0397
3539,0.0492
3540,0.0604
3541,0.0709
3542,0.08
3543,0.0905
3544,0.1019
3545,0.1108
3546,0.1257
3547,0.1537
3548,0.1718
3549,0.1706
3550,0.1581
3551,0.1404
3552,0.1251
3553,0.1126
3554,0.0962
3555,0.0786
3556,0.0512
3557,0.0591
3558,0.0529
3559,0.0424
3560,0.0369
3561,0.034
3562,0.0322
3563,0.0309
3564,0.0293
3565,0.0266
3566,0.0225
3567,0.0187
3568,0.0152
3569,0.0122
3570,0.018
3571,0.0415
3572,0.0819
3573,0.1254
3574,0.1592
3575,0.1817
3576,0.1975
3577,0.2116
3578,0.2254
3579,0.2277
3580,0.1872
3581,0.1482
3582,0.1794
3583,0.2203
3584,0.2531
3585,0.2649
3586,0.2707
3587,0.2808
3588,0.2825
3589,0.2733
3590,0.2485
3591,0.2148
3592,0.1757
3593,0.1322
3594,0.1193
3595,0.1357
3596,0.1597
3597,0.1753
3598,0.1844
3599,0.1849
3600,0.1814
3601,0.1784
3602,0.1751
3603,0.1621
3604,0.1175
3605,0.0757
3606,0.0778
3607,0.0906
3608,0.1021
3609,0.1133
3610,0.1246
3611,0.1333
3612,0.1322
3613,0.1211
3614,0.103
3615,0.0845
3616,0.063
3617,0.0391
3618,0.0253
3619,0.0174
3620,0.0122
3621,0.0103
3622,0.0122
3623,0.0185
3624,0.0293
3625,0.0431
3626,0.0601
3627,0.0759
3628,0.0711
3629,0.0455
3630,0.0699
3631,0.0951
3632,0.1092
3633,0.115
3634,0.1156
3635,0.1153
3636,0.1111
3637,0.1009
3638,0.0877
3639,0.0767
3640,0.0639
3641,0.048
3642,0.0426
3643,0.0451
3644,0.0425
3645,0.0374
3646,0.035
3647,0.0387
3648,0.0478
3649,0.06
3650,0.0741
3651,0.0849
3652,0.0707
3653,0.0342
3654,0.0239
3655,0.0372
3656,0.0497
3657,0.0574
3658,0.0704
3659,0.0884
3660,0.1074
3661,0.1238
3662,0.1309
3663,0.1198
3664,0.1054
3665,0.1119
3666,0.1552
3667,0.2146
3668,0.2645
3669,0.3003
3670,0.3111
3671,0.3
3672,0.2794
3673,0.2569
3674,0.2405
3675,0.208
3676,0.1297
3677,0.0637
3678,0.0366
3679,0.0553
3680,0.0673
3681,0.0825
3682,0.1046
3683,0.1293
3684,0.1503
3685,0.1576
3686,0.1403
3687,0.1097
3688,0.0811
3689,0.0581
3690,0.0471
3691,0.0398
3692,0.0299
3693,0.0245
3694,0.0205
3695,0.0172
3696,0.0172
3697,0.0205
3698,0.0258
3699,0.0259
3700,0.0181
3701,0.0132
3702,0.0116
3703,0.0117
3704,0.0126
3705,0.0152
3706,0.019
3707,0.025
3708,0.0326
3709,0.0418
3710,0.0539
3711,0.07
3712,0.09
3713,0.1251
3714,0.1938
3715,0.2757
3716,0.324
3717,0.3376
3718,0.3418
3719,0.3221
3720,0.2931
3721,0.2485
3722,0.2063
3723,0.1665
3724,0.1022
3725,0.0453
3726,0.029
3727,0.0296
3728,0.0307
3729,0.0298
3730,0.0282
3731,0.0265
3732,0.0258
3733,0.0281
3734,0.0357
3735,0.0512
3736,0.0788
3737,0.1166
3738,0.1758
3739,0.2501
3740,0.2931
3741,0.2962
3742,0.2886
3743,0.2912
3744,0.3037
3745,0.3148
3746,0.2992
3747,0.2494
3748,0.1835
3749,0.1767
3750,0.2143
3751,0.2361
3752,0.2445
3753,0.2429
3754,0.2379
3755,0.2349
3756,0.2301
3757,0.2261
3758,0.2169
3759,0.2019
3760,0.1843
3761,0.1502
3762,0.1074
3763,0.0848
3764,0.076
3765,0.0664
3766,0.0543
3767,0.0476
3768,0.0437
3769,0.039
3770,0.0358
3771,0.0349
3772,0.0273
3773,0.0242
3774,0.0444
3775,0.062
3776,0.0727
3777,0.0808
3778,0.0898
3779,0.1004
3780,0.1133
3781,0.13
3782,0.1493
3783,0.1661
3784,0.1734
3785,0.1671
3786,0.1962
3787,0.273
3788,0.3211
3789,0.3273
3790,0.3424
3791,0.3734
3792,0.3849
3793,0.3634
3794,0.352
3795,0.3404
3796,0.3403
3797,0.451
3798,0.5969
3799,0.6432
3800,0.6658
3801,0.6725
3802,0.6711
3803,0.6674
3804,0.6588
3805,0.6445
3806,0.6209
3807,0.5871
3808,0.5363
3809,0.456
3810,0.3727
3811,0.3389
3812,0.3136
3813,0.2914
3814,0.2699
3815,0.2485
3816,0.2176
3817,0.1994
3818,0.1831
3819,0.1536
3820,0.0928
3821,0.0779
3822,0.0835
3823,0.0826
3824,0.0773
3825,0.0642
3826,0.0466
3827,0.0307
3828,0.0183
3829,0.0098
3830,0.0073
3831,0.0089
3832,0.0142
3833,0.0311
3834,0.0731
3835,0.1342
3836,0.1682
3837,0.161
3838,0.1457
3839,0.1341
3840,0.1249
3841,0.1202
3842,0.1224
3843,0.1138
3844,0.0859
3845,0.0607
3846,0.0594
3847,0.0698
3848,0.074
3849,0.0792
3850,0.0838
3851,0.0811
3852,0.0773
3853,0.0733
3854,0.0689
3855,0.0666
3856,0.0688
3857,0.0779
3858,0.082
3859,0.108
3860,0.1372
3861,0.1297
3862,0.1112
3863,0.1052
3864,0.0976
3865,0.0822
3866,0.0708
3867,0.0589
3868,0.0379
3869,0.0282
3870,0.0262
3871,0.0222
3872,0.0202
3873,0.0195
3874,0.0186
3875,0.0176
3876,0.0163
3877,0.0159
3878,0.0157
3879,0.0152
3880,0.0177
3881,0.0309
3882,0.0591
3883,0.0945
3884,0.1239
3885,0.1281
3886,0.1074
3887,0.0974
3888,0.094
3889,0.0913
3890,0.0838
3891,0.067
3892,0.0388
3893,0.0267
3894,0.0351
3895,0.0464
3896,0.0585
3897,0.0752
3898,0.0933
3899,0.1051
3900,0.1113
3901,0.1213
3902,0.1422
3903,0.1647
3904,0.1848
3905,0.1861
3906,0.1766
3907,0.1795
3908,0.1839
3909,0.1713
3910,0.1566
3911,0.1434
3912,0.1362
3913,0.1344
3914,0.1395
3915,0.1296
3916,0.0846
3917,0.0546
3918,0.1054
3919,0.1477
3920,0.1717
3921,0.1836
3922,0.1835
3923,0.1773
3924,0.1674
3925,0.1552
3926,0.1396
3927,0.1171
3928,0.0869
3929,0.0542
3930,0.0461
3931,0.0576
3932,0.0731
3933,0.0851
3934,0.0932
3935,0.1
3936,0.1053
3937,0.1089
3938,0.1094
3939,0.1044
3940,0.0756
3941,0.0362
3942,0.0338
3943,0.0695
3944,0.1034
3945,0.1287
3946,0.1461
3947,0.1583
3948,0.1454
3949,0.1074
3950,0.0684
3951,0.0469
3952,0.0456
3953,0.07
3954,0.1072
3955,0.1492
3956,0.19
3957,0.2095
3958,0.1975
3959,0.1761
3960,0.1734
3961,0.1839
3962,0.2024
3963,0.2046
3964,0.1726
3965,0.1613
3966,0.1905
3967,0.2299
3968,0.2658
3969,0.2831
3970,0.2978
3971,0.3155
3972,0.323
3973,0.3261
3974,0.3285
3975,0.328
3976,0.3141
3977,0.2744
3978,0.2215
3979,0.1821
3980,0.147
3981,0.1306
3982,0.1241
3983,0.118
3984,0.1058
3985,0.0887
3986,0.0735
3987,0.0612
3988,0.0506
3989,0.0403
3990,0.043
3991,0.0435
3992,0.0423
3993,0.041
3994,0.0405
3995,0.0403
3996,0.0384
3997,0.0336
3998,0.0271
3999,0.0219
4000,0.0178
4001,0.0135
4002,0.0106
4003,0.01
4004,0.01
4005,0.0101
4006,0.0102
4007,0.0113
4008,0.0128
4009,0.0145
4010,0.0171
4011,0.0199
4012,0.0159
4013,0.0085
4014,0.0105
4015,0.0119
4016,0.0117
4017,0.0099
4018,0.0074
4019,0.0055
4020,0.0048
4021,0.0053
4022,0.0068
4023,0.0089
4024,0.0115
4025,0.0175
4026,0.0334
4027,0.072
4028,0.1147
4029,0.1437
4030,0.1612
4031,0.1705
4032,0.172
4033,0.1658
4034,0.1557
4035,0.1298
4036,0.0724
4037,0.0322
4038,0.0402
4039,0.0444
4040,0.047
4041,0.05
4042,0.0531
4043,0.0522
4044,0.0469
4045,0.0387
4046,0.0306
4047,0.024
4048,0.022
4049,0.0256
4050,0.0405
4051,0.069
4052,0.093
4053,0.1044
4054,0.1087
4055,0.1097
4056,0.1076
4057,0.1025
4058,0.0966
4059,0.0872
4060,0.0643
4061,0.0335
4062,0.0234
4063,0.036
4064,0.0504
4065,0.0631
4066,0.0693
4067,0.0702
4068,0.0657
4069,0.0582
4070,0.0528
4071,0.0499
4072,0.0457
4073,0.0402
4074,0.0418
4075,0.0527
4076,0.0651
4077,0.0737
4078,0.0762
4079,0.0752
4080,0.0761
4081,0.0806
4082,0.084
4083,0.08
4084,0.0572
4085,0.0609
4086,0.0791
4087,0.0945
4088,0.1056
4089,0.1064
4090,0.1019
4091,0.0991
4092,0.0968
4093,0.0911
4094,0.0798
4095,0.0646
4096,0.0502
4097,0.0363
4098,0.0283
4099,0.0323
4100,0.0386
4101,0.0403
4102,0.0387
4103,0.0354
4104,0.0349
4105,0.0377
4106,0.0417
4107,0.0418
4108,0.0299
4109,0.029
4110,0.0367
4111,0.0483
4112,0.0592
4113,0.0638
4114,0.0629
4115,0.0604
4116,0.0567
4117,0.0527
4118,0.0494
4119,0.049
4120,0.0499
4121,0.0509
4122,0.0597
4123,0.0889
4124,0.1123
4125,0.1156
4126,0.1084
4127,0.101
4128,0.0959
4129,0.0919
4130,0.0909
4131,0.0859
4132,0.0552
4133,0.0573
4134,0.0703
4135,0.0672
4136,0.0585
4137,0.0524
4138,0.0511
4139,0.0533
4140,0.057
4141,0.0611
4142,0.0642
4143,0.0709
4144,0.0819
4145,0.1039
4146,0.1525
4147,0.2208
4148,0.2431
4149,0.2312
4150,0.2216
4151,0.2101
4152,0.1913
4153,0.1776
4154,0.1669
4155,0.1425
4156,0.0853
4157,0.0642
4158,0.0785
4159,0.0986
4160,0.1108
4161,0.1155
4162,0.1146
4163,0.1111
4164,0.1059
4165,0.1008
4166,0.0979
4167,0.0985
4168,0.1019
4169,0.1124
4170,0.159
4171,0.2429
4172,0.2837
4173,0.275
4174,0.2543
4175,0.2328
4176,0.2125
4177,0.1959
4178,0.1793
4179,0.1613
4180,0.1053
4181,0.0688
4182,0.1043
4183,0.127
4184,0.1406
4185,0.1478
4186,0.1457
4187,0.1344
4188,0.119
4189,0.1096
4190,0.1128
4191,0.1259
4192,0.137
4193,0.1452
4194,0.1841
4195,0.2489
4196,0.2871
4197,0.2953
4198,0.2843
4199,0.2633
4200,0.2424
4201,0.2245
4202,0.2085
4203,0.18
4204,0.1101
4205,0.0569
4206,0.0651
4207,0.0964
4208,0.1108
4209,0.1122
4210,0.1126
4211,0.1104
4212,0.1032
4213,0.0896
4214,0.0723
4215,0.0591
4216,0.0493
4217,0.037
4218,0.0374
4219,0.0572
4220,0.083
4221,0.1019
4222,0.1118
4223,0.1164
4224,0.119
4225,0.1224
4226,0.1265
4227,0.1206
4228,0.0793
4229,0.0372
4230,0.0342
4231,0.061
4232,0.091
4233,0.1214
4234,0.1519
4235,0.182
4236,0.2129
4237,0.2424
4238,0.2673
4239,0.2877
4240,0.3003
4241,0.3049
4242,0.2975
4243,0.2872
4244,0.2672
4245,0.2539
4246,0.2443
4247,0.2337
4248,0.2278
4249,0.2171
4250,0.2061
4251,0.194
4252,0.1929
4253,0.1777
4254,0.161
4255,0.1555
4256,0.1596
4257,0.1683
4258,0.1796
4259,0.194
4260,0.2089
4261,0.2209
4262,0.2267
4263,0.2318
4264,0.2338
4265,0.2267
4266,0.1996
4267,0.1828
4268,0.1744
4269,0.1571
4270,0.139
4271,0.1196
4272,0.1021
4273,0.0912
4274,0.0817
4275,0.0645
4276,0.0405
4277,0.0256
4278,0.018
4279,0.0152
4280,0.0141
4281,0.0133
4282,0.0138
4283,0.0163
4284,0.0192
4285,0.0211
4286,0.0214
4287,0.0218
4288,0.0229
4289,0.0255
4290,0.0378
4291,0.0654
4292,0.0836
4293,0.0835
4294,0.0739
4295,0.0617
4296,0.0518
4297,0.0458
4298,0.0433
4299,0.0433
4300,0.0288
4301,0.0109
4302,0.0103
4303,0.0123
4304,0.0125
4305,0.0117
4306,0.0102
4307,0.0089
4308,0.0085
4309,0.0087
4310,0.0092
4311,0.0096
4312,0.011
4313,0.0133
4314,0.0197
4315,0.0368
4316,0.0641
4317,0.1021
4318,0.1472
4319,0.194
4320,0.2352
4321,0.2668
4322,0.2836
4323,0.278
4324,0.1937
4325,0.101
4326,0.0784
4327,0.1312
4328,0.1856
4329,0.219
4330,0.2508
4331,0.2796
4332,0.3054
4333,0.3352
4334,0.3559
4335,0.3573
4336,0.3383
4337,0.2977
4338,0.2506
4339,0.2024
4340,0.1704
4341,0.1525
4342,0.1357
4343,0.1123
4344,0.0938
4345,0.0876
4346,0.0916
4347,0.0873
4348,0.0632
4349,0.0643
4350,0.0886
4351,0.133
4352,0.2053
4353,0.2635
4354,0.3052
4355,0.3433
4356,0.3766
4357,0.4104
4358,0.4348
4359,0.4469
4360,0.4421
4361,0.4137
4362,0.358
4363,0.3089
4364,0.2708
4365,0.2441
4366,0.2288
4367,0.2141
4368,0.2108
4369,0.2146
4370,0.2134
4371,0.2054
4372,0.2089
4373,0.2783
4374,0.2993
4375,0.3054
4376,0.3116
4377,0.318
4378,0.3221
4379,0.3213
4380,0.3135
4381,0.302
4382,0.2902
4383,0.2825
4384,0.2756
4385,0.2619
4386,0.2297
4387,0.2069
4388,0.19
4389,0.1612
4390,0.1369
4391,0.1169
4392,0.1035
4393,0.0964
4394,0.0932
4395,0.0858
4396,0.0721
4397,0.0898
4398,0.1057
4399,0.1206
4400,0.1361
4401,0.1462
4402,0.1539
4403,0.1629
4404,0.1724
4405,0.1799
4406,0.1855
4407,0.1895
4408,0.1897
4409,0.1817
4410,0.1632
4411,0.1655
4412,0.1703
4413,0.1592
4414,0.145
4415,0.1317
4416,0.121
4417,0.1128
4418,0.1099
4419,0.093
4420,0.0651
4421,0.0761
4422,0.086
4423,0.0959
4424,0.1088
4425,0.123
4426,0.1382
4427,0.1525
4428,0.1661
4429,0.1815
4430,0.198
4431,0.2099
4432,0.2172
4433,0.2142
4434,0.206
4435,0.2086
4436,0.2122
4437,0.2128
4438,0.2052
4439,0.2025
4440,0.1966
4441,0.1904
4442,0.1897
4443,0.175
4444,0.1406
4445,0.165
4446,0.2075
4447,0.2365
4448,0.2609
4449,0.2774
4450,0.2875
4451,0.2966
4452,0.3
4453,0.2924
4454,0.2726
4455,0.2466
4456,0.2127
4457,0.1667
4458,0.1141
4459,0.0889
4460,0.0732
4461,0.0552
4462,0.042
4463,0.0358
4464,0.0342
4465,0.0406
4466,0.0551
4467,0.0689
4468,0.0649
4469,0.078
4470,0.1321
4471,0.1837
4472,0.2351
4473,0.2868
4474,0.3294
4475,0.3571
4476,0.3733
4477,0.3746
4478,0.361
4479,0.3481
4480,0.3309
4481,0.2956
4482,0.2626
4483,0.2393
4484,0.2216
4485,0.2102
4486,0.2088
4487,0.2089
4488,0.2028
4489,0.2022
4490,0.2012
4491,0.1877
4492,0.1714
4493,0.1995
4494,0.2334
4495,0.2438
4496,0.2553
4497,0.2633
4498,0.2724
4499,0.2829
4500,0.2944
4501,0.3012
4502,0.2992
4503,0.2973
4504,0.29
4505,0.2623
4506,0.2075
4507,0.1747
4508,0.1655
4509,0.1592
4510,0.1586
4511,0.1554
4512,0.1463
4513,0.1391
4514,0.1303
4515,0.116
4516,0.0916
4517,0.1286
4518,0.1613
4519,0.1747
4520,0.1896
4521,0.2041
4522,0.213
4523,0.2198
4524,0.2194
4525,0.2108
4526,0.1958
4527,0.1836
4528,0.1734
4529,0.1592
4530,0.1314
4531,0.1306
4532,0.1421
4533,0.1493
4534,0.1482
4535,0.1448
4536,0.1426
4537,0.1359
4538,0.1285
4539,0.111
4540,0.0855
4541,0.0941
4542,0.0986
4543,0.1019
4544,0.1065
4545,0.1157
4546,0.1275
4547,0.1393
4548,0.1491
4549,0.1568
4550,0.1614
4551,0.1633
4552,0.1636
4553,0.1564
4554,0.1315
4555,0.137
4556,0.1469
4557,0.1412
4558,0.1324
4559,0.1226
4560,0.1133
4561,0.108
4562,0.1034
4563,0.0864
4564,0.06
4565,0.0695
4566,0.0679
4567,0.0648
4568,0.0645
4569,0.063
4570,0.0608
4571,0.0601
4572,0.0599
4573,0.0592
4574,0.0571
4575,0.0579
4576,0.0602
4577,0.0563
4578,0.0533
4579,0.063
4580,0.0666
4581,0.065
4582,0.059
4583,0.0506
4584,0.0437
4585,0.0381
4586,0.0337
4587,0.0283
4588,0.0183
4589,0.0129
4590,0.0125
4591,0.0128
4592,0.0144
4593,0.0159
4594,0.0161
4595,0.0159
4596,0.0152
4597,0.0141
4598,0.0136
4599,0.0141
4600,0.0143
4601,0.0133
4602,0.0165
4603,0.0252
4604,0.0322
4605,0.0376
4606,0.0413
4607,0.0439
4608,0.0448
4609,0.0434
4610,0.0419
4611,0.0379
4612,0.025
4613,0.0134
4614,0.0126
4615,0.0159
4616,0.0201
4617,0.0244
4618,0.0307
4619,0.0375
4620,0.0436
4621,0.0471
4622,0.0487
4623,0.0506
4624,0.0487
4625,0.0431
4626,0.0421
4627,0.0472
4628,0.0556
4629,0.0632
4630,0.0726
4631,0.0825
4632,0.0914
4633,0.0983
4634,0.1019
4635,0.0983
4636,0.0755
4637,0.0754
4638,0.0944
4639,0.0994
4640,0.1013
4641,0.1005
4642,0.0991
4643,0.1006
4644,0.1036
4645,0.1052
4646,0.1047
4647,0.1059
4648,0.1084
4649,0.1027
4650,0.0995
4651,0.1111
4652,0.1088
4653,0.1015
4654,0.0955
4655,0.0895
4656,0.0869
4657,0.0865
4658,0.0829
4659,0.0718
4660,0.0512
4661,0.0508
4662,0.0436
4663,0.0345
4664,0.0301
4665,0.029
4666,0.0303
4667,0.0336
4668,0.0375
4669,0.0417
4670,0.046
4671,0.0518
4672,0.0599
4673,0.0657
4674,0.0685
4675,0.0782
4676,0.0845
4677,0.08
4678,0.0752
4679,0.0716
4680,0.0673
4681,0.0645
4682,0.0628
4683,0.0578
4684,0.0472
4685,0.0514
4686,0.0545
4687,0.0613
4688,0.0728
4689,0.0833
4690,0.0933
4691,0.1054
4692,0.1189
4693,0.1321
4694,0.1442
4695,0.1575
4696,0.1713
4697,0.1778
4698,0.1658
4699,0.1569
4700,0.1523
4701,0.1454
4702,0.1409
4703,0.1376
4704,0.1341
4705,0.13
4706,0.1265
4707,0.1168
4708,0.1141
4709,0.1475
4710,0.1642
4711,0.1668
4712,0.1706
4713,0.1746
4714,0.1794
4715,0.1865
4716,0.1942
4717,0.2002
4718,0.1995
4719,0.1945
4720,0.1822
4721,0.155
4722,0.1155
4723,0.1131
4724,0.1147
4725,0.1095
4726,0.1017
4727,0.0925
4728,0.0825
4729,0.0726
4730,0.0624
4731,0.0466
4732,0.0215
4733,0.0118
4734,0.0066
4735,0.0052
4736,0.0048
4737,0.0045
4738,0.0045
4739,0.0046
4740,0.0049
4741,0.0051
4742,0.0052
4743,0.0052
4744,0.0051
4745,0.0057
4746,0.0124
4747,0.026
4748,0.0341
4749,0.0349
4750,0.0327
4751,0.0309
4752,0.0302
4753,0.0295
4754,0.0288
4755,0.0275
4756,0.0162
4757,0.0062
4758,0.0056
4759,0.0059
4760,0.0081
4761,0.011
4762,0.0147
4763,0.0191
4764,0.0233
4765,0.0273
4766,0.0303
4767,0.0316
4768,0.0301
4769,0.0286
4770,0.032
4771,0.0396
4772,0.0439
4773,0.047
4774,0.0498
4775,0.0546
4776,0.061
4777,0.0642
4778,0.0652
4779,0.0633
4780,0.0439
4781,0.0219
4782,0.0302
4783,0.0421
4784,0.0529
4785,0.0608
4786,0.0656
4787,0.0673
4788,0.0662
4789,0.0605
4790,0.0493
4791,0.0361
4792,0.0234
4793,0.0133
4794,0.0098
4795,0.0122
4796,0.02
4797,0.0311
4798,0.0437
4799,0.0598
4800,0.0771
4801,0.0917
4802,0.0982
4803,0.0982
4804,0.0823
4805,0.0517
4806,0.0575
4807,0.0876
4808,0.1292
4809,0.1538
4810,0.1587
4811,0.1509
4812,0.1388
4813,0.1211
4814,0.1051
4815,0.0952
4816,0.0746
4817,0.0561
4818,0.0524
4819,0.0588
4820,0.0708
4821,0.0862
4822,0.1027
4823,0.1163
4824,0.1267
4825,0.1305
4826,0.1308
4827,0.1246
4828,0.0954
4829,0.0918
4830,0.1354
4831,0.1792
4832,0.22
4833,0.2425
4834,0.2485
4835,0.2398
4836,0.2252
4837,0.2071
4838,0.1872
4839,0.1675
4840,0.146
4841,0.1171
4842,0.0963
4843,0.0916
4844,0.077
4845,0.0594
4846,0.0457
4847,0.0336
4848,0.0252
4849,0.0213
4850,0.0233
4851,0.0287
4852,0.0323
4853,0.0206
4854,0.0208
4855,0.0402
4856,0.0594
4857,0.0731
4858,0.0834
4859,0.0924
4860,0.0982
4861,0.0989
4862,0.0955
4863,0.091
4864,0.0831
4865,0.0668
4866,0.0562
4867,0.0529
4868,0.049
4869,0.0491
4870,0.0523
4871,0.0557
4872,0.0569
4873,0.0551
4874,0.0533
4875,0.049
4876,0.0318
4877,0.0183
4878,0.0184
4879,0.0211
4880,0.0234
4881,0.0249
4882,0.0253
4883,0.025
4884,0.0237
4885,0.0218
4886,0.0196
4887,0.018
4888,0.0169
4889,0.0186
4890,0.0382
4891,0.0743
4892,0.1066
4893,0.1255
4894,0.1316
4895,0.1287
4896,0.1217
4897,0.116
4898,0.1121
4899,0.1041
4900,0.0766
4901,0.0337
4902,0.0158
4903,0.0215
4904,0.0231
4905,0.0186
4906,0.0155
4907,0.015
4908,0.0157
4909,0.0161
4910,0.0176
4911,0.0229
4912,0.0304
4913,0.0469
4914,0.0994
4915,0.1637
4916,0.1938
4917,0.1967
4918,0.1818
4919,0.1578
4920,0.1332
4921,0.1125
4922,0.0982
4923,0.0828
4924,0.0531
4925,0.0254
4926,0.0137
4927,0.0117
4928,0.0126
4929,0.0137
4930,0.0165
4931,0.0202
4932,0.0264
4933,0.0364
4934,0.0523
4935,0.0761
4936,0.1096
4937,0.1573
4938,0.2285
4939,0.2818
4940,0.276
4941,0.2489
4942,0.2204
4943,0.1963
4944,0.1785
4945,0.1683
4946,0.1642
4947,0.1533
4948,0.1141
4949,0.0842
4950,0.1032
4951,0.1483
4952,0.1772
4953,0.1862
4954,0.1852
4955,0.1842
4956,0.1917
4957,0.2084
4958,0.2284
4959,0.2424
4960,0.2496
4961,0.2618
4962,0.2942
4963,0.3293
4964,0.3308
4965,0.3155
4966,0.2873
4967,0.2535
4968,0.2245
4969,0.2048
4970,0.1906
4971,0.1776
4972,0.1313
4973,0.1465
4974,0.1887
4975,0.2298
4976,0.2743
4977,0.3019
4978,0.3079
4979,0.301
4980,0.2929
4981,0.2885
4982,0.2852
4983,0.2817
4984,0.2732
4985,0.2547
4986,0.2646
4987,0.2879
4988,0.273
4989,0.2425
4990,0.2195
4991,0.2004
4992,0.1817
4993,0.1677
4994,0.1577
4995,0.1406
4996,0.1015
4997,0.0858
4998,0.0942
4999,0.0967
5000,0.0952
5001,0.0896
5002,0.0814
5003,0.0743
5004,0.0696
5005,0.0669
5006,0.0655
5007,0.0635
5008,0.0591
5009,0.0573
5010,0.0656
5011,0.0773
5012,0.0838
5013,0.0856
5014,0.0821
5015,0.0769
5016,0.072
5017,0.0693
5018,0.0673
5019,0.0635
5020,0.0529
5021,0.0544
5022,0.054
5023,0.0456
5024,0.037
5025,0.0298
5026,0.0265
5027,0.0281
5028,0.0315
5029,0.0334
5030,0.0342
5031,0.036
5032,0.0385
5033,0.0391
5034,0.0442
5035,0.0553
5036,0.0594
5037,0.058
5038,0.0589
5039,0.0592
5040,0.0585
5041,0.0568
5042,0.0554
5043,0.0517
5044,0.0393
5045,0.0306
5046,0.0278
5047,0.0311
5048,0.0332
5049,0.035
5050,0.0359
5051,0.0367
5052,0.0375
5053,0.0393
5054,0.0414
5055,0.0445
5056,0.0475
5057,0.0501
5058,0.0634
5059,0.0832
5060,0.0874
5061,0.0817
5062,0.0763
5063,0.0727
5064,0.0708
5065,0.0744
5066,0.0795
5067,0.0799
5068,0.0646
5069,0.0441
5070,0.0487
5071,0.0523
5072,0.0561
5073,0.0601
5074,0.0622
5075,0.0641
5076,0.0669
5077,0.068
5078,0.0655
5079,0.0591
5080,0.0504
5081,0.0389
5082,0.0335
5083,0.0354
5084,0.0367
5085,0.0385
5086,0.0419
5087,0.0456
5088,0.0486
5089,0.0497
5090,0.0501
5091,0.0494
5092,0.0387
5093,0.0189
5094,0.0276
5095,0.0387
5096,0.0419
5097,0.0395
5098,0.0339
5099,0.0262
5100,0.019
5101,0.0156
5102,0.0143
5103,0.0136
5104,0.0124
5105,0.0109
5106,0.0152
5107,0.0233
5108,0.0262
5109,0.0241
5110,0.021
5111,0.0185
5112,0.0163
5113,0.0144
5114,0.0127
5115,0.0111
5116,0.0084
5117,0.0027
5118,0.0026
5119,0.0038
5120,0.0052
5121,0.0066
5122,0.0085
5123,0.0114
5124,0.0141
5125,0.0158
5126,0.0179
5127,0.0227
5128,0.0297
5129,0.0347
5130,0.0401
5131,0.0459
5132,0.0438
5133,0.0376
5134,0.033
5135,0.033
5136,0.0379
5137,0.0445
5138,0.0498
5139,0.048
5140,0.0365
5141,0.0221
5142,0.0232
5143,0.0198
5144,0.0172
5145,0.0176
5146,0.0202
5147,0.024
5148,0.0286
5149,0.0335
5150,0.0379
5151,0.0432
5152,0.049
5153,0.0497
5154,0.0549
5155,0.0632
5156,0.0627
5157,0.0553
5158,0.045
5159,0.0364
5160,0.0316
5161,0.0306
5162,0.0331
5163,0.035
5164,0.0275
5165,0.0159
5166,0.0177
5167,0.0192
5168,0.0216
5169,0.0247
5170,0.028
5171,0.0305
5172,0.0311
5173,0.0302
5174,0.0276
5175,0.0241
5176,0.0199
5177,0.0149
5178,0.017
5179,0.0255
5180,0.034
5181,0.0385
5182,0.0425
5183,0.0492
5184,0.059
5185,0.0694
5186,0.0738
5187,0.0677
5188,0.0528
5189,0.0266
5190,0.0159
5191,0.0209
5192,0.0296
5193,0.0355
5194,0.0424
5195,0.0518
5196,0.0625
5197,0.0701
5198,0.0727
5199,0.0714
5200,0.0662
5201,0.0532
5202,0.0492
5203,0.0516
5204,0.0583
5205,0.0747
5206,0.0942
5207,0.1051
5208,0.1076
5209,0.1088
5210,0.1067
5211,0.0931
5212,0.0671
5213,0.0365
5214,0.0403
5215,0.0673
5216,0.1009
5217,0.1345
5218,0.1618
5219,0.1802
5220,0.1848
5221,0.1742
5222,0.1468
5223,0.1083
5224,0.0697
5225,0.0408
5226,0.029
5227,0.0222
5228,0.019
5229,0.0202
5230,0.0244
5231,0.032
5232,0.0417
5233,0.0513
5234,0.0595
5235,0.0659
5236,0.0652
5237,0.0484
5238,0.0473
5239,0.0673
5240,0.0886
5241,0.107
5242,0.1219
5243,0.1315
5244,0.1358
5245,0.1328
5246,0.1247
5247,0.1089
5248,0.0939
5249,0.0862
5250,0.095
5251,0.1148
5252,0.1252
5253,0.1295
5254,0.1319
5255,0.1386
5256,0.1464
5257,0.153
5258,0.1584
5259,0.1618
5260,0.1389
5261,0.0913
5262,0.1272
5263,0.1928
5264,0.245
5265,0.2864
5266,0.3196
5267,0.3421
5268,0.3514
5269,0.349
5270,0.3342
5271,0.3034
5272,0.2495
5273,0.178
5274,0.1393
5275,0.1185
5276,0.0986
5277,0.085
5278,0.075
5279,0.0661
5280,0.0582
5281,0.0545
5282,0.0576
5283,0.0596
5284,0.0558
5285,0.038
5286,0.0282
5287,0.0301
5288,0.0528
5289,0.0671
5290,0.0733
5291,0.0807
5292,0.0897
5293,0.0908
5294,0.0796
5295,0.0692
5296,0.0711
5297,0.0959
5298,0.1376
5299,0.1828
5300,0.2035
5301,0.1948
5302,0.1947
5303,0.1881
5304,0.188
5305,0.2026
5306,0.2288
5307,0.2379
5308,0.2199
5309,0.1864
5310,0.3044
5311,0.4375
5312,0.4978
5313,0.5244
5314,0.5461
5315,0.5657
5316,0.5792
5317,0.5844
5318,0.5764
5319,0.5602
5320,0.5169
5321,0.435
5322,0.3902
5323,0.3844
5324,0.3831
5325,0.3821
5326,0.3779
5327,0.3651
5328,0.3429
5329,0.3194
5330,0.2857
5331,0.2551
5332,0.2202
5333,0.1626
5334,0.2136
5335,0.2588
5336,0.2779
5337,0.2902
5338,0.2805
5339,0.2569
5340,0.2242
5341,0.1949
5342,0.1668
5343,0.1359
5344,0.1022
5345,0.0855
5346,0.0919
5347,0.1016
5348,0.1031
5349,0.1015
5350,0.1027
5351,0.1082
5352,0.1174
5353,0.1283
5354,0.1333
5355,0.1359
5356,0.1249
5357,0.0854
5358,0.1234
5359,0.1533
5360,0.1645
5361,0.1573
5362,0.1432
5363,0.1289
5364,0.113
5365,0.0955
5366,0.0808
5367,0.074
5368,0.0633
5369,0.0469
5370,0.0456
5371,0.0501
5372,0.0553
5373,0.0651
5374,0.0751
5375,0.0857
5376,0.0923
5377,0.0995
5378,0.1071
5379,0.1101
5380,0.102
5381,0.1027
5382,0.138
5383,0.166
5384,0.1966
5385,0.2223
5386,0.242
5387,0.2584
5388,0.2692
5389,0.2702
5390,0.2534
5391,0.2225
5392,0.1837
5393,0.127
5394,0.0994
5395,0.0982
5396,0.0937
5397,0.0887
5398,0.0852
5399,0.0864
5400,0.0889
5401,0.0921
5402,0.0973
5403,0.0997
5404,0.0863
5405,0.0544
5406,0.0639
5407,0.08
5408,0.0902
5409,0.0964
5410,0.1004
5411,0.1035
5412,0.1029
5413,0.0965
5414,0.0845
5415,0.0688
5416,0.0489
5417,0.0282
5418,0.0186
5419,0.0219
5420,0.0406
5421,0.0721
5422,0.1148
5423,0.1632
5424,0.2009
5425,0.2237
5426,0.2352
5427,0.2372
5428,0.2189
5429,0.1749
5430,0.1602
5431,0.2204
5432,0.2651
5433,0.2822
5434,0.2905
5435,0.3014
5436,0.3101
5437,0.3062
5438,0.2879
5439,0.2569
5440,0.2102
5441,0.1703
5442,0.1776
5443,0.1976
5444,0.2005
5445,0.1949
5446,0.1852
5447,0.1774
5448,0.1711
5449,0.1684
5450,0.1658
5451,0.1596
5452,0.1415
5453,0.098
5454,0.1128
5455,0.124
5456,0.1186
5457,0.1092
5458,0.1026
5459,0.1001
5460,0.0943
5461,0.0832
5462,0.0691
5463,0.0569
5464,0.0444
5465,0.0314
5466,0.0303
5467,0.0416
5468,0.0715
5469,0.1169
5470,0.1615
5471,0.1984
5472,0.2237
5473,0.2325
5474,0.2262
5475,0.2211
5476,0.2065
5477,0.1725
5478,0.156
5479,0.1991
5480,0.2743
5481,0.3142
5482,0.3402
5483,0.3505
5484,0.3448
5485,0.3329
5486,0.3116
5487,0.2763
5488,0.2097
5489,0.1535
5490,0.1511
5491,0.1592
5492,0.159
5493,0.149
5494,0.1346
5495,0.123
5496,0.114
5497,0.1002
5498,0.0876
5499,0.0837
5500,0.0819
5501,0.0652
5502,0.0579
5503,0.0902
5504,0.1413
5505,0.1832
5506,0.2165
5507,0.2458
5508,0.2731
5509,0.2981
5510,0.3146
5511,0.3142
5512,0.2622
5513,0.1923
5514,0.1691
5515,0.1577
5516,0.1397
5517,0.1239
5518,0.1065
5519,0.0959
5520,0.1012
5521,0.1189
5522,0.1233
5523,0.1187
5524,0.1252
5525,0.1056
5526,0.1149
5527,0.1673
5528,0.2157
5529,0.2452
5530,0.2534
5531,0.2528
5532,0.2446
5533,0.2284
5534,0.2038
5535,0.1729
5536,0.1323
5537,0.0939
5538,0.0827
5539,0.0769
5540,0.0716
5541,0.0689
5542,0.0688
5543,0.0713
5544,0.0743
5545,0.0763
5546,0.0782
5547,0.0818
5548,0.0824
5549,0.0507
5550,0.0399
5551,0.0645
5552,0.0692
5553,0.0682
5554,0.0663
5555,0.0607
5556,0.0528
5557,0.0481
5558,0.0458
5559,0.0439
5560,0.0421
5561,0.0446
5562,0.0526
5563,0.0564
5564,0.057
5565,0.0561
5566,0.0578
5567,0.0613
5568,0.0667
5569,0.0729
5570,0.0753
5571,0.0737
5572,0.0662
5573,0.0362
5574,0.0259
5575,0.0338
5576,0.0355
5577,0.0367
5578,0.0365
5579,0.0336
5580,0.0278
5581,0.0206
5582,0.0138
5583,0.0088
5584,0.0062
5585,0.009
5586,0.0182
5587,0.0268
5588,0.0313
5589,0.0344
5590,0.04
5591,0.0496
5592,0.0622
5593,0.0727
5594,0.0798
5595,0.0819
5596,0.0809
5597,0.0555
5598,0.0237
5599,0.0373
5600,0.0568
5601,0.0651
5602,0.0659
5603,0.0625
5604,0.0583
5605,0.053
5606,0.0453
5607,0.0356
5608,0.0258
5609,0.0263
5610,0.0367
5611,0.0467
5612,0.0549
5613,0.0622
5614,0.0654
5615,0.0625
5616,0.0569
5617,0.051
5618,0.0461
5619,0.0418
5620,0.0381
5621,0.0264
5622,0.0141
5623,0.0161
5624,0.0207
5625,0.0208
5626,0.0192
5627,0.0165
5628,0.0139
5629,0.012
5630,0.0113
5631,0.0124
5632,0.0169
5633,0.0359
5634,0.079
5635,0.1196
5636,0.1381
5637,0.1336
5638,0.1194
5639,0.1042
5640,0.0912
5641,0.0813
5642,0.0741
5643,0.0692
5644,0.0648
5645,0.041
5646,0.0152
5647,0.0294
5648,0.0468
5649,0.0512
5650,0.0529
5651,0.056
5652,0.0608
5653,0.0672
5654,0.0755
5655,0.0862
5656,0.0939
5657,0.126
5658,0.1833
5659,0.2087
5660,0.2037
5661,0.189
5662,0.1722
5663,0.1584
5664,0.1501
5665,0.1412
5666,0.1336
5667,0.121
5668,0.1047
5669,0.061
5670,0.0357
5671,0.0438
5672,0.0625
5673,0.0638
5674,0.0507
5675,0.0377
5676,0.0287
5677,0.0237
5678,0.022
5679,0.0259
5680,0.0384
5681,0.0792
5682,0.1427
5683,0.1777
5684,0.1762
5685,0.1526
5686,0.1254
5687,0.099
5688,0.0768
5689,0.0596
5690,0.0471
5691,0.0381
5692,0.0324
5693,0.0167
5694,0.005
5695,0.0092
5696,0.0275
5697,0.0312
5698,0.0257
5699,0.0195
5700,0.0163
5701,0.0169
5702,0.0217
5703,0.0309
5704,0.043
5705,0.0737
5706,0.1144
5707,0.1291
5708,0.1226
5709,0.1154
5710,0.1071
5711,0.0944
5712,0.0816
5713,0.0709
5714,0.0632
5715,0.0546
5716,0.0481
5717,0.0278
5718,0.0095
5719,0.0121
5720,0.0328
5721,0.0457
5722,0.0466
5723,0.0422
5724,0.037
5725,0.0333
5726,0.0328
5727,0.0361
5728,0.0444
5729,0.0688
5730,0.0961
5731,0.1104
5732,0.1119
5733,0.1085
5734,0.1058
5735,0.1025
5736,0.0989
5737,0.098
5738,0.0989
5739,0.099
5740,0.0953
5741,0.0618
5742,0.0241
5743,0.0139
5744,0.0194
5745,0.0261
5746,0.0317
5747,0.0365
5748,0.0397
5749,0.0401
5750,0.0382
5751,0.0363
5752,0.0322
5753,0.0332
5754,0.0383
5755,0.0421
5756,0.0452
5757,0.0459
5758,0.0467
5759,0.0472
5760,0.0447
5761,0.0402
5762,0.0356
5763,0.038
5764,0.0392
5765,0.0258
5766,0.017
5767,0.0274
5768,0.0449
5769,0.0598
5770,0.0701
5771,0.0764
5772,0.0812
5773,0.083
5774,0.077
5775,0.0639
5776,0.0515
5777,0.0478
5778,0.0537
5779,0.0515
5780,0.0456
5781,0.0404
5782,0.0359
5783,0.0309
5784,0.0259
5785,0.0217
5786,0.0189
5787,0.0165
5788,0.0133
5789,0.0078
5790,0.0063
5791,0.0086
5792,0.0125
5793,0.0158
5794,0.0177
5795,0.0184
5796,0.0173
5797,0.0147
5798,0.0115
5799,0.0083
5800,0.0053
5801,0.0078
5802,0.0232
5803,0.0373
5804,0.0441
5805,0.042
5806,0.0381
5807,0.0375
5808,0.0408
5809,0.0466
5810,0.0528
5811,0.0568
5812,0.0608
5813,0.0496
5814,0.0181
5815,0.0173
5816,0.04
5817,0.0545
5818,0.0676
5819,0.0798
5820,0.0888
5821,0.0918
5822,0.0883
5823,0.0808
5824,0.0745
5825,0.0951
5826,0.1402
5827,0.1828
5828,0.2157
5829,0.2325
5830,0.2251
5831,0.2065
5832,0.1851
5833,0.1686
5834,0.1648
5835,0.1584
5836,0.1512
5837,0.1091
5838,0.1044
5839,0.1094
5840,0.1077
5841,0.1096
5842,0.1133
5843,0.1198
5844,0.133
5845,0.1499
5846,0.1623
5847,0.1661
5848,0.1575
5849,0.14
5850,0.1348
5851,0.1341
5852,0.1275
5853,0.115
5854,0.1073
5855,0.1043
5856,0.1066
5857,0.1107
5858,0.1151
5859,0.1173
5860,0.1146
5861,0.0866
5862,0.0898
5863,0.1172
5864,0.1193
5865,0.1156
5866,0.1139
5867,0.114
5868,0.1142
5869,0.1136
5870,0.1084
5871,0.0993
5872,0.0828
5873,0.0698
5874,0.0697
5875,0.0638
5876,0.0605
5877,0.0617
5878,0.0684
5879,0.0863
5880,0.1128
5881,0.1422
5882,0.1672
5883,0.1862
5884,0.2036
5885,0.1746
5886,0.1412
5887,0.2118
5888,0.2705
5889,0.2967
5890,0.3047
5891,0.3032
5892,0.2948
5893,0.2772
5894,0.248
5895,0.2122
5896,0.1559
5897,0.1105
5898,0.1064
5899,0.0971
5900,0.0894
5901,0.0849
5902,0.0834
5903,0.0827
5904,0.0834
5905,0.0859
5906,0.0909
5907,0.0939
5908,0.0984
5909,0.0812
5910,0.0567
5911,0.0996
5912,0.1536
5913,0.1874
5914,0.2089
5915,0.2287
5916,0.2486
5917,0.2651
5918,0.2672
5919,0.2488
5920,0.2052
5921,0.1826
5922,0.1847
5923,0.1752
5924,0.1632
5925,0.1617
5926,0.1632
5927,0.1668
5928,0.1711
5929,0.1714
5930,0.178
5931,0.1815
5932,0.1924
5933,0.1818
5934,0.1866
5935,0.2867
5936,0.3622
5937,0.4032
5938,0.4315
5939,0.4576
5940,0.4785
5941,0.4878
5942,0.4786
5943,0.4553
5944,0.4084
5945,0.3275
5946,0.2771
5947,0.2378
5948,0.1991
5949,0.1726
5950,0.1554
5951,0.1451
5952,0.1396
5953,0.1384
5954,0.1377
5955,0.1357
5956,0.1299
5957,0.1069
5958,0.0914
5959,0.1271
5960,0.1388
5961,0.1507
5962,0.1586
5963,0.1615
5964,0.1619
5965,0.1578
5966,0.1456
5967,0.1314
5968,0.1162
5969,0.1189
5970,0.1324
5971,0.1405
5972,0.1515
5973,0.1578
5974,0.1572
5975,0.14
5976,0.1218
5977,0.1016
5978,0.0848
5979,0.0728
5980,0.0613
5981,0.047
5982,0.0233
5983,0.018
5984,0.0197
5985,0.0214
5986,0.0213
5987,0.0205
5988,0.0195
5989,0.0174
5990,0.0141
5991,0.0107
5992,0.0083
5993,0.0092
5994,0.0121
5995,0.0138
5996,0.0144
5997,0.0145
5998,0.0157
5999,0.0172
6000,0.0192
6001,0.0208
6002,0.021
6003,0.0176
6004,0.0138
6005,0.0101
6006,0.0058
6007,0.0056
6008,0.0063
6009,0.0057
6010,0.0043
6011,0.0032
6012,0.0028
6013,0.0029
6014,0.0036
6015,0.005
6016,0.0075
6017,0.0161
6018,0.0289
6019,0.0388
6020,0.0428
6021,0.0403
6022,0.0345
6023,0.0291
6024,0.0263
6025,0.0281
6026,0.0322
6027,0.0389
6028,0.0489
6029,0.0534
6030,0.044
6031,0.0441
6032,0.0525
6033,0.0635
6034,0.0695
6035,0.0726
6036,0.0773
6037,0.0846
6038,0.0906
6039,0.0951
6040,0.1008
6041,0.114
6042,0.1273
6043,0.1381
6044,0.1424
6045,0.147
6046,0.1535
6047,0.1633
6048,0.1757
6049,0.1856
6050,0.1919
6051,0.1967
6052,0.2001
6053,0.1965
6054,0.1788
6055,0.2233
6056,0.2908
6057,0.3088
6058,0.3121
6059,0.3053
6060,0.289
6061,0.2675
6062,0.2394
6063,0.2048
6064,0.1538
6065,0.1286
6066,0.1238
6067,0.1166
6068,0.1072
6069,0.0936
6070,0.0823
6071,0.0754
6072,0.0782
6073,0.0902
6074,0.1081
6075,0.1212
6076,0.1275
6077,0.1199
6078,0.0735
6079,0.0795
6080,0.1522
6081,0.1971
6082,0.2409
6083,0.2776
6084,0.3001
6085,0.3127
6086,0.309
6087,0.2885
6088,0.2586
6089,0.2585
6090,0.2732
6091,0.2834
6092,0.2843
6093,0.2716
6094,0.2527
6095,0.2373
6096,0.2105
6097,0.1832
6098,0.1667
6099,0.158
6100,0.1542
6101,0.1409
6102,0.0959
6103,0.094
6104,0.1235
6105,0.1479
6106,0.1709
6107,0.1915
6108,0.2052
6109,0.2086
6110,0.1989
6111,0.1754
6112,0.1321
6113,0.1223
6114,0.1326
6115,0.1466
6116,0.1665
6117,0.1893
6118,0.2095
6119,0.2309
6120,0.2443
6121,0.2613
6122,0.2737
6123,0.2671
6124,0.2636
6125,0.2406
6126,0.2026
6127,0.2403
6128,0.2674
6129,0.2758
6130,0.2754
6131,0.2621
6132,0.241
6133,0.2156
6134,0.1942
6135,0.1769
6136,0.1485
6137,0.1419
6138,0.1485
6139,0.1375
6140,0.1229
6141,0.1138
6142,0.1049
6143,0.0937
6144,0.0803
6145,0.0683
6146,0.0579
6147,0.0504
6148,0.0438
6149,0.0349
6150,0.0173
6151,0.0159
6152,0.0112
6153,0.0084
6154,0.0087
6155,0.0095
6156,0.0106
6157,0.012
6158,0.0125
6159,0.0123
6160,0.0111
6161,0.0147
6162,0.0225
6163,0.031
6164,0.045
6165,0.0699
6166,0.1073
6167,0.151
6168,0.191
6169,0.2203
6170,0.235
6171,0.2416
6172,0.2452
6173,0.2267
6174,0.1633
6175,0.1568
6176,0.2899
6177,0.3578
6178,0.3737
6179,0.3882
6180,0.3985
6181,0.3965
6182,0.369
6183,0.3245
6184,0.2753
6185,0.2476
6186,0.2264
6187,0.2063
6188,0.1845
6189,0.1722
6190,0.1563
6191,0.141
6192,0.1307
6193,0.1179
6194,0.1058
6195,0.0895
6196,0.0771
6197,0.0657
6198,0.0572
6199,0.0713
6200,0.0872
6201,0.099
6202,0.1126
6203,0.1292
6204,0.1436
6205,0.1477
6206,0.1386
6207,0.1204
6208,0.0916
6209,0.0872
6210,0.0982
6211,0.1065
6212,0.1171
6213,0.1312
6214,0.1464
6215,0.156
6216,0.1647
6217,0.1727
6218,0.1796
6219,0.1842
6220,0.204
6221,0.2186
6222,0.2177
6223,0.3024
6224,0.4307
6225,0.5275
6226,0.5971
6227,0.643
6228,0.6795
6229,0.7047
6230,0.7124
6231,0.6986
6232,0.6548
6233,0.6001
6234,0.5584
6235,0.5255
6236,0.4865
6237,0.4497
6238,0.4177
6239,0.3739
6240,0.3292
6241,0.2983
6242,0.2761
6243,0.2441
6244,0.2206
6245,0.2016
6246,0.1738
6247,0.2326
6248,0.2793
6249,0.2879
6250,0.2922
6251,0.3027
6252,0.317
6253,0.3305
6254,0.3361
6255,0.3354
6256,0.295
6257,0.2624
6258,0.2556
6259,0.2416
6260,0.2267
6261,0.2085
6262,0.1911
6263,0.178
6264,0.1668
6265,0.1558
6266,0.1412
6267,0.1266
6268,0.1186
6269,0.1043
6270,0.067
6271,0.0818
6272,0.0999
6273,0.089
6274,0.0777
6275,0.0742
6276,0.0761
6277,0.0795
6278,0.0828
6279,0.089
6280,0.0868
6281,0.1009
6282,0.1117
6283,0.1086
6284,0.0983
6285,0.0857
6286,0.075
6287,0.0682
6288,0.0653
6289,0.0642
6290,0.063
6291,0.0601
6292,0.057
6293,0.0518
6294,0.0319
6295,0.0274
6296,0.0412
6297,0.0453
6298,0.0482
6299,0.0519
6300,0.0559
6301,0.0583
6302,0.0567
6303,0.0505
6304,0.0448
6305,0.0557
6306,0.0667
6307,0.0743
6308,0.079
6309,0.0849
6310,0.0923
6311,0.1019
6312,0.1103
6313,0.1139
6314,0.1137
6315,0.1101
6316,0.107
6317,0.0997
6318,0.0538
6319,0.0272
6320,0.0446
6321,0.043
6322,0.0364
6323,0.0326
6324,0.0306
6325,0.0309
6326,0.0349
6327,0.0423
6328,0.0617
6329,0.1133
6330,0.1607
6331,0.1854
6332,0.1976
6333,0.2015
6334,0.198
6335,0.189
6336,0.1785
6337,0.1684
6338,0.1607
6339,0.1564
6340,0.1558
6341,0.153
6342,0.0856
6343,0.0365
6344,0.0388
6345,0.0601
6346,0.0698
6347,0.0735
6348,0.076
6349,0.0782
6350,0.0778
6351,0.0737
6352,0.1106
6353,0.1865
6354,0.2398
6355,0.2445
6356,0.225
6357,0.2009
6358,0.1753
6359,0.1514
6360,0.1373
6361,0.1306
6362,0.1295
6363,0.1271
6364,0.1232
6365,0.117
6366,0.0783
6367,0.0594
6368,0.0749
6369,0.0925
6370,0.0802
6371,0.064
6372,0.0542
6373,0.0485
6374,0.0431
6375,0.0354
6376,0.0359
6377,0.0467
6378,0.0526
6379,0.0528
6380,0.0506
6381,0.0494
6382,0.0487
6383,0.0476
6384,0.0471
6385,0.0459
6386,0.0444
6387,0.043
6388,0.0438
6389,0.0439
6390,0.031
6391,0.0149
6392,0.0205
6393,0.0327
6394,0.0385
6395,0.0437
6396,0.0478
6397,0.0492
6398,0.0499
6399,0.0481
6400,0.051
6401,0.0768
6402,0.1035
6403,0.1148
6404,0.112
6405,0.1029
6406,0.0938
6407,0.0901
6408,0.087
6409,0.082
6410,0.0758
6411,0.0712
6412,0.0691
6413,0.0683
6414,0.056
6415,0.0495
6416,0.07
6417,0.0893
6418,0.0995
6419,0.1033
6420,0.1021
6421,0.0951
6422,0.0842
6423,0.0645
6424,0.0466
6425,0.0502
6426,0.0654
6427,0.0798
6428,0.0912
6429,0.1017
6430,0.1091
6431,0.1138
6432,0.1167
6433,0.1156
6434,0.1124
6435,0.1125
6436,0.1147
6437,0.1138
6438,0.0812
6439,0.0603
6440,0.0803
6441,0.1134
6442,0.1339
6443,0.1449
6444,0.1508
6445,0.1484
6446,0.1299
6447,0.1071
6448,0.1222
6449,0.1654
6450,0.1908
6451,0.2073
6452,0.2195
6453,0.2165
6454,0.2116
6455,0.2112
6456,0.2018
6457,0.193
6458,0.1852
6459,0.1787
6460,0.1756
6461,0.1731
6462,0.1546
6463,0.1369
6464,0.1523
6465,0.1846
6466,0.2018
6467,0.2073
6468,0.2148
6469,0.2175
6470,0.2023
6471,0.1624
6472,0.1329
6473,0.1581
6474,0.1956
6475,0.2259
6476,0.2487
6477,0.2816
6478,0.2887
6479,0.2949
6480,0.299
6481,0.2994
6482,0.2998
6483,0.2985
6484,0.3022
6485,0.3027
6486,0.2687
6487,0.289
6488,0.4258
6489,0.4856
6490,0.5079
6491,0.5197
6492,0.5304
6493,0.5328
6494,0.5014
6495,0.4163
6496,0.382
6497,0.4371
6498,0.4724
6499,0.4773
6500,0.4558
6501,0.4336
6502,0.4345
6503,0.4123
6504,0.3886
6505,0.3632
6506,0.3427
6507,0.3186
6508,0.2982
6509,0.2958
6510,0.2793
6511,0.2868
6512,0.3789
6513,0.4528
6514,0.4929
6515,0.5114
6516,0.5306
6517,0.5282
6518,0.5132
6519,0.5342
6520,0.5686
6521,0.5946
6522,0.6104
6523,0.5977
6524,0.5888
6525,0.5577
6526,0.5596
6527,0.5743
6528,0.5939
6529,0.6083
6530,0.637
6531,0.6841
6532,0.7405
6533,0.774
6534,0.7783
6535,0.7868
6536,0.805
6537,0.8222
6538,0.8095
6539,0.7866
6540,0.7622
6541,0.7265
6542,0.6723
6543,0.5659
6544,0.4365
6545,0.3652
6546,0.2971
6547,0.2516
6548,0.2256
6549,0.2097
6550,0.1954
6551,0.1867
6552,0.1796
6553,0.1795
6554,0.1869
6555,0.1935
6556,0.206
6557,0.2322
6558,0.2512
6559,0.2621
6560,0.3092
6561,0.364
6562,0.405
6563,0.4232
6564,0.4097
6565,0.3788
6566,0.3254
6567,0.275
6568,0.271
6569,0.2583
6570,0.2197
6571,0.1913
6572,0.1678
6573,0.1529
6574,0.1435
6575,0.1334
6576,0.1246
6577,0.1214
6578,0.1316
6579,0.1473
6580,0.1521
6581,0.1526
6582,0.1493
6583,0.1451
6584,0.1688
6585,0.2021
6586,0.2202
6587,0.2424
6588,0.2652
6589,0.2842
6590,0.285
6591,0.2587
6592,0.2314
6593,0.2442
6594,0.2553
6595,0.2647
6596,0.2886
6597,0.3134
6598,0.3146
6599,0.3104
6600,0.2973
6601,0.2881
6602,0.2803
6603,0.2561
6604,0.2303
6605,0.2062
6606,0.1782
6607,0.17
6608,0.1878
6609,0.1825
6610,0.169
6611,0.1526
6612,0.1305
6613,0.1051
6614,0.0793
6615,0.05
6616,0.0341
6617,0.0326
6618,0.0281
6619,0.0234
6620,0.0226
6621,0.0268
6622,0.0332
6623,0.0409
6624,0.0481
6625,0.0524
6626,0.0546
6627,0.0571
6628,0.064
6629,0.076
6630,0.0818
6631,0.0776
6632,0.0865
6633,0.118
6634,0.1436
6635,0.1573
6636,0.1603
6637,0.1508
6638,0.1343
6639,0.1312
6640,0.1537
6641,0.1862
6642,0.2008
6643,0.2068
6644,0.203
6645,0.2032
6646,0.2053
6647,0.2139
6648,0.2221
6649,0.2288
6650,0.2346
6651,0.2383
6652,0.2346
6653,0.2214
6654,0.2023
6655,0.2036
6656,0.22
6657,0.2131
6658,0.1887
6659,0.1653
6660,0.1467
6661,0.1318
6662,0.1177
6663,0.0971
6664,0.0971
6665,0.1273
6666,0.1385
6667,0.1339
6668,0.1246
6669,0.1157
6670,0.106
6671,0.095
6672,0.0836
6673,0.0738
6674,0.0664
6675,0.0604
6676,0.058
6677,0.0584
6678,0.0646
6679,0.0737
6680,0.105
6681,0.1429
6682,0.1735
6683,0.189
6684,0.194
6685,0.1951
6686,0.1877
6687,0.1791
6688,0.1955
6689,0.2229
6690,0.222
6691,0.2147
6692,0.2006
6693,0.1816
6694,0.1603
6695,0.1395
6696,0.1184
6697,0.1013
6698,0.0894
6699,0.0782
6700,0.0646
6701,0.0492
6702,0.0319
6703,0.0175
6704,0.0197
6705,0.0243
6706,0.0223
6707,0.0179
6708,0.0158
6709,0.0167
6710,0.0183
6711,0.0216
6712,0.0354
6713,0.0605
6714,0.0921
6715,0.1206
6716,0.1461
6717,0.1721
6718,0.1911
6719,0.2064
6720,0.2152
6721,0.227
6722,0.2477
6723,0.2731
6724,0.294
6725,0.3062
6726,0.3017
6727,0.2975
6728,0.305
6729,0.3584
6730,0.3981
6731,0.3893
6732,0.3663
6733,0.338
6734,0.287
6735,0.2221
6736,0.2244
6737,0.2507
6738,0.2552
6739,0.2582
6740,0.2662
6741,0.2737
6742,0.2841
6743,0.2909
6744,0.2906
6745,0.298
6746,0.3058
6747,0.3161
6748,0.3046
6749,0.2923
6750,0.2627
6751,0.225
6752,0.2552
6753,0.2974
6754,0.3115
6755,0.3197
6756,0.3227
6757,0.3038
6758,0.2795
6759,0.2682
6760,0.2877
6761,0.3084
6762,0.3027
6763,0.3002
6764,0.3081
6765,0.3116
6766,0.3112
6767,0.3091
6768,0.3127
6769,0.3121
6770,0.3046
6771,0.301
6772,0.2999
6773,0.3046
6774,0.2901
6775,0.2752
6776,0.3541
6777,0.4047
6778,0.4408
6779,0.4681
6780,0.4868
6781,0.4858
6782,0.4561
6783,0.3902
6784,0.3693
6785,0.3882
6786,0.378
6787,0.3664
6788,0.355
6789,0.3396
6790,0.3399
6791,0.3474
6792,0.3547
6793,0.3721
6794,0.3956
6795,0.4252
6796,0.453
6797,0.4854
6798,0.4896
6799,0.4781
6800,0.5075
6801,0.5448
6802,0.5609
6803,0.572
6804,0.584
6805,0.5938
6806,0.5968
6807,0.6021
6808,0.621
6809,0.6352
6810,0.6419
6811,0.6417
6812,0.6422
6813,0.6336
6814,0.6175
6815,0.586
6816,0.5435
6817,0.5052
6818,0.4595
6819,0.4307
6820,0.3961
6821,0.3786
6822,0.3411
6823,0.2784
6824,0.3425
6825,0.4302
6826,0.4529
6827,0.4479
6828,0.4227
6829,0.3713
6830,0.2959
6831,0.2293
6832,0.2088
6833,0.1948
6834,0.1765
6835,0.1624
6836,0.1564
6837,0.1543
6838,0.1535
6839,0.153
6840,0.151
6841,0.1526
6842,0.1473
6843,0.1484
6844,0.1509
6845,0.163
6846,0.1653
6847,0.1176
6848,0.1074
6849,0.1551
6850,0.1893
6851,0.2147
6852,0.2336
6853,0.2535
6854,0.282
6855,0.354
6856,0.4596
6857,0.5068
6858,0.5096
6859,0.5022
6860,0.472
6861,0.4452
6862,0.4132
6863,0.3757
6864,0.3506
6865,0.3244
6866,0.2928
6867,0.2568
6868,0.2195
6869,0.1815
6870,0.1325
6871,0.0716
6872,0.0518
6873,0.0518
6874,0.0515
6875,0.0512
6876,0.0542
6877,0.0609
6878,0.0687
6879,0.0942
6880,0.1697
6881,0.2433
6882,0.2701
6883,0.2728
6884,0.2673
6885,0.251
6886,0.2393
6887,0.2313
6888,0.2146
6889,0.2021
6890,0.2009
6891,0.1908
6892,0.1716
6893,0.1491
6894,0.1158
6895,0.0556
6896,0.0235
6897,0.0197
6898,0.0206
6899,0.0183
6900,0.0158
6901,0.015
6902,0.0176
6903,0.0288
6904,0.0511
6905,0.0649
6906,0.0701
6907,0.0726
6908,0.078
6909,0.0919
6910,0.1131
6911,0.1286
6912,0.1442
6913,0.1726
6914,0.2033
6915,0.2377
6916,0.2561
6917,0.267
6918,0.2657
6919,0.2542
6920,0.2867
6921,0.343
6922,0.3644
6923,0.3635
6924,0.3457
6925,0.3163
6926,0.2704
6927,0.227
6928,0.2382
6929,0.2675
6930,0.2796
6931,0.287
6932,0.2882
6933,0.2731
6934,0.2522
6935,0.2418
6936,0.241
6937,0.2404
6938,0.2323
6939,0.2348
6940,0.2476
6941,0.2481
6942,0.2314
6943,0.1829
6944,0.1607
6945,0.203
6946,0.2168
6947,0.196
6948,0.1699
6949,0.1415
6950,0.1027
6951,0.0761
6952,0.0841
6953,0.1005
6954,0.1178
6955,0.1363
6956,0.1518
6957,0.1601
6958,0.1688
6959,0.1737
6960,0.1728
6961,0.1695
6962,0.1686
6963,0.1745
6964,0.187
6965,0.1988
6966,0.1997
6967,0.1751
6968,0.1894
6969,0.243
6970,0.3282
6971,0.4198
6972,0.4612
6973,0.473
6974,0.4734
6975,0.4787
6976,0.4747
6977,0.4544
6978,0.4137
6979,0.3705
6980,0.3447
6981,0.3178
6982,0.2826
6983,0.2528
6984,0.2367
6985,0.2308
6986,0.2276
6987,0.2208
6988,0.2167
6989,0.211
6990,0.2148
6991,0.2083
6992,0.1959
6993,0.2035
6994,0.2411
6995,0.2805
6996,0.2877
6997,0.2548
6998,0.2007
6999,0.1874
7000,0.2087
7001,0.2164
7002,0.2113
7003,0.2027
7004,0.1896
7005,0.1725
7006,0.1585
7007,0.1509
7008,0.1329
7009,0.1154
7010,0.0997
7011,0.0866
7012,0.0746
7013,0.067
7014,0.0609
7015,0.0416
7016,0.0251
7017,0.0198
7018,0.0182
7019,0.0172
7020,0.0168
7021,0.0187
7022,0.0237
7023,0.0385
7024,0.0731
7025,0.1016
7026,0.1046
7027,0.0971
7028,0.0908
7029,0.09
7030,0.0972
7031,0.1078
7032,0.1143
7033,0.116
7034,0.1188
7035,0.1214
7036,0.1208
7037,0.1084
7038,0.1003
7039,0.0781
7040,0.0586
7041,0.0627
7042,0.0744
7043,0.0853
7044,0.0855
7045,0.0748
7046,0.0621
7047,0.0609
7048,0.0776
7049,0.094
7050,0.1039
7051,0.1106
7052,0.1115
7053,0.1122
7054,0.1141
7055,0.1135
7056,0.1104
7057,0.1049
7058,0.0953
7059,0.0916
7060,0.0994
7061,0.1031
7062,0.0992
7063,0.0708
7064,0.0492
7065,0.0565
7066,0.0728
7067,0.0767
7068,0.0716
7069,0.0596
7070,0.0477
7071,0.0414
7072,0.0448
7073,0.0474
7074,0.0494
7075,0.0495
7076,0.0487
7077,0.0467
7078,0.0451
7079,0.0438
7080,0.0422
7081,0.0406
7082,0.041
7083,0.0431
7084,0.0447
7085,0.0451
7086,0.0441
7087,0.0269
7088,0.019
7089,0.0282
7090,0.0324
7091,0.0339
7092,0.0361
7093,0.0419
7094,0.0479
7095,0.0636
7096,0.1326
7097,0.2033
7098,0.2201
7099,0.2077
7100,0.192
7101,0.1785
7102,0.1656
7103,0.1548
7104,0.1463
7105,0.14
7106,0.1384
7107,0.1431
7108,0.1402
7109,0.1311
7110,0.1229
7111,0.0845
7112,0.0594
7113,0.08
7114,0.1058
7115,0.1278
7116,0.14
7117,0.131
7118,0.0975
7119,0.0923
7120,0.1455
7121,0.2137
7122,0.2578
7123,0.2795
7124,0.2956
7125,0.3039
7126,0.3121
7127,0.3126
7128,0.3098
7129,0.2957
7130,0.2879
7131,0.2743
7132,0.2697
7133,0.2607
7134,0.2539
7135,0.1997
7136,0.1847
7137,0.2524
7138,0.3197
7139,0.3314
7140,0.3201
7141,0.2914
7142,0.2355
7143,0.1928
7144,0.2008
7145,0.2257
7146,0.2497
7147,0.2864
7148,0.3212
7149,0.3465
7150,0.3828
7151,0.4065
7152,0.4274
7153,0.4364
7154,0.4406
7155,0.4401
7156,0.4496
7157,0.4665
7158,0.4596
7159,0.4111
7160,0.3908
7161,0.5044
7162,0.5379
7163,0.5377
7164,0.5295
7165,0.5105
7166,0.484
7167,0.4925
7168,0.5228
7169,0.528
7170,0.5331
7171,0.5389
7172,0.5421
7173,0.5459
7174,0.538
7175,0.5167
7176,0.499
7177,0.4863
7178,0.4635
7179,0.4555
7180,0.4357
7181,0.4148
7182,0.3776
7183,0.3143
7184,0.3028
7185,0.3337
7186,0.3264
7187,0.3099
7188,0.2909
7189,0.2626
7190,0.2239
7191,0.204
7192,0.2209
7193,0.2407
7194,0.259
7195,0.2721
7196,0.2676
7197,0.2664
7198,0.2618
7199,0.2596
7200,0.2495
7201,0.2388
7202,0.222
7203,0.2018
7204,0.1803
7205,0.1591
7206,0.1424
7207,0.1255
7208,0.1105
7209,0.1035
7210,0.111
7211,0.1133
7212,0.1106
7213,0.1044
7214,0.0904
7215,0.0844
7216,0.0974
7217,0.1019
7218,0.0981
7219,0.0907
7220,0.0803
7221,0.0685
7222,0.0581
7223,0.0496
7224,0.0452
7225,0.0436
7226,0.0406
7227,0.0367
7228,0.0338
7229,0.0321
7230,0.0314
7231,0.0288
7232,0.0264
7233,0.0364
7234,0.0447
7235,0.0463
7236,0.0468
7237,0.05
7238,0.0546
7239,0.0669
7240,0.0975
7241,0.1177
7242,0.1222
7243,0.1191
7244,0.109
7245,0.0978
7246,0.0868
7247,0.0749
7248,0.0656
7249,0.0574
7250,0.0502
7251,0.0452
7252,0.0394
7253,0.0317
7254,0.0253
7255,0.0209
7256,0.0224
7257,0.0282
7258,0.035
7259,0.036
7260,0.0348
7261,0.034
7262,0.0316
7263,0.0355
7264,0.0581
7265,0.0792
7266,0.091
7267,0.0969
7268,0.0992
7269,0.0969
7270,0.0934
7271,0.0905
7272,0.0846
7273,0.0758
7274,0.0684
7275,0.0625
7276,0.0582
7277,0.055
7278,0.0522
7279,0.0355
7280,0.0169
7281,0.024
7282,0.0434
7283,0.0436
7284,0.0412
7285,0.0424
7286,0.0431
7287,0.0559
7288,0.0992
7289,0.1431
7290,0.172
7291,0.1865
7292,0.1911
7293,0.1895
7294,0.1874
7295,0.1825
7296,0.1707
7297,0.1571
7298,0.1446
7299,0.1434
7300,0.152
7301,0.1593
7302,0.1598
7303,0.1427
7304,0.1332
7305,0.1691
7306,0.1908
7307,0.2031
7308,0.2017
7309,0.1899
7310,0.1777
7311,0.1964
7312,0.2297
7313,0.2405
7314,0.2412
7315,0.2353
7316,0.2375
7317,0.2407
7318,0.2459
7319,0.2452
7320,0.2476
7321,0.2528
7322,0.2576
7323,0.2779
7324,0.3068
7325,0.3287
7326,0.3569
7327,0.378
7328,0.3652
7329,0.3485
7330,0.3621
7331,0.3911
7332,0.381
7333,0.3345
7334,0.3115
7335,0.3538
7336,0.4016
7337,0.4069
7338,0.3996
7339,0.3912
7340,0.375
7341,0.3482
7342,0.3175
7343,0.2949
7344,0.2815
7345,0.2753
7346,0.2707
7347,0.271
7348,0.2575
7349,0.2221
7350,0.1971
7351,0.1601
7352,0.1097
7353,0.0904
7354,0.0838
7355,0.0706
7356,0.0595
7357,0.0533
7358,0.0549
7359,0.0876
7360,0.1254
7361,0.148
7362,0.1495
7363,0.1412
7364,0.1321
7365,0.1291
7366,0.1353
7367,0.1384
7368,0.1419
7369,0.1455
7370,0.1506
7371,0.1593
7372,0.1718
7373,0.1784
7374,0.1778
7375,0.1635
7376,0.1424
7377,0.1561
7378,0.1575
7379,0.1358
7380,0.1169
7381,0.1021
7382,0.081
7383,0.0832
7384,0.0939
7385,0.1021
7386,0.1109
7387,0.1187
7388,0.1234
7389,0.1255
7390,0.1267
7391,0.1283
7392,0.1279
7393,0.1258
7394,0.112
7395,0.1024
7396,0.0959
7397,0.0959
7398,0.0985
7399,0.0977
7400,0.095
7401,0.0984
7402,0.1012
7403,0.1011
7404,0.0937
7405,0.0819
7406,0.0676
7407,0.0745
7408,0.0907
7409,0.1009
7410,0.1067
7411,0.1065
7412,0.1023
7413,0.0991
7414,0.0965
7415,0.0938
7416,0.0908
7417,0.0876
7418,0.0847
7419,0.0814
7420,0.0762
7421,0.0739
7422,0.0685
7423,0.0552
7424,0.0394
7425,0.0464
7426,0.0626
7427,0.0705
7428,0.0686
7429,0.0559
7430,0.0383
7431,0.0358
7432,0.0397
7433,0.041
7434,0.0402
7435,0.0383
7436,0.0372
7437,0.036
7438,0.034
7439,0.0319
7440,0.031
7441,0.0325
7442,0.0349
7443,0.0389
7444,0.0479
7445,0.0594
7446,0.0719
7447,0.0767
7448,0.0708
7449,0.0896
7450,0.1258
7451,0.154
7452,0.1687
7453,0.1727
7454,0.1738
7455,0.2104
7456,0.261
7457,0.2805
7458,0.2769
7459,0.2622
7460,0.2484
7461,0.2264
7462,0.2029
7463,0.1751
7464,0.1504
7465,0.1276
7466,0.1044
7467,0.0888
7468,0.0761
7469,0.0644
7470,0.0554
7471,0.0441
7472,0.0255
7473,0.0156
7474,0.0142
7475,0.015
7476,0.0159
7477,0.0183
7478,0.0295
7479,0.0448
7480,0.0507
7481,0.046
7482,0.0408
7483,0.0384
7484,0.0387
7485,0.0391
7486,0.037
7487,0.0358
7488,0.0398
7489,0.0423
7490,0.042
7491,0.0405
7492,0.0448
7493,0.0514
7494,0.0578
7495,0.0625
7496,0.0602
7497,0.0648
7498,0.0788
7499,0.0901
7500,0.0915
7501,0.088
7502,0.0817
7503,0.0917
7504,0.112
7505,0.1221
7506,0.1273
7507,0.1254
7508,0.116
7509,0.103
7510,0.0893
7511,0.0747
7512,0.0606
7513,0.0482
7514,0.0362
7515,0.0272
7516,0.0214
7517,0.0191
7518,0.0183
7519,0.0141
7520,0.0093
7521,0.0082
7522,0.0084
7523,0.0089
7524,0.0093
7525,0.0104
7526,0.0133
7527,0.0215
7528,0.0348
7529,0.0501
7530,0.0665
7531,0.084
7532,0.1061
7533,0.1256
7534,0.1294
7535,0.1299
7536,0.1208
7537,0.105
7538,0.0911
7539,0.0838
7540,0.0866
7541,0.0966
7542,0.1147
7543,0.1378
7544,0.1566
7545,0.1761
7546,0.1949
7547,0.2115
7548,0.224
7549,0.2277
7550,0.2261
7551,0.2741
7552,0.3265
7553,0.3394
7554,0.3301
7555,0.3129
7556,0.2933
7557,0.2824
7558,0.2718
7559,0.2585
7560,0.2516
7561,0.2476
7562,0.2554
7563,0.2597
7564,0.2669
7565,0.2849
7566,0.3006
7567,0.2934
7568,0.2612
7569,0.2724
7570,0.3122
7571,0.2997
7572,0.2691
7573,0.2316
7574,0.2055
7575,0.2358
7576,0.2602
7577,0.2536
7578,0.2328
7579,0.2103
7580,0.1896
7581,0.1788
7582,0.1608
7583,0.1479
7584,0.1429
7585,0.1392
7586,0.1387
7587,0.1425
7588,0.152
7589,0.1585
7590,0.1697
7591,0.1758
7592,0.1643
7593,0.1582
7594,0.1553
7595,0.1519
7596,0.1421
7597,0.1304
7598,0.1293
7599,0.1487
7600,0.1649
7601,0.1637
7602,0.1588
7603,0.1548
7604,0.1458
7605,0.1324
7606,0.1176
7607,0.1072
7608,0.0984
7609,0.095
7610,0.0976
7611,0.1005
7612,0.1024
7613,0.1005
7614,0.0998
7615,0.0943
7616,0.0736
7617,0.0729
7618,0.0897
7619,0.0987
7620,0.1016
7621,0.1101
7622,0.1342
7623,0.2304
7624,0.3058
7625,0.3043
7626,0.2962
7627,0.2888
7628,0.2757
7629,0.2502
7630,0.2335
7631,0.2388
7632,0.2391
7633,0.2503
7634,0.2727
7635,0.2929
7636,0.3054
7637,0.3244
7638,0.3401
7639,0.3543
7640,0.3545
7641,0.3463
7642,0.3323
7643,0.3118
7644,0.2769
7645,0.2371
7646,0.2077
7647,0.2008
7648,0.1941
7649,0.1764
7650,0.1533
7651,0.1164
7652,0.0814
7653,0.0595
7654,0.0539
7655,0.0576
7656,0.0611
7657,0.0639
7658,0.0581
7659,0.0609
7660,0.0675
7661,0.0794
7662,0.0936
7663,0.1058
7664,0.1174
7665,0.1582
7666,0.1929
7667,0.2307
7668,0.2529
7669,0.2519
7670,0.2408
7671,0.2477
7672,0.2573
7673,0.2592
7674,0.2727
7675,0.2671
7676,0.2408
7677,0.2068
7678,0.1706
7679,0.1375
7680,0.1129
7681,0.0967
7682,0.0805
7683,0.0669
7684,0.0594
7685,0.0551
7686,0.052
7687,0.0488
7688,0.0489
7689,0.0532
7690,0.069
7691,0.088
7692,0.1069
7693,0.1278
7694,0.1709
7695,0.2127
7696,0.2298
7697,0.2322
7698,0.2242
7699,0.2169
7700,0.2119
7701,0.211
7702,0.2026
7703,0.1916
7704,0.1801
7705,0.1678
7706,0.1467
7707,0.129
7708,0.1144
7709,0.1077
7710,0.1057
7711,0.0988
7712,0.0874
7713,0.0785
7714,0.0876
7715,0.1037
7716,0.1194
7717,0.1301
7718,0.1478
7719,0.1859
7720,0.229
7721,0.2582
7722,0.2777
7723,0.2881
7724,0.3011
7725,0.3252
7726,0.3516
7727,0.3719
7728,0.3909
7729,0.4019
7730,0.4074
7731,0.4076
7732,0.3944
7733,0.3753
7734,0.3548
7735,0.326
7736,0.2753
7737,0.2328
7738,0.2158
7739,0.1976
7740,0.1606
7741,0.1224
7742,0.1009
7743,0.0974
7744,0.088
7745,0.072
7746,0.0559
7747,0.043
7748,0.0328
7749,0.0237
7750,0.0161
7751,0.0115
7752,0.0088
7753,0.0076
7754,0.0072
7755,0.0072
7756,0.0077
7757,0.0081
7758,0.0079
7759,0.0067
7760,0.0039
7761,0.0027
7762,0.0034
7763,0.0039
7764,0.0042
7765,0.0044
7766,0.0043
7767,0.0078
7768,0.0142
7769,0.0189
7770,0.0228
7771,0.0266
7772,0.0287
7773,0.0291
7774,0.0284
7775,0.0271
7776,0.0261
7777,0.0271
7778,0.0282
7779,0.0305
7780,0.0344
7781,0.0391
7782,0.0452
7783,0.0505
7784,0.0431
7785,0.0326
7786,0.0292
7787,0.0284
7788,0.0318
7789,0.0367
7790,0.0498
7791,0.0734
7792,0.0896
7793,0.0938
7794,0.0922
7795,0.0886
7796,0.0854
7797,0.0833
7798,0.0836
7799,0.0848
7800,0.088
7801,0.0889
7802,0.0929
7803,0.1015
7804,0.1074
7805,0.1109
7806,0.1089
7807,0.1041
7808,0.0867
7809,0.0633
7810,0.0591
7811,0.0631
7812,0.0672
7813,0.0711
7814,0.0995
7815,0.1611
7816,0.2035
7817,0.2127
7818,0.206
7819,0.1911
7820,0.1771
7821,0.1667
7822,0.1657
7823,0.1686
7824,0.1782
7825,0.1821
7826,0.1931
7827,0.2001
7828,0.2125
7829,0.2279
7830,0.2413
7831,0.2557
7832,0.2663
7833,0.2807
7834,0.2886
7835,0.2932
7836,0.2949
7837,0.2779
7838,0.3151
7839,0.3891
7840,0.4049
7841,0.3826
7842,0.3442
7843,0.2884
7844,0.2333
7845,0.2
7846,0.183
7847,0.1741
7848,0.1708
7849,0.1628
7850,0.1554
7851,0.152
7852,0.1463
7853,0.138
7854,0.1263
7855,0.1194
7856,0.1116
7857,0.1078
7858,0.0927
7859,0.0813
7860,0.0725
7861,0.0623
7862,0.0555
7863,0.0691
7864,0.0782
7865,0.0763
7866,0.0691
7867,0.0588
7868,0.0468
7869,0.0364
7870,0.0288
7871,0.023
7872,0.0193
7873,0.0165
7874,0.0141
7875,0.0145
7876,0.0166
7877,0.0189
7878,0.0213
7879,0.0218
7880,0.0199
7881,0.0177
7882,0.0155
7883,0.0132
7884,0.0117
7885,0.0107
7886,0.0109
7887,0.0178
7888,0.0286
7889,0.0375
7890,0.0425
7891,0.0458
7892,0.0477
7893,0.0492
7894,0.0522
7895,0.0558
7896,0.059
7897,0.0625
7898,0.067
7899,0.0725
7900,0.0781
7901,0.0868
7902,0.0961
7903,0.0967
7904,0.0908
7905,0.0812
7906,0.0814
7907,0.083
7908,0.0791
7909,0.0755
7910,0.0998
7911,0.1478
7912,0.182
7913,0.1946
7914,0.1955
7915,0.1975
7916,0.1929
7917,0.1794
7918,0.1677
7919,0.1611
7920,0.1548
7921,0.1445
7922,0.1426
7923,0.1483
7924,0.1673
7925,0.1949
7926,0.2252
7927,0.2502
7928,0.2525
7929,0.2382
7930,0.2454
7931,0.2632
7932,0.269
7933,0.2698
7934,0.2938
7935,0.3349
7936,0.3543
7937,0.3645
7938,0.3718
7939,0.3824
7940,0.3987
7941,0.4239
7942,0.4399
7943,0.4623
7944,0.4868
7945,0.5032
7946,0.5137
7947,0.5142
7948,0.5182
7949,0.5352
7950,0.5487
7951,0.5546
7952,0.5552
7953,0.565
7954,0.5955
7955,0.631
7956,0.6275
7957,0.6094
7958,0.5919
7959,0.588
7960,0.5768
7961,0.5462
7962,0.5183
7963,0.495
7964,0.4708
7965,0.4525
7966,0.4479
7967,0.4461
7968,0.4474
7969,0.4376
7970,0.4441
7971,0.4406
7972,0.4291
7973,0.4322
7974,0.4354
7975,0.4211
7976,0.395
7977,0.3941
7978,0.428
7979,0.4436
7980,0.4382
7981,0.4023
7982,0.3553
7983,0.3338
7984,0.3029
7985,0.2767
7986,0.2435
7987,0.2111
7988,0.1856
7989,0.1658
7990,0.1507
7991,0.1363
7992,0.1221
7993,0.1102
7994,0.1044
7995,0.1035
7996,0.1015
7997,0.0998
7998,0.0974
7999,0.0915
8000,0.084
8001,0.0752
8002,0.0688
8003,0.0689
8004,0.066
8005,0.0574
8006,0.0549
8007,0.0621
8008,0.0644
8009,0.065
8010,0.0637
8011,0.0607
8012,0.0559
8013,0.0493
8014,0.0446
8015,0.0418
8016,0.0387
8017,0.0354
8018,0.033
8019,0.0323
8020,0.032
8021,0.0328
8022,0.0364
8023,0.0401
8024,0.0338
8025,0.0244
8026,0.0198
8027,0.0191
8028,0.0195
8029,0.0211
8030,0.0265
8031,0.0345
8032,0.0383
8033,0.0367
8034,0.033
8035,0.0299
8036,0.0294
8037,0.0317
8038,0.0389
8039,0.051
8040,0.0662
8041,0.0787
8042,0.0924
8043,0.1021
8044,0.1095
8045,0.1208
8046,0.1414
8047,0.1634
8048,0.1625
8049,0.1594
8050,0.1704
8051,0.1818
8052,0.1949
8053,0.2069
8054,0.2254
8055,0.2444
8056,0.2493
8057,0.2388
8058,0.2165
8059,0.1866
8060,0.1613
8061,0.139
8062,0.1163
8063,0.0976
8064,0.0774
8065,0.0605
8066,0.053
8067,0.0496
8068,0.0466
8069,0.0448
8070,0.0474
8071,0.0543
8072,0.0618
8073,0.0606
8074,0.0655
8075,0.0739
8076,0.0836
8077,0.0953
8078,0.1224
8079,0.1552
8080,0.1698
8081,0.1733
8082,0.1744
8083,0.1792
8084,0.1937
8085,0.1965
8086,0.198
8087,0.1984
8088,0.1863
8089,0.1749
8090,0.1697
8091,0.1589
8092,0.147
8093,0.1338
8094,0.1225
8095,0.1148
8096,0.0958
8097,0.0836
8098,0.0837
8099,0.0821
8100,0.0751
8101,0.0649
8102,0.0655
8103,0.0743
8104,0.0813
8105,0.0884
8106,0.094
8107,0.0949
8108,0.0931
8109,0.0881
8110,0.0877
8111,0.0927
8112,0.097
8113,0.0977
8114,0.0947
8115,0.0946
8116,0.0981
8117,0.1003
8118,0.1021
8119,0.1014
8120,0.0844
8121,0.0712
8122,0.083
8123,0.1053
8124,0.1247
8125,0.1342
8126,0.1837
8127,0.2678
8128,0.314
8129,0.3256
8130,0.3278
8131,0.331
8132,0.3383
8133,0.3585
8134,0.3879
8135,0.4238
8136,0.4658
8137,0.4926
8138,0.5168
8139,0.5285
8140,0.5362
8141,0.5411
8142,0.535
8143,0.5234
8144,0.5135
8145,0.5055
8146,0.5152
8147,0.5162
8148,0.524
8149,0.535
8150,0.5625
8151,0.5817
8152,0.5943
8153,0.603
8154,0.6063
8155,0.6106
8156,0.6259
8157,0.6312
8158,0.6173
8159,0.6001
8160,0.5988
8161,0.5997
8162,0.605
8163,0.6172
8164,0.6278
8165,0.6291
8166,0.6162
8167,0.6022
8168,0.5801
8169,0.5415
8170,0.5138
8171,0.5039
8172,0.4982
8173,0.4808
8174,0.4485
8175,0.426
8176,0.4005
8177,0.3776
8178,0.3694
8179,0.3663
8180,0.375
8181,0.3822
8182,0.3996
8183,0.4156
8184,0.4505
8185,0.4882
8186,0.5287
8187,0.5747
8188,0.6297
8189,0.6858
8190,0.7288
8191,0.7642
8192,0.7863
8193,0.7983
8194,0.7995
8195,0.7938
8196,0.773
8197,0.7482
8198,0.7145
8199,0.6835
8200,0.653
8201,0.6299
8202,0.6114
8203,0.5857
8204,0.5658
8205,0.5483
8206,0.5432
8207,0.5604
8208,0.5726
8209,0.5728
8210,0.5722
8211,0.5633
8212,0.5464
8213,0.5253
8214,0.5205
8215,0.5082
8216,0.4626
8217,0.4149
8218,0.3909
8219,0.3743
8220,0.3314
8221,0.3035
8222,0.3058
8223,0.336
8224,0.3592
8225,0.3815
8226,0.3995
8227,0.4063
8228,0.4115
8229,0.4211
8230,0.4171
8231,0.4044
8232,0.376
8233,0.3504
8234,0.3309
8235,0.3078
8236,0.2874
8237,0.2408
8238,0.1859
8239,0.1494
8240,0.1234
8241,0.1063
8242,0.1046
8243,0.1134
8244,0.1264
8245,0.1425
8246,0.1885
8247,0.2469
8248,0.2981
8249,0.3432
8250,0.38
8251,0.4079
8252,0.4349
8253,0.4608
8254,0.4798
8255,0.4974
8256,0.5129
8257,0.5166
8258,0.5063
8259,0.4776
8260,0.4304
8261,0.376
8262,0.3216
8263,0.2765
8264,0.2292
8265,0.1933
8266,0.1684
8267,0.1491
8268,0.128
8269,0.1204
8270,0.1252
8271,0.1365
8272,0.1379
8273,0.1307
8274,0.1243
8275,0.1176
8276,0.1127
8277,0.1048
8278,0.0982
8279,0.0949
8280,0.0928
8281,0.0944
8282,0.0979
8283,0.1052
8284,0.1128
8285,0.1247
8286,0.1347
8287,0.1436
8288,0.1387
8289,0.1275
8290,0.1324
8291,0.1425
8292,0.141
8293,0.1383
8294,0.168
8295,0.214
8296,0.2382
8297,0.2536
8298,0.2706
8299,0.2922
8300,0.3037
8301,0.3153
8302,0.3203
8303,0.3319
8304,0.3484
8305,0.3671
8306,0.3812
8307,0.3851
8308,0.3896
8309,0.3873
8310,0.3688
8311,0.3407
8312,0.3048
8313,0.2736
8314,0.2597
8315,0.253
8316,0.241
8317,0.2273
8318,0.2416
8319,0.2504
8320,0.2331
8321,0.2166
8322,0.2086
8323,0.2048
8324,0.208
8325,0.2156
8326,0.2185
8327,0.2348
8328,0.2594
8329,0.284
8330,0.293
8331,0.3073
8332,0.3383
8333,0.3582
8334,0.3767
8335,0.3991
8336,0.4136
8337,0.4233
8338,0.4948
8339,0.5685
8340,0.6186
8341,0.6588
8342,0.692
8343,0.713
8344,0.7286
8345,0.7227
8346,0.7123
8347,0.6816
8348,0.6458
8349,0.6074
8350,0.5574
8351,0.4974
8352,0.4309
8353,0.3477
8354,0.3137
8355,0.3393
8356,0.3821
8357,0.449
8358,0.5495
8359,0.6404
8360,0.7062
8361,0.7456
8362,0.749
8363,0.7397
8364,0.7146
8365,0.6672
8366,0.6371
8367,0.6265
8368,0.6007
8369,0.5736
8370,0.5465
8371,0.5106
8372,0.4556
8373,0.4083
8374,0.3637
8375,0.3219
8376,0.28
8377,0.2451
8378,0.2234
8379,0.2046
8380,0.208
8381,0.2141
8382,0.2123
8383,0.2061
8384,0.1927
8385,0.1863
8386,0.1569
8387,0.1279
8388,0.1263
8389,0.1347
8390,0.1586
8391,0.1922
8392,0.2027
8393,0.2002
8394,0.193
8395,0.1822
8396,0.1712
8397,0.1615
8398,0.1556
8399,0.1576
8400,0.1627
8401,0.173
8402,0.189
8403,0.2033
8404,0.217
8405,0.2417
8406,0.2628
8407,0.274
8408,0.2608
8409,0.2276
8410,0.2083
8411,0.2052
8412,0.2213
8413,0.2674
8414,0.3544
8415,0.4181
8416,0.4341
8417,0.431
8418,0.4381
8419,0.4344
8420,0.4279
8421,0.4501
8422,0.4812
8423,0.4892
8424,0.4987
8425,0.4951
8426,0.4618
8427,0.4046
8428,0.3487
8429,0.294
8430,0.2478
8431,0.2124
8432,0.1702
8433,0.1253
8434,0.1056
8435,0.0997
8436,0.08
8437,0.0636
8438,0.0688
8439,0.077
8440,0.0802
8441,0.0897
8442,0.1078
8443,0.1349
8444,0.1572
8445,0.1591
8446,0.1491
8447,0.1336
8448,0.1274
8449,0.1336
8450,0.1397
8451,0.1449
8452,0.1536
8453,0.1644
8454,0.1742
8455,0.1767
8456,0.175
8457,0.1678
8458,0.1476
8459,0.1449
8460,0.1494
8461,0.1734
8462,0.2302
8463,0.2871
8464,0.2919
8465,0.2787
8466,0.2629
8467,0.245
8468,0.2314
8469,0.219
8470,0.2063
8471,0.1949
8472,0.1872
8473,0.1877
8474,0.1973
8475,0.2048
8476,0.2155
8477,0.237
8478,0.2523
8479,0.2676
8480,0.2909
8481,0.277
8482,0.2788
8483,0.2996
8484,0.3061
8485,0.3277
8486,0.3801
8487,0.4124
8488,0.4031
8489,0.3724
8490,0.3331
8491,0.3143
8492,0.2885
8493,0.2739
8494,0.2588
8495,0.2472
8496,0.2376
8497,0.2391
8498,0.2325
8499,0.2344
8500,0.2222
8501,0.2035
8502,0.1898
8503,0.1773
8504,0.1672
8505,0.1398
8506,0.1393
8507,0.1455
8508,0.1357
8509,0.1264
8510,0.1401
8511,0.1738
8512,0.1988
8513,0.2078
8514,0.209
8515,0.2069
8516,0.1906
8517,0.1732
8518,0.1591
8519,0.1474
8520,0.149
8521,0.1516
8522,0.1521
8523,0.1538
8524,0.1496
8525,0.1489
8526,0.1543
8527,0.1643
8528,0.1747
8529,0.1689
8530,0.1471
8531,0.1279
8532,0.1212
8533,0.1365
8534,0.1826
8535,0.223
8536,0.235
8537,0.2366
8538,0.2387
8539,0.2399
8540,0.2399
8541,0.2404
8542,0.2442
8543,0.2558
8544,0.2668
8545,0.2724
8546,0.2819
8547,0.2989
8548,0.3033
8549,0.2993
8550,0.2997
8551,0.3068
8552,0.2965
8553,0.2784
8554,0.2875
8555,0.3008
8556,0.3151
8557,0.3051
8558,0.3072
8559,0.3173
8560,0.3188
8561,0.3168
8562,0.3136
8563,0.3011
8564,0.2875
8565,0.2732
8566,0.2654
8567,0.2732
8568,0.2879
8569,0.275
8570,0.2499
8571,0.2235
8572,0.2062
8573,0.2059
8574,0.2144
8575,0.2251
8576,0.2185
8577,0.2039
8578,0.2074
8579,0.2085
8580,0.2083
8581,0.2311
8582,0.2598
8583,0.2824
8584,0.2956
8585,0.3042
8586,0.3084
8587,0.2961
8588,0.2809
8589,0.2588
8590,0.2411
8591,0.2259
8592,0.2029
8593,0.1771
8594,0.1547
8595,0.1423
8596,0.1402
8597,0.1355
8598,0.1315
8599,0.1282
8600,0.1234
8601,0.1253
8602,0.1325
8603,0.1428
8604,0.145
8605,0.1364
8606,0.144
8607,0.1627
8608,0.1573
8609,0.1475
8610,0.1379
8611,0.1272
8612,0.1164
8613,0.1115
8614,0.1147
8615,0.1118
8616,0.1081
8617,0.1057
8618,0.1024
8619,0.0944
8620,0.0849
8621,0.0741
8622,0.0648
8623,0.0619
8624,0.058
8625,0.0569
8626,0.055
8627,0.0518
8628,0.0501
8629,0.0472
8630,0.0477
8631,0.0437
8632,0.0368
8633,0.0338
8634,0.0382
8635,0.0462
8636,0.0524
8637,0.0528
8638,0.0513
8639,0.0508
8640,0.0519
8641,0.0548
8642,0.0595
8643,0.0623
8644,0.0662
8645,0.0713
8646,0.078
8647,0.0857
8648,0.0806
8649,0.0619
8650,0.0578
8651,0.056
8652,0.054
8653,0.0515
8654,0.0676
8655,0.0955
8656,0.1078
8657,0.1078
8658,0.0997
8659,0.0894
8660,0.0821
8661,0.0798
8662,0.0754
8663,0.0664
8664,0.0551
8665,0.0499
8666,0.0507
8667,0.0454
8668,0.0379
8669,0.0338
8670,0.0343
8671,0.0369
8672,0.0315
8673,0.0229
8674,0.0235
8675,0.0257
8676,0.0249
8677,0.0258
8678,0.0378
8679,0.056
8680,0.0729
8681,0.0872
8682,0.094
8683,0.0894
8684,0.0826
8685,0.0832
8686,0.0902
8687,0.0961
8688,0.0996
8689,0.1055
8690,0.1071
8691,0.1026
8692,0.0958
8693,0.0889
8694,0.0833
8695,0.0785
8696,0.0627
8697,0.0491
8698,0.053
8699,0.0586
8700,0.0636
8701,0.0741
8702,0.1069
8703,0.1551
8704,0.1889
8705,0.2075
8706,0.2204
8707,0.231
8708,0.2358
8709,0.2425
8710,0.252
8711,0.2586
8712,0.2655
8713,0.2749
8714,0.2788
8715,0.2875
8716,0.3048
8717,0.3205
8718,0.335
8719,0.3456
8720,0.3208
8721,0.2773
8722,0.2557
8723,0.2594
8724,0.2867
8725,0.3407
8726,0.42
8727,0.4796
8728,0.4853
8729,0.4814
8730,0.4782
8731,0.4703
8732,0.4567
8733,0.4417
8734,0.4253
8735,0.4124
8736,0.3961
8737,0.388
8738,0.3779
8739,0.3714
8740,0.3685
8741,0.3639
8742,0.3522
8743,0.3421
8744,0.3213
8745,0.2868
8746,0.2604
8747,0.2436
8748,0.2215
8749,0.2024
8750,0.2046
8751,0.2159
8752,0.1987
8753,0.1641
8754,0.1326
8755,0.1123
8756,0.0935
8757,0.0813
8758,0.0701
8759,0.0636
