0,0.372607053
1,0.356108312
2,0.35686398
3,0.350944584
4,0.339168766
5,0.341372796
6,0.342380353
7,0.343073048
8,0.343828715
9,0.343639798
10,0.362972292
11,0.363224181
12,0.362594458
13,0.361649874
14,0.360201511
15,0.358501259
16,0.354911839
17,0.353589421
18,0.350314861
19,0.347418136
20,0.343765743
21,0.338098237
22,0.328526448
23,0.326259446
24,0.3197733
25,0.320277078
26,0.319143577
27,0.317947103
28,0.325881612
29,0.34175063
30,0.342695214
31,0.344647355
32,0.342821159
33,0.345214106
34,0.347229219
35,0.351007557
36,0.348173804
37,0.346599496
38,0.342884131
39,0.342443325
40,0.342884131
41,0.344332494
42,0.341183879
43,0.337405542
44,0.336586902
45,0.334382872
46,0.334949622
47,0.340428212
48,0.339231738
49,0.339609572
50,0.338413098
51,0.338287154
52,0.340680101
53,0.340617128
54,0.341309824
55,0.340743073
56,0.335390428
57,0.336397985
58,0.337720403
59,0.338350126
60,0.339231738
61,0.336901763
62,0.33790932
63,0.335894207
64,0.333312343
65,0.331297229
66,0.333312343
67,0.33324937
68,0.334508816
69,0.333816121
70,0.335957179
71,0.336901763
72,0.333627204
73,0.334193955
74,0.336523929
75,0.340050378
76,0.341120907
77,0.338916877
78,0.336523929
79,0.339042821
80,0.337405542
81,0.338161209
82,0.335768262
83,0.338287154
84,0.339924433
85,0.342254408
86,0.345088161
87,0.342695214
88,0.342506297
89,0.34395466
90,0.339987406
91,0.337027708
92,0.336146096
93,0.332934509
94,0.327078086
95,0.325314861
96,0.327267003
97,0.323803526
98,0.324685139
99,0.328274559
100,0.329722922
101,0.331171285
102,0.333501259
103,0.334445844
104,0.33406801
105,0.336146096
106,0.337216625
107,0.338035264
108,0.337657431
109,0.337594458
110,0.338035264
111,0.337783375
112,0.337594458
113,0.338602015
114,0.338035264
115,0.335012594
116,0.334382872
117,0.332556675
118,0.333942065
119,0.335453401
120,0.331738035
121,0.328148615
122,0.32720403
123,0.328715365
124,0.327581864
125,0.328274559
126,0.330856423
127,0.331989924
128,0.331108312
129,0.333942065
130,0.334382872
131,0.336397985
132,0.336901763
133,0.335516373
134,0.334760705
135,0.336649874
136,0.335453401
137,0.336586902
138,0.338098237
139,0.33872796
140,0.338602015
141,0.337657431
142,0.338350126
143,0.338790932
144,0.339105793
145,0.341687657
146,0.340743073
147,0.341309824
148,0.342884131
149,0.342632242
150,0.34313602
151,0.3447733
152,0.343891688
153,0.34697733
154,0.348551637
155,0.350251889
156,0.354156171
157,0.360075567
158,0.365365239
159,0.368891688
160,0.374307305
161,0.373677582
162,0.373236776
163,0.375251889
164,0.37581864
165,0.37720403
166,0.377833753
167,0.37965995
168,0.380919395
169,0.379534005
170,0.380919395
171,0.376763224
172,0.369206549
173,0.366498741
174,0.36511335
175,0.365743073
176,0.368387909
177,0.369521411
178,0.369899244
179,0.371221662
180,0.372040302
181,0.375503778
182,0.376007557
183,0.378904282
184,0.379219144
185,0.382304786
186,0.380730479
187,0.378589421
188,0.376511335
189,0.377455919
190,0.370151134
191,0.361964736
192,0.365491184
193,0.364105793
194,0.364672544
195,0.363539043
196,0.365554156
197,0.366372796
198,0.368073048
199,0.366057935
200,0.365491184
201,0.365428212
202,0.366435768
203,0.365176322
204,0.36813602
205,0.371788413
206,0.371284635
207,0.372355164
208,0.375377834
209,0.374118388
210,0.372858942
211,0.372670025
212,0.372732997
213,0.369836272
214,0.367821159
215,0.367632242
216,0.368828715
217,0.368828715
218,0.367884131
219,0.366813602
220,0.36593199
221,0.365176322
222,0.36511335
223,0.362216625
224,0.363476071
225,0.365554156
226,0.370214106
227,0.368828715
228,0.372732997
229,0.375755668
230,0.377644836
231,0.381360202
232,0.381612091
233,0.381738035
234,0.383627204
235,0.383753149
236,0.385453401
237,0.390743073
238,0.39697733
239,0.391561713
240,0.392065491
241,0.39231738
242,0.390302267
243,0.383879093
244,0.38104534
245,0.379219144
246,0.377833753
247,0.375377834
248,0.381549118
249,0.377141058
250,0.378463476
251,0.377015113
252,0.376574307
253,0.375881612
254,0.373488665
255,0.369710327
256,0.364798489
257,0.362216625
258,0.360831234
259,0.359382872
260,0.360516373
261,0.361838791
262,0.362720403
263,0.362531486
264,0.360201511
265,0.359508816
266,0.360453401
267,0.355856423
268,0.35384131
269,0.350188917
270,0.34861461
271,0.348236776
272,0.347355164
273,0.347229219
274,0.346473552
275,0.3447733
276,0.341813602
277,0.341435768
278,0.342002519
279,0.341246851
280,0.339420655
281,0.33929471
282,0.341498741
283,0.339357683
284,0.341309824
285,0.345025189
286,0.343576826
287,0.33929471
288,0.33627204
289,0.335831234
290,0.334130982
291,0.33186398
292,0.333501259
293,0.33488665
294,0.337720403
295,0.339483627
296,0.340491184
297,0.340050378
298,0.344332494
299,0.348740554
300,0.351763224
301,0.356297229
302,0.361146096
303,0.367254408
304,0.371788413
305,0.374622166
306,0.380352645
307,0.387027708
308,0.39313602
309,0.394962217
310,0.399685139
311,0.401826196
312,0.384382872
313,0.389798489
314,0.394647355
315,0.421473552
316,0.428715365
317,0.43104534
318,0.430919395
319,0.436838791
320,0.441435768
321,0.441057935
322,0.441183879
323,0.441057935
324,0.434256927
325,0.436838791
326,0.436083123
327,0.435768262
328,0.431108312
329,0.42802267
330,0.426070529
331,0.427455919
332,0.430730479
333,0.428904282
334,0.426448363
335,0.425188917
336,0.423425693
337,0.422481108
338,0.422858942
339,0.422984887
340,0.42279597
341,0.421347607
342,0.422103275
343,0.414420655
344,0.410894207
345,0.410579345
346,0.410831234
347,0.411020151
348,0.412531486
349,0.413413098
350,0.409634761
351,0.407304786
352,0.402455919
353,0.399937028
354,0.39779597
355,0.396599496
356,0.397103275
357,0.396536524
358,0.3947733
359,0.392695214
360,0.390365239
361,0.389672544
362,0.387216625
363,0.384445844
364,0.382367758
365,0.379974811
366,0.375692695
367,0.375629723
368,0.380730479
369,0.385894207
370,0.388350126
371,0.389861461
372,0.387657431
373,0.385138539
374,0.38324937
375,0.378274559
376,0.374622166
377,0.374811083
378,0.373299748
379,0.372229219
380,0.373929471
381,0.375692695
382,0.377455919
383,0.37418136
384,0.371599496
385,0.371095718
386,0.370465995
387,0.368765743
388,0.369332494
389,0.368073048
390,0.368765743
391,0.368450882
392,0.368891688
393,0.370465995
394,0.372858942
395,0.371284635
396,0.37034005
397,0.366372796
398,0.36813602
399,0.368891688
400,0.36429471
401,0.363916877
402,0.365869018
403,0.364924433
404,0.361523929
405,0.360768262
406,0.363098237
407,0.362405542
408,0.36070529
409,0.362279597
410,0.362657431
411,0.362216625
412,0.362153652
413,0.363979849
414,0.369836272
415,0.371599496
416,0.37418136
417,0.373299748
418,0.374118388
419,0.375125945
420,0.384445844
421,0.390302267
422,0.390365239
423,0.39011335
424,0.390239295
425,0.391435768
426,0.39011335
427,0.391687657
428,0.394962217
429,0.396788413
430,0.401889169
431,0.403085642
432,0.40220403
433,0.40384131
434,0.402770781
435,0.400314861
436,0.396725441
437,0.394710327
438,0.39534005
439,0.393010076
440,0.387279597
441,0.386335013
442,0.388413098
443,0.38872796
444,0.391498741
445,0.390239295
446,0.386020151
447,0.384256927
448,0.377959698
449,0.37581864
450,0.374559194
451,0.373551637
452,0.372984887
453,0.375692695
454,0.376700252
455,0.377267003
456,0.373677582
457,0.372103275
458,0.371536524
459,0.37034005
460,0.370717884
461,0.368639798
462,0.367002519
463,0.364735516
464,0.362972292
465,0.365239295
466,0.361397985
467,0.360012594
468,0.359005038
469,0.357493703
470,0.356738035
471,0.355667506
472,0.356423174
473,0.353778338
474,0.354219144
475,0.354030227
476,0.352644836
477,0.34918136
478,0.348866499
479,0.350377834
480,0.351574307
481,0.352015113
482,0.350881612
483,0.349685139
484,0.35302267
485,0.352267003
486,0.355919395
487,0.364357683
488,0.364168766
489,0.369710327
490,0.370969773
491,0.37034005
492,0.37720403
493,0.377518892
494,0.376889169
495,0.382367758
496,0.384005038
497,0.380541562
498,0.382115869
499,0.382745592
500,0.385453401
501,0.38709068
502,0.390680101
503,0.391876574
504,0.389798489
505,0.390239295
506,0.387216625
507,0.387027708
508,0.388161209
509,0.387783375
510,0.385768262
511,0.387027708
512,0.387468514
513,0.385075567
514,0.385390428
515,0.390806045
516,0.398803526
517,0.398047859
518,0.40220403
519,0.406801008
520,0.405856423
521,0.402959698
522,0.397607053
523,0.388790932
524,0.38872796
525,0.394962217
526,0.396536524
527,0.397040302
528,0.395528967
529,0.395025189
530,0.393010076
531,0.389420655
532,0.38324937
533,0.375314861
534,0.374370277
535,0.376889169
536,0.376889169
537,0.374244332
538,0.377392947
539,0.381171285
540,0.385768262
541,0.388602015
542,0.396536524
543,0.397166247
544,0.393073048
545,0.389987406
546,0.39093199
547,0.385957179
548,0.387531486
549,0.39395466
550,0.394206549
551,0.391372796
552,0.391813602
553,0.393261965
554,0.391939547
555,0.389357683
556,0.387342569
557,0.383060453
558,0.385453401
559,0.384508816
560,0.383816121
561,0.384949622
562,0.383564232
563,0.382304786
564,0.387594458
565,0.397103275
566,0.396914358
567,0.394206549
568,0.396095718
569,0.394143577
570,0.393639798
571,0.390050378
572,0.387846348
573,0.391561713
574,0.39559194
575,0.398677582
576,0.397921914
577,0.397921914
578,0.397103275
579,0.395277078
580,0.393198992
581,0.388035264
582,0.385579345
583,0.380541562
584,0.379093199
585,0.384130982
586,0.385579345
587,0.380415617
588,0.382556675
589,0.38488665
590,0.388853904
591,0.386083123
592,0.392758186
593,0.388161209
594,0.378715365
595,0.372858942
596,0.371599496
597,0.371536524
598,0.368387909
599,0.367254408
600,0.366876574
601,0.364672544
602,0.361901763
603,0.361460957
604,0.356675063
605,0.353148615
606,0.352015113
607,0.349244332
608,0.348173804
609,0.347858942
610,0.347607053
611,0.346410579
612,0.349055416
613,0.349937028
614,0.342947103
615,0.34093199
616,0.343576826
617,0.339924433
618,0.335516373
619,0.33488665
620,0.330289673
621,0.325125945
622,0.32034005
623,0.317002519
624,0.315050378
625,0.316435768
626,0.313790932
627,0.310453401
628,0.311901763
629,0.310579345
630,0.310138539
631,0.312783375
632,0.312783375
633,0.313287154
634,0.313161209
635,0.311020151
636,0.312153652
637,0.307619647
638,0.303652393
639,0.305982368
640,0.306926952
641,0.307745592
642,0.306108312
643,0.304534005
644,0.304156171
645,0.302078086
646,0.299811083
647,0.30138539
648,0.30220403
649,0.302329975
650,0.304156171
651,0.302959698
652,0.304596977
653,0.306234257
654,0.305667506
655,0.305478589
656,0.306360202
657,0.305730479
658,0.302707809
659,0.305730479
660,0.306171285
661,0.310453401
662,0.310012594
663,0.312027708
664,0.315743073
665,0.317128463
666,0.318198992
667,0.315239295
668,0.313602015
669,0.318261965
670,0.326448363
671,0.323992443
672,0.321221662
673,0.323110831
674,0.324307305
675,0.321914358
676,0.324559194
677,0.330919395
678,0.338224181
679,0.340239295
680,0.33929471
681,0.341687657
682,0.347103275
683,0.35220403
684,0.354785894
685,0.358564232
686,0.359193955
687,0.36127204
688,0.365428212
689,0.367380353
690,0.367254408
691,0.364231738
692,0.362972292
693,0.365302267
694,0.368010076
695,0.361649874
696,0.356486146
697,0.351133501
698,0.347040302
699,0.343765743
700,0.340302267
701,0.339231738
702,0.343450882
703,0.342254408
704,0.336964736
705,0.335138539
706,0.334319899
707,0.333375315
708,0.335327456
709,0.337279597
710,0.338350126
711,0.337846348
712,0.339042821
713,0.338602015
714,0.334949622
715,0.329219144
716,0.326700252
717,0.328463476
718,0.331360202
719,0.333375315
720,0.331801008
721,0.332808564
722,0.329911839
723,0.326133501
724,0.324055416
725,0.323110831
726,0.325944584
727,0.329219144
728,0.328967254
729,0.331801008
730,0.330352645
731,0.329785894
732,0.341309824
733,0.349118388
734,0.34918136
735,0.35081864
736,0.354093199
737,0.358627204
738,0.357871537
739,0.358438287
740,0.362594458
741,0.362468514
742,0.36127204
743,0.358060453
744,0.355289673
745,0.351259446
746,0.347355164
747,0.344521411
748,0.342947103
749,0.339483627
750,0.335453401
751,0.32802267
752,0.32663728
753,0.328211587
754,0.32720403
755,0.328463476
756,0.327896725
757,0.326889169
758,0.32720403
759,0.326070529
760,0.326574307
761,0.327959698
762,0.328967254
763,0.32802267
764,0.328148615
765,0.328211587
766,0.330982368
767,0.334193955
768,0.334949622
769,0.335642317
770,0.337216625
771,0.339483627
772,0.342254408
773,0.343576826
774,0.343828715
775,0.343702771
776,0.340743073
777,0.341246851
778,0.340994962
779,0.33929471
780,0.336901763
781,0.336209068
782,0.337216625
783,0.337531486
784,0.334319899
785,0.332934509
786,0.330730479
787,0.328715365
788,0.323803526
789,0.321788413
790,0.317947103
791,0.318010076
792,0.316498741
793,0.316561713
794,0.317758186
795,0.316561713
796,0.31511335
797,0.317191436
798,0.323677582
799,0.325440806
800,0.326070529
801,0.327833753
802,0.327518892
803,0.328337531
804,0.325
805,0.325125945
806,0.325377834
807,0.319962217
808,0.316813602
809,0.318073048
810,0.318261965
811,0.317443325
812,0.316183879
813,0.315050378
814,0.315239295
815,0.31209068
816,0.307997481
817,0.309571788
818,0.309760705
819,0.308627204
820,0.306675063
821,0.30604534
822,0.306108312
823,0.304345088
824,0.303904282
825,0.306549118
826,0.306801008
827,0.306360202
828,0.308879093
829,0.312594458
830,0.310894207
831,0.312720403
832,0.311586902
833,0.313413098
834,0.31675063
835,0.321410579
836,0.323425693
837,0.323803526
838,0.326448363
839,0.32965995
840,0.330730479
841,0.33243073
842,0.334949622
843,0.336712846
844,0.336838791
845,0.335075567
846,0.329030227
847,0.328463476
848,0.324496222
849,0.325377834
850,0.32663728
851,0.3302267
852,0.332367758
853,0.334760705
854,0.33324937
855,0.335327456
856,0.334319899
857,0.332556675
858,0.331989924
859,0.333627204
860,0.337153652
861,0.339483627
862,0.342254408
863,0.346914358
864,0.347732997
865,0.348488665
866,0.349496222
867,0.348551637
868,0.343891688
869,0.334634761
870,0.33186398
871,0.330730479
872,0.323992443
873,0.326196474
874,0.325692695
875,0.323299748
876,0.321662469
877,0.322607053
878,0.324685139
879,0.319458438
880,0.31593199
881,0.313161209
882,0.311901763
883,0.311901763
884,0.311523929
885,0.31372796
886,0.315050378
887,0.316435768
888,0.317821159
889,0.320214106
890,0.317758186
891,0.316624685
892,0.316246851
893,0.315994962
894,0.316498741
895,0.315869018
896,0.314798489
897,0.317065491
898,0.320780856
899,0.322103275
900,0.322040302
901,0.328463476
902,0.331738035
903,0.332052897
904,0.332871537
905,0.333375315
906,0.335012594
907,0.334005038
908,0.333879093
909,0.335894207
910,0.341372796
911,0.335894207
912,0.333501259
913,0.333690176
914,0.332556675
915,0.328148615
916,0.32581864
917,0.325062972
918,0.327267003
919,0.328526448
920,0.328652393
921,0.332619647
922,0.333627204
923,0.333312343
924,0.33570529
925,0.338035264
926,0.338664987
927,0.337216625
928,0.337279597
929,0.337468514
930,0.33709068
931,0.336586902
932,0.335957179
933,0.339798489
934,0.344269521
935,0.347166247
936,0.345969773
937,0.344206549
938,0.339924433
939,0.337657431
940,0.337846348
941,0.332871537
942,0.328904282
943,0.327392947
944,0.321851385
945,0.311586902
946,0.306108312
947,0.30686398
948,0.3052267
949,0.310768262
950,0.311146096
951,0.310894207
952,0.313161209
953,0.313287154
954,0.311775819
955,0.309256927
956,0.303904282
957,0.302267003
958,0.30906801
959,0.312279597
960,0.311775819
961,0.312027708
962,0.311901763
963,0.314735516
964,0.31731738
965,0.313853904
966,0.310012594
967,0.319269521
968,0.324370277
969,0.325755668
970,0.328400504
971,0.32940806
972,0.329974811
973,0.331926952
974,0.332052897
975,0.33104534
976,0.33186398
977,0.327267003
978,0.32279597
979,0.324874055
980,0.326007557
981,0.327455919
982,0.328526448
983,0.336649874
984,0.337531486
985,0.342065491
986,0.345088161
987,0.350629723
988,0.356926952
989,0.362783375
990,0.36731738
991,0.375314861
992,0.379093199
993,0.379471033
994,0.383627204
995,0.38790932
996,0.388161209
997,0.390869018
998,0.388035264
999,0.385201511
1000,0.385138539
1001,0.385831234
1002,0.38324937
1003,0.380415617
1004,0.381297229
1005,0.380478589
1006,0.379722922
1007,0.37720403
1008,0.37965995
1009,0.379848866
1010,0.376007557
1011,0.370780856
1012,0.372607053
1013,0.371032746
1014,0.372544081
1015,0.373236776
1016,0.375251889
1017,0.37581864
1018,0.375881612
1019,0.375566751
1020,0.377896725
1021,0.380037783
1022,0.37965995
1023,0.377770781
1024,0.374811083
1025,0.369584383
1026,0.369521411
1027,0.367191436
1028,0.361901763
1029,0.361146096
1030,0.364987406
1031,0.362279597
1032,0.36209068
1033,0.361964736
1034,0.360453401
1035,0.363287154
1036,0.364483627
1037,0.364546599
1038,0.365365239
1039,0.368765743
1040,0.370403023
1041,0.375188917
1042,0.379345088
1043,0.375566751
1044,0.374559194
1045,0.374559194
1046,0.369017632
1047,0.365994962
1048,0.363098237
1049,0.362783375
1050,0.358312343
1051,0.351259446
1052,0.354722922
1053,0.353463476
1054,0.354156171
1055,0.354596977
1056,0.353589421
1057,0.352518892
1058,0.351448363
1059,0.351952141
1060,0.351826196
1061,0.348866499
1062,0.351007557
1063,0.356549118
1064,0.362783375
1065,0.36593199
1066,0.368765743
1067,0.369836272
1068,0.379785894
1069,0.381801008
1070,0.377392947
1071,0.374559194
1072,0.369206549
1073,0.369395466
1074,0.367758186
1075,0.367758186
1076,0.371788413
1077,0.374118388
1078,0.380919395
1079,0.382052897
1080,0.379848866
1081,0.382115869
1082,0.37940806
1083,0.378337531
1084,0.376007557
1085,0.373929471
1086,0.375314861
1087,0.373803526
1088,0.370654912
1089,0.3697733
1090,0.370214106
1091,0.373047859
1092,0.381423174
1093,0.384445844
1094,0.387720403
1095,0.378211587
1096,0.370403023
1097,0.367821159
1098,0.370906801
1099,0.36895466
1100,0.369458438
1101,0.37059194
1102,0.373551637
1103,0.378400504
1104,0.374622166
1105,0.372732997
1106,0.371284635
1107,0.372040302
1108,0.372040302
1109,0.374244332
1110,0.372355164
1111,0.371410579
1112,0.371410579
1113,0.369206549
1114,0.365491184
1115,0.362657431
1116,0.360201511
1117,0.355163728
1118,0.35138539
1119,0.350062972
1120,0.346095718
1121,0.341624685
1122,0.33790932
1123,0.333627204
1124,0.331675063
1125,0.332493703
1126,0.33268262
1127,0.333753149
1128,0.334445844
1129,0.331801008
1130,0.331801008
1131,0.332934509
1132,0.331171285
1133,0.326322418
1134,0.32663728
1135,0.329219144
1136,0.330730479
1137,0.33268262
1138,0.334760705
1139,0.335201511
1140,0.337027708
1141,0.335768262
1142,0.333816121
1143,0.332619647
1144,0.331297229
1145,0.331989924
1146,0.330667506
1147,0.33104534
1148,0.332115869
1149,0.332745592
1150,0.333879093
1151,0.333753149
1152,0.334256927
1153,0.335012594
1154,0.333564232
1155,0.335831234
1156,0.336083123
1157,0.333564232
1158,0.334697733
1159,0.335894207
1160,0.33790932
1161,0.340050378
1162,0.340491184
1163,0.342947103
1164,0.347103275
1165,0.350188917
1166,0.352141058
1167,0.354093199
1168,0.351889169
1169,0.349748111
1170,0.349874055
1171,0.351763224
1172,0.351952141
1173,0.352141058
1174,0.356108312
1175,0.363539043
1176,0.362153652
1177,0.360516373
1178,0.360201511
1179,0.357556675
1180,0.35138539
1181,0.347670025
1182,0.352770781
1183,0.35988665
1184,0.362027708
1185,0.361586902
1186,0.358375315
1187,0.356549118
1188,0.354848866
1189,0.35465995
1190,0.354093199
1191,0.352770781
1192,0.352015113
1193,0.348992443
1194,0.347544081
1195,0.345717884
1196,0.3447733
1197,0.344647355
1198,0.346473552
1199,0.347607053
1200,0.348803526
1201,0.350566751
1202,0.350692695
1203,0.350440806
1204,0.351826196
1205,0.353589421
1206,0.353715365
1207,0.348110831
1208,0.351448363
1209,0.357745592
1210,0.363979849
1211,0.362342569
1212,0.366498741
1213,0.369584383
1214,0.372040302
1215,0.370780856
1216,0.368387909
1217,0.368450882
1218,0.372103275
1219,0.369143577
1220,0.370025189
1221,0.370528967
1222,0.375
1223,0.381486146
1224,0.383375315
1225,0.381486146
1226,0.378211587
1227,0.374874055
1228,0.370717884
1229,0.363916877
1230,0.364168766
1231,0.364420655
1232,0.368010076
1233,0.370654912
1234,0.371851385
1235,0.370654912
1236,0.372984887
1237,0.375503778
1238,0.376511335
1239,0.376952141
1240,0.377141058
1241,0.380415617
1242,0.377707809
1243,0.373803526
1244,0.370528967
1245,0.36813602
1246,0.370465995
1247,0.372732997
1248,0.377078086
1249,0.37884131
1250,0.380730479
1251,0.378904282
1252,0.377078086
1253,0.376448363
1254,0.38324937
1255,0.387972292
1256,0.389546599
1257,0.394521411
1258,0.396284635
1259,0.398551637
1260,0.403589421
1261,0.411901763
1262,0.417884131
1263,0.42115869
1264,0.42336272
1265,0.423677582
1266,0.42361461
1267,0.426196474
1268,0.42884131
1269,0.431108312
1270,0.432745592
1271,0.430352645
1272,0.42638539
1273,0.429093199
1274,0.429156171
1275,0.427455919
1276,0.425692695
1277,0.422858942
1278,0.418513854
1279,0.417821159
1280,0.418073048
1281,0.418387909
1282,0.413098237
1283,0.413287154
1284,0.413098237
1285,0.410516373
1286,0.406297229
1287,0.405478589
1288,0.402707809
1289,0.400566751
1290,0.400881612
1291,0.396536524
1292,0.393891688
1293,0.39313602
1294,0.391624685
1295,0.389861461
1296,0.386712846
1297,0.383690176
1298,0.382304786
1299,0.38268262
1300,0.381549118
1301,0.380982368
1302,0.382745592
1303,0.382241814
1304,0.380604534
1305,0.378904282
1306,0.375125945
1307,0.375377834
1308,0.369899244
1309,0.369584383
1310,0.370277078
1311,0.367002519
1312,0.364987406
1313,0.362972292
1314,0.361964736
1315,0.362153652
1316,0.359949622
1317,0.358753149
1318,0.360264484
1319,0.360201511
1320,0.359382872
1321,0.360579345
1322,0.362405542
1323,0.362468514
1324,0.362846348
1325,0.365302267
1326,0.363916877
1327,0.365176322
1328,0.365869018
1329,0.367947103
1330,0.368387909
1331,0.367632242
1332,0.369584383
1333,0.374559194
1334,0.37418136
1335,0.372418136
1336,0.373173804
1337,0.372921914
1338,0.373992443
1339,0.370214106
1340,0.37115869
1341,0.373803526
1342,0.375566751
1343,0.380667506
1344,0.376133501
1345,0.378526448
1346,0.382178841
1347,0.381989924
1348,0.378904282
1349,0.376511335
1350,0.379471033
1351,0.382493703
1352,0.385831234
1353,0.385642317
1354,0.384571788
1355,0.38406801
1356,0.387153652
1357,0.38627204
1358,0.386397985
1359,0.387720403
1360,0.387594458
1361,0.384382872
1362,0.381549118
1363,0.381989924
1364,0.38406801
1365,0.382997481
1366,0.387594458
1367,0.393639798
1368,0.393450882
1369,0.393891688
1370,0.392380353
1371,0.387405542
1372,0.38570529
1373,0.385264484
1374,0.390491184
1375,0.39256927
1376,0.386838791
1377,0.384823678
1378,0.38709068
1379,0.392884131
1380,0.397166247
1381,0.397732997
1382,0.398425693
1383,0.398047859
1384,0.394584383
1385,0.391561713
1386,0.390994962
1387,0.391561713
1388,0.393324937
1389,0.397607053
1390,0.400503778
1391,0.404785894
1392,0.407619647
1393,0.405919395
1394,0.402707809
1395,0.400125945
1396,0.396536524
1397,0.394080605
1398,0.397858942
1399,0.399811083
1400,0.401322418
1401,0.4
1402,0.401511335
1403,0.403085642
1404,0.402833753
1405,0.402581864
1406,0.402833753
1407,0.399685139
1408,0.396851385
1409,0.395088161
1410,0.39559194
1411,0.397355164
1412,0.399874055
1413,0.4052267
1414,0.406989924
1415,0.409697733
1416,0.413413098
1417,0.415239295
1418,0.416624685
1419,0.416624685
1420,0.417002519
1421,0.42059194
1422,0.424496222
1423,0.42581864
1424,0.429848866
1425,0.434508816
1426,0.438664987
1427,0.440491184
1428,0.442065491
1429,0.44697733
1430,0.450314861
1431,0.45138539
1432,0.453715365
1433,0.451952141
1434,0.451889169
1435,0.44861461
1436,0.452392947
1437,0.454030227
1438,0.456297229
1439,0.463979849
1440,0.465869018
1441,0.467065491
1442,0.469206549
1443,0.470906801
1444,0.471410579
1445,0.469962217
1446,0.46813602
1447,0.466939547
1448,0.465302267
1449,0.46731738
1450,0.466309824
1451,0.466813602
1452,0.465869018
1453,0.463476071
1454,0.460201511
1455,0.45686398
1456,0.455415617
1457,0.449811083
1458,0.448047859
1459,0.445277078
1460,0.440617128
1461,0.439168766
1462,0.43790932
1463,0.436083123
1464,0.436649874
1465,0.436712846
1466,0.432241814
1467,0.427455919
1468,0.426196474
1469,0.415239295
1470,0.39011335
1471,0.387342569
1472,0.383942065
1473,0.383438287
1474,0.381612091
1475,0.378715365
1476,0.377833753
1477,0.376700252
1478,0.373866499
1479,0.372544081
1480,0.391876574
1481,0.397858942
1482,0.399307305
1483,0.394710327
1484,0.37802267
1485,0.384760705
1486,0.392758186
1487,0.38709068
1488,0.392002519
1489,0.402329975
1490,0.4
1491,0.399685139
1492,0.398740554
1493,0.397103275
1494,0.394962217
1495,0.390365239
1496,0.389987406
1497,0.394584383
1498,0.394332494
1499,0.394143577
1500,0.395528967
1501,0.397040302
1502,0.400755668
1503,0.405919395
1504,0.403715365
1505,0.405730479
1506,0.407997481
1507,0.410642317
1508,0.412657431
1509,0.416309824
1510,0.415050378
1511,0.414357683
1512,0.414672544
1513,0.414987406
1514,0.419899244
1515,0.421725441
1516,0.422858942
1517,0.422292191
1518,0.418828715
1519,0.416498741
1520,0.418387909
1521,0.421914358
1522,0.421662469
1523,0.42279597
1524,0.422103275
1525,0.420528967
1526,0.421536524
1527,0.424433249
1528,0.425755668
1529,0.425566751
1530,0.426196474
1531,0.423866499
1532,0.421725441
1533,0.420088161
1534,0.419395466
1535,0.424496222
1536,0.428337531
1537,0.428085642
1538,0.427329975
1539,0.423740554
1540,0.420843829
1541,0.418450882
1542,0.411460957
1543,0.413098237
1544,0.415491184
1545,0.415554156
1546,0.41429471
1547,0.412279597
1548,0.413413098
1549,0.416876574
1550,0.420025189
1551,0.419143577
1552,0.417947103
1553,0.417002519
1554,0.41675063
1555,0.417254408
1556,0.414483627
1557,0.411838791
1558,0.413413098
1559,0.415365239
1560,0.415554156
1561,0.416309824
1562,0.414987406
1563,0.410012594
1564,0.406926952
1565,0.409005038
1566,0.411209068
1567,0.412783375
1568,0.413790932
1569,0.413790932
1570,0.420654912
1571,0.427141058
1572,0.426574307
1573,0.42940806
1574,0.431423174
1575,0.430919395
1576,0.432052897
1577,0.433942065
1578,0.436460957
1579,0.438161209
1580,0.436712846
1581,0.43570529
1582,0.436964736
1583,0.424811083
1584,0.419017632
1585,0.420403023
1586,0.421095718
1587,0.42115869
1588,0.43929471
1589,0.442191436
1590,0.439042821
1591,0.439105793
1592,0.443765743
1593,0.445151134
1594,0.4447733
1595,0.44395466
1596,0.443639798
1597,0.442065491
1598,0.439105793
1599,0.436335013
1600,0.433312343
1601,0.435390428
1602,0.438224181
1603,0.43872796
1604,0.436586902
1605,0.434256927
1606,0.433186398
1607,0.434508816
1608,0.432745592
1609,0.425755668
1610,0.412468514
1611,0.410579345
1612,0.409005038
1613,0.408627204
1614,0.412405542
1615,0.414672544
1616,0.413664987
1617,0.414420655
1618,0.413853904
1619,0.411335013
1620,0.409445844
1621,0.420717884
1622,0.427078086
1623,0.421536524
1624,0.41756927
1625,0.416057935
1626,0.414861461
1627,0.413287154
1628,0.411964736
1629,0.41127204
1630,0.412531486
1631,0.410957179
1632,0.407367758
1633,0.408186398
1634,0.409949622
1635,0.412783375
1636,0.415050378
1637,0.421032746
1638,0.422732997
1639,0.429030227
1640,0.431171285
1641,0.435327456
1642,0.436901763
1643,0.440554156
1644,0.440806045
1645,0.438853904
1646,0.43872796
1647,0.435642317
1648,0.43627204
1649,0.434634761
1650,0.435957179
1651,0.434760705
1652,0.436586902
1653,0.440365239
1654,0.446662469
1655,0.451448363
1656,0.452392947
1657,0.454282116
1658,0.455352645
1659,0.457241814
1660,0.45906801
1661,0.457178841
1662,0.457871537
1663,0.458060453
1664,0.456108312
1665,0.459445844
1666,0.462216625
1667,0.462153652
1668,0.461838791
1669,0.466498741
1670,0.468261965
1671,0.466939547
1672,0.463916877
1673,0.45824937
1674,0.456297229
1675,0.455541562
1676,0.457115869
1677,0.45768262
1678,0.456486146
1679,0.460453401
1680,0.460390428
1681,0.459571788
1682,0.459445844
1683,0.459319899
1684,0.459382872
1685,0.457178841
1686,0.453400504
1687,0.454722922
1688,0.459130982
1689,0.454911839
1690,0.455037783
1691,0.454974811
1692,0.455037783
1693,0.454722922
1694,0.454282116
1695,0.451196474
1696,0.44779597
1697,0.444458438
1698,0.443450882
1699,0.441120907
1700,0.438664987
1701,0.437657431
1702,0.438224181
1703,0.437153652
1704,0.436712846
1705,0.436209068
1706,0.433186398
1707,0.432871537
1708,0.431423174
1709,0.426574307
1710,0.424811083
1711,0.425503778
1712,0.422103275
1713,0.408060453
1714,0.410768262
1715,0.417443325
1716,0.418073048
1717,0.417002519
1718,0.418010076
1719,0.419395466
1720,0.417947103
1721,0.42197733
1722,0.422732997
1723,0.421725441
1724,0.420403023
1725,0.420151134
1726,0.420465995
1727,0.419899244
1728,0.418765743
1729,0.418702771
1730,0.415428212
1731,0.413916877
1732,0.412342569
1733,0.408690176
1734,0.405919395
1735,0.407556675
1736,0.40465995
1737,0.404785894
1738,0.407304786
1739,0.409382872
1740,0.411335013
1741,0.41511335
1742,0.415491184
1743,0.415491184
1744,0.413539043
1745,0.412279597
1746,0.413161209
1747,0.415428212
1748,0.418261965
1749,0.420088161
1750,0.422732997
1751,0.424622166
1752,0.424118388
1753,0.425125945
1754,0.425503778
1755,0.426574307
1756,0.428715365
1757,0.430604534
1758,0.431108312
1759,0.431926952
1760,0.431926952
1761,0.433753149
1762,0.435012594
1763,0.442632242
1764,0.449748111
1765,0.454345088
1766,0.453526448
1767,0.451070529
1768,0.452078086
1769,0.453148615
1770,0.453274559
1771,0.455541562
1772,0.458627204
1773,0.457556675
1774,0.46070529
1775,0.465554156
1776,0.466687657
1777,0.468450882
1778,0.469710327
1779,0.471914358
1780,0.471410579
1781,0.47059194
1782,0.469962217
1783,0.467884131
1784,0.464861461
1785,0.461649874
1786,0.460957179
1787,0.459193955
1788,0.458375315
1789,0.457241814
1790,0.458438287
1791,0.460768262
1792,0.46070529
1793,0.459508816
1794,0.45743073
1795,0.45743073
1796,0.458564232
1797,0.458690176
1798,0.460390428
1799,0.460579345
1800,0.45906801
1801,0.457934509
1802,0.456486146
1803,0.455541562
1804,0.453589421
1805,0.449874055
1806,0.446725441
1807,0.448677582
1808,0.448866499
1809,0.448740554
1810,0.448740554
1811,0.448236776
1812,0.444206549
1813,0.440302267
1814,0.440806045
1815,0.440176322
1816,0.438035264
1817,0.43709068
1818,0.436901763
1819,0.436586902
1820,0.438664987
1821,0.439735516
1822,0.440617128
1823,0.443891688
1824,0.4447733
1825,0.4447733
1826,0.445906801
1827,0.446473552
1828,0.44861461
1829,0.444269521
1830,0.447544081
1831,0.454471033
1832,0.453715365
1833,0.454596977
1834,0.453967254
1835,0.460075567
1836,0.460579345
1837,0.457745592
1838,0.457241814
1839,0.458816121
1840,0.457871537
1841,0.458375315
1842,0.457115869
1843,0.455793451
1844,0.458816121
1845,0.460516373
1846,0.459634761
1847,0.461901763
1848,0.462027708
1849,0.459823678
1850,0.456234257
1851,0.454534005
1852,0.451259446
1853,0.450188917
1854,0.449433249
1855,0.451007557
1856,0.450503778
1857,0.451889169
1858,0.453337531
1859,0.455352645
1860,0.456486146
1861,0.457115869
1862,0.463287154
1863,0.461020151
1864,0.461775819
1865,0.458942065
1866,0.459256927
1867,0.459130982
1868,0.459697733
1869,0.458060453
1870,0.462027708
1871,0.462720403
1872,0.460201511
1873,0.461901763
1874,0.459949622
1875,0.455793451
1876,0.452518892
1877,0.451322418
1878,0.45138539
1879,0.452707809
1880,0.452896725
1881,0.453400504
1882,0.45465995
1883,0.453967254
1884,0.4552267
1885,0.456108312
1886,0.454219144
1887,0.452392947
1888,0.448740554
1889,0.446284635
1890,0.443639798
1891,0.442884131
1892,0.443450882
1893,0.441939547
1894,0.444962217
1895,0.447607053
1896,0.447103275
1897,0.444899244
1898,0.441939547
1899,0.439987406
1900,0.438979849
1901,0.440239295
1902,0.44093199
1903,0.441120907
1904,0.442632242
1905,0.443261965
1906,0.443828715
1907,0.445465995
1908,0.439798489
1909,0.44256927
1910,0.442821159
1911,0.44256927
1912,0.44011335
1913,0.438287154
1914,0.436523929
1915,0.436209068
1916,0.433627204
1917,0.434571788
1918,0.436712846
1919,0.439042821
1920,0.438350126
1921,0.438098237
1922,0.437027708
1923,0.43570529
1924,0.434571788
1925,0.43488665
1926,0.438287154
1927,0.439168766
1928,0.438350126
1929,0.439672544
1930,0.441939547
1931,0.449433249
1932,0.449055416
1933,0.448425693
1934,0.447292191
1935,0.442443325
1936,0.443450882
1937,0.44313602
1938,0.444206549
1939,0.444080605
1940,0.444269521
1941,0.442128463
1942,0.443387909
1943,0.449055416
1944,0.449811083
1945,0.446032746
1946,0.445214106
1947,0.444017632
1948,0.441498741
1949,0.441813602
1950,0.441372796
1951,0.44231738
1952,0.441561713
1953,0.440806045
1954,0.441246851
1955,0.441939547
1956,0.437279597
1957,0.433690176
1958,0.434005038
1959,0.433375315
1960,0.434445844
1961,0.433186398
1962,0.433627204
1963,0.434382872
1964,0.433564232
1965,0.431360202
1966,0.43243073
1967,0.43406801
1968,0.433375315
1969,0.432304786
1970,0.431297229
1971,0.427581864
1972,0.42802267
1973,0.430478589
1974,0.432052897
1975,0.431926952
1976,0.432493703
1977,0.433753149
1978,0.431360202
1979,0.433501259
1980,0.434005038
1981,0.43268262
1982,0.430856423
1983,0.4302267
1984,0.4302267
1985,0.42965995
1986,0.427644836
1987,0.429345088
1988,0.430919395
1989,0.434382872
1990,0.436020151
1991,0.435894207
1992,0.435453401
1993,0.434382872
1994,0.431612091
1995,0.430415617
1996,0.43104534
1997,0.432052897
1998,0.43186398
1999,0.436209068
2000,0.441183879
2001,0.439231738
2002,0.43872796
2003,0.440491184
2004,0.439861461
2005,0.439609572
2006,0.439672544
2007,0.436712846
2008,0.439231738
2009,0.439042821
2010,0.439231738
2011,0.43929471
2012,0.438350126
2013,0.438287154
2014,0.438098237
2015,0.437342569
2016,0.43488665
2017,0.437531486
2018,0.434508816
2019,0.434697733
2020,0.435201511
2021,0.433942065
2022,0.435327456
2023,0.437594458
2024,0.436020151
2025,0.437405542
2026,0.433816121
2027,0.436649874
2028,0.435327456
2029,0.433564232
2030,0.432997481
2031,0.430541562
2032,0.431360202
2033,0.430163728
2034,0.428085642
2035,0.426574307
2036,0.427267003
2037,0.42663728
2038,0.424748111
2039,0.42279597
2040,0.422418136
2041,0.421473552
2042,0.421410579
2043,0.420151134
2044,0.420151134
2045,0.421536524
2046,0.426007557
2047,0.430100756
2048,0.426007557
2049,0.421851385
2050,0.419647355
2051,0.418828715
2052,0.414924433
2053,0.414987406
2054,0.413853904
2055,0.414168766
2056,0.415365239
2057,0.416372796
2058,0.419269521
2059,0.41675063
2060,0.417254408
2061,0.413098237
2062,0.411460957
2063,0.409445844
2064,0.408942065
2065,0.408627204
2066,0.406486146
2067,0.403778338
2068,0.401511335
2069,0.401007557
2070,0.401952141
2071,0.402833753
2072,0.405667506
2073,0.403652393
2074,0.403715365
2075,0.400566751
2076,0.401259446
2077,0.400503778
2078,0.39836272
2079,0.398992443
2080,0.400251889
2081,0.403085642
2082,0.403211587
2083,0.404030227
2084,0.406360202
2085,0.407871537
2086,0.413224181
2087,0.412846348
2088,0.416813602
2089,0.414861461
2090,0.412783375
2091,0.410327456
2092,0.410768262
2093,0.411775819
2094,0.410768262
2095,0.409256927
2096,0.408186398
2097,0.405793451
2098,0.402581864
2099,0.402455919
2100,0.402078086
2101,0.402707809
2102,0.397858942
2103,0.396851385
2104,0.391120907
2105,0.384634761
2106,0.385075567
2107,0.385768262
2108,0.382241814
2109,0.377644836
2110,0.382808564
2111,0.38709068
2112,0.390428212
2113,0.39313602
2114,0.39313602
2115,0.39313602
2116,0.392884131
2117,0.394521411
2118,0.397732997
2119,0.401007557
2120,0.404534005
2121,0.404722922
2122,0.399874055
2123,0.396473552
2124,0.394017632
2125,0.389042821
2126,0.384319899
2127,0.382745592
2128,0.381234257
2129,0.377833753
2130,0.379471033
2131,0.383123426
2132,0.38488665
2133,0.383627204
2134,0.384193955
2135,0.386901763
2136,0.385642317
2137,0.389231738
2138,0.394080605
2139,0.394899244
2140,0.395717884
2141,0.396536524
2142,0.399307305
2143,0.403778338
2144,0.404848866
2145,0.402581864
2146,0.402518892
2147,0.399559194
2148,0.395528967
2149,0.392191436
2150,0.388350126
2151,0.387720403
2152,0.384508816
2153,0.381612091
2154,0.383312343
2155,0.384130982
2156,0.385642317
2157,0.384319899
2158,0.385957179
2159,0.383501259
2160,0.38570529
2161,0.38709068
2162,0.388602015
2163,0.388916877
2164,0.387846348
2165,0.390302267
2166,0.392191436
2167,0.392254408
2168,0.392884131
2169,0.38929471
2170,0.388161209
2171,0.389546599
2172,0.395780856
2173,0.397858942
2174,0.397921914
2175,0.398488665
2176,0.397921914
2177,0.398047859
2178,0.399685139
2179,0.404722922
2180,0.404911839
2181,0.403904282
2182,0.404219144
2183,0.405415617
2184,0.40988665
2185,0.409823678
2186,0.405982368
2187,0.405793451
2188,0.408501259
2189,0.410201511
2190,0.412783375
2191,0.413664987
2192,0.414168766
2193,0.414546599
2194,0.412783375
2195,0.411523929
2196,0.410768262
2197,0.411020151
2198,0.410579345
2199,0.409319899
2200,0.410264484
2201,0.411838791
2202,0.414105793
2203,0.412405542
2204,0.415743073
2205,0.41731738
2206,0.413413098
2207,0.414987406
2208,0.417884131
2209,0.417254408
2210,0.417380353
2211,0.420403023
2212,0.414546599
2213,0.415617128
2214,0.417443325
2215,0.420151134
2216,0.422732997
2217,0.426826196
2218,0.429219144
2219,0.429974811
2220,0.42884131
2221,0.428589421
2222,0.433123426
2223,0.432367758
2224,0.431801008
2225,0.436020151
2226,0.440176322
2227,0.440869018
2228,0.438664987
2229,0.439861461
2230,0.441435768
2231,0.441876574
2232,0.440680101
2233,0.441813602
2234,0.442254408
2235,0.439609572
2236,0.435453401
2237,0.436020151
2238,0.440239295
2239,0.438161209
2240,0.441435768
2241,0.443198992
2242,0.441876574
2243,0.441624685
2244,0.44093199
2245,0.441624685
2246,0.444710327
2247,0.447229219
2248,0.451448363
2249,0.453715365
2250,0.456360202
2251,0.456926952
2252,0.456738035
2253,0.457934509
2254,0.461586902
2255,0.463790932
2256,0.464924433
2257,0.464672544
2258,0.461209068
2259,0.457745592
2260,0.453526448
2261,0.454030227
2262,0.454848866
2263,0.45768262
2264,0.460138539
2265,0.461460957
2266,0.463476071
2267,0.463602015
2268,0.463035264
2269,0.461523929
2270,0.460075567
2271,0.458753149
2272,0.457115869
2273,0.456738035
2274,0.456926952
2275,0.457052897
2276,0.457178841
2277,0.454848866
2278,0.454722922
2279,0.454596977
2280,0.455289673
2281,0.454156171
2282,0.453085642
2283,0.451196474
2284,0.447040302
2285,0.443387909
2286,0.440239295
2287,0.439609572
2288,0.439105793
2289,0.438413098
2290,0.434697733
2291,0.43324937
2292,0.439357683
2293,0.440806045
2294,0.435075567
2295,0.432115869
2296,0.428463476
2297,0.427455919
2298,0.426826196
2299,0.42638539
2300,0.428652393
2301,0.428148615
2302,0.430541562
2303,0.429093199
2304,0.429785894
2305,0.42940806
2306,0.428211587
2307,0.42336272
2308,0.421473552
2309,0.42361461
2310,0.424622166
2311,0.426889169
2312,0.428652393
2313,0.429722922
2314,0.429030227
2315,0.427959698
2316,0.425
2317,0.418576826
2318,0.415806045
2319,0.410579345
2320,0.41070529
2321,0.412783375
2322,0.412657431
2323,0.415869018
2324,0.417506297
2325,0.410642317
2326,0.416435768
2327,0.41895466
2328,0.42197733
2329,0.422103275
2330,0.422732997
2331,0.424055416
2332,0.422858942
2333,0.424748111
2334,0.425188917
2335,0.431612091
2336,0.436586902
2337,0.435453401
2338,0.447481108
2339,0.45302267
2340,0.45604534
2341,0.45465995
2342,0.453967254
2343,0.453085642
2344,0.444899244
2345,0.441939547
2346,0.437279597
2347,0.433816121
2348,0.434319899
2349,0.433312343
2350,0.435327456
2351,0.437342569
2352,0.438098237
2353,0.436586902
2354,0.435831234
2355,0.431171285
2356,0.427707809
2357,0.424118388
2358,0.420654912
2359,0.419143577
2360,0.420969773
2361,0.419710327
2362,0.423173804
2363,0.424244332
2364,0.424811083
2365,0.428337531
2366,0.430982368
2367,0.432115869
2368,0.433564232
2369,0.430667506
2370,0.427707809
2371,0.430037783
2372,0.429534005
2373,0.431801008
2374,0.435453401
2375,0.439609572
2376,0.441813602
2377,0.442947103
2378,0.443198992
2379,0.43929471
2380,0.435390428
2381,0.43406801
2382,0.433816121
2383,0.433123426
2384,0.434571788
2385,0.438790932
2386,0.442632242
2387,0.446284635
2388,0.446599496
2389,0.447858942
2390,0.448929471
2391,0.446662469
2392,0.442632242
2393,0.441120907
2394,0.442191436
2395,0.444332494
2396,0.441624685
2397,0.439798489
2398,0.441120907
2399,0.443073048
2400,0.440869018
2401,0.440743073
2402,0.438979849
2403,0.437216625
2404,0.436649874
2405,0.435642317
2406,0.436523929
2407,0.435579345
2408,0.435642317
2409,0.43570529
2410,0.439798489
2411,0.442254408
2412,0.446095718
2413,0.436901763
2414,0.444332494
2415,0.446347607
2416,0.443702771
2417,0.440743073
2418,0.439105793
2419,0.438664987
2420,0.440743073
2421,0.43872796
2422,0.440554156
2423,0.442506297
2424,0.441813602
2425,0.439798489
2426,0.437783375
2427,0.434382872
2428,0.430604534
2429,0.428400504
2430,0.429030227
2431,0.431801008
2432,0.431989924
2433,0.430541562
2434,0.437342569
2435,0.436586902
2436,0.437342569
2437,0.43627204
2438,0.432808564
2439,0.429471033
2440,0.424496222
2441,0.421725441
2442,0.424244332
2443,0.426259446
2444,0.424685139
2445,0.428463476
2446,0.427141058
2447,0.432367758
2448,0.434823678
2449,0.435138539
2450,0.434634761
2451,0.429596977
2452,0.424496222
2453,0.424811083
2454,0.42115869
2455,0.41675063
2456,0.424433249
2457,0.425
2458,0.42336272
2459,0.422732997
2460,0.420906801
2461,0.415365239
2462,0.411649874
2463,0.409508816
2464,0.405478589
2465,0.405037783
2466,0.405478589
2467,0.40465995
2468,0.400755668
2469,0.39779597
2470,0.393450882
2471,0.39256927
2472,0.394458438
2473,0.391498741
2474,0.388287154
2475,0.389105793
2476,0.389042821
2477,0.38790932
2478,0.387720403
2479,0.389735516
2480,0.389924433
2481,0.389420655
2482,0.389483627
2483,0.389420655
2484,0.391687657
2485,0.391246851
2486,0.387027708
2487,0.38627204
2488,0.38488665
2489,0.382745592
2490,0.383438287
2491,0.388161209
2492,0.38790932
2493,0.384256927
2494,0.379030227
2495,0.378463476
2496,0.379282116
2497,0.376196474
2498,0.374811083
2499,0.375566751
2500,0.374496222
2501,0.372544081
2502,0.376511335
2503,0.378526448
2504,0.376826196
2505,0.377267003
2506,0.382745592
2507,0.384760705
2508,0.384697733
2509,0.383879093
2510,0.37965995
2511,0.377518892
2512,0.375251889
2513,0.374244332
2514,0.373992443
2515,0.373866499
2516,0.374118388
2517,0.376448363
2518,0.376574307
2519,0.378526448
2520,0.38243073
2521,0.378526448
2522,0.376511335
2523,0.37638539
2524,0.374559194
2525,0.373425693
2526,0.374874055
2527,0.379156171
2528,0.381234257
2529,0.377896725
2530,0.384256927
2531,0.389483627
2532,0.391498741
2533,0.393261965
2534,0.390680101
2535,0.387972292
2536,0.388287154
2537,0.389798489
2538,0.388979849
2539,0.389420655
2540,0.390302267
2541,0.389861461
2542,0.393387909
2543,0.397670025
2544,0.400629723
2545,0.402707809
2546,0.402455919
2547,0.401952141
2548,0.400188917
2549,0.4
2550,0.399937028
2551,0.4
2552,0.40081864
2553,0.398803526
2554,0.403085642
2555,0.408564232
2556,0.41070529
2557,0.412657431
2558,0.414609572
2559,0.413287154
2560,0.410768262
2561,0.40743073
2562,0.407808564
2563,0.407997481
2564,0.407871537
2565,0.408501259
2566,0.408627204
2567,0.409005038
2568,0.411901763
2569,0.41372796
2570,0.410075567
2571,0.40824937
2572,0.406171285
2573,0.40604534
2574,0.403274559
2575,0.406549118
2576,0.405289673
2577,0.408501259
2578,0.409697733
2579,0.401763224
2580,0.396914358
2581,0.403085642
2582,0.407178841
2583,0.40604534
2584,0.40604534
2585,0.408942065
2586,0.412216625
2587,0.413224181
2588,0.414735516
2589,0.412468514
2590,0.41290932
2591,0.413979849
2592,0.415302267
2593,0.414483627
2594,0.412846348
2595,0.411523929
2596,0.412405542
2597,0.414105793
2598,0.416120907
2599,0.413916877
2600,0.414609572
2601,0.41511335
2602,0.413664987
2603,0.404282116
2604,0.397229219
2605,0.397732997
2606,0.403967254
2607,0.407115869
2608,0.410264484
2609,0.409445844
2610,0.409382872
2611,0.41127204
2612,0.411020151
2613,0.411649874
2614,0.411838791
2615,0.411020151
2616,0.409130982
2617,0.408816121
2618,0.409130982
2619,0.409508816
2620,0.409823678
2621,0.411146096
2622,0.411964736
2623,0.412594458
2624,0.414105793
2625,0.415302267
2626,0.414042821
2627,0.413350126
2628,0.413476071
2629,0.414861461
2630,0.412657431
2631,0.412594458
2632,0.413413098
2633,0.412657431
2634,0.411964736
2635,0.413916877
2636,0.416309824
2637,0.415176322
2638,0.415994962
2639,0.416120907
2640,0.413853904
2641,0.413161209
2642,0.410831234
2643,0.41127204
2644,0.413539043
2645,0.414420655
2646,0.415176322
2647,0.420277078
2648,0.424244332
2649,0.42581864
2650,0.424559194
2651,0.425125945
2652,0.424307305
2653,0.422544081
2654,0.419836272
2655,0.419458438
2656,0.418010076
2657,0.417254408
2658,0.417695214
2659,0.418576826
2660,0.422292191
2661,0.42336272
2662,0.42197733
2663,0.420025189
2664,0.42115869
2665,0.421599496
2666,0.418261965
2667,0.416876574
2668,0.418891688
2669,0.421095718
2670,0.42034005
2671,0.421914358
2672,0.413350126
2673,0.372355164
2674,0.365554156
2675,0.368324937
2676,0.367002519
2677,0.364483627
2678,0.36511335
2679,0.362531486
2680,0.4052267
2681,0.421095718
2682,0.423551637
2683,0.425314861
2684,0.425692695
2685,0.427141058
2686,0.431108312
2687,0.431297229
2688,0.430352645
2689,0.427581864
2690,0.425629723
2691,0.425251889
2692,0.424811083
2693,0.427455919
2694,0.425755668
2695,0.424685139
2696,0.425251889
2697,0.425566751
2698,0.427267003
2699,0.425251889
2700,0.424496222
2701,0.425755668
2702,0.42720403
2703,0.42581864
2704,0.423740554
2705,0.424685139
2706,0.427015113
2707,0.427267003
2708,0.429596977
2709,0.431486146
2710,0.435453401
2711,0.437216625
2712,0.438790932
2713,0.439924433
2714,0.440302267
2715,0.437783375
2716,0.436775819
2717,0.44175063
2718,0.446284635
2719,0.449559194
2720,0.453652393
2721,0.454974811
2722,0.454030227
2723,0.454974811
2724,0.45465995
2725,0.452015113
2726,0.452329975
2727,0.453148615
2728,0.453526448
2729,0.454722922
2730,0.4552267
2731,0.454219144
2732,0.456926952
2733,0.460012594
2734,0.45988665
2735,0.460327456
2736,0.463664987
2737,0.463790932
2738,0.461460957
2739,0.459634761
2740,0.459634761
2741,0.455478589
2742,0.457934509
2743,0.461838791
2744,0.463664987
2745,0.463602015
2746,0.471221662
2747,0.469647355
2748,0.467947103
2749,0.469710327
2750,0.471662469
2751,0.46895466
2752,0.466435768
2753,0.468073048
2754,0.469647355
2755,0.469836272
2756,0.470969773
2757,0.474433249
2758,0.487972292
2759,0.491813602
2760,0.493702771
2761,0.493639798
2762,0.492065491
2763,0.491624685
2764,0.49093199
2765,0.489105793
2766,0.489420655
2767,0.489168766
2768,0.490617128
2769,0.495151134
2770,0.501007557
2771,0.50440806
2772,0.508438287
2773,0.507808564
2774,0.509697733
2775,0.511649874
2776,0.511649874
2777,0.513916877
2778,0.513413098
2779,0.512594458
2780,0.512468514
2781,0.514105793
2782,0.516309824
2783,0.517002519
2784,0.516057935
2785,0.51290932
2786,0.511901763
2787,0.510642317
2788,0.506486146
2789,0.502707809
2790,0.502833753
2791,0.504219144
2792,0.505982368
2793,0.503337531
2794,0.502392947
2795,0.502141058
2796,0.502267003
2797,0.50220403
2798,0.502141058
2799,0.500881612
2800,0.498425693
2801,0.496347607
2802,0.493073048
2803,0.491813602
2804,0.490365239
2805,0.490617128
2806,0.490365239
2807,0.490680101
2808,0.492758186
2809,0.493891688
2810,0.496221662
2811,0.496599496
2812,0.4947733
2813,0.492821159
2814,0.490176322
2815,0.490365239
2816,0.48872796
2817,0.485516373
2818,0.485201511
2819,0.487027708
2820,0.486775819
2821,0.484949622
2822,0.484949622
2823,0.486146096
2824,0.484382872
2825,0.485894207
2826,0.482556675
2827,0.47940806
2828,0.477455919
2829,0.475
2830,0.472984887
2831,0.472481108
2832,0.474559194
2833,0.475125945
2834,0.474307305
2835,0.474307305
2836,0.473803526
2837,0.472670025
2838,0.473992443
2839,0.472103275
2840,0.47059194
2841,0.469017632
2842,0.469647355
2843,0.471599496
2844,0.473110831
2845,0.475881612
2846,0.480604534
2847,0.484005038
2848,0.485327456
2849,0.484508816
2850,0.483501259
2851,0.485642317
2852,0.483375315
2853,0.482556675
2854,0.483879093
2855,0.48406801
2856,0.484571788
2857,0.48268262
2858,0.483627204
2859,0.483186398
2860,0.480919395
2861,0.479534005
2862,0.475566751
2863,0.475692695
2864,0.47802267
2865,0.479093199
2866,0.482493703
2867,0.49313602
2868,0.496095718
2869,0.494017632
2870,0.495528967
2871,0.493324937
2872,0.490302267
2873,0.488790932
2874,0.485768262
2875,0.482619647
2876,0.478463476
2877,0.477644836
2878,0.479345088
2879,0.477644836
2880,0.478526448
2881,0.47638539
2882,0.475125945
2883,0.474055416
2884,0.471725441
2885,0.468891688
2886,0.468261965
2887,0.466687657
2888,0.466057935
2889,0.463350126
2890,0.460264484
2891,0.457367758
2892,0.450377834
2893,0.445780856
2894,0.444647355
2895,0.442380353
2896,0.439042821
2897,0.433375315
2898,0.428526448
2899,0.423551637
2900,0.421536524
2901,0.422607053
2902,0.422481108
2903,0.421599496
2904,0.421599496
2905,0.420717884
2906,0.419458438
2907,0.41813602
2908,0.415869018
2909,0.414546599
2910,0.413602015
2911,0.410831234
2912,0.413098237
2913,0.416561713
2914,0.419332494
2915,0.42663728
2916,0.42720403
2917,0.425377834
2918,0.427015113
2919,0.428526448
2920,0.431108312
2921,0.431423174
2922,0.433564232
2923,0.436335013
2924,0.436397985
2925,0.439042821
2926,0.443198992
2927,0.442128463
2928,0.447166247
2929,0.452392947
2930,0.457808564
2931,0.462531486
2932,0.467506297
2933,0.468073048
2934,0.475944584
2935,0.476448363
2936,0.47581864
2937,0.475440806
2938,0.477581864
2939,0.481926952
2940,0.482304786
2941,0.488224181
2942,0.490743073
2943,0.488035264
2944,0.485138539
2945,0.482367758
2946,0.483879093
2947,0.483879093
2948,0.483123426
2949,0.484130982
2950,0.484382872
2951,0.480667506
2952,0.480856423
2953,0.480856423
2954,0.48186398
2955,0.483438287
2956,0.48243073
2957,0.479911839
2958,0.477959698
2959,0.475251889
2960,0.471347607
2961,0.468702771
2962,0.466498741
2963,0.466876574
2964,0.467884131
2965,0.470214106
2966,0.467002519
2967,0.465050378
2968,0.464609572
2969,0.464483627
2970,0.461838791
2971,0.45743073
2972,0.456612091
2973,0.458753149
2974,0.460390428
2975,0.460831234
2976,0.461460957
2977,0.461838791
2978,0.460012594
2979,0.458564232
2980,0.45824937
2981,0.459508816
2982,0.458501259
2983,0.458438287
2984,0.459319899
2985,0.458312343
2986,0.45824937
2987,0.454471033
2988,0.45081864
2989,0.451763224
2990,0.451259446
2991,0.446347607
2992,0.443450882
2993,0.441498741
2994,0.437279597
2995,0.431360202
2996,0.430856423
2997,0.431171285
2998,0.430856423
2999,0.432493703
3000,0.435075567
3001,0.433564232
3002,0.433123426
3003,0.432556675
3004,0.429282116
3005,0.423866499
3006,0.426826196
3007,0.435390428
3008,0.436901763
3009,0.437846348
3010,0.440869018
3011,0.447607053
3012,0.453211587
3013,0.45220403
3014,0.45163728
3015,0.451700252
3016,0.452015113
3017,0.452644836
3018,0.453400504
3019,0.451952141
3020,0.453589421
3021,0.455667506
3022,0.453211587
3023,0.45686398
3024,0.458501259
3025,0.45824937
3026,0.460075567
3027,0.460012594
3028,0.459005038
3029,0.460642317
3030,0.462216625
3031,0.463098237
3032,0.463287154
3033,0.465365239
3034,0.465680101
3035,0.464231738
3036,0.465680101
3037,0.468765743
3038,0.469458438
3039,0.468324937
3040,0.466057935
3041,0.465680101
3042,0.464042821
3043,0.461586902
3044,0.462405542
3045,0.467065491
3046,0.470277078
3047,0.4697733
3048,0.473425693
3049,0.470214106
3050,0.470277078
3051,0.468010076
3052,0.467506297
3053,0.46593199
3054,0.465617128
3055,0.466246851
3056,0.461838791
3057,0.461586902
3058,0.459949622
3059,0.460390428
3060,0.464861461
3061,0.461712846
3062,0.462027708
3063,0.456738035
3064,0.45604534
3065,0.457178841
3066,0.457997481
3067,0.46127204
3068,0.462468514
3069,0.466687657
3070,0.463287154
3071,0.463539043
3072,0.463161209
3073,0.462027708
3074,0.45768262
3075,0.455415617
3076,0.452644836
3077,0.447481108
3078,0.448551637
3079,0.44918136
3080,0.448299748
3081,0.446788413
3082,0.446851385
3083,0.451700252
3084,0.459760705
3085,0.45743073
3086,0.45824937
3087,0.459823678
3088,0.461146096
3089,0.466183879
3090,0.468765743
3091,0.4697733
3092,0.468828715
3093,0.468450882
3094,0.470403023
3095,0.469647355
3096,0.471032746
3097,0.471347607
3098,0.469269521
3099,0.471095718
3100,0.469521411
3101,0.46756927
3102,0.469143577
3103,0.468639798
3104,0.468198992
3105,0.468513854
3106,0.470088161
3107,0.47418136
3108,0.475314861
3109,0.472544081
3110,0.474811083
3111,0.476070529
3112,0.475944584
3113,0.478526448
3114,0.479596977
3115,0.480415617
3116,0.48186398
3117,0.482745592
3118,0.482304786
3119,0.482367758
3120,0.482493703
3121,0.483375315
3122,0.484256927
3123,0.48268262
3124,0.481234257
3125,0.480919395
3126,0.480352645
3127,0.483186398
3128,0.480163728
3129,0.476007557
3130,0.475503778
3131,0.474559194
3132,0.473740554
3133,0.473866499
3134,0.474937028
3135,0.475
3136,0.475629723
3137,0.478715365
3138,0.482871537
3139,0.488790932
3140,0.490680101
3141,0.494962217
3142,0.500566751
3143,0.50138539
3144,0.50302267
3145,0.502644836
3146,0.50163728
3147,0.502141058
3148,0.504722922
3149,0.508060453
3150,0.509319899
3151,0.513790932
3152,0.517506297
3153,0.518765743
3154,0.512972292
3155,0.495969773
3156,0.466120907
3157,0.466183879
3158,0.496347607
3159,0.518765743
3160,0.527896725
3161,0.526007557
3162,0.523488665
3163,0.519899244
3164,0.516183879
3165,0.514546599
3166,0.51429471
3167,0.510894207
3168,0.509005038
3169,0.506738035
3170,0.502833753
3171,0.49836272
3172,0.492128463
3173,0.485264484
3174,0.478337531
3175,0.472544081
3176,0.467065491
3177,0.467506297
3178,0.472166247
3179,0.47638539
3180,0.489735516
3181,0.497418136
3182,0.500944584
3183,0.499937028
3184,0.495151134
3185,0.495214106
3186,0.493450882
3187,0.491120907
3188,0.49093199
3189,0.490806045
3190,0.48929471
3191,0.490617128
3192,0.492632242
3193,0.490743073
3194,0.489672544
3195,0.486838791
3196,0.482052897
3197,0.481612091
3198,0.483753149
3199,0.484319899
3200,0.482493703
3201,0.482241814
3202,0.482619647
3203,0.489042821
3204,0.490806045
3205,0.492380353
3206,0.488664987
3207,0.484571788
3208,0.481423174
3209,0.481234257
3210,0.479093199
3211,0.479471033
3212,0.47802267
3213,0.477455919
3214,0.472921914
3215,0.472229219
3216,0.470969773
3217,0.471032746
3218,0.467191436
3219,0.463161209
3220,0.456801008
3221,0.453400504
3222,0.453211587
3223,0.452141058
3224,0.456675063
3225,0.455289673
3226,0.452329975
3227,0.454156171
3228,0.455667506
3229,0.453652393
3230,0.452078086
3231,0.451448363
3232,0.448173804
3233,0.442065491
3234,0.44175063
3235,0.442443325
3236,0.442947103
3237,0.443261965
3238,0.443891688
3239,0.443828715
3240,0.439357683
3241,0.430856423
3242,0.422858942
3243,0.415176322
3244,0.411020151
3245,0.411712846
3246,0.411712846
3247,0.412783375
3248,0.421914358
3249,0.433627204
3250,0.441939547
3251,0.44559194
3252,0.44861461
3253,0.447040302
3254,0.445151134
3255,0.442506297
3256,0.438161209
3257,0.437594458
3258,0.436964736
3259,0.437594458
3260,0.436460957
3261,0.438035264
3262,0.440617128
3263,0.443576826
3264,0.448236776
3265,0.448425693
3266,0.447858942
3267,0.446914358
3268,0.444584383
3269,0.441687657
3270,0.447732997
3271,0.451826196
3272,0.449874055
3273,0.451070529
3274,0.451322418
3275,0.453715365
3276,0.453589421
3277,0.450314861
3278,0.450062972
3279,0.451259446
3280,0.45081864
3281,0.453211587
3282,0.456171285
3283,0.455289673
3284,0.456360202
3285,0.457304786
3286,0.459319899
3287,0.459256927
3288,0.459508816
3289,0.459823678
3290,0.458438287
3291,0.45743073
3292,0.454974811
3293,0.452392947
3294,0.453589421
3295,0.454156171
3296,0.45465995
3297,0.453967254
3298,0.455037783
3299,0.453463476
3300,0.452015113
3301,0.450629723
3302,0.44861461
3303,0.449307305
3304,0.447292191
3305,0.447481108
3306,0.447292191
3307,0.444647355
3308,0.443891688
3309,0.443513854
3310,0.443073048
3311,0.442758186
3312,0.443513854
3313,0.444332494
3314,0.444206549
3315,0.444458438
3316,0.442947103
3317,0.441498741
3318,0.442632242
3319,0.443073048
3320,0.445277078
3321,0.446914358
3322,0.447418136
3323,0.449622166
3324,0.448488665
3325,0.448425693
3326,0.445277078
3327,0.446788413
3328,0.444269521
3329,0.445780856
3330,0.445969773
3331,0.450125945
3332,0.456612091
3333,0.459193955
3334,0.462972292
3335,0.462405542
3336,0.462342569
3337,0.466813602
3338,0.470528967
3339,0.471095718
3340,0.469017632
3341,0.469206549
3342,0.476070529
3343,0.481297229
3344,0.490869018
3345,0.502267003
3346,0.519899244
3347,0.533564232
3348,0.540680101
3349,0.54231738
3350,0.540428212
3351,0.541183879
3352,0.544143577
3353,0.538224181
3354,0.533438287
3355,0.526952141
3356,0.521473552
3357,0.517065491
3358,0.519269521
3359,0.515869018
3360,0.512972292
3361,0.507493703
3362,0.498866499
3363,0.487342569
3364,0.476574307
3365,0.468765743
3366,0.460327456
3367,0.450755668
3368,0.454156171
3369,0.453337531
3370,0.449433249
3371,0.442632242
3372,0.457367758
3373,0.465994962
3374,0.463476071
3375,0.460516373
3376,0.461083123
3377,0.465050378
3378,0.470088161
3379,0.4697733
3380,0.475944584
3381,0.475755668
3382,0.475062972
3383,0.475062972
3384,0.476574307
3385,0.476322418
3386,0.47802267
3387,0.47663728
3388,0.476322418
3389,0.477833753
3390,0.478463476
3391,0.481297229
3392,0.483564232
3393,0.484256927
3394,0.481989924
3395,0.482115869
3396,0.48186398
3397,0.484382872
3398,0.481612091
3399,0.483060453
3400,0.484697733
3401,0.486775819
3402,0.487279597
3403,0.486775819
3404,0.486775819
3405,0.487594458
3406,0.494647355
3407,0.497418136
3408,0.501259446
3409,0.501133501
3410,0.501574307
3411,0.499874055
3412,0.493828715
3413,0.493073048
3414,0.495277078
3415,0.49615869
3416,0.49697733
3417,0.498173804
3418,0.49836272
3419,0.495906801
3420,0.499559194
3421,0.502770781
3422,0.502770781
3423,0.502455919
3424,0.501007557
3425,0.498803526
3426,0.500314861
3427,0.503148615
3428,0.503904282
3429,0.505541562
3430,0.508312343
3431,0.509193955
3432,0.509697733
3433,0.511083123
3434,0.508375315
3435,0.503589421
3436,0.50138539
3437,0.501007557
3438,0.501133501
3439,0.501070529
3440,0.503715365
3441,0.503211587
3442,0.505730479
3443,0.50906801
3444,0.513035264
3445,0.516309824
3446,0.517002519
3447,0.512783375
3448,0.513224181
3449,0.515302267
3450,0.515617128
3451,0.516876574
3452,0.519269521
3453,0.521599496
3454,0.521284635
3455,0.520528967
3456,0.520277078
3457,0.521095718
3458,0.521221662
3459,0.519584383
3460,0.51731738
3461,0.523866499
3462,0.524055416
3463,0.523740554
3464,0.526259446
3465,0.527455919
3466,0.528589421
3467,0.529345088
3468,0.528337531
3469,0.528778338
3470,0.530856423
3471,0.532178841
3472,0.531926952
3473,0.531486146
3474,0.531486146
3475,0.530289673
3476,0.533123426
3477,0.535201511
3478,0.538224181
3479,0.537720403
3480,0.536397985
3481,0.537216625
3482,0.537594458
3483,0.536901763
3484,0.530352645
3485,0.511712846
3486,0.511020151
3487,0.50988665
3488,0.501007557
3489,0.503904282
3490,0.513664987
3491,0.515869018
3492,0.50824937
3493,0.503778338
3494,0.513035264
3495,0.535138539
3496,0.538413098
3497,0.537153652
3498,0.536901763
3499,0.538476071
3500,0.540428212
3501,0.541498741
3502,0.540806045
3503,0.538790932
3504,0.538098237
3505,0.537972292
3506,0.538476071
3507,0.536397985
3508,0.530478589
3509,0.527267003
3510,0.527392947
3511,0.530352645
3512,0.533312343
3513,0.53406801
3514,0.535453401
3515,0.537405542
3516,0.535138539
3517,0.538161209
3518,0.538979849
3519,0.537846348
3520,0.536020151
3521,0.537405542
3522,0.540491184
3523,0.540302267
3524,0.538916877
3525,0.538853904
3526,0.539231738
3527,0.538287154
3528,0.538035264
3529,0.537027708
3530,0.534571788
3531,0.529093199
3532,0.526259446
3533,0.525125945
3534,0.524622166
3535,0.527518892
3536,0.528274559
3537,0.534949622
3538,0.535957179
3539,0.534697733
3540,0.534256927
3541,0.534760705
3542,0.533186398
3543,0.535075567
3544,0.525755668
3545,0.523929471
3546,0.523425693
3547,0.520214106
3548,0.515994962
3549,0.513539043
3550,0.510453401
3551,0.510957179
3552,0.510390428
3553,0.51070529
3554,0.507619647
3555,0.503715365
3556,0.502644836
3557,0.50220403
3558,0.503904282
3559,0.503967254
3560,0.50440806
3561,0.503526448
3562,0.501574307
3563,0.497229219
3564,0.498425693
3565,0.504030227
3566,0.502455919
3567,0.506738035
3568,0.508312343
3569,0.506234257
3570,0.505100756
3571,0.508123426
3572,0.508690176
3573,0.509445844
3574,0.509256927
3575,0.509571788
3576,0.509508816
3577,0.515869018
3578,0.516939547
3579,0.518387909
3580,0.519521411
3581,0.520780856
3582,0.521347607
3583,0.524055416
3584,0.526448363
3585,0.52663728
3586,0.526259446
3587,0.528085642
3588,0.52940806
3589,0.530163728
3590,0.532115869
3591,0.532745592
3592,0.533375315
3593,0.532367758
3594,0.532808564
3595,0.533438287
3596,0.534634761
3597,0.534508816
3598,0.533060453
3599,0.534571788
3600,0.535768262
3601,0.537657431
3602,0.536209068
3603,0.536712846
3604,0.536209068
3605,0.538413098
3606,0.539987406
3607,0.540428212
3608,0.539672544
3609,0.538098237
3610,0.534445844
3611,0.538664987
3612,0.540743073
3613,0.542191436
3614,0.542947103
3615,0.541183879
3616,0.540617128
3617,0.540365239
3618,0.538979849
3619,0.538979849
3620,0.538413098
3621,0.538476071
3622,0.539231738
3623,0.53872796
3624,0.543073048
3625,0.544458438
3626,0.542128463
3627,0.542443325
3628,0.542128463
3629,0.542632242
3630,0.539420655
3631,0.537342569
3632,0.542254408
3633,0.543828715
3634,0.545088161
3635,0.539987406
3636,0.515869018
3637,0.533375315
3638,0.541939547
3639,0.540994962
3640,0.539168766
3641,0.538602015
3642,0.538476071
3643,0.541120907
3644,0.542002519
3645,0.54313602
3646,0.543198992
3647,0.541876574
3648,0.543261965
3649,0.543576826
3650,0.542758186
3651,0.543010076
3652,0.542758186
3653,0.542821159
3654,0.54256927
3655,0.542002519
3656,0.542695214
3657,0.542947103
3658,0.543450882
3659,0.535579345
3660,0.518828715
3661,0.519521411
3662,0.528337531
3663,0.536586902
3664,0.538853904
3665,0.540806045
3666,0.542065491
3667,0.543450882
3668,0.5447733
3669,0.546851385
3670,0.547040302
3671,0.547481108
3672,0.547732997
3673,0.548110831
3674,0.547732997
3675,0.546284635
3676,0.541939547
3677,0.538979849
3678,0.539609572
3679,0.538916877
3680,0.541057935
3681,0.537972292
3682,0.536523929
3683,0.533816121
3684,0.532304786
3685,0.530667506
3686,0.531801008
3687,0.53104534
3688,0.530919395
3689,0.535579345
3690,0.536775819
3691,0.535012594
3692,0.529219144
3693,0.521788413
3694,0.520465995
3695,0.515869018
3696,0.511083123
3697,0.508690176
3698,0.506360202
3699,0.499874055
3700,0.489987406
3701,0.479785894
3702,0.432304786
3703,0.459445844
3704,0.495403023
3705,0.502581864
3706,0.510831234
3707,0.512720403
3708,0.507556675
3709,0.510516373
3710,0.512657431
3711,0.512405542
3712,0.50988665
3713,0.516939547
3714,0.515994962
3715,0.50824937
3716,0.509193955
3717,0.518639798
3718,0.509760705
3719,0.519332494
3720,0.517821159
3721,0.520465995
3722,0.5197733
3723,0.51593199
3724,0.51511335
3725,0.517884131
3726,0.519836272
3727,0.518513854
3728,0.516687657
3729,0.512279597
3730,0.511146096
3731,0.496914358
3732,0.502707809
3733,0.503904282
3734,0.508186398
3735,0.509193955
3736,0.507871537
3737,0.503148615
3738,0.504911839
3739,0.513098237
3740,0.51070529
3741,0.509571788
3742,0.511901763
3743,0.510894207
3744,0.499496222
3745,0.493387909
3746,0.498740554
3747,0.501763224
3748,0.49615869
3749,0.490617128
3750,0.493387909
3751,0.485516373
3752,0.488413098
3753,0.492695214
3754,0.48790932
3755,0.486838791
3756,0.486335013
3757,0.490365239
3758,0.49231738
3759,0.500440806
3760,0.504596977
3761,0.504219144
3762,0.502141058
3763,0.504785894
3764,0.509697733
3765,0.501448363
3766,0.504345088
3767,0.505982368
3768,0.50138539
3769,0.490869018
3770,0.495088161
3771,0.499244332
3772,0.495403023
3773,0.489735516
3774,0.496221662
3775,0.496410579
3776,0.496032746
3777,0.499496222
3778,0.499307305
3779,0.50465995
3780,0.510768262
3781,0.51127204
3782,0.508564232
3783,0.506360202
3784,0.508438287
3785,0.508438287
3786,0.509382872
3787,0.510453401
3788,0.509949622
3789,0.504282116
3790,0.486209068
3791,0.449307305
3792,0.436775819
3793,0.436712846
3794,0.437153652
3795,0.435075567
3796,0.433879093
3797,0.43488665
3798,0.435453401
3799,0.43570529
3800,0.436712846
3801,0.433942065
3802,0.426322418
3803,0.433879093
3804,0.428652393
3805,0.421662469
3806,0.429974811
3807,0.441309824
3808,0.440365239
3809,0.501952141
3810,0.515365239
3811,0.517695214
3812,0.518828715
3813,0.519269521
3814,0.522418136
3815,0.521221662
3816,0.520843829
3817,0.519647355
3818,0.519647355
3819,0.52059194
3820,0.52059194
3821,0.520717884
3822,0.520465995
3823,0.52059194
3824,0.520465995
3825,0.520277078
3826,0.519710327
3827,0.517884131
3828,0.516309824
3829,0.515554156
3830,0.517758186
3831,0.518010076
3832,0.518073048
3833,0.518010076
3834,0.518576826
3835,0.519962217
3836,0.520717884
3837,0.520025189
3838,0.520906801
3839,0.519647355
3840,0.517884131
3841,0.515365239
3842,0.51429471
3843,0.514861461
3844,0.511523929
3845,0.50988665
3846,0.508690176
3847,0.509005038
3848,0.510012594
3849,0.513413098
3850,0.512216625
3851,0.511712846
3852,0.511020151
3853,0.509571788
3854,0.508879093
3855,0.508879093
3856,0.510516373
3857,0.510768262
3858,0.510957179
3859,0.504785894
3860,0.500503778
3861,0.497984887
3862,0.494962217
3863,0.477644836
3864,0.482115869
3865,0.471095718
3866,0.462216625
3867,0.444458438
3868,0.443324937
3869,0.433375315
3870,0.426700252
3871,0.429156171
3872,0.423047859
3873,0.419962217
3874,0.423173804
3875,0.422355164
3876,0.423740554
3877,0.420528967
3878,0.429785894
3879,0.427141058
3880,0.429911839
3881,0.432871537
3882,0.430478589
3883,0.426511335
3884,0.42663728
3885,0.426322418
3886,0.422984887
3887,0.408816121
3888,0.406989924
3889,0.407052897
3890,0.40440806
3891,0.401889169
3892,0.401070529
3893,0.402267003
3894,0.402392947
3895,0.401889169
3896,0.401007557
3897,0.390806045
3898,0.385894207
3899,0.386397985
3900,0.38627204
3901,0.387657431
3902,0.389672544
3903,0.38929471
3904,0.390554156
3905,0.395717884
3906,0.393324937
3907,0.38872796
3908,0.386775819
3909,0.385957179
3910,0.38627204
3911,0.385579345
3912,0.385642317
3913,0.38406801
3914,0.385579345
3915,0.385201511
3916,0.384760705
3917,0.38488665
3918,0.384005038
3919,0.38243073
3920,0.383879093
3921,0.38627204
3922,0.386397985
3923,0.386964736
3924,0.390994962
3925,0.393828715
3926,0.395528967
3927,0.398236776
3928,0.402078086
3929,0.407493703
3930,0.410012594
3931,0.414357683
3932,0.418639798
3933,0.419899244
3934,0.422544081
3935,0.424937028
3936,0.426007557
3937,0.42802267
3938,0.426322418
3939,0.424622166
3940,0.422607053
3941,0.422292191
3942,0.424307305
3943,0.425503778
3944,0.430163728
3945,0.432871537
3946,0.435327456
3947,0.436020151
3948,0.438602015
3949,0.44697733
3950,0.452329975
3951,0.452455919
3952,0.453148615
3953,0.453148615
3954,0.452267003
3955,0.454848866
3956,0.455415617
3957,0.455478589
3958,0.455667506
3959,0.457745592
3960,0.458060453
3961,0.460453401
3962,0.460642317
3963,0.461083123
3964,0.461649874
3965,0.460138539
3966,0.463161209
3967,0.464609572
3968,0.466246851
3969,0.459005038
3970,0.463790932
3971,0.466813602
3972,0.467065491
3973,0.463098237
3974,0.464798489
3975,0.462279597
3976,0.462720403
3977,0.460579345
3978,0.460453401
3979,0.461586902
3980,0.460579345
3981,0.460138539
3982,0.462594458
3983,0.463035264
3984,0.462279597
3985,0.461335013
3986,0.46127204
3987,0.462342569
3988,0.461083123
3989,0.461083123
3990,0.462279597
3991,0.458879093
3992,0.462531486
3993,0.460327456
3994,0.46209068
3995,0.46372796
3996,0.464609572
3997,0.465994962
3998,0.464609572
3999,0.465743073
4000,0.465869018
4001,0.468639798
4002,0.469080605
4003,0.470088161
4004,0.470151134
4005,0.470214106
4006,0.47115869
4007,0.470214106
4008,0.47336272
4009,0.475503778
4010,0.476826196
4011,0.474244332
4012,0.475
4013,0.481423174
4014,0.48570529
4015,0.487279597
4016,0.488413098
4017,0.490743073
4018,0.487153652
4019,0.483501259
4020,0.484823678
4021,0.484760705
4022,0.490176322
4023,0.493450882
4024,0.494143577
4025,0.497418136
4026,0.497858942
4027,0.496599496
4028,0.496851385
4029,0.495088161
4030,0.491624685
4031,0.492191436
4032,0.494395466
4033,0.494206549
4034,0.490680101
4035,0.485327456
4036,0.481423174
4037,0.483375315
4038,0.486209068
4039,0.48406801
4040,0.483816121
4041,0.482934509
4042,0.481360202
4043,0.479911839
4044,0.472292191
4045,0.475440806
4046,0.480793451
4047,0.481360202
4048,0.481675063
4049,0.481360202
4050,0.488224181
4051,0.490617128
4052,0.489861461
4053,0.49011335
4054,0.491120907
4055,0.490365239
4056,0.486775819
4057,0.48627204
4058,0.484382872
4059,0.48104534
4060,0.476952141
4061,0.475755668
4062,0.472858942
4063,0.478589421
4064,0.479282116
4065,0.47965995
4066,0.480415617
4067,0.480604534
4068,0.48104534
4069,0.477392947
4070,0.478337531
4071,0.4802267
4072,0.484382872
4073,0.483942065
4074,0.486020151
4075,0.485327456
4076,0.483060453
4077,0.483690176
4078,0.48406801
4079,0.482304786
4080,0.482304786
4081,0.480415617
4082,0.481108312
4083,0.482367758
4084,0.481801008
4085,0.480856423
4086,0.481297229
4087,0.484634761
4088,0.48570529
4089,0.491876574
4090,0.490869018
4091,0.492380353
4092,0.490994962
4093,0.48790932
4094,0.487279597
4095,0.489168766
4096,0.486838791
4097,0.484445844
4098,0.482997481
4099,0.484445844
4100,0.485138539
4101,0.486838791
4102,0.486712846
4103,0.486712846
4104,0.486523929
4105,0.48570529
4106,0.485201511
4107,0.484823678
4108,0.485012594
4109,0.486775819
4110,0.486397985
4111,0.489105793
4112,0.487972292
4113,0.488539043
4114,0.489861461
4115,0.491939547
4116,0.491183879
4117,0.490743073
4118,0.491309824
4119,0.494017632
4120,0.498299748
4121,0.499559194
4122,0.499118388
4123,0.498929471
4124,0.498551637
4125,0.499118388
4126,0.497921914
4127,0.494962217
4128,0.495465995
4129,0.496788413
4130,0.496410579
4131,0.495969773
4132,0.497166247
4133,0.497544081
4134,0.497732997
4135,0.494899244
4136,0.496410579
4137,0.496032746
4138,0.495780856
4139,0.497040302
4140,0.495969773
4141,0.495654912
4142,0.497229219
4143,0.498992443
4144,0.501511335
4145,0.50081864
4146,0.500314861
4147,0.500881612
4148,0.503778338
4149,0.50768262
4150,0.506108312
4151,0.510327456
4152,0.512972292
4153,0.512531486
4154,0.512342569
4155,0.512216625
4156,0.512657431
4157,0.51372796
4158,0.514609572
4159,0.516057935
4160,0.516309824
4161,0.514987406
4162,0.515176322
4163,0.516246851
4164,0.517758186
4165,0.519647355
4166,0.519584383
4167,0.520780856
4168,0.522732997
4169,0.523236776
4170,0.524685139
4171,0.52581864
4172,0.528337531
4173,0.530604534
4174,0.531171285
4175,0.52720403
4176,0.530037783
4177,0.531926952
4178,0.528274559
4179,0.52638539
4180,0.52581864
4181,0.523425693
4182,0.523803526
4183,0.524055416
4184,0.521851385
4185,0.522858942
4186,0.522040302
4187,0.521788413
4188,0.520403023
4189,0.518702771
4190,0.519521411
4191,0.519962217
4192,0.520906801
4193,0.524622166
4194,0.522984887
4195,0.521788413
4196,0.519584383
4197,0.518891688
4198,0.51731738
4199,0.516372796
4200,0.516057935
4201,0.512846348
4202,0.511397985
4203,0.506675063
4204,0.501826196
4205,0.502141058
4206,0.50440806
4207,0.507241814
4208,0.506989924
4209,0.505541562
4210,0.50384131
4211,0.503400504
4212,0.502267003
4213,0.501952141
4214,0.500377834
4215,0.497858942
4216,0.496347607
4217,0.496536524
4218,0.499307305
4219,0.502078086
4220,0.501952141
4221,0.50081864
4222,0.497607053
4223,0.496725441
4224,0.497166247
4225,0.497544081
4226,0.494458438
4227,0.489420655
4228,0.487405542
4229,0.490176322
4230,0.493702771
4231,0.494017632
4232,0.491624685
4233,0.492002519
4234,0.491372796
4235,0.489735516
4236,0.489987406
4237,0.490176322
4238,0.489420655
4239,0.488979849
4240,0.487531486
4241,0.482115869
4242,0.482115869
4243,0.481171285
4244,0.482241814
4245,0.482808564
4246,0.482178841
4247,0.480415617
4248,0.480478589
4249,0.480037783
4250,0.479974811
4251,0.475629723
4252,0.473110831
4253,0.473803526
4254,0.476007557
4255,0.479219144
4256,0.474685139
4257,0.4802267
4258,0.478274559
4259,0.477833753
4260,0.479471033
4261,0.478211587
4262,0.483060453
4263,0.488602015
4264,0.487216625
4265,0.488602015
4266,0.488664987
4267,0.48324937
4268,0.484949622
4269,0.483060453
4270,0.481549118
4271,0.477896725
4272,0.475440806
4273,0.468513854
4274,0.455541562
4275,0.445277078
4276,0.435894207
4277,0.431801008
4278,0.446662469
4279,0.447040302
4280,0.450125945
4281,0.462846348
4282,0.478400504
4283,0.484571788
4284,0.480478589
4285,0.478526448
4286,0.477896725
4287,0.478463476
4288,0.479911839
4289,0.480037783
4290,0.477959698
4291,0.477896725
4292,0.47802267
4293,0.478526448
4294,0.4802267
4295,0.477518892
4296,0.476763224
4297,0.476511335
4298,0.476007557
4299,0.472103275
4300,0.470717884
4301,0.470528967
4302,0.474496222
4303,0.47279597
4304,0.474055416
4305,0.478148615
4306,0.478463476
4307,0.480415617
4308,0.481360202
4309,0.481423174
4310,0.481423174
4311,0.480793451
4312,0.481234257
4313,0.481926952
4314,0.482115869
4315,0.483312343
4316,0.485201511
4317,0.487027708
4318,0.487720403
4319,0.489483627
4320,0.490491184
4321,0.491309824
4322,0.489672544
4323,0.489672544
4324,0.490302267
4325,0.491183879
4326,0.489672544
4327,0.487279597
4328,0.487846348
4329,0.487846348
4330,0.480415617
4331,0.440680101
4332,0.429093199
4333,0.464798489
4334,0.472544081
4335,0.486083123
4336,0.487594458
4337,0.486964736
4338,0.483879093
4339,0.488098237
4340,0.490239295
4341,0.489735516
4342,0.491687657
4343,0.493073048
4344,0.494017632
4345,0.493639798
4346,0.493010076
4347,0.492254408
4348,0.487468514
4349,0.485327456
4350,0.485894207
4351,0.489042821
4352,0.489168766
4353,0.48872796
4354,0.490239295
4355,0.487972292
4356,0.485012594
4357,0.483564232
4358,0.483501259
4359,0.482871537
4360,0.483312343
4361,0.483060453
4362,0.487279597
4363,0.489420655
4364,0.486020151
4365,0.481738035
4366,0.484005038
4367,0.482745592
4368,0.481108312
4369,0.47884131
4370,0.478085642
4371,0.474685139
4372,0.470151134
4373,0.471095718
4374,0.475755668
4375,0.473047859
4376,0.478274559
4377,0.477644836
4378,0.477959698
4379,0.478400504
4380,0.47884131
4381,0.481360202
4382,0.48406801
4383,0.485453401
4384,0.489609572
4385,0.495906801
4386,0.498299748
4387,0.499496222
4388,0.497544081
4389,0.493891688
4390,0.490428212
4391,0.490428212
4392,0.489609572
4393,0.48872796
4394,0.487594458
4395,0.485642317
4396,0.484256927
4397,0.490617128
4398,0.497040302
4399,0.499811083
4400,0.501133501
4401,0.500377834
4402,0.49918136
4403,0.498992443
4404,0.499118388
4405,0.49836272
4406,0.498740554
4407,0.498110831
4408,0.498740554
4409,0.501448363
4410,0.502581864
4411,0.502833753
4412,0.503589421
4413,0.504030227
4414,0.502455919
4415,0.501700252
4416,0.500629723
4417,0.500566751
4418,0.500188917
4419,0.49697733
4420,0.494710327
4421,0.497355164
4422,0.500062972
4423,0.501133501
4424,0.50138539
4425,0.502896725
4426,0.502078086
4427,0.499937028
4428,0.498425693
4429,0.500314861
4430,0.50081864
4431,0.499811083
4432,0.498929471
4433,0.500062972
4434,0.502267003
4435,0.502770781
4436,0.501259446
4437,0.501070529
4438,0.501322418
4439,0.499433249
4440,0.498803526
4441,0.499811083
4442,0.498047859
4443,0.495654912
4444,0.492443325
4445,0.493828715
4446,0.497732997
4447,0.498740554
4448,0.499370277
4449,0.50302267
4450,0.50465995
4451,0.503589421
4452,0.506171285
4453,0.5052267
4454,0.503085642
4455,0.50138539
4456,0.499559194
4457,0.499559194
4458,0.497670025
4459,0.499748111
4460,0.498992443
4461,0.5
4462,0.500440806
4463,0.5
4464,0.499244332
4465,0.498803526
4466,0.497858942
4467,0.497040302
4468,0.496284635
4469,0.495843829
4470,0.494899244
4471,0.494458438
4472,0.49559194
4473,0.498173804
4474,0.499622166
4475,0.49861461
4476,0.499055416
4477,0.496914358
4478,0.498299748
4479,0.49861461
4480,0.500314861
4481,0.49918136
4482,0.500692695
4483,0.500881612
4484,0.500377834
4485,0.500692695
4486,0.501511335
4487,0.502833753
4488,0.501763224
4489,0.501511335
4490,0.502141058
4491,0.501826196
4492,0.501448363
4493,0.501007557
4494,0.501070529
4495,0.500881612
4496,0.503715365
4497,0.505604534
4498,0.504911839
4499,0.506234257
4500,0.507745592
4501,0.507178841
4502,0.508690176
4503,0.507115869
4504,0.508564232
4505,0.509571788
4506,0.511083123
4507,0.510138539
4508,0.509760705
4509,0.50988665
4510,0.507934509
4511,0.508123426
4512,0.50686398
4513,0.508816121
4514,0.50906801
4515,0.508186398
4516,0.50604534
4517,0.504471033
4518,0.504785894
4519,0.50824937
4520,0.503652393
4521,0.507493703
4522,0.507367758
4523,0.506486146
4524,0.505352645
4525,0.506738035
4526,0.507052897
4527,0.50743073
4528,0.506234257
4529,0.504722922
4530,0.507934509
4531,0.509823678
4532,0.508816121
4533,0.508627204
4534,0.50081864
4535,0.500125945
4536,0.501007557
4537,0.501700252
4538,0.500755668
4539,0.497607053
4540,0.494899244
4541,0.493891688
4542,0.490491184
4543,0.496032746
4544,0.496725441
4545,0.494584383
4546,0.494080605
4547,0.493891688
4548,0.495088161
4549,0.497166247
4550,0.496851385
4551,0.497858942
4552,0.500377834
4553,0.497732997
4554,0.496725441
4555,0.496284635
4556,0.496662469
4557,0.498488665
4558,0.498425693
4559,0.49697733
4560,0.49615869
4561,0.495214106
4562,0.493702771
4563,0.491687657
4564,0.488476071
4565,0.486901763
4566,0.485390428
4567,0.486335013
4568,0.485075567
4569,0.485516373
4570,0.486649874
4571,0.487972292
4572,0.488790932
4573,0.489735516
4574,0.489483627
4575,0.489420655
4576,0.486146096
4577,0.485201511
4578,0.485264484
4579,0.483816121
4580,0.485138539
4581,0.486586902
4582,0.487216625
4583,0.487405542
4584,0.486775819
4585,0.491309824
4586,0.493324937
4587,0.487846348
4588,0.485894207
4589,0.478148615
4590,0.476511335
4591,0.480793451
4592,0.48268262
4593,0.486712846
4594,0.488224181
4595,0.489168766
4596,0.488853904
4597,0.492443325
4598,0.494143577
4599,0.493576826
4600,0.493198992
4601,0.496914358
4602,0.49256927
4603,0.487468514
4604,0.483753149
4605,0.485012594
4606,0.48627204
4607,0.485894207
4608,0.488035264
4609,0.489987406
4610,0.488476071
4611,0.483123426
4612,0.479722922
4613,0.477959698
4614,0.477959698
4615,0.478778338
4616,0.478211587
4617,0.477644836
4618,0.479722922
4619,0.488539043
4620,0.491183879
4621,0.490617128
4622,0.488790932
4623,0.488476071
4624,0.485327456
4625,0.483879093
4626,0.483627204
4627,0.485831234
4628,0.485516373
4629,0.48709068
4630,0.48570529
4631,0.489420655
4632,0.490869018
4633,0.492884131
4634,0.495151134
4635,0.499307305
4636,0.503211587
4637,0.505352645
4638,0.504785894
4639,0.505163728
4640,0.508564232
4641,0.510138539
4642,0.512783375
4643,0.515176322
4644,0.515050378
4645,0.515302267
4646,0.513664987
4647,0.512468514
4648,0.509760705
4649,0.508186398
4650,0.502455919
4651,0.502078086
4652,0.502141058
4653,0.502959698
4654,0.504534005
4655,0.505415617
4656,0.504030227
4657,0.50440806
4658,0.504596977
4659,0.502267003
4660,0.499748111
4661,0.498740554
4662,0.495088161
4663,0.495465995
4664,0.494584383
4665,0.494080605
4666,0.494332494
4667,0.494395466
4668,0.497229219
4669,0.49836272
4670,0.500692695
4671,0.499055416
4672,0.49861461
4673,0.495906801
4674,0.49175063
4675,0.489483627
4676,0.488476071
4677,0.487405542
4678,0.488916877
4679,0.488790932
4680,0.488350126
4681,0.488539043
4682,0.489861461
4683,0.489231738
4684,0.484193955
4685,0.478400504
4686,0.475881612
4687,0.468639798
4688,0.463979849
4689,0.471410579
4690,0.47581864
4691,0.474370277
4692,0.476448363
4693,0.476070529
4694,0.475503778
4695,0.473803526
4696,0.471536524
4697,0.473992443
4698,0.475566751
4699,0.477078086
4700,0.476448363
4701,0.473992443
4702,0.473551637
4703,0.474748111
4704,0.474307305
4705,0.476448363
4706,0.475188917
4707,0.470277078
4708,0.469332494
4709,0.463476071
4710,0.458816121
4711,0.456989924
4712,0.457871537
4713,0.458690176
4714,0.459382872
4715,0.460516373
4716,0.464483627
4717,0.46731738
4718,0.464231738
4719,0.463224181
4720,0.460831234
4721,0.46070529
4722,0.461901763
4723,0.463161209
4724,0.46209068
4725,0.463161209
4726,0.464420655
4727,0.464735516
4728,0.463224181
4729,0.464861461
4730,0.46127204
4731,0.456612091
4732,0.449748111
4733,0.448488665
4734,0.448236776
4735,0.449244332
4736,0.451259446
4737,0.456675063
4738,0.455730479
4739,0.458501259
4740,0.459382872
4741,0.461209068
4742,0.462531486
4743,0.459949622
4744,0.458060453
4745,0.457871537
4746,0.458879093
4747,0.460957179
4748,0.45824937
4749,0.459571788
4750,0.463853904
4751,0.466498741
4752,0.469269521
4753,0.468198992
4754,0.467884131
4755,0.463916877
4756,0.459382872
4757,0.45824937
4758,0.455730479
4759,0.457367758
4760,0.457178841
4761,0.455289673
4762,0.455415617
4763,0.454282116
4764,0.455604534
4765,0.456108312
4766,0.455352645
4767,0.451889169
4768,0.450314861
4769,0.451448363
4770,0.448677582
4771,0.44779597
4772,0.447103275
4773,0.447040302
4774,0.449685139
4775,0.451889169
4776,0.452078086
4777,0.450566751
4778,0.447481108
4779,0.446788413
4780,0.443891688
4781,0.440617128
4782,0.438413098
4783,0.437846348
4784,0.44256927
4785,0.444080605
4786,0.443450882
4787,0.446473552
4788,0.448173804
4789,0.447040302
4790,0.444017632
4791,0.447040302
4792,0.443450882
4793,0.440176322
4794,0.438664987
4795,0.439672544
4796,0.438539043
4797,0.440239295
4798,0.443513854
4799,0.443828715
4800,0.443576826
4801,0.444962217
4802,0.445151134
4803,0.442821159
4804,0.441813602
4805,0.442002519
4806,0.440491184
4807,0.438224181
4808,0.44011335
4809,0.440050378
4810,0.437594458
4811,0.436649874
4812,0.436209068
4813,0.432871537
4814,0.430982368
4815,0.428904282
4816,0.429156171
4817,0.430478589
4818,0.427707809
4819,0.425944584
4820,0.424496222
4821,0.423929471
4822,0.425188917
4823,0.42336272
4824,0.427581864
4825,0.426889169
4826,0.428211587
4827,0.428589421
4828,0.427770781
4829,0.429093199
4830,0.428589421
4831,0.430415617
4832,0.433375315
4833,0.434382872
4834,0.437216625
4835,0.43790932
4836,0.433753149
4837,0.433375315
4838,0.439231738
4839,0.442821159
4840,0.441813602
4841,0.439231738
4842,0.440428212
4843,0.438853904
4844,0.43872796
4845,0.433816121
4846,0.432871537
4847,0.431926952
4848,0.42940806
4849,0.425251889
4850,0.423551637
4851,0.417506297
4852,0.41290932
4853,0.403715365
4854,0.401322418
4855,0.399118388
4856,0.394458438
4857,0.39313602
4858,0.391813602
4859,0.394899244
4860,0.393513854
4861,0.392380353
4862,0.398425693
4863,0.406926952
4864,0.415680101
4865,0.422292191
4866,0.428211587
4867,0.429596977
4868,0.432808564
4869,0.435516373
4870,0.442947103
4871,0.446473552
4872,0.446347607
4873,0.445151134
4874,0.447292191
4875,0.448992443
4876,0.44697733
4877,0.445151134
4878,0.44615869
4879,0.444836272
4880,0.44175063
4881,0.441876574
4882,0.440554156
4883,0.44011335
4884,0.440617128
4885,0.438224181
4886,0.435957179
4887,0.435453401
4888,0.435957179
4889,0.434193955
4890,0.432241814
4891,0.435516373
4892,0.437531486
4893,0.439924433
4894,0.441939547
4895,0.44231738
4896,0.438476071
4897,0.439105793
4898,0.438413098
4899,0.438853904
4900,0.437846348
4901,0.436901763
4902,0.439483627
4903,0.437216625
4904,0.43709068
4905,0.436649874
4906,0.435831234
4907,0.436775819
4908,0.436586902
4909,0.437027708
4910,0.436838791
4911,0.436146096
4912,0.434634761
4913,0.436901763
4914,0.442947103
4915,0.443639798
4916,0.445088161
4917,0.444080605
4918,0.446032746
4919,0.446599496
4920,0.443702771
4921,0.445843829
4922,0.446284635
4923,0.444899244
4924,0.440554156
4925,0.438979849
4926,0.440680101
4927,0.439546599
4928,0.44011335
4929,0.439735516
4930,0.442002519
4931,0.441309824
4932,0.442758186
4933,0.444962217
4934,0.447544081
4935,0.450629723
4936,0.45163728
4937,0.454093199
4938,0.45384131
4939,0.452644836
4940,0.450251889
4941,0.45081864
4942,0.453778338
4943,0.450251889
4944,0.454722922
4945,0.454974811
4946,0.455667506
4947,0.454785894
4948,0.453400504
4949,0.450377834
4950,0.452141058
4951,0.456171285
4952,0.457619647
4953,0.45768262
4954,0.457241814
4955,0.459193955
4956,0.460642317
4957,0.460957179
4958,0.460516373
4959,0.458942065
4960,0.457178841
4961,0.457871537
4962,0.458438287
4963,0.456926952
4964,0.456926952
4965,0.455730479
4966,0.452644836
4967,0.452455919
4968,0.454848866
4969,0.455037783
4970,0.454156171
4971,0.457745592
4972,0.457871537
4973,0.460516373
4974,0.460642317
4975,0.458753149
4976,0.458060453
4977,0.455541562
4978,0.453652393
4979,0.452015113
4980,0.450125945
4981,0.449370277
4982,0.449937028
4983,0.449559194
4984,0.447921914
4985,0.452329975
4986,0.456612091
4987,0.45686398
4988,0.456108312
4989,0.453463476
4990,0.451322418
4991,0.451133501
4992,0.450503778
4993,0.450188917
4994,0.451448363
4995,0.452770781
4996,0.45302267
4997,0.456108312
4998,0.455352645
4999,0.455856423
5000,0.458501259
5001,0.458312343
5002,0.460831234
5003,0.46209068
5004,0.462279597
5005,0.455856423
5006,0.458375315
5007,0.459760705
5008,0.460075567
5009,0.460075567
5010,0.461335013
5011,0.468450882
5012,0.473551637
5013,0.480541562
5014,0.495843829
5015,0.50163728
5016,0.499874055
5017,0.500314861
5018,0.502392947
5019,0.502896725
5020,0.482808564
5021,0.467002519
5022,0.455793451
5023,0.45604534
5024,0.451259446
5025,0.445843829
5026,0.44093199
5027,0.443765743
5028,0.448047859
5029,0.450566751
5030,0.453526448
5031,0.458060453
5032,0.46127204
5033,0.46675063
5034,0.474622166
5035,0.477896725
5036,0.477518892
5037,0.479282116
5038,0.478526448
5039,0.481738035
5040,0.486523929
5041,0.489420655
5042,0.491372796
5043,0.491057935
5044,0.489924433
5045,0.490743073
5046,0.492065491
5047,0.493513854
5048,0.493513854
5049,0.493828715
5050,0.494962217
5051,0.495780856
5052,0.494080605
5053,0.498236776
5054,0.497732997
5055,0.495403023
5056,0.494458438
5057,0.496914358
5058,0.499433249
5059,0.497607053
5060,0.49861461
5061,0.498299748
5062,0.498992443
5063,0.501889169
5064,0.50440806
5065,0.505037783
5066,0.505856423
5067,0.50465995
5068,0.502392947
5069,0.501070529
5070,0.497732997
5071,0.498740554
5072,0.498992443
5073,0.500251889
5074,0.500062972
5075,0.499622166
5076,0.497732997
5077,0.497481108
5078,0.49313602
5079,0.494647355
5080,0.49615869
5081,0.493828715
5082,0.491561713
5083,0.488790932
5084,0.48709068
5085,0.488602015
5086,0.490176322
5087,0.492002519
5088,0.493073048
5089,0.493639798
5090,0.490554156
5091,0.489168766
5092,0.485201511
5093,0.482871537
5094,0.480541562
5095,0.479974811
5096,0.476889169
5097,0.472607053
5098,0.4697733
5099,0.471599496
5100,0.469710327
5101,0.472732997
5102,0.473677582
5103,0.473425693
5104,0.47279597
5105,0.474433249
5106,0.473299748
5107,0.470969773
5108,0.46813602
5109,0.470088161
5110,0.47279597
5111,0.476196474
5112,0.477644836
5113,0.476322418
5114,0.474685139
5115,0.46756927
5116,0.462783375
5117,0.460516373
5118,0.460831234
5119,0.462405542
5120,0.468702771
5121,0.470528967
5122,0.472292191
5123,0.476700252
5124,0.477833753
5125,0.48324937
5126,0.483564232
5127,0.48406801
5128,0.485327456
5129,0.483123426
5130,0.485201511
5131,0.487027708
5132,0.49093199
5133,0.491372796
5134,0.492632242
5135,0.493828715
5136,0.49534005
5137,0.495465995
5138,0.494647355
5139,0.492254408
5140,0.490994962
5141,0.490743073
5142,0.490302267
5143,0.490491184
5144,0.491561713
5145,0.490680101
5146,0.488916877
5147,0.485075567
5148,0.482241814
5149,0.477455919
5150,0.473929471
5151,0.471221662
5152,0.470277078
5153,0.469332494
5154,0.465869018
5155,0.466435768
5156,0.466435768
5157,0.464924433
5158,0.466246851
5159,0.467632242
5160,0.468513854
5161,0.469269521
5162,0.467191436
5163,0.463853904
5164,0.463979849
5165,0.463790932
5166,0.462405542
5167,0.460390428
5168,0.459130982
5169,0.460516373
5170,0.459193955
5171,0.45824937
5172,0.456360202
5173,0.453967254
5174,0.451511335
5175,0.448866499
5176,0.446284635
5177,0.441120907
5178,0.438224181
5179,0.43627204
5180,0.436335013
5181,0.437279597
5182,0.440994962
5183,0.442632242
5184,0.443387909
5185,0.442695214
5186,0.441876574
5187,0.440617128
5188,0.438224181
5189,0.434508816
5190,0.43488665
5191,0.436146096
5192,0.43406801
5193,0.434382872
5194,0.437279597
5195,0.437720403
5196,0.436775819
5197,0.438979849
5198,0.43627204
5199,0.437594458
5200,0.436523929
5201,0.436397985
5202,0.439042821
5203,0.442065491
5204,0.441309824
5205,0.440994962
5206,0.444521411
5207,0.445654912
5208,0.447103275
5209,0.446410579
5210,0.445843829
5211,0.440176322
5212,0.440743073
5213,0.441435768
5214,0.446410579
5215,0.448992443
5216,0.454282116
5217,0.459256927
5218,0.46209068
5219,0.464546599
5220,0.468387909
5221,0.47115869
5222,0.468639798
5223,0.470906801
5224,0.475314861
5225,0.472103275
5226,0.47336272
5227,0.471536524
5228,0.472103275
5229,0.472229219
5230,0.475944584
5231,0.476763224
5232,0.475188917
5233,0.477518892
5234,0.479911839
5235,0.474937028
5236,0.468450882
5237,0.466498741
5238,0.467443325
5239,0.468198992
5240,0.468702771
5241,0.471410579
5242,0.477455919
5243,0.477455919
5244,0.481926952
5245,0.48186398
5246,0.483312343
5247,0.485642317
5248,0.486964736
5249,0.485642317
5250,0.487783375
5251,0.492065491
5252,0.492065491
5253,0.493387909
5254,0.493010076
5255,0.490365239
5256,0.495465995
5257,0.496662469
5258,0.497607053
5259,0.494584383
5260,0.488224181
5261,0.489105793
5262,0.488098237
5263,0.490617128
5264,0.492947103
5265,0.49231738
5266,0.490554156
5267,0.494395466
5268,0.497921914
5269,0.499433249
5270,0.501007557
5271,0.498992443
5272,0.498866499
5273,0.497607053
5274,0.498110831
5275,0.495717884
5276,0.496284635
5277,0.496095718
5278,0.49697733
5279,0.500251889
5280,0.50163728
5281,0.49918136
5282,0.496851385
5283,0.492380353
5284,0.486209068
5285,0.480478589
5286,0.478085642
5287,0.482304786
5288,0.482493703
5289,0.483123426
5290,0.484445844
5291,0.484571788
5292,0.489483627
5293,0.491876574
5294,0.491876574
5295,0.491372796
5296,0.48872796
5297,0.486209068
5298,0.484445844
5299,0.485390428
5300,0.481738035
5301,0.482871537
5302,0.483186398
5303,0.484005038
5304,0.488916877
5305,0.489483627
5306,0.488413098
5307,0.488350126
5308,0.487972292
5309,0.485831234
5310,0.484949622
5311,0.484760705
5312,0.485579345
5313,0.48268262
5314,0.484571788
5315,0.448929471
5316,0.430037783
5317,0.432367758
5318,0.449307305
5319,0.480100756
5320,0.483564232
5321,0.483186398
5322,0.481360202
5323,0.479219144
5324,0.477455919
5325,0.472670025
5326,0.468639798
5327,0.464357683
5328,0.463161209
5329,0.463098237
5330,0.464672544
5331,0.466372796
5332,0.467884131
5333,0.469269521
5334,0.466687657
5335,0.455541562
5336,0.444836272
5337,0.442002519
5338,0.398992443
5339,0.396725441
5340,0.397732997
5341,0.449622166
5342,0.460327456
5343,0.461083123
5344,0.459949622
5345,0.460390428
5346,0.45768262
5347,0.457115869
5348,0.455037783
5349,0.453337531
5350,0.452267003
5351,0.455163728
5352,0.45824937
5353,0.457052897
5354,0.458627204
5355,0.461020151
5356,0.459382872
5357,0.45440806
5358,0.454156171
5359,0.451448363
5360,0.452392947
5361,0.454785894
5362,0.459005038
5363,0.461020151
5364,0.462216625
5365,0.466939547
5366,0.471095718
5367,0.477581864
5368,0.486649874
5369,0.488098237
5370,0.489483627
5371,0.490302267
5372,0.490554156
5373,0.491876574
5374,0.498173804
5375,0.500944584
5376,0.509382872
5377,0.516183879
5378,0.515806045
5379,0.513350126
5380,0.510768262
5381,0.509508816
5382,0.508879093
5383,0.509256927
5384,0.50824937
5385,0.509256927
5386,0.511083123
5387,0.511523929
5388,0.509823678
5389,0.51209068
5390,0.513916877
5391,0.516057935
5392,0.519332494
5393,0.52034005
5394,0.521851385
5395,0.522166247
5396,0.522921914
5397,0.522544081
5398,0.52059194
5399,0.518387909
5400,0.519017632
5401,0.517758186
5402,0.518073048
5403,0.516183879
5404,0.512846348
5405,0.513035264
5406,0.514987406
5407,0.515365239
5408,0.511586902
5409,0.513287154
5410,0.517065491
5411,0.516813602
5412,0.514168766
5413,0.51290932
5414,0.518828715
5415,0.520151134
5416,0.518324937
5417,0.518828715
5418,0.515239295
5419,0.513035264
5420,0.513602015
5421,0.513413098
5422,0.514924433
5423,0.513287154
5424,0.513350126
5425,0.512468514
5426,0.512531486
5427,0.50988665
5428,0.5052267
5429,0.502267003
5430,0.500629723
5431,0.500125945
5432,0.501511335
5433,0.500944584
5434,0.500377834
5435,0.498992443
5436,0.498551637
5437,0.494710327
5438,0.491561713
5439,0.490617128
5440,0.486335013
5441,0.484571788
5442,0.482556675
5443,0.479722922
5444,0.479722922
5445,0.476133501
5446,0.475566751
5447,0.47884131
5448,0.479282116
5449,0.479345088
5450,0.479030227
5451,0.478085642
5452,0.474811083
5453,0.473488665
5454,0.47638539
5455,0.477896725
5456,0.476952141
5457,0.476889169
5458,0.48104534
5459,0.481801008
5460,0.484193955
5461,0.493010076
5462,0.496095718
5463,0.496473552
5464,0.495403023
5465,0.496662469
5466,0.496347607
5467,0.495780856
5468,0.496536524
5469,0.496095718
5470,0.496473552
5471,0.496473552
5472,0.497607053
5473,0.494017632
5474,0.493576826
5475,0.492506297
5476,0.490302267
5477,0.486901763
5478,0.485894207
5479,0.483375315
5480,0.482556675
5481,0.482115869
5482,0.479911839
5483,0.477518892
5484,0.477707809
5485,0.474937028
5486,0.472229219
5487,0.469458438
5488,0.468261965
5489,0.466057935
5490,0.465302267
5491,0.46593199
5492,0.465050378
5493,0.463853904
5494,0.461838791
5495,0.463161209
5496,0.463161209
5497,0.462027708
5498,0.461712846
5499,0.463476071
5500,0.461209068
5501,0.461083123
5502,0.461523929
5503,0.460453401
5504,0.463098237
5505,0.463979849
5506,0.464546599
5507,0.466372796
5508,0.462153652
5509,0.460390428
5510,0.459319899
5511,0.457115869
5512,0.455730479
5513,0.455352645
5514,0.45163728
5515,0.452015113
5516,0.44861461
5517,0.449055416
5518,0.4447733
5519,0.442947103
5520,0.444206549
5521,0.4447733
5522,0.447355164
5523,0.450440806
5524,0.448551637
5525,0.449937028
5526,0.453274559
5527,0.456297229
5528,0.459193955
5529,0.459949622
5530,0.46290932
5531,0.464546599
5532,0.463539043
5533,0.464231738
5534,0.467695214
5535,0.467884131
5536,0.467506297
5537,0.472229219
5538,0.475566751
5539,0.478274559
5540,0.480856423
5541,0.481171285
5542,0.48488665
5543,0.487594458
5544,0.488413098
5545,0.491057935
5546,0.491813602
5547,0.493765743
5548,0.493639798
5549,0.49256927
5550,0.493387909
5551,0.493513854
5552,0.493765743
5553,0.500566751
5554,0.503211587
5555,0.50384131
5556,0.505667506
5557,0.510516373
5558,0.510579345
5559,0.513790932
5560,0.51127204
5561,0.509508816
5562,0.511901763
5563,0.511712846
5564,0.510642317
5565,0.511083123
5566,0.507178841
5567,0.507115869
5568,0.503400504
5569,0.499748111
5570,0.497355164
5571,0.491246851
5572,0.475692695
5573,0.467191436
5574,0.468828715
5575,0.474055416
5576,0.478463476
5577,0.485138539
5578,0.48709068
5579,0.490050378
5580,0.505478589
5581,0.518073048
5582,0.522732997
5583,0.530856423
5584,0.537972292
5585,0.537027708
5586,0.535516373
5587,0.534193955
5588,0.534445844
5589,0.53488665
5590,0.534382872
5591,0.534256927
5592,0.534634761
5593,0.534760705
5594,0.534508816
5595,0.533501259
5596,0.534445844
5597,0.529911839
5598,0.528148615
5599,0.529974811
5600,0.529848866
5601,0.530352645
5602,0.531171285
5603,0.5302267
5604,0.529030227
5605,0.527959698
5606,0.528463476
5607,0.528211587
5608,0.525944584
5609,0.523425693
5610,0.525566751
5611,0.524559194
5612,0.526511335
5613,0.526700252
5614,0.527770781
5615,0.530037783
5616,0.531486146
5617,0.530163728
5618,0.52965995
5619,0.527770781
5620,0.526511335
5621,0.525629723
5622,0.525377834
5623,0.525944584
5624,0.527959698
5625,0.525314861
5626,0.526700252
5627,0.525062972
5628,0.524811083
5629,0.523551637
5630,0.522670025
5631,0.521032746
5632,0.516246851
5633,0.515680101
5634,0.514420655
5635,0.513035264
5636,0.511901763
5637,0.513224181
5638,0.512216625
5639,0.513161209
5640,0.514483627
5641,0.514546599
5642,0.515491184
5643,0.515365239
5644,0.513035264
5645,0.512657431
5646,0.510579345
5647,0.508690176
5648,0.507745592
5649,0.505919395
5650,0.503904282
5651,0.50302267
5652,0.501070529
5653,0.496851385
5654,0.494080605
5655,0.491561713
5656,0.489231738
5657,0.487027708
5658,0.488035264
5659,0.490994962
5660,0.491120907
5661,0.491057935
5662,0.489987406
5663,0.48872796
5664,0.488790932
5665,0.486838791
5666,0.485894207
5667,0.486083123
5668,0.484697733
5669,0.483501259
5670,0.484256927
5671,0.483438287
5672,0.483690176
5673,0.483942065
5674,0.483753149
5675,0.483501259
5676,0.48324937
5677,0.483753149
5678,0.485831234
5679,0.485390428
5680,0.483123426
5681,0.477392947
5682,0.475944584
5683,0.47581864
5684,0.473866499
5685,0.473236776
5686,0.477896725
5687,0.476889169
5688,0.477707809
5689,0.476826196
5690,0.478652393
5691,0.477267003
5692,0.473551637
5693,0.467065491
5694,0.468828715
5695,0.470151134
5696,0.468639798
5697,0.466246851
5698,0.469395466
5699,0.474244332
5700,0.477329975
5701,0.47884131
5702,0.479848866
5703,0.481297229
5704,0.479219144
5705,0.479471033
5706,0.48243073
5707,0.483501259
5708,0.484130982
5709,0.484005038
5710,0.483816121
5711,0.483816121
5712,0.486020151
5713,0.48709068
5714,0.48790932
5715,0.485579345
5716,0.48104534
5717,0.480163728
5718,0.482493703
5719,0.482367758
5720,0.483564232
5721,0.483375315
5722,0.480541562
5723,0.478211587
5724,0.478211587
5725,0.47940806
5726,0.479471033
5727,0.479785894
5728,0.478463476
5729,0.478904282
5730,0.480856423
5731,0.479156171
5732,0.478148615
5733,0.478085642
5734,0.477267003
5735,0.476007557
5736,0.474244332
5737,0.476448363
5738,0.475755668
5739,0.473425693
5740,0.468639798
5741,0.468702771
5742,0.467506297
5743,0.467758186
5744,0.464735516
5745,0.464483627
5746,0.463161209
5747,0.462846348
5748,0.462531486
5749,0.461775819
5750,0.464420655
5751,0.462405542
5752,0.461775819
5753,0.461083123
5754,0.460516373
5755,0.459508816
5756,0.458375315
5757,0.45768262
5758,0.459760705
5759,0.461775819
5760,0.462531486
5761,0.464168766
5762,0.465239295
5763,0.461775819
5764,0.458501259
5765,0.459697733
5766,0.457871537
5767,0.458123426
5768,0.459760705
5769,0.461335013
5770,0.460327456
5771,0.462468514
5772,0.466939547
5773,0.468387909
5774,0.469521411
5775,0.467632242
5776,0.468891688
5777,0.467821159
5778,0.467128463
5779,0.467065491
5780,0.466183879
5781,0.465994962
5782,0.46675063
5783,0.468010076
5784,0.469017632
5785,0.467002519
5786,0.465680101
5787,0.463602015
5788,0.462846348
5789,0.462153652
5790,0.461209068
5791,0.461209068
5792,0.460831234
5793,0.45988665
5794,0.463853904
5795,0.466435768
5796,0.467065491
5797,0.465365239
5798,0.462783375
5799,0.463413098
5800,0.462594458
5801,0.456675063
5802,0.451511335
5803,0.447607053
5804,0.448047859
5805,0.443765743
5806,0.444584383
5807,0.446032746
5808,0.447858942
5809,0.449433249
5810,0.448425693
5811,0.450566751
5812,0.450503778
5813,0.450440806
5814,0.452078086
5815,0.45302267
5816,0.450944584
5817,0.452015113
5818,0.452644836
5819,0.451952141
5820,0.449307305
5821,0.444080605
5822,0.443010076
5823,0.441939547
5824,0.437531486
5825,0.434949622
5826,0.433186398
5827,0.428526448
5828,0.428337531
5829,0.42581864
5830,0.425881612
5831,0.422732997
5832,0.420528967
5833,0.4197733
5834,0.42115869
5835,0.423236776
5836,0.424937028
5837,0.425
5838,0.429093199
5839,0.431675063
5840,0.430478589
5841,0.432115869
5842,0.433375315
5843,0.431108312
5844,0.431108312
5845,0.429156171
5846,0.424559194
5847,0.422229219
5848,0.419269521
5849,0.417128463
5850,0.414168766
5851,0.409571788
5852,0.406801008
5853,0.406926952
5854,0.408627204
5855,0.410579345
5856,0.415617128
5857,0.416624685
5858,0.420717884
5859,0.425
5860,0.431738035
5861,0.44093199
5862,0.452141058
5863,0.459634761
5864,0.465491184
5865,0.470528967
5866,0.475440806
5867,0.480037783
5868,0.480982368
5869,0.485138539
5870,0.485894207
5871,0.48790932
5872,0.488476071
5873,0.487846348
5874,0.491939547
5875,0.49534005
5876,0.496032746
5877,0.49615869
5878,0.497984887
5879,0.498740554
5880,0.50081864
5881,0.50163728
5882,0.5
5883,0.494710327
5884,0.488476071
5885,0.486775819
5886,0.485957179
5887,0.484508816
5888,0.484445844
5889,0.482115869
5890,0.483186398
5891,0.484256927
5892,0.484949622
5893,0.485516373
5894,0.482745592
5895,0.478211587
5896,0.475944584
5897,0.475629723
5898,0.475188917
5899,0.476511335
5900,0.477518892
5901,0.47720403
5902,0.476763224
5903,0.474874055
5904,0.473110831
5905,0.473677582
5906,0.463035264
5907,0.460831234
5908,0.459193955
5909,0.457304786
5910,0.455541562
5911,0.454093199
5912,0.450881612
5913,0.450251889
5914,0.449496222
5915,0.449685139
5916,0.451196474
5917,0.451889169
5918,0.451007557
5919,0.450188917
5920,0.450440806
5921,0.447103275
5922,0.448047859
5923,0.447040302
5924,0.444269521
5925,0.443073048
5926,0.441813602
5927,0.441372796
5928,0.443387909
5929,0.441120907
5930,0.439168766
5931,0.436838791
5932,0.432745592
5933,0.433123426
5934,0.432808564
5935,0.429534005
5936,0.427518892
5937,0.427644836
5938,0.425314861
5939,0.428589421
5940,0.42663728
5941,0.431989924
5942,0.434445844
5943,0.435327456
5944,0.439168766
5945,0.441876574
5946,0.44313602
5947,0.443702771
5948,0.443198992
5949,0.443639798
5950,0.447292191
5951,0.448929471
5952,0.449559194
5953,0.448236776
5954,0.44918136
5955,0.448740554
5956,0.448929471
5957,0.451889169
5958,0.452644836
5959,0.456108312
5960,0.458186398
5961,0.458564232
5962,0.458186398
5963,0.456926952
5964,0.456612091
5965,0.454596977
5966,0.454596977
5967,0.45465995
5968,0.456675063
5969,0.456549118
5970,0.453967254
5971,0.452267003
5972,0.448740554
5973,0.447355164
5974,0.449559194
5975,0.450692695
5976,0.451133501
5977,0.450944584
5978,0.451007557
5979,0.451070529
5980,0.451007557
5981,0.452329975
5982,0.448173804
5983,0.447292191
5984,0.448425693
5985,0.450440806
5986,0.449622166
5987,0.449622166
5988,0.452644836
5989,0.456989924
5990,0.460390428
5991,0.462783375
5992,0.462153652
5993,0.461146096
5994,0.459949622
5995,0.460138539
5996,0.459634761
5997,0.461146096
5998,0.460894207
5999,0.460516373
6000,0.461649874
6001,0.462342569
6002,0.464735516
6003,0.467695214
6004,0.468387909
6005,0.470088161
6006,0.470906801
6007,0.464231738
6008,0.463413098
6009,0.464420655
6010,0.463979849
6011,0.465050378
6012,0.469269521
6013,0.467506297
6014,0.469017632
6015,0.471473552
6016,0.47361461
6017,0.476007557
6018,0.482178841
6019,0.485516373
6020,0.487720403
6021,0.495403023
6022,0.496095718
6023,0.495906801
6024,0.501133501
6025,0.498803526
6026,0.497858942
6027,0.495843829
6028,0.493891688
6029,0.492884131
6030,0.496032746
6031,0.49779597
6032,0.494206549
6033,0.492506297
6034,0.495843829
6035,0.500125945
6036,0.501826196
6037,0.503715365
6038,0.5052267
6039,0.504785894
6040,0.505793451
6041,0.503463476
6042,0.505415617
6043,0.507115869
6044,0.504848866
6045,0.503463476
6046,0.505037783
6047,0.504093199
6048,0.505478589
6049,0.506297229
6050,0.506234257
6051,0.502078086
6052,0.494017632
6053,0.491939547
6054,0.487153652
6055,0.485390428
6056,0.48186398
6057,0.480793451
6058,0.479471033
6059,0.480730479
6060,0.477518892
6061,0.479282116
6062,0.478463476
6063,0.473425693
6064,0.473740554
6065,0.472355164
6066,0.47279597
6067,0.47361461
6068,0.471725441
6069,0.470906801
6070,0.471032746
6071,0.470843829
6072,0.470214106
6073,0.47197733
6074,0.470088161
6075,0.467191436
6076,0.462468514
6077,0.460201511
6078,0.458123426
6079,0.458186398
6080,0.457304786
6081,0.452707809
6082,0.450188917
6083,0.458816121
6084,0.463161209
6085,0.460957179
6086,0.458186398
6087,0.456675063
6088,0.456423174
6089,0.459697733
6090,0.461020151
6091,0.461335013
6092,0.460579345
6093,0.459697733
6094,0.460579345
6095,0.458312343
6096,0.458879093
6097,0.456612091
6098,0.452644836
6099,0.448992443
6100,0.442947103
6101,0.441246851
6102,0.437972292
6103,0.43929471
6104,0.437027708
6105,0.436775819
6106,0.440428212
6107,0.44395466
6108,0.444143577
6109,0.446662469
6110,0.44559194
6111,0.446536524
6112,0.44559194
6113,0.446032746
6114,0.444143577
6115,0.444206549
6116,0.446914358
6117,0.444521411
6118,0.442380353
6119,0.443261965
6120,0.443513854
6121,0.44175063
6122,0.438287154
6123,0.436335013
6124,0.433564232
6125,0.430793451
6126,0.428274559
6127,0.426511335
6128,0.42663728
6129,0.42418136
6130,0.424370277
6131,0.431360202
6132,0.436083123
6133,0.439483627
6134,0.442128463
6135,0.444080605
6136,0.440806045
6137,0.440806045
6138,0.439231738
6139,0.437468514
6140,0.435453401
6141,0.433123426
6142,0.434508816
6143,0.434508816
6144,0.434949622
6145,0.436775819
6146,0.436838791
6147,0.436460957
6148,0.434256927
6149,0.431486146
6150,0.427518892
6151,0.426070529
6152,0.424496222
6153,0.422166247
6154,0.422103275
6155,0.423110831
6156,0.421284635
6157,0.418450882
6158,0.414231738
6159,0.413161209
6160,0.408186398
6161,0.407178841
6162,0.402770781
6163,0.401007557
6164,0.401700252
6165,0.400314861
6166,0.400566751
6167,0.398488665
6168,0.402078086
6169,0.400944584
6170,0.399937028
6171,0.39836272
6172,0.39779597
6173,0.398425693
6174,0.398992443
6175,0.39861461
6176,0.39615869
6177,0.388539043
6178,0.38627204
6179,0.386146096
6180,0.38570529
6181,0.384319899
6182,0.388287154
6183,0.387342569
6184,0.383564232
6185,0.382367758
6186,0.381108312
6187,0.378274559
6188,0.37884131
6189,0.376700252
6190,0.37581864
6191,0.377518892
6192,0.376322418
6193,0.375566751
6194,0.372607053
6195,0.373173804
6196,0.376259446
6197,0.379848866
6198,0.383690176
6199,0.386146096
6200,0.388035264
6201,0.392254408
6202,0.396536524
6203,0.401007557
6204,0.40081864
6205,0.403337531
6206,0.403400504
6207,0.405100756
6208,0.408186398
6209,0.408816121
6210,0.40686398
6211,0.408879093
6212,0.408942065
6213,0.409256927
6214,0.406738035
6215,0.411586902
6216,0.411712846
6217,0.411335013
6218,0.409823678
6219,0.407115869
6220,0.403337531
6221,0.403148615
6222,0.400944584
6223,0.401574307
6224,0.401826196
6225,0.399937028
6226,0.400440806
6227,0.399622166
6228,0.399433249
6229,0.397166247
6230,0.400314861
6231,0.39918136
6232,0.396221662
6233,0.396536524
6234,0.39697733
6235,0.394269521
6236,0.390554156
6237,0.385894207
6238,0.380289673
6239,0.375566751
6240,0.372607053
6241,0.370214106
6242,0.366372796
6243,0.364735516
6244,0.364168766
6245,0.362342569
6246,0.36813602
6247,0.367380353
6248,0.366876574
6249,0.365994962
6250,0.365554156
6251,0.367884131
6252,0.363476071
6253,0.365617128
6254,0.364609572
6255,0.361460957
6256,0.364042821
6257,0.363664987
6258,0.365491184
6259,0.36511335
6260,0.365491184
6261,0.36756927
6262,0.370277078
6263,0.371410579
6264,0.371599496
6265,0.372732997
6266,0.374433249
6267,0.374118388
6268,0.366624685
6269,0.357304786
6270,0.362405542
6271,0.358816121
6272,0.354848866
6273,0.353400504
6274,0.353589421
6275,0.349685139
6276,0.352581864
6277,0.349685139
6278,0.354911839
6279,0.353211587
6280,0.35604534
6281,0.354974811
6282,0.354093199
6283,0.354911839
6284,0.349118388
6285,0.348677582
6286,0.348803526
6287,0.343513854
6288,0.342632242
6289,0.342191436
6290,0.342506297
6291,0.342443325
6292,0.346914358
6293,0.345088161
6294,0.353526448
6295,0.351574307
6296,0.350440806
6297,0.350314861
6298,0.348929471
6299,0.346851385
6300,0.345843829
6301,0.347732997
6302,0.348677582
6303,0.350188917
6304,0.347229219
6305,0.342254408
6306,0.340302267
6307,0.339861461
6308,0.34011335
6309,0.341561713
6310,0.341561713
6311,0.339798489
6312,0.338664987
6313,0.332808564
6314,0.333186398
6315,0.330478589
6316,0.329974811
6317,0.328337531
6318,0.330415617
6319,0.324433249
6320,0.319080605
6321,0.319206549
6322,0.318702771
6323,0.319269521
6324,0.316120907
6325,0.315239295
6326,0.312531486
6327,0.316372796
6328,0.320717884
6329,0.319962217
6330,0.318576826
6331,0.316624685
6332,0.315491184
6333,0.313979849
6334,0.310831234
6335,0.311209068
6336,0.308879093
6337,0.30604534
6338,0.304471033
6339,0.303589421
6340,0.304219144
6341,0.303904282
6342,0.305037783
6343,0.305352645
6344,0.306801008
6345,0.30604534
6346,0.305919395
6347,0.305919395
6348,0.304219144
6349,0.302518892
6350,0.303778338
6351,0.301889169
6352,0.299811083
6353,0.298047859
6354,0.295843829
6355,0.295654912
6356,0.295025189
6357,0.293702771
6358,0.293450882
6359,0.288539043
6360,0.283186398
6361,0.28104534
6362,0.276826196
6363,0.270969773
6364,0.270025189
6365,0.267065491
6366,0.270528967
6367,0.276007557
6368,0.277707809
6369,0.281297229
6370,0.280604534
6371,0.286209068
6372,0.290743073
6373,0.291057935
6374,0.29559194
6375,0.296725441
6376,0.297858942
6377,0.307997481
6378,0.318073048
6379,0.326763224
6380,0.336397985
6381,0.348677582
6382,0.359697733
6383,0.364609572
6384,0.365743073
6385,0.363350126
6386,0.36429471
6387,0.368261965
6388,0.369332494
6389,0.367695214
6390,0.366120907
6391,0.365050378
6392,0.358753149
6393,0.356801008
6394,0.356612091
6395,0.360327456
6396,0.364546599
6397,0.370403023
6398,0.369647355
6399,0.369962217
6400,0.370214106
6401,0.366372796
6402,0.365491184
6403,0.36593199
6404,0.366120907
6405,0.364105793
6406,0.363602015
6407,0.365365239
6408,0.363602015
6409,0.362342569
6410,0.360453401
6411,0.359256927
6412,0.355478589
6413,0.353967254
6414,0.352518892
6415,0.351889169
6416,0.352833753
6417,0.352392947
6418,0.354911839
6419,0.35465995
6420,0.354156171
6421,0.354345088
6422,0.354722922
6423,0.354471033
6424,0.353211587
6425,0.355541562
6426,0.359319899
6427,0.36127204
6428,0.363413098
6429,0.359571788
6430,0.355856423
6431,0.354974811
6432,0.354156171
6433,0.354345088
6434,0.354534005
6435,0.353904282
6436,0.352707809
6437,0.351700252
6438,0.349622166
6439,0.352644836
6440,0.351826196
6441,0.348173804
6442,0.346284635
6443,0.347418136
6444,0.348236776
6445,0.349811083
6446,0.350377834
6447,0.348110831
6448,0.345088161
6449,0.3447733
6450,0.342191436
6451,0.341120907
6452,0.343261965
6453,0.345277078
6454,0.344017632
6455,0.344143577
6456,0.342191436
6457,0.339609572
6458,0.33929471
6459,0.336335013
6460,0.334760705
6461,0.333690176
6462,0.336649874
6463,0.338161209
6464,0.34175063
6465,0.341939547
6466,0.338476071
6467,0.339672544
6468,0.340869018
6469,0.339987406
6470,0.338916877
6471,0.33709068
6472,0.337468514
6473,0.339546599
6474,0.339042821
6475,0.332619647
6476,0.331675063
6477,0.331171285
6478,0.32884131
6479,0.333564232
6480,0.332745592
6481,0.333690176
6482,0.335327456
6483,0.335390428
6484,0.332493703
6485,0.332745592
6486,0.336146096
6487,0.334382872
6488,0.335642317
6489,0.336964736
6490,0.337846348
6491,0.331234257
6492,0.332241814
6493,0.335894207
6494,0.346284635
6495,0.344962217
6496,0.340491184
6497,0.338161209
6498,0.337720403
6499,0.338664987
6500,0.337216625
6501,0.332619647
6502,0.328904282
6503,0.328085642
6504,0.326070529
6505,0.327141058
6506,0.328526448
6507,0.329093199
6508,0.328148615
6509,0.325188917
6510,0.326196474
6511,0.317506297
6512,0.310957179
6513,0.311083123
6514,0.308627204
6515,0.307808564
6516,0.307934509
6517,0.307493703
6518,0.308564232
6519,0.307493703
6520,0.315491184
6521,0.315554156
6522,0.313098237
6523,0.311335013
6524,0.312594458
6525,0.309193955
6526,0.308123426
6527,0.305289673
6528,0.292002519
6529,0.280478589
6530,0.279785894
6531,0.298929471
6532,0.298677582
6533,0.298677582
6534,0.29918136
6535,0.298929471
6536,0.301511335
6537,0.307304786
6538,0.30743073
6539,0.308123426
6540,0.305289673
6541,0.30138539
6542,0.300755668
6543,0.299307305
6544,0.301007557
6545,0.30163728
6546,0.299118388
6547,0.298992443
6548,0.300944584
6549,0.29779597
6550,0.301826196
6551,0.307997481
6552,0.306738035
6553,0.304785894
6554,0.303778338
6555,0.303463476
6556,0.304911839
6557,0.305289673
6558,0.309445844
6559,0.314987406
6560,0.315680101
6561,0.317128463
6562,0.312468514
6563,0.310579345
6564,0.311649874
6565,0.307871537
6566,0.306675063
6567,0.305919395
6568,0.305604534
6569,0.304282116
6570,0.304093199
6571,0.304722922
6572,0.306171285
6573,0.307178841
6574,0.307619647
6575,0.310012594
6576,0.310579345
6577,0.314420655
6578,0.316120907
6579,0.316939547
6580,0.316057935
6581,0.310201511
6582,0.312153652
6583,0.315428212
6584,0.320277078
6585,0.330478589
6586,0.32940806
6587,0.336901763
6588,0.342632242
6589,0.345403023
6590,0.352015113
6591,0.355163728
6592,0.358060453
6593,0.357556675
6594,0.361083123
6595,0.362720403
6596,0.365365239
6597,0.369080605
6598,0.371599496
6599,0.374370277
6600,0.380541562
6601,0.382178841
6602,0.384319899
6603,0.386838791
6604,0.386838791
6605,0.39093199
6606,0.389609572
6607,0.390239295
6608,0.394395466
6609,0.403337531
6610,0.404596977
6611,0.403589421
6612,0.402078086
6613,0.4
6614,0.393261965
6615,0.38324937
6616,0.385201511
6617,0.385327456
6618,0.379345088
6619,0.381549118
6620,0.37802267
6621,0.376763224
6622,0.381297229
6623,0.380856423
6624,0.379974811
6625,0.379345088
6626,0.375188917
6627,0.375377834
6628,0.370780856
6629,0.366561713
6630,0.363098237
6631,0.360957179
6632,0.361712846
6633,0.365617128
6634,0.366183879
6635,0.36593199
6636,0.359760705
6637,0.362342569
6638,0.359130982
6639,0.360075567
6640,0.357052897
6641,0.359256927
6642,0.349937028
6643,0.35163728
6644,0.353148615
6645,0.349748111
6646,0.346662469
6647,0.346284635
6648,0.349370277
6649,0.351889169
6650,0.355604534
6651,0.357745592
6652,0.361649874
6653,0.362468514
6654,0.364672544
6655,0.36756927
6656,0.372921914
6657,0.37663728
6658,0.381801008
6659,0.384634761
6660,0.385579345
6661,0.386209068
6662,0.394395466
6663,0.401511335
6664,0.409760705
6665,0.41813602
6666,0.430541562
6667,0.438350126
6668,0.444017632
6669,0.446032746
6670,0.446347607
6671,0.449307305
6672,0.447355164
6673,0.447418136
6674,0.445025189
6675,0.439672544
6676,0.438098237
6677,0.430037783
6678,0.424811083
6679,0.42361461
6680,0.422732997
6681,0.420025189
6682,0.422229219
6683,0.421788413
6684,0.420088161
6685,0.41756927
6686,0.417002519
6687,0.416372796
6688,0.415365239
6689,0.414987406
6690,0.415365239
6691,0.412342569
6692,0.411209068
6693,0.410516373
6694,0.409130982
6695,0.412594458
6696,0.415617128
6697,0.41290932
6698,0.413287154
6699,0.411209068
6700,0.418765743
6701,0.426448363
6702,0.43186398
6703,0.432367758
6704,0.434382872
6705,0.445717884
6706,0.446914358
6707,0.456360202
6708,0.463035264
6709,0.456738035
6710,0.451322418
6711,0.450503778
6712,0.449496222
6713,0.45163728
6714,0.454471033
6715,0.451700252
6716,0.452770781
6717,0.452015113
6718,0.449370277
6719,0.445025189
6720,0.439231738
6721,0.433564232
6722,0.428274559
6723,0.421599496
6724,0.414735516
6725,0.408060453
6726,0.409571788
6727,0.404974811
6728,0.400692695
6729,0.398488665
6730,0.39615869
6731,0.39534005
6732,0.406549118
6733,0.422481108
6734,0.424559194
6735,0.421851385
6736,0.420088161
6737,0.41511335
6738,0.413539043
6739,0.414987406
6740,0.42059194
6741,0.423236776
6742,0.42965995
6743,0.428274559
6744,0.429534005
6745,0.428715365
6746,0.425188917
6747,0.424244332
6748,0.424811083
6749,0.425692695
6750,0.425377834
6751,0.423866499
6752,0.425188917
6753,0.423929471
6754,0.425062972
6755,0.426700252
6756,0.425566751
6757,0.428967254
6758,0.433753149
6759,0.435138539
6760,0.438098237
6761,0.438098237
6762,0.436649874
6763,0.435579345
6764,0.438979849
6765,0.443010076
6766,0.442695214
6767,0.443765743
6768,0.444710327
6769,0.446536524
6770,0.452141058
6771,0.456549118
6772,0.45743073
6773,0.457745592
6774,0.457052897
6775,0.452707809
6776,0.452015113
6777,0.452518892
6778,0.452959698
6779,0.455037783
6780,0.457178841
6781,0.463098237
6782,0.453904282
6783,0.453085642
6784,0.451511335
6785,0.45
6786,0.448047859
6787,0.442695214
6788,0.436146096
6789,0.432241814
6790,0.435516373
6791,0.442632242
6792,0.442191436
6793,0.441309824
6794,0.440994962
6795,0.441624685
6796,0.44313602
6797,0.446536524
6798,0.449559194
6799,0.450125945
6800,0.451196474
6801,0.453652393
6802,0.449244332
6803,0.450251889
6804,0.449433249
6805,0.448236776
6806,0.442695214
6807,0.436586902
6808,0.432619647
6809,0.431612091
6810,0.427833753
6811,0.424433249
6812,0.418576826
6813,0.413916877
6814,0.409760705
6815,0.409130982
6816,0.405856423
6817,0.402707809
6818,0.401952141
6819,0.402959698
6820,0.404785894
6821,0.404219144
6822,0.403904282
6823,0.407619647
6824,0.408564232
6825,0.409445844
6826,0.407304786
6827,0.405415617
6828,0.405100756
6829,0.404534005
6830,0.399307305
6831,0.397040302
6832,0.39697733
6833,0.398299748
6834,0.397229219
6835,0.399622166
6836,0.403148615
6837,0.400440806
6838,0.394143577
6839,0.389798489
6840,0.392191436
6841,0.39093199
6842,0.387783375
6843,0.386649874
6844,0.385012594
6845,0.385138539
6846,0.386460957
6847,0.386335013
6848,0.387783375
6849,0.38872796
6850,0.387972292
6851,0.385390428
6852,0.383123426
6853,0.382556675
6854,0.381926952
6855,0.379345088
6856,0.377078086
6857,0.37059194
6858,0.366561713
6859,0.364672544
6860,0.364924433
6861,0.36895466
6862,0.371473552
6863,0.369458438
6864,0.36372796
6865,0.369395466
6866,0.370843829
6867,0.368387909
6868,0.367758186
6869,0.367758186
6870,0.372544081
6871,0.37279597
6872,0.373173804
6873,0.372607053
6874,0.376133501
6875,0.370088161
6876,0.375251889
6877,0.373803526
6878,0.374055416
6879,0.370528967
6880,0.369647355
6881,0.369836272
6882,0.36895466
6883,0.366309824
6884,0.364924433
6885,0.366876574
6886,0.365365239
6887,0.36511335
6888,0.367128463
6889,0.369206549
6890,0.369206549
6891,0.369206549
6892,0.367443325
6893,0.369584383
6894,0.373488665
6895,0.371914358
6896,0.371473552
6897,0.373236776
6898,0.369710327
6899,0.372544081
6900,0.371536524
6901,0.372355164
6902,0.373551637
6903,0.370403023
6904,0.3697733
6905,0.371473552
6906,0.371914358
6907,0.37336272
6908,0.379471033
6909,0.379534005
6910,0.372984887
6911,0.375251889
6912,0.376826196
6913,0.378526448
6914,0.379030227
6915,0.379471033
6916,0.383879093
6917,0.386649874
6918,0.385642317
6919,0.387405542
6920,0.39313602
6921,0.396725441
6922,0.395969773
6923,0.394143577
6924,0.398740554
6925,0.397418136
6926,0.395214106
6927,0.395151134
6928,0.395277078
6929,0.393828715
6930,0.392821159
6931,0.392632242
6932,0.392002519
6933,0.389798489
6934,0.388539043
6935,0.385453401
6936,0.382871537
6937,0.379848866
6938,0.383753149
6939,0.382934509
6940,0.382997481
6941,0.380352645
6942,0.378526448
6943,0.378148615
6944,0.378589421
6945,0.378400504
6946,0.374937028
6947,0.376007557
6948,0.375188917
6949,0.373551637
6950,0.370151134
6951,0.371347607
6952,0.374937028
6953,0.371473552
6954,0.376133501
6955,0.373929471
6956,0.37197733
6957,0.374433249
6958,0.371599496
6959,0.372166247
6960,0.372544081
6961,0.373425693
6962,0.373110831
6963,0.371410579
6964,0.370465995
6965,0.370277078
6966,0.361523929
6967,0.366183879
6968,0.375944584
6969,0.374874055
6970,0.371347607
6971,0.37115869
6972,0.3697733
6973,0.367506297
6974,0.364042821
6975,0.361775819
6976,0.361335013
6977,0.357997481
6978,0.359193955
6979,0.355793451
6980,0.354093199
6981,0.35686398
6982,0.355982368
6983,0.358564232
6984,0.356612091
6985,0.356549118
6986,0.355415617
6987,0.356360202
6988,0.355478589
6989,0.354596977
6990,0.357304786
6991,0.359319899
6992,0.359697733
6993,0.360327456
6994,0.358879093
6995,0.36127204
6996,0.361586902
6997,0.360768262
6998,0.359319899
6999,0.358186398
7000,0.356486146
7001,0.355667506
7002,0.357619647
7003,0.35906801
7004,0.361209068
7005,0.360327456
7006,0.360075567
7007,0.35824937
7008,0.357934509
7009,0.353652393
7010,0.350440806
7011,0.349055416
7012,0.349937028
7013,0.348299748
7014,0.349244332
7015,0.350251889
7016,0.352581864
7017,0.353400504
7018,0.353526448
7019,0.354282116
7020,0.352455919
7021,0.351322418
7022,0.351322418
7023,0.349559194
7024,0.351196474
7025,0.351196474
7026,0.350251889
7027,0.349685139
7028,0.352518892
7029,0.35163728
7030,0.351196474
7031,0.351133501
7032,0.353967254
7033,0.35302267
7034,0.348677582
7035,0.349244332
7036,0.351889169
7037,0.349748111
7038,0.342758186
7039,0.344647355
7040,0.346221662
7041,0.350881612
7042,0.354974811
7043,0.356234257
7044,0.353211587
7045,0.355541562
7046,0.357745592
7047,0.358060453
7048,0.361964736
7049,0.365302267
7050,0.36675063
7051,0.370277078
7052,0.370465995
7053,0.371347607
7054,0.373236776
7055,0.377644836
7056,0.378400504
7057,0.377078086
7058,0.375692695
7059,0.376889169
7060,0.376448363
7061,0.372921914
7062,0.376700252
7063,0.380982368
7064,0.382115869
7065,0.38406801
7066,0.387783375
7067,0.391498741
7068,0.393702771
7069,0.398425693
7070,0.400062972
7071,0.402015113
7072,0.405289673
7073,0.407115869
7074,0.413287154
7075,0.418576826
7076,0.421851385
7077,0.423677582
7078,0.423425693
7079,0.423173804
7080,0.420843829
7081,0.418198992
7082,0.415554156
7083,0.407808564
7084,0.404093199
7085,0.402455919
7086,0.401133501
7087,0.396347607
7088,0.393261965
7089,0.39395466
7090,0.395843829
7091,0.389798489
7092,0.399244332
7093,0.402833753
7094,0.404219144
7095,0.404345088
7096,0.403904282
7097,0.4052267
7098,0.407052897
7099,0.410579345
7100,0.409130982
7101,0.405919395
7102,0.404534005
7103,0.406549118
7104,0.40220403
7105,0.399685139
7106,0.395214106
7107,0.391561713
7108,0.390617128
7109,0.382934509
7110,0.380730479
7111,0.380352645
7112,0.378085642
7113,0.375629723
7114,0.372607053
7115,0.372481108
7116,0.372858942
7117,0.369269521
7118,0.367254408
7119,0.365869018
7120,0.365680101
7121,0.366309824
7122,0.365302267
7123,0.362342569
7124,0.360138539
7125,0.35906801
7126,0.358312343
7127,0.359760705
7128,0.357556675
7129,0.358312343
7130,0.357052897
7131,0.353085642
7132,0.349559194
7133,0.34836272
7134,0.35
7135,0.352518892
7136,0.352770781
7137,0.346095718
7138,0.34256927
7139,0.343513854
7140,0.346347607
7141,0.347732997
7142,0.346851385
7143,0.345528967
7144,0.345277078
7145,0.344143577
7146,0.346032746
7147,0.348047859
7148,0.347166247
7149,0.348110831
7150,0.346473552
7151,0.34697733
7152,0.348425693
7153,0.345843829
7154,0.342632242
7155,0.340617128
7156,0.338602015
7157,0.336460957
7158,0.338224181
7159,0.341183879
7160,0.341120907
7161,0.341939547
7162,0.338602015
7163,0.339168766
7164,0.338979849
7165,0.342254408
7166,0.342191436
7167,0.33929471
7168,0.338476071
7169,0.33929471
7170,0.339420655
7171,0.336523929
7172,0.33570529
7173,0.33488665
7174,0.321536524
7175,0.299874055
7176,0.294395466
7177,0.311838791
7178,0.308312343
7179,0.312405542
7180,0.313916877
7181,0.324685139
7182,0.325251889
7183,0.325881612
7184,0.327078086
7185,0.330163728
7186,0.330037783
7187,0.328400504
7188,0.326889169
7189,0.318891688
7190,0.316687657
7191,0.313853904
7192,0.31429471
7193,0.314987406
7194,0.319206549
7195,0.320403023
7196,0.319458438
7197,0.319143577
7198,0.320465995
7199,0.32115869
7200,0.321095718
7201,0.319710327
7202,0.318324937
7203,0.319710327
7204,0.320717884
7205,0.320277078
7206,0.322166247
7207,0.323047859
7208,0.326007557
7209,0.328337531
7210,0.325566751
7211,0.325629723
7212,0.327833753
7213,0.328463476
7214,0.329282116
7215,0.331675063
7216,0.337216625
7217,0.342128463
7218,0.343010076
7219,0.346536524
7220,0.34697733
7221,0.349496222
7222,0.351889169
7223,0.35440806
7224,0.356926952
7225,0.361964736
7226,0.363161209
7227,0.36290932
7228,0.363350126
7229,0.358186398
7230,0.356801008
7231,0.358438287
7232,0.359760705
7233,0.360390428
7234,0.362846348
7235,0.362972292
7236,0.364987406
7237,0.365302267
7238,0.367947103
7239,0.36675063
7240,0.366687657
7241,0.370969773
7242,0.370969773
7243,0.368576826
7244,0.369080605
7245,0.367380353
7246,0.367128463
7247,0.368891688
7248,0.367758186
7249,0.366687657
7250,0.364987406
7251,0.364357683
7252,0.364609572
7253,0.362279597
7254,0.360453401
7255,0.360768262
7256,0.361209068
7257,0.361020151
7258,0.361838791
7259,0.362405542
7260,0.35988665
7261,0.360390428
7262,0.36070529
7263,0.366309824
7264,0.367632242
7265,0.368198992
7266,0.369458438
7267,0.372858942
7268,0.375566751
7269,0.379974811
7270,0.381801008
7271,0.386649874
7272,0.391498741
7273,0.392947103
7274,0.3947733
7275,0.39615869
7276,0.397481108
7277,0.398551637
7278,0.397040302
7279,0.396221662
7280,0.397103275
7281,0.405352645
7282,0.404282116
7283,0.403526448
7284,0.401826196
7285,0.403589421
7286,0.404911839
7287,0.407871537
7288,0.409760705
7289,0.411586902
7290,0.414483627
7291,0.414735516
7292,0.414420655
7293,0.416309824
7294,0.41372796
7295,0.412027708
7296,0.410516373
7297,0.410516373
7298,0.409382872
7299,0.406108312
7300,0.401763224
7301,0.400566751
7302,0.400944584
7303,0.391183879
7304,0.386020151
7305,0.385075567
7306,0.392191436
7307,0.391813602
7308,0.391309824
7309,0.387027708
7310,0.390743073
7311,0.39231738
7312,0.391057935
7313,0.391561713
7314,0.389609572
7315,0.384634761
7316,0.378589421
7317,0.379156171
7318,0.379974811
7319,0.372732997
7320,0.371725441
7321,0.371032746
7322,0.369962217
7323,0.369962217
7324,0.369521411
7325,0.369080605
7326,0.369395466
7327,0.3697733
7328,0.37197733
7329,0.373236776
7330,0.37115869
7331,0.371599496
7332,0.370151134
7333,0.367821159
7334,0.366183879
7335,0.364420655
7336,0.365554156
7337,0.36593199
7338,0.364042821
7339,0.363224181
7340,0.363916877
7341,0.364861461
7342,0.364420655
7343,0.357493703
7344,0.357619647
7345,0.357934509
7346,0.357178841
7347,0.355352645
7348,0.354093199
7349,0.354534005
7350,0.354030227
7351,0.353589421
7352,0.352581864
7353,0.351889169
7354,0.345214106
7355,0.343261965
7356,0.34175063
7357,0.340365239
7358,0.339042821
7359,0.34011335
7360,0.343198992
7361,0.344710327
7362,0.34559194
7363,0.344962217
7364,0.348173804
7365,0.348803526
7366,0.349244332
7367,0.348740554
7368,0.350440806
7369,0.35302267
7370,0.352078086
7371,0.354471033
7372,0.356360202
7373,0.357115869
7374,0.357997481
7375,0.360264484
7376,0.362216625
7377,0.359697733
7378,0.359382872
7379,0.364042821
7380,0.368010076
7381,0.366939547
7382,0.364483627
7383,0.362027708
7384,0.36675063
7385,0.371725441
7386,0.37034005
7387,0.367821159
7388,0.36593199
7389,0.36511335
7390,0.364357683
7391,0.365365239
7392,0.365994962
7393,0.372607053
7394,0.375188917
7395,0.378400504
7396,0.381297229
7397,0.381360202
7398,0.379534005
7399,0.379974811
7400,0.38243073
7401,0.388350126
7402,0.398866499
7403,0.410579345
7404,0.405982368
7405,0.406738035
7406,0.411901763
7407,0.421851385
7408,0.433879093
7409,0.435201511
7410,0.436460957
7411,0.438035264
7412,0.440680101
7413,0.441183879
7414,0.44231738
7415,0.445969773
7416,0.447229219
7417,0.45081864
7418,0.451196474
7419,0.449496222
7420,0.448740554
7421,0.446473552
7422,0.444899244
7423,0.439357683
7424,0.436649874
7425,0.437027708
7426,0.43872796
7427,0.441624685
7428,0.441435768
7429,0.441057935
7430,0.441813602
7431,0.441057935
7432,0.438539043
7433,0.437972292
7434,0.436523929
7435,0.437342569
7436,0.437279597
7437,0.436209068
7438,0.432808564
7439,0.431549118
7440,0.429282116
7441,0.427644836
7442,0.429156171
7443,0.431108312
7444,0.431738035
7445,0.42884131
7446,0.426889169
7447,0.426007557
7448,0.425062972
7449,0.422166247
7450,0.419521411
7451,0.417191436
7452,0.416498741
7453,0.418198992
7454,0.41593199
7455,0.412972292
7456,0.407304786
7457,0.403967254
7458,0.401700252
7459,0.399874055
7460,0.398110831
7461,0.396599496
7462,0.395654912
7463,0.393828715
7464,0.393198992
7465,0.392695214
7466,0.393324937
7467,0.39175063
7468,0.390869018
7469,0.39011335
7470,0.389546599
7471,0.392443325
7472,0.393765743
7473,0.3947733
7474,0.397858942
7475,0.401448363
7476,0.404282116
7477,0.405415617
7478,0.406926952
7479,0.406926952
7480,0.409634761
7481,0.413539043
7482,0.415554156
7483,0.420214106
7484,0.424055416
7485,0.421788413
7486,0.422670025
7487,0.419206549
7488,0.419080605
7489,0.417884131
7490,0.414735516
7491,0.412531486
7492,0.413350126
7493,0.413098237
7494,0.414924433
7495,0.414735516
7496,0.411838791
7497,0.408942065
7498,0.406738035
7499,0.401952141
7500,0.398236776
7501,0.394836272
7502,0.393450882
7503,0.391120907
7504,0.385516373
7505,0.385390428
7506,0.387531486
7507,0.389609572
7508,0.393576826
7509,0.39175063
7510,0.391939547
7511,0.395403023
7512,0.394269521
7513,0.394269521
7514,0.392821159
7515,0.390302267
7516,0.393324937
7517,0.389609572
7518,0.388035264
7519,0.38406801
7520,0.382745592
7521,0.380352645
7522,0.379282116
7523,0.375566751
7524,0.372229219
7525,0.370151134
7526,0.367821159
7527,0.365743073
7528,0.362972292
7529,0.363287154
7530,0.363224181
7531,0.361460957
7532,0.360579345
7533,0.358375315
7534,0.359130982
7535,0.350755668
7536,0.351448363
7537,0.350755668
7538,0.350566751
7539,0.35081864
7540,0.350314861
7541,0.347921914
7542,0.345654912
7543,0.344269521
7544,0.343387909
7545,0.345717884
7546,0.345025189
7547,0.343765743
7548,0.345088161
7549,0.350062972
7550,0.350062972
7551,0.346473552
7552,0.346284635
7553,0.34861461
7554,0.34918136
7555,0.351133501
7556,0.351511335
7557,0.352267003
7558,0.354219144
7559,0.355730479
7560,0.358627204
7561,0.358060453
7562,0.356486146
7563,0.356108312
7564,0.353085642
7565,0.354596977
7566,0.355289673
7567,0.355352645
7568,0.354722922
7569,0.352707809
7570,0.35081864
7571,0.354471033
7572,0.359130982
7573,0.362783375
7574,0.363035264
7575,0.360894207
7576,0.362657431
7577,0.363476071
7578,0.367002519
7579,0.369836272
7580,0.373299748
7581,0.37581864
7582,0.38268262
7583,0.384130982
7584,0.388664987
7585,0.391246851
7586,0.387531486
7587,0.383501259
7588,0.383312343
7589,0.381549118
7590,0.385075567
7591,0.387531486
7592,0.382178841
7593,0.37720403
7594,0.373047859
7595,0.368450882
7596,0.364357683
7597,0.363476071
7598,0.362216625
7599,0.358942065
7600,0.361586902
7601,0.365050378
7602,0.372166247
7603,0.379534005
7604,0.386146096
7605,0.390994962
7606,0.391372796
7607,0.391057935
7608,0.390302267
7609,0.38872796
7610,0.387846348
7611,0.38709068
7612,0.383438287
7613,0.384697733
7614,0.384319899
7615,0.381549118
7616,0.377707809
7617,0.375377834
7618,0.373929471
7619,0.375503778
7620,0.376511335
7621,0.377896725
7622,0.377959698
7623,0.375692695
7624,0.375629723
7625,0.37336272
7626,0.370843829
7627,0.369647355
7628,0.371851385
7629,0.37059194
7630,0.363664987
7631,0.358312343
7632,0.354722922
7633,0.345403023
7634,0.336838791
7635,0.331738035
7636,0.323803526
7637,0.32197733
7638,0.322670025
7639,0.324748111
7640,0.324811083
7641,0.324307305
7642,0.330793451
7643,0.341939547
7644,0.352455919
7645,0.35768262
7646,0.360012594
7647,0.361020151
7648,0.362846348
7649,0.36290932
7650,0.367191436
7651,0.364231738
7652,0.367254408
7653,0.370465995
7654,0.374937028
7655,0.376574307
7656,0.377770781
7657,0.381738035
7658,0.386083123
7659,0.390491184
7660,0.390554156
7661,0.396032746
7662,0.405100756
7663,0.412846348
7664,0.415050378
7665,0.413161209
7666,0.412216625
7667,0.407052897
7668,0.4
7669,0.394647355
7670,0.392443325
7671,0.389987406
7672,0.388098237
7673,0.383879093
7674,0.379093199
7675,0.375125945
7676,0.368073048
7677,0.363602015
7678,0.361460957
7679,0.359508816
7680,0.356989924
7681,0.353967254
7682,0.35384131
7683,0.351826196
7684,0.35138539
7685,0.352078086
7686,0.352959698
7687,0.355163728
7688,0.352455919
7689,0.354219144
7690,0.358123426
7691,0.363539043
7692,0.368513854
7693,0.372858942
7694,0.385012594
7695,0.394710327
7696,0.40440806
7697,0.421725441
7698,0.434571788
7699,0.432052897
7700,0.428526448
7701,0.424118388
7702,0.42197733
7703,0.421221662
7704,0.4197733
7705,0.414798489
7706,0.410831234
7707,0.409571788
7708,0.407745592
7709,0.406801008
7710,0.406675063
7711,0.410201511
7712,0.408060453
7713,0.405541562
7714,0.401763224
7715,0.40220403
7716,0.400314861
7717,0.403337531
7718,0.405289673
7719,0.40768262
7720,0.408816121
7721,0.412972292
7722,0.415869018
7723,0.416372796
7724,0.416372796
7725,0.417380353
7726,0.417128463
7727,0.413979849
7728,0.410579345
7729,0.407808564
7730,0.406801008
7731,0.40743073
7732,0.405604534
7733,0.396095718
7734,0.392821159
7735,0.394836272
7736,0.3947733
7737,0.395780856
7738,0.402581864
7739,0.40302267
7740,0.40220403
7741,0.401889169
7742,0.404093199
7743,0.404974811
7744,0.405541562
7745,0.407493703
7746,0.409193955
7747,0.410327456
7748,0.409949622
7749,0.412342569
7750,0.411460957
7751,0.408942065
7752,0.405730479
7753,0.405478589
7754,0.406738035
7755,0.405352645
7756,0.403589421
7757,0.39779597
7758,0.397103275
7759,0.401511335
7760,0.400692695
7761,0.406423174
7762,0.407178841
7763,0.403652393
7764,0.40440806
7765,0.405037783
7766,0.399118388
7767,0.399433249
7768,0.401007557
7769,0.401448363
7770,0.403085642
7771,0.40384131
7772,0.405856423
7773,0.40768262
7774,0.406297229
7775,0.408627204
7776,0.404471033
7777,0.402959698
7778,0.402644836
7779,0.403337531
7780,0.40220403
7781,0.400125945
7782,0.39861461
7783,0.397166247
7784,0.393010076
7785,0.392695214
7786,0.392191436
7787,0.389357683
7788,0.388916877
7789,0.391120907
7790,0.390617128
7791,0.391120907
7792,0.389924433
7793,0.388916877
7794,0.390176322
7795,0.390869018
7796,0.390994962
7797,0.387846348
7798,0.387279597
7799,0.385579345
7800,0.382934509
7801,0.383186398
7802,0.383123426
7803,0.382745592
7804,0.382367758
7805,0.378274559
7806,0.373677582
7807,0.372355164
7808,0.368576826
7809,0.366435768
7810,0.36429471
7811,0.362468514
7812,0.362720403
7813,0.365491184
7814,0.365869018
7815,0.364987406
7816,0.364042821
7817,0.361901763
7818,0.361523929
7819,0.362153652
7820,0.362594458
7821,0.36070529
7822,0.358186398
7823,0.354596977
7824,0.350566751
7825,0.349685139
7826,0.347858942
7827,0.345654912
7828,0.344647355
7829,0.343702771
7830,0.34395466
7831,0.343765743
7832,0.341876574
7833,0.342443325
7834,0.340680101
7835,0.340365239
7836,0.337594458
7837,0.335516373
7838,0.333375315
7839,0.332556675
7840,0.329848866
7841,0.326889169
7842,0.329471033
7843,0.329848866
7844,0.328589421
7845,0.326007557
7846,0.323551637
7847,0.321536524
7848,0.318261965
7849,0.316687657
7850,0.316561713
7851,0.316435768
7852,0.316687657
7853,0.318513854
7854,0.322670025
7855,0.325125945
7856,0.325314861
7857,0.325944584
7858,0.326007557
7859,0.327078086
7860,0.327896725
7861,0.328274559
7862,0.3302267
7863,0.331549118
7864,0.331423174
7865,0.330415617
7866,0.329785894
7867,0.328211587
7868,0.325944584
7869,0.327267003
7870,0.327267003
7871,0.324307305
7872,0.324244332
7873,0.327392947
7874,0.32802267
7875,0.327141058
7876,0.327392947
7877,0.327455919
7878,0.33104534
7879,0.332493703
7880,0.333942065
7881,0.335894207
7882,0.339672544
7883,0.34175063
7884,0.346347607
7885,0.352267003
7886,0.367695214
7887,0.371662469
7888,0.372292191
7889,0.376763224
7890,0.382997481
7891,0.386335013
7892,0.390302267
7893,0.390491184
7894,0.391183879
7895,0.391372796
7896,0.390491184
7897,0.390743073
7898,0.389924433
7899,0.381423174
7900,0.370906801
7901,0.371347607
7902,0.379596977
7903,0.364609572
7904,0.356108312
7905,0.351889169
7906,0.353526448
7907,0.352267003
7908,0.351070529
7909,0.353778338
7910,0.353463476
7911,0.353085642
7912,0.350188917
7913,0.348110831
7914,0.348173804
7915,0.349307305
7916,0.351259446
7917,0.353967254
7918,0.355667506
7919,0.359193955
7920,0.357745592
7921,0.356108312
7922,0.355604534
7923,0.355982368
7924,0.355037783
7925,0.352518892
7926,0.353967254
7927,0.351448363
7928,0.349118388
7929,0.347040302
7930,0.340806045
7931,0.34256927
7932,0.341120907
7933,0.341120907
7934,0.339861461
7935,0.341813602
7936,0.340302267
7937,0.339357683
7938,0.340050378
7939,0.338287154
7940,0.336460957
7941,0.333879093
7942,0.332619647
7943,0.330793451
7944,0.331612091
7945,0.333312343
7946,0.335957179
7947,0.336901763
7948,0.338161209
7949,0.339231738
7950,0.337279597
7951,0.337594458
7952,0.337342569
7953,0.336397985
7954,0.333312343
7955,0.331171285
7956,0.334571788
7957,0.334130982
7958,0.336146096
7959,0.336083123
7960,0.337216625
7961,0.337468514
7962,0.335516373
7963,0.33709068
7964,0.337468514
7965,0.338476071
7966,0.340302267
7967,0.341498741
7968,0.342884131
7969,0.343073048
7970,0.345025189
7971,0.345780856
7972,0.34231738
7973,0.340806045
7974,0.341939547
7975,0.341876574
7976,0.344836272
7977,0.344962217
7978,0.345465995
7979,0.347607053
7980,0.347166247
7981,0.347481108
7982,0.34779597
7983,0.34918136
7984,0.347607053
7985,0.348299748
7986,0.35163728
7987,0.352078086
7988,0.355415617
7989,0.359508816
7990,0.35988665
7991,0.36372796
7992,0.364672544
7993,0.363413098
7994,0.363853904
7995,0.366057935
7996,0.368198992
7997,0.372607053
7998,0.374118388
7999,0.375566751
8000,0.376259446
8001,0.375566751
8002,0.376763224
8003,0.376889169
8004,0.376196474
8005,0.374685139
8006,0.37336272
8007,0.372040302
8008,0.369710327
8009,0.368324937
8010,0.367443325
8011,0.365050378
8012,0.363979849
8013,0.361146096
8014,0.358186398
8015,0.357304786
8016,0.354534005
8017,0.35220403
8018,0.350251889
8019,0.35081864
8020,0.351007557
8021,0.351070529
8022,0.349055416
8023,0.350314861
8024,0.350314861
8025,0.350125945
8026,0.350251889
8027,0.351763224
8028,0.350629723
8029,0.351511335
8030,0.35081864
8031,0.34836272
8032,0.343324937
8033,0.343261965
8034,0.346221662
8035,0.34615869
8036,0.343891688
8037,0.34231738
8038,0.340554156
8039,0.342380353
8040,0.343450882
8041,0.345403023
8042,0.343450882
8043,0.339231738
8044,0.336964736
8045,0.338790932
8046,0.339987406
8047,0.342065491
8048,0.343010076
8049,0.343765743
8050,0.345780856
8051,0.347858942
8052,0.351070529
8053,0.357556675
8054,0.360327456
8055,0.360831234
8056,0.360012594
8057,0.359508816
8058,0.361523929
8059,0.361083123
8060,0.365680101
8061,0.369521411
8062,0.373740554
8063,0.376889169
8064,0.375377834
8065,0.377770781
8066,0.376196474
8067,0.375125945
8068,0.374811083
8069,0.373866499
8070,0.375566751
8071,0.376259446
8072,0.37581864
8073,0.374496222
8074,0.376574307
8075,0.378652393
8076,0.37663728
8077,0.376889169
8078,0.376448363
8079,0.37884131
8080,0.381989924
8081,0.384634761
8082,0.383564232
8083,0.38324937
8084,0.385264484
8085,0.393639798
8086,0.396536524
8087,0.394269521
8088,0.390176322
8089,0.390302267
8090,0.388350126
8091,0.384760705
8092,0.382619647
8093,0.380730479
8094,0.380793451
8095,0.381171285
8096,0.377267003
8097,0.376448363
8098,0.374055416
8099,0.369143577
8100,0.36895466
8101,0.366876574
8102,0.368828715
8103,0.36675063
8104,0.364798489
8105,0.363476071
8106,0.363979849
8107,0.36372796
8108,0.365239295
8109,0.368324937
8110,0.368198992
8111,0.370088161
8112,0.369269521
8113,0.367632242
8114,0.367191436
8115,0.366183879
8116,0.364483627
8117,0.362342569
8118,0.363224181
8119,0.36209068
8120,0.357241814
8121,0.357178841
8122,0.357367758
8123,0.356486146
8124,0.360453401
8125,0.361523929
8126,0.363413098
8127,0.361901763
8128,0.360264484
8129,0.359256927
8130,0.359571788
8131,0.358816121
8132,0.358123426
8133,0.357178841
8134,0.358375315
8135,0.360264484
8136,0.358438287
8137,0.356549118
8138,0.354030227
8139,0.352015113
8140,0.350188917
8141,0.349937028
8142,0.348551637
8143,0.348740554
8144,0.345088161
8145,0.347607053
8146,0.347418136
8147,0.343765743
8148,0.337594458
8149,0.334193955
8150,0.333312343
8151,0.33104534
8152,0.328904282
8153,0.326133501
8154,0.323992443
8155,0.321914358
8156,0.320151134
8157,0.319836272
8158,0.320717884
8159,0.322670025
8160,0.322355164
8161,0.32336272
8162,0.322544081
8163,0.322921914
8164,0.324307305
8165,0.322607053
8166,0.32336272
8167,0.322732997
8168,0.322418136
8169,0.322732997
8170,0.320088161
8171,0.318828715
8172,0.319143577
8173,0.319332494
8174,0.317065491
8175,0.316120907
8176,0.315428212
8177,0.313350126
8178,0.313161209
8179,0.313476071
8180,0.311775819
8181,0.318324937
8182,0.318891688
8183,0.318702771
8184,0.313979849
8185,0.300314861
8186,0.300440806
8187,0.284445844
8188,0.279785894
8189,0.277833753
8190,0.279471033
8191,0.280793451
8192,0.282241814
8193,0.282934509
8194,0.283312343
8195,0.289420655
8196,0.310831234
8197,0.311586902
8198,0.309949622
8199,0.308438287
8200,0.306360202
8201,0.306360202
8202,0.307241814
8203,0.307745592
8204,0.307241814
8205,0.307493703
8206,0.307808564
8207,0.290869018
8208,0.289735516
8209,0.290428212
8210,0.29011335
8211,0.289861461
8212,0.300881612
8213,0.302267003
8214,0.299559194
8215,0.301070529
8216,0.30302267
8217,0.303463476
8218,0.305793451
8219,0.309382872
8220,0.308375315
8221,0.307619647
8222,0.308438287
8223,0.309193955
8224,0.316246851
8225,0.316309824
8226,0.317443325
8227,0.318702771
8228,0.32115869
8229,0.327770781
8230,0.329785894
8231,0.32884131
8232,0.33406801
8233,0.339483627
8234,0.340239295
8235,0.337027708
8236,0.336712846
8237,0.33872796
8238,0.34011335
8239,0.344647355
8240,0.347921914
8241,0.350755668
8242,0.349370277
8243,0.349055416
8244,0.349748111
8245,0.354974811
8246,0.360957179
8247,0.355919395
8248,0.348866499
8249,0.34836272
8250,0.348173804
8251,0.346032746
8252,0.345780856
8253,0.345151134
8254,0.343891688
8255,0.341939547
8256,0.343010076
8257,0.346410579
8258,0.347166247
8259,0.344080605
8260,0.342254408
8261,0.33872796
8262,0.339987406
8263,0.34175063
8264,0.341876574
8265,0.342065491
8266,0.343828715
8267,0.343639798
8268,0.342443325
8269,0.343639798
8270,0.344584383
8271,0.342947103
8272,0.34093199
8273,0.341372796
8274,0.342443325
8275,0.340680101
8276,0.340743073
8277,0.34175063
8278,0.341372796
8279,0.343576826
8280,0.346410579
8281,0.346851385
8282,0.349748111
8283,0.350629723
8284,0.351322418
8285,0.34918136
8286,0.350251889
8287,0.3552267
8288,0.356234257
8289,0.356171285
8290,0.354156171
8291,0.35465995
8292,0.350125945
8293,0.350125945
8294,0.355352645
8295,0.358060453
8296,0.363161209
8297,0.363035264
8298,0.361523929
8299,0.358438287
8300,0.360453401
8301,0.359571788
8302,0.362153652
8303,0.367065491
8304,0.370214106
8305,0.369395466
8306,0.36593199
8307,0.362657431
8308,0.360957179
8309,0.358627204
8310,0.360642317
8311,0.359697733
8312,0.35604534
8313,0.356360202
8314,0.356801008
8315,0.359319899
8316,0.367506297
8317,0.373866499
8318,0.371599496
8319,0.370906801
8320,0.367380353
8321,0.365365239
8322,0.365994962
8323,0.36429471
8324,0.365428212
8325,0.363098237
8326,0.365617128
8327,0.367632242
8328,0.36511335
8329,0.363853904
8330,0.363287154
8331,0.361460957
8332,0.362216625
8333,0.364420655
8334,0.363853904
8335,0.363287154
8336,0.362972292
8337,0.360894207
8338,0.360957179
8339,0.355856423
8340,0.35163728
8341,0.351007557
8342,0.346032746
8343,0.344332494
8344,0.342254408
8345,0.338287154
8346,0.335768262
8347,0.335075567
8348,0.334005038
8349,0.331549118
8350,0.332493703
8351,0.331675063
8352,0.330163728
8353,0.331234257
8354,0.329785894
8355,0.328652393
8356,0.327078086
8357,0.320277078
8358,0.29697733
8359,0.297984887
8360,0.300503778
8361,0.300503778
8362,0.29918136
8363,0.299055416
8364,0.315176322
8365,0.325062972
8366,0.326889169
8367,0.330289673
8368,0.331297229
8369,0.333816121
8370,0.335201511
8371,0.335957179
8372,0.336460957
8373,0.33790932
8374,0.337405542
8375,0.335516373
8376,0.336083123
8377,0.337783375
8378,0.337405542
8379,0.336335013
8380,0.335264484
8381,0.333753149
8382,0.332367758
8383,0.33324937
8384,0.332871537
8385,0.333879093
8386,0.334949622
8387,0.336712846
8388,0.33627204
8389,0.338287154
8390,0.339231738
8391,0.341309824
8392,0.342758186
8393,0.343387909
8394,0.343828715
8395,0.345214106
8396,0.343073048
8397,0.34231738
8398,0.343261965
8399,0.346914358
8400,0.347481108
8401,0.349874055
8402,0.352455919
8403,0.353400504
8404,0.353589421
8405,0.355541562
8406,0.355667506
8407,0.355604534
8408,0.355919395
8409,0.355919395
8410,0.35440806
8411,0.354030227
8412,0.35440806
8413,0.35302267
8414,0.356360202
8415,0.35824937
8416,0.359634761
8417,0.359508816
8418,0.359697733
8419,0.358060453
8420,0.357493703
8421,0.359005038
8422,0.3552267
8423,0.339483627
8424,0.342191436
8425,0.352707809
8426,0.352078086
8427,0.350755668
8428,0.352078086
8429,0.355415617
8430,0.357997481
8431,0.361209068
8432,0.363287154
8433,0.36511335
8434,0.364798489
8435,0.363916877
8436,0.36372796
8437,0.363476071
8438,0.36209068
8439,0.362342569
8440,0.361397985
8441,0.356549118
8442,0.352833753
8443,0.35163728
8444,0.351511335
8445,0.352015113
8446,0.350755668
8447,0.349433249
8448,0.34861461
8449,0.344899244
8450,0.342380353
8451,0.34256927
8452,0.345465995
8453,0.345088161
8454,0.347732997
8455,0.348299748
8456,0.344017632
8457,0.34011335
8458,0.339546599
8459,0.337216625
8460,0.331801008
8461,0.322355164
8462,0.315302267
8463,0.312594458
8464,0.310453401
8465,0.306675063
8466,0.299685139
8467,0.29175063
8468,0.286083123
8469,0.28324937
8470,0.289924433
8471,0.293073048
8472,0.297544081
8473,0.302644836
8474,0.301196474
8475,0.301007557
8476,0.302707809
8477,0.303337531
8478,0.306297229
8479,0.308942065
8480,0.312153652
8481,0.315491184
8482,0.317254408
8483,0.317884131
8484,0.318010076
8485,0.319017632
8486,0.320465995
8487,0.321095718
8488,0.318387909
8489,0.315617128
8490,0.314672544
8491,0.315365239
8492,0.316876574
8493,0.316624685
8494,0.316309824
8495,0.317065491
8496,0.315869018
8497,0.316309824
8498,0.314861461
8499,0.315869018
8500,0.316876574
8501,0.317443325
8502,0.315994962
8503,0.316813602
8504,0.316687657
8505,0.319143577
8506,0.32034005
8507,0.323110831
8508,0.32336272
8509,0.327644836
8510,0.331360202
8511,0.331549118
8512,0.332115869
8513,0.333816121
8514,0.333312343
8515,0.334949622
8516,0.33709068
8517,0.337846348
8518,0.337531486
8519,0.339924433
8520,0.339483627
8521,0.341183879
8522,0.341939547
8523,0.342380353
8524,0.342191436
8525,0.343010076
8526,0.345465995
8527,0.344710327
8528,0.343576826
8529,0.343702771
8530,0.346284635
8531,0.348425693
8532,0.345151134
8533,0.339483627
8534,0.338476071
8535,0.342002519
8536,0.342821159
8537,0.340617128
8538,0.342443325
8539,0.342002519
8540,0.341624685
8541,0.340617128
8542,0.339924433
8543,0.342884131
8544,0.343702771
8545,0.344395466
8546,0.344521411
8547,0.344584383
8548,0.344080605
8549,0.34313602
8550,0.342443325
8551,0.343387909
8552,0.342884131
8553,0.345654912
8554,0.34559194
8555,0.346095718
8556,0.347418136
8557,0.34779597
8558,0.349244332
8559,0.349685139
8560,0.350314861
8561,0.35163728
8562,0.353337531
8563,0.354093199
8564,0.35604534
8565,0.356801008
8566,0.359760705
8567,0.363413098
8568,0.362720403
8569,0.363413098
8570,0.363035264
8571,0.363287154
8572,0.361775819
8573,0.361397985
8574,0.365239295
8575,0.36813602
8576,0.369395466
8577,0.368765743
8578,0.368513854
8579,0.36895466
8580,0.370403023
8581,0.370025189
8582,0.372670025
8583,0.371662469
8584,0.374055416
8585,0.376448363
8586,0.375944584
8587,0.372670025
8588,0.370088161
8589,0.369899244
8590,0.371473552
8591,0.371599496
8592,0.371851385
8593,0.372984887
8594,0.37663728
8595,0.379785894
8596,0.38104534
8597,0.382493703
8598,0.385831234
8599,0.387972292
8600,0.388790932
8601,0.391057935
8602,0.391876574
8603,0.396284635
8604,0.397607053
8605,0.398992443
8606,0.397984887
8607,0.398803526
8608,0.399685139
8609,0.402141058
8610,0.404785894
8611,0.406486146
8612,0.408942065
8613,0.410768262
8614,0.412279597
8615,0.411964736
8616,0.413476071
8617,0.415239295
8618,0.414672544
8619,0.414735516
8620,0.414672544
8621,0.413098237
8622,0.413539043
8623,0.415302267
8624,0.415491184
8625,0.415869018
8626,0.412279597
8627,0.410075567
8628,0.408123426
8629,0.40465995
8630,0.402959698
8631,0.400944584
8632,0.398866499
8633,0.397544081
8634,0.395151134
8635,0.392128463
8636,0.390869018
8637,0.389798489
8638,0.387153652
8639,0.384634761
8640,0.384445844
8641,0.384445844
8642,0.384949622
8643,0.385201511
8644,0.385075567
8645,0.383690176
8646,0.386775819
8647,0.390554156
8648,0.389168766
8649,0.390617128
8650,0.392128463
8651,0.393387909
8652,0.392443325
8653,0.393073048
8654,0.395906801
8655,0.398740554
8656,0.399433249
8657,0.398551637
8658,0.397921914
8659,0.395969773
8660,0.396662469
8661,0.397732997
8662,0.397355164
8663,0.393198992
8664,0.391120907
8665,0.391309824
8666,0.391120907
8667,0.391876574
8668,0.392821159
8669,0.394143577
8670,0.390302267
8671,0.389483627
8672,0.389546599
8673,0.389231738
8674,0.388790932
8675,0.38872796
8676,0.387216625
8677,0.385894207
8678,0.385390428
8679,0.386649874
8680,0.387405542
8681,0.386146096
8682,0.384823678
8683,0.383060453
8684,0.38186398
8685,0.38324937
8686,0.383312343
8687,0.382241814
8688,0.379974811
8689,0.378904282
8690,0.376511335
8691,0.376259446
8692,0.375440806
8693,0.373929471
8694,0.372921914
8695,0.371788413
8696,0.369899244
8697,0.369143577
8698,0.366624685
8699,0.365176322
8700,0.365491184
8701,0.363287154
8702,0.361083123
8703,0.359949622
8704,0.357997481
8705,0.357493703
8706,0.35604534
8707,0.354722922
8708,0.355604534
8709,0.352959698
8710,0.351322418
8711,0.351700252
8712,0.352329975
8713,0.351889169
8714,0.352455919
8715,0.352770781
8716,0.350629723
8717,0.348488665
8718,0.348551637
8719,0.349622166
8720,0.351007557
8721,0.352329975
8722,0.352581864
8723,0.352455919
8724,0.351070529
8725,0.34836272
8726,0.346599496
8727,0.34395466
8728,0.34256927
8729,0.343450882
8730,0.343198992
8731,0.341813602
8732,0.341309824
8733,0.337405542
8734,0.333438287
8735,0.330982368
8736,0.329534005
8737,0.328400504
8738,0.328085642
8739,0.32802267
8740,0.327644836
8741,0.32720403
8742,0.32802267
8743,0.328211587
8744,0.328211587
8745,0.326700252
8746,0.326574307
8747,0.328148615
8748,0.328400504
8749,0.328400504
8750,0.328652393
8751,0.328211587
8752,0.330037783
8753,0.328652393
8754,0.331360202
8755,0.334508816
8756,0.335831234
8757,0.335264484
8758,0.334319899
8759,0.331108312
