0,0.1069
1,0.1138
2,0.1039
3,0.0916
4,0.0703
5,0.0498
6,0.0425
7,0.0503
8,0.0588
9,0.0503
10,0.0588
11,0.1145
12,0.1266
13,0.1447
14,0.1643
15,0.2142
16,0.2867
17,0.313
18,0.3306
19,0.3334
20,0.3197
21,0.3238
22,0.317
23,0.2638
24,0.2021
25,0.175
26,0.2221
27,0.2971
28,0.4041
29,0.5178
30,0.6182
31,0.6932
32,0.6619
33,0.4361
34,0.5222
35,0.5649
36,0.5236
37,0.4961
38,0.4946
39,0.5236
40,0.6076
41,0.6222
42,0.6129
43,0.6049
44,0.583
45,0.5579
46,0.5494
47,0.5408
48,0.5236
49,0.4698
50,0.3584
51,0.2997
52,0.3279
53,0.2764
54,0.2777
55,0.3252
56,0.3768
57,0.3472
58,0.2932
59,0.2614
60,0.357
61,0.4654
62,0.5294
63,0.5663
64,0.6222
65,0.6392
66,0.6366
67,0.634
68,0.6262
69,0.6519
70,0.6607
71,0.6379
72,0.5677
73,0.4654
74,0.3444
75,0.332
76,0.3998
77,0.3955
78,0.3157
79,0.2419
80,0.2919
81,0.3184
82,0.2455
83,0.2198
84,0.2626
85,0.3117
86,0.332
87,0.3103
88,0.3711
89,0.4303
90,0.4551
91,0.4288
92,0.3811
93,0.3472
94,0.3361
95,0.313
96,0.2626
97,0.1925
98,0.1493
99,0.1177
100,0.1107
101,0.1084
102,0.1054
103,0.093
104,0.0746
105,0.0498
106,0.0599
107,0.0765
108,0.0835
109,0.1084
110,0.1403
111,0.1862
112,0.2313
113,0.2256
114,0.2153
115,0.2165
116,0.2372
117,0.2713
118,0.309
119,0.3444
120,0.3472
121,0.3197
122,0.2564
123,0.1585
124,0.0809
125,0.0493
126,0.0448
127,0.0468
128,0.0468
129,0.0189
130,0.0086
131,0.0406
132,0.0644
133,0.0616
134,0.0392
135,0.0193
136,0.0174
137,0.0303
138,0.0463
139,0.061
140,0.098
141,0.1633
142,0.2198
143,0.2455
144,0.2663
145,0.2841
146,0.2945
147,0.309
148,0.3063
149,0.2932
150,0.2893
151,0.2945
152,0.2503
153,0.1614
154,0.0862
155,0.0727
156,0.0803
157,0.0771
158,0.0809
159,0.1193
160,0.1883
161,0.2713
162,0.3252
163,0.3598
164,0.3811
165,0.3969
166,0.4975
167,0.5565
168,0.512
169,0.5164
170,0.5579
171,0.5995
172,0.6209
173,0.6532
174,0.6802
175,0.6967
176,0.6644
177,0.6327
178,0.5479
179,0.4274
180,0.364
181,0.3711
182,0.3458
183,0.3669
184,0.439
185,0.499
186,0.5437
187,0.5733
188,0.5365
189,0.4815
190,0.3969
191,0.3711
192,0.343
193,0.3347
194,0.357
195,0.3697
196,0.3556
197,0.3265
198,0.2919
199,0.3143
200,0.364
201,0.3528
202,0.3252
203,0.555
204,0.6035
205,0.6468
206,0.6481
207,0.6169
208,0.6532
209,0.6754
210,0.6802
211,0.6456
212,0.6156
213,0.6049
214,0.5761
215,0.5308
216,0.5135
217,0.4786
218,0.4449
219,0.4186
220,0.3897
221,0.3458
222,0.3117
223,0.3157
224,0.2688
225,0.2233
226,0.2131
227,0.2726
228,0.2577
229,0.2491
230,0.2408
231,0.2419
232,0.309
233,0.374
234,0.4464
235,0.4902
236,0.5004
237,0.4873
238,0.4449
239,0.3797
240,0.317
241,0.2676
242,0.2279
243,0.2187
244,0.2221
245,0.2142
246,0.1978
247,0.1894
248,0.212
249,0.2
250,0.1539
251,0.1652
252,0.1925
253,0.2043
254,0.1801
255,0.1801
256,0.221
257,0.2503
258,0.2431
259,0.236
260,0.2431
261,0.2663
262,0.2919
263,0.2971
264,0.2313
265,0.174
266,0.1474
267,0.1394
268,0.13
269,0.1107
270,0.1325
271,0.2043
272,0.2651
273,0.229
274,0.2165
275,0.2997
276,0.4405
277,0.5607
278,0.48
279,0.5149
280,0.6196
281,0.7417
282,0.6979
283,0.6718
284,0.673
285,0.6209
286,0.6076
287,0.5913
288,0.5872
289,0.5816
290,0.5677
291,0.5522
292,0.5635
293,0.5607
294,0.5593
295,0.5479
296,0.5494
297,0.5954
298,0.6456
299,0.7354
300,0.8156
301,0.8172
302,0.7975
303,0.8257
304,0.8367
305,0.8331
306,0.8076
307,0.7843
308,0.7236
309,0.6544
310,0.6062
311,0.6506
312,0.7385
313,0.7312
314,0.7437
315,0.7093
316,0.6594
317,0.6417
318,0.6076
319,0.5691
320,0.48
321,0.3279
322,0.3279
323,0.3375
324,0.2601
325,0.2076
326,0.1852
327,0.1731
328,0.1914
329,0.1978
330,0.176
331,0.1342
332,0.091
333,0.0644
334,0.0473
335,0.0268
336,0.0103
337,0.0016
338,0.0001
339,0.0
340,0.0001
341,0.0
342,0.0
343,0.0002
344,0.0027
345,0.008
346,0.0115
347,0.0171
348,0.0222
349,0.0236
350,0.0219
351,0.0265
352,0.0295
353,0.0361
354,0.0518
355,0.074
356,0.1031
357,0.1483
358,0.2054
359,0.2503
360,0.2713
361,0.279
362,0.301
363,0.3211
364,0.35
365,0.4027
366,0.4522
367,0.4508
368,0.423
369,0.3955
370,0.4114
371,0.4742
372,0.5308
373,0.5677
374,0.6301
375,0.6681
376,0.7182
377,0.7478
378,0.7637
379,0.728
380,0.6956
381,0.6353
382,0.4844
383,0.5981
384,0.7618
385,0.855
386,0.8211
387,0.8249
388,0.7941
389,0.7627
390,0.7236
391,0.7059
392,0.6681
393,0.461
394,0.4274
395,0.6102
396,0.685
397,0.6301
398,0.4859
399,0.3797
400,0.4975
401,0.5981
402,0.6049
403,0.5294
404,0.4172
405,0.3306
406,0.2601
407,0.2267
408,0.2528
409,0.2764
410,0.2676
411,0.3063
412,0.3361
413,0.3556
414,0.3626
415,0.3612
416,0.3265
417,0.2479
418,0.2153
419,0.2815
420,0.332
421,0.3868
422,0.4201
423,0.4859
424,0.6262
425,0.6607
426,0.679
427,0.6693
428,0.7236
429,0.7627
430,0.7478
431,0.6909
432,0.5789
433,0.4478
434,0.3782
435,0.3655
436,0.3444
437,0.3224
438,0.3403
439,0.4056
440,0.5091
441,0.4085
442,0.2932
443,0.357
444,0.3711
445,0.3197
446,0.2479
447,0.2905
448,0.3584
449,0.3556
450,0.301
451,0.2443
452,0.2
453,0.1502
454,0.1076
455,0.0987
456,0.1084
457,0.1283
458,0.1548
459,0.1811
460,0.1894
461,0.1831
462,0.1662
463,0.1447
464,0.1334
465,0.1217
466,0.1557
467,0.317
468,0.4508
469,0.5294
470,0.5621
471,0.5308
472,0.5691
473,0.5789
474,0.5465
475,0.5236
476,0.5149
477,0.5149
478,0.5077
479,0.4449
480,0.4041
481,0.3584
482,0.288
483,0.2313
484,0.1936
485,0.175
486,0.1548
487,0.1193
488,0.0923
489,0.065
490,0.0758
491,0.1076
492,0.0855
493,0.0616
494,0.0468
495,0.0534
496,0.0633
497,0.0503
498,0.0539
499,0.1161
500,0.2626
501,0.4478
502,0.5885
503,0.6979
504,0.7618
505,0.8294
506,0.8674
507,0.8531
508,0.7825
509,0.6314
510,0.5178
511,0.5178
512,0.5004
513,0.4303
514,0.461
515,0.5337
516,0.5365
517,0.6169
518,0.5479
519,0.5135
520,0.5719
521,0.5761
522,0.5565
523,0.5337
524,0.5522
525,0.5926
526,0.6049
527,0.5789
528,0.5607
529,0.5294
530,0.538
531,0.5178
532,0.5019
533,0.4274
534,0.4566
535,0.4595
536,0.4902
537,0.5422
538,0.6076
539,0.7364
540,0.8051
541,0.8234
542,0.8188
543,0.7932
544,0.7666
545,0.6909
546,0.5899
547,0.5149
548,0.442
549,0.3697
550,0.301
551,0.221
552,0.1681
553,0.113
554,0.0715
555,0.0299
556,0.0113
557,0.0065
558,0.0034
559,0.0006
560,0.0004
561,0.0011
562,0.0041
563,0.001
564,0.0196
565,0.0411
566,0.0638
567,0.1046
568,0.1821
569,0.2384
570,0.2491
571,0.2651
572,0.2945
573,0.3063
574,0.3514
575,0.3754
576,0.3854
577,0.3983
578,0.4056
579,0.3458
580,0.2854
581,0.2726
582,0.2651
583,0.2854
584,0.288
585,0.2528
586,0.1831
587,0.176
588,0.2054
589,0.2165
590,0.2054
591,0.301
592,0.4464
593,0.4961
594,0.5193
595,0.5351
596,0.5422
597,0.5048
598,0.4376
599,0.3998
600,0.3725
601,0.3782
602,0.3754
603,0.364
604,0.3868
605,0.4332
606,0.5351
607,0.6262
608,0.6262
609,0.6366
610,0.6644
611,0.7104
612,0.7269
613,0.7816
614,0.8148
615,0.8524
616,0.8853
617,0.9133
618,0.9393
619,0.966
620,0.9797
621,0.9835
622,0.9764
623,0.9752
624,0.9793
625,0.9859
626,0.9899
627,0.9907
628,0.9889
629,0.9899
630,0.9869
631,0.9884
632,0.9882
633,0.9847
634,0.9889
635,0.9904
636,0.9861
637,0.977
638,0.9723
639,0.9697
640,0.9612
641,0.9426
642,0.9125
643,0.881
644,0.8423
645,0.7549
646,0.6693
647,0.5872
648,0.3811
649,0.1801
650,0.0508
651,0.0703
652,0.2713
653,0.394
654,0.3725
655,0.3768
656,0.3458
657,0.332
658,0.3754
659,0.4639
660,0.4654
661,0.4434
662,0.3683
663,0.2713
664,0.3077
665,0.3293
666,0.35
667,0.3797
668,0.3626
669,0.3306
670,0.2726
671,0.221
672,0.1936
673,0.2021
674,0.1465
675,0.1069
676,0.1225
677,0.1967
678,0.254
679,0.423
680,0.5663
681,0.6838
682,0.8257
683,0.9154
684,0.9355
685,0.8949
686,0.9138
687,0.9708
688,0.9278
689,0.9178
690,0.9622
691,0.9819
692,0.9899
693,0.9907
694,0.9855
695,0.9748
696,0.9562
697,0.9258
698,0.868
699,0.7519
700,0.6862
701,0.6944
702,0.699
703,0.6619
704,0.6116
705,0.583
706,0.525
707,0.5279
708,0.5926
709,0.5649
710,0.4756
711,0.4683
712,0.4917
713,0.3655
714,0.174
715,0.0444
716,0.0002
717,0.0006
718,0.0239
719,0.0673
720,0.125
721,0.2043
722,0.2528
723,0.236
724,0.2701
725,0.3711
726,0.5308
727,0.5522
728,0.6209
729,0.7447
730,0.7627
731,0.7798
732,0.7742
733,0.7193
734,0.902
735,0.9707
736,0.9125
737,0.7825
738,0.7236
739,0.7025
740,0.6754
741,0.7149
742,0.7478
743,0.7478
744,0.7539
745,0.8017
746,0.7751
747,0.7375
748,0.6862
749,0.6275
750,0.5761
751,0.5885
752,0.594
753,0.4888
754,0.4332
755,0.439
756,0.499
757,0.4259
758,0.3103
759,0.2503
760,0.2313
761,0.1801
762,0.0673
763,0.0215
764,0.079
765,0.4114
766,0.634
767,0.6909
768,0.7559
769,0.8457
770,0.9182
771,0.9393
772,0.9358
773,0.915
774,0.8977
775,0.8625
776,0.7879
777,0.7897
778,0.8868
779,0.8858
780,0.8777
781,0.8749
782,0.8686
783,0.8517
784,0.8234
785,0.7488
786,0.6656
787,0.6932
788,0.7047
789,0.6921
790,0.685
791,0.728
792,0.7549
793,0.7789
794,0.7627
795,0.7447
796,0.7215
797,0.6766
798,0.6102
799,0.5106
800,0.2815
801,0.0691
802,0.091
803,0.0835
804,0.0923
805,0.079
806,0.0425
807,0.0319
808,0.0588
809,0.0896
810,0.0842
811,0.0875
812,0.1883
813,0.3768
814,0.6049
815,0.7468
816,0.7427
817,0.6979
818,0.7104
819,0.7598
820,0.8026
821,0.8331
822,0.8766
823,0.8878
824,0.8821
825,0.881
826,0.8847
827,0.8743
828,0.9051
829,0.9221
830,0.8868
831,0.8451
832,0.7396
833,0.3669
834,0.1122
835,0.0829
836,0.093
837,0.1009
838,0.1039
839,0.113
840,0.1114
841,0.1474
842,0.1681
843,0.1925
844,0.1873
845,0.174
846,0.1585
847,0.1511
848,0.1242
849,0.093
850,0.0796
851,0.0571
852,0.0478
853,0.0478
854,0.0561
855,0.0842
856,0.152
857,0.229
858,0.3252
859,0.4581
860,0.5437
861,0.5816
862,0.5899
863,0.6089
864,0.6582
865,0.6754
866,0.6644
867,0.6456
868,0.6301
869,0.6443
870,0.6532
871,0.6582
872,0.679
873,0.6967
874,0.6248
875,0.5858
876,0.728
877,0.7215
878,0.685
879,0.7081
880,0.7126
881,0.7807
882,0.8309
883,0.8338
884,0.8563
885,0.8904
886,0.9117
887,0.8904
888,0.8444
889,0.7333
890,0.716
891,0.7714
892,0.7447
893,0.7258
894,0.538
895,0.407
896,0.4041
897,0.4114
898,0.7396
899,0.8388
900,0.8692
901,0.8805
902,0.8674
903,0.8272
904,0.7966
905,0.7182
906,0.7025
907,0.7025
908,0.7193
909,0.7427
910,0.7437
911,0.8009
912,0.8219
913,0.8632
914,0.8662
915,0.8484
916,0.814
917,0.8287
918,0.8444
919,0.8619
920,0.8692
921,0.8837
922,0.9675
923,0.9882
924,0.9908
925,0.9909
926,0.9909
927,0.9909
928,0.9906
929,0.986
930,0.9796
931,0.9863
932,0.9889
933,0.9772
934,0.9697
935,0.9749
936,0.9672
937,0.9555
938,0.9378
939,0.9349
940,0.9142
941,0.8899
942,0.8656
943,0.8338
944,0.7312
945,0.6366
946,0.8294
947,0.8569
948,0.8569
949,0.8451
950,0.7825
951,0.6967
952,0.6921
953,0.7879
954,0.9438
955,0.978
956,0.9909
957,0.9885
958,0.9842
959,0.9869
960,0.988
961,0.9901
962,0.9895
963,0.9908
964,0.981
965,0.9432
966,0.9178
967,0.953
968,0.9852
969,0.9828
970,0.9811
971,0.989
972,0.9889
973,0.9877
974,0.9907
975,0.9756
976,0.9255
977,0.8338
978,0.6885
979,0.6956
980,0.7468
981,0.7427
982,0.7322
983,0.7182
984,0.7247
985,0.7364
986,0.7406
987,0.7498
988,0.7733
989,0.7779
990,0.7676
991,0.7478
992,0.5803
993,0.6076
994,0.6885
995,0.6766
996,0.5816
997,0.4873
998,0.3868
999,0.2713
1000,0.236
1001,0.2054
1002,0.1681
1003,0.1291
1004,0.0959
1005,0.0966
1006,0.1291
1007,0.1652
1008,0.1852
1009,0.1925
1010,0.2054
1011,0.2372
1012,0.2651
1013,0.2777
1014,0.279
1015,0.2552
1016,0.1153
1017,0.0488
1018,0.0349
1019,0.0122
1020,0.0065
1021,0.0076
1022,0.0108
1023,0.0115
1024,0.0094
1025,0.0054
1026,0.0046
1027,0.0101
1028,0.0379
1029,0.1153
1030,0.2552
1031,0.3983
1032,0.4786
1033,0.5164
1034,0.5164
1035,0.5033
1036,0.4975
1037,0.5106
1038,0.5365
1039,0.5308
1040,0.2932
1041,0.1567
1042,0.3542
1043,0.3306
1044,0.2337
1045,0.1873
1046,0.1873
1047,0.2165
1048,0.3238
1049,0.4771
1050,0.594
1051,0.6557
1052,0.6778
1053,0.6778
1054,0.6519
1055,0.6142
1056,0.5816
1057,0.5565
1058,0.5508
1059,0.5522
1060,0.5775
1061,0.5775
1062,0.538
1063,0.4844
1064,0.3542
1065,0.3197
1066,0.2676
1067,0.2348
1068,0.2455
1069,0.2384
1070,0.2491
1071,0.2626
1072,0.3725
1073,0.5607
1074,0.6874
1075,0.7301
1076,0.7333
1077,0.728
1078,0.7215
1079,0.7137
1080,0.707
1081,0.7002
1082,0.6838
1083,0.6742
1084,0.6754
1085,0.6754
1086,0.6718
1087,0.6076
1088,0.3389
1089,0.1771
1090,0.1811
1091,0.1643
1092,0.1266
1093,0.1161
1094,0.1061
1095,0.1209
1096,0.1681
1097,0.2098
1098,0.2419
1099,0.2479
1100,0.2384
1101,0.2372
1102,0.2408
1103,0.2325
1104,0.2131
1105,0.1862
1106,0.1623
1107,0.1576
1108,0.1989
1109,0.2337
1110,0.2419
1111,0.2419
1112,0.1781
1113,0.1291
1114,0.1529
1115,0.1576
1116,0.1681
1117,0.1821
1118,0.2267
1119,0.2867
1120,0.423
1121,0.6235
1122,0.7396
1123,0.7637
1124,0.7637
1125,0.7789
1126,0.7906
1127,0.7897
1128,0.7861
1129,0.7843
1130,0.7897
1131,0.7789
1132,0.7733
1133,0.7427
1134,0.6557
1135,0.5747
1136,0.48
1137,0.4172
1138,0.4274
1139,0.3926
1140,0.3389
1141,0.2997
1142,0.2638
1143,0.2431
1144,0.3197
1145,0.4274
1146,0.4756
1147,0.4859
1148,0.4844
1149,0.5135
1150,0.5536
1151,0.5885
1152,0.5981
1153,0.5761
1154,0.5494
1155,0.4259
1156,0.3403
1157,0.2516
1158,0.2043
1159,0.2198
1160,0.2431
1161,0.2267
1162,0.1821
1163,0.125
1164,0.0995
1165,0.1325
1166,0.1801
1167,0.1925
1168,0.1852
1169,0.2076
1170,0.2267
1171,0.2065
1172,0.1403
1173,0.1076
1174,0.113
1175,0.1266
1176,0.1225
1177,0.0944
1178,0.0588
1179,0.0332
1180,0.0165
1181,0.0058
1182,0.0106
1183,0.0299
1184,0.0388
1185,0.0349
1186,0.0388
1187,0.055
1188,0.0566
1189,0.0545
1190,0.0493
1191,0.0444
1192,0.0524
1193,0.0593
1194,0.0534
1195,0.0392
1196,0.018
1197,0.002
1198,0.0012
1199,0.0189
1200,0.074
1201,0.1493
1202,0.201
1203,0.1946
1204,0.1585
1205,0.1368
1206,0.1377
1207,0.1529
1208,0.1351
1209,0.1275
1210,0.1529
1211,0.1643
1212,0.1771
1213,0.1771
1214,0.1711
1215,0.1529
1216,0.1403
1217,0.1412
1218,0.1233
1219,0.093
1220,0.0644
1221,0.0434
1222,0.0295
1223,0.0319
1224,0.0444
1225,0.0571
1226,0.0555
1227,0.042
1228,0.0276
1229,0.0254
1230,0.0513
1231,0.0855
1232,0.0849
1233,0.0758
1234,0.0588
1235,0.0448
1236,0.0344
1237,0.0171
1238,0.0084
1239,0.0024
1240,0.0106
1241,0.0822
1242,0.2267
1243,0.3598
1244,0.4317
1245,0.4712
1246,0.5019
1247,0.4844
1248,0.442
1249,0.3626
1250,0.3063
1251,0.317
1252,0.3252
1253,0.288
1254,0.2688
1255,0.3077
1256,0.2802
1257,0.1946
1258,0.1539
1259,0.254
1260,0.2726
1261,0.2279
1262,0.1862
1263,0.1831
1264,0.317
1265,0.538
1266,0.7322
1267,0.814
1268,0.8242
1269,0.8026
1270,0.7637
1271,0.7182
1272,0.6826
1273,0.6544
1274,0.6209
1275,0.5677
1276,0.5062
1277,0.461
1278,0.4186
1279,0.317
1280,0.1957
1281,0.1474
1282,0.152
1283,0.1177
1284,0.0765
1285,0.0656
1286,0.0803
1287,0.1002
1288,0.1483
1289,0.2313
1290,0.3403
1291,0.4201
1292,0.4274
1293,0.3911
1294,0.3825
1295,0.4041
1296,0.4288
1297,0.439
1298,0.4085
1299,0.3797
1300,0.3897
1301,0.423
1302,0.4537
1303,0.3883
1304,0.1821
1305,0.1177
1306,0.1643
1307,0.1614
1308,0.1801
1309,0.1946
1310,0.2302
1311,0.2528
1312,0.3184
1313,0.4186
1314,0.4566
1315,0.4332
1316,0.3711
1317,0.3293
1318,0.3598
1319,0.4347
1320,0.5033
1321,0.5294
1322,0.5106
1323,0.4844
1324,0.4742
1325,0.48
1326,0.4786
1327,0.3514
1328,0.254
1329,0.2467
1330,0.2751
1331,0.2713
1332,0.2577
1333,0.2221
1334,0.2131
1335,0.2054
1336,0.2614
1337,0.4128
1338,0.5677
1339,0.6468
1340,0.6544
1341,0.6262
1342,0.5967
1343,0.5872
1344,0.5733
1345,0.5351
1346,0.4946
1347,0.4683
1348,0.439
1349,0.3883
1350,0.3252
1351,0.2198
1352,0.1412
1353,0.1046
1354,0.0959
1355,0.1076
1356,0.1283
1357,0.1266
1358,0.1122
1359,0.1039
1360,0.1209
1361,0.1529
1362,0.2176
1363,0.2945
1364,0.384
1365,0.4756
1366,0.5465
1367,0.5775
1368,0.583
1369,0.5733
1370,0.5621
1371,0.5565
1372,0.5663
1373,0.5803
1374,0.5954
1375,0.5899
1376,0.3754
1377,0.1852
1378,0.1242
1379,0.1421
1380,0.254
1381,0.2601
1382,0.2419
1383,0.2198
1384,0.2713
1385,0.4056
1386,0.5019
1387,0.5663
1388,0.7036
1389,0.7958
1390,0.7751
1391,0.7193
1392,0.6921
1393,0.6874
1394,0.7427
1395,0.7714
1396,0.7888
1397,0.8043
1398,0.8017
1399,0.7723
1400,0.7807
1401,0.8944
1402,0.9154
1403,0.9104
1404,0.9006
1405,0.9069
1406,0.9186
1407,0.9082
1408,0.843
1409,0.7906
1410,0.7637
1411,0.7258
1412,0.6862
1413,0.673
1414,0.6468
1415,0.6607
1416,0.6766
1417,0.6619
1418,0.6156
1419,0.6196
1420,0.6142
1421,0.6089
1422,0.5635
1423,0.4654
1424,0.3598
1425,0.2828
1426,0.221
1427,0.1873
1428,0.176
1429,0.1585
1430,0.1576
1431,0.2098
1432,0.2688
1433,0.3584
1434,0.4157
1435,0.4756
1436,0.5635
1437,0.6569
1438,0.7488
1439,0.8219
1440,0.7992
1441,0.8444
1442,0.8766
1443,0.8644
1444,0.8242
1445,0.7861
1446,0.7047
1447,0.5579
1448,0.4888
1449,0.5761
1450,0.5899
1451,0.6379
1452,0.6909
1453,0.7301
1454,0.7941
1455,0.8001
1456,0.7354
1457,0.7695
1458,0.8226
1459,0.8324
1460,0.8517
1461,0.8338
1462,0.8353
1463,0.8556
1464,0.8963
1465,0.9154
1466,0.948
1467,0.9458
1468,0.9426
1469,0.9315
1470,0.9065
1471,0.902
1472,0.9015
1473,0.9525
1474,0.9866
1475,0.9895
1476,0.9901
1477,0.9903
1478,0.9899
1479,0.9908
1480,0.9908
1481,0.9908
1482,0.9896
1483,0.9733
1484,0.9682
1485,0.969
1486,0.9733
1487,0.9908
1488,0.9834
1489,0.9771
1490,0.936
1491,0.8753
1492,0.7311
1493,0.6154
1494,0.7222
1495,0.9188
1496,0.9909
1497,0.9802
1498,0.9603
1499,0.9682
1500,0.9733
1501,0.9697
1502,0.9483
1503,0.9247
1504,0.8601
1505,0.8001
1506,0.7733
1507,0.7825
1508,0.8353
1509,0.8092
1510,0.814
1511,0.8517
1512,0.8353
1513,0.8409
1514,0.8715
1515,0.8498
1516,0.8524
1517,0.8287
1518,0.8051
1519,0.7508
1520,0.7093
1521,0.8444
1522,0.8703
1523,0.8491
1524,0.8588
1525,0.8588
1526,0.8607
1527,0.8543
1528,0.7789
1529,0.7949
1530,0.8257
1531,0.8316
1532,0.8353
1533,0.8772
1534,0.9707
1535,0.9811
1536,0.9698
1537,0.9258
1538,0.8464
1539,0.8338
1540,0.8619
1541,0.8662
1542,0.8732
1543,0.8697
1544,0.8619
1545,0.8582
1546,0.8894
1547,0.8929
1548,0.8464
1549,0.7343
1550,0.6262
1551,0.6288
1552,0.6049
1553,0.6956
1554,0.685
1555,0.6314
1556,0.6443
1557,0.699
1558,0.707
1559,0.7723
1560,0.7966
1561,0.8367
1562,0.7807
1563,0.7789
1564,0.7825
1565,0.7984
1566,0.8009
1567,0.7468
1568,0.7447
1569,0.8853
1570,0.9251
1571,0.928
1572,0.9117
1573,0.8837
1574,0.8531
1575,0.7888
1576,0.7013
1577,0.673
1578,0.6022
1579,0.6049
1580,0.5981
1581,0.5899
1582,0.5981
1583,0.5981
1584,0.5719
1585,0.4859
1586,0.4405
1587,0.3655
1588,0.2479
1589,0.1978
1590,0.2479
1591,0.2221
1592,0.1831
1593,0.2443
1594,0.3486
1595,0.5308
1596,0.6826
1597,0.7733
1598,0.7723
1599,0.7301
1600,0.7598
1601,0.8556
1602,0.9108
1603,0.953
1604,0.954
1605,0.9396
1606,0.9318
1607,0.881
1608,0.8316
1609,0.7036
1610,0.555
1611,0.5494
1612,0.6222
1613,0.6248
1614,0.5761
1615,0.5337
1616,0.5872
1617,0.6897
1618,0.7488
1619,0.7468
1620,0.7608
1621,0.7861
1622,0.6944
1623,0.6129
1624,0.4742
1625,0.5279
1626,0.6235
1627,0.7816
1628,0.9133
1629,0.9225
1630,0.9424
1631,0.9596
1632,0.9754
1633,0.985
1634,0.9866
1635,0.9892
1636,0.989
1637,0.9889
1638,0.9876
1639,0.9746
1640,0.9658
1641,0.9691
1642,0.9656
1643,0.9587
1644,0.9472
1645,0.9213
1646,0.8899
1647,0.8613
1648,0.8017
1649,0.7036
1650,0.7047
1651,0.7354
1652,0.7588
1653,0.7751
1654,0.7723
1655,0.777
1656,0.7685
1657,0.7685
1658,0.7618
1659,0.7666
1660,0.7549
1661,0.7204
1662,0.6802
1663,0.5033
1664,0.538
1665,0.6262
1666,0.4654
1667,0.3293
1668,0.3063
1669,0.3224
1670,0.3279
1671,0.3197
1672,0.288
1673,0.2919
1674,0.2984
1675,0.305
1676,0.4303
1677,0.6089
1678,0.7047
1679,0.7137
1680,0.7047
1681,0.7364
1682,0.7519
1683,0.7539
1684,0.7657
1685,0.7852
1686,0.7888
1687,0.7789
1688,0.8601
1689,0.9469
1690,0.9693
1691,0.9793
1692,0.9898
1693,0.9908
1694,0.9909
1695,0.9618
1696,0.9198
1697,0.8863
1698,0.8794
1699,0.8543
1700,0.8287
1701,0.8721
1702,0.8668
1703,0.8257
1704,0.8367
1705,0.7992
1706,0.8017
1707,0.8043
1708,0.8242
1709,0.8491
1710,0.8242
1711,0.7126
1712,0.7861
1713,0.9074
1714,0.9312
1715,0.9371
1716,0.9374
1717,0.9455
1718,0.9441
1719,0.9405
1720,0.8924
1721,0.8524
1722,0.8478
1723,0.8367
1724,0.8026
1725,0.7468
1726,0.7578
1727,0.7406
1728,0.7193
1729,0.7417
1730,0.7789
1731,0.8034
1732,0.8188
1733,0.8324
1734,0.8563
1735,0.9355
1736,0.9614
1737,0.9868
1738,0.9897
1739,0.99
1740,0.9897
1741,0.9886
1742,0.986
1743,0.9776
1744,0.9654
1745,0.9535
1746,0.9405
1747,0.9332
1748,0.9287
1749,0.9329
1750,0.9269
1751,0.9229
1752,0.9129
1753,0.8973
1754,0.8805
1755,0.8638
1756,0.8632
1757,0.865
1758,0.8656
1759,0.8632
1760,0.8668
1761,0.9033
1762,0.9244
1763,0.9258
1764,0.9339
1765,0.9315
1766,0.9221
1767,0.9056
1768,0.8709
1769,0.7627
1770,0.7478
1771,0.7549
1772,0.7427
1773,0.707
1774,0.716
1775,0.7333
1776,0.7417
1777,0.7478
1778,0.7508
1779,0.7396
1780,0.7225
1781,0.7468
1782,0.7508
1783,0.6909
1784,0.8619
1785,0.902
1786,0.9166
1787,0.9236
1788,0.9244
1789,0.928
1790,0.9318
1791,0.9315
1792,0.9221
1793,0.8894
1794,0.9087
1795,0.906
1796,0.9178
1797,0.9429
1798,0.9525
1799,0.9612
1800,0.952
1801,0.9305
1802,0.876
1803,0.7932
1804,0.7923
1805,0.8059
1806,0.7704
1807,0.7458
1808,0.814
1809,0.8715
1810,0.8963
1811,0.9138
1812,0.9221
1813,0.9371
1814,0.9578
1815,0.9499
1816,0.8992
1817,0.818
1818,0.7204
1819,0.7137
1820,0.7002
1821,0.6814
1822,0.685
1823,0.7036
1824,0.7025
1825,0.6932
1826,0.6766
1827,0.6182
1828,0.4844
1829,0.4332
1830,0.374
1831,0.2302
1832,0.212
1833,0.2958
1834,0.309
1835,0.3697
1836,0.4566
1837,0.5106
1838,0.5322
1839,0.5479
1840,0.48
1841,0.4434
1842,0.4434
1843,0.3911
1844,0.2971
1845,0.229
1846,0.1711
1847,0.1308
1848,0.1177
1849,0.1076
1850,0.0829
1851,0.0616
1852,0.0383
1853,0.0225
1854,0.0097
1855,0.0021
1856,0.0014
1857,0.0026
1858,0.004
1859,0.0033
1860,0.0033
1861,0.0063
1862,0.014
1863,0.0239
1864,0.0379
1865,0.0875
1866,0.1502
1867,0.1862
1868,0.1862
1869,0.1643
1870,0.1377
1871,0.1069
1872,0.0758
1873,0.0604
1874,0.0498
1875,0.0336
1876,0.0183
1877,0.007
1878,0.0002
1879,0.0001
1880,0.0002
1881,0.0001
1882,0.0
1883,0.0
1884,0.0001
1885,0.0034
1886,0.0127
1887,0.0225
1888,0.0222
1889,0.0261
1890,0.0328
1891,0.0415
1892,0.0468
1893,0.0627
1894,0.0903
1895,0.13
1896,0.1904
1897,0.2552
1898,0.309
1899,0.3556
1900,0.3754
1901,0.3711
1902,0.343
1903,0.1936
1904,0.1539
1905,0.1842
1906,0.174
1907,0.1681
1908,0.1691
1909,0.1721
1910,0.1873
1911,0.2176
1912,0.2396
1913,0.305
1914,0.4347
1915,0.5178
1916,0.5508
1917,0.555
1918,0.5365
1919,0.5135
1920,0.5004
1921,0.4771
1922,0.3584
1923,0.2638
1924,0.301
1925,0.35
1926,0.2503
1927,0.1024
1928,0.0311
1929,0.0049
1930,0.0
1931,0.0001
1932,0.0011
1933,0.0053
1934,0.0117
1935,0.0174
1936,0.0287
1937,0.0582
1938,0.1177
1939,0.1936
1940,0.2663
1941,0.236
1942,0.1438
1943,0.0777
1944,0.0406
1945,0.028
1946,0.0402
1947,0.0733
1948,0.1076
1949,0.1394
1950,0.1701
1951,0.1283
1952,0.0571
1953,0.0616
1954,0.0697
1955,0.0588
1956,0.0448
1957,0.0332
1958,0.0261
1959,0.0299
1960,0.0545
1961,0.1325
1962,0.3197
1963,0.5408
1964,0.6705
1965,0.6802
1966,0.6301
1967,0.583
1968,0.5479
1969,0.4917
1970,0.3556
1971,0.2528
1972,0.2244
1973,0.2337
1974,0.2076
1975,0.1585
1976,0.143
1977,0.1711
1978,0.174
1979,0.2325
1980,0.3037
1981,0.3584
1982,0.4215
1983,0.4902
1984,0.525
1985,0.555
1986,0.6632
1987,0.7215
1988,0.7036
1989,0.685
1990,0.6481
1991,0.5761
1992,0.4566
1993,0.3969
1994,0.2945
1995,0.2313
1996,0.2516
1997,0.364
1998,0.4376
1999,0.4143
2000,0.5479
2001,0.6022
2002,0.5408
2003,0.5178
2004,0.5479
2005,0.5885
2006,0.6222
2007,0.6718
2008,0.6944
2009,0.6885
2010,0.7779
2011,0.7966
2012,0.7751
2013,0.7519
2014,0.7312
2015,0.6754
2016,0.6656
2017,0.6353
2018,0.6062
2019,0.5747
2020,0.5236
2021,0.4566
2022,0.3224
2023,0.2065
2024,0.4172
2025,0.439
2026,0.4012
2027,0.394
2028,0.407
2029,0.4099
2030,0.4215
2031,0.4464
2032,0.4434
2033,0.4786
2034,0.6089
2035,0.7047
2036,0.7301
2037,0.7204
2038,0.6956
2039,0.6669
2040,0.6301
2041,0.5789
2042,0.5465
2043,0.5294
2044,0.5279
2045,0.4844
2046,0.3683
2047,0.2713
2048,0.2751
2049,0.3725
2050,0.4259
2051,0.4595
2052,0.4902
2053,0.5164
2054,0.5322
2055,0.5265
2056,0.4712
2057,0.4215
2058,0.4771
2059,0.5536
2060,0.6196
2061,0.6532
2062,0.6456
2063,0.6248
2064,0.594
2065,0.5337
2066,0.4303
2067,0.3375
2068,0.2919
2069,0.2751
2070,0.2577
2071,0.2626
2072,0.2802
2073,0.3754
2074,0.3897
2075,0.4245
2076,0.4581
2077,0.499
2078,0.525
2079,0.5294
2080,0.4932
2081,0.4712
2082,0.5508
2083,0.6142
2084,0.6456
2085,0.6544
2086,0.643
2087,0.6156
2088,0.594
2089,0.5351
2090,0.439
2091,0.3998
2092,0.3983
2093,0.3655
2094,0.332
2095,0.2932
2096,0.2419
2097,0.1883
2098,0.1731
2099,0.2131
2100,0.229
2101,0.2176
2102,0.1957
2103,0.1791
2104,0.1576
2105,0.1633
2106,0.176
2107,0.1842
2108,0.1873
2109,0.1904
2110,0.1946
2111,0.221
2112,0.3655
2113,0.5294
2114,0.5981
2115,0.5885
2116,0.5437
2117,0.525
2118,0.4771
2119,0.2384
2120,0.1614
2121,0.2244
2122,0.2443
2123,0.3117
2124,0.3711
2125,0.407
2126,0.4128
2127,0.4041
2128,0.3334
2129,0.2419
2130,0.1585
2131,0.0771
2132,0.0411
2133,0.0411
2134,0.0733
2135,0.13
2136,0.1914
2137,0.2348
2138,0.2626
2139,0.2828
2140,0.3238
2141,0.35
2142,0.3514
2143,0.1691
2144,0.0916
2145,0.1054
2146,0.1061
2147,0.098
2148,0.0829
2149,0.0746
2150,0.0758
2151,0.1024
2152,0.1474
2153,0.2256
2154,0.3897
2155,0.5844
2156,0.7182
2157,0.7559
2158,0.7343
2159,0.6921
2160,0.6594
2161,0.6288
2162,0.5663
2163,0.4464
2164,0.3711
2165,0.4085
2166,0.3655
2167,0.332
2168,0.3279
2169,0.3037
2170,0.2503
2171,0.2
2172,0.1502
2173,0.1002
2174,0.061
2175,0.0328
2176,0.0154
2177,0.0041
2178,0.0122
2179,0.0697
2180,0.1781
2181,0.2854
2182,0.3224
2183,0.2663
2184,0.2076
2185,0.2267
2186,0.3417
2187,0.48
2188,0.6008
2189,0.6582
2190,0.6102
2191,0.6076
2192,0.634
2193,0.6262
2194,0.679
2195,0.777
2196,0.836
2197,0.8531
2198,0.8537
2199,0.855
2200,0.8511
2201,0.8076
2202,0.7193
2203,0.6778
2204,0.679
2205,0.6826
2206,0.6632
2207,0.5872
2208,0.5308
2209,0.4669
2210,0.4464
2211,0.4347
2212,0.4114
2213,0.3983
2214,0.3669
2215,0.2751
2216,0.2443
2217,0.2503
2218,0.2802
2219,0.317
2220,0.343
2221,0.3361
2222,0.3486
2223,0.3403
2224,0.3143
2225,0.2443
2226,0.2256
2227,0.2552
2228,0.2854
2229,0.2958
2230,0.2841
2231,0.2701
2232,0.2503
2233,0.2256
2234,0.1883
2235,0.1585
2236,0.1791
2237,0.2802
2238,0.4186
2239,0.4186
2240,0.4932
2241,0.5579
2242,0.6248
2243,0.6718
2244,0.699
2245,0.7385
2246,0.7723
2247,0.7975
2248,0.7676
2249,0.7559
2250,0.7695
2251,0.7529
2252,0.7733
2253,0.7914
2254,0.8092
2255,0.7906
2256,0.7437
2257,0.6944
2258,0.6778
2259,0.6532
2260,0.6129
2261,0.5926
2262,0.6481
2263,0.6656
2264,0.6932
2265,0.7519
2266,0.7966
2267,0.8067
2268,0.7789
2269,0.7013
2270,0.5522
2271,0.3683
2272,0.2233
2273,0.0966
2274,0.0488
2275,0.0875
2276,0.1342
2277,0.1623
2278,0.1873
2279,0.1936
2280,0.1821
2281,0.1604
2282,0.1421
2283,0.1161
2284,0.0621
2285,0.0796
2286,0.1412
2287,0.174
2288,0.175
2289,0.1852
2290,0.2589
2291,0.3211
2292,0.3612
2293,0.3868
2294,0.3444
2295,0.3143
2296,0.2589
2297,0.2764
2298,0.4434
2299,0.5422
2300,0.5106
2301,0.4844
2302,0.5193
2303,0.6262
2304,0.7182
2305,0.7549
2306,0.7375
2307,0.7354
2308,0.7126
2309,0.6519
2310,0.5733
2311,0.4654
2312,0.5365
2313,0.6062
2314,0.6582
2315,0.7036
2316,0.7182
2317,0.707
2318,0.6766
2319,0.6275
2320,0.5465
2321,0.384
2322,0.2467
2323,0.1107
2324,0.0539
2325,0.0644
2326,0.1217
2327,0.2325
2328,0.3584
2329,0.4698
2330,0.538
2331,0.5593
2332,0.5522
2333,0.512
2334,0.384
2335,0.2503
2336,0.1957
2337,0.3037
2338,0.3252
2339,0.3655
2340,0.4099
2341,0.4114
2342,0.3375
2343,0.2267
2344,0.1548
2345,0.1691
2346,0.2021
2347,0.1925
2348,0.1731
2349,0.1672
2350,0.152
2351,0.1122
2352,0.0593
2353,0.025
2354,0.0059
2355,0.001
2356,0.0074
2357,0.0239
2358,0.0388
2359,0.0353
2360,0.028
2361,0.0265
2362,0.0186
2363,0.0033
2364,0.0001
2365,0.0025
2366,0.0151
2367,0.0439
2368,0.0784
2369,0.1242
2370,0.2165
2371,0.3279
2372,0.407
2373,0.4245
2374,0.423
2375,0.4143
2376,0.3797
2377,0.3077
2378,0.2279
2379,0.1831
2380,0.1701
2381,0.1791
2382,0.2279
2383,0.317
2384,0.3157
2385,0.2688
2386,0.2021
2387,0.1978
2388,0.2187
2389,0.254
2390,0.2971
2391,0.357
2392,0.4172
2393,0.4274
2394,0.4727
2395,0.5164
2396,0.4946
2397,0.5091
2398,0.5033
2399,0.4829
2400,0.4347
2401,0.3854
2402,0.364
2403,0.3347
2404,0.3444
2405,0.364
2406,0.3063
2407,0.3157
2408,0.317
2409,0.3754
2410,0.3238
2411,0.2638
2412,0.2408
2413,0.2516
2414,0.2854
2415,0.3334
2416,0.3811
2417,0.4332
2418,0.6089
2419,0.7322
2420,0.7488
2421,0.716
2422,0.6681
2423,0.5789
2424,0.5077
2425,0.4727
2426,0.4099
2427,0.3626
2428,0.4157
2429,0.4493
2430,0.2905
2431,0.1557
2432,0.1831
2433,0.0973
2434,0.0656
2435,0.0503
2436,0.0383
2437,0.0291
2438,0.0243
2439,0.0272
2440,0.0375
2441,0.0571
2442,0.0849
2443,0.1403
2444,0.2589
2445,0.4376
2446,0.5508
2447,0.5663
2448,0.5437
2449,0.5135
2450,0.5091
2451,0.5265
2452,0.5494
2453,0.5522
2454,0.3926
2455,0.2676
2456,0.5294
2457,0.461
2458,0.3472
2459,0.2337
2460,0.174
2461,0.1539
2462,0.1483
2463,0.1811
2464,0.2626
2465,0.3347
2466,0.4669
2467,0.5995
2468,0.6404
2469,0.6275
2470,0.594
2471,0.5691
2472,0.5365
2473,0.5178
2474,0.4859
2475,0.4114
2476,0.3854
2477,0.3754
2478,0.2971
2479,0.2233
2480,0.2867
2481,0.3458
2482,0.357
2483,0.3883
2484,0.3711
2485,0.3279
2486,0.2919
2487,0.2614
2488,0.3103
2489,0.3768
2490,0.5789
2491,0.7406
2492,0.787
2493,0.7559
2494,0.7013
2495,0.6506
2496,0.6582
2497,0.6754
2498,0.7685
2499,0.8302
2500,0.8034
2501,0.7047
2502,0.6481
2503,0.6944
2504,0.855
2505,0.8894
2506,0.9033
2507,0.8996
2508,0.8884
2509,0.8668
2510,0.8009
2511,0.6967
2512,0.461
2513,0.2455
2514,0.2
2515,0.1652
2516,0.1421
2517,0.1883
2518,0.2443
2519,0.3612
2520,0.4566
2521,0.5222
2522,0.5621
2523,0.6116
2524,0.6182
2525,0.5789
2526,0.4114
2527,0.3514
2528,0.3184
2529,0.2713
2530,0.2676
2531,0.2971
2532,0.3669
2533,0.4215
2534,0.407
2535,0.3265
2536,0.2279
2537,0.175
2538,0.1821
2539,0.1201
2540,0.0287
2541,0.0154
2542,0.0434
2543,0.1567
2544,0.3063
2545,0.4829
2546,0.6182
2547,0.6468
2548,0.6456
2549,0.6582
2550,0.5719
2551,0.4551
2552,0.5265
2553,0.7733
2554,0.8124
2555,0.8156
2556,0.8017
2557,0.7714
2558,0.7333
2559,0.6778
2560,0.6456
2561,0.6619
2562,0.7258
2563,0.7897
2564,0.7834
2565,0.7549
2566,0.707
2567,0.6569
2568,0.6404
2569,0.5926
2570,0.6301
2571,0.6262
2572,0.6022
2573,0.6169
2574,0.4815
2575,0.3542
2576,0.3347
2577,0.3103
2578,0.2984
2579,0.2802
2580,0.2601
2581,0.236
2582,0.201
2583,0.1529
2584,0.1145
2585,0.0796
2586,0.0621
2587,0.079
2588,0.1024
2589,0.1031
2590,0.1031
2591,0.1275
2592,0.1604
2593,0.1883
2594,0.201
2595,0.2098
2596,0.2087
2597,0.2198
2598,0.2443
2599,0.1585
2600,0.1107
2601,0.1438
2602,0.1233
2603,0.1107
2604,0.098
2605,0.0777
2606,0.0513
2607,0.0332
2608,0.0332
2609,0.0439
2610,0.0882
2611,0.2396
2612,0.4771
2613,0.6182
2614,0.6506
2615,0.634
2616,0.5899
2617,0.555
2618,0.5294
2619,0.5091
2620,0.4917
2621,0.4654
2622,0.35
2623,0.2828
2624,0.3403
2625,0.4143
2626,0.4712
2627,0.5062
2628,0.525
2629,0.5437
2630,0.5663
2631,0.5479
2632,0.442
2633,0.3655
2634,0.3306
2635,0.3854
2636,0.5649
2637,0.7059
2638,0.7364
2639,0.707
2640,0.6644
2641,0.6169
2642,0.583
2643,0.5607
2644,0.538
2645,0.4829
2646,0.2997
2647,0.174
2648,0.1283
2649,0.1114
2650,0.1161
2651,0.0882
2652,0.0529
2653,0.0402
2654,0.0353
2655,0.0299
2656,0.0232
2657,0.0344
2658,0.1217
2659,0.2233
2660,0.2688
2661,0.1946
2662,0.0959
2663,0.0715
2664,0.093
2665,0.1107
2666,0.1091
2667,0.0869
2668,0.0593
2669,0.0415
2670,0.0439
2671,0.0498
2672,0.1145
2673,0.2751
2674,0.5135
2675,0.7312
2676,0.8172
2677,0.8092
2678,0.7779
2679,0.7834
2680,0.6838
2681,0.6506
2682,0.6456
2683,0.643
2684,0.6607
2685,0.7322
2686,0.7714
2687,0.7508
2688,0.6456
2689,0.6235
2690,0.6506
2691,0.6862
2692,0.728
2693,0.707
2694,0.5494
2695,0.3556
2696,0.4259
2697,0.4595
2698,0.4742
2699,0.4669
2700,0.4595
2701,0.4215
2702,0.3669
2703,0.2841
2704,0.1821
2705,0.1145
2706,0.1009
2707,0.1266
2708,0.1595
2709,0.1576
2710,0.2467
2711,0.5899
2712,0.8249
2713,0.7923
2714,0.5294
2715,0.3528
2716,0.4056
2717,0.4625
2718,0.4128
2719,0.4274
2720,0.5816
2721,0.6656
2722,0.6921
2723,0.7637
2724,0.8188
2725,0.8619
2726,0.919
2727,0.9458
2728,0.9412
2729,0.9166
2730,0.917
2731,0.9298
2732,0.9387
2733,0.9467
2734,0.9146
2735,0.8294
2736,0.7657
2737,0.7301
2738,0.7137
2739,0.7002
2740,0.7036
2741,0.7468
2742,0.6594
2743,0.6443
2744,0.8156
2745,0.8715
2746,0.8914
2747,0.9006
2748,0.9078
2749,0.9047
2750,0.8815
2751,0.8491
2752,0.8017
2753,0.7225
2754,0.6838
2755,0.6404
2756,0.5995
2757,0.48
2758,0.442
2759,0.4099
2760,0.343
2761,0.2663
2762,0.2577
2763,0.2479
2764,0.2867
2765,0.3782
2766,0.3598
2767,0.4756
2768,0.594
2769,0.6102
2770,0.673
2771,0.7598
2772,0.8116
2773,0.8524
2774,0.8794
2775,0.8799
2776,0.8738
2777,0.843
2778,0.7657
2779,0.7498
2780,0.7966
2781,0.8402
2782,0.8662
2783,0.8868
2784,0.9112
2785,0.8721
2786,0.8471
2787,0.8294
2788,0.8219
2789,0.7568
2790,0.6468
2791,0.7676
2792,0.8051
2793,0.7852
2794,0.7685
2795,0.7852
2796,0.8287
2797,0.8644
2798,0.8858
2799,0.8953
2800,0.8929
2801,0.8644
2802,0.777
2803,0.7364
2804,0.6742
2805,0.6582
2806,0.6506
2807,0.6222
2808,0.6008
2809,0.5981
2810,0.6008
2811,0.5885
2812,0.5691
2813,0.525
2814,0.3542
2815,0.4669
2816,0.5719
2817,0.5677
2818,0.5494
2819,0.5422
2820,0.5351
2821,0.5479
2822,0.5649
2823,0.5322
2824,0.4493
2825,0.3224
2826,0.2601
2827,0.2564
2828,0.1989
2829,0.1557
2830,0.1438
2831,0.1465
2832,0.1721
2833,0.2256
2834,0.2688
2835,0.2751
2836,0.2552
2837,0.1978
2838,0.1633
2839,0.1529
2840,0.1643
2841,0.1567
2842,0.1438
2843,0.1342
2844,0.1275
2845,0.1201
2846,0.1217
2847,0.1412
2848,0.1672
2849,0.1936
2850,0.2372
2851,0.2932
2852,0.3103
2853,0.2726
2854,0.2165
2855,0.1894
2856,0.2384
2857,0.3528
2858,0.4143
2859,0.3911
2860,0.3556
2861,0.3184
2862,0.1681
2863,0.0555
2864,0.0571
2865,0.0616
2866,0.0493
2867,0.0402
2868,0.0344
2869,0.0319
2870,0.0349
2871,0.0406
2872,0.0425
2873,0.0463
2874,0.0468
2875,0.0488
2876,0.0588
2877,0.0627
2878,0.0673
2879,0.079
2880,0.113
2881,0.1643
2882,0.2176
2883,0.2396
2884,0.2419
2885,0.2187
2886,0.1145
2887,0.0344
2888,0.0059
2889,0.0
2890,0.0006
2891,0.0051
2892,0.0106
2893,0.0219
2894,0.0463
2895,0.0882
2896,0.1465
2897,0.2131
2898,0.2971
2899,0.4056
2900,0.4537
2901,0.48
2902,0.5222
2903,0.5579
2904,0.5691
2905,0.5494
2906,0.5048
2907,0.4522
2908,0.3926
2909,0.407
2910,0.357
2911,0.3514
2912,0.317
2913,0.2932
2914,0.3224
2915,0.343
2916,0.3926
2917,0.4683
2918,0.499
2919,0.4917
2920,0.4902
2921,0.4172
2922,0.3883
2923,0.4888
2924,0.538
2925,0.5265
2926,0.439
2927,0.3754
2928,0.317
2929,0.3024
2930,0.357
2931,0.3883
2932,0.3472
2933,0.2802
2934,0.176
2935,0.1177
2936,0.0627
2937,0.0458
2938,0.0444
2939,0.0444
2940,0.0727
2941,0.1438
2942,0.2267
2943,0.2893
2944,0.317
2945,0.3252
2946,0.3293
2947,0.3854
2948,0.3725
2949,0.3444
2950,0.3361
2951,0.309
2952,0.2726
2953,0.2267
2954,0.1957
2955,0.2396
2956,0.2626
2957,0.2726
2958,0.2577
2959,0.4317
2960,0.5663
2961,0.6909
2962,0.7733
2963,0.843
2964,0.9033
2965,0.921
2966,0.9006
2967,0.8703
2968,0.8457
2969,0.8156
2970,0.7529
2971,0.685
2972,0.643
2973,0.6209
2974,0.6102
2975,0.5803
2976,0.5593
2977,0.5522
2978,0.5536
2979,0.538
2980,0.5207
2981,0.4654
2982,0.2589
2983,0.3754
2984,0.3669
2985,0.3375
2986,0.313
2987,0.2854
2988,0.2676
2989,0.254
2990,0.2503
2991,0.2516
2992,0.2614
2993,0.2802
2994,0.3389
2995,0.48
2996,0.583
2997,0.6089
2998,0.6049
2999,0.5872
3000,0.5635
3001,0.5236
3002,0.4961
3003,0.4815
3004,0.4654
3005,0.3897
3006,0.1957
3007,0.13
3008,0.0882
3009,0.0406
3010,0.0202
3011,0.0101
3012,0.0031
3013,0.0002
3014,0.0
3015,0.0001
3016,0.001
3017,0.002
3018,0.0033
3019,0.0115
3020,0.0439
3021,0.0849
3022,0.1456
3023,0.2165
3024,0.3024
3025,0.3811
3026,0.4756
3027,0.5408
3028,0.5691
3029,0.5394
3030,0.3612
3031,0.1894
3032,0.1576
3033,0.301
3034,0.3768
3035,0.3868
3036,0.3825
3037,0.4493
3038,0.3897
3039,0.2867
3040,0.2384
3041,0.3361
3042,0.512
3043,0.5995
3044,0.5872
3045,0.6022
3046,0.525
3047,0.442
3048,0.5351
3049,0.6314
3050,0.679
3051,0.7598
3052,0.7695
3053,0.7343
3054,0.8108
3055,0.8594
3056,0.9225
3057,0.9322
3058,0.9435
3059,0.9535
3060,0.9628
3061,0.973
3062,0.9805
3063,0.9805
3064,0.9823
3065,0.9824
3066,0.9806
3067,0.9908
3068,0.9851
3069,0.9831
3070,0.9832
3071,0.9906
3072,0.9907
3073,0.9905
3074,0.9758
3075,0.9421
3076,0.9082
3077,0.8324
3078,0.7458
3079,0.8226
3080,0.7897
3081,0.7137
3082,0.679
3083,0.6885
3084,0.6826
3085,0.6802
3086,0.6754
3087,0.6222
3088,0.5408
3089,0.4815
3090,0.3797
3091,0.3669
3092,0.3444
3093,0.3224
3094,0.2854
3095,0.2384
3096,0.1771
3097,0.1153
3098,0.0849
3099,0.0855
3100,0.1233
3101,0.1652
3102,0.1529
3103,0.2244
3104,0.3103
3105,0.3417
3106,0.3542
3107,0.4012
3108,0.4376
3109,0.4245
3110,0.4303
3111,0.5062
3112,0.5677
3113,0.5899
3114,0.6314
3115,0.7126
3116,0.7364
3117,0.7488
3118,0.7354
3119,0.679
3120,0.6519
3121,0.673
3122,0.7093
3123,0.7013
3124,0.6742
3125,0.5663
3126,0.4215
3127,0.461
3128,0.4172
3129,0.394
3130,0.4288
3131,0.4932
3132,0.5408
3133,0.5265
3134,0.5033
3135,0.5091
3136,0.5365
3137,0.4902
3138,0.4551
3139,0.5062
3140,0.5408
3141,0.5394
3142,0.5394
3143,0.5422
3144,0.4932
3145,0.4493
3146,0.4041
3147,0.35
3148,0.2528
3149,0.1894
3150,0.1474
3151,0.1957
3152,0.3184
3153,0.3556
3154,0.3458
3155,0.3279
3156,0.3306
3157,0.3514
3158,0.3725
3159,0.4361
3160,0.5091
3161,0.5465
3162,0.5885
3163,0.7093
3164,0.7761
3165,0.7761
3166,0.716
3167,0.6632
3168,0.6353
3169,0.6129
3170,0.5981
3171,0.5913
3172,0.5858
3173,0.4961
3174,0.3417
3175,0.5077
3176,0.6897
3177,0.7333
3178,0.7685
3179,0.8051
3180,0.8309
3181,0.8451
3182,0.8457
3183,0.8388
3184,0.8302
3185,0.7949
3186,0.7888
3187,0.8249
3188,0.8353
3189,0.7879
3190,0.7723
3191,0.7637
3192,0.7549
3193,0.7488
3194,0.7437
3195,0.7406
3196,0.729
3197,0.6569
3198,0.5048
3199,0.5981
3200,0.7906
3201,0.8478
3202,0.8638
3203,0.8738
3204,0.8847
3205,0.8963
3206,0.9033
3207,0.8996
3208,0.881
3209,0.8484
3210,0.8287
3211,0.8219
3212,0.8324
3213,0.8059
3214,0.7704
3215,0.7312
3216,0.7013
3217,0.6826
3218,0.6644
3219,0.6506
3220,0.634
3221,0.5351
3222,0.374
3223,0.5207
3224,0.7789
3225,0.8009
3226,0.8001
3227,0.7852
3228,0.7588
3229,0.707
3230,0.6619
3231,0.6404
3232,0.6062
3233,0.5775
3234,0.6619
3235,0.7126
3236,0.6826
3237,0.7375
3238,0.7047
3239,0.6156
3240,0.5705
3241,0.5178
3242,0.4932
3243,0.4683
3244,0.4259
3245,0.3265
3246,0.2076
3247,0.1862
3248,0.2279
3249,0.3238
3250,0.3911
3251,0.4303
3252,0.423
3253,0.4303
3254,0.3883
3255,0.2828
3256,0.1842
3257,0.2198
3258,0.3697
3259,0.5091
3260,0.5872
3261,0.5872
3262,0.594
3263,0.6301
3264,0.5926
3265,0.5494
3266,0.5106
3267,0.5048
3268,0.5236
3269,0.4128
3270,0.2325
3271,0.2
3272,0.3375
3273,0.3184
3274,0.2777
3275,0.2244
3276,0.175
3277,0.1604
3278,0.1936
3279,0.2663
3280,0.3224
3281,0.3265
3282,0.3556
3283,0.3998
3284,0.3797
3285,0.3238
3286,0.2701
3287,0.2302
3288,0.2021
3289,0.1781
3290,0.1633
3291,0.1502
3292,0.1385
3293,0.1217
3294,0.0809
3295,0.0715
3296,0.0679
3297,0.0667
3298,0.0662
3299,0.0679
3300,0.0733
3301,0.0796
3302,0.093
3303,0.1217
3304,0.1652
3305,0.2043
3306,0.2431
3307,0.305
3308,0.3612
3309,0.3683
3310,0.3361
3311,0.3143
3312,0.3077
3313,0.3143
3314,0.3077
3315,0.2932
3316,0.279
3317,0.2021
3318,0.1138
3319,0.0966
3320,0.0995
3321,0.0973
3322,0.0995
3323,0.1258
3324,0.1614
3325,0.1904
3326,0.2109
3327,0.2372
3328,0.2431
3329,0.2131
3330,0.229
3331,0.317
3332,0.3528
3333,0.374
3334,0.3612
3335,0.3211
3336,0.288
3337,0.2651
3338,0.2516
3339,0.2467
3340,0.2372
3341,0.1842
3342,0.0855
3343,0.0685
3344,0.0765
3345,0.0765
3346,0.0796
3347,0.1009
3348,0.1334
3349,0.1576
3350,0.1633
3351,0.1595
3352,0.1614
3353,0.1567
3354,0.1502
3355,0.1801
3356,0.2098
3357,0.2325
3358,0.2564
3359,0.2984
3360,0.3252
3361,0.3347
3362,0.3157
3363,0.2688
3364,0.2176
3365,0.1412
3366,0.061
3367,0.0453
3368,0.0561
3369,0.0746
3370,0.0777
3371,0.0599
3372,0.0434
3373,0.0463
3374,0.0534
3375,0.0621
3376,0.0691
3377,0.0966
3378,0.1904
3379,0.3252
3380,0.3725
3381,0.364
3382,0.3334
3383,0.2984
3384,0.2777
3385,0.2589
3386,0.2601
3387,0.2626
3388,0.2764
3389,0.2408
3390,0.1039
3391,0.0529
3392,0.0344
3393,0.0202
3394,0.0219
3395,0.0287
3396,0.0361
3397,0.042
3398,0.0439
3399,0.0402
3400,0.0361
3401,0.0458
3402,0.0842
3403,0.1652
3404,0.2098
3405,0.2
3406,0.1585
3407,0.1209
3408,0.1054
3409,0.1394
3410,0.1883
3411,0.229
3412,0.236
3413,0.2032
3414,0.1046
3415,0.042
3416,0.028
3417,0.0328
3418,0.0332
3419,0.0488
3420,0.0638
3421,0.0765
3422,0.1076
3423,0.1394
3424,0.1317
3425,0.1266
3426,0.1493
3427,0.2
3428,0.2325
3429,0.2638
3430,0.2867
3431,0.2854
3432,0.3389
3433,0.4099
3434,0.4727
3435,0.4595
3436,0.4201
3437,0.3117
3438,0.2165
3439,0.2372
3440,0.2372
3441,0.2337
3442,0.2396
3443,0.2408
3444,0.2713
3445,0.3143
3446,0.3542
3447,0.3955
3448,0.423
3449,0.4698
3450,0.4961
3451,0.5995
3452,0.6594
3453,0.6129
3454,0.5593
3455,0.5294
3456,0.4595
3457,0.407
3458,0.3797
3459,0.3612
3460,0.3444
3461,0.2455
3462,0.1862
3463,0.1894
3464,0.1623
3465,0.1465
3466,0.1403
3467,0.1502
3468,0.1604
3469,0.175
3470,0.1989
3471,0.2503
3472,0.3117
3473,0.3983
3474,0.4712
3475,0.4625
3476,0.4361
3477,0.4085
3478,0.3811
3479,0.3306
3480,0.279
3481,0.2198
3482,0.1576
3483,0.1039
3484,0.0633
3485,0.0323
3486,0.0478
3487,0.1002
3488,0.1873
3489,0.3024
3490,0.3584
3491,0.3238
3492,0.2751
3493,0.2503
3494,0.2443
3495,0.2739
3496,0.3514
3497,0.4361
3498,0.4639
3499,0.4508
3500,0.4595
3501,0.4581
3502,0.4932
3503,0.4859
3504,0.4274
3505,0.3598
3506,0.2971
3507,0.2638
3508,0.2726
3509,0.2726
3510,0.2467
3511,0.2302
3512,0.1978
3513,0.1936
3514,0.2142
3515,0.1811
3516,0.1576
3517,0.2244
3518,0.3265
3519,0.4172
3520,0.5621
3521,0.6693
3522,0.6766
3523,0.7093
3524,0.6754
3525,0.5913
3526,0.5761
3527,0.5844
3528,0.5733
3529,0.5926
3530,0.5816
3531,0.5761
3532,0.5761
3533,0.5106
3534,0.6392
3535,0.7193
3536,0.6979
3537,0.7104
3538,0.7301
3539,0.7115
3540,0.6909
3541,0.6681
3542,0.6314
3543,0.5954
3544,0.5858
3545,0.5508
3546,0.4639
3547,0.5207
3548,0.5508
3549,0.4946
3550,0.4581
3551,0.4274
3552,0.3612
3553,0.305
3554,0.2688
3555,0.1967
3556,0.1681
3557,0.0849
3558,0.0803
3559,0.1138
3560,0.1633
3561,0.2233
3562,0.279
3563,0.3612
3564,0.442
3565,0.5091
3566,0.5565
3567,0.5913
3568,0.6222
3569,0.6301
3570,0.5677
3571,0.555
3572,0.5193
3573,0.4493
3574,0.423
3575,0.3897
3576,0.357
3577,0.3389
3578,0.3612
3579,0.384
3580,0.3768
3581,0.2984
3582,0.2713
3583,0.3024
3584,0.3037
3585,0.2676
3586,0.2384
3587,0.2348
3588,0.2443
3589,0.2431
3590,0.2348
3591,0.221
3592,0.1946
3593,0.1652
3594,0.1576
3595,0.2176
3596,0.2564
3597,0.2651
3598,0.2552
3599,0.2198
3600,0.1614
3601,0.1039
3602,0.0588
3603,0.0284
3604,0.0127
3605,0.0054
3606,0.0
3607,0.0006
3608,0.0019
3609,0.0035
3610,0.0056
3611,0.0082
3612,0.0122
3613,0.0159
3614,0.0199
3615,0.0196
3616,0.0171
3617,0.018
3618,0.0246
3619,0.0765
3620,0.1185
3621,0.1342
3622,0.125
3623,0.1122
3624,0.0849
3625,0.0715
3626,0.1474
3627,0.313
3628,0.4288
3629,0.4041
3630,0.1791
3631,0.0621
3632,0.055
3633,0.0973
3634,0.0995
3635,0.1046
3636,0.1084
3637,0.113
3638,0.1177
3639,0.1177
3640,0.1114
3641,0.1076
3642,0.1061
3643,0.1054
3644,0.0829
3645,0.0673
3646,0.0679
3647,0.0875
3648,0.1456
3649,0.2302
3650,0.2713
3651,0.2614
3652,0.2626
3653,0.2396
3654,0.1266
3655,0.1069
3656,0.1317
3657,0.2021
3658,0.3157
3659,0.3683
3660,0.3157
3661,0.3279
3662,0.439
3663,0.2997
3664,0.2198
3665,0.3103
3666,0.3375
3667,0.3238
3668,0.3472
3669,0.384
3670,0.4434
3671,0.3998
3672,0.3782
3673,0.4099
3674,0.4012
3675,0.305
3676,0.1862
3677,0.0733
3678,0.0311
3679,0.0582
3680,0.0566
3681,0.0539
3682,0.0679
3683,0.1161
3684,0.1862
3685,0.2348
3686,0.2503
3687,0.236
3688,0.2256
3689,0.175
3690,0.1177
3691,0.0952
3692,0.0524
3693,0.0429
3694,0.0539
3695,0.0633
3696,0.0518
3697,0.0444
3698,0.098
3699,0.1691
3700,0.13
3701,0.0588
3702,0.0183
3703,0.0183
3704,0.0349
3705,0.091
3706,0.279
3707,0.5579
3708,0.707
3709,0.7761
3710,0.8124
3711,0.8084
3712,0.7761
3713,0.7519
3714,0.6506
3715,0.6035
3716,0.6582
3717,0.6182
3718,0.583
3719,0.5747
3720,0.5522
3721,0.394
3722,0.2396
3723,0.1883
3724,0.1831
3725,0.1842
3726,0.1447
3727,0.1368
3728,0.1721
3729,0.1317
3730,0.093
3731,0.0784
3732,0.0842
3733,0.0697
3734,0.0503
3735,0.0944
3736,0.1925
3737,0.3556
3738,0.4888
3739,0.4727
3740,0.3998
3741,0.3238
3742,0.288
3743,0.2688
3744,0.2516
3745,0.2348
3746,0.2187
3747,0.1978
3748,0.1873
3749,0.1989
3750,0.1957
3751,0.2564
3752,0.3279
3753,0.3542
3754,0.3347
3755,0.364
3756,0.3955
3757,0.4288
3758,0.4114
3759,0.3998
3760,0.4027
3761,0.423
3762,0.5649
3763,0.7498
3764,0.843
3765,0.8674
3766,0.8395
3767,0.8464
3768,0.729
3769,0.6862
3770,0.7215
3771,0.7333
3772,0.8632
3773,0.8444
3774,0.643
3775,0.8613
3776,0.9552
3777,0.9362
3778,0.9567
3779,0.9714
3780,0.9778
3781,0.9885
3782,0.974
3783,0.9193
3784,0.9776
3785,0.9909
3786,0.9884
3787,0.982
3788,0.9725
3789,0.9633
3790,0.9523
3791,0.9308
3792,0.9095
3793,0.8873
3794,0.8755
3795,0.8556
3796,0.8051
3797,0.7171
3798,0.6379
3799,0.6932
3800,0.7126
3801,0.7149
3802,0.7171
3803,0.7236
3804,0.7104
3805,0.634
3806,0.5322
3807,0.4085
3808,0.2958
3809,0.2054
3810,0.1421
3811,0.1099
3812,0.0796
3813,0.0561
3814,0.0397
3815,0.0353
3816,0.037
3817,0.0555
3818,0.1016
3819,0.1576
3820,0.2021
3821,0.1791
3822,0.1002
3823,0.0835
3824,0.0582
3825,0.011
3826,0.0046
3827,0.0033
3828,0.003
3829,0.0125
3830,0.0353
3831,0.1046
3832,0.2726
3833,0.4727
3834,0.5279
3835,0.4683
3836,0.3854
3837,0.3252
3838,0.3584
3839,0.3782
3840,0.3697
3841,0.3514
3842,0.3542
3843,0.3361
3844,0.3077
3845,0.2302
3846,0.1652
3847,0.1862
3848,0.2443
3849,0.2984
3850,0.3486
3851,0.3983
3852,0.4201
3853,0.4041
3854,0.3754
3855,0.35
3856,0.3265
3857,0.288
3858,0.2516
3859,0.2221
3860,0.1914
3861,0.1672
3862,0.1672
3863,0.1711
3864,0.1662
3865,0.1502
3866,0.1351
3867,0.0937
3868,0.0703
3869,0.0662
3870,0.1024
3871,0.1258
3872,0.1483
3873,0.1701
3874,0.1801
3875,0.1801
3876,0.1576
3877,0.1107
3878,0.0621
3879,0.0366
3880,0.0202
3881,0.0154
3882,0.018
3883,0.0336
3884,0.0577
3885,0.093
3886,0.1368
3887,0.1691
3888,0.1811
3889,0.1681
3890,0.1511
3891,0.1385
3892,0.1099
3893,0.0691
3894,0.0375
3895,0.0205
3896,0.0159
3897,0.0434
3898,0.1016
3899,0.2142
3900,0.3403
3901,0.4186
3902,0.4522
3903,0.4434
3904,0.3926
3905,0.3334
3906,0.3103
3907,0.4085
3908,0.499
3909,0.5091
3910,0.5004
3911,0.5135
3912,0.5279
3913,0.5265
3914,0.5294
3915,0.538
3916,0.555
3917,0.525
3918,0.5322
3919,0.5967
3920,0.6718
3921,0.6885
3922,0.6932
3923,0.6921
3924,0.6778
3925,0.6532
3926,0.6102
3927,0.5579
3928,0.4859
3929,0.3825
3930,0.2651
3931,0.2176
3932,0.1967
3933,0.2043
3934,0.2313
3935,0.2626
3936,0.2751
3937,0.2626
3938,0.2408
3939,0.2131
3940,0.2
3941,0.1862
3942,0.1643
3943,0.174
3944,0.1925
3945,0.2065
3946,0.1978
3947,0.1771
3948,0.1711
3949,0.1801
3950,0.2098
3951,0.2528
3952,0.313
3953,0.3868
3954,0.4201
3955,0.439
3956,0.4288
3957,0.3754
3958,0.364
3959,0.3797
3960,0.4245
3961,0.5019
3962,0.5885
3963,0.6619
3964,0.6967
3965,0.6443
3966,0.6327
3967,0.7247
3968,0.7742
3969,0.8132
3970,0.8395
3971,0.843
3972,0.8367
3973,0.8556
3974,0.881
3975,0.8944
3976,0.8939
3977,0.8743
3978,0.7966
3979,0.6519
3980,0.5995
3981,0.6632
3982,0.6921
3983,0.7047
3984,0.679
3985,0.6754
3986,0.6301
3987,0.6008
3988,0.5705
3989,0.4742
3990,0.3868
3991,0.3868
3992,0.3782
3993,0.3926
3994,0.4143
3995,0.4347
3996,0.4288
3997,0.4012
3998,0.3542
3999,0.2867
4000,0.2109
4001,0.1483
4002,0.1161
4003,0.1529
4004,0.1978
4005,0.2142
4006,0.2
4007,0.1821
4008,0.1567
4009,0.1201
4010,0.0869
4011,0.0835
4012,0.1317
4013,0.152
4014,0.1069
4015,0.1084
4016,0.0784
4017,0.0448
4018,0.0272
4019,0.0183
4020,0.013
4021,0.0078
4022,0.0067
4023,0.0127
4024,0.0336
4025,0.0715
4026,0.1334
4027,0.2739
4028,0.4712
4029,0.6379
4030,0.6862
4031,0.6379
4032,0.583
4033,0.5508
4034,0.5322
4035,0.5135
4036,0.4946
4037,0.4259
4038,0.3279
4039,0.3238
4040,0.2945
4041,0.2764
4042,0.3897
4043,0.5236
4044,0.4946
4045,0.3683
4046,0.236
4047,0.1873
4048,0.1633
4049,0.1662
4050,0.2176
4051,0.317
4052,0.3683
4053,0.357
4054,0.3238
4055,0.254
4056,0.35
4057,0.4902
4058,0.5222
4059,0.5222
4060,0.5294
4061,0.4551
4062,0.5164
4063,0.6944
4064,0.7834
4065,0.8316
4066,0.8498
4067,0.8531
4068,0.8402
4069,0.8132
4070,0.7657
4071,0.6909
4072,0.5858
4073,0.4566
4074,0.3024
4075,0.212
4076,0.174
4077,0.1842
4078,0.2325
4079,0.2919
4080,0.3347
4081,0.3683
4082,0.3768
4083,0.3347
4084,0.2984
4085,0.2098
4086,0.2043
4087,0.143
4088,0.1069
4089,0.1107
4090,0.1334
4091,0.1731
4092,0.221
4093,0.2516
4094,0.2601
4095,0.2688
4096,0.2828
4097,0.2984
4098,0.317
4099,0.3655
4100,0.3983
4101,0.4143
4102,0.4478
4103,0.461
4104,0.4712
4105,0.4625
4106,0.4595
4107,0.4508
4108,0.4143
4109,0.2516
4110,0.2348
4111,0.2032
4112,0.1529
4113,0.1016
4114,0.055
4115,0.0276
4116,0.0162
4117,0.0193
4118,0.0406
4119,0.0746
4120,0.1107
4121,0.1633
4122,0.2443
4123,0.3825
4124,0.538
4125,0.583
4126,0.5858
4127,0.5593
4128,0.525
4129,0.5149
4130,0.525
4131,0.5522
4132,0.5663
4133,0.423
4134,0.3868
4135,0.3797
4136,0.3375
4137,0.2131
4138,0.1633
4139,0.1511
4140,0.1662
4141,0.1811
4142,0.1936
4143,0.2153
4144,0.2419
4145,0.2663
4146,0.2651
4147,0.3458
4148,0.4508
4149,0.5677
4150,0.6156
4151,0.6049
4152,0.6392
4153,0.6182
4154,0.5775
4155,0.6008
4156,0.5649
4157,0.394
4158,0.2663
4159,0.2313
4160,0.2528
4161,0.2676
4162,0.2828
4163,0.254
4164,0.2443
4165,0.2267
4166,0.279
4167,0.3486
4168,0.407
4169,0.4332
4170,0.4012
4171,0.3361
4172,0.2221
4173,0.1791
4174,0.1894
4175,0.2076
4176,0.2131
4177,0.2131
4178,0.2279
4179,0.3238
4180,0.3024
4181,0.174
4182,0.1456
4183,0.1989
4184,0.2408
4185,0.176
4186,0.1317
4187,0.1711
4188,0.2325
4189,0.2626
4190,0.3024
4191,0.3417
4192,0.2638
4193,0.2601
4194,0.374
4195,0.4478
4196,0.4829
4197,0.48
4198,0.4712
4199,0.4537
4200,0.461
4201,0.4478
4202,0.4157
4203,0.3542
4204,0.288
4205,0.1585
4206,0.1153
4207,0.0627
4208,0.0232
4209,0.0041
4210,0.0
4211,0.0108
4212,0.0171
4213,0.0094
4214,0.0051
4215,0.0115
4216,0.0229
4217,0.0633
4218,0.1557
4219,0.3197
4220,0.5033
4221,0.6102
4222,0.6519
4223,0.6288
4224,0.6076
4225,0.5858
4226,0.5981
4227,0.6301
4228,0.6519
4229,0.6008
4230,0.5536
4231,0.6594
4232,0.6681
4233,0.6862
4234,0.7137
4235,0.7215
4236,0.6885
4237,0.6129
4238,0.5149
4239,0.3854
4240,0.236
4241,0.1438
4242,0.0765
4243,0.0299
4244,0.1054
4245,0.3754
4246,0.6862
4247,0.8043
4248,0.7966
4249,0.7498
4250,0.7236
4251,0.7104
4252,0.6862
4253,0.5981
4254,0.5033
4255,0.4654
4256,0.4041
4257,0.3361
4258,0.2764
4259,0.2384
4260,0.2337
4261,0.2372
4262,0.2455
4263,0.2828
4264,0.3211
4265,0.3293
4266,0.4114
4267,0.5508
4268,0.6443
4269,0.6669
4270,0.6826
4271,0.6742
4272,0.6301
4273,0.5621
4274,0.5236
4275,0.4727
4276,0.3811
4277,0.2187
4278,0.1201
4279,0.1145
4280,0.0995
4281,0.0703
4282,0.0473
4283,0.0448
4284,0.0539
4285,0.0691
4286,0.0882
4287,0.1031
4288,0.0973
4289,0.0777
4290,0.0667
4291,0.0937
4292,0.1069
4293,0.0752
4294,0.0434
4295,0.0243
4296,0.0165
4297,0.0171
4298,0.0162
4299,0.0113
4300,0.0132
4301,0.0154
4302,0.018
4303,0.034
4304,0.0582
4305,0.1061
4306,0.1781
4307,0.2676
4308,0.3375
4309,0.3782
4310,0.3998
4311,0.4027
4312,0.3897
4313,0.3584
4314,0.3265
4315,0.2919
4316,0.2503
4317,0.2701
4318,0.3725
4319,0.407
4320,0.407
4321,0.3669
4322,0.332
4323,0.279
4324,0.2564
4325,0.2455
4326,0.2893
4327,0.1862
4328,0.0616
4329,0.0662
4330,0.0453
4331,0.042
4332,0.0513
4333,0.0633
4334,0.0809
4335,0.1016
4336,0.1359
4337,0.1791
4338,0.2467
4339,0.394
4340,0.5308
4341,0.5322
4342,0.5465
4343,0.525
4344,0.439
4345,0.3265
4346,0.3293
4347,0.4742
4348,0.4829
4349,0.3655
4350,0.3711
4351,0.2867
4352,0.2348
4353,0.1957
4354,0.1614
4355,0.1438
4356,0.1377
4357,0.143
4358,0.1567
4359,0.1894
4360,0.2528
4361,0.3754
4362,0.5789
4363,0.7447
4364,0.777
4365,0.7529
4366,0.6862
4367,0.5926
4368,0.4888
4369,0.4595
4370,0.442
4371,0.4361
4372,0.4303
4373,0.3117
4374,0.3911
4375,0.384
4376,0.3197
4377,0.2751
4378,0.2528
4379,0.254
4380,0.2614
4381,0.2751
4382,0.2932
4383,0.317
4384,0.3334
4385,0.3514
4386,0.4012
4387,0.5649
4388,0.7149
4389,0.7301
4390,0.7193
4391,0.7025
4392,0.6862
4393,0.6456
4394,0.5761
4395,0.5222
4396,0.4932
4397,0.4902
4398,0.5351
4399,0.6049
4400,0.6456
4401,0.6644
4402,0.6778
4403,0.6766
4404,0.6532
4405,0.6222
4406,0.5967
4407,0.5995
4408,0.6288
4409,0.6582
4410,0.7225
4411,0.8203
4412,0.8563
4413,0.8457
4414,0.81
4415,0.7825
4416,0.7852
4417,0.7888
4418,0.7637
4419,0.7385
4420,0.7115
4421,0.6288
4422,0.6967
4423,0.6494
4424,0.6248
4425,0.6379
4426,0.6607
4427,0.6327
4428,0.5621
4429,0.48
4430,0.4114
4431,0.357
4432,0.357
4433,0.3797
4434,0.512
4435,0.7204
4436,0.7932
4437,0.7779
4438,0.7588
4439,0.7478
4440,0.7343
4441,0.6802
4442,0.6644
4443,0.634
4444,0.594
4445,0.4669
4446,0.3542
4447,0.3528
4448,0.442
4449,0.3768
4450,0.2221
4451,0.1385
4452,0.1283
4453,0.1529
4454,0.1483
4455,0.0973
4456,0.0493
4457,0.0319
4458,0.0415
4459,0.1242
4460,0.279
4461,0.4259
4462,0.5279
4463,0.5236
4464,0.4829
4465,0.4332
4466,0.357
4467,0.2431
4468,0.1403
4469,0.0599
4470,0.0117
4471,0.0019
4472,0.0046
4473,0.0078
4474,0.0088
4475,0.0151
4476,0.0415
4477,0.0829
4478,0.1225
4479,0.1493
4480,0.1623
4481,0.1771
4482,0.2054
4483,0.2651
4484,0.2932
4485,0.2997
4486,0.254
4487,0.229
4488,0.2176
4489,0.1967
4490,0.1614
4491,0.1342
4492,0.1193
4493,0.0849
4494,0.0561
4495,0.0415
4496,0.0375
4497,0.037
4498,0.0415
4499,0.0483
4500,0.0633
4501,0.1016
4502,0.1595
4503,0.2109
4504,0.2467
4505,0.3293
4506,0.4698
4507,0.5775
4508,0.6669
4509,0.5954
4510,0.5207
4511,0.4464
4512,0.423
4513,0.3969
4514,0.3683
4515,0.374
4516,0.3868
4517,0.3486
4518,0.407
4519,0.4085
4520,0.4027
4521,0.374
4522,0.3252
4523,0.2764
4524,0.2626
4525,0.301
4526,0.374
4527,0.4288
4528,0.461
4529,0.5004
4530,0.5308
4531,0.6532
4532,0.7417
4533,0.7322
4534,0.7236
4535,0.7204
4536,0.6897
4537,0.6544
4538,0.6392
4539,0.6301
4540,0.5981
4541,0.4669
4542,0.5872
4543,0.6967
4544,0.7093
4545,0.716
4546,0.7236
4547,0.728
4548,0.7193
4549,0.6967
4550,0.6705
4551,0.6288
4552,0.5858
4553,0.5593
4554,0.5465
4555,0.6569
4556,0.7519
4557,0.716
4558,0.6456
4559,0.583
4560,0.5193
4561,0.4698
4562,0.4259
4563,0.3983
4564,0.3669
4565,0.2087
4566,0.0855
4567,0.0829
4568,0.0478
4569,0.0225
4570,0.0151
4571,0.0099
4572,0.0061
4573,0.0025
4574,0.0
4575,0.0028
4576,0.0448
4577,0.0959
4578,0.1967
4579,0.3955
4580,0.5062
4581,0.5222
4582,0.4361
4583,0.3697
4584,0.3472
4585,0.3211
4586,0.2701
4587,0.2479
4588,0.2153
4589,0.1548
4590,0.0752
4591,0.0796
4592,0.1412
4593,0.1852
4594,0.2302
4595,0.2971
4596,0.3754
4597,0.4669
4598,0.5222
4599,0.5279
4600,0.5106
4601,0.4888
4602,0.4405
4603,0.407
4604,0.4114
4605,0.3697
4606,0.3279
4607,0.2802
4608,0.2577
4609,0.2302
4610,0.2396
4611,0.236
4612,0.2043
4613,0.1217
4614,0.0875
4615,0.0855
4616,0.0966
4617,0.125
4618,0.1731
4619,0.2153
4620,0.2396
4621,0.2739
4622,0.3117
4623,0.3293
4624,0.3389
4625,0.3683
4626,0.4259
4627,0.5337
4628,0.679
4629,0.6235
4630,0.5621
4631,0.4669
4632,0.3969
4633,0.3612
4634,0.3528
4635,0.374
4636,0.394
4637,0.2552
4638,0.1904
4639,0.1633
4640,0.1633
4641,0.1576
4642,0.1403
4643,0.1342
4644,0.1283
4645,0.1193
4646,0.1169
4647,0.1317
4648,0.1821
4649,0.2945
4650,0.4888
4651,0.7204
4652,0.7789
4653,0.7115
4654,0.6681
4655,0.6366
4656,0.5981
4657,0.5279
4658,0.5062
4659,0.5844
4660,0.5193
4661,0.4464
4662,0.5222
4663,0.5149
4664,0.4654
4665,0.4157
4666,0.3883
4667,0.3825
4668,0.3655
4669,0.3389
4670,0.3252
4671,0.3361
4672,0.374
4673,0.4405
4674,0.5365
4675,0.6718
4676,0.7519
4677,0.7137
4678,0.6742
4679,0.6314
4680,0.5858
4681,0.5294
4682,0.4917
4683,0.4829
4684,0.4639
4685,0.3458
4686,0.4157
4687,0.309
4688,0.2256
4689,0.1831
4690,0.1529
4691,0.1325
4692,0.1193
4693,0.1084
4694,0.0973
4695,0.0869
4696,0.0771
4697,0.0697
4698,0.0715
4699,0.1016
4700,0.1967
4701,0.317
4702,0.407
4703,0.4245
4704,0.3983
4705,0.3598
4706,0.309
4707,0.2713
4708,0.2408
4709,0.1342
4710,0.0468
4711,0.0113
4712,0.0151
4713,0.0186
4714,0.0092
4715,0.0031
4716,0.0037
4717,0.012
4718,0.0311
4719,0.0588
4720,0.0944
4721,0.1672
4722,0.3279
4723,0.4625
4724,0.5279
4725,0.5365
4726,0.5149
4727,0.4654
4728,0.423
4729,0.3768
4730,0.2971
4731,0.2098
4732,0.1421
4733,0.0593
4734,0.0174
4735,0.0005
4736,0.0002
4737,0.0125
4738,0.0503
4739,0.093
4740,0.152
4741,0.2516
4742,0.3265
4743,0.3868
4744,0.423
4745,0.4508
4746,0.4669
4747,0.4493
4748,0.4522
4749,0.461
4750,0.5135
4751,0.4654
4752,0.3458
4753,0.2739
4754,0.2065
4755,0.1831
4756,0.1862
4757,0.1936
4758,0.2905
4759,0.3969
4760,0.4917
4761,0.5885
4762,0.6681
4763,0.7137
4764,0.7354
4765,0.7427
4766,0.7247
4767,0.6885
4768,0.6262
4769,0.5322
4770,0.4551
4771,0.3969
4772,0.3868
4773,0.364
4774,0.3403
4775,0.3252
4776,0.2945
4777,0.2384
4778,0.1801
4779,0.1403
4780,0.1217
4781,0.113
4782,0.1604
4783,0.2165
4784,0.2663
4785,0.301
4786,0.3279
4787,0.3528
4788,0.3669
4789,0.3612
4790,0.3293
4791,0.288
4792,0.2614
4793,0.2528
4794,0.2577
4795,0.2764
4796,0.2958
4797,0.2997
4798,0.3389
4799,0.3612
4800,0.3472
4801,0.3458
4802,0.4186
4803,0.4786
4804,0.5437
4805,0.5193
4806,0.6275
4807,0.6544
4808,0.6826
4809,0.7104
4810,0.7247
4811,0.7104
4812,0.6693
4813,0.6392
4814,0.6049
4815,0.6035
4816,0.6076
4817,0.5536
4818,0.5062
4819,0.4508
4820,0.4186
4821,0.3955
4822,0.3584
4823,0.3117
4824,0.2337
4825,0.1548
4826,0.0771
4827,0.0291
4828,0.0038
4829,0.0001
4830,0.0
4831,0.0017
4832,0.0059
4833,0.013
4834,0.0265
4835,0.0508
4836,0.0855
4837,0.1403
4838,0.2021
4839,0.2467
4840,0.2503
4841,0.2443
4842,0.2552
4843,0.3334
4844,0.4201
4845,0.4317
4846,0.4114
4847,0.3486
4848,0.3197
4849,0.2945
4850,0.2713
4851,0.2408
4852,0.2
4853,0.1351
4854,0.0503
4855,0.0106
4856,0.002
4857,0.0054
4858,0.0082
4859,0.0097
4860,0.0094
4861,0.008
4862,0.0049
4863,0.0002
4864,0.0002
4865,0.0
4866,0.0014
4867,0.0295
4868,0.1342
4869,0.2984
4870,0.4844
4871,0.6169
4872,0.6379
4873,0.5719
4874,0.4975
4875,0.4844
4876,0.5149
4877,0.4493
4878,0.2932
4879,0.1811
4880,0.1701
4881,0.4317
4882,0.5222
4883,0.5465
4884,0.5995
4885,0.6456
4886,0.7047
4887,0.6519
4888,0.5265
4889,0.4639
4890,0.4537
4891,0.4274
4892,0.3584
4893,0.3117
4894,0.2905
4895,0.3143
4896,0.3811
4897,0.3612
4898,0.2626
4899,0.1576
4900,0.0875
4901,0.0299
4902,0.0059
4903,0.0016
4904,0.0048
4905,0.0177
4906,0.0434
4907,0.0784
4908,0.125
4909,0.1623
4910,0.1842
4911,0.2076
4912,0.221
4913,0.2054
4914,0.1721
4915,0.1595
4916,0.1209
4917,0.0685
4918,0.0265
4919,0.0125
4920,0.0065
4921,0.0074
4922,0.0094
4923,0.0463
4924,0.1652
4925,0.3279
4926,0.2601
4927,0.2528
4928,0.4522
4929,0.4551
4930,0.374
4931,0.301
4932,0.2676
4933,0.3293
4934,0.4537
4935,0.5621
4936,0.6196
4937,0.6314
4938,0.6062
4939,0.5207
4940,0.4201
4941,0.3542
4942,0.2854
4943,0.2176
4944,0.2054
4945,0.2233
4946,0.2971
4947,0.1672
4948,0.0784
4949,0.091
4950,0.1308
4951,0.1701
4952,0.1145
4953,0.0638
4954,0.0539
4955,0.0616
4956,0.0973
4957,0.1209
4958,0.1266
4959,0.1595
4960,0.1529
4961,0.1502
4962,0.1529
4963,0.1643
4964,0.1862
4965,0.2279
4966,0.2764
4967,0.2971
4968,0.3347
4969,0.3655
4970,0.4215
4971,0.4215
4972,0.3926
4973,0.2958
4974,0.2467
4975,0.2589
4976,0.2467
4977,0.2076
4978,0.1711
4979,0.1721
4980,0.221
4981,0.288
4982,0.3211
4983,0.3528
4984,0.4449
4985,0.5508
4986,0.5981
4987,0.6235
4988,0.5872
4989,0.5789
4990,0.5761
4991,0.5607
4992,0.5494
4993,0.5207
4994,0.5308
4995,0.5294
4996,0.4932
4997,0.3797
4998,0.3528
4999,0.3252
5000,0.305
5001,0.3103
5002,0.3184
5003,0.364
5004,0.4376
5005,0.4902
5006,0.4786
5007,0.4332
5008,0.3584
5009,0.2828
5010,0.2479
5011,0.2638
5012,0.2408
5013,0.1801
5014,0.1217
5015,0.0835
5016,0.0835
5017,0.1114
5018,0.2054
5019,0.3486
5020,0.4844
5021,0.4566
5022,0.407
5023,0.5164
5024,0.5437
5025,0.5844
5026,0.6569
5027,0.7608
5028,0.8478
5029,0.8939
5030,0.9221
5031,0.9384
5032,0.9486
5033,0.9547
5034,0.9489
5035,0.9345
5036,0.9365
5037,0.9467
5038,0.9569
5039,0.9607
5040,0.9605
5041,0.9562
5042,0.9483
5043,0.9352
5044,0.9146
5045,0.8868
5046,0.8799
5047,0.9232
5048,0.9308
5049,0.9362
5050,0.9421
5051,0.9478
5052,0.9478
5053,0.9393
5054,0.9236
5055,0.9029
5056,0.8805
5057,0.8484
5058,0.7723
5059,0.6644
5060,0.6049
5061,0.6142
5062,0.6089
5063,0.5789
5064,0.538
5065,0.512
5066,0.48
5067,0.439
5068,0.3854
5069,0.305
5070,0.221
5071,0.2372
5072,0.2564
5073,0.2841
5074,0.313
5075,0.35
5076,0.3969
5077,0.4259
5078,0.4274
5079,0.407
5080,0.3514
5081,0.2893
5082,0.2564
5083,0.2455
5084,0.2467
5085,0.2325
5086,0.1989
5087,0.1652
5088,0.1291
5089,0.0916
5090,0.0673
5091,0.0582
5092,0.0733
5093,0.0944
5094,0.0733
5095,0.0944
5096,0.0577
5097,0.0225
5098,0.002
5099,0.0
5100,0.0
5101,0.0022
5102,0.0106
5103,0.0202
5104,0.0246
5105,0.0336
5106,0.093
5107,0.1978
5108,0.2815
5109,0.3514
5110,0.374
5111,0.3528
5112,0.3197
5113,0.3063
5114,0.301
5115,0.2802
5116,0.2516
5117,0.1652
5118,0.0566
5119,0.0127
5120,0.0021
5121,0.0
5122,0.0
5123,0.0025
5124,0.0151
5125,0.0366
5126,0.0588
5127,0.0709
5128,0.0784
5129,0.0889
5130,0.1161
5131,0.1771
5132,0.2384
5133,0.2503
5134,0.2198
5135,0.1842
5136,0.1691
5137,0.176
5138,0.1967
5139,0.2176
5140,0.2419
5141,0.2198
5142,0.1209
5143,0.0803
5144,0.0835
5145,0.0758
5146,0.0679
5147,0.0633
5148,0.0566
5149,0.042
5150,0.0353
5151,0.0361
5152,0.0319
5153,0.0319
5154,0.1002
5155,0.2431
5156,0.2854
5157,0.2638
5158,0.2503
5159,0.2187
5160,0.1633
5161,0.1266
5162,0.1217
5163,0.1359
5164,0.1447
5165,0.143
5166,0.1161
5167,0.152
5168,0.152
5169,0.1623
5170,0.212
5171,0.2528
5172,0.2867
5173,0.3143
5174,0.3556
5175,0.317
5176,0.2076
5177,0.2244
5178,0.3458
5179,0.4172
5180,0.4114
5181,0.3797
5182,0.3542
5183,0.305
5184,0.2997
5185,0.3293
5186,0.3811
5187,0.3911
5188,0.3655
5189,0.3143
5190,0.3197
5191,0.3897
5192,0.4464
5193,0.5062
5194,0.5522
5195,0.594
5196,0.6353
5197,0.6519
5198,0.6557
5199,0.6569
5200,0.6456
5201,0.6076
5202,0.5236
5203,0.3697
5204,0.2905
5205,0.2841
5206,0.2867
5207,0.2638
5208,0.2256
5209,0.1925
5210,0.1604
5211,0.1394
5212,0.1233
5213,0.1107
5214,0.093
5215,0.0916
5216,0.0765
5217,0.0796
5218,0.1266
5219,0.2564
5220,0.4464
5221,0.5522
5222,0.5899
5223,0.5954
5224,0.5508
5225,0.5033
5226,0.4027
5227,0.2777
5228,0.2109
5229,0.1731
5230,0.1662
5231,0.1351
5232,0.0875
5233,0.0803
5234,0.0882
5235,0.0855
5236,0.0703
5237,0.0616
5238,0.0498
5239,0.0733
5240,0.1099
5241,0.1258
5242,0.1368
5243,0.2176
5244,0.3334
5245,0.3926
5246,0.4245
5247,0.4143
5248,0.332
5249,0.2325
5250,0.1412
5251,0.0995
5252,0.0633
5253,0.0463
5254,0.0415
5255,0.0383
5256,0.0268
5257,0.034
5258,0.0604
5259,0.0715
5260,0.0835
5261,0.1209
5262,0.1308
5263,0.1225
5264,0.1368
5265,0.1291
5266,0.1325
5267,0.1711
5268,0.2651
5269,0.3782
5270,0.461
5271,0.4756
5272,0.461
5273,0.4085
5274,0.3157
5275,0.2958
5276,0.305
5277,0.384
5278,0.5048
5279,0.555
5280,0.5337
5281,0.4786
5282,0.4245
5283,0.4332
5284,0.4099
5285,0.3825
5286,0.5019
5287,0.7508
5288,0.8367
5289,0.8949
5290,0.9396
5291,0.9707
5292,0.983
5293,0.9865
5294,0.9877
5295,0.9882
5296,0.9861
5297,0.984
5298,0.9839
5299,0.9837
5300,0.9847
5301,0.9842
5302,0.9824
5303,0.9817
5304,0.9785
5305,0.966
5306,0.9399
5307,0.8968
5308,0.8644
5309,0.8444
5310,0.8738
5311,0.9078
5312,0.915
5313,0.9112
5314,0.9051
5315,0.9069
5316,0.9006
5317,0.8821
5318,0.8656
5319,0.8437
5320,0.8132
5321,0.7704
5322,0.6838
5323,0.5733
5324,0.5091
5325,0.5193
5326,0.5207
5327,0.5033
5328,0.4581
5329,0.4449
5330,0.4201
5331,0.3897
5332,0.3584
5333,0.2958
5334,0.1989
5335,0.2065
5336,0.2142
5337,0.2087
5338,0.2431
5339,0.3037
5340,0.3868
5341,0.5135
5342,0.6222
5343,0.6366
5344,0.5967
5345,0.5135
5346,0.394
5347,0.3238
5348,0.2854
5349,0.2564
5350,0.2467
5351,0.2739
5352,0.3197
5353,0.3854
5354,0.4201
5355,0.4186
5356,0.4099
5357,0.3969
5358,0.3389
5359,0.3279
5360,0.3514
5361,0.3955
5362,0.4683
5363,0.5522
5364,0.6314
5365,0.6826
5366,0.6967
5367,0.6897
5368,0.6582
5369,0.6182
5370,0.5691
5371,0.5872
5372,0.5719
5373,0.4786
5374,0.3626
5375,0.2431
5376,0.1403
5377,0.0588
5378,0.0117
5379,0.009
5380,0.0295
5381,0.0882
5382,0.1217
5383,0.1595
5384,0.2176
5385,0.2802
5386,0.3417
5387,0.4056
5388,0.4493
5389,0.5004
5390,0.5222
5391,0.5308
5392,0.5062
5393,0.4376
5394,0.364
5395,0.3556
5396,0.3252
5397,0.2764
5398,0.2348
5399,0.2054
5400,0.1873
5401,0.1791
5402,0.2419
5403,0.3197
5404,0.394
5405,0.4595
5406,0.442
5407,0.6301
5408,0.7258
5409,0.7825
5410,0.8219
5411,0.8537
5412,0.8674
5413,0.8601
5414,0.8601
5415,0.8607
5416,0.8388
5417,0.7568
5418,0.6404
5419,0.6196
5420,0.5677
5421,0.5844
5422,0.5733
5423,0.512
5424,0.5294
5425,0.5106
5426,0.4844
5427,0.4946
5428,0.5135
5429,0.4829
5430,0.3472
5431,0.499
5432,0.538
5433,0.5536
5434,0.5677
5435,0.5465
5436,0.5207
5437,0.525
5438,0.5408
5439,0.5508
5440,0.5479
5441,0.4888
5442,0.4099
5443,0.3626
5444,0.3077
5445,0.2739
5446,0.2516
5447,0.1925
5448,0.1308
5449,0.0862
5450,0.0577
5451,0.0534
5452,0.0903
5453,0.2098
5454,0.2701
5455,0.301
5456,0.4347
5457,0.5193
5458,0.5885
5459,0.6481
5460,0.6909
5461,0.7126
5462,0.7204
5463,0.7149
5464,0.7126
5465,0.716
5466,0.6644
5467,0.5733
5468,0.5926
5469,0.6569
5470,0.6921
5471,0.7385
5472,0.7301
5473,0.728
5474,0.7478
5475,0.7733
5476,0.7742
5477,0.7437
5478,0.6932
5479,0.6619
5480,0.7182
5481,0.7529
5482,0.7417
5483,0.716
5484,0.7059
5485,0.6874
5486,0.6909
5487,0.673
5488,0.5649
5489,0.4186
5490,0.2815
5491,0.2153
5492,0.2
5493,0.332
5494,0.5408
5495,0.7949
5496,0.9133
5497,0.9464
5498,0.9745
5499,0.9764
5500,0.9523
5501,0.8826
5502,0.7852
5503,0.679
5504,0.5803
5505,0.4654
5506,0.4215
5507,0.4288
5508,0.5004
5509,0.5816
5510,0.6404
5511,0.7013
5512,0.7269
5513,0.7036
5514,0.6142
5515,0.5607
5516,0.555
5517,0.5465
5518,0.5294
5519,0.499
5520,0.4449
5521,0.3911
5522,0.3754
5523,0.3486
5524,0.317
5525,0.2777
5526,0.2021
5527,0.2244
5528,0.2244
5529,0.2221
5530,0.236
5531,0.2701
5532,0.2997
5533,0.3279
5534,0.3238
5535,0.3375
5536,0.35
5537,0.3626
5538,0.3797
5539,0.3969
5540,0.3983
5541,0.3897
5542,0.3854
5543,0.3926
5544,0.3998
5545,0.3883
5546,0.3754
5547,0.3598
5548,0.3458
5549,0.332
5550,0.175
5551,0.1225
5552,0.0662
5553,0.0336
5554,0.0239
5555,0.0236
5556,0.0291
5557,0.0402
5558,0.0599
5559,0.0758
5560,0.0796
5561,0.0882
5562,0.1623
5563,0.301
5564,0.4683
5565,0.5761
5566,0.6076
5567,0.5967
5568,0.5494
5569,0.512
5570,0.5048
5571,0.512
5572,0.5048
5573,0.4595
5574,0.2905
5575,0.212
5576,0.2467
5577,0.2021
5578,0.1377
5579,0.0855
5580,0.0529
5581,0.0361
5582,0.0361
5583,0.0458
5584,0.065
5585,0.098
5586,0.1731
5587,0.2777
5588,0.357
5589,0.374
5590,0.3725
5591,0.3868
5592,0.3969
5593,0.3883
5594,0.3697
5595,0.3334
5596,0.2997
5597,0.2802
5598,0.1539
5599,0.0571
5600,0.0425
5601,0.0524
5602,0.0488
5603,0.0402
5604,0.0319
5605,0.0276
5606,0.0291
5607,0.0357
5608,0.0524
5609,0.0803
5610,0.1368
5611,0.2408
5612,0.4012
5613,0.5789
5614,0.6693
5615,0.6705
5616,0.6222
5617,0.5789
5618,0.5621
5619,0.5522
5620,0.5408
5621,0.5178
5622,0.3797
5623,0.2945
5624,0.2919
5625,0.4508
5626,0.512
5627,0.4756
5628,0.4245
5629,0.364
5630,0.2997
5631,0.2503
5632,0.2372
5633,0.288
5634,0.4712
5635,0.6327
5636,0.6979
5637,0.729
5638,0.7333
5639,0.716
5640,0.6874
5641,0.6248
5642,0.5365
5643,0.4625
5644,0.4027
5645,0.3458
5646,0.2221
5647,0.1114
5648,0.0571
5649,0.0434
5650,0.0604
5651,0.091
5652,0.1169
5653,0.1483
5654,0.1711
5655,0.1821
5656,0.2043
5657,0.2516
5658,0.2997
5659,0.2997
5660,0.2564
5661,0.2198
5662,0.1946
5663,0.1711
5664,0.1548
5665,0.1368
5666,0.1225
5667,0.1185
5668,0.1061
5669,0.0875
5670,0.0444
5671,0.0311
5672,0.0448
5673,0.0555
5674,0.0662
5675,0.0566
5676,0.0319
5677,0.0205
5678,0.042
5679,0.0709
5680,0.0508
5681,0.0349
5682,0.074
5683,0.1107
5684,0.1567
5685,0.2302
5686,0.279
5687,0.3157
5688,0.3403
5689,0.3486
5690,0.3334
5691,0.2867
5692,0.2528
5693,0.2165
5694,0.1153
5695,0.0638
5696,0.0468
5697,0.0571
5698,0.0771
5699,0.0987
5700,0.1054
5701,0.098
5702,0.0973
5703,0.1177
5704,0.1791
5705,0.3334
5706,0.5747
5707,0.6766
5708,0.6314
5709,0.5365
5710,0.4376
5711,0.35
5712,0.2713
5713,0.1652
5714,0.0673
5715,0.037
5716,0.0627
5717,0.0679
5718,0.0344
5719,0.0051
5720,0.0025
5721,0.025
5722,0.0923
5723,0.1548
5724,0.2267
5725,0.2841
5726,0.309
5727,0.313
5728,0.3143
5729,0.2932
5730,0.2638
5731,0.2043
5732,0.1412
5733,0.1351
5734,0.1465
5735,0.1691
5736,0.1989
5737,0.2087
5738,0.2098
5739,0.2256
5740,0.2564
5741,0.254
5742,0.1701
5743,0.1201
5744,0.0966
5745,0.1046
5746,0.1438
5747,0.201
5748,0.2867
5749,0.3854
5750,0.4683
5751,0.4902
5752,0.4361
5753,0.3514
5754,0.2651
5755,0.221
5756,0.1771
5757,0.1652
5758,0.1721
5759,0.1801
5760,0.1894
5761,0.1967
5762,0.1904
5763,0.1595
5764,0.1359
5765,0.13
5766,0.0855
5767,0.0599
5768,0.0284
5769,0.014
5770,0.0078
5771,0.0058
5772,0.0113
5773,0.0212
5774,0.0332
5775,0.0349
5776,0.0332
5777,0.0582
5778,0.152
5779,0.2614
5780,0.3238
5781,0.3458
5782,0.3279
5783,0.2958
5784,0.288
5785,0.2802
5786,0.2663
5787,0.2601
5788,0.2663
5789,0.2739
5790,0.1652
5791,0.0855
5792,0.0604
5793,0.0577
5794,0.0524
5795,0.0439
5796,0.0319
5797,0.0146
5798,0.0016
5799,0.0
5800,0.0015
5801,0.0063
5802,0.0311
5803,0.0903
5804,0.1334
5805,0.1225
5806,0.0944
5807,0.0644
5808,0.028
5809,0.0171
5810,0.0733
5811,0.2638
5812,0.4756
5813,0.5408
5814,0.3754
5815,0.3669
5816,0.3697
5817,0.3626
5818,0.374
5819,0.4493
5820,0.5494
5821,0.6262
5822,0.673
5823,0.673
5824,0.6594
5825,0.6182
5826,0.4771
5827,0.3472
5828,0.2932
5829,0.313
5830,0.3238
5831,0.2945
5832,0.2638
5833,0.2663
5834,0.3143
5835,0.3347
5836,0.3197
5837,0.2688
5838,0.2054
5839,0.2577
5840,0.2267
5841,0.1862
5842,0.1633
5843,0.1585
5844,0.1623
5845,0.175
5846,0.1914
5847,0.2131
5848,0.2528
5849,0.3293
5850,0.5033
5851,0.6417
5852,0.6506
5853,0.6035
5854,0.5236
5855,0.4829
5856,0.4698
5857,0.4376
5858,0.4259
5859,0.384
5860,0.3417
5861,0.3361
5862,0.2176
5863,0.1781
5864,0.1493
5865,0.1114
5866,0.074
5867,0.0604
5868,0.0656
5869,0.0758
5870,0.091
5871,0.098
5872,0.1016
5873,0.1091
5874,0.1421
5875,0.2187
5876,0.3361
5877,0.4537
5878,0.4888
5879,0.4873
5880,0.461
5881,0.423
5882,0.3868
5883,0.3528
5884,0.317
5885,0.279
5886,0.1567
5887,0.0809
5888,0.0295
5889,0.0122
5890,0.0082
5891,0.0076
5892,0.0106
5893,0.0162
5894,0.0225
5895,0.0344
5896,0.0582
5897,0.1138
5898,0.2893
5899,0.442
5900,0.4566
5901,0.4303
5902,0.407
5903,0.3598
5904,0.317
5905,0.2589
5906,0.2065
5907,0.1791
5908,0.1701
5909,0.1585
5910,0.1394
5911,0.2065
5912,0.3655
5913,0.4056
5914,0.3998
5915,0.4027
5916,0.4056
5917,0.384
5918,0.3911
5919,0.4581
5920,0.5508
5921,0.6022
5922,0.6766
5923,0.707
5924,0.6544
5925,0.6288
5926,0.6129
5927,0.555
5928,0.5178
5929,0.5308
5930,0.5579
5931,0.5719
5932,0.555
5933,0.5365
5934,0.4347
5935,0.4902
5936,0.5236
5937,0.4917
5938,0.4449
5939,0.4085
5940,0.407
5941,0.4085
5942,0.4288
5943,0.4742
5944,0.5635
5945,0.6644
5946,0.7126
5947,0.6862
5948,0.6532
5949,0.6196
5950,0.5677
5951,0.5193
5952,0.4464
5953,0.3542
5954,0.2663
5955,0.1957
5956,0.1447
5957,0.1233
5958,0.0916
5959,0.0406
5960,0.0599
5961,0.055
5962,0.0577
5963,0.074
5964,0.1114
5965,0.1672
5966,0.2348
5967,0.3063
5968,0.3998
5969,0.5164
5970,0.5967
5971,0.5775
5972,0.5033
5973,0.4859
5974,0.4157
5975,0.3077
5976,0.2905
5977,0.3683
5978,0.3725
5979,0.3883
5980,0.357
5981,0.3403
5982,0.2491
5983,0.1801
5984,0.1643
5985,0.1438
5986,0.1283
5987,0.1342
5988,0.1662
5989,0.2032
5990,0.2601
5991,0.3754
5992,0.5033
5993,0.6209
5994,0.6814
5995,0.6248
5996,0.5981
5997,0.5816
5998,0.5719
5999,0.555
6000,0.5004
6001,0.4449
6002,0.4259
6003,0.4012
6004,0.3883
6005,0.3655
6006,0.2467
6007,0.1721
6008,0.2267
6009,0.1914
6010,0.1576
6011,0.1275
6012,0.0937
6013,0.065
6014,0.0616
6015,0.0765
6016,0.098
6017,0.1377
6018,0.1904
6019,0.1852
6020,0.1169
6021,0.0627
6022,0.0518
6023,0.0332
6024,0.0311
6025,0.0453
6026,0.0685
6027,0.1091
6028,0.1781
6029,0.2577
6030,0.3197
6031,0.2739
6032,0.3389
6033,0.4259
6034,0.5149
6035,0.5967
6036,0.6532
6037,0.6874
6038,0.7002
6039,0.7171
6040,0.7236
6041,0.6022
6042,0.4347
6043,0.2893
6044,0.2854
6045,0.4085
6046,0.48
6047,0.4844
6048,0.4303
6049,0.3612
6050,0.309
6051,0.3157
6052,0.3683
6053,0.4259
6054,0.3306
6055,0.2701
6056,0.3655
6057,0.3911
6058,0.3224
6059,0.2841
6060,0.3037
6061,0.3293
6062,0.3238
6063,0.2777
6064,0.2032
6065,0.2443
6066,0.3926
6067,0.5308
6068,0.6275
6069,0.6607
6070,0.6235
6071,0.5222
6072,0.4464
6073,0.3768
6074,0.3279
6075,0.2932
6076,0.2601
6077,0.1957
6078,0.0966
6079,0.0239
6080,0.0366
6081,0.0752
6082,0.1138
6083,0.1633
6084,0.2098
6085,0.2467
6086,0.2764
6087,0.3103
6088,0.3265
6089,0.317
6090,0.317
6091,0.317
6092,0.301
6093,0.2905
6094,0.279
6095,0.2589
6096,0.2221
6097,0.175
6098,0.1283
6099,0.1009
6100,0.0869
6101,0.0721
6102,0.0555
6103,0.0276
6104,0.0229
6105,0.0319
6106,0.0402
6107,0.0508
6108,0.0627
6109,0.0771
6110,0.0923
6111,0.1054
6112,0.1161
6113,0.1711
6114,0.3238
6115,0.4085
6116,0.3998
6117,0.4027
6118,0.4128
6119,0.4027
6120,0.3797
6121,0.3655
6122,0.3669
6123,0.374
6124,0.4041
6125,0.4551
6126,0.3998
6127,0.2764
6128,0.3782
6129,0.3224
6130,0.2945
6131,0.2997
6132,0.3184
6133,0.3486
6134,0.394
6135,0.4449
6136,0.499
6137,0.5222
6138,0.6569
6139,0.7115
6140,0.6814
6141,0.6669
6142,0.6532
6143,0.6392
6144,0.6301
6145,0.6235
6146,0.6196
6147,0.6209
6148,0.6196
6149,0.6196
6150,0.5579
6151,0.5106
6152,0.5019
6153,0.4625
6154,0.4186
6155,0.3626
6156,0.2932
6157,0.2198
6158,0.1672
6159,0.1377
6160,0.1242
6161,0.152
6162,0.2688
6163,0.4376
6164,0.5522
6165,0.5761
6166,0.5872
6167,0.5677
6168,0.5322
6169,0.4873
6170,0.4551
6171,0.4317
6172,0.4114
6173,0.4041
6174,0.3024
6175,0.1493
6176,0.1438
6177,0.2348
6178,0.2076
6179,0.1456
6180,0.0875
6181,0.0453
6182,0.0135
6183,0.0074
6184,0.0299
6185,0.1595
6186,0.4712
6187,0.6826
6188,0.6632
6189,0.6182
6190,0.5522
6191,0.4961
6192,0.4493
6193,0.4172
6194,0.3983
6195,0.3626
6196,0.3389
6197,0.3514
6198,0.3143
6199,0.2165
6200,0.201
6201,0.2153
6202,0.1957
6203,0.1447
6204,0.1061
6205,0.1002
6206,0.13
6207,0.1978
6208,0.3265
6209,0.5621
6210,0.7695
6211,0.7437
6212,0.6632
6213,0.6049
6214,0.5705
6215,0.5536
6216,0.5536
6217,0.5536
6218,0.5522
6219,0.5322
6220,0.512
6221,0.4932
6222,0.3983
6223,0.3224
6224,0.313
6225,0.3347
6226,0.384
6227,0.4201
6228,0.4317
6229,0.4361
6230,0.4566
6231,0.5062
6232,0.5789
6233,0.6222
6234,0.673
6235,0.7104
6236,0.7182
6237,0.7182
6238,0.716
6239,0.7126
6240,0.7025
6241,0.699
6242,0.7036
6243,0.7059
6244,0.716
6245,0.7364
6246,0.729
6247,0.8264
6248,0.8743
6249,0.8899
6250,0.8904
6251,0.8894
6252,0.8853
6253,0.8831
6254,0.8863
6255,0.8944
6256,0.8899
6257,0.8457
6258,0.855
6259,0.8272
6260,0.8132
6261,0.8076
6262,0.8017
6263,0.7932
6264,0.7906
6265,0.7932
6266,0.7843
6267,0.7637
6268,0.7427
6269,0.7247
6270,0.6826
6271,0.7002
6272,0.777
6273,0.8537
6274,0.8953
6275,0.9074
6276,0.9108
6277,0.9117
6278,0.91
6279,0.9095
6280,0.8977
6281,0.836
6282,0.8156
6283,0.8226
6284,0.8156
6285,0.8059
6286,0.8067
6287,0.8017
6288,0.7906
6289,0.7798
6290,0.7704
6291,0.7549
6292,0.7406
6293,0.7364
6294,0.7115
6295,0.699
6296,0.8257
6297,0.8249
6298,0.7992
6299,0.7333
6300,0.6532
6301,0.5565
6302,0.4756
6303,0.4332
6304,0.4259
6305,0.5967
6306,0.8067
6307,0.8367
6308,0.8116
6309,0.7861
6310,0.7704
6311,0.7843
6312,0.8034
6313,0.8034
6314,0.7914
6315,0.81
6316,0.716
6317,0.679
6318,0.6008
6319,0.4742
6320,0.6532
6321,0.7458
6322,0.7923
6323,0.8302
6324,0.8619
6325,0.8662
6326,0.8471
6327,0.836
6328,0.7215
6329,0.5164
6330,0.5048
6331,0.5719
6332,0.6156
6333,0.6607
6334,0.6619
6335,0.7375
6336,0.7618
6337,0.6049
6338,0.5479
6339,0.5279
6340,0.6353
6341,0.6089
6342,0.6008
6343,0.5981
6344,0.8451
6345,0.8929
6346,0.915
6347,0.9251
6348,0.9345
6349,0.9461
6350,0.9502
6351,0.9342
6352,0.9001
6353,0.8374
6354,0.7975
6355,0.7723
6356,0.7508
6357,0.6209
6358,0.5322
6359,0.5062
6360,0.5451
6361,0.5106
6362,0.4493
6363,0.4332
6364,0.4669
6365,0.5077
6366,0.5494
6367,0.5479
6368,0.5913
6369,0.7182
6370,0.7984
6371,0.8504
6372,0.8594
6373,0.8732
6374,0.876
6375,0.8563
6376,0.8084
6377,0.8172
6378,0.8569
6379,0.8783
6380,0.8766
6381,0.8531
6382,0.8026
6383,0.7932
6384,0.8132
6385,0.7958
6386,0.8821
6387,0.9609
6388,0.9029
6389,0.7852
6390,0.6594
6391,0.7322
6392,0.8692
6393,0.8582
6394,0.8914
6395,0.9266
6396,0.9424
6397,0.9469
6398,0.9429
6399,0.9312
6400,0.8963
6401,0.8331
6402,0.8381
6403,0.8437
6404,0.8367
6405,0.8324
6406,0.7966
6407,0.8043
6408,0.8034
6409,0.8043
6410,0.8034
6411,0.8009
6412,0.8234
6413,0.7447
6414,0.7427
6415,0.5858
6416,0.7343
6417,0.7714
6418,0.7695
6419,0.7733
6420,0.8067
6421,0.8607
6422,0.8788
6423,0.8697
6424,0.8188
6425,0.7458
6426,0.7385
6427,0.7364
6428,0.7312
6429,0.728
6430,0.7578
6431,0.7468
6432,0.7447
6433,0.716
6434,0.7269
6435,0.8034
6436,0.8353
6437,0.8203
6438,0.7798
6439,0.7375
6440,0.8226
6441,0.915
6442,0.9424
6443,0.9576
6444,0.9651
6445,0.971
6446,0.9717
6447,0.9612
6448,0.9418
6449,0.9371
6450,0.9206
6451,0.8543
6452,0.7834
6453,0.7529
6454,0.6909
6455,0.6681
6456,0.6557
6457,0.6766
6458,0.7126
6459,0.699
6460,0.6705
6461,0.6718
6462,0.6607
6463,0.5607
6464,0.679
6465,0.8092
6466,0.8662
6467,0.8987
6468,0.9158
6469,0.9225
6470,0.9273
6471,0.9166
6472,0.8914
6473,0.814
6474,0.7458
6475,0.6862
6476,0.6656
6477,0.6909
6478,0.707
6479,0.6967
6480,0.7488
6481,0.7171
6482,0.6814
6483,0.679
6484,0.6494
6485,0.6248
6486,0.6062
6487,0.5494
6488,0.4902
6489,0.5279
6490,0.699
6491,0.7975
6492,0.8211
6493,0.8331
6494,0.8338
6495,0.8148
6496,0.787
6497,0.6742
6498,0.5954
6499,0.6076
6500,0.6519
6501,0.7354
6502,0.7676
6503,0.8026
6504,0.8353
6505,0.8524
6506,0.8709
6507,0.9024
6508,0.9381
6509,0.9749
6510,0.9702
6511,0.9645
6512,0.9639
6513,0.9837
6514,0.9889
6515,0.9886
6516,0.9892
6517,0.9887
6518,0.9833
6519,0.9652
6520,0.9236
6521,0.8059
6522,0.6862
6523,0.5816
6524,0.5294
6525,0.4829
6526,0.3911
6527,0.2971
6528,0.2491
6529,0.2384
6530,0.2372
6531,0.236
6532,0.2302
6533,0.2408
6534,0.2828
6535,0.2739
6536,0.3143
6537,0.4128
6538,0.4844
6539,0.5649
6540,0.6456
6541,0.6909
6542,0.7093
6543,0.7385
6544,0.7312
6545,0.7182
6546,0.7171
6547,0.7047
6548,0.7559
6549,0.7906
6550,0.7941
6551,0.8172
6552,0.8464
6553,0.8674
6554,0.8656
6555,0.8338
6556,0.865
6557,0.8324
6558,0.8043
6559,0.7714
6560,0.7949
6561,0.8381
6562,0.9121
6563,0.9374
6564,0.9408
6565,0.9412
6566,0.9405
6567,0.9349
6568,0.9042
6569,0.8395
6570,0.7914
6571,0.7549
6572,0.7322
6573,0.7215
6574,0.6921
6575,0.6392
6576,0.5954
6577,0.5954
6578,0.555
6579,0.5106
6580,0.461
6581,0.4114
6582,0.4172
6583,0.3854
6584,0.4332
6585,0.4595
6586,0.4143
6587,0.3444
6588,0.2726
6589,0.2467
6590,0.2244
6591,0.2244
6592,0.2467
6593,0.309
6594,0.3969
6595,0.4245
6596,0.4186
6597,0.4361
6598,0.4099
6599,0.3697
6600,0.3472
6601,0.288
6602,0.2267
6603,0.176
6604,0.1557
6605,0.1904
6606,0.2396
6607,0.1831
6608,0.1456
6609,0.1662
6610,0.1821
6611,0.2408
6612,0.3143
6613,0.3998
6614,0.48
6615,0.5775
6616,0.6353
6617,0.6008
6618,0.6607
6619,0.7396
6620,0.777
6621,0.7949
6622,0.787
6623,0.7559
6624,0.7364
6625,0.6681
6626,0.6456
6627,0.5981
6628,0.6366
6629,0.6102
6630,0.5719
6631,0.4756
6632,0.4888
6633,0.679
6634,0.6885
6635,0.7322
6636,0.7852
6637,0.8242
6638,0.8504
6639,0.8582
6640,0.8234
6641,0.7519
6642,0.728
6643,0.7081
6644,0.6802
6645,0.6379
6646,0.6632
6647,0.6519
6648,0.6116
6649,0.5981
6650,0.594
6651,0.5789
6652,0.5451
6653,0.512
6654,0.48
6655,0.3306
6656,0.2841
6657,0.2764
6658,0.2713
6659,0.3037
6660,0.3612
6661,0.4288
6662,0.4829
6663,0.5164
6664,0.4961
6665,0.4085
6666,0.3868
6667,0.384
6668,0.4085
6669,0.4288
6670,0.4683
6671,0.5365
6672,0.5649
6673,0.6885
6674,0.7312
6675,0.7396
6676,0.6544
6677,0.7193
6678,0.6235
6679,0.4639
6680,0.5222
6681,0.6619
6682,0.7002
6683,0.7025
6684,0.7549
6685,0.7322
6686,0.7343
6687,0.7637
6688,0.6874
6689,0.6288
6690,0.6116
6691,0.5437
6692,0.5222
6693,0.5422
6694,0.4288
6695,0.2528
6696,0.2443
6697,0.1385
6698,0.0483
6699,0.0257
6700,0.0148
6701,0.018
6702,0.042
6703,0.0703
6704,0.0849
6705,0.1465
6706,0.2516
6707,0.3683
6708,0.4888
6709,0.6062
6710,0.7047
6711,0.7559
6712,0.7301
6713,0.7417
6714,0.8116
6715,0.8108
6716,0.7578
6717,0.8132
6718,0.8001
6719,0.8219
6720,0.818
6721,0.8464
6722,0.8478
6723,0.8755
6724,0.7984
6725,0.6379
6726,0.5033
6727,0.3969
6728,0.3077
6729,0.2384
6730,0.212
6731,0.2021
6732,0.3472
6733,0.5579
6734,0.7193
6735,0.7897
6736,0.7879
6737,0.7406
6738,0.7059
6739,0.6956
6740,0.6826
6741,0.6742
6742,0.6742
6743,0.699
6744,0.7312
6745,0.7588
6746,0.7742
6747,0.787
6748,0.8108
6749,0.7941
6750,0.7666
6751,0.6932
6752,0.6778
6753,0.8721
6754,0.9255
6755,0.9342
6756,0.9291
6757,0.9273
6758,0.9236
6759,0.9051
6760,0.8709
6761,0.8484
6762,0.8353
6763,0.8478
6764,0.8264
6765,0.7627
6766,0.7834
6767,0.7396
6768,0.6909
6769,0.6921
6770,0.6766
6771,0.6494
6772,0.6076
6773,0.5394
6774,0.4639
6775,0.3584
6776,0.2854
6777,0.3293
6778,0.3725
6779,0.442
6780,0.5019
6781,0.5422
6782,0.5733
6783,0.5761
6784,0.5091
6785,0.4303
6786,0.4522
6787,0.4712
6788,0.48
6789,0.5265
6790,0.583
6791,0.6142
6792,0.6235
6793,0.6169
6794,0.6327
6795,0.6456
6796,0.6544
6797,0.6481
6798,0.6594
6799,0.6681
6800,0.6481
6801,0.7427
6802,0.7375
6803,0.7081
6804,0.673
6805,0.6379
6806,0.5967
6807,0.5465
6808,0.4902
6809,0.4844
6810,0.512
6811,0.5019
6812,0.4873
6813,0.499
6814,0.5207
6815,0.5408
6816,0.5522
6817,0.5691
6818,0.5663
6819,0.5322
6820,0.525
6821,0.5106
6822,0.4844
6823,0.374
6824,0.3444
6825,0.4902
6826,0.5649
6827,0.6196
6828,0.6519
6829,0.6874
6830,0.7236
6831,0.7171
6832,0.5816
6833,0.4012
6834,0.3306
6835,0.2431
6836,0.1474
6837,0.0733
6838,0.0439
6839,0.0627
6840,0.1539
6841,0.301
6842,0.5872
6843,0.7364
6844,0.7478
6845,0.7704
6846,0.7723
6847,0.685
6848,0.5365
6849,0.5899
6850,0.7002
6851,0.8569
6852,0.8777
6853,0.8234
6854,0.7798
6855,0.5691
6856,0.1842
6857,0.0425
6858,0.0101
6859,0.0058
6860,0.004
6861,0.0043
6862,0.0101
6863,0.0588
6864,0.1483
6865,0.2372
6866,0.2828
6867,0.2032
6868,0.1493
6869,0.1811
6870,0.2528
6871,0.2739
6872,0.2589
6873,0.2244
6874,0.2419
6875,0.2443
6876,0.3868
6877,0.5322
6878,0.6102
6879,0.5451
6880,0.4742
6881,0.4975
6882,0.5663
6883,0.6327
6884,0.6062
6885,0.5351
6886,0.5954
6887,0.6169
6888,0.5579
6889,0.5844
6890,0.7126
6891,0.6632
6892,0.643
6893,0.7093
6894,0.7618
6895,0.7714
6896,0.7354
6897,0.8423
6898,0.8815
6899,0.8899
6900,0.8726
6901,0.8257
6902,0.7519
6903,0.7126
6904,0.6209
6905,0.5967
6906,0.7488
6907,0.7742
6908,0.814
6909,0.876
6910,0.9051
6911,0.9217
6912,0.9453
6913,0.951
6914,0.9426
6915,0.9339
6916,0.9247
6917,0.9291
6918,0.939
6919,0.948
6920,0.9538
6921,0.9848
6922,0.9897
6923,0.988
6924,0.9834
6925,0.9798
6926,0.9756
6927,0.9108
6928,0.7888
6929,0.6262
6930,0.5091
6931,0.3458
6932,0.2279
6933,0.0777
6934,0.0086
6935,0.0028
6936,0.0056
6937,0.0122
6938,0.0287
6939,0.0344
6940,0.0361
6941,0.0429
6942,0.0524
6943,0.0599
6944,0.0842
6945,0.2267
6946,0.4712
6947,0.7036
6948,0.8059
6949,0.8338
6950,0.8409
6951,0.8234
6952,0.7427
6953,0.6979
6954,0.6979
6955,0.7578
6956,0.7637
6957,0.8203
6958,0.8873
6959,0.9074
6960,0.9308
6961,0.9429
6962,0.9374
6963,0.9332
6964,0.9217
6965,0.8697
6966,0.8423
6967,0.7704
6968,0.6944
6969,0.8051
6970,0.8444
6971,0.8537
6972,0.8582
6973,0.8451
6974,0.818
6975,0.7608
6976,0.6742
6977,0.7137
6978,0.7478
6979,0.7529
6980,0.7588
6981,0.7657
6982,0.7578
6983,0.7695
6984,0.7247
6985,0.6742
6986,0.6129
6987,0.5279
6988,0.4756
6989,0.4201
6990,0.3598
6991,0.301
6992,0.1978
6993,0.1031
6994,0.0616
6995,0.0383
6996,0.0307
6997,0.0148
6998,0.0065
6999,0.0051
7000,0.0058
7001,0.0056
7002,0.0115
7003,0.0215
7004,0.0379
7005,0.0571
7006,0.1201
7007,0.1989
7008,0.1936
7009,0.3103
7010,0.3782
7011,0.4975
7012,0.3626
7013,0.5207
7014,0.4946
7015,0.4186
7016,0.2893
7017,0.2764
7018,0.2958
7019,0.2221
7020,0.1691
7021,0.1351
7022,0.1031
7023,0.0685
7024,0.0829
7025,0.174
7026,0.343
7027,0.4712
7028,0.5816
7029,0.5899
7030,0.5593
7031,0.499
7032,0.4056
7033,0.3143
7034,0.2589
7035,0.1957
7036,0.1342
7037,0.0816
7038,0.0468
7039,0.0291
7040,0.0097
7041,0.0101
7042,0.0157
7043,0.0127
7044,0.0038
7045,0.0001
7046,0.0017
7047,0.008
7048,0.0171
7049,0.0311
7050,0.0593
7051,0.0995
7052,0.1421
7053,0.175
7054,0.1831
7055,0.1595
7056,0.1242
7057,0.1394
7058,0.2098
7059,0.2087
7060,0.2408
7061,0.2932
7062,0.1967
7063,0.1557
7064,0.1217
7065,0.0803
7066,0.0809
7067,0.1529
7068,0.2256
7069,0.279
7070,0.4012
7071,0.461
7072,0.512
7073,0.6468
7074,0.6742
7075,0.643
7076,0.6235
7077,0.5705
7078,0.5351
7079,0.5885
7080,0.6802
7081,0.707
7082,0.699
7083,0.6754
7084,0.6644
7085,0.6456
7086,0.6102
7087,0.5579
7088,0.4727
7089,0.5394
7090,0.5149
7091,0.3998
7092,0.2932
7093,0.1771
7094,0.1258
7095,0.0966
7096,0.1225
7097,0.1385
7098,0.1291
7099,0.1153
7100,0.1904
7101,0.2348
7102,0.2131
7103,0.1914
7104,0.2396
7105,0.2528
7106,0.1946
7107,0.2491
7108,0.3334
7109,0.3265
7110,0.2971
7111,0.1529
7112,0.1024
7113,0.1883
7114,0.2337
7115,0.2142
7116,0.3024
7117,0.4085
7118,0.4902
7119,0.5178
7120,0.4727
7121,0.5789
7122,0.6076
7123,0.5222
7124,0.499
7125,0.5033
7126,0.5649
7127,0.6826
7128,0.728
7129,0.7458
7130,0.729
7131,0.6766
7132,0.6814
7133,0.6885
7134,0.7171
7135,0.7204
7136,0.6288
7137,0.7417
7138,0.8043
7139,0.7992
7140,0.814
7141,0.836
7142,0.8374
7143,0.7879
7144,0.6519
7145,0.6494
7146,0.6802
7147,0.6862
7148,0.6979
7149,0.7182
7150,0.7093
7151,0.6909
7152,0.6885
7153,0.685
7154,0.6932
7155,0.7126
7156,0.7047
7157,0.6778
7158,0.6956
7159,0.7104
7160,0.6693
7161,0.6392
7162,0.8001
7163,0.8556
7164,0.8709
7165,0.8582
7166,0.8124
7167,0.6979
7168,0.6417
7169,0.6644
7170,0.6766
7171,0.6619
7172,0.6327
7173,0.5913
7174,0.5607
7175,0.5048
7176,0.4347
7177,0.2479
7178,0.1291
7179,0.1456
7180,0.1377
7181,0.1662
7182,0.5236
7183,0.6826
7184,0.7126
7185,0.6979
7186,0.6494
7187,0.5872
7188,0.5337
7189,0.4712
7190,0.4143
7191,0.3725
7192,0.3955
7193,0.4961
7194,0.5607
7195,0.5607
7196,0.5308
7197,0.5607
7198,0.5236
7199,0.4946
7200,0.4917
7201,0.525
7202,0.5579
7203,0.5913
7204,0.594
7205,0.5649
7206,0.5337
7207,0.5294
7208,0.5178
7209,0.5019
7210,0.4245
7211,0.3117
7212,0.2337
7213,0.2198
7214,0.2491
7215,0.3211
7216,0.3926
7217,0.4873
7218,0.4932
7219,0.5091
7220,0.5565
7221,0.5747
7222,0.4595
7223,0.3389
7224,0.3361
7225,0.3883
7226,0.4157
7227,0.4027
7228,0.442
7229,0.4742
7230,0.4932
7231,0.5062
7232,0.5351
7233,0.5033
7234,0.4756
7235,0.4027
7236,0.2997
7237,0.201
7238,0.1351
7239,0.1039
7240,0.13
7241,0.1946
7242,0.2528
7243,0.2841
7244,0.3024
7245,0.35
7246,0.3811
7247,0.3854
7248,0.3782
7249,0.3683
7250,0.3542
7251,0.35
7252,0.3157
7253,0.2626
7254,0.254
7255,0.2713
7256,0.2528
7257,0.1643
7258,0.1403
7259,0.1614
7260,0.1914
7261,0.2313
7262,0.2828
7263,0.3683
7264,0.5048
7265,0.6314
7266,0.6607
7267,0.6222
7268,0.5719
7269,0.6262
7270,0.6248
7271,0.5494
7272,0.4581
7273,0.5858
7274,0.6582
7275,0.6456
7276,0.6116
7277,0.6035
7278,0.6156
7279,0.5967
7280,0.4288
7281,0.4683
7282,0.5091
7283,0.5308
7284,0.5308
7285,0.5265
7286,0.4917
7287,0.3754
7288,0.2997
7289,0.309
7290,0.2919
7291,0.2997
7292,0.3626
7293,0.4829
7294,0.583
7295,0.6885
7296,0.7588
7297,0.7825
7298,0.787
7299,0.9015
7300,0.9095
7301,0.8674
7302,0.8537
7303,0.8588
7304,0.8316
7305,0.8537
7306,0.8381
7307,0.8478
7308,0.8051
7309,0.7588
7310,0.8457
7311,0.9108
7312,0.9129
7313,0.915
7314,0.9335
7315,0.9418
7316,0.9182
7317,0.9024
7318,0.9291
7319,0.9047
7320,0.8909
7321,0.8919
7322,0.8884
7323,0.9266
7324,0.9489
7325,0.9691
7326,0.9736
7327,0.9731
7328,0.9702
7329,0.9647
7330,0.9715
7331,0.9788
7332,0.9458
7333,0.9217
7334,0.9229
7335,0.9138
7336,0.9006
7337,0.8821
7338,0.8444
7339,0.8381
7340,0.8726
7341,0.8788
7342,0.9202
7343,0.9839
7344,0.99
7345,0.9908
7346,0.9733
7347,0.5816
7348,0.3797
7349,0.8703
7350,0.989
7351,0.9909
7352,0.9499
7353,0.9186
7354,0.9528
7355,0.9684
7356,0.9811
7357,0.9772
7358,0.971
7359,0.9557
7360,0.9229
7361,0.8738
7362,0.8324
7363,0.7647
7364,0.8084
7365,0.8703
7366,0.9104
7367,0.9266
7368,0.9162
7369,0.8783
7370,0.8531
7371,0.8498
7372,0.8644
7373,0.8749
7374,0.8939
7375,0.9255
7376,0.9583
7377,0.9658
7378,0.9802
7379,0.9908
7380,0.9895
7381,0.9817
7382,0.9695
7383,0.9358
7384,0.9318
7385,0.9483
7386,0.9287
7387,0.91
7388,0.9142
7389,0.9166
7390,0.9138
7391,0.8889
7392,0.8504
7393,0.7914
7394,0.7598
7395,0.7215
7396,0.7002
7397,0.6944
7398,0.7013
7399,0.707
7400,0.6766
7401,0.7685
7402,0.8656
7403,0.917
7404,0.9426
7405,0.9502
7406,0.919
7407,0.8858
7408,0.8517
7409,0.8338
7410,0.8009
7411,0.7343
7412,0.6443
7413,0.5719
7414,0.5635
7415,0.5954
7416,0.5789
7417,0.5635
7418,0.555
7419,0.5294
7420,0.5077
7421,0.4873
7422,0.4844
7423,0.4581
7424,0.3103
7425,0.2256
7426,0.2491
7427,0.3347
7428,0.4288
7429,0.5294
7430,0.5294
7431,0.4639
7432,0.4815
7433,0.5164
7434,0.5178
7435,0.5691
7436,0.6456
7437,0.7375
7438,0.8067
7439,0.8457
7440,0.9682
7441,0.9247
7442,0.8656
7443,0.8607
7444,0.7941
7445,0.728
7446,0.7225
7447,0.6693
7448,0.5621
7449,0.4961
7450,0.6742
7451,0.7549
7452,0.7779
7453,0.7618
7454,0.7126
7455,0.6288
7456,0.6468
7457,0.7137
7458,0.7301
7459,0.707
7460,0.6569
7461,0.5995
7462,0.332
7463,0.1099
7464,0.1394
7465,0.4157
7466,0.4859
7467,0.4215
7468,0.3542
7469,0.35
7470,0.3911
7471,0.4537
7472,0.5733
7473,0.679
7474,0.7225
7475,0.7608
7476,0.7704
7477,0.7529
7478,0.6932
7479,0.5422
7480,0.4975
7481,0.5719
7482,0.6209
7483,0.6182
7484,0.5747
7485,0.5062
7486,0.4259
7487,0.3854
7488,0.3626
7489,0.2828
7490,0.1691
7491,0.0604
7492,0.0099
7493,0.0048
7494,0.1138
7495,0.3626
7496,0.5048
7497,0.6076
7498,0.7002
7499,0.7779
7500,0.8613
7501,0.8963
7502,0.7714
7503,0.7519
7504,0.9396
7505,0.939
7506,0.8987
7507,0.8788
7508,0.8668
7509,0.8517
7510,0.8395
7511,0.8067
7512,0.7354
7513,0.7025
7514,0.6932
7515,0.6967
7516,0.7598
7517,0.7549
7518,0.7578
7519,0.7559
7520,0.6557
7521,0.5164
7522,0.4215
7523,0.3361
7524,0.2726
7525,0.2021
7526,0.1662
7527,0.0952
7528,0.037
7529,0.0229
7530,0.0001
7531,0.0115
7532,0.0425
7533,0.2087
7534,0.3197
7535,0.4085
7536,0.4099
7537,0.4317
7538,0.4172
7539,0.5062
7540,0.5995
7541,0.6327
7542,0.6366
7543,0.6532
7544,0.7115
7545,0.8051
7546,0.8842
7547,0.9069
7548,0.9006
7549,0.8837
7550,0.8569
7551,0.8203
7552,0.7932
7553,0.7834
7554,0.7676
7555,0.7608
7556,0.7437
7557,0.7171
7558,0.7468
7559,0.8043
7560,0.7647
7561,0.7906
7562,0.7508
7563,0.7375
7564,0.7236
7565,0.6944
7566,0.6693
7567,0.6874
7568,0.6379
7569,0.5408
7570,0.5872
7571,0.7059
7572,0.7458
7573,0.716
7574,0.5885
7575,0.4493
7576,0.4332
7577,0.4771
7578,0.5164
7579,0.4946
7580,0.4274
7581,0.3683
7582,0.3472
7583,0.3626
7584,0.4259
7585,0.4595
7586,0.4844
7587,0.4859
7588,0.4508
7589,0.4464
7590,0.4625
7591,0.5077
7592,0.4245
7593,0.2564
7594,0.3157
7595,0.3514
7596,0.4566
7597,0.6008
7598,0.6656
7599,0.7559
7600,0.8471
7601,0.9038
7602,0.9396
7603,0.962
7604,0.8894
7605,0.6838
7606,0.7488
7607,0.7081
7608,0.6404
7609,0.6169
7610,0.384
7611,0.2098
7612,0.1936
7613,0.1325
7614,0.0869
7615,0.0662
7616,0.055
7617,0.065
7618,0.0685
7619,0.0555
7620,0.037
7621,0.0265
7622,0.0229
7623,0.0303
7624,0.0439
7625,0.0752
7626,0.1242
7627,0.1711
7628,0.2325
7629,0.3782
7630,0.4873
7631,0.4683
7632,0.3854
7633,0.2713
7634,0.1862
7635,0.175
7636,0.2131
7637,0.2751
7638,0.3306
7639,0.3486
7640,0.3157
7641,0.2651
7642,0.2267
7643,0.2384
7644,0.2919
7645,0.3598
7646,0.4186
7647,0.5279
7648,0.6169
7649,0.6632
7650,0.6656
7651,0.6392
7652,0.6049
7653,0.5995
7654,0.5885
7655,0.6022
7656,0.5995
7657,0.6062
7658,0.6718
7659,0.7137
7660,0.7312
7661,0.7508
7662,0.7149
7663,0.6222
7664,0.5091
7665,0.4493
7666,0.3711
7667,0.309
7668,0.2713
7669,0.2516
7670,0.2187
7671,0.1791
7672,0.1771
7673,0.1842
7674,0.1904
7675,0.1342
7676,0.0715
7677,0.0303
7678,0.0049
7679,0.0001
7680,0.0
7681,0.0
7682,0.0
7683,0.0001
7684,0.0219
7685,0.0777
7686,0.1266
7687,0.1242
7688,0.1069
7689,0.0816
7690,0.0829
7691,0.079
7692,0.0555
7693,0.0357
7694,0.0349
7695,0.0803
7696,0.1721
7697,0.2751
7698,0.3143
7699,0.2688
7700,0.1852
7701,0.125
7702,0.1122
7703,0.1258
7704,0.1447
7705,0.1652
7706,0.1946
7707,0.2142
7708,0.2054
7709,0.1842
7710,0.1652
7711,0.1595
7712,0.1567
7713,0.1016
7714,0.0566
7715,0.0539
7716,0.0478
7717,0.0411
7718,0.0425
7719,0.0375
7720,0.0388
7721,0.0518
7722,0.0673
7723,0.0703
7724,0.0604
7725,0.0571
7726,0.0752
7727,0.1233
7728,0.1821
7729,0.2043
7730,0.212
7731,0.1904
7732,0.1791
7733,0.2153
7734,0.2841
7735,0.3252
7736,0.2802
7737,0.212
7738,0.1946
7739,0.2577
7740,0.301
7741,0.3252
7742,0.3389
7743,0.4786
7744,0.6705
7745,0.7406
7746,0.7427
7747,0.6802
7748,0.6182
7749,0.5981
7750,0.5954
7751,0.5899
7752,0.5719
7753,0.5536
7754,0.5437
7755,0.5207
7756,0.4786
7757,0.439
7758,0.4012
7759,0.3655
7760,0.3279
7761,0.3117
7762,0.2958
7763,0.2905
7764,0.3238
7765,0.3458
7766,0.3697
7767,0.3868
7768,0.5062
7769,0.6366
7770,0.7093
7771,0.7236
7772,0.7193
7773,0.6979
7774,0.6921
7775,0.6619
7776,0.6557
7777,0.5844
7778,0.5337
7779,0.4815
7780,0.394
7781,0.4114
7782,0.4157
7783,0.5091
7784,0.5775
7785,0.5193
7786,0.5193
7787,0.4961
7788,0.4259
7789,0.4201
7790,0.4245
7791,0.5365
7792,0.679
7793,0.7458
7794,0.7647
7795,0.7789
7796,0.7798
7797,0.7975
7798,0.8001
7799,0.8164
7800,0.8345
7801,0.8331
7802,0.8338
7803,0.8164
7804,0.7498
7805,0.7437
7806,0.7193
7807,0.7193
7808,0.8043
7809,0.8478
7810,0.906
7811,0.9491
7812,0.9581
7813,0.955
7814,0.9507
7815,0.9444
7816,0.9441
7817,0.9325
7818,0.917
7819,0.9339
7820,0.9378
7821,0.9015
7822,0.7852
7823,0.699
7824,0.5677
7825,0.4932
7826,0.5294
7827,0.5106
7828,0.442
7829,0.3584
7830,0.2244
7831,0.1069
7832,0.0212
7833,0.0
7834,0.0222
7835,0.0758
7836,0.1721
7837,0.3334
7838,0.5872
7839,0.7588
7840,0.7992
7841,0.7301
7842,0.6932
7843,0.679
7844,0.6481
7845,0.6129
7846,0.5663
7847,0.5308
7848,0.5019
7849,0.4815
7850,0.4464
7851,0.3883
7852,0.3224
7853,0.2958
7854,0.2984
7855,0.2841
7856,0.2372
7857,0.1681
7858,0.1539
7859,0.1914
7860,0.2153
7861,0.229
7862,0.2577
7863,0.3157
7864,0.4508
7865,0.5967
7866,0.6909
7867,0.7825
7868,0.8409
7869,0.8842
7870,0.8987
7871,0.8894
7872,0.9015
7873,0.9298
7874,0.9042
7875,0.8437
7876,0.7618
7877,0.7247
7878,0.7478
7879,0.7137
7880,0.6443
7881,0.5522
7882,0.6327
7883,0.6897
7884,0.6979
7885,0.6456
7886,0.5733
7887,0.5775
7888,0.6506
7889,0.6494
7890,0.634
7891,0.6314
7892,0.6196
7893,0.6392
7894,0.634
7895,0.6196
7896,0.685
7897,0.7081
7898,0.7549
7899,0.8092
7900,0.8601
7901,0.8904
7902,0.9594
7903,0.9809
7904,0.9624
7905,0.9491
7906,0.9129
7907,0.9146
7908,0.9158
7909,0.9213
7910,0.91
7911,0.8831
7912,0.8524
7913,0.8076
7914,0.8172
7915,0.91
7916,0.9232
7917,0.9535
7918,0.9758
7919,0.9828
7920,0.982
7921,0.9758
7922,0.972
7923,0.973
7924,0.9605
7925,0.9567
7926,0.9718
7927,0.9769
7928,0.9791
7929,0.983
7930,0.9834
7931,0.9851
7932,0.9837
7933,0.9786
7934,0.9645
7935,0.9494
7936,0.9378
7937,0.9276
7938,0.9213
7939,0.9038
7940,0.8738
7941,0.8575
7942,0.8588
7943,0.8619
7944,0.8324
7945,0.8402
7946,0.8766
7947,0.8894
7948,0.8963
7949,0.9033
7950,0.902
7951,0.8203
7952,0.7657
7953,0.7343
7954,0.8504
7955,0.8977
7956,0.9112
7957,0.8842
7958,0.8309
7959,0.7852
7960,0.7104
7961,0.7126
7962,0.643
7963,0.6557
7964,0.6049
7965,0.5981
7966,0.6196
7967,0.6404
7968,0.6607
7969,0.6494
7970,0.6802
7971,0.6669
7972,0.643
7973,0.6275
7974,0.6209
7975,0.5816
7976,0.4873
7977,0.3024
7978,0.2198
7979,0.2267
7980,0.2032
7981,0.1801
7982,0.1557
7983,0.1548
7984,0.1721
7985,0.1368
7986,0.0882
7987,0.0529
7988,0.037
7989,0.0715
7990,0.201
7991,0.4085
7992,0.5677
7993,0.5635
7994,0.512
7995,0.5322
7996,0.6129
7997,0.6116
7998,0.6693
7999,0.6669
8000,0.7714
8001,0.814
8002,0.7825
8003,0.7115
8004,0.7258
8005,0.7447
8006,0.6885
8007,0.6062
8008,0.4975
8009,0.3697
8010,0.2945
8011,0.2408
8012,0.2076
8013,0.1193
8014,0.0588
8015,0.0261
8016,0.0315
8017,0.0534
8018,0.1291
8019,0.1957
8020,0.2267
8021,0.2337
8022,0.2325
8023,0.2443
8024,0.2919
8025,0.3655
8026,0.4654
8027,0.5593
8028,0.6301
8029,0.6705
8030,0.6826
8031,0.6392
8032,0.6814
8033,0.7406
8034,0.7478
8035,0.7618
8036,0.7637
8037,0.7549
8038,0.7417
8039,0.7417
8040,0.7468
8041,0.7559
8042,0.7375
8043,0.7322
8044,0.6742
8045,0.685
8046,0.6557
8047,0.6076
8048,0.5062
8049,0.5803
8050,0.7559
8051,0.729
8052,0.7247
8053,0.7115
8054,0.6693
8055,0.5885
8056,0.6248
8057,0.6742
8058,0.679
8059,0.6632
8060,0.6353
8061,0.6089
8062,0.5394
8063,0.4376
8064,0.3626
8065,0.2867
8066,0.2396
8067,0.2187
8068,0.2396
8069,0.2688
8070,0.2945
8071,0.3063
8072,0.3472
8073,0.3347
8074,0.2893
8075,0.3238
8076,0.4245
8077,0.525
8078,0.5967
8079,0.5565
8080,0.6169
8081,0.6967
8082,0.6921
8083,0.6519
8084,0.5663
8085,0.4742
8086,0.4551
8087,0.4654
8088,0.4595
8089,0.3711
8090,0.2726
8091,0.1967
8092,0.1474
8093,0.1283
8094,0.1193
8095,0.1046
8096,0.0784
8097,0.0555
8098,0.0411
8099,0.034
8100,0.037
8101,0.0529
8102,0.0758
8103,0.1438
8104,0.2419
8105,0.2984
8106,0.3417
8107,0.3768
8108,0.3782
8109,0.3458
8110,0.2919
8111,0.2131
8112,0.1421
8113,0.1039
8114,0.1024
8115,0.093
8116,0.0644
8117,0.0402
8118,0.0379
8119,0.0375
8120,0.0268
8121,0.0165
8122,0.0059
8123,0.0
8124,0.0
8125,0.0006
8126,0.0061
8127,0.0174
8128,0.0103
8129,0.0028
8130,0.0017
8131,0.012
8132,0.0323
8133,0.0593
8134,0.0944
8135,0.1721
8136,0.317
8137,0.4669
8138,0.5926
8139,0.6826
8140,0.7437
8141,0.7676
8142,0.7742
8143,0.7779
8144,0.7704
8145,0.7417
8146,0.7568
8147,0.7578
8148,0.8668
8149,0.8992
8150,0.9024
8151,0.8996
8152,0.8815
8153,0.8842
8154,0.8987
8155,0.8484
8156,0.7723
8157,0.6885
8158,0.6607
8159,0.6443
8160,0.6022
8161,0.5789
8162,0.5747
8163,0.5164
8164,0.4128
8165,0.343
8166,0.317
8167,0.2905
8168,0.2455
8169,0.1831
8170,0.1091
8171,0.0995
8172,0.1217
8173,0.1691
8174,0.2256
8175,0.2867
8176,0.4143
8177,0.4639
8178,0.4756
8179,0.5149
8180,0.5858
8181,0.6557
8182,0.7247
8183,0.777
8184,0.8132
8185,0.8619
8186,0.8904
8187,0.9255
8188,0.9339
8189,0.9236
8190,0.9056
8191,0.9142
8192,0.8484
8193,0.7723
8194,0.7608
8195,0.7578
8196,0.7923
8197,0.8743
8198,0.8953
8199,0.9232
8200,0.951
8201,0.971
8202,0.9778
8203,0.9766
8204,0.9765
8205,0.984
8206,0.9905
8207,0.9909
8208,0.9908
8209,0.9892
8210,0.9904
8211,0.9909
8212,0.9909
8213,0.9909
8214,0.9908
8215,0.99
8216,0.9857
8217,0.9822
8218,0.9743
8219,0.9628
8220,0.952
8221,0.9194
8222,0.8662
8223,0.8026
8224,0.7816
8225,0.7115
8226,0.6456
8227,0.5691
8228,0.4829
8229,0.364
8230,0.2528
8231,0.098
8232,0.0137
8233,0.0072
8234,0.0685
8235,0.1978
8236,0.3403
8237,0.4085
8238,0.512
8239,0.6693
8240,0.7478
8241,0.7519
8242,0.6967
8243,0.7081
8244,0.7385
8245,0.8108
8246,0.8416
8247,0.8924
8248,0.9091
8249,0.9217
8250,0.9567
8251,0.9594
8252,0.9698
8253,0.9688
8254,0.9378
8255,0.7657
8256,0.7115
8257,0.5954
8258,0.4215
8259,0.4274
8260,0.4027
8261,0.3768
8262,0.288
8263,0.35
8264,0.4815
8265,0.5522
8266,0.6327
8267,0.8309
8268,0.9461
8269,0.9641
8270,0.9402
8271,0.8884
8272,0.8464
8273,0.8264
8274,0.8287
8275,0.7779
8276,0.7608
8277,0.7751
8278,0.8092
8279,0.7834
8280,0.7215
8281,0.6532
8282,0.6089
8283,0.6156
8284,0.6301
8285,0.6718
8286,0.7417
8287,0.8084
8288,0.8973
8289,0.8939
8290,0.919
8291,0.9535
8292,0.9405
8293,0.9078
8294,0.917
8295,0.9453
8296,0.9365
8297,0.8987
8298,0.8944
8299,0.9408
8300,0.9726
8301,0.9846
8302,0.9884
8303,0.9884
8304,0.9883
8305,0.9907
8306,0.9909
8307,0.9909
8308,0.9909
8309,0.9903
8310,0.9853
8311,0.9835
8312,0.9814
8313,0.9791
8314,0.9816
8315,0.983
8316,0.9837
8317,0.9766
8318,0.9603
8319,0.9478
8320,0.9429
8321,0.921
8322,0.9704
8323,0.9769
8324,0.9643
8325,0.9611
8326,0.9682
8327,0.979
8328,0.9884
8329,0.9907
8330,0.9795
8331,0.955
8332,0.924
8333,0.8977
8334,0.836
8335,0.7861
8336,0.7789
8337,0.6814
8338,0.6468
8339,0.865
8340,0.8777
8341,0.8353
8342,0.7568
8343,0.6049
8344,0.6196
8345,0.6494
8346,0.7013
8347,0.8878
8348,0.9798
8349,0.9706
8350,0.9856
8351,0.9841
8352,0.9682
8353,0.9528
8354,0.9349
8355,0.9056
8356,0.8703
8357,0.8316
8358,0.8001
8359,0.7843
8360,0.7508
8361,0.6569
8362,0.5926
8363,0.729
8364,0.7637
8365,0.7204
8366,0.6967
8367,0.6778
8368,0.6838
8369,0.7093
8370,0.7036
8371,0.6705
8372,0.6693
8373,0.6838
8374,0.7333
8375,0.7343
8376,0.7975
8377,0.7657
8378,0.6909
8379,0.6049
8380,0.5164
8381,0.3797
8382,0.229
8383,0.1317
8384,0.1283
8385,0.1342
8386,0.1368
8387,0.174
8388,0.1771
8389,0.1852
8390,0.2065
8391,0.2516
8392,0.3143
8393,0.4259
8394,0.512
8395,0.4829
8396,0.4347
8397,0.4114
8398,0.5593
8399,0.7437
8400,0.7834
8401,0.6909
8402,0.5178
8403,0.4259
8404,0.4917
8405,0.5522
8406,0.4551
8407,0.3514
8408,0.2302
8409,0.1368
8410,0.0835
8411,0.0439
8412,0.0311
8413,0.0392
8414,0.0816
8415,0.1652
8416,0.2516
8417,0.3612
8418,0.4683
8419,0.5408
8420,0.6076
8421,0.6196
8422,0.5926
8423,0.5408
8424,0.4902
8425,0.4581
8426,0.4932
8427,0.5844
8428,0.6956
8429,0.7761
8430,0.7508
8431,0.7385
8432,0.729
8433,0.685
8434,0.6814
8435,0.6979
8436,0.7932
8437,0.8743
8438,0.9229
8439,0.9435
8440,0.9478
8441,0.9458
8442,0.9402
8443,0.9458
8444,0.9461
8445,0.9472
8446,0.9502
8447,0.9467
8448,0.9315
8449,0.9418
8450,0.9507
8451,0.9517
8452,0.9612
8453,0.9622
8454,0.9525
8455,0.9387
8456,0.9247
8457,0.9412
8458,0.9734
8459,0.9797
8460,0.9749
8461,0.9695
8462,0.9688
8463,0.9502
8464,0.9186
8465,0.9006
8466,0.8982
8467,0.8543
8468,0.8601
8469,0.9557
8470,0.9737
8471,0.9799
8472,0.9362
8473,0.7949
8474,0.6921
8475,0.634
8476,0.6594
8477,0.6632
8478,0.7478
8479,0.8124
8480,0.8594
8481,0.8743
8482,0.8973
8483,0.9236
8484,0.939
8485,0.9244
8486,0.8929
8487,0.8904
8488,0.881
8489,0.8511
8490,0.8402
8491,0.8059
8492,0.8124
8493,0.7949
8494,0.707
8495,0.7458
8496,0.7618
8497,0.8226
8498,0.8504
8499,0.8402
8500,0.8331
8501,0.8287
8502,0.8272
8503,0.8619
8504,0.8148
8505,0.7437
8506,0.7417
8507,0.8686
8508,0.9698
8509,0.9907
8510,0.9908
8511,0.9638
8512,0.9819
8513,0.9877
8514,0.9863
8515,0.9895
8516,0.9895
8517,0.9792
8518,0.9863
8519,0.9909
8520,0.9868
8521,0.9779
8522,0.9819
8523,0.9791
8524,0.984
8525,0.9909
8526,0.9856
8527,0.9786
8528,0.9752
8529,0.966
8530,0.9525
8531,0.9355
8532,0.924
8533,0.9429
8534,0.9652
8535,0.9639
8536,0.9697
8537,0.9734
8538,0.9759
8539,0.9754
8540,0.9742
8541,0.9733
8542,0.9739
8543,0.9739
8544,0.97
8545,0.9601
8546,0.9507
8547,0.9362
8548,0.9146
8549,0.8703
8550,0.8607
8551,0.8381
8552,0.7966
8553,0.6248
8554,0.5408
8555,0.4288
8556,0.3883
8557,0.3472
8558,0.309
8559,0.3103
8560,0.4347
8561,0.6129
8562,0.7519
8563,0.8316
8564,0.9186
8565,0.9438
8566,0.9467
8567,0.8884
8568,0.9194
8569,0.9074
8570,0.9217
8571,0.8863
8572,0.8556
8573,0.8632
8574,0.868
8575,0.8478
8576,0.8172
8577,0.7723
8578,0.7779
8579,0.8242
8580,0.8715
8581,0.8909
8582,0.8929
8583,0.8953
8584,0.8944
8585,0.8868
8586,0.8582
8587,0.8156
8588,0.7825
8589,0.7258
8590,0.6932
8591,0.6656
8592,0.6366
8593,0.6222
8594,0.5621
8595,0.4551
8596,0.3556
8597,0.2244
8598,0.1016
8599,0.0534
8600,0.0593
8601,0.0662
8602,0.0691
8603,0.0796
8604,0.0752
8605,0.0796
8606,0.1084
8607,0.1978
8608,0.3612
8609,0.5265
8610,0.6049
8611,0.6035
8612,0.5719
8613,0.5178
8614,0.5408
8615,0.5294
8616,0.4873
8617,0.4961
8618,0.5091
8619,0.5365
8620,0.6022
8621,0.7417
8622,0.9158
8623,0.9236
8624,0.8863
8625,0.81
8626,0.7834
8627,0.855
8628,0.8656
8629,0.8451
8630,0.8034
8631,0.7897
8632,0.7488
8633,0.7427
8634,0.7333
8635,0.7375
8636,0.7427
8637,0.7529
8638,0.7488
8639,0.7529
8640,0.7539
8641,0.7437
8642,0.7427
8643,0.7364
8644,0.7247
8645,0.6932
8646,0.643
8647,0.5761
8648,0.4975
8649,0.3754
8650,0.317
8651,0.2479
8652,0.1585
8653,0.13
8654,0.1091
8655,0.1054
8656,0.093
8657,0.0644
8658,0.0463
8659,0.0539
8660,0.0758
8661,0.1039
8662,0.1317
8663,0.1548
8664,0.175
8665,0.1957
8666,0.2244
8667,0.2651
8668,0.3063
8669,0.3265
8670,0.3584
8671,0.3768
8672,0.3528
8673,0.2841
8674,0.2713
8675,0.2854
8676,0.2396
8677,0.2087
8678,0.2503
8679,0.384
8680,0.5691
8681,0.6656
8682,0.6506
8683,0.5705
8684,0.5019
8685,0.4873
8686,0.5193
8687,0.538
8688,0.4669
8689,0.384
8690,0.4259
8691,0.4522
8692,0.3811
8693,0.3911
8694,0.4186
8695,0.3955
8696,0.3184
8697,0.1701
8698,0.0987
8699,0.0849
8700,0.1258
8701,0.0987
8702,0.0816
8703,0.0944
8704,0.1091
8705,0.1403
8706,0.1989
8707,0.2701
8708,0.3157
8709,0.3361
8710,0.3224
8711,0.2651
8712,0.1691
8713,0.1177
8714,0.0842
8715,0.0599
8716,0.0571
8717,0.0662
8718,0.0889
8719,0.1031
8720,0.0875
8721,0.0498
8722,0.0246
8723,0.0183
8724,0.0146
8725,0.0097
8726,0.0092
8727,0.018
8728,0.0336
8729,0.0616
8730,0.0995
8731,0.143
8732,0.1842
8733,0.2267
8734,0.2726
8735,0.2815
8736,0.2337
8737,0.1978
8738,0.1883
8739,0.1914
8740,0.1894
8741,0.1957
8742,0.2087
8743,0.2198
8744,0.2087
8745,0.1914
8746,0.1883
8747,0.1883
8748,0.1925
8749,0.1925
8750,0.2384
8751,0.3077
8752,0.3811
8753,0.4157
8754,0.4245
8755,0.4522
8756,0.4493
8757,0.4829
8758,0.5207
8759,0.5691
8760,0.1029
8761,0.1053
8762,0.1083
8763,0.1127
8764,0.1194
8765,0.127
8766,0.1314
8767,0.1337
8768,0.1244
8769,0.106
8770,0.1099
8771,0.1288
8772,0.1482
8773,0.1561
8774,0.1695
8775,0.1913
8776,0.2186
8777,0.2339
8778,0.2403
8779,0.2439
8780,0.2496
8781,0.2598
8782,0.269
8783,0.2722
8784,0.2737
8785,0.2826
8786,0.2922
8787,0.2971
8788,0.302
8789,0.3062
8790,0.3173
8791,0.3239
8792,0.3026
8793,0.2515
8794,0.2414
8795,0.2737
8796,0.3008
8797,0.3061
8798,0.2882
8799,0.3046
8800,0.3453
8801,0.3513
8802,0.336
8803,0.3135
8804,0.2895
8805,0.2634
8806,0.2327
8807,0.1987
8808,0.1708
8809,0.1486
8810,0.1281
8811,0.1177
8812,0.1135
8813,0.1132
8814,0.1129
8815,0.1146
8816,0.1096
8817,0.1026
8818,0.102
8819,0.1205
8820,0.1438
8821,0.158
8822,0.1613
8823,0.1784
8824,0.2145
8825,0.2347
8826,0.2384
8827,0.2369
8828,0.2296
8829,0.2085
8830,0.1744
8831,0.153
8832,0.1443
8833,0.1279
8834,0.1122
8835,0.1075
8836,0.1115
8837,0.1123
8838,0.1073
8839,0.1039
8840,0.0983
8841,0.0953
8842,0.0983
8843,0.0986
8844,0.1062
8845,0.1156
8846,0.1179
8847,0.1339
8848,0.1664
8849,0.1822
8850,0.1861
8851,0.1841
8852,0.1815
8853,0.1787
8854,0.1763
8855,0.1667
8856,0.1554
8857,0.149
8858,0.1517
8859,0.1556
8860,0.1624
8861,0.177
8862,0.1877
8863,0.1964
8864,0.1903
8865,0.1711
8866,0.184
8867,0.2004
8868,0.2135
8869,0.2193
8870,0.2214
8871,0.2398
8872,0.2612
8873,0.2632
8874,0.2574
8875,0.2498
8876,0.2405
8877,0.2283
8878,0.2195
8879,0.214
8880,0.2049
8881,0.1911
8882,0.1799
8883,0.1751
8884,0.1728
8885,0.1679
8886,0.1622
8887,0.1579
8888,0.1437
8889,0.1262
8890,0.1257
8891,0.1353
8892,0.1426
8893,0.1414
8894,0.1326
8895,0.1403
8896,0.1563
8897,0.161
8898,0.1589
8899,0.1574
8900,0.1523
8901,0.1436
8902,0.1333
8903,0.1259
8904,0.1199
8905,0.1128
8906,0.1069
8907,0.1016
8908,0.0986
8909,0.0991
8910,0.1024
8911,0.107
8912,0.1101
8913,0.111
8914,0.1098
8915,0.118
8916,0.1347
8917,0.1483
8918,0.1631
8919,0.2002
8920,0.2475
8921,0.2842
8922,0.301
8923,0.3216
8924,0.3508
8925,0.3851
8926,0.4313
8927,0.4596
8928,0.472
8929,0.487
8930,0.4977
8931,0.502
8932,0.4696
8933,0.4409
8934,0.4177
8935,0.3941
8936,0.3603
8937,0.3439
8938,0.3711
8939,0.412
8940,0.4433
8941,0.4712
8942,0.4781
8943,0.4759
8944,0.4795
8945,0.476
8946,0.4689
8947,0.4498
8948,0.4244
8949,0.4145
8950,0.4133
8951,0.4263
8952,0.446
8953,0.4567
8954,0.4706
8955,0.4746
8956,0.4677
8957,0.4538
8958,0.4532
8959,0.4517
8960,0.4428
8961,0.4318
8962,0.4701
8963,0.5402
8964,0.5549
8965,0.5279
8966,0.4652
8967,0.4487
8968,0.4518
8969,0.4354
8970,0.4298
8971,0.4181
8972,0.3939
8973,0.3663
8974,0.3422
8975,0.3292
8976,0.308
8977,0.2925
8978,0.2718
8979,0.2583
8980,0.2422
8981,0.2268
8982,0.2082
8983,0.1889
8984,0.1695
8985,0.1573
8986,0.1572
8987,0.1648
8988,0.1723
8989,0.1795
8990,0.1757
8991,0.1771
8992,0.1971
8993,0.2028
8994,0.196
8995,0.1834
8996,0.162
8997,0.1385
8998,0.1195
8999,0.1065
9000,0.0995
9001,0.0978
9002,0.099
9003,0.1044
9004,0.1147
9005,0.1284
9006,0.1406
9007,0.1527
9008,0.1543
9009,0.1456
9010,0.1386
9011,0.1483
9012,0.159
9013,0.1642
9014,0.1666
9015,0.1915
9016,0.221
9017,0.2278
9018,0.2331
9019,0.2333
9020,0.2292
9021,0.2126
9022,0.196
9023,0.1832
9024,0.1722
9025,0.1619
9026,0.154
9027,0.1616
9028,0.1814
9029,0.2062
9030,0.2283
9031,0.253
9032,0.2716
9033,0.2893
9034,0.3079
9035,0.3544
9036,0.3966
9037,0.4297
9038,0.4684
9039,0.4908
9040,0.507
9041,0.5051
9042,0.4952
9043,0.4927
9044,0.4891
9045,0.4809
9046,0.4815
9047,0.4878
9048,0.4867
9049,0.4747
9050,0.46
9051,0.4716
9052,0.4793
9053,0.4805
9054,0.4906
9055,0.5086
9056,0.5222
9057,0.5346
9058,0.5735
9059,0.6211
9060,0.649
9061,0.6664
9062,0.6732
9063,0.6893
9064,0.7022
9065,0.7029
9066,0.698
9067,0.6967
9068,0.6878
9069,0.6758
9070,0.6652
9071,0.6542
9072,0.6429
9073,0.6293
9074,0.6063
9075,0.5812
9076,0.5573
9077,0.524
9078,0.4891
9079,0.4585
9080,0.4142
9081,0.3677
9082,0.4002
9083,0.4253
9084,0.4095
9085,0.3788
9086,0.3046
9087,0.2817
9088,0.2947
9089,0.2745
9090,0.2407
9091,0.2073
9092,0.1731
9093,0.14
9094,0.1158
9095,0.1041
9096,0.1028
9097,0.1035
9098,0.1082
9099,0.1147
9100,0.122
9101,0.1278
9102,0.1357
9103,0.1428
9104,0.1318
9105,0.1077
9106,0.0985
9107,0.1136
9108,0.1276
9109,0.1246
9110,0.1196
9111,0.1295
9112,0.1492
9113,0.1541
9114,0.159
9115,0.1663
9116,0.1748
9117,0.1866
9118,0.1978
9119,0.2003
9120,0.2006
9121,0.2016
9122,0.2054
9123,0.211
9124,0.2165
9125,0.2235
9126,0.2289
9127,0.2223
9128,0.1992
9129,0.1836
9130,0.2152
9131,0.2428
9132,0.2626
9133,0.2741
9134,0.2924
9135,0.339
9136,0.4032
9137,0.4373
9138,0.4471
9139,0.4406
9140,0.434
9141,0.4368
9142,0.4361
9143,0.4306
9144,0.4134
9145,0.4001
9146,0.3723
9147,0.3602
9148,0.3529
9149,0.3468
9150,0.3504
9151,0.3731
9152,0.3801
9153,0.3991
9154,0.4366
9155,0.4792
9156,0.496
9157,0.4892
9158,0.4375
9159,0.3675
9160,0.3412
9161,0.3156
9162,0.2838
9163,0.2564
9164,0.2283
9165,0.2061
9166,0.19
9167,0.171
9168,0.151
9169,0.1303
9170,0.1108
9171,0.0955
9172,0.0813
9173,0.0699
9174,0.0641
9175,0.0635
9176,0.0648
9177,0.0658
9178,0.0696
9179,0.0891
9180,0.0998
9181,0.1062
9182,0.1115
9183,0.1297
9184,0.1749
9185,0.2078
9186,0.2251
9187,0.2334
9188,0.2385
9189,0.2401
9190,0.2364
9191,0.2281
9192,0.2247
9193,0.2186
9194,0.2144
9195,0.2091
9196,0.2084
9197,0.2083
9198,0.2044
9199,0.2048
9200,0.1755
9201,0.152
9202,0.1765
9203,0.1867
9204,0.1723
9205,0.147
9206,0.1265
9207,0.1477
9208,0.1931
9209,0.2113
9210,0.2051
9211,0.1923
9212,0.1768
9213,0.1555
9214,0.134
9215,0.1165
9216,0.1038
9217,0.0966
9218,0.0938
9219,0.094
9220,0.0932
9221,0.0904
9222,0.086
9223,0.0826
9224,0.0704
9225,0.0553
9226,0.0552
9227,0.0611
9228,0.071
9229,0.0853
9230,0.0998
9231,0.1221
9232,0.1704
9233,0.2011
9234,0.2036
9235,0.1936
9236,0.179
9237,0.1682
9238,0.1555
9239,0.1391
9240,0.1263
9241,0.1189
9242,0.1104
9243,0.1015
9244,0.0935
9245,0.0855
9246,0.0784
9247,0.0703
9248,0.0587
9249,0.0529
9250,0.0536
9251,0.0565
9252,0.0599
9253,0.0633
9254,0.0653
9255,0.0648
9256,0.074
9257,0.0881
9258,0.1066
9259,0.133
9260,0.1656
9261,0.1936
9262,0.2154
9263,0.24
9264,0.2568
9265,0.2716
9266,0.2888
9267,0.2952
9268,0.3002
9269,0.3008
9270,0.3071
9271,0.2987
9272,0.2843
9273,0.2688
9274,0.2453
9275,0.23
9276,0.2045
9277,0.176
9278,0.1491
9279,0.1472
9280,0.1797
9281,0.21
9282,0.2247
9283,0.2361
9284,0.2358
9285,0.231
9286,0.2299
9287,0.2319
9288,0.2326
9289,0.2312
9290,0.2217
9291,0.2185
9292,0.211
9293,0.1988
9294,0.1867
9295,0.1791
9296,0.1702
9297,0.1648
9298,0.2053
9299,0.2752
9300,0.3334
9301,0.3619
9302,0.3522
9303,0.3425
9304,0.3657
9305,0.3693
9306,0.3405
9307,0.3052
9308,0.2692
9309,0.2346
9310,0.2058
9311,0.182
9312,0.1661
9313,0.154
9314,0.1424
9315,0.1321
9316,0.1239
9317,0.1189
9318,0.1132
9319,0.1083
9320,0.1051
9321,0.1129
9322,0.1199
9323,0.1284
9324,0.1383
9325,0.1468
9326,0.1474
9327,0.144
9328,0.1488
9329,0.1567
9330,0.1614
9331,0.1671
9332,0.1701
9333,0.1691
9334,0.1654
9335,0.1603
9336,0.1558
9337,0.1507
9338,0.1446
9339,0.1313
9340,0.1177
9341,0.1129
9342,0.1163
9343,0.1206
9344,0.1129
9345,0.1172
9346,0.1322
9347,0.1546
9348,0.1781
9349,0.1991
9350,0.2183
9351,0.2473
9352,0.293
9353,0.3155
9354,0.3217
9355,0.3228
9356,0.322
9357,0.3133
9358,0.3057
9359,0.305
9360,0.3067
9361,0.3144
9362,0.3278
9363,0.3345
9364,0.338
9365,0.3438
9366,0.3486
9367,0.3515
9368,0.3407
9369,0.3326
9370,0.3491
9371,0.3866
9372,0.4177
9373,0.4406
9374,0.4673
9375,0.5078
9376,0.5505
9377,0.5875
9378,0.5967
9379,0.6225
9380,0.6609
9381,0.691
9382,0.7142
9383,0.7219
9384,0.7215
9385,0.7172
9386,0.7146
9387,0.7106
9388,0.7024
9389,0.6989
9390,0.6948
9391,0.6918
9392,0.692
9393,0.7057
9394,0.7509
9395,0.7587
9396,0.7437
9397,0.7765
9398,0.7891
9399,0.7785
9400,0.7586
9401,0.7371
9402,0.7312
9403,0.7055
9404,0.6667
9405,0.6229
9406,0.602
9407,0.5899
9408,0.5594
9409,0.5291
9410,0.4974
9411,0.4665
9412,0.4315
9413,0.4039
9414,0.3797
9415,0.3688
9416,0.3501
9417,0.367
9418,0.4376
9419,0.4601
9420,0.469
9421,0.464
9422,0.4205
9423,0.361
9424,0.3679
9425,0.3611
9426,0.3336
9427,0.3023
9428,0.2666
9429,0.2268
9430,0.1866
9431,0.1506
9432,0.1204
9433,0.098
9434,0.0922
9435,0.1002
9436,0.1096
9437,0.1185
9438,0.1308
9439,0.1506
9440,0.1608
9441,0.1805
9442,0.2413
9443,0.2988
9444,0.3328
9445,0.3367
9446,0.3505
9447,0.4113
9448,0.4886
9449,0.5047
9450,0.5209
9451,0.5476
9452,0.5631
9453,0.5572
9454,0.5526
9455,0.5541
9456,0.5352
9457,0.5125
9458,0.4916
9459,0.4723
9460,0.4608
9461,0.4616
9462,0.4611
9463,0.4494
9464,0.4178
9465,0.3907
9466,0.3927
9467,0.3952
9468,0.3673
9469,0.3187
9470,0.2509
9471,0.2106
9472,0.2037
9473,0.1846
9474,0.1615
9475,0.1364
9476,0.1186
9477,0.101
9478,0.0859
9479,0.0799
9480,0.0804
9481,0.0889
9482,0.0946
9483,0.093
9484,0.0911
9485,0.0961
9486,0.1089
9487,0.1299
9488,0.1536
9489,0.1887
9490,0.2266
9491,0.2682
9492,0.2949
9493,0.3185
9494,0.3524
9495,0.4225
9496,0.4882
9497,0.5037
9498,0.4967
9499,0.4901
9500,0.4772
9501,0.4464
9502,0.3933
9503,0.3609
9504,0.3419
9505,0.3352
9506,0.3138
9507,0.2773
9508,0.2381
9509,0.2118
9510,0.1964
9511,0.195
9512,0.1835
9513,0.1615
9514,0.1348
9515,0.1175
9516,0.1063
9517,0.0914
9518,0.078
9519,0.0773
9520,0.0887
9521,0.099
9522,0.106
9523,0.1054
9524,0.1076
9525,0.1143
9526,0.1277
9527,0.1508
9528,0.1802
9529,0.2074
9530,0.2339
9531,0.2403
9532,0.2512
9533,0.2664
9534,0.2841
9535,0.3088
9536,0.3225
9537,0.3381
9538,0.3996
9539,0.4375
9540,0.4693
9541,0.5023
9542,0.5178
9543,0.5208
9544,0.5317
9545,0.5325
9546,0.5197
9547,0.5107
9548,0.5076
9549,0.5027
9550,0.4956
9551,0.4935
9552,0.4934
9553,0.4834
9554,0.4694
9555,0.4569
9556,0.4427
9557,0.424
9558,0.4067
9559,0.3651
9560,0.332
9561,0.35
9562,0.3671
9563,0.3453
9564,0.3298
9565,0.315
9566,0.2764
9567,0.2327
9568,0.2204
9569,0.209
9570,0.1992
9571,0.1995
9572,0.209
9573,0.2287
9574,0.2467
9575,0.2579
9576,0.2675
9577,0.2788
9578,0.2984
9579,0.3197
9580,0.3319
9581,0.3289
9582,0.3287
9583,0.3293
9584,0.3208
9585,0.3159
9586,0.3185
9587,0.332
9588,0.3318
9589,0.315
9590,0.2909
9591,0.2852
9592,0.2929
9593,0.2886
9594,0.2831
9595,0.2674
9596,0.2404
9597,0.2199
9598,0.2002
9599,0.1774
9600,0.1521
9601,0.1333
9602,0.1219
9603,0.1113
9604,0.1054
9605,0.1079
9606,0.115
9607,0.1168
9608,0.0858
9609,0.0688
9610,0.0812
9611,0.0865
9612,0.0884
9613,0.0909
9614,0.0968
9615,0.1138
9616,0.1674
9617,0.2245
9618,0.2564
9619,0.2747
9620,0.2842
9621,0.2869
9622,0.282
9623,0.2777
9624,0.2743
9625,0.2597
9626,0.2526
9627,0.2459
9628,0.2364
9629,0.2406
9630,0.2397
9631,0.235
9632,0.1974
9633,0.1772
9634,0.1718
9635,0.1721
9636,0.177
9637,0.1752
9638,0.1892
9639,0.2254
9640,0.2977
9641,0.3526
9642,0.3831
9643,0.3915
9644,0.3932
9645,0.4119
9646,0.4315
9647,0.44
9648,0.4542
9649,0.4697
9650,0.4827
9651,0.4885
9652,0.4942
9653,0.502
9654,0.4915
9655,0.4569
9656,0.414
9657,0.4084
9658,0.4775
9659,0.5221
9660,0.5431
9661,0.5488
9662,0.5298
9663,0.4964
9664,0.5024
9665,0.4897
9666,0.4514
9667,0.4353
9668,0.4175
9669,0.4114
9670,0.4066
9671,0.4029
9672,0.3859
9673,0.3835
9674,0.3775
9675,0.3705
9676,0.3719
9677,0.3862
9678,0.4105
9679,0.4388
9680,0.4512
9681,0.4885
9682,0.565
9683,0.6101
9684,0.6406
9685,0.6596
9686,0.6696
9687,0.6784
9688,0.7018
9689,0.7194
9690,0.7259
9691,0.7221
9692,0.7291
9693,0.7359
9694,0.7402
9695,0.7468
9696,0.7533
9697,0.745
9698,0.7256
9699,0.7034
9700,0.6784
9701,0.6528
9702,0.633
9703,0.61
9704,0.5948
9705,0.5937
9706,0.6369
9707,0.6583
9708,0.6526
9709,0.6279
9710,0.5649
9711,0.5006
9712,0.4868
9713,0.4858
9714,0.4881
9715,0.4836
9716,0.4967
9717,0.4998
9718,0.5132
9719,0.556
9720,0.6443
9721,0.7061
9722,0.7292
9723,0.7303
9724,0.7256
9725,0.7152
9726,0.708
9727,0.708
9728,0.7031
9729,0.7166
9730,0.7527
9731,0.7784
9732,0.8026
9733,0.8191
9734,0.8333
9735,0.8318
9736,0.8107
9737,0.7767
9738,0.7261
9739,0.6732
9740,0.6223
9741,0.5798
9742,0.5491
9743,0.5147
9744,0.4783
9745,0.4433
9746,0.4135
9747,0.3871
9748,0.3462
9749,0.3152
9750,0.2922
9751,0.2789
9752,0.2654
9753,0.2816
9754,0.3062
9755,0.3051
9756,0.28
9757,0.2517
9758,0.2189
9759,0.1715
9760,0.1598
9761,0.1638
9762,0.1548
9763,0.1379
9764,0.1185
9765,0.0985
9766,0.0843
9767,0.0793
9768,0.0775
9769,0.0768
9770,0.0798
9771,0.0768
9772,0.0704
9773,0.0652
9774,0.0624
9775,0.0596
9776,0.0528
9777,0.054
9778,0.0572
9779,0.0571
9780,0.0577
9781,0.0558
9782,0.0521
9783,0.0486
9784,0.0597
9785,0.0796
9786,0.0933
9787,0.1037
9788,0.1119
9789,0.1189
9790,0.1281
9791,0.1386
9792,0.1474
9793,0.1563
9794,0.1646
9795,0.1713
9796,0.176
9797,0.1753
9798,0.169
9799,0.1429
9800,0.085
9801,0.0788
9802,0.109
9803,0.1077
9804,0.0942
9805,0.0852
9806,0.0829
9807,0.084
9808,0.1146
9809,0.1667
9810,0.2176
9811,0.2583
9812,0.282
9813,0.2957
9814,0.3011
9815,0.2948
9816,0.2771
9817,0.2587
9818,0.239
9819,0.2246
9820,0.2128
9821,0.2014
9822,0.193
9823,0.1705
9824,0.1248
9825,0.1096
9826,0.1123
9827,0.1112
9828,0.1104
9829,0.1094
9830,0.1106
9831,0.1222
9832,0.1732
9833,0.2394
9834,0.2884
9835,0.3176
9836,0.3309
9837,0.3354
9838,0.3353
9839,0.3353
9840,0.3383
9841,0.3399
9842,0.3312
9843,0.3073
9844,0.2827
9845,0.2623
9846,0.2486
9847,0.2148
9848,0.1265
9849,0.0827
9850,0.0824
9851,0.0963
9852,0.0979
9853,0.1011
9854,0.1017
9855,0.1122
9856,0.1541
9857,0.2053
9858,0.2443
9859,0.2695
9860,0.2799
9861,0.2808
9862,0.2772
9863,0.2709
9864,0.2643
9865,0.2578
9866,0.2505
9867,0.2401
9868,0.2289
9869,0.2229
9870,0.2208
9871,0.1978
9872,0.1206
9873,0.0783
9874,0.0797
9875,0.0912
9876,0.0959
9877,0.0934
9878,0.0882
9879,0.0855
9880,0.1118
9881,0.1618
9882,0.2126
9883,0.2587
9884,0.2942
9885,0.3181
9886,0.3335
9887,0.341
9888,0.3472
9889,0.3534
9890,0.3602
9891,0.3695
9892,0.3789
9893,0.3869
9894,0.387
9895,0.3481
9896,0.2685
9897,0.2462
9898,0.3159
9899,0.3304
9900,0.3207
9901,0.2977
9902,0.2597
9903,0.2402
9904,0.269
9905,0.317
9906,0.3524
9907,0.3713
9908,0.3752
9909,0.3732
9910,0.371
9911,0.3616
9912,0.3473
9913,0.3255
9914,0.3002
9915,0.2749
9916,0.2574
9917,0.2411
9918,0.231
9919,0.2134
9920,0.196
9921,0.2089
9922,0.2104
9923,0.2075
9924,0.2086
9925,0.2135
9926,0.2094
9927,0.1935
9928,0.2131
9929,0.245
9930,0.2605
9931,0.266
9932,0.2584
9933,0.2444
9934,0.2232
9935,0.2005
9936,0.1815
9937,0.166
9938,0.148
9939,0.1287
9940,0.1078
9941,0.0943
9942,0.0881
9943,0.0775
9944,0.0617
9945,0.0618
9946,0.0618
9947,0.065
9948,0.0704
9949,0.0733
9950,0.0703
9951,0.0616
9952,0.058
9953,0.0628
9954,0.0666
9955,0.0703
9956,0.0751
9957,0.0829
9958,0.094
9959,0.107
9960,0.1186
9961,0.1274
9962,0.1269
9963,0.1159
9964,0.1039
9965,0.093
9966,0.0831
9967,0.073
9968,0.0653
9969,0.0687
9970,0.0774
9971,0.0858
9972,0.0969
9973,0.0989
9974,0.0962
9975,0.0841
9976,0.0771
9977,0.0836
9978,0.0897
9979,0.095
9980,0.1019
9981,0.1139
9982,0.1268
9983,0.1369
9984,0.1436
9985,0.1467
9986,0.141
9987,0.1324
9988,0.1214
9989,0.1102
9990,0.101
9991,0.0821
9992,0.0563
9993,0.049
9994,0.0504
9995,0.0523
9996,0.0568
9997,0.0589
9998,0.0544
9999,0.0478
10000,0.0493
10001,0.0547
10002,0.0586
10003,0.0594
10004,0.0605
10005,0.065
10006,0.0716
10007,0.077
10008,0.0792
10009,0.0783
10010,0.0749
10011,0.072
10012,0.0731
10013,0.0776
10014,0.0851
10015,0.0861
10016,0.0684
10017,0.0675
10018,0.0861
10019,0.102
10020,0.1116
10021,0.1206
10022,0.1277
10023,0.131
10024,0.1713
10025,0.2472
10026,0.3122
10027,0.3501
10028,0.3661
10029,0.3724
10030,0.3748
10031,0.3702
10032,0.3523
10033,0.3262
10034,0.2976
10035,0.2712
10036,0.2449
10037,0.2223
10038,0.1987
10039,0.1846
10040,0.1835
10041,0.1962
10042,0.1945
10043,0.1707
10044,0.1557
10045,0.158
10046,0.1691
10047,0.1718
10048,0.234
10049,0.3179
10050,0.3473
10051,0.3471
10052,0.3382
10053,0.3286
10054,0.3159
10055,0.3009
10056,0.2898
10057,0.2831
10058,0.2797
10059,0.2791
10060,0.268
10061,0.2464
10062,0.2217
10063,0.161
10064,0.0998
10065,0.0862
10066,0.0846
10067,0.0736
10068,0.0672
10069,0.0692
10070,0.0813
10071,0.0971
10072,0.1477
10073,0.2199
10074,0.2674
10075,0.2821
10076,0.2733
10077,0.2591
10078,0.2453
10079,0.2346
10080,0.2286
10081,0.2223
10082,0.2114
10083,0.1985
10084,0.1907
10085,0.1882
10086,0.1886
10087,0.1482
10088,0.0784
10089,0.0553
10090,0.0653
10091,0.0951
10092,0.108
10093,0.1135
10094,0.1128
10095,0.104
10096,0.1365
10097,0.1992
10098,0.2565
10099,0.2954
10100,0.3163
10101,0.3255
10102,0.3234
10103,0.312
10104,0.2953
10105,0.2734
10106,0.2489
10107,0.2202
10108,0.1898
10109,0.1618
10110,0.1379
10111,0.1031
10112,0.0576
10113,0.0432
10114,0.0565
10115,0.0845
10116,0.1008
10117,0.1036
10118,0.0978
10119,0.0876
10120,0.1064
10121,0.1401
10122,0.1744
10123,0.2043
10124,0.2272
10125,0.2424
10126,0.2498
10127,0.2501
10128,0.2443
10129,0.2325
10130,0.2158
10131,0.1991
10132,0.1837
10133,0.1687
10134,0.1541
10135,0.1224
10136,0.0635
10137,0.0327
10138,0.0279
10139,0.0346
10140,0.0423
10141,0.0412
10142,0.0379
10143,0.0345
10144,0.037
10145,0.0449
10146,0.0558
10147,0.0721
10148,0.098
10149,0.129
10150,0.1604
10151,0.1926
10152,0.2315
10153,0.2769
10154,0.312
10155,0.3368
10156,0.3635
10157,0.3945
10158,0.4009
10159,0.3484
10160,0.3339
10161,0.4559
10162,0.5501
10163,0.6131
10164,0.6529
10165,0.6709
10166,0.6562
10167,0.5835
10168,0.5434
10169,0.5495
10170,0.5406
10171,0.5242
10172,0.503
10173,0.4971
10174,0.4804
10175,0.4722
10176,0.4699
10177,0.4778
10178,0.487
10179,0.4762
10180,0.4553
10181,0.4269
10182,0.3989
10183,0.3567
10184,0.326
10185,0.3284
10186,0.3173
10187,0.2967
10188,0.2816
10189,0.2632
10190,0.2302
10191,0.1878
10192,0.1639
10193,0.1646
10194,0.1595
10195,0.1508
10196,0.151
10197,0.1623
10198,0.185
10199,0.2148
10200,0.2472
10201,0.279
10202,0.2981
10203,0.3036
10204,0.2995
10205,0.3017
10206,0.3081
10207,0.3036
10208,0.3018
10209,0.341
10210,0.3668
10211,0.3974
10212,0.4232
10213,0.4478
10214,0.4564
10215,0.4285
10216,0.4001
10217,0.4456
10218,0.4719
10219,0.4811
10220,0.4869
10221,0.4894
10222,0.4958
10223,0.4923
10224,0.4839
10225,0.4807
10226,0.4949
10227,0.5012
10228,0.5146
10229,0.5293
10230,0.5398
10231,0.5531
10232,0.5578
10233,0.5895
10234,0.6299
10235,0.6684
10236,0.7018
10237,0.7189
10238,0.7132
10239,0.6965
10240,0.7019
10241,0.7298
10242,0.7372
10243,0.7304
10244,0.741
10245,0.7525
10246,0.7613
10247,0.7713
10248,0.7758
10249,0.775
10250,0.7801
10251,0.7889
10252,0.7944
10253,0.8034
10254,0.803
10255,0.7835
10256,0.774
10257,0.7852
10258,0.7999
10259,0.8057
10260,0.8035
10261,0.7904
10262,0.76
10263,0.7167
10264,0.6617
10265,0.6259
10266,0.5865
10267,0.5446
10268,0.5266
10269,0.5133
10270,0.4944
10271,0.4908
10272,0.4898
10273,0.4897
10274,0.475
10275,0.4599
10276,0.463
10277,0.4724
10278,0.4753
10279,0.4558
10280,0.4539
10281,0.5061
10282,0.5247
10283,0.5161
10284,0.485
10285,0.4321
10286,0.3684
10287,0.2992
10288,0.2799
10289,0.3383
10290,0.3862
10291,0.4042
10292,0.4224
10293,0.4322
10294,0.45
10295,0.4712
10296,0.4951
10297,0.5089
10298,0.5321
10299,0.5659
10300,0.5984
10301,0.6062
10302,0.6026
10303,0.5972
10304,0.6091
10305,0.6279
10306,0.6441
10307,0.6815
10308,0.7139
10309,0.7058
10310,0.6738
10311,0.6532
10312,0.6378
10313,0.6422
10314,0.6413
10315,0.6345
10316,0.6086
10317,0.5708
10318,0.5412
10319,0.5289
10320,0.5501
10321,0.5958
10322,0.64
10323,0.6502
10324,0.6584
10325,0.6408
10326,0.6127
10327,0.5864
10328,0.6316
10329,0.7123
10330,0.7479
10331,0.7578
10332,0.7545
10333,0.7422
10334,0.7139
10335,0.6668
10336,0.6218
10337,0.6056
10338,0.5822
10339,0.5454
10340,0.5216
10341,0.5014
10342,0.4829
10343,0.4565
10344,0.4126
10345,0.3598
10346,0.3192
10347,0.2758
10348,0.2427
10349,0.2241
10350,0.2109
10351,0.1894
10352,0.195
10353,0.2239
10354,0.2468
10355,0.2754
10356,0.3213
10357,0.3722
10358,0.4031
10359,0.3958
10360,0.3808
10361,0.4215
10362,0.4546
10363,0.4865
10364,0.5159
10365,0.548
10366,0.5961
10367,0.6087
10368,0.6131
10369,0.5926
10370,0.557
10371,0.5237
10372,0.4954
10373,0.468
10374,0.4525
10375,0.4378
10376,0.434
10377,0.4674
10378,0.5286
10379,0.5853
10380,0.6181
10381,0.6347
10382,0.6165
10383,0.5644
10384,0.5051
10385,0.4754
10386,0.455
10387,0.4356
10388,0.4263
10389,0.4068
10390,0.3781
10391,0.3666
10392,0.3926
10393,0.4535
10394,0.5708
10395,0.6952
10396,0.7914
10397,0.8245
10398,0.8345
10399,0.8377
10400,0.8472
10401,0.868
10402,0.8864
10403,0.8956
10404,0.8961
10405,0.8891
10406,0.8723
10407,0.8424
10408,0.7822
10409,0.7099
10410,0.6548
10411,0.6021
10412,0.568
10413,0.561
10414,0.5747
10415,0.5817
10416,0.5934
10417,0.6192
10418,0.627
10419,0.6147
10420,0.6013
10421,0.5956
10422,0.5948
10423,0.5775
10424,0.6279
10425,0.6937
10426,0.6773
10427,0.6431
10428,0.6123
10429,0.5916
10430,0.5692
10431,0.5117
10432,0.3917
10433,0.3233
10434,0.2965
10435,0.2647
10436,0.2449
10437,0.2439
10438,0.2473
10439,0.2522
10440,0.2675
10441,0.2964
10442,0.3357
10443,0.3631
10444,0.3729
10445,0.39
10446,0.3989
10447,0.3907
10448,0.4675
10449,0.6283
10450,0.6839
10451,0.7141
10452,0.7398
10453,0.7548
10454,0.753
10455,0.7482
10456,0.7378
10457,0.7201
10458,0.6931
10459,0.656
10460,0.6418
10461,0.6322
10462,0.6255
10463,0.606
10464,0.6092
10465,0.6086
10466,0.6137
10467,0.6079
10468,0.6107
10469,0.6131
10470,0.6095
10471,0.6044
10472,0.6725
10473,0.756
10474,0.7882
10475,0.8002
10476,0.8087
10477,0.8129
10478,0.8057
10479,0.7723
10480,0.7018
10481,0.6648
10482,0.6415
10483,0.5917
10484,0.5211
10485,0.4858
10486,0.4753
10487,0.4675
10488,0.4629
10489,0.4655
10490,0.4708
10491,0.484
10492,0.5087
10493,0.5517
10494,0.624
10495,0.6779
10496,0.7635
10497,0.8353
10498,0.8711
10499,0.8881
10500,0.8979
10501,0.9025
10502,0.8976
10503,0.8764
10504,0.8431
10505,0.8106
10506,0.7701
10507,0.7116
10508,0.652
10509,0.6019
10510,0.5688
10511,0.5717
10512,0.568
10513,0.5676
10514,0.6096
10515,0.6498
10516,0.6864
10517,0.74
10518,0.7684
10519,0.7837
10520,0.7822
10521,0.7974
10522,0.8127
10523,0.8158
10524,0.8152
10525,0.8104
10526,0.7927
10527,0.7666
10528,0.727
10529,0.6962
10530,0.6854
10531,0.674
10532,0.6515
10533,0.6317
10534,0.6184
10535,0.6015
10536,0.5897
10537,0.5829
10538,0.5748
10539,0.5612
10540,0.5432
10541,0.5366
10542,0.5335
10543,0.5347
10544,0.6184
10545,0.6641
10546,0.673
10547,0.6745
10548,0.6732
10549,0.6702
10550,0.6646
10551,0.652
10552,0.6224
10553,0.6147
10554,0.6186
10555,0.6193
10556,0.6269
10557,0.6282
10558,0.6229
10559,0.6125
10560,0.6005
10561,0.5974
10562,0.5745
10563,0.55
10564,0.5218
10565,0.5052
10566,0.4642
10567,0.4425
10568,0.5238
10569,0.5626
10570,0.5952
10571,0.626
10572,0.6508
10573,0.6643
10574,0.6587
10575,0.616
10576,0.5228
10577,0.4525
10578,0.4213
10579,0.4
10580,0.3892
10581,0.3819
10582,0.3827
10583,0.3589
10584,0.3297
10585,0.3032
10586,0.2869
10587,0.2687
10588,0.251
10589,0.2283
10590,0.2014
10591,0.1798
10592,0.1823
10593,0.1865
10594,0.1889
10595,0.1976
10596,0.2148
10597,0.2344
10598,0.2438
10599,0.2264
10600,0.1735
10601,0.1418
10602,0.1299
10603,0.117
10604,0.1048
10605,0.0965
10606,0.0907
10607,0.0854
10608,0.0801
10609,0.072
10610,0.0614
10611,0.054
10612,0.0518
10613,0.0531
10614,0.0553
10615,0.0529
10616,0.0589
10617,0.0629
10618,0.0617
10619,0.0628
10620,0.0666
10621,0.0724
10622,0.0779
10623,0.0814
10624,0.0785
10625,0.0824
10626,0.0912
10627,0.0916
10628,0.0886
10629,0.0875
10630,0.0867
10631,0.0842
10632,0.0808
10633,0.0775
10634,0.0756
10635,0.0728
10636,0.0708
10637,0.0689
10638,0.0628
10639,0.046
10640,0.052
10641,0.0668
10642,0.0651
10643,0.0642
10644,0.0665
10645,0.0704
10646,0.0746
10647,0.0782
10648,0.0781
10649,0.0914
10650,0.1067
10651,0.1153
10652,0.118
10653,0.1177
10654,0.1158
10655,0.1142
10656,0.1149
10657,0.118
10658,0.1203
10659,0.1205
10660,0.1202
10661,0.1193
10662,0.106
10663,0.0572
10664,0.0471
10665,0.0929
10666,0.1105
10667,0.1109
10668,0.1123
10669,0.1154
10670,0.1193
10671,0.1163
10672,0.0982
10673,0.1205
10674,0.1584
10675,0.1867
10676,0.2008
10677,0.2062
10678,0.2029
10679,0.1878
10680,0.1629
10681,0.1343
10682,0.109
10683,0.092
10684,0.0838
10685,0.0796
10686,0.0658
10687,0.0316
10688,0.0149
10689,0.014
10690,0.0156
10691,0.0178
10692,0.0206
10693,0.0233
10694,0.0257
10695,0.0256
10696,0.0254
10697,0.0295
10698,0.0361
10699,0.0422
10700,0.0487
10701,0.0514
10702,0.0493
10703,0.045
10704,0.0406
10705,0.0392
10706,0.0416
10707,0.045
10708,0.0495
10709,0.0549
10710,0.0573
10711,0.0425
10712,0.037
10713,0.0471
10714,0.0473
10715,0.0467
10716,0.0518
10717,0.0614
10718,0.0734
10719,0.0884
10720,0.1093
10721,0.1661
10722,0.2364
10723,0.2725
10724,0.2738
10725,0.2486
10726,0.217
10727,0.18
10728,0.1456
10729,0.1178
10730,0.099
10731,0.0918
10732,0.0859
10733,0.0807
10734,0.0703
10735,0.0539
10736,0.0499
10737,0.0529
10738,0.0607
10739,0.0823
10740,0.1135
10741,0.143
10742,0.1635
10743,0.1722
10744,0.1717
10745,0.198
10746,0.2511
10747,0.28
10748,0.2915
10749,0.2956
10750,0.2871
10751,0.2656
10752,0.2386
10753,0.2221
10754,0.2195
10755,0.233
10756,0.2475
10757,0.2528
10758,0.2422
10759,0.2701
10760,0.3731
10761,0.4279
10762,0.4524
10763,0.4642
10764,0.4774
10765,0.4952
10766,0.5143
10767,0.5272
10768,0.5058
10769,0.4608
10770,0.4607
10771,0.4484
10772,0.431
10773,0.4208
10774,0.4107
10775,0.3848
10776,0.3481
10777,0.3076
10778,0.2782
10779,0.2532
10780,0.2237
10781,0.1963
10782,0.1624
10783,0.1456
10784,0.1679
10785,0.169
10786,0.1616
10787,0.1625
10788,0.1742
10789,0.195
10790,0.2174
10791,0.2373
10792,0.2379
10793,0.2433
10794,0.283
10795,0.2934
10796,0.2768
10797,0.254
10798,0.2317
10799,0.2074
10800,0.1847
10801,0.169
10802,0.1588
10803,0.1495
10804,0.1368
10805,0.1218
10806,0.0944
10807,0.0784
10808,0.1094
10809,0.135
10810,0.1377
10811,0.1397
10812,0.145
10813,0.1532
10814,0.1632
10815,0.1725
10816,0.1723
10817,0.1867
10818,0.2363
10819,0.2612
10820,0.2666
10821,0.2621
10822,0.2526
10823,0.2381
10824,0.2207
10825,0.2006
10826,0.1805
10827,0.1684
10828,0.1643
10829,0.1642
10830,0.1322
10831,0.0863
10832,0.1154
10833,0.1242
10834,0.1161
10835,0.1154
10836,0.1208
10837,0.1291
10838,0.1386
10839,0.1488
10840,0.1478
10841,0.1771
10842,0.2479
10843,0.2973
10844,0.3195
10845,0.3199
10846,0.3054
10847,0.2895
10848,0.2721
10849,0.2529
10850,0.232
10851,0.2066
10852,0.1715
10853,0.139
10854,0.1049
10855,0.0885
10856,0.1046
10857,0.1249
10858,0.1495
10859,0.1592
10860,0.1586
10861,0.1519
10862,0.144
10863,0.135
10864,0.1177
10865,0.1115
10866,0.1183
10867,0.1268
10868,0.1355
10869,0.1464
10870,0.154
10871,0.158
10872,0.1629
10873,0.1727
10874,0.1849
10875,0.1974
10876,0.2046
10877,0.2071
10878,0.1732
10879,0.1035
10880,0.0968
10881,0.0992
10882,0.0895
10883,0.0914
10884,0.0975
10885,0.0996
10886,0.0953
10887,0.086
10888,0.0715
10889,0.0575
10890,0.0482
10891,0.0453
10892,0.0498
10893,0.0605
10894,0.0726
10895,0.083
10896,0.0912
10897,0.0951
10898,0.0985
10899,0.1043
10900,0.1142
10901,0.1246
10902,0.1258
10903,0.088
10904,0.0807
10905,0.1072
10906,0.129
10907,0.143
10908,0.153
10909,0.1618
10910,0.1751
10911,0.192
10912,0.2077
10913,0.2801
10914,0.3746
10915,0.415
10916,0.4268
10917,0.4077
10918,0.3874
10919,0.363
10920,0.3428
10921,0.3147
10922,0.294
10923,0.2549
10924,0.2286
10925,0.2088
10926,0.165
10927,0.1364
10928,0.1228
10929,0.1169
10930,0.1126
10931,0.1088
10932,0.1014
10933,0.0925
10934,0.0859
10935,0.0835
10936,0.0844
10937,0.1168
10938,0.1637
10939,0.1956
10940,0.2096
10941,0.2284
10942,0.244
10943,0.2488
10944,0.2486
10945,0.2442
10946,0.2396
10947,0.2322
10948,0.2265
10949,0.2219
10950,0.1968
10951,0.1722
10952,0.2312
10953,0.3275
10954,0.4123
10955,0.4784
10956,0.5256
10957,0.5459
10958,0.5279
10959,0.4806
10960,0.4195
10961,0.3367
10962,0.2788
10963,0.2319
10964,0.204
10965,0.1926
10966,0.1893
10967,0.1844
10968,0.1762
10969,0.1726
10970,0.169
10971,0.1619
10972,0.1547
10973,0.1452
10974,0.1423
10975,0.1576
10976,0.1669
10977,0.1694
10978,0.1712
10979,0.1734
10980,0.1765
10981,0.1787
10982,0.176
10983,0.1691
10984,0.1437
10985,0.1147
10986,0.1202
10987,0.1306
10988,0.1321
10989,0.1243
10990,0.1241
10991,0.1248
10992,0.128
10993,0.1243
10994,0.1235
10995,0.1201
10996,0.1179
10997,0.1191
10998,0.1164
10999,0.12
11000,0.147
11001,0.1663
11002,0.1805
11003,0.1947
11004,0.2037
11005,0.2078
11006,0.2069
11007,0.1975
11008,0.1762
11009,0.1641
11010,0.1911
11011,0.224
11012,0.2524
11013,0.269
11014,0.2793
11015,0.2851
11016,0.2833
11017,0.2756
11018,0.2701
11019,0.2695
11020,0.2674
11021,0.2611
11022,0.2067
11023,0.1531
11024,0.197
11025,0.2582
11026,0.2691
11027,0.2615
11028,0.2424
11029,0.2173
11030,0.1937
11031,0.1679
11032,0.1453
11033,0.1485
11034,0.1813
11035,0.2192
11036,0.2573
11037,0.2807
11038,0.2859
11039,0.2812
11040,0.2701
11041,0.2529
11042,0.2281
11043,0.199
11044,0.1784
11045,0.165
11046,0.1402
11047,0.1343
11048,0.1608
11049,0.1959
11050,0.2158
11051,0.2282
11052,0.2395
11053,0.2461
11054,0.2421
11055,0.2282
11056,0.2026
11057,0.1993
11058,0.2307
11059,0.2413
11060,0.2284
11061,0.2078
11062,0.1889
11063,0.1741
11064,0.1599
11065,0.1498
11066,0.1385
11067,0.1241
11068,0.1064
11069,0.0934
11070,0.0742
11071,0.0595
11072,0.0702
11073,0.0755
11074,0.0792
11075,0.0858
11076,0.0949
11077,0.1061
11078,0.1168
11079,0.1221
11080,0.1217
11081,0.1185
11082,0.1247
11083,0.1232
11084,0.1158
11085,0.1084
11086,0.1011
11087,0.0941
11088,0.0889
11089,0.0854
11090,0.0829
11091,0.0831
11092,0.0856
11093,0.0872
11094,0.0704
11095,0.0503
11096,0.0528
11097,0.0576
11098,0.0549
11099,0.0526
11100,0.0507
11101,0.0487
11102,0.0456
11103,0.0403
11104,0.0346
11105,0.0362
11106,0.0468
11107,0.0544
11108,0.058
11109,0.0558
11110,0.0505
11111,0.046
11112,0.0431
11113,0.0426
11114,0.0445
11115,0.0464
11116,0.0469
11117,0.0444
11118,0.0321
11119,0.0205
11120,0.0188
11121,0.0174
11122,0.0154
11123,0.0151
11124,0.0172
11125,0.0208
11126,0.0259
11127,0.032
11128,0.0396
11129,0.0559
11130,0.0843
11131,0.1075
11132,0.1193
11133,0.1252
11134,0.1277
11135,0.1254
11136,0.1177
11137,0.109
11138,0.1026
11139,0.1025
11140,0.1068
11141,0.117
11142,0.1281
11143,0.1493
11144,0.175
11145,0.1901
11146,0.2008
11147,0.2145
11148,0.2351
11149,0.2618
11150,0.2865
11151,0.2998
11152,0.2868
11153,0.2682
11154,0.296
11155,0.3162
11156,0.3162
11157,0.3264
11158,0.3297
11159,0.3269
11160,0.3153
11161,0.3024
11162,0.2873
11163,0.2773
11164,0.2658
11165,0.247
11166,0.2117
11167,0.233
11168,0.2815
11169,0.3018
11170,0.2886
11171,0.2847
11172,0.2943
11173,0.3133
11174,0.3341
11175,0.3532
11176,0.3552
11177,0.3402
11178,0.3921
11179,0.4251
11180,0.404
11181,0.3751
11182,0.345
11183,0.3233
11184,0.3028
11185,0.2904
11186,0.2739
11187,0.2575
11188,0.2437
11189,0.2214
11190,0.1528
11191,0.1606
11192,0.2203
11193,0.2095
11194,0.1877
11195,0.1819
11196,0.1905
11197,0.2049
11198,0.2188
11199,0.229
11200,0.2314
11201,0.2277
11202,0.2776
11203,0.3199
11204,0.3269
11205,0.3171
11206,0.3006
11207,0.2831
11208,0.2663
11209,0.2493
11210,0.2366
11211,0.2328
11212,0.2352
11213,0.2238
11214,0.1602
11215,0.1865
11216,0.2307
11217,0.2119
11218,0.1924
11219,0.181
11220,0.1803
11221,0.1924
11222,0.2138
11223,0.2371
11224,0.2477
11225,0.2276
11226,0.2499
11227,0.2841
11228,0.2836
11229,0.2679
11230,0.2483
11231,0.2292
11232,0.2145
11233,0.2025
11234,0.1893
11235,0.1779
11236,0.1654
11237,0.1414
11238,0.1021
11239,0.1175
11240,0.1491
11241,0.1455
11242,0.1429
11243,0.1465
11244,0.1554
11245,0.1644
11246,0.16
11247,0.1534
11248,0.1638
11249,0.1768
11250,0.2211
11251,0.267
11252,0.275
11253,0.2694
11254,0.2731
11255,0.2856
11256,0.3041
11257,0.3179
11258,0.3261
11259,0.3256
11260,0.3183
11261,0.2803
11262,0.1981
11263,0.2119
11264,0.3356
11265,0.3651
11266,0.3878
11267,0.4153
11268,0.4409
11269,0.4511
11270,0.4414
11271,0.4126
11272,0.3561
11273,0.329
11274,0.3636
11275,0.3841
11276,0.3785
11277,0.3738
11278,0.3592
11279,0.3377
11280,0.3146
11281,0.2895
11282,0.2673
11283,0.2452
11284,0.2223
11285,0.1882
11286,0.1309
11287,0.1207
11288,0.1335
11289,0.1341
11290,0.1383
11291,0.1439
11292,0.1469
11293,0.1453
11294,0.1365
11295,0.1196
11296,0.0959
11297,0.0794
11298,0.08
11299,0.0801
11300,0.0773
11301,0.0727
11302,0.0714
11303,0.0764
11304,0.0859
11305,0.0961
11306,0.1035
11307,0.1045
11308,0.1057
11309,0.1083
11310,0.096
11311,0.092
11312,0.124
11313,0.1512
11314,0.1567
11315,0.1591
11316,0.1626
11317,0.1678
11318,0.1747
11319,0.1811
11320,0.1915
11321,0.2191
11322,0.2997
11323,0.3798
11324,0.4077
11325,0.3992
11326,0.3829
11327,0.3688
11328,0.3444
11329,0.323
11330,0.305
11331,0.2945
11332,0.2849
11333,0.2644
11334,0.2081
11335,0.1886
11336,0.2313
11337,0.2645
11338,0.2853
11339,0.2899
11340,0.2802
11341,0.263
11342,0.2439
11343,0.2231
11344,0.1975
11345,0.2275
11346,0.3006
11347,0.3511
11348,0.3576
11349,0.343
11350,0.3219
11351,0.3005
11352,0.2792
11353,0.2598
11354,0.2443
11355,0.2391
11356,0.2385
11357,0.2281
11358,0.1643
11359,0.1298
11360,0.1491
11361,0.166
11362,0.162
11363,0.1455
11364,0.1271
11365,0.1108
11366,0.099
11367,0.0949
11368,0.0976
11369,0.116
11370,0.158
11371,0.1969
11372,0.2064
11373,0.2041
11374,0.2007
11375,0.1996
11376,0.2004
11377,0.2037
11378,0.2078
11379,0.2046
11380,0.1957
11381,0.1815
11382,0.122
11383,0.0841
11384,0.0958
11385,0.137
11386,0.1754
11387,0.2007
11388,0.2166
11389,0.2291
11390,0.2396
11391,0.2432
11392,0.2252
11393,0.2554
11394,0.3232
11395,0.3693
11396,0.3774
11397,0.3605
11398,0.3363
11399,0.3107
11400,0.2873
11401,0.2746
11402,0.2667
11403,0.2613
11404,0.2546
11405,0.2295
11406,0.1429
11407,0.0911
11408,0.0873
11409,0.1207
11410,0.1408
11411,0.1361
11412,0.1255
11413,0.1137
11414,0.1024
11415,0.0925
11416,0.0827
11417,0.0807
11418,0.1003
11419,0.1264
11420,0.1415
11421,0.1479
11422,0.1478
11423,0.1473
11424,0.1508
11425,0.1502
11426,0.153
11427,0.1605
11428,0.1652
11429,0.1558
11430,0.1161
11431,0.0886
11432,0.1103
11433,0.1448
11434,0.1616
11435,0.1704
11436,0.1781
11437,0.1833
11438,0.1793
11439,0.1731
11440,0.1666
11441,0.1875
11442,0.2468
11443,0.3064
11444,0.3379
11445,0.3456
11446,0.3334
11447,0.3082
11448,0.2845
11449,0.2782
11450,0.27
11451,0.2595
11452,0.2444
11453,0.2208
11454,0.161
11455,0.1319
11456,0.1436
11457,0.1601
11458,0.1695
11459,0.1741
11460,0.178
11461,0.1835
11462,0.1872
11463,0.1776
11464,0.1535
11465,0.1427
11466,0.1627
11467,0.1918
11468,0.2222
11469,0.2511
11470,0.2827
11471,0.3117
11472,0.3302
11473,0.3373
11474,0.3538
11475,0.3759
11476,0.3913
11477,0.3735
11478,0.3555
11479,0.4337
11480,0.5043
11481,0.5331
11482,0.5609
11483,0.5648
11484,0.5578
11485,0.5556
11486,0.5566
11487,0.5515
11488,0.5142
11489,0.427
11490,0.3972
11491,0.4214
11492,0.4547
11493,0.4924
11494,0.5414
11495,0.5733
11496,0.5783
11497,0.5733
11498,0.5593
11499,0.5445
11500,0.5405
11501,0.539
11502,0.502
11503,0.5032
11504,0.5169
11505,0.5367
11506,0.5677
11507,0.5751
11508,0.5423
11509,0.4904
11510,0.432
11511,0.364
11512,0.2912
11513,0.2035
11514,0.1626
11515,0.1811
11516,0.2089
11517,0.2142
11518,0.222
11519,0.2236
11520,0.2117
11521,0.1884
11522,0.1713
11523,0.1544
11524,0.1394
11525,0.1313
11526,0.1247
11527,0.1447
11528,0.173
11529,0.1882
11530,0.2051
11531,0.2268
11532,0.2508
11533,0.276
11534,0.3011
11535,0.3243
11536,0.3282
11537,0.3012
11538,0.3132
11539,0.3447
11540,0.3634
11541,0.3699
11542,0.3809
11543,0.4007
11544,0.4238
11545,0.4419
11546,0.4602
11547,0.4695
11548,0.4737
11549,0.4531
11550,0.4613
11551,0.5605
11552,0.6265
11553,0.6462
11554,0.6644
11555,0.6803
11556,0.6982
11557,0.7137
11558,0.7189
11559,0.7092
11560,0.6705
11561,0.5846
11562,0.5024
11563,0.4574
11564,0.4111
11565,0.3679
11566,0.3492
11567,0.3472
11568,0.3443
11569,0.329
11570,0.301
11571,0.2823
11572,0.2571
11573,0.2435
11574,0.2425
11575,0.2884
11576,0.3232
11577,0.336
11578,0.3419
11579,0.3426
11580,0.338
11581,0.3259
11582,0.3083
11583,0.2855
11584,0.2465
11585,0.1768
11586,0.1361
11587,0.1229
11588,0.1069
11589,0.0939
11590,0.0864
11591,0.0783
11592,0.0724
11593,0.0681
11594,0.062
11595,0.053
11596,0.0454
11597,0.0388
11598,0.0366
11599,0.0427
11600,0.0503
11601,0.057
11602,0.0584
11603,0.0569
11604,0.0572
11605,0.0613
11606,0.0703
11607,0.0812
11608,0.0902
11609,0.0946
11610,0.1196
11611,0.1611
11612,0.1861
11613,0.1975
11614,0.2033
11615,0.2064
11616,0.2057
11617,0.1995
11618,0.1894
11619,0.1707
11620,0.1474
11621,0.1097
11622,0.0743
11623,0.0841
11624,0.1056
11625,0.106
11626,0.1017
11627,0.0988
11628,0.0967
11629,0.0945
11630,0.0919
11631,0.0929
11632,0.0967
11633,0.0966
11634,0.1261
11635,0.1739
11636,0.1925
11637,0.1863
11638,0.1695
11639,0.1466
11640,0.1215
11641,0.0993
11642,0.0806
11643,0.0657
11644,0.0535
11645,0.0383
11646,0.0188
11647,0.0104
11648,0.0084
11649,0.0081
11650,0.0086
11651,0.0098
11652,0.0127
11653,0.0172
11654,0.0253
11655,0.0352
11656,0.0466
11657,0.0664
11658,0.0993
11659,0.1287
11660,0.1406
11661,0.1446
11662,0.1483
11663,0.15
11664,0.1497
11665,0.1481
11666,0.1444
11667,0.1439
11668,0.141
11669,0.1252
11670,0.1024
11671,0.1074
11672,0.112
11673,0.119
11674,0.1314
11675,0.1517
11676,0.175
11677,0.1977
11678,0.2174
11679,0.2284
11680,0.2183
11681,0.195
11682,0.1926
11683,0.199
11684,0.1826
11685,0.1606
11686,0.143
11687,0.1291
11688,0.1217
11689,0.1159
11690,0.106
11691,0.0923
11692,0.0786
11693,0.0609
11694,0.0467
11695,0.0439
11696,0.0413
11697,0.0392
11698,0.0379
11699,0.0427
11700,0.0526
11701,0.0655
11702,0.0815
11703,0.102
11704,0.1234
11705,0.1291
11706,0.1363
11707,0.1574
11708,0.164
11709,0.1581
11710,0.1516
11711,0.1583
11712,0.1774
11713,0.1959
11714,0.2029
11715,0.1967
11716,0.185
11717,0.1685
11718,0.18
11719,0.2594
11720,0.3556
11721,0.4268
11722,0.4593
11723,0.4739
11724,0.4963
11725,0.5308
11726,0.566
11727,0.5925
11728,0.5909
11729,0.5381
11730,0.47
11731,0.4389
11732,0.4014
11733,0.3749
11734,0.3552
11735,0.3375
11736,0.3149
11737,0.292
11738,0.274
11739,0.2644
11740,0.2537
11741,0.2426
11742,0.2577
11743,0.3195
11744,0.3493
11745,0.3548
11746,0.3599
11747,0.3644
11748,0.3686
11749,0.372
11750,0.3762
11751,0.3768
11752,0.3623
11753,0.3064
11754,0.2646
11755,0.2772
11756,0.2693
11757,0.2503
11758,0.2272
11759,0.2082
11760,0.1922
11761,0.1785
11762,0.166
11763,0.1549
11764,0.1466
11765,0.1255
11766,0.0937
11767,0.1157
11768,0.1193
11769,0.1099
11770,0.1045
11771,0.1042
11772,0.1059
11773,0.1064
11774,0.1024
11775,0.0928
11776,0.0793
11777,0.0621
11778,0.0578
11779,0.0632
11780,0.0675
11781,0.0709
11782,0.0711
11783,0.0706
11784,0.0699
11785,0.0703
11786,0.0735
11787,0.0813
11788,0.0948
11789,0.1
11790,0.0637
11791,0.0546
11792,0.0609
11793,0.0726
11794,0.0807
11795,0.0903
11796,0.1015
11797,0.1131
11798,0.1154
11799,0.119
11800,0.1138
11801,0.1031
11802,0.1278
11803,0.1719
11804,0.2215
11805,0.2757
11806,0.3089
11807,0.3241
11808,0.3326
11809,0.3412
11810,0.3411
11811,0.3527
11812,0.3777
11813,0.3657
11814,0.3705
11815,0.4146
11816,0.4894
11817,0.535
11818,0.5508
11819,0.5472
11820,0.5335
11821,0.5202
11822,0.5235
11823,0.4967
11824,0.4575
11825,0.4116
11826,0.4218
11827,0.4473
11828,0.4531
11829,0.4448
11830,0.45
11831,0.4734
11832,0.4949
11833,0.5022
11834,0.5044
11835,0.4906
11836,0.464
11837,0.4313
11838,0.41
11839,0.4602
11840,0.4901
11841,0.5018
11842,0.5217
11843,0.5377
11844,0.5356
11845,0.5351
11846,0.5324
11847,0.5111
11848,0.4449
11849,0.3524
11850,0.3145
11851,0.2987
11852,0.2622
11853,0.2351
11854,0.2154
11855,0.1979
11856,0.1817
11857,0.1559
11858,0.1351
11859,0.1121
11860,0.091
11861,0.0654
11862,0.0465
11863,0.0504
11864,0.0613
11865,0.0704
11866,0.0778
11867,0.0845
11868,0.0918
11869,0.1039
11870,0.1124
11871,0.1115
11872,0.0991
11873,0.0893
11874,0.106
11875,0.1511
11876,0.198
11877,0.2215
11878,0.2449
11879,0.2629
11880,0.277
11881,0.2883
11882,0.2889
11883,0.2915
11884,0.3009
11885,0.2926
11886,0.3091
11887,0.3708
11888,0.4071
11889,0.4166
11890,0.4116
11891,0.4144
11892,0.4234
11893,0.4263
11894,0.416
11895,0.3945
11896,0.3574
11897,0.3005
11898,0.2736
11899,0.3039
11900,0.3171
11901,0.3062
11902,0.2881
11903,0.2696
11904,0.2453
11905,0.2196
11906,0.201
11907,0.1854
11908,0.1787
11909,0.1688
11910,0.1953
11911,0.2451
11912,0.2749
11913,0.2896
11914,0.298
11915,0.3026
11916,0.313
11917,0.3261
11918,0.3429
11919,0.3691
11920,0.3917
11921,0.379
11922,0.38
11923,0.4329
11924,0.4561
11925,0.4523
11926,0.4379
11927,0.4243
11928,0.4187
11929,0.412
11930,0.4059
11931,0.3884
11932,0.3618
11933,0.2845
11934,0.2537
11935,0.3544
11936,0.409
11937,0.4261
11938,0.4351
11939,0.4475
11940,0.4704
11941,0.4985
11942,0.5226
11943,0.538
11944,0.5284
11945,0.468
11946,0.4594
11947,0.5099
11948,0.5118
11949,0.4814
11950,0.4523
11951,0.4282
11952,0.4024
11953,0.3852
11954,0.3725
11955,0.3594
11956,0.336
11957,0.2418
11958,0.1813
11959,0.279
11960,0.3686
11961,0.409
11962,0.4317
11963,0.447
11964,0.4631
11965,0.482
11966,0.4869
11967,0.4759
11968,0.4493
11969,0.3956
11970,0.3956
11971,0.4527
11972,0.4725
11973,0.4537
11974,0.4301
11975,0.4002
11976,0.3758
11977,0.3534
11978,0.3343
11979,0.3153
11980,0.2917
11981,0.1998
11982,0.157
11983,0.2584
11984,0.3251
11985,0.329
11986,0.3151
11987,0.3016
11988,0.2949
11989,0.294
11990,0.2947
11991,0.2971
11992,0.2915
11993,0.2491
11994,0.2431
11995,0.2825
11996,0.3061
11997,0.3089
11998,0.2971
11999,0.2776
12000,0.2588
12001,0.2409
12002,0.2236
12003,0.2114
12004,0.1985
12005,0.1277
12006,0.0699
12007,0.1036
12008,0.1562
12009,0.1656
12010,0.1636
12011,0.1629
12012,0.1646
12013,0.166
12014,0.1625
12015,0.1515
12016,0.1411
12017,0.131
12018,0.1489
12019,0.1964
12020,0.2242
12021,0.2305
12022,0.2303
12023,0.2256
12024,0.2171
12025,0.2068
12026,0.1942
12027,0.1849
12028,0.1749
12029,0.1342
12030,0.1065
12031,0.1205
12032,0.1211
12033,0.1054
12034,0.0864
12035,0.0725
12036,0.0625
12037,0.0551
12038,0.0494
12039,0.0475
12040,0.0486
12041,0.0516
12042,0.0672
12043,0.0979
12044,0.1202
12045,0.1346
12046,0.1428
12047,0.1377
12048,0.134
12049,0.126
12050,0.1169
12051,0.1086
12052,0.1037
12053,0.0814
12054,0.0642
12055,0.0709
12056,0.0733
12057,0.0683
12058,0.0599
12059,0.0523
12060,0.0465
12061,0.0437
12062,0.0441
12063,0.0469
12064,0.0508
12065,0.0526
12066,0.0615
12067,0.0783
12068,0.0908
12069,0.0952
12070,0.0979
12071,0.0979
12072,0.0966
12073,0.0955
12074,0.0966
12075,0.0949
12076,0.0919
12077,0.0756
12078,0.0626
12079,0.0673
12080,0.0725
12081,0.0765
12082,0.0822
12083,0.0896
12084,0.1
12085,0.1139
12086,0.1294
12087,0.1453
12088,0.1513
12089,0.1395
12090,0.1479
12091,0.1825
12092,0.2064
12093,0.2113
12094,0.2106
12095,0.2075
12096,0.2074
12097,0.2021
12098,0.2001
12099,0.196
12100,0.1869
12101,0.1588
12102,0.1573
12103,0.1759
12104,0.1806
12105,0.1802
12106,0.1832
12107,0.1908
12108,0.2
12109,0.2073
12110,0.2098
12111,0.2062
12112,0.1972
12113,0.171
12114,0.1583
12115,0.1819
12116,0.1904
12117,0.187
12118,0.1778
12119,0.1718
12120,0.1691
12121,0.1687
12122,0.1673
12123,0.1611
12124,0.1491
12125,0.1192
12126,0.105
12127,0.1394
12128,0.1617
12129,0.178
12130,0.1855
12131,0.1869
12132,0.1849
12133,0.1826
12134,0.1804
12135,0.1806
12136,0.1763
12137,0.1532
12138,0.1542
12139,0.1694
12140,0.1606
12141,0.1449
12142,0.1297
12143,0.1152
12144,0.1019
12145,0.0907
12146,0.0813
12147,0.0723
12148,0.0655
12149,0.0512
12150,0.0338
12151,0.0413
12152,0.0507
12153,0.0503
12154,0.0471
12155,0.0455
12156,0.045
12157,0.0446
12158,0.0434
12159,0.0416
12160,0.0391
12161,0.0357
12162,0.036
12163,0.0409
12164,0.0427
12165,0.0444
12166,0.0471
12167,0.0513
12168,0.0574
12169,0.0653
12170,0.0755
12171,0.0847
12172,0.0929
12173,0.0831
12174,0.0424
12175,0.0279
12176,0.029
12177,0.0321
12178,0.0331
12179,0.0324
12180,0.0312
12181,0.0299
12182,0.0284
12183,0.0277
12184,0.0286
12185,0.0331
12186,0.0443
12187,0.0596
12188,0.0722
12189,0.0806
12190,0.0854
12191,0.088
12192,0.0903
12193,0.0886
12194,0.0855
12195,0.0825
12196,0.0822
12197,0.0641
12198,0.0461
12199,0.0505
12200,0.0521
12201,0.0521
12202,0.0563
12203,0.065
12204,0.0769
12205,0.089
12206,0.1016
12207,0.1131
12208,0.1219
12209,0.1342
12210,0.1647
12211,0.2172
12212,0.253
12213,0.2574
12214,0.2409
12215,0.2184
12216,0.1943
12217,0.1726
12218,0.1519
12219,0.1334
12220,0.1158
12221,0.0776
12222,0.0575
12223,0.0733
12224,0.0813
12225,0.09
12226,0.1004
12227,0.1175
12228,0.138
12229,0.1545
12230,0.1628
12231,0.1612
12232,0.1554
12233,0.1407
12234,0.134
12235,0.1491
12236,0.1556
12237,0.1545
12238,0.1506
12239,0.147
12240,0.1428
12241,0.1377
12242,0.1328
12243,0.1316
12244,0.1297
12245,0.1006
12246,0.1039
12247,0.1333
12248,0.1602
12249,0.1754
12250,0.1845
12251,0.1952
12252,0.2078
12253,0.2185
12254,0.2266
12255,0.2394
12256,0.2537
12257,0.2494
12258,0.2352
12259,0.2546
12260,0.2644
12261,0.2574
12262,0.2432
12263,0.2253
12264,0.2146
12265,0.1998
12266,0.1915
12267,0.1776
12268,0.1573
12269,0.1261
12270,0.1251
12271,0.1354
12272,0.1462
12273,0.15
12274,0.154
12275,0.1687
12276,0.1921
12277,0.221
12278,0.2493
12279,0.2693
12280,0.2788
12281,0.2697
12282,0.2434
12283,0.2548
12284,0.2644
12285,0.263
12286,0.2628
12287,0.264
12288,0.2679
12289,0.264
12290,0.264
12291,0.2631
12292,0.2487
12293,0.2153
12294,0.2464
12295,0.2961
12296,0.3326
12297,0.3596
12298,0.3747
12299,0.3814
12300,0.3832
12301,0.382
12302,0.374
12303,0.3543
12304,0.3236
12305,0.2715
12306,0.2242
12307,0.2365
12308,0.2498
12309,0.2412
12310,0.2206
12311,0.1993
12312,0.1769
12313,0.1558
12314,0.1354
12315,0.1162
12316,0.0964
12317,0.0763
12318,0.0798
12319,0.1005
12320,0.1236
12321,0.1409
12322,0.1565
12323,0.1702
12324,0.1808
12325,0.1883
12326,0.1942
12327,0.2021
12328,0.2084
12329,0.1953
12330,0.1708
12331,0.1761
12332,0.1907
12333,0.1991
12334,0.201
12335,0.1984
12336,0.1979
12337,0.2057
12338,0.2035
12339,0.2012
12340,0.1929
12341,0.149
12342,0.1525
12343,0.1928
12344,0.2003
12345,0.1889
12346,0.1733
12347,0.1649
12348,0.1613
12349,0.1567
12350,0.1516
12351,0.1442
12352,0.1323
12353,0.1134
12354,0.0923
12355,0.0924
12356,0.097
12357,0.0984
12358,0.0956
12359,0.0896
12360,0.0823
12361,0.0757
12362,0.0705
12363,0.064
12364,0.0558
12365,0.0335
12366,0.0223
12367,0.023
12368,0.0251
12369,0.0262
12370,0.0252
12371,0.0232
12372,0.0213
12373,0.0197
12374,0.0183
12375,0.0159
12376,0.0133
12377,0.0112
12378,0.0118
12379,0.0174
12380,0.0264
12381,0.0372
12382,0.0502
12383,0.0645
12384,0.0761
12385,0.0835
12386,0.0915
12387,0.0997
12388,0.1072
12389,0.0847
12390,0.0365
12391,0.028
12392,0.0387
12393,0.0421
12394,0.0438
12395,0.0449
12396,0.0458
12397,0.0468
12398,0.0479
12399,0.0478
12400,0.0461
12401,0.0466
12402,0.0549
12403,0.0739
12404,0.1008
12405,0.1326
12406,0.1685
12407,0.2044
12408,0.2333
12409,0.2525
12410,0.2622
12411,0.266
12412,0.2568
12413,0.1861
12414,0.1125
12415,0.1027
12416,0.1454
12417,0.1781
12418,0.2074
12419,0.2329
12420,0.251
12421,0.2657
12422,0.273
12423,0.2609
12424,0.2311
12425,0.1925
12426,0.1834
12427,0.202
12428,0.2231
12429,0.2224
12430,0.2049
12431,0.1837
12432,0.1659
12433,0.1542
12434,0.1488
12435,0.1405
12436,0.12
12437,0.0882
12438,0.0751
12439,0.0807
12440,0.1095
12441,0.1469
12442,0.1588
12443,0.1468
12444,0.1345
12445,0.1318
12446,0.134
12447,0.1287
12448,0.1116
12449,0.0828
12450,0.057
12451,0.0496
12452,0.046
12453,0.0507
12454,0.0649
12455,0.0869
12456,0.1109
12457,0.1351
12458,0.1613
12459,0.1926
12460,0.206
12461,0.1595
12462,0.1445
12463,0.1929
12464,0.2364
12465,0.2802
12466,0.3295
12467,0.3804
12468,0.4122
12469,0.4277
12470,0.4147
12471,0.3942
12472,0.3828
12473,0.3734
12474,0.3548
12475,0.3279
12476,0.2885
12477,0.2424
12478,0.2054
12479,0.1783
12480,0.1637
12481,0.1576
12482,0.1676
12483,0.1477
12484,0.1368
12485,0.1114
12486,0.0914
12487,0.0919
12488,0.0959
12489,0.1065
12490,0.1219
12491,0.1331
12492,0.1406
12493,0.1319
12494,0.1425
12495,0.1724
12496,0.2068
12497,0.2186
12498,0.2157
12499,0.2372
12500,0.2676
12501,0.2642
12502,0.2432
12503,0.2143
12504,0.1891
12505,0.1835
12506,0.1799
12507,0.1703
12508,0.152
12509,0.1229
12510,0.1165
12511,0.1037
12512,0.0858
12513,0.0733
12514,0.07
12515,0.0766
12516,0.0866
12517,0.0943
12518,0.1007
12519,0.1067
12520,0.1132
12521,0.1163
12522,0.1381
12523,0.2158
12524,0.3147
12525,0.3779
12526,0.4079
12527,0.4236
12528,0.4409
12529,0.4507
12530,0.4607
12531,0.4651
12532,0.4564
12533,0.4252
12534,0.4792
12535,0.5382
12536,0.5714
12537,0.5847
12538,0.589
12539,0.6236
12540,0.6565
12541,0.6657
12542,0.7065
12543,0.754
12544,0.7723
12545,0.7785
12546,0.7725
12547,0.7574
12548,0.7448
12549,0.7372
12550,0.734
12551,0.7256
12552,0.7114
12553,0.6927
12554,0.6728
12555,0.6465
12556,0.6061
12557,0.573
12558,0.5975
12559,0.6183
12560,0.6055
12561,0.5867
12562,0.5637
12563,0.5374
12564,0.5065
12565,0.4646
12566,0.4132
12567,0.3614
12568,0.3
12569,0.2196
12570,0.1481
12571,0.1149
12572,0.0937
12573,0.0768
12574,0.0673
12575,0.0643
12576,0.0686
12577,0.0835
12578,0.102
12579,0.1112
12580,0.1135
12581,0.0893
12582,0.0612
12583,0.0609
12584,0.0701
12585,0.0711
12586,0.0618
12587,0.0549
12588,0.048
12589,0.0432
12590,0.0362
12591,0.0313
12592,0.031
12593,0.0362
12594,0.0535
12595,0.0926
12596,0.1263
12597,0.134
12598,0.1305
12599,0.1258
12600,0.1332
12601,0.143
12602,0.1539
12603,0.1581
12604,0.1372
12605,0.105
12606,0.1095
12607,0.1321
12608,0.1505
12609,0.156
12610,0.1623
12611,0.1785
12612,0.1943
12613,0.2112
12614,0.2251
12615,0.2312
12616,0.2271
12617,0.208
12618,0.1736
12619,0.1708
12620,0.1811
12621,0.18
12622,0.1594
12623,0.1364
12624,0.1163
12625,0.0974
12626,0.0818
12627,0.0679
12628,0.0561
12629,0.0431
12630,0.0443
12631,0.0511
12632,0.0555
12633,0.0556
12634,0.0533
12635,0.0522
12636,0.0522
12637,0.0529
12638,0.0543
12639,0.0566
12640,0.059
12641,0.0571
12642,0.0543
12643,0.0652
12644,0.0776
12645,0.084
12646,0.0898
12647,0.0925
12648,0.0923
12649,0.0932
12650,0.0971
12651,0.0996
12652,0.0949
12653,0.0839
12654,0.0951
12655,0.1201
12656,0.1444
12657,0.1569
12658,0.1669
12659,0.1793
12660,0.1935
12661,0.2102
12662,0.2271
12663,0.2387
12664,0.2354
12665,0.1975
12666,0.1659
12667,0.1924
12668,0.2282
12669,0.2363
12670,0.2332
12671,0.234
12672,0.2391
12673,0.2445
12674,0.2492
12675,0.2515
12676,0.2289
12677,0.1898
12678,0.2377
12679,0.2965
12680,0.3414
12681,0.3801
12682,0.4125
12683,0.436
12684,0.451
12685,0.4488
12686,0.4153
12687,0.3464
12688,0.2641
12689,0.1902
12690,0.1491
12691,0.1486
12692,0.1528
12693,0.1521
12694,0.1494
12695,0.1435
12696,0.1371
12697,0.1387
12698,0.1541
12699,0.1527
12700,0.1476
12701,0.1117
12702,0.083
12703,0.0999
12704,0.1208
12705,0.1335
12706,0.1445
12707,0.153
12708,0.1389
12709,0.1149
12710,0.0938
12711,0.0763
12712,0.0678
12713,0.0668
12714,0.0721
12715,0.0838
12716,0.0908
12717,0.0925
12718,0.1021
12719,0.1137
12720,0.1193
12721,0.1195
12722,0.1287
12723,0.1442
12724,0.1511
12725,0.1234
12726,0.1424
12727,0.1854
12728,0.2203
12729,0.2408
12730,0.2533
12731,0.2684
12732,0.2819
12733,0.291
12734,0.2973
12735,0.301
12736,0.3012
12737,0.2762
12738,0.232
12739,0.2383
12740,0.2683
12741,0.2824
12742,0.2787
12743,0.2721
12744,0.2614
12745,0.2474
12746,0.2306
12747,0.2148
12748,0.1853
12749,0.13
12750,0.153
12751,0.1642
12752,0.1653
12753,0.1652
12754,0.1634
12755,0.1608
12756,0.1545
12757,0.1412
12758,0.1211
12759,0.0999
12760,0.0803
12761,0.0626
12762,0.0527
12763,0.0614
12764,0.0774
12765,0.0926
12766,0.1097
12767,0.1272
12768,0.1422
12769,0.1518
12770,0.1546
12771,0.1495
12772,0.1333
12773,0.073
12774,0.0323
12775,0.0497
12776,0.0475
12777,0.0405
12778,0.0347
12779,0.031
12780,0.0286
12781,0.0265
12782,0.025
12783,0.0234
12784,0.0224
12785,0.0244
12786,0.034
12787,0.0591
12788,0.0899
12789,0.1067
12790,0.117
12791,0.1211
12792,0.1222
12793,0.1214
12794,0.1184
12795,0.1198
12796,0.1197
12797,0.0924
12798,0.0622
12799,0.0552
12800,0.0604
12801,0.0641
12802,0.0722
12803,0.0818
12804,0.0892
12805,0.0965
12806,0.1061
12807,0.1152
12808,0.1157
12809,0.115
12810,0.1261
12811,0.1705
12812,0.2129
12813,0.2316
12814,0.2418
12815,0.2512
12816,0.2588
12817,0.2651
12818,0.2575
12819,0.2451
12820,0.2166
12821,0.1702
12822,0.1715
12823,0.185
12824,0.172
12825,0.191
12826,0.2379
12827,0.269
12828,0.2791
12829,0.2777
12830,0.2633
12831,0.241
12832,0.2119
12833,0.1746
12834,0.1407
12835,0.1358
12836,0.1458
12837,0.1499
12838,0.1501
12839,0.1444
12840,0.1425
12841,0.1418
12842,0.1403
12843,0.1418
12844,0.1294
12845,0.0998
12846,0.1142
12847,0.1299
12848,0.1424
12849,0.1555
12850,0.1695
12851,0.1804
12852,0.1853
12853,0.1847
12854,0.18
12855,0.1693
12856,0.1546
12857,0.1372
12858,0.1201
12859,0.128
12860,0.144
12861,0.1492
12862,0.1508
12863,0.1482
12864,0.142
12865,0.136
12866,0.1313
12867,0.1278
12868,0.119
12869,0.0758
12870,0.0749
12871,0.0803
12872,0.0771
12873,0.0691
12874,0.0568
12875,0.0487
12876,0.047
12877,0.0508
12878,0.0587
12879,0.0707
12880,0.0882
12881,0.1107
12882,0.1366
12883,0.1963
12884,0.2468
12885,0.2519
12886,0.2369
12887,0.2265
12888,0.2188
12889,0.2116
12890,0.2031
12891,0.1917
12892,0.1646
12893,0.1048
12894,0.0758
12895,0.0964
12896,0.0896
12897,0.0776
12898,0.0714
12899,0.0669
12900,0.0655
12901,0.0671
12902,0.0691
12903,0.0714
12904,0.0736
12905,0.0794
12906,0.0911
12907,0.1259
12908,0.165
12909,0.1928
12910,0.2042
12911,0.1981
12912,0.1955
12913,0.1994
12914,0.2017
12915,0.2043
12916,0.1927
12917,0.1213
12918,0.0941
12919,0.1156
12920,0.1508
12921,0.1686
12922,0.1721
12923,0.1667
12924,0.1538
12925,0.1375
12926,0.1266
12927,0.1244
12928,0.1293
12929,0.1338
12930,0.1526
12931,0.1893
12932,0.2179
12933,0.228
12934,0.2336
12935,0.2377
12936,0.2437
12937,0.2432
12938,0.2295
12939,0.2116
12940,0.1853
12941,0.1307
12942,0.1049
12943,0.1206
12944,0.1245
12945,0.1094
12946,0.0939
12947,0.0864
12948,0.0955
12949,0.1042
12950,0.1089
12951,0.1145
12952,0.1197
12953,0.1308
12954,0.1562
12955,0.1976
12956,0.2383
12957,0.2444
12958,0.2242
12959,0.2148
12960,0.2188
12961,0.2247
12962,0.2233
12963,0.2161
12964,0.1886
12965,0.1237
12966,0.0884
12967,0.115
12968,0.1498
12969,0.1641
12970,0.1649
12971,0.1579
12972,0.1449
12973,0.1279
12974,0.1129
12975,0.0984
12976,0.0854
12977,0.0768
12978,0.082
12979,0.1119
12980,0.1384
12981,0.1486
12982,0.1567
12983,0.165
12984,0.1736
12985,0.1823
12986,0.1921
12987,0.2024
12988,0.2022
12989,0.1655
12990,0.1553
12991,0.1863
12992,0.2135
12993,0.2266
12994,0.2376
12995,0.2454
12996,0.2493
12997,0.2525
12998,0.2566
12999,0.2574
13000,0.2531
13001,0.2439
13002,0.253
13003,0.2922
13004,0.3281
13005,0.3427
13006,0.3521
13007,0.3566
13008,0.3552
13009,0.3489
13010,0.3448
13011,0.3335
13012,0.3016
13013,0.2667
13014,0.2645
13015,0.2531
13016,0.2356
13017,0.2232
13018,0.2172
13019,0.2156
13020,0.2172
13021,0.2222
13022,0.2318
13023,0.2437
13024,0.2512
13025,0.2614
13026,0.3102
13027,0.3909
13028,0.4284
13029,0.4175
13030,0.4006
13031,0.3823
13032,0.3603
13033,0.3358
13034,0.3116
13035,0.2878
13036,0.2344
13037,0.1585
13038,0.1287
13039,0.1491
13040,0.1505
13041,0.1461
13042,0.1393
13043,0.1323
13044,0.1278
13045,0.1265
13046,0.1272
13047,0.1288
13048,0.1313
13049,0.1332
13050,0.1662
13051,0.2383
13052,0.2895
13053,0.3011
13054,0.2951
13055,0.2837
13056,0.2707
13057,0.2579
13058,0.245
13059,0.2361
13060,0.2071
13061,0.1194
13062,0.0574
13063,0.0504
13064,0.0767
13065,0.0871
13066,0.0897
13067,0.092
13068,0.0932
13069,0.0944
13070,0.0972
13071,0.1019
13072,0.1092
13073,0.1201
13074,0.1477
13075,0.1887
13076,0.2151
13077,0.2336
13078,0.2452
13079,0.2423
13080,0.233
13081,0.2205
13082,0.2078
13083,0.1937
13084,0.1674
13085,0.1272
13086,0.1164
13087,0.106
13088,0.092
13089,0.0858
13090,0.098
13091,0.1076
13092,0.0918
13093,0.0865
13094,0.0919
13095,0.1018
13096,0.1124
13097,0.1329
13098,0.1642
13099,0.1991
13100,0.2113
13101,0.1934
13102,0.1729
13103,0.1519
13104,0.1399
13105,0.1342
13106,0.135
13107,0.1303
13108,0.1211
13109,0.1043
13110,0.1099
13111,0.0964
13112,0.0794
13113,0.073
13114,0.078
13115,0.0908
13116,0.1058
13117,0.1165
13118,0.123
13119,0.1295
13120,0.1377
13121,0.1482
13122,0.1657
13123,0.2162
13124,0.2676
13125,0.2632
13126,0.2302
13127,0.2017
13128,0.184
13129,0.1721
13130,0.1615
13131,0.1588
13132,0.1421
13133,0.0994
13134,0.1083
13135,0.1012
13136,0.0802
13137,0.0715
13138,0.0711
13139,0.0751
13140,0.0818
13141,0.0904
13142,0.1003
13143,0.1127
13144,0.129
13145,0.1504
13146,0.1834
13147,0.2631
13148,0.3312
13149,0.3444
13150,0.3347
13151,0.3283
13152,0.3164
13153,0.306
13154,0.2966
13155,0.2876
13156,0.2517
13157,0.1894
13158,0.2152
13159,0.2363
13160,0.2273
13161,0.2126
13162,0.2027
13163,0.1966
13164,0.194
13165,0.1957
13166,0.2011
13167,0.2097
13168,0.2267
13169,0.2498
13170,0.2863
13171,0.3616
13172,0.4095
13173,0.4047
13174,0.3881
13175,0.3703
13176,0.3505
13177,0.3315
13178,0.309
13179,0.2862
13180,0.2373
13181,0.1554
13182,0.1701
13183,0.1664
13184,0.157
13185,0.1495
13186,0.1301
13187,0.1063
13188,0.0858
13189,0.0719
13190,0.0661
13191,0.0682
13192,0.0788
13193,0.0983
13194,0.1443
13195,0.2219
13196,0.27
13197,0.2666
13198,0.2421
13199,0.2116
13200,0.1824
13201,0.1585
13202,0.1416
13203,0.1288
13204,0.115
13205,0.0703
13206,0.041
13207,0.0429
13208,0.0486
13209,0.0376
13210,0.0268
13211,0.0223
13212,0.0238
13213,0.0294
13214,0.0364
13215,0.0434
13216,0.052
13217,0.0689
13218,0.1108
13219,0.1693
13220,0.1907
13221,0.1793
13222,0.1595
13223,0.1374
13224,0.1151
13225,0.0954
13226,0.0778
13227,0.0619
13228,0.0497
13229,0.0329
13230,0.0184
13231,0.0196
13232,0.0317
13233,0.0404
13234,0.0471
13235,0.0541
13236,0.065
13237,0.0811
13238,0.1004
13239,0.1192
13240,0.1362
13241,0.1466
13242,0.1628
13243,0.1949
13244,0.1997
13245,0.1756
13246,0.1502
13247,0.1267
13248,0.1059
13249,0.089
13250,0.0786
13251,0.0731
13252,0.0633
13253,0.0428
13254,0.0346
13255,0.0307
13256,0.032
13257,0.037
13258,0.0434
13259,0.0527
13260,0.0658
13261,0.0807
13262,0.0968
13263,0.1139
13264,0.1325
13265,0.154
13266,0.1837
13267,0.2217
13268,0.2403
13269,0.2284
13270,0.2113
13271,0.1912
13272,0.1725
13273,0.1605
13274,0.1501
13275,0.137
13276,0.1156
13277,0.088
13278,0.1045
13279,0.1157
13280,0.1142
13281,0.1044
13282,0.093
13283,0.0903
13284,0.0993
13285,0.1189
13286,0.1405
13287,0.1559
13288,0.1652
13289,0.1772
13290,0.204
13291,0.2864
13292,0.3446
13293,0.332
13294,0.3082
13295,0.2812
13296,0.2585
13297,0.2383
13298,0.224
13299,0.2143
13300,0.1834
13301,0.1293
13302,0.1833
13303,0.2037
13304,0.2065
13305,0.1985
13306,0.1833
13307,0.17
13308,0.1635
13309,0.1664
13310,0.1784
13311,0.1911
13312,0.2018
13313,0.2067
13314,0.201
13315,0.248
13316,0.294
13317,0.2989
13318,0.2833
13319,0.2598
13320,0.2317
13321,0.204
13322,0.1788
13323,0.1567
13324,0.1327
13325,0.0787
13326,0.0655
13327,0.0745
13328,0.071
13329,0.0656
13330,0.0611
13331,0.0596
13332,0.0599
13333,0.0592
13334,0.0573
13335,0.056
13336,0.0555
13337,0.0557
13338,0.0604
13339,0.0778
13340,0.0844
13341,0.0759
13342,0.0616
13343,0.0491
13344,0.0433
13345,0.0424
13346,0.0444
13347,0.0421
13348,0.0391
13349,0.0341
13350,0.0232
13351,0.0252
13352,0.0346
13353,0.0485
13354,0.0636
13355,0.0795
13356,0.0939
13357,0.1053
13358,0.112
13359,0.1138
13360,0.1105
13361,0.1052
13362,0.0983
13363,0.1131
13364,0.1296
13365,0.1336
13366,0.1357
13367,0.1381
13368,0.1413
13369,0.1492
13370,0.1624
13371,0.169
13372,0.1567
13373,0.117
13374,0.1227
13375,0.1471
13376,0.1655
13377,0.188
13378,0.2154
13379,0.2474
13380,0.2785
13381,0.3005
13382,0.3105
13383,0.315
13384,0.3105
13385,0.2922
13386,0.252
13387,0.2394
13388,0.2417
13389,0.2281
13390,0.2158
13391,0.2068
13392,0.1973
13393,0.1864
13394,0.1763
13395,0.1655
13396,0.1487
13397,0.097
13398,0.1111
13399,0.1146
13400,0.1125
13401,0.1104
13402,0.1137
13403,0.12
13404,0.1291
13405,0.1405
13406,0.1542
13407,0.1766
13408,0.2008
13409,0.2215
13410,0.2258
13411,0.245
13412,0.265
13413,0.2477
13414,0.2316
13415,0.2183
13416,0.2044
13417,0.1928
13418,0.1875
13419,0.188
13420,0.1704
13421,0.1469
13422,0.1768
13423,0.1833
13424,0.194
13425,0.2052
13426,0.2174
13427,0.2348
13428,0.2571
13429,0.2812
13430,0.303
13431,0.3229
13432,0.3424
13433,0.356
13434,0.3389
13435,0.3244
13436,0.3312
13437,0.3176
13438,0.3027
13439,0.2847
13440,0.2669
13441,0.2513
13442,0.2391
13443,0.2258
13444,0.1961
13445,0.1459
13446,0.1853
13447,0.1815
13448,0.1775
13449,0.1748
13450,0.1747
13451,0.1784
13452,0.185
13453,0.1926
13454,0.1994
13455,0.2023
13456,0.1981
13457,0.1883
13458,0.1782
13459,0.2181
13460,0.2534
13461,0.2424
13462,0.2187
13463,0.1933
13464,0.168
13465,0.1475
13466,0.1301
13467,0.1169
13468,0.0981
13469,0.0483
13470,0.0251
13471,0.0178
13472,0.014
13473,0.0115
13474,0.0098
13475,0.0101
13476,0.0135
13477,0.0193
13478,0.0253
13479,0.0313
13480,0.0382
13481,0.0496
13482,0.0802
13483,0.1287
13484,0.1559
13485,0.1595
13486,0.1529
13487,0.14
13488,0.1221
13489,0.1022
13490,0.0834
13491,0.0695
13492,0.0566
13493,0.031
13494,0.0123
13495,0.0128
13496,0.0181
13497,0.0238
13498,0.0305
13499,0.0382
13500,0.0468
13501,0.056
13502,0.0638
13503,0.0721
13504,0.0829
13505,0.0978
13506,0.1173
13507,0.1357
13508,0.1421
13509,0.1425
13510,0.1475
13511,0.1507
13512,0.1526
13513,0.1439
13514,0.138
13515,0.1351
13516,0.1284
13517,0.1046
13518,0.112
13519,0.1398
13520,0.1662
13521,0.1896
13522,0.2093
13523,0.2247
13524,0.2374
13525,0.2478
13526,0.254
13527,0.2535
13528,0.2421
13529,0.2162
13530,0.1777
13531,0.152
13532,0.1414
13533,0.1314
13534,0.1246
13535,0.1233
13536,0.1252
13537,0.1287
13538,0.1293
13539,0.122
13540,0.1084
13541,0.0767
13542,0.0776
13543,0.0941
13544,0.1065
13545,0.1181
13546,0.1253
13547,0.1262
13548,0.1233
13549,0.118
13550,0.1102
13551,0.102
13552,0.0876
13553,0.0695
13554,0.0562
13555,0.0544
13556,0.0646
13557,0.0859
13558,0.1194
13559,0.1687
13560,0.2205
13561,0.2588
13562,0.2745
13563,0.2717
13564,0.2466
13565,0.1713
13566,0.1605
13567,0.2335
13568,0.2926
13569,0.3353
13570,0.376
13571,0.4193
13572,0.4492
13573,0.4523
13574,0.424
13575,0.3904
13576,0.3509
13577,0.3092
13578,0.2522
13579,0.2237
13580,0.2133
13581,0.199
13582,0.1773
13583,0.1544
13584,0.1337
13585,0.1174
13586,0.1062
13587,0.095
13588,0.0795
13589,0.0462
13590,0.0359
13591,0.0391
13592,0.0509
13593,0.059
13594,0.0622
13595,0.0632
13596,0.0619
13597,0.0599
13598,0.0577
13599,0.0559
13600,0.0565
13601,0.0644
13602,0.0868
13603,0.1186
13604,0.1343
13605,0.1252
13606,0.108
13607,0.094
13608,0.0837
13609,0.0783
13610,0.076
13611,0.0749
13612,0.0719
13613,0.0483
13614,0.0211
13615,0.0214
13616,0.0249
13617,0.0251
13618,0.0217
13619,0.018
13620,0.0151
13621,0.0132
13622,0.0127
13623,0.0132
13624,0.0155
13625,0.0239
13626,0.0505
13627,0.096
13628,0.1342
13629,0.1524
13630,0.1596
13631,0.1641
13632,0.1714
13633,0.1833
13634,0.1953
13635,0.2091
13636,0.2194
13637,0.1648
13638,0.0845
13639,0.0738
13640,0.0939
13641,0.1078
13642,0.1072
13643,0.1021
13644,0.0964
13645,0.0944
13646,0.0952
13647,0.0941
13648,0.0914
13649,0.0958
13650,0.1304
13651,0.1891
13652,0.2276
13653,0.2461
13654,0.2592
13655,0.2676
13656,0.2724
13657,0.2711
13658,0.2631
13659,0.2511
13660,0.2307
13661,0.1518
13662,0.0684
13663,0.0454
13664,0.0484
13665,0.0554
13666,0.0552
13667,0.0557
13668,0.0572
13669,0.0574
13670,0.0554
13671,0.0537
13672,0.0535
13673,0.0589
13674,0.0803
13675,0.1187
13676,0.1448
13677,0.1546
13678,0.1647
13679,0.1788
13680,0.1954
13681,0.2106
13682,0.2234
13683,0.228
13684,0.2277
13685,0.1859
13686,0.1245
13687,0.1133
13688,0.1335
13689,0.1511
13690,0.1611
13691,0.1684
13692,0.1742
13693,0.1806
13694,0.1896
13695,0.2043
13696,0.2177
13697,0.2159
13698,0.2332
13699,0.2648
13700,0.2827
13701,0.2721
13702,0.2465
13703,0.2259
13704,0.2141
13705,0.2049
13706,0.2001
13707,0.1936
13708,0.1707
13709,0.1259
13710,0.1135
13711,0.132
13712,0.1315
13713,0.1185
13714,0.1011
13715,0.0956
13716,0.1029
13717,0.1092
13718,0.1121
13719,0.1137
13720,0.1243
13721,0.1466
13722,0.1663
13723,0.1744
13724,0.1784
13725,0.1681
13726,0.1463
13727,0.1275
13728,0.1201
13729,0.126
13730,0.1389
13731,0.1476
13732,0.144
13733,0.1237
13734,0.1195
13735,0.1233
13736,0.125
13737,0.1292
13738,0.1415
13739,0.1651
13740,0.1957
13741,0.229
13742,0.2608
13743,0.2933
13744,0.3167
13745,0.3189
13746,0.3071
13747,0.3041
13748,0.3056
13749,0.301
13750,0.2985
13751,0.3068
13752,0.3168
13753,0.3199
13754,0.3163
13755,0.299
13756,0.2841
13757,0.25
13758,0.2901
13759,0.3268
13760,0.3461
13761,0.3495
13762,0.3415
13763,0.3356
13764,0.3294
13765,0.3215
13766,0.3113
13767,0.2948
13768,0.2671
13769,0.2198
13770,0.1652
13771,0.1488
13772,0.1349
13773,0.1211
13774,0.1076
13775,0.093
13776,0.0807
13777,0.0739
13778,0.074
13779,0.0778
13780,0.0859
13781,0.0759
13782,0.0616
13783,0.0862
13784,0.0969
13785,0.102
13786,0.107
13787,0.1147
13788,0.1242
13789,0.1345
13790,0.1465
13791,0.1598
13792,0.172
13793,0.1828
13794,0.1971
13795,0.2311
13796,0.2702
13797,0.3156
13798,0.3544
13799,0.3718
13800,0.3769
13801,0.3747
13802,0.3656
13803,0.3588
13804,0.3492
13805,0.2981
13806,0.3783
13807,0.4557
13808,0.4888
13809,0.5115
13810,0.5261
13811,0.5394
13812,0.5474
13813,0.5474
13814,0.5407
13815,0.5271
13816,0.5036
13817,0.4567
13818,0.3868
13819,0.3399
13820,0.3281
13821,0.3196
13822,0.3122
13823,0.3044
13824,0.2951
13825,0.2796
13826,0.2663
13827,0.2562
13828,0.2412
13829,0.2078
13830,0.2461
13831,0.2709
13832,0.2707
13833,0.2621
13834,0.2504
13835,0.2414
13836,0.2331
13837,0.2238
13838,0.2119
13839,0.1972
13840,0.1777
13841,0.1464
13842,0.1137
13843,0.0987
13844,0.0858
13845,0.0789
13846,0.0773
13847,0.0804
13848,0.0864
13849,0.0896
13850,0.0893
13851,0.0851
13852,0.0789
13853,0.0563
13854,0.0347
13855,0.0398
13856,0.0355
13857,0.0291
13858,0.0219
13859,0.0198
13860,0.023
13861,0.0247
13862,0.0271
13863,0.0294
13864,0.0355
13865,0.047
13866,0.0705
13867,0.1057
13868,0.128
13869,0.1402
13870,0.1394
13871,0.1306
13872,0.1187
13873,0.1097
13874,0.1034
13875,0.0957
13876,0.0884
13877,0.065
13878,0.0459
13879,0.05
13880,0.053
13881,0.059
13882,0.0731
13883,0.0937
13884,0.1162
13885,0.1379
13886,0.1573
13887,0.171
13888,0.1814
13889,0.1863
13890,0.1924
13891,0.2349
13892,0.2454
13893,0.2302
13894,0.2069
13895,0.1851
13896,0.1649
13897,0.1451
13898,0.1287
13899,0.1165
13900,0.1074
13901,0.0765
13902,0.0578
13903,0.0511
13904,0.0433
13905,0.0353
13906,0.0293
13907,0.0255
13908,0.0232
13909,0.022
13910,0.0219
13911,0.0233
13912,0.0273
13913,0.039
13914,0.0733
13915,0.121
13916,0.1473
13917,0.1518
13918,0.1487
13919,0.1432
13920,0.134
13921,0.1236
13922,0.1141
13923,0.1072
13924,0.102
13925,0.0728
13926,0.0352
13927,0.0264
13928,0.0303
13929,0.032
13930,0.0337
13931,0.0372
13932,0.0419
13933,0.0471
13934,0.0518
13935,0.056
13936,0.0601
13937,0.0699
13938,0.0895
13939,0.0999
13940,0.0956
13941,0.0948
13942,0.1038
13943,0.1251
13944,0.123
13945,0.1204
13946,0.1219
13947,0.1243
13948,0.1247
13949,0.1055
13950,0.1066
13951,0.1375
13952,0.1677
13953,0.1871
13954,0.2013
13955,0.2129
13956,0.2215
13957,0.2245
13958,0.2204
13959,0.2151
13960,0.2061
13961,0.1854
13962,0.1642
13963,0.159
13964,0.1472
13965,0.1327
13966,0.1177
13967,0.1053
13968,0.0945
13969,0.0882
13970,0.0838
13971,0.0776
13972,0.0693
13973,0.0534
13974,0.039
13975,0.0515
13976,0.0673
13977,0.0813
13978,0.0959
13979,0.1138
13980,0.1331
13981,0.1497
13982,0.1628
13983,0.1656
13984,0.1529
13985,0.1268
13986,0.103
13987,0.0937
13988,0.0877
13989,0.0864
13990,0.0885
13991,0.0907
13992,0.0949
13993,0.1001
13994,0.1029
13995,0.0997
13996,0.0963
13997,0.0791
13998,0.0651
13999,0.079
14000,0.0992
14001,0.12
14002,0.1429
14003,0.1658
14004,0.1895
14005,0.2093
14006,0.2191
14007,0.2171
14008,0.2058
14009,0.1737
14010,0.136
14011,0.1167
14012,0.0992
14013,0.0857
14014,0.074
14015,0.0644
14016,0.0567
14017,0.052
14018,0.0537
14019,0.0585
14020,0.0668
14021,0.0659
14022,0.041
14023,0.0365
14024,0.0439
14025,0.0495
14026,0.0548
14027,0.0614
14028,0.0693
14029,0.0756
14030,0.0804
14031,0.0819
14032,0.0807
14033,0.0749
14034,0.0714
14035,0.0976
14036,0.1529
14037,0.2159
14038,0.2665
14039,0.2996
14040,0.3198
14041,0.329
14042,0.3367
14043,0.3356
14044,0.3159
14045,0.2633
14046,0.2201
14047,0.2371
14048,0.2757
14049,0.3115
14050,0.3665
14051,0.4196
14052,0.4627
14053,0.4935
14054,0.5112
14055,0.5067
14056,0.4693
14057,0.4436
14058,0.4442
14059,0.4431
14060,0.441
14061,0.4637
14062,0.4992
14063,0.5152
14064,0.5222
14065,0.5346
14066,0.5427
14067,0.5392
14068,0.5295
14069,0.4996
14070,0.5696
14071,0.6206
14072,0.6312
14073,0.6319
14074,0.6295
14075,0.6315
14076,0.6352
14077,0.6323
14078,0.6168
14079,0.5852
14080,0.5398
14081,0.4699
14082,0.3885
14083,0.3482
14084,0.3159
14085,0.3003
14086,0.2878
14087,0.2624
14088,0.2425
14089,0.2251
14090,0.2034
14091,0.1791
14092,0.1576
14093,0.1259
14094,0.0995
14095,0.124
14096,0.1371
14097,0.1422
14098,0.1611
14099,0.189
14100,0.196
14101,0.1938
14102,0.1849
14103,0.1828
14104,0.183
14105,0.1687
14106,0.1526
14107,0.1568
14108,0.1709
14109,0.1844
14110,0.1897
14111,0.1868
14112,0.1827
14113,0.1766
14114,0.1698
14115,0.1605
14116,0.1527
14117,0.1204
14118,0.0911
14119,0.1218
14120,0.1474
14121,0.1711
14122,0.1918
14123,0.2122
14124,0.2415
14125,0.2717
14126,0.2916
14127,0.2962
14128,0.2876
14129,0.2551
14130,0.2238
14131,0.2375
14132,0.2469
14133,0.2415
14134,0.2299
14135,0.2158
14136,0.2074
14137,0.1969
14138,0.1857
14139,0.1796
14140,0.1738
14141,0.1374
14142,0.1065
14143,0.142
14144,0.1721
14145,0.1895
14146,0.2021
14147,0.2097
14148,0.2177
14149,0.2227
14150,0.2182
14151,0.2088
14152,0.1949
14153,0.1671
14154,0.1451
14155,0.1448
14156,0.13
14157,0.1084
14158,0.0897
14159,0.08
14160,0.078
14161,0.0815
14162,0.0912
14163,0.104
14164,0.1199
14165,0.1197
14166,0.096
14167,0.1243
14168,0.1494
14169,0.1661
14170,0.1845
14171,0.2082
14172,0.2371
14173,0.2634
14174,0.2779
14175,0.2832
14176,0.273
14177,0.2452
14178,0.2328
14179,0.2472
14180,0.2781
14181,0.3098
14182,0.3153
14183,0.303
14184,0.2974
14185,0.2908
14186,0.2969
14187,0.2982
14188,0.3059
14189,0.2956
14190,0.3002
14191,0.36
14192,0.3971
14193,0.4138
14194,0.4302
14195,0.4495
14196,0.4673
14197,0.4765
14198,0.4754
14199,0.463
14200,0.4358
14201,0.3632
14202,0.2916
14203,0.2692
14204,0.2499
14205,0.2167
14206,0.1814
14207,0.1512
14208,0.1285
14209,0.1088
14210,0.0957
14211,0.0927
14212,0.0925
14213,0.0884
14214,0.0717
14215,0.0974
14216,0.1387
14217,0.1718
14218,0.1941
14219,0.2066
14220,0.2156
14221,0.2233
14222,0.2286
14223,0.2228
14224,0.2134
14225,0.2097
14226,0.2261
14227,0.2575
14228,0.2776
14229,0.3023
14230,0.3226
14231,0.3226
14232,0.3055
14233,0.3005
14234,0.2994
14235,0.299
14236,0.2928
14237,0.2693
14238,0.2449
14239,0.2616
14240,0.3198
14241,0.3605
14242,0.3867
14243,0.3969
14244,0.3808
14245,0.3546
14246,0.3308
14247,0.2964
14248,0.2401
14249,0.1871
14250,0.1585
14251,0.1461
14252,0.1385
14253,0.1338
14254,0.1302
14255,0.1389
14256,0.1674
14257,0.2034
14258,0.2371
14259,0.2688
14260,0.2906
14261,0.2856
14262,0.2789
14263,0.3453
14264,0.409
14265,0.4369
14266,0.4494
14267,0.4494
14268,0.4381
14269,0.4195
14270,0.3897
14271,0.3563
14272,0.3157
14273,0.2575
14274,0.2151
14275,0.2019
14276,0.1971
14277,0.1995
14278,0.2055
14279,0.2077
14280,0.2086
14281,0.2081
14282,0.1871
14283,0.1633
14284,0.154
14285,0.1374
14286,0.1001
14287,0.1451
14288,0.1719
14289,0.1896
14290,0.2013
14291,0.2082
14292,0.2024
14293,0.1891
14294,0.179
14295,0.1712
14296,0.1567
14297,0.1363
14298,0.1334
14299,0.1432
14300,0.1454
14301,0.1445
14302,0.1384
14303,0.1306
14304,0.1249
14305,0.1211
14306,0.1176
14307,0.1122
14308,0.1068
14309,0.0999
14310,0.0649
14311,0.0589
14312,0.0608
14313,0.0682
14314,0.0815
14315,0.0978
14316,0.108
14317,0.1111
14318,0.1139
14319,0.1146
14320,0.1114
14321,0.106
14322,0.1272
14323,0.1662
14324,0.1807
14325,0.1771
14326,0.169
14327,0.1576
14328,0.1446
14329,0.1329
14330,0.1278
14331,0.124
14332,0.1204
14333,0.1064
14334,0.0664
14335,0.0619
14336,0.068
14337,0.0636
14338,0.0581
14339,0.0554
14340,0.0548
14341,0.0562
14342,0.0599
14343,0.0646
14344,0.0682
14345,0.079
14346,0.1137
14347,0.1454
14348,0.1535
14349,0.1468
14350,0.1344
14351,0.1214
14352,0.111
14353,0.1041
14354,0.1005
14355,0.0985
14356,0.0965
14357,0.0878
14358,0.0479
14359,0.0387
14360,0.0635
14361,0.0622
14362,0.0566
14363,0.0524
14364,0.0506
14365,0.0512
14366,0.0535
14367,0.0565
14368,0.0615
14369,0.0795
14370,0.1276
14371,0.172
14372,0.1889
14373,0.1975
14374,0.1992
14375,0.191
14376,0.1789
14377,0.168
14378,0.1614
14379,0.1558
14380,0.1529
14381,0.1449
14382,0.0803
14383,0.053
14384,0.0857
14385,0.0947
14386,0.082
14387,0.0701
14388,0.0622
14389,0.0568
14390,0.0542
14391,0.0562
14392,0.0629
14393,0.0824
14394,0.1319
14395,0.1852
14396,0.2192
14397,0.2377
14398,0.2402
14399,0.2282
14400,0.2069
14401,0.1834
14402,0.1651
14403,0.1482
14404,0.138
14405,0.132
14406,0.0828
14407,0.0493
14408,0.056
14409,0.0607
14410,0.0582
14411,0.0515
14412,0.0438
14413,0.0377
14414,0.0331
14415,0.0312
14416,0.0315
14417,0.0399
14418,0.0619
14419,0.0867
14420,0.1035
14421,0.1051
14422,0.0958
14423,0.0854
14424,0.0753
14425,0.0659
14426,0.0571
14427,0.0491
14428,0.043
14429,0.0383
14430,0.0237
14431,0.0114
14432,0.0082
14433,0.0083
14434,0.0079
14435,0.007
14436,0.0062
14437,0.0066
14438,0.0086
14439,0.0129
14440,0.0202
14441,0.0386
14442,0.0728
14443,0.1011
14444,0.1124
14445,0.1112
14446,0.1038
14447,0.0907
14448,0.0748
14449,0.0603
14450,0.0499
14451,0.0427
14452,0.0397
14453,0.0392
14454,0.0248
14455,0.0119
14456,0.0121
14457,0.0163
14458,0.0213
14459,0.0251
14460,0.0281
14461,0.031
14462,0.0347
14463,0.0392
14464,0.0488
14465,0.0714
14466,0.1072
14467,0.1313
14468,0.1368
14469,0.1307
14470,0.1191
14471,0.1065
14472,0.0969
14473,0.0924
14474,0.0906
14475,0.0902
14476,0.0907
14477,0.0889
14478,0.0641
14479,0.0369
14480,0.0335
14481,0.0388
14482,0.0451
14483,0.0509
14484,0.0566
14485,0.0625
14486,0.067
14487,0.0675
14488,0.0717
14489,0.0798
14490,0.0919
14491,0.0994
14492,0.1058
14493,0.1177
14494,0.1299
14495,0.1345
14496,0.1258
14497,0.1091
14498,0.0958
14499,0.0856
14500,0.08
14501,0.0721
14502,0.0473
14503,0.0362
14504,0.0424
14505,0.0502
14506,0.0599
14507,0.0723
14508,0.0857
14509,0.0997
14510,0.11
14511,0.105
14512,0.0928
14513,0.0859
14514,0.0839
14515,0.0868
14516,0.0848
14517,0.0816
14518,0.0796
14519,0.0818
14520,0.0872
14521,0.0936
14522,0.0987
14523,0.0993
14524,0.0965
14525,0.0864
14526,0.0556
14527,0.0578
14528,0.0581
14529,0.0555
14530,0.0565
14531,0.0615
14532,0.0672
14533,0.0705
14534,0.0703
14535,0.0663
14536,0.0623
14537,0.0691
14538,0.1082
14539,0.1461
14540,0.1621
14541,0.1614
14542,0.1501
14543,0.132
14544,0.1146
14545,0.1002
14546,0.089
14547,0.079
14548,0.0714
14549,0.0641
14550,0.0363
14551,0.0225
14552,0.0239
14553,0.0217
14554,0.02
14555,0.0182
14556,0.0168
14557,0.0159
14558,0.0147
14559,0.0128
14560,0.0117
14561,0.026
14562,0.0775
14563,0.1294
14564,0.1569
14565,0.1609
14566,0.1587
14567,0.1589
14568,0.157
14569,0.1558
14570,0.1571
14571,0.1705
14572,0.1946
14573,0.2078
14574,0.1396
14575,0.0916
14576,0.1148
14577,0.1499
14578,0.184
14579,0.2179
14580,0.257
14581,0.3037
14582,0.3386
14583,0.3451
14584,0.3301
14585,0.3002
14586,0.2794
14587,0.2592
14588,0.247
14589,0.2269
14590,0.1955
14591,0.166
14592,0.1467
14593,0.1333
14594,0.1203
14595,0.112
14596,0.1054
14597,0.0945
14598,0.0724
14599,0.0691
14600,0.0656
14601,0.0643
14602,0.0669
14603,0.0744
14604,0.0863
14605,0.1044
14606,0.1256
14607,0.1484
14608,0.167
14609,0.1828
14610,0.2354
14611,0.284
14612,0.2962
14613,0.2842
14614,0.2664
14615,0.2482
14616,0.2277
14617,0.2082
14618,0.1852
14619,0.1616
14620,0.1415
14621,0.1206
14622,0.0824
14623,0.0964
14624,0.1034
14625,0.1016
14626,0.1
14627,0.1036
14628,0.1129
14629,0.1267
14630,0.1401
14631,0.1477
14632,0.1496
14633,0.1489
14634,0.1715
14635,0.1961
14636,0.1992
14637,0.1961
14638,0.1876
14639,0.1718
14640,0.1554
14641,0.1432
14642,0.1356
14643,0.1269
14644,0.1216
14645,0.1172
14646,0.0837
14647,0.0894
14648,0.1115
14649,0.1105
14650,0.1036
14651,0.0982
14652,0.094
14653,0.0906
14654,0.0859
14655,0.0793
14656,0.0732
14657,0.0754
14658,0.1036
14659,0.1268
14660,0.1321
14661,0.1291
14662,0.1203
14663,0.108
14664,0.0989
14665,0.0971
14666,0.1034
14667,0.1134
14668,0.1237
14669,0.1359
14670,0.1144
14671,0.1296
14672,0.1887
14673,0.2217
14674,0.2435
14675,0.2698
14676,0.301
14677,0.3343
14678,0.3638
14679,0.3847
14680,0.3943
14681,0.378
14682,0.3588
14683,0.3494
14684,0.3383
14685,0.326
14686,0.3086
14687,0.2916
14688,0.2832
14689,0.2772
14690,0.2749
14691,0.2698
14692,0.2599
14693,0.2399
14694,0.1888
14695,0.2349
14696,0.2559
14697,0.2625
14698,0.2676
14699,0.2756
14700,0.2798
14701,0.2854
14702,0.2965
14703,0.3158
14704,0.3336
14705,0.324
14706,0.3058
14707,0.2955
14708,0.2723
14709,0.2401
14710,0.2152
14711,0.1885
14712,0.1627
14713,0.1406
14714,0.1307
14715,0.1317
14716,0.1378
14717,0.138
14718,0.1083
14719,0.1118
14720,0.1315
14721,0.1442
14722,0.1568
14723,0.1745
14724,0.1965
14725,0.2216
14726,0.2457
14727,0.2577
14728,0.2435
14729,0.2104
14730,0.1997
14731,0.195
14732,0.1864
14733,0.1801
14734,0.1701
14735,0.1599
14736,0.1493
14737,0.144
14738,0.1383
14739,0.1354
14740,0.1332
14741,0.1305
14742,0.1019
14743,0.1019
14744,0.1171
14745,0.1266
14746,0.1383
14747,0.1554
14748,0.174
14749,0.1941
14750,0.2169
14751,0.2388
14752,0.2518
14753,0.2373
14754,0.2415
14755,0.2481
14756,0.2346
14757,0.2237
14758,0.2211
14759,0.2157
14760,0.2052
14761,0.1957
14762,0.1882
14763,0.1819
14764,0.1755
14765,0.1704
14766,0.1396
14767,0.1472
14768,0.1806
14769,0.1839
14770,0.1774
14771,0.1722
14772,0.1672
14773,0.1636
14774,0.1621
14775,0.1617
14776,0.1545
14777,0.138
14778,0.1478
14779,0.147
14780,0.1292
14781,0.1069
14782,0.0854
14783,0.0677
14784,0.0551
14785,0.0481
14786,0.0456
14787,0.0442
14788,0.0462
14789,0.0546
14790,0.0565
14791,0.0477
14792,0.0576
14793,0.0749
14794,0.0892
14795,0.1021
14796,0.1122
14797,0.117
14798,0.1143
14799,0.1039
14800,0.0853
14801,0.0681
14802,0.0647
14803,0.0709
14804,0.0785
14805,0.0832
14806,0.0878
14807,0.0956
14808,0.1034
14809,0.1072
14810,0.1073
14811,0.0974
14812,0.0915
14813,0.1022
14814,0.0869
14815,0.0601
14816,0.0845
14817,0.0835
14818,0.0657
14819,0.0655
14820,0.0816
14821,0.1028
14822,0.1151
14823,0.1165
14824,0.1195
14825,0.1407
14826,0.1854
14827,0.2128
14828,0.215
14829,0.198
14830,0.1747
14831,0.152
14832,0.1327
14833,0.121
14834,0.1153
14835,0.1144
14836,0.1188
14837,0.1186
14838,0.0984
14839,0.078
14840,0.1014
14841,0.1464
14842,0.177
14843,0.2028
14844,0.2217
14845,0.2321
14846,0.2349
14847,0.2317
14848,0.2084
14849,0.1948
14850,0.2157
14851,0.23
14852,0.2356
14853,0.2321
14854,0.2313
14855,0.2179
14856,0.1959
14857,0.1786
14858,0.1672
14859,0.1645
14860,0.1667
14861,0.1635
14862,0.1254
14863,0.1059
14864,0.132
14865,0.1399
14866,0.1369
14867,0.1281
14868,0.1181
14869,0.1118
14870,0.1077
14871,0.1046
14872,0.0982
14873,0.09
14874,0.1019
14875,0.1146
14876,0.1219
14877,0.1245
14878,0.1265
14879,0.1233
14880,0.1179
14881,0.1134
14882,0.1087
14883,0.1075
14884,0.1075
14885,0.1047
14886,0.0762
14887,0.0508
14888,0.0471
14889,0.0422
14890,0.0398
14891,0.0416
14892,0.0459
14893,0.0527
14894,0.0644
14895,0.0855
14896,0.117
14897,0.1689
14898,0.2563
14899,0.2844
14900,0.2722
14901,0.2604
14902,0.2562
14903,0.2523
14904,0.2493
14905,0.2403
14906,0.23
14907,0.2199
14908,0.2097
14909,0.1985
14910,0.1438
14911,0.1031
14912,0.1135
14913,0.1113
14914,0.0952
14915,0.0811
14916,0.0717
14917,0.0649
14918,0.0608
14919,0.0591
14920,0.0632
14921,0.0952
14922,0.1539
14923,0.1873
14924,0.1856
14925,0.1656
14926,0.1397
14927,0.1162
14928,0.095
14929,0.0779
14930,0.0688
14931,0.0701
14932,0.0754
14933,0.0754
14934,0.0595
14935,0.0359
14936,0.039
14937,0.0401
14938,0.0319
14939,0.0274
14940,0.0268
14941,0.0301
14942,0.0375
14943,0.0456
14944,0.0596
14945,0.1123
14946,0.1841
14947,0.2154
14948,0.2116
14949,0.1941
14950,0.1695
14951,0.1404
14952,0.1098
14953,0.086
14954,0.0721
14955,0.0656
14956,0.0653
14957,0.07
14958,0.0653
14959,0.0376
14960,0.034
14961,0.04
14962,0.0407
14963,0.0443
14964,0.0525
14965,0.066
14966,0.0847
14967,0.1067
14968,0.1297
14969,0.1779
14970,0.2352
14971,0.236
14972,0.2115
14973,0.1861
14974,0.1685
14975,0.1598
14976,0.1543
14977,0.1479
14978,0.1407
14979,0.1316
14980,0.1211
14981,0.1136
14982,0.0873
14983,0.0723
14984,0.0859
14985,0.0926
14986,0.0968
14987,0.105
14988,0.1194
14989,0.1395
14990,0.1649
14991,0.199
14992,0.2425
14993,0.2779
14994,0.3363
14995,0.3452
14996,0.3338
14997,0.3325
14998,0.329
14999,0.32
15000,0.3081
15001,0.2961
15002,0.2875
15003,0.2805
15004,0.274
15005,0.2675
15006,0.2276
15007,0.2905
15008,0.3562
15009,0.361
15010,0.3544
15011,0.3514
15012,0.3527
15013,0.3591
15014,0.371
15015,0.3861
15016,0.3889
15017,0.3773
15018,0.417
15019,0.4162
15020,0.396
15021,0.3799
15022,0.3647
15023,0.3488
15024,0.3343
15025,0.3224
15026,0.3131
15027,0.298
15028,0.2818
15029,0.2702
15030,0.2174
15031,0.235
15032,0.3567
15033,0.3895
15034,0.396
15035,0.3935
15036,0.3969
15037,0.4063
15038,0.4103
15039,0.4167
15040,0.4069
15041,0.3779
15042,0.4151
15043,0.4142
15044,0.3945
15045,0.3827
15046,0.3743
15047,0.3645
15048,0.3555
15049,0.3457
15050,0.3376
15051,0.3286
15052,0.315
15053,0.3057
15054,0.2477
15055,0.2021
15056,0.331
15057,0.4014
15058,0.3997
15059,0.3882
15060,0.375
15061,0.3635
15062,0.356
15063,0.3437
15064,0.3182
15065,0.3619
15066,0.4582
15067,0.4814
15068,0.4666
15069,0.4491
15070,0.4331
15071,0.4138
15072,0.4006
15073,0.389
15074,0.3781
15075,0.3758
15076,0.3618
15077,0.3609
15078,0.3117
15079,0.2542
15080,0.2848
15081,0.297
15082,0.3019
15083,0.3245
15084,0.3476
15085,0.3651
15086,0.3661
15087,0.3427
15088,0.3019
15089,0.3107
15090,0.3701
15091,0.4108
15092,0.4257
15093,0.4401
15094,0.437
15095,0.4186
15096,0.3952
15097,0.3703
15098,0.3499
15099,0.3273
15100,0.3151
15101,0.308
15102,0.2869
15103,0.2671
15104,0.3399
15105,0.3815
15106,0.3807
15107,0.3779
15108,0.3781
15109,0.3688
15110,0.3497
15111,0.3288
15112,0.2922
15113,0.2546
15114,0.2569
15115,0.2638
15116,0.2575
15117,0.2559
15118,0.2747
15119,0.2765
15120,0.2665
15121,0.26
15122,0.2547
15123,0.242
15124,0.2338
15125,0.2352
15126,0.2132
15127,0.1859
15128,0.2199
15129,0.2287
15130,0.2306
15131,0.2336
15132,0.2316
15133,0.2325
15134,0.2369
15135,0.2344
15136,0.2115
15137,0.2102
15138,0.2377
15139,0.264
15140,0.2831
15141,0.294
15142,0.2887
15143,0.2776
15144,0.2753
15145,0.2862
15146,0.305
15147,0.3156
15148,0.3342
15149,0.354
15150,0.3641
15151,0.3755
15152,0.3997
15153,0.4501
15154,0.4987
15155,0.5377
15156,0.5508
15157,0.54
15158,0.5061
15159,0.4626
15160,0.4148
15161,0.3939
15162,0.3915
15163,0.381
15164,0.3677
15165,0.3553
15166,0.3537
15167,0.3647
15168,0.3694
15169,0.3665
15170,0.3617
15171,0.3589
15172,0.3676
15173,0.3819
15174,0.3774
15175,0.3849
15176,0.4699
15177,0.5251
15178,0.545
15179,0.5495
15180,0.5525
15181,0.5501
15182,0.5231
15183,0.4625
15184,0.3492
15185,0.3086
15186,0.3256
15187,0.3301
15188,0.3332
15189,0.3242
15190,0.3227
15191,0.3128
15192,0.311
15193,0.3088
15194,0.3156
15195,0.3324
15196,0.3436
15197,0.3534
15198,0.3573
15199,0.3644
15200,0.4093
15201,0.4949
15202,0.5493
15203,0.5732
15204,0.5816
15205,0.5784
15206,0.5548
15207,0.502
15208,0.4451
15209,0.4253
15210,0.4032
15211,0.3916
15212,0.3917
15213,0.3792
15214,0.3672
15215,0.3621
15216,0.3587
15217,0.3438
15218,0.3323
15219,0.3259
15220,0.3231
15221,0.3191
15222,0.297
15223,0.2582
15224,0.3467
15225,0.4189
15226,0.4726
15227,0.5197
15228,0.5592
15229,0.5835
15230,0.5826
15231,0.5385
15232,0.4532
15233,0.4197
15234,0.4333
15235,0.4236
15236,0.4141
15237,0.4018
15238,0.4122
15239,0.4205
15240,0.4158
15241,0.3952
15242,0.3873
15243,0.3774
15244,0.3739
15245,0.3773
15246,0.3692
15247,0.3678
15248,0.4368
15249,0.4862
15250,0.5142
15251,0.5304
15252,0.5362
15253,0.531
15254,0.5127
15255,0.4654
15256,0.3776
15257,0.3292
15258,0.3187
15259,0.318
15260,0.32
15261,0.3265
15262,0.347
15263,0.3774
15264,0.4198
15265,0.4316
15266,0.4553
15267,0.4741
15268,0.4982
15269,0.516
15270,0.5225
15271,0.5204
15272,0.6287
15273,0.7057
15274,0.7421
15275,0.7665
15276,0.7798
15277,0.7855
15278,0.7841
15279,0.7747
15280,0.7518
15281,0.7165
15282,0.6911
15283,0.6727
15284,0.6563
15285,0.6335
15286,0.5878
15287,0.5234
15288,0.4419
15289,0.3758
15290,0.3395
15291,0.3133
15292,0.2796
15293,0.2496
15294,0.2126
15295,0.1904
15296,0.2195
15297,0.2277
15298,0.2239
15299,0.2263
15300,0.2303
15301,0.231
15302,0.2237
15303,0.2093
15304,0.1839
15305,0.2031
15306,0.2684
15307,0.323
15308,0.3669
15309,0.3925
15310,0.3906
15311,0.3889
15312,0.4162
15313,0.4413
15314,0.4405
15315,0.434
15316,0.4359
15317,0.4302
15318,0.4087
15319,0.3685
15320,0.3987
15321,0.4664
15322,0.5058
15323,0.5303
15324,0.5527
15325,0.5388
15326,0.5079
15327,0.4546
15328,0.3857
15329,0.3748
15330,0.3907
15331,0.3873
15332,0.3778
15333,0.3761
15334,0.3737
15335,0.3618
15336,0.3578
15337,0.3803
15338,0.4015
15339,0.3917
15340,0.349
15341,0.3009
15342,0.2791
15343,0.2618
15344,0.3185
15345,0.3706
15346,0.3771
15347,0.3752
15348,0.375
15349,0.3745
15350,0.3675
15351,0.3586
15352,0.3151
15353,0.2801
15354,0.2807
15355,0.26
15356,0.2318
15357,0.2027
15358,0.1726
15359,0.1416
15360,0.1126
15361,0.0903
15362,0.0774
15363,0.0712
15364,0.0701
15365,0.077
15366,0.0834
15367,0.0744
15368,0.0772
15369,0.0889
15370,0.0939
15371,0.0974
15372,0.1044
15373,0.1141
15374,0.1247
15375,0.1333
15376,0.1307
15377,0.1403
15378,0.1783
15379,0.2221
15380,0.259
15381,0.2886
15382,0.3194
15383,0.3453
15384,0.3739
15385,0.3867
15386,0.4002
15387,0.4076
15388,0.4141
15389,0.4129
15390,0.4008
15391,0.3628
15392,0.3553
15393,0.4422
15394,0.4942
15395,0.5165
15396,0.5424
15397,0.5561
15398,0.5441
15399,0.4845
15400,0.412
15401,0.3946
15402,0.3838
15403,0.3691
15404,0.3613
15405,0.346
15406,0.3309
15407,0.3059
15408,0.2679
15409,0.2426
15410,0.2284
15411,0.1965
15412,0.1778
15413,0.1664
15414,0.1451
15415,0.1104
15416,0.1104
15417,0.1185
15418,0.114
15419,0.111
15420,0.1107
15421,0.111
15422,0.1111
15423,0.1095
15424,0.0967
15425,0.0879
15426,0.0963
15427,0.1056
15428,0.1142
15429,0.1241
15430,0.1341
15431,0.1462
15432,0.1604
15433,0.1755
15434,0.1908
15435,0.2015
15436,0.2111
15437,0.2369
15438,0.2587
15439,0.259
15440,0.3018
15441,0.3833
15442,0.4569
15443,0.5119
15444,0.5489
15445,0.5628
15446,0.5529
15447,0.5137
15448,0.4657
15449,0.4509
15450,0.4597
15451,0.4342
15452,0.4092
15453,0.3983
15454,0.3765
15455,0.3393
15456,0.2947
15457,0.251
15458,0.2166
15459,0.1953
15460,0.1784
15461,0.1564
15462,0.1465
15463,0.1313
15464,0.1306
15465,0.1454
15466,0.1631
15467,0.18
15468,0.1948
15469,0.2081
15470,0.2188
15471,0.222
15472,0.2085
15473,0.2334
15474,0.2794
15475,0.3086
15476,0.3248
15477,0.3306
15478,0.3344
15479,0.3361
15480,0.341
15481,0.3275
15482,0.3327
15483,0.3361
15484,0.3325
15485,0.341
15486,0.3286
15487,0.2857
15488,0.2634
15489,0.2974
15490,0.331
15491,0.3434
15492,0.3571
15493,0.3663
15494,0.358
15495,0.3371
15496,0.3199
15497,0.3277
15498,0.3323
15499,0.3257
15500,0.3135
15501,0.3065
15502,0.3068
15503,0.3141
15504,0.3081
15505,0.3114
15506,0.3058
15507,0.2982
15508,0.3028
15509,0.316
15510,0.3322
15511,0.3298
15512,0.3701
15513,0.5007
15514,0.6029
15515,0.6533
15516,0.6754
15517,0.6908
15518,0.6756
15519,0.62
15520,0.5471
15521,0.5206
15522,0.5035
15523,0.4961
15524,0.493
15525,0.4886
15526,0.4918
15527,0.5013
15528,0.4889
15529,0.4853
15530,0.4594
15531,0.4281
15532,0.3941
15533,0.3674
15534,0.3351
15535,0.2794
15536,0.2883
15537,0.3457
15538,0.361
15539,0.3692
15540,0.3771
15541,0.3782
15542,0.3737
15543,0.3403
15544,0.2822
15545,0.2911
15546,0.3127
15547,0.3262
15548,0.3267
15549,0.3168
15550,0.3124
15551,0.3101
15552,0.3144
15553,0.324
15554,0.3266
15555,0.3282
15556,0.3302
15557,0.3284
15558,0.3326
15559,0.323
15560,0.3726
15561,0.4779
15562,0.523
15563,0.534
15564,0.5314
15565,0.5108
15566,0.4724
15567,0.4166
15568,0.3692
15569,0.3882
15570,0.4074
15571,0.4147
15572,0.4111
15573,0.4108
15574,0.4116
15575,0.4108
15576,0.4097
15577,0.4056
15578,0.396
15579,0.3826
15580,0.3691
15581,0.3583
15582,0.3398
15583,0.2763
15584,0.2489
15585,0.3094
15586,0.3659
15587,0.3896
15588,0.3818
15589,0.3682
15590,0.362
15591,0.3237
15592,0.2876
15593,0.294
15594,0.3121
15595,0.3376
15596,0.3665
15597,0.3873
15598,0.4019
15599,0.4161
15600,0.4232
15601,0.4276
15602,0.4244
15603,0.4202
15604,0.4425
15605,0.4699
15606,0.4965
15607,0.4999
15608,0.5378
15609,0.6422
15610,0.6726
15611,0.6806
15612,0.6736
15613,0.6512
15614,0.5942
15615,0.4941
15616,0.4104
15617,0.3725
15618,0.3303
15619,0.2745
15620,0.2336
15621,0.2065
15622,0.1929
15623,0.1885
15624,0.1976
15625,0.2144
15626,0.2314
15627,0.2627
15628,0.3021
15629,0.3426
15630,0.3598
15631,0.3489
15632,0.3575
15633,0.4209
15634,0.4506
15635,0.4505
15636,0.4515
15637,0.411
15638,0.3456
15639,0.3352
15640,0.3759
15641,0.4231
15642,0.4574
15643,0.4466
15644,0.3941
15645,0.3539
15646,0.3232
15647,0.2892
15648,0.2778
15649,0.25
15650,0.2274
15651,0.2295
15652,0.2381
15653,0.2351
15654,0.2479
15655,0.2667
15656,0.2972
15657,0.3288
15658,0.3697
15659,0.3914
15660,0.3966
15661,0.4089
15662,0.3987
15663,0.3558
15664,0.302
15665,0.311
15666,0.3412
15667,0.3623
15668,0.3779
15669,0.3819
15670,0.3746
15671,0.3695
15672,0.3744
15673,0.3756
15674,0.3747
15675,0.3892
15676,0.4176
15677,0.4415
15678,0.4666
15679,0.4837
15680,0.5166
15681,0.5579
15682,0.5834
15683,0.5877
15684,0.5757
15685,0.554
15686,0.5217
15687,0.4705
15688,0.4477
15689,0.4376
15690,0.4063
15691,0.3739
15692,0.3724
15693,0.3595
15694,0.3358
15695,0.3168
15696,0.3061
15697,0.2886
15698,0.2656
15699,0.2469
15700,0.2318
15701,0.22
15702,0.2071
15703,0.1866
15704,0.1758
15705,0.2007
15706,0.2472
15707,0.2935
15708,0.3199
15709,0.3239
15710,0.317
15711,0.2849
15712,0.2835
15713,0.3265
15714,0.3497
15715,0.3593
15716,0.3688
15717,0.3756
15718,0.3848
15719,0.3944
15720,0.4077
15721,0.4154
15722,0.4223
15723,0.4497
15724,0.4639
15725,0.4934
15726,0.5035
15727,0.4817
15728,0.4952
15729,0.568
15730,0.594
15731,0.5868
15732,0.568
15733,0.5368
15734,0.4922
15735,0.4191
15736,0.365
15737,0.371
15738,0.3646
15739,0.3527
15740,0.3449
15741,0.3313
15742,0.3263
15743,0.3342
15744,0.3346
15745,0.3258
15746,0.3325
15747,0.3407
15748,0.3212
15749,0.2802
15750,0.2453
15751,0.2065
15752,0.1818
15753,0.1846
15754,0.1854
15755,0.1881
15756,0.1879
15757,0.1723
15758,0.1485
15759,0.1114
15760,0.0951
15761,0.1006
15762,0.1064
15763,0.1087
15764,0.1084
15765,0.1109
15766,0.1178
15767,0.1279
15768,0.1305
15769,0.1373
15770,0.1535
15771,0.1826
15772,0.2016
15773,0.2228
15774,0.2386
15775,0.2467
15776,0.239
15777,0.2476
15778,0.2855
15779,0.3184
15780,0.3273
15781,0.3356
15782,0.3207
15783,0.2851
15784,0.2782
15785,0.3107
15786,0.3406
15787,0.3521
15788,0.3224
15789,0.2781
15790,0.2629
15791,0.2455
15792,0.2216
15793,0.2053
15794,0.2091
15795,0.2036
15796,0.2049
15797,0.2125
15798,0.2113
15799,0.1984
15800,0.1986
15801,0.214
15802,0.2076
15803,0.1891
15804,0.1758
15805,0.1639
15806,0.1313
15807,0.0957
15808,0.0939
15809,0.103
15810,0.0996
15811,0.0929
15812,0.0837
15813,0.076
15814,0.0712
15815,0.0623
15816,0.053
15817,0.0534
15818,0.0526
15819,0.047
15820,0.0428
15821,0.0475
15822,0.0483
15823,0.0442
15824,0.0366
15825,0.0349
15826,0.0437
15827,0.0595
15828,0.0782
15829,0.1047
15830,0.1357
15831,0.1561
15832,0.1875
15833,0.2423
15834,0.267
15835,0.2761
15836,0.2677
15837,0.2573
15838,0.2523
15839,0.2637
15840,0.2779
15841,0.2827
15842,0.2824
15843,0.2887
15844,0.2976
15845,0.2995
15846,0.2985
15847,0.2812
15848,0.2643
15849,0.2692
15850,0.2559
15851,0.2296
15852,0.2023
15853,0.1832
15854,0.1699
15855,0.1503
15856,0.1492
15857,0.162
15858,0.17
15859,0.1797
15860,0.1811
15861,0.1727
15862,0.155
15863,0.1692
15864,0.2224
15865,0.2554
15866,0.2515
15867,0.2514
15868,0.2565
15869,0.2708
15870,0.2836
15871,0.256
15872,0.2335
15873,0.319
15874,0.377
15875,0.411
15876,0.4277
15877,0.4302
15878,0.4065
15879,0.3346
15880,0.3036
15881,0.3069
15882,0.3021
15883,0.2891
15884,0.2805
15885,0.2832
15886,0.2924
15887,0.2875
15888,0.2727
15889,0.2653
15890,0.2697
15891,0.2664
15892,0.2635
15893,0.2675
15894,0.2752
15895,0.2515
15896,0.235
15897,0.2916
15898,0.3536
15899,0.3929
15900,0.4038
15901,0.3922
15902,0.3599
15903,0.3186
15904,0.3193
15905,0.363
15906,0.4044
15907,0.4162
15908,0.4088
15909,0.3985
15910,0.4011
15911,0.4013
15912,0.4047
15913,0.4046
15914,0.3994
15915,0.3966
15916,0.3954
15917,0.3942
15918,0.386
15919,0.3585
15920,0.3176
15921,0.3612
15922,0.4575
15923,0.5017
15924,0.5257
15925,0.5203
15926,0.4946
15927,0.4799
15928,0.498
15929,0.5161
15930,0.4993
15931,0.4748
15932,0.439
15933,0.402
15934,0.3656
15935,0.3377
15936,0.3214
15937,0.3058
15938,0.2893
15939,0.2832
15940,0.2569
15941,0.2284
15942,0.2037
15943,0.172
15944,0.1473
15945,0.1466
15946,0.1424
15947,0.1323
15948,0.1209
15949,0.1076
15950,0.097
15951,0.0937
15952,0.1034
15953,0.1272
15954,0.1472
15955,0.1567
15956,0.1582
15957,0.1597
15958,0.1584
15959,0.1594
15960,0.1657
15961,0.171
15962,0.1761
15963,0.1787
15964,0.1815
15965,0.1751
15966,0.164
15967,0.1569
15968,0.1618
15969,0.1624
15970,0.1678
15971,0.1659
15972,0.1574
15973,0.1561
15974,0.154
15975,0.1509
15976,0.1864
15977,0.2314
15978,0.2379
15979,0.2304
15980,0.222
15981,0.2125
15982,0.2037
15983,0.1976
15984,0.1955
15985,0.1931
15986,0.1938
15987,0.198
15988,0.2047
15989,0.2056
15990,0.2017
15991,0.201
15992,0.2013
15993,0.2184
15994,0.2482
15995,0.2466
15996,0.2273
15997,0.2164
15998,0.2102
15999,0.1838
16000,0.2043
16001,0.2611
16002,0.2686
16003,0.2507
16004,0.2309
16005,0.2146
16006,0.2024
16007,0.1898
16008,0.1746
16009,0.1713
16010,0.1742
16011,0.1828
16012,0.1788
16013,0.1644
16014,0.1553
16015,0.1452
16016,0.1359
16017,0.1388
16018,0.1408
16019,0.1407
16020,0.1361
16021,0.1327
16022,0.1279
16023,0.1221
16024,0.1628
16025,0.2199
16026,0.2316
16027,0.2321
16028,0.2312
16029,0.2214
16030,0.2081
16031,0.1968
16032,0.1906
16033,0.1905
16034,0.185
16035,0.1777
16036,0.1768
16037,0.1813
16038,0.1832
16039,0.1784
16040,0.1511
16041,0.1681
16042,0.1845
16043,0.1859
16044,0.1786
16045,0.1672
16046,0.1515
16047,0.1242
16048,0.1278
16049,0.1487
16050,0.1544
16051,0.155
16052,0.1525
16053,0.1545
16054,0.1625
16055,0.173
16056,0.1865
16057,0.1987
16058,0.2089
16059,0.23
16060,0.2531
16061,0.2798
16062,0.3135
16063,0.3398
16064,0.3534
16065,0.3751
16066,0.4093
16067,0.4403
16068,0.4484
16069,0.4469
16070,0.432
16071,0.4421
16072,0.47
16073,0.497
16074,0.5122
16075,0.5207
16076,0.5238
16077,0.5393
16078,0.5705
16079,0.5911
16080,0.5983
16081,0.6068
16082,0.6136
16083,0.6225
16084,0.6327
16085,0.6396
16086,0.6349
16087,0.6259
16088,0.6289
16089,0.6518
16090,0.6968
16091,0.7237
16092,0.7303
16093,0.7162
16094,0.6883
16095,0.6622
16096,0.6486
16097,0.6304
16098,0.6108
16099,0.5974
16100,0.5912
16101,0.5874
16102,0.5847
16103,0.5757
16104,0.5487
16105,0.5116
16106,0.4807
16107,0.4536
16108,0.4335
16109,0.4406
16110,0.4787
16111,0.507
16112,0.4941
16113,0.4771
16114,0.4856
16115,0.4916
16116,0.4889
16117,0.4771
16118,0.4573
16119,0.4538
16120,0.4987
16121,0.5194
16122,0.5164
16123,0.5049
16124,0.5164
16125,0.5326
16126,0.5426
16127,0.5321
16128,0.5091
16129,0.4741
16130,0.4525
16131,0.4498
16132,0.4624
16133,0.4807
16134,0.488
16135,0.4917
16136,0.5002
16137,0.551
16138,0.5968
16139,0.6381
16140,0.6387
16141,0.5992
16142,0.5399
16143,0.5286
16144,0.5478
16145,0.5575
16146,0.5394
16147,0.5175
16148,0.4935
16149,0.4725
16150,0.4508
16151,0.4237
16152,0.3848
16153,0.3448
16154,0.3118
16155,0.2848
16156,0.2692
16157,0.2572
16158,0.2418
16159,0.2199
16160,0.1838
16161,0.1751
16162,0.1818
16163,0.1812
16164,0.1849
16165,0.181
16166,0.1615
16167,0.1472
16168,0.1521
16169,0.1576
16170,0.1593
16171,0.1619
16172,0.1598
16173,0.1661
16174,0.1801
16175,0.1957
16176,0.2032
16177,0.2016
16178,0.1958
16179,0.183
16180,0.1729
16181,0.1638
16182,0.1591
16183,0.1551
16184,0.1378
16185,0.1309
16186,0.1334
16187,0.141
16188,0.1515
16189,0.158
16190,0.1517
16191,0.1395
16192,0.1552
16193,0.1727
16194,0.1792
16195,0.2046
16196,0.2449
16197,0.2736
16198,0.2982
16199,0.3249
16200,0.3547
16201,0.3766
16202,0.3968
16203,0.4203
16204,0.4409
16205,0.4376
16206,0.4437
16207,0.4398
16208,0.4396
16209,0.4626
16210,0.4937
16211,0.5049
16212,0.4939
16213,0.4611
16214,0.3976
16215,0.3304
16216,0.3183
16217,0.3277
16218,0.3126
16219,0.3009
16220,0.2863
16221,0.2572
16222,0.2297
16223,0.2061
16224,0.1859
16225,0.1753
16226,0.1718
16227,0.1689
16228,0.1627
16229,0.1564
16230,0.1496
16231,0.1364
16232,0.1219
16233,0.1175
16234,0.1152
16235,0.1153
16236,0.1096
16237,0.0991
16238,0.0929
16239,0.0875
16240,0.1061
16241,0.1291
16242,0.1412
16243,0.1448
16244,0.1441
16245,0.1436
16246,0.1415
16247,0.1371
16248,0.1324
16249,0.1288
16250,0.127
16251,0.1257
16252,0.1278
16253,0.1323
16254,0.1369
16255,0.139
16256,0.1379
16257,0.1465
16258,0.1818
16259,0.23
16260,0.2635
16261,0.274
16262,0.2597
16263,0.2346
16264,0.2594
16265,0.2917
16266,0.3046
16267,0.3195
16268,0.3365
16269,0.3278
16270,0.3202
16271,0.3285
16272,0.3308
16273,0.3247
16274,0.317
16275,0.3005
16276,0.2757
16277,0.2518
16278,0.2293
16279,0.2057
16280,0.1718
16281,0.1548
16282,0.1496
16283,0.1376
16284,0.1192
16285,0.1017
16286,0.0879
16287,0.0793
16288,0.0894
16289,0.095
16290,0.1041
16291,0.1248
16292,0.1457
16293,0.1782
16294,0.1986
16295,0.1983
16296,0.2009
16297,0.2033
16298,0.2103
16299,0.2353
16300,0.2568
16301,0.2815
16302,0.3182
16303,0.3529
16304,0.3749
16305,0.4003
16306,0.4354
16307,0.4648
16308,0.4698
16309,0.4619
16310,0.4151
16311,0.3652
16312,0.3609
16313,0.3742
16314,0.3763
16315,0.3765
16316,0.3797
16317,0.3718
16318,0.3683
16319,0.3576
16320,0.3427
16321,0.3428
16322,0.3579
16323,0.3616
16324,0.3766
16325,0.3933
16326,0.3852
16327,0.3738
16328,0.3459
16329,0.3271
16330,0.3411
16331,0.3882
16332,0.4149
16333,0.404
16334,0.3555
16335,0.3139
16336,0.3296
16337,0.3355
16338,0.3177
16339,0.3029
16340,0.2817
16341,0.252
16342,0.232
16343,0.2128
16344,0.2034
16345,0.1913
16346,0.1828
16347,0.1761
16348,0.1732
16349,0.1707
16350,0.171
16351,0.1637
16352,0.1387
16353,0.1095
16354,0.1193
16355,0.1486
16356,0.1855
16357,0.227
16358,0.2598
16359,0.2817
16360,0.325
16361,0.3487
16362,0.368
16363,0.3881
16364,0.392
16365,0.3905
16366,0.3898
16367,0.3996
16368,0.4005
16369,0.3907
16370,0.3643
16371,0.3449
16372,0.3034
16373,0.2699
16374,0.2362
16375,0.2102
16376,0.1866
16377,0.1696
16378,0.1585
16379,0.131
16380,0.1002
16381,0.0849
16382,0.0799
16383,0.0827
16384,0.1051
16385,0.1232
16386,0.1293
16387,0.1228
16388,0.1144
16389,0.1113
16390,0.1171
16391,0.1277
16392,0.1345
16393,0.1353
16394,0.1338
16395,0.1409
16396,0.1446
16397,0.1428
16398,0.1367
16399,0.1317
16400,0.1292
16401,0.14
16402,0.1669
16403,0.2008
16404,0.2213
16405,0.224
16406,0.1999
16407,0.1789
16408,0.1941
16409,0.2106
16410,0.2237
16411,0.2333
16412,0.2399
16413,0.2476
16414,0.2528
16415,0.2485
16416,0.2412
16417,0.2392
16418,0.2437
16419,0.2484
16420,0.2497
16421,0.2471
16422,0.2416
16423,0.2297
16424,0.1909
16425,0.1512
16426,0.1523
16427,0.1783
16428,0.1889
16429,0.1784
16430,0.1376
16431,0.1225
16432,0.1472
16433,0.1616
16434,0.1577
16435,0.1433
16436,0.127
16437,0.11
16438,0.0984
16439,0.0932
16440,0.0875
16441,0.0795
16442,0.0694
16443,0.0615
16444,0.0546
16445,0.0539
16446,0.0561
16447,0.0547
16448,0.051
16449,0.0445
16450,0.0436
16451,0.0487
16452,0.0576
16453,0.0679
16454,0.0746
16455,0.0921
16456,0.1261
16457,0.1524
16458,0.1644
16459,0.1643
16460,0.157
16461,0.1492
16462,0.1412
16463,0.1319
16464,0.1221
16465,0.1156
16466,0.1179
16467,0.1236
16468,0.1284
16469,0.1302
16470,0.1336
16471,0.144
16472,0.1461
16473,0.1384
16474,0.1414
16475,0.154
16476,0.1718
16477,0.1776
16478,0.1862
16479,0.2075
16480,0.2375
16481,0.2573
16482,0.2492
16483,0.2302
16484,0.2165
16485,0.1972
16486,0.182
16487,0.1723
16488,0.1558
16489,0.1341
16490,0.1133
16491,0.097
16492,0.0859
16493,0.0801
16494,0.0774
16495,0.0757
16496,0.0722
16497,0.0729
16498,0.0737
16499,0.0778
16500,0.0785
16501,0.0735
16502,0.0675
16503,0.0733
16504,0.1003
16505,0.1324
16506,0.1571
16507,0.1728
16508,0.1846
16509,0.1868
16510,0.1902
16511,0.1934
16512,0.1985
16513,0.2046
16514,0.2091
16515,0.2176
16516,0.213
16517,0.2021
16518,0.1844
16519,0.1641
16520,0.1421
16521,0.1514
16522,0.1797
16523,0.2032
16524,0.2123
16525,0.2192
16526,0.2201
16527,0.2409
16528,0.3285
16529,0.3657
16530,0.3546
16531,0.3177
16532,0.2674
16533,0.2292
16534,0.2082
16535,0.2021
16536,0.1967
16537,0.1911
16538,0.1857
16539,0.1822
16540,0.1763
16541,0.1754
16542,0.1744
16543,0.1782
16544,0.1831
16545,0.1872
16546,0.2055
16547,0.2277
16548,0.2364
16549,0.2383
16550,0.227
16551,0.2682
16552,0.3368
16553,0.3578
16554,0.3504
16555,0.3416
16556,0.3284
16557,0.3232
16558,0.331
16559,0.3412
16560,0.334
16561,0.3278
16562,0.3126
16563,0.306
16564,0.2965
16565,0.2932
16566,0.2914
16567,0.2916
16568,0.3219
16569,0.374
16570,0.4227
16571,0.4667
16572,0.5027
16573,0.526
16574,0.5482
16575,0.608
16576,0.6449
16577,0.649
16578,0.6568
16579,0.6676
16580,0.6802
16581,0.6769
16582,0.6684
16583,0.6432
16584,0.6169
16585,0.5857
16586,0.5349
16587,0.4815
16588,0.4244
16589,0.3834
16590,0.3555
16591,0.3289
16592,0.2719
16593,0.2226
16594,0.1896
16595,0.175
16596,0.1727
16597,0.1791
16598,0.194
16599,0.2143
16600,0.241
16601,0.2367
16602,0.2294
16603,0.2201
16604,0.2091
16605,0.195
16606,0.1807
16607,0.1634
16608,0.1475
16609,0.1331
16610,0.1227
16611,0.1175
16612,0.1118
16613,0.107
16614,0.1076
16615,0.1096
16616,0.1073
16617,0.0998
16618,0.1025
16619,0.1123
16620,0.1119
16621,0.111
16622,0.1104
16623,0.1203
16624,0.1527
16625,0.1809
16626,0.2054
16627,0.2259
16628,0.2317
16629,0.2336
16630,0.2301
16631,0.2245
16632,0.2275
16633,0.2326
16634,0.2368
16635,0.231
16636,0.2267
16637,0.2292
16638,0.2284
16639,0.2249
16640,0.2024
16641,0.1788
16642,0.1854
16643,0.2287
16644,0.2555
16645,0.2521
16646,0.239
16647,0.2719
16648,0.317
16649,0.3288
16650,0.3204
16651,0.3042
16652,0.2864
16653,0.274
16654,0.2623
16655,0.2616
16656,0.2663
16657,0.2666
16658,0.2816
16659,0.3002
16660,0.3186
16661,0.3374
16662,0.3656
16663,0.3971
16664,0.3935
16665,0.3932
16666,0.4279
16667,0.4665
16668,0.4536
16669,0.4263
16670,0.3981
16671,0.4092
16672,0.4243
16673,0.4099
16674,0.4153
16675,0.427
16676,0.4314
16677,0.443
16678,0.4616
16679,0.4747
16680,0.5165
16681,0.567
16682,0.6249
16683,0.6431
16684,0.6409
16685,0.6316
16686,0.6407
16687,0.6452
16688,0.6483
16689,0.6648
16690,0.6973
16691,0.7324
16692,0.7531
16693,0.7643
16694,0.7577
16695,0.7515
16696,0.7493
16697,0.7429
16698,0.7346
16699,0.7227
16700,0.7052
16701,0.6831
16702,0.6716
16703,0.6606
16704,0.6464
16705,0.6327
16706,0.6267
16707,0.6177
16708,0.6108
16709,0.6048
16710,0.6013
16711,0.594
16712,0.5721
16713,0.5508
16714,0.5813
16715,0.6263
16716,0.6293
16717,0.5871
16718,0.5224
16719,0.4868
16720,0.4563
16721,0.4224
16722,0.3835
16723,0.3539
16724,0.3279
16725,0.3025
16726,0.2844
16727,0.2651
16728,0.2477
16729,0.2343
16730,0.2249
16731,0.2191
16732,0.2122
16733,0.2095
16734,0.2077
16735,0.2044
16736,0.1804
16737,0.1485
16738,0.1516
16739,0.1638
16740,0.1533
16741,0.1399
16742,0.12
16743,0.1067
16744,0.1082
16745,0.0975
16746,0.0827
16747,0.0664
16748,0.0538
16749,0.0494
16750,0.0536
16751,0.0644
16752,0.0764
16753,0.0859
16754,0.0982
16755,0.1145
16756,0.1362
16757,0.157
16758,0.175
16759,0.1829
16760,0.1833
16761,0.1908
16762,0.2179
16763,0.2411
16764,0.2569
16765,0.2648
16766,0.26
16767,0.294
16768,0.348
16769,0.3359
16770,0.3085
16771,0.2892
16772,0.2721
16773,0.2548
16774,0.2484
16775,0.2413
16776,0.2328
16777,0.2305
16778,0.2315
16779,0.2281
16780,0.2184
16781,0.2119
16782,0.2009
16783,0.1911
16784,0.1796
16785,0.17
16786,0.1678
16787,0.1706
16788,0.1761
16789,0.1761
16790,0.1734
16791,0.1798
16792,0.2116
16793,0.2442
16794,0.2604
16795,0.2649
16796,0.2661
16797,0.2633
16798,0.25
16799,0.2418
16800,0.2416
16801,0.2459
16802,0.2455
16803,0.2332
16804,0.2202
16805,0.2123
16806,0.1999
16807,0.1917
16808,0.1823
16809,0.1641
16810,0.1745
16811,0.2005
16812,0.2131
16813,0.22
16814,0.2102
16815,0.1999
16816,0.2173
16817,0.2261
16818,0.2158
16819,0.2021
16820,0.1858
16821,0.1682
16822,0.1491
16823,0.1308
16824,0.1156
16825,0.1077
16826,0.1016
16827,0.0958
16828,0.0959
16829,0.0958
16830,0.0967
16831,0.1002
16832,0.1028
16833,0.1126
16834,0.1239
16835,0.1281
16836,0.1282
16837,0.1266
16838,0.1211
16839,0.1285
16840,0.1762
16841,0.2147
16842,0.2289
16843,0.2225
16844,0.1969
16845,0.1616
16846,0.1399
16847,0.1317
16848,0.1239
16849,0.1192
16850,0.1167
16851,0.1135
16852,0.1129
16853,0.1125
16854,0.1126
16855,0.1106
16856,0.1021
16857,0.0866
16858,0.0748
16859,0.0654
16860,0.0573
16861,0.0494
16862,0.0507
16863,0.0678
16864,0.0913
16865,0.1055
16866,0.109
16867,0.1017
16868,0.0905
16869,0.0804
16870,0.0724
16871,0.0668
16872,0.0653
16873,0.059
16874,0.0466
16875,0.0378
16876,0.0335
16877,0.0319
16878,0.032
16879,0.0328
16880,0.0335
16881,0.0301
16882,0.0293
16883,0.0332
16884,0.042
16885,0.0514
16886,0.0618
16887,0.0883
16888,0.1214
16889,0.1414
16890,0.1545
16891,0.1609
16892,0.1656
16893,0.1675
16894,0.1794
16895,0.1916
16896,0.2055
16897,0.2235
16898,0.2408
16899,0.2604
16900,0.2786
16901,0.302
16902,0.3236
16903,0.3521
16904,0.3679
16905,0.3745
16906,0.4025
16907,0.423
16908,0.4561
16909,0.4787
16910,0.5122
16911,0.5376
16912,0.5493
16913,0.5597
16914,0.5818
16915,0.5868
16916,0.5861
16917,0.5584
16918,0.5243
16919,0.4916
16920,0.4561
16921,0.4216
16922,0.3893
16923,0.3607
16924,0.3349
16925,0.321
16926,0.2968
16927,0.2753
16928,0.2357
16929,0.1871
16930,0.1527
16931,0.1486
16932,0.1599
16933,0.1709
16934,0.1853
16935,0.2318
16936,0.2847
16937,0.2968
16938,0.2954
16939,0.3052
16940,0.3205
16941,0.359
16942,0.3951
16943,0.4253
16944,0.4697
16945,0.5181
16946,0.5735
16947,0.6122
16948,0.6271
16949,0.6427
16950,0.6517
16951,0.647
16952,0.6302
16953,0.6102
16954,0.6008
16955,0.6028
16956,0.6149
16957,0.6234
16958,0.6203
16959,0.6182
16960,0.6188
16961,0.6173
16962,0.6251
16963,0.6495
16964,0.6747
16965,0.7207
16966,0.7569
16967,0.7818
16968,0.8038
16969,0.8254
16970,0.8398
16971,0.8502
16972,0.8543
16973,0.8445
16974,0.8229
16975,0.7922
16976,0.7713
16977,0.7794
16978,0.7981
16979,0.8122
16980,0.8122
16981,0.8031
16982,0.7845
16983,0.757
16984,0.7264
16985,0.6727
16986,0.6037
16987,0.5402
16988,0.4756
16989,0.4045
16990,0.3177
16991,0.2436
16992,0.1909
16993,0.1628
16994,0.1536
16995,0.1605
16996,0.1826
16997,0.2074
16998,0.2208
16999,0.2327
17000,0.2548
17001,0.276
17002,0.327
17003,0.3792
17004,0.4107
17005,0.4332
17006,0.4464
17007,0.4872
17008,0.5362
17009,0.5527
17010,0.5573
17011,0.5533
17012,0.5444
17013,0.5133
17014,0.4786
17015,0.4407
17016,0.3962
17017,0.353
17018,0.2952
17019,0.2577
17020,0.2313
17021,0.2198
17022,0.2216
17023,0.2273
17024,0.2196
17025,0.2139
17026,0.2173
17027,0.2448
17028,0.2935
17029,0.3275
17030,0.3547
17031,0.3868
17032,0.4179
17033,0.4201
17034,0.4136
17035,0.3998
17036,0.3919
17037,0.3964
17038,0.393
17039,0.3888
17040,0.3731
17041,0.3499
17042,0.3345
17043,0.3053
17044,0.2708
17045,0.2612
17046,0.2722
17047,0.2946
17048,0.3275
17049,0.368
17050,0.4232
17051,0.4831
17052,0.5313
17053,0.5632
17054,0.5858
17055,0.6269
17056,0.6599
17057,0.666
17058,0.6568
17059,0.6483
17060,0.6426
17061,0.6356
17062,0.6044
17063,0.5882
17064,0.6014
17065,0.6347
17066,0.6939
17067,0.7455
17068,0.7888
17069,0.8391
17070,0.8566
17071,0.8614
17072,0.8685
17073,0.8747
17074,0.8799
17075,0.887
17076,0.8897
17077,0.8777
17078,0.8484
17079,0.8081
17080,0.7678
17081,0.7209
17082,0.6765
17083,0.6448
17084,0.6424
17085,0.646
17086,0.6658
17087,0.6955
17088,0.7417
17089,0.7934
17090,0.8577
17091,0.8688
17092,0.8516
17093,0.817
17094,0.7824
17095,0.7515
17096,0.7173
17097,0.6768
17098,0.6682
17099,0.7054
17100,0.7028
17101,0.6584
17102,0.609
17103,0.575
17104,0.5173
17105,0.4703
17106,0.4291
17107,0.432
17108,0.4578
17109,0.4856
17110,0.5329
17111,0.587
17112,0.6541
17113,0.7082
17114,0.7486
17115,0.7245
17116,0.6659
17117,0.6039
17118,0.5415
17119,0.4726
17120,0.4192
17121,0.3667
17122,0.3431
17123,0.3876
17124,0.403
17125,0.3834
17126,0.3568
17127,0.3529
17128,0.3498
17129,0.3521
17130,0.355
17131,0.3528
17132,0.3402
17133,0.3211
17134,0.306
17135,0.3063
17136,0.3072
17137,0.3056
17138,0.2999
17139,0.2887
17140,0.2856
17141,0.285
17142,0.2887
17143,0.284
17144,0.2766
17145,0.2615
17146,0.251
17147,0.2457
17148,0.2428
17149,0.2472
17150,0.2778
17151,0.3367
17152,0.3844
17153,0.401
17154,0.4235
17155,0.4439
17156,0.4741
17157,0.492
17158,0.4987
17159,0.5166
17160,0.5328
17161,0.5345
17162,0.5275
17163,0.5299
17164,0.5383
17165,0.5268
17166,0.5251
17167,0.5499
17168,0.5334
17169,0.5029
17170,0.4863
17171,0.4908
17172,0.4807
17173,0.4449
17174,0.3893
17175,0.346
17176,0.3183
17177,0.2969
17178,0.2896
17179,0.2826
17180,0.2708
17181,0.2624
17182,0.2441
17183,0.213
17184,0.1966
17185,0.1822
17186,0.1722
17187,0.1727
17188,0.1811
17189,0.1915
17190,0.1962
17191,0.1966
17192,0.2041
17193,0.1923
17194,0.2051
17195,0.2412
17196,0.2599
17197,0.2791
17198,0.3276
17199,0.4231
17200,0.5114
17201,0.539
17202,0.5485
17203,0.5508
17204,0.5525
17205,0.5574
17206,0.5734
17207,0.5678
17208,0.5602
17209,0.5608
17210,0.5696
17211,0.57
17212,0.5718
17213,0.5897
17214,0.6029
17215,0.5857
17216,0.5652
17217,0.5663
17218,0.583
17219,0.5994
17220,0.6242
17221,0.6493
17222,0.6661
17223,0.6881
17224,0.6943
17225,0.6735
17226,0.6697
17227,0.66
17228,0.6477
17229,0.6556
17230,0.686
17231,0.7266
17232,0.7646
17233,0.783
17234,0.7841
17235,0.7689
17236,0.7662
17237,0.7652
17238,0.7448
17239,0.7136
17240,0.6696
17241,0.648
17242,0.6558
17243,0.6667
17244,0.6363
17245,0.599
17246,0.5459
17247,0.5202
17248,0.5063
17249,0.4878
17250,0.4724
17251,0.4448
17252,0.408
17253,0.3809
17254,0.3515
17255,0.328
17256,0.3167
17257,0.315
17258,0.322
17259,0.3285
17260,0.344
17261,0.3638
17262,0.3641
17263,0.3691
17264,0.365
17265,0.3555
17266,0.4015
17267,0.455
17268,0.5006
17269,0.5219
17270,0.5412
17271,0.6138
17272,0.6345
17273,0.6242
17274,0.6542
17275,0.7038
17276,0.7081
17277,0.6736
17278,0.6465
17279,0.6579
17280,0.68
17281,0.6724
17282,0.6642
17283,0.6562
17284,0.657
17285,0.6675
17286,0.6919
17287,0.7286
17288,0.7698
17289,0.7939
17290,0.8078
17291,0.8068
17292,0.7847
17293,0.7432
17294,0.7009
17295,0.6855
17296,0.6712
17297,0.6442
17298,0.61
17299,0.6147
17300,0.6299
17301,0.6336
17302,0.6661
17303,0.6918
17304,0.7217
17305,0.7204
17306,0.705
17307,0.692
17308,0.672
17309,0.6486
17310,0.6281
17311,0.6132
17312,0.5906
17313,0.558
17314,0.5484
17315,0.5689
17316,0.5683
17317,0.5235
17318,0.4424
17319,0.3975
17320,0.3843
17321,0.3742
17322,0.3537
17323,0.3471
17324,0.3525
17325,0.3673
17326,0.3695
17327,0.3525
17328,0.3612
17329,0.3884
17330,0.4337
17331,0.4924
17332,0.5199
17333,0.5346
17334,0.5785
17335,0.5912
17336,0.6043
17337,0.5985
17338,0.6134
17339,0.6378
17340,0.6604
17341,0.6626
17342,0.6429
17343,0.6433
17344,0.6474
17345,0.6378
17346,0.6213
17347,0.598
17348,0.5785
17349,0.565
17350,0.5373
17351,0.5104
17352,0.4866
17353,0.4577
17354,0.4377
17355,0.4182
17356,0.3836
17357,0.349
17358,0.3106
17359,0.2733
17360,0.222
17361,0.1708
17362,0.1618
17363,0.1443
17364,0.1188
17365,0.0957
17366,0.0733
17367,0.0717
17368,0.0803
17369,0.0908
17370,0.1012
17371,0.1104
17372,0.1193
17373,0.1313
17374,0.1492
17375,0.1701
17376,0.1924
17377,0.2057
17378,0.2062
17379,0.2002
17380,0.1941
17381,0.2021
17382,0.2218
17383,0.2501
17384,0.2811
17385,0.293
17386,0.3101
17387,0.3361
17388,0.3505
17389,0.3563
17390,0.369
17391,0.3993
17392,0.4329
17393,0.4511
17394,0.4523
17395,0.4543
17396,0.4667
17397,0.4833
17398,0.4941
17399,0.5031
17400,0.5097
17401,0.5004
17402,0.4854
17403,0.4611
17404,0.4278
17405,0.3836
17406,0.3532
17407,0.3166
17408,0.2632
17409,0.2143
17410,0.1945
17411,0.17
17412,0.1422
17413,0.1178
17414,0.0986
17415,0.0992
17416,0.111
17417,0.1127
17418,0.1078
17419,0.1033
17420,0.103
17421,0.105
17422,0.1078
17423,0.1092
17424,0.108
17425,0.1066
17426,0.1061
17427,0.108
17428,0.1112
17429,0.1194
17430,0.1313
17431,0.1435
17432,0.1392
17433,0.1104
17434,0.1033
17435,0.105
17436,0.0948
17437,0.0835
17438,0.0827
17439,0.1187
17440,0.1851
17441,0.2435
17442,0.2612
17443,0.2374
17444,0.205
17445,0.1839
17446,0.1817
17447,0.1875
17448,0.1802
17449,0.1743
17450,0.1623
17451,0.1414
17452,0.1254
17453,0.1215
17454,0.122
17455,0.1225
17456,0.1083
17457,0.0735
17458,0.0555
17459,0.0608
17460,0.0662
17461,0.0607
17462,0.0654
17463,0.0996
17464,0.1441
17465,0.1826
17466,0.2097
17467,0.2241
17468,0.2258
17469,0.2217
17470,0.2144
17471,0.2023
17472,0.1881
17473,0.179
17474,0.1734
17475,0.17
17476,0.1702
17477,0.1719
17478,0.1737
17479,0.1726
17480,0.1485
17481,0.0942
17482,0.0646
17483,0.0532
17484,0.0498
17485,0.0542
17486,0.0819
17487,0.1362
17488,0.1869
17489,0.2188
17490,0.2346
17491,0.2338
17492,0.2217
17493,0.2038
17494,0.1837
17495,0.1649
17496,0.1447
17497,0.1251
17498,0.1111
17499,0.1052
17500,0.1029
17501,0.0967
17502,0.0802
17503,0.0615
17504,0.0471
17505,0.04
17506,0.0374
17507,0.0387
17508,0.0413
17509,0.0422
17510,0.0533
17511,0.0784
17512,0.1118
17513,0.1484
17514,0.1762
17515,0.1818
17516,0.1691
17517,0.1445
17518,0.1198
17519,0.1089
