0,0.1069
1,0.1138
2,0.1039
3,0.0916
4,0.0703
5,0.0498
6,0.0425
7,0.0503
8,0.0588
9,0.0503
10,0.0588
11,0.1145
12,0.1266
13,0.1447
14,0.1643
15,0.2142
16,0.2867
17,0.313
18,0.3306
19,0.3334
20,0.3197
21,0.3238
22,0.317
23,0.2638
24,0.2021
25,0.175
26,0.2221
27,0.2971
28,0.4041
29,0.5178
30,0.6182
31,0.6932
32,0.6619
33,0.4361
34,0.5222
35,0.5649
36,0.5236
37,0.4961
38,0.4946
39,0.5236
40,0.6076
41,0.6222
42,0.6129
43,0.6049
44,0.583
45,0.5579
46,0.5494
47,0.5408
48,0.5236
49,0.4698
50,0.3584
51,0.2997
52,0.3279
53,0.2764
54,0.2777
55,0.3252
56,0.3768
57,0.3472
58,0.2932
59,0.2614
60,0.357
61,0.4654
62,0.5294
63,0.5663
64,0.6222
65,0.6392
66,0.6366
67,0.634
68,0.6262
69,0.6519
70,0.6607
71,0.6379
72,0.5677
73,0.4654
74,0.3444
75,0.332
76,0.3998
77,0.3955
78,0.3157
79,0.2419
80,0.2919
81,0.3184
82,0.2455
83,0.2198
84,0.2626
85,0.3117
86,0.332
87,0.3103
88,0.3711
89,0.4303
90,0.4551
91,0.4288
92,0.3811
93,0.3472
94,0.3361
95,0.313
96,0.2626
97,0.1925
98,0.1493
99,0.1177
100,0.1107
101,0.1084
102,0.1054
103,0.093
104,0.0746
105,0.0498
106,0.0599
107,0.0765
108,0.0835
109,0.1084
110,0.1403
111,0.1862
112,0.2313
113,0.2256
114,0.2153
115,0.2165
116,0.2372
117,0.2713
118,0.309
119,0.3444
120,0.3472
121,0.3197
122,0.2564
123,0.1585
124,0.0809
125,0.0493
126,0.0448
127,0.0468
128,0.0468
129,0.0189
130,0.0086
131,0.0406
132,0.0644
133,0.0616
134,0.0392
135,0.0193
136,0.0174
137,0.0303
138,0.0463
139,0.061
140,0.098
141,0.1633
142,0.2198
143,0.2455
144,0.2663
145,0.2841
146,0.2945
147,0.309
148,0.3063
149,0.2932
150,0.2893
151,0.2945
152,0.2503
153,0.1614
154,0.0862
155,0.0727
156,0.0803
157,0.0771
158,0.0809
159,0.1193
160,0.1883
161,0.2713
162,0.3252
163,0.3598
164,0.3811
165,0.3969
166,0.4975
167,0.5565
168,0.512
169,0.5164
170,0.5579
171,0.5995
172,0.6209
173,0.6532
174,0.6802
175,0.6967
176,0.6644
177,0.6327
178,0.5479
179,0.4274
180,0.364
181,0.3711
182,0.3458
183,0.3669
184,0.439
185,0.499
186,0.5437
187,0.5733
188,0.5365
189,0.4815
190,0.3969
191,0.3711
192,0.343
193,0.3347
194,0.357
195,0.3697
196,0.3556
197,0.3265
198,0.2919
199,0.3143
200,0.364
201,0.3528
202,0.3252
203,0.555
204,0.6035
205,0.6468
206,0.6481
207,0.6169
208,0.6532
209,0.6754
210,0.6802
211,0.6456
212,0.6156
213,0.6049
214,0.5761
215,0.5308
216,0.5135
217,0.4786
218,0.4449
219,0.4186
220,0.3897
221,0.3458
222,0.3117
223,0.3157
224,0.2688
225,0.2233
226,0.2131
227,0.2726
228,0.2577
229,0.2491
230,0.2408
231,0.2419
232,0.309
233,0.374
234,0.4464
235,0.4902
236,0.5004
237,0.4873
238,0.4449
239,0.3797
240,0.317
241,0.2676
242,0.2279
243,0.2187
244,0.2221
245,0.2142
246,0.1978
247,0.1894
248,0.212
249,0.2
250,0.1539
251,0.1652
252,0.1925
253,0.2043
254,0.1801
255,0.1801
256,0.221
257,0.2503
258,0.2431
259,0.236
260,0.2431
261,0.2663
262,0.2919
263,0.2971
264,0.2313
265,0.174
266,0.1474
267,0.1394
268,0.13
269,0.1107
270,0.1325
271,0.2043
272,0.2651
273,0.229
274,0.2165
275,0.2997
276,0.4405
277,0.5607
278,0.48
279,0.5149
280,0.6196
281,0.7417
282,0.6979
283,0.6718
284,0.673
285,0.6209
286,0.6076
287,0.5913
288,0.5872
289,0.5816
290,0.5677
291,0.5522
292,0.5635
293,0.5607
294,0.5593
295,0.5479
296,0.5494
297,0.5954
298,0.6456
299,0.7354
300,0.8156
301,0.8172
302,0.7975
303,0.8257
304,0.8367
305,0.8331
306,0.8076
307,0.7843
308,0.7236
309,0.6544
310,0.6062
311,0.6506
312,0.7385
313,0.7312
314,0.7437
315,0.7093
316,0.6594
317,0.6417
318,0.6076
319,0.5691
320,0.48
321,0.3279
322,0.3279
323,0.3375
324,0.2601
325,0.2076
326,0.1852
327,0.1731
328,0.1914
329,0.1978
330,0.176
331,0.1342
332,0.091
333,0.0644
334,0.0473
335,0.0268
336,0.0103
337,0.0016
338,0.0001
339,0.0
340,0.0001
341,0.0
342,0.0
343,0.0002
344,0.0027
345,0.008
346,0.0115
347,0.0171
348,0.0222
349,0.0236
350,0.0219
351,0.0265
352,0.0295
353,0.0361
354,0.0518
355,0.074
356,0.1031
357,0.1483
358,0.2054
359,0.2503
360,0.2713
361,0.279
362,0.301
363,0.3211
364,0.35
365,0.4027
366,0.4522
367,0.4508
368,0.423
369,0.3955
370,0.4114
371,0.4742
372,0.5308
373,0.5677
374,0.6301
375,0.6681
376,0.7182
377,0.7478
378,0.7637
379,0.728
380,0.6956
381,0.6353
382,0.4844
383,0.5981
384,0.7618
385,0.855
386,0.8211
387,0.8249
388,0.7941
389,0.7627
390,0.7236
391,0.7059
392,0.6681
393,0.461
394,0.4274
395,0.6102
396,0.685
397,0.6301
398,0.4859
399,0.3797
400,0.4975
401,0.5981
402,0.6049
403,0.5294
404,0.4172
405,0.3306
406,0.2601
407,0.2267
408,0.2528
409,0.2764
410,0.2676
411,0.3063
412,0.3361
413,0.3556
414,0.3626
415,0.3612
416,0.3265
417,0.2479
418,0.2153
419,0.2815
420,0.332
421,0.3868
422,0.4201
423,0.4859
424,0.6262
425,0.6607
426,0.679
427,0.6693
428,0.7236
429,0.7627
430,0.7478
431,0.6909
432,0.5789
433,0.4478
434,0.3782
435,0.3655
436,0.3444
437,0.3224
438,0.3403
439,0.4056
440,0.5091
441,0.4085
442,0.2932
443,0.357
444,0.3711
445,0.3197
446,0.2479
447,0.2905
448,0.3584
449,0.3556
450,0.301
451,0.2443
452,0.2
453,0.1502
454,0.1076
455,0.0987
456,0.1084
457,0.1283
458,0.1548
459,0.1811
460,0.1894
461,0.1831
462,0.1662
463,0.1447
464,0.1334
465,0.1217
466,0.1557
467,0.317
468,0.4508
469,0.5294
470,0.5621
471,0.5308
472,0.5691
473,0.5789
474,0.5465
475,0.5236
476,0.5149
477,0.5149
478,0.5077
479,0.4449
480,0.4041
481,0.3584
482,0.288
483,0.2313
484,0.1936
485,0.175
486,0.1548
487,0.1193
488,0.0923
489,0.065
490,0.0758
491,0.1076
492,0.0855
493,0.0616
494,0.0468
495,0.0534
496,0.0633
497,0.0503
498,0.0539
499,0.1161
500,0.2626
501,0.4478
502,0.5885
503,0.6979
504,0.7618
505,0.8294
506,0.8674
507,0.8531
508,0.7825
509,0.6314
510,0.5178
511,0.5178
512,0.5004
513,0.4303
514,0.461
515,0.5337
516,0.5365
517,0.6169
518,0.5479
519,0.5135
520,0.5719
521,0.5761
522,0.5565
523,0.5337
524,0.5522
525,0.5926
526,0.6049
527,0.5789
528,0.5607
529,0.5294
530,0.538
531,0.5178
532,0.5019
533,0.4274
534,0.4566
535,0.4595
536,0.4902
537,0.5422
538,0.6076
539,0.7364
540,0.8051
541,0.8234
542,0.8188
543,0.7932
544,0.7666
545,0.6909
546,0.5899
547,0.5149
548,0.442
549,0.3697
550,0.301
551,0.221
552,0.1681
553,0.113
554,0.0715
555,0.0299
556,0.0113
557,0.0065
558,0.0034
559,0.0006
560,0.0004
561,0.0011
562,0.0041
563,0.001
564,0.0196
565,0.0411
566,0.0638
567,0.1046
568,0.1821
569,0.2384
570,0.2491
571,0.2651
572,0.2945
573,0.3063
574,0.3514
575,0.3754
576,0.3854
577,0.3983
578,0.4056
579,0.3458
580,0.2854
581,0.2726
582,0.2651
583,0.2854
584,0.288
585,0.2528
586,0.1831
587,0.176
588,0.2054
589,0.2165
590,0.2054
591,0.301
592,0.4464
593,0.4961
594,0.5193
595,0.5351
596,0.5422
597,0.5048
598,0.4376
599,0.3998
600,0.3725
601,0.3782
602,0.3754
603,0.364
604,0.3868
605,0.4332
606,0.5351
607,0.6262
608,0.6262
609,0.6366
610,0.6644
611,0.7104
612,0.7269
613,0.7816
614,0.8148
615,0.8524
616,0.8853
617,0.9133
618,0.9393
619,0.966
620,0.9797
621,0.9835
622,0.9764
623,0.9752
624,0.9793
625,0.9859
626,0.9899
627,0.9907
628,0.9889
629,0.9899
630,0.9869
631,0.9884
632,0.9882
633,0.9847
634,0.9889
635,0.9904
636,0.9861
637,0.977
638,0.9723
639,0.9697
640,0.9612
641,0.9426
642,0.9125
643,0.881
644,0.8423
645,0.7549
646,0.6693
647,0.5872
648,0.3811
649,0.1801
650,0.0508
651,0.0703
652,0.2713
653,0.394
654,0.3725
655,0.3768
656,0.3458
657,0.332
658,0.3754
659,0.4639
660,0.4654
661,0.4434
662,0.3683
663,0.2713
664,0.3077
665,0.3293
666,0.35
667,0.3797
668,0.3626
669,0.3306
670,0.2726
671,0.221
672,0.1936
673,0.2021
674,0.1465
675,0.1069
676,0.1225
677,0.1967
678,0.254
679,0.423
680,0.5663
681,0.6838
682,0.8257
683,0.9154
684,0.9355
685,0.8949
686,0.9138
687,0.9708
688,0.9278
689,0.9178
690,0.9622
691,0.9819
692,0.9899
693,0.9907
694,0.9855
695,0.9748
696,0.9562
697,0.9258
698,0.868
699,0.7519
700,0.6862
701,0.6944
702,0.699
703,0.6619
704,0.6116
705,0.583
706,0.525
707,0.5279
708,0.5926
709,0.5649
710,0.4756
711,0.4683
712,0.4917
713,0.3655
714,0.174
715,0.0444
716,0.0002
717,0.0006
718,0.0239
719,0.0673
720,0.125
721,0.2043
722,0.2528
723,0.236
724,0.2701
725,0.3711
726,0.5308
727,0.5522
728,0.6209
729,0.7447
730,0.7627
731,0.7798
732,0.7742
733,0.7193
734,0.902
735,0.9707
736,0.9125
737,0.7825
738,0.7236
739,0.7025
740,0.6754
741,0.7149
742,0.7478
743,0.7478
744,0.7539
745,0.8017
746,0.7751
747,0.7375
748,0.6862
749,0.6275
750,0.5761
751,0.5885
752,0.594
753,0.4888
754,0.4332
755,0.439
756,0.499
757,0.4259
758,0.3103
759,0.2503
760,0.2313
761,0.1801
762,0.0673
763,0.0215
764,0.079
765,0.4114
766,0.634
767,0.6909
768,0.7559
769,0.8457
770,0.9182
771,0.9393
772,0.9358
773,0.915
774,0.8977
775,0.8625
776,0.7879
777,0.7897
778,0.8868
779,0.8858
780,0.8777
781,0.8749
782,0.8686
783,0.8517
784,0.8234
785,0.7488
786,0.6656
787,0.6932
788,0.7047
789,0.6921
790,0.685
791,0.728
792,0.7549
793,0.7789
794,0.7627
795,0.7447
796,0.7215
797,0.6766
798,0.6102
799,0.5106
800,0.2815
801,0.0691
802,0.091
803,0.0835
804,0.0923
805,0.079
806,0.0425
807,0.0319
808,0.0588
809,0.0896
810,0.0842
811,0.0875
812,0.1883
813,0.3768
814,0.6049
815,0.7468
816,0.7427
817,0.6979
818,0.7104
819,0.7598
820,0.8026
821,0.8331
822,0.8766
823,0.8878
824,0.8821
825,0.881
826,0.8847
827,0.8743
828,0.9051
829,0.9221
830,0.8868
831,0.8451
832,0.7396
833,0.3669
834,0.1122
835,0.0829
836,0.093
837,0.1009
838,0.1039
839,0.113
840,0.1114
841,0.1474
842,0.1681
843,0.1925
844,0.1873
845,0.174
846,0.1585
847,0.1511
848,0.1242
849,0.093
850,0.0796
851,0.0571
852,0.0478
853,0.0478
854,0.0561
855,0.0842
856,0.152
857,0.229
858,0.3252
859,0.4581
860,0.5437
861,0.5816
862,0.5899
863,0.6089
864,0.6582
865,0.6754
866,0.6644
867,0.6456
868,0.6301
869,0.6443
870,0.6532
871,0.6582
872,0.679
873,0.6967
874,0.6248
875,0.5858
876,0.728
877,0.7215
878,0.685
879,0.7081
880,0.7126
881,0.7807
882,0.8309
883,0.8338
884,0.8563
885,0.8904
886,0.9117
887,0.8904
888,0.8444
889,0.7333
890,0.716
891,0.7714
892,0.7447
893,0.7258
894,0.538
895,0.407
896,0.4041
897,0.4114
898,0.7396
899,0.8388
900,0.8692
901,0.8805
902,0.8674
903,0.8272
904,0.7966
905,0.7182
906,0.7025
907,0.7025
908,0.7193
909,0.7427
910,0.7437
911,0.8009
912,0.8219
913,0.8632
914,0.8662
915,0.8484
916,0.814
917,0.8287
918,0.8444
919,0.8619
920,0.8692
921,0.8837
922,0.9675
923,0.9882
924,0.9908
925,0.9909
926,0.9909
927,0.9909
928,0.9906
929,0.986
930,0.9796
931,0.9863
932,0.9889
933,0.9772
934,0.9697
935,0.9749
936,0.9672
937,0.9555
938,0.9378
939,0.9349
940,0.9142
941,0.8899
942,0.8656
943,0.8338
944,0.7312
945,0.6366
946,0.8294
947,0.8569
948,0.8569
949,0.8451
950,0.7825
951,0.6967
952,0.6921
953,0.7879
954,0.9438
955,0.978
956,0.9909
957,0.9885
958,0.9842
959,0.9869
960,0.988
961,0.9901
962,0.9895
963,0.9908
964,0.981
965,0.9432
966,0.9178
967,0.953
968,0.9852
969,0.9828
970,0.9811
971,0.989
972,0.9889
973,0.9877
974,0.9907
975,0.9756
976,0.9255
977,0.8338
978,0.6885
979,0.6956
980,0.7468
981,0.7427
982,0.7322
983,0.7182
984,0.7247
985,0.7364
986,0.7406
987,0.7498
988,0.7733
989,0.7779
990,0.7676
991,0.7478
992,0.5803
993,0.6076
994,0.6885
995,0.6766
996,0.5816
997,0.4873
998,0.3868
999,0.2713
1000,0.236
1001,0.2054
1002,0.1681
1003,0.1291
1004,0.0959
1005,0.0966
1006,0.1291
1007,0.1652
1008,0.1852
1009,0.1925
1010,0.2054
1011,0.2372
1012,0.2651
1013,0.2777
1014,0.279
1015,0.2552
1016,0.1153
1017,0.0488
1018,0.0349
1019,0.0122
1020,0.0065
1021,0.0076
1022,0.0108
1023,0.0115
1024,0.0094
1025,0.0054
1026,0.0046
1027,0.0101
1028,0.0379
1029,0.1153
1030,0.2552
1031,0.3983
1032,0.4786
1033,0.5164
1034,0.5164
1035,0.5033
1036,0.4975
1037,0.5106
1038,0.5365
1039,0.5308
1040,0.2932
1041,0.1567
1042,0.3542
1043,0.3306
1044,0.2337
1045,0.1873
1046,0.1873
1047,0.2165
1048,0.3238
1049,0.4771
1050,0.594
1051,0.6557
1052,0.6778
1053,0.6778
1054,0.6519
1055,0.6142
1056,0.5816
1057,0.5565
1058,0.5508
1059,0.5522
1060,0.5775
1061,0.5775
1062,0.538
1063,0.4844
1064,0.3542
1065,0.3197
1066,0.2676
1067,0.2348
1068,0.2455
1069,0.2384
1070,0.2491
1071,0.2626
1072,0.3725
1073,0.5607
1074,0.6874
1075,0.7301
1076,0.7333
1077,0.728
1078,0.7215
1079,0.7137
1080,0.707
1081,0.7002
1082,0.6838
1083,0.6742
1084,0.6754
1085,0.6754
1086,0.6718
1087,0.6076
1088,0.3389
1089,0.1771
1090,0.1811
1091,0.1643
1092,0.1266
1093,0.1161
1094,0.1061
1095,0.1209
1096,0.1681
1097,0.2098
1098,0.2419
1099,0.2479
1100,0.2384
1101,0.2372
1102,0.2408
1103,0.2325
1104,0.2131
1105,0.1862
1106,0.1623
1107,0.1576
1108,0.1989
1109,0.2337
1110,0.2419
1111,0.2419
1112,0.1781
1113,0.1291
1114,0.1529
1115,0.1576
1116,0.1681
1117,0.1821
1118,0.2267
1119,0.2867
1120,0.423
1121,0.6235
1122,0.7396
1123,0.7637
1124,0.7637
1125,0.7789
1126,0.7906
1127,0.7897
1128,0.7861
1129,0.7843
1130,0.7897
1131,0.7789
1132,0.7733
1133,0.7427
1134,0.6557
1135,0.5747
1136,0.48
1137,0.4172
1138,0.4274
1139,0.3926
1140,0.3389
1141,0.2997
1142,0.2638
1143,0.2431
1144,0.3197
1145,0.4274
1146,0.4756
1147,0.4859
1148,0.4844
1149,0.5135
1150,0.5536
1151,0.5885
1152,0.5981
1153,0.5761
1154,0.5494
1155,0.4259
1156,0.3403
1157,0.2516
1158,0.2043
1159,0.2198
1160,0.2431
1161,0.2267
1162,0.1821
1163,0.125
1164,0.0995
1165,0.1325
1166,0.1801
1167,0.1925
1168,0.1852
1169,0.2076
1170,0.2267
1171,0.2065
1172,0.1403
1173,0.1076
1174,0.113
1175,0.1266
1176,0.1225
1177,0.0944
1178,0.0588
1179,0.0332
1180,0.0165
1181,0.0058
1182,0.0106
1183,0.0299
1184,0.0388
1185,0.0349
1186,0.0388
1187,0.055
1188,0.0566
1189,0.0545
1190,0.0493
1191,0.0444
1192,0.0524
1193,0.0593
1194,0.0534
1195,0.0392
1196,0.018
1197,0.002
1198,0.0012
1199,0.0189
1200,0.074
1201,0.1493
1202,0.201
1203,0.1946
1204,0.1585
1205,0.1368
1206,0.1377
1207,0.1529
1208,0.1351
1209,0.1275
1210,0.1529
1211,0.1643
1212,0.1771
1213,0.1771
1214,0.1711
1215,0.1529
1216,0.1403
1217,0.1412
1218,0.1233
1219,0.093
1220,0.0644
1221,0.0434
1222,0.0295
1223,0.0319
1224,0.0444
1225,0.0571
1226,0.0555
1227,0.042
1228,0.0276
1229,0.0254
1230,0.0513
1231,0.0855
1232,0.0849
1233,0.0758
1234,0.0588
1235,0.0448
1236,0.0344
1237,0.0171
1238,0.0084
1239,0.0024
1240,0.0106
1241,0.0822
1242,0.2267
1243,0.3598
1244,0.4317
1245,0.4712
1246,0.5019
1247,0.4844
1248,0.442
1249,0.3626
1250,0.3063
1251,0.317
1252,0.3252
1253,0.288
1254,0.2688
1255,0.3077
1256,0.2802
1257,0.1946
1258,0.1539
1259,0.254
1260,0.2726
1261,0.2279
1262,0.1862
1263,0.1831
1264,0.317
1265,0.538
1266,0.7322
1267,0.814
1268,0.8242
1269,0.8026
1270,0.7637
1271,0.7182
1272,0.6826
1273,0.6544
1274,0.6209
1275,0.5677
1276,0.5062
1277,0.461
1278,0.4186
1279,0.317
1280,0.1957
1281,0.1474
1282,0.152
1283,0.1177
1284,0.0765
1285,0.0656
1286,0.0803
1287,0.1002
1288,0.1483
1289,0.2313
1290,0.3403
1291,0.4201
1292,0.4274
1293,0.3911
1294,0.3825
1295,0.4041
1296,0.4288
1297,0.439
1298,0.4085
1299,0.3797
1300,0.3897
1301,0.423
1302,0.4537
1303,0.3883
1304,0.1821
1305,0.1177
1306,0.1643
1307,0.1614
1308,0.1801
1309,0.1946
1310,0.2302
1311,0.2528
1312,0.3184
1313,0.4186
1314,0.4566
1315,0.4332
1316,0.3711
1317,0.3293
1318,0.3598
1319,0.4347
1320,0.5033
1321,0.5294
1322,0.5106
1323,0.4844
1324,0.4742
1325,0.48
1326,0.4786
1327,0.3514
1328,0.254
1329,0.2467
1330,0.2751
1331,0.2713
1332,0.2577
1333,0.2221
1334,0.2131
1335,0.2054
1336,0.2614
1337,0.4128
1338,0.5677
1339,0.6468
1340,0.6544
1341,0.6262
1342,0.5967
1343,0.5872
1344,0.5733
1345,0.5351
1346,0.4946
1347,0.4683
1348,0.439
1349,0.3883
1350,0.3252
1351,0.2198
1352,0.1412
1353,0.1046
1354,0.0959
1355,0.1076
1356,0.1283
1357,0.1266
1358,0.1122
1359,0.1039
1360,0.1209
1361,0.1529
1362,0.2176
1363,0.2945
1364,0.384
1365,0.4756
1366,0.5465
1367,0.5775
1368,0.583
1369,0.5733
1370,0.5621
1371,0.5565
1372,0.5663
1373,0.5803
1374,0.5954
1375,0.5899
1376,0.3754
1377,0.1852
1378,0.1242
1379,0.1421
1380,0.254
1381,0.2601
1382,0.2419
1383,0.2198
1384,0.2713
1385,0.4056
1386,0.5019
1387,0.5663
1388,0.7036
1389,0.7958
1390,0.7751
1391,0.7193
1392,0.6921
1393,0.6874
1394,0.7427
1395,0.7714
1396,0.7888
1397,0.8043
1398,0.8017
1399,0.7723
1400,0.7807
1401,0.8944
1402,0.9154
1403,0.9104
1404,0.9006
1405,0.9069
1406,0.9186
1407,0.9082
1408,0.843
1409,0.7906
1410,0.7637
1411,0.7258
1412,0.6862
1413,0.673
1414,0.6468
1415,0.6607
1416,0.6766
1417,0.6619
1418,0.6156
1419,0.6196
1420,0.6142
1421,0.6089
1422,0.5635
1423,0.4654
1424,0.3598
1425,0.2828
1426,0.221
1427,0.1873
1428,0.176
1429,0.1585
1430,0.1576
1431,0.2098
1432,0.2688
1433,0.3584
1434,0.4157
1435,0.4756
1436,0.5635
1437,0.6569
1438,0.7488
1439,0.8219
1440,0.7992
1441,0.8444
1442,0.8766
1443,0.8644
1444,0.8242
1445,0.7861
1446,0.7047
1447,0.5579
1448,0.4888
1449,0.5761
1450,0.5899
1451,0.6379
1452,0.6909
1453,0.7301
1454,0.7941
1455,0.8001
1456,0.7354
1457,0.7695
1458,0.8226
1459,0.8324
1460,0.8517
1461,0.8338
1462,0.8353
1463,0.8556
1464,0.8963
1465,0.9154
1466,0.948
1467,0.9458
1468,0.9426
1469,0.9315
1470,0.9065
1471,0.902
1472,0.9015
1473,0.9525
1474,0.9866
1475,0.9895
1476,0.9901
1477,0.9903
1478,0.9899
1479,0.9908
1480,0.9908
1481,0.9908
1482,0.9896
1483,0.9733
1484,0.9682
1485,0.969
1486,0.9733
1487,0.9908
1488,0.9834
1489,0.9771
1490,0.936
1491,0.8753
1492,0.7311
1493,0.6154
1494,0.7222
1495,0.9188
1496,0.9909
1497,0.9802
1498,0.9603
1499,0.9682
1500,0.9733
1501,0.9697
1502,0.9483
1503,0.9247
1504,0.8601
1505,0.8001
1506,0.7733
1507,0.7825
1508,0.8353
1509,0.8092
1510,0.814
1511,0.8517
1512,0.8353
1513,0.8409
1514,0.8715
1515,0.8498
1516,0.8524
1517,0.8287
1518,0.8051
1519,0.7508
1520,0.7093
1521,0.8444
1522,0.8703
1523,0.8491
1524,0.8588
1525,0.8588
1526,0.8607
1527,0.8543
1528,0.7789
1529,0.7949
1530,0.8257
1531,0.8316
1532,0.8353
1533,0.8772
1534,0.9707
1535,0.9811
1536,0.9698
1537,0.9258
1538,0.8464
1539,0.8338
1540,0.8619
1541,0.8662
1542,0.8732
1543,0.8697
1544,0.8619
1545,0.8582
1546,0.8894
1547,0.8929
1548,0.8464
1549,0.7343
1550,0.6262
1551,0.6288
1552,0.6049
1553,0.6956
1554,0.685
1555,0.6314
1556,0.6443
1557,0.699
1558,0.707
1559,0.7723
1560,0.7966
1561,0.8367
1562,0.7807
1563,0.7789
1564,0.7825
1565,0.7984
1566,0.8009
1567,0.7468
1568,0.7447
1569,0.8853
1570,0.9251
1571,0.928
1572,0.9117
1573,0.8837
1574,0.8531
1575,0.7888
1576,0.7013
1577,0.673
1578,0.6022
1579,0.6049
1580,0.5981
1581,0.5899
1582,0.5981
1583,0.5981
1584,0.5719
1585,0.4859
1586,0.4405
1587,0.3655
1588,0.2479
1589,0.1978
1590,0.2479
1591,0.2221
1592,0.1831
1593,0.2443
1594,0.3486
1595,0.5308
1596,0.6826
1597,0.7733
1598,0.7723
1599,0.7301
1600,0.7598
1601,0.8556
1602,0.9108
1603,0.953
1604,0.954
1605,0.9396
1606,0.9318
1607,0.881
1608,0.8316
1609,0.7036
1610,0.555
1611,0.5494
1612,0.6222
1613,0.6248
1614,0.5761
1615,0.5337
1616,0.5872
1617,0.6897
1618,0.7488
1619,0.7468
1620,0.7608
1621,0.7861
1622,0.6944
1623,0.6129
1624,0.4742
1625,0.5279
1626,0.6235
1627,0.7816
1628,0.9133
1629,0.9225
1630,0.9424
1631,0.9596
1632,0.9754
1633,0.985
1634,0.9866
1635,0.9892
1636,0.989
1637,0.9889
1638,0.9876
1639,0.9746
1640,0.9658
1641,0.9691
1642,0.9656
1643,0.9587
1644,0.9472
1645,0.9213
1646,0.8899
1647,0.8613
1648,0.8017
1649,0.7036
1650,0.7047
1651,0.7354
1652,0.7588
1653,0.7751
1654,0.7723
1655,0.777
1656,0.7685
1657,0.7685
1658,0.7618
1659,0.7666
1660,0.7549
1661,0.7204
1662,0.6802
1663,0.5033
1664,0.538
1665,0.6262
1666,0.4654
1667,0.3293
1668,0.3063
1669,0.3224
1670,0.3279
1671,0.3197
1672,0.288
1673,0.2919
1674,0.2984
1675,0.305
1676,0.4303
1677,0.6089
1678,0.7047
1679,0.7137
1680,0.7047
1681,0.7364
1682,0.7519
1683,0.7539
1684,0.7657
1685,0.7852
1686,0.7888
1687,0.7789
1688,0.8601
1689,0.9469
1690,0.9693
1691,0.9793
1692,0.9898
1693,0.9908
1694,0.9909
1695,0.9618
1696,0.9198
1697,0.8863
1698,0.8794
1699,0.8543
1700,0.8287
1701,0.8721
1702,0.8668
1703,0.8257
1704,0.8367
1705,0.7992
1706,0.8017
1707,0.8043
1708,0.8242
1709,0.8491
1710,0.8242
1711,0.7126
1712,0.7861
1713,0.9074
1714,0.9312
1715,0.9371
1716,0.9374
1717,0.9455
1718,0.9441
1719,0.9405
1720,0.8924
1721,0.8524
1722,0.8478
1723,0.8367
1724,0.8026
1725,0.7468
1726,0.7578
1727,0.7406
1728,0.7193
1729,0.7417
1730,0.7789
1731,0.8034
1732,0.8188
1733,0.8324
1734,0.8563
1735,0.9355
1736,0.9614
1737,0.9868
1738,0.9897
1739,0.99
1740,0.9897
1741,0.9886
1742,0.986
1743,0.9776
1744,0.9654
1745,0.9535
1746,0.9405
1747,0.9332
1748,0.9287
1749,0.9329
1750,0.9269
1751,0.9229
1752,0.9129
1753,0.8973
1754,0.8805
1755,0.8638
1756,0.8632
1757,0.865
1758,0.8656
1759,0.8632
1760,0.8668
1761,0.9033
1762,0.9244
1763,0.9258
1764,0.9339
1765,0.9315
1766,0.9221
1767,0.9056
1768,0.8709
1769,0.7627
1770,0.7478
1771,0.7549
1772,0.7427
1773,0.707
1774,0.716
1775,0.7333
1776,0.7417
1777,0.7478
1778,0.7508
1779,0.7396
1780,0.7225
1781,0.7468
1782,0.7508
1783,0.6909
1784,0.8619
1785,0.902
1786,0.9166
1787,0.9236
1788,0.9244
1789,0.928
1790,0.9318
1791,0.9315
1792,0.9221
1793,0.8894
1794,0.9087
1795,0.906
1796,0.9178
1797,0.9429
1798,0.9525
1799,0.9612
1800,0.952
1801,0.9305
1802,0.876
1803,0.7932
1804,0.7923
1805,0.8059
1806,0.7704
1807,0.7458
1808,0.814
1809,0.8715
1810,0.8963
1811,0.9138
1812,0.9221
1813,0.9371
1814,0.9578
1815,0.9499
1816,0.8992
1817,0.818
1818,0.7204
1819,0.7137
1820,0.7002
1821,0.6814
1822,0.685
1823,0.7036
1824,0.7025
1825,0.6932
1826,0.6766
1827,0.6182
1828,0.4844
1829,0.4332
1830,0.374
1831,0.2302
1832,0.212
1833,0.2958
1834,0.309
1835,0.3697
1836,0.4566
1837,0.5106
1838,0.5322
1839,0.5479
1840,0.48
1841,0.4434
1842,0.4434
1843,0.3911
1844,0.2971
1845,0.229
1846,0.1711
1847,0.1308
1848,0.1177
1849,0.1076
1850,0.0829
1851,0.0616
1852,0.0383
1853,0.0225
1854,0.0097
1855,0.0021
1856,0.0014
1857,0.0026
1858,0.004
1859,0.0033
1860,0.0033
1861,0.0063
1862,0.014
1863,0.0239
1864,0.0379
1865,0.0875
1866,0.1502
1867,0.1862
1868,0.1862
1869,0.1643
1870,0.1377
1871,0.1069
1872,0.0758
1873,0.0604
1874,0.0498
1875,0.0336
1876,0.0183
1877,0.007
1878,0.0002
1879,0.0001
1880,0.0002
1881,0.0001
1882,0.0
1883,0.0
1884,0.0001
1885,0.0034
1886,0.0127
1887,0.0225
1888,0.0222
1889,0.0261
1890,0.0328
1891,0.0415
1892,0.0468
1893,0.0627
1894,0.0903
1895,0.13
1896,0.1904
1897,0.2552
1898,0.309
1899,0.3556
1900,0.3754
1901,0.3711
1902,0.343
1903,0.1936
1904,0.1539
1905,0.1842
1906,0.174
1907,0.1681
1908,0.1691
1909,0.1721
1910,0.1873
1911,0.2176
1912,0.2396
1913,0.305
1914,0.4347
1915,0.5178
1916,0.5508
1917,0.555
1918,0.5365
1919,0.5135
1920,0.5004
1921,0.4771
1922,0.3584
1923,0.2638
1924,0.301
1925,0.35
1926,0.2503
1927,0.1024
1928,0.0311
1929,0.0049
1930,0.0
1931,0.0001
1932,0.0011
1933,0.0053
1934,0.0117
1935,0.0174
1936,0.0287
1937,0.0582
1938,0.1177
1939,0.1936
1940,0.2663
1941,0.236
1942,0.1438
1943,0.0777
1944,0.0406
1945,0.028
1946,0.0402
1947,0.0733
1948,0.1076
1949,0.1394
1950,0.1701
1951,0.1283
1952,0.0571
1953,0.0616
1954,0.0697
1955,0.0588
1956,0.0448
1957,0.0332
1958,0.0261
1959,0.0299
1960,0.0545
1961,0.1325
1962,0.3197
1963,0.5408
1964,0.6705
1965,0.6802
1966,0.6301
1967,0.583
1968,0.5479
1969,0.4917
1970,0.3556
1971,0.2528
1972,0.2244
1973,0.2337
1974,0.2076
1975,0.1585
1976,0.143
1977,0.1711
1978,0.174
1979,0.2325
1980,0.3037
1981,0.3584
1982,0.4215
1983,0.4902
1984,0.525
1985,0.555
1986,0.6632
1987,0.7215
1988,0.7036
1989,0.685
1990,0.6481
1991,0.5761
1992,0.4566
1993,0.3969
1994,0.2945
1995,0.2313
1996,0.2516
1997,0.364
1998,0.4376
1999,0.4143
2000,0.5479
2001,0.6022
2002,0.5408
2003,0.5178
2004,0.5479
2005,0.5885
2006,0.6222
2007,0.6718
2008,0.6944
2009,0.6885
2010,0.7779
2011,0.7966
2012,0.7751
2013,0.7519
2014,0.7312
2015,0.6754
2016,0.6656
2017,0.6353
2018,0.6062
2019,0.5747
2020,0.5236
2021,0.4566
2022,0.3224
2023,0.2065
2024,0.4172
2025,0.439
2026,0.4012
2027,0.394
2028,0.407
2029,0.4099
2030,0.4215
2031,0.4464
2032,0.4434
2033,0.4786
2034,0.6089
2035,0.7047
2036,0.7301
2037,0.7204
2038,0.6956
2039,0.6669
2040,0.6301
2041,0.5789
2042,0.5465
2043,0.5294
2044,0.5279
2045,0.4844
2046,0.3683
2047,0.2713
2048,0.2751
2049,0.3725
2050,0.4259
2051,0.4595
2052,0.4902
2053,0.5164
2054,0.5322
2055,0.5265
2056,0.4712
2057,0.4215
2058,0.4771
2059,0.5536
2060,0.6196
2061,0.6532
2062,0.6456
2063,0.6248
2064,0.594
2065,0.5337
2066,0.4303
2067,0.3375
2068,0.2919
2069,0.2751
2070,0.2577
2071,0.2626
2072,0.2802
2073,0.3754
2074,0.3897
2075,0.4245
2076,0.4581
2077,0.499
2078,0.525
2079,0.5294
2080,0.4932
2081,0.4712
2082,0.5508
2083,0.6142
2084,0.6456
2085,0.6544
2086,0.643
2087,0.6156
2088,0.594
2089,0.5351
2090,0.439
2091,0.3998
2092,0.3983
2093,0.3655
2094,0.332
2095,0.2932
2096,0.2419
2097,0.1883
2098,0.1731
2099,0.2131
2100,0.229
2101,0.2176
2102,0.1957
2103,0.1791
2104,0.1576
2105,0.1633
2106,0.176
2107,0.1842
2108,0.1873
2109,0.1904
2110,0.1946
2111,0.221
2112,0.3655
2113,0.5294
2114,0.5981
2115,0.5885
2116,0.5437
2117,0.525
2118,0.4771
2119,0.2384
2120,0.1614
2121,0.2244
2122,0.2443
2123,0.3117
2124,0.3711
2125,0.407
2126,0.4128
2127,0.4041
2128,0.3334
2129,0.2419
2130,0.1585
2131,0.0771
2132,0.0411
2133,0.0411
2134,0.0733
2135,0.13
2136,0.1914
2137,0.2348
2138,0.2626
2139,0.2828
2140,0.3238
2141,0.35
2142,0.3514
2143,0.1691
2144,0.0916
2145,0.1054
2146,0.1061
2147,0.098
2148,0.0829
2149,0.0746
2150,0.0758
2151,0.1024
2152,0.1474
2153,0.2256
2154,0.3897
2155,0.5844
2156,0.7182
2157,0.7559
2158,0.7343
2159,0.6921
2160,0.6594
2161,0.6288
2162,0.5663
2163,0.4464
2164,0.3711
2165,0.4085
2166,0.3655
2167,0.332
2168,0.3279
2169,0.3037
2170,0.2503
2171,0.2
2172,0.1502
2173,0.1002
2174,0.061
2175,0.0328
2176,0.0154
2177,0.0041
2178,0.0122
2179,0.0697
2180,0.1781
2181,0.2854
2182,0.3224
2183,0.2663
2184,0.2076
2185,0.2267
2186,0.3417
2187,0.48
2188,0.6008
2189,0.6582
2190,0.6102
2191,0.6076
2192,0.634
2193,0.6262
2194,0.679
2195,0.777
2196,0.836
2197,0.8531
2198,0.8537
2199,0.855
2200,0.8511
2201,0.8076
2202,0.7193
2203,0.6778
2204,0.679
2205,0.6826
2206,0.6632
2207,0.5872
2208,0.5308
2209,0.4669
2210,0.4464
2211,0.4347
2212,0.4114
2213,0.3983
2214,0.3669
2215,0.2751
2216,0.2443
2217,0.2503
2218,0.2802
2219,0.317
2220,0.343
2221,0.3361
2222,0.3486
2223,0.3403
2224,0.3143
2225,0.2443
2226,0.2256
2227,0.2552
2228,0.2854
2229,0.2958
2230,0.2841
2231,0.2701
2232,0.2503
2233,0.2256
2234,0.1883
2235,0.1585
2236,0.1791
2237,0.2802
2238,0.4186
2239,0.4186
2240,0.4932
2241,0.5579
2242,0.6248
2243,0.6718
2244,0.699
2245,0.7385
2246,0.7723
2247,0.7975
2248,0.7676
2249,0.7559
2250,0.7695
2251,0.7529
2252,0.7733
2253,0.7914
2254,0.8092
2255,0.7906
2256,0.7437
2257,0.6944
2258,0.6778
2259,0.6532
2260,0.6129
2261,0.5926
2262,0.6481
2263,0.6656
2264,0.6932
2265,0.7519
2266,0.7966
2267,0.8067
2268,0.7789
2269,0.7013
2270,0.5522
2271,0.3683
2272,0.2233
2273,0.0966
2274,0.0488
2275,0.0875
2276,0.1342
2277,0.1623
2278,0.1873
2279,0.1936
2280,0.1821
2281,0.1604
2282,0.1421
2283,0.1161
2284,0.0621
2285,0.0796
2286,0.1412
2287,0.174
2288,0.175
2289,0.1852
2290,0.2589
2291,0.3211
2292,0.3612
2293,0.3868
2294,0.3444
2295,0.3143
2296,0.2589
2297,0.2764
2298,0.4434
2299,0.5422
2300,0.5106
2301,0.4844
2302,0.5193
2303,0.6262
2304,0.7182
2305,0.7549
2306,0.7375
2307,0.7354
2308,0.7126
2309,0.6519
2310,0.5733
2311,0.4654
2312,0.5365
2313,0.6062
2314,0.6582
2315,0.7036
2316,0.7182
2317,0.707
2318,0.6766
2319,0.6275
2320,0.5465
2321,0.384
2322,0.2467
2323,0.1107
2324,0.0539
2325,0.0644
2326,0.1217
2327,0.2325
2328,0.3584
2329,0.4698
2330,0.538
2331,0.5593
2332,0.5522
2333,0.512
2334,0.384
2335,0.2503
2336,0.1957
2337,0.3037
2338,0.3252
2339,0.3655
2340,0.4099
2341,0.4114
2342,0.3375
2343,0.2267
2344,0.1548
2345,0.1691
2346,0.2021
2347,0.1925
2348,0.1731
2349,0.1672
2350,0.152
2351,0.1122
2352,0.0593
2353,0.025
2354,0.0059
2355,0.001
2356,0.0074
2357,0.0239
2358,0.0388
2359,0.0353
2360,0.028
2361,0.0265
2362,0.0186
2363,0.0033
2364,0.0001
2365,0.0025
2366,0.0151
2367,0.0439
2368,0.0784
2369,0.1242
2370,0.2165
2371,0.3279
2372,0.407
2373,0.4245
2374,0.423
2375,0.4143
2376,0.3797
2377,0.3077
2378,0.2279
2379,0.1831
2380,0.1701
2381,0.1791
2382,0.2279
2383,0.317
2384,0.3157
2385,0.2688
2386,0.2021
2387,0.1978
2388,0.2187
2389,0.254
2390,0.2971
2391,0.357
2392,0.4172
2393,0.4274
2394,0.4727
2395,0.5164
2396,0.4946
2397,0.5091
2398,0.5033
2399,0.4829
2400,0.4347
2401,0.3854
2402,0.364
2403,0.3347
2404,0.3444
2405,0.364
2406,0.3063
2407,0.3157
2408,0.317
2409,0.3754
2410,0.3238
2411,0.2638
2412,0.2408
2413,0.2516
2414,0.2854
2415,0.3334
2416,0.3811
2417,0.4332
2418,0.6089
2419,0.7322
2420,0.7488
2421,0.716
2422,0.6681
2423,0.5789
2424,0.5077
2425,0.4727
2426,0.4099
2427,0.3626
2428,0.4157
2429,0.4493
2430,0.2905
2431,0.1557
2432,0.1831
2433,0.0973
2434,0.0656
2435,0.0503
2436,0.0383
2437,0.0291
2438,0.0243
2439,0.0272
2440,0.0375
2441,0.0571
2442,0.0849
2443,0.1403
2444,0.2589
2445,0.4376
2446,0.5508
2447,0.5663
2448,0.5437
2449,0.5135
2450,0.5091
2451,0.5265
2452,0.5494
2453,0.5522
2454,0.3926
2455,0.2676
2456,0.5294
2457,0.461
2458,0.3472
2459,0.2337
2460,0.174
2461,0.1539
2462,0.1483
2463,0.1811
2464,0.2626
2465,0.3347
2466,0.4669
2467,0.5995
2468,0.6404
2469,0.6275
2470,0.594
2471,0.5691
2472,0.5365
2473,0.5178
2474,0.4859
2475,0.4114
2476,0.3854
2477,0.3754
2478,0.2971
2479,0.2233
2480,0.2867
2481,0.3458
2482,0.357
2483,0.3883
2484,0.3711
2485,0.3279
2486,0.2919
2487,0.2614
2488,0.3103
2489,0.3768
2490,0.5789
2491,0.7406
2492,0.787
2493,0.7559
2494,0.7013
2495,0.6506
2496,0.6582
2497,0.6754
2498,0.7685
2499,0.8302
2500,0.8034
2501,0.7047
2502,0.6481
2503,0.6944
2504,0.855
2505,0.8894
2506,0.9033
2507,0.8996
2508,0.8884
2509,0.8668
2510,0.8009
2511,0.6967
2512,0.461
2513,0.2455
2514,0.2
2515,0.1652
2516,0.1421
2517,0.1883
2518,0.2443
2519,0.3612
2520,0.4566
2521,0.5222
2522,0.5621
2523,0.6116
2524,0.6182
2525,0.5789
2526,0.4114
2527,0.3514
2528,0.3184
2529,0.2713
2530,0.2676
2531,0.2971
2532,0.3669
2533,0.4215
2534,0.407
2535,0.3265
2536,0.2279
2537,0.175
2538,0.1821
2539,0.1201
2540,0.0287
2541,0.0154
2542,0.0434
2543,0.1567
2544,0.3063
2545,0.4829
2546,0.6182
2547,0.6468
2548,0.6456
2549,0.6582
2550,0.5719
2551,0.4551
2552,0.5265
2553,0.7733
2554,0.8124
2555,0.8156
2556,0.8017
2557,0.7714
2558,0.7333
2559,0.6778
2560,0.6456
2561,0.6619
2562,0.7258
2563,0.7897
2564,0.7834
2565,0.7549
2566,0.707
2567,0.6569
2568,0.6404
2569,0.5926
2570,0.6301
2571,0.6262
2572,0.6022
2573,0.6169
2574,0.4815
2575,0.3542
2576,0.3347
2577,0.3103
2578,0.2984
2579,0.2802
2580,0.2601
2581,0.236
2582,0.201
2583,0.1529
2584,0.1145
2585,0.0796
2586,0.0621
2587,0.079
2588,0.1024
2589,0.1031
2590,0.1031
2591,0.1275
2592,0.1604
2593,0.1883
2594,0.201
2595,0.2098
2596,0.2087
2597,0.2198
2598,0.2443
2599,0.1585
2600,0.1107
2601,0.1438
2602,0.1233
2603,0.1107
2604,0.098
2605,0.0777
2606,0.0513
2607,0.0332
2608,0.0332
2609,0.0439
2610,0.0882
2611,0.2396
2612,0.4771
2613,0.6182
2614,0.6506
2615,0.634
2616,0.5899
2617,0.555
2618,0.5294
2619,0.5091
2620,0.4917
2621,0.4654
2622,0.35
2623,0.2828
2624,0.3403
2625,0.4143
2626,0.4712
2627,0.5062
2628,0.525
2629,0.5437
2630,0.5663
2631,0.5479
2632,0.442
2633,0.3655
2634,0.3306
2635,0.3854
2636,0.5649
2637,0.7059
2638,0.7364
2639,0.707
2640,0.6644
2641,0.6169
2642,0.583
2643,0.5607
2644,0.538
2645,0.4829
2646,0.2997
2647,0.174
2648,0.1283
2649,0.1114
2650,0.1161
2651,0.0882
2652,0.0529
2653,0.0402
2654,0.0353
2655,0.0299
2656,0.0232
2657,0.0344
2658,0.1217
2659,0.2233
2660,0.2688
2661,0.1946
2662,0.0959
2663,0.0715
2664,0.093
2665,0.1107
2666,0.1091
2667,0.0869
2668,0.0593
2669,0.0415
2670,0.0439
2671,0.0498
2672,0.1145
2673,0.2751
2674,0.5135
2675,0.7312
2676,0.8172
2677,0.8092
2678,0.7779
2679,0.7834
2680,0.6838
2681,0.6506
2682,0.6456
2683,0.643
2684,0.6607
2685,0.7322
2686,0.7714
2687,0.7508
2688,0.6456
2689,0.6235
2690,0.6506
2691,0.6862
2692,0.728
2693,0.707
2694,0.5494
2695,0.3556
2696,0.4259
2697,0.4595
2698,0.4742
2699,0.4669
2700,0.4595
2701,0.4215
2702,0.3669
2703,0.2841
2704,0.1821
2705,0.1145
2706,0.1009
2707,0.1266
2708,0.1595
2709,0.1576
2710,0.2467
2711,0.5899
2712,0.8249
2713,0.7923
2714,0.5294
2715,0.3528
2716,0.4056
2717,0.4625
2718,0.4128
2719,0.4274
2720,0.5816
2721,0.6656
2722,0.6921
2723,0.7637
2724,0.8188
2725,0.8619
2726,0.919
2727,0.9458
2728,0.9412
2729,0.9166
2730,0.917
2731,0.9298
2732,0.9387
2733,0.9467
2734,0.9146
2735,0.8294
2736,0.7657
2737,0.7301
2738,0.7137
2739,0.7002
2740,0.7036
2741,0.7468
2742,0.6594
2743,0.6443
2744,0.8156
2745,0.8715
2746,0.8914
2747,0.9006
2748,0.9078
2749,0.9047
2750,0.8815
2751,0.8491
2752,0.8017
2753,0.7225
2754,0.6838
2755,0.6404
2756,0.5995
2757,0.48
2758,0.442
2759,0.4099
2760,0.343
2761,0.2663
2762,0.2577
2763,0.2479
2764,0.2867
2765,0.3782
2766,0.3598
2767,0.4756
2768,0.594
2769,0.6102
2770,0.673
2771,0.7598
2772,0.8116
2773,0.8524
2774,0.8794
2775,0.8799
2776,0.8738
2777,0.843
2778,0.7657
2779,0.7498
2780,0.7966
2781,0.8402
2782,0.8662
2783,0.8868
2784,0.9112
2785,0.8721
2786,0.8471
2787,0.8294
2788,0.8219
2789,0.7568
2790,0.6468
2791,0.7676
2792,0.8051
2793,0.7852
2794,0.7685
2795,0.7852
2796,0.8287
2797,0.8644
2798,0.8858
2799,0.8953
2800,0.8929
2801,0.8644
2802,0.777
2803,0.7364
2804,0.6742
2805,0.6582
2806,0.6506
2807,0.6222
2808,0.6008
2809,0.5981
2810,0.6008
2811,0.5885
2812,0.5691
2813,0.525
2814,0.3542
2815,0.4669
2816,0.5719
2817,0.5677
2818,0.5494
2819,0.5422
2820,0.5351
2821,0.5479
2822,0.5649
2823,0.5322
2824,0.4493
2825,0.3224
2826,0.2601
2827,0.2564
2828,0.1989
2829,0.1557
2830,0.1438
2831,0.1465
2832,0.1721
2833,0.2256
2834,0.2688
2835,0.2751
2836,0.2552
2837,0.1978
2838,0.1633
2839,0.1529
2840,0.1643
2841,0.1567
2842,0.1438
2843,0.1342
2844,0.1275
2845,0.1201
2846,0.1217
2847,0.1412
2848,0.1672
2849,0.1936
2850,0.2372
2851,0.2932
2852,0.3103
2853,0.2726
2854,0.2165
2855,0.1894
2856,0.2384
2857,0.3528
2858,0.4143
2859,0.3911
2860,0.3556
2861,0.3184
2862,0.1681
2863,0.0555
2864,0.0571
2865,0.0616
2866,0.0493
2867,0.0402
2868,0.0344
2869,0.0319
2870,0.0349
2871,0.0406
2872,0.0425
2873,0.0463
2874,0.0468
2875,0.0488
2876,0.0588
2877,0.0627
2878,0.0673
2879,0.079
2880,0.113
2881,0.1643
2882,0.2176
2883,0.2396
2884,0.2419
2885,0.2187
2886,0.1145
2887,0.0344
2888,0.0059
2889,0.0
2890,0.0006
2891,0.0051
2892,0.0106
2893,0.0219
2894,0.0463
2895,0.0882
2896,0.1465
2897,0.2131
2898,0.2971
2899,0.4056
2900,0.4537
2901,0.48
2902,0.5222
2903,0.5579
2904,0.5691
2905,0.5494
2906,0.5048
2907,0.4522
2908,0.3926
2909,0.407
2910,0.357
2911,0.3514
2912,0.317
2913,0.2932
2914,0.3224
2915,0.343
2916,0.3926
2917,0.4683
2918,0.499
2919,0.4917
2920,0.4902
2921,0.4172
2922,0.3883
2923,0.4888
2924,0.538
2925,0.5265
2926,0.439
2927,0.3754
2928,0.317
2929,0.3024
2930,0.357
2931,0.3883
2932,0.3472
2933,0.2802
2934,0.176
2935,0.1177
2936,0.0627
2937,0.0458
2938,0.0444
2939,0.0444
2940,0.0727
2941,0.1438
2942,0.2267
2943,0.2893
2944,0.317
2945,0.3252
2946,0.3293
2947,0.3854
2948,0.3725
2949,0.3444
2950,0.3361
2951,0.309
2952,0.2726
2953,0.2267
2954,0.1957
2955,0.2396
2956,0.2626
2957,0.2726
2958,0.2577
2959,0.4317
2960,0.5663
2961,0.6909
2962,0.7733
2963,0.843
2964,0.9033
2965,0.921
2966,0.9006
2967,0.8703
2968,0.8457
2969,0.8156
2970,0.7529
2971,0.685
2972,0.643
2973,0.6209
2974,0.6102
2975,0.5803
2976,0.5593
2977,0.5522
2978,0.5536
2979,0.538
2980,0.5207
2981,0.4654
2982,0.2589
2983,0.3754
2984,0.3669
2985,0.3375
2986,0.313
2987,0.2854
2988,0.2676
2989,0.254
2990,0.2503
2991,0.2516
2992,0.2614
2993,0.2802
2994,0.3389
2995,0.48
2996,0.583
2997,0.6089
2998,0.6049
2999,0.5872
3000,0.5635
3001,0.5236
3002,0.4961
3003,0.4815
3004,0.4654
3005,0.3897
3006,0.1957
3007,0.13
3008,0.0882
3009,0.0406
3010,0.0202
3011,0.0101
3012,0.0031
3013,0.0002
3014,0.0
3015,0.0001
3016,0.001
3017,0.002
3018,0.0033
3019,0.0115
3020,0.0439
3021,0.0849
3022,0.1456
3023,0.2165
3024,0.3024
3025,0.3811
3026,0.4756
3027,0.5408
3028,0.5691
3029,0.5394
3030,0.3612
3031,0.1894
3032,0.1576
3033,0.301
3034,0.3768
3035,0.3868
3036,0.3825
3037,0.4493
3038,0.3897
3039,0.2867
3040,0.2384
3041,0.3361
3042,0.512
3043,0.5995
3044,0.5872
3045,0.6022
3046,0.525
3047,0.442
3048,0.5351
3049,0.6314
3050,0.679
3051,0.7598
3052,0.7695
3053,0.7343
3054,0.8108
3055,0.8594
3056,0.9225
3057,0.9322
3058,0.9435
3059,0.9535
3060,0.9628
3061,0.973
3062,0.9805
3063,0.9805
3064,0.9823
3065,0.9824
3066,0.9806
3067,0.9908
3068,0.9851
3069,0.9831
3070,0.9832
3071,0.9906
3072,0.9907
3073,0.9905
3074,0.9758
3075,0.9421
3076,0.9082
3077,0.8324
3078,0.7458
3079,0.8226
3080,0.7897
3081,0.7137
3082,0.679
3083,0.6885
3084,0.6826
3085,0.6802
3086,0.6754
3087,0.6222
3088,0.5408
3089,0.4815
3090,0.3797
3091,0.3669
3092,0.3444
3093,0.3224
3094,0.2854
3095,0.2384
3096,0.1771
3097,0.1153
3098,0.0849
3099,0.0855
3100,0.1233
3101,0.1652
3102,0.1529
3103,0.2244
3104,0.3103
3105,0.3417
3106,0.3542
3107,0.4012
3108,0.4376
3109,0.4245
3110,0.4303
3111,0.5062
3112,0.5677
3113,0.5899
3114,0.6314
3115,0.7126
3116,0.7364
3117,0.7488
3118,0.7354
3119,0.679
3120,0.6519
3121,0.673
3122,0.7093
3123,0.7013
3124,0.6742
3125,0.5663
3126,0.4215
3127,0.461
3128,0.4172
3129,0.394
3130,0.4288
3131,0.4932
3132,0.5408
3133,0.5265
3134,0.5033
3135,0.5091
3136,0.5365
3137,0.4902
3138,0.4551
3139,0.5062
3140,0.5408
3141,0.5394
3142,0.5394
3143,0.5422
3144,0.4932
3145,0.4493
3146,0.4041
3147,0.35
3148,0.2528
3149,0.1894
3150,0.1474
3151,0.1957
3152,0.3184
3153,0.3556
3154,0.3458
3155,0.3279
3156,0.3306
3157,0.3514
3158,0.3725
3159,0.4361
3160,0.5091
3161,0.5465
3162,0.5885
3163,0.7093
3164,0.7761
3165,0.7761
3166,0.716
3167,0.6632
3168,0.6353
3169,0.6129
3170,0.5981
3171,0.5913
3172,0.5858
3173,0.4961
3174,0.3417
3175,0.5077
3176,0.6897
3177,0.7333
3178,0.7685
3179,0.8051
3180,0.8309
3181,0.8451
3182,0.8457
3183,0.8388
3184,0.8302
3185,0.7949
3186,0.7888
3187,0.8249
3188,0.8353
3189,0.7879
3190,0.7723
3191,0.7637
3192,0.7549
3193,0.7488
3194,0.7437
3195,0.7406
3196,0.729
3197,0.6569
3198,0.5048
3199,0.5981
3200,0.7906
3201,0.8478
3202,0.8638
3203,0.8738
3204,0.8847
3205,0.8963
3206,0.9033
3207,0.8996
3208,0.881
3209,0.8484
3210,0.8287
3211,0.8219
3212,0.8324
3213,0.8059
3214,0.7704
3215,0.7312
3216,0.7013
3217,0.6826
3218,0.6644
3219,0.6506
3220,0.634
3221,0.5351
3222,0.374
3223,0.5207
3224,0.7789
3225,0.8009
3226,0.8001
3227,0.7852
3228,0.7588
3229,0.707
3230,0.6619
3231,0.6404
3232,0.6062
3233,0.5775
3234,0.6619
3235,0.7126
3236,0.6826
3237,0.7375
3238,0.7047
3239,0.6156
3240,0.5705
3241,0.5178
3242,0.4932
3243,0.4683
3244,0.4259
3245,0.3265
3246,0.2076
3247,0.1862
3248,0.2279
3249,0.3238
3250,0.3911
3251,0.4303
3252,0.423
3253,0.4303
3254,0.3883
3255,0.2828
3256,0.1842
3257,0.2198
3258,0.3697
3259,0.5091
3260,0.5872
3261,0.5872
3262,0.594
3263,0.6301
3264,0.5926
3265,0.5494
3266,0.5106
3267,0.5048
3268,0.5236
3269,0.4128
3270,0.2325
3271,0.2
3272,0.3375
3273,0.3184
3274,0.2777
3275,0.2244
3276,0.175
3277,0.1604
3278,0.1936
3279,0.2663
3280,0.3224
3281,0.3265
3282,0.3556
3283,0.3998
3284,0.3797
3285,0.3238
3286,0.2701
3287,0.2302
3288,0.2021
3289,0.1781
3290,0.1633
3291,0.1502
3292,0.1385
3293,0.1217
3294,0.0809
3295,0.0715
3296,0.0679
3297,0.0667
3298,0.0662
3299,0.0679
3300,0.0733
3301,0.0796
3302,0.093
3303,0.1217
3304,0.1652
3305,0.2043
3306,0.2431
3307,0.305
3308,0.3612
3309,0.3683
3310,0.3361
3311,0.3143
3312,0.3077
3313,0.3143
3314,0.3077
3315,0.2932
3316,0.279
3317,0.2021
3318,0.1138
3319,0.0966
3320,0.0995
3321,0.0973
3322,0.0995
3323,0.1258
3324,0.1614
3325,0.1904
3326,0.2109
3327,0.2372
3328,0.2431
3329,0.2131
3330,0.229
3331,0.317
3332,0.3528
3333,0.374
3334,0.3612
3335,0.3211
3336,0.288
3337,0.2651
3338,0.2516
3339,0.2467
3340,0.2372
3341,0.1842
3342,0.0855
3343,0.0685
3344,0.0765
3345,0.0765
3346,0.0796
3347,0.1009
3348,0.1334
3349,0.1576
3350,0.1633
3351,0.1595
3352,0.1614
3353,0.1567
3354,0.1502
3355,0.1801
3356,0.2098
3357,0.2325
3358,0.2564
3359,0.2984
3360,0.3252
3361,0.3347
3362,0.3157
3363,0.2688
3364,0.2176
3365,0.1412
3366,0.061
3367,0.0453
3368,0.0561
3369,0.0746
3370,0.0777
3371,0.0599
3372,0.0434
3373,0.0463
3374,0.0534
3375,0.0621
3376,0.0691
3377,0.0966
3378,0.1904
3379,0.3252
3380,0.3725
3381,0.364
3382,0.3334
3383,0.2984
3384,0.2777
3385,0.2589
3386,0.2601
3387,0.2626
3388,0.2764
3389,0.2408
3390,0.1039
3391,0.0529
3392,0.0344
3393,0.0202
3394,0.0219
3395,0.0287
3396,0.0361
3397,0.042
3398,0.0439
3399,0.0402
3400,0.0361
3401,0.0458
3402,0.0842
3403,0.1652
3404,0.2098
3405,0.2
3406,0.1585
3407,0.1209
3408,0.1054
3409,0.1394
3410,0.1883
3411,0.229
3412,0.236
3413,0.2032
3414,0.1046
3415,0.042
3416,0.028
3417,0.0328
3418,0.0332
3419,0.0488
3420,0.0638
3421,0.0765
3422,0.1076
3423,0.1394
3424,0.1317
3425,0.1266
3426,0.1493
3427,0.2
3428,0.2325
3429,0.2638
3430,0.2867
3431,0.2854
3432,0.3389
3433,0.4099
3434,0.4727
3435,0.4595
3436,0.4201
3437,0.3117
3438,0.2165
3439,0.2372
3440,0.2372
3441,0.2337
3442,0.2396
3443,0.2408
3444,0.2713
3445,0.3143
3446,0.3542
3447,0.3955
3448,0.423
3449,0.4698
3450,0.4961
3451,0.5995
3452,0.6594
3453,0.6129
3454,0.5593
3455,0.5294
3456,0.4595
3457,0.407
3458,0.3797
3459,0.3612
3460,0.3444
3461,0.2455
3462,0.1862
3463,0.1894
3464,0.1623
3465,0.1465
3466,0.1403
3467,0.1502
3468,0.1604
3469,0.175
3470,0.1989
3471,0.2503
3472,0.3117
3473,0.3983
3474,0.4712
3475,0.4625
3476,0.4361
3477,0.4085
3478,0.3811
3479,0.3306
3480,0.279
3481,0.2198
3482,0.1576
3483,0.1039
3484,0.0633
3485,0.0323
3486,0.0478
3487,0.1002
3488,0.1873
3489,0.3024
3490,0.3584
3491,0.3238
3492,0.2751
3493,0.2503
3494,0.2443
3495,0.2739
3496,0.3514
3497,0.4361
3498,0.4639
3499,0.4508
3500,0.4595
3501,0.4581
3502,0.4932
3503,0.4859
3504,0.4274
3505,0.3598
3506,0.2971
3507,0.2638
3508,0.2726
3509,0.2726
3510,0.2467
3511,0.2302
3512,0.1978
3513,0.1936
3514,0.2142
3515,0.1811
3516,0.1576
3517,0.2244
3518,0.3265
3519,0.4172
3520,0.5621
3521,0.6693
3522,0.6766
3523,0.7093
3524,0.6754
3525,0.5913
3526,0.5761
3527,0.5844
3528,0.5733
3529,0.5926
3530,0.5816
3531,0.5761
3532,0.5761
3533,0.5106
3534,0.6392
3535,0.7193
3536,0.6979
3537,0.7104
3538,0.7301
3539,0.7115
3540,0.6909
3541,0.6681
3542,0.6314
3543,0.5954
3544,0.5858
3545,0.5508
3546,0.4639
3547,0.5207
3548,0.5508
3549,0.4946
3550,0.4581
3551,0.4274
3552,0.3612
3553,0.305
3554,0.2688
3555,0.1967
3556,0.1681
3557,0.0849
3558,0.0803
3559,0.1138
3560,0.1633
3561,0.2233
3562,0.279
3563,0.3612
3564,0.442
3565,0.5091
3566,0.5565
3567,0.5913
3568,0.6222
3569,0.6301
3570,0.5677
3571,0.555
3572,0.5193
3573,0.4493
3574,0.423
3575,0.3897
3576,0.357
3577,0.3389
3578,0.3612
3579,0.384
3580,0.3768
3581,0.2984
3582,0.2713
3583,0.3024
3584,0.3037
3585,0.2676
3586,0.2384
3587,0.2348
3588,0.2443
3589,0.2431
3590,0.2348
3591,0.221
3592,0.1946
3593,0.1652
3594,0.1576
3595,0.2176
3596,0.2564
3597,0.2651
3598,0.2552
3599,0.2198
3600,0.1614
3601,0.1039
3602,0.0588
3603,0.0284
3604,0.0127
3605,0.0054
3606,0.0
3607,0.0006
3608,0.0019
3609,0.0035
3610,0.0056
3611,0.0082
3612,0.0122
3613,0.0159
3614,0.0199
3615,0.0196
3616,0.0171
3617,0.018
3618,0.0246
3619,0.0765
3620,0.1185
3621,0.1342
3622,0.125
3623,0.1122
3624,0.0849
3625,0.0715
3626,0.1474
3627,0.313
3628,0.4288
3629,0.4041
3630,0.1791
3631,0.0621
3632,0.055
3633,0.0973
3634,0.0995
3635,0.1046
3636,0.1084
3637,0.113
3638,0.1177
3639,0.1177
3640,0.1114
3641,0.1076
3642,0.1061
3643,0.1054
3644,0.0829
3645,0.0673
3646,0.0679
3647,0.0875
3648,0.1456
3649,0.2302
3650,0.2713
3651,0.2614
3652,0.2626
3653,0.2396
3654,0.1266
3655,0.1069
3656,0.1317
3657,0.2021
3658,0.3157
3659,0.3683
3660,0.3157
3661,0.3279
3662,0.439
3663,0.2997
3664,0.2198
3665,0.3103
3666,0.3375
3667,0.3238
3668,0.3472
3669,0.384
3670,0.4434
3671,0.3998
3672,0.3782
3673,0.4099
3674,0.4012
3675,0.305
3676,0.1862
3677,0.0733
3678,0.0311
3679,0.0582
3680,0.0566
3681,0.0539
3682,0.0679
3683,0.1161
3684,0.1862
3685,0.2348
3686,0.2503
3687,0.236
3688,0.2256
3689,0.175
3690,0.1177
3691,0.0952
3692,0.0524
3693,0.0429
3694,0.0539
3695,0.0633
3696,0.0518
3697,0.0444
3698,0.098
3699,0.1691
3700,0.13
3701,0.0588
3702,0.0183
3703,0.0183
3704,0.0349
3705,0.091
3706,0.279
3707,0.5579
3708,0.707
3709,0.7761
3710,0.8124
3711,0.8084
3712,0.7761
3713,0.7519
3714,0.6506
3715,0.6035
3716,0.6582
3717,0.6182
3718,0.583
3719,0.5747
3720,0.5522
3721,0.394
3722,0.2396
3723,0.1883
3724,0.1831
3725,0.1842
3726,0.1447
3727,0.1368
3728,0.1721
3729,0.1317
3730,0.093
3731,0.0784
3732,0.0842
3733,0.0697
3734,0.0503
3735,0.0944
3736,0.1925
3737,0.3556
3738,0.4888
3739,0.4727
3740,0.3998
3741,0.3238
3742,0.288
3743,0.2688
3744,0.2516
3745,0.2348
3746,0.2187
3747,0.1978
3748,0.1873
3749,0.1989
3750,0.1957
3751,0.2564
3752,0.3279
3753,0.3542
3754,0.3347
3755,0.364
3756,0.3955
3757,0.4288
3758,0.4114
3759,0.3998
3760,0.4027
3761,0.423
3762,0.5649
3763,0.7498
3764,0.843
3765,0.8674
3766,0.8395
3767,0.8464
3768,0.729
3769,0.6862
3770,0.7215
3771,0.7333
3772,0.8632
3773,0.8444
3774,0.643
3775,0.8613
3776,0.9552
3777,0.9362
3778,0.9567
3779,0.9714
3780,0.9778
3781,0.9885
3782,0.974
3783,0.9193
3784,0.9776
3785,0.9909
3786,0.9884
3787,0.982
3788,0.9725
3789,0.9633
3790,0.9523
3791,0.9308
3792,0.9095
3793,0.8873
3794,0.8755
3795,0.8556
3796,0.8051
3797,0.7171
3798,0.6379
3799,0.6932
3800,0.7126
3801,0.7149
3802,0.7171
3803,0.7236
3804,0.7104
3805,0.634
3806,0.5322
3807,0.4085
3808,0.2958
3809,0.2054
3810,0.1421
3811,0.1099
3812,0.0796
3813,0.0561
3814,0.0397
3815,0.0353
3816,0.037
3817,0.0555
3818,0.1016
3819,0.1576
3820,0.2021
3821,0.1791
3822,0.1002
3823,0.0835
3824,0.0582
3825,0.011
3826,0.0046
3827,0.0033
3828,0.003
3829,0.0125
3830,0.0353
3831,0.1046
3832,0.2726
3833,0.4727
3834,0.5279
3835,0.4683
3836,0.3854
3837,0.3252
3838,0.3584
3839,0.3782
3840,0.3697
3841,0.3514
3842,0.3542
3843,0.3361
3844,0.3077
3845,0.2302
3846,0.1652
3847,0.1862
3848,0.2443
3849,0.2984
3850,0.3486
3851,0.3983
3852,0.4201
3853,0.4041
3854,0.3754
3855,0.35
3856,0.3265
3857,0.288
3858,0.2516
3859,0.2221
3860,0.1914
3861,0.1672
3862,0.1672
3863,0.1711
3864,0.1662
3865,0.1502
3866,0.1351
3867,0.0937
3868,0.0703
3869,0.0662
3870,0.1024
3871,0.1258
3872,0.1483
3873,0.1701
3874,0.1801
3875,0.1801
3876,0.1576
3877,0.1107
3878,0.0621
3879,0.0366
3880,0.0202
3881,0.0154
3882,0.018
3883,0.0336
3884,0.0577
3885,0.093
3886,0.1368
3887,0.1691
3888,0.1811
3889,0.1681
3890,0.1511
3891,0.1385
3892,0.1099
3893,0.0691
3894,0.0375
3895,0.0205
3896,0.0159
3897,0.0434
3898,0.1016
3899,0.2142
3900,0.3403
3901,0.4186
3902,0.4522
3903,0.4434
3904,0.3926
3905,0.3334
3906,0.3103
3907,0.4085
3908,0.499
3909,0.5091
3910,0.5004
3911,0.5135
3912,0.5279
3913,0.5265
3914,0.5294
3915,0.538
3916,0.555
3917,0.525
3918,0.5322
3919,0.5967
3920,0.6718
3921,0.6885
3922,0.6932
3923,0.6921
3924,0.6778
3925,0.6532
3926,0.6102
3927,0.5579
3928,0.4859
3929,0.3825
3930,0.2651
3931,0.2176
3932,0.1967
3933,0.2043
3934,0.2313
3935,0.2626
3936,0.2751
3937,0.2626
3938,0.2408
3939,0.2131
3940,0.2
3941,0.1862
3942,0.1643
3943,0.174
3944,0.1925
3945,0.2065
3946,0.1978
3947,0.1771
3948,0.1711
3949,0.1801
3950,0.2098
3951,0.2528
3952,0.313
3953,0.3868
3954,0.4201
3955,0.439
3956,0.4288
3957,0.3754
3958,0.364
3959,0.3797
3960,0.4245
3961,0.5019
3962,0.5885
3963,0.6619
3964,0.6967
3965,0.6443
3966,0.6327
3967,0.7247
3968,0.7742
3969,0.8132
3970,0.8395
3971,0.843
3972,0.8367
3973,0.8556
3974,0.881
3975,0.8944
3976,0.8939
3977,0.8743
3978,0.7966
3979,0.6519
3980,0.5995
3981,0.6632
3982,0.6921
3983,0.7047
3984,0.679
3985,0.6754
3986,0.6301
3987,0.6008
3988,0.5705
3989,0.4742
3990,0.3868
3991,0.3868
3992,0.3782
3993,0.3926
3994,0.4143
3995,0.4347
3996,0.4288
3997,0.4012
3998,0.3542
3999,0.2867
4000,0.2109
4001,0.1483
4002,0.1161
4003,0.1529
4004,0.1978
4005,0.2142
4006,0.2
4007,0.1821
4008,0.1567
4009,0.1201
4010,0.0869
4011,0.0835
4012,0.1317
4013,0.152
4014,0.1069
4015,0.1084
4016,0.0784
4017,0.0448
4018,0.0272
4019,0.0183
4020,0.013
4021,0.0078
4022,0.0067
4023,0.0127
4024,0.0336
4025,0.0715
4026,0.1334
4027,0.2739
4028,0.4712
4029,0.6379
4030,0.6862
4031,0.6379
4032,0.583
4033,0.5508
4034,0.5322
4035,0.5135
4036,0.4946
4037,0.4259
4038,0.3279
4039,0.3238
4040,0.2945
4041,0.2764
4042,0.3897
4043,0.5236
4044,0.4946
4045,0.3683
4046,0.236
4047,0.1873
4048,0.1633
4049,0.1662
4050,0.2176
4051,0.317
4052,0.3683
4053,0.357
4054,0.3238
4055,0.254
4056,0.35
4057,0.4902
4058,0.5222
4059,0.5222
4060,0.5294
4061,0.4551
4062,0.5164
4063,0.6944
4064,0.7834
4065,0.8316
4066,0.8498
4067,0.8531
4068,0.8402
4069,0.8132
4070,0.7657
4071,0.6909
4072,0.5858
4073,0.4566
4074,0.3024
4075,0.212
4076,0.174
4077,0.1842
4078,0.2325
4079,0.2919
4080,0.3347
4081,0.3683
4082,0.3768
4083,0.3347
4084,0.2984
4085,0.2098
4086,0.2043
4087,0.143
4088,0.1069
4089,0.1107
4090,0.1334
4091,0.1731
4092,0.221
4093,0.2516
4094,0.2601
4095,0.2688
4096,0.2828
4097,0.2984
4098,0.317
4099,0.3655
4100,0.3983
4101,0.4143
4102,0.4478
4103,0.461
4104,0.4712
4105,0.4625
4106,0.4595
4107,0.4508
4108,0.4143
4109,0.2516
4110,0.2348
4111,0.2032
4112,0.1529
4113,0.1016
4114,0.055
4115,0.0276
4116,0.0162
4117,0.0193
4118,0.0406
4119,0.0746
4120,0.1107
4121,0.1633
4122,0.2443
4123,0.3825
4124,0.538
4125,0.583
4126,0.5858
4127,0.5593
4128,0.525
4129,0.5149
4130,0.525
4131,0.5522
4132,0.5663
4133,0.423
4134,0.3868
4135,0.3797
4136,0.3375
4137,0.2131
4138,0.1633
4139,0.1511
4140,0.1662
4141,0.1811
4142,0.1936
4143,0.2153
4144,0.2419
4145,0.2663
4146,0.2651
4147,0.3458
4148,0.4508
4149,0.5677
4150,0.6156
4151,0.6049
4152,0.6392
4153,0.6182
4154,0.5775
4155,0.6008
4156,0.5649
4157,0.394
4158,0.2663
4159,0.2313
4160,0.2528
4161,0.2676
4162,0.2828
4163,0.254
4164,0.2443
4165,0.2267
4166,0.279
4167,0.3486
4168,0.407
4169,0.4332
4170,0.4012
4171,0.3361
4172,0.2221
4173,0.1791
4174,0.1894
4175,0.2076
4176,0.2131
4177,0.2131
4178,0.2279
4179,0.3238
4180,0.3024
4181,0.174
4182,0.1456
4183,0.1989
4184,0.2408
4185,0.176
4186,0.1317
4187,0.1711
4188,0.2325
4189,0.2626
4190,0.3024
4191,0.3417
4192,0.2638
4193,0.2601
4194,0.374
4195,0.4478
4196,0.4829
4197,0.48
4198,0.4712
4199,0.4537
4200,0.461
4201,0.4478
4202,0.4157
4203,0.3542
4204,0.288
4205,0.1585
4206,0.1153
4207,0.0627
4208,0.0232
4209,0.0041
4210,0.0
4211,0.0108
4212,0.0171
4213,0.0094
4214,0.0051
4215,0.0115
4216,0.0229
4217,0.0633
4218,0.1557
4219,0.3197
4220,0.5033
4221,0.6102
4222,0.6519
4223,0.6288
4224,0.6076
4225,0.5858
4226,0.5981
4227,0.6301
4228,0.6519
4229,0.6008
4230,0.5536
4231,0.6594
4232,0.6681
4233,0.6862
4234,0.7137
4235,0.7215
4236,0.6885
4237,0.6129
4238,0.5149
4239,0.3854
4240,0.236
4241,0.1438
4242,0.0765
4243,0.0299
4244,0.1054
4245,0.3754
4246,0.6862
4247,0.8043
4248,0.7966
4249,0.7498
4250,0.7236
4251,0.7104
4252,0.6862
4253,0.5981
4254,0.5033
4255,0.4654
4256,0.4041
4257,0.3361
4258,0.2764
4259,0.2384
4260,0.2337
4261,0.2372
4262,0.2455
4263,0.2828
4264,0.3211
4265,0.3293
4266,0.4114
4267,0.5508
4268,0.6443
4269,0.6669
4270,0.6826
4271,0.6742
4272,0.6301
4273,0.5621
4274,0.5236
4275,0.4727
4276,0.3811
4277,0.2187
4278,0.1201
4279,0.1145
4280,0.0995
4281,0.0703
4282,0.0473
4283,0.0448
4284,0.0539
4285,0.0691
4286,0.0882
4287,0.1031
4288,0.0973
4289,0.0777
4290,0.0667
4291,0.0937
4292,0.1069
4293,0.0752
4294,0.0434
4295,0.0243
4296,0.0165
4297,0.0171
4298,0.0162
4299,0.0113
4300,0.0132
4301,0.0154
4302,0.018
4303,0.034
4304,0.0582
4305,0.1061
4306,0.1781
4307,0.2676
4308,0.3375
4309,0.3782
4310,0.3998
4311,0.4027
4312,0.3897
4313,0.3584
4314,0.3265
4315,0.2919
4316,0.2503
4317,0.2701
4318,0.3725
4319,0.407
4320,0.407
4321,0.3669
4322,0.332
4323,0.279
4324,0.2564
4325,0.2455
4326,0.2893
4327,0.1862
4328,0.0616
4329,0.0662
4330,0.0453
4331,0.042
4332,0.0513
4333,0.0633
4334,0.0809
4335,0.1016
4336,0.1359
4337,0.1791
4338,0.2467
4339,0.394
4340,0.5308
4341,0.5322
4342,0.5465
4343,0.525
4344,0.439
4345,0.3265
4346,0.3293
4347,0.4742
4348,0.4829
4349,0.3655
4350,0.3711
4351,0.2867
4352,0.2348
4353,0.1957
4354,0.1614
4355,0.1438
4356,0.1377
4357,0.143
4358,0.1567
4359,0.1894
4360,0.2528
4361,0.3754
4362,0.5789
4363,0.7447
4364,0.777
4365,0.7529
4366,0.6862
4367,0.5926
4368,0.4888
4369,0.4595
4370,0.442
4371,0.4361
4372,0.4303
4373,0.3117
4374,0.3911
4375,0.384
4376,0.3197
4377,0.2751
4378,0.2528
4379,0.254
4380,0.2614
4381,0.2751
4382,0.2932
4383,0.317
4384,0.3334
4385,0.3514
4386,0.4012
4387,0.5649
4388,0.7149
4389,0.7301
4390,0.7193
4391,0.7025
4392,0.6862
4393,0.6456
4394,0.5761
4395,0.5222
4396,0.4932
4397,0.4902
4398,0.5351
4399,0.6049
4400,0.6456
4401,0.6644
4402,0.6778
4403,0.6766
4404,0.6532
4405,0.6222
4406,0.5967
4407,0.5995
4408,0.6288
4409,0.6582
4410,0.7225
4411,0.8203
4412,0.8563
4413,0.8457
4414,0.81
4415,0.7825
4416,0.7852
4417,0.7888
4418,0.7637
4419,0.7385
4420,0.7115
4421,0.6288
4422,0.6967
4423,0.6494
4424,0.6248
4425,0.6379
4426,0.6607
4427,0.6327
4428,0.5621
4429,0.48
4430,0.4114
4431,0.357
4432,0.357
4433,0.3797
4434,0.512
4435,0.7204
4436,0.7932
4437,0.7779
4438,0.7588
4439,0.7478
4440,0.7343
4441,0.6802
4442,0.6644
4443,0.634
4444,0.594
4445,0.4669
4446,0.3542
4447,0.3528
4448,0.442
4449,0.3768
4450,0.2221
4451,0.1385
4452,0.1283
4453,0.1529
4454,0.1483
4455,0.0973
4456,0.0493
4457,0.0319
4458,0.0415
4459,0.1242
4460,0.279
4461,0.4259
4462,0.5279
4463,0.5236
4464,0.4829
4465,0.4332
4466,0.357
4467,0.2431
4468,0.1403
4469,0.0599
4470,0.0117
4471,0.0019
4472,0.0046
4473,0.0078
4474,0.0088
4475,0.0151
4476,0.0415
4477,0.0829
4478,0.1225
4479,0.1493
4480,0.1623
4481,0.1771
4482,0.2054
4483,0.2651
4484,0.2932
4485,0.2997
4486,0.254
4487,0.229
4488,0.2176
4489,0.1967
4490,0.1614
4491,0.1342
4492,0.1193
4493,0.0849
4494,0.0561
4495,0.0415
4496,0.0375
4497,0.037
4498,0.0415
4499,0.0483
4500,0.0633
4501,0.1016
4502,0.1595
4503,0.2109
4504,0.2467
4505,0.3293
4506,0.4698
4507,0.5775
4508,0.6669
4509,0.5954
4510,0.5207
4511,0.4464
4512,0.423
4513,0.3969
4514,0.3683
4515,0.374
4516,0.3868
4517,0.3486
4518,0.407
4519,0.4085
4520,0.4027
4521,0.374
4522,0.3252
4523,0.2764
4524,0.2626
4525,0.301
4526,0.374
4527,0.4288
4528,0.461
4529,0.5004
4530,0.5308
4531,0.6532
4532,0.7417
4533,0.7322
4534,0.7236
4535,0.7204
4536,0.6897
4537,0.6544
4538,0.6392
4539,0.6301
4540,0.5981
4541,0.4669
4542,0.5872
4543,0.6967
4544,0.7093
4545,0.716
4546,0.7236
4547,0.728
4548,0.7193
4549,0.6967
4550,0.6705
4551,0.6288
4552,0.5858
4553,0.5593
4554,0.5465
4555,0.6569
4556,0.7519
4557,0.716
4558,0.6456
4559,0.583
4560,0.5193
4561,0.4698
4562,0.4259
4563,0.3983
4564,0.3669
4565,0.2087
4566,0.0855
4567,0.0829
4568,0.0478
4569,0.0225
4570,0.0151
4571,0.0099
4572,0.0061
4573,0.0025
4574,0.0
4575,0.0028
4576,0.0448
4577,0.0959
4578,0.1967
4579,0.3955
4580,0.5062
4581,0.5222
4582,0.4361
4583,0.3697
4584,0.3472
4585,0.3211
4586,0.2701
4587,0.2479
4588,0.2153
4589,0.1548
4590,0.0752
4591,0.0796
4592,0.1412
4593,0.1852
4594,0.2302
4595,0.2971
4596,0.3754
4597,0.4669
4598,0.5222
4599,0.5279
4600,0.5106
4601,0.4888
4602,0.4405
4603,0.407
4604,0.4114
4605,0.3697
4606,0.3279
4607,0.2802
4608,0.2577
4609,0.2302
4610,0.2396
4611,0.236
4612,0.2043
4613,0.1217
4614,0.0875
4615,0.0855
4616,0.0966
4617,0.125
4618,0.1731
4619,0.2153
4620,0.2396
4621,0.2739
4622,0.3117
4623,0.3293
4624,0.3389
4625,0.3683
4626,0.4259
4627,0.5337
4628,0.679
4629,0.6235
4630,0.5621
4631,0.4669
4632,0.3969
4633,0.3612
4634,0.3528
4635,0.374
4636,0.394
4637,0.2552
4638,0.1904
4639,0.1633
4640,0.1633
4641,0.1576
4642,0.1403
4643,0.1342
4644,0.1283
4645,0.1193
4646,0.1169
4647,0.1317
4648,0.1821
4649,0.2945
4650,0.4888
4651,0.7204
4652,0.7789
4653,0.7115
4654,0.6681
4655,0.6366
4656,0.5981
4657,0.5279
4658,0.5062
4659,0.5844
4660,0.5193
4661,0.4464
4662,0.5222
4663,0.5149
4664,0.4654
4665,0.4157
4666,0.3883
4667,0.3825
4668,0.3655
4669,0.3389
4670,0.3252
4671,0.3361
4672,0.374
4673,0.4405
4674,0.5365
4675,0.6718
4676,0.7519
4677,0.7137
4678,0.6742
4679,0.6314
4680,0.5858
4681,0.5294
4682,0.4917
4683,0.4829
4684,0.4639
4685,0.3458
4686,0.4157
4687,0.309
4688,0.2256
4689,0.1831
4690,0.1529
4691,0.1325
4692,0.1193
4693,0.1084
4694,0.0973
4695,0.0869
4696,0.0771
4697,0.0697
4698,0.0715
4699,0.1016
4700,0.1967
4701,0.317
4702,0.407
4703,0.4245
4704,0.3983
4705,0.3598
4706,0.309
4707,0.2713
4708,0.2408
4709,0.1342
4710,0.0468
4711,0.0113
4712,0.0151
4713,0.0186
4714,0.0092
4715,0.0031
4716,0.0037
4717,0.012
4718,0.0311
4719,0.0588
4720,0.0944
4721,0.1672
4722,0.3279
4723,0.4625
4724,0.5279
4725,0.5365
4726,0.5149
4727,0.4654
4728,0.423
4729,0.3768
4730,0.2971
4731,0.2098
4732,0.1421
4733,0.0593
4734,0.0174
4735,0.0005
4736,0.0002
4737,0.0125
4738,0.0503
4739,0.093
4740,0.152
4741,0.2516
4742,0.3265
4743,0.3868
4744,0.423
4745,0.4508
4746,0.4669
4747,0.4493
4748,0.4522
4749,0.461
4750,0.5135
4751,0.4654
4752,0.3458
4753,0.2739
4754,0.2065
4755,0.1831
4756,0.1862
4757,0.1936
4758,0.2905
4759,0.3969
4760,0.4917
4761,0.5885
4762,0.6681
4763,0.7137
4764,0.7354
4765,0.7427
4766,0.7247
4767,0.6885
4768,0.6262
4769,0.5322
4770,0.4551
4771,0.3969
4772,0.3868
4773,0.364
4774,0.3403
4775,0.3252
4776,0.2945
4777,0.2384
4778,0.1801
4779,0.1403
4780,0.1217
4781,0.113
4782,0.1604
4783,0.2165
4784,0.2663
4785,0.301
4786,0.3279
4787,0.3528
4788,0.3669
4789,0.3612
4790,0.3293
4791,0.288
4792,0.2614
4793,0.2528
4794,0.2577
4795,0.2764
4796,0.2958
4797,0.2997
4798,0.3389
4799,0.3612
4800,0.3472
4801,0.3458
4802,0.4186
4803,0.4786
4804,0.5437
4805,0.5193
4806,0.6275
4807,0.6544
4808,0.6826
4809,0.7104
4810,0.7247
4811,0.7104
4812,0.6693
4813,0.6392
4814,0.6049
4815,0.6035
4816,0.6076
4817,0.5536
4818,0.5062
4819,0.4508
4820,0.4186
4821,0.3955
4822,0.3584
4823,0.3117
4824,0.2337
4825,0.1548
4826,0.0771
4827,0.0291
4828,0.0038
4829,0.0001
4830,0.0
4831,0.0017
4832,0.0059
4833,0.013
4834,0.0265
4835,0.0508
4836,0.0855
4837,0.1403
4838,0.2021
4839,0.2467
4840,0.2503
4841,0.2443
4842,0.2552
4843,0.3334
4844,0.4201
4845,0.4317
4846,0.4114
4847,0.3486
4848,0.3197
4849,0.2945
4850,0.2713
4851,0.2408
4852,0.2
4853,0.1351
4854,0.0503
4855,0.0106
4856,0.002
4857,0.0054
4858,0.0082
4859,0.0097
4860,0.0094
4861,0.008
4862,0.0049
4863,0.0002
4864,0.0002
4865,0.0
4866,0.0014
4867,0.0295
4868,0.1342
4869,0.2984
4870,0.4844
4871,0.6169
4872,0.6379
4873,0.5719
4874,0.4975
4875,0.4844
4876,0.5149
4877,0.4493
4878,0.2932
4879,0.1811
4880,0.1701
4881,0.4317
4882,0.5222
4883,0.5465
4884,0.5995
4885,0.6456
4886,0.7047
4887,0.6519
4888,0.5265
4889,0.4639
4890,0.4537
4891,0.4274
4892,0.3584
4893,0.3117
4894,0.2905
4895,0.3143
4896,0.3811
4897,0.3612
4898,0.2626
4899,0.1576
4900,0.0875
4901,0.0299
4902,0.0059
4903,0.0016
4904,0.0048
4905,0.0177
4906,0.0434
4907,0.0784
4908,0.125
4909,0.1623
4910,0.1842
4911,0.2076
4912,0.221
4913,0.2054
4914,0.1721
4915,0.1595
4916,0.1209
4917,0.0685
4918,0.0265
4919,0.0125
4920,0.0065
4921,0.0074
4922,0.0094
4923,0.0463
4924,0.1652
4925,0.3279
4926,0.2601
4927,0.2528
4928,0.4522
4929,0.4551
4930,0.374
4931,0.301
4932,0.2676
4933,0.3293
4934,0.4537
4935,0.5621
4936,0.6196
4937,0.6314
4938,0.6062
4939,0.5207
4940,0.4201
4941,0.3542
4942,0.2854
4943,0.2176
4944,0.2054
4945,0.2233
4946,0.2971
4947,0.1672
4948,0.0784
4949,0.091
4950,0.1308
4951,0.1701
4952,0.1145
4953,0.0638
4954,0.0539
4955,0.0616
4956,0.0973
4957,0.1209
4958,0.1266
4959,0.1595
4960,0.1529
4961,0.1502
4962,0.1529
4963,0.1643
4964,0.1862
4965,0.2279
4966,0.2764
4967,0.2971
4968,0.3347
4969,0.3655
4970,0.4215
4971,0.4215
4972,0.3926
4973,0.2958
4974,0.2467
4975,0.2589
4976,0.2467
4977,0.2076
4978,0.1711
4979,0.1721
4980,0.221
4981,0.288
4982,0.3211
4983,0.3528
4984,0.4449
4985,0.5508
4986,0.5981
4987,0.6235
4988,0.5872
4989,0.5789
4990,0.5761
4991,0.5607
4992,0.5494
4993,0.5207
4994,0.5308
4995,0.5294
4996,0.4932
4997,0.3797
4998,0.3528
4999,0.3252
5000,0.305
5001,0.3103
5002,0.3184
5003,0.364
5004,0.4376
5005,0.4902
5006,0.4786
5007,0.4332
5008,0.3584
5009,0.2828
5010,0.2479
5011,0.2638
5012,0.2408
5013,0.1801
5014,0.1217
5015,0.0835
5016,0.0835
5017,0.1114
5018,0.2054
5019,0.3486
5020,0.4844
5021,0.4566
5022,0.407
5023,0.5164
5024,0.5437
5025,0.5844
5026,0.6569
5027,0.7608
5028,0.8478
5029,0.8939
5030,0.9221
5031,0.9384
5032,0.9486
5033,0.9547
5034,0.9489
5035,0.9345
5036,0.9365
5037,0.9467
5038,0.9569
5039,0.9607
5040,0.9605
5041,0.9562
5042,0.9483
5043,0.9352
5044,0.9146
5045,0.8868
5046,0.8799
5047,0.9232
5048,0.9308
5049,0.9362
5050,0.9421
5051,0.9478
5052,0.9478
5053,0.9393
5054,0.9236
5055,0.9029
5056,0.8805
5057,0.8484
5058,0.7723
5059,0.6644
5060,0.6049
5061,0.6142
5062,0.6089
5063,0.5789
5064,0.538
5065,0.512
5066,0.48
5067,0.439
5068,0.3854
5069,0.305
5070,0.221
5071,0.2372
5072,0.2564
5073,0.2841
5074,0.313
5075,0.35
5076,0.3969
5077,0.4259
5078,0.4274
5079,0.407
5080,0.3514
5081,0.2893
5082,0.2564
5083,0.2455
5084,0.2467
5085,0.2325
5086,0.1989
5087,0.1652
5088,0.1291
5089,0.0916
5090,0.0673
5091,0.0582
5092,0.0733
5093,0.0944
5094,0.0733
5095,0.0944
5096,0.0577
5097,0.0225
5098,0.002
5099,0.0
5100,0.0
5101,0.0022
5102,0.0106
5103,0.0202
5104,0.0246
5105,0.0336
5106,0.093
5107,0.1978
5108,0.2815
5109,0.3514
5110,0.374
5111,0.3528
5112,0.3197
5113,0.3063
5114,0.301
5115,0.2802
5116,0.2516
5117,0.1652
5118,0.0566
5119,0.0127
5120,0.0021
5121,0.0
5122,0.0
5123,0.0025
5124,0.0151
5125,0.0366
5126,0.0588
5127,0.0709
5128,0.0784
5129,0.0889
5130,0.1161
5131,0.1771
5132,0.2384
5133,0.2503
5134,0.2198
5135,0.1842
5136,0.1691
5137,0.176
5138,0.1967
5139,0.2176
5140,0.2419
5141,0.2198
5142,0.1209
5143,0.0803
5144,0.0835
5145,0.0758
5146,0.0679
5147,0.0633
5148,0.0566
5149,0.042
5150,0.0353
5151,0.0361
5152,0.0319
5153,0.0319
5154,0.1002
5155,0.2431
5156,0.2854
5157,0.2638
5158,0.2503
5159,0.2187
5160,0.1633
5161,0.1266
5162,0.1217
5163,0.1359
5164,0.1447
5165,0.143
5166,0.1161
5167,0.152
5168,0.152
5169,0.1623
5170,0.212
5171,0.2528
5172,0.2867
5173,0.3143
5174,0.3556
5175,0.317
5176,0.2076
5177,0.2244
5178,0.3458
5179,0.4172
5180,0.4114
5181,0.3797
5182,0.3542
5183,0.305
5184,0.2997
5185,0.3293
5186,0.3811
5187,0.3911
5188,0.3655
5189,0.3143
5190,0.3197
5191,0.3897
5192,0.4464
5193,0.5062
5194,0.5522
5195,0.594
5196,0.6353
5197,0.6519
5198,0.6557
5199,0.6569
5200,0.6456
5201,0.6076
5202,0.5236
5203,0.3697
5204,0.2905
5205,0.2841
5206,0.2867
5207,0.2638
5208,0.2256
5209,0.1925
5210,0.1604
5211,0.1394
5212,0.1233
5213,0.1107
5214,0.093
5215,0.0916
5216,0.0765
5217,0.0796
5218,0.1266
5219,0.2564
5220,0.4464
5221,0.5522
5222,0.5899
5223,0.5954
5224,0.5508
5225,0.5033
5226,0.4027
5227,0.2777
5228,0.2109
5229,0.1731
5230,0.1662
5231,0.1351
5232,0.0875
5233,0.0803
5234,0.0882
5235,0.0855
5236,0.0703
5237,0.0616
5238,0.0498
5239,0.0733
5240,0.1099
5241,0.1258
5242,0.1368
5243,0.2176
5244,0.3334
5245,0.3926
5246,0.4245
5247,0.4143
5248,0.332
5249,0.2325
5250,0.1412
5251,0.0995
5252,0.0633
5253,0.0463
5254,0.0415
5255,0.0383
5256,0.0268
5257,0.034
5258,0.0604
5259,0.0715
5260,0.0835
5261,0.1209
5262,0.1308
5263,0.1225
5264,0.1368
5265,0.1291
5266,0.1325
5267,0.1711
5268,0.2651
5269,0.3782
5270,0.461
5271,0.4756
5272,0.461
5273,0.4085
5274,0.3157
5275,0.2958
5276,0.305
5277,0.384
5278,0.5048
5279,0.555
5280,0.5337
5281,0.4786
5282,0.4245
5283,0.4332
5284,0.4099
5285,0.3825
5286,0.5019
5287,0.7508
5288,0.8367
5289,0.8949
5290,0.9396
5291,0.9707
5292,0.983
5293,0.9865
5294,0.9877
5295,0.9882
5296,0.9861
5297,0.984
5298,0.9839
5299,0.9837
5300,0.9847
5301,0.9842
5302,0.9824
5303,0.9817
5304,0.9785
5305,0.966
5306,0.9399
5307,0.8968
5308,0.8644
5309,0.8444
5310,0.8738
5311,0.9078
5312,0.915
5313,0.9112
5314,0.9051
5315,0.9069
5316,0.9006
5317,0.8821
5318,0.8656
5319,0.8437
5320,0.8132
5321,0.7704
5322,0.6838
5323,0.5733
5324,0.5091
5325,0.5193
5326,0.5207
5327,0.5033
5328,0.4581
5329,0.4449
5330,0.4201
5331,0.3897
5332,0.3584
5333,0.2958
5334,0.1989
5335,0.2065
5336,0.2142
5337,0.2087
5338,0.2431
5339,0.3037
5340,0.3868
5341,0.5135
5342,0.6222
5343,0.6366
5344,0.5967
5345,0.5135
5346,0.394
5347,0.3238
5348,0.2854
5349,0.2564
5350,0.2467
5351,0.2739
5352,0.3197
5353,0.3854
5354,0.4201
5355,0.4186
5356,0.4099
5357,0.3969
5358,0.3389
5359,0.3279
5360,0.3514
5361,0.3955
5362,0.4683
5363,0.5522
5364,0.6314
5365,0.6826
5366,0.6967
5367,0.6897
5368,0.6582
5369,0.6182
5370,0.5691
5371,0.5872
5372,0.5719
5373,0.4786
5374,0.3626
5375,0.2431
5376,0.1403
5377,0.0588
5378,0.0117
5379,0.009
5380,0.0295
5381,0.0882
5382,0.1217
5383,0.1595
5384,0.2176
5385,0.2802
5386,0.3417
5387,0.4056
5388,0.4493
5389,0.5004
5390,0.5222
5391,0.5308
5392,0.5062
5393,0.4376
5394,0.364
5395,0.3556
5396,0.3252
5397,0.2764
5398,0.2348
5399,0.2054
5400,0.1873
5401,0.1791
5402,0.2419
5403,0.3197
5404,0.394
5405,0.4595
5406,0.442
5407,0.6301
5408,0.7258
5409,0.7825
5410,0.8219
5411,0.8537
5412,0.8674
5413,0.8601
5414,0.8601
5415,0.8607
5416,0.8388
5417,0.7568
5418,0.6404
5419,0.6196
5420,0.5677
5421,0.5844
5422,0.5733
5423,0.512
5424,0.5294
5425,0.5106
5426,0.4844
5427,0.4946
5428,0.5135
5429,0.4829
5430,0.3472
5431,0.499
5432,0.538
5433,0.5536
5434,0.5677
5435,0.5465
5436,0.5207
5437,0.525
5438,0.5408
5439,0.5508
5440,0.5479
5441,0.4888
5442,0.4099
5443,0.3626
5444,0.3077
5445,0.2739
5446,0.2516
5447,0.1925
5448,0.1308
5449,0.0862
5450,0.0577
5451,0.0534
5452,0.0903
5453,0.2098
5454,0.2701
5455,0.301
5456,0.4347
5457,0.5193
5458,0.5885
5459,0.6481
5460,0.6909
5461,0.7126
5462,0.7204
5463,0.7149
5464,0.7126
5465,0.716
5466,0.6644
5467,0.5733
5468,0.5926
5469,0.6569
5470,0.6921
5471,0.7385
5472,0.7301
5473,0.728
5474,0.7478
5475,0.7733
5476,0.7742
5477,0.7437
5478,0.6932
5479,0.6619
5480,0.7182
5481,0.7529
5482,0.7417
5483,0.716
5484,0.7059
5485,0.6874
5486,0.6909
5487,0.673
5488,0.5649
5489,0.4186
5490,0.2815
5491,0.2153
5492,0.2
5493,0.332
5494,0.5408
5495,0.7949
5496,0.9133
5497,0.9464
5498,0.9745
5499,0.9764
5500,0.9523
5501,0.8826
5502,0.7852
5503,0.679
5504,0.5803
5505,0.4654
5506,0.4215
5507,0.4288
5508,0.5004
5509,0.5816
5510,0.6404
5511,0.7013
5512,0.7269
5513,0.7036
5514,0.6142
5515,0.5607
5516,0.555
5517,0.5465
5518,0.5294
5519,0.499
5520,0.4449
5521,0.3911
5522,0.3754
5523,0.3486
5524,0.317
5525,0.2777
5526,0.2021
5527,0.2244
5528,0.2244
5529,0.2221
5530,0.236
5531,0.2701
5532,0.2997
5533,0.3279
5534,0.3238
5535,0.3375
5536,0.35
5537,0.3626
5538,0.3797
5539,0.3969
5540,0.3983
5541,0.3897
5542,0.3854
5543,0.3926
5544,0.3998
5545,0.3883
5546,0.3754
5547,0.3598
5548,0.3458
5549,0.332
5550,0.175
5551,0.1225
5552,0.0662
5553,0.0336
5554,0.0239
5555,0.0236
5556,0.0291
5557,0.0402
5558,0.0599
5559,0.0758
5560,0.0796
5561,0.0882
5562,0.1623
5563,0.301
5564,0.4683
5565,0.5761
5566,0.6076
5567,0.5967
5568,0.5494
5569,0.512
5570,0.5048
5571,0.512
5572,0.5048
5573,0.4595
5574,0.2905
5575,0.212
5576,0.2467
5577,0.2021
5578,0.1377
5579,0.0855
5580,0.0529
5581,0.0361
5582,0.0361
5583,0.0458
5584,0.065
5585,0.098
5586,0.1731
5587,0.2777
5588,0.357
5589,0.374
5590,0.3725
5591,0.3868
5592,0.3969
5593,0.3883
5594,0.3697
5595,0.3334
5596,0.2997
5597,0.2802
5598,0.1539
5599,0.0571
5600,0.0425
5601,0.0524
5602,0.0488
5603,0.0402
5604,0.0319
5605,0.0276
5606,0.0291
5607,0.0357
5608,0.0524
5609,0.0803
5610,0.1368
5611,0.2408
5612,0.4012
5613,0.5789
5614,0.6693
5615,0.6705
5616,0.6222
5617,0.5789
5618,0.5621
5619,0.5522
5620,0.5408
5621,0.5178
5622,0.3797
5623,0.2945
5624,0.2919
5625,0.4508
5626,0.512
5627,0.4756
5628,0.4245
5629,0.364
5630,0.2997
5631,0.2503
5632,0.2372
5633,0.288
5634,0.4712
5635,0.6327
5636,0.6979
5637,0.729
5638,0.7333
5639,0.716
5640,0.6874
5641,0.6248
5642,0.5365
5643,0.4625
5644,0.4027
5645,0.3458
5646,0.2221
5647,0.1114
5648,0.0571
5649,0.0434
5650,0.0604
5651,0.091
5652,0.1169
5653,0.1483
5654,0.1711
5655,0.1821
5656,0.2043
5657,0.2516
5658,0.2997
5659,0.2997
5660,0.2564
5661,0.2198
5662,0.1946
5663,0.1711
5664,0.1548
5665,0.1368
5666,0.1225
5667,0.1185
5668,0.1061
5669,0.0875
5670,0.0444
5671,0.0311
5672,0.0448
5673,0.0555
5674,0.0662
5675,0.0566
5676,0.0319
5677,0.0205
5678,0.042
5679,0.0709
5680,0.0508
5681,0.0349
5682,0.074
5683,0.1107
5684,0.1567
5685,0.2302
5686,0.279
5687,0.3157
5688,0.3403
5689,0.3486
5690,0.3334
5691,0.2867
5692,0.2528
5693,0.2165
5694,0.1153
5695,0.0638
5696,0.0468
5697,0.0571
5698,0.0771
5699,0.0987
5700,0.1054
5701,0.098
5702,0.0973
5703,0.1177
5704,0.1791
5705,0.3334
5706,0.5747
5707,0.6766
5708,0.6314
5709,0.5365
5710,0.4376
5711,0.35
5712,0.2713
5713,0.1652
5714,0.0673
5715,0.037
5716,0.0627
5717,0.0679
5718,0.0344
5719,0.0051
5720,0.0025
5721,0.025
5722,0.0923
5723,0.1548
5724,0.2267
5725,0.2841
5726,0.309
5727,0.313
5728,0.3143
5729,0.2932
5730,0.2638
5731,0.2043
5732,0.1412
5733,0.1351
5734,0.1465
5735,0.1691
5736,0.1989
5737,0.2087
5738,0.2098
5739,0.2256
5740,0.2564
5741,0.254
5742,0.1701
5743,0.1201
5744,0.0966
5745,0.1046
5746,0.1438
5747,0.201
5748,0.2867
5749,0.3854
5750,0.4683
5751,0.4902
5752,0.4361
5753,0.3514
5754,0.2651
5755,0.221
5756,0.1771
5757,0.1652
5758,0.1721
5759,0.1801
5760,0.1894
5761,0.1967
5762,0.1904
5763,0.1595
5764,0.1359
5765,0.13
5766,0.0855
5767,0.0599
5768,0.0284
5769,0.014
5770,0.0078
5771,0.0058
5772,0.0113
5773,0.0212
5774,0.0332
5775,0.0349
5776,0.0332
5777,0.0582
5778,0.152
5779,0.2614
5780,0.3238
5781,0.3458
5782,0.3279
5783,0.2958
5784,0.288
5785,0.2802
5786,0.2663
5787,0.2601
5788,0.2663
5789,0.2739
5790,0.1652
5791,0.0855
5792,0.0604
5793,0.0577
5794,0.0524
5795,0.0439
5796,0.0319
5797,0.0146
5798,0.0016
5799,0.0
5800,0.0015
5801,0.0063
5802,0.0311
5803,0.0903
5804,0.1334
5805,0.1225
5806,0.0944
5807,0.0644
5808,0.028
5809,0.0171
5810,0.0733
5811,0.2638
5812,0.4756
5813,0.5408
5814,0.3754
5815,0.3669
5816,0.3697
5817,0.3626
5818,0.374
5819,0.4493
5820,0.5494
5821,0.6262
5822,0.673
5823,0.673
5824,0.6594
5825,0.6182
5826,0.4771
5827,0.3472
5828,0.2932
5829,0.313
5830,0.3238
5831,0.2945
5832,0.2638
5833,0.2663
5834,0.3143
5835,0.3347
5836,0.3197
5837,0.2688
5838,0.2054
5839,0.2577
5840,0.2267
5841,0.1862
5842,0.1633
5843,0.1585
5844,0.1623
5845,0.175
5846,0.1914
5847,0.2131
5848,0.2528
5849,0.3293
5850,0.5033
5851,0.6417
5852,0.6506
5853,0.6035
5854,0.5236
5855,0.4829
5856,0.4698
5857,0.4376
5858,0.4259
5859,0.384
5860,0.3417
5861,0.3361
5862,0.2176
5863,0.1781
5864,0.1493
5865,0.1114
5866,0.074
5867,0.0604
5868,0.0656
5869,0.0758
5870,0.091
5871,0.098
5872,0.1016
5873,0.1091
5874,0.1421
5875,0.2187
5876,0.3361
5877,0.4537
5878,0.4888
5879,0.4873
5880,0.461
5881,0.423
5882,0.3868
5883,0.3528
5884,0.317
5885,0.279
5886,0.1567
5887,0.0809
5888,0.0295
5889,0.0122
5890,0.0082
5891,0.0076
5892,0.0106
5893,0.0162
5894,0.0225
5895,0.0344
5896,0.0582
5897,0.1138
5898,0.2893
5899,0.442
5900,0.4566
5901,0.4303
5902,0.407
5903,0.3598
5904,0.317
5905,0.2589
5906,0.2065
5907,0.1791
5908,0.1701
5909,0.1585
5910,0.1394
5911,0.2065
5912,0.3655
5913,0.4056
5914,0.3998
5915,0.4027
5916,0.4056
5917,0.384
5918,0.3911
5919,0.4581
5920,0.5508
5921,0.6022
5922,0.6766
5923,0.707
5924,0.6544
5925,0.6288
5926,0.6129
5927,0.555
5928,0.5178
5929,0.5308
5930,0.5579
5931,0.5719
5932,0.555
5933,0.5365
5934,0.4347
5935,0.4902
5936,0.5236
5937,0.4917
5938,0.4449
5939,0.4085
5940,0.407
5941,0.4085
5942,0.4288
5943,0.4742
5944,0.5635
5945,0.6644
5946,0.7126
5947,0.6862
5948,0.6532
5949,0.6196
5950,0.5677
5951,0.5193
5952,0.4464
5953,0.3542
5954,0.2663
5955,0.1957
5956,0.1447
5957,0.1233
5958,0.0916
5959,0.0406
5960,0.0599
5961,0.055
5962,0.0577
5963,0.074
5964,0.1114
5965,0.1672
5966,0.2348
5967,0.3063
5968,0.3998
5969,0.5164
5970,0.5967
5971,0.5775
5972,0.5033
5973,0.4859
5974,0.4157
5975,0.3077
5976,0.2905
5977,0.3683
5978,0.3725
5979,0.3883
5980,0.357
5981,0.3403
5982,0.2491
5983,0.1801
5984,0.1643
5985,0.1438
5986,0.1283
5987,0.1342
5988,0.1662
5989,0.2032
5990,0.2601
5991,0.3754
5992,0.5033
5993,0.6209
5994,0.6814
5995,0.6248
5996,0.5981
5997,0.5816
5998,0.5719
5999,0.555
6000,0.5004
6001,0.4449
6002,0.4259
6003,0.4012
6004,0.3883
6005,0.3655
6006,0.2467
6007,0.1721
6008,0.2267
6009,0.1914
6010,0.1576
6011,0.1275
6012,0.0937
6013,0.065
6014,0.0616
6015,0.0765
6016,0.098
6017,0.1377
6018,0.1904
6019,0.1852
6020,0.1169
6021,0.0627
6022,0.0518
6023,0.0332
6024,0.0311
6025,0.0453
6026,0.0685
6027,0.1091
6028,0.1781
6029,0.2577
6030,0.3197
6031,0.2739
6032,0.3389
6033,0.4259
6034,0.5149
6035,0.5967
6036,0.6532
6037,0.6874
6038,0.7002
6039,0.7171
6040,0.7236
6041,0.6022
6042,0.4347
6043,0.2893
6044,0.2854
6045,0.4085
6046,0.48
6047,0.4844
6048,0.4303
6049,0.3612
6050,0.309
6051,0.3157
6052,0.3683
6053,0.4259
6054,0.3306
6055,0.2701
6056,0.3655
6057,0.3911
6058,0.3224
6059,0.2841
6060,0.3037
6061,0.3293
6062,0.3238
6063,0.2777
6064,0.2032
6065,0.2443
6066,0.3926
6067,0.5308
6068,0.6275
6069,0.6607
6070,0.6235
6071,0.5222
6072,0.4464
6073,0.3768
6074,0.3279
6075,0.2932
6076,0.2601
6077,0.1957
6078,0.0966
6079,0.0239
6080,0.0366
6081,0.0752
6082,0.1138
6083,0.1633
6084,0.2098
6085,0.2467
6086,0.2764
6087,0.3103
6088,0.3265
6089,0.317
6090,0.317
6091,0.317
6092,0.301
6093,0.2905
6094,0.279
6095,0.2589
6096,0.2221
6097,0.175
6098,0.1283
6099,0.1009
6100,0.0869
6101,0.0721
6102,0.0555
6103,0.0276
6104,0.0229
6105,0.0319
6106,0.0402
6107,0.0508
6108,0.0627
6109,0.0771
6110,0.0923
6111,0.1054
6112,0.1161
6113,0.1711
6114,0.3238
6115,0.4085
6116,0.3998
6117,0.4027
6118,0.4128
6119,0.4027
6120,0.3797
6121,0.3655
6122,0.3669
6123,0.374
6124,0.4041
6125,0.4551
6126,0.3998
6127,0.2764
6128,0.3782
6129,0.3224
6130,0.2945
6131,0.2997
6132,0.3184
6133,0.3486
6134,0.394
6135,0.4449
6136,0.499
6137,0.5222
6138,0.6569
6139,0.7115
6140,0.6814
6141,0.6669
6142,0.6532
6143,0.6392
6144,0.6301
6145,0.6235
6146,0.6196
6147,0.6209
6148,0.6196
6149,0.6196
6150,0.5579
6151,0.5106
6152,0.5019
6153,0.4625
6154,0.4186
6155,0.3626
6156,0.2932
6157,0.2198
6158,0.1672
6159,0.1377
6160,0.1242
6161,0.152
6162,0.2688
6163,0.4376
6164,0.5522
6165,0.5761
6166,0.5872
6167,0.5677
6168,0.5322
6169,0.4873
6170,0.4551
6171,0.4317
6172,0.4114
6173,0.4041
6174,0.3024
6175,0.1493
6176,0.1438
6177,0.2348
6178,0.2076
6179,0.1456
6180,0.0875
6181,0.0453
6182,0.0135
6183,0.0074
6184,0.0299
6185,0.1595
6186,0.4712
6187,0.6826
6188,0.6632
6189,0.6182
6190,0.5522
6191,0.4961
6192,0.4493
6193,0.4172
6194,0.3983
6195,0.3626
6196,0.3389
6197,0.3514
6198,0.3143
6199,0.2165
6200,0.201
6201,0.2153
6202,0.1957
6203,0.1447
6204,0.1061
6205,0.1002
6206,0.13
6207,0.1978
6208,0.3265
6209,0.5621
6210,0.7695
6211,0.7437
6212,0.6632
6213,0.6049
6214,0.5705
6215,0.5536
6216,0.5536
6217,0.5536
6218,0.5522
6219,0.5322
6220,0.512
6221,0.4932
6222,0.3983
6223,0.3224
6224,0.313
6225,0.3347
6226,0.384
6227,0.4201
6228,0.4317
6229,0.4361
6230,0.4566
6231,0.5062
6232,0.5789
6233,0.6222
6234,0.673
6235,0.7104
6236,0.7182
6237,0.7182
6238,0.716
6239,0.7126
6240,0.7025
6241,0.699
6242,0.7036
6243,0.7059
6244,0.716
6245,0.7364
6246,0.729
6247,0.8264
6248,0.8743
6249,0.8899
6250,0.8904
6251,0.8894
6252,0.8853
6253,0.8831
6254,0.8863
6255,0.8944
6256,0.8899
6257,0.8457
6258,0.855
6259,0.8272
6260,0.8132
6261,0.8076
6262,0.8017
6263,0.7932
6264,0.7906
6265,0.7932
6266,0.7843
6267,0.7637
6268,0.7427
6269,0.7247
6270,0.6826
6271,0.7002
6272,0.777
6273,0.8537
6274,0.8953
6275,0.9074
6276,0.9108
6277,0.9117
6278,0.91
6279,0.9095
6280,0.8977
6281,0.836
6282,0.8156
6283,0.8226
6284,0.8156
6285,0.8059
6286,0.8067
6287,0.8017
6288,0.7906
6289,0.7798
6290,0.7704
6291,0.7549
6292,0.7406
6293,0.7364
6294,0.7115
6295,0.699
6296,0.8257
6297,0.8249
6298,0.7992
6299,0.7333
6300,0.6532
6301,0.5565
6302,0.4756
6303,0.4332
6304,0.4259
6305,0.5967
6306,0.8067
6307,0.8367
6308,0.8116
6309,0.7861
6310,0.7704
6311,0.7843
6312,0.8034
6313,0.8034
6314,0.7914
6315,0.81
6316,0.716
6317,0.679
6318,0.6008
6319,0.4742
6320,0.6532
6321,0.7458
6322,0.7923
6323,0.8302
6324,0.8619
6325,0.8662
6326,0.8471
6327,0.836
6328,0.7215
6329,0.5164
6330,0.5048
6331,0.5719
6332,0.6156
6333,0.6607
6334,0.6619
6335,0.7375
6336,0.7618
6337,0.6049
6338,0.5479
6339,0.5279
6340,0.6353
6341,0.6089
6342,0.6008
6343,0.5981
6344,0.8451
6345,0.8929
6346,0.915
6347,0.9251
6348,0.9345
6349,0.9461
6350,0.9502
6351,0.9342
6352,0.9001
6353,0.8374
6354,0.7975
6355,0.7723
6356,0.7508
6357,0.6209
6358,0.5322
6359,0.5062
6360,0.5451
6361,0.5106
6362,0.4493
6363,0.4332
6364,0.4669
6365,0.5077
6366,0.5494
6367,0.5479
6368,0.5913
6369,0.7182
6370,0.7984
6371,0.8504
6372,0.8594
6373,0.8732
6374,0.876
6375,0.8563
6376,0.8084
6377,0.8172
6378,0.8569
6379,0.8783
6380,0.8766
6381,0.8531
6382,0.8026
6383,0.7932
6384,0.8132
6385,0.7958
6386,0.8821
6387,0.9609
6388,0.9029
6389,0.7852
6390,0.6594
6391,0.7322
6392,0.8692
6393,0.8582
6394,0.8914
6395,0.9266
6396,0.9424
6397,0.9469
6398,0.9429
6399,0.9312
6400,0.8963
6401,0.8331
6402,0.8381
6403,0.8437
6404,0.8367
6405,0.8324
6406,0.7966
6407,0.8043
6408,0.8034
6409,0.8043
6410,0.8034
6411,0.8009
6412,0.8234
6413,0.7447
6414,0.7427
6415,0.5858
6416,0.7343
6417,0.7714
6418,0.7695
6419,0.7733
6420,0.8067
6421,0.8607
6422,0.8788
6423,0.8697
6424,0.8188
6425,0.7458
6426,0.7385
6427,0.7364
6428,0.7312
6429,0.728
6430,0.7578
6431,0.7468
6432,0.7447
6433,0.716
6434,0.7269
6435,0.8034
6436,0.8353
6437,0.8203
6438,0.7798
6439,0.7375
6440,0.8226
6441,0.915
6442,0.9424
6443,0.9576
6444,0.9651
6445,0.971
6446,0.9717
6447,0.9612
6448,0.9418
6449,0.9371
6450,0.9206
6451,0.8543
6452,0.7834
6453,0.7529
6454,0.6909
6455,0.6681
6456,0.6557
6457,0.6766
6458,0.7126
6459,0.699
6460,0.6705
6461,0.6718
6462,0.6607
6463,0.5607
6464,0.679
6465,0.8092
6466,0.8662
6467,0.8987
6468,0.9158
6469,0.9225
6470,0.9273
6471,0.9166
6472,0.8914
6473,0.814
6474,0.7458
6475,0.6862
6476,0.6656
6477,0.6909
6478,0.707
6479,0.6967
6480,0.7488
6481,0.7171
6482,0.6814
6483,0.679
6484,0.6494
6485,0.6248
6486,0.6062
6487,0.5494
6488,0.4902
6489,0.5279
6490,0.699
6491,0.7975
6492,0.8211
6493,0.8331
6494,0.8338
6495,0.8148
6496,0.787
6497,0.6742
6498,0.5954
6499,0.6076
6500,0.6519
6501,0.7354
6502,0.7676
6503,0.8026
6504,0.8353
6505,0.8524
6506,0.8709
6507,0.9024
6508,0.9381
6509,0.9749
6510,0.9702
6511,0.9645
6512,0.9639
6513,0.9837
6514,0.9889
6515,0.9886
6516,0.9892
6517,0.9887
6518,0.9833
6519,0.9652
6520,0.9236
6521,0.8059
6522,0.6862
6523,0.5816
6524,0.5294
6525,0.4829
6526,0.3911
6527,0.2971
6528,0.2491
6529,0.2384
6530,0.2372
6531,0.236
6532,0.2302
6533,0.2408
6534,0.2828
6535,0.2739
6536,0.3143
6537,0.4128
6538,0.4844
6539,0.5649
6540,0.6456
6541,0.6909
6542,0.7093
6543,0.7385
6544,0.7312
6545,0.7182
6546,0.7171
6547,0.7047
6548,0.7559
6549,0.7906
6550,0.7941
6551,0.8172
6552,0.8464
6553,0.8674
6554,0.8656
6555,0.8338
6556,0.865
6557,0.8324
6558,0.8043
6559,0.7714
6560,0.7949
6561,0.8381
6562,0.9121
6563,0.9374
6564,0.9408
6565,0.9412
6566,0.9405
6567,0.9349
6568,0.9042
6569,0.8395
6570,0.7914
6571,0.7549
6572,0.7322
6573,0.7215
6574,0.6921
6575,0.6392
6576,0.5954
6577,0.5954
6578,0.555
6579,0.5106
6580,0.461
6581,0.4114
6582,0.4172
6583,0.3854
6584,0.4332
6585,0.4595
6586,0.4143
6587,0.3444
6588,0.2726
6589,0.2467
6590,0.2244
6591,0.2244
6592,0.2467
6593,0.309
6594,0.3969
6595,0.4245
6596,0.4186
6597,0.4361
6598,0.4099
6599,0.3697
6600,0.3472
6601,0.288
6602,0.2267
6603,0.176
6604,0.1557
6605,0.1904
6606,0.2396
6607,0.1831
6608,0.1456
6609,0.1662
6610,0.1821
6611,0.2408
6612,0.3143
6613,0.3998
6614,0.48
6615,0.5775
6616,0.6353
6617,0.6008
6618,0.6607
6619,0.7396
6620,0.777
6621,0.7949
6622,0.787
6623,0.7559
6624,0.7364
6625,0.6681
6626,0.6456
6627,0.5981
6628,0.6366
6629,0.6102
6630,0.5719
6631,0.4756
6632,0.4888
6633,0.679
6634,0.6885
6635,0.7322
6636,0.7852
6637,0.8242
6638,0.8504
6639,0.8582
6640,0.8234
6641,0.7519
6642,0.728
6643,0.7081
6644,0.6802
6645,0.6379
6646,0.6632
6647,0.6519
6648,0.6116
6649,0.5981
6650,0.594
6651,0.5789
6652,0.5451
6653,0.512
6654,0.48
6655,0.3306
6656,0.2841
6657,0.2764
6658,0.2713
6659,0.3037
6660,0.3612
6661,0.4288
6662,0.4829
6663,0.5164
6664,0.4961
6665,0.4085
6666,0.3868
6667,0.384
6668,0.4085
6669,0.4288
6670,0.4683
6671,0.5365
6672,0.5649
6673,0.6885
6674,0.7312
6675,0.7396
6676,0.6544
6677,0.7193
6678,0.6235
6679,0.4639
6680,0.5222
6681,0.6619
6682,0.7002
6683,0.7025
6684,0.7549
6685,0.7322
6686,0.7343
6687,0.7637
6688,0.6874
6689,0.6288
6690,0.6116
6691,0.5437
6692,0.5222
6693,0.5422
6694,0.4288
6695,0.2528
6696,0.2443
6697,0.1385
6698,0.0483
6699,0.0257
6700,0.0148
6701,0.018
6702,0.042
6703,0.0703
6704,0.0849
6705,0.1465
6706,0.2516
6707,0.3683
6708,0.4888
6709,0.6062
6710,0.7047
6711,0.7559
6712,0.7301
6713,0.7417
6714,0.8116
6715,0.8108
6716,0.7578
6717,0.8132
6718,0.8001
6719,0.8219
6720,0.818
6721,0.8464
6722,0.8478
6723,0.8755
6724,0.7984
6725,0.6379
6726,0.5033
6727,0.3969
6728,0.3077
6729,0.2384
6730,0.212
6731,0.2021
6732,0.3472
6733,0.5579
6734,0.7193
6735,0.7897
6736,0.7879
6737,0.7406
6738,0.7059
6739,0.6956
6740,0.6826
6741,0.6742
6742,0.6742
6743,0.699
6744,0.7312
6745,0.7588
6746,0.7742
6747,0.787
6748,0.8108
6749,0.7941
6750,0.7666
6751,0.6932
6752,0.6778
6753,0.8721
6754,0.9255
6755,0.9342
6756,0.9291
6757,0.9273
6758,0.9236
6759,0.9051
6760,0.8709
6761,0.8484
6762,0.8353
6763,0.8478
6764,0.8264
6765,0.7627
6766,0.7834
6767,0.7396
6768,0.6909
6769,0.6921
6770,0.6766
6771,0.6494
6772,0.6076
6773,0.5394
6774,0.4639
6775,0.3584
6776,0.2854
6777,0.3293
6778,0.3725
6779,0.442
6780,0.5019
6781,0.5422
6782,0.5733
6783,0.5761
6784,0.5091
6785,0.4303
6786,0.4522
6787,0.4712
6788,0.48
6789,0.5265
6790,0.583
6791,0.6142
6792,0.6235
6793,0.6169
6794,0.6327
6795,0.6456
6796,0.6544
6797,0.6481
6798,0.6594
6799,0.6681
6800,0.6481
6801,0.7427
6802,0.7375
6803,0.7081
6804,0.673
6805,0.6379
6806,0.5967
6807,0.5465
6808,0.4902
6809,0.4844
6810,0.512
6811,0.5019
6812,0.4873
6813,0.499
6814,0.5207
6815,0.5408
6816,0.5522
6817,0.5691
6818,0.5663
6819,0.5322
6820,0.525
6821,0.5106
6822,0.4844
6823,0.374
6824,0.3444
6825,0.4902
6826,0.5649
6827,0.6196
6828,0.6519
6829,0.6874
6830,0.7236
6831,0.7171
6832,0.5816
6833,0.4012
6834,0.3306
6835,0.2431
6836,0.1474
6837,0.0733
6838,0.0439
6839,0.0627
6840,0.1539
6841,0.301
6842,0.5872
6843,0.7364
6844,0.7478
6845,0.7704
6846,0.7723
6847,0.685
6848,0.5365
6849,0.5899
6850,0.7002
6851,0.8569
6852,0.8777
6853,0.8234
6854,0.7798
6855,0.5691
6856,0.1842
6857,0.0425
6858,0.0101
6859,0.0058
6860,0.004
6861,0.0043
6862,0.0101
6863,0.0588
6864,0.1483
6865,0.2372
6866,0.2828
6867,0.2032
6868,0.1493
6869,0.1811
6870,0.2528
6871,0.2739
6872,0.2589
6873,0.2244
6874,0.2419
6875,0.2443
6876,0.3868
6877,0.5322
6878,0.6102
6879,0.5451
6880,0.4742
6881,0.4975
6882,0.5663
6883,0.6327
6884,0.6062
6885,0.5351
6886,0.5954
6887,0.6169
6888,0.5579
6889,0.5844
6890,0.7126
6891,0.6632
6892,0.643
6893,0.7093
6894,0.7618
6895,0.7714
6896,0.7354
6897,0.8423
6898,0.8815
6899,0.8899
6900,0.8726
6901,0.8257
6902,0.7519
6903,0.7126
6904,0.6209
6905,0.5967
6906,0.7488
6907,0.7742
6908,0.814
6909,0.876
6910,0.9051
6911,0.9217
6912,0.9453
6913,0.951
6914,0.9426
6915,0.9339
6916,0.9247
6917,0.9291
6918,0.939
6919,0.948
6920,0.9538
6921,0.9848
6922,0.9897
6923,0.988
6924,0.9834
6925,0.9798
6926,0.9756
6927,0.9108
6928,0.7888
6929,0.6262
6930,0.5091
6931,0.3458
6932,0.2279
6933,0.0777
6934,0.0086
6935,0.0028
6936,0.0056
6937,0.0122
6938,0.0287
6939,0.0344
6940,0.0361
6941,0.0429
6942,0.0524
6943,0.0599
6944,0.0842
6945,0.2267
6946,0.4712
6947,0.7036
6948,0.8059
6949,0.8338
6950,0.8409
6951,0.8234
6952,0.7427
6953,0.6979
6954,0.6979
6955,0.7578
6956,0.7637
6957,0.8203
6958,0.8873
6959,0.9074
6960,0.9308
6961,0.9429
6962,0.9374
6963,0.9332
6964,0.9217
6965,0.8697
6966,0.8423
6967,0.7704
6968,0.6944
6969,0.8051
6970,0.8444
6971,0.8537
6972,0.8582
6973,0.8451
6974,0.818
6975,0.7608
6976,0.6742
6977,0.7137
6978,0.7478
6979,0.7529
6980,0.7588
6981,0.7657
6982,0.7578
6983,0.7695
6984,0.7247
6985,0.6742
6986,0.6129
6987,0.5279
6988,0.4756
6989,0.4201
6990,0.3598
6991,0.301
6992,0.1978
6993,0.1031
6994,0.0616
6995,0.0383
6996,0.0307
6997,0.0148
6998,0.0065
6999,0.0051
7000,0.0058
7001,0.0056
7002,0.0115
7003,0.0215
7004,0.0379
7005,0.0571
7006,0.1201
7007,0.1989
7008,0.1936
7009,0.3103
7010,0.3782
7011,0.4975
7012,0.3626
7013,0.5207
7014,0.4946
7015,0.4186
7016,0.2893
7017,0.2764
7018,0.2958
7019,0.2221
7020,0.1691
7021,0.1351
7022,0.1031
7023,0.0685
7024,0.0829
7025,0.174
7026,0.343
7027,0.4712
7028,0.5816
7029,0.5899
7030,0.5593
7031,0.499
7032,0.4056
7033,0.3143
7034,0.2589
7035,0.1957
7036,0.1342
7037,0.0816
7038,0.0468
7039,0.0291
7040,0.0097
7041,0.0101
7042,0.0157
7043,0.0127
7044,0.0038
7045,0.0001
7046,0.0017
7047,0.008
7048,0.0171
7049,0.0311
7050,0.0593
7051,0.0995
7052,0.1421
7053,0.175
7054,0.1831
7055,0.1595
7056,0.1242
7057,0.1394
7058,0.2098
7059,0.2087
7060,0.2408
7061,0.2932
7062,0.1967
7063,0.1557
7064,0.1217
7065,0.0803
7066,0.0809
7067,0.1529
7068,0.2256
7069,0.279
7070,0.4012
7071,0.461
7072,0.512
7073,0.6468
7074,0.6742
7075,0.643
7076,0.6235
7077,0.5705
7078,0.5351
7079,0.5885
7080,0.6802
7081,0.707
7082,0.699
7083,0.6754
7084,0.6644
7085,0.6456
7086,0.6102
7087,0.5579
7088,0.4727
7089,0.5394
7090,0.5149
7091,0.3998
7092,0.2932
7093,0.1771
7094,0.1258
7095,0.0966
7096,0.1225
7097,0.1385
7098,0.1291
7099,0.1153
7100,0.1904
7101,0.2348
7102,0.2131
7103,0.1914
7104,0.2396
7105,0.2528
7106,0.1946
7107,0.2491
7108,0.3334
7109,0.3265
7110,0.2971
7111,0.1529
7112,0.1024
7113,0.1883
7114,0.2337
7115,0.2142
7116,0.3024
7117,0.4085
7118,0.4902
7119,0.5178
7120,0.4727
7121,0.5789
7122,0.6076
7123,0.5222
7124,0.499
7125,0.5033
7126,0.5649
7127,0.6826
7128,0.728
7129,0.7458
7130,0.729
7131,0.6766
7132,0.6814
7133,0.6885
7134,0.7171
7135,0.7204
7136,0.6288
7137,0.7417
7138,0.8043
7139,0.7992
7140,0.814
7141,0.836
7142,0.8374
7143,0.7879
7144,0.6519
7145,0.6494
7146,0.6802
7147,0.6862
7148,0.6979
7149,0.7182
7150,0.7093
7151,0.6909
7152,0.6885
7153,0.685
7154,0.6932
7155,0.7126
7156,0.7047
7157,0.6778
7158,0.6956
7159,0.7104
7160,0.6693
7161,0.6392
7162,0.8001
7163,0.8556
7164,0.8709
7165,0.8582
7166,0.8124
7167,0.6979
7168,0.6417
7169,0.6644
7170,0.6766
7171,0.6619
7172,0.6327
7173,0.5913
7174,0.5607
7175,0.5048
7176,0.4347
7177,0.2479
7178,0.1291
7179,0.1456
7180,0.1377
7181,0.1662
7182,0.5236
7183,0.6826
7184,0.7126
7185,0.6979
7186,0.6494
7187,0.5872
7188,0.5337
7189,0.4712
7190,0.4143
7191,0.3725
7192,0.3955
7193,0.4961
7194,0.5607
7195,0.5607
7196,0.5308
7197,0.5607
7198,0.5236
7199,0.4946
7200,0.4917
7201,0.525
7202,0.5579
7203,0.5913
7204,0.594
7205,0.5649
7206,0.5337
7207,0.5294
7208,0.5178
7209,0.5019
7210,0.4245
7211,0.3117
7212,0.2337
7213,0.2198
7214,0.2491
7215,0.3211
7216,0.3926
7217,0.4873
7218,0.4932
7219,0.5091
7220,0.5565
7221,0.5747
7222,0.4595
7223,0.3389
7224,0.3361
7225,0.3883
7226,0.4157
7227,0.4027
7228,0.442
7229,0.4742
7230,0.4932
7231,0.5062
7232,0.5351
7233,0.5033
7234,0.4756
7235,0.4027
7236,0.2997
7237,0.201
7238,0.1351
7239,0.1039
7240,0.13
7241,0.1946
7242,0.2528
7243,0.2841
7244,0.3024
7245,0.35
7246,0.3811
7247,0.3854
7248,0.3782
7249,0.3683
7250,0.3542
7251,0.35
7252,0.3157
7253,0.2626
7254,0.254
7255,0.2713
7256,0.2528
7257,0.1643
7258,0.1403
7259,0.1614
7260,0.1914
7261,0.2313
7262,0.2828
7263,0.3683
7264,0.5048
7265,0.6314
7266,0.6607
7267,0.6222
7268,0.5719
7269,0.6262
7270,0.6248
7271,0.5494
7272,0.4581
7273,0.5858
7274,0.6582
7275,0.6456
7276,0.6116
7277,0.6035
7278,0.6156
7279,0.5967
7280,0.4288
7281,0.4683
7282,0.5091
7283,0.5308
7284,0.5308
7285,0.5265
7286,0.4917
7287,0.3754
7288,0.2997
7289,0.309
7290,0.2919
7291,0.2997
7292,0.3626
7293,0.4829
7294,0.583
7295,0.6885
7296,0.7588
7297,0.7825
7298,0.787
7299,0.9015
7300,0.9095
7301,0.8674
7302,0.8537
7303,0.8588
7304,0.8316
7305,0.8537
7306,0.8381
7307,0.8478
7308,0.8051
7309,0.7588
7310,0.8457
7311,0.9108
7312,0.9129
7313,0.915
7314,0.9335
7315,0.9418
7316,0.9182
7317,0.9024
7318,0.9291
7319,0.9047
7320,0.8909
7321,0.8919
7322,0.8884
7323,0.9266
7324,0.9489
7325,0.9691
7326,0.9736
7327,0.9731
7328,0.9702
7329,0.9647
7330,0.9715
7331,0.9788
7332,0.9458
7333,0.9217
7334,0.9229
7335,0.9138
7336,0.9006
7337,0.8821
7338,0.8444
7339,0.8381
7340,0.8726
7341,0.8788
7342,0.9202
7343,0.9839
7344,0.99
7345,0.9908
7346,0.9733
7347,0.5816
7348,0.3797
7349,0.8703
7350,0.989
7351,0.9909
7352,0.9499
7353,0.9186
7354,0.9528
7355,0.9684
7356,0.9811
7357,0.9772
7358,0.971
7359,0.9557
7360,0.9229
7361,0.8738
7362,0.8324
7363,0.7647
7364,0.8084
7365,0.8703
7366,0.9104
7367,0.9266
7368,0.9162
7369,0.8783
7370,0.8531
7371,0.8498
7372,0.8644
7373,0.8749
7374,0.8939
7375,0.9255
7376,0.9583
7377,0.9658
7378,0.9802
7379,0.9908
7380,0.9895
7381,0.9817
7382,0.9695
7383,0.9358
7384,0.9318
7385,0.9483
7386,0.9287
7387,0.91
7388,0.9142
7389,0.9166
7390,0.9138
7391,0.8889
7392,0.8504
7393,0.7914
7394,0.7598
7395,0.7215
7396,0.7002
7397,0.6944
7398,0.7013
7399,0.707
7400,0.6766
7401,0.7685
7402,0.8656
7403,0.917
7404,0.9426
7405,0.9502
7406,0.919
7407,0.8858
7408,0.8517
7409,0.8338
7410,0.8009
7411,0.7343
7412,0.6443
7413,0.5719
7414,0.5635
7415,0.5954
7416,0.5789
7417,0.5635
7418,0.555
7419,0.5294
7420,0.5077
7421,0.4873
7422,0.4844
7423,0.4581
7424,0.3103
7425,0.2256
7426,0.2491
7427,0.3347
7428,0.4288
7429,0.5294
7430,0.5294
7431,0.4639
7432,0.4815
7433,0.5164
7434,0.5178
7435,0.5691
7436,0.6456
7437,0.7375
7438,0.8067
7439,0.8457
7440,0.9682
7441,0.9247
7442,0.8656
7443,0.8607
7444,0.7941
7445,0.728
7446,0.7225
7447,0.6693
7448,0.5621
7449,0.4961
7450,0.6742
7451,0.7549
7452,0.7779
7453,0.7618
7454,0.7126
7455,0.6288
7456,0.6468
7457,0.7137
7458,0.7301
7459,0.707
7460,0.6569
7461,0.5995
7462,0.332
7463,0.1099
7464,0.1394
7465,0.4157
7466,0.4859
7467,0.4215
7468,0.3542
7469,0.35
7470,0.3911
7471,0.4537
7472,0.5733
7473,0.679
7474,0.7225
7475,0.7608
7476,0.7704
7477,0.7529
7478,0.6932
7479,0.5422
7480,0.4975
7481,0.5719
7482,0.6209
7483,0.6182
7484,0.5747
7485,0.5062
7486,0.4259
7487,0.3854
7488,0.3626
7489,0.2828
7490,0.1691
7491,0.0604
7492,0.0099
7493,0.0048
7494,0.1138
7495,0.3626
7496,0.5048
7497,0.6076
7498,0.7002
7499,0.7779
7500,0.8613
7501,0.8963
7502,0.7714
7503,0.7519
7504,0.9396
7505,0.939
7506,0.8987
7507,0.8788
7508,0.8668
7509,0.8517
7510,0.8395
7511,0.8067
7512,0.7354
7513,0.7025
7514,0.6932
7515,0.6967
7516,0.7598
7517,0.7549
7518,0.7578
7519,0.7559
7520,0.6557
7521,0.5164
7522,0.4215
7523,0.3361
7524,0.2726
7525,0.2021
7526,0.1662
7527,0.0952
7528,0.037
7529,0.0229
7530,0.0001
7531,0.0115
7532,0.0425
7533,0.2087
7534,0.3197
7535,0.4085
7536,0.4099
7537,0.4317
7538,0.4172
7539,0.5062
7540,0.5995
7541,0.6327
7542,0.6366
7543,0.6532
7544,0.7115
7545,0.8051
7546,0.8842
7547,0.9069
7548,0.9006
7549,0.8837
7550,0.8569
7551,0.8203
7552,0.7932
7553,0.7834
7554,0.7676
7555,0.7608
7556,0.7437
7557,0.7171
7558,0.7468
7559,0.8043
7560,0.7647
7561,0.7906
7562,0.7508
7563,0.7375
7564,0.7236
7565,0.6944
7566,0.6693
7567,0.6874
7568,0.6379
7569,0.5408
7570,0.5872
7571,0.7059
7572,0.7458
7573,0.716
7574,0.5885
7575,0.4493
7576,0.4332
7577,0.4771
7578,0.5164
7579,0.4946
7580,0.4274
7581,0.3683
7582,0.3472
7583,0.3626
7584,0.4259
7585,0.4595
7586,0.4844
7587,0.4859
7588,0.4508
7589,0.4464
7590,0.4625
7591,0.5077
7592,0.4245
7593,0.2564
7594,0.3157
7595,0.3514
7596,0.4566
7597,0.6008
7598,0.6656
7599,0.7559
7600,0.8471
7601,0.9038
7602,0.9396
7603,0.962
7604,0.8894
7605,0.6838
7606,0.7488
7607,0.7081
7608,0.6404
7609,0.6169
7610,0.384
7611,0.2098
7612,0.1936
7613,0.1325
7614,0.0869
7615,0.0662
7616,0.055
7617,0.065
7618,0.0685
7619,0.0555
7620,0.037
7621,0.0265
7622,0.0229
7623,0.0303
7624,0.0439
7625,0.0752
7626,0.1242
7627,0.1711
7628,0.2325
7629,0.3782
7630,0.4873
7631,0.4683
7632,0.3854
7633,0.2713
7634,0.1862
7635,0.175
7636,0.2131
7637,0.2751
7638,0.3306
7639,0.3486
7640,0.3157
7641,0.2651
7642,0.2267
7643,0.2384
7644,0.2919
7645,0.3598
7646,0.4186
7647,0.5279
7648,0.6169
7649,0.6632
7650,0.6656
7651,0.6392
7652,0.6049
7653,0.5995
7654,0.5885
7655,0.6022
7656,0.5995
7657,0.6062
7658,0.6718
7659,0.7137
7660,0.7312
7661,0.7508
7662,0.7149
7663,0.6222
7664,0.5091
7665,0.4493
7666,0.3711
7667,0.309
7668,0.2713
7669,0.2516
7670,0.2187
7671,0.1791
7672,0.1771
7673,0.1842
7674,0.1904
7675,0.1342
7676,0.0715
7677,0.0303
7678,0.0049
7679,0.0001
7680,0.0
7681,0.0
7682,0.0
7683,0.0001
7684,0.0219
7685,0.0777
7686,0.1266
7687,0.1242
7688,0.1069
7689,0.0816
7690,0.0829
7691,0.079
7692,0.0555
7693,0.0357
7694,0.0349
7695,0.0803
7696,0.1721
7697,0.2751
7698,0.3143
7699,0.2688
7700,0.1852
7701,0.125
7702,0.1122
7703,0.1258
7704,0.1447
7705,0.1652
7706,0.1946
7707,0.2142
7708,0.2054
7709,0.1842
7710,0.1652
7711,0.1595
7712,0.1567
7713,0.1016
7714,0.0566
7715,0.0539
7716,0.0478
7717,0.0411
7718,0.0425
7719,0.0375
7720,0.0388
7721,0.0518
7722,0.0673
7723,0.0703
7724,0.0604
7725,0.0571
7726,0.0752
7727,0.1233
7728,0.1821
7729,0.2043
7730,0.212
7731,0.1904
7732,0.1791
7733,0.2153
7734,0.2841
7735,0.3252
7736,0.2802
7737,0.212
7738,0.1946
7739,0.2577
7740,0.301
7741,0.3252
7742,0.3389
7743,0.4786
7744,0.6705
7745,0.7406
7746,0.7427
7747,0.6802
7748,0.6182
7749,0.5981
7750,0.5954
7751,0.5899
7752,0.5719
7753,0.5536
7754,0.5437
7755,0.5207
7756,0.4786
7757,0.439
7758,0.4012
7759,0.3655
7760,0.3279
7761,0.3117
7762,0.2958
7763,0.2905
7764,0.3238
7765,0.3458
7766,0.3697
7767,0.3868
7768,0.5062
7769,0.6366
7770,0.7093
7771,0.7236
7772,0.7193
7773,0.6979
7774,0.6921
7775,0.6619
7776,0.6557
7777,0.5844
7778,0.5337
7779,0.4815
7780,0.394
7781,0.4114
7782,0.4157
7783,0.5091
7784,0.5775
7785,0.5193
7786,0.5193
7787,0.4961
7788,0.4259
7789,0.4201
7790,0.4245
7791,0.5365
7792,0.679
7793,0.7458
7794,0.7647
7795,0.7789
7796,0.7798
7797,0.7975
7798,0.8001
7799,0.8164
7800,0.8345
7801,0.8331
7802,0.8338
7803,0.8164
7804,0.7498
7805,0.7437
7806,0.7193
7807,0.7193
7808,0.8043
7809,0.8478
7810,0.906
7811,0.9491
7812,0.9581
7813,0.955
7814,0.9507
7815,0.9444
7816,0.9441
7817,0.9325
7818,0.917
7819,0.9339
7820,0.9378
7821,0.9015
7822,0.7852
7823,0.699
7824,0.5677
7825,0.4932
7826,0.5294
7827,0.5106
7828,0.442
7829,0.3584
7830,0.2244
7831,0.1069
7832,0.0212
7833,0.0
7834,0.0222
7835,0.0758
7836,0.1721
7837,0.3334
7838,0.5872
7839,0.7588
7840,0.7992
7841,0.7301
7842,0.6932
7843,0.679
7844,0.6481
7845,0.6129
7846,0.5663
7847,0.5308
7848,0.5019
7849,0.4815
7850,0.4464
7851,0.3883
7852,0.3224
7853,0.2958
7854,0.2984
7855,0.2841
7856,0.2372
7857,0.1681
7858,0.1539
7859,0.1914
7860,0.2153
7861,0.229
7862,0.2577
7863,0.3157
7864,0.4508
7865,0.5967
7866,0.6909
7867,0.7825
7868,0.8409
7869,0.8842
7870,0.8987
7871,0.8894
7872,0.9015
7873,0.9298
7874,0.9042
7875,0.8437
7876,0.7618
7877,0.7247
7878,0.7478
7879,0.7137
7880,0.6443
7881,0.5522
7882,0.6327
7883,0.6897
7884,0.6979
7885,0.6456
7886,0.5733
7887,0.5775
7888,0.6506
7889,0.6494
7890,0.634
7891,0.6314
7892,0.6196
7893,0.6392
7894,0.634
7895,0.6196
7896,0.685
7897,0.7081
7898,0.7549
7899,0.8092
7900,0.8601
7901,0.8904
7902,0.9594
7903,0.9809
7904,0.9624
7905,0.9491
7906,0.9129
7907,0.9146
7908,0.9158
7909,0.9213
7910,0.91
7911,0.8831
7912,0.8524
7913,0.8076
7914,0.8172
7915,0.91
7916,0.9232
7917,0.9535
7918,0.9758
7919,0.9828
7920,0.982
7921,0.9758
7922,0.972
7923,0.973
7924,0.9605
7925,0.9567
7926,0.9718
7927,0.9769
7928,0.9791
7929,0.983
7930,0.9834
7931,0.9851
7932,0.9837
7933,0.9786
7934,0.9645
7935,0.9494
7936,0.9378
7937,0.9276
7938,0.9213
7939,0.9038
7940,0.8738
7941,0.8575
7942,0.8588
7943,0.8619
7944,0.8324
7945,0.8402
7946,0.8766
7947,0.8894
7948,0.8963
7949,0.9033
7950,0.902
7951,0.8203
7952,0.7657
7953,0.7343
7954,0.8504
7955,0.8977
7956,0.9112
7957,0.8842
7958,0.8309
7959,0.7852
7960,0.7104
7961,0.7126
7962,0.643
7963,0.6557
7964,0.6049
7965,0.5981
7966,0.6196
7967,0.6404
7968,0.6607
7969,0.6494
7970,0.6802
7971,0.6669
7972,0.643
7973,0.6275
7974,0.6209
7975,0.5816
7976,0.4873
7977,0.3024
7978,0.2198
7979,0.2267
7980,0.2032
7981,0.1801
7982,0.1557
7983,0.1548
7984,0.1721
7985,0.1368
7986,0.0882
7987,0.0529
7988,0.037
7989,0.0715
7990,0.201
7991,0.4085
7992,0.5677
7993,0.5635
7994,0.512
7995,0.5322
7996,0.6129
7997,0.6116
7998,0.6693
7999,0.6669
8000,0.7714
8001,0.814
8002,0.7825
8003,0.7115
8004,0.7258
8005,0.7447
8006,0.6885
8007,0.6062
8008,0.4975
8009,0.3697
8010,0.2945
8011,0.2408
8012,0.2076
8013,0.1193
8014,0.0588
8015,0.0261
8016,0.0315
8017,0.0534
8018,0.1291
8019,0.1957
8020,0.2267
8021,0.2337
8022,0.2325
8023,0.2443
8024,0.2919
8025,0.3655
8026,0.4654
8027,0.5593
8028,0.6301
8029,0.6705
8030,0.6826
8031,0.6392
8032,0.6814
8033,0.7406
8034,0.7478
8035,0.7618
8036,0.7637
8037,0.7549
8038,0.7417
8039,0.7417
8040,0.7468
8041,0.7559
8042,0.7375
8043,0.7322
8044,0.6742
8045,0.685
8046,0.6557
8047,0.6076
8048,0.5062
8049,0.5803
8050,0.7559
8051,0.729
8052,0.7247
8053,0.7115
8054,0.6693
8055,0.5885
8056,0.6248
8057,0.6742
8058,0.679
8059,0.6632
8060,0.6353
8061,0.6089
8062,0.5394
8063,0.4376
8064,0.3626
8065,0.2867
8066,0.2396
8067,0.2187
8068,0.2396
8069,0.2688
8070,0.2945
8071,0.3063
8072,0.3472
8073,0.3347
8074,0.2893
8075,0.3238
8076,0.4245
8077,0.525
8078,0.5967
8079,0.5565
8080,0.6169
8081,0.6967
8082,0.6921
8083,0.6519
8084,0.5663
8085,0.4742
8086,0.4551
8087,0.4654
8088,0.4595
8089,0.3711
8090,0.2726
8091,0.1967
8092,0.1474
8093,0.1283
8094,0.1193
8095,0.1046
8096,0.0784
8097,0.0555
8098,0.0411
8099,0.034
8100,0.037
8101,0.0529
8102,0.0758
8103,0.1438
8104,0.2419
8105,0.2984
8106,0.3417
8107,0.3768
8108,0.3782
8109,0.3458
8110,0.2919
8111,0.2131
8112,0.1421
8113,0.1039
8114,0.1024
8115,0.093
8116,0.0644
8117,0.0402
8118,0.0379
8119,0.0375
8120,0.0268
8121,0.0165
8122,0.0059
8123,0.0
8124,0.0
8125,0.0006
8126,0.0061
8127,0.0174
8128,0.0103
8129,0.0028
8130,0.0017
8131,0.012
8132,0.0323
8133,0.0593
8134,0.0944
8135,0.1721
8136,0.317
8137,0.4669
8138,0.5926
8139,0.6826
8140,0.7437
8141,0.7676
8142,0.7742
8143,0.7779
8144,0.7704
8145,0.7417
8146,0.7568
8147,0.7578
8148,0.8668
8149,0.8992
8150,0.9024
8151,0.8996
8152,0.8815
8153,0.8842
8154,0.8987
8155,0.8484
8156,0.7723
8157,0.6885
8158,0.6607
8159,0.6443
8160,0.6022
8161,0.5789
8162,0.5747
8163,0.5164
8164,0.4128
8165,0.343
8166,0.317
8167,0.2905
8168,0.2455
8169,0.1831
8170,0.1091
8171,0.0995
8172,0.1217
8173,0.1691
8174,0.2256
8175,0.2867
8176,0.4143
8177,0.4639
8178,0.4756
8179,0.5149
8180,0.5858
8181,0.6557
8182,0.7247
8183,0.777
8184,0.8132
8185,0.8619
8186,0.8904
8187,0.9255
8188,0.9339
8189,0.9236
8190,0.9056
8191,0.9142
8192,0.8484
8193,0.7723
8194,0.7608
8195,0.7578
8196,0.7923
8197,0.8743
8198,0.8953
8199,0.9232
8200,0.951
8201,0.971
8202,0.9778
8203,0.9766
8204,0.9765
8205,0.984
8206,0.9905
8207,0.9909
8208,0.9908
8209,0.9892
8210,0.9904
8211,0.9909
8212,0.9909
8213,0.9909
8214,0.9908
8215,0.99
8216,0.9857
8217,0.9822
8218,0.9743
8219,0.9628
8220,0.952
8221,0.9194
8222,0.8662
8223,0.8026
8224,0.7816
8225,0.7115
8226,0.6456
8227,0.5691
8228,0.4829
8229,0.364
8230,0.2528
8231,0.098
8232,0.0137
8233,0.0072
8234,0.0685
8235,0.1978
8236,0.3403
8237,0.4085
8238,0.512
8239,0.6693
8240,0.7478
8241,0.7519
8242,0.6967
8243,0.7081
8244,0.7385
8245,0.8108
8246,0.8416
8247,0.8924
8248,0.9091
8249,0.9217
8250,0.9567
8251,0.9594
8252,0.9698
8253,0.9688
8254,0.9378
8255,0.7657
8256,0.7115
8257,0.5954
8258,0.4215
8259,0.4274
8260,0.4027
8261,0.3768
8262,0.288
8263,0.35
8264,0.4815
8265,0.5522
8266,0.6327
8267,0.8309
8268,0.9461
8269,0.9641
8270,0.9402
8271,0.8884
8272,0.8464
8273,0.8264
8274,0.8287
8275,0.7779
8276,0.7608
8277,0.7751
8278,0.8092
8279,0.7834
8280,0.7215
8281,0.6532
8282,0.6089
8283,0.6156
8284,0.6301
8285,0.6718
8286,0.7417
8287,0.8084
8288,0.8973
8289,0.8939
8290,0.919
8291,0.9535
8292,0.9405
8293,0.9078
8294,0.917
8295,0.9453
8296,0.9365
8297,0.8987
8298,0.8944
8299,0.9408
8300,0.9726
8301,0.9846
8302,0.9884
8303,0.9884
8304,0.9883
8305,0.9907
8306,0.9909
8307,0.9909
8308,0.9909
8309,0.9903
8310,0.9853
8311,0.9835
8312,0.9814
8313,0.9791
8314,0.9816
8315,0.983
8316,0.9837
8317,0.9766
8318,0.9603
8319,0.9478
8320,0.9429
8321,0.921
8322,0.9704
8323,0.9769
8324,0.9643
8325,0.9611
8326,0.9682
8327,0.979
8328,0.9884
8329,0.9907
8330,0.9795
8331,0.955
8332,0.924
8333,0.8977
8334,0.836
8335,0.7861
8336,0.7789
8337,0.6814
8338,0.6468
8339,0.865
8340,0.8777
8341,0.8353
8342,0.7568
8343,0.6049
8344,0.6196
8345,0.6494
8346,0.7013
8347,0.8878
8348,0.9798
8349,0.9706
8350,0.9856
8351,0.9841
8352,0.9682
8353,0.9528
8354,0.9349
8355,0.9056
8356,0.8703
8357,0.8316
8358,0.8001
8359,0.7843
8360,0.7508
8361,0.6569
8362,0.5926
8363,0.729
8364,0.7637
8365,0.7204
8366,0.6967
8367,0.6778
8368,0.6838
8369,0.7093
8370,0.7036
8371,0.6705
8372,0.6693
8373,0.6838
8374,0.7333
8375,0.7343
8376,0.7975
8377,0.7657
8378,0.6909
8379,0.6049
8380,0.5164
8381,0.3797
8382,0.229
8383,0.1317
8384,0.1283
8385,0.1342
8386,0.1368
8387,0.174
8388,0.1771
8389,0.1852
8390,0.2065
8391,0.2516
8392,0.3143
8393,0.4259
8394,0.512
8395,0.4829
8396,0.4347
8397,0.4114
8398,0.5593
8399,0.7437
8400,0.7834
8401,0.6909
8402,0.5178
8403,0.4259
8404,0.4917
8405,0.5522
8406,0.4551
8407,0.3514
8408,0.2302
8409,0.1368
8410,0.0835
8411,0.0439
8412,0.0311
8413,0.0392
8414,0.0816
8415,0.1652
8416,0.2516
8417,0.3612
8418,0.4683
8419,0.5408
8420,0.6076
8421,0.6196
8422,0.5926
8423,0.5408
8424,0.4902
8425,0.4581
8426,0.4932
8427,0.5844
8428,0.6956
8429,0.7761
8430,0.7508
8431,0.7385
8432,0.729
8433,0.685
8434,0.6814
8435,0.6979
8436,0.7932
8437,0.8743
8438,0.9229
8439,0.9435
8440,0.9478
8441,0.9458
8442,0.9402
8443,0.9458
8444,0.9461
8445,0.9472
8446,0.9502
8447,0.9467
8448,0.9315
8449,0.9418
8450,0.9507
8451,0.9517
8452,0.9612
8453,0.9622
8454,0.9525
8455,0.9387
8456,0.9247
8457,0.9412
8458,0.9734
8459,0.9797
8460,0.9749
8461,0.9695
8462,0.9688
8463,0.9502
8464,0.9186
8465,0.9006
8466,0.8982
8467,0.8543
8468,0.8601
8469,0.9557
8470,0.9737
8471,0.9799
8472,0.9362
8473,0.7949
8474,0.6921
8475,0.634
8476,0.6594
8477,0.6632
8478,0.7478
8479,0.8124
8480,0.8594
8481,0.8743
8482,0.8973
8483,0.9236
8484,0.939
8485,0.9244
8486,0.8929
8487,0.8904
8488,0.881
8489,0.8511
8490,0.8402
8491,0.8059
8492,0.8124
8493,0.7949
8494,0.707
8495,0.7458
8496,0.7618
8497,0.8226
8498,0.8504
8499,0.8402
8500,0.8331
8501,0.8287
8502,0.8272
8503,0.8619
8504,0.8148
8505,0.7437
8506,0.7417
8507,0.8686
8508,0.9698
8509,0.9907
8510,0.9908
8511,0.9638
8512,0.9819
8513,0.9877
8514,0.9863
8515,0.9895
8516,0.9895
8517,0.9792
8518,0.9863
8519,0.9909
8520,0.9868
8521,0.9779
8522,0.9819
8523,0.9791
8524,0.984
8525,0.9909
8526,0.9856
8527,0.9786
8528,0.9752
8529,0.966
8530,0.9525
8531,0.9355
8532,0.924
8533,0.9429
8534,0.9652
8535,0.9639
8536,0.9697
8537,0.9734
8538,0.9759
8539,0.9754
8540,0.9742
8541,0.9733
8542,0.9739
8543,0.9739
8544,0.97
8545,0.9601
8546,0.9507
8547,0.9362
8548,0.9146
8549,0.8703
8550,0.8607
8551,0.8381
8552,0.7966
8553,0.6248
8554,0.5408
8555,0.4288
8556,0.3883
8557,0.3472
8558,0.309
8559,0.3103
8560,0.4347
8561,0.6129
8562,0.7519
8563,0.8316
8564,0.9186
8565,0.9438
8566,0.9467
8567,0.8884
8568,0.9194
8569,0.9074
8570,0.9217
8571,0.8863
8572,0.8556
8573,0.8632
8574,0.868
8575,0.8478
8576,0.8172
8577,0.7723
8578,0.7779
8579,0.8242
8580,0.8715
8581,0.8909
8582,0.8929
8583,0.8953
8584,0.8944
8585,0.8868
8586,0.8582
8587,0.8156
8588,0.7825
8589,0.7258
8590,0.6932
8591,0.6656
8592,0.6366
8593,0.6222
8594,0.5621
8595,0.4551
8596,0.3556
8597,0.2244
8598,0.1016
8599,0.0534
8600,0.0593
8601,0.0662
8602,0.0691
8603,0.0796
8604,0.0752
8605,0.0796
8606,0.1084
8607,0.1978
8608,0.3612
8609,0.5265
8610,0.6049
8611,0.6035
8612,0.5719
8613,0.5178
8614,0.5408
8615,0.5294
8616,0.4873
8617,0.4961
8618,0.5091
8619,0.5365
8620,0.6022
8621,0.7417
8622,0.9158
8623,0.9236
8624,0.8863
8625,0.81
8626,0.7834
8627,0.855
8628,0.8656
8629,0.8451
8630,0.8034
8631,0.7897
8632,0.7488
8633,0.7427
8634,0.7333
8635,0.7375
8636,0.7427
8637,0.7529
8638,0.7488
8639,0.7529
8640,0.7539
8641,0.7437
8642,0.7427
8643,0.7364
8644,0.7247
8645,0.6932
8646,0.643
8647,0.5761
8648,0.4975
8649,0.3754
8650,0.317
8651,0.2479
8652,0.1585
8653,0.13
8654,0.1091
8655,0.1054
8656,0.093
8657,0.0644
8658,0.0463
8659,0.0539
8660,0.0758
8661,0.1039
8662,0.1317
8663,0.1548
8664,0.175
8665,0.1957
8666,0.2244
8667,0.2651
8668,0.3063
8669,0.3265
8670,0.3584
8671,0.3768
8672,0.3528
8673,0.2841
8674,0.2713
8675,0.2854
8676,0.2396
8677,0.2087
8678,0.2503
8679,0.384
8680,0.5691
8681,0.6656
8682,0.6506
8683,0.5705
8684,0.5019
8685,0.4873
8686,0.5193
8687,0.538
8688,0.4669
8689,0.384
8690,0.4259
8691,0.4522
8692,0.3811
8693,0.3911
8694,0.4186
8695,0.3955
8696,0.3184
8697,0.1701
8698,0.0987
8699,0.0849
8700,0.1258
8701,0.0987
8702,0.0816
8703,0.0944
8704,0.1091
8705,0.1403
8706,0.1989
8707,0.2701
8708,0.3157
8709,0.3361
8710,0.3224
8711,0.2651
8712,0.1691
8713,0.1177
8714,0.0842
8715,0.0599
8716,0.0571
8717,0.0662
8718,0.0889
8719,0.1031
8720,0.0875
8721,0.0498
8722,0.0246
8723,0.0183
8724,0.0146
8725,0.0097
8726,0.0092
8727,0.018
8728,0.0336
8729,0.0616
8730,0.0995
8731,0.143
8732,0.1842
8733,0.2267
8734,0.2726
8735,0.2815
8736,0.2337
8737,0.1978
8738,0.1883
8739,0.1914
8740,0.1894
8741,0.1957
8742,0.2087
8743,0.2198
8744,0.2087
8745,0.1914
8746,0.1883
8747,0.1883
8748,0.1925
8749,0.1925
8750,0.2384
8751,0.3077
8752,0.3811
8753,0.4157
8754,0.4245
8755,0.4522
8756,0.4493
8757,0.4829
8758,0.5207
8759,0.5691
