0,0.1029
1,0.1053
2,0.1083
3,0.1127
4,0.1194
5,0.127
6,0.1314
7,0.1337
8,0.1244
9,0.106
10,0.1099
11,0.1288
12,0.1482
13,0.1561
14,0.1695
15,0.1913
16,0.2186
17,0.2339
18,0.2403
19,0.2439
20,0.2496
21,0.2598
22,0.269
23,0.2722
24,0.2737
25,0.2826
26,0.2922
27,0.2971
28,0.302
29,0.3062
30,0.3173
31,0.3239
32,0.3026
33,0.2515
34,0.2414
35,0.2737
36,0.3008
37,0.3061
38,0.2882
39,0.3046
40,0.3453
41,0.3513
42,0.336
43,0.3135
44,0.2895
45,0.2634
46,0.2327
47,0.1987
48,0.1708
49,0.1486
50,0.1281
51,0.1177
52,0.1135
53,0.1132
54,0.1129
55,0.1146
56,0.1096
57,0.1026
58,0.102
59,0.1205
60,0.1438
61,0.158
62,0.1613
63,0.1784
64,0.2145
65,0.2347
66,0.2384
67,0.2369
68,0.2296
69,0.2085
70,0.1744
71,0.153
72,0.1443
73,0.1279
74,0.1122
75,0.1075
76,0.1115
77,0.1123
78,0.1073
79,0.1039
80,0.0983
81,0.0953
82,0.0983
83,0.0986
84,0.1062
85,0.1156
86,0.1179
87,0.1339
88,0.1664
89,0.1822
90,0.1861
91,0.1841
92,0.1815
93,0.1787
94,0.1763
95,0.1667
96,0.1554
97,0.149
98,0.1517
99,0.1556
100,0.1624
101,0.177
102,0.1877
103,0.1964
104,0.1903
105,0.1711
106,0.184
107,0.2004
108,0.2135
109,0.2193
110,0.2214
111,0.2398
112,0.2612
113,0.2632
114,0.2574
115,0.2498
116,0.2405
117,0.2283
118,0.2195
119,0.214
120,0.2049
121,0.1911
122,0.1799
123,0.1751
124,0.1728
125,0.1679
126,0.1622
127,0.1579
128,0.1437
129,0.1262
130,0.1257
131,0.1353
132,0.1426
133,0.1414
134,0.1326
135,0.1403
136,0.1563
137,0.161
138,0.1589
139,0.1574
140,0.1523
141,0.1436
142,0.1333
143,0.1259
144,0.1199
145,0.1128
146,0.1069
147,0.1016
148,0.0986
149,0.0991
150,0.1024
151,0.107
152,0.1101
153,0.111
154,0.1098
155,0.118
156,0.1347
157,0.1483
158,0.1631
159,0.2002
160,0.2475
161,0.2842
162,0.301
163,0.3216
164,0.3508
165,0.3851
166,0.4313
167,0.4596
168,0.472
169,0.487
170,0.4977
171,0.502
172,0.4696
173,0.4409
174,0.4177
175,0.3941
176,0.3603
177,0.3439
178,0.3711
179,0.412
180,0.4433
181,0.4712
182,0.4781
183,0.4759
184,0.4795
185,0.476
186,0.4689
187,0.4498
188,0.4244
189,0.4145
190,0.4133
191,0.4263
192,0.446
193,0.4567
194,0.4706
195,0.4746
196,0.4677
197,0.4538
198,0.4532
199,0.4517
200,0.4428
201,0.4318
202,0.4701
203,0.5402
204,0.5549
205,0.5279
206,0.4652
207,0.4487
208,0.4518
209,0.4354
210,0.4298
211,0.4181
212,0.3939
213,0.3663
214,0.3422
215,0.3292
216,0.308
217,0.2925
218,0.2718
219,0.2583
220,0.2422
221,0.2268
222,0.2082
223,0.1889
224,0.1695
225,0.1573
226,0.1572
227,0.1648
228,0.1723
229,0.1795
230,0.1757
231,0.1771
232,0.1971
233,0.2028
234,0.196
235,0.1834
236,0.162
237,0.1385
238,0.1195
239,0.1065
240,0.0995
241,0.0978
242,0.099
243,0.1044
244,0.1147
245,0.1284
246,0.1406
247,0.1527
248,0.1543
249,0.1456
250,0.1386
251,0.1483
252,0.159
253,0.1642
254,0.1666
255,0.1915
256,0.221
257,0.2278
258,0.2331
259,0.2333
260,0.2292
261,0.2126
262,0.196
263,0.1832
264,0.1722
265,0.1619
266,0.154
267,0.1616
268,0.1814
269,0.2062
270,0.2283
271,0.253
272,0.2716
273,0.2893
274,0.3079
275,0.3544
276,0.3966
277,0.4297
278,0.4684
279,0.4908
280,0.507
281,0.5051
282,0.4952
283,0.4927
284,0.4891
285,0.4809
286,0.4815
287,0.4878
288,0.4867
289,0.4747
290,0.46
291,0.4716
292,0.4793
293,0.4805
294,0.4906
295,0.5086
296,0.5222
297,0.5346
298,0.5735
299,0.6211
300,0.649
301,0.6664
302,0.6732
303,0.6893
304,0.7022
305,0.7029
306,0.698
307,0.6967
308,0.6878
309,0.6758
310,0.6652
311,0.6542
312,0.6429
313,0.6293
314,0.6063
315,0.5812
316,0.5573
317,0.524
318,0.4891
319,0.4585
320,0.4142
321,0.3677
322,0.4002
323,0.4253
324,0.4095
325,0.3788
326,0.3046
327,0.2817
328,0.2947
329,0.2745
330,0.2407
331,0.2073
332,0.1731
333,0.14
334,0.1158
335,0.1041
336,0.1028
337,0.1035
338,0.1082
339,0.1147
340,0.122
341,0.1278
342,0.1357
343,0.1428
344,0.1318
345,0.1077
346,0.0985
347,0.1136
348,0.1276
349,0.1246
350,0.1196
351,0.1295
352,0.1492
353,0.1541
354,0.159
355,0.1663
356,0.1748
357,0.1866
358,0.1978
359,0.2003
360,0.2006
361,0.2016
362,0.2054
363,0.211
364,0.2165
365,0.2235
366,0.2289
367,0.2223
368,0.1992
369,0.1836
370,0.2152
371,0.2428
372,0.2626
373,0.2741
374,0.2924
375,0.339
376,0.4032
377,0.4373
378,0.4471
379,0.4406
380,0.434
381,0.4368
382,0.4361
383,0.4306
384,0.4134
385,0.4001
386,0.3723
387,0.3602
388,0.3529
389,0.3468
390,0.3504
391,0.3731
392,0.3801
393,0.3991
394,0.4366
395,0.4792
396,0.496
397,0.4892
398,0.4375
399,0.3675
400,0.3412
401,0.3156
402,0.2838
403,0.2564
404,0.2283
405,0.2061
406,0.19
407,0.171
408,0.151
409,0.1303
410,0.1108
411,0.0955
412,0.0813
413,0.0699
414,0.0641
415,0.0635
416,0.0648
417,0.0658
418,0.0696
419,0.0891
420,0.0998
421,0.1062
422,0.1115
423,0.1297
424,0.1749
425,0.2078
426,0.2251
427,0.2334
428,0.2385
429,0.2401
430,0.2364
431,0.2281
432,0.2247
433,0.2186
434,0.2144
435,0.2091
436,0.2084
437,0.2083
438,0.2044
439,0.2048
440,0.1755
441,0.152
442,0.1765
443,0.1867
444,0.1723
445,0.147
446,0.1265
447,0.1477
448,0.1931
449,0.2113
450,0.2051
451,0.1923
452,0.1768
453,0.1555
454,0.134
455,0.1165
456,0.1038
457,0.0966
458,0.0938
459,0.094
460,0.0932
461,0.0904
462,0.086
463,0.0826
464,0.0704
465,0.0553
466,0.0552
467,0.0611
468,0.071
469,0.0853
470,0.0998
471,0.1221
472,0.1704
473,0.2011
474,0.2036
475,0.1936
476,0.179
477,0.1682
478,0.1555
479,0.1391
480,0.1263
481,0.1189
482,0.1104
483,0.1015
484,0.0935
485,0.0855
486,0.0784
487,0.0703
488,0.0587
489,0.0529
490,0.0536
491,0.0565
492,0.0599
493,0.0633
494,0.0653
495,0.0648
496,0.074
497,0.0881
498,0.1066
499,0.133
500,0.1656
501,0.1936
502,0.2154
503,0.24
504,0.2568
505,0.2716
506,0.2888
507,0.2952
508,0.3002
509,0.3008
510,0.3071
511,0.2987
512,0.2843
513,0.2688
514,0.2453
515,0.23
516,0.2045
517,0.176
518,0.1491
519,0.1472
520,0.1797
521,0.21
522,0.2247
523,0.2361
524,0.2358
525,0.231
526,0.2299
527,0.2319
528,0.2326
529,0.2312
530,0.2217
531,0.2185
532,0.211
533,0.1988
534,0.1867
535,0.1791
536,0.1702
537,0.1648
538,0.2053
539,0.2752
540,0.3334
541,0.3619
542,0.3522
543,0.3425
544,0.3657
545,0.3693
546,0.3405
547,0.3052
548,0.2692
549,0.2346
550,0.2058
551,0.182
552,0.1661
553,0.154
554,0.1424
555,0.1321
556,0.1239
557,0.1189
558,0.1132
559,0.1083
560,0.1051
561,0.1129
562,0.1199
563,0.1284
564,0.1383
565,0.1468
566,0.1474
567,0.144
568,0.1488
569,0.1567
570,0.1614
571,0.1671
572,0.1701
573,0.1691
574,0.1654
575,0.1603
576,0.1558
577,0.1507
578,0.1446
579,0.1313
580,0.1177
581,0.1129
582,0.1163
583,0.1206
584,0.1129
585,0.1172
586,0.1322
587,0.1546
588,0.1781
589,0.1991
590,0.2183
591,0.2473
592,0.293
593,0.3155
594,0.3217
595,0.3228
596,0.322
597,0.3133
598,0.3057
599,0.305
600,0.3067
601,0.3144
602,0.3278
603,0.3345
604,0.338
605,0.3438
606,0.3486
607,0.3515
608,0.3407
609,0.3326
610,0.3491
611,0.3866
612,0.4177
613,0.4406
614,0.4673
615,0.5078
616,0.5505
617,0.5875
618,0.5967
619,0.6225
620,0.6609
621,0.691
622,0.7142
623,0.7219
624,0.7215
625,0.7172
626,0.7146
627,0.7106
628,0.7024
629,0.6989
630,0.6948
631,0.6918
632,0.692
633,0.7057
634,0.7509
635,0.7587
636,0.7437
637,0.7765
638,0.7891
639,0.7785
640,0.7586
641,0.7371
642,0.7312
643,0.7055
644,0.6667
645,0.6229
646,0.602
647,0.5899
648,0.5594
649,0.5291
650,0.4974
651,0.4665
652,0.4315
653,0.4039
654,0.3797
655,0.3688
656,0.3501
657,0.367
658,0.4376
659,0.4601
660,0.469
661,0.464
662,0.4205
663,0.361
664,0.3679
665,0.3611
666,0.3336
667,0.3023
668,0.2666
669,0.2268
670,0.1866
671,0.1506
672,0.1204
673,0.098
674,0.0922
675,0.1002
676,0.1096
677,0.1185
678,0.1308
679,0.1506
680,0.1608
681,0.1805
682,0.2413
683,0.2988
684,0.3328
685,0.3367
686,0.3505
687,0.4113
688,0.4886
689,0.5047
690,0.5209
691,0.5476
692,0.5631
693,0.5572
694,0.5526
695,0.5541
696,0.5352
697,0.5125
698,0.4916
699,0.4723
700,0.4608
701,0.4616
702,0.4611
703,0.4494
704,0.4178
705,0.3907
706,0.3927
707,0.3952
708,0.3673
709,0.3187
710,0.2509
711,0.2106
712,0.2037
713,0.1846
714,0.1615
715,0.1364
716,0.1186
717,0.101
718,0.0859
719,0.0799
720,0.0804
721,0.0889
722,0.0946
723,0.093
724,0.0911
725,0.0961
726,0.1089
727,0.1299
728,0.1536
729,0.1887
730,0.2266
731,0.2682
732,0.2949
733,0.3185
734,0.3524
735,0.4225
736,0.4882
737,0.5037
738,0.4967
739,0.4901
740,0.4772
741,0.4464
742,0.3933
743,0.3609
744,0.3419
745,0.3352
746,0.3138
747,0.2773
748,0.2381
749,0.2118
750,0.1964
751,0.195
752,0.1835
753,0.1615
754,0.1348
755,0.1175
756,0.1063
757,0.0914
758,0.078
759,0.0773
760,0.0887
761,0.099
762,0.106
763,0.1054
764,0.1076
765,0.1143
766,0.1277
767,0.1508
768,0.1802
769,0.2074
770,0.2339
771,0.2403
772,0.2512
773,0.2664
774,0.2841
775,0.3088
776,0.3225
777,0.3381
778,0.3996
779,0.4375
780,0.4693
781,0.5023
782,0.5178
783,0.5208
784,0.5317
785,0.5325
786,0.5197
787,0.5107
788,0.5076
789,0.5027
790,0.4956
791,0.4935
792,0.4934
793,0.4834
794,0.4694
795,0.4569
796,0.4427
797,0.424
798,0.4067
799,0.3651
800,0.332
801,0.35
802,0.3671
803,0.3453
804,0.3298
805,0.315
806,0.2764
807,0.2327
808,0.2204
809,0.209
810,0.1992
811,0.1995
812,0.209
813,0.2287
814,0.2467
815,0.2579
816,0.2675
817,0.2788
818,0.2984
819,0.3197
820,0.3319
821,0.3289
822,0.3287
823,0.3293
824,0.3208
825,0.3159
826,0.3185
827,0.332
828,0.3318
829,0.315
830,0.2909
831,0.2852
832,0.2929
833,0.2886
834,0.2831
835,0.2674
836,0.2404
837,0.2199
838,0.2002
839,0.1774
840,0.1521
841,0.1333
842,0.1219
843,0.1113
844,0.1054
845,0.1079
846,0.115
847,0.1168
848,0.0858
849,0.0688
850,0.0812
851,0.0865
852,0.0884
853,0.0909
854,0.0968
855,0.1138
856,0.1674
857,0.2245
858,0.2564
859,0.2747
860,0.2842
861,0.2869
862,0.282
863,0.2777
864,0.2743
865,0.2597
866,0.2526
867,0.2459
868,0.2364
869,0.2406
870,0.2397
871,0.235
872,0.1974
873,0.1772
874,0.1718
875,0.1721
876,0.177
877,0.1752
878,0.1892
879,0.2254
880,0.2977
881,0.3526
882,0.3831
883,0.3915
884,0.3932
885,0.4119
886,0.4315
887,0.44
888,0.4542
889,0.4697
890,0.4827
891,0.4885
892,0.4942
893,0.502
894,0.4915
895,0.4569
896,0.414
897,0.4084
898,0.4775
899,0.5221
900,0.5431
901,0.5488
902,0.5298
903,0.4964
904,0.5024
905,0.4897
906,0.4514
907,0.4353
908,0.4175
909,0.4114
910,0.4066
911,0.4029
912,0.3859
913,0.3835
914,0.3775
915,0.3705
916,0.3719
917,0.3862
918,0.4105
919,0.4388
920,0.4512
921,0.4885
922,0.565
923,0.6101
924,0.6406
925,0.6596
926,0.6696
927,0.6784
928,0.7018
929,0.7194
930,0.7259
931,0.7221
932,0.7291
933,0.7359
934,0.7402
935,0.7468
936,0.7533
937,0.745
938,0.7256
939,0.7034
940,0.6784
941,0.6528
942,0.633
943,0.61
944,0.5948
945,0.5937
946,0.6369
947,0.6583
948,0.6526
949,0.6279
950,0.5649
951,0.5006
952,0.4868
953,0.4858
954,0.4881
955,0.4836
956,0.4967
957,0.4998
958,0.5132
959,0.556
960,0.6443
961,0.7061
962,0.7292
963,0.7303
964,0.7256
965,0.7152
966,0.708
967,0.708
968,0.7031
969,0.7166
970,0.7527
971,0.7784
972,0.8026
973,0.8191
974,0.8333
975,0.8318
976,0.8107
977,0.7767
978,0.7261
979,0.6732
980,0.6223
981,0.5798
982,0.5491
983,0.5147
984,0.4783
985,0.4433
986,0.4135
987,0.3871
988,0.3462
989,0.3152
990,0.2922
991,0.2789
992,0.2654
993,0.2816
994,0.3062
995,0.3051
996,0.28
997,0.2517
998,0.2189
999,0.1715
1000,0.1598
1001,0.1638
1002,0.1548
1003,0.1379
1004,0.1185
1005,0.0985
1006,0.0843
1007,0.0793
1008,0.0775
1009,0.0768
1010,0.0798
1011,0.0768
1012,0.0704
1013,0.0652
1014,0.0624
1015,0.0596
1016,0.0528
1017,0.054
1018,0.0572
1019,0.0571
1020,0.0577
1021,0.0558
1022,0.0521
1023,0.0486
1024,0.0597
1025,0.0796
1026,0.0933
1027,0.1037
1028,0.1119
1029,0.1189
1030,0.1281
1031,0.1386
1032,0.1474
1033,0.1563
1034,0.1646
1035,0.1713
1036,0.176
1037,0.1753
1038,0.169
1039,0.1429
1040,0.085
1041,0.0788
1042,0.109
1043,0.1077
1044,0.0942
1045,0.0852
1046,0.0829
1047,0.084
1048,0.1146
1049,0.1667
1050,0.2176
1051,0.2583
1052,0.282
1053,0.2957
1054,0.3011
1055,0.2948
1056,0.2771
1057,0.2587
1058,0.239
1059,0.2246
1060,0.2128
1061,0.2014
1062,0.193
1063,0.1705
1064,0.1248
1065,0.1096
1066,0.1123
1067,0.1112
1068,0.1104
1069,0.1094
1070,0.1106
1071,0.1222
1072,0.1732
1073,0.2394
1074,0.2884
1075,0.3176
1076,0.3309
1077,0.3354
1078,0.3353
1079,0.3353
1080,0.3383
1081,0.3399
1082,0.3312
1083,0.3073
1084,0.2827
1085,0.2623
1086,0.2486
1087,0.2148
1088,0.1265
1089,0.0827
1090,0.0824
1091,0.0963
1092,0.0979
1093,0.1011
1094,0.1017
1095,0.1122
1096,0.1541
1097,0.2053
1098,0.2443
1099,0.2695
1100,0.2799
1101,0.2808
1102,0.2772
1103,0.2709
1104,0.2643
1105,0.2578
1106,0.2505
1107,0.2401
1108,0.2289
1109,0.2229
1110,0.2208
1111,0.1978
1112,0.1206
1113,0.0783
1114,0.0797
1115,0.0912
1116,0.0959
1117,0.0934
1118,0.0882
1119,0.0855
1120,0.1118
1121,0.1618
1122,0.2126
1123,0.2587
1124,0.2942
1125,0.3181
1126,0.3335
1127,0.341
1128,0.3472
1129,0.3534
1130,0.3602
1131,0.3695
1132,0.3789
1133,0.3869
1134,0.387
1135,0.3481
1136,0.2685
1137,0.2462
1138,0.3159
1139,0.3304
1140,0.3207
1141,0.2977
1142,0.2597
1143,0.2402
1144,0.269
1145,0.317
1146,0.3524
1147,0.3713
1148,0.3752
1149,0.3732
1150,0.371
1151,0.3616
1152,0.3473
1153,0.3255
1154,0.3002
1155,0.2749
1156,0.2574
1157,0.2411
1158,0.231
1159,0.2134
1160,0.196
1161,0.2089
1162,0.2104
1163,0.2075
1164,0.2086
1165,0.2135
1166,0.2094
1167,0.1935
1168,0.2131
1169,0.245
1170,0.2605
1171,0.266
1172,0.2584
1173,0.2444
1174,0.2232
1175,0.2005
1176,0.1815
1177,0.166
1178,0.148
1179,0.1287
1180,0.1078
1181,0.0943
1182,0.0881
1183,0.0775
1184,0.0617
1185,0.0618
1186,0.0618
1187,0.065
1188,0.0704
1189,0.0733
1190,0.0703
1191,0.0616
1192,0.058
1193,0.0628
1194,0.0666
1195,0.0703
1196,0.0751
1197,0.0829
1198,0.094
1199,0.107
1200,0.1186
1201,0.1274
1202,0.1269
1203,0.1159
1204,0.1039
1205,0.093
1206,0.0831
1207,0.073
1208,0.0653
1209,0.0687
1210,0.0774
1211,0.0858
1212,0.0969
1213,0.0989
1214,0.0962
1215,0.0841
1216,0.0771
1217,0.0836
1218,0.0897
1219,0.095
1220,0.1019
1221,0.1139
1222,0.1268
1223,0.1369
1224,0.1436
1225,0.1467
1226,0.141
1227,0.1324
1228,0.1214
1229,0.1102
1230,0.101
1231,0.0821
1232,0.0563
1233,0.049
1234,0.0504
1235,0.0523
1236,0.0568
1237,0.0589
1238,0.0544
1239,0.0478
1240,0.0493
1241,0.0547
1242,0.0586
1243,0.0594
1244,0.0605
1245,0.065
1246,0.0716
1247,0.077
1248,0.0792
1249,0.0783
1250,0.0749
1251,0.072
1252,0.0731
1253,0.0776
1254,0.0851
1255,0.0861
1256,0.0684
1257,0.0675
1258,0.0861
1259,0.102
1260,0.1116
1261,0.1206
1262,0.1277
1263,0.131
1264,0.1713
1265,0.2472
1266,0.3122
1267,0.3501
1268,0.3661
1269,0.3724
1270,0.3748
1271,0.3702
1272,0.3523
1273,0.3262
1274,0.2976
1275,0.2712
1276,0.2449
1277,0.2223
1278,0.1987
1279,0.1846
1280,0.1835
1281,0.1962
1282,0.1945
1283,0.1707
1284,0.1557
1285,0.158
1286,0.1691
1287,0.1718
1288,0.234
1289,0.3179
1290,0.3473
1291,0.3471
1292,0.3382
1293,0.3286
1294,0.3159
1295,0.3009
1296,0.2898
1297,0.2831
1298,0.2797
1299,0.2791
1300,0.268
1301,0.2464
1302,0.2217
1303,0.161
1304,0.0998
1305,0.0862
1306,0.0846
1307,0.0736
1308,0.0672
1309,0.0692
1310,0.0813
1311,0.0971
1312,0.1477
1313,0.2199
1314,0.2674
1315,0.2821
1316,0.2733
1317,0.2591
1318,0.2453
1319,0.2346
1320,0.2286
1321,0.2223
1322,0.2114
1323,0.1985
1324,0.1907
1325,0.1882
1326,0.1886
1327,0.1482
1328,0.0784
1329,0.0553
1330,0.0653
1331,0.0951
1332,0.108
1333,0.1135
1334,0.1128
1335,0.104
1336,0.1365
1337,0.1992
1338,0.2565
1339,0.2954
1340,0.3163
1341,0.3255
1342,0.3234
1343,0.312
1344,0.2953
1345,0.2734
1346,0.2489
1347,0.2202
1348,0.1898
1349,0.1618
1350,0.1379
1351,0.1031
1352,0.0576
1353,0.0432
1354,0.0565
1355,0.0845
1356,0.1008
1357,0.1036
1358,0.0978
1359,0.0876
1360,0.1064
1361,0.1401
1362,0.1744
1363,0.2043
1364,0.2272
1365,0.2424
1366,0.2498
1367,0.2501
1368,0.2443
1369,0.2325
1370,0.2158
1371,0.1991
1372,0.1837
1373,0.1687
1374,0.1541
1375,0.1224
1376,0.0635
1377,0.0327
1378,0.0279
1379,0.0346
1380,0.0423
1381,0.0412
1382,0.0379
1383,0.0345
1384,0.037
1385,0.0449
1386,0.0558
1387,0.0721
1388,0.098
1389,0.129
1390,0.1604
1391,0.1926
1392,0.2315
1393,0.2769
1394,0.312
1395,0.3368
1396,0.3635
1397,0.3945
1398,0.4009
1399,0.3484
1400,0.3339
1401,0.4559
1402,0.5501
1403,0.6131
1404,0.6529
1405,0.6709
1406,0.6562
1407,0.5835
1408,0.5434
1409,0.5495
1410,0.5406
1411,0.5242
1412,0.503
1413,0.4971
1414,0.4804
1415,0.4722
1416,0.4699
1417,0.4778
1418,0.487
1419,0.4762
1420,0.4553
1421,0.4269
1422,0.3989
1423,0.3567
1424,0.326
1425,0.3284
1426,0.3173
1427,0.2967
1428,0.2816
1429,0.2632
1430,0.2302
1431,0.1878
1432,0.1639
1433,0.1646
1434,0.1595
1435,0.1508
1436,0.151
1437,0.1623
1438,0.185
1439,0.2148
1440,0.2472
1441,0.279
1442,0.2981
1443,0.3036
1444,0.2995
1445,0.3017
1446,0.3081
1447,0.3036
1448,0.3018
1449,0.341
1450,0.3668
1451,0.3974
1452,0.4232
1453,0.4478
1454,0.4564
1455,0.4285
1456,0.4001
1457,0.4456
1458,0.4719
1459,0.4811
1460,0.4869
1461,0.4894
1462,0.4958
1463,0.4923
1464,0.4839
1465,0.4807
1466,0.4949
1467,0.5012
1468,0.5146
1469,0.5293
1470,0.5398
1471,0.5531
1472,0.5578
1473,0.5895
1474,0.6299
1475,0.6684
1476,0.7018
1477,0.7189
1478,0.7132
1479,0.6965
1480,0.7019
1481,0.7298
1482,0.7372
1483,0.7304
1484,0.741
1485,0.7525
1486,0.7613
1487,0.7713
1488,0.7758
1489,0.775
1490,0.7801
1491,0.7889
1492,0.7944
1493,0.8034
1494,0.803
1495,0.7835
1496,0.774
1497,0.7852
1498,0.7999
1499,0.8057
1500,0.8035
1501,0.7904
1502,0.76
1503,0.7167
1504,0.6617
1505,0.6259
1506,0.5865
1507,0.5446
1508,0.5266
1509,0.5133
1510,0.4944
1511,0.4908
1512,0.4898
1513,0.4897
1514,0.475
1515,0.4599
1516,0.463
1517,0.4724
1518,0.4753
1519,0.4558
1520,0.4539
1521,0.5061
1522,0.5247
1523,0.5161
1524,0.485
1525,0.4321
1526,0.3684
1527,0.2992
1528,0.2799
1529,0.3383
1530,0.3862
1531,0.4042
1532,0.4224
1533,0.4322
1534,0.45
1535,0.4712
1536,0.4951
1537,0.5089
1538,0.5321
1539,0.5659
1540,0.5984
1541,0.6062
1542,0.6026
1543,0.5972
1544,0.6091
1545,0.6279
1546,0.6441
1547,0.6815
1548,0.7139
1549,0.7058
1550,0.6738
1551,0.6532
1552,0.6378
1553,0.6422
1554,0.6413
1555,0.6345
1556,0.6086
1557,0.5708
1558,0.5412
1559,0.5289
1560,0.5501
1561,0.5958
1562,0.64
1563,0.6502
1564,0.6584
1565,0.6408
1566,0.6127
1567,0.5864
1568,0.6316
1569,0.7123
1570,0.7479
1571,0.7578
1572,0.7545
1573,0.7422
1574,0.7139
1575,0.6668
1576,0.6218
1577,0.6056
1578,0.5822
1579,0.5454
1580,0.5216
1581,0.5014
1582,0.4829
1583,0.4565
1584,0.4126
1585,0.3598
1586,0.3192
1587,0.2758
1588,0.2427
1589,0.2241
1590,0.2109
1591,0.1894
1592,0.195
1593,0.2239
1594,0.2468
1595,0.2754
1596,0.3213
1597,0.3722
1598,0.4031
1599,0.3958
1600,0.3808
1601,0.4215
1602,0.4546
1603,0.4865
1604,0.5159
1605,0.548
1606,0.5961
1607,0.6087
1608,0.6131
1609,0.5926
1610,0.557
1611,0.5237
1612,0.4954
1613,0.468
1614,0.4525
1615,0.4378
1616,0.434
1617,0.4674
1618,0.5286
1619,0.5853
1620,0.6181
1621,0.6347
1622,0.6165
1623,0.5644
1624,0.5051
1625,0.4754
1626,0.455
1627,0.4356
1628,0.4263
1629,0.4068
1630,0.3781
1631,0.3666
1632,0.3926
1633,0.4535
1634,0.5708
1635,0.6952
1636,0.7914
1637,0.8245
1638,0.8345
1639,0.8377
1640,0.8472
1641,0.868
1642,0.8864
1643,0.8956
1644,0.8961
1645,0.8891
1646,0.8723
1647,0.8424
1648,0.7822
1649,0.7099
1650,0.6548
1651,0.6021
1652,0.568
1653,0.561
1654,0.5747
1655,0.5817
1656,0.5934
1657,0.6192
1658,0.627
1659,0.6147
1660,0.6013
1661,0.5956
1662,0.5948
1663,0.5775
1664,0.6279
1665,0.6937
1666,0.6773
1667,0.6431
1668,0.6123
1669,0.5916
1670,0.5692
1671,0.5117
1672,0.3917
1673,0.3233
1674,0.2965
1675,0.2647
1676,0.2449
1677,0.2439
1678,0.2473
1679,0.2522
1680,0.2675
1681,0.2964
1682,0.3357
1683,0.3631
1684,0.3729
1685,0.39
1686,0.3989
1687,0.3907
1688,0.4675
1689,0.6283
1690,0.6839
1691,0.7141
1692,0.7398
1693,0.7548
1694,0.753
1695,0.7482
1696,0.7378
1697,0.7201
1698,0.6931
1699,0.656
1700,0.6418
1701,0.6322
1702,0.6255
1703,0.606
1704,0.6092
1705,0.6086
1706,0.6137
1707,0.6079
1708,0.6107
1709,0.6131
1710,0.6095
1711,0.6044
1712,0.6725
1713,0.756
1714,0.7882
1715,0.8002
1716,0.8087
1717,0.8129
1718,0.8057
1719,0.7723
1720,0.7018
1721,0.6648
1722,0.6415
1723,0.5917
1724,0.5211
1725,0.4858
1726,0.4753
1727,0.4675
1728,0.4629
1729,0.4655
1730,0.4708
1731,0.484
1732,0.5087
1733,0.5517
1734,0.624
1735,0.6779
1736,0.7635
1737,0.8353
1738,0.8711
1739,0.8881
1740,0.8979
1741,0.9025
1742,0.8976
1743,0.8764
1744,0.8431
1745,0.8106
1746,0.7701
1747,0.7116
1748,0.652
1749,0.6019
1750,0.5688
1751,0.5717
1752,0.568
1753,0.5676
1754,0.6096
1755,0.6498
1756,0.6864
1757,0.74
1758,0.7684
1759,0.7837
1760,0.7822
1761,0.7974
1762,0.8127
1763,0.8158
1764,0.8152
1765,0.8104
1766,0.7927
1767,0.7666
1768,0.727
1769,0.6962
1770,0.6854
1771,0.674
1772,0.6515
1773,0.6317
1774,0.6184
1775,0.6015
1776,0.5897
1777,0.5829
1778,0.5748
1779,0.5612
1780,0.5432
1781,0.5366
1782,0.5335
1783,0.5347
1784,0.6184
1785,0.6641
1786,0.673
1787,0.6745
1788,0.6732
1789,0.6702
1790,0.6646
1791,0.652
1792,0.6224
1793,0.6147
1794,0.6186
1795,0.6193
1796,0.6269
1797,0.6282
1798,0.6229
1799,0.6125
1800,0.6005
1801,0.5974
1802,0.5745
1803,0.55
1804,0.5218
1805,0.5052
1806,0.4642
1807,0.4425
1808,0.5238
1809,0.5626
1810,0.5952
1811,0.626
1812,0.6508
1813,0.6643
1814,0.6587
1815,0.616
1816,0.5228
1817,0.4525
1818,0.4213
1819,0.4
1820,0.3892
1821,0.3819
1822,0.3827
1823,0.3589
1824,0.3297
1825,0.3032
1826,0.2869
1827,0.2687
1828,0.251
1829,0.2283
1830,0.2014
1831,0.1798
1832,0.1823
1833,0.1865
1834,0.1889
1835,0.1976
1836,0.2148
1837,0.2344
1838,0.2438
1839,0.2264
1840,0.1735
1841,0.1418
1842,0.1299
1843,0.117
1844,0.1048
1845,0.0965
1846,0.0907
1847,0.0854
1848,0.0801
1849,0.072
1850,0.0614
1851,0.054
1852,0.0518
1853,0.0531
1854,0.0553
1855,0.0529
1856,0.0589
1857,0.0629
1858,0.0617
1859,0.0628
1860,0.0666
1861,0.0724
1862,0.0779
1863,0.0814
1864,0.0785
1865,0.0824
1866,0.0912
1867,0.0916
1868,0.0886
1869,0.0875
1870,0.0867
1871,0.0842
1872,0.0808
1873,0.0775
1874,0.0756
1875,0.0728
1876,0.0708
1877,0.0689
1878,0.0628
1879,0.046
1880,0.052
1881,0.0668
1882,0.0651
1883,0.0642
1884,0.0665
1885,0.0704
1886,0.0746
1887,0.0782
1888,0.0781
1889,0.0914
1890,0.1067
1891,0.1153
1892,0.118
1893,0.1177
1894,0.1158
1895,0.1142
1896,0.1149
1897,0.118
1898,0.1203
1899,0.1205
1900,0.1202
1901,0.1193
1902,0.106
1903,0.0572
1904,0.0471
1905,0.0929
1906,0.1105
1907,0.1109
1908,0.1123
1909,0.1154
1910,0.1193
1911,0.1163
1912,0.0982
1913,0.1205
1914,0.1584
1915,0.1867
1916,0.2008
1917,0.2062
1918,0.2029
1919,0.1878
1920,0.1629
1921,0.1343
1922,0.109
1923,0.092
1924,0.0838
1925,0.0796
1926,0.0658
1927,0.0316
1928,0.0149
1929,0.014
1930,0.0156
1931,0.0178
1932,0.0206
1933,0.0233
1934,0.0257
1935,0.0256
1936,0.0254
1937,0.0295
1938,0.0361
1939,0.0422
1940,0.0487
1941,0.0514
1942,0.0493
1943,0.045
1944,0.0406
1945,0.0392
1946,0.0416
1947,0.045
1948,0.0495
1949,0.0549
1950,0.0573
1951,0.0425
1952,0.037
1953,0.0471
1954,0.0473
1955,0.0467
1956,0.0518
1957,0.0614
1958,0.0734
1959,0.0884
1960,0.1093
1961,0.1661
1962,0.2364
1963,0.2725
1964,0.2738
1965,0.2486
1966,0.217
1967,0.18
1968,0.1456
1969,0.1178
1970,0.099
1971,0.0918
1972,0.0859
1973,0.0807
1974,0.0703
1975,0.0539
1976,0.0499
1977,0.0529
1978,0.0607
1979,0.0823
1980,0.1135
1981,0.143
1982,0.1635
1983,0.1722
1984,0.1717
1985,0.198
1986,0.2511
1987,0.28
1988,0.2915
1989,0.2956
1990,0.2871
1991,0.2656
1992,0.2386
1993,0.2221
1994,0.2195
1995,0.233
1996,0.2475
1997,0.2528
1998,0.2422
1999,0.2701
2000,0.3731
2001,0.4279
2002,0.4524
2003,0.4642
2004,0.4774
2005,0.4952
2006,0.5143
2007,0.5272
2008,0.5058
2009,0.4608
2010,0.4607
2011,0.4484
2012,0.431
2013,0.4208
2014,0.4107
2015,0.3848
2016,0.3481
2017,0.3076
2018,0.2782
2019,0.2532
2020,0.2237
2021,0.1963
2022,0.1624
2023,0.1456
2024,0.1679
2025,0.169
2026,0.1616
2027,0.1625
2028,0.1742
2029,0.195
2030,0.2174
2031,0.2373
2032,0.2379
2033,0.2433
2034,0.283
2035,0.2934
2036,0.2768
2037,0.254
2038,0.2317
2039,0.2074
2040,0.1847
2041,0.169
2042,0.1588
2043,0.1495
2044,0.1368
2045,0.1218
2046,0.0944
2047,0.0784
2048,0.1094
2049,0.135
2050,0.1377
2051,0.1397
2052,0.145
2053,0.1532
2054,0.1632
2055,0.1725
2056,0.1723
2057,0.1867
2058,0.2363
2059,0.2612
2060,0.2666
2061,0.2621
2062,0.2526
2063,0.2381
2064,0.2207
2065,0.2006
2066,0.1805
2067,0.1684
2068,0.1643
2069,0.1642
2070,0.1322
2071,0.0863
2072,0.1154
2073,0.1242
2074,0.1161
2075,0.1154
2076,0.1208
2077,0.1291
2078,0.1386
2079,0.1488
2080,0.1478
2081,0.1771
2082,0.2479
2083,0.2973
2084,0.3195
2085,0.3199
2086,0.3054
2087,0.2895
2088,0.2721
2089,0.2529
2090,0.232
2091,0.2066
2092,0.1715
2093,0.139
2094,0.1049
2095,0.0885
2096,0.1046
2097,0.1249
2098,0.1495
2099,0.1592
2100,0.1586
2101,0.1519
2102,0.144
2103,0.135
2104,0.1177
2105,0.1115
2106,0.1183
2107,0.1268
2108,0.1355
2109,0.1464
2110,0.154
2111,0.158
2112,0.1629
2113,0.1727
2114,0.1849
2115,0.1974
2116,0.2046
2117,0.2071
2118,0.1732
2119,0.1035
2120,0.0968
2121,0.0992
2122,0.0895
2123,0.0914
2124,0.0975
2125,0.0996
2126,0.0953
2127,0.086
2128,0.0715
2129,0.0575
2130,0.0482
2131,0.0453
2132,0.0498
2133,0.0605
2134,0.0726
2135,0.083
2136,0.0912
2137,0.0951
2138,0.0985
2139,0.1043
2140,0.1142
2141,0.1246
2142,0.1258
2143,0.088
2144,0.0807
2145,0.1072
2146,0.129
2147,0.143
2148,0.153
2149,0.1618
2150,0.1751
2151,0.192
2152,0.2077
2153,0.2801
2154,0.3746
2155,0.415
2156,0.4268
2157,0.4077
2158,0.3874
2159,0.363
2160,0.3428
2161,0.3147
2162,0.294
2163,0.2549
2164,0.2286
2165,0.2088
2166,0.165
2167,0.1364
2168,0.1228
2169,0.1169
2170,0.1126
2171,0.1088
2172,0.1014
2173,0.0925
2174,0.0859
2175,0.0835
2176,0.0844
2177,0.1168
2178,0.1637
2179,0.1956
2180,0.2096
2181,0.2284
2182,0.244
2183,0.2488
2184,0.2486
2185,0.2442
2186,0.2396
2187,0.2322
2188,0.2265
2189,0.2219
2190,0.1968
2191,0.1722
2192,0.2312
2193,0.3275
2194,0.4123
2195,0.4784
2196,0.5256
2197,0.5459
2198,0.5279
2199,0.4806
2200,0.4195
2201,0.3367
2202,0.2788
2203,0.2319
2204,0.204
2205,0.1926
2206,0.1893
2207,0.1844
2208,0.1762
2209,0.1726
2210,0.169
2211,0.1619
2212,0.1547
2213,0.1452
2214,0.1423
2215,0.1576
2216,0.1669
2217,0.1694
2218,0.1712
2219,0.1734
2220,0.1765
2221,0.1787
2222,0.176
2223,0.1691
2224,0.1437
2225,0.1147
2226,0.1202
2227,0.1306
2228,0.1321
2229,0.1243
2230,0.1241
2231,0.1248
2232,0.128
2233,0.1243
2234,0.1235
2235,0.1201
2236,0.1179
2237,0.1191
2238,0.1164
2239,0.12
2240,0.147
2241,0.1663
2242,0.1805
2243,0.1947
2244,0.2037
2245,0.2078
2246,0.2069
2247,0.1975
2248,0.1762
2249,0.1641
2250,0.1911
2251,0.224
2252,0.2524
2253,0.269
2254,0.2793
2255,0.2851
2256,0.2833
2257,0.2756
2258,0.2701
2259,0.2695
2260,0.2674
2261,0.2611
2262,0.2067
2263,0.1531
2264,0.197
2265,0.2582
2266,0.2691
2267,0.2615
2268,0.2424
2269,0.2173
2270,0.1937
2271,0.1679
2272,0.1453
2273,0.1485
2274,0.1813
2275,0.2192
2276,0.2573
2277,0.2807
2278,0.2859
2279,0.2812
2280,0.2701
2281,0.2529
2282,0.2281
2283,0.199
2284,0.1784
2285,0.165
2286,0.1402
2287,0.1343
2288,0.1608
2289,0.1959
2290,0.2158
2291,0.2282
2292,0.2395
2293,0.2461
2294,0.2421
2295,0.2282
2296,0.2026
2297,0.1993
2298,0.2307
2299,0.2413
2300,0.2284
2301,0.2078
2302,0.1889
2303,0.1741
2304,0.1599
2305,0.1498
2306,0.1385
2307,0.1241
2308,0.1064
2309,0.0934
2310,0.0742
2311,0.0595
2312,0.0702
2313,0.0755
2314,0.0792
2315,0.0858
2316,0.0949
2317,0.1061
2318,0.1168
2319,0.1221
2320,0.1217
2321,0.1185
2322,0.1247
2323,0.1232
2324,0.1158
2325,0.1084
2326,0.1011
2327,0.0941
2328,0.0889
2329,0.0854
2330,0.0829
2331,0.0831
2332,0.0856
2333,0.0872
2334,0.0704
2335,0.0503
2336,0.0528
2337,0.0576
2338,0.0549
2339,0.0526
2340,0.0507
2341,0.0487
2342,0.0456
2343,0.0403
2344,0.0346
2345,0.0362
2346,0.0468
2347,0.0544
2348,0.058
2349,0.0558
2350,0.0505
2351,0.046
2352,0.0431
2353,0.0426
2354,0.0445
2355,0.0464
2356,0.0469
2357,0.0444
2358,0.0321
2359,0.0205
2360,0.0188
2361,0.0174
2362,0.0154
2363,0.0151
2364,0.0172
2365,0.0208
2366,0.0259
2367,0.032
2368,0.0396
2369,0.0559
2370,0.0843
2371,0.1075
2372,0.1193
2373,0.1252
2374,0.1277
2375,0.1254
2376,0.1177
2377,0.109
2378,0.1026
2379,0.1025
2380,0.1068
2381,0.117
2382,0.1281
2383,0.1493
2384,0.175
2385,0.1901
2386,0.2008
2387,0.2145
2388,0.2351
2389,0.2618
2390,0.2865
2391,0.2998
2392,0.2868
2393,0.2682
2394,0.296
2395,0.3162
2396,0.3162
2397,0.3264
2398,0.3297
2399,0.3269
2400,0.3153
2401,0.3024
2402,0.2873
2403,0.2773
2404,0.2658
2405,0.247
2406,0.2117
2407,0.233
2408,0.2815
2409,0.3018
2410,0.2886
2411,0.2847
2412,0.2943
2413,0.3133
2414,0.3341
2415,0.3532
2416,0.3552
2417,0.3402
2418,0.3921
2419,0.4251
2420,0.404
2421,0.3751
2422,0.345
2423,0.3233
2424,0.3028
2425,0.2904
2426,0.2739
2427,0.2575
2428,0.2437
2429,0.2214
2430,0.1528
2431,0.1606
2432,0.2203
2433,0.2095
2434,0.1877
2435,0.1819
2436,0.1905
2437,0.2049
2438,0.2188
2439,0.229
2440,0.2314
2441,0.2277
2442,0.2776
2443,0.3199
2444,0.3269
2445,0.3171
2446,0.3006
2447,0.2831
2448,0.2663
2449,0.2493
2450,0.2366
2451,0.2328
2452,0.2352
2453,0.2238
2454,0.1602
2455,0.1865
2456,0.2307
2457,0.2119
2458,0.1924
2459,0.181
2460,0.1803
2461,0.1924
2462,0.2138
2463,0.2371
2464,0.2477
2465,0.2276
2466,0.2499
2467,0.2841
2468,0.2836
2469,0.2679
2470,0.2483
2471,0.2292
2472,0.2145
2473,0.2025
2474,0.1893
2475,0.1779
2476,0.1654
2477,0.1414
2478,0.1021
2479,0.1175
2480,0.1491
2481,0.1455
2482,0.1429
2483,0.1465
2484,0.1554
2485,0.1644
2486,0.16
2487,0.1534
2488,0.1638
2489,0.1768
2490,0.2211
2491,0.267
2492,0.275
2493,0.2694
2494,0.2731
2495,0.2856
2496,0.3041
2497,0.3179
2498,0.3261
2499,0.3256
2500,0.3183
2501,0.2803
2502,0.1981
2503,0.2119
2504,0.3356
2505,0.3651
2506,0.3878
2507,0.4153
2508,0.4409
2509,0.4511
2510,0.4414
2511,0.4126
2512,0.3561
2513,0.329
2514,0.3636
2515,0.3841
2516,0.3785
2517,0.3738
2518,0.3592
2519,0.3377
2520,0.3146
2521,0.2895
2522,0.2673
2523,0.2452
2524,0.2223
2525,0.1882
2526,0.1309
2527,0.1207
2528,0.1335
2529,0.1341
2530,0.1383
2531,0.1439
2532,0.1469
2533,0.1453
2534,0.1365
2535,0.1196
2536,0.0959
2537,0.0794
2538,0.08
2539,0.0801
2540,0.0773
2541,0.0727
2542,0.0714
2543,0.0764
2544,0.0859
2545,0.0961
2546,0.1035
2547,0.1045
2548,0.1057
2549,0.1083
2550,0.096
2551,0.092
2552,0.124
2553,0.1512
2554,0.1567
2555,0.1591
2556,0.1626
2557,0.1678
2558,0.1747
2559,0.1811
2560,0.1915
2561,0.2191
2562,0.2997
2563,0.3798
2564,0.4077
2565,0.3992
2566,0.3829
2567,0.3688
2568,0.3444
2569,0.323
2570,0.305
2571,0.2945
2572,0.2849
2573,0.2644
2574,0.2081
2575,0.1886
2576,0.2313
2577,0.2645
2578,0.2853
2579,0.2899
2580,0.2802
2581,0.263
2582,0.2439
2583,0.2231
2584,0.1975
2585,0.2275
2586,0.3006
2587,0.3511
2588,0.3576
2589,0.343
2590,0.3219
2591,0.3005
2592,0.2792
2593,0.2598
2594,0.2443
2595,0.2391
2596,0.2385
2597,0.2281
2598,0.1643
2599,0.1298
2600,0.1491
2601,0.166
2602,0.162
2603,0.1455
2604,0.1271
2605,0.1108
2606,0.099
2607,0.0949
2608,0.0976
2609,0.116
2610,0.158
2611,0.1969
2612,0.2064
2613,0.2041
2614,0.2007
2615,0.1996
2616,0.2004
2617,0.2037
2618,0.2078
2619,0.2046
2620,0.1957
2621,0.1815
2622,0.122
2623,0.0841
2624,0.0958
2625,0.137
2626,0.1754
2627,0.2007
2628,0.2166
2629,0.2291
2630,0.2396
2631,0.2432
2632,0.2252
2633,0.2554
2634,0.3232
2635,0.3693
2636,0.3774
2637,0.3605
2638,0.3363
2639,0.3107
2640,0.2873
2641,0.2746
2642,0.2667
2643,0.2613
2644,0.2546
2645,0.2295
2646,0.1429
2647,0.0911
2648,0.0873
2649,0.1207
2650,0.1408
2651,0.1361
2652,0.1255
2653,0.1137
2654,0.1024
2655,0.0925
2656,0.0827
2657,0.0807
2658,0.1003
2659,0.1264
2660,0.1415
2661,0.1479
2662,0.1478
2663,0.1473
2664,0.1508
2665,0.1502
2666,0.153
2667,0.1605
2668,0.1652
2669,0.1558
2670,0.1161
2671,0.0886
2672,0.1103
2673,0.1448
2674,0.1616
2675,0.1704
2676,0.1781
2677,0.1833
2678,0.1793
2679,0.1731
2680,0.1666
2681,0.1875
2682,0.2468
2683,0.3064
2684,0.3379
2685,0.3456
2686,0.3334
2687,0.3082
2688,0.2845
2689,0.2782
2690,0.27
2691,0.2595
2692,0.2444
2693,0.2208
2694,0.161
2695,0.1319
2696,0.1436
2697,0.1601
2698,0.1695
2699,0.1741
2700,0.178
2701,0.1835
2702,0.1872
2703,0.1776
2704,0.1535
2705,0.1427
2706,0.1627
2707,0.1918
2708,0.2222
2709,0.2511
2710,0.2827
2711,0.3117
2712,0.3302
2713,0.3373
2714,0.3538
2715,0.3759
2716,0.3913
2717,0.3735
2718,0.3555
2719,0.4337
2720,0.5043
2721,0.5331
2722,0.5609
2723,0.5648
2724,0.5578
2725,0.5556
2726,0.5566
2727,0.5515
2728,0.5142
2729,0.427
2730,0.3972
2731,0.4214
2732,0.4547
2733,0.4924
2734,0.5414
2735,0.5733
2736,0.5783
2737,0.5733
2738,0.5593
2739,0.5445
2740,0.5405
2741,0.539
2742,0.502
2743,0.5032
2744,0.5169
2745,0.5367
2746,0.5677
2747,0.5751
2748,0.5423
2749,0.4904
2750,0.432
2751,0.364
2752,0.2912
2753,0.2035
2754,0.1626
2755,0.1811
2756,0.2089
2757,0.2142
2758,0.222
2759,0.2236
2760,0.2117
2761,0.1884
2762,0.1713
2763,0.1544
2764,0.1394
2765,0.1313
2766,0.1247
2767,0.1447
2768,0.173
2769,0.1882
2770,0.2051
2771,0.2268
2772,0.2508
2773,0.276
2774,0.3011
2775,0.3243
2776,0.3282
2777,0.3012
2778,0.3132
2779,0.3447
2780,0.3634
2781,0.3699
2782,0.3809
2783,0.4007
2784,0.4238
2785,0.4419
2786,0.4602
2787,0.4695
2788,0.4737
2789,0.4531
2790,0.4613
2791,0.5605
2792,0.6265
2793,0.6462
2794,0.6644
2795,0.6803
2796,0.6982
2797,0.7137
2798,0.7189
2799,0.7092
2800,0.6705
2801,0.5846
2802,0.5024
2803,0.4574
2804,0.4111
2805,0.3679
2806,0.3492
2807,0.3472
2808,0.3443
2809,0.329
2810,0.301
2811,0.2823
2812,0.2571
2813,0.2435
2814,0.2425
2815,0.2884
2816,0.3232
2817,0.336
2818,0.3419
2819,0.3426
2820,0.338
2821,0.3259
2822,0.3083
2823,0.2855
2824,0.2465
2825,0.1768
2826,0.1361
2827,0.1229
2828,0.1069
2829,0.0939
2830,0.0864
2831,0.0783
2832,0.0724
2833,0.0681
2834,0.062
2835,0.053
2836,0.0454
2837,0.0388
2838,0.0366
2839,0.0427
2840,0.0503
2841,0.057
2842,0.0584
2843,0.0569
2844,0.0572
2845,0.0613
2846,0.0703
2847,0.0812
2848,0.0902
2849,0.0946
2850,0.1196
2851,0.1611
2852,0.1861
2853,0.1975
2854,0.2033
2855,0.2064
2856,0.2057
2857,0.1995
2858,0.1894
2859,0.1707
2860,0.1474
2861,0.1097
2862,0.0743
2863,0.0841
2864,0.1056
2865,0.106
2866,0.1017
2867,0.0988
2868,0.0967
2869,0.0945
2870,0.0919
2871,0.0929
2872,0.0967
2873,0.0966
2874,0.1261
2875,0.1739
2876,0.1925
2877,0.1863
2878,0.1695
2879,0.1466
2880,0.1215
2881,0.0993
2882,0.0806
2883,0.0657
2884,0.0535
2885,0.0383
2886,0.0188
2887,0.0104
2888,0.0084
2889,0.0081
2890,0.0086
2891,0.0098
2892,0.0127
2893,0.0172
2894,0.0253
2895,0.0352
2896,0.0466
2897,0.0664
2898,0.0993
2899,0.1287
2900,0.1406
2901,0.1446
2902,0.1483
2903,0.15
2904,0.1497
2905,0.1481
2906,0.1444
2907,0.1439
2908,0.141
2909,0.1252
2910,0.1024
2911,0.1074
2912,0.112
2913,0.119
2914,0.1314
2915,0.1517
2916,0.175
2917,0.1977
2918,0.2174
2919,0.2284
2920,0.2183
2921,0.195
2922,0.1926
2923,0.199
2924,0.1826
2925,0.1606
2926,0.143
2927,0.1291
2928,0.1217
2929,0.1159
2930,0.106
2931,0.0923
2932,0.0786
2933,0.0609
2934,0.0467
2935,0.0439
2936,0.0413
2937,0.0392
2938,0.0379
2939,0.0427
2940,0.0526
2941,0.0655
2942,0.0815
2943,0.102
2944,0.1234
2945,0.1291
2946,0.1363
2947,0.1574
2948,0.164
2949,0.1581
2950,0.1516
2951,0.1583
2952,0.1774
2953,0.1959
2954,0.2029
2955,0.1967
2956,0.185
2957,0.1685
2958,0.18
2959,0.2594
2960,0.3556
2961,0.4268
2962,0.4593
2963,0.4739
2964,0.4963
2965,0.5308
2966,0.566
2967,0.5925
2968,0.5909
2969,0.5381
2970,0.47
2971,0.4389
2972,0.4014
2973,0.3749
2974,0.3552
2975,0.3375
2976,0.3149
2977,0.292
2978,0.274
2979,0.2644
2980,0.2537
2981,0.2426
2982,0.2577
2983,0.3195
2984,0.3493
2985,0.3548
2986,0.3599
2987,0.3644
2988,0.3686
2989,0.372
2990,0.3762
2991,0.3768
2992,0.3623
2993,0.3064
2994,0.2646
2995,0.2772
2996,0.2693
2997,0.2503
2998,0.2272
2999,0.2082
3000,0.1922
3001,0.1785
3002,0.166
3003,0.1549
3004,0.1466
3005,0.1255
3006,0.0937
3007,0.1157
3008,0.1193
3009,0.1099
3010,0.1045
3011,0.1042
3012,0.1059
3013,0.1064
3014,0.1024
3015,0.0928
3016,0.0793
3017,0.0621
3018,0.0578
3019,0.0632
3020,0.0675
3021,0.0709
3022,0.0711
3023,0.0706
3024,0.0699
3025,0.0703
3026,0.0735
3027,0.0813
3028,0.0948
3029,0.1
3030,0.0637
3031,0.0546
3032,0.0609
3033,0.0726
3034,0.0807
3035,0.0903
3036,0.1015
3037,0.1131
3038,0.1154
3039,0.119
3040,0.1138
3041,0.1031
3042,0.1278
3043,0.1719
3044,0.2215
3045,0.2757
3046,0.3089
3047,0.3241
3048,0.3326
3049,0.3412
3050,0.3411
3051,0.3527
3052,0.3777
3053,0.3657
3054,0.3705
3055,0.4146
3056,0.4894
3057,0.535
3058,0.5508
3059,0.5472
3060,0.5335
3061,0.5202
3062,0.5235
3063,0.4967
3064,0.4575
3065,0.4116
3066,0.4218
3067,0.4473
3068,0.4531
3069,0.4448
3070,0.45
3071,0.4734
3072,0.4949
3073,0.5022
3074,0.5044
3075,0.4906
3076,0.464
3077,0.4313
3078,0.41
3079,0.4602
3080,0.4901
3081,0.5018
3082,0.5217
3083,0.5377
3084,0.5356
3085,0.5351
3086,0.5324
3087,0.5111
3088,0.4449
3089,0.3524
3090,0.3145
3091,0.2987
3092,0.2622
3093,0.2351
3094,0.2154
3095,0.1979
3096,0.1817
3097,0.1559
3098,0.1351
3099,0.1121
3100,0.091
3101,0.0654
3102,0.0465
3103,0.0504
3104,0.0613
3105,0.0704
3106,0.0778
3107,0.0845
3108,0.0918
3109,0.1039
3110,0.1124
3111,0.1115
3112,0.0991
3113,0.0893
3114,0.106
3115,0.1511
3116,0.198
3117,0.2215
3118,0.2449
3119,0.2629
3120,0.277
3121,0.2883
3122,0.2889
3123,0.2915
3124,0.3009
3125,0.2926
3126,0.3091
3127,0.3708
3128,0.4071
3129,0.4166
3130,0.4116
3131,0.4144
3132,0.4234
3133,0.4263
3134,0.416
3135,0.3945
3136,0.3574
3137,0.3005
3138,0.2736
3139,0.3039
3140,0.3171
3141,0.3062
3142,0.2881
3143,0.2696
3144,0.2453
3145,0.2196
3146,0.201
3147,0.1854
3148,0.1787
3149,0.1688
3150,0.1953
3151,0.2451
3152,0.2749
3153,0.2896
3154,0.298
3155,0.3026
3156,0.313
3157,0.3261
3158,0.3429
3159,0.3691
3160,0.3917
3161,0.379
3162,0.38
3163,0.4329
3164,0.4561
3165,0.4523
3166,0.4379
3167,0.4243
3168,0.4187
3169,0.412
3170,0.4059
3171,0.3884
3172,0.3618
3173,0.2845
3174,0.2537
3175,0.3544
3176,0.409
3177,0.4261
3178,0.4351
3179,0.4475
3180,0.4704
3181,0.4985
3182,0.5226
3183,0.538
3184,0.5284
3185,0.468
3186,0.4594
3187,0.5099
3188,0.5118
3189,0.4814
3190,0.4523
3191,0.4282
3192,0.4024
3193,0.3852
3194,0.3725
3195,0.3594
3196,0.336
3197,0.2418
3198,0.1813
3199,0.279
3200,0.3686
3201,0.409
3202,0.4317
3203,0.447
3204,0.4631
3205,0.482
3206,0.4869
3207,0.4759
3208,0.4493
3209,0.3956
3210,0.3956
3211,0.4527
3212,0.4725
3213,0.4537
3214,0.4301
3215,0.4002
3216,0.3758
3217,0.3534
3218,0.3343
3219,0.3153
3220,0.2917
3221,0.1998
3222,0.157
3223,0.2584
3224,0.3251
3225,0.329
3226,0.3151
3227,0.3016
3228,0.2949
3229,0.294
3230,0.2947
3231,0.2971
3232,0.2915
3233,0.2491
3234,0.2431
3235,0.2825
3236,0.3061
3237,0.3089
3238,0.2971
3239,0.2776
3240,0.2588
3241,0.2409
3242,0.2236
3243,0.2114
3244,0.1985
3245,0.1277
3246,0.0699
3247,0.1036
3248,0.1562
3249,0.1656
3250,0.1636
3251,0.1629
3252,0.1646
3253,0.166
3254,0.1625
3255,0.1515
3256,0.1411
3257,0.131
3258,0.1489
3259,0.1964
3260,0.2242
3261,0.2305
3262,0.2303
3263,0.2256
3264,0.2171
3265,0.2068
3266,0.1942
3267,0.1849
3268,0.1749
3269,0.1342
3270,0.1065
3271,0.1205
3272,0.1211
3273,0.1054
3274,0.0864
3275,0.0725
3276,0.0625
3277,0.0551
3278,0.0494
3279,0.0475
3280,0.0486
3281,0.0516
3282,0.0672
3283,0.0979
3284,0.1202
3285,0.1346
3286,0.1428
3287,0.1377
3288,0.134
3289,0.126
3290,0.1169
3291,0.1086
3292,0.1037
3293,0.0814
3294,0.0642
3295,0.0709
3296,0.0733
3297,0.0683
3298,0.0599
3299,0.0523
3300,0.0465
3301,0.0437
3302,0.0441
3303,0.0469
3304,0.0508
3305,0.0526
3306,0.0615
3307,0.0783
3308,0.0908
3309,0.0952
3310,0.0979
3311,0.0979
3312,0.0966
3313,0.0955
3314,0.0966
3315,0.0949
3316,0.0919
3317,0.0756
3318,0.0626
3319,0.0673
3320,0.0725
3321,0.0765
3322,0.0822
3323,0.0896
3324,0.1
3325,0.1139
3326,0.1294
3327,0.1453
3328,0.1513
3329,0.1395
3330,0.1479
3331,0.1825
3332,0.2064
3333,0.2113
3334,0.2106
3335,0.2075
3336,0.2074
3337,0.2021
3338,0.2001
3339,0.196
3340,0.1869
3341,0.1588
3342,0.1573
3343,0.1759
3344,0.1806
3345,0.1802
3346,0.1832
3347,0.1908
3348,0.2
3349,0.2073
3350,0.2098
3351,0.2062
3352,0.1972
3353,0.171
3354,0.1583
3355,0.1819
3356,0.1904
3357,0.187
3358,0.1778
3359,0.1718
3360,0.1691
3361,0.1687
3362,0.1673
3363,0.1611
3364,0.1491
3365,0.1192
3366,0.105
3367,0.1394
3368,0.1617
3369,0.178
3370,0.1855
3371,0.1869
3372,0.1849
3373,0.1826
3374,0.1804
3375,0.1806
3376,0.1763
3377,0.1532
3378,0.1542
3379,0.1694
3380,0.1606
3381,0.1449
3382,0.1297
3383,0.1152
3384,0.1019
3385,0.0907
3386,0.0813
3387,0.0723
3388,0.0655
3389,0.0512
3390,0.0338
3391,0.0413
3392,0.0507
3393,0.0503
3394,0.0471
3395,0.0455
3396,0.045
3397,0.0446
3398,0.0434
3399,0.0416
3400,0.0391
3401,0.0357
3402,0.036
3403,0.0409
3404,0.0427
3405,0.0444
3406,0.0471
3407,0.0513
3408,0.0574
3409,0.0653
3410,0.0755
3411,0.0847
3412,0.0929
3413,0.0831
3414,0.0424
3415,0.0279
3416,0.029
3417,0.0321
3418,0.0331
3419,0.0324
3420,0.0312
3421,0.0299
3422,0.0284
3423,0.0277
3424,0.0286
3425,0.0331
3426,0.0443
3427,0.0596
3428,0.0722
3429,0.0806
3430,0.0854
3431,0.088
3432,0.0903
3433,0.0886
3434,0.0855
3435,0.0825
3436,0.0822
3437,0.0641
3438,0.0461
3439,0.0505
3440,0.0521
3441,0.0521
3442,0.0563
3443,0.065
3444,0.0769
3445,0.089
3446,0.1016
3447,0.1131
3448,0.1219
3449,0.1342
3450,0.1647
3451,0.2172
3452,0.253
3453,0.2574
3454,0.2409
3455,0.2184
3456,0.1943
3457,0.1726
3458,0.1519
3459,0.1334
3460,0.1158
3461,0.0776
3462,0.0575
3463,0.0733
3464,0.0813
3465,0.09
3466,0.1004
3467,0.1175
3468,0.138
3469,0.1545
3470,0.1628
3471,0.1612
3472,0.1554
3473,0.1407
3474,0.134
3475,0.1491
3476,0.1556
3477,0.1545
3478,0.1506
3479,0.147
3480,0.1428
3481,0.1377
3482,0.1328
3483,0.1316
3484,0.1297
3485,0.1006
3486,0.1039
3487,0.1333
3488,0.1602
3489,0.1754
3490,0.1845
3491,0.1952
3492,0.2078
3493,0.2185
3494,0.2266
3495,0.2394
3496,0.2537
3497,0.2494
3498,0.2352
3499,0.2546
3500,0.2644
3501,0.2574
3502,0.2432
3503,0.2253
3504,0.2146
3505,0.1998
3506,0.1915
3507,0.1776
3508,0.1573
3509,0.1261
3510,0.1251
3511,0.1354
3512,0.1462
3513,0.15
3514,0.154
3515,0.1687
3516,0.1921
3517,0.221
3518,0.2493
3519,0.2693
3520,0.2788
3521,0.2697
3522,0.2434
3523,0.2548
3524,0.2644
3525,0.263
3526,0.2628
3527,0.264
3528,0.2679
3529,0.264
3530,0.264
3531,0.2631
3532,0.2487
3533,0.2153
3534,0.2464
3535,0.2961
3536,0.3326
3537,0.3596
3538,0.3747
3539,0.3814
3540,0.3832
3541,0.382
3542,0.374
3543,0.3543
3544,0.3236
3545,0.2715
3546,0.2242
3547,0.2365
3548,0.2498
3549,0.2412
3550,0.2206
3551,0.1993
3552,0.1769
3553,0.1558
3554,0.1354
3555,0.1162
3556,0.0964
3557,0.0763
3558,0.0798
3559,0.1005
3560,0.1236
3561,0.1409
3562,0.1565
3563,0.1702
3564,0.1808
3565,0.1883
3566,0.1942
3567,0.2021
3568,0.2084
3569,0.1953
3570,0.1708
3571,0.1761
3572,0.1907
3573,0.1991
3574,0.201
3575,0.1984
3576,0.1979
3577,0.2057
3578,0.2035
3579,0.2012
3580,0.1929
3581,0.149
3582,0.1525
3583,0.1928
3584,0.2003
3585,0.1889
3586,0.1733
3587,0.1649
3588,0.1613
3589,0.1567
3590,0.1516
3591,0.1442
3592,0.1323
3593,0.1134
3594,0.0923
3595,0.0924
3596,0.097
3597,0.0984
3598,0.0956
3599,0.0896
3600,0.0823
3601,0.0757
3602,0.0705
3603,0.064
3604,0.0558
3605,0.0335
3606,0.0223
3607,0.023
3608,0.0251
3609,0.0262
3610,0.0252
3611,0.0232
3612,0.0213
3613,0.0197
3614,0.0183
3615,0.0159
3616,0.0133
3617,0.0112
3618,0.0118
3619,0.0174
3620,0.0264
3621,0.0372
3622,0.0502
3623,0.0645
3624,0.0761
3625,0.0835
3626,0.0915
3627,0.0997
3628,0.1072
3629,0.0847
3630,0.0365
3631,0.028
3632,0.0387
3633,0.0421
3634,0.0438
3635,0.0449
3636,0.0458
3637,0.0468
3638,0.0479
3639,0.0478
3640,0.0461
3641,0.0466
3642,0.0549
3643,0.0739
3644,0.1008
3645,0.1326
3646,0.1685
3647,0.2044
3648,0.2333
3649,0.2525
3650,0.2622
3651,0.266
3652,0.2568
3653,0.1861
3654,0.1125
3655,0.1027
3656,0.1454
3657,0.1781
3658,0.2074
3659,0.2329
3660,0.251
3661,0.2657
3662,0.273
3663,0.2609
3664,0.2311
3665,0.1925
3666,0.1834
3667,0.202
3668,0.2231
3669,0.2224
3670,0.2049
3671,0.1837
3672,0.1659
3673,0.1542
3674,0.1488
3675,0.1405
3676,0.12
3677,0.0882
3678,0.0751
3679,0.0807
3680,0.1095
3681,0.1469
3682,0.1588
3683,0.1468
3684,0.1345
3685,0.1318
3686,0.134
3687,0.1287
3688,0.1116
3689,0.0828
3690,0.057
3691,0.0496
3692,0.046
3693,0.0507
3694,0.0649
3695,0.0869
3696,0.1109
3697,0.1351
3698,0.1613
3699,0.1926
3700,0.206
3701,0.1595
3702,0.1445
3703,0.1929
3704,0.2364
3705,0.2802
3706,0.3295
3707,0.3804
3708,0.4122
3709,0.4277
3710,0.4147
3711,0.3942
3712,0.3828
3713,0.3734
3714,0.3548
3715,0.3279
3716,0.2885
3717,0.2424
3718,0.2054
3719,0.1783
3720,0.1637
3721,0.1576
3722,0.1676
3723,0.1477
3724,0.1368
3725,0.1114
3726,0.0914
3727,0.0919
3728,0.0959
3729,0.1065
3730,0.1219
3731,0.1331
3732,0.1406
3733,0.1319
3734,0.1425
3735,0.1724
3736,0.2068
3737,0.2186
3738,0.2157
3739,0.2372
3740,0.2676
3741,0.2642
3742,0.2432
3743,0.2143
3744,0.1891
3745,0.1835
3746,0.1799
3747,0.1703
3748,0.152
3749,0.1229
3750,0.1165
3751,0.1037
3752,0.0858
3753,0.0733
3754,0.07
3755,0.0766
3756,0.0866
3757,0.0943
3758,0.1007
3759,0.1067
3760,0.1132
3761,0.1163
3762,0.1381
3763,0.2158
3764,0.3147
3765,0.3779
3766,0.4079
3767,0.4236
3768,0.4409
3769,0.4507
3770,0.4607
3771,0.4651
3772,0.4564
3773,0.4252
3774,0.4792
3775,0.5382
3776,0.5714
3777,0.5847
3778,0.589
3779,0.6236
3780,0.6565
3781,0.6657
3782,0.7065
3783,0.754
3784,0.7723
3785,0.7785
3786,0.7725
3787,0.7574
3788,0.7448
3789,0.7372
3790,0.734
3791,0.7256
3792,0.7114
3793,0.6927
3794,0.6728
3795,0.6465
3796,0.6061
3797,0.573
3798,0.5975
3799,0.6183
3800,0.6055
3801,0.5867
3802,0.5637
3803,0.5374
3804,0.5065
3805,0.4646
3806,0.4132
3807,0.3614
3808,0.3
3809,0.2196
3810,0.1481
3811,0.1149
3812,0.0937
3813,0.0768
3814,0.0673
3815,0.0643
3816,0.0686
3817,0.0835
3818,0.102
3819,0.1112
3820,0.1135
3821,0.0893
3822,0.0612
3823,0.0609
3824,0.0701
3825,0.0711
3826,0.0618
3827,0.0549
3828,0.048
3829,0.0432
3830,0.0362
3831,0.0313
3832,0.031
3833,0.0362
3834,0.0535
3835,0.0926
3836,0.1263
3837,0.134
3838,0.1305
3839,0.1258
3840,0.1332
3841,0.143
3842,0.1539
3843,0.1581
3844,0.1372
3845,0.105
3846,0.1095
3847,0.1321
3848,0.1505
3849,0.156
3850,0.1623
3851,0.1785
3852,0.1943
3853,0.2112
3854,0.2251
3855,0.2312
3856,0.2271
3857,0.208
3858,0.1736
3859,0.1708
3860,0.1811
3861,0.18
3862,0.1594
3863,0.1364
3864,0.1163
3865,0.0974
3866,0.0818
3867,0.0679
3868,0.0561
3869,0.0431
3870,0.0443
3871,0.0511
3872,0.0555
3873,0.0556
3874,0.0533
3875,0.0522
3876,0.0522
3877,0.0529
3878,0.0543
3879,0.0566
3880,0.059
3881,0.0571
3882,0.0543
3883,0.0652
3884,0.0776
3885,0.084
3886,0.0898
3887,0.0925
3888,0.0923
3889,0.0932
3890,0.0971
3891,0.0996
3892,0.0949
3893,0.0839
3894,0.0951
3895,0.1201
3896,0.1444
3897,0.1569
3898,0.1669
3899,0.1793
3900,0.1935
3901,0.2102
3902,0.2271
3903,0.2387
3904,0.2354
3905,0.1975
3906,0.1659
3907,0.1924
3908,0.2282
3909,0.2363
3910,0.2332
3911,0.234
3912,0.2391
3913,0.2445
3914,0.2492
3915,0.2515
3916,0.2289
3917,0.1898
3918,0.2377
3919,0.2965
3920,0.3414
3921,0.3801
3922,0.4125
3923,0.436
3924,0.451
3925,0.4488
3926,0.4153
3927,0.3464
3928,0.2641
3929,0.1902
3930,0.1491
3931,0.1486
3932,0.1528
3933,0.1521
3934,0.1494
3935,0.1435
3936,0.1371
3937,0.1387
3938,0.1541
3939,0.1527
3940,0.1476
3941,0.1117
3942,0.083
3943,0.0999
3944,0.1208
3945,0.1335
3946,0.1445
3947,0.153
3948,0.1389
3949,0.1149
3950,0.0938
3951,0.0763
3952,0.0678
3953,0.0668
3954,0.0721
3955,0.0838
3956,0.0908
3957,0.0925
3958,0.1021
3959,0.1137
3960,0.1193
3961,0.1195
3962,0.1287
3963,0.1442
3964,0.1511
3965,0.1234
3966,0.1424
3967,0.1854
3968,0.2203
3969,0.2408
3970,0.2533
3971,0.2684
3972,0.2819
3973,0.291
3974,0.2973
3975,0.301
3976,0.3012
3977,0.2762
3978,0.232
3979,0.2383
3980,0.2683
3981,0.2824
3982,0.2787
3983,0.2721
3984,0.2614
3985,0.2474
3986,0.2306
3987,0.2148
3988,0.1853
3989,0.13
3990,0.153
3991,0.1642
3992,0.1653
3993,0.1652
3994,0.1634
3995,0.1608
3996,0.1545
3997,0.1412
3998,0.1211
3999,0.0999
4000,0.0803
4001,0.0626
4002,0.0527
4003,0.0614
4004,0.0774
4005,0.0926
4006,0.1097
4007,0.1272
4008,0.1422
4009,0.1518
4010,0.1546
4011,0.1495
4012,0.1333
4013,0.073
4014,0.0323
4015,0.0497
4016,0.0475
4017,0.0405
4018,0.0347
4019,0.031
4020,0.0286
4021,0.0265
4022,0.025
4023,0.0234
4024,0.0224
4025,0.0244
4026,0.034
4027,0.0591
4028,0.0899
4029,0.1067
4030,0.117
4031,0.1211
4032,0.1222
4033,0.1214
4034,0.1184
4035,0.1198
4036,0.1197
4037,0.0924
4038,0.0622
4039,0.0552
4040,0.0604
4041,0.0641
4042,0.0722
4043,0.0818
4044,0.0892
4045,0.0965
4046,0.1061
4047,0.1152
4048,0.1157
4049,0.115
4050,0.1261
4051,0.1705
4052,0.2129
4053,0.2316
4054,0.2418
4055,0.2512
4056,0.2588
4057,0.2651
4058,0.2575
4059,0.2451
4060,0.2166
4061,0.1702
4062,0.1715
4063,0.185
4064,0.172
4065,0.191
4066,0.2379
4067,0.269
4068,0.2791
4069,0.2777
4070,0.2633
4071,0.241
4072,0.2119
4073,0.1746
4074,0.1407
4075,0.1358
4076,0.1458
4077,0.1499
4078,0.1501
4079,0.1444
4080,0.1425
4081,0.1418
4082,0.1403
4083,0.1418
4084,0.1294
4085,0.0998
4086,0.1142
4087,0.1299
4088,0.1424
4089,0.1555
4090,0.1695
4091,0.1804
4092,0.1853
4093,0.1847
4094,0.18
4095,0.1693
4096,0.1546
4097,0.1372
4098,0.1201
4099,0.128
4100,0.144
4101,0.1492
4102,0.1508
4103,0.1482
4104,0.142
4105,0.136
4106,0.1313
4107,0.1278
4108,0.119
4109,0.0758
4110,0.0749
4111,0.0803
4112,0.0771
4113,0.0691
4114,0.0568
4115,0.0487
4116,0.047
4117,0.0508
4118,0.0587
4119,0.0707
4120,0.0882
4121,0.1107
4122,0.1366
4123,0.1963
4124,0.2468
4125,0.2519
4126,0.2369
4127,0.2265
4128,0.2188
4129,0.2116
4130,0.2031
4131,0.1917
4132,0.1646
4133,0.1048
4134,0.0758
4135,0.0964
4136,0.0896
4137,0.0776
4138,0.0714
4139,0.0669
4140,0.0655
4141,0.0671
4142,0.0691
4143,0.0714
4144,0.0736
4145,0.0794
4146,0.0911
4147,0.1259
4148,0.165
4149,0.1928
4150,0.2042
4151,0.1981
4152,0.1955
4153,0.1994
4154,0.2017
4155,0.2043
4156,0.1927
4157,0.1213
4158,0.0941
4159,0.1156
4160,0.1508
4161,0.1686
4162,0.1721
4163,0.1667
4164,0.1538
4165,0.1375
4166,0.1266
4167,0.1244
4168,0.1293
4169,0.1338
4170,0.1526
4171,0.1893
4172,0.2179
4173,0.228
4174,0.2336
4175,0.2377
4176,0.2437
4177,0.2432
4178,0.2295
4179,0.2116
4180,0.1853
4181,0.1307
4182,0.1049
4183,0.1206
4184,0.1245
4185,0.1094
4186,0.0939
4187,0.0864
4188,0.0955
4189,0.1042
4190,0.1089
4191,0.1145
4192,0.1197
4193,0.1308
4194,0.1562
4195,0.1976
4196,0.2383
4197,0.2444
4198,0.2242
4199,0.2148
4200,0.2188
4201,0.2247
4202,0.2233
4203,0.2161
4204,0.1886
4205,0.1237
4206,0.0884
4207,0.115
4208,0.1498
4209,0.1641
4210,0.1649
4211,0.1579
4212,0.1449
4213,0.1279
4214,0.1129
4215,0.0984
4216,0.0854
4217,0.0768
4218,0.082
4219,0.1119
4220,0.1384
4221,0.1486
4222,0.1567
4223,0.165
4224,0.1736
4225,0.1823
4226,0.1921
4227,0.2024
4228,0.2022
4229,0.1655
4230,0.1553
4231,0.1863
4232,0.2135
4233,0.2266
4234,0.2376
4235,0.2454
4236,0.2493
4237,0.2525
4238,0.2566
4239,0.2574
4240,0.2531
4241,0.2439
4242,0.253
4243,0.2922
4244,0.3281
4245,0.3427
4246,0.3521
4247,0.3566
4248,0.3552
4249,0.3489
4250,0.3448
4251,0.3335
4252,0.3016
4253,0.2667
4254,0.2645
4255,0.2531
4256,0.2356
4257,0.2232
4258,0.2172
4259,0.2156
4260,0.2172
4261,0.2222
4262,0.2318
4263,0.2437
4264,0.2512
4265,0.2614
4266,0.3102
4267,0.3909
4268,0.4284
4269,0.4175
4270,0.4006
4271,0.3823
4272,0.3603
4273,0.3358
4274,0.3116
4275,0.2878
4276,0.2344
4277,0.1585
4278,0.1287
4279,0.1491
4280,0.1505
4281,0.1461
4282,0.1393
4283,0.1323
4284,0.1278
4285,0.1265
4286,0.1272
4287,0.1288
4288,0.1313
4289,0.1332
4290,0.1662
4291,0.2383
4292,0.2895
4293,0.3011
4294,0.2951
4295,0.2837
4296,0.2707
4297,0.2579
4298,0.245
4299,0.2361
4300,0.2071
4301,0.1194
4302,0.0574
4303,0.0504
4304,0.0767
4305,0.0871
4306,0.0897
4307,0.092
4308,0.0932
4309,0.0944
4310,0.0972
4311,0.1019
4312,0.1092
4313,0.1201
4314,0.1477
4315,0.1887
4316,0.2151
4317,0.2336
4318,0.2452
4319,0.2423
4320,0.233
4321,0.2205
4322,0.2078
4323,0.1937
4324,0.1674
4325,0.1272
4326,0.1164
4327,0.106
4328,0.092
4329,0.0858
4330,0.098
4331,0.1076
4332,0.0918
4333,0.0865
4334,0.0919
4335,0.1018
4336,0.1124
4337,0.1329
4338,0.1642
4339,0.1991
4340,0.2113
4341,0.1934
4342,0.1729
4343,0.1519
4344,0.1399
4345,0.1342
4346,0.135
4347,0.1303
4348,0.1211
4349,0.1043
4350,0.1099
4351,0.0964
4352,0.0794
4353,0.073
4354,0.078
4355,0.0908
4356,0.1058
4357,0.1165
4358,0.123
4359,0.1295
4360,0.1377
4361,0.1482
4362,0.1657
4363,0.2162
4364,0.2676
4365,0.2632
4366,0.2302
4367,0.2017
4368,0.184
4369,0.1721
4370,0.1615
4371,0.1588
4372,0.1421
4373,0.0994
4374,0.1083
4375,0.1012
4376,0.0802
4377,0.0715
4378,0.0711
4379,0.0751
4380,0.0818
4381,0.0904
4382,0.1003
4383,0.1127
4384,0.129
4385,0.1504
4386,0.1834
4387,0.2631
4388,0.3312
4389,0.3444
4390,0.3347
4391,0.3283
4392,0.3164
4393,0.306
4394,0.2966
4395,0.2876
4396,0.2517
4397,0.1894
4398,0.2152
4399,0.2363
4400,0.2273
4401,0.2126
4402,0.2027
4403,0.1966
4404,0.194
4405,0.1957
4406,0.2011
4407,0.2097
4408,0.2267
4409,0.2498
4410,0.2863
4411,0.3616
4412,0.4095
4413,0.4047
4414,0.3881
4415,0.3703
4416,0.3505
4417,0.3315
4418,0.309
4419,0.2862
4420,0.2373
4421,0.1554
4422,0.1701
4423,0.1664
4424,0.157
4425,0.1495
4426,0.1301
4427,0.1063
4428,0.0858
4429,0.0719
4430,0.0661
4431,0.0682
4432,0.0788
4433,0.0983
4434,0.1443
4435,0.2219
4436,0.27
4437,0.2666
4438,0.2421
4439,0.2116
4440,0.1824
4441,0.1585
4442,0.1416
4443,0.1288
4444,0.115
4445,0.0703
4446,0.041
4447,0.0429
4448,0.0486
4449,0.0376
4450,0.0268
4451,0.0223
4452,0.0238
4453,0.0294
4454,0.0364
4455,0.0434
4456,0.052
4457,0.0689
4458,0.1108
4459,0.1693
4460,0.1907
4461,0.1793
4462,0.1595
4463,0.1374
4464,0.1151
4465,0.0954
4466,0.0778
4467,0.0619
4468,0.0497
4469,0.0329
4470,0.0184
4471,0.0196
4472,0.0317
4473,0.0404
4474,0.0471
4475,0.0541
4476,0.065
4477,0.0811
4478,0.1004
4479,0.1192
4480,0.1362
4481,0.1466
4482,0.1628
4483,0.1949
4484,0.1997
4485,0.1756
4486,0.1502
4487,0.1267
4488,0.1059
4489,0.089
4490,0.0786
4491,0.0731
4492,0.0633
4493,0.0428
4494,0.0346
4495,0.0307
4496,0.032
4497,0.037
4498,0.0434
4499,0.0527
4500,0.0658
4501,0.0807
4502,0.0968
4503,0.1139
4504,0.1325
4505,0.154
4506,0.1837
4507,0.2217
4508,0.2403
4509,0.2284
4510,0.2113
4511,0.1912
4512,0.1725
4513,0.1605
4514,0.1501
4515,0.137
4516,0.1156
4517,0.088
4518,0.1045
4519,0.1157
4520,0.1142
4521,0.1044
4522,0.093
4523,0.0903
4524,0.0993
4525,0.1189
4526,0.1405
4527,0.1559
4528,0.1652
4529,0.1772
4530,0.204
4531,0.2864
4532,0.3446
4533,0.332
4534,0.3082
4535,0.2812
4536,0.2585
4537,0.2383
4538,0.224
4539,0.2143
4540,0.1834
4541,0.1293
4542,0.1833
4543,0.2037
4544,0.2065
4545,0.1985
4546,0.1833
4547,0.17
4548,0.1635
4549,0.1664
4550,0.1784
4551,0.1911
4552,0.2018
4553,0.2067
4554,0.201
4555,0.248
4556,0.294
4557,0.2989
4558,0.2833
4559,0.2598
4560,0.2317
4561,0.204
4562,0.1788
4563,0.1567
4564,0.1327
4565,0.0787
4566,0.0655
4567,0.0745
4568,0.071
4569,0.0656
4570,0.0611
4571,0.0596
4572,0.0599
4573,0.0592
4574,0.0573
4575,0.056
4576,0.0555
4577,0.0557
4578,0.0604
4579,0.0778
4580,0.0844
4581,0.0759
4582,0.0616
4583,0.0491
4584,0.0433
4585,0.0424
4586,0.0444
4587,0.0421
4588,0.0391
4589,0.0341
4590,0.0232
4591,0.0252
4592,0.0346
4593,0.0485
4594,0.0636
4595,0.0795
4596,0.0939
4597,0.1053
4598,0.112
4599,0.1138
4600,0.1105
4601,0.1052
4602,0.0983
4603,0.1131
4604,0.1296
4605,0.1336
4606,0.1357
4607,0.1381
4608,0.1413
4609,0.1492
4610,0.1624
4611,0.169
4612,0.1567
4613,0.117
4614,0.1227
4615,0.1471
4616,0.1655
4617,0.188
4618,0.2154
4619,0.2474
4620,0.2785
4621,0.3005
4622,0.3105
4623,0.315
4624,0.3105
4625,0.2922
4626,0.252
4627,0.2394
4628,0.2417
4629,0.2281
4630,0.2158
4631,0.2068
4632,0.1973
4633,0.1864
4634,0.1763
4635,0.1655
4636,0.1487
4637,0.097
4638,0.1111
4639,0.1146
4640,0.1125
4641,0.1104
4642,0.1137
4643,0.12
4644,0.1291
4645,0.1405
4646,0.1542
4647,0.1766
4648,0.2008
4649,0.2215
4650,0.2258
4651,0.245
4652,0.265
4653,0.2477
4654,0.2316
4655,0.2183
4656,0.2044
4657,0.1928
4658,0.1875
4659,0.188
4660,0.1704
4661,0.1469
4662,0.1768
4663,0.1833
4664,0.194
4665,0.2052
4666,0.2174
4667,0.2348
4668,0.2571
4669,0.2812
4670,0.303
4671,0.3229
4672,0.3424
4673,0.356
4674,0.3389
4675,0.3244
4676,0.3312
4677,0.3176
4678,0.3027
4679,0.2847
4680,0.2669
4681,0.2513
4682,0.2391
4683,0.2258
4684,0.1961
4685,0.1459
4686,0.1853
4687,0.1815
4688,0.1775
4689,0.1748
4690,0.1747
4691,0.1784
4692,0.185
4693,0.1926
4694,0.1994
4695,0.2023
4696,0.1981
4697,0.1883
4698,0.1782
4699,0.2181
4700,0.2534
4701,0.2424
4702,0.2187
4703,0.1933
4704,0.168
4705,0.1475
4706,0.1301
4707,0.1169
4708,0.0981
4709,0.0483
4710,0.0251
4711,0.0178
4712,0.014
4713,0.0115
4714,0.0098
4715,0.0101
4716,0.0135
4717,0.0193
4718,0.0253
4719,0.0313
4720,0.0382
4721,0.0496
4722,0.0802
4723,0.1287
4724,0.1559
4725,0.1595
4726,0.1529
4727,0.14
4728,0.1221
4729,0.1022
4730,0.0834
4731,0.0695
4732,0.0566
4733,0.031
4734,0.0123
4735,0.0128
4736,0.0181
4737,0.0238
4738,0.0305
4739,0.0382
4740,0.0468
4741,0.056
4742,0.0638
4743,0.0721
4744,0.0829
4745,0.0978
4746,0.1173
4747,0.1357
4748,0.1421
4749,0.1425
4750,0.1475
4751,0.1507
4752,0.1526
4753,0.1439
4754,0.138
4755,0.1351
4756,0.1284
4757,0.1046
4758,0.112
4759,0.1398
4760,0.1662
4761,0.1896
4762,0.2093
4763,0.2247
4764,0.2374
4765,0.2478
4766,0.254
4767,0.2535
4768,0.2421
4769,0.2162
4770,0.1777
4771,0.152
4772,0.1414
4773,0.1314
4774,0.1246
4775,0.1233
4776,0.1252
4777,0.1287
4778,0.1293
4779,0.122
4780,0.1084
4781,0.0767
4782,0.0776
4783,0.0941
4784,0.1065
4785,0.1181
4786,0.1253
4787,0.1262
4788,0.1233
4789,0.118
4790,0.1102
4791,0.102
4792,0.0876
4793,0.0695
4794,0.0562
4795,0.0544
4796,0.0646
4797,0.0859
4798,0.1194
4799,0.1687
4800,0.2205
4801,0.2588
4802,0.2745
4803,0.2717
4804,0.2466
4805,0.1713
4806,0.1605
4807,0.2335
4808,0.2926
4809,0.3353
4810,0.376
4811,0.4193
4812,0.4492
4813,0.4523
4814,0.424
4815,0.3904
4816,0.3509
4817,0.3092
4818,0.2522
4819,0.2237
4820,0.2133
4821,0.199
4822,0.1773
4823,0.1544
4824,0.1337
4825,0.1174
4826,0.1062
4827,0.095
4828,0.0795
4829,0.0462
4830,0.0359
4831,0.0391
4832,0.0509
4833,0.059
4834,0.0622
4835,0.0632
4836,0.0619
4837,0.0599
4838,0.0577
4839,0.0559
4840,0.0565
4841,0.0644
4842,0.0868
4843,0.1186
4844,0.1343
4845,0.1252
4846,0.108
4847,0.094
4848,0.0837
4849,0.0783
4850,0.076
4851,0.0749
4852,0.0719
4853,0.0483
4854,0.0211
4855,0.0214
4856,0.0249
4857,0.0251
4858,0.0217
4859,0.018
4860,0.0151
4861,0.0132
4862,0.0127
4863,0.0132
4864,0.0155
4865,0.0239
4866,0.0505
4867,0.096
4868,0.1342
4869,0.1524
4870,0.1596
4871,0.1641
4872,0.1714
4873,0.1833
4874,0.1953
4875,0.2091
4876,0.2194
4877,0.1648
4878,0.0845
4879,0.0738
4880,0.0939
4881,0.1078
4882,0.1072
4883,0.1021
4884,0.0964
4885,0.0944
4886,0.0952
4887,0.0941
4888,0.0914
4889,0.0958
4890,0.1304
4891,0.1891
4892,0.2276
4893,0.2461
4894,0.2592
4895,0.2676
4896,0.2724
4897,0.2711
4898,0.2631
4899,0.2511
4900,0.2307
4901,0.1518
4902,0.0684
4903,0.0454
4904,0.0484
4905,0.0554
4906,0.0552
4907,0.0557
4908,0.0572
4909,0.0574
4910,0.0554
4911,0.0537
4912,0.0535
4913,0.0589
4914,0.0803
4915,0.1187
4916,0.1448
4917,0.1546
4918,0.1647
4919,0.1788
4920,0.1954
4921,0.2106
4922,0.2234
4923,0.228
4924,0.2277
4925,0.1859
4926,0.1245
4927,0.1133
4928,0.1335
4929,0.1511
4930,0.1611
4931,0.1684
4932,0.1742
4933,0.1806
4934,0.1896
4935,0.2043
4936,0.2177
4937,0.2159
4938,0.2332
4939,0.2648
4940,0.2827
4941,0.2721
4942,0.2465
4943,0.2259
4944,0.2141
4945,0.2049
4946,0.2001
4947,0.1936
4948,0.1707
4949,0.1259
4950,0.1135
4951,0.132
4952,0.1315
4953,0.1185
4954,0.1011
4955,0.0956
4956,0.1029
4957,0.1092
4958,0.1121
4959,0.1137
4960,0.1243
4961,0.1466
4962,0.1663
4963,0.1744
4964,0.1784
4965,0.1681
4966,0.1463
4967,0.1275
4968,0.1201
4969,0.126
4970,0.1389
4971,0.1476
4972,0.144
4973,0.1237
4974,0.1195
4975,0.1233
4976,0.125
4977,0.1292
4978,0.1415
4979,0.1651
4980,0.1957
4981,0.229
4982,0.2608
4983,0.2933
4984,0.3167
4985,0.3189
4986,0.3071
4987,0.3041
4988,0.3056
4989,0.301
4990,0.2985
4991,0.3068
4992,0.3168
4993,0.3199
4994,0.3163
4995,0.299
4996,0.2841
4997,0.25
4998,0.2901
4999,0.3268
5000,0.3461
5001,0.3495
5002,0.3415
5003,0.3356
5004,0.3294
5005,0.3215
5006,0.3113
5007,0.2948
5008,0.2671
5009,0.2198
5010,0.1652
5011,0.1488
5012,0.1349
5013,0.1211
5014,0.1076
5015,0.093
5016,0.0807
5017,0.0739
5018,0.074
5019,0.0778
5020,0.0859
5021,0.0759
5022,0.0616
5023,0.0862
5024,0.0969
5025,0.102
5026,0.107
5027,0.1147
5028,0.1242
5029,0.1345
5030,0.1465
5031,0.1598
5032,0.172
5033,0.1828
5034,0.1971
5035,0.2311
5036,0.2702
5037,0.3156
5038,0.3544
5039,0.3718
5040,0.3769
5041,0.3747
5042,0.3656
5043,0.3588
5044,0.3492
5045,0.2981
5046,0.3783
5047,0.4557
5048,0.4888
5049,0.5115
5050,0.5261
5051,0.5394
5052,0.5474
5053,0.5474
5054,0.5407
5055,0.5271
5056,0.5036
5057,0.4567
5058,0.3868
5059,0.3399
5060,0.3281
5061,0.3196
5062,0.3122
5063,0.3044
5064,0.2951
5065,0.2796
5066,0.2663
5067,0.2562
5068,0.2412
5069,0.2078
5070,0.2461
5071,0.2709
5072,0.2707
5073,0.2621
5074,0.2504
5075,0.2414
5076,0.2331
5077,0.2238
5078,0.2119
5079,0.1972
5080,0.1777
5081,0.1464
5082,0.1137
5083,0.0987
5084,0.0858
5085,0.0789
5086,0.0773
5087,0.0804
5088,0.0864
5089,0.0896
5090,0.0893
5091,0.0851
5092,0.0789
5093,0.0563
5094,0.0347
5095,0.0398
5096,0.0355
5097,0.0291
5098,0.0219
5099,0.0198
5100,0.023
5101,0.0247
5102,0.0271
5103,0.0294
5104,0.0355
5105,0.047
5106,0.0705
5107,0.1057
5108,0.128
5109,0.1402
5110,0.1394
5111,0.1306
5112,0.1187
5113,0.1097
5114,0.1034
5115,0.0957
5116,0.0884
5117,0.065
5118,0.0459
5119,0.05
5120,0.053
5121,0.059
5122,0.0731
5123,0.0937
5124,0.1162
5125,0.1379
5126,0.1573
5127,0.171
5128,0.1814
5129,0.1863
5130,0.1924
5131,0.2349
5132,0.2454
5133,0.2302
5134,0.2069
5135,0.1851
5136,0.1649
5137,0.1451
5138,0.1287
5139,0.1165
5140,0.1074
5141,0.0765
5142,0.0578
5143,0.0511
5144,0.0433
5145,0.0353
5146,0.0293
5147,0.0255
5148,0.0232
5149,0.022
5150,0.0219
5151,0.0233
5152,0.0273
5153,0.039
5154,0.0733
5155,0.121
5156,0.1473
5157,0.1518
5158,0.1487
5159,0.1432
5160,0.134
5161,0.1236
5162,0.1141
5163,0.1072
5164,0.102
5165,0.0728
5166,0.0352
5167,0.0264
5168,0.0303
5169,0.032
5170,0.0337
5171,0.0372
5172,0.0419
5173,0.0471
5174,0.0518
5175,0.056
5176,0.0601
5177,0.0699
5178,0.0895
5179,0.0999
5180,0.0956
5181,0.0948
5182,0.1038
5183,0.1251
5184,0.123
5185,0.1204
5186,0.1219
5187,0.1243
5188,0.1247
5189,0.1055
5190,0.1066
5191,0.1375
5192,0.1677
5193,0.1871
5194,0.2013
5195,0.2129
5196,0.2215
5197,0.2245
5198,0.2204
5199,0.2151
5200,0.2061
5201,0.1854
5202,0.1642
5203,0.159
5204,0.1472
5205,0.1327
5206,0.1177
5207,0.1053
5208,0.0945
5209,0.0882
5210,0.0838
5211,0.0776
5212,0.0693
5213,0.0534
5214,0.039
5215,0.0515
5216,0.0673
5217,0.0813
5218,0.0959
5219,0.1138
5220,0.1331
5221,0.1497
5222,0.1628
5223,0.1656
5224,0.1529
5225,0.1268
5226,0.103
5227,0.0937
5228,0.0877
5229,0.0864
5230,0.0885
5231,0.0907
5232,0.0949
5233,0.1001
5234,0.1029
5235,0.0997
5236,0.0963
5237,0.0791
5238,0.0651
5239,0.079
5240,0.0992
5241,0.12
5242,0.1429
5243,0.1658
5244,0.1895
5245,0.2093
5246,0.2191
5247,0.2171
5248,0.2058
5249,0.1737
5250,0.136
5251,0.1167
5252,0.0992
5253,0.0857
5254,0.074
5255,0.0644
5256,0.0567
5257,0.052
5258,0.0537
5259,0.0585
5260,0.0668
5261,0.0659
5262,0.041
5263,0.0365
5264,0.0439
5265,0.0495
5266,0.0548
5267,0.0614
5268,0.0693
5269,0.0756
5270,0.0804
5271,0.0819
5272,0.0807
5273,0.0749
5274,0.0714
5275,0.0976
5276,0.1529
5277,0.2159
5278,0.2665
5279,0.2996
5280,0.3198
5281,0.329
5282,0.3367
5283,0.3356
5284,0.3159
5285,0.2633
5286,0.2201
5287,0.2371
5288,0.2757
5289,0.3115
5290,0.3665
5291,0.4196
5292,0.4627
5293,0.4935
5294,0.5112
5295,0.5067
5296,0.4693
5297,0.4436
5298,0.4442
5299,0.4431
5300,0.441
5301,0.4637
5302,0.4992
5303,0.5152
5304,0.5222
5305,0.5346
5306,0.5427
5307,0.5392
5308,0.5295
5309,0.4996
5310,0.5696
5311,0.6206
5312,0.6312
5313,0.6319
5314,0.6295
5315,0.6315
5316,0.6352
5317,0.6323
5318,0.6168
5319,0.5852
5320,0.5398
5321,0.4699
5322,0.3885
5323,0.3482
5324,0.3159
5325,0.3003
5326,0.2878
5327,0.2624
5328,0.2425
5329,0.2251
5330,0.2034
5331,0.1791
5332,0.1576
5333,0.1259
5334,0.0995
5335,0.124
5336,0.1371
5337,0.1422
5338,0.1611
5339,0.189
5340,0.196
5341,0.1938
5342,0.1849
5343,0.1828
5344,0.183
5345,0.1687
5346,0.1526
5347,0.1568
5348,0.1709
5349,0.1844
5350,0.1897
5351,0.1868
5352,0.1827
5353,0.1766
5354,0.1698
5355,0.1605
5356,0.1527
5357,0.1204
5358,0.0911
5359,0.1218
5360,0.1474
5361,0.1711
5362,0.1918
5363,0.2122
5364,0.2415
5365,0.2717
5366,0.2916
5367,0.2962
5368,0.2876
5369,0.2551
5370,0.2238
5371,0.2375
5372,0.2469
5373,0.2415
5374,0.2299
5375,0.2158
5376,0.2074
5377,0.1969
5378,0.1857
5379,0.1796
5380,0.1738
5381,0.1374
5382,0.1065
5383,0.142
5384,0.1721
5385,0.1895
5386,0.2021
5387,0.2097
5388,0.2177
5389,0.2227
5390,0.2182
5391,0.2088
5392,0.1949
5393,0.1671
5394,0.1451
5395,0.1448
5396,0.13
5397,0.1084
5398,0.0897
5399,0.08
5400,0.078
5401,0.0815
5402,0.0912
5403,0.104
5404,0.1199
5405,0.1197
5406,0.096
5407,0.1243
5408,0.1494
5409,0.1661
5410,0.1845
5411,0.2082
5412,0.2371
5413,0.2634
5414,0.2779
5415,0.2832
5416,0.273
5417,0.2452
5418,0.2328
5419,0.2472
5420,0.2781
5421,0.3098
5422,0.3153
5423,0.303
5424,0.2974
5425,0.2908
5426,0.2969
5427,0.2982
5428,0.3059
5429,0.2956
5430,0.3002
5431,0.36
5432,0.3971
5433,0.4138
5434,0.4302
5435,0.4495
5436,0.4673
5437,0.4765
5438,0.4754
5439,0.463
5440,0.4358
5441,0.3632
5442,0.2916
5443,0.2692
5444,0.2499
5445,0.2167
5446,0.1814
5447,0.1512
5448,0.1285
5449,0.1088
5450,0.0957
5451,0.0927
5452,0.0925
5453,0.0884
5454,0.0717
5455,0.0974
5456,0.1387
5457,0.1718
5458,0.1941
5459,0.2066
5460,0.2156
5461,0.2233
5462,0.2286
5463,0.2228
5464,0.2134
5465,0.2097
5466,0.2261
5467,0.2575
5468,0.2776
5469,0.3023
5470,0.3226
5471,0.3226
5472,0.3055
5473,0.3005
5474,0.2994
5475,0.299
5476,0.2928
5477,0.2693
5478,0.2449
5479,0.2616
5480,0.3198
5481,0.3605
5482,0.3867
5483,0.3969
5484,0.3808
5485,0.3546
5486,0.3308
5487,0.2964
5488,0.2401
5489,0.1871
5490,0.1585
5491,0.1461
5492,0.1385
5493,0.1338
5494,0.1302
5495,0.1389
5496,0.1674
5497,0.2034
5498,0.2371
5499,0.2688
5500,0.2906
5501,0.2856
5502,0.2789
5503,0.3453
5504,0.409
5505,0.4369
5506,0.4494
5507,0.4494
5508,0.4381
5509,0.4195
5510,0.3897
5511,0.3563
5512,0.3157
5513,0.2575
5514,0.2151
5515,0.2019
5516,0.1971
5517,0.1995
5518,0.2055
5519,0.2077
5520,0.2086
5521,0.2081
5522,0.1871
5523,0.1633
5524,0.154
5525,0.1374
5526,0.1001
5527,0.1451
5528,0.1719
5529,0.1896
5530,0.2013
5531,0.2082
5532,0.2024
5533,0.1891
5534,0.179
5535,0.1712
5536,0.1567
5537,0.1363
5538,0.1334
5539,0.1432
5540,0.1454
5541,0.1445
5542,0.1384
5543,0.1306
5544,0.1249
5545,0.1211
5546,0.1176
5547,0.1122
5548,0.1068
5549,0.0999
5550,0.0649
5551,0.0589
5552,0.0608
5553,0.0682
5554,0.0815
5555,0.0978
5556,0.108
5557,0.1111
5558,0.1139
5559,0.1146
5560,0.1114
5561,0.106
5562,0.1272
5563,0.1662
5564,0.1807
5565,0.1771
5566,0.169
5567,0.1576
5568,0.1446
5569,0.1329
5570,0.1278
5571,0.124
5572,0.1204
5573,0.1064
5574,0.0664
5575,0.0619
5576,0.068
5577,0.0636
5578,0.0581
5579,0.0554
5580,0.0548
5581,0.0562
5582,0.0599
5583,0.0646
5584,0.0682
5585,0.079
5586,0.1137
5587,0.1454
5588,0.1535
5589,0.1468
5590,0.1344
5591,0.1214
5592,0.111
5593,0.1041
5594,0.1005
5595,0.0985
5596,0.0965
5597,0.0878
5598,0.0479
5599,0.0387
5600,0.0635
5601,0.0622
5602,0.0566
5603,0.0524
5604,0.0506
5605,0.0512
5606,0.0535
5607,0.0565
5608,0.0615
5609,0.0795
5610,0.1276
5611,0.172
5612,0.1889
5613,0.1975
5614,0.1992
5615,0.191
5616,0.1789
5617,0.168
5618,0.1614
5619,0.1558
5620,0.1529
5621,0.1449
5622,0.0803
5623,0.053
5624,0.0857
5625,0.0947
5626,0.082
5627,0.0701
5628,0.0622
5629,0.0568
5630,0.0542
5631,0.0562
5632,0.0629
5633,0.0824
5634,0.1319
5635,0.1852
5636,0.2192
5637,0.2377
5638,0.2402
5639,0.2282
5640,0.2069
5641,0.1834
5642,0.1651
5643,0.1482
5644,0.138
5645,0.132
5646,0.0828
5647,0.0493
5648,0.056
5649,0.0607
5650,0.0582
5651,0.0515
5652,0.0438
5653,0.0377
5654,0.0331
5655,0.0312
5656,0.0315
5657,0.0399
5658,0.0619
5659,0.0867
5660,0.1035
5661,0.1051
5662,0.0958
5663,0.0854
5664,0.0753
5665,0.0659
5666,0.0571
5667,0.0491
5668,0.043
5669,0.0383
5670,0.0237
5671,0.0114
5672,0.0082
5673,0.0083
5674,0.0079
5675,0.007
5676,0.0062
5677,0.0066
5678,0.0086
5679,0.0129
5680,0.0202
5681,0.0386
5682,0.0728
5683,0.1011
5684,0.1124
5685,0.1112
5686,0.1038
5687,0.0907
5688,0.0748
5689,0.0603
5690,0.0499
5691,0.0427
5692,0.0397
5693,0.0392
5694,0.0248
5695,0.0119
5696,0.0121
5697,0.0163
5698,0.0213
5699,0.0251
5700,0.0281
5701,0.031
5702,0.0347
5703,0.0392
5704,0.0488
5705,0.0714
5706,0.1072
5707,0.1313
5708,0.1368
5709,0.1307
5710,0.1191
5711,0.1065
5712,0.0969
5713,0.0924
5714,0.0906
5715,0.0902
5716,0.0907
5717,0.0889
5718,0.0641
5719,0.0369
5720,0.0335
5721,0.0388
5722,0.0451
5723,0.0509
5724,0.0566
5725,0.0625
5726,0.067
5727,0.0675
5728,0.0717
5729,0.0798
5730,0.0919
5731,0.0994
5732,0.1058
5733,0.1177
5734,0.1299
5735,0.1345
5736,0.1258
5737,0.1091
5738,0.0958
5739,0.0856
5740,0.08
5741,0.0721
5742,0.0473
5743,0.0362
5744,0.0424
5745,0.0502
5746,0.0599
5747,0.0723
5748,0.0857
5749,0.0997
5750,0.11
5751,0.105
5752,0.0928
5753,0.0859
5754,0.0839
5755,0.0868
5756,0.0848
5757,0.0816
5758,0.0796
5759,0.0818
5760,0.0872
5761,0.0936
5762,0.0987
5763,0.0993
5764,0.0965
5765,0.0864
5766,0.0556
5767,0.0578
5768,0.0581
5769,0.0555
5770,0.0565
5771,0.0615
5772,0.0672
5773,0.0705
5774,0.0703
5775,0.0663
5776,0.0623
5777,0.0691
5778,0.1082
5779,0.1461
5780,0.1621
5781,0.1614
5782,0.1501
5783,0.132
5784,0.1146
5785,0.1002
5786,0.089
5787,0.079
5788,0.0714
5789,0.0641
5790,0.0363
5791,0.0225
5792,0.0239
5793,0.0217
5794,0.02
5795,0.0182
5796,0.0168
5797,0.0159
5798,0.0147
5799,0.0128
5800,0.0117
5801,0.026
5802,0.0775
5803,0.1294
5804,0.1569
5805,0.1609
5806,0.1587
5807,0.1589
5808,0.157
5809,0.1558
5810,0.1571
5811,0.1705
5812,0.1946
5813,0.2078
5814,0.1396
5815,0.0916
5816,0.1148
5817,0.1499
5818,0.184
5819,0.2179
5820,0.257
5821,0.3037
5822,0.3386
5823,0.3451
5824,0.3301
5825,0.3002
5826,0.2794
5827,0.2592
5828,0.247
5829,0.2269
5830,0.1955
5831,0.166
5832,0.1467
5833,0.1333
5834,0.1203
5835,0.112
5836,0.1054
5837,0.0945
5838,0.0724
5839,0.0691
5840,0.0656
5841,0.0643
5842,0.0669
5843,0.0744
5844,0.0863
5845,0.1044
5846,0.1256
5847,0.1484
5848,0.167
5849,0.1828
5850,0.2354
5851,0.284
5852,0.2962
5853,0.2842
5854,0.2664
5855,0.2482
5856,0.2277
5857,0.2082
5858,0.1852
5859,0.1616
5860,0.1415
5861,0.1206
5862,0.0824
5863,0.0964
5864,0.1034
5865,0.1016
5866,0.1
5867,0.1036
5868,0.1129
5869,0.1267
5870,0.1401
5871,0.1477
5872,0.1496
5873,0.1489
5874,0.1715
5875,0.1961
5876,0.1992
5877,0.1961
5878,0.1876
5879,0.1718
5880,0.1554
5881,0.1432
5882,0.1356
5883,0.1269
5884,0.1216
5885,0.1172
5886,0.0837
5887,0.0894
5888,0.1115
5889,0.1105
5890,0.1036
5891,0.0982
5892,0.094
5893,0.0906
5894,0.0859
5895,0.0793
5896,0.0732
5897,0.0754
5898,0.1036
5899,0.1268
5900,0.1321
5901,0.1291
5902,0.1203
5903,0.108
5904,0.0989
5905,0.0971
5906,0.1034
5907,0.1134
5908,0.1237
5909,0.1359
5910,0.1144
5911,0.1296
5912,0.1887
5913,0.2217
5914,0.2435
5915,0.2698
5916,0.301
5917,0.3343
5918,0.3638
5919,0.3847
5920,0.3943
5921,0.378
5922,0.3588
5923,0.3494
5924,0.3383
5925,0.326
5926,0.3086
5927,0.2916
5928,0.2832
5929,0.2772
5930,0.2749
5931,0.2698
5932,0.2599
5933,0.2399
5934,0.1888
5935,0.2349
5936,0.2559
5937,0.2625
5938,0.2676
5939,0.2756
5940,0.2798
5941,0.2854
5942,0.2965
5943,0.3158
5944,0.3336
5945,0.324
5946,0.3058
5947,0.2955
5948,0.2723
5949,0.2401
5950,0.2152
5951,0.1885
5952,0.1627
5953,0.1406
5954,0.1307
5955,0.1317
5956,0.1378
5957,0.138
5958,0.1083
5959,0.1118
5960,0.1315
5961,0.1442
5962,0.1568
5963,0.1745
5964,0.1965
5965,0.2216
5966,0.2457
5967,0.2577
5968,0.2435
5969,0.2104
5970,0.1997
5971,0.195
5972,0.1864
5973,0.1801
5974,0.1701
5975,0.1599
5976,0.1493
5977,0.144
5978,0.1383
5979,0.1354
5980,0.1332
5981,0.1305
5982,0.1019
5983,0.1019
5984,0.1171
5985,0.1266
5986,0.1383
5987,0.1554
5988,0.174
5989,0.1941
5990,0.2169
5991,0.2388
5992,0.2518
5993,0.2373
5994,0.2415
5995,0.2481
5996,0.2346
5997,0.2237
5998,0.2211
5999,0.2157
6000,0.2052
6001,0.1957
6002,0.1882
6003,0.1819
6004,0.1755
6005,0.1704
6006,0.1396
6007,0.1472
6008,0.1806
6009,0.1839
6010,0.1774
6011,0.1722
6012,0.1672
6013,0.1636
6014,0.1621
6015,0.1617
6016,0.1545
6017,0.138
6018,0.1478
6019,0.147
6020,0.1292
6021,0.1069
6022,0.0854
6023,0.0677
6024,0.0551
6025,0.0481
6026,0.0456
6027,0.0442
6028,0.0462
6029,0.0546
6030,0.0565
6031,0.0477
6032,0.0576
6033,0.0749
6034,0.0892
6035,0.1021
6036,0.1122
6037,0.117
6038,0.1143
6039,0.1039
6040,0.0853
6041,0.0681
6042,0.0647
6043,0.0709
6044,0.0785
6045,0.0832
6046,0.0878
6047,0.0956
6048,0.1034
6049,0.1072
6050,0.1073
6051,0.0974
6052,0.0915
6053,0.1022
6054,0.0869
6055,0.0601
6056,0.0845
6057,0.0835
6058,0.0657
6059,0.0655
6060,0.0816
6061,0.1028
6062,0.1151
6063,0.1165
6064,0.1195
6065,0.1407
6066,0.1854
6067,0.2128
6068,0.215
6069,0.198
6070,0.1747
6071,0.152
6072,0.1327
6073,0.121
6074,0.1153
6075,0.1144
6076,0.1188
6077,0.1186
6078,0.0984
6079,0.078
6080,0.1014
6081,0.1464
6082,0.177
6083,0.2028
6084,0.2217
6085,0.2321
6086,0.2349
6087,0.2317
6088,0.2084
6089,0.1948
6090,0.2157
6091,0.23
6092,0.2356
6093,0.2321
6094,0.2313
6095,0.2179
6096,0.1959
6097,0.1786
6098,0.1672
6099,0.1645
6100,0.1667
6101,0.1635
6102,0.1254
6103,0.1059
6104,0.132
6105,0.1399
6106,0.1369
6107,0.1281
6108,0.1181
6109,0.1118
6110,0.1077
6111,0.1046
6112,0.0982
6113,0.09
6114,0.1019
6115,0.1146
6116,0.1219
6117,0.1245
6118,0.1265
6119,0.1233
6120,0.1179
6121,0.1134
6122,0.1087
6123,0.1075
6124,0.1075
6125,0.1047
6126,0.0762
6127,0.0508
6128,0.0471
6129,0.0422
6130,0.0398
6131,0.0416
6132,0.0459
6133,0.0527
6134,0.0644
6135,0.0855
6136,0.117
6137,0.1689
6138,0.2563
6139,0.2844
6140,0.2722
6141,0.2604
6142,0.2562
6143,0.2523
6144,0.2493
6145,0.2403
6146,0.23
6147,0.2199
6148,0.2097
6149,0.1985
6150,0.1438
6151,0.1031
6152,0.1135
6153,0.1113
6154,0.0952
6155,0.0811
6156,0.0717
6157,0.0649
6158,0.0608
6159,0.0591
6160,0.0632
6161,0.0952
6162,0.1539
6163,0.1873
6164,0.1856
6165,0.1656
6166,0.1397
6167,0.1162
6168,0.095
6169,0.0779
6170,0.0688
6171,0.0701
6172,0.0754
6173,0.0754
6174,0.0595
6175,0.0359
6176,0.039
6177,0.0401
6178,0.0319
6179,0.0274
6180,0.0268
6181,0.0301
6182,0.0375
6183,0.0456
6184,0.0596
6185,0.1123
6186,0.1841
6187,0.2154
6188,0.2116
6189,0.1941
6190,0.1695
6191,0.1404
6192,0.1098
6193,0.086
6194,0.0721
6195,0.0656
6196,0.0653
6197,0.07
6198,0.0653
6199,0.0376
6200,0.034
6201,0.04
6202,0.0407
6203,0.0443
6204,0.0525
6205,0.066
6206,0.0847
6207,0.1067
6208,0.1297
6209,0.1779
6210,0.2352
6211,0.236
6212,0.2115
6213,0.1861
6214,0.1685
6215,0.1598
6216,0.1543
6217,0.1479
6218,0.1407
6219,0.1316
6220,0.1211
6221,0.1136
6222,0.0873
6223,0.0723
6224,0.0859
6225,0.0926
6226,0.0968
6227,0.105
6228,0.1194
6229,0.1395
6230,0.1649
6231,0.199
6232,0.2425
6233,0.2779
6234,0.3363
6235,0.3452
6236,0.3338
6237,0.3325
6238,0.329
6239,0.32
6240,0.3081
6241,0.2961
6242,0.2875
6243,0.2805
6244,0.274
6245,0.2675
6246,0.2276
6247,0.2905
6248,0.3562
6249,0.361
6250,0.3544
6251,0.3514
6252,0.3527
6253,0.3591
6254,0.371
6255,0.3861
6256,0.3889
6257,0.3773
6258,0.417
6259,0.4162
6260,0.396
6261,0.3799
6262,0.3647
6263,0.3488
6264,0.3343
6265,0.3224
6266,0.3131
6267,0.298
6268,0.2818
6269,0.2702
6270,0.2174
6271,0.235
6272,0.3567
6273,0.3895
6274,0.396
6275,0.3935
6276,0.3969
6277,0.4063
6278,0.4103
6279,0.4167
6280,0.4069
6281,0.3779
6282,0.4151
6283,0.4142
6284,0.3945
6285,0.3827
6286,0.3743
6287,0.3645
6288,0.3555
6289,0.3457
6290,0.3376
6291,0.3286
6292,0.315
6293,0.3057
6294,0.2477
6295,0.2021
6296,0.331
6297,0.4014
6298,0.3997
6299,0.3882
6300,0.375
6301,0.3635
6302,0.356
6303,0.3437
6304,0.3182
6305,0.3619
6306,0.4582
6307,0.4814
6308,0.4666
6309,0.4491
6310,0.4331
6311,0.4138
6312,0.4006
6313,0.389
6314,0.3781
6315,0.3758
6316,0.3618
6317,0.3609
6318,0.3117
6319,0.2542
6320,0.2848
6321,0.297
6322,0.3019
6323,0.3245
6324,0.3476
6325,0.3651
6326,0.3661
6327,0.3427
6328,0.3019
6329,0.3107
6330,0.3701
6331,0.4108
6332,0.4257
6333,0.4401
6334,0.437
6335,0.4186
6336,0.3952
6337,0.3703
6338,0.3499
6339,0.3273
6340,0.3151
6341,0.308
6342,0.2869
6343,0.2671
6344,0.3399
6345,0.3815
6346,0.3807
6347,0.3779
6348,0.3781
6349,0.3688
6350,0.3497
6351,0.3288
6352,0.2922
6353,0.2546
6354,0.2569
6355,0.2638
6356,0.2575
6357,0.2559
6358,0.2747
6359,0.2765
6360,0.2665
6361,0.26
6362,0.2547
6363,0.242
6364,0.2338
6365,0.2352
6366,0.2132
6367,0.1859
6368,0.2199
6369,0.2287
6370,0.2306
6371,0.2336
6372,0.2316
6373,0.2325
6374,0.2369
6375,0.2344
6376,0.2115
6377,0.2102
6378,0.2377
6379,0.264
6380,0.2831
6381,0.294
6382,0.2887
6383,0.2776
6384,0.2753
6385,0.2862
6386,0.305
6387,0.3156
6388,0.3342
6389,0.354
6390,0.3641
6391,0.3755
6392,0.3997
6393,0.4501
6394,0.4987
6395,0.5377
6396,0.5508
6397,0.54
6398,0.5061
6399,0.4626
6400,0.4148
6401,0.3939
6402,0.3915
6403,0.381
6404,0.3677
6405,0.3553
6406,0.3537
6407,0.3647
6408,0.3694
6409,0.3665
6410,0.3617
6411,0.3589
6412,0.3676
6413,0.3819
6414,0.3774
6415,0.3849
6416,0.4699
6417,0.5251
6418,0.545
6419,0.5495
6420,0.5525
6421,0.5501
6422,0.5231
6423,0.4625
6424,0.3492
6425,0.3086
6426,0.3256
6427,0.3301
6428,0.3332
6429,0.3242
6430,0.3227
6431,0.3128
6432,0.311
6433,0.3088
6434,0.3156
6435,0.3324
6436,0.3436
6437,0.3534
6438,0.3573
6439,0.3644
6440,0.4093
6441,0.4949
6442,0.5493
6443,0.5732
6444,0.5816
6445,0.5784
6446,0.5548
6447,0.502
6448,0.4451
6449,0.4253
6450,0.4032
6451,0.3916
6452,0.3917
6453,0.3792
6454,0.3672
6455,0.3621
6456,0.3587
6457,0.3438
6458,0.3323
6459,0.3259
6460,0.3231
6461,0.3191
6462,0.297
6463,0.2582
6464,0.3467
6465,0.4189
6466,0.4726
6467,0.5197
6468,0.5592
6469,0.5835
6470,0.5826
6471,0.5385
6472,0.4532
6473,0.4197
6474,0.4333
6475,0.4236
6476,0.4141
6477,0.4018
6478,0.4122
6479,0.4205
6480,0.4158
6481,0.3952
6482,0.3873
6483,0.3774
6484,0.3739
6485,0.3773
6486,0.3692
6487,0.3678
6488,0.4368
6489,0.4862
6490,0.5142
6491,0.5304
6492,0.5362
6493,0.531
6494,0.5127
6495,0.4654
6496,0.3776
6497,0.3292
6498,0.3187
6499,0.318
6500,0.32
6501,0.3265
6502,0.347
6503,0.3774
6504,0.4198
6505,0.4316
6506,0.4553
6507,0.4741
6508,0.4982
6509,0.516
6510,0.5225
6511,0.5204
6512,0.6287
6513,0.7057
6514,0.7421
6515,0.7665
6516,0.7798
6517,0.7855
6518,0.7841
6519,0.7747
6520,0.7518
6521,0.7165
6522,0.6911
6523,0.6727
6524,0.6563
6525,0.6335
6526,0.5878
6527,0.5234
6528,0.4419
6529,0.3758
6530,0.3395
6531,0.3133
6532,0.2796
6533,0.2496
6534,0.2126
6535,0.1904
6536,0.2195
6537,0.2277
6538,0.2239
6539,0.2263
6540,0.2303
6541,0.231
6542,0.2237
6543,0.2093
6544,0.1839
6545,0.2031
6546,0.2684
6547,0.323
6548,0.3669
6549,0.3925
6550,0.3906
6551,0.3889
6552,0.4162
6553,0.4413
6554,0.4405
6555,0.434
6556,0.4359
6557,0.4302
6558,0.4087
6559,0.3685
6560,0.3987
6561,0.4664
6562,0.5058
6563,0.5303
6564,0.5527
6565,0.5388
6566,0.5079
6567,0.4546
6568,0.3857
6569,0.3748
6570,0.3907
6571,0.3873
6572,0.3778
6573,0.3761
6574,0.3737
6575,0.3618
6576,0.3578
6577,0.3803
6578,0.4015
6579,0.3917
6580,0.349
6581,0.3009
6582,0.2791
6583,0.2618
6584,0.3185
6585,0.3706
6586,0.3771
6587,0.3752
6588,0.375
6589,0.3745
6590,0.3675
6591,0.3586
6592,0.3151
6593,0.2801
6594,0.2807
6595,0.26
6596,0.2318
6597,0.2027
6598,0.1726
6599,0.1416
6600,0.1126
6601,0.0903
6602,0.0774
6603,0.0712
6604,0.0701
6605,0.077
6606,0.0834
6607,0.0744
6608,0.0772
6609,0.0889
6610,0.0939
6611,0.0974
6612,0.1044
6613,0.1141
6614,0.1247
6615,0.1333
6616,0.1307
6617,0.1403
6618,0.1783
6619,0.2221
6620,0.259
6621,0.2886
6622,0.3194
6623,0.3453
6624,0.3739
6625,0.3867
6626,0.4002
6627,0.4076
6628,0.4141
6629,0.4129
6630,0.4008
6631,0.3628
6632,0.3553
6633,0.4422
6634,0.4942
6635,0.5165
6636,0.5424
6637,0.5561
6638,0.5441
6639,0.4845
6640,0.412
6641,0.3946
6642,0.3838
6643,0.3691
6644,0.3613
6645,0.346
6646,0.3309
6647,0.3059
6648,0.2679
6649,0.2426
6650,0.2284
6651,0.1965
6652,0.1778
6653,0.1664
6654,0.1451
6655,0.1104
6656,0.1104
6657,0.1185
6658,0.114
6659,0.111
6660,0.1107
6661,0.111
6662,0.1111
6663,0.1095
6664,0.0967
6665,0.0879
6666,0.0963
6667,0.1056
6668,0.1142
6669,0.1241
6670,0.1341
6671,0.1462
6672,0.1604
6673,0.1755
6674,0.1908
6675,0.2015
6676,0.2111
6677,0.2369
6678,0.2587
6679,0.259
6680,0.3018
6681,0.3833
6682,0.4569
6683,0.5119
6684,0.5489
6685,0.5628
6686,0.5529
6687,0.5137
6688,0.4657
6689,0.4509
6690,0.4597
6691,0.4342
6692,0.4092
6693,0.3983
6694,0.3765
6695,0.3393
6696,0.2947
6697,0.251
6698,0.2166
6699,0.1953
6700,0.1784
6701,0.1564
6702,0.1465
6703,0.1313
6704,0.1306
6705,0.1454
6706,0.1631
6707,0.18
6708,0.1948
6709,0.2081
6710,0.2188
6711,0.222
6712,0.2085
6713,0.2334
6714,0.2794
6715,0.3086
6716,0.3248
6717,0.3306
6718,0.3344
6719,0.3361
6720,0.341
6721,0.3275
6722,0.3327
6723,0.3361
6724,0.3325
6725,0.341
6726,0.3286
6727,0.2857
6728,0.2634
6729,0.2974
6730,0.331
6731,0.3434
6732,0.3571
6733,0.3663
6734,0.358
6735,0.3371
6736,0.3199
6737,0.3277
6738,0.3323
6739,0.3257
6740,0.3135
6741,0.3065
6742,0.3068
6743,0.3141
6744,0.3081
6745,0.3114
6746,0.3058
6747,0.2982
6748,0.3028
6749,0.316
6750,0.3322
6751,0.3298
6752,0.3701
6753,0.5007
6754,0.6029
6755,0.6533
6756,0.6754
6757,0.6908
6758,0.6756
6759,0.62
6760,0.5471
6761,0.5206
6762,0.5035
6763,0.4961
6764,0.493
6765,0.4886
6766,0.4918
6767,0.5013
6768,0.4889
6769,0.4853
6770,0.4594
6771,0.4281
6772,0.3941
6773,0.3674
6774,0.3351
6775,0.2794
6776,0.2883
6777,0.3457
6778,0.361
6779,0.3692
6780,0.3771
6781,0.3782
6782,0.3737
6783,0.3403
6784,0.2822
6785,0.2911
6786,0.3127
6787,0.3262
6788,0.3267
6789,0.3168
6790,0.3124
6791,0.3101
6792,0.3144
6793,0.324
6794,0.3266
6795,0.3282
6796,0.3302
6797,0.3284
6798,0.3326
6799,0.323
6800,0.3726
6801,0.4779
6802,0.523
6803,0.534
6804,0.5314
6805,0.5108
6806,0.4724
6807,0.4166
6808,0.3692
6809,0.3882
6810,0.4074
6811,0.4147
6812,0.4111
6813,0.4108
6814,0.4116
6815,0.4108
6816,0.4097
6817,0.4056
6818,0.396
6819,0.3826
6820,0.3691
6821,0.3583
6822,0.3398
6823,0.2763
6824,0.2489
6825,0.3094
6826,0.3659
6827,0.3896
6828,0.3818
6829,0.3682
6830,0.362
6831,0.3237
6832,0.2876
6833,0.294
6834,0.3121
6835,0.3376
6836,0.3665
6837,0.3873
6838,0.4019
6839,0.4161
6840,0.4232
6841,0.4276
6842,0.4244
6843,0.4202
6844,0.4425
6845,0.4699
6846,0.4965
6847,0.4999
6848,0.5378
6849,0.6422
6850,0.6726
6851,0.6806
6852,0.6736
6853,0.6512
6854,0.5942
6855,0.4941
6856,0.4104
6857,0.3725
6858,0.3303
6859,0.2745
6860,0.2336
6861,0.2065
6862,0.1929
6863,0.1885
6864,0.1976
6865,0.2144
6866,0.2314
6867,0.2627
6868,0.3021
6869,0.3426
6870,0.3598
6871,0.3489
6872,0.3575
6873,0.4209
6874,0.4506
6875,0.4505
6876,0.4515
6877,0.411
6878,0.3456
6879,0.3352
6880,0.3759
6881,0.4231
6882,0.4574
6883,0.4466
6884,0.3941
6885,0.3539
6886,0.3232
6887,0.2892
6888,0.2778
6889,0.25
6890,0.2274
6891,0.2295
6892,0.2381
6893,0.2351
6894,0.2479
6895,0.2667
6896,0.2972
6897,0.3288
6898,0.3697
6899,0.3914
6900,0.3966
6901,0.4089
6902,0.3987
6903,0.3558
6904,0.302
6905,0.311
6906,0.3412
6907,0.3623
6908,0.3779
6909,0.3819
6910,0.3746
6911,0.3695
6912,0.3744
6913,0.3756
6914,0.3747
6915,0.3892
6916,0.4176
6917,0.4415
6918,0.4666
6919,0.4837
6920,0.5166
6921,0.5579
6922,0.5834
6923,0.5877
6924,0.5757
6925,0.554
6926,0.5217
6927,0.4705
6928,0.4477
6929,0.4376
6930,0.4063
6931,0.3739
6932,0.3724
6933,0.3595
6934,0.3358
6935,0.3168
6936,0.3061
6937,0.2886
6938,0.2656
6939,0.2469
6940,0.2318
6941,0.22
6942,0.2071
6943,0.1866
6944,0.1758
6945,0.2007
6946,0.2472
6947,0.2935
6948,0.3199
6949,0.3239
6950,0.317
6951,0.2849
6952,0.2835
6953,0.3265
6954,0.3497
6955,0.3593
6956,0.3688
6957,0.3756
6958,0.3848
6959,0.3944
6960,0.4077
6961,0.4154
6962,0.4223
6963,0.4497
6964,0.4639
6965,0.4934
6966,0.5035
6967,0.4817
6968,0.4952
6969,0.568
6970,0.594
6971,0.5868
6972,0.568
6973,0.5368
6974,0.4922
6975,0.4191
6976,0.365
6977,0.371
6978,0.3646
6979,0.3527
6980,0.3449
6981,0.3313
6982,0.3263
6983,0.3342
6984,0.3346
6985,0.3258
6986,0.3325
6987,0.3407
6988,0.3212
6989,0.2802
6990,0.2453
6991,0.2065
6992,0.1818
6993,0.1846
6994,0.1854
6995,0.1881
6996,0.1879
6997,0.1723
6998,0.1485
6999,0.1114
7000,0.0951
7001,0.1006
7002,0.1064
7003,0.1087
7004,0.1084
7005,0.1109
7006,0.1178
7007,0.1279
7008,0.1305
7009,0.1373
7010,0.1535
7011,0.1826
7012,0.2016
7013,0.2228
7014,0.2386
7015,0.2467
7016,0.239
7017,0.2476
7018,0.2855
7019,0.3184
7020,0.3273
7021,0.3356
7022,0.3207
7023,0.2851
7024,0.2782
7025,0.3107
7026,0.3406
7027,0.3521
7028,0.3224
7029,0.2781
7030,0.2629
7031,0.2455
7032,0.2216
7033,0.2053
7034,0.2091
7035,0.2036
7036,0.2049
7037,0.2125
7038,0.2113
7039,0.1984
7040,0.1986
7041,0.214
7042,0.2076
7043,0.1891
7044,0.1758
7045,0.1639
7046,0.1313
7047,0.0957
7048,0.0939
7049,0.103
7050,0.0996
7051,0.0929
7052,0.0837
7053,0.076
7054,0.0712
7055,0.0623
7056,0.053
7057,0.0534
7058,0.0526
7059,0.047
7060,0.0428
7061,0.0475
7062,0.0483
7063,0.0442
7064,0.0366
7065,0.0349
7066,0.0437
7067,0.0595
7068,0.0782
7069,0.1047
7070,0.1357
7071,0.1561
7072,0.1875
7073,0.2423
7074,0.267
7075,0.2761
7076,0.2677
7077,0.2573
7078,0.2523
7079,0.2637
7080,0.2779
7081,0.2827
7082,0.2824
7083,0.2887
7084,0.2976
7085,0.2995
7086,0.2985
7087,0.2812
7088,0.2643
7089,0.2692
7090,0.2559
7091,0.2296
7092,0.2023
7093,0.1832
7094,0.1699
7095,0.1503
7096,0.1492
7097,0.162
7098,0.17
7099,0.1797
7100,0.1811
7101,0.1727
7102,0.155
7103,0.1692
7104,0.2224
7105,0.2554
7106,0.2515
7107,0.2514
7108,0.2565
7109,0.2708
7110,0.2836
7111,0.256
7112,0.2335
7113,0.319
7114,0.377
7115,0.411
7116,0.4277
7117,0.4302
7118,0.4065
7119,0.3346
7120,0.3036
7121,0.3069
7122,0.3021
7123,0.2891
7124,0.2805
7125,0.2832
7126,0.2924
7127,0.2875
7128,0.2727
7129,0.2653
7130,0.2697
7131,0.2664
7132,0.2635
7133,0.2675
7134,0.2752
7135,0.2515
7136,0.235
7137,0.2916
7138,0.3536
7139,0.3929
7140,0.4038
7141,0.3922
7142,0.3599
7143,0.3186
7144,0.3193
7145,0.363
7146,0.4044
7147,0.4162
7148,0.4088
7149,0.3985
7150,0.4011
7151,0.4013
7152,0.4047
7153,0.4046
7154,0.3994
7155,0.3966
7156,0.3954
7157,0.3942
7158,0.386
7159,0.3585
7160,0.3176
7161,0.3612
7162,0.4575
7163,0.5017
7164,0.5257
7165,0.5203
7166,0.4946
7167,0.4799
7168,0.498
7169,0.5161
7170,0.4993
7171,0.4748
7172,0.439
7173,0.402
7174,0.3656
7175,0.3377
7176,0.3214
7177,0.3058
7178,0.2893
7179,0.2832
7180,0.2569
7181,0.2284
7182,0.2037
7183,0.172
7184,0.1473
7185,0.1466
7186,0.1424
7187,0.1323
7188,0.1209
7189,0.1076
7190,0.097
7191,0.0937
7192,0.1034
7193,0.1272
7194,0.1472
7195,0.1567
7196,0.1582
7197,0.1597
7198,0.1584
7199,0.1594
7200,0.1657
7201,0.171
7202,0.1761
7203,0.1787
7204,0.1815
7205,0.1751
7206,0.164
7207,0.1569
7208,0.1618
7209,0.1624
7210,0.1678
7211,0.1659
7212,0.1574
7213,0.1561
7214,0.154
7215,0.1509
7216,0.1864
7217,0.2314
7218,0.2379
7219,0.2304
7220,0.222
7221,0.2125
7222,0.2037
7223,0.1976
7224,0.1955
7225,0.1931
7226,0.1938
7227,0.198
7228,0.2047
7229,0.2056
7230,0.2017
7231,0.201
7232,0.2013
7233,0.2184
7234,0.2482
7235,0.2466
7236,0.2273
7237,0.2164
7238,0.2102
7239,0.1838
7240,0.2043
7241,0.2611
7242,0.2686
7243,0.2507
7244,0.2309
7245,0.2146
7246,0.2024
7247,0.1898
7248,0.1746
7249,0.1713
7250,0.1742
7251,0.1828
7252,0.1788
7253,0.1644
7254,0.1553
7255,0.1452
7256,0.1359
7257,0.1388
7258,0.1408
7259,0.1407
7260,0.1361
7261,0.1327
7262,0.1279
7263,0.1221
7264,0.1628
7265,0.2199
7266,0.2316
7267,0.2321
7268,0.2312
7269,0.2214
7270,0.2081
7271,0.1968
7272,0.1906
7273,0.1905
7274,0.185
7275,0.1777
7276,0.1768
7277,0.1813
7278,0.1832
7279,0.1784
7280,0.1511
7281,0.1681
7282,0.1845
7283,0.1859
7284,0.1786
7285,0.1672
7286,0.1515
7287,0.1242
7288,0.1278
7289,0.1487
7290,0.1544
7291,0.155
7292,0.1525
7293,0.1545
7294,0.1625
7295,0.173
7296,0.1865
7297,0.1987
7298,0.2089
7299,0.23
7300,0.2531
7301,0.2798
7302,0.3135
7303,0.3398
7304,0.3534
7305,0.3751
7306,0.4093
7307,0.4403
7308,0.4484
7309,0.4469
7310,0.432
7311,0.4421
7312,0.47
7313,0.497
7314,0.5122
7315,0.5207
7316,0.5238
7317,0.5393
7318,0.5705
7319,0.5911
7320,0.5983
7321,0.6068
7322,0.6136
7323,0.6225
7324,0.6327
7325,0.6396
7326,0.6349
7327,0.6259
7328,0.6289
7329,0.6518
7330,0.6968
7331,0.7237
7332,0.7303
7333,0.7162
7334,0.6883
7335,0.6622
7336,0.6486
7337,0.6304
7338,0.6108
7339,0.5974
7340,0.5912
7341,0.5874
7342,0.5847
7343,0.5757
7344,0.5487
7345,0.5116
7346,0.4807
7347,0.4536
7348,0.4335
7349,0.4406
7350,0.4787
7351,0.507
7352,0.4941
7353,0.4771
7354,0.4856
7355,0.4916
7356,0.4889
7357,0.4771
7358,0.4573
7359,0.4538
7360,0.4987
7361,0.5194
7362,0.5164
7363,0.5049
7364,0.5164
7365,0.5326
7366,0.5426
7367,0.5321
7368,0.5091
7369,0.4741
7370,0.4525
7371,0.4498
7372,0.4624
7373,0.4807
7374,0.488
7375,0.4917
7376,0.5002
7377,0.551
7378,0.5968
7379,0.6381
7380,0.6387
7381,0.5992
7382,0.5399
7383,0.5286
7384,0.5478
7385,0.5575
7386,0.5394
7387,0.5175
7388,0.4935
7389,0.4725
7390,0.4508
7391,0.4237
7392,0.3848
7393,0.3448
7394,0.3118
7395,0.2848
7396,0.2692
7397,0.2572
7398,0.2418
7399,0.2199
7400,0.1838
7401,0.1751
7402,0.1818
7403,0.1812
7404,0.1849
7405,0.181
7406,0.1615
7407,0.1472
7408,0.1521
7409,0.1576
7410,0.1593
7411,0.1619
7412,0.1598
7413,0.1661
7414,0.1801
7415,0.1957
7416,0.2032
7417,0.2016
7418,0.1958
7419,0.183
7420,0.1729
7421,0.1638
7422,0.1591
7423,0.1551
7424,0.1378
7425,0.1309
7426,0.1334
7427,0.141
7428,0.1515
7429,0.158
7430,0.1517
7431,0.1395
7432,0.1552
7433,0.1727
7434,0.1792
7435,0.2046
7436,0.2449
7437,0.2736
7438,0.2982
7439,0.3249
7440,0.3547
7441,0.3766
7442,0.3968
7443,0.4203
7444,0.4409
7445,0.4376
7446,0.4437
7447,0.4398
7448,0.4396
7449,0.4626
7450,0.4937
7451,0.5049
7452,0.4939
7453,0.4611
7454,0.3976
7455,0.3304
7456,0.3183
7457,0.3277
7458,0.3126
7459,0.3009
7460,0.2863
7461,0.2572
7462,0.2297
7463,0.2061
7464,0.1859
7465,0.1753
7466,0.1718
7467,0.1689
7468,0.1627
7469,0.1564
7470,0.1496
7471,0.1364
7472,0.1219
7473,0.1175
7474,0.1152
7475,0.1153
7476,0.1096
7477,0.0991
7478,0.0929
7479,0.0875
7480,0.1061
7481,0.1291
7482,0.1412
7483,0.1448
7484,0.1441
7485,0.1436
7486,0.1415
7487,0.1371
7488,0.1324
7489,0.1288
7490,0.127
7491,0.1257
7492,0.1278
7493,0.1323
7494,0.1369
7495,0.139
7496,0.1379
7497,0.1465
7498,0.1818
7499,0.23
7500,0.2635
7501,0.274
7502,0.2597
7503,0.2346
7504,0.2594
7505,0.2917
7506,0.3046
7507,0.3195
7508,0.3365
7509,0.3278
7510,0.3202
7511,0.3285
7512,0.3308
7513,0.3247
7514,0.317
7515,0.3005
7516,0.2757
7517,0.2518
7518,0.2293
7519,0.2057
7520,0.1718
7521,0.1548
7522,0.1496
7523,0.1376
7524,0.1192
7525,0.1017
7526,0.0879
7527,0.0793
7528,0.0894
7529,0.095
7530,0.1041
7531,0.1248
7532,0.1457
7533,0.1782
7534,0.1986
7535,0.1983
7536,0.2009
7537,0.2033
7538,0.2103
7539,0.2353
7540,0.2568
7541,0.2815
7542,0.3182
7543,0.3529
7544,0.3749
7545,0.4003
7546,0.4354
7547,0.4648
7548,0.4698
7549,0.4619
7550,0.4151
7551,0.3652
7552,0.3609
7553,0.3742
7554,0.3763
7555,0.3765
7556,0.3797
7557,0.3718
7558,0.3683
7559,0.3576
7560,0.3427
7561,0.3428
7562,0.3579
7563,0.3616
7564,0.3766
7565,0.3933
7566,0.3852
7567,0.3738
7568,0.3459
7569,0.3271
7570,0.3411
7571,0.3882
7572,0.4149
7573,0.404
7574,0.3555
7575,0.3139
7576,0.3296
7577,0.3355
7578,0.3177
7579,0.3029
7580,0.2817
7581,0.252
7582,0.232
7583,0.2128
7584,0.2034
7585,0.1913
7586,0.1828
7587,0.1761
7588,0.1732
7589,0.1707
7590,0.171
7591,0.1637
7592,0.1387
7593,0.1095
7594,0.1193
7595,0.1486
7596,0.1855
7597,0.227
7598,0.2598
7599,0.2817
7600,0.325
7601,0.3487
7602,0.368
7603,0.3881
7604,0.392
7605,0.3905
7606,0.3898
7607,0.3996
7608,0.4005
7609,0.3907
7610,0.3643
7611,0.3449
7612,0.3034
7613,0.2699
7614,0.2362
7615,0.2102
7616,0.1866
7617,0.1696
7618,0.1585
7619,0.131
7620,0.1002
7621,0.0849
7622,0.0799
7623,0.0827
7624,0.1051
7625,0.1232
7626,0.1293
7627,0.1228
7628,0.1144
7629,0.1113
7630,0.1171
7631,0.1277
7632,0.1345
7633,0.1353
7634,0.1338
7635,0.1409
7636,0.1446
7637,0.1428
7638,0.1367
7639,0.1317
7640,0.1292
7641,0.14
7642,0.1669
7643,0.2008
7644,0.2213
7645,0.224
7646,0.1999
7647,0.1789
7648,0.1941
7649,0.2106
7650,0.2237
7651,0.2333
7652,0.2399
7653,0.2476
7654,0.2528
7655,0.2485
7656,0.2412
7657,0.2392
7658,0.2437
7659,0.2484
7660,0.2497
7661,0.2471
7662,0.2416
7663,0.2297
7664,0.1909
7665,0.1512
7666,0.1523
7667,0.1783
7668,0.1889
7669,0.1784
7670,0.1376
7671,0.1225
7672,0.1472
7673,0.1616
7674,0.1577
7675,0.1433
7676,0.127
7677,0.11
7678,0.0984
7679,0.0932
7680,0.0875
7681,0.0795
7682,0.0694
7683,0.0615
7684,0.0546
7685,0.0539
7686,0.0561
7687,0.0547
7688,0.051
7689,0.0445
7690,0.0436
7691,0.0487
7692,0.0576
7693,0.0679
7694,0.0746
7695,0.0921
7696,0.1261
7697,0.1524
7698,0.1644
7699,0.1643
7700,0.157
7701,0.1492
7702,0.1412
7703,0.1319
7704,0.1221
7705,0.1156
7706,0.1179
7707,0.1236
7708,0.1284
7709,0.1302
7710,0.1336
7711,0.144
7712,0.1461
7713,0.1384
7714,0.1414
7715,0.154
7716,0.1718
7717,0.1776
7718,0.1862
7719,0.2075
7720,0.2375
7721,0.2573
7722,0.2492
7723,0.2302
7724,0.2165
7725,0.1972
7726,0.182
7727,0.1723
7728,0.1558
7729,0.1341
7730,0.1133
7731,0.097
7732,0.0859
7733,0.0801
7734,0.0774
7735,0.0757
7736,0.0722
7737,0.0729
7738,0.0737
7739,0.0778
7740,0.0785
7741,0.0735
7742,0.0675
7743,0.0733
7744,0.1003
7745,0.1324
7746,0.1571
7747,0.1728
7748,0.1846
7749,0.1868
7750,0.1902
7751,0.1934
7752,0.1985
7753,0.2046
7754,0.2091
7755,0.2176
7756,0.213
7757,0.2021
7758,0.1844
7759,0.1641
7760,0.1421
7761,0.1514
7762,0.1797
7763,0.2032
7764,0.2123
7765,0.2192
7766,0.2201
7767,0.2409
7768,0.3285
7769,0.3657
7770,0.3546
7771,0.3177
7772,0.2674
7773,0.2292
7774,0.2082
7775,0.2021
7776,0.1967
7777,0.1911
7778,0.1857
7779,0.1822
7780,0.1763
7781,0.1754
7782,0.1744
7783,0.1782
7784,0.1831
7785,0.1872
7786,0.2055
7787,0.2277
7788,0.2364
7789,0.2383
7790,0.227
7791,0.2682
7792,0.3368
7793,0.3578
7794,0.3504
7795,0.3416
7796,0.3284
7797,0.3232
7798,0.331
7799,0.3412
7800,0.334
7801,0.3278
7802,0.3126
7803,0.306
7804,0.2965
7805,0.2932
7806,0.2914
7807,0.2916
7808,0.3219
7809,0.374
7810,0.4227
7811,0.4667
7812,0.5027
7813,0.526
7814,0.5482
7815,0.608
7816,0.6449
7817,0.649
7818,0.6568
7819,0.6676
7820,0.6802
7821,0.6769
7822,0.6684
7823,0.6432
7824,0.6169
7825,0.5857
7826,0.5349
7827,0.4815
7828,0.4244
7829,0.3834
7830,0.3555
7831,0.3289
7832,0.2719
7833,0.2226
7834,0.1896
7835,0.175
7836,0.1727
7837,0.1791
7838,0.194
7839,0.2143
7840,0.241
7841,0.2367
7842,0.2294
7843,0.2201
7844,0.2091
7845,0.195
7846,0.1807
7847,0.1634
7848,0.1475
7849,0.1331
7850,0.1227
7851,0.1175
7852,0.1118
7853,0.107
7854,0.1076
7855,0.1096
7856,0.1073
7857,0.0998
7858,0.1025
7859,0.1123
7860,0.1119
7861,0.111
7862,0.1104
7863,0.1203
7864,0.1527
7865,0.1809
7866,0.2054
7867,0.2259
7868,0.2317
7869,0.2336
7870,0.2301
7871,0.2245
7872,0.2275
7873,0.2326
7874,0.2368
7875,0.231
7876,0.2267
7877,0.2292
7878,0.2284
7879,0.2249
7880,0.2024
7881,0.1788
7882,0.1854
7883,0.2287
7884,0.2555
7885,0.2521
7886,0.239
7887,0.2719
7888,0.317
7889,0.3288
7890,0.3204
7891,0.3042
7892,0.2864
7893,0.274
7894,0.2623
7895,0.2616
7896,0.2663
7897,0.2666
7898,0.2816
7899,0.3002
7900,0.3186
7901,0.3374
7902,0.3656
7903,0.3971
7904,0.3935
7905,0.3932
7906,0.4279
7907,0.4665
7908,0.4536
7909,0.4263
7910,0.3981
7911,0.4092
7912,0.4243
7913,0.4099
7914,0.4153
7915,0.427
7916,0.4314
7917,0.443
7918,0.4616
7919,0.4747
7920,0.5165
7921,0.567
7922,0.6249
7923,0.6431
7924,0.6409
7925,0.6316
7926,0.6407
7927,0.6452
7928,0.6483
7929,0.6648
7930,0.6973
7931,0.7324
7932,0.7531
7933,0.7643
7934,0.7577
7935,0.7515
7936,0.7493
7937,0.7429
7938,0.7346
7939,0.7227
7940,0.7052
7941,0.6831
7942,0.6716
7943,0.6606
7944,0.6464
7945,0.6327
7946,0.6267
7947,0.6177
7948,0.6108
7949,0.6048
7950,0.6013
7951,0.594
7952,0.5721
7953,0.5508
7954,0.5813
7955,0.6263
7956,0.6293
7957,0.5871
7958,0.5224
7959,0.4868
7960,0.4563
7961,0.4224
7962,0.3835
7963,0.3539
7964,0.3279
7965,0.3025
7966,0.2844
7967,0.2651
7968,0.2477
7969,0.2343
7970,0.2249
7971,0.2191
7972,0.2122
7973,0.2095
7974,0.2077
7975,0.2044
7976,0.1804
7977,0.1485
7978,0.1516
7979,0.1638
7980,0.1533
7981,0.1399
7982,0.12
7983,0.1067
7984,0.1082
7985,0.0975
7986,0.0827
7987,0.0664
7988,0.0538
7989,0.0494
7990,0.0536
7991,0.0644
7992,0.0764
7993,0.0859
7994,0.0982
7995,0.1145
7996,0.1362
7997,0.157
7998,0.175
7999,0.1829
8000,0.1833
8001,0.1908
8002,0.2179
8003,0.2411
8004,0.2569
8005,0.2648
8006,0.26
8007,0.294
8008,0.348
8009,0.3359
8010,0.3085
8011,0.2892
8012,0.2721
8013,0.2548
8014,0.2484
8015,0.2413
8016,0.2328
8017,0.2305
8018,0.2315
8019,0.2281
8020,0.2184
8021,0.2119
8022,0.2009
8023,0.1911
8024,0.1796
8025,0.17
8026,0.1678
8027,0.1706
8028,0.1761
8029,0.1761
8030,0.1734
8031,0.1798
8032,0.2116
8033,0.2442
8034,0.2604
8035,0.2649
8036,0.2661
8037,0.2633
8038,0.25
8039,0.2418
8040,0.2416
8041,0.2459
8042,0.2455
8043,0.2332
8044,0.2202
8045,0.2123
8046,0.1999
8047,0.1917
8048,0.1823
8049,0.1641
8050,0.1745
8051,0.2005
8052,0.2131
8053,0.22
8054,0.2102
8055,0.1999
8056,0.2173
8057,0.2261
8058,0.2158
8059,0.2021
8060,0.1858
8061,0.1682
8062,0.1491
8063,0.1308
8064,0.1156
8065,0.1077
8066,0.1016
8067,0.0958
8068,0.0959
8069,0.0958
8070,0.0967
8071,0.1002
8072,0.1028
8073,0.1126
8074,0.1239
8075,0.1281
8076,0.1282
8077,0.1266
8078,0.1211
8079,0.1285
8080,0.1762
8081,0.2147
8082,0.2289
8083,0.2225
8084,0.1969
8085,0.1616
8086,0.1399
8087,0.1317
8088,0.1239
8089,0.1192
8090,0.1167
8091,0.1135
8092,0.1129
8093,0.1125
8094,0.1126
8095,0.1106
8096,0.1021
8097,0.0866
8098,0.0748
8099,0.0654
8100,0.0573
8101,0.0494
8102,0.0507
8103,0.0678
8104,0.0913
8105,0.1055
8106,0.109
8107,0.1017
8108,0.0905
8109,0.0804
8110,0.0724
8111,0.0668
8112,0.0653
8113,0.059
8114,0.0466
8115,0.0378
8116,0.0335
8117,0.0319
8118,0.032
8119,0.0328
8120,0.0335
8121,0.0301
8122,0.0293
8123,0.0332
8124,0.042
8125,0.0514
8126,0.0618
8127,0.0883
8128,0.1214
8129,0.1414
8130,0.1545
8131,0.1609
8132,0.1656
8133,0.1675
8134,0.1794
8135,0.1916
8136,0.2055
8137,0.2235
8138,0.2408
8139,0.2604
8140,0.2786
8141,0.302
8142,0.3236
8143,0.3521
8144,0.3679
8145,0.3745
8146,0.4025
8147,0.423
8148,0.4561
8149,0.4787
8150,0.5122
8151,0.5376
8152,0.5493
8153,0.5597
8154,0.5818
8155,0.5868
8156,0.5861
8157,0.5584
8158,0.5243
8159,0.4916
8160,0.4561
8161,0.4216
8162,0.3893
8163,0.3607
8164,0.3349
8165,0.321
8166,0.2968
8167,0.2753
8168,0.2357
8169,0.1871
8170,0.1527
8171,0.1486
8172,0.1599
8173,0.1709
8174,0.1853
8175,0.2318
8176,0.2847
8177,0.2968
8178,0.2954
8179,0.3052
8180,0.3205
8181,0.359
8182,0.3951
8183,0.4253
8184,0.4697
8185,0.5181
8186,0.5735
8187,0.6122
8188,0.6271
8189,0.6427
8190,0.6517
8191,0.647
8192,0.6302
8193,0.6102
8194,0.6008
8195,0.6028
8196,0.6149
8197,0.6234
8198,0.6203
8199,0.6182
8200,0.6188
8201,0.6173
8202,0.6251
8203,0.6495
8204,0.6747
8205,0.7207
8206,0.7569
8207,0.7818
8208,0.8038
8209,0.8254
8210,0.8398
8211,0.8502
8212,0.8543
8213,0.8445
8214,0.8229
8215,0.7922
8216,0.7713
8217,0.7794
8218,0.7981
8219,0.8122
8220,0.8122
8221,0.8031
8222,0.7845
8223,0.757
8224,0.7264
8225,0.6727
8226,0.6037
8227,0.5402
8228,0.4756
8229,0.4045
8230,0.3177
8231,0.2436
8232,0.1909
8233,0.1628
8234,0.1536
8235,0.1605
8236,0.1826
8237,0.2074
8238,0.2208
8239,0.2327
8240,0.2548
8241,0.276
8242,0.327
8243,0.3792
8244,0.4107
8245,0.4332
8246,0.4464
8247,0.4872
8248,0.5362
8249,0.5527
8250,0.5573
8251,0.5533
8252,0.5444
8253,0.5133
8254,0.4786
8255,0.4407
8256,0.3962
8257,0.353
8258,0.2952
8259,0.2577
8260,0.2313
8261,0.2198
8262,0.2216
8263,0.2273
8264,0.2196
8265,0.2139
8266,0.2173
8267,0.2448
8268,0.2935
8269,0.3275
8270,0.3547
8271,0.3868
8272,0.4179
8273,0.4201
8274,0.4136
8275,0.3998
8276,0.3919
8277,0.3964
8278,0.393
8279,0.3888
8280,0.3731
8281,0.3499
8282,0.3345
8283,0.3053
8284,0.2708
8285,0.2612
8286,0.2722
8287,0.2946
8288,0.3275
8289,0.368
8290,0.4232
8291,0.4831
8292,0.5313
8293,0.5632
8294,0.5858
8295,0.6269
8296,0.6599
8297,0.666
8298,0.6568
8299,0.6483
8300,0.6426
8301,0.6356
8302,0.6044
8303,0.5882
8304,0.6014
8305,0.6347
8306,0.6939
8307,0.7455
8308,0.7888
8309,0.8391
8310,0.8566
8311,0.8614
8312,0.8685
8313,0.8747
8314,0.8799
8315,0.887
8316,0.8897
8317,0.8777
8318,0.8484
8319,0.8081
8320,0.7678
8321,0.7209
8322,0.6765
8323,0.6448
8324,0.6424
8325,0.646
8326,0.6658
8327,0.6955
8328,0.7417
8329,0.7934
8330,0.8577
8331,0.8688
8332,0.8516
8333,0.817
8334,0.7824
8335,0.7515
8336,0.7173
8337,0.6768
8338,0.6682
8339,0.7054
8340,0.7028
8341,0.6584
8342,0.609
8343,0.575
8344,0.5173
8345,0.4703
8346,0.4291
8347,0.432
8348,0.4578
8349,0.4856
8350,0.5329
8351,0.587
8352,0.6541
8353,0.7082
8354,0.7486
8355,0.7245
8356,0.6659
8357,0.6039
8358,0.5415
8359,0.4726
8360,0.4192
8361,0.3667
8362,0.3431
8363,0.3876
8364,0.403
8365,0.3834
8366,0.3568
8367,0.3529
8368,0.3498
8369,0.3521
8370,0.355
8371,0.3528
8372,0.3402
8373,0.3211
8374,0.306
8375,0.3063
8376,0.3072
8377,0.3056
8378,0.2999
8379,0.2887
8380,0.2856
8381,0.285
8382,0.2887
8383,0.284
8384,0.2766
8385,0.2615
8386,0.251
8387,0.2457
8388,0.2428
8389,0.2472
8390,0.2778
8391,0.3367
8392,0.3844
8393,0.401
8394,0.4235
8395,0.4439
8396,0.4741
8397,0.492
8398,0.4987
8399,0.5166
8400,0.5328
8401,0.5345
8402,0.5275
8403,0.5299
8404,0.5383
8405,0.5268
8406,0.5251
8407,0.5499
8408,0.5334
8409,0.5029
8410,0.4863
8411,0.4908
8412,0.4807
8413,0.4449
8414,0.3893
8415,0.346
8416,0.3183
8417,0.2969
8418,0.2896
8419,0.2826
8420,0.2708
8421,0.2624
8422,0.2441
8423,0.213
8424,0.1966
8425,0.1822
8426,0.1722
8427,0.1727
8428,0.1811
8429,0.1915
8430,0.1962
8431,0.1966
8432,0.2041
8433,0.1923
8434,0.2051
8435,0.2412
8436,0.2599
8437,0.2791
8438,0.3276
8439,0.4231
8440,0.5114
8441,0.539
8442,0.5485
8443,0.5508
8444,0.5525
8445,0.5574
8446,0.5734
8447,0.5678
8448,0.5602
8449,0.5608
8450,0.5696
8451,0.57
8452,0.5718
8453,0.5897
8454,0.6029
8455,0.5857
8456,0.5652
8457,0.5663
8458,0.583
8459,0.5994
8460,0.6242
8461,0.6493
8462,0.6661
8463,0.6881
8464,0.6943
8465,0.6735
8466,0.6697
8467,0.66
8468,0.6477
8469,0.6556
8470,0.686
8471,0.7266
8472,0.7646
8473,0.783
8474,0.7841
8475,0.7689
8476,0.7662
8477,0.7652
8478,0.7448
8479,0.7136
8480,0.6696
8481,0.648
8482,0.6558
8483,0.6667
8484,0.6363
8485,0.599
8486,0.5459
8487,0.5202
8488,0.5063
8489,0.4878
8490,0.4724
8491,0.4448
8492,0.408
8493,0.3809
8494,0.3515
8495,0.328
8496,0.3167
8497,0.315
8498,0.322
8499,0.3285
8500,0.344
8501,0.3638
8502,0.3641
8503,0.3691
8504,0.365
8505,0.3555
8506,0.4015
8507,0.455
8508,0.5006
8509,0.5219
8510,0.5412
8511,0.6138
8512,0.6345
8513,0.6242
8514,0.6542
8515,0.7038
8516,0.7081
8517,0.6736
8518,0.6465
8519,0.6579
8520,0.68
8521,0.6724
8522,0.6642
8523,0.6562
8524,0.657
8525,0.6675
8526,0.6919
8527,0.7286
8528,0.7698
8529,0.7939
8530,0.8078
8531,0.8068
8532,0.7847
8533,0.7432
8534,0.7009
8535,0.6855
8536,0.6712
8537,0.6442
8538,0.61
8539,0.6147
8540,0.6299
8541,0.6336
8542,0.6661
8543,0.6918
8544,0.7217
8545,0.7204
8546,0.705
8547,0.692
8548,0.672
8549,0.6486
8550,0.6281
8551,0.6132
8552,0.5906
8553,0.558
8554,0.5484
8555,0.5689
8556,0.5683
8557,0.5235
8558,0.4424
8559,0.3975
8560,0.3843
8561,0.3742
8562,0.3537
8563,0.3471
8564,0.3525
8565,0.3673
8566,0.3695
8567,0.3525
8568,0.3612
8569,0.3884
8570,0.4337
8571,0.4924
8572,0.5199
8573,0.5346
8574,0.5785
8575,0.5912
8576,0.6043
8577,0.5985
8578,0.6134
8579,0.6378
8580,0.6604
8581,0.6626
8582,0.6429
8583,0.6433
8584,0.6474
8585,0.6378
8586,0.6213
8587,0.598
8588,0.5785
8589,0.565
8590,0.5373
8591,0.5104
8592,0.4866
8593,0.4577
8594,0.4377
8595,0.4182
8596,0.3836
8597,0.349
8598,0.3106
8599,0.2733
8600,0.222
8601,0.1708
8602,0.1618
8603,0.1443
8604,0.1188
8605,0.0957
8606,0.0733
8607,0.0717
8608,0.0803
8609,0.0908
8610,0.1012
8611,0.1104
8612,0.1193
8613,0.1313
8614,0.1492
8615,0.1701
8616,0.1924
8617,0.2057
8618,0.2062
8619,0.2002
8620,0.1941
8621,0.2021
8622,0.2218
8623,0.2501
8624,0.2811
8625,0.293
8626,0.3101
8627,0.3361
8628,0.3505
8629,0.3563
8630,0.369
8631,0.3993
8632,0.4329
8633,0.4511
8634,0.4523
8635,0.4543
8636,0.4667
8637,0.4833
8638,0.4941
8639,0.5031
8640,0.5097
8641,0.5004
8642,0.4854
8643,0.4611
8644,0.4278
8645,0.3836
8646,0.3532
8647,0.3166
8648,0.2632
8649,0.2143
8650,0.1945
8651,0.17
8652,0.1422
8653,0.1178
8654,0.0986
8655,0.0992
8656,0.111
8657,0.1127
8658,0.1078
8659,0.1033
8660,0.103
8661,0.105
8662,0.1078
8663,0.1092
8664,0.108
8665,0.1066
8666,0.1061
8667,0.108
8668,0.1112
8669,0.1194
8670,0.1313
8671,0.1435
8672,0.1392
8673,0.1104
8674,0.1033
8675,0.105
8676,0.0948
8677,0.0835
8678,0.0827
8679,0.1187
8680,0.1851
8681,0.2435
8682,0.2612
8683,0.2374
8684,0.205
8685,0.1839
8686,0.1817
8687,0.1875
8688,0.1802
8689,0.1743
8690,0.1623
8691,0.1414
8692,0.1254
8693,0.1215
8694,0.122
8695,0.1225
8696,0.1083
8697,0.0735
8698,0.0555
8699,0.0608
8700,0.0662
8701,0.0607
8702,0.0654
8703,0.0996
8704,0.1441
8705,0.1826
8706,0.2097
8707,0.2241
8708,0.2258
8709,0.2217
8710,0.2144
8711,0.2023
8712,0.1881
8713,0.179
8714,0.1734
8715,0.17
8716,0.1702
8717,0.1719
8718,0.1737
8719,0.1726
8720,0.1485
8721,0.0942
8722,0.0646
8723,0.0532
8724,0.0498
8725,0.0542
8726,0.0819
8727,0.1362
8728,0.1869
8729,0.2188
8730,0.2346
8731,0.2338
8732,0.2217
8733,0.2038
8734,0.1837
8735,0.1649
8736,0.1447
8737,0.1251
8738,0.1111
8739,0.1052
8740,0.1029
8741,0.0967
8742,0.0802
8743,0.0615
8744,0.0471
8745,0.04
8746,0.0374
8747,0.0387
8748,0.0413
8749,0.0422
8750,0.0533
8751,0.0784
8752,0.1118
8753,0.1484
8754,0.1762
8755,0.1818
8756,0.1691
8757,0.1445
8758,0.1198
8759,0.1089
