0,0.342658059
1,0.328107388
2,0.316220924
3,0.308330772
4,0.295214674
5,0.292652936
6,0.316938211
7,0.332718516
8,0.345219797
9,0.35526181
10,0.351367968
11,0.349318578
12,0.330259248
13,0.320934522
14,0.318987601
15,0.315708577
16,0.355364279
17,0.439286812
18,0.458551081
19,0.422379342
20,0.385490317
21,0.359770468
22,0.330669126
23,0.294189978
24,0.265191106
25,0.252997233
26,0.253407111
27,0.25361205
28,0.256276258
29,0.283943027
30,0.332616047
31,0.383748335
32,0.42504355
33,0.447279434
34,0.429654678
35,0.410595348
36,0.389486628
37,0.38046931
38,0.382006353
39,0.424018854
40,0.482426478
41,0.513577211
42,0.527410595
43,0.496157393
44,0.468080746
45,0.438671995
46,0.409263244
47,0.356901322
48,0.317655497
49,0.301157906
50,0.284250435
51,0.280254124
52,0.281688698
53,0.313454247
54,0.368992725
55,0.427707757
56,0.459165898
57,0.476278307
58,0.460395532
59,0.454144892
60,0.438467056
61,0.432831233
62,0.426273184
63,0.42699047
64,0.490214161
65,0.554872425
66,0.56030331
67,0.503842607
68,0.458551081
69,0.429757147
70,0.424633671
71,0.391228609
72,0.34880623
73,0.323598729
74,0.312327083
75,0.306896198
76,0.305871503
77,0.334767907
78,0.403217543
79,0.454862179
80,0.507531509
81,0.529459986
82,0.505687058
83,0.514192028
84,0.487549954
85,0.452812788
86,0.438876934
87,0.456296752
88,0.495235168
89,0.536222974
90,0.544215596
91,0.501383338
92,0.450148581
93,0.434573214
94,0.417768214
95,0.36991495
96,0.331591352
97,0.302592479
98,0.271646685
99,0.260682447
100,0.265908392
101,0.280049185
102,0.306896198
103,0.335997541
104,0.388256994
105,0.426375653
106,0.416743519
107,0.408853366
108,0.389896506
109,0.347064248
110,0.331693821
111,0.322676504
112,0.360180346
113,0.420022543
114,0.428937391
115,0.398503945
116,0.355056871
117,0.336407419
118,0.330259248
119,0.296956655
120,0.289066503
121,0.277999795
122,0.252997233
123,0.23465519
124,0.233015678
125,0.234552721
126,0.235782355
127,0.260887386
128,0.276770161
129,0.297366533
130,0.310482631
131,0.338559279
132,0.32984937
133,0.322369095
134,0.305973973
135,0.295214674
136,0.306691259
137,0.365918639
138,0.389896506
139,0.363459371
140,0.313249308
141,0.277794856
142,0.282303515
143,0.264883697
144,0.25156266
145,0.248795983
146,0.246029306
147,0.237831745
148,0.235987294
149,0.27687263
150,0.340916077
151,0.389179219
152,0.432933702
153,0.455784404
154,0.44400041
155,0.433241111
156,0.419100318
157,0.416128702
158,0.406189159
159,0.387129829
160,0.41223486
161,0.463162209
162,0.471769649
163,0.430576903
164,0.386105134
165,0.354954401
166,0.349830925
167,0.311814735
168,0.275950405
169,0.27492571
170,0.269699764
171,0.26221949
172,0.264986167
173,0.303719643
174,0.371759402
175,0.429449739
176,0.45670663
177,0.457731325
178,0.438979404
179,0.4376473
180,0.417563275
181,0.408955836
182,0.399016293
183,0.397786658
184,0.407008915
185,0.450763398
186,0.470130136
187,0.442975715
188,0.397991597
189,0.370119889
190,0.357003791
191,0.332923455
192,0.287017112
193,0.276462752
194,0.276360283
195,0.275130649
196,0.285172661
197,0.300338149
198,0.385387847
199,0.435905318
200,0.446254739
201,0.440413977
202,0.419407726
203,0.402705195
204,0.38692489
205,0.372886566
206,0.366738395
207,0.372374219
208,0.413259555
209,0.476483246
210,0.478020289
211,0.46090788
212,0.413054616
213,0.392458244
214,0.361307511
215,0.310277692
216,0.282713393
217,0.273491136
218,0.263551593
219,0.271646685
220,0.277487447
221,0.342760529
222,0.425248489
223,0.529664925
224,0.54329337
225,0.546367456
226,0.522492059
227,0.492161082
228,0.509273491
229,0.501895686
230,0.502408034
231,0.504969771
232,0.559176145
233,0.596475049
234,0.572189774
235,0.49462035
236,0.440926324
237,0.426785531
238,0.402807665
239,0.357823547
240,0.329132083
241,0.317962906
242,0.31283943
243,0.310072753
244,0.307306076
245,0.322164156
246,0.3848755
247,0.478737576
248,0.500870991
249,0.492058613
250,0.470232606
251,0.447996721
252,0.432318885
253,0.42699047
254,0.420125013
255,0.43119172
256,0.459780715
257,0.517675991
258,0.508761144
259,0.450968337
260,0.409980531
261,0.390613792
262,0.372271749
263,0.326672815
264,0.290193667
265,0.270724459
266,0.263756532
267,0.260477508
268,0.257403422
269,0.257198483
270,0.282405984
271,0.332103699
272,0.364689005
273,0.391331079
274,0.374731018
275,0.357413669
276,0.323086382
277,0.292447997
278,0.288246747
279,0.285582539
280,0.322471565
281,0.383645865
282,0.393482939
283,0.35720873
284,0.319909827
285,0.297469003
286,0.270109642
287,0.260579977
288,0.239471257
289,0.231786044
290,0.227892202
291,0.226867507
292,0.228507019
293,0.230658879
294,0.24316016
295,0.266625679
296,0.297878881
297,0.305666564
298,0.320422174
299,0.321036991
300,0.310175223
301,0.282405984
302,0.277077569
303,0.283123271
304,0.326467876
305,0.392560713
306,0.389794036
307,0.349933395
308,0.322471565
309,0.298288759
310,0.300952966
311,0.286914643
312,0.278922021
313,0.28763193
314,0.291935649
315,0.295624552
316,0.300030741
317,0.321959217
318,0.373091505
319,0.418280562
320,0.472077057
321,0.48632032
322,0.478225228
323,0.463777026
324,0.44809919
325,0.427605287
326,0.43129419
327,0.445947331
328,0.496669741
329,0.562967517
330,0.564709499
331,0.534583461
332,0.497182088
333,0.466748642
334,0.449943642
335,0.436315196
336,0.402910134
337,0.389896506
338,0.384055743
339,0.387539707
340,0.394610103
341,0.41233733
342,0.457731325
343,0.494108003
344,0.507531509
345,0.506096936
346,0.48826724
347,0.468388155
348,0.462035045
349,0.449636233
350,0.436930013
351,0.446459678
352,0.480274618
353,0.547392151
354,0.565016907
355,0.536837791
356,0.484988216
357,0.462752331
358,0.454964648
359,0.433650989
360,0.407726201
361,0.395634799
362,0.394405164
363,0.394200225
364,0.402295317
365,0.421969464
366,0.462239984
367,0.506506814
368,0.525668614
369,0.5179834
370,0.515216723
371,0.513064863
372,0.487652423
373,0.46726099
374,0.459063429
375,0.459575776
376,0.493288247
377,0.546264986
378,0.554769956
379,0.516138949
380,0.468593094
381,0.451480684
382,0.436520135
383,0.416128702
384,0.404857055
385,0.388461933
386,0.389691567
387,0.390818731
388,0.399016293
389,0.411005226
390,0.458653551
391,0.504047546
392,0.53058715
393,0.517573522
394,0.508351265
395,0.470437545
396,0.448816477
397,0.423096629
398,0.422071934
399,0.431909007
400,0.48632032
401,0.561635413
402,0.575263859
403,0.546469925
404,0.50107593
405,0.483656112
406,0.449226355
407,0.420125013
408,0.396147146
409,0.389384158
410,0.380776719
411,0.375858182
412,0.380059432
413,0.414181781
414,0.46941285
415,0.551183523
416,0.564197151
417,0.560098371
418,0.532021724
419,0.508658674
420,0.482528948
421,0.445332514
422,0.43119172
423,0.447381904
424,0.503022851
425,0.582026847
426,0.587867609
427,0.530894559
428,0.485193155
429,0.47781535
430,0.474741264
431,0.438467056
432,0.392663183
433,0.365508761
434,0.35720873
435,0.355979096
436,0.358028487
437,0.371656932
438,0.386105134
439,0.42063736
440,0.459473307
441,0.474433856
442,0.470949892
443,0.462649862
444,0.424121324
445,0.394507634
446,0.383235987
447,0.392355774
448,0.416333641
449,0.473204222
450,0.495440107
451,0.472691874
452,0.42914233
453,0.404139768
454,0.37626806
455,0.372579158
456,0.334767907
457,0.316835741
458,0.31499129
459,0.298698637
460,0.29603443
461,0.296854186
462,0.316118455
463,0.333230864
464,0.362947023
465,0.398811354
466,0.394815043
467,0.372271749
468,0.358438365
469,0.348088944
470,0.319602418
471,0.324213546
472,0.375243365
473,0.441233733
474,0.452915258
475,0.420944769
476,0.381903884
477,0.383645865
478,0.388461933
479,0.334870376
480,0.298801107
481,0.294292448
482,0.289373911
483,0.282713393
484,0.302490009
485,0.359667999
486,0.440106568
487,0.527205656
488,0.559381084
489,0.539399529
490,0.505072241
491,0.467056051
492,0.459165898
493,0.461215288
494,0.469720258
495,0.485603033
496,0.559586023
497,0.62362947
498,0.615841787
499,0.54544523
500,0.47771288
501,0.457936264
502,0.44400041
503,0.414694128
504,0.396966902
505,0.367353212
506,0.347679065
507,0.334460498
508,0.334562968
509,0.381186597
510,0.433650989
511,0.522799467
512,0.513372272
513,0.496362332
514,0.499129009
515,0.473204222
516,0.454144892
517,0.454862179
518,0.465416539
519,0.488984527
520,0.542473614
521,0.610820781
522,0.603750384
523,0.527103187
524,0.457731325
525,0.420842299
526,0.413157086
527,0.398196537
528,0.379854493
529,0.363766779
530,0.356491444
531,0.342965468
532,0.334767907
533,0.377600164
534,0.452710319
535,0.530074803
536,0.566758889
537,0.540526693
538,0.535403218
539,0.525668614
540,0.530792089
541,0.529869864
542,0.528845169
543,0.539399529
544,0.591556512
545,0.628548007
546,0.624244287
547,0.540834102
548,0.476995594
549,0.46090788
550,0.433958397
551,0.400860744
552,0.381801414
553,0.365201353
554,0.357823547
555,0.350650681
556,0.356184035
557,0.412029921
558,0.493595655
559,0.59196639
560,0.628240598
561,0.610615842
562,0.601598524
563,0.594425658
564,0.572599652
565,0.571984835
566,0.557331694
567,0.561737883
568,0.606722
569,0.643201148
570,0.623527001
571,0.570242853
572,0.502715442
573,0.454349831
574,0.431089251
575,0.395019982
576,0.378214981
577,0.366635926
578,0.367148273
579,0.373296444
580,0.377497694
581,0.429552208
582,0.506814223
583,0.596884927
584,0.615431909
585,0.580387335
586,0.545240291
587,0.515524132
588,0.504559893
589,0.503945076
590,0.486422789
591,0.476073368
592,0.501895686
593,0.563889743
594,0.537964955
595,0.477610411
596,0.43344605
597,0.421252177
598,0.40372989
599,0.379034737
600,0.339071626
601,0.304949278
602,0.287017112
603,0.284147966
604,0.287119582
605,0.292038119
606,0.288349216
607,0.323086382
608,0.352905011
609,0.374013731
610,0.377702633
611,0.377600164
612,0.356081566
613,0.338661748
614,0.333538272
615,0.334358028
616,0.344092632
617,0.379239676
618,0.372681627
619,0.326160467
620,0.306383851
621,0.296649247
622,0.28957885
623,0.278614612
624,0.264986167
625,0.246951532
626,0.242647812
627,0.241930526
628,0.240393483
629,0.238651501
630,0.240086074
631,0.240598422
632,0.266933087
633,0.280151655
634,0.306178912
635,0.294804796
636,0.276770161
637,0.263039246
638,0.27277385
639,0.289168972
640,0.318577723
641,0.374013731
642,0.390818731
643,0.368685316
644,0.34255559
645,0.335690132
646,0.310380162
647,0.273696075
648,0.257608362
649,0.253407111
650,0.248181166
651,0.249820678
652,0.257300953
653,0.305359156
654,0.358745773
655,0.422481812
656,0.464084435
657,0.462444923
658,0.43969669
659,0.424838611
660,0.39317553
661,0.38477303
662,0.380981658
663,0.392560713
664,0.428629983
665,0.516138949
666,0.532636541
667,0.506916692
668,0.459883185
669,0.429039861
670,0.408545958
671,0.360795163
672,0.322369095
673,0.311814735
674,0.30443693
675,0.302694948
676,0.317450558
677,0.352905011
678,0.436827544
679,0.529459986
680,0.548724255
681,0.518700687
682,0.508146326
683,0.462137514
684,0.442975715
685,0.451583154
686,0.445742392
687,0.450558459
688,0.535710626
689,0.592683677
690,0.595245414
691,0.52864023
692,0.474331386
693,0.437032483
694,0.413976842
695,0.391638488
696,0.370119889
697,0.3489087
698,0.344092632
699,0.348498822
700,0.354442053
701,0.392765652
702,0.48211907
703,0.513987089
704,0.556306999
705,0.550671175
706,0.516958705
707,0.469925197
708,0.467568398
709,0.463879496
710,0.465314069
711,0.483656112
712,0.518598217
713,0.61317758
714,0.63848755
715,0.584588585
716,0.510195717
717,0.461215288
718,0.431909007
719,0.408955836
720,0.391228609
721,0.384055743
722,0.385900195
723,0.37841992
724,0.381903884
725,0.450046111
726,0.55169587
727,0.61942822
728,0.635618404
729,0.626703556
730,0.615431909
731,0.564811968
732,0.554155139
733,0.543088431
734,0.550773645
735,0.546982273
736,0.590531817
737,0.641869044
738,0.633671483
739,0.57721078
740,0.539911876
741,0.49902654
742,0.467773337
743,0.44615227
744,0.413566964
745,0.40588175
746,0.398606415
747,0.396966902
748,0.403627421
749,0.44809919
750,0.541858797
751,0.622194897
752,0.659288862
753,0.670867917
754,0.668408648
755,0.652423404
756,0.594528128
757,0.555179834
758,0.566349011
759,0.581924377
760,0.641766574
761,0.69566554
762,0.684598832
763,0.614817092
764,0.582539195
765,0.566451481
766,0.561532944
767,0.53919459
768,0.498616662
769,0.46715852
770,0.457218977
771,0.455681935
772,0.454964648
773,0.462752331
774,0.47986474
775,0.504559893
776,0.54964648
777,0.564197151
778,0.563787273
779,0.576595963
780,0.562250231
781,0.525873553
782,0.508556205
783,0.495235168
784,0.517573522
785,0.567578645
786,0.577005841
787,0.544523004
788,0.507224101
789,0.499436418
790,0.492775899
791,0.489086997
792,0.464904191
793,0.431089251
794,0.416231171
795,0.409160775
796,0.415308946
797,0.417768214
798,0.4292448
799,0.476380777
800,0.500256174
801,0.5095809
802,0.515114254
803,0.513269802
804,0.504252485
805,0.485500564
806,0.472179527
807,0.464904191
808,0.489189466
809,0.531099498
810,0.560815657
811,0.576595963
812,0.540116815
813,0.543190901
814,0.506301875
815,0.486115381
816,0.481504252
817,0.467670868
818,0.433138641
819,0.423711446
820,0.431396659
821,0.449123886
822,0.532943949
823,0.573829286
824,0.618813403
825,0.607131878
826,0.598421969
827,0.602828159
828,0.596372579
829,0.591658981
830,0.58356389
831,0.578030536
832,0.608259043
833,0.657649349
834,0.69351368
835,0.65324316
836,0.575776207
837,0.553232913
838,0.542781023
839,0.513884619
840,0.492366021
841,0.486627728
842,0.474843734
843,0.471974588
844,0.480684496
845,0.523004406
846,0.584895993
847,0.6510913
848,0.676708679
849,0.65744441
850,0.626088739
851,0.598831848
852,0.579772518
853,0.566963828
854,0.562762578
855,0.546469925
856,0.569218158
857,0.650374014
858,0.666564197
859,0.59401578
860,0.552208218
861,0.523824162
862,0.519315504
863,0.491751204
864,0.450046111
865,0.442770776
866,0.436930013
867,0.437032483
868,0.438876934
869,0.476073368
870,0.55169587
871,0.623834409
872,0.635208525
873,0.614919561
874,0.58130956
875,0.566963828
876,0.54329337
877,0.52423404
878,0.523004406
879,0.528742699
880,0.571370017
881,0.64053694
882,0.658469105
883,0.601188646
884,0.5455477
885,0.504867302
886,0.472486935
887,0.472384466
888,0.447894251
889,0.427297879
890,0.41438672
891,0.404652116
892,0.394610103
893,0.424326263
894,0.508146326
895,0.568500871
896,0.59206886
897,0.573111999
898,0.537452608
899,0.527103187
900,0.505687058
901,0.474023978
902,0.472794344
903,0.49052157
904,0.541756327
905,0.620145507
906,0.652115995
907,0.595655293
908,0.538784712
909,0.527820473
910,0.508658674
911,0.478430167
912,0.453427605
913,0.423506507
914,0.412542269
915,0.410800287
916,0.416948458
917,0.458653551
918,0.548416846
919,0.581719438
920,0.600983707
921,0.565016907
922,0.526078492
923,0.514396967
924,0.492980838
925,0.474331386
926,0.462444923
927,0.467465929
928,0.502920381
929,0.573214469
930,0.597704683
931,0.549441541
932,0.482938826
933,0.470847423
934,0.454247361
935,0.419817604
936,0.420944769
937,0.412644738
938,0.382518701
939,0.369505072
940,0.360282816
941,0.357003791
942,0.393892817
943,0.419817604
944,0.457321447
945,0.451583154
946,0.424223793
947,0.406906445
948,0.405266933
949,0.40383236
950,0.401885439
951,0.408238549
952,0.456194282
953,0.504764832
954,0.516343888
955,0.472794344
956,0.426785531
957,0.418075623
958,0.410800287
959,0.379547085
960,0.36796803
961,0.359872938
962,0.348601291
963,0.346346962
964,0.343785224
965,0.344912389
966,0.377907572
967,0.402807665
968,0.42709294
969,0.451788093
970,0.456399221
971,0.445127575
972,0.408853366
973,0.40813608
974,0.405574342
975,0.400860744
976,0.436417666
977,0.501793217
978,0.529050108
979,0.511220412
980,0.469822728
981,0.458448612
982,0.444307818
983,0.428834922
984,0.432421355
985,0.439901629
986,0.443283123
987,0.444102879
988,0.457218977
989,0.506404345
990,0.564299621
991,0.603135567
992,0.62373194
993,0.605594836
994,0.584178707
995,0.565939133
996,0.555487243
997,0.542883492
998,0.539604468
999,0.553130444
1000,0.587970079
1001,0.652320935
1002,0.700071729
1003,0.654370325
1004,0.608156573
1005,0.583666359
1006,0.562967517
1007,0.511835229
1008,0.471564709
1009,0.445332514
1010,0.445230044
1011,0.452812788
1012,0.47135977
1013,0.498616662
1014,0.571267548
1015,0.610205964
1016,0.618813403
1017,0.604262732
1018,0.578030536
1019,0.555384773
1020,0.53704273
1021,0.5263859
1022,0.524131571
1023,0.526795778
1024,0.559688493
1025,0.603135567
1026,0.648324623
1027,0.61102572
1028,0.568500871
1029,0.546572395
1030,0.527820473
1031,0.48416846
1032,0.44389794
1033,0.431909007
1034,0.433548519
1035,0.4292448
1036,0.443795471
1037,0.496977149
1038,0.583973768
1039,0.640127062
1040,0.642073983
1041,0.611640537
1042,0.598421969
1043,0.563069987
1044,0.52423404
1045,0.506096936
1046,0.49472282
1047,0.510093247
1048,0.558766267
1049,0.635515934
1050,0.668203709
1051,0.63223691
1052,0.557331694
1053,0.536632852
1054,0.526180961
1055,0.480274618
1056,0.462854801
1057,0.451378215
1058,0.445127575
1059,0.457116508
1060,0.46931038
1061,0.540731632
1062,0.627215903
1063,0.654062916
1064,0.65539502
1065,0.603442976
1066,0.561020596
1067,0.523721693
1068,0.506301875
1069,0.50312532
1070,0.490828978
1071,0.516753766
1072,0.568193462
1073,0.641151757
1074,0.686955631
1075,0.624551696
1076,0.555179834
1077,0.518085869
1078,0.504047546
1079,0.482324009
1080,0.458346142
1081,0.448918947
1082,0.441233733
1083,0.440004099
1084,0.448611538
1085,0.503945076
1086,0.616046726
1087,0.653960447
1088,0.646377703
1089,0.603238037
1090,0.544830413
1091,0.512654985
1092,0.503945076
1093,0.492161082
1094,0.495645046
1095,0.504047546
1096,0.550671175
1097,0.616046726
1098,0.646787581
1099,0.599549134
1100,0.537145199
1101,0.519520443
1102,0.525976022
1103,0.501178399
1104,0.476790655
1105,0.442565837
1106,0.411415104
1107,0.401885439
1108,0.399938518
1109,0.407521262
1110,0.44820166
1111,0.498104314
1112,0.535095809
1113,0.532021724
1114,0.466338764
1115,0.433036172
1116,0.402500256
1117,0.39532739
1118,0.393380469
1119,0.412542269
1120,0.45455477
1121,0.544113126
1122,0.582949073
1123,0.51378215
1124,0.471974588
1125,0.463162209
1126,0.451685624
1127,0.413669433
1128,0.377702633
1129,0.368787786
1130,0.363049493
1131,0.362844554
1132,0.365918639
1133,0.373091505
1134,0.396352085
1135,0.393482939
1136,0.40383236
1137,0.405779281
1138,0.394507634
1139,0.385797725
1140,0.367660621
1141,0.370632237
1142,0.381903884
1143,0.395942207
1144,0.445230044
1145,0.522492059
1146,0.551081053
1147,0.536735321
1148,0.481094374
1149,0.476688185
1150,0.447074495
1151,0.388154524
1152,0.388666872
1153,0.375960652
1154,0.360795163
1155,0.363254432
1156,0.375653243
1157,0.460293063
1158,0.54114151
1159,0.578952762
1160,0.576800902
1161,0.546162517
1162,0.51583154
1163,0.4904191
1164,0.473409161
1165,0.462854801
1166,0.459370837
1167,0.483963521
1168,0.573111999
1169,0.643406087
1170,0.647607337
1171,0.610718311
1172,0.574649042
1173,0.561942822
1174,0.507736448
1175,0.482733887
1176,0.458960959
1177,0.427297879
1178,0.400553335
1179,0.393380469
1180,0.406803976
1181,0.459268368
1182,0.559073676
1183,0.60457014
1184,0.629470233
1185,0.63633569
1186,0.605799775
1187,0.576083615
1188,0.562865048
1189,0.53489087
1190,0.48406599
1191,0.478430167
1192,0.520750077
1193,0.601496055
1194,0.650578953
1195,0.621887488
1196,0.56880828
1197,0.540116815
1198,0.540014346
1199,0.478840045
1200,0.437134952
1201,0.411415104
1202,0.392970591
1203,0.388052055
1204,0.402090378
1205,0.490624039
1206,0.582129317
1207,0.625678861
1208,0.624039348
1209,0.628445537
1210,0.603852854
1211,0.567886054
1212,0.520955016
1213,0.495440107
1214,0.494108003
1215,0.487754893
1216,0.53284148
1217,0.615022031
1218,0.65324316
1219,0.600163951
1220,0.545137821
1221,0.531714315
1222,0.50527718
1223,0.477507941
1224,0.443590532
1225,0.425760836
1226,0.414181781
1227,0.408545958
1228,0.405061994
1229,0.471667179
1230,0.574034225
1231,0.611743006
1232,0.598012091
1233,0.575673737
1234,0.542166206
1235,0.5095809
1236,0.484475868
1237,0.468798033
1238,0.465006661
1239,0.477507941
1240,0.528332821
1241,0.61092325
1242,0.638077672
1243,0.601598524
1244,0.533251358
1245,0.495952454
1246,0.454247361
1247,0.453325136
1248,0.436007788
1249,0.417768214
1250,0.402397787
1251,0.407623732
1252,0.425658367
1253,0.495235168
1254,0.594938006
1255,0.635515934
1256,0.631622092
1257,0.608463982
1258,0.552413157
1259,0.525668614
1260,0.512654985
1261,0.483758582
1262,0.467056051
1263,0.471257301
1264,0.519213034
1265,0.56880828
1266,0.593708372
1267,0.546982273
1268,0.49472282
1269,0.468183215
1270,0.468080746
1271,0.437134952
1272,0.401475561
1273,0.385387847
1274,0.368787786
1275,0.365508761
1276,0.364484066
1277,0.374013731
1278,0.396659494
1279,0.42914233
1280,0.457526386
1281,0.446972026
1282,0.396659494
1283,0.372374219
1284,0.372989036
1285,0.376063121
1286,0.388461933
1287,0.396454555
1288,0.449021416
1289,0.502408034
1290,0.525258736
1291,0.490624039
1292,0.455476996
1293,0.421252177
1294,0.409468183
1295,0.384363152
1296,0.363356901
1297,0.357926017
1298,0.344297571
1299,0.337637053
1300,0.345219797
1301,0.352290194
1302,0.356081566
1303,0.365918639
1304,0.367455682
1305,0.359053182
1306,0.359872938
1307,0.361000102
1308,0.357413669
1309,0.354851932
1310,0.358848243
1311,0.365508761
1312,0.391331079
1313,0.456399221
1314,0.48847218
1315,0.470540014
1316,0.440106568
1317,0.432421355
1318,0.422276873
1319,0.375345835
1320,0.333743211
1321,0.336509888
1322,0.332513577
1323,0.336509888
1324,0.371349524
1325,0.45455477
1326,0.540526693
1327,0.554565017
1328,0.53909212
1329,0.498616662
1330,0.469822728
1331,0.432421355
1332,0.427605287
1333,0.414591659
1334,0.406394098
1335,0.441131263
1336,0.498719131
1337,0.573931755
1338,0.625986269
1339,0.567168767
1340,0.479557332
1341,0.450660928
1342,0.442258428
1343,0.403012604
1344,0.365303822
1345,0.370222359
1346,0.372476688
1347,0.378624859
1348,0.396761963
1349,0.493083308
1350,0.573316938
1351,0.581821908
1352,0.5539502
1353,0.504252485
1354,0.464084435
1355,0.429449739
1356,0.416026232
1357,0.409058305
1358,0.404139768
1359,0.424736141
1360,0.468593094
1361,0.569935444
1362,0.622809714
1363,0.609898555
1364,0.517573522
1365,0.495542576
1366,0.461830106
1367,0.408853366
1368,0.366021109
1369,0.338764218
1370,0.334665437
1371,0.345527206
1372,0.394712573
1373,0.519520443
1374,0.593093555
1375,0.598729378
1376,0.578542883
1377,0.510298186
1378,0.471769649
1379,0.430679373
1380,0.409673122
1381,0.396966902
1382,0.423096629
1383,0.442770776
1384,0.483246234
1385,0.56870581
1386,0.616046726
1387,0.554872425
1388,0.504969771
1389,0.481401783
1390,0.462547392
1391,0.410390409
1392,0.388461933
1393,0.376063121
1394,0.364279127
1395,0.365918639
1396,0.38262117
1397,0.453530075
1398,0.544830413
1399,0.556204529
1400,0.546879803
1401,0.504252485
1402,0.440004099
1403,0.40383236
1404,0.38682242
1405,0.384465621
1406,0.37626806
1407,0.379034737
1408,0.424121324
1409,0.519417973
1410,0.590531817
1411,0.568500871
1412,0.509273491
1413,0.475048673
1414,0.438876934
1415,0.405574342
1416,0.37206681
1417,0.366943334
1418,0.351163029
1419,0.35310995
1420,0.369402603
1421,0.449841172
1422,0.539297059
1423,0.607131878
1424,0.63203197
1425,0.623219592
1426,0.610718311
1427,0.558868737
1428,0.548211907
1429,0.529664925
1430,0.497284558
1431,0.492980838
1432,0.548006968
1433,0.607644226
1434,0.666256789
1435,0.655087611
1436,0.59401578
1437,0.564709499
1438,0.522389589
1439,0.49892407
1440,0.476893124
1441,0.462239984
1442,0.442360898
1443,0.436007788
1444,0.438876934
1445,0.457014038
1446,0.487652423
1447,0.548006968
1448,0.597602213
1449,0.590224408
1450,0.574751511
1451,0.546264986
1452,0.509990778
1453,0.481606722
1454,0.455681935
1455,0.455579465
1456,0.48406599
1457,0.542678553
1458,0.593298494
1459,0.538682242
1460,0.500563582
1461,0.464699252
1462,0.444820166
1463,0.420022543
1464,0.395634799
1465,0.372374219
1466,0.347884005
1467,0.334153089
1468,0.326467876
1469,0.346346962
1470,0.359770468
1471,0.379239676
1472,0.405369403
1473,0.430269495
1474,0.43129419
1475,0.421149708
1476,0.386207603
1477,0.354646993
1478,0.352700072
1479,0.379854493
1480,0.427502818
1481,0.495337637
1482,0.537247669
1483,0.512245107
1484,0.478737576
1485,0.44809919
1486,0.414899068
1487,0.369300133
1488,0.339788913
1489,0.319704888
1490,0.315811046
1491,0.311712266
1492,0.334870376
1493,0.42073983
1494,0.493595655
1495,0.530484681
1496,0.519622912
1497,0.520750077
1498,0.517778461
1499,0.497591966
1500,0.460702941
1501,0.432728763
1502,0.42709294
1503,0.435802849
1504,0.467773337
1505,0.510195717
1506,0.562557639
1507,0.532021724
1508,0.49677221
1509,0.488779588
1510,0.472384466
1511,0.422379342
1512,0.391638488
1513,0.366533456
1514,0.347269187
1515,0.355056871
1516,0.374526078
1517,0.421969464
1518,0.48621785
1519,0.536120504
1520,0.517368583
1521,0.483963521
1522,0.461727636
1523,0.462342453
1524,0.45885849
1525,0.449841172
1526,0.462239984
1527,0.492263552
1528,0.553130444
1529,0.618301055
1530,0.643303617
1531,0.624654165
1532,0.590224408
1533,0.543600779
1534,0.523311815
1535,0.451890563
1536,0.403524951
1537,0.387539707
1538,0.371247054
1539,0.372681627
1540,0.389998975
1541,0.449738703
1542,0.527922943
1543,0.585203402
1544,0.56245517
1545,0.532943949
1546,0.52003279
1547,0.523209345
1548,0.500051235
1549,0.46931038
1550,0.474433856
1551,0.484680807
1552,0.513372272
1553,0.559278615
1554,0.601188646
1555,0.584691054
1556,0.527205656
1557,0.501998156
1558,0.51163029
1559,0.461625167
1560,0.409468183
1561,0.397889128
1562,0.393585408
1563,0.397684189
1564,0.417563275
1565,0.478327698
1566,0.52864023
1567,0.541448919
1568,0.533148888
1569,0.503535198
1570,0.49892407
1571,0.49267343
1572,0.484578338
1573,0.479147454
1574,0.474638795
1575,0.462649862
1576,0.50527718
1577,0.567066298
1578,0.606004714
1579,0.583666359
1580,0.536632852
1581,0.512347577
1582,0.505789528
1583,0.470130136
1584,0.434778153
1585,0.424223793
1586,0.417358336
1587,0.430167025
1588,0.460498002
1589,0.523414284
1590,0.583666359
1591,0.607131878
1592,0.643815965
1593,0.616251665
1594,0.606926939
1595,0.581719438
1596,0.554565017
1597,0.518803156
1598,0.495337637
1599,0.506506814
1600,0.543088431
1601,0.631007275
1602,0.674659289
1603,0.625986269
1604,0.573726816
1605,0.536632852
1606,0.51152782
1607,0.481811661
1608,0.455989343
1609,0.426273184
1610,0.405574342
1611,0.398094067
1612,0.394712573
1613,0.408341019
1614,0.425760836
1615,0.483758582
1616,0.497591966
1617,0.480684496
1618,0.462547392
1619,0.483348704
1620,0.462444923
1621,0.434265806
1622,0.424326263
1623,0.416231171
1624,0.425248489
1625,0.492775899
1626,0.544932882
1627,0.498309253
1628,0.451583154
1629,0.455067118
1630,0.42504355
1631,0.412952147
1632,0.393482939
1633,0.38262117
1634,0.381186597
1635,0.379547085
1636,0.377087816
1637,0.404037299
1638,0.429449739
1639,0.442770776
1640,0.455169587
1641,0.459370837
1642,0.469105441
1643,0.476380777
1644,0.472179527
1645,0.453632544
1646,0.447381904
1647,0.445025105
1648,0.45885849
1649,0.506609284
1650,0.55599959
1651,0.555589712
1652,0.544727943
1653,0.518495748
1654,0.500256174
1655,0.487140076
1656,0.479659801
1657,0.471052362
1658,0.469515319
1659,0.473921508
1660,0.483656112
1661,0.535710626
1662,0.616968952
1663,0.634388769
1664,0.61102572
1665,0.604057793
1666,0.584383646
1667,0.558253919
1668,0.548621785
1669,0.524848857
1670,0.513064863
1671,0.522696998
1672,0.557024285
1673,0.622604775
1674,0.673019777
1675,0.673327185
1676,0.650886361
1677,0.614202275
1678,0.583256481
1679,0.546572395
1680,0.520647607
1681,0.501895686
1682,0.497182088
1683,0.489906753
1684,0.503022851
1685,0.588482426
1686,0.633364074
1687,0.648427093
1688,0.630392458
1689,0.599754073
1690,0.566349011
1691,0.531406906
1692,0.505994467
1693,0.502100625
1694,0.504354954
1695,0.517471052
1696,0.573931755
1697,0.628035659
1698,0.655702429
1699,0.619735629
1700,0.55169587
1701,0.549953889
1702,0.546264986
1703,0.493800594
1704,0.468285685
1705,0.458960959
1706,0.455476996
1707,0.45035352
1708,0.455272057
1709,0.503740137
1710,0.552310688
1711,0.589199713
1712,0.589097244
1713,0.569423097
1714,0.550261297
1715,0.523311815
1716,0.499436418
1717,0.481504252
1718,0.471667179
1719,0.47771288
1720,0.545752639
1721,0.602315811
1722,0.639307306
1723,0.598626908
1724,0.553232913
1725,0.542883492
1726,0.531611845
1727,0.487959832
1728,0.468183215
1729,0.451685624
1730,0.451993032
1731,0.454759709
1732,0.475458551
1733,0.536837791
1734,0.619735629
1735,0.633466544
1736,0.636130751
1737,0.608361512
1738,0.595450354
1739,0.585408341
1740,0.562557639
1741,0.545137821
1742,0.531304437
1743,0.544113126
1744,0.582436725
1745,0.623424531
1746,0.640741879
1747,0.625371452
1748,0.582641664
1749,0.551285992
1750,0.532226663
1751,0.521774772
1752,0.509888308
1753,0.500563582
1754,0.501690747
1755,0.517163644
1756,0.542268675
1757,0.586023158
1758,0.638180141
1759,0.655599959
1760,0.658161697
1761,0.663592581
1762,0.642073983
1763,0.626806025
1764,0.603545445
1765,0.573624347
1766,0.55815145
1767,0.564607029
1768,0.589609591
1769,0.630699867
1770,0.654575264
1771,0.639409776
1772,0.605389897
1773,0.587252792
1774,0.568910749
1775,0.546060047
1776,0.538067425
1777,0.548314376
1778,0.544113126
1779,0.533968644
1780,0.53704273
1781,0.544830413
1782,0.56880828
1783,0.608566451
1784,0.605902244
1785,0.579157701
1786,0.570345322
1787,0.566246542
1788,0.548416846
1789,0.534583461
1790,0.526898248
1791,0.52853776
1792,0.534993339
1793,0.586228097
1794,0.630187519
1795,0.618403525
1796,0.591454042
1797,0.582436725
1798,0.551183523
1799,0.52864023
1800,0.516241418
1801,0.504150015
1802,0.504047546
1803,0.501178399
1804,0.501383338
1805,0.510503125
1806,0.516343888
1807,0.528332821
1808,0.529664925
1809,0.520852546
1810,0.527000717
1811,0.53919459
1812,0.532124193
1813,0.517163644
1814,0.500051235
1815,0.508658674
1816,0.53068962
1817,0.557331694
1818,0.612152885
1819,0.62147761
1820,0.608566451
1821,0.594733067
1822,0.575468798
1823,0.569525566
1824,0.536120504
1825,0.528947638
1826,0.52228712
1827,0.5179834
1828,0.528332821
1829,0.575571268
1830,0.633876422
1831,0.650886361
1832,0.676093862
1833,0.645660416
1834,0.638692489
1835,0.632339379
1836,0.620452915
1837,0.595962701
1838,0.599446665
1839,0.610103494
1840,0.654575264
1841,0.689107491
1842,0.706629778
1843,0.700276668
1844,0.68931243
1845,0.648427093
1846,0.624141818
1847,0.593400963
1848,0.560713188
1849,0.538682242
1850,0.534685931
1851,0.538887181
1852,0.56440209
1853,0.616251665
1854,0.651808587
1855,0.680397582
1856,0.679885234
1857,0.674044472
1858,0.656419715
1859,0.613280049
1860,0.598114561
1861,0.582334256
1862,0.58571575
1863,0.60682447
1864,0.640434471
1865,0.681627216
1866,0.704272979
1867,0.690747003
1868,0.653857977
1869,0.637360385
1870,0.6151245
1871,0.57085767
1872,0.551593401
1873,0.540936571
1874,0.526795778
1875,0.523209345
1876,0.545342761
1877,0.596065171
1878,0.638897428
1879,0.64473819
1880,0.63848755
1881,0.613382519
1882,0.610615842
1883,0.58981453
1884,0.583871298
1885,0.57721078
1886,0.555897121
1887,0.563274926
1888,0.589199713
1889,0.653448099
1890,0.674556819
1891,0.669433344
1892,0.608156573
1893,0.605389897
1894,0.587867609
1895,0.550876114
1896,0.529357516
1897,0.521364894
1898,0.512347577
1899,0.500461113
1900,0.512142638
1901,0.575161389
1902,0.630802336
1903,0.632441849
1904,0.612665232
1905,0.588892305
1906,0.584486115
1907,0.582744134
1908,0.581616969
1909,0.569218158
1910,0.570345322
1911,0.575263859
1912,0.596577518
1913,0.652115995
1914,0.68490624
1915,0.667486423
1916,0.620862793
1917,0.607849165
1918,0.604057793
1919,0.57926017
1920,0.54114151
1921,0.524438979
1922,0.526078492
1923,0.519213034
1924,0.544420535
1925,0.599241726
1926,0.658264166
1927,0.671687673
1928,0.638692489
1929,0.608361512
1930,0.584998463
1931,0.591249103
1932,0.588994774
1933,0.564811968
1934,0.564299621
1935,0.57505892
1936,0.577620658
1937,0.630904806
1938,0.674146941
1939,0.649451788
1940,0.593708372
1941,0.580694743
1942,0.56440209
1943,0.520852546
1944,0.497079619
1945,0.482426478
1946,0.463469618
1947,0.462649862
1948,0.459985654
1949,0.498821601
1950,0.523311815
1951,0.531099498
1952,0.521057485
1953,0.495849985
1954,0.483246234
1955,0.468183215
1956,0.460498002
1957,0.449328825
1958,0.447894251
1959,0.453735014
1960,0.476995594
1961,0.519110565
1962,0.551593401
1963,0.554667486
1964,0.532124193
1965,0.507531509
1966,0.492263552
1967,0.460190593
1968,0.4460498
1969,0.436007788
1970,0.416845988
1971,0.405369403
1972,0.409673122
1973,0.408955836
1974,0.419510196
1975,0.423301568
1976,0.394405164
1977,0.374423609
1978,0.374423609
1979,0.37852239
1980,0.381698945
1981,0.376985347
1982,0.373911261
1983,0.385285378
1984,0.40813608
1985,0.45240291
1986,0.481401783
1987,0.497284558
1988,0.477507941
1989,0.466543703
1990,0.455272057
1991,0.426785531
1992,0.38907675
1993,0.371451993
1994,0.366226048
1995,0.371144584
1996,0.406189159
1997,0.475970899
1998,0.518495748
1999,0.505482119
2000,0.50322779
2001,0.474946204
2002,0.451685624
2003,0.421764525
2004,0.42289169
2005,0.414694128
2006,0.420227482
2007,0.438876934
2008,0.504867302
2009,0.547802029
2010,0.588789835
2011,0.56880828
2012,0.533866175
2013,0.508761144
2014,0.473204222
2015,0.421149708
2016,0.385900195
2017,0.378932268
2018,0.37637053
2019,0.386105134
2020,0.428834922
2021,0.500256174
2022,0.5455477
2023,0.527615534
2024,0.512859924
2025,0.489701814
2026,0.475868429
2027,0.454759709
2028,0.442360898
2029,0.428425044
2030,0.434778153
2031,0.451275745
2032,0.50107593
2033,0.557741572
2034,0.593503433
2035,0.581616969
2036,0.5539502
2037,0.476483246
2038,0.43559791
2039,0.389486628
2040,0.35095809
2041,0.34880623
2042,0.349216108
2043,0.359053182
2044,0.403627421
2045,0.491033917
2046,0.543805718
2047,0.552413157
2048,0.53273901
2049,0.505789528
2050,0.483041295
2051,0.443488062
2052,0.408545958
2053,0.400860744
2054,0.404344707
2055,0.435700379
2056,0.494312942
2057,0.546879803
2058,0.594630597
2059,0.588584896
2060,0.519315504
2061,0.468593094
2062,0.417358336
2063,0.378932268
2064,0.351367968
2065,0.345629675
2066,0.340916077
2067,0.352290194
2068,0.393073061
2069,0.495747515
2070,0.569218158
2071,0.583358951
2072,0.555794651
2073,0.5263859
2074,0.49267343
2075,0.463264679
2076,0.442668306
2077,0.424531202
2078,0.41858797
2079,0.424326263
2080,0.456399221
2081,0.531714315
2082,0.602110872
2083,0.590429347
2084,0.529664925
2085,0.478122758
2086,0.432318885
2087,0.379752024
2088,0.345014858
2089,0.338764218
2090,0.329951839
2091,0.34665437
2092,0.378829798
2093,0.465416539
2094,0.508146326
2095,0.498104314
2096,0.471052362
2097,0.452915258
2098,0.424633671
2099,0.395634799
2100,0.38057178
2101,0.371554463
2102,0.372681627
2103,0.39102367
2104,0.430576903
2105,0.508146326
2106,0.584383646
2107,0.567886054
2108,0.519315504
2109,0.479147454
2110,0.44830413
2111,0.437339891
2112,0.432113946
2113,0.41858797
2114,0.391945896
2115,0.378624859
2116,0.380674249
2117,0.398606415
2118,0.414694128
2119,0.417665744
2120,0.411722513
2121,0.391945896
2122,0.358848243
2123,0.341940773
2124,0.320422174
2125,0.313044369
2126,0.316220924
2127,0.327902449
2128,0.371554463
2129,0.425760836
2130,0.481709192
2131,0.491648735
2132,0.487652423
2133,0.483553643
2134,0.435392971
2135,0.381186597
2136,0.365508761
2137,0.349830925
2138,0.352700072
2139,0.356388974
2140,0.340608669
2141,0.335177785
2142,0.342658059
2143,0.358233426
2144,0.3489087
2145,0.338559279
2146,0.326570345
2147,0.310585101
2148,0.290706015
2149,0.277692387
2150,0.292550466
2151,0.304744339
2152,0.345732145
2153,0.402705195
2154,0.434163336
2155,0.416026232
2156,0.41018547
2157,0.409980531
2158,0.393790347
2159,0.376677938
2160,0.356184035
2161,0.357926017
2162,0.359053182
2163,0.364996414
2164,0.412849677
2165,0.478737576
2166,0.499436418
2167,0.487037606
2168,0.486525259
2169,0.471769649
2170,0.442053489
2171,0.417153397
2172,0.409263244
2173,0.417870683
2174,0.415821293
2175,0.427707757
2176,0.492366021
2177,0.53273901
2178,0.514909314
2179,0.495030229
2180,0.487857362
2181,0.48211907
2182,0.412644738
2183,0.370529767
2184,0.350548212
2185,0.343170407
2186,0.337329644
2187,0.366840865
2188,0.45035352
2189,0.507121631
2190,0.52853776
2191,0.538784712
2192,0.508761144
2193,0.485807972
2194,0.446664617
2195,0.412542269
2196,0.38046931
2197,0.366021109
2198,0.377907572
2199,0.40793114
2200,0.475561021
2201,0.523311815
2202,0.542576084
2203,0.506711753
2204,0.498616662
2205,0.490726509
2206,0.427297879
2207,0.389589097
2208,0.375038426
2209,0.360487755
2210,0.362332206
2211,0.393482939
2212,0.461420227
2213,0.532329132
2214,0.544318065
2215,0.558356389
2216,0.539809407
2217,0.557331694
2218,0.535403218
2219,0.516548827
2220,0.493903064
2221,0.472794344
2222,0.481606722
2223,0.498514192
2224,0.543600779
2225,0.595962701
2226,0.599446665
2227,0.56440209
2228,0.555282304
2229,0.522594528
2230,0.477507941
2231,0.447894251
2232,0.428322574
2233,0.425863306
2234,0.427502818
2235,0.442668306
2236,0.507019162
2237,0.574751511
2238,0.596475049
2239,0.592171329
2240,0.581719438
2241,0.564299621
2242,0.535198279
2243,0.525156266
2244,0.507019162
2245,0.485910442
2246,0.479557332
2247,0.507838918
2248,0.539297059
2249,0.571165078
2250,0.569423097
2251,0.552003279
2252,0.555487243
2253,0.52423404
2254,0.497694436
2255,0.465006661
2256,0.440311507
2257,0.421764525
2258,0.407623732
2259,0.410595348
2260,0.472384466
2261,0.548416846
2262,0.609591147
2263,0.617173891
2264,0.5983195
2265,0.571267548
2266,0.565016907
2267,0.548826724
2268,0.514396967
2269,0.491546265
2270,0.478635106
2271,0.48826724
2272,0.532124193
2273,0.592478738
2274,0.607746695
2275,0.57926017
2276,0.549339072
2277,0.543805718
2278,0.512142638
2279,0.461112819
2280,0.434163336
2281,0.424223793
2282,0.413362025
2283,0.407111384
2284,0.4376473
2285,0.497284558
2286,0.532226663
2287,0.552720566
2288,0.541756327
2289,0.525771083
2290,0.531816785
2291,0.497079619
2292,0.484270929
2293,0.466031356
2294,0.449636233
2295,0.448406599
2296,0.474023978
2297,0.520237729
2298,0.541961267
2299,0.506609284
2300,0.498309253
2301,0.51583154
2302,0.479352393
2303,0.453017727
2304,0.434368275
2305,0.419920074
2306,0.411517574
2307,0.40178297
2308,0.416333641
2309,0.445537453
2310,0.472999283
2311,0.476790655
2312,0.469617789
2313,0.449431294
2314,0.436110257
2315,0.426273184
2316,0.422071934
2317,0.405164464
2318,0.398708884
2319,0.409263244
2320,0.450148581
2321,0.493595655
2322,0.534993339
2323,0.510605595
2324,0.501998156
2325,0.495235168
2326,0.453632544
2327,0.420944769
2328,0.420842299
2329,0.403627421
2330,0.395634799
2331,0.402602726
2332,0.460702941
2333,0.520545138
2334,0.565836664
2335,0.572497182
2336,0.53909212
2337,0.52013526
2338,0.506096936
2339,0.486832667
2340,0.465519008
2341,0.450865867
2342,0.448714008
2343,0.47566349
2344,0.513372272
2345,0.552003279
2346,0.544727943
2347,0.520545138
2348,0.497079619
2349,0.485193155
2350,0.445230044
2351,0.392970591
2352,0.390818731
2353,0.387027359
2354,0.386002664
2355,0.404857055
2356,0.453120197
2357,0.534071114
2358,0.557741572
2359,0.553437852
2360,0.528947638
2361,0.510195717
2362,0.477917819
2363,0.458448612
2364,0.423404037
2365,0.411005226
2366,0.42278922
2367,0.45455477
2368,0.494005533
2369,0.538682242
2370,0.53919459
2371,0.512450046
2372,0.482836356
2373,0.469822728
2374,0.424736141
2375,0.38907675
2376,0.373296444
2377,0.369402603
2378,0.381903884
2379,0.408750897
2380,0.472691874
2381,0.512859924
2382,0.511937699
2383,0.490111692
2384,0.485500564
2385,0.466748642
2386,0.461317758
2387,0.427605287
2388,0.396147146
2389,0.402500256
2390,0.408238549
2391,0.443795471
2392,0.507941387
2393,0.533661236
2394,0.521569833
2395,0.506404345
2396,0.502510503
2397,0.473819039
2398,0.437339891
2399,0.394405164
2400,0.377702633
2401,0.374628548
2402,0.384158213
2403,0.419510196
2404,0.486525259
2405,0.553540322
2406,0.574239164
2407,0.558766267
2408,0.540629163
2409,0.512654985
2410,0.472691874
2411,0.440926324
2412,0.409468183
2413,0.389384158
2414,0.415308946
2415,0.454657239
2416,0.511220412
2417,0.568398401
2418,0.535198279
2419,0.508966083
2420,0.490009222
2421,0.473921508
2422,0.415001537
2423,0.360487755
2424,0.348088944
2425,0.346039553
2426,0.373296444
2427,0.409160775
2428,0.493698125
2429,0.567783584
2430,0.583768829
2431,0.568603341
2432,0.53704273
2433,0.494210472
2434,0.44820166
2435,0.420534891
2436,0.38907675
2437,0.371247054
2438,0.389589097
2439,0.427912696
2440,0.476995594
2441,0.512654985
2442,0.523414284
2443,0.485910442
2444,0.449943642
2445,0.438467056
2446,0.416641049
2447,0.379137207
2448,0.345322267
2449,0.320012296
2450,0.310072753
2451,0.323188851
2452,0.35936059
2453,0.42278922
2454,0.465519008
2455,0.480377088
2456,0.439184343
2457,0.396454555
2458,0.366738395
2459,0.324930833
2460,0.299825802
2461,0.293985039
2462,0.295419613
2463,0.335792602
2464,0.386002664
2465,0.451583154
2466,0.469207911
2467,0.459883185
2468,0.442053489
2469,0.43754483
2470,0.400040988
2471,0.351777846
2472,0.32779998
2473,0.303207296
2474,0.295829491
2475,0.295317143
2476,0.305051747
2477,0.337124705
2478,0.374833487
2479,0.388154524
2480,0.378624859
2481,0.368890255
2482,0.348396352
2483,0.332103699
2484,0.298493698
2485,0.29183318
2486,0.301567784
2487,0.310175223
2488,0.335485193
2489,0.388871811
2490,0.437237422
2491,0.445434983
2492,0.463879496
2493,0.469515319
2494,0.417358336
2495,0.366635926
2496,0.340506199
2497,0.324316016
2498,0.329644431
2499,0.351470438
2500,0.417973153
2501,0.482221539
2502,0.534173583
2503,0.553745261
2504,0.554360078
2505,0.515182567
2506,0.476005055
2507,0.436827544
2508,0.390613792
2509,0.351880316
2510,0.329132083
2511,0.35526181
2512,0.412849677
2513,0.481606722
2514,0.476278307
2515,0.485398094
2516,0.474741264
2517,0.453530075
2518,0.416333641
2519,0.369710011
2520,0.34245312
2521,0.335587663
2522,0.348293883
2523,0.375345835
2524,0.427707757
2525,0.516343888
2526,0.547699559
2527,0.550466236
2528,0.540219285
2529,0.534378522
2530,0.49902654
2531,0.439184343
2532,0.389486628
2533,0.352085255
2534,0.355876627
2535,0.384260682
2536,0.449636233
2537,0.505584589
2538,0.51788093
2539,0.504457424
2540,0.486627728
2541,0.468900502
2542,0.438467056
2543,0.401373092
2544,0.365508761
2545,0.347269187
2546,0.34470745
2547,0.355056871
2548,0.400143457
2549,0.484475868
2550,0.529357516
2551,0.541346449
2552,0.52013526
2553,0.483348704
2554,0.459473307
2555,0.432523824
2556,0.389998975
2557,0.358335895
2558,0.355364279
2559,0.392355774
2560,0.46090788
2561,0.518700687
2562,0.542678553
2563,0.507121631
2564,0.494927759
2565,0.459473307
2566,0.409775592
2567,0.374628548
2568,0.364176657
2569,0.345424736
2570,0.339583974
2571,0.372681627
2572,0.44184855
2573,0.527308126
2574,0.549851419
2575,0.539809407
2576,0.495132698
2577,0.445742392
2578,0.399016293
2579,0.360282816
2580,0.360077877
2581,0.353417358
2582,0.354749462
2583,0.396659494
2584,0.472794344
2585,0.530997028
2586,0.538477303
2587,0.491033917
2588,0.456091813
2589,0.440004099
2590,0.408648427
2591,0.365303822
2592,0.352392663
2593,0.344809919
2594,0.333743211
2595,0.330669126
2596,0.379034737
2597,0.422276873
2598,0.463981965
2599,0.470232606
2600,0.450148581
2601,0.421559586
2602,0.388871811
2603,0.366635926
2604,0.354339584
2605,0.373706322
2606,0.39963111
2607,0.43559791
2608,0.495952454
2609,0.546469925
2610,0.54749462
2611,0.525053796
2612,0.501280869
2613,0.47566349
2614,0.447176965
2615,0.431806538
2616,0.414591659
2617,0.409365714
2618,0.396454555
2619,0.381698945
2620,0.388564402
2621,0.419920074
2622,0.462342453
2623,0.487140076
2624,0.458448612
2625,0.43549544
2626,0.415001537
2627,0.386412542
2628,0.379649554
2629,0.380059432
2630,0.381494006
2631,0.387949585
2632,0.404652116
2633,0.453837483
2634,0.506301875
2635,0.514806845
2636,0.49472282
2637,0.486525259
2638,0.440106568
2639,0.424633671
2640,0.410083
2641,0.377497694
2642,0.358643304
2643,0.357721078
2644,0.347986474
2645,0.380776719
2646,0.417358336
2647,0.418280562
2648,0.415411415
2649,0.393585408
2650,0.367045804
2651,0.353519828
2652,0.349318578
2653,0.348088944
2654,0.371451993
2655,0.377600164
2656,0.404139768
2657,0.43559791
2658,0.483656112
2659,0.480889435
2660,0.480479557
2661,0.472896813
2662,0.429654678
2663,0.423916385
2664,0.411722513
2665,0.391433549
2666,0.381903884
2667,0.37841992
2668,0.382006353
2669,0.380264371
2670,0.394917512
2671,0.387847115
2672,0.369095194
2673,0.345732145
2674,0.345322267
2675,0.34255559
2676,0.331181474
2677,0.327082693
2678,0.338149401
2679,0.343887693
2680,0.374321139
2681,0.419510196
2682,0.424121324
2683,0.430269495
2684,0.423404037
2685,0.400860744
2686,0.346142023
2687,0.334358028
2688,0.340096321
2689,0.341325956
2690,0.340506199
2691,0.350240803
2692,0.417563275
2693,0.470232606
2694,0.483451173
2695,0.502715442
2696,0.492161082
2697,0.467056051
2698,0.434880623
2699,0.402807665
2700,0.394097756
2701,0.388154524
2702,0.409775592
2703,0.447894251
2704,0.496362332
2705,0.537555077
2706,0.540321754
2707,0.519315504
2708,0.50742904
2709,0.487857362
2710,0.417255866
2711,0.377907572
2712,0.371042115
2713,0.372681627
2714,0.375140896
2715,0.390306384
2716,0.44184855
2717,0.491853674
2718,0.518495748
2719,0.528332821
2720,0.522082181
2721,0.496464802
2722,0.459165898
2723,0.413464494
2724,0.400860744
2725,0.404652116
2726,0.411517574
2727,0.447074495
2728,0.491853674
2729,0.51583154
2730,0.509683369
2731,0.515626601
2732,0.499129009
2733,0.477405472
2734,0.426888001
2735,0.402602726
2736,0.39952864
2737,0.390203914
2738,0.403934829
2739,0.416845988
2740,0.440106568
2741,0.472384466
2742,0.519725382
2743,0.531816785
2744,0.533763705
2745,0.535915565
2746,0.521057485
2747,0.484885746
2748,0.466031356
2749,0.440311507
2750,0.440823855
2751,0.477303002
2752,0.521467363
2753,0.572292243
2754,0.59627011
2755,0.593605902
2756,0.572804591
2757,0.547084742
2758,0.502612973
2759,0.467670868
2760,0.463162209
2761,0.47146224
2762,0.497489497
2763,0.516753766
2764,0.5623527
2765,0.613894866
2766,0.643303617
2767,0.639512245
2768,0.623322062
2769,0.614919561
2770,0.599959012
2771,0.596475049
2772,0.588584896
2773,0.578645353
2774,0.553437852
2775,0.561225535
2776,0.602315811
2777,0.625678861
2778,0.639409776
2779,0.632749257
2780,0.618813403
2781,0.609488677
2782,0.561635413
2783,0.540526693
2784,0.512040168
2785,0.49257096
2786,0.476380777
2787,0.475561021
2788,0.507121631
2789,0.532943949
2790,0.56880828
2791,0.574341633
2792,0.544830413
2793,0.528845169
2794,0.489496875
2795,0.449738703
2796,0.4376473
2797,0.424531202
2798,0.428834922
2799,0.45025105
2800,0.488779588
2801,0.539706937
2802,0.559893432
2803,0.581002152
2804,0.580284865
2805,0.60252075
2806,0.558766267
2807,0.501793217
2808,0.466543703
2809,0.439286812
2810,0.425248489
2811,0.430576903
2812,0.444615227
2813,0.470027667
2814,0.504867302
2815,0.522492059
2816,0.536632852
2817,0.533353827
2818,0.530382211
2819,0.504457424
2820,0.474843734
2821,0.445230044
2822,0.445639922
2823,0.463469618
2824,0.503535198
2825,0.559176145
2826,0.592478738
2827,0.603545445
2828,0.596065171
2829,0.571779895
2830,0.521057485
2831,0.49257096
2832,0.465621478
2833,0.450968337
2834,0.457218977
2835,0.493390716
2836,0.543703248
2837,0.578440414
2838,0.633159135
2839,0.641151757
2840,0.624346757
2841,0.608566451
2842,0.580182396
2843,0.565836664
2844,0.552618096
2845,0.54759709
2846,0.521262424
2847,0.540014346
2848,0.597602213
2849,0.629060355
2850,0.636643099
2851,0.633671483
2852,0.604160262
2853,0.573419408
2854,0.523106876
2855,0.491956143
2856,0.476175838
2857,0.467056051
2858,0.473921508
2859,0.503842607
2860,0.560405779
2861,0.628752946
2862,0.65324316
2863,0.635618404
2864,0.623527001
2865,0.607234348
2866,0.581616969
2867,0.560713188
2868,0.534378522
2869,0.512859924
2870,0.508658674
2871,0.548826724
2872,0.607234348
2873,0.654985142
2874,0.659903679
2875,0.652115995
2876,0.629880111
2877,0.597807152
2878,0.548314376
2879,0.527000717
2880,0.504252485
2881,0.489394405
2882,0.479044984
2883,0.485705503
2884,0.508043857
2885,0.521877242
2886,0.521262424
2887,0.526693309
2888,0.505789528
2889,0.491546265
2890,0.468080746
2891,0.423916385
2892,0.390818731
2893,0.380366841
2894,0.385080439
2895,0.409468183
2896,0.459575776
2897,0.497694436
2898,0.496054924
2899,0.492366021
2900,0.519930321
2901,0.521467363
2902,0.477098063
2903,0.447996721
2904,0.41233733
2905,0.394917512
2906,0.392355774
2907,0.409775592
2908,0.456194282
2909,0.524029101
2910,0.567681115
2911,0.586330567
2912,0.574239164
2913,0.582026847
2914,0.548519316
2915,0.508966083
2916,0.478840045
2917,0.459370837
2918,0.464494313
2919,0.50312532
2920,0.556511938
2921,0.606209653
2922,0.626908495
2923,0.636745568
2924,0.613587458
2925,0.584691054
2926,0.528230351
2927,0.483451173
2928,0.44820166
2929,0.427195409
2930,0.423199098
2931,0.451275745
2932,0.51173276
2933,0.581104621
2934,0.618301055
2935,0.645250538
2936,0.626908495
2937,0.602930628
2938,0.555794651
2939,0.527308126
2940,0.516446357
2941,0.492263552
2942,0.494005533
2943,0.504662363
2944,0.54114151
2945,0.586842914
2946,0.606107183
2947,0.618608464
2948,0.623834409
2949,0.60887386
2950,0.541346449
2951,0.508761144
2952,0.46726099
2953,0.445947331
2954,0.429962086
2955,0.428117635
2956,0.449021416
2957,0.478737576
2958,0.510503125
2959,0.522389589
2960,0.524131571
2961,0.538579773
2962,0.527615534
2963,0.475458551
2964,0.442463367
2965,0.415206476
2966,0.417358336
2967,0.408341019
2968,0.445844861
2969,0.475356082
2970,0.501178399
2971,0.518085869
2972,0.54964648
2973,0.562967517
2974,0.52013526
2975,0.480479557
2976,0.454042422
2977,0.430371964
2978,0.421457117
2979,0.415923763
2980,0.419100318
2981,0.421866995
2982,0.451070806
2983,0.455784404
2984,0.457628855
2985,0.449328825
2986,0.430064556
2987,0.397786658
2988,0.391638488
2989,0.376882877
2990,0.370632237
2991,0.384055743
2992,0.445844861
2993,0.502612973
2994,0.549339072
2995,0.557741572
2996,0.546162517
2997,0.528025412
2998,0.47146224
2999,0.430371964
3000,0.412132391
3001,0.407008915
3002,0.404242238
3003,0.414079311
3004,0.474638795
3005,0.537760016
3006,0.565119377
3007,0.578747823
3008,0.568910749
3009,0.540424224
3010,0.507224101
3011,0.4904191
3012,0.458141203
3013,0.4376473
3014,0.451993032
3015,0.488677119
3016,0.548006968
3017,0.615944257
3018,0.636028282
3019,0.618608464
3020,0.56665642
3021,0.537964955
3022,0.492058613
3023,0.445537453
3024,0.419510196
3025,0.426068245
3026,0.432831233
3027,0.440926324
3028,0.502203095
3029,0.587970079
3030,0.599959012
3031,0.585920689
3032,0.554052669
3033,0.534685931
3034,0.487447484
3035,0.464596782
3036,0.440516446
3037,0.451070806
3038,0.473101752
3039,0.512450046
3040,0.545957578
3041,0.592478738
3042,0.588892305
3043,0.57300953
3044,0.556921816
3045,0.530997028
3046,0.476073368
3047,0.440823855
3048,0.417153397
3049,0.410390409
3050,0.405164464
3051,0.40598422
3052,0.418485501
3053,0.471872118
3054,0.514704375
3055,0.5347884
3056,0.535608157
3057,0.53694026
3058,0.509171022
3059,0.471257301
3060,0.459165898
3061,0.459268368
3062,0.455886874
3063,0.476790655
3064,0.531919254
3065,0.564709499
3066,0.59206886
3067,0.594938006
3068,0.575878676
3069,0.572394713
3070,0.511425351
3071,0.489906753
3072,0.495952454
3073,0.500461113
3074,0.519417973
3075,0.550568706
3076,0.586023158
3077,0.618505994
3078,0.663490112
3079,0.667691362
3080,0.668920996
3081,0.656112307
3082,0.631519623
3083,0.601188646
3084,0.59401578
3085,0.599651604
3086,0.612357824
3087,0.626908495
3088,0.664104929
3089,0.686545753
3090,0.679475356
3091,0.675581514
3092,0.662670356
3093,0.651808587
3094,0.615329439
3095,0.577005841
3096,0.56245517
3097,0.579670048
3098,0.595040475
3099,0.602828159
3100,0.655907368
3101,0.681627216
3102,0.69986679
3103,0.693923558
3104,0.692693924
3105,0.686340814
3106,0.65969874
3107,0.631417153
3108,0.611640537
3109,0.611333128
3110,0.622604775
3111,0.650578953
3112,0.688595143
3113,0.702121119
3114,0.696485296
3115,0.690439594
3116,0.686443283
3117,0.687877856
3118,0.660006148
3119,0.638180141
3120,0.61942822
3121,0.606004714
3122,0.60897633
3123,0.611333128
3124,0.621785019
3125,0.63223691
3126,0.653857977
3127,0.666871606
3128,0.669125935
3129,0.668306179
3130,0.662772825
3131,0.628548007
3132,0.605082488
3133,0.583154012
3134,0.584588585
3135,0.60467261
3136,0.626806025
3137,0.652525874
3138,0.63838508
3139,0.629777641
3140,0.648836971
3141,0.648529562
3142,0.610103494
3143,0.598421969
3144,0.584486115
3145,0.589097244
3146,0.584076237
3147,0.593503433
3148,0.594630597
3149,0.597192335
3150,0.589917
3151,0.591556512
3152,0.580899682
3153,0.580694743
3154,0.564607029
3155,0.544215596
3156,0.528845169
3157,0.512142638
3158,0.509683369
3159,0.519520443
3160,0.569628036
3161,0.615636848
3162,0.624449226
3163,0.616968952
3164,0.612972641
3165,0.606004714
3166,0.585920689
3167,0.561532944
3168,0.563274926
3169,0.556819346
3170,0.551081053
3171,0.565631725
3172,0.614919561
3173,0.622297367
3174,0.626908495
3175,0.609796086
3176,0.592581207
3177,0.576903371
3178,0.559995901
3179,0.546469925
3180,0.543703248
3181,0.537555077
3182,0.54339584
3183,0.565734194
3184,0.58776514
3185,0.611743006
3186,0.621989958
3187,0.629880111
3188,0.61942822
3189,0.600163951
3190,0.557024285
3191,0.527410595
3192,0.509888308
3193,0.506096936
3194,0.506609284
3195,0.516446357
3196,0.563172456
3197,0.612152885
3198,0.619120812
3199,0.605799775
3200,0.585818219
3201,0.559586023
3202,0.547187212
3203,0.526590839
3204,0.509375961
3205,0.510400656
3206,0.518803156
3207,0.525976022
3208,0.549031663
3209,0.587970079
3210,0.577928066
3211,0.594425658
3212,0.584588585
3213,0.563582334
3214,0.545137821
3215,0.507531509
3216,0.493595655
3217,0.492775899
3218,0.49267343
3219,0.502510503
3220,0.545855108
3221,0.588277487
3222,0.604467671
3223,0.615534379
3224,0.599856543
3225,0.582846603
3226,0.562967517
3227,0.542781023
3228,0.526180961
3229,0.50097346
3230,0.508556205
3231,0.5095809
3232,0.552720566
3233,0.59411825
3234,0.602008403
3235,0.601803463
3236,0.611435598
3237,0.582949073
3238,0.543908187
3239,0.504150015
3240,0.464699252
3241,0.441643611
3242,0.438671995
3243,0.449533764
3244,0.508043857
3245,0.582641664
3246,0.602725689
3247,0.609386208
3248,0.609796086
3249,0.57495645
3250,0.558561328
3251,0.543908187
3252,0.504150015
3253,0.482221539
3254,0.489189466
3255,0.523414284
3256,0.56440209
3257,0.606004714
3258,0.591658981
3259,0.576288554
3260,0.586637975
3261,0.575263859
3262,0.53909212
3263,0.488164771
3264,0.464289374
3265,0.447279434
3266,0.443283123
3267,0.457014038
3268,0.500153704
3269,0.55610206
3270,0.595860232
3271,0.61307511
3272,0.616456604
3273,0.593503433
3274,0.555384773
3275,0.533353827
3276,0.515524132
3277,0.50732657
3278,0.513269802
3279,0.55384773
3280,0.586740445
3281,0.607951634
3282,0.617686238
3283,0.612972641
3284,0.606004714
3285,0.594835536
3286,0.587970079
3287,0.55179834
3288,0.528947638
3289,0.483758582
3290,0.468593094
3291,0.491751204
3292,0.516241418
3293,0.534378522
3294,0.542371145
3295,0.549851419
3296,0.544318065
3297,0.516548827
3298,0.508351265
3299,0.488984527
3300,0.462035045
3301,0.456911569
3302,0.447894251
3303,0.498104314
3304,0.562865048
3305,0.595655293
3306,0.625678861
3307,0.624859104
3308,0.60047136
3309,0.593400963
3310,0.539501998
3311,0.505482119
3312,0.478327698
3313,0.451890563
3314,0.422174403
3315,0.402705195
3316,0.423506507
3317,0.445332514
3318,0.476893124
3319,0.499948765
3320,0.491648735
3321,0.503842607
3322,0.507224101
3323,0.484578338
3324,0.446664617
3325,0.430884312
3326,0.429552208
3327,0.443693001
3328,0.487549954
3329,0.538374833
3330,0.555692182
3331,0.572702121
3332,0.582744134
3333,0.583973768
3334,0.529255047
3335,0.497489497
3336,0.466441234
3337,0.45025105
3338,0.444512757
3339,0.453120197
3340,0.517266113
3341,0.571882365
3342,0.647812276
3343,0.675786454
3344,0.671175325
3345,0.676913618
3346,0.690029716
3347,0.673327185
3348,0.654575264
3349,0.645353007
3350,0.64699252
3351,0.644943129
3352,0.65754688
3353,0.671995081
3354,0.663387642
3355,0.639409776
3356,0.635823343
3357,0.626088739
3358,0.588994774
3359,0.580489804
3360,0.576595963
3361,0.569628036
3362,0.562762578
3363,0.556409468
3364,0.576903371
3365,0.62998258
3366,0.637667794
3367,0.649554258
3368,0.650886361
3369,0.642176453
3370,0.635208525
3371,0.634388769
3372,0.6258838
3373,0.624756635
3374,0.616149196
3375,0.620043037
3376,0.640434471
3377,0.650681422
3378,0.640946818
3379,0.629880111
3380,0.631212214
3381,0.602828159
3382,0.553437852
3383,0.547802029
3384,0.55190081
3385,0.537452608
3386,0.526898248
3387,0.533558766
3388,0.551285992
3389,0.594220719
3390,0.623424531
3391,0.645353007
3392,0.634901117
3393,0.63418383
3394,0.618915873
3395,0.6151245
3396,0.601291116
3397,0.579157701
3398,0.59196639
3399,0.598934317
3400,0.619838098
3401,0.649349319
3402,0.653140691
3403,0.649656727
3404,0.641459166
3405,0.639307306
3406,0.589507122
3407,0.550773645
3408,0.536018035
3409,0.520442668
3410,0.513884619
3411,0.522594528
3412,0.566758889
3413,0.619120812
3414,0.647094989
3415,0.631417153
3416,0.611333128
3417,0.602828159
3418,0.598934317
3419,0.584588585
3420,0.579977457
3421,0.586637975
3422,0.614407214
3423,0.64484066
3424,0.681319807
3425,0.705195204
3426,0.706527308
3427,0.688492673
3428,0.656624654
3429,0.65529255
3430,0.625986269
3431,0.610718311
3432,0.584588585
3433,0.583973768
3434,0.571370017
3435,0.582129317
3436,0.611743006
3437,0.661543191
3438,0.704580387
3439,0.694743314
3440,0.662977764
3441,0.657034532
3442,0.656829593
3443,0.643918434
3444,0.625678861
3445,0.637667794
3446,0.651398709
3447,0.664514807
3448,0.695768009
3449,0.702326058
3450,0.701506302
3451,0.682549442
3452,0.700993954
3453,0.691669228
3454,0.654780203
3455,0.630699867
3456,0.606312122
3457,0.566144072
3458,0.559688493
3459,0.571677426
3460,0.593605902
3461,0.623219592
3462,0.635515934
3463,0.652218465
3464,0.658366636
3465,0.652423404
3466,0.641459166
3467,0.631929501
3468,0.615944257
3469,0.60252075
3470,0.614407214
3471,0.633056666
3472,0.665744441
3473,0.697407521
3474,0.68500871
3475,0.679577826
3476,0.683164259
3477,0.674044472
3478,0.64689005
3479,0.629675172
3480,0.614919561
3481,0.601188646
3482,0.59627011
3483,0.594938006
3484,0.602930628
3485,0.609386208
3486,0.605287427
3487,0.600676299
3488,0.577620658
3489,0.569013219
3490,0.552310688
3491,0.537862486
3492,0.515524132
3493,0.503637668
3494,0.503022851
3495,0.533148888
3496,0.573521877
3497,0.600676299
3498,0.614304744
3499,0.64904191
3500,0.638794958
3501,0.625473922
3502,0.605184957
3503,0.568090993
3504,0.540014346
3505,0.527205656
3506,0.528435291
3507,0.567271237
3508,0.59627011
3509,0.643303617
3510,0.658776514
3511,0.664309868
3512,0.657649349
3513,0.649656727
3514,0.633773952
3515,0.618403525
3516,0.607849165
3517,0.592581207
3518,0.604057793
3519,0.629367763
3520,0.665334563
3521,0.688595143
3522,0.675991393
3523,0.668613587
3524,0.670662978
3525,0.67445435
3526,0.626498617
3527,0.598626908
3528,0.572497182
3529,0.561430474
3530,0.559688493
3531,0.566861359
3532,0.588892305
3533,0.634081361
3534,0.673942002
3535,0.679680295
3536,0.676298801
3537,0.669228405
3538,0.647197459
3539,0.625166513
3540,0.604365201
3541,0.601598524
3542,0.610001025
3543,0.635720873
3544,0.660825904
3545,0.687980326
3546,0.691771698
3547,0.691464289
3548,0.699969259
3549,0.674659289
3550,0.643611026
3551,0.61942822
3552,0.592376268
3553,0.572292243
3554,0.569218158
3555,0.586637975
3556,0.619940568
3557,0.660825904
3558,0.699354442
3559,0.696587765
3560,0.680090173
3561,0.671995081
3562,0.656829593
3563,0.634081361
3564,0.603750384
3565,0.597909622
3566,0.596884927
3567,0.610410903
3568,0.644943129
3569,0.671380264
3570,0.664822215
3571,0.670867917
3572,0.669535813
3573,0.647709806
3574,0.605287427
3575,0.562250231
3576,0.518803156
3577,0.490828978
3578,0.481811661
3579,0.487857362
3580,0.507941387
3581,0.544625474
3582,0.578030536
3583,0.589712061
3584,0.577313249
3585,0.556409468
3586,0.522799467
3587,0.483758582
3588,0.460395532
3589,0.453530075
3590,0.475253612
3591,0.506096936
3592,0.548826724
3593,0.588379957
3594,0.60252075
3595,0.608156573
3596,0.602828159
3597,0.588482426
3598,0.560405779
3599,0.523926632
3600,0.500358643
3601,0.484680807
3602,0.477507941
3603,0.486730198
3604,0.517266113
3605,0.557229224
3606,0.595655293
3607,0.605492366
3608,0.624346757
3609,0.631724562
3610,0.612870171
3611,0.556511938
3612,0.516856235
3613,0.513167333
3614,0.526283431
3615,0.565836664
3616,0.618403525
3617,0.643098678
3618,0.640229532
3619,0.639102367
3620,0.65119377
3621,0.666564197
3622,0.624039348
3623,0.590941695
3624,0.570652731
3625,0.556306999
3626,0.547289681
3627,0.544215596
3628,0.542371145
3629,0.544523004
3630,0.559073676
3631,0.5539502
3632,0.550261297
3633,0.541756327
3634,0.517675991
3635,0.501280869
3636,0.495542576
3637,0.50312532
3638,0.519110565
3639,0.545752639
3640,0.599549134
3641,0.628240598
3642,0.638180141
3643,0.637360385
3644,0.641664105
3645,0.641459166
3646,0.625064043
3647,0.593913311
3648,0.579055231
3649,0.540936571
3650,0.497796905
3651,0.466748642
3652,0.460395532
3653,0.484270929
3654,0.512040168
3655,0.522799467
3656,0.532329132
3657,0.535813096
3658,0.520647607
3659,0.476278307
3660,0.464801721
3661,0.461215288
3662,0.475561021
3663,0.523311815
3664,0.578440414
3665,0.612562763
3666,0.624756635
3667,0.606619531
3668,0.595655293
3669,0.587457731
3670,0.552413157
3671,0.534480992
3672,0.511322881
3673,0.498104314
3674,0.484680807
3675,0.491238856
3676,0.52853776
3677,0.586535506
3678,0.619223281
3679,0.620247976
3680,0.602725689
3681,0.61522697
3682,0.601086177
3683,0.566246542
3684,0.540424224
3685,0.535915565
3686,0.562762578
3687,0.584793524
3688,0.621785019
3689,0.659493801
3690,0.650681422
3691,0.643406087
3692,0.658981453
3693,0.621375141
3694,0.596372579
3695,0.571472487
3696,0.54974895
3697,0.534480992
3698,0.52648837
3699,0.522901937
3700,0.55815145
3701,0.600573829
3702,0.638692489
3703,0.638282611
3704,0.619120812
3705,0.610718311
3706,0.612050415
3707,0.611743006
3708,0.601393585
3709,0.601086177
3710,0.582744134
3711,0.58571575
3712,0.612972641
3713,0.625064043
3714,0.618915873
3715,0.618096116
3716,0.622604775
3717,0.63008505
3718,0.598934317
3719,0.575571268
3720,0.55804898
3721,0.544318065
3722,0.537760016
3723,0.531714315
3724,0.559073676
3725,0.593196024
3726,0.645967825
3727,0.655497489
3728,0.640946818
3729,0.64063941
3730,0.631007275
3731,0.608156573
3732,0.588072548
3733,0.595962701
3734,0.607131878
3735,0.62578133
3736,0.64484066
3737,0.655907368
3738,0.645353007
3739,0.631827031
3740,0.630597397
3741,0.630904806
3742,0.592683677
3743,0.572497182
3744,0.545035352
3745,0.541961267
3746,0.542166206
3747,0.542473614
3748,0.558868737
3749,0.600061482
3750,0.631519623
3751,0.631007275
3752,0.612562763
3753,0.606517061
3754,0.602315811
3755,0.585920689
3756,0.569115688
3757,0.574546572
3758,0.571779895
3759,0.593093555
3760,0.614509683
3761,0.626191208
3762,0.626806025
3763,0.620350446
3764,0.61727636
3765,0.604775079
3766,0.581719438
3767,0.582436725
3768,0.582129317
3769,0.561840352
3770,0.557639102
3771,0.558458858
3772,0.564914438
3773,0.590121939
3774,0.623527001
3775,0.623117123
3776,0.623117123
3777,0.611435598
3778,0.616968952
3779,0.610205964
3780,0.603442976
3781,0.598626908
3782,0.590634286
3783,0.594425658
3784,0.620760324
3785,0.628240598
3786,0.624654165
3787,0.628752946
3788,0.626088739
3789,0.617481299
3790,0.576800902
3791,0.538579773
3792,0.508453735
3793,0.502715442
3794,0.49892407
3795,0.491136387
3796,0.510605595
3797,0.513064863
3798,0.524643918
3799,0.541653858
3800,0.539911876
3801,0.538784712
3802,0.542063736
3803,0.528230351
3804,0.507531509
3805,0.497284558
3806,0.516753766
3807,0.541346449
3808,0.579874987
3809,0.607336817
3810,0.604262732
3811,0.603955323
3812,0.614509683
3813,0.62147761
3814,0.604160262
3815,0.56880828
3816,0.528332821
3817,0.51583154
3818,0.525156266
3819,0.529869864
3820,0.534071114
3821,0.545752639
3822,0.558663798
3823,0.550261297
3824,0.55179834
3825,0.55804898
3826,0.548109437
3827,0.556306999
3828,0.553745261
3829,0.556819346
3830,0.579977457
3831,0.618915873
3832,0.641664105
3833,0.646172764
3834,0.62998258
3835,0.624551696
3836,0.634901117
3837,0.639922123
3838,0.595860232
3839,0.560405779
3840,0.530484681
3841,0.520647607
3842,0.51788093
3843,0.543703248
3844,0.557126755
3845,0.594733067
3846,0.617173891
3847,0.611947945
3848,0.612050415
3849,0.612767702
3850,0.605594836
3851,0.590326878
3852,0.584486115
3853,0.58981453
3854,0.611128189
3855,0.639512245
3856,0.662875295
3857,0.672814838
3858,0.667793831
3859,0.669740752
3860,0.66605185
3861,0.653038221
3862,0.614407214
3863,0.587867609
3864,0.574341633
3865,0.565221847
3866,0.564811968
3867,0.573829286
3868,0.620350446
3869,0.659903679
3870,0.69976432
3871,0.70396557
3872,0.693001332
3873,0.679270417
3874,0.660211087
3875,0.647607337
3876,0.618813403
3877,0.628035659
3878,0.636540629
3879,0.662260478
3880,0.677221027
3881,0.705810022
3882,0.706834717
3883,0.68285685
3884,0.671790142
3885,0.672507429
3886,0.63838508
3887,0.611230659
3888,0.586330567
3889,0.579567579
3890,0.562660109
3891,0.570447792
3892,0.605389897
3893,0.655497489
3894,0.680192643
3895,0.686648222
3896,0.673942002
3897,0.65959627
3898,0.633261605
3899,0.654780203
3900,0.64063941
3901,0.621682549
3902,0.635208525
3903,0.653140691
3904,0.679782765
3905,0.689824777
3906,0.692898863
3907,0.692079106
3908,0.694845783
3909,0.685111179
3910,0.666769136
3911,0.648734501
3912,0.639204837
3913,0.631724562
3914,0.629675172
3915,0.628855416
3916,0.646480172
3917,0.662567886
3918,0.675171636
3919,0.679577826
3920,0.674864228
3921,0.657034532
3922,0.655702429
3923,0.643918434
3924,0.624141818
3925,0.620247976
3926,0.638590019
3927,0.650886361
3928,0.672917307
3929,0.697817399
3930,0.680909929
3931,0.686853161
3932,0.702121119
3933,0.700993954
3934,0.67650374
3935,0.662977764
3936,0.652320935
3937,0.642483861
3938,0.636233221
3939,0.627728251
3940,0.644533251
3941,0.665129624
3942,0.697202582
3943,0.694026027
3944,0.701506302
3945,0.673327185
3946,0.683574137
3947,0.664924685
3948,0.63418383
3949,0.631109745
3950,0.643611026
3951,0.65959627
3952,0.676811149
3953,0.691464289
3954,0.688800082
3955,0.692284045
3956,0.721385388
3957,0.711035967
3958,0.703248284
3959,0.692284045
3960,0.658264166
3961,0.637770263
3962,0.642893739
3963,0.641049288
3964,0.650988831
3965,0.652525874
3966,0.661850599
3967,0.673224716
3968,0.691669228
3969,0.696075418
3970,0.684086484
3971,0.675479045
3972,0.655190081
3973,0.640946818
3974,0.638590019
3975,0.642586331
3976,0.647607337
3977,0.66389999
3978,0.66810124
3979,0.662465417
3980,0.682754381
3981,0.701403832
3982,0.676913618
3983,0.666769136
3984,0.660518496
3985,0.637257916
3986,0.625268982
3987,0.620862793
3988,0.622809714
3989,0.639512245
3990,0.646070294
3991,0.65119377
3992,0.6510913
3993,0.67445435
3994,0.675581514
3995,0.660825904
3996,0.654062916
3997,0.645250538
3998,0.627728251
3999,0.628752946
4000,0.641971513
4001,0.660108618
4002,0.666564197
4003,0.663387642
4004,0.662772825
4005,0.686545753
4006,0.677733374
4007,0.675376575
4008,0.666666667
4009,0.661133313
4010,0.641151757
4011,0.638897428
4012,0.651398709
4013,0.674864228
4014,0.681217338
4015,0.667896301
4016,0.652218465
4017,0.656317246
4018,0.667588892
4019,0.665232093
4020,0.654165386
4021,0.656829593
4022,0.650066605
4023,0.644020904
4024,0.667486423
4025,0.667076545
4026,0.658981453
4027,0.658571575
4028,0.65539502
4029,0.662260478
4030,0.645455477
4031,0.637155446
4032,0.632544318
4033,0.626498617
4034,0.619223281
4035,0.611333128
4036,0.611230659
4037,0.631314684
4038,0.635720873
4039,0.650476483
4040,0.622502306
4041,0.618301055
4042,0.630597397
4043,0.622604775
4044,0.613484988
4045,0.606619531
4046,0.614612153
4047,0.626396147
4048,0.663285173
4049,0.674249411
4050,0.661440721
4051,0.635720873
4052,0.639204837
4053,0.63633569
4054,0.640229532
4055,0.636130751
4056,0.632544318
4057,0.628035659
4058,0.628650476
4059,0.62362947
4060,0.614509683
4061,0.629880111
4062,0.668613587
4063,0.674659289
4064,0.671380264
4065,0.660416026
4066,0.650374014
4067,0.648939441
4068,0.630802336
4069,0.627215903
4070,0.631109745
4071,0.629675172
4072,0.646685111
4073,0.659391331
4074,0.655702429
4075,0.654370325
4076,0.65754688
4077,0.648119684
4078,0.634491239
4079,0.635515934
4080,0.628855416
4081,0.627113434
4082,0.623322062
4083,0.613997336
4084,0.623219592
4085,0.628855416
4086,0.645250538
4087,0.652115995
4088,0.652730813
4089,0.658981453
4090,0.64473819
4091,0.639717184
4092,0.634388769
4093,0.632954196
4094,0.638897428
4095,0.653038221
4096,0.667179014
4097,0.672097551
4098,0.665129624
4099,0.660313557
4100,0.665334563
4101,0.655087611
4102,0.623219592
4103,0.604467671
4104,0.607336817
4105,0.610205964
4106,0.610001025
4107,0.613484988
4108,0.62147761
4109,0.645148068
4110,0.681114868
4111,0.690644533
4112,0.673839533
4113,0.656829593
4114,0.639819654
4115,0.63008505
4116,0.623014653
4117,0.632646788
4118,0.643098678
4119,0.644328312
4120,0.652320935
4121,0.648324623
4122,0.648427093
4123,0.637257916
4124,0.641254227
4125,0.659801209
4126,0.606107183
4127,0.576595963
4128,0.570447792
4129,0.574751511
4130,0.570447792
4131,0.57300953
4132,0.579670048
4133,0.587457731
4134,0.597089866
4135,0.61307511
4136,0.616661543
4137,0.621887488
4138,0.624449226
4139,0.603033098
4140,0.58766267
4141,0.599856543
4142,0.606004714
4143,0.614919561
4144,0.624654165
4145,0.638692489
4146,0.631827031
4147,0.628650476
4148,0.633159135
4149,0.624961574
4150,0.593503433
4151,0.590531817
4152,0.56870581
4153,0.5707552
4154,0.578235475
4155,0.580489804
4156,0.583973768
4157,0.587252792
4158,0.574136694
4159,0.579670048
4160,0.585920689
4161,0.577518188
4162,0.571984835
4163,0.557536633
4164,0.537145199
4165,0.54329337
4166,0.561532944
4167,0.572087304
4168,0.592581207
4169,0.62158008
4170,0.626806025
4171,0.630392458
4172,0.644943129
4173,0.624141818
4174,0.601700994
4175,0.579977457
4176,0.554462547
4177,0.538682242
4178,0.536837791
4179,0.545650169
4180,0.559278615
4181,0.584486115
4182,0.617071421
4183,0.63203197
4184,0.62783072
4185,0.620862793
4186,0.610615842
4187,0.594323189
4188,0.589609591
4189,0.582744134
4190,0.597294805
4191,0.625576391
4192,0.66594938
4193,0.665744441
4194,0.642073983
4195,0.630597397
4196,0.633261605
4197,0.612255354
4198,0.587355262
4199,0.555077364
4200,0.530074803
4201,0.524848857
4202,0.512040168
4203,0.530484681
4204,0.545035352
4205,0.609591147
4206,0.6151245
4207,0.624654165
4208,0.610103494
4209,0.605902244
4210,0.602008403
4211,0.595860232
4212,0.593196024
4213,0.618505994
4214,0.595860232
4215,0.610308433
4216,0.639614715
4217,0.665232093
4218,0.639922123
4219,0.633876422
4220,0.654882672
4221,0.603955323
4222,0.578645353
4223,0.552105749
4224,0.535608157
4225,0.524951327
4226,0.523209345
4227,0.535403218
4228,0.56665642
4229,0.599241726
4230,0.63418383
4231,0.653857977
4232,0.639409776
4233,0.631212214
4234,0.615534379
4235,0.607951634
4236,0.580079926
4237,0.563684804
4238,0.573931755
4239,0.588277487
4240,0.60262322
4241,0.639922123
4242,0.629470233
4243,0.609796086
4244,0.599856543
4245,0.582539195
4246,0.572394713
4247,0.565221847
4248,0.557741572
4249,0.55190081
4250,0.549236602
4251,0.557434163
4252,0.561840352
4253,0.60467261
4254,0.633466544
4255,0.616354135
4256,0.601905933
4257,0.583358951
4258,0.588789835
4259,0.590634286
4260,0.582129317
4261,0.592171329
4262,0.599446665
4263,0.612460293
4264,0.633364074
4265,0.649451788
4266,0.642893739
4267,0.626396147
4268,0.630392458
4269,0.599139256
4270,0.577928066
4271,0.571472487
4272,0.55384773
4273,0.547802029
4274,0.550466236
4275,0.558766267
4276,0.568090993
4277,0.588892305
4278,0.639819654
4279,0.643406087
4280,0.63838508
4281,0.611538067
4282,0.614612153
4283,0.600266421
4284,0.581821908
4285,0.576391024
4286,0.58571575
4287,0.612357824
4288,0.640024593
4289,0.64699252
4290,0.650681422
4291,0.662567886
4292,0.662465417
4293,0.643611026
4294,0.609283738
4295,0.570447792
4296,0.544727943
4297,0.526283431
4298,0.517675991
4299,0.5179834
4300,0.523209345
4301,0.54339584
4302,0.572394713
4303,0.593400963
4304,0.589097244
4305,0.580592274
4306,0.566349011
4307,0.54749462
4308,0.557126755
4309,0.563377395
4310,0.5707552
4311,0.591146634
4312,0.618403525
4313,0.631519623
4314,0.619838098
4315,0.618096116
4316,0.634593708
4317,0.628752946
4318,0.581514499
4319,0.569628036
4320,0.558971206
4321,0.554974895
4322,0.540219285
4323,0.524848857
4324,0.528332821
4325,0.525873553
4326,0.523619223
4327,0.543498309
4328,0.559995901
4329,0.56245517
4330,0.549134133
4331,0.539399529
4332,0.512450046
4333,0.488062301
4334,0.496054924
4335,0.511322881
4336,0.563069987
4337,0.584383646
4338,0.562557639
4339,0.569013219
4340,0.581002152
4341,0.57495645
4342,0.559893432
4343,0.56440209
4344,0.55815145
4345,0.541653858
4346,0.526078492
4347,0.522594528
4348,0.529255047
4349,0.541039041
4350,0.555897121
4351,0.560713188
4352,0.566041603
4353,0.574751511
4354,0.561840352
4355,0.540526693
4356,0.526180961
4357,0.512040168
4358,0.516856235
4359,0.526795778
4360,0.537657547
4361,0.576493493
4362,0.575366329
4363,0.564914438
4364,0.566246542
4365,0.575776207
4366,0.542576084
4367,0.533046419
4368,0.529869864
4369,0.515524132
4370,0.503432729
4371,0.509683369
4372,0.523619223
4373,0.532431602
4374,0.532636541
4375,0.537657547
4376,0.534685931
4377,0.54329337
4378,0.548416846
4379,0.548519316
4380,0.536632852
4381,0.526078492
4382,0.535710626
4383,0.54759709
4384,0.573931755
4385,0.609078799
4386,0.567886054
4387,0.560098371
4388,0.554769956
4389,0.558663798
4390,0.538579773
4391,0.509375961
4392,0.503330259
4393,0.493698125
4394,0.484373399
4395,0.483553643
4396,0.500870991
4397,0.512654985
4398,0.540629163
4399,0.524848857
4400,0.521364894
4401,0.524029101
4402,0.516241418
4403,0.531714315
4404,0.530792089
4405,0.515216723
4406,0.516036479
4407,0.519417973
4408,0.534173583
4409,0.549339072
4410,0.541551388
4411,0.531509376
4412,0.534276053
4413,0.525361205
4414,0.507531509
4415,0.492980838
4416,0.485193155
4417,0.480377088
4418,0.476585716
4419,0.46931038
4420,0.477507941
4421,0.503330259
4422,0.510093247
4423,0.49677221
4424,0.502100625
4425,0.498616662
4426,0.492468491
4427,0.501383338
4428,0.495235168
4429,0.503740137
4430,0.510400656
4431,0.513884619
4432,0.533148888
4433,0.574649042
4434,0.573829286
4435,0.552720566
4436,0.539399529
4437,0.507019162
4438,0.481709192
4439,0.471769649
4440,0.459678246
4441,0.456194282
4442,0.458551081
4443,0.464801721
4444,0.476073368
4445,0.515626601
4446,0.528947638
4447,0.535095809
4448,0.540321754
4449,0.548314376
4450,0.521057485
4451,0.514909314
4452,0.512040168
4453,0.508658674
4454,0.504150015
4455,0.52433651
4456,0.557126755
4457,0.554565017
4458,0.546674864
4459,0.534378522
4460,0.553232913
4461,0.555487243
4462,0.521467363
4463,0.497387027
4464,0.487345015
4465,0.473204222
4466,0.47135977
4467,0.473409161
4468,0.485705503
4469,0.495030229
4470,0.502100625
4471,0.497694436
4472,0.497489497
4473,0.490931448
4474,0.481299313
4475,0.467670868
4476,0.458551081
4477,0.460293063
4478,0.461522697
4479,0.482221539
4480,0.502305564
4481,0.503842607
4482,0.50742904
4483,0.519725382
4484,0.532329132
4485,0.517368583
4486,0.495337637
4487,0.483553643
4488,0.468695563
4489,0.467670868
4490,0.46305974
4491,0.467056051
4492,0.467056051
4493,0.461727636
4494,0.445332514
4495,0.445127575
4496,0.451685624
4497,0.466851112
4498,0.472794344
4499,0.462342453
4500,0.456809099
4501,0.444615227
4502,0.442053489
4503,0.457833794
4504,0.483246234
4505,0.493083308
4506,0.500461113
4507,0.512450046
4508,0.51152782
4509,0.494517881
4510,0.478737576
4511,0.464699252
4512,0.452710319
4513,0.454247361
4514,0.456399221
4515,0.453939953
4516,0.465723947
4517,0.487754893
4518,0.505482119
4519,0.514909314
4520,0.501280869
4521,0.49257096
4522,0.484988216
4523,0.472896813
4524,0.453530075
4525,0.455272057
4526,0.458038733
4527,0.464596782
4528,0.497079619
4529,0.520750077
4530,0.508658674
4531,0.48621785
4532,0.487549954
4533,0.476483246
4534,0.457936264
4535,0.444922636
4536,0.44389794
4537,0.432831233
4538,0.436110257
4539,0.43754483
4540,0.44809919
4541,0.478737576
4542,0.504150015
4543,0.4820166
4544,0.48632032
4545,0.467363459
4546,0.436725074
4547,0.438057178
4548,0.430167025
4549,0.418895379
4550,0.425863306
4551,0.470335075
4552,0.512859924
4553,0.501895686
4554,0.515011784
4555,0.511322881
4556,0.506916692
4557,0.490111692
4558,0.466953581
4559,0.442668306
4560,0.42289169
4561,0.414591659
4562,0.409570653
4563,0.414181781
4564,0.434368275
4565,0.462035045
4566,0.480582027
4567,0.468490624
4568,0.461727636
4569,0.458038733
4570,0.439491751
4571,0.415923763
4572,0.398708884
4573,0.402397787
4574,0.423608976
4575,0.44830413
4576,0.484885746
4577,0.503535198
4578,0.483861051
4579,0.466646173
4580,0.456194282
4581,0.437749769
4582,0.396352085
4583,0.371144584
4584,0.3573112
4585,0.348293883
4586,0.351982785
4587,0.352905011
4588,0.374935957
4589,0.405369403
4590,0.431499129
4591,0.451070806
4592,0.449431294
4593,0.433138641
4594,0.409775592
4595,0.38692489
4596,0.348088944
4597,0.377395225
4598,0.380059432
4599,0.406496567
4600,0.433958397
4601,0.45670663
4602,0.439081873
4603,0.429552208
4604,0.425760836
4605,0.423199098
4606,0.386412542
4607,0.366226048
4608,0.36151245
4609,0.358643304
4610,0.356388974
4611,0.357926017
4612,0.377087816
4613,0.400758274
4614,0.443385593
4615,0.45875602
4616,0.449738703
4617,0.449943642
4618,0.430884312
4619,0.42278922
4620,0.407111384
4621,0.399323701
4622,0.388154524
4623,0.39112614
4624,0.421662056
4625,0.434163336
4626,0.435700379
4627,0.432831233
4628,0.434778153
4629,0.443180654
4630,0.420329952
4631,0.386719951
4632,0.374423609
4633,0.365611231
4634,0.356696383
4635,0.361205042
4636,0.369812481
4637,0.373296444
4638,0.405676811
4639,0.439184343
4640,0.435905318
4641,0.43559791
4642,0.426478123
4643,0.405471872
4644,0.383440926
4645,0.372989036
4646,0.371656932
4647,0.372271749
4648,0.383748335
4649,0.406291628
4650,0.413669433
4651,0.421047238
4652,0.438979404
4653,0.4544523
4654,0.418997848
4655,0.388154524
4656,0.369300133
4657,0.348191413
4658,0.32554565
4659,0.327390101
4660,0.328927144
4661,0.324930833
4662,0.341633364
4663,0.353827236
4664,0.36776309
4665,0.369197664
4666,0.370119889
4667,0.358643304
4668,0.344502511
4669,0.333230864
4670,0.326262937
4671,0.328312327
4672,0.344195102
4673,0.356184035
4674,0.362229737
4675,0.395122451
4676,0.411312634
4677,0.404959525
4678,0.398401476
4679,0.378214981
4680,0.358950712
4681,0.341530895
4682,0.332103699
4683,0.331079004
4684,0.349625986
4685,0.380366841
4686,0.423916385
4687,0.432626294
4688,0.443385593
4689,0.446767087
4690,0.425658367
4691,0.401885439
4692,0.383748335
4693,0.366430987
4694,0.355774157
4695,0.360385285
4696,0.373398914
4697,0.399016293
4698,0.405164464
4699,0.395122451
4700,0.390716262
4701,0.401065683
4702,0.394302695
4703,0.377292755
4704,0.369505072
4705,0.349421047
4706,0.329234553
4707,0.327082693
4708,0.334870376
4709,0.378932268
4710,0.386515012
4711,0.375858182
4712,0.365918639
4713,0.372886566
4714,0.359872938
4715,0.352290194
4716,0.351163029
4717,0.351675377
4718,0.356388974
4719,0.375755713
4720,0.415308946
4721,0.434675684
4722,0.434163336
4723,0.424531202
4724,0.411722513
4725,0.40383236
4726,0.38692489
4727,0.349113639
4728,0.341121016
4729,0.337739522
4730,0.325443181
4731,0.309457936
4732,0.318987601
4733,0.355569218
4734,0.399836049
4735,0.399016293
4736,0.381698945
4737,0.35946306
4738,0.343170407
4739,0.339481504
4740,0.345527206
4741,0.332103699
4742,0.320217235
4743,0.362229737
4744,0.425350958
4745,0.45250538
4746,0.433855928
4747,0.408238549
4748,0.407213854
4749,0.385387847
4750,0.354851932
4751,0.331079004
4752,0.320114766
4753,0.318475254
4754,0.307101137
4755,0.295727021
4756,0.308433241
4757,0.349728456
4758,0.403320012
4759,0.415718824
4760,0.400245927
4761,0.39112614
4762,0.362229737
4763,0.361000102
4764,0.365303822
4765,0.363254432
4766,0.364586536
4767,0.373911261
4768,0.419612665
4769,0.430576903
4770,0.414591659
4771,0.400348396
4772,0.398401476
4773,0.387334768
4774,0.375345835
4775,0.34460498
4776,0.331181474
4777,0.321036991
4778,0.323906138
4779,0.316528333
4780,0.330361717
4781,0.37206681
4782,0.420022543
4783,0.435085562
4784,0.43559791
4785,0.423506507
4786,0.398913823
4787,0.392868122
4788,0.38907675
4789,0.388769341
4790,0.392560713
4791,0.393790347
4792,0.431601599
4793,0.436725074
4794,0.423608976
4795,0.418997848
4796,0.41018547
4797,0.400450866
4798,0.362024798
4799,0.345834614
4800,0.344195102
4801,0.324213546
4802,0.305666564
4803,0.30228507
4804,0.294394918
4805,0.298493698
4806,0.329029614
4807,0.347986474
4808,0.351265499
4809,0.343990163
4810,0.332513577
4811,0.32769751
4812,0.322676504
4813,0.305973973
4814,0.296854186
4815,0.305256686
4816,0.317450558
4817,0.320934522
4818,0.330566656
4819,0.325340711
4820,0.342248181
4821,0.334665437
4822,0.301875192
4823,0.293062814
4824,0.307203607
4825,0.310277692
4826,0.307818424
4827,0.311199918
4828,0.311917205
4829,0.30874065
4830,0.308228302
4831,0.307818424
4832,0.308125833
4833,0.303924582
4834,0.300440619
4835,0.280459063
4836,0.282405984
4837,0.296751716
4838,0.313966595
4839,0.329951839
4840,0.337432114
4841,0.315913516
4842,0.323598729
4843,0.338764218
4844,0.350343273
4845,0.336407419
4846,0.322983912
4847,0.29593196
4848,0.288964033
4849,0.3045394
4850,0.30658879
4851,0.315401168
4852,0.332206169
4853,0.375653243
4854,0.40372989
4855,0.398606415
4856,0.378317451
4857,0.374833487
4858,0.371042115
4859,0.365508761
4860,0.365303822
4861,0.377805103
4862,0.385900195
4863,0.401885439
4864,0.43334358
4865,0.443590532
4866,0.444307818
4867,0.43344605
4868,0.42914233
4869,0.407316323
4870,0.366021109
4871,0.338661748
4872,0.338764218
4873,0.341428425
4874,0.335280254
4875,0.334358028
4876,0.360385285
4877,0.374935957
4878,0.389281689
4879,0.384568091
4880,0.380059432
4881,0.384670561
4882,0.38692489
4883,0.381494006
4884,0.370632237
4885,0.383235987
4886,0.391945896
4887,0.422481812
4888,0.472384466
4889,0.482836356
4890,0.47566349
4891,0.463879496
4892,0.439081873
4893,0.404447177
4894,0.366738395
4895,0.334767907
4896,0.315913516
4897,0.307920894
4898,0.31499129
4899,0.331079004
4900,0.355569218
4901,0.38272364
4902,0.415923763
4903,0.417358336
4904,0.406803976
4905,0.406701506
4906,0.395224921
4907,0.381801414
4908,0.374628548
4909,0.37637053
4910,0.379547085
4911,0.423608976
4912,0.472077057
4913,0.481094374
4914,0.471564709
4915,0.460498002
4916,0.430269495
4917,0.403115073
4918,0.357618608
4919,0.322266626
4920,0.335673054
4921,0.349079482
4922,0.36248591
4923,0.375892339
4924,0.389298767
4925,0.402705195
4926,0.420944769
4927,0.421559586
4928,0.41018547
4929,0.415718824
4930,0.402500256
4931,0.388871811
4932,0.38046931
4933,0.384158213
4934,0.396249616
4935,0.442770776
4936,0.482733887
4937,0.492366021
4938,0.47135977
4939,0.450660928
4940,0.415923763
4941,0.384363152
4942,0.348703761
4943,0.324623425
4944,0.314069064
4945,0.310072753
4946,0.307715955
4947,0.318167845
4948,0.356798852
4949,0.378829798
4950,0.401373092
4951,0.395532329
4952,0.402910134
4953,0.41653858
4954,0.414489189
4955,0.377805103
4956,0.385900195
4957,0.364381596
4958,0.375140896
4959,0.368377908
4960,0.381289067
4961,0.392663183
4962,0.398094067
4963,0.38907675
4964,0.398503945
4965,0.379956963
4966,0.343887693
4967,0.32769751
4968,0.304027052
4969,0.295829491
4970,0.296854186
4971,0.29818629
4972,0.329029614
4973,0.342043242
4974,0.368480377
4975,0.388666872
4976,0.392253305
4977,0.388052055
4978,0.387027359
4979,0.369812481
4980,0.35526181
4981,0.354339584
4982,0.339788913
4983,0.356184035
4984,0.382826109
4985,0.397991597
4986,0.401270622
4987,0.390203914
4988,0.384055743
4989,0.383953274
4990,0.38046931
4991,0.383953274
4992,0.380059432
4993,0.375243365
4994,0.359872938
4995,0.364074188
4996,0.375243365
4997,0.37841992
4998,0.408341019
4999,0.421559586
5000,0.428629983
5001,0.437339891
5002,0.437954708
5003,0.428629983
5004,0.420329952
5005,0.423506507
5006,0.42494108
5007,0.436110257
5008,0.447586843
5009,0.458346142
5010,0.459575776
5011,0.4736141
5012,0.472794344
5013,0.466338764
5014,0.44615227
5015,0.426478123
5016,0.423916385
5017,0.414796598
5018,0.402295317
5019,0.402192848
5020,0.427297879
5021,0.449738703
5022,0.46941285
5023,0.493083308
5024,0.472384466
5025,0.463572087
5026,0.4544523
5027,0.448816477
5028,0.437442361
5029,0.436007788
5030,0.438364587
5031,0.448714008
5032,0.463367148
5033,0.478225228
5034,0.474946204
5035,0.467773337
5036,0.475970899
5037,0.45875602
5038,0.450763398
5039,0.420944769
5040,0.395532329
5041,0.373398914
5042,0.368480377
5043,0.369812481
5044,0.379444615
5045,0.39542986
5046,0.412952147
5047,0.409878061
5048,0.416333641
5049,0.434060867
5050,0.416128702
5051,0.407111384
5052,0.397171841
5053,0.387744646
5054,0.398196537
5055,0.395942207
5056,0.408955836
5057,0.433855928
5058,0.419305257
5059,0.4292448
5060,0.443078184
5061,0.45885849
5062,0.42504355
5063,0.398299006
5064,0.378932268
5065,0.360180346
5066,0.347679065
5067,0.352700072
5068,0.358233426
5069,0.368377908
5070,0.388564402
5071,0.400963213
5072,0.413874372
5073,0.426273184
5074,0.425760836
5075,0.419817604
5076,0.404959525
5077,0.393278
5078,0.38477303
5079,0.38907675
5080,0.415513885
5081,0.442770776
5082,0.434163336
5083,0.427195409
5084,0.437032483
5085,0.430064556
5086,0.384670561
5087,0.356593913
5088,0.345014858
5089,0.328824675
5090,0.311712266
5091,0.305564095
5092,0.336612358
5093,0.360077877
5094,0.364689005
5095,0.374526078
5096,0.383133518
5097,0.401373092
5098,0.398401476
5099,0.395122451
5100,0.389896506
5101,0.388871811
5102,0.382826109
5103,0.390511323
5104,0.42914233
5105,0.430986781
5106,0.421149708
5107,0.418383031
5108,0.429757147
5109,0.409468183
5110,0.368890255
5111,0.326672815
5112,0.308945589
5113,0.302797418
5114,0.297366533
5115,0.285992417
5116,0.299723332
5117,0.334665437
5118,0.368992725
5119,0.394097756
5120,0.379034737
5121,0.384158213
5122,0.392765652
5123,0.365201353
5124,0.336612358
5125,0.326467876
5126,0.323906138
5127,0.328619736
5128,0.351265499
5129,0.368172969
5130,0.363049493
5131,0.356798852
5132,0.358643304
5133,0.350240803
5134,0.316528333
5135,0.31509376
5136,0.300952966
5137,0.29183318
5138,0.285070192
5139,0.281791167
5140,0.272159033
5141,0.271954094
5142,0.288964033
5143,0.294599857
5144,0.29818629
5145,0.308023363
5146,0.314683882
5147,0.301772723
5148,0.293677631
5149,0.284967722
5150,0.29388257
5151,0.311097449
5152,0.316835741
5153,0.315811046
5154,0.318475254
5155,0.321549339
5156,0.321549339
5157,0.30874065
5158,0.295522082
5159,0.297161594
5160,0.297469003
5161,0.290910954
5162,0.288246747
5163,0.287017112
5164,0.285992417
5165,0.275335588
5166,0.269084947
5167,0.2769751
5168,0.260682447
5169,0.258120709
5170,0.257198483
5171,0.260272569
5172,0.266010862
5173,0.271544216
5174,0.28548007
5175,0.300543088
5176,0.309048058
5177,0.304027052
5178,0.30238754
5179,0.305973973
5180,0.32769751
5181,0.316425863
5182,0.290603545
5183,0.262936776
5184,0.260579977
5185,0.261399734
5186,0.254124398
5187,0.253202172
5188,0.266215801
5189,0.28763193
5190,0.294087509
5191,0.317860437
5192,0.343375346
5193,0.341018547
5194,0.325340711
5195,0.307920894
5196,0.302797418
5197,0.312019674
5198,0.316425863
5199,0.328517266
5200,0.357721078
5201,0.381186597
5202,0.368890255
5203,0.345527206
5204,0.355056871
5205,0.329541961
5206,0.314581412
5207,0.294599857
5208,0.289168972
5209,0.302080131
5210,0.307408546
5211,0.314069064
5212,0.320114766
5213,0.351367968
5214,0.364586536
5215,0.367353212
5216,0.366943334
5217,0.371042115
5218,0.35936059
5219,0.3489087
5220,0.320217235
5221,0.323906138
5222,0.370632237
5223,0.387334768
5224,0.424736141
5225,0.452607849
5226,0.435905318
5227,0.419202787
5228,0.422071934
5229,0.38272364
5230,0.366328517
5231,0.342248181
5232,0.332923455
5233,0.327902449
5234,0.332718516
5235,0.333538272
5236,0.345732145
5237,0.371656932
5238,0.378829798
5239,0.38682242
5240,0.397991597
5241,0.39542986
5242,0.391638488
5243,0.37841992
5244,0.375038426
5245,0.369197664
5246,0.386412542
5247,0.407828671
5248,0.433036172
5249,0.447996721
5250,0.441438672
5251,0.421149708
5252,0.402910134
5253,0.395737268
5254,0.369300133
5255,0.353622297
5256,0.349523517
5257,0.342862998
5258,0.324930833
5259,0.33405062
5260,0.361307511
5261,0.382211292
5262,0.402807665
5263,0.401270622
5264,0.378727329
5265,0.366226048
5266,0.361819859
5267,0.36151245
5268,0.363459371
5269,0.362947023
5270,0.369607542
5271,0.386617481
5272,0.430167025
5273,0.462342453
5274,0.455579465
5275,0.436520135
5276,0.404447177
5277,0.40178297
5278,0.367045804
5279,0.317962906
5280,0.301260375
5281,0.293267753
5282,0.291218363
5283,0.28957885
5284,0.31509376
5285,0.345937084
5286,0.36366431
5287,0.383748335
5288,0.392253305
5289,0.396044677
5290,0.425760836
5291,0.39952864
5292,0.383235987
5293,0.354339584
5294,0.345322267
5295,0.358848243
5296,0.377907572
5297,0.394917512
5298,0.38907675
5299,0.38057178
5300,0.391843427
5301,0.37206681
5302,0.349421047
5303,0.329337022
5304,0.322471565
5305,0.312224613
5306,0.300440619
5307,0.305973973
5308,0.326775284
5309,0.339071626
5310,0.353417358
5311,0.350650681
5312,0.347166718
5313,0.341018547
5314,0.332923455
5315,0.327185162
5316,0.306896198
5317,0.294394918
5318,0.300030741
5319,0.322881443
5320,0.356286505
5321,0.375858182
5322,0.395634799
5323,0.404037299
5324,0.404857055
5325,0.39747925
5326,0.371247054
5327,0.353212419
5328,0.335792602
5329,0.324213546
5330,0.325238242
5331,0.32779998
5332,0.325135772
5333,0.321139461
5334,0.327082693
5335,0.329541961
5336,0.337432114
5337,0.345732145
5338,0.339993852
5339,0.33394815
5340,0.317348089
5341,0.312634491
5342,0.33405062
5343,0.331693821
5344,0.356593913
5345,0.368377908
5346,0.376985347
5347,0.389794036
5348,0.404652116
5349,0.399836049
5350,0.381289067
5351,0.360180346
5352,0.347166718
5353,0.352392663
5354,0.359155651
5355,0.360795163
5356,0.365406292
5357,0.384568091
5358,0.398196537
5359,0.417153397
5360,0.43549544
5361,0.441438672
5362,0.442155959
5363,0.413771903
5364,0.382518701
5365,0.368685316
5366,0.379444615
5367,0.386617481
5368,0.389281689
5369,0.406701506
5370,0.418485501
5371,0.425453428
5372,0.449738703
5373,0.447586843
5374,0.403422482
5375,0.363766779
5376,0.32769751
5377,0.307715955
5378,0.309970284
5379,0.316938211
5380,0.324725894
5381,0.345322267
5382,0.374423609
5383,0.38682242
5384,0.381801414
5385,0.394917512
5386,0.38682242
5387,0.384260682
5388,0.370632237
5389,0.349216108
5390,0.351163029
5391,0.364381596
5392,0.369505072
5393,0.379137207
5394,0.38682242
5395,0.407008915
5396,0.40793114
5397,0.400758274
5398,0.368480377
5399,0.337637053
5400,0.315606107
5401,0.30228507
5402,0.29388257
5403,0.29183318
5404,0.299620863
5405,0.31704068
5406,0.352495133
5407,0.380674249
5408,0.380879188
5409,0.399118762
5410,0.382518701
5411,0.365098883
5412,0.353314889
5413,0.344809919
5414,0.332103699
5415,0.342760529
5416,0.358540834
5417,0.371144584
5418,0.365201353
5419,0.366533456
5420,0.379239676
5421,0.396659494
5422,0.340813608
5423,0.313761656
5424,0.301772723
5425,0.289373911
5426,0.2685726
5427,0.271134338
5428,0.274105953
5429,0.265088636
5430,0.279536838
5431,0.308228302
5432,0.307101137
5433,0.305769034
5434,0.322369095
5435,0.322983912
5436,0.278512143
5437,0.298698637
5438,0.283635618
5439,0.273901014
5440,0.297571472
5441,0.324316016
5442,0.336714827
5443,0.346346962
5444,0.343887693
5445,0.342760529
5446,0.334358028
5447,0.310175223
5448,0.301567784
5449,0.299928271
5450,0.289373911
5451,0.267855313
5452,0.26847013
5453,0.285992417
5454,0.30658879
5455,0.335382724
5456,0.351982785
5457,0.356184035
5458,0.357721078
5459,0.341223486
5460,0.32349626
5461,0.31704068
5462,0.312327083
5463,0.312532022
5464,0.355979096
5465,0.378932268
5466,0.371861871
5467,0.382313762
5468,0.394097756
5469,0.372681627
5470,0.364791475
5471,0.328517266
5472,0.304129521
5473,0.291935649
5474,0.277897326
5475,0.268675069
5476,0.262321959
5477,0.26426888
5478,0.271236807
5479,0.279434368
5480,0.291218363
5481,0.297059125
5482,0.303719643
5483,0.304641869
5484,0.287324521
5485,0.275745466
5486,0.286914643
5487,0.289168972
5488,0.3045394
5489,0.31704068
5490,0.323291321
5491,0.325135772
5492,0.344297571
5493,0.334358028
5494,0.323598729
5495,0.326262937
5496,0.311404857
5497,0.283123271
5498,0.266728148
5499,0.260682447
5500,0.249000922
5501,0.250230556
5502,0.264678758
5503,0.275950405
5504,0.276360283
5505,0.282405984
5506,0.288144277
5507,0.292652936
5508,0.27912696
5509,0.270109642
5510,0.281381289
5511,0.286607234
5512,0.299210985
5513,0.312532022
5514,0.316528333
5515,0.320934522
5516,0.330464187
5517,0.307920894
5518,0.285685009
5519,0.279639307
5520,0.282508454
5521,0.283533149
5522,0.278717082
5523,0.275950405
5524,0.278307204
5525,0.301260375
5526,0.341428425
5527,0.363869249
5528,0.355774157
5529,0.355569218
5530,0.357926017
5531,0.346346962
5532,0.332103699
5533,0.337944462
5534,0.342350651
5535,0.351675377
5536,0.382928579
5537,0.392868122
5538,0.396352085
5539,0.396659494
5540,0.395942207
5541,0.373808792
5542,0.360385285
5543,0.351777846
5544,0.358950712
5545,0.362639615
5546,0.364996414
5547,0.370529767
5548,0.38682242
5549,0.403115073
5550,0.416743519
5551,0.425863306
5552,0.443180654
5553,0.436417666
5554,0.442565837
5555,0.425350958
5556,0.427400348
5557,0.432933702
5558,0.441746081
5559,0.447586843
5560,0.457731325
5561,0.461420227
5562,0.45660416
5563,0.46510913
5564,0.458960959
5565,0.440004099
5566,0.406906445
5567,0.391331079
5568,0.396864433
5569,0.404857055
5570,0.406394098
5571,0.407316323
5572,0.413771903
5573,0.41233733
5574,0.427297879
5575,0.419510196
5576,0.418075623
5577,0.427707757
5578,0.430269495
5579,0.428220105
5580,0.425555897
5581,0.441336202
5582,0.451685624
5583,0.458551081
5584,0.476688185
5585,0.45885849
5586,0.447996721
5587,0.451685624
5588,0.460600471
5589,0.449123886
5590,0.420227482
5591,0.386719951
5592,0.374628548
5593,0.377497694
5594,0.383850804
5595,0.394405164
5596,0.406496567
5597,0.428425044
5598,0.459985654
5599,0.457526386
5600,0.451275745
5601,0.440721385
5602,0.429552208
5603,0.407008915
5604,0.405266933
5605,0.412542269
5606,0.421764525
5607,0.421969464
5608,0.450148581
5609,0.46080541
5610,0.451685624
5611,0.455272057
5612,0.464289374
5613,0.435802849
5614,0.403524951
5615,0.375140896
5616,0.350548212
5617,0.345937084
5618,0.354442053
5619,0.368890255
5620,0.38907675
5621,0.407726201
5622,0.411927452
5623,0.426580592
5624,0.419100318
5625,0.422584281
5626,0.408443488
5627,0.396454555
5628,0.384977969
5629,0.384260682
5630,0.395839738
5631,0.410595348
5632,0.447791782
5633,0.464186904
5634,0.45240291
5635,0.440209038
5636,0.447074495
5637,0.434983093
5638,0.392868122
5639,0.360487755
5640,0.341838303
5641,0.335690132
5642,0.325443181
5643,0.330464187
5644,0.349728456
5645,0.371554463
5646,0.385387847
5647,0.382211292
5648,0.388154524
5649,0.396352085
5650,0.37841992
5651,0.361102572
5652,0.341940773
5653,0.340608669
5654,0.355569218
5655,0.384260682
5656,0.413464494
5657,0.424428732
5658,0.433036172
5659,0.422071934
5660,0.407008915
5661,0.412029921
5662,0.389896506
5663,0.366840865
5664,0.36151245
5665,0.343067937
5666,0.323906138
5667,0.326057998
5668,0.332820986
5669,0.339788913
5670,0.346449431
5671,0.349421047
5672,0.349318578
5673,0.350548212
5674,0.347679065
5675,0.348293883
5676,0.353827236
5677,0.35300748
5678,0.356901322
5679,0.359053182
5680,0.378112512
5681,0.398811354
5682,0.416231171
5683,0.409263244
5684,0.417563275
5685,0.414591659
5686,0.374321139
5687,0.337739522
5688,0.307203607
5689,0.301465314
5690,0.303412235
5691,0.309970284
5692,0.319397479
5693,0.337124705
5694,0.361102572
5695,0.38907675
5696,0.413054616
5697,0.394200225
5698,0.367558151
5699,0.349113639
5700,0.352392663
5701,0.360897633
5702,0.394097756
5703,0.406906445
5704,0.43979916
5705,0.458653551
5706,0.447279434
5707,0.430986781
5708,0.399118762
5709,0.35936059
5710,0.316118455
5711,0.300030741
5712,0.294599857
5713,0.291423302
5714,0.28332821
5715,0.28763193
5716,0.301567784
5717,0.338046931
5718,0.35946306
5719,0.378727329
5720,0.379547085
5721,0.386412542
5722,0.364484066
5723,0.348088944
5724,0.347064248
5725,0.343272876
5726,0.368480377
5727,0.38262117
5728,0.424121324
5729,0.430679373
5730,0.420534891
5731,0.406291628
5732,0.381698945
5733,0.36151245
5734,0.336714827
5735,0.308433241
5736,0.289886259
5737,0.279229429
5738,0.278409673
5739,0.273696075
5740,0.284352905
5741,0.309765345
5742,0.352392663
5743,0.368685316
5744,0.373501383
5745,0.367558151
5746,0.368480377
5747,0.360282816
5748,0.349318578
5749,0.343580285
5750,0.360897633
5751,0.398299006
5752,0.426683062
5753,0.430371964
5754,0.419817604
5755,0.40178297
5756,0.386207603
5757,0.358745773
5758,0.328209858
5759,0.321856748
5760,0.309048058
5761,0.28127882
5762,0.27687263
5763,0.284762783
5764,0.308945589
5765,0.332616047
5766,0.362434676
5767,0.381801414
5768,0.388666872
5769,0.381903884
5770,0.363356901
5771,0.348191413
5772,0.343170407
5773,0.335280254
5774,0.345322267
5775,0.366635926
5776,0.404754586
5777,0.416948458
5778,0.419920074
5779,0.404037299
5780,0.384158213
5781,0.386105134
5782,0.355569218
5783,0.323598729
5784,0.316630802
5785,0.309355467
5786,0.290091198
5787,0.284660314
5788,0.297059125
5789,0.324520955
5790,0.369197664
5791,0.383031048
5792,0.380161902
5793,0.383235987
5794,0.368172969
5795,0.341530895
5796,0.339379035
5797,0.35095809
5798,0.351982785
5799,0.373501383
5800,0.407726201
5801,0.424531202
5802,0.420534891
5803,0.403217543
5804,0.389896506
5805,0.376165591
5806,0.332616047
5807,0.321856748
5808,0.31509376
5809,0.311097449
5810,0.299620863
5811,0.279331899
5812,0.284557844
5813,0.307511015
5814,0.329951839
5815,0.334665437
5816,0.333845681
5817,0.328927144
5818,0.333845681
5819,0.322164156
5820,0.321754278
5821,0.326980223
5822,0.337534583
5823,0.350138334
5824,0.373193975
5825,0.399118762
5826,0.405471872
5827,0.375345835
5828,0.362537145
5829,0.351163029
5830,0.345527206
5831,0.345527206
5832,0.339788913
5833,0.3129419
5834,0.304129521
5835,0.303617174
5836,0.293165283
5837,0.295829491
5838,0.296854186
5839,0.307920894
5840,0.317553028
5841,0.322778973
5842,0.330361717
5843,0.323291321
5844,0.308125833
5845,0.304846808
5846,0.311097449
5847,0.321139461
5848,0.338969157
5849,0.357516139
5850,0.372989036
5851,0.37841992
5852,0.369402603
5853,0.336612358
5854,0.3129419
5855,0.285275131
5856,0.271851624
5857,0.26631827
5858,0.271544216
5859,0.275745466
5860,0.283020801
5861,0.307408546
5862,0.333845681
5863,0.338046931
5864,0.322778973
5865,0.318987601
5866,0.302899887
5867,0.301157906
5868,0.299006046
5869,0.290398606
5870,0.302797418
5871,0.327492571
5872,0.347576596
5873,0.384670561
5874,0.387334768
5875,0.377600164
5876,0.35300748
5877,0.32144687
5878,0.293575161
5879,0.275540527
5880,0.268675069
5881,0.266010862
5882,0.260579977
5883,0.256891075
5884,0.267752844
5885,0.290398606
5886,0.296751716
5887,0.297571472
5888,0.301567784
5889,0.292140588
5890,0.284967722
5891,0.260784916
5892,0.251870069
5893,0.265498514
5894,0.286607234
5895,0.299620863
5896,0.322266626
5897,0.33610001
5898,0.331079004
5899,0.332513577
5900,0.312736961
5901,0.294497387
5902,0.269597295
5903,0.245414489
5904,0.251870069
5905,0.252382416
5906,0.248591044
5907,0.254329337
5908,0.278819551
5909,0.296136899
5910,0.29603443
5911,0.289886259
5912,0.285070192
5913,0.262014551
5914,0.256071319
5915,0.256686136
5916,0.264063941
5917,0.272159033
5918,0.284352905
5919,0.301670253
5920,0.314786351
5921,0.338661748
5922,0.327082693
5923,0.311609796
5924,0.324828364
5925,0.29173071
5926,0.265396045
5927,0.246644123
5928,0.237934215
5929,0.241520648
5930,0.253816989
5931,0.258223179
5932,0.277384978
5933,0.288041808
5934,0.279331899
5935,0.287734399
5936,0.283943027
5937,0.282610923
5938,0.268982478
5939,0.266830618
5940,0.261502203
5941,0.266113331
5942,0.280971411
5943,0.295624552
5944,0.298288759
5945,0.31919254
5946,0.324725894
5947,0.297161594
5948,0.280868941
5949,0.261707142
5950,0.245926837
5951,0.229839123
5952,0.22410083
5953,0.225740342
5954,0.231068757
5955,0.247976227
5956,0.261809612
5957,0.27277385
5958,0.300850497
5959,0.295009735
5960,0.270314581
5961,0.267855313
5962,0.262731837
5963,0.254329337
5964,0.245004611
5965,0.233835434
5966,0.234245312
5967,0.260375038
5968,0.281381289
5969,0.29603443
5970,0.303822113
5971,0.292755405
5972,0.288349216
5973,0.278819551
5974,0.250435495
5975,0.230556409
5976,0.22205144
5977,0.218567476
5978,0.211189671
5979,0.212931653
5980,0.219694641
5981,0.231990983
5982,0.243774977
5983,0.2494108
5984,0.244799672
5985,0.246336715
5986,0.245107081
5987,0.231990983
5988,0.222358848
5989,0.213034122
5990,0.206578543
5991,0.211292141
5992,0.230863818
5993,0.261297264
5994,0.276667691
5995,0.280766472
5996,0.264473819
5997,0.24520955
5998,0.24111077
5999,0.233732964
6000,0.218362537
6001,0.200737781
6002,0.199405677
6003,0.201864945
6004,0.207603238
6005,0.210164976
6006,0.221026745
6007,0.238344093
6008,0.23670458
6009,0.244184855
6010,0.252689825
6011,0.238139154
6012,0.224510708
6013,0.223281074
6014,0.21569833
6015,0.235987294
6016,0.245107081
6017,0.265293575
6018,0.26416641
6019,0.270109642
6020,0.273798545
6021,0.264473819
6022,0.237626806
6023,0.226457629
6024,0.220514397
6025,0.219694641
6026,0.221026745
6027,0.227379854
6028,0.239881135
6029,0.271954094
6030,0.301260375
6031,0.327902449
6032,0.325340711
6033,0.312224613
6034,0.28763193
6035,0.279229429
6036,0.275745466
6037,0.274720771
6038,0.2853776
6039,0.295727021
6040,0.313556717
6041,0.34255559
6042,0.344195102
6043,0.316938211
6044,0.31929501
6045,0.306281381
6046,0.283020801
6047,0.261912081
6048,0.256583666
6049,0.252792294
6050,0.24531202
6051,0.256071319
6052,0.280664002
6053,0.335382724
6054,0.331488882
6055,0.313864125
6056,0.30238754
6057,0.29818629
6058,0.290808484
6059,0.272876319
6060,0.275335588
6061,0.265191106
6062,0.244799672
6063,0.257710831
6064,0.290091198
6065,0.332411108
6066,0.340813608
6067,0.328927144
6068,0.308125833
6069,0.286812173
6070,0.260375038
6071,0.241725587
6072,0.238651501
6073,0.23045394
6074,0.231478635
6075,0.238549032
6076,0.249000922
6077,0.268367661
6078,0.296444308
6079,0.281791167
6080,0.283020801
6081,0.281996106
6082,0.277999795
6083,0.26847013
6084,0.267035557
6085,0.256481197
6086,0.245926837
6087,0.257403422
6088,0.276052874
6089,0.303514704
6090,0.304846808
6091,0.289783789
6092,0.275130649
6093,0.277077569
6094,0.263654063
6095,0.251870069
6096,0.236397172
6097,0.223486013
6098,0.215800799
6099,0.21979711
6100,0.239676196
6101,0.277077569
6102,0.29388257
6103,0.291320832
6104,0.283840557
6105,0.277384978
6106,0.275642996
6107,0.262629368
6108,0.24305769
6109,0.235167538
6110,0.24316016
6111,0.259247874
6112,0.276462752
6113,0.304129521
6114,0.309457936
6115,0.294087509
6116,0.260887386
6117,0.272261502
6118,0.265191106
6119,0.239471257
6120,0.232913208
6121,0.227379854
6122,0.220206988
6123,0.218362537
6124,0.235987294
6125,0.265703453
6126,0.274720771
6127,0.276155344
6128,0.258837996
6129,0.270007173
6130,0.26847013
6131,0.250947843
6132,0.241315709
6133,0.233015678
6134,0.237216928
6135,0.245824367
6136,0.267650374
6137,0.296136899
6138,0.294804796
6139,0.275438057
6140,0.263346654
6141,0.276360283
6142,0.259042935
6143,0.247976227
6144,0.228199611
6145,0.220309458
6146,0.212726714
6147,0.203914335
6148,0.208218055
6149,0.202274823
6150,0.207500769
6151,0.213648939
6152,0.221846501
6153,0.231273696
6154,0.231786044
6155,0.226662568
6156,0.220104519
6157,0.22205144
6158,0.231683574
6159,0.241315709
6160,0.255558971
6161,0.26631827
6162,0.275335588
6163,0.273286197
6164,0.28127882
6165,0.254329337
6166,0.252382416
6167,0.250537965
6168,0.247054001
6169,0.235782355
6170,0.208832872
6171,0.192642689
6172,0.185059945
6173,0.195409366
6174,0.208525464
6175,0.21989958
6176,0.208627933
6177,0.209140281
6178,0.228199611
6179,0.232298391
6180,0.223588482
6181,0.217952659
6182,0.225945281
6183,0.227789733
6184,0.249615739
6185,0.263654063
6186,0.271851624
6187,0.26642074
6188,0.255456502
6189,0.251870069
6190,0.242750282
6191,0.232298391
6192,0.21774772
6193,0.213956348
6194,0.210062506
6195,0.20299211
6196,0.225023056
6197,0.2494108
6198,0.275745466
6199,0.294292448
6200,0.299620863
6201,0.264781228
6202,0.249308331
6203,0.252689825
6204,0.250947843
6205,0.248078697
6206,0.255661441
6207,0.2769751
6208,0.30023568
6209,0.332103699
6210,0.321651809
6211,0.295624552
6212,0.278614612
6213,0.254636746
6214,0.254739215
6215,0.248488575
6216,0.24111077
6217,0.233732964
6218,0.228199611
6219,0.230249001
6220,0.257505892
6221,0.289271442
6222,0.315606107
6223,0.281688698
6224,0.261092325
6225,0.237114458
6226,0.229634184
6227,0.237216928
6228,0.242032995
6229,0.241930526
6230,0.236294702
6231,0.242955221
6232,0.242442873
6233,0.244184855
6234,0.242237934
6235,0.2242033
6236,0.217440312
6237,0.203606927
6238,0.198176043
6239,0.19028589
6240,0.199098268
6241,0.199200738
6242,0.198380982
6243,0.193974792
6244,0.206168665
6245,0.235884824
6246,0.249820678
6247,0.241623117
6248,0.211292141
6249,0.212521775
6250,0.208525464
6251,0.201762476
6252,0.216005738
6253,0.224715647
6254,0.231581105
6255,0.237114458
6256,0.270724459
6257,0.293267753
6258,0.292140588
6259,0.256686136
6260,0.233528025
6261,0.214263757
6262,0.191413055
6263,0.181063634
6264,0.195306896
6265,0.198278512
6266,0.202684701
6267,0.202274823
6268,0.214161287
6269,0.251357721
6270,0.245926837
6271,0.238549032
6272,0.223076135
6273,0.190490829
6274,0.188338969
6275,0.193462445
6276,0.198073573
6277,0.215903269
6278,0.224305769
6279,0.237524337
6280,0.252587355
6281,0.294087509
6282,0.281893637
6283,0.250025617
6284,0.222768726
6285,0.208218055
6286,0.198585921
6287,0.177477201
6288,0.170714213
6289,0.176145097
6290,0.18188339
6291,0.194897018
6292,0.207603238
6293,0.240495952
6294,0.257710831
6295,0.260784916
6296,0.2410083
6297,0.212931653
6298,0.206988421
6299,0.195101957
6300,0.179526591
6301,0.194282201
6302,0.21149708
6303,0.236397172
6304,0.25801824
6305,0.260682447
6306,0.242442873
6307,0.219079824
6308,0.201660006
6309,0.190593298
6310,0.185777231
6311,0.186289579
6312,0.168152475
6313,0.16272159
6314,0.172456194
6315,0.17757967
6316,0.181166103
6317,0.197048878
6318,0.210677323
6319,0.212829183
6320,0.210267445
6321,0.197356287
6322,0.188851317
6323,0.177477201
6324,0.158212932
6325,0.161287017
6326,0.193155036
6327,0.212521775
6328,0.241520648
6329,0.242135465
6330,0.229019367
6331,0.215185982
6332,0.20514397
6333,0.198893329
6334,0.185777231
6335,0.178296957
6336,0.161082078
6337,0.15636848
6338,0.159340096
6339,0.166000615
6340,0.171738908
6341,0.17327595
6342,0.193052567
6343,0.200225433
6344,0.193564914
6345,0.19243775
6346,0.193974792
6347,0.184137719
6348,0.186904396
6349,0.180961164
6350,0.18178092
6351,0.199098268
6352,0.238139154
6353,0.245004611
6354,0.243365099
6355,0.244697203
6356,0.238139154
6357,0.228814428
6358,0.216313147
6359,0.206168665
6360,0.206066195
6361,0.211189671
6362,0.212726714
6363,0.221846501
6364,0.236602111
6365,0.277589917
6366,0.313761656
6367,0.33405062
6368,0.307613485
6369,0.28548007
6370,0.268265191
6371,0.256481197
6372,0.252792294
6373,0.25791577
6374,0.267035557
6375,0.269904703
6376,0.287017112
6377,0.336919766
6378,0.330054309
6379,0.301465314
6380,0.271441746
6381,0.250333026
6382,0.231273696
6383,0.203504457
6384,0.191208116
6385,0.190695768
6386,0.189671073
6387,0.193564914
6388,0.209857567
6389,0.234347782
6390,0.255558971
6391,0.261399734
6392,0.244492264
6393,0.229634184
6394,0.248283636
6395,0.243365099
6396,0.231683574
6397,0.228199611
6398,0.235679885
6399,0.250128087
6400,0.265908392
6401,0.294394918
6402,0.289271442
6403,0.264781228
6404,0.249718209
6405,0.23895891
6406,0.230249001
6407,0.203606927
6408,0.197356287
6409,0.197663695
6410,0.200430372
6411,0.206476073
6412,0.221846501
6413,0.235167538
6414,0.259042935
6415,0.26631827
6416,0.283430679
6417,0.273183728
6418,0.257198483
6419,0.247976227
6420,0.246439184
6421,0.251152782
6422,0.248591044
6423,0.255968849
6424,0.282098576
6425,0.301260375
6426,0.292447997
6427,0.259555282
6428,0.254534276
6429,0.251767599
6430,0.239778666
6431,0.225023056
6432,0.210984732
6433,0.199610616
6434,0.197253817
6435,0.20288964
6436,0.231376166
6437,0.243672507
6438,0.27267138
6439,0.291013424
6440,0.308535711
6441,0.287734399
6442,0.279434368
6443,0.250947843
6444,0.238344093
6445,0.244082385
6446,0.241725587
6447,0.256481197
6448,0.271851624
6449,0.282610923
6450,0.279536838
6451,0.270007173
6452,0.267035557
6453,0.250947843
6454,0.236909519
6455,0.218977354
6456,0.203606927
6457,0.197253817
6458,0.196126652
6459,0.198483451
6460,0.214058818
6461,0.246439184
6462,0.263551593
6463,0.280151655
6464,0.285889948
6465,0.2937801
6466,0.302694948
6467,0.265498514
6468,0.23895891
6469,0.213239061
6470,0.218977354
6471,0.237319397
6472,0.260784916
6473,0.287222051
6474,0.284455375
6475,0.256788605
6476,0.245824367
6477,0.249615739
6478,0.236397172
6479,0.225023056
6480,0.202377293
6481,0.193052567
6482,0.185162414
6483,0.188441439
6484,0.211599549
6485,0.21785019
6486,0.222153909
6487,0.233732964
6488,0.234552721
6489,0.239573727
6490,0.227277385
6491,0.218157598
6492,0.213648939
6493,0.196434061
6494,0.195819244
6495,0.205963726
6496,0.226867507
6497,0.248386105
6498,0.256891075
6499,0.225740342
6500,0.22399836
6501,0.240188544
6502,0.227072446
6503,0.211702019
6504,0.201352598
6505,0.198176043
6506,0.178399426
6507,0.162414182
6508,0.174300646
6509,0.184445128
6510,0.198483451
6511,0.201250128
6512,0.207295829
6513,0.199405677
6514,0.197151347
6515,0.196741469
6516,0.186904396
6517,0.177272262
6518,0.178501896
6519,0.179321652
6520,0.21354647
6521,0.233015678
6522,0.241828056
6523,0.231068757
6524,0.20514397
6525,0.20719336
6526,0.191617994
6527,0.185059945
6528,0.186289579
6529,0.175120402
6530,0.182088329
6531,0.18383031
6532,0.194999488
6533,0.225227995
6534,0.247771288
6535,0.256173788
6536,0.25586638
6537,0.246439184
6538,0.252689825
6539,0.251050313
6540,0.25156266
6541,0.230146531
6542,0.24736141
6543,0.269187417
6544,0.285172661
6545,0.312532022
6546,0.322778973
6547,0.288451686
6548,0.262526898
6549,0.239061379
6550,0.242955221
6551,0.2326058
6552,0.229941592
6553,0.227584794
6554,0.221744031
6555,0.216210677
6556,0.222563787
6557,0.242647812
6558,0.261604673
6559,0.267752844
6560,0.26416641
6561,0.239368788
6562,0.227789733
6563,0.231581105
6564,0.221129214
6565,0.214878574
6566,0.216415616
6567,0.222563787
6568,0.232708269
6569,0.27267138
6570,0.263244185
6571,0.266010862
6572,0.262526898
6573,0.255251563
6574,0.239983605
6575,0.225023056
6576,0.226355159
6577,0.227687263
6578,0.229634184
6579,0.235987294
6580,0.242545343
6581,0.25576391
6582,0.266933087
6583,0.274310893
6584,0.278922021
6585,0.255456502
6586,0.244287325
6587,0.237319397
6588,0.250128087
6589,0.255558971
6590,0.258837996
6591,0.285275131
6592,0.293165283
6593,0.293472692
6594,0.288759094
6595,0.290501076
6596,0.281073881
6597,0.262014551
6598,0.238139154
6599,0.237216928
6600,0.240291013
6601,0.244799672
6602,0.232298391
6603,0.238549032
6604,0.263346654
6605,0.30443693
6606,0.290706015
6607,0.287222051
6608,0.284967722
6609,0.276155344
6610,0.265498514
6611,0.259042935
6612,0.26642074
6613,0.273081258
6614,0.27902449
6615,0.295727021
6616,0.318270315
6617,0.35526181
6618,0.332923455
6619,0.278204734
6620,0.270417051
6621,0.25361205
6622,0.233528025
6623,0.218260068
6624,0.206988421
6625,0.216620555
6626,0.221436623
6627,0.226047751
6628,0.245107081
6629,0.277794856
6630,0.284660314
6631,0.293985039
6632,0.265600984
6633,0.28332821
6634,0.266215801
6635,0.242442873
6636,0.244389794
6637,0.225227995
6638,0.217030433
6639,0.255046624
6640,0.292038119
6641,0.314274003
6642,0.299313454
6643,0.245107081
6644,0.226560098
6645,0.220002049
6646,0.222153909
6647,0.213239061
6648,0.198073573
6649,0.193667384
6650,0.20094272
6651,0.205963726
6652,0.214263757
6653,0.22399836
6654,0.235270007
6655,0.245107081
6656,0.233937903
6657,0.221744031
6658,0.223486013
6659,0.233118147
6660,0.22840455
6661,0.22830208
6662,0.242955221
6663,0.26426888
6664,0.297776412
6665,0.333538272
6666,0.295829491
6667,0.276052874
6668,0.240188544
6669,0.223895891
6670,0.218772415
6671,0.209447689
6672,0.213136592
6673,0.199713085
6674,0.19243775
6675,0.198893329
6676,0.200020494
6677,0.212214366
6678,0.213444
6679,0.213648939
6680,0.241828056
6681,0.244389794
6682,0.231376166
6683,0.209652628
6684,0.201352598
6685,0.189773542
6686,0.189261195
6687,0.198380982
6688,0.229019367
6689,0.254944154
6690,0.258940465
6691,0.261707142
6692,0.249923148
6693,0.237524337
6694,0.234552721
6695,0.231376166
6696,0.24111077
6697,0.239573727
6698,0.242032995
6699,0.254124398
6700,0.268880008
6701,0.269699764
6702,0.299006046
6703,0.297571472
6704,0.293370222
6705,0.285070192
6706,0.283533149
6707,0.283635618
6708,0.27912696
6709,0.28548007
6710,0.288964033
6711,0.314274003
6712,0.339379035
6713,0.396249616
6714,0.385797725
6715,0.355671688
6716,0.350753151
6717,0.337637053
6718,0.300645558
6719,0.268675069
6720,0.265908392
6721,0.266728148
6722,0.267650374
6723,0.264678758
6724,0.28322574
6725,0.302080131
6726,0.310892509
6727,0.309867814
6728,0.31283943
6729,0.316323394
6730,0.312019674
6731,0.309457936
6732,0.288861564
6733,0.287734399
6734,0.284045496
6735,0.281688698
6736,0.299928271
6737,0.342248181
6738,0.354442053
6739,0.316323394
6740,0.289168972
6741,0.269187417
6742,0.242750282
6743,0.237934215
6744,0.239163849
6745,0.236192233
6746,0.23885644
6747,0.234450251
6748,0.240803361
6749,0.266113331
6750,0.298903576
6751,0.328517266
6752,0.339379035
6753,0.338046931
6754,0.317860437
6755,0.303617174
6756,0.291013424
6757,0.288964033
6758,0.287836869
6759,0.297776412
6760,0.330874065
6761,0.371349524
6762,0.37421867
6763,0.354032175
6764,0.349421047
6765,0.345424736
6766,0.327185162
6767,0.300645558
6768,0.284557844
6769,0.278614612
6770,0.278307204
6771,0.292447997
6772,0.318475254
6773,0.356696383
6774,0.359770468
6775,0.384568091
6776,0.374423609
6777,0.360692694
6778,0.344809919
6779,0.318782662
6780,0.301977662
6781,0.293677631
6782,0.29593196
6783,0.317348089
6784,0.357516139
6785,0.387232298
6786,0.378010042
6787,0.349318578
6788,0.345219797
6789,0.335485193
6790,0.313044369
6791,0.294599857
6792,0.28127882
6793,0.270109642
6794,0.268162722
6795,0.267445435
6796,0.279229429
6797,0.329951839
6798,0.358335895
6799,0.358643304
6800,0.343682754
6801,0.33620248
6802,0.310277692
6803,0.293267753
6804,0.284557844
6805,0.275130649
6806,0.272466441
6807,0.272056563
6808,0.295214674
6809,0.331693821
6810,0.320422174
6811,0.293165283
6812,0.287119582
6813,0.288861564
6814,0.275335588
6815,0.272159033
6816,0.268060252
6817,0.254944154
6818,0.245926837
6819,0.244389794
6820,0.254226868
6821,0.262014551
6822,0.261092325
6823,0.25586638
6824,0.251972538
6825,0.262014551
6826,0.265088636
6827,0.263654063
6828,0.263859002
6829,0.253202172
6830,0.247771288
6831,0.262014551
6832,0.278512143
6833,0.299723332
6834,0.29818629
6835,0.282201045
6836,0.278409673
6837,0.278307204
6838,0.261502203
6839,0.256891075
6840,0.254431807
6841,0.253407111
6842,0.240291013
6843,0.234142843
6844,0.237011989
6845,0.237011989
6846,0.240803361
6847,0.245004611
6848,0.248795983
6849,0.265293575
6850,0.271441746
6851,0.259657752
6852,0.260784916
6853,0.260579977
6854,0.250845374
6855,0.244184855
6856,0.259555282
6857,0.269392356
6858,0.265498514
6859,0.252689825
6860,0.238753971
6861,0.238446562
6862,0.248795983
6863,0.247156471
6864,0.249923148
6865,0.246234245
6866,0.232093452
6867,0.226355159
6868,0.239676196
6869,0.259247874
6870,0.286094887
6871,0.295009735
6872,0.301567784
6873,0.313044369
6874,0.305769034
6875,0.301875192
6876,0.293165283
6877,0.288041808
6878,0.27912696
6879,0.288349216
6880,0.315708577
6881,0.333538272
6882,0.307203607
6883,0.279741777
6884,0.274310893
6885,0.280151655
6886,0.270007173
6887,0.268777539
6888,0.262014551
6889,0.252894764
6890,0.241930526
6891,0.244492264
6892,0.264678758
6893,0.309355467
6894,0.328004919
6895,0.338456809
6896,0.351060559
6897,0.35720873
6898,0.383748335
6899,0.399323701
6900,0.393687878
6901,0.386617481
6902,0.375858182
6903,0.378317451
6904,0.414899068
6905,0.442360898
6906,0.423916385
6907,0.396659494
6908,0.3848755
6909,0.367250743
6910,0.37001742
6911,0.371656932
6912,0.370119889
6913,0.362127267
6914,0.352597602
6915,0.33835434
6916,0.342043242
6917,0.361819859
6918,0.376472999
6919,0.378624859
6920,0.369300133
6921,0.373398914
6922,0.379137207
6923,0.389589097
6924,0.387744646
6925,0.391740957
6926,0.386105134
6927,0.38057178
6928,0.388256994
6929,0.407111384
6930,0.41653858
6931,0.382313762
6932,0.360385285
6933,0.351163029
6934,0.344912389
6935,0.352597602
6936,0.340506199
6937,0.331386413
6938,0.331488882
6939,0.329951839
6940,0.33189876
6941,0.36356184
6942,0.391536018
6943,0.384055743
6944,0.368377908
6945,0.357823547
6946,0.361819859
6947,0.364791475
6948,0.343682754
6949,0.340813608
6950,0.371861871
6951,0.388461933
6952,0.438262117
6953,0.459883185
6954,0.416948458
6955,0.371759402
6956,0.366021109
6957,0.349011169
6958,0.324213546
6959,0.314581412
6960,0.310072753
6961,0.303104826
6962,0.30238754
6963,0.302182601
6964,0.316425863
6965,0.36151245
6966,0.398503945
6967,0.412132391
6968,0.416948458
6969,0.413362025
6970,0.390511323
6971,0.362127267
6972,0.34880623
6973,0.342145712
6974,0.346449431
6975,0.363356901
6976,0.398196537
6977,0.430167025
6978,0.416743519
6979,0.38262117
6980,0.37206681
6981,0.357003791
6982,0.333743211
6983,0.312224613
6984,0.322369095
6985,0.330259248
6986,0.327287632
6987,0.327492571
6988,0.339788913
6989,0.353827236
6990,0.36776309
6991,0.383953274
6992,0.405676811
6993,0.404652116
6994,0.389281689
6995,0.380674249
6996,0.372374219
6997,0.37841992
6998,0.384363152
6999,0.39532739
7000,0.42699047
7001,0.457526386
7002,0.446664617
7003,0.430167025
7004,0.421047238
7005,0.410595348
7006,0.397786658
7007,0.385900195
7008,0.379239676
7009,0.384977969
7010,0.393073061
7011,0.400553335
7012,0.400655805
7013,0.401168152
7014,0.4016805
7015,0.417768214
7016,0.417358336
7017,0.414899068
7018,0.408853366
7019,0.402397787
7020,0.399426171
7021,0.411824982
7022,0.423199098
7023,0.430371964
7024,0.449431294
7025,0.477507941
7026,0.457321447
7027,0.435085562
7028,0.430474434
7029,0.431704068
7030,0.413874372
7031,0.415308946
7032,0.415513885
7033,0.423404037
7034,0.431089251
7035,0.44389794
7036,0.462035045
7037,0.469002972
7038,0.481196844
7039,0.488882058
7040,0.489086997
7041,0.491853674
7042,0.476688185
7043,0.479147454
7044,0.479249923
7045,0.477610411
7046,0.483451173
7047,0.502305564
7048,0.525156266
7049,0.556819346
7050,0.550158828
7051,0.512040168
7052,0.494825289
7053,0.492263552
7054,0.478225228
7055,0.461420227
7056,0.460088124
7057,0.456091813
7058,0.45240291
7059,0.451583154
7060,0.476278307
7061,0.501998156
7062,0.503740137
7063,0.500153704
7064,0.501793217
7065,0.507838918
7066,0.502408034
7067,0.497182088
7068,0.487242545
7069,0.495337637
7070,0.494005533
7071,0.496669741
7072,0.527513065
7073,0.536120504
7074,0.531919254
7075,0.51378215
7076,0.503022851
7077,0.502920381
7078,0.481401783
7079,0.470642484
7080,0.462137514
7081,0.464494313
7082,0.467363459
7083,0.464699252
7084,0.475868429
7085,0.516138949
7086,0.54544523
7087,0.541756327
7088,0.538272364
7089,0.524541449
7090,0.5347884
7091,0.534480992
7092,0.520852546
7093,0.517471052
7094,0.529767394
7095,0.543703248
7096,0.565324316
7097,0.577928066
7098,0.568090993
7099,0.544420535
7100,0.543600779
7101,0.542371145
7102,0.511425351
7103,0.494927759
7104,0.496362332
7105,0.497182088
7106,0.499948765
7107,0.495132698
7108,0.483758582
7109,0.501383338
7110,0.533456297
7111,0.546367456
7112,0.542063736
7113,0.537657547
7114,0.523414284
7115,0.503842607
7116,0.499948765
7117,0.493288247
7118,0.495747515
7119,0.505072241
7120,0.53919459
7121,0.559483554
7122,0.557126755
7123,0.555897121
7124,0.546264986
7125,0.524438979
7126,0.514396967
7127,0.491238856
7128,0.484783277
7129,0.482221539
7130,0.480172149
7131,0.479659801
7132,0.489291936
7133,0.510708064
7134,0.526078492
7135,0.552105749
7136,0.548109437
7137,0.55169587
7138,0.540936571
7139,0.521364894
7140,0.49677221
7141,0.491853674
7142,0.487652423
7143,0.499743826
7144,0.522696998
7145,0.544727943
7146,0.526283431
7147,0.520545138
7148,0.527103187
7149,0.527922943
7150,0.511117942
7151,0.492468491
7152,0.466338764
7153,0.450763398
7154,0.447586843
7155,0.449123886
7156,0.449841172
7157,0.454144892
7158,0.459165898
7159,0.466748642
7160,0.473716569
7161,0.476688185
7162,0.478840045
7163,0.450148581
7164,0.421457117
7165,0.402090378
7166,0.401168152
7167,0.420125013
7168,0.460498002
7169,0.472384466
7170,0.444205349
7171,0.427195409
7172,0.436007788
7173,0.431806538
7174,0.413976842
7175,0.369402603
7176,0.35526181
7177,0.341121016
7178,0.3213444
7179,0.336612358
7180,0.350753151
7181,0.360795163
7182,0.363766779
7183,0.376677938
7184,0.391433549
7185,0.41018547
7186,0.416641049
7187,0.406496567
7188,0.395839738
7189,0.366840865
7190,0.360692694
7191,0.376165591
7192,0.409878061
7193,0.440413977
7194,0.463879496
7195,0.439184343
7196,0.432011477
7197,0.43334358
7198,0.414899068
7199,0.381596475
7200,0.344809919
7201,0.336509888
7202,0.313659186
7203,0.303719643
7204,0.311507327
7205,0.346039553
7206,0.392663183
7207,0.412029921
7208,0.446562148
7209,0.456399221
7210,0.461317758
7211,0.438979404
7212,0.42494108
7213,0.418075623
7214,0.411312634
7215,0.41653858
7216,0.476585716
7217,0.519520443
7218,0.525976022
7219,0.495747515
7220,0.442873245
7221,0.429449739
7222,0.427400348
7223,0.399426171
7224,0.36366431
7225,0.360180346
7226,0.358233426
7227,0.346551901
7228,0.358745773
7229,0.391228609
7230,0.445639922
7231,0.477200533
7232,0.487140076
7233,0.480377088
7234,0.487959832
7235,0.466646173
7236,0.451378215
7237,0.44820166
7238,0.448816477
7239,0.469720258
7240,0.520852546
7241,0.567476176
7242,0.570242853
7243,0.528435291
7244,0.474741264
7245,0.444307818
7246,0.425658367
7247,0.424736141
7248,0.404959525
7249,0.388359463
7250,0.375448304
7251,0.36366431
7252,0.36991495
7253,0.414796598
7254,0.453837483
7255,0.475151143
7256,0.483041295
7257,0.483451173
7258,0.470130136
7259,0.463264679
7260,0.462649862
7261,0.470130136
7262,0.466543703
7263,0.48416846
7264,0.523824162
7265,0.546060047
7266,0.531919254
7267,0.499436418
7268,0.453325136
7269,0.437954708
7270,0.426375653
7271,0.420842299
7272,0.402910134
7273,0.387334768
7274,0.379034737
7275,0.383543396
7276,0.391228609
7277,0.407111384
7278,0.428015165
7279,0.456091813
7280,0.459165898
7281,0.466441234
7282,0.471872118
7283,0.475868429
7284,0.465519008
7285,0.465723947
7286,0.466031356
7287,0.497899375
7288,0.531304437
7289,0.553540322
7290,0.560918127
7291,0.543908187
7292,0.510093247
7293,0.489701814
7294,0.47576596
7295,0.461932575
7296,0.442770776
7297,0.430679373
7298,0.415616354
7299,0.407008915
7300,0.407828671
7301,0.412029921
7302,0.419407726
7303,0.424838611
7304,0.437134952
7305,0.451173276
7306,0.440209038
7307,0.425863306
7308,0.429757147
7309,0.430371964
7310,0.424736141
7311,0.432523824
7312,0.45670663
7313,0.499538887
7314,0.500461113
7315,0.470949892
7316,0.445947331
7317,0.427605287
7318,0.407213854
7319,0.389179219
7320,0.385285378
7321,0.401065683
7322,0.401885439
7323,0.40178297
7324,0.409263244
7325,0.411620043
7326,0.414796598
7327,0.434675684
7328,0.459985654
7329,0.472384466
7330,0.479454862
7331,0.492980838
7332,0.503842607
7333,0.508966083
7334,0.506711753
7335,0.51378215
7336,0.532021724
7337,0.568398401
7338,0.549236602
7339,0.539911876
7340,0.531304437
7341,0.525771083
7342,0.519622912
7343,0.504354954
7344,0.50732657
7345,0.527718004
7346,0.538989651
7347,0.537760016
7348,0.52423404
7349,0.535198279
7350,0.535710626
7351,0.535095809
7352,0.546777334
7353,0.581104621
7354,0.588379957
7355,0.623527001
7356,0.596679988
7357,0.58776514
7358,0.603545445
7359,0.605287427
7360,0.632749257
7361,0.643098678
7362,0.642381392
7363,0.615944257
7364,0.622502306
7365,0.615739318
7366,0.590839225
7367,0.592478738
7368,0.597192335
7369,0.589097244
7370,0.593708372
7371,0.597089866
7372,0.608156573
7373,0.61737883
7374,0.624244287
7375,0.612460293
7376,0.622297367
7377,0.646787581
7378,0.633159135
7379,0.635515934
7380,0.642278922
7381,0.635618404
7382,0.631929501
7383,0.658264166
7384,0.671277795
7385,0.676298801
7386,0.67855313
7387,0.660723435
7388,0.654882672
7389,0.632441849
7390,0.633159135
7391,0.623322062
7392,0.611435598
7393,0.605594836
7394,0.614304744
7395,0.613792397
7396,0.617788708
7397,0.636540629
7398,0.650988831
7399,0.639512245
7400,0.635720873
7401,0.631827031
7402,0.640946818
7403,0.659083923
7404,0.652833282
7405,0.645455477
7406,0.617686238
7407,0.640741879
7408,0.664002459
7409,0.687775387
7410,0.691874167
7411,0.682344503
7412,0.669433344
7413,0.652320935
7414,0.637257916
7415,0.633671483
7416,0.617583769
7417,0.612255354
7418,0.612870171
7419,0.617788708
7420,0.63418383
7421,0.648632032
7422,0.657956758
7423,0.671072856
7424,0.668306179
7425,0.665334563
7426,0.669535813
7427,0.676708679
7428,0.67015063
7429,0.664719746
7430,0.665027154
7431,0.684393893
7432,0.696587765
7433,0.708884107
7434,0.716056973
7435,0.706014961
7436,0.695768009
7437,0.683881545
7438,0.668203709
7439,0.636848038
7440,0.627420842
7441,0.624346757
7442,0.618710933
7443,0.619223281
7444,0.621067732
7445,0.640434471
7446,0.65529255
7447,0.673839533
7448,0.650066605
7449,0.645660416
7450,0.651398709
7451,0.646480172
7452,0.646377703
7453,0.644020904
7454,0.656317246
7455,0.667179014
7456,0.697407521
7457,0.724459473
7458,0.734808894
7459,0.719335998
7460,0.699456912
7461,0.690234655
7462,0.667588892
7463,0.644328312
7464,0.634798647
7465,0.61953069
7466,0.613689927
7467,0.607951634
7468,0.612050415
7469,0.635310995
7470,0.66799877
7471,0.692591454
7472,0.697509991
7473,0.700174198
7474,0.706527308
7475,0.707859412
7476,0.697817399
7477,0.693308741
7478,0.671175325
7479,0.6870581
7480,0.702940875
7481,0.716569321
7482,0.724869351
7483,0.726816272
7484,0.714212522
7485,0.697817399
7486,0.6870581
7487,0.654267855
7488,0.624859104
7489,0.616866482
7490,0.604057793
7491,0.597909622
7492,0.597192335
7493,0.612972641
7494,0.621272671
7495,0.636745568
7496,0.659801209
7497,0.664514807
7498,0.66379752
7499,0.654062916
7500,0.637052977
7501,0.618813403
7502,0.623014653
7503,0.631519623
7504,0.654985142
7505,0.687980326
7506,0.673737063
7507,0.633671483
7508,0.614099805
7509,0.609591147
7510,0.601700994
7511,0.592581207
7512,0.567783584
7513,0.549236602
7514,0.542576084
7515,0.546572395
7516,0.545650169
7517,0.553540322
7518,0.557946511
7519,0.551081053
7520,0.567373706
7521,0.578542883
7522,0.588687366
7523,0.580899682
7524,0.575878676
7525,0.549236602
7526,0.540526693
7527,0.565529255
7528,0.595040475
7529,0.610308433
7530,0.631622092
7531,0.60682447
7532,0.588277487
7533,0.580182396
7534,0.554565017
7535,0.539604468
7536,0.514704375
7537,0.482426478
7538,0.461522697
7539,0.463674557
7540,0.483758582
7541,0.517163644
7542,0.536427913
7543,0.558561328
7544,0.573726816
7545,0.590121939
7546,0.589199713
7547,0.58981453
7548,0.605389897
7549,0.56450456
7550,0.532124193
7551,0.53694026
7552,0.57710831
7553,0.609591147
7554,0.629060355
7555,0.612870171
7556,0.588379957
7557,0.603852854
7558,0.580694743
7559,0.550056358
7560,0.537862486
7561,0.516651296
7562,0.492263552
7563,0.481401783
7564,0.498821601
7565,0.531611845
7566,0.555077364
7567,0.574341633
7568,0.589609591
7569,0.606414592
7570,0.587560201
7571,0.595347884
7572,0.576186085
7573,0.538887181
7574,0.543908187
7575,0.569423097
7576,0.590839225
7577,0.62783072
7578,0.634491239
7579,0.617788708
7580,0.595245414
7581,0.584793524
7582,0.572702121
7583,0.54329337
7584,0.498821601
7585,0.476893124
7586,0.46090788
7587,0.454759709
7588,0.4820166
7589,0.517266113
7590,0.562762578
7591,0.607131878
7592,0.62147761
7593,0.622092428
7594,0.601291116
7595,0.575571268
7596,0.570242853
7597,0.555794651
7598,0.552105749
7599,0.579772518
7600,0.625268982
7601,0.631929501
7602,0.641356696
7603,0.604980018
7604,0.56030331
7605,0.534685931
7606,0.53058715
7607,0.49462035
7608,0.472077057
7609,0.450763398
7610,0.434265806
7611,0.423404037
7612,0.445639922
7613,0.480991905
7614,0.519827851
7615,0.56655395
7616,0.550671175
7617,0.551490931
7618,0.556716877
7619,0.559381084
7620,0.561840352
7621,0.555179834
7622,0.570960139
7623,0.588379957
7624,0.633773952
7625,0.665846911
7626,0.666461728
7627,0.625576391
7628,0.570960139
7629,0.54974895
7630,0.55190081
7631,0.545035352
7632,0.525771083
7633,0.516958705
7634,0.506814223
7635,0.486525259
7636,0.492366021
7637,0.530279742
7638,0.596679988
7639,0.635823343
7640,0.641971513
7641,0.64053694
7642,0.603750384
7643,0.608463982
7644,0.613484988
7645,0.600573829
7646,0.601188646
7647,0.625371452
7648,0.660108618
7649,0.694230966
7650,0.693206271
7651,0.649656727
7652,0.618403525
7653,0.606107183
7654,0.588687366
7655,0.566861359
7656,0.524643918
7657,0.507941387
7658,0.498719131
7659,0.503432729
7660,0.489804283
7661,0.491033917
7662,0.522696998
7663,0.531099498
7664,0.545137821
7665,0.547904498
7666,0.53919459
7667,0.541039041
7668,0.555384773
7669,0.547289681
7670,0.548519316
7671,0.553745261
7672,0.572702121
7673,0.60467261
7674,0.605492366
7675,0.565324316
7676,0.535300748
7677,0.516651296
7678,0.52218465
7679,0.492980838
7680,0.462649862
7681,0.438774465
7682,0.433753458
7683,0.429757147
7684,0.421252177
7685,0.429757147
7686,0.441438672
7687,0.460395532
7688,0.470437545
7689,0.478532637
7690,0.486730198
7691,0.483246234
7692,0.480274618
7693,0.46510913
7694,0.456501691
7695,0.472281996
7696,0.509068552
7697,0.549236602
7698,0.567886054
7699,0.555179834
7700,0.520545138
7701,0.512757455
7702,0.478225228
7703,0.433241111
7704,0.391740957
7705,0.391536018
7706,0.394507634
7707,0.393380469
7708,0.399221232
7709,0.468080746
7710,0.52013526
7711,0.573931755
7712,0.599549134
7713,0.583051542
7714,0.579874987
7715,0.565529255
7716,0.551183523
7717,0.56020084
7718,0.571370017
7719,0.584486115
7720,0.643611026
7721,0.680090173
7722,0.678348191
7723,0.632441849
7724,0.593913311
7725,0.574034225
7726,0.55815145
7727,0.499743826
7728,0.461830106
7729,0.455272057
7730,0.453325136
7731,0.44809919
7732,0.455272057
7733,0.499743826
7734,0.599036787
7735,0.576391024
7736,0.555897121
7737,0.561737883
7738,0.556409468
7739,0.550671175
7740,0.548621785
7741,0.538887181
7742,0.541346449
7743,0.569832975
7744,0.638282611
7745,0.673327185
7746,0.669638283
7747,0.63008505
7748,0.596065171
7749,0.575366329
7750,0.54974895
7751,0.507531509
7752,0.478737576
7753,0.468080746
7754,0.465416539
7755,0.470642484
7756,0.487754893
7757,0.53068962
7758,0.601496055
7759,0.62373194
7760,0.618710933
7761,0.604057793
7762,0.593605902
7763,0.583154012
7764,0.578747823
7765,0.575468798
7766,0.576698432
7767,0.588994774
7768,0.636848038
7769,0.656214776
7770,0.645762886
7771,0.608771391
7772,0.571267548
7773,0.546162517
7774,0.535710626
7775,0.514806845
7776,0.494108003
7777,0.478532637
7778,0.45670663
7779,0.449123886
7780,0.474228917
7781,0.533866175
7782,0.587970079
7783,0.622707245
7784,0.599754073
7785,0.589712061
7786,0.597192335
7787,0.587252792
7788,0.580182396
7789,0.571882365
7790,0.562660109
7791,0.584281176
7792,0.633364074
7793,0.647299928
7794,0.648632032
7795,0.637770263
7796,0.585818219
7797,0.559176145
7798,0.524541449
7799,0.496259863
7800,0.47146224
7801,0.453325136
7802,0.44184855
7803,0.430781842
7804,0.448714008
7805,0.499641357
7806,0.554974895
7807,0.592683677
7808,0.623834409
7809,0.60047136
7810,0.586945384
7811,0.583871298
7812,0.561942822
7813,0.533763705
7814,0.529869864
7815,0.543190901
7816,0.567783584
7817,0.583154012
7818,0.582334256
7819,0.572087304
7820,0.547289681
7821,0.512859924
7822,0.50732657
7823,0.479147454
7824,0.457014038
7825,0.445537453
7826,0.447484373
7827,0.432011477
7828,0.434880623
7829,0.448918947
7830,0.463162209
7831,0.491956143
7832,0.518803156
7833,0.53068962
7834,0.533456297
7835,0.540629163
7836,0.526078492
7837,0.49892407
7838,0.49462035
7839,0.499538887
7840,0.535813096
7841,0.570652731
7842,0.564197151
7843,0.563684804
7844,0.574444103
7845,0.550363767
7846,0.522901937
7847,0.495030229
7848,0.461420227
7849,0.445844861
7850,0.435085562
7851,0.427707757
7852,0.427707757
7853,0.445332514
7854,0.445537453
7855,0.469925197
7856,0.497489497
7857,0.505687058
7858,0.523824162
7859,0.550568706
7860,0.53273901
7861,0.508966083
7862,0.488984527
7863,0.513372272
7864,0.542371145
7865,0.563684804
7866,0.565631725
7867,0.571267548
7868,0.58356389
7869,0.552310688
7870,0.532431602
7871,0.505994467
7872,0.472486935
7873,0.447586843
7874,0.443693001
7875,0.446664617
7876,0.452197971
7877,0.48826724
7878,0.552925505
7879,0.577620658
7880,0.598626908
7881,0.607234348
7882,0.61307511
7883,0.610205964
7884,0.620760324
7885,0.584178707
7886,0.595655293
7887,0.614919561
7888,0.631827031
7889,0.648222154
7890,0.670355569
7891,0.623219592
7892,0.580284865
7893,0.567783584
7894,0.558253919
7895,0.52218465
7896,0.48847218
7897,0.4736141
7898,0.464699252
7899,0.470027667
7900,0.477507941
7901,0.505072241
7902,0.543908187
7903,0.587150323
7904,0.599446665
7905,0.593298494
7906,0.594938006
7907,0.57926017
7908,0.571472487
7909,0.555692182
7910,0.552823035
7911,0.599856543
7912,0.619633159
7913,0.634901117
7914,0.620145507
7915,0.580387335
7916,0.550363767
7917,0.553335383
7918,0.542883492
7919,0.516856235
7920,0.494927759
7921,0.462342453
7922,0.452095502
7923,0.447894251
7924,0.460702941
7925,0.499948765
7926,0.536530382
7927,0.584076237
7928,0.593400963
7929,0.594733067
7930,0.583051542
7931,0.586535506
7932,0.565939133
7933,0.553437852
7934,0.55610206
7935,0.563582334
7936,0.609898555
7937,0.659391331
7938,0.657239471
7939,0.62158008
7940,0.579670048
7941,0.563172456
7942,0.555589712
7943,0.543805718
7944,0.525156266
7945,0.509171022
7946,0.501280869
7947,0.497489497
7948,0.500256174
7949,0.535915565
7950,0.569935444
7951,0.581002152
7952,0.609283738
7953,0.626293678
7954,0.632544318
7955,0.626806025
7956,0.612870171
7957,0.599344195
7958,0.578030536
7959,0.594425658
7960,0.620145507
7961,0.648529562
7962,0.670765447
7963,0.669125935
7964,0.661133313
7965,0.641971513
7966,0.610513372
7967,0.599344195
7968,0.56880828
7969,0.557844041
7970,0.558663798
7971,0.551490931
7972,0.565939133
7973,0.603852854
7974,0.640229532
7975,0.655497489
7976,0.663080234
7977,0.662465417
7978,0.668203709
7979,0.688697612
7980,0.685213649
7981,0.677221027
7982,0.672609899
7983,0.690542064
7984,0.712675479
7985,0.721795266
7986,0.726303925
7987,0.720155754
7988,0.690542064
7989,0.675786454
7990,0.65539502
7991,0.649349319
7992,0.631314684
7993,0.622912184
7994,0.615944257
7995,0.628240598
7996,0.615431909
7997,0.610205964
7998,0.614919561
7999,0.625371452
8000,0.633261605
8001,0.640741879
8002,0.634081361
8003,0.650066605
8004,0.66174813
8005,0.670970386
8006,0.670970386
8007,0.683779076
8008,0.69761246
8009,0.695972948
8010,0.692079106
8011,0.660006148
8012,0.64484066
8013,0.633671483
8014,0.636745568
8015,0.628035659
8016,0.618301055
8017,0.611538067
8018,0.612255354
8019,0.606414592
8020,0.60252075
8021,0.589302183
8022,0.595450354
8023,0.601393585
8024,0.607439287
8025,0.618198586
8026,0.628138129
8027,0.649451788
8028,0.641766574
8029,0.647812276
8030,0.649349319
8031,0.65754688
8032,0.676708679
8033,0.677938313
8034,0.681627216
8035,0.670355569
8036,0.651706117
8037,0.651808587
8038,0.650169075
8039,0.62373194
8040,0.592478738
8041,0.596372579
8042,0.589712061
8043,0.583154012
8044,0.589404652
8045,0.617788708
8046,0.647402398
8047,0.674659289
8048,0.677016088
8049,0.680397582
8050,0.674146941
8051,0.664617276
8052,0.641254227
8053,0.635515934
8054,0.662567886
8055,0.693718619
8056,0.730300236
8057,0.744850907
8058,0.741571882
8059,0.709601394
8060,0.678450661
8061,0.654267855
8062,0.649554258
8063,0.61737883
8064,0.594220719
8065,0.582231786
8066,0.584895993
8067,0.584383646
8068,0.592991085
8069,0.638999898
8070,0.684701301
8071,0.716569321
8072,0.717389077
8073,0.704375448
8074,0.677221027
8075,0.669228405
8076,0.656214776
8077,0.633466544
8078,0.644328312
8079,0.668203709
8080,0.729173071
8081,0.739624962
8082,0.753560816
8083,0.747105236
8084,0.695255661
8085,0.664924685
8086,0.643918434
8087,0.596987396
8088,0.578235475
8089,0.575161389
8090,0.557536633
8091,0.563479865
8092,0.590224408
8093,0.636233221
8094,0.686648222
8095,0.723229839
8096,0.718208833
8097,0.713905113
8098,0.721487857
8099,0.696587765
8100,0.67015063
8101,0.661440721
8102,0.663695051
8103,0.693206271
8104,0.718516241
8105,0.741162004
8106,0.746490419
8107,0.736653346
8108,0.69556307
8109,0.656932063
8110,0.648324623
8111,0.609488677
8112,0.597499744
8113,0.581616969
8114,0.570345322
8115,0.570140383
8116,0.591351573
8117,0.642996209
8118,0.698432216
8119,0.73573112
8120,0.73573112
8121,0.731837278
8122,0.730915053
8123,0.712060662
8124,0.692591454
8125,0.69341121
8126,0.679782765
8127,0.679577826
8128,0.718208833
8129,0.740239779
8130,0.754585511
8131,0.720668101
8132,0.673019777
8133,0.636540629
8134,0.612562763
8135,0.585510811
8136,0.554155139
8137,0.54544523
8138,0.536325443
8139,0.535198279
8140,0.540834102
8141,0.584793524
8142,0.644430782
8143,0.690029716
8144,0.706732247
8145,0.6870581
8146,0.677118557
8147,0.660211087
8148,0.630289989
8149,0.635925812
8150,0.611743006
8151,0.59821703
8152,0.647094989
8153,0.680909929
8154,0.671175325
8155,0.660416026
8156,0.619325751
8157,0.589609591
8158,0.563889743
8159,0.550056358
8160,0.523004406
8161,0.493288247
8162,0.485193155
8163,0.468695563
8164,0.472794344
8165,0.514601906
8166,0.548519316
8167,0.56665642
8168,0.599139256
8169,0.611845476
8170,0.593298494
8171,0.599446665
8172,0.582129317
8173,0.542268675
8174,0.508863613
8175,0.521569833
8176,0.572292243
8177,0.596884927
8178,0.608463982
8179,0.574751511
8180,0.543600779
8181,0.50527718
8182,0.503842607
8183,0.483041295
8184,0.47781535
8185,0.465723947
8186,0.439901629
8187,0.420227482
8188,0.397889128
8189,0.4016805
8190,0.404857055
8191,0.434470745
8192,0.467978276
8193,0.499231479
8194,0.497796905
8195,0.504764832
8196,0.491136387
8197,0.466236295
8198,0.455169587
8199,0.455886874
8200,0.484475868
8201,0.542576084
8202,0.549851419
8203,0.541858797
8204,0.525053796
8205,0.497182088
8206,0.471872118
8207,0.445025105
8208,0.419715135
8209,0.413157086
8210,0.405061994
8211,0.399323701
8212,0.407623732
8213,0.444205349
8214,0.487549954
8215,0.521057485
8216,0.542678553
8217,0.546162517
8218,0.53919459
8219,0.538579773
8220,0.533968644
8221,0.519827851
8222,0.521159955
8223,0.542371145
8224,0.555692182
8225,0.600983707
8226,0.621785019
8227,0.627523312
8228,0.63633569
8229,0.615636848
8230,0.579567579
8231,0.56030331
8232,0.52433651
8233,0.508453735
8234,0.497591966
8235,0.496669741
8236,0.507838918
8237,0.548724255
8238,0.631109745
8239,0.671892612
8240,0.691771698
8241,0.705912491
8242,0.674249411
8243,0.643815965
8244,0.642278922
8245,0.61092325
8246,0.592888616
8247,0.605389897
8248,0.632544318
8249,0.674249411
8250,0.684701301
8251,0.664207398
8252,0.63633569
8253,0.609283738
8254,0.591761451
8255,0.572702121
8256,0.538169894
8257,0.492468491
8258,0.474843734
8259,0.475561021
8260,0.485807972
8261,0.520442668
8262,0.594938006
8263,0.6426888
8264,0.663182703
8265,0.676913618
8266,0.683266728
8267,0.650169075
8268,0.640127062
8269,0.618915873
8270,0.625678861
8271,0.648939441
8272,0.641971513
8273,0.665232093
8274,0.665744441
8275,0.658674044
8276,0.645865355
8277,0.62362947
8278,0.619735629
8279,0.599344195
8280,0.5707552
8281,0.552720566
8282,0.541346449
8283,0.535505687
8284,0.541551388
8285,0.593810841
8286,0.638999898
8287,0.679577826
8288,0.674761758
8289,0.687263039
8290,0.707142125
8291,0.704785326
8292,0.6786556
8293,0.645967825
8294,0.623936879
8295,0.649861666
8296,0.690132186
8297,0.699456912
8298,0.694230966
8299,0.666154319
8300,0.647709806
8301,0.648017215
8302,0.648222154
8303,0.646070294
8304,0.619325751
8305,0.602110872
8306,0.601393585
8307,0.590121939
8308,0.585203402
8309,0.619633159
8310,0.665232093
8311,0.692181576
8312,0.707244595
8313,0.696177887
8314,0.713085357
8315,0.729685419
8316,0.733989138
8317,0.707244595
8318,0.695153192
8319,0.692898863
8320,0.721590327
8321,0.743826212
8322,0.742699047
8323,0.714212522
8324,0.687365509
8325,0.682139563
8326,0.675274106
8327,0.673634594
8328,0.652833282
8329,0.641356696
8330,0.634081361
8331,0.618403525
8332,0.612767702
8333,0.617686238
8334,0.634696178
8335,0.652218465
8336,0.678245722
8337,0.680500051
8338,0.68490624
8339,0.706937186
8340,0.690542064
8341,0.667691362
8342,0.654165386
8343,0.659391331
8344,0.663490112
8345,0.690849472
8346,0.697305052
8347,0.688492673
8348,0.679167948
8349,0.675479045
8350,0.665027154
8351,0.668203709
8352,0.661543191
8353,0.656009837
8354,0.658674044
8355,0.650681422
8356,0.631519623
8357,0.633569013
8358,0.635413464
8359,0.650578953
8360,0.661338252
8361,0.657034532
8362,0.648529562
8363,0.667691362
8364,0.667076545
8365,0.657854288
8366,0.656522185
8367,0.696177887
8368,0.699251973
8369,0.72507429
8370,0.737473102
8371,0.731837278
8372,0.717389077
8373,0.700174198
8374,0.696280357
8375,0.661440721
8376,0.66174813
8377,0.658878984
8378,0.654370325
8379,0.651603648
8380,0.64904191
8381,0.671790142
8382,0.710728558
8383,0.7230249
8384,0.720770571
8385,0.716569321
8386,0.716466851
8387,0.706629778
8388,0.713290296
8389,0.711650784
8390,0.722512553
8391,0.747002767
8392,0.781022646
8393,0.779178194
8394,0.772620146
8395,0.759196639
8396,0.721180449
8397,0.70816682
8398,0.700071729
8399,0.679885234
8400,0.673634594
8401,0.68285685
8402,0.686955631
8403,0.686033405
8404,0.681524746
8405,0.687263039
8406,0.693821088
8407,0.71257301
8408,0.714007583
8409,0.725791577
8410,0.729787888
8411,0.72732862
8412,0.709089046
8413,0.728763193
8414,0.741879291
8415,0.752536121
8416,0.761450968
8417,0.793523927
8418,0.779793012
8419,0.761553438
8420,0.733066913
8421,0.724664412
8422,0.6954606
8423,0.675991393
8424,0.665641972
8425,0.660211087
8426,0.664207398
8427,0.669023466
8428,0.677118557
8429,0.689927247
8430,0.695050722
8431,0.705502613
8432,0.720565632
8433,0.718516241
8434,0.718618711
8435,0.719643406
8436,0.715134747
8437,0.703658162
8438,0.717184138
8439,0.745363254
8440,0.761758377
8441,0.750691669
8442,0.741366943
8443,0.730710114
8444,0.716876729
8445,0.700584076
8446,0.689722308
8447,0.677835844
8448,0.680500051
8449,0.67015063
8450,0.667691362
8451,0.682037094
8452,0.677118557
8453,0.711138436
8454,0.746490419
8455,0.712982888
8456,0.708986576
8457,0.692796393
8458,0.677835844
8459,0.663182703
8460,0.665437032
8461,0.673224716
8462,0.683061789
8463,0.688492673
8464,0.705502613
8465,0.726508864
8466,0.713187827
8467,0.719335998
8468,0.713392766
8469,0.702018649
8470,0.703555692
8471,0.696485296
8472,0.673839533
8473,0.653653038
8474,0.65959627
8475,0.658469105
8476,0.681627216
8477,0.72097551
8478,0.734706425
8479,0.744748437
8480,0.74208423
8481,0.722922431
8482,0.723537248
8483,0.721282918
8484,0.727123681
8485,0.727021211
8486,0.733271852
8487,0.754483041
8488,0.761450968
8489,0.772312737
8490,0.768521365
8491,0.752126242
8492,0.739829901
8493,0.723229839
8494,0.717696485
8495,0.689414899
8496,0.675274106
8497,0.617993647
8498,0.648632032
8499,0.67220002
8500,0.671380264
8501,0.685828466
8502,0.721180449
8503,0.73357926
8504,0.745260785
8505,0.734603955
8506,0.732554565
8507,0.726303925
8508,0.720668101
8509,0.692693924
8510,0.690747003
8511,0.69976432
8512,0.723742187
8513,0.744953376
8514,0.760528743
8515,0.765549749
8516,0.750281791
8517,0.740239779
8518,0.727943437
8519,0.704887796
8520,0.706732247
8521,0.683881545
8522,0.673737063
8523,0.669945691
8524,0.683779076
8525,0.683881545
8526,0.696280357
8527,0.71247054
8528,0.71677426
8529,0.712982888
8530,0.723229839
8531,0.72097551
8532,0.720258223
8533,0.708884107
8534,0.703555692
8535,0.716876729
8536,0.733784199
8537,0.753765755
8538,0.761860846
8539,0.76114356
8540,0.760221334
8541,0.775284353
8542,0.754483041
8543,0.730607644
8544,0.693308741
8545,0.681627216
8546,0.677528435
8547,0.675274106
8548,0.676196332
8549,0.712163131
8550,0.72097551
8551,0.719335998
8552,0.719540937
8553,0.723537248
8554,0.730505175
8555,0.728558254
8556,0.71677426
8557,0.709089046
8558,0.702018649
8559,0.712982888
8560,0.741469413
8561,0.749462035
8562,0.757352188
8563,0.753253407
8564,0.760118865
8565,0.762578133
8566,0.760938621
8567,0.736550876
8568,0.706424839
8569,0.691464289
8570,0.677938313
8571,0.6786556
8572,0.681524746
8573,0.697100113
8574,0.711548314
8575,0.719335998
8576,0.734399016
8577,0.732349626
8578,0.741469413
8579,0.751511425
8580,0.744645968
8581,0.723844656
8582,0.714417461
8583,0.724766882
8584,0.740547187
8585,0.754380572
8586,0.755917615
8587,0.751408956
8588,0.749666974
8589,0.764934932
8590,0.766779383
8591,0.73562865
8592,0.725381699
8593,0.70181371
8594,0.685213649
8595,0.685111179
8596,0.675479045
8597,0.695972948
8598,0.70396557
8599,0.698842094
8600,0.717901424
8601,0.741162004
8602,0.731222461
8603,0.736345937
8604,0.743313864
8605,0.72312737
8606,0.705400143
8607,0.702838406
8608,0.714212522
8609,0.749666974
8610,0.752126242
8611,0.73562865
8612,0.735321242
8613,0.749666974
8614,0.753663285
8615,0.732964443
8616,0.722615022
8617,0.714417461
8618,0.693616149
8619,0.673942002
8620,0.685111179
8621,0.695358131
8622,0.704170509
8623,0.710011272
8624,0.717389077
8625,0.738087919
8626,0.760836151
8627,0.742801517
8628,0.734194077
8629,0.725586638
8630,0.717491546
8631,0.733271852
8632,0.749871913
8633,0.749871913
8634,0.753458346
8635,0.743006456
8636,0.727840967
8637,0.73562865
8638,0.741162004
8639,0.716569321
8640,0.709293985
8641,0.701301363
8642,0.693616149
8643,0.66799877
8644,0.675991393
8645,0.680909929
8646,0.689824777
8647,0.702940875
8648,0.718618711
8649,0.740854596
8650,0.762270724
8651,0.757044779
8652,0.746080541
8653,0.728865662
8654,0.716569321
8655,0.717594016
8656,0.754483041
8657,0.781022646
8658,0.786248591
8659,0.767189261
8660,0.754585511
8661,0.721077979
8662,0.714827339
8663,0.711138436
8664,0.700481607
8665,0.692898863
8666,0.665641972
8667,0.651296239
8668,0.643201148
8669,0.648836971
8670,0.657956758
8671,0.67015063
8672,0.690542064
8673,0.72097551
8674,0.727840967
8675,0.70816682
8676,0.706014961
8677,0.683881545
8678,0.686853161
8679,0.708064351
8680,0.733374321
8681,0.740547187
8682,0.742289169
8683,0.736858285
8684,0.714314991
8685,0.688287734
8686,0.677323496
8687,0.672712368
8688,0.666359258
8689,0.662875295
8690,0.65744441
8691,0.650169075
8692,0.626806025
8693,0.621785019
8694,0.631007275
8695,0.628957885
8696,0.641151757
8697,0.643303617
8698,0.657137002
8699,0.659288862
8700,0.670048161
8701,0.654575264
8702,0.650066605
8703,0.666154319
8704,0.689107491
8705,0.709703863
8706,0.715647095
8707,0.70826929
8708,0.703555692
8709,0.671687673
8710,0.669125935
8711,0.646582642
8712,0.64279127
8713,0.64914438
8714,0.643611026
8715,0.631417153
8716,0.629572702
8717,0.637360385
8718,0.665334563
8719,0.681217338
8720,0.705810022
8721,0.719131059
8722,0.683061789
8723,0.687365509
8724,0.676093862
8725,0.642483861
8726,0.633569013
8727,0.653960447
8728,0.673224716
8729,0.710831028
8730,0.7314274
8731,0.723639717
8732,0.688082795
8733,0.679372887
8734,0.671687673
8735,0.632954196
8736,0.594938006
8737,0.593196024
8738,0.598114561
8739,0.604877549
8740,0.60467261
8741,0.610615842
8742,0.63848755
8743,0.67220002
8744,0.68070499
8745,0.675991393
8746,0.675888923
8747,0.650578953
8748,0.644328312
8749,0.648836971
8750,0.683266728
8751,0.700789015
8752,0.722000205
8753,0.730915053
8754,0.724254534
8755,0.692386515
8756,0.642996209
8757,0.638692489
8758,0.641356696
8759,0.629060355
