timestamp,facteur_charge
2023-01-01 01:00:00,0.0
2023-01-01 02:00:00,0.0
2023-01-01 03:00:00,0.0
2023-01-01 04:00:00,0.0
2023-01-01 05:00:00,0.0
2023-01-01 06:00:00,0.0
2023-01-01 07:00:00,0.0
2023-01-01 08:00:00,0.159
2023-01-01 09:00:00,1.32
2023-01-01 10:00:00,2.917
2023-01-01 11:00:00,3.997
2023-01-01 12:00:00,4.289
2023-01-01 13:00:00,3.821
2023-01-01 14:00:00,2.779
2023-01-01 15:00:00,1.503
2023-01-01 16:00:00,0.396
2023-01-01 17:00:00,0.001
2023-01-01 18:00:00,0.0
2023-01-01 19:00:00,0.0
2023-01-01 20:00:00,0.0
2023-01-01 21:00:00,0.0
2023-01-01 22:00:00,0.0
2023-01-01 23:00:00,0.0
2023-01-02 00:00:00,0.0
2023-01-02 01:00:00,0.0
2023-01-02 02:00:00,0.0
2023-01-02 03:00:00,0.0
2023-01-02 04:00:00,0.0
2023-01-02 05:00:00,0.0
2023-01-02 06:00:00,0.0
2023-01-02 07:00:00,0.0
2023-01-02 08:00:00,0.14700000000000002
2023-01-02 09:00:00,0.784
2023-01-02 10:00:00,1.943
2023-01-02 11:00:00,3.311
2023-01-02 12:00:00,4.073
2023-01-02 13:00:00,3.965
2023-01-02 14:00:00,3.2960000000000003
2023-01-02 15:00:00,2.006
2023-01-02 16:00:00,0.477
2023-01-02 17:00:00,0.0
2023-01-02 18:00:00,0.0
2023-01-02 19:00:00,0.0
2023-01-02 20:00:00,0.0
2023-01-02 21:00:00,0.0
2023-01-02 22:00:00,0.0
2023-01-02 23:00:00,0.0
2023-01-03 00:00:00,0.0
2023-01-03 01:00:00,0.0
2023-01-03 02:00:00,0.0
2023-01-03 03:00:00,0.0
2023-01-03 04:00:00,0.0
2023-01-03 05:00:00,0.0
2023-01-03 06:00:00,0.0
2023-01-03 07:00:00,0.0
2023-01-03 08:00:00,0.038
2023-01-03 09:00:00,0.62
2023-01-03 10:00:00,1.752
2023-01-03 11:00:00,2.842
2023-01-03 12:00:00,3.547
2023-01-03 13:00:00,3.638
2023-01-03 14:00:00,3.091
2023-01-03 15:00:00,2.026
2023-01-03 16:00:00,0.588
2023-01-03 17:00:00,0.003
2023-01-03 18:00:00,0.0
2023-01-03 19:00:00,0.0
2023-01-03 20:00:00,0.0
2023-01-03 21:00:00,0.0
2023-01-03 22:00:00,0.0
2023-01-03 23:00:00,0.0
2023-01-04 00:00:00,0.0
2023-01-04 01:00:00,0.0
2023-01-04 02:00:00,0.0
2023-01-04 03:00:00,0.0
2023-01-04 04:00:00,0.0
2023-01-04 05:00:00,0.0
2023-01-04 06:00:00,0.0
2023-01-04 07:00:00,0.0
2023-01-04 08:00:00,0.193
2023-01-04 09:00:00,0.935
2023-01-04 10:00:00,1.776
2023-01-04 11:00:00,2.416
2023-01-04 12:00:00,2.792
2023-01-04 13:00:00,2.727
2023-01-04 14:00:00,2.233
2023-01-04 15:00:00,1.458
2023-01-04 16:00:00,0.438
2023-01-04 17:00:00,0.0
2023-01-04 18:00:00,0.0
2023-01-04 19:00:00,0.0
2023-01-04 20:00:00,0.0
2023-01-04 21:00:00,0.0
2023-01-04 22:00:00,0.0
2023-01-04 23:00:00,0.0
2023-01-05 00:00:00,0.0
2023-01-05 01:00:00,0.0
2023-01-05 02:00:00,0.0
2023-01-05 03:00:00,0.0
2023-01-05 04:00:00,0.0
2023-01-05 05:00:00,0.0
2023-01-05 06:00:00,0.0
2023-01-05 07:00:00,0.0
2023-01-05 08:00:00,0.121
2023-01-05 09:00:00,1.031
2023-01-05 10:00:00,2.0629999999999997
2023-01-05 11:00:00,3.044
2023-01-05 12:00:00,3.48
2023-01-05 13:00:00,3.126
2023-01-05 14:00:00,2.566
2023-01-05 15:00:00,1.4729999999999999
2023-01-05 16:00:00,0.45399999999999996
2023-01-05 17:00:00,0.0
2023-01-05 18:00:00,0.0
2023-01-05 19:00:00,0.0
2023-01-05 20:00:00,0.0
2023-01-05 21:00:00,0.0
2023-01-05 22:00:00,0.0
2023-01-05 23:00:00,0.0
2023-01-06 00:00:00,0.0
2023-01-06 01:00:00,0.0
2023-01-06 02:00:00,0.0
2023-01-06 03:00:00,0.0
2023-01-06 04:00:00,0.0
2023-01-06 05:00:00,0.0
2023-01-06 06:00:00,0.0
2023-01-06 07:00:00,0.0
2023-01-06 08:00:00,0.053000000000000005
2023-01-06 09:00:00,0.6839999999999999
2023-01-06 10:00:00,1.685
2023-01-06 11:00:00,2.742
2023-01-06 12:00:00,3.434
2023-01-06 13:00:00,3.501
2023-01-06 14:00:00,2.855
2023-01-06 15:00:00,1.746
2023-01-06 16:00:00,0.615
2023-01-06 17:00:00,0.005
2023-01-06 18:00:00,0.0
2023-01-06 19:00:00,0.0
2023-01-06 20:00:00,0.0
2023-01-06 21:00:00,0.0
2023-01-06 22:00:00,0.0
2023-01-06 23:00:00,0.0
2023-01-07 00:00:00,0.0
2023-01-07 01:00:00,0.0
2023-01-07 02:00:00,0.0
2023-01-07 03:00:00,0.0
2023-01-07 04:00:00,0.0
2023-01-07 05:00:00,0.0
2023-01-07 06:00:00,0.0
2023-01-07 07:00:00,0.0
2023-01-07 08:00:00,0.095
2023-01-07 09:00:00,0.9239999999999999
2023-01-07 10:00:00,2.13
2023-01-07 11:00:00,3.468
2023-01-07 12:00:00,4.043
2023-01-07 13:00:00,3.796
2023-01-07 14:00:00,2.855
2023-01-07 15:00:00,1.541
2023-01-07 16:00:00,0.35
2023-01-07 17:00:00,0.0
2023-01-07 18:00:00,0.0
2023-01-07 19:00:00,0.0
2023-01-07 20:00:00,0.0
2023-01-07 21:00:00,0.0
2023-01-07 22:00:00,0.0
2023-01-07 23:00:00,0.0
2023-01-08 00:00:00,0.0
2023-01-08 01:00:00,0.0
2023-01-08 02:00:00,0.0
2023-01-08 03:00:00,0.0
2023-01-08 04:00:00,0.0
2023-01-08 05:00:00,0.0
2023-01-08 06:00:00,0.0
2023-01-08 07:00:00,0.0
2023-01-08 08:00:00,0.015
2023-01-08 09:00:00,0.515
2023-01-08 10:00:00,1.456
2023-01-08 11:00:00,2.017
2023-01-08 12:00:00,2.558
2023-01-08 13:00:00,2.619
2023-01-08 14:00:00,2.1
2023-01-08 15:00:00,1.065
2023-01-08 16:00:00,0.226
2023-01-08 17:00:00,0.0
2023-01-08 18:00:00,0.0
2023-01-08 19:00:00,0.0
2023-01-08 20:00:00,0.0
2023-01-08 21:00:00,0.0
2023-01-08 22:00:00,0.0
2023-01-08 23:00:00,0.0
2023-01-09 00:00:00,0.0
2023-01-09 01:00:00,0.0
2023-01-09 02:00:00,0.0
2023-01-09 03:00:00,0.0
2023-01-09 04:00:00,0.0
2023-01-09 05:00:00,0.0
2023-01-09 06:00:00,0.0
2023-01-09 07:00:00,0.0
2023-01-09 08:00:00,0.162
2023-01-09 09:00:00,0.9870000000000001
2023-01-09 10:00:00,1.996
2023-01-09 11:00:00,2.917
2023-01-09 12:00:00,3.31
2023-01-09 13:00:00,3.148
2023-01-09 14:00:00,2.779
2023-01-09 15:00:00,1.67
2023-01-09 16:00:00,0.483
2023-01-09 17:00:00,0.0
2023-01-09 18:00:00,0.0
2023-01-09 19:00:00,0.0
2023-01-09 20:00:00,0.0
2023-01-09 21:00:00,0.0
2023-01-09 22:00:00,0.0
2023-01-09 23:00:00,0.0
2023-01-10 00:00:00,0.0
2023-01-10 01:00:00,0.0
2023-01-10 02:00:00,0.0
2023-01-10 03:00:00,0.0
2023-01-10 04:00:00,0.0
2023-01-10 05:00:00,0.0
2023-01-10 06:00:00,0.0
2023-01-10 07:00:00,0.0
2023-01-10 08:00:00,0.31800000000000006
2023-01-10 09:00:00,1.177
2023-01-10 10:00:00,2.064
2023-01-10 11:00:00,2.923
2023-01-10 12:00:00,3.2939999999999996
2023-01-10 13:00:00,3.335
2023-01-10 14:00:00,2.674
2023-01-10 15:00:00,1.7510000000000001
2023-01-10 16:00:00,0.578
2023-01-10 17:00:00,0.003
2023-01-10 18:00:00,0.0
2023-01-10 19:00:00,0.0
2023-01-10 20:00:00,0.0
2023-01-10 21:00:00,0.0
2023-01-10 22:00:00,0.0
2023-01-10 23:00:00,0.0
2023-01-11 00:00:00,0.0
2023-01-11 01:00:00,0.0
2023-01-11 02:00:00,0.0
2023-01-11 03:00:00,0.0
2023-01-11 04:00:00,0.0
2023-01-11 05:00:00,0.0
2023-01-11 06:00:00,0.0
2023-01-11 07:00:00,0.0
2023-01-11 08:00:00,0.077
2023-01-11 09:00:00,0.7310000000000001
2023-01-11 10:00:00,1.852
2023-01-11 11:00:00,2.8529999999999998
2023-01-11 12:00:00,3.606
2023-01-11 13:00:00,4.257
2023-01-11 14:00:00,3.804
2023-01-11 15:00:00,2.358
2023-01-11 16:00:00,0.739
2023-01-11 17:00:00,0.006
2023-01-11 18:00:00,0.0
2023-01-11 19:00:00,0.0
2023-01-11 20:00:00,0.0
2023-01-11 21:00:00,0.0
2023-01-11 22:00:00,0.0
2023-01-11 23:00:00,0.0
2023-01-12 00:00:00,0.0
2023-01-12 01:00:00,0.0
2023-01-12 02:00:00,0.0
2023-01-12 03:00:00,0.0
2023-01-12 04:00:00,0.0
2023-01-12 05:00:00,0.0
2023-01-12 06:00:00,0.0
2023-01-12 07:00:00,0.0
2023-01-12 08:00:00,0.221
2023-01-12 09:00:00,0.8140000000000001
2023-01-12 10:00:00,1.502
2023-01-12 11:00:00,2.275
2023-01-12 12:00:00,2.5300000000000002
2023-01-12 13:00:00,2.493
2023-01-12 14:00:00,2.093
2023-01-12 15:00:00,1.347
2023-01-12 16:00:00,0.45699999999999996
2023-01-12 17:00:00,0.003
2023-01-12 18:00:00,0.0
2023-01-12 19:00:00,0.0
2023-01-12 20:00:00,0.0
2023-01-12 21:00:00,0.0
2023-01-12 22:00:00,0.0
2023-01-12 23:00:00,0.0
2023-01-13 00:00:00,0.0
2023-01-13 01:00:00,0.0
2023-01-13 02:00:00,0.0
2023-01-13 03:00:00,0.0
2023-01-13 04:00:00,0.0
2023-01-13 05:00:00,0.0
2023-01-13 06:00:00,0.0
2023-01-13 07:00:00,0.0
2023-01-13 08:00:00,0.038000000000000006
2023-01-13 09:00:00,0.885
2023-01-13 10:00:00,2.313
2023-01-13 11:00:00,3.865
2023-01-13 12:00:00,4.642
2023-01-13 13:00:00,4.358
2023-01-13 14:00:00,3.636
2023-01-13 15:00:00,2.136
2023-01-13 16:00:00,0.5820000000000001
2023-01-13 17:00:00,0.003
2023-01-13 18:00:00,0.0
2023-01-13 19:00:00,0.0
2023-01-13 20:00:00,0.0
2023-01-13 21:00:00,0.0
2023-01-13 22:00:00,0.0
2023-01-13 23:00:00,0.0
2023-01-14 00:00:00,0.0
2023-01-14 01:00:00,0.0
2023-01-14 02:00:00,0.0
2023-01-14 03:00:00,0.0
2023-01-14 04:00:00,0.0
2023-01-14 05:00:00,0.0
2023-01-14 06:00:00,0.0
2023-01-14 07:00:00,0.0
2023-01-14 08:00:00,0.326
2023-01-14 09:00:00,1.062
2023-01-14 10:00:00,1.8259999999999998
2023-01-14 11:00:00,2.668
2023-01-14 12:00:00,2.81
2023-01-14 13:00:00,2.581
2023-01-14 14:00:00,2.137
2023-01-14 15:00:00,1.235
2023-01-14 16:00:00,0.446
2023-01-14 17:00:00,0.009000000000000001
2023-01-14 18:00:00,0.0
2023-01-14 19:00:00,0.0
2023-01-14 20:00:00,0.0
2023-01-14 21:00:00,0.0
2023-01-14 22:00:00,0.0
2023-01-14 23:00:00,0.0
2023-01-15 00:00:00,0.0
2023-01-15 01:00:00,0.0
2023-01-15 02:00:00,0.0
2023-01-15 03:00:00,0.0
2023-01-15 04:00:00,0.0
2023-01-15 05:00:00,0.0
2023-01-15 06:00:00,0.0
2023-01-15 07:00:00,0.0
2023-01-15 08:00:00,0.118
2023-01-15 09:00:00,0.7749999999999999
2023-01-15 10:00:00,2.022
2023-01-15 11:00:00,3.157
2023-01-15 12:00:00,3.569
2023-01-15 13:00:00,3.56
2023-01-15 14:00:00,3.1580000000000004
2023-01-15 15:00:00,1.893
2023-01-15 16:00:00,0.474
2023-01-15 17:00:00,0.003
2023-01-15 18:00:00,0.0
2023-01-15 19:00:00,0.0
2023-01-15 20:00:00,0.0
2023-01-15 21:00:00,0.0
2023-01-15 22:00:00,0.0
2023-01-15 23:00:00,0.0
2023-01-16 00:00:00,0.0
2023-01-16 01:00:00,0.0
2023-01-16 02:00:00,0.0
2023-01-16 03:00:00,0.0
2023-01-16 04:00:00,0.0
2023-01-16 05:00:00,0.0
2023-01-16 06:00:00,0.0
2023-01-16 07:00:00,0.0
2023-01-16 08:00:00,0.085
2023-01-16 09:00:00,0.671
2023-01-16 10:00:00,1.5
2023-01-16 11:00:00,1.81
2023-01-16 12:00:00,2.0380000000000003
2023-01-16 13:00:00,1.985
2023-01-16 14:00:00,1.838
2023-01-16 15:00:00,1.143
2023-01-16 16:00:00,0.359
2023-01-16 17:00:00,0.0
2023-01-16 18:00:00,0.0
2023-01-16 19:00:00,0.0
2023-01-16 20:00:00,0.0
2023-01-16 21:00:00,0.0
2023-01-16 22:00:00,0.0
2023-01-16 23:00:00,0.0
2023-01-17 00:00:00,0.0
2023-01-17 01:00:00,0.0
2023-01-17 02:00:00,0.0
2023-01-17 03:00:00,0.0
2023-01-17 04:00:00,0.0
2023-01-17 05:00:00,0.0
2023-01-17 06:00:00,0.0
2023-01-17 07:00:00,0.0
2023-01-17 08:00:00,0.043
2023-01-17 09:00:00,0.618
2023-01-17 10:00:00,1.377
2023-01-17 11:00:00,2.112
2023-01-17 12:00:00,2.729
2023-01-17 13:00:00,2.9130000000000003
2023-01-17 14:00:00,2.44
2023-01-17 15:00:00,1.3599999999999999
2023-01-17 16:00:00,0.35
2023-01-17 17:00:00,0.0
2023-01-17 18:00:00,0.0
2023-01-17 19:00:00,0.0
2023-01-17 20:00:00,0.0
2023-01-17 21:00:00,0.0
2023-01-17 22:00:00,0.0
2023-01-17 23:00:00,0.0
2023-01-18 00:00:00,0.0
2023-01-18 01:00:00,0.0
2023-01-18 02:00:00,0.0
2023-01-18 03:00:00,0.0
2023-01-18 04:00:00,0.0
2023-01-18 05:00:00,0.0
2023-01-18 06:00:00,0.0
2023-01-18 07:00:00,0.0
2023-01-18 08:00:00,0.109
2023-01-18 09:00:00,1.372
2023-01-18 10:00:00,2.958
2023-01-18 11:00:00,4.16
2023-01-18 12:00:00,4.713
2023-01-18 13:00:00,4.349
2023-01-18 14:00:00,3.4579999999999997
2023-01-18 15:00:00,1.981
2023-01-18 16:00:00,0.534
2023-01-18 17:00:00,0.0
2023-01-18 18:00:00,0.0
2023-01-18 19:00:00,0.0
2023-01-18 20:00:00,0.0
2023-01-18 21:00:00,0.0
2023-01-18 22:00:00,0.0
2023-01-18 23:00:00,0.0
2023-01-19 00:00:00,0.0
2023-01-19 01:00:00,0.0
2023-01-19 02:00:00,0.0
2023-01-19 03:00:00,0.0
2023-01-19 04:00:00,0.0
2023-01-19 05:00:00,0.0
2023-01-19 06:00:00,0.0
2023-01-19 07:00:00,0.0
2023-01-19 08:00:00,0.417
2023-01-19 09:00:00,1.412
2023-01-19 10:00:00,2.37
2023-01-19 11:00:00,3.1950000000000003
2023-01-19 12:00:00,3.569
2023-01-19 13:00:00,3.396
2023-01-19 14:00:00,2.866
2023-01-19 15:00:00,1.716
2023-01-19 16:00:00,0.537
2023-01-19 17:00:00,0.002
2023-01-19 18:00:00,0.0
2023-01-19 19:00:00,0.0
2023-01-19 20:00:00,0.0
2023-01-19 21:00:00,0.0
2023-01-19 22:00:00,0.0
2023-01-19 23:00:00,0.0
2023-01-20 00:00:00,0.0
2023-01-20 01:00:00,0.0
2023-01-20 02:00:00,0.0
2023-01-20 03:00:00,0.0
2023-01-20 04:00:00,0.0
2023-01-20 05:00:00,0.0
2023-01-20 06:00:00,0.0
2023-01-20 07:00:00,0.0
2023-01-20 08:00:00,0.21700000000000003
2023-01-20 09:00:00,1.74
2023-01-20 10:00:00,3.4939999999999998
2023-01-20 11:00:00,4.682
2023-01-20 12:00:00,5.1129999999999995
2023-01-20 13:00:00,5.414
2023-01-20 14:00:00,4.693
2023-01-20 15:00:00,3.31
2023-01-20 16:00:00,1.32
2023-01-20 17:00:00,0.058
2023-01-20 18:00:00,0.0
2023-01-20 19:00:00,0.0
2023-01-20 20:00:00,0.0
2023-01-20 21:00:00,0.0
2023-01-20 22:00:00,0.0
2023-01-20 23:00:00,0.0
2023-01-21 00:00:00,0.0
2023-01-21 01:00:00,0.0
2023-01-21 02:00:00,0.0
2023-01-21 03:00:00,0.0
2023-01-21 04:00:00,0.0
2023-01-21 05:00:00,0.0
2023-01-21 06:00:00,0.0
2023-01-21 07:00:00,0.0
2023-01-21 08:00:00,0.328
2023-01-21 09:00:00,2.318
2023-01-21 10:00:00,4.798
2023-01-21 11:00:00,6.681
2023-01-21 12:00:00,7.345
2023-01-21 13:00:00,7.128
2023-01-21 14:00:00,6.131
2023-01-21 15:00:00,4.405
2023-01-21 16:00:00,1.8519999999999999
2023-01-21 17:00:00,0.078
2023-01-21 18:00:00,0.0
2023-01-21 19:00:00,0.0
2023-01-21 20:00:00,0.0
2023-01-21 21:00:00,0.0
2023-01-21 22:00:00,0.0
2023-01-21 23:00:00,0.0
2023-01-22 00:00:00,0.0
2023-01-22 01:00:00,0.0
2023-01-22 02:00:00,0.0
2023-01-22 03:00:00,0.0
2023-01-22 04:00:00,0.0
2023-01-22 05:00:00,0.0
2023-01-22 06:00:00,0.0
2023-01-22 07:00:00,0.0
2023-01-22 08:00:00,0.31399999999999995
2023-01-22 09:00:00,1.951
2023-01-22 10:00:00,4.364
2023-01-22 11:00:00,5.857
2023-01-22 12:00:00,6.316
2023-01-22 13:00:00,6.074999999999999
2023-01-22 14:00:00,4.8549999999999995
2023-01-22 15:00:00,2.9859999999999998
2023-01-22 16:00:00,1.133
2023-01-22 17:00:00,0.064
2023-01-22 18:00:00,0.0
2023-01-22 19:00:00,0.0
2023-01-22 20:00:00,0.0
2023-01-22 21:00:00,0.0
2023-01-22 22:00:00,0.0
2023-01-22 23:00:00,0.0
2023-01-23 00:00:00,0.0
2023-01-23 01:00:00,0.0
2023-01-23 02:00:00,0.0
2023-01-23 03:00:00,0.0
2023-01-23 04:00:00,0.0
2023-01-23 05:00:00,0.0
2023-01-23 06:00:00,0.0
2023-01-23 07:00:00,0.0
2023-01-23 08:00:00,0.33199999999999996
2023-01-23 09:00:00,1.905
2023-01-23 10:00:00,4.1209999999999996
2023-01-23 11:00:00,5.711
2023-01-23 12:00:00,5.775
2023-01-23 13:00:00,4.8420000000000005
2023-01-23 14:00:00,3.3850000000000002
2023-01-23 15:00:00,2.067
2023-01-23 16:00:00,0.75
2023-01-23 17:00:00,0.024
2023-01-23 18:00:00,0.0
2023-01-23 19:00:00,0.0
2023-01-23 20:00:00,0.0
2023-01-23 21:00:00,0.0
2023-01-23 22:00:00,0.0
2023-01-23 23:00:00,0.0
2023-01-24 00:00:00,0.0
2023-01-24 01:00:00,0.0
2023-01-24 02:00:00,0.0
2023-01-24 03:00:00,0.0
2023-01-24 04:00:00,0.0
2023-01-24 05:00:00,0.0
2023-01-24 06:00:00,0.0
2023-01-24 07:00:00,0.0
2023-01-24 08:00:00,0.14500000000000002
2023-01-24 09:00:00,1.4889999999999999
2023-01-24 10:00:00,3.565
2023-01-24 11:00:00,5.27
2023-01-24 12:00:00,6.096
2023-01-24 13:00:00,5.836
2023-01-24 14:00:00,4.838
2023-01-24 15:00:00,3.197
2023-01-24 16:00:00,1.219
2023-01-24 17:00:00,0.061
2023-01-24 18:00:00,0.0
2023-01-24 19:00:00,0.0
2023-01-24 20:00:00,0.0
2023-01-24 21:00:00,0.0
2023-01-24 22:00:00,0.0
2023-01-24 23:00:00,0.0
2023-01-25 00:00:00,0.0
2023-01-25 01:00:00,0.0
2023-01-25 02:00:00,0.0
2023-01-25 03:00:00,0.0
2023-01-25 04:00:00,0.0
2023-01-25 05:00:00,0.0
2023-01-25 06:00:00,0.0
2023-01-25 07:00:00,0.002
2023-01-25 08:00:00,0.441
2023-01-25 09:00:00,1.954
2023-01-25 10:00:00,3.893
2023-01-25 11:00:00,5.074
2023-01-25 12:00:00,5.673
2023-01-25 13:00:00,5.55
2023-01-25 14:00:00,4.707
2023-01-25 15:00:00,3.097
2023-01-25 16:00:00,1.025
2023-01-25 17:00:00,0.025
2023-01-25 18:00:00,0.0
2023-01-25 19:00:00,0.0
2023-01-25 20:00:00,0.0
2023-01-25 21:00:00,0.0
2023-01-25 22:00:00,0.0
2023-01-25 23:00:00,0.0
2023-01-26 00:00:00,0.0
2023-01-26 01:00:00,0.0
2023-01-26 02:00:00,0.0
2023-01-26 03:00:00,0.0
2023-01-26 04:00:00,0.0
2023-01-26 05:00:00,0.0
2023-01-26 06:00:00,0.0
2023-01-26 07:00:00,0.002
2023-01-26 08:00:00,0.432
2023-01-26 09:00:00,1.62
2023-01-26 10:00:00,3.0300000000000002
2023-01-26 11:00:00,4.034
2023-01-26 12:00:00,4.737
2023-01-26 13:00:00,4.893
2023-01-26 14:00:00,4.279
2023-01-26 15:00:00,2.798
2023-01-26 16:00:00,1.12
2023-01-26 17:00:00,0.054
2023-01-26 18:00:00,0.0
2023-01-26 19:00:00,0.0
2023-01-26 20:00:00,0.0
2023-01-26 21:00:00,0.0
2023-01-26 22:00:00,0.0
2023-01-26 23:00:00,0.0
2023-01-27 00:00:00,0.0
2023-01-27 01:00:00,0.0
2023-01-27 02:00:00,0.0
2023-01-27 03:00:00,0.0
2023-01-27 04:00:00,0.0
2023-01-27 05:00:00,0.0
2023-01-27 06:00:00,0.0
2023-01-27 07:00:00,0.002
2023-01-27 08:00:00,0.41600000000000004
2023-01-27 09:00:00,1.897
2023-01-27 10:00:00,3.752
2023-01-27 11:00:00,5.495
2023-01-27 12:00:00,6.267
2023-01-27 13:00:00,5.817
2023-01-27 14:00:00,4.197
2023-01-27 15:00:00,2.565
2023-01-27 16:00:00,0.951
2023-01-27 17:00:00,0.041
2023-01-27 18:00:00,0.0
2023-01-27 19:00:00,0.0
2023-01-27 20:00:00,0.0
2023-01-27 21:00:00,0.0
2023-01-27 22:00:00,0.0
2023-01-27 23:00:00,0.0
2023-01-28 00:00:00,0.0
2023-01-28 01:00:00,0.0
2023-01-28 02:00:00,0.0
2023-01-28 03:00:00,0.0
2023-01-28 04:00:00,0.0
2023-01-28 05:00:00,0.0
2023-01-28 06:00:00,0.0
2023-01-28 07:00:00,0.002
2023-01-28 08:00:00,0.35900000000000004
2023-01-28 09:00:00,2.02
2023-01-28 10:00:00,4.196
2023-01-28 11:00:00,5.477
2023-01-28 12:00:00,5.864
2023-01-28 13:00:00,5.539
2023-01-28 14:00:00,4.691
2023-01-28 15:00:00,3.234
2023-01-28 16:00:00,1.371
2023-01-28 17:00:00,0.077
2023-01-28 18:00:00,0.0
2023-01-28 19:00:00,0.0
2023-01-28 20:00:00,0.0
2023-01-28 21:00:00,0.0
2023-01-28 22:00:00,0.0
2023-01-28 23:00:00,0.0
2023-01-29 00:00:00,0.0
2023-01-29 01:00:00,0.0
2023-01-29 02:00:00,0.0
2023-01-29 03:00:00,0.0
2023-01-29 04:00:00,0.0
2023-01-29 05:00:00,0.0
2023-01-29 06:00:00,0.0
2023-01-29 07:00:00,0.0
2023-01-29 08:00:00,0.684
2023-01-29 09:00:00,3.333
2023-01-29 10:00:00,5.75
2023-01-29 11:00:00,6.996
2023-01-29 12:00:00,7.266
2023-01-29 13:00:00,6.868
2023-01-29 14:00:00,5.804
2023-01-29 15:00:00,3.872
2023-01-29 16:00:00,1.544
2023-01-29 17:00:00,0.105
2023-01-29 18:00:00,0.0
2023-01-29 19:00:00,0.0
2023-01-29 20:00:00,0.0
2023-01-29 21:00:00,0.0
2023-01-29 22:00:00,0.0
2023-01-29 23:00:00,0.0
2023-01-30 00:00:00,0.0
2023-01-30 01:00:00,0.0
2023-01-30 02:00:00,0.0
2023-01-30 03:00:00,0.0
2023-01-30 04:00:00,0.0
2023-01-30 05:00:00,0.0
2023-01-30 06:00:00,0.0
2023-01-30 07:00:00,0.008
2023-01-30 08:00:00,0.796
2023-01-30 09:00:00,2.5060000000000002
2023-01-30 10:00:00,4.048
2023-01-30 11:00:00,5.0
2023-01-30 12:00:00,5.282
2023-01-30 13:00:00,5.0969999999999995
2023-01-30 14:00:00,4.359
2023-01-30 15:00:00,3.083
2023-01-30 16:00:00,1.44
2023-01-30 17:00:00,0.11900000000000001
2023-01-30 18:00:00,0.0
2023-01-30 19:00:00,0.0
2023-01-30 20:00:00,0.0
2023-01-30 21:00:00,0.0
2023-01-30 22:00:00,0.0
2023-01-30 23:00:00,0.0
2023-01-31 00:00:00,0.0
2023-01-31 01:00:00,0.0
2023-01-31 02:00:00,0.0
2023-01-31 03:00:00,0.0
2023-01-31 04:00:00,0.0
2023-01-31 05:00:00,0.0
2023-01-31 06:00:00,0.0
2023-01-31 07:00:00,0.011
2023-01-31 08:00:00,0.619
2023-01-31 09:00:00,1.62
2023-01-31 10:00:00,2.791
2023-01-31 11:00:00,3.859
2023-01-31 12:00:00,4.608
2023-01-31 13:00:00,4.762
2023-01-31 14:00:00,4.045
2023-01-31 15:00:00,2.5220000000000002
2023-01-31 16:00:00,0.985
2023-01-31 17:00:00,0.051000000000000004
2023-01-31 18:00:00,0.0
2023-01-31 19:00:00,0.0
2023-01-31 20:00:00,0.0
2023-01-31 21:00:00,0.0
2023-01-31 22:00:00,0.0
2023-01-31 23:00:00,0.0
2023-02-01 00:00:00,0.0
2023-02-01 01:00:00,0.0
2023-02-01 02:00:00,0.0
2023-02-01 03:00:00,0.0
2023-02-01 04:00:00,0.0
2023-02-01 05:00:00,0.0
2023-02-01 06:00:00,0.0
2023-02-01 07:00:00,0.0
2023-02-01 08:00:00,0.179
2023-02-01 09:00:00,1.316
2023-02-01 10:00:00,2.735
2023-02-01 11:00:00,4.285
2023-02-01 12:00:00,5.433
2023-02-01 13:00:00,5.304
2023-02-01 14:00:00,4.586
2023-02-01 15:00:00,3.198
2023-02-01 16:00:00,1.366
2023-02-01 17:00:00,0.094
2023-02-01 18:00:00,0.0
2023-02-01 19:00:00,0.0
2023-02-01 20:00:00,0.0
2023-02-01 21:00:00,0.0
2023-02-01 22:00:00,0.0
2023-02-01 23:00:00,0.0
2023-02-02 00:00:00,0.0
2023-02-02 01:00:00,0.0
2023-02-02 02:00:00,0.0
2023-02-02 03:00:00,0.0
2023-02-02 04:00:00,0.0
2023-02-02 05:00:00,0.0
2023-02-02 06:00:00,0.0
2023-02-02 07:00:00,0.014
2023-02-02 08:00:00,0.707
2023-02-02 09:00:00,2.282
2023-02-02 10:00:00,4.297
2023-02-02 11:00:00,5.895
2023-02-02 12:00:00,6.512
2023-02-02 13:00:00,6.314
2023-02-02 14:00:00,5.298
2023-02-02 15:00:00,3.8
2023-02-02 16:00:00,1.817
2023-02-02 17:00:00,0.208
2023-02-02 18:00:00,0.0
2023-02-02 19:00:00,0.0
2023-02-02 20:00:00,0.0
2023-02-02 21:00:00,0.0
2023-02-02 22:00:00,0.0
2023-02-02 23:00:00,0.0
2023-02-03 00:00:00,0.0
2023-02-03 01:00:00,0.0
2023-02-03 02:00:00,0.0
2023-02-03 03:00:00,0.0
2023-02-03 04:00:00,0.0
2023-02-03 05:00:00,0.0
2023-02-03 06:00:00,0.0
2023-02-03 07:00:00,0.017
2023-02-03 08:00:00,0.954
2023-02-03 09:00:00,2.694
2023-02-03 10:00:00,4.4830000000000005
2023-02-03 11:00:00,5.547
2023-02-03 12:00:00,5.971
2023-02-03 13:00:00,5.864
2023-02-03 14:00:00,5.071
2023-02-03 15:00:00,3.692
2023-02-03 16:00:00,1.787
2023-02-03 17:00:00,0.206
2023-02-03 18:00:00,0.0
2023-02-03 19:00:00,0.0
2023-02-03 20:00:00,0.0
2023-02-03 21:00:00,0.0
2023-02-03 22:00:00,0.0
2023-02-03 23:00:00,0.0
2023-02-04 00:00:00,0.0
2023-02-04 01:00:00,0.0
2023-02-04 02:00:00,0.0
2023-02-04 03:00:00,0.0
2023-02-04 04:00:00,0.0
2023-02-04 05:00:00,0.0
2023-02-04 06:00:00,0.0
2023-02-04 07:00:00,0.019
2023-02-04 08:00:00,0.756
2023-02-04 09:00:00,2.237
2023-02-04 10:00:00,3.873
2023-02-04 11:00:00,5.2669999999999995
2023-02-04 12:00:00,5.92
2023-02-04 13:00:00,5.945
2023-02-04 14:00:00,5.07
2023-02-04 15:00:00,3.793
2023-02-04 16:00:00,1.714
2023-02-04 17:00:00,0.164
2023-02-04 18:00:00,0.0
2023-02-04 19:00:00,0.0
2023-02-04 20:00:00,0.0
2023-02-04 21:00:00,0.0
2023-02-04 22:00:00,0.0
2023-02-04 23:00:00,0.0
2023-02-05 00:00:00,0.0
2023-02-05 01:00:00,0.0
2023-02-05 02:00:00,0.0
2023-02-05 03:00:00,0.0
2023-02-05 04:00:00,0.0
2023-02-05 05:00:00,0.0
2023-02-05 06:00:00,0.0
2023-02-05 07:00:00,0.012
2023-02-05 08:00:00,0.583
2023-02-05 09:00:00,2.055
2023-02-05 10:00:00,3.698
2023-02-05 11:00:00,5.346
2023-02-05 12:00:00,6.698
2023-02-05 13:00:00,6.832
2023-02-05 14:00:00,6.124
2023-02-05 15:00:00,4.567
2023-02-05 16:00:00,2.281
2023-02-05 17:00:00,0.299
2023-02-05 18:00:00,0.0
2023-02-05 19:00:00,0.0
2023-02-05 20:00:00,0.0
2023-02-05 21:00:00,0.0
2023-02-05 22:00:00,0.0
2023-02-05 23:00:00,0.0
2023-02-06 00:00:00,0.0
2023-02-06 01:00:00,0.0
2023-02-06 02:00:00,0.0
2023-02-06 03:00:00,0.0
2023-02-06 04:00:00,0.0
2023-02-06 05:00:00,0.0
2023-02-06 06:00:00,0.0
2023-02-06 07:00:00,0.0
2023-02-06 08:00:00,0.462
2023-02-06 09:00:00,2.269
2023-02-06 10:00:00,5.301
2023-02-06 11:00:00,7.665
2023-02-06 12:00:00,8.616999999999999
2023-02-06 13:00:00,8.55
2023-02-06 14:00:00,7.737
2023-02-06 15:00:00,5.882
2023-02-06 16:00:00,3.107
2023-02-06 17:00:00,0.456
2023-02-06 18:00:00,0.0
2023-02-06 19:00:00,0.0
2023-02-06 20:00:00,0.0
2023-02-06 21:00:00,0.0
2023-02-06 22:00:00,0.0
2023-02-06 23:00:00,0.0
2023-02-07 00:00:00,0.0
2023-02-07 01:00:00,0.0
2023-02-07 02:00:00,0.0
2023-02-07 03:00:00,0.0
2023-02-07 04:00:00,0.0
2023-02-07 05:00:00,0.0
2023-02-07 06:00:00,0.0
2023-02-07 07:00:00,0.002
2023-02-07 08:00:00,0.889
2023-02-07 09:00:00,3.68
2023-02-07 10:00:00,6.481
2023-02-07 11:00:00,7.942
2023-02-07 12:00:00,8.57
2023-02-07 13:00:00,8.506
2023-02-07 14:00:00,7.65
2023-02-07 15:00:00,5.881
2023-02-07 16:00:00,3.152
2023-02-07 17:00:00,0.434
2023-02-07 18:00:00,0.0
2023-02-07 19:00:00,0.0
2023-02-07 20:00:00,0.0
2023-02-07 21:00:00,0.0
2023-02-07 22:00:00,0.0
2023-02-07 23:00:00,0.0
2023-02-08 00:00:00,0.0
2023-02-08 01:00:00,0.0
2023-02-08 02:00:00,0.0
2023-02-08 03:00:00,0.0
2023-02-08 04:00:00,0.0
2023-02-08 05:00:00,0.0
2023-02-08 06:00:00,0.0
2023-02-08 07:00:00,0.028
2023-02-08 08:00:00,1.847
2023-02-08 09:00:00,5.181
2023-02-08 10:00:00,7.654
2023-02-08 11:00:00,8.97
2023-02-08 12:00:00,9.379999999999999
2023-02-08 13:00:00,9.065999999999999
2023-02-08 14:00:00,8.032
2023-02-08 15:00:00,6.172
2023-02-08 16:00:00,3.4210000000000003
2023-02-08 17:00:00,0.564
2023-02-08 18:00:00,0.0
2023-02-08 19:00:00,0.0
2023-02-08 20:00:00,0.0
2023-02-08 21:00:00,0.0
2023-02-08 22:00:00,0.0
2023-02-08 23:00:00,0.0
2023-02-09 00:00:00,0.0
2023-02-09 01:00:00,0.0
2023-02-09 02:00:00,0.0
2023-02-09 03:00:00,0.0
2023-02-09 04:00:00,0.0
2023-02-09 05:00:00,0.0
2023-02-09 06:00:00,0.0
2023-02-09 07:00:00,0.011
2023-02-09 08:00:00,1.496
2023-02-09 09:00:00,3.873
2023-02-09 10:00:00,5.897
2023-02-09 11:00:00,6.991
2023-02-09 12:00:00,7.188
2023-02-09 13:00:00,6.825
2023-02-09 14:00:00,5.646
2023-02-09 15:00:00,4.119
2023-02-09 16:00:00,2.016
2023-02-09 17:00:00,0.29
2023-02-09 18:00:00,0.0
2023-02-09 19:00:00,0.0
2023-02-09 20:00:00,0.0
2023-02-09 21:00:00,0.0
2023-02-09 22:00:00,0.0
2023-02-09 23:00:00,0.0
2023-02-10 00:00:00,0.0
2023-02-10 01:00:00,0.0
2023-02-10 02:00:00,0.0
2023-02-10 03:00:00,0.0
2023-02-10 04:00:00,0.0
2023-02-10 05:00:00,0.0
2023-02-10 06:00:00,0.0
2023-02-10 07:00:00,0.045
2023-02-10 08:00:00,1.635
2023-02-10 09:00:00,3.7079999999999997
2023-02-10 10:00:00,5.383
2023-02-10 11:00:00,6.726
2023-02-10 12:00:00,7.67
2023-02-10 13:00:00,7.898
2023-02-10 14:00:00,7.212
2023-02-10 15:00:00,5.533
2023-02-10 16:00:00,2.8449999999999998
2023-02-10 17:00:00,0.434
2023-02-10 18:00:00,0.0
2023-02-10 19:00:00,0.0
2023-02-10 20:00:00,0.0
2023-02-10 21:00:00,0.0
2023-02-10 22:00:00,0.0
2023-02-10 23:00:00,0.0
2023-02-11 00:00:00,0.0
2023-02-11 01:00:00,0.0
2023-02-11 02:00:00,0.0
2023-02-11 03:00:00,0.0
2023-02-11 04:00:00,0.0
2023-02-11 05:00:00,0.0
2023-02-11 06:00:00,0.0
2023-02-11 07:00:00,0.057
2023-02-11 08:00:00,1.7309999999999999
2023-02-11 09:00:00,4.076
2023-02-11 10:00:00,5.984999999999999
2023-02-11 11:00:00,7.255
2023-02-11 12:00:00,7.848
2023-02-11 13:00:00,7.718999999999999
2023-02-11 14:00:00,6.871
2023-02-11 15:00:00,5.296
2023-02-11 16:00:00,2.9290000000000003
2023-02-11 17:00:00,0.566
2023-02-11 18:00:00,0.0
2023-02-11 19:00:00,0.0
2023-02-11 20:00:00,0.0
2023-02-11 21:00:00,0.0
2023-02-11 22:00:00,0.0
2023-02-11 23:00:00,0.0
2023-02-12 00:00:00,0.0
2023-02-12 01:00:00,0.0
2023-02-12 02:00:00,0.0
2023-02-12 03:00:00,0.0
2023-02-12 04:00:00,0.0
2023-02-12 05:00:00,0.0
2023-02-12 06:00:00,0.0
2023-02-12 07:00:00,0.056
2023-02-12 08:00:00,1.445
2023-02-12 09:00:00,3.6100000000000003
2023-02-12 10:00:00,5.943
2023-02-12 11:00:00,7.6690000000000005
2023-02-12 12:00:00,8.73
2023-02-12 13:00:00,8.758
2023-02-12 14:00:00,7.991
2023-02-12 15:00:00,6.269
2023-02-12 16:00:00,3.567
2023-02-12 17:00:00,0.705
2023-02-12 18:00:00,0.0
2023-02-12 19:00:00,0.0
2023-02-12 20:00:00,0.0
2023-02-12 21:00:00,0.0
2023-02-12 22:00:00,0.0
2023-02-12 23:00:00,0.0
2023-02-13 00:00:00,0.0
2023-02-13 01:00:00,0.0
2023-02-13 02:00:00,0.0
2023-02-13 03:00:00,0.0
2023-02-13 04:00:00,0.0
2023-02-13 05:00:00,0.0
2023-02-13 06:00:00,0.0
2023-02-13 07:00:00,0.063
2023-02-13 08:00:00,1.465
2023-02-13 09:00:00,4.131
2023-02-13 10:00:00,6.957
2023-02-13 11:00:00,8.508
2023-02-13 12:00:00,9.399000000000001
2023-02-13 13:00:00,9.324
2023-02-13 14:00:00,8.316
2023-02-13 15:00:00,6.491
2023-02-13 16:00:00,3.774
2023-02-13 17:00:00,0.78
2023-02-13 18:00:00,0.0
2023-02-13 19:00:00,0.0
2023-02-13 20:00:00,0.0
2023-02-13 21:00:00,0.0
2023-02-13 22:00:00,0.0
2023-02-13 23:00:00,0.0
2023-02-14 00:00:00,0.0
2023-02-14 01:00:00,0.0
2023-02-14 02:00:00,0.0
2023-02-14 03:00:00,0.0
2023-02-14 04:00:00,0.0
2023-02-14 05:00:00,0.0
2023-02-14 06:00:00,0.0
2023-02-14 07:00:00,0.068
2023-02-14 08:00:00,1.98
2023-02-14 09:00:00,4.894
2023-02-14 10:00:00,7.3870000000000005
2023-02-14 11:00:00,8.912
2023-02-14 12:00:00,9.395
2023-02-14 13:00:00,9.177999999999999
2023-02-14 14:00:00,8.15
2023-02-14 15:00:00,6.17
2023-02-14 16:00:00,3.372
2023-02-14 17:00:00,0.647
2023-02-14 18:00:00,0.0
2023-02-14 19:00:00,0.0
2023-02-14 20:00:00,0.0
2023-02-14 21:00:00,0.0
2023-02-14 22:00:00,0.0
2023-02-14 23:00:00,0.0
2023-02-15 00:00:00,0.0
2023-02-15 01:00:00,0.0
2023-02-15 02:00:00,0.0
2023-02-15 03:00:00,0.0
2023-02-15 04:00:00,0.0
2023-02-15 05:00:00,0.0
2023-02-15 06:00:00,0.0
2023-02-15 07:00:00,0.07200000000000001
2023-02-15 08:00:00,1.182
2023-02-15 09:00:00,3.318
2023-02-15 10:00:00,5.928
2023-02-15 11:00:00,7.223
2023-02-15 12:00:00,7.6739999999999995
2023-02-15 13:00:00,7.485
2023-02-15 14:00:00,6.594
2023-02-15 15:00:00,4.954
2023-02-15 16:00:00,2.653
2023-02-15 17:00:00,0.542
2023-02-15 18:00:00,0.0
2023-02-15 19:00:00,0.0
2023-02-15 20:00:00,0.0
2023-02-15 21:00:00,0.0
2023-02-15 22:00:00,0.0
2023-02-15 23:00:00,0.0
2023-02-16 00:00:00,0.0
2023-02-16 01:00:00,0.0
2023-02-16 02:00:00,0.0
2023-02-16 03:00:00,0.0
2023-02-16 04:00:00,0.0
2023-02-16 05:00:00,0.0
2023-02-16 06:00:00,0.0
2023-02-16 07:00:00,0.039
2023-02-16 08:00:00,0.998
2023-02-16 09:00:00,2.404
2023-02-16 10:00:00,4.232
2023-02-16 11:00:00,5.601
2023-02-16 12:00:00,5.999
2023-02-16 13:00:00,5.608
2023-02-16 14:00:00,4.747
2023-02-16 15:00:00,3.36
2023-02-16 16:00:00,1.712
2023-02-16 17:00:00,0.34199999999999997
2023-02-16 18:00:00,0.0
2023-02-16 19:00:00,0.0
2023-02-16 20:00:00,0.0
2023-02-16 21:00:00,0.0
2023-02-16 22:00:00,0.0
2023-02-16 23:00:00,0.0
2023-02-17 00:00:00,0.0
2023-02-17 01:00:00,0.0
2023-02-17 02:00:00,0.0
2023-02-17 03:00:00,0.0
2023-02-17 04:00:00,0.0
2023-02-17 05:00:00,0.0
2023-02-17 06:00:00,0.0
2023-02-17 07:00:00,0.02
2023-02-17 08:00:00,0.925
2023-02-17 09:00:00,2.557
2023-02-17 10:00:00,4.321
2023-02-17 11:00:00,5.71
2023-02-17 12:00:00,6.414
2023-02-17 13:00:00,5.96
2023-02-17 14:00:00,4.7330000000000005
2023-02-17 15:00:00,3.156
2023-02-17 16:00:00,1.585
2023-02-17 17:00:00,0.34199999999999997
2023-02-17 18:00:00,0.0
2023-02-17 19:00:00,0.0
2023-02-17 20:00:00,0.0
2023-02-17 21:00:00,0.0
2023-02-17 22:00:00,0.0
2023-02-17 23:00:00,0.0
2023-02-18 00:00:00,0.0
2023-02-18 01:00:00,0.0
2023-02-18 02:00:00,0.0
2023-02-18 03:00:00,0.0
2023-02-18 04:00:00,0.0
2023-02-18 05:00:00,0.0
2023-02-18 06:00:00,0.0
2023-02-18 07:00:00,0.013
2023-02-18 08:00:00,0.709
2023-02-18 09:00:00,1.887
2023-02-18 10:00:00,3.4419999999999997
2023-02-18 11:00:00,4.415
2023-02-18 12:00:00,4.729
2023-02-18 13:00:00,4.647
2023-02-18 14:00:00,4.325
2023-02-18 15:00:00,3.236
2023-02-18 16:00:00,1.804
2023-02-18 17:00:00,0.42500000000000004
2023-02-18 18:00:00,0.0
2023-02-18 19:00:00,0.0
2023-02-18 20:00:00,0.0
2023-02-18 21:00:00,0.0
2023-02-18 22:00:00,0.0
2023-02-18 23:00:00,0.0
2023-02-19 00:00:00,0.0
2023-02-19 01:00:00,0.0
2023-02-19 02:00:00,0.0
2023-02-19 03:00:00,0.0
2023-02-19 04:00:00,0.0
2023-02-19 05:00:00,0.0
2023-02-19 06:00:00,0.0
2023-02-19 07:00:00,0.06
2023-02-19 08:00:00,0.9079999999999999
2023-02-19 09:00:00,2.335
2023-02-19 10:00:00,4.225
2023-02-19 11:00:00,6.319
2023-02-19 12:00:00,7.888
2023-02-19 13:00:00,8.115
2023-02-19 14:00:00,7.1450000000000005
2023-02-19 15:00:00,5.621
2023-02-19 16:00:00,3.265
2023-02-19 17:00:00,0.793
2023-02-19 18:00:00,0.0
2023-02-19 19:00:00,0.0
2023-02-19 20:00:00,0.0
2023-02-19 21:00:00,0.0
2023-02-19 22:00:00,0.0
2023-02-19 23:00:00,0.0
2023-02-20 00:00:00,0.0
2023-02-20 01:00:00,0.0
2023-02-20 02:00:00,0.0
2023-02-20 03:00:00,0.0
2023-02-20 04:00:00,0.0
2023-02-20 05:00:00,0.0
2023-02-20 06:00:00,0.0
2023-02-20 07:00:00,0.05
2023-02-20 08:00:00,0.9339999999999999
2023-02-20 09:00:00,2.556
2023-02-20 10:00:00,4.962
2023-02-20 11:00:00,7.099
2023-02-20 12:00:00,8.247
2023-02-20 13:00:00,8.613
2023-02-20 14:00:00,7.684
2023-02-20 15:00:00,5.903
2023-02-20 16:00:00,3.42
2023-02-20 17:00:00,0.827
2023-02-20 18:00:00,0.0
2023-02-20 19:00:00,0.0
2023-02-20 20:00:00,0.0
2023-02-20 21:00:00,0.0
2023-02-20 22:00:00,0.0
2023-02-20 23:00:00,0.0
2023-02-21 00:00:00,0.0
2023-02-21 01:00:00,0.0
2023-02-21 02:00:00,0.0
2023-02-21 03:00:00,0.0
2023-02-21 04:00:00,0.0
2023-02-21 05:00:00,0.0
2023-02-21 06:00:00,0.0
2023-02-21 07:00:00,0.041
2023-02-21 08:00:00,0.778
2023-02-21 09:00:00,2.295
2023-02-21 10:00:00,4.344
2023-02-21 11:00:00,5.7379999999999995
2023-02-21 12:00:00,6.188
2023-02-21 13:00:00,6.0089999999999995
2023-02-21 14:00:00,5.089
2023-02-21 15:00:00,3.674
2023-02-21 16:00:00,1.796
2023-02-21 17:00:00,0.319
2023-02-21 18:00:00,0.0
2023-02-21 19:00:00,0.0
2023-02-21 20:00:00,0.0
2023-02-21 21:00:00,0.0
2023-02-21 22:00:00,0.0
2023-02-21 23:00:00,0.0
2023-02-22 00:00:00,0.0
2023-02-22 01:00:00,0.0
2023-02-22 02:00:00,0.0
2023-02-22 03:00:00,0.0
2023-02-22 04:00:00,0.0
2023-02-22 05:00:00,0.0
2023-02-22 06:00:00,0.0
2023-02-22 07:00:00,0.065
2023-02-22 08:00:00,0.631
2023-02-22 09:00:00,1.514
2023-02-22 10:00:00,2.636
2023-02-22 11:00:00,3.531
2023-02-22 12:00:00,3.79
2023-02-22 13:00:00,3.3770000000000002
2023-02-22 14:00:00,2.41
2023-02-22 15:00:00,1.52
2023-02-22 16:00:00,0.767
2023-02-22 17:00:00,0.144
2023-02-22 18:00:00,0.0
2023-02-22 19:00:00,0.0
2023-02-22 20:00:00,0.0
2023-02-22 21:00:00,0.0
2023-02-22 22:00:00,0.0
2023-02-22 23:00:00,0.0
2023-02-23 00:00:00,0.0
2023-02-23 01:00:00,0.0
2023-02-23 02:00:00,0.0
2023-02-23 03:00:00,0.0
2023-02-23 04:00:00,0.0
2023-02-23 05:00:00,0.0
2023-02-23 06:00:00,0.0
2023-02-23 07:00:00,0.058
2023-02-23 08:00:00,0.6739999999999999
2023-02-23 09:00:00,1.689
2023-02-23 10:00:00,2.843
2023-02-23 11:00:00,3.834
2023-02-23 12:00:00,4.455
2023-02-23 13:00:00,4.48
2023-02-23 14:00:00,3.817
2023-02-23 15:00:00,2.4299999999999997
2023-02-23 16:00:00,1.091
2023-02-23 17:00:00,0.184
2023-02-23 18:00:00,0.0
2023-02-23 19:00:00,0.0
2023-02-23 20:00:00,0.0
2023-02-23 21:00:00,0.0
2023-02-23 22:00:00,0.0
2023-02-23 23:00:00,0.0
2023-02-24 00:00:00,0.0
2023-02-24 01:00:00,0.0
2023-02-24 02:00:00,0.0
2023-02-24 03:00:00,0.0
2023-02-24 04:00:00,0.0
2023-02-24 05:00:00,0.0
2023-02-24 06:00:00,0.0
2023-02-24 07:00:00,0.066
2023-02-24 08:00:00,0.732
2023-02-24 09:00:00,1.926
2023-02-24 10:00:00,3.364
2023-02-24 11:00:00,4.805
2023-02-24 12:00:00,5.6080000000000005
2023-02-24 13:00:00,5.731
2023-02-24 14:00:00,4.783
2023-02-24 15:00:00,3.274
2023-02-24 16:00:00,1.815
2023-02-24 17:00:00,0.513
2023-02-24 18:00:00,0.0
2023-02-24 19:00:00,0.0
2023-02-24 20:00:00,0.0
2023-02-24 21:00:00,0.0
2023-02-24 22:00:00,0.0
2023-02-24 23:00:00,0.0
2023-02-25 00:00:00,0.0
2023-02-25 01:00:00,0.0
2023-02-25 02:00:00,0.0
2023-02-25 03:00:00,0.0
2023-02-25 04:00:00,0.0
2023-02-25 05:00:00,0.0
2023-02-25 06:00:00,0.0
2023-02-25 07:00:00,0.043000000000000003
2023-02-25 08:00:00,0.888
2023-02-25 09:00:00,2.641
2023-02-25 10:00:00,5.059
2023-02-25 11:00:00,6.808
2023-02-25 12:00:00,7.406
2023-02-25 13:00:00,7.2589999999999995
2023-02-25 14:00:00,6.178
2023-02-25 15:00:00,4.519
2023-02-25 16:00:00,2.548
2023-02-25 17:00:00,0.662
2023-02-25 18:00:00,0.002
2023-02-25 19:00:00,0.0
2023-02-25 20:00:00,0.0
2023-02-25 21:00:00,0.0
2023-02-25 22:00:00,0.0
2023-02-25 23:00:00,0.0
2023-02-26 00:00:00,0.0
2023-02-26 01:00:00,0.0
2023-02-26 02:00:00,0.0
2023-02-26 03:00:00,0.0
2023-02-26 04:00:00,0.0
2023-02-26 05:00:00,0.0
2023-02-26 06:00:00,0.0
2023-02-26 07:00:00,0.132
2023-02-26 08:00:00,2.404
2023-02-26 09:00:00,5.366
2023-02-26 10:00:00,7.116
2023-02-26 11:00:00,8.187
2023-02-26 12:00:00,8.44
2023-02-26 13:00:00,8.247
2023-02-26 14:00:00,7.497
2023-02-26 15:00:00,6.14
2023-02-26 16:00:00,3.967
2023-02-26 17:00:00,1.339
2023-02-26 18:00:00,0.017
2023-02-26 19:00:00,0.0
2023-02-26 20:00:00,0.0
2023-02-26 21:00:00,0.0
2023-02-26 22:00:00,0.0
2023-02-26 23:00:00,0.0
2023-02-27 00:00:00,0.0
2023-02-27 01:00:00,0.0
2023-02-27 02:00:00,0.0
2023-02-27 03:00:00,0.0
2023-02-27 04:00:00,0.0
2023-02-27 05:00:00,0.0
2023-02-27 06:00:00,0.0
2023-02-27 07:00:00,0.123
2023-02-27 08:00:00,2.201
2023-02-27 09:00:00,5.057
2023-02-27 10:00:00,7.095000000000001
2023-02-27 11:00:00,8.292
2023-02-27 12:00:00,8.781
2023-02-27 13:00:00,8.566
2023-02-27 14:00:00,7.798
2023-02-27 15:00:00,6.178
2023-02-27 16:00:00,3.838
2023-02-27 17:00:00,1.2389999999999999
2023-02-27 18:00:00,0.019
2023-02-27 19:00:00,0.0
2023-02-27 20:00:00,0.0
2023-02-27 21:00:00,0.0
2023-02-27 22:00:00,0.0
2023-02-27 23:00:00,0.0
2023-02-28 00:00:00,0.0
2023-02-28 01:00:00,0.0
2023-02-28 02:00:00,0.0
2023-02-28 03:00:00,0.0
2023-02-28 04:00:00,0.0
2023-02-28 05:00:00,0.0
2023-02-28 06:00:00,0.0
2023-02-28 07:00:00,0.087
2023-02-28 08:00:00,1.903
2023-02-28 09:00:00,4.554
2023-02-28 10:00:00,6.234
2023-02-28 11:00:00,7.404
2023-02-28 12:00:00,7.884
2023-02-28 13:00:00,7.57
2023-02-28 14:00:00,6.71
2023-02-28 15:00:00,5.1610000000000005
2023-02-28 16:00:00,3.059
2023-02-28 17:00:00,0.868
2023-02-28 18:00:00,0.007
2023-02-28 19:00:00,0.0
2023-02-28 20:00:00,0.0
2023-02-28 21:00:00,0.0
2023-02-28 22:00:00,0.0
2023-02-28 23:00:00,0.0
2023-03-01 00:00:00,0.0
2023-03-01 01:00:00,0.0
2023-03-01 02:00:00,0.0
2023-03-01 03:00:00,0.0
2023-03-01 04:00:00,0.0
2023-03-01 05:00:00,0.0
2023-03-01 06:00:00,0.0
2023-03-01 07:00:00,0.131
2023-03-01 08:00:00,2.348
2023-03-01 09:00:00,5.2860000000000005
2023-03-01 10:00:00,7.362
2023-03-01 11:00:00,8.484
2023-03-01 12:00:00,9.009
2023-03-01 13:00:00,8.993
2023-03-01 14:00:00,8.128
2023-03-01 15:00:00,6.383
2023-03-01 16:00:00,3.9539999999999997
2023-03-01 17:00:00,1.355
2023-03-01 18:00:00,0.025
2023-03-01 19:00:00,0.0
2023-03-01 20:00:00,0.0
2023-03-01 21:00:00,0.0
2023-03-01 22:00:00,0.0
2023-03-01 23:00:00,0.0
2023-03-02 00:00:00,0.0
2023-03-02 01:00:00,0.0
2023-03-02 02:00:00,0.0
2023-03-02 03:00:00,0.0
2023-03-02 04:00:00,0.0
2023-03-02 05:00:00,0.0
2023-03-02 06:00:00,0.0
2023-03-02 07:00:00,0.057999999999999996
2023-03-02 08:00:00,1.235
2023-03-02 09:00:00,3.402
2023-03-02 10:00:00,4.96
2023-03-02 11:00:00,6.146
2023-03-02 12:00:00,7.002
2023-03-02 13:00:00,6.801
2023-03-02 14:00:00,5.8420000000000005
2023-03-02 15:00:00,4.3260000000000005
2023-03-02 16:00:00,2.556
2023-03-02 17:00:00,0.752
2023-03-02 18:00:00,0.007
2023-03-02 19:00:00,0.0
2023-03-02 20:00:00,0.0
2023-03-02 21:00:00,0.0
2023-03-02 22:00:00,0.0
2023-03-02 23:00:00,0.0
2023-03-03 00:00:00,0.0
2023-03-03 01:00:00,0.0
2023-03-03 02:00:00,0.0
2023-03-03 03:00:00,0.0
2023-03-03 04:00:00,0.0
2023-03-03 05:00:00,0.0
2023-03-03 06:00:00,0.0
2023-03-03 07:00:00,0.221
2023-03-03 08:00:00,1.638
2023-03-03 09:00:00,3.8369999999999997
2023-03-03 10:00:00,6.377
2023-03-03 11:00:00,8.087
2023-03-03 12:00:00,8.525
2023-03-03 13:00:00,8.252
2023-03-03 14:00:00,7.382
2023-03-03 15:00:00,5.793
2023-03-03 16:00:00,3.496
2023-03-03 17:00:00,1.191
2023-03-03 18:00:00,0.027
2023-03-03 19:00:00,0.0
2023-03-03 20:00:00,0.0
2023-03-03 21:00:00,0.0
2023-03-03 22:00:00,0.0
2023-03-03 23:00:00,0.0
2023-03-04 00:00:00,0.0
2023-03-04 01:00:00,0.0
2023-03-04 02:00:00,0.0
2023-03-04 03:00:00,0.0
2023-03-04 04:00:00,0.0
2023-03-04 05:00:00,0.0
2023-03-04 06:00:00,0.0
2023-03-04 07:00:00,0.237
2023-03-04 08:00:00,1.756
2023-03-04 09:00:00,4.471
2023-03-04 10:00:00,7.153
2023-03-04 11:00:00,8.882
2023-03-04 12:00:00,9.489
2023-03-04 13:00:00,9.304
2023-03-04 14:00:00,8.342
2023-03-04 15:00:00,6.586
2023-03-04 16:00:00,4.192
2023-03-04 17:00:00,1.459
2023-03-04 18:00:00,0.046
2023-03-04 19:00:00,0.0
2023-03-04 20:00:00,0.0
2023-03-04 21:00:00,0.0
2023-03-04 22:00:00,0.0
2023-03-04 23:00:00,0.0
2023-03-05 00:00:00,0.0
2023-03-05 01:00:00,0.0
2023-03-05 02:00:00,0.0
2023-03-05 03:00:00,0.0
2023-03-05 04:00:00,0.0
2023-03-05 05:00:00,0.0
2023-03-05 06:00:00,0.0
2023-03-05 07:00:00,0.259
2023-03-05 08:00:00,1.7570000000000001
2023-03-05 09:00:00,3.981
2023-03-05 10:00:00,6.2509999999999994
2023-03-05 11:00:00,8.311
2023-03-05 12:00:00,9.074
2023-03-05 13:00:00,8.896
2023-03-05 14:00:00,8.004
2023-03-05 15:00:00,6.3759999999999994
2023-03-05 16:00:00,3.981
2023-03-05 17:00:00,1.3719999999999999
2023-03-05 18:00:00,0.038
2023-03-05 19:00:00,0.0
2023-03-05 20:00:00,0.0
2023-03-05 21:00:00,0.0
2023-03-05 22:00:00,0.0
2023-03-05 23:00:00,0.0
2023-03-06 00:00:00,0.0
2023-03-06 01:00:00,0.0
2023-03-06 02:00:00,0.0
2023-03-06 03:00:00,0.0
2023-03-06 04:00:00,0.0
2023-03-06 05:00:00,0.0
2023-03-06 06:00:00,0.0
2023-03-06 07:00:00,0.203
2023-03-06 08:00:00,1.638
2023-03-06 09:00:00,4.047000000000001
2023-03-06 10:00:00,6.141
2023-03-06 11:00:00,7.176
2023-03-06 12:00:00,7.6739999999999995
2023-03-06 13:00:00,7.407
2023-03-06 14:00:00,6.5569999999999995
2023-03-06 15:00:00,5.076
2023-03-06 16:00:00,3.036
2023-03-06 17:00:00,1.008
2023-03-06 18:00:00,0.031
2023-03-06 19:00:00,0.0
2023-03-06 20:00:00,0.0
2023-03-06 21:00:00,0.0
2023-03-06 22:00:00,0.0
2023-03-06 23:00:00,0.0
2023-03-07 00:00:00,0.0
2023-03-07 01:00:00,0.0
2023-03-07 02:00:00,0.0
2023-03-07 03:00:00,0.0
2023-03-07 04:00:00,0.0
2023-03-07 05:00:00,0.0
2023-03-07 06:00:00,0.0
2023-03-07 07:00:00,0.323
2023-03-07 08:00:00,1.457
2023-03-07 09:00:00,2.716
2023-03-07 10:00:00,3.778
2023-03-07 11:00:00,4.265000000000001
2023-03-07 12:00:00,4.43
2023-03-07 13:00:00,4.103
2023-03-07 14:00:00,3.448
2023-03-07 15:00:00,2.667
2023-03-07 16:00:00,1.419
2023-03-07 17:00:00,0.48400000000000004
2023-03-07 18:00:00,0.002
2023-03-07 19:00:00,0.0
2023-03-07 20:00:00,0.0
2023-03-07 21:00:00,0.0
2023-03-07 22:00:00,0.0
2023-03-07 23:00:00,0.0
2023-03-08 00:00:00,0.0
2023-03-08 01:00:00,0.0
2023-03-08 02:00:00,0.0
2023-03-08 03:00:00,0.0
2023-03-08 04:00:00,0.0
2023-03-08 05:00:00,0.0
2023-03-08 06:00:00,0.0
2023-03-08 07:00:00,0.20400000000000001
2023-03-08 08:00:00,1.1300000000000001
2023-03-08 09:00:00,2.154
2023-03-08 10:00:00,3.216
2023-03-08 11:00:00,4.2780000000000005
2023-03-08 12:00:00,4.565
2023-03-08 13:00:00,4.651
2023-03-08 14:00:00,3.833
2023-03-08 15:00:00,2.649
2023-03-08 16:00:00,1.432
2023-03-08 17:00:00,0.451
2023-03-08 18:00:00,0.013000000000000001
2023-03-08 19:00:00,0.0
2023-03-08 20:00:00,0.0
2023-03-08 21:00:00,0.0
2023-03-08 22:00:00,0.0
2023-03-08 23:00:00,0.0
2023-03-09 00:00:00,0.0
2023-03-09 01:00:00,0.0
2023-03-09 02:00:00,0.0
2023-03-09 03:00:00,0.0
2023-03-09 04:00:00,0.0
2023-03-09 05:00:00,0.0
2023-03-09 06:00:00,0.0
2023-03-09 07:00:00,0.243
2023-03-09 08:00:00,1.29
2023-03-09 09:00:00,2.836
2023-03-09 10:00:00,4.554
2023-03-09 11:00:00,5.357
2023-03-09 12:00:00,5.242
2023-03-09 13:00:00,4.578
2023-03-09 14:00:00,3.9699999999999998
2023-03-09 15:00:00,2.814
2023-03-09 16:00:00,1.63
2023-03-09 17:00:00,0.6
2023-03-09 18:00:00,0.032
2023-03-09 19:00:00,0.0
2023-03-09 20:00:00,0.0
2023-03-09 21:00:00,0.0
2023-03-09 22:00:00,0.0
2023-03-09 23:00:00,0.0
2023-03-10 00:00:00,0.0
2023-03-10 01:00:00,0.0
2023-03-10 02:00:00,0.0
2023-03-10 03:00:00,0.0
2023-03-10 04:00:00,0.0
2023-03-10 05:00:00,0.0
2023-03-10 06:00:00,0.0
2023-03-10 07:00:00,0.248
2023-03-10 08:00:00,1.189
2023-03-10 09:00:00,2.2350000000000003
2023-03-10 10:00:00,3.092
2023-03-10 11:00:00,3.901
2023-03-10 12:00:00,4.789
2023-03-10 13:00:00,4.721
2023-03-10 14:00:00,4.226
2023-03-10 15:00:00,2.748
2023-03-10 16:00:00,1.585
2023-03-10 17:00:00,0.447
2023-03-10 18:00:00,0.004
2023-03-10 19:00:00,0.0
2023-03-10 20:00:00,0.0
2023-03-10 21:00:00,0.0
2023-03-10 22:00:00,0.0
2023-03-10 23:00:00,0.0
2023-03-11 00:00:00,0.0
2023-03-11 01:00:00,0.0
2023-03-11 02:00:00,0.0
2023-03-11 03:00:00,0.0
2023-03-11 04:00:00,0.0
2023-03-11 05:00:00,0.0
2023-03-11 06:00:00,0.0
2023-03-11 07:00:00,0.332
2023-03-11 08:00:00,1.949
2023-03-11 09:00:00,3.9139999999999997
2023-03-11 10:00:00,5.556
2023-03-11 11:00:00,6.663
2023-03-11 12:00:00,6.881
2023-03-11 13:00:00,6.512
2023-03-11 14:00:00,5.252
2023-03-11 15:00:00,4.008
2023-03-11 16:00:00,2.304
2023-03-11 17:00:00,0.791
2023-03-11 18:00:00,0.032
2023-03-11 19:00:00,0.0
2023-03-11 20:00:00,0.0
2023-03-11 21:00:00,0.0
2023-03-11 22:00:00,0.0
2023-03-11 23:00:00,0.0
2023-03-12 00:00:00,0.0
2023-03-12 01:00:00,0.0
2023-03-12 02:00:00,0.0
2023-03-12 03:00:00,0.0
2023-03-12 04:00:00,0.0
2023-03-12 05:00:00,0.0
2023-03-12 06:00:00,0.0
2023-03-12 07:00:00,0.388
2023-03-12 08:00:00,1.687
2023-03-12 09:00:00,3.361
2023-03-12 10:00:00,5.759
2023-03-12 11:00:00,7.575
2023-03-12 12:00:00,7.896
2023-03-12 13:00:00,7.627
2023-03-12 14:00:00,6.459
2023-03-12 15:00:00,4.7379999999999995
2023-03-12 16:00:00,2.505
2023-03-12 17:00:00,0.762
2023-03-12 18:00:00,0.012
2023-03-12 19:00:00,0.0
2023-03-12 20:00:00,0.0
2023-03-12 21:00:00,0.0
2023-03-12 22:00:00,0.0
2023-03-12 23:00:00,0.0
2023-03-13 00:00:00,0.0
2023-03-13 01:00:00,0.0
2023-03-13 02:00:00,0.0
2023-03-13 03:00:00,0.0
2023-03-13 04:00:00,0.0
2023-03-13 05:00:00,0.0
2023-03-13 06:00:00,0.0
2023-03-13 07:00:00,0.316
2023-03-13 08:00:00,1.854
2023-03-13 09:00:00,3.882
2023-03-13 10:00:00,5.892
2023-03-13 11:00:00,7.614999999999999
2023-03-13 12:00:00,8.797
2023-03-13 13:00:00,8.872
2023-03-13 14:00:00,8.086
2023-03-13 15:00:00,6.285
2023-03-13 16:00:00,3.902
2023-03-13 17:00:00,1.271
2023-03-13 18:00:00,0.048
2023-03-13 19:00:00,0.0
2023-03-13 20:00:00,0.0
2023-03-13 21:00:00,0.0
2023-03-13 22:00:00,0.0
2023-03-13 23:00:00,0.0
2023-03-14 00:00:00,0.0
2023-03-14 01:00:00,0.0
2023-03-14 02:00:00,0.0
2023-03-14 03:00:00,0.0
2023-03-14 04:00:00,0.0
2023-03-14 05:00:00,0.0
2023-03-14 06:00:00,0.001
2023-03-14 07:00:00,0.346
2023-03-14 08:00:00,1.744
2023-03-14 09:00:00,4.167
2023-03-14 10:00:00,5.8740000000000006
2023-03-14 11:00:00,6.759
2023-03-14 12:00:00,7.476
2023-03-14 13:00:00,7.407
2023-03-14 14:00:00,6.642
2023-03-14 15:00:00,5.324
2023-03-14 16:00:00,3.6630000000000003
2023-03-14 17:00:00,1.693
2023-03-14 18:00:00,0.154
2023-03-14 19:00:00,0.0
2023-03-14 20:00:00,0.0
2023-03-14 21:00:00,0.0
2023-03-14 22:00:00,0.0
2023-03-14 23:00:00,0.0
2023-03-15 00:00:00,0.0
2023-03-15 01:00:00,0.0
2023-03-15 02:00:00,0.0
2023-03-15 03:00:00,0.0
2023-03-15 04:00:00,0.0
2023-03-15 05:00:00,0.0
2023-03-15 06:00:00,0.002
2023-03-15 07:00:00,0.462
2023-03-15 08:00:00,2.134
2023-03-15 09:00:00,4.469
2023-03-15 10:00:00,7.143
2023-03-15 11:00:00,8.432
2023-03-15 12:00:00,8.814
2023-03-15 13:00:00,8.487
2023-03-15 14:00:00,7.677
2023-03-15 15:00:00,6.029
2023-03-15 16:00:00,3.814
2023-03-15 17:00:00,1.686
2023-03-15 18:00:00,0.129
2023-03-15 19:00:00,0.0
2023-03-15 20:00:00,0.0
2023-03-15 21:00:00,0.0
2023-03-15 22:00:00,0.0
2023-03-15 23:00:00,0.0
2023-03-16 00:00:00,0.0
2023-03-16 01:00:00,0.0
2023-03-16 02:00:00,0.0
2023-03-16 03:00:00,0.0
2023-03-16 04:00:00,0.0
2023-03-16 05:00:00,0.0
2023-03-16 06:00:00,0.002
2023-03-16 07:00:00,0.7
2023-03-16 08:00:00,2.785
2023-03-16 09:00:00,5.197
2023-03-16 10:00:00,7.089
2023-03-16 11:00:00,8.271
2023-03-16 12:00:00,8.617
2023-03-16 13:00:00,8.053
2023-03-16 14:00:00,6.635
2023-03-16 15:00:00,5.068
2023-03-16 16:00:00,3.229
2023-03-16 17:00:00,1.286
2023-03-16 18:00:00,0.087
2023-03-16 19:00:00,0.0
2023-03-16 20:00:00,0.0
2023-03-16 21:00:00,0.0
2023-03-16 22:00:00,0.0
2023-03-16 23:00:00,0.0
2023-03-17 00:00:00,0.0
2023-03-17 01:00:00,0.0
2023-03-17 02:00:00,0.0
2023-03-17 03:00:00,0.0
2023-03-17 04:00:00,0.0
2023-03-17 05:00:00,0.0
2023-03-17 06:00:00,0.003
2023-03-17 07:00:00,0.504
2023-03-17 08:00:00,1.71
2023-03-17 09:00:00,3.267
2023-03-17 10:00:00,4.98
2023-03-17 11:00:00,6.087
2023-03-17 12:00:00,6.545999999999999
2023-03-17 13:00:00,6.415
2023-03-17 14:00:00,5.638
2023-03-17 15:00:00,4.439
2023-03-17 16:00:00,3.011
2023-03-17 17:00:00,1.363
2023-03-17 18:00:00,0.159
2023-03-17 19:00:00,0.0
2023-03-17 20:00:00,0.0
2023-03-17 21:00:00,0.0
2023-03-17 22:00:00,0.0
2023-03-17 23:00:00,0.0
2023-03-18 00:00:00,0.0
2023-03-18 01:00:00,0.0
2023-03-18 02:00:00,0.0
2023-03-18 03:00:00,0.0
2023-03-18 04:00:00,0.0
2023-03-18 05:00:00,0.0
2023-03-18 06:00:00,0.002
2023-03-18 07:00:00,0.567
2023-03-18 08:00:00,2.1430000000000002
2023-03-18 09:00:00,4.041
2023-03-18 10:00:00,5.925
2023-03-18 11:00:00,6.835
2023-03-18 12:00:00,6.561
2023-03-18 13:00:00,5.686
2023-03-18 14:00:00,4.6850000000000005
2023-03-18 15:00:00,3.441
2023-03-18 16:00:00,1.954
2023-03-18 17:00:00,0.829
2023-03-18 18:00:00,0.097
2023-03-18 19:00:00,0.0
2023-03-18 20:00:00,0.0
2023-03-18 21:00:00,0.0
2023-03-18 22:00:00,0.0
2023-03-18 23:00:00,0.0
2023-03-19 00:00:00,0.0
2023-03-19 01:00:00,0.0
2023-03-19 02:00:00,0.0
2023-03-19 03:00:00,0.0
2023-03-19 04:00:00,0.0
2023-03-19 05:00:00,0.0
2023-03-19 06:00:00,0.001
2023-03-19 07:00:00,0.229
2023-03-19 08:00:00,1.115
2023-03-19 09:00:00,2.605
2023-03-19 10:00:00,4.474
2023-03-19 11:00:00,6.420999999999999
2023-03-19 12:00:00,7.187
2023-03-19 13:00:00,6.942
2023-03-19 14:00:00,6.327
2023-03-19 15:00:00,5.258
2023-03-19 16:00:00,3.294
2023-03-19 17:00:00,1.35
2023-03-19 18:00:00,0.146
2023-03-19 19:00:00,0.0
2023-03-19 20:00:00,0.0
2023-03-19 21:00:00,0.0
2023-03-19 22:00:00,0.0
2023-03-19 23:00:00,0.0
2023-03-20 00:00:00,0.0
2023-03-20 01:00:00,0.0
2023-03-20 02:00:00,0.0
2023-03-20 03:00:00,0.0
2023-03-20 04:00:00,0.0
2023-03-20 05:00:00,0.0
2023-03-20 06:00:00,0.004
2023-03-20 07:00:00,0.447
2023-03-20 08:00:00,1.675
2023-03-20 09:00:00,3.497
2023-03-20 10:00:00,5.547000000000001
2023-03-20 11:00:00,7.2
2023-03-20 12:00:00,8.112
2023-03-20 13:00:00,7.7780000000000005
2023-03-20 14:00:00,6.849
2023-03-20 15:00:00,5.707
2023-03-20 16:00:00,3.631
2023-03-20 17:00:00,1.637
2023-03-20 18:00:00,0.206
2023-03-20 19:00:00,0.0
2023-03-20 20:00:00,0.0
2023-03-20 21:00:00,0.0
2023-03-20 22:00:00,0.0
2023-03-20 23:00:00,0.0
2023-03-21 00:00:00,0.0
2023-03-21 01:00:00,0.0
2023-03-21 02:00:00,0.0
2023-03-21 03:00:00,0.0
2023-03-21 04:00:00,0.0
2023-03-21 05:00:00,0.0
2023-03-21 06:00:00,0.007
2023-03-21 07:00:00,0.569
2023-03-21 08:00:00,1.9969999999999999
2023-03-21 09:00:00,3.808
2023-03-21 10:00:00,5.388
2023-03-21 11:00:00,6.612
2023-03-21 12:00:00,7.254
2023-03-21 13:00:00,6.703
2023-03-21 14:00:00,5.624
2023-03-21 15:00:00,4.437
2023-03-21 16:00:00,2.951
2023-03-21 17:00:00,1.248
2023-03-21 18:00:00,0.177
2023-03-21 19:00:00,0.0
2023-03-21 20:00:00,0.0
2023-03-21 21:00:00,0.0
2023-03-21 22:00:00,0.0
2023-03-21 23:00:00,0.0
2023-03-22 00:00:00,0.0
2023-03-22 01:00:00,0.0
2023-03-22 02:00:00,0.0
2023-03-22 03:00:00,0.0
2023-03-22 04:00:00,0.0
2023-03-22 05:00:00,0.0
2023-03-22 06:00:00,0.002
2023-03-22 07:00:00,0.48000000000000004
2023-03-22 08:00:00,1.825
2023-03-22 09:00:00,3.356
2023-03-22 10:00:00,4.485
2023-03-22 11:00:00,5.347
2023-03-22 12:00:00,5.938000000000001
2023-03-22 13:00:00,5.654
2023-03-22 14:00:00,4.366
2023-03-22 15:00:00,3.104
2023-03-22 16:00:00,1.7670000000000001
2023-03-22 17:00:00,0.718
2023-03-22 18:00:00,0.056
2023-03-22 19:00:00,0.0
2023-03-22 20:00:00,0.0
2023-03-22 21:00:00,0.0
2023-03-22 22:00:00,0.0
2023-03-22 23:00:00,0.0
2023-03-23 00:00:00,0.0
2023-03-23 01:00:00,0.0
2023-03-23 02:00:00,0.0
2023-03-23 03:00:00,0.0
2023-03-23 04:00:00,0.0
2023-03-23 05:00:00,0.0
2023-03-23 06:00:00,0.008
2023-03-23 07:00:00,0.45999999999999996
2023-03-23 08:00:00,1.883
2023-03-23 09:00:00,3.504
2023-03-23 10:00:00,4.461
2023-03-23 11:00:00,4.999
2023-03-23 12:00:00,5.11
2023-03-23 13:00:00,4.777
2023-03-23 14:00:00,4.192
2023-03-23 15:00:00,3.185
2023-03-23 16:00:00,1.924
2023-03-23 17:00:00,0.712
2023-03-23 18:00:00,0.049
2023-03-23 19:00:00,0.0
2023-03-23 20:00:00,0.0
2023-03-23 21:00:00,0.0
2023-03-23 22:00:00,0.0
2023-03-23 23:00:00,0.0
2023-03-24 00:00:00,0.0
2023-03-24 01:00:00,0.0
2023-03-24 02:00:00,0.0
2023-03-24 03:00:00,0.0
2023-03-24 04:00:00,0.0
2023-03-24 05:00:00,0.0
2023-03-24 06:00:00,0.008
2023-03-24 07:00:00,0.738
2023-03-24 08:00:00,2.679
2023-03-24 09:00:00,4.896
2023-03-24 10:00:00,6.59
2023-03-24 11:00:00,7.545
2023-03-24 12:00:00,7.808
2023-03-24 13:00:00,7.628
2023-03-24 14:00:00,7.13
2023-03-24 15:00:00,5.542
2023-03-24 16:00:00,3.279
2023-03-24 17:00:00,1.4969999999999999
2023-03-24 18:00:00,0.22
2023-03-24 19:00:00,0.0
2023-03-24 20:00:00,0.0
2023-03-24 21:00:00,0.0
2023-03-24 22:00:00,0.0
2023-03-24 23:00:00,0.0
2023-03-25 00:00:00,0.0
2023-03-25 01:00:00,0.0
2023-03-25 02:00:00,0.0
2023-03-25 03:00:00,0.0
2023-03-25 04:00:00,0.0
2023-03-25 05:00:00,0.0
2023-03-25 06:00:00,0.015
2023-03-25 07:00:00,0.811
2023-03-25 08:00:00,2.617
2023-03-25 09:00:00,4.661
2023-03-25 10:00:00,6.2700000000000005
2023-03-25 11:00:00,6.888
2023-03-25 12:00:00,6.688
2023-03-25 13:00:00,6.394
2023-03-25 14:00:00,5.803
2023-03-25 15:00:00,5.148
2023-03-25 16:00:00,3.6229999999999998
2023-03-25 17:00:00,1.846
2023-03-25 18:00:00,0.22
2023-03-25 19:00:00,0.0
2023-03-25 20:00:00,0.0
2023-03-25 21:00:00,0.0
2023-03-25 22:00:00,0.0
2023-03-25 23:00:00,0.0
2023-03-26 00:00:00,0.0
2023-03-26 01:00:00,0.0
2023-03-26 03:00:00,0.0
2023-03-26 04:00:00,0.0
2023-03-26 05:00:00,0.0
2023-03-26 06:00:00,0.0
2023-03-26 07:00:00,0.01
2023-03-26 08:00:00,0.6880000000000001
2023-03-26 09:00:00,2.352
2023-03-26 10:00:00,4.368
2023-03-26 11:00:00,5.521
2023-03-26 12:00:00,5.999
2023-03-26 13:00:00,6.189
2023-03-26 14:00:00,5.41
2023-03-26 15:00:00,4.79
2023-03-26 16:00:00,3.737
2023-03-26 17:00:00,2.654
2023-03-26 18:00:00,1.428
2023-03-26 19:00:00,0.237
2023-03-26 20:00:00,0.0
2023-03-26 21:00:00,0.0
2023-03-26 22:00:00,0.0
2023-03-26 23:00:00,0.0
2023-03-27 00:00:00,0.0
2023-03-27 01:00:00,0.0
2023-03-27 02:00:00,0.0
2023-03-27 03:00:00,0.0
2023-03-27 04:00:00,0.0
2023-03-27 05:00:00,0.0
2023-03-27 06:00:00,0.0
2023-03-27 07:00:00,0.019
2023-03-27 08:00:00,0.983
2023-03-27 09:00:00,3.272
2023-03-27 10:00:00,5.807
2023-03-27 11:00:00,7.713
2023-03-27 12:00:00,8.98
2023-03-27 13:00:00,9.331
2023-03-27 14:00:00,9.124
2023-03-27 15:00:00,8.4
2023-03-27 16:00:00,7.011
2023-03-27 17:00:00,4.838
2023-03-27 18:00:00,2.524
2023-03-27 19:00:00,0.433
2023-03-27 20:00:00,0.0
2023-03-27 21:00:00,0.0
2023-03-27 22:00:00,0.0
2023-03-27 23:00:00,0.0
2023-03-28 00:00:00,0.0
2023-03-28 01:00:00,0.0
2023-03-28 02:00:00,0.0
2023-03-28 03:00:00,0.0
2023-03-28 04:00:00,0.0
2023-03-28 05:00:00,0.0
2023-03-28 06:00:00,0.0
2023-03-28 07:00:00,0.027
2023-03-28 08:00:00,1.036
2023-03-28 09:00:00,3.24
2023-03-28 10:00:00,5.607
2023-03-28 11:00:00,7.129
2023-03-28 12:00:00,8.032
2023-03-28 13:00:00,8.42
2023-03-28 14:00:00,8.172
2023-03-28 15:00:00,7.17
2023-03-28 16:00:00,5.727
2023-03-28 17:00:00,3.511
2023-03-28 18:00:00,1.665
2023-03-28 19:00:00,0.219
2023-03-28 20:00:00,0.0
2023-03-28 21:00:00,0.0
2023-03-28 22:00:00,0.0
2023-03-28 23:00:00,0.0
2023-03-29 00:00:00,0.0
2023-03-29 01:00:00,0.0
2023-03-29 02:00:00,0.0
2023-03-29 03:00:00,0.0
2023-03-29 04:00:00,0.0
2023-03-29 05:00:00,0.0
2023-03-29 06:00:00,0.0
2023-03-29 07:00:00,0.021
2023-03-29 08:00:00,0.629
2023-03-29 09:00:00,1.903
2023-03-29 10:00:00,3.297
2023-03-29 11:00:00,4.395
2023-03-29 12:00:00,5.106
2023-03-29 13:00:00,5.301
2023-03-29 14:00:00,5.23
2023-03-29 15:00:00,4.807
2023-03-29 16:00:00,3.664
2023-03-29 17:00:00,2.435
2023-03-29 18:00:00,1.199
2023-03-29 19:00:00,0.223
2023-03-29 20:00:00,0.0
2023-03-29 21:00:00,0.0
2023-03-29 22:00:00,0.0
2023-03-29 23:00:00,0.0
2023-03-30 00:00:00,0.0
2023-03-30 01:00:00,0.0
2023-03-30 02:00:00,0.0
2023-03-30 03:00:00,0.0
2023-03-30 04:00:00,0.0
2023-03-30 05:00:00,0.0
2023-03-30 06:00:00,0.0
2023-03-30 07:00:00,0.019
2023-03-30 08:00:00,0.6599999999999999
2023-03-30 09:00:00,2.266
2023-03-30 10:00:00,4.497
2023-03-30 11:00:00,6.221
2023-03-30 12:00:00,7.362
2023-03-30 13:00:00,7.7010000000000005
2023-03-30 14:00:00,7.443
2023-03-30 15:00:00,6.99
2023-03-30 16:00:00,5.475
2023-03-30 17:00:00,3.558
2023-03-30 18:00:00,1.646
2023-03-30 19:00:00,0.275
2023-03-30 20:00:00,0.0
2023-03-30 21:00:00,0.0
2023-03-30 22:00:00,0.0
2023-03-30 23:00:00,0.0
2023-03-31 00:00:00,0.0
2023-03-31 01:00:00,0.0
2023-03-31 02:00:00,0.0
2023-03-31 03:00:00,0.0
2023-03-31 04:00:00,0.0
2023-03-31 05:00:00,0.0
2023-03-31 06:00:00,0.0
2023-03-31 07:00:00,0.012
2023-03-31 08:00:00,0.691
2023-03-31 09:00:00,2.186
2023-03-31 10:00:00,4.022
2023-03-31 11:00:00,5.6370000000000005
2023-03-31 12:00:00,6.071
2023-03-31 13:00:00,6.089
2023-03-31 14:00:00,5.565
2023-03-31 15:00:00,4.831
2023-03-31 16:00:00,4.161
2023-03-31 17:00:00,3.104
2023-03-31 18:00:00,1.708
2023-03-31 19:00:00,0.408
2023-03-31 20:00:00,0.0
2023-03-31 21:00:00,0.0
2023-03-31 22:00:00,0.0
2023-03-31 23:00:00,0.0
2023-04-01 00:00:00,0.0
2023-04-01 01:00:00,0.0
2023-04-01 02:00:00,0.0
2023-04-01 03:00:00,0.0
2023-04-01 04:00:00,0.0
2023-04-01 05:00:00,0.0
2023-04-01 06:00:00,0.0
2023-04-01 07:00:00,0.027
2023-04-01 08:00:00,0.619
2023-04-01 09:00:00,1.936
2023-04-01 10:00:00,4.083
2023-04-01 11:00:00,6.204
2023-04-01 12:00:00,7.149
2023-04-01 13:00:00,7.221
2023-04-01 14:00:00,6.4830000000000005
2023-04-01 15:00:00,5.402
2023-04-01 16:00:00,4.148
2023-04-01 17:00:00,2.831
2023-04-01 18:00:00,1.406
2023-04-01 19:00:00,0.331
2023-04-01 20:00:00,0.0
2023-04-01 21:00:00,0.0
2023-04-01 22:00:00,0.0
2023-04-01 23:00:00,0.0
2023-04-02 00:00:00,0.0
2023-04-02 01:00:00,0.0
2023-04-02 02:00:00,0.0
2023-04-02 03:00:00,0.0
2023-04-02 04:00:00,0.0
2023-04-02 05:00:00,0.0
2023-04-02 06:00:00,0.0
2023-04-02 07:00:00,0.014
2023-04-02 08:00:00,0.609
2023-04-02 09:00:00,2.023
2023-04-02 10:00:00,3.687
2023-04-02 11:00:00,5.097
2023-04-02 12:00:00,5.754
2023-04-02 13:00:00,6.045
2023-04-02 14:00:00,5.886
2023-04-02 15:00:00,5.442
2023-04-02 16:00:00,4.475
2023-04-02 17:00:00,3.167
2023-04-02 18:00:00,1.61
2023-04-02 19:00:00,0.405
2023-04-02 20:00:00,0.0
2023-04-02 21:00:00,0.0
2023-04-02 22:00:00,0.0
2023-04-02 23:00:00,0.0
2023-04-03 00:00:00,0.0
2023-04-03 01:00:00,0.0
2023-04-03 02:00:00,0.0
2023-04-03 03:00:00,0.0
2023-04-03 04:00:00,0.0
2023-04-03 05:00:00,0.0
2023-04-03 06:00:00,0.0
2023-04-03 07:00:00,0.045
2023-04-03 08:00:00,1.104
2023-04-03 09:00:00,3.442
2023-04-03 10:00:00,6.144
2023-04-03 11:00:00,8.199
2023-04-03 12:00:00,9.476
2023-04-03 13:00:00,10.087
2023-04-03 14:00:00,9.994
2023-04-03 15:00:00,9.301
2023-04-03 16:00:00,7.799
2023-04-03 17:00:00,5.74
2023-04-03 18:00:00,3.191
2023-04-03 19:00:00,0.781
2023-04-03 20:00:00,0.002
2023-04-03 21:00:00,0.0
2023-04-03 22:00:00,0.0
2023-04-03 23:00:00,0.0
2023-04-04 00:00:00,0.0
2023-04-04 01:00:00,0.0
2023-04-04 02:00:00,0.0
2023-04-04 03:00:00,0.0
2023-04-04 04:00:00,0.0
2023-04-04 05:00:00,0.0
2023-04-04 06:00:00,0.0
2023-04-04 07:00:00,0.052
2023-04-04 08:00:00,1.573
2023-04-04 09:00:00,4.391
2023-04-04 10:00:00,7.063
2023-04-04 11:00:00,8.944
2023-04-04 12:00:00,10.116999999999999
2023-04-04 13:00:00,10.693999999999999
2023-04-04 14:00:00,10.600999999999999
2023-04-04 15:00:00,9.713000000000001
2023-04-04 16:00:00,8.225
2023-04-04 17:00:00,6.15
2023-04-04 18:00:00,3.498
2023-04-04 19:00:00,0.875
2023-04-04 20:00:00,0.002
2023-04-04 21:00:00,0.0
2023-04-04 22:00:00,0.0
2023-04-04 23:00:00,0.0
2023-04-05 00:00:00,0.0
2023-04-05 01:00:00,0.0
2023-04-05 02:00:00,0.0
2023-04-05 03:00:00,0.0
2023-04-05 04:00:00,0.0
2023-04-05 05:00:00,0.0
2023-04-05 06:00:00,0.0
2023-04-05 07:00:00,0.07300000000000001
2023-04-05 08:00:00,1.772
2023-04-05 09:00:00,4.723
2023-04-05 10:00:00,7.23
2023-04-05 11:00:00,8.878
2023-04-05 12:00:00,9.83
2023-04-05 13:00:00,10.224
2023-04-05 14:00:00,9.985
2023-04-05 15:00:00,9.051
2023-04-05 16:00:00,7.48
2023-04-05 17:00:00,5.372
2023-04-05 18:00:00,2.799
2023-04-05 19:00:00,0.595
2023-04-05 20:00:00,0.0
2023-04-05 21:00:00,0.0
2023-04-05 22:00:00,0.0
2023-04-05 23:00:00,0.0
2023-04-06 00:00:00,0.0
2023-04-06 01:00:00,0.0
2023-04-06 02:00:00,0.0
2023-04-06 03:00:00,0.0
2023-04-06 04:00:00,0.0
2023-04-06 05:00:00,0.0
2023-04-06 06:00:00,0.0
2023-04-06 07:00:00,0.064
2023-04-06 08:00:00,0.957
2023-04-06 09:00:00,2.58
2023-04-06 10:00:00,4.303
2023-04-06 11:00:00,5.646
2023-04-06 12:00:00,6.512
2023-04-06 13:00:00,6.967
2023-04-06 14:00:00,7.1129999999999995
2023-04-06 15:00:00,6.354
2023-04-06 16:00:00,5.048
2023-04-06 17:00:00,3.653
2023-04-06 18:00:00,2.205
2023-04-06 19:00:00,0.595
2023-04-06 20:00:00,0.006
2023-04-06 21:00:00,0.0
2023-04-06 22:00:00,0.0
2023-04-06 23:00:00,0.0
2023-04-07 00:00:00,0.0
2023-04-07 01:00:00,0.0
2023-04-07 02:00:00,0.0
2023-04-07 03:00:00,0.0
2023-04-07 04:00:00,0.0
2023-04-07 05:00:00,0.0
2023-04-07 06:00:00,0.0
2023-04-07 07:00:00,0.065
2023-04-07 08:00:00,1.032
2023-04-07 09:00:00,3.052
2023-04-07 10:00:00,5.678
2023-04-07 11:00:00,7.909
2023-04-07 12:00:00,9.127
2023-04-07 13:00:00,9.406
2023-04-07 14:00:00,9.185
2023-04-07 15:00:00,8.416
2023-04-07 16:00:00,7.063000000000001
2023-04-07 17:00:00,5.2059999999999995
2023-04-07 18:00:00,2.888
2023-04-07 19:00:00,0.783
2023-04-07 20:00:00,0.008
2023-04-07 21:00:00,0.0
2023-04-07 22:00:00,0.0
2023-04-07 23:00:00,0.0
2023-04-08 00:00:00,0.0
2023-04-08 01:00:00,0.0
2023-04-08 02:00:00,0.0
2023-04-08 03:00:00,0.0
2023-04-08 04:00:00,0.0
2023-04-08 05:00:00,0.0
2023-04-08 06:00:00,0.0
2023-04-08 07:00:00,0.056
2023-04-08 08:00:00,1.053
2023-04-08 09:00:00,3.064
2023-04-08 10:00:00,5.514
2023-04-08 11:00:00,8.339
2023-04-08 12:00:00,9.578
2023-04-08 13:00:00,10.067
2023-04-08 14:00:00,9.981
2023-04-08 15:00:00,9.203
2023-04-08 16:00:00,7.8180000000000005
2023-04-08 17:00:00,5.712
2023-04-08 18:00:00,3.094
2023-04-08 19:00:00,0.838
2023-04-08 20:00:00,0.008
2023-04-08 21:00:00,0.0
2023-04-08 22:00:00,0.0
2023-04-08 23:00:00,0.0
2023-04-09 00:00:00,0.0
2023-04-09 01:00:00,0.0
2023-04-09 02:00:00,0.0
2023-04-09 03:00:00,0.0
2023-04-09 04:00:00,0.0
2023-04-09 05:00:00,0.0
2023-04-09 06:00:00,0.0
2023-04-09 07:00:00,0.095
2023-04-09 08:00:00,1.15
2023-04-09 09:00:00,3.233
2023-04-09 10:00:00,6.069
2023-04-09 11:00:00,8.099
2023-04-09 12:00:00,9.113
2023-04-09 13:00:00,9.66
2023-04-09 14:00:00,9.749
2023-04-09 15:00:00,8.922
2023-04-09 16:00:00,7.295999999999999
2023-04-09 17:00:00,5.172
2023-04-09 18:00:00,2.727
2023-04-09 19:00:00,0.606
2023-04-09 20:00:00,0.003
2023-04-09 21:00:00,0.0
2023-04-09 22:00:00,0.0
2023-04-09 23:00:00,0.0
2023-04-10 00:00:00,0.0
2023-04-10 01:00:00,0.0
2023-04-10 02:00:00,0.0
2023-04-10 03:00:00,0.0
2023-04-10 04:00:00,0.0
2023-04-10 05:00:00,0.0
2023-04-10 06:00:00,0.0
2023-04-10 07:00:00,0.107
2023-04-10 08:00:00,1.126
2023-04-10 09:00:00,2.818
2023-04-10 10:00:00,4.651
2023-04-10 11:00:00,6.226
2023-04-10 12:00:00,6.8870000000000005
2023-04-10 13:00:00,6.692
2023-04-10 14:00:00,6.163
2023-04-10 15:00:00,5.117
2023-04-10 16:00:00,4.166
2023-04-10 17:00:00,2.952
2023-04-10 18:00:00,1.81
2023-04-10 19:00:00,0.49
2023-04-10 20:00:00,0.005
2023-04-10 21:00:00,0.0
2023-04-10 22:00:00,0.0
2023-04-10 23:00:00,0.0
2023-04-11 00:00:00,0.0
2023-04-11 01:00:00,0.0
2023-04-11 02:00:00,0.0
2023-04-11 03:00:00,0.0
2023-04-11 04:00:00,0.0
2023-04-11 05:00:00,0.0
2023-04-11 06:00:00,0.0
2023-04-11 07:00:00,0.064
2023-04-11 08:00:00,0.852
2023-04-11 09:00:00,2.468
2023-04-11 10:00:00,4.154
2023-04-11 11:00:00,5.492
2023-04-11 12:00:00,6.475
2023-04-11 13:00:00,6.652
2023-04-11 14:00:00,6.2219999999999995
2023-04-11 15:00:00,5.373
2023-04-11 16:00:00,4.182
2023-04-11 17:00:00,2.8200000000000003
2023-04-11 18:00:00,1.504
2023-04-11 19:00:00,0.403
2023-04-11 20:00:00,0.004
2023-04-11 21:00:00,0.0
2023-04-11 22:00:00,0.0
2023-04-11 23:00:00,0.0
2023-04-12 00:00:00,0.0
2023-04-12 01:00:00,0.0
2023-04-12 02:00:00,0.0
2023-04-12 03:00:00,0.0
2023-04-12 04:00:00,0.0
2023-04-12 05:00:00,0.0
2023-04-12 06:00:00,0.0
2023-04-12 07:00:00,0.07300000000000001
2023-04-12 08:00:00,0.9299999999999999
2023-04-12 09:00:00,2.558
2023-04-12 10:00:00,4.45
2023-04-12 11:00:00,5.52
2023-04-12 12:00:00,6.24
2023-04-12 13:00:00,6.303
2023-04-12 14:00:00,6.199
2023-04-12 15:00:00,5.569
2023-04-12 16:00:00,4.739
2023-04-12 17:00:00,3.567
2023-04-12 18:00:00,2.15
2023-04-12 19:00:00,0.696
2023-04-12 20:00:00,0.014
2023-04-12 21:00:00,0.0
2023-04-12 22:00:00,0.0
2023-04-12 23:00:00,0.0
2023-04-13 00:00:00,0.0
2023-04-13 01:00:00,0.0
2023-04-13 02:00:00,0.0
2023-04-13 03:00:00,0.0
2023-04-13 04:00:00,0.0
2023-04-13 05:00:00,0.0
2023-04-13 06:00:00,0.0
2023-04-13 07:00:00,0.133
2023-04-13 08:00:00,1.184
2023-04-13 09:00:00,2.871
2023-04-13 10:00:00,4.702
2023-04-13 11:00:00,5.725
2023-04-13 12:00:00,6.3660000000000005
2023-04-13 13:00:00,6.682
2023-04-13 14:00:00,5.9239999999999995
2023-04-13 15:00:00,4.942
2023-04-13 16:00:00,3.995
2023-04-13 17:00:00,2.908
2023-04-13 18:00:00,1.759
2023-04-13 19:00:00,0.6900000000000001
2023-04-13 20:00:00,0.015
2023-04-13 21:00:00,0.0
2023-04-13 22:00:00,0.0
2023-04-13 23:00:00,0.0
2023-04-14 00:00:00,0.0
2023-04-14 01:00:00,0.0
2023-04-14 02:00:00,0.0
2023-04-14 03:00:00,0.0
2023-04-14 04:00:00,0.0
2023-04-14 05:00:00,0.0
2023-04-14 06:00:00,0.0
2023-04-14 07:00:00,0.132
2023-04-14 08:00:00,1.03
2023-04-14 09:00:00,2.41
2023-04-14 10:00:00,4.1419999999999995
2023-04-14 11:00:00,5.92
2023-04-14 12:00:00,6.213
2023-04-14 13:00:00,5.546
2023-04-14 14:00:00,5.237
2023-04-14 15:00:00,4.764
2023-04-14 16:00:00,3.685
2023-04-14 17:00:00,3.056
2023-04-14 18:00:00,1.789
2023-04-14 19:00:00,0.595
2023-04-14 20:00:00,0.024
2023-04-14 21:00:00,0.0
2023-04-14 22:00:00,0.0
2023-04-14 23:00:00,0.0
2023-04-15 00:00:00,0.0
2023-04-15 01:00:00,0.0
2023-04-15 02:00:00,0.0
2023-04-15 03:00:00,0.0
2023-04-15 04:00:00,0.0
2023-04-15 05:00:00,0.0
2023-04-15 06:00:00,0.0
2023-04-15 07:00:00,0.124
2023-04-15 08:00:00,1.119
2023-04-15 09:00:00,2.83
2023-04-15 10:00:00,4.956
2023-04-15 11:00:00,6.543
2023-04-15 12:00:00,7.2459999999999996
2023-04-15 13:00:00,7.796
2023-04-15 14:00:00,8.024000000000001
2023-04-15 15:00:00,7.264
2023-04-15 16:00:00,6.002
2023-04-15 17:00:00,4.341
2023-04-15 18:00:00,2.568
2023-04-15 19:00:00,0.895
2023-04-15 20:00:00,0.041
2023-04-15 21:00:00,0.0
2023-04-15 22:00:00,0.0
2023-04-15 23:00:00,0.0
2023-04-16 00:00:00,0.0
2023-04-16 01:00:00,0.0
2023-04-16 02:00:00,0.0
2023-04-16 03:00:00,0.0
2023-04-16 04:00:00,0.0
2023-04-16 05:00:00,0.0
2023-04-16 06:00:00,0.0
2023-04-16 07:00:00,0.121
2023-04-16 08:00:00,1.084
2023-04-16 09:00:00,2.734
2023-04-16 10:00:00,5.058
2023-04-16 11:00:00,7.24
2023-04-16 12:00:00,8.201
2023-04-16 13:00:00,8.821
2023-04-16 14:00:00,8.818
2023-04-16 15:00:00,8.2
2023-04-16 16:00:00,6.964
2023-04-16 17:00:00,5.102
2023-04-16 18:00:00,2.875
2023-04-16 19:00:00,0.925
2023-04-16 20:00:00,0.044
2023-04-16 21:00:00,0.0
2023-04-16 22:00:00,0.0
2023-04-16 23:00:00,0.0
2023-04-17 00:00:00,0.0
2023-04-17 01:00:00,0.0
2023-04-17 02:00:00,0.0
2023-04-17 03:00:00,0.0
2023-04-17 04:00:00,0.0
2023-04-17 05:00:00,0.0
2023-04-17 06:00:00,0.0
2023-04-17 07:00:00,0.13
2023-04-17 08:00:00,1.183
2023-04-17 09:00:00,3.085
2023-04-17 10:00:00,5.292
2023-04-17 11:00:00,7.709
2023-04-17 12:00:00,9.145
2023-04-17 13:00:00,9.832
2023-04-17 14:00:00,9.539
2023-04-17 15:00:00,8.239
2023-04-17 16:00:00,6.665
2023-04-17 17:00:00,4.9190000000000005
2023-04-17 18:00:00,2.882
2023-04-17 19:00:00,0.951
2023-04-17 20:00:00,0.045
2023-04-17 21:00:00,0.0
2023-04-17 22:00:00,0.0
2023-04-17 23:00:00,0.0
2023-04-18 00:00:00,0.0
2023-04-18 01:00:00,0.0
2023-04-18 02:00:00,0.0
2023-04-18 03:00:00,0.0
2023-04-18 04:00:00,0.0
2023-04-18 05:00:00,0.0
2023-04-18 06:00:00,0.0
2023-04-18 07:00:00,0.14500000000000002
2023-04-18 08:00:00,1.209
2023-04-18 09:00:00,3.6229999999999998
2023-04-18 10:00:00,5.901
2023-04-18 11:00:00,7.492
2023-04-18 12:00:00,8.523
2023-04-18 13:00:00,8.945
2023-04-18 14:00:00,8.679
2023-04-18 15:00:00,7.843
2023-04-18 16:00:00,6.4959999999999996
2023-04-18 17:00:00,4.505
2023-04-18 18:00:00,2.384
2023-04-18 19:00:00,0.8190000000000001
2023-04-18 20:00:00,0.045
2023-04-18 21:00:00,0.0
2023-04-18 22:00:00,0.0
2023-04-18 23:00:00,0.0
2023-04-19 00:00:00,0.0
2023-04-19 01:00:00,0.0
2023-04-19 02:00:00,0.0
2023-04-19 03:00:00,0.0
2023-04-19 04:00:00,0.0
2023-04-19 05:00:00,0.0
2023-04-19 06:00:00,0.0
2023-04-19 07:00:00,0.207
2023-04-19 08:00:00,1.488
2023-04-19 09:00:00,3.924
2023-04-19 10:00:00,6.308
2023-04-19 11:00:00,8.426
2023-04-19 12:00:00,9.471
2023-04-19 13:00:00,9.727
2023-04-19 14:00:00,9.469
2023-04-19 15:00:00,8.62
2023-04-19 16:00:00,7.268
2023-04-19 17:00:00,5.442
2023-04-19 18:00:00,3.27
2023-04-19 19:00:00,1.054
2023-04-19 20:00:00,0.061
2023-04-19 21:00:00,0.0
2023-04-19 22:00:00,0.0
2023-04-19 23:00:00,0.0
2023-04-20 00:00:00,0.0
2023-04-20 01:00:00,0.0
2023-04-20 02:00:00,0.0
2023-04-20 03:00:00,0.0
2023-04-20 04:00:00,0.0
2023-04-20 05:00:00,0.0
2023-04-20 06:00:00,0.0
2023-04-20 07:00:00,0.265
2023-04-20 08:00:00,2.026
2023-04-20 09:00:00,4.625
2023-04-20 10:00:00,6.816
2023-04-20 11:00:00,8.116
2023-04-20 12:00:00,9.002
2023-04-20 13:00:00,9.394
2023-04-20 14:00:00,9.064
2023-04-20 15:00:00,8.22
2023-04-20 16:00:00,6.7829999999999995
2023-04-20 17:00:00,5.021
2023-04-20 18:00:00,2.953
2023-04-20 19:00:00,1.046
2023-04-20 20:00:00,0.069
2023-04-20 21:00:00,0.0
2023-04-20 22:00:00,0.0
2023-04-20 23:00:00,0.0
2023-04-21 00:00:00,0.0
2023-04-21 01:00:00,0.0
2023-04-21 02:00:00,0.0
2023-04-21 03:00:00,0.0
2023-04-21 04:00:00,0.0
2023-04-21 05:00:00,0.0
2023-04-21 06:00:00,0.0
2023-04-21 07:00:00,0.241
2023-04-21 08:00:00,1.563
2023-04-21 09:00:00,3.727
2023-04-21 10:00:00,5.997
2023-04-21 11:00:00,7.874
2023-04-21 12:00:00,8.919
2023-04-21 13:00:00,9.143
2023-04-21 14:00:00,8.562
2023-04-21 15:00:00,7.437
2023-04-21 16:00:00,6.274
2023-04-21 17:00:00,4.539
2023-04-21 18:00:00,2.488
2023-04-21 19:00:00,0.837
2023-04-21 20:00:00,0.057999999999999996
2023-04-21 21:00:00,0.0
2023-04-21 22:00:00,0.0
2023-04-21 23:00:00,0.0
2023-04-22 00:00:00,0.0
2023-04-22 01:00:00,0.0
2023-04-22 02:00:00,0.0
2023-04-22 03:00:00,0.0
2023-04-22 04:00:00,0.0
2023-04-22 05:00:00,0.0
2023-04-22 06:00:00,0.0
2023-04-22 07:00:00,0.187
2023-04-22 08:00:00,0.961
2023-04-22 09:00:00,2.241
2023-04-22 10:00:00,3.5
2023-04-22 11:00:00,4.394
2023-04-22 12:00:00,4.981
2023-04-22 13:00:00,5.675
2023-04-22 14:00:00,5.697
2023-04-22 15:00:00,5.16
2023-04-22 16:00:00,4.197
2023-04-22 17:00:00,2.966
2023-04-22 18:00:00,1.861
2023-04-22 19:00:00,0.757
2023-04-22 20:00:00,0.07200000000000001
2023-04-22 21:00:00,0.0
2023-04-22 22:00:00,0.0
2023-04-22 23:00:00,0.0
2023-04-23 00:00:00,0.0
2023-04-23 01:00:00,0.0
2023-04-23 02:00:00,0.0
2023-04-23 03:00:00,0.0
2023-04-23 04:00:00,0.0
2023-04-23 05:00:00,0.0
2023-04-23 06:00:00,0.0
2023-04-23 07:00:00,0.267
2023-04-23 08:00:00,1.306
2023-04-23 09:00:00,2.531
2023-04-23 10:00:00,3.856
2023-04-23 11:00:00,4.901
2023-04-23 12:00:00,5.17
2023-04-23 13:00:00,5.516
2023-04-23 14:00:00,5.822
2023-04-23 15:00:00,5.172
2023-04-23 16:00:00,4.5200000000000005
2023-04-23 17:00:00,3.717
2023-04-23 18:00:00,2.484
2023-04-23 19:00:00,0.986
2023-04-23 20:00:00,0.104
2023-04-23 21:00:00,0.0
2023-04-23 22:00:00,0.0
2023-04-23 23:00:00,0.0
2023-04-24 00:00:00,0.0
2023-04-24 01:00:00,0.0
2023-04-24 02:00:00,0.0
2023-04-24 03:00:00,0.0
2023-04-24 04:00:00,0.0
2023-04-24 05:00:00,0.0
2023-04-24 06:00:00,0.0
2023-04-24 07:00:00,0.258
2023-04-24 08:00:00,1.437
2023-04-24 09:00:00,3.461
2023-04-24 10:00:00,5.909
2023-04-24 11:00:00,7.337
2023-04-24 12:00:00,8.311
2023-04-24 13:00:00,8.377
2023-04-24 14:00:00,8.209
2023-04-24 15:00:00,7.426
2023-04-24 16:00:00,6.029
2023-04-24 17:00:00,3.879
2023-04-24 18:00:00,2.019
2023-04-24 19:00:00,0.795
2023-04-24 20:00:00,0.08
2023-04-24 21:00:00,0.0
2023-04-24 22:00:00,0.0
2023-04-24 23:00:00,0.0
2023-04-25 00:00:00,0.0
2023-04-25 01:00:00,0.0
2023-04-25 02:00:00,0.0
2023-04-25 03:00:00,0.0
2023-04-25 04:00:00,0.0
2023-04-25 05:00:00,0.0
2023-04-25 06:00:00,0.0
2023-04-25 07:00:00,0.215
2023-04-25 08:00:00,1.129
2023-04-25 09:00:00,2.601
2023-04-25 10:00:00,4.436
2023-04-25 11:00:00,5.822
2023-04-25 12:00:00,7.5120000000000005
2023-04-25 13:00:00,8.564
2023-04-25 14:00:00,8.124
2023-04-25 15:00:00,7.2219999999999995
2023-04-25 16:00:00,5.94
2023-04-25 17:00:00,4.428
2023-04-25 18:00:00,2.606
2023-04-25 19:00:00,0.881
2023-04-25 20:00:00,0.087
2023-04-25 21:00:00,0.0
2023-04-25 22:00:00,0.0
2023-04-25 23:00:00,0.0
2023-04-26 00:00:00,0.0
2023-04-26 01:00:00,0.0
2023-04-26 02:00:00,0.0
2023-04-26 03:00:00,0.0
2023-04-26 04:00:00,0.0
2023-04-26 05:00:00,0.0
2023-04-26 06:00:00,0.001
2023-04-26 07:00:00,0.318
2023-04-26 08:00:00,1.6139999999999999
2023-04-26 09:00:00,3.509
2023-04-26 10:00:00,5.3709999999999996
2023-04-26 11:00:00,6.838
2023-04-26 12:00:00,7.604
2023-04-26 13:00:00,7.767
2023-04-26 14:00:00,7.422
2023-04-26 15:00:00,6.452
2023-04-26 16:00:00,4.912
2023-04-26 17:00:00,3.431
2023-04-26 18:00:00,2.01
2023-04-26 19:00:00,0.768
2023-04-26 20:00:00,0.091
2023-04-26 21:00:00,0.0
2023-04-26 22:00:00,0.0
2023-04-26 23:00:00,0.0
2023-04-27 00:00:00,0.0
2023-04-27 01:00:00,0.0
2023-04-27 02:00:00,0.0
2023-04-27 03:00:00,0.0
2023-04-27 04:00:00,0.0
2023-04-27 05:00:00,0.0
2023-04-27 06:00:00,0.002
2023-04-27 07:00:00,0.39
2023-04-27 08:00:00,1.708
2023-04-27 09:00:00,3.241
2023-04-27 10:00:00,4.446
2023-04-27 11:00:00,5.415
2023-04-27 12:00:00,6.232
2023-04-27 13:00:00,6.632
2023-04-27 14:00:00,6.708
2023-04-27 15:00:00,6.181
2023-04-27 16:00:00,4.67
2023-04-27 17:00:00,3.407
2023-04-27 18:00:00,2.254
2023-04-27 19:00:00,0.909
2023-04-27 20:00:00,0.106
2023-04-27 21:00:00,0.0
2023-04-27 22:00:00,0.0
2023-04-27 23:00:00,0.0
2023-04-28 00:00:00,0.0
2023-04-28 01:00:00,0.0
2023-04-28 02:00:00,0.0
2023-04-28 03:00:00,0.0
2023-04-28 04:00:00,0.0
2023-04-28 05:00:00,0.0
2023-04-28 06:00:00,0.0
2023-04-28 07:00:00,0.263
2023-04-28 08:00:00,1.406
2023-04-28 09:00:00,3.018
2023-04-28 10:00:00,4.878
2023-04-28 11:00:00,6.669
2023-04-28 12:00:00,7.858
2023-04-28 13:00:00,8.439
2023-04-28 14:00:00,8.128
2023-04-28 15:00:00,7.275
2023-04-28 16:00:00,5.8
2023-04-28 17:00:00,3.64
2023-04-28 18:00:00,2.107
2023-04-28 19:00:00,0.763
2023-04-28 20:00:00,0.08299999999999999
2023-04-28 21:00:00,0.0
2023-04-28 22:00:00,0.0
2023-04-28 23:00:00,0.0
2023-04-29 00:00:00,0.0
2023-04-29 01:00:00,0.0
2023-04-29 02:00:00,0.0
2023-04-29 03:00:00,0.0
2023-04-29 04:00:00,0.0
2023-04-29 05:00:00,0.0
2023-04-29 06:00:00,0.002
2023-04-29 07:00:00,0.362
2023-04-29 08:00:00,1.611
2023-04-29 09:00:00,3.379
2023-04-29 10:00:00,5.14
2023-04-29 11:00:00,6.602
2023-04-29 12:00:00,7.763
2023-04-29 13:00:00,8.361
2023-04-29 14:00:00,8.333
2023-04-29 15:00:00,7.635
2023-04-29 16:00:00,6.277
2023-04-29 17:00:00,4.524
2023-04-29 18:00:00,2.548
2023-04-29 19:00:00,0.9319999999999999
2023-04-29 20:00:00,0.119
2023-04-29 21:00:00,0.0
2023-04-29 22:00:00,0.0
2023-04-29 23:00:00,0.0
2023-04-30 00:00:00,0.0
2023-04-30 01:00:00,0.0
2023-04-30 02:00:00,0.0
2023-04-30 03:00:00,0.0
2023-04-30 04:00:00,0.0
2023-04-30 05:00:00,0.0
2023-04-30 06:00:00,0.001
2023-04-30 07:00:00,0.259
2023-04-30 08:00:00,1.152
2023-04-30 09:00:00,2.552
2023-04-30 10:00:00,3.961
2023-04-30 11:00:00,5.107
2023-04-30 12:00:00,5.814
2023-04-30 13:00:00,6.163
2023-04-30 14:00:00,6.015
2023-04-30 15:00:00,5.413
2023-04-30 16:00:00,4.441
2023-04-30 17:00:00,3.2510000000000003
2023-04-30 18:00:00,2.05
2023-04-30 19:00:00,0.868
2023-04-30 20:00:00,0.134
2023-04-30 21:00:00,0.0
2023-04-30 22:00:00,0.0
2023-04-30 23:00:00,0.0
2023-05-01 00:00:00,0.0
2023-05-01 01:00:00,0.0
2023-05-01 02:00:00,0.0
2023-05-01 03:00:00,0.0
2023-05-01 04:00:00,0.0
2023-05-01 05:00:00,0.0
2023-05-01 06:00:00,0.0
2023-05-01 07:00:00,0.379
2023-05-01 08:00:00,1.676
2023-05-01 09:00:00,3.554
2023-05-01 10:00:00,5.568
2023-05-01 11:00:00,7.247
2023-05-01 12:00:00,7.991
2023-05-01 13:00:00,8.222
2023-05-01 14:00:00,8.036
2023-05-01 15:00:00,7.576
2023-05-01 16:00:00,6.39
2023-05-01 17:00:00,4.775
2023-05-01 18:00:00,2.848
2023-05-01 19:00:00,1.163
2023-05-01 20:00:00,0.184
2023-05-01 21:00:00,0.0
2023-05-01 22:00:00,0.0
2023-05-01 23:00:00,0.0
2023-05-02 00:00:00,0.0
2023-05-02 01:00:00,0.0
2023-05-02 02:00:00,0.0
2023-05-02 03:00:00,0.0
2023-05-02 04:00:00,0.0
2023-05-02 05:00:00,0.0
2023-05-02 06:00:00,0.004
2023-05-02 07:00:00,0.431
2023-05-02 08:00:00,1.8639999999999999
2023-05-02 09:00:00,4.417
2023-05-02 10:00:00,6.742
2023-05-02 11:00:00,8.428
2023-05-02 12:00:00,9.498
2023-05-02 13:00:00,9.902
2023-05-02 14:00:00,9.663
2023-05-02 15:00:00,8.957
2023-05-02 16:00:00,7.774
2023-05-02 17:00:00,5.873
2023-05-02 18:00:00,3.5060000000000002
2023-05-02 19:00:00,1.3
2023-05-02 20:00:00,0.193
2023-05-02 21:00:00,0.0
2023-05-02 22:00:00,0.0
2023-05-02 23:00:00,0.0
2023-05-03 00:00:00,0.0
2023-05-03 01:00:00,0.0
2023-05-03 02:00:00,0.0
2023-05-03 03:00:00,0.0
2023-05-03 04:00:00,0.0
2023-05-03 05:00:00,0.0
2023-05-03 06:00:00,0.007
2023-05-03 07:00:00,0.462
2023-05-03 08:00:00,2.349
2023-05-03 09:00:00,4.879
2023-05-03 10:00:00,7.153
2023-05-03 11:00:00,8.834999999999999
2023-05-03 12:00:00,9.848
2023-05-03 13:00:00,10.293
2023-05-03 14:00:00,10.114
2023-05-03 15:00:00,9.357
2023-05-03 16:00:00,7.891
2023-05-03 17:00:00,5.835
2023-05-03 18:00:00,3.446
2023-05-03 19:00:00,1.22
2023-05-03 20:00:00,0.192
2023-05-03 21:00:00,0.0
2023-05-03 22:00:00,0.0
2023-05-03 23:00:00,0.0
2023-05-04 00:00:00,0.0
2023-05-04 01:00:00,0.0
2023-05-04 02:00:00,0.0
2023-05-04 03:00:00,0.0
2023-05-04 04:00:00,0.0
2023-05-04 05:00:00,0.0
2023-05-04 06:00:00,0.01
2023-05-04 07:00:00,0.489
2023-05-04 08:00:00,2.117
2023-05-04 09:00:00,4.156000000000001
2023-05-04 10:00:00,6.2490000000000006
2023-05-04 11:00:00,7.799
2023-05-04 12:00:00,8.754
2023-05-04 13:00:00,9.081
2023-05-04 14:00:00,8.975
2023-05-04 15:00:00,8.151
2023-05-04 16:00:00,6.9190000000000005
2023-05-04 17:00:00,5.435
2023-05-04 18:00:00,3.285
2023-05-04 19:00:00,1.237
2023-05-04 20:00:00,0.218
2023-05-04 21:00:00,0.0
2023-05-04 22:00:00,0.0
2023-05-04 23:00:00,0.0
2023-05-05 00:00:00,0.0
2023-05-05 01:00:00,0.0
2023-05-05 02:00:00,0.0
2023-05-05 03:00:00,0.0
2023-05-05 04:00:00,0.0
2023-05-05 05:00:00,0.0
2023-05-05 06:00:00,0.006
2023-05-05 07:00:00,0.398
2023-05-05 08:00:00,1.55
2023-05-05 09:00:00,3.025
2023-05-05 10:00:00,4.6690000000000005
2023-05-05 11:00:00,6.237
2023-05-05 12:00:00,7.163
2023-05-05 13:00:00,7.6579999999999995
2023-05-05 14:00:00,7.341
2023-05-05 15:00:00,6.5920000000000005
2023-05-05 16:00:00,5.466
2023-05-05 17:00:00,3.8609999999999998
2023-05-05 18:00:00,2.435
2023-05-05 19:00:00,1.153
2023-05-05 20:00:00,0.247
2023-05-05 21:00:00,0.0
2023-05-05 22:00:00,0.0
2023-05-05 23:00:00,0.0
2023-05-06 00:00:00,0.0
2023-05-06 01:00:00,0.0
2023-05-06 02:00:00,0.0
2023-05-06 03:00:00,0.0
2023-05-06 04:00:00,0.0
2023-05-06 05:00:00,0.0
2023-05-06 06:00:00,0.012
2023-05-06 07:00:00,0.493
2023-05-06 08:00:00,1.891
2023-05-06 09:00:00,3.633
2023-05-06 10:00:00,4.993
2023-05-06 11:00:00,6.017
2023-05-06 12:00:00,6.796
2023-05-06 13:00:00,7.114
2023-05-06 14:00:00,6.855
2023-05-06 15:00:00,5.882
2023-05-06 16:00:00,4.765
2023-05-06 17:00:00,3.333
2023-05-06 18:00:00,1.935
2023-05-06 19:00:00,0.714
2023-05-06 20:00:00,0.10300000000000001
2023-05-06 21:00:00,0.0
2023-05-06 22:00:00,0.0
2023-05-06 23:00:00,0.0
2023-05-07 00:00:00,0.0
2023-05-07 01:00:00,0.0
2023-05-07 02:00:00,0.0
2023-05-07 03:00:00,0.0
2023-05-07 04:00:00,0.0
2023-05-07 05:00:00,0.0
2023-05-07 06:00:00,0.013
2023-05-07 07:00:00,0.43
2023-05-07 08:00:00,1.622
2023-05-07 09:00:00,3.277
2023-05-07 10:00:00,4.906
2023-05-07 11:00:00,6.265
2023-05-07 12:00:00,6.922000000000001
2023-05-07 13:00:00,6.803
2023-05-07 14:00:00,6.38
2023-05-07 15:00:00,5.658
2023-05-07 16:00:00,4.913
2023-05-07 17:00:00,3.856
2023-05-07 18:00:00,2.49
2023-05-07 19:00:00,1.116
2023-05-07 20:00:00,0.242
2023-05-07 21:00:00,0.0
2023-05-07 22:00:00,0.0
2023-05-07 23:00:00,0.0
2023-05-08 00:00:00,0.0
2023-05-08 01:00:00,0.0
2023-05-08 02:00:00,0.0
2023-05-08 03:00:00,0.0
2023-05-08 04:00:00,0.0
2023-05-08 05:00:00,0.0
2023-05-08 06:00:00,0.011
2023-05-08 07:00:00,0.46099999999999997
2023-05-08 08:00:00,1.617
2023-05-08 09:00:00,3.013
2023-05-08 10:00:00,4.5
2023-05-08 11:00:00,5.686
2023-05-08 12:00:00,6.691
2023-05-08 13:00:00,6.959
2023-05-08 14:00:00,7.105
2023-05-08 15:00:00,6.514
2023-05-08 16:00:00,5.072
2023-05-08 17:00:00,3.783
2023-05-08 18:00:00,2.126
2023-05-08 19:00:00,0.856
2023-05-08 20:00:00,0.158
2023-05-08 21:00:00,0.0
2023-05-08 22:00:00,0.0
2023-05-08 23:00:00,0.0
2023-05-09 00:00:00,0.0
2023-05-09 01:00:00,0.0
2023-05-09 02:00:00,0.0
2023-05-09 03:00:00,0.0
2023-05-09 04:00:00,0.0
2023-05-09 05:00:00,0.0
2023-05-09 06:00:00,0.012
2023-05-09 07:00:00,0.317
2023-05-09 08:00:00,1.025
2023-05-09 09:00:00,2.002
2023-05-09 10:00:00,2.886
2023-05-09 11:00:00,3.355
2023-05-09 12:00:00,3.91
2023-05-09 13:00:00,4.454
2023-05-09 14:00:00,4.543
2023-05-09 15:00:00,4.336
2023-05-09 16:00:00,3.609
2023-05-09 17:00:00,3.1069999999999998
2023-05-09 18:00:00,2.035
2023-05-09 19:00:00,0.957
2023-05-09 20:00:00,0.222
2023-05-09 21:00:00,0.0
2023-05-09 22:00:00,0.0
2023-05-09 23:00:00,0.0
2023-05-10 00:00:00,0.0
2023-05-10 01:00:00,0.0
2023-05-10 02:00:00,0.0
2023-05-10 03:00:00,0.0
2023-05-10 04:00:00,0.0
2023-05-10 05:00:00,0.0
2023-05-10 06:00:00,0.015
2023-05-10 07:00:00,0.489
2023-05-10 08:00:00,1.83
2023-05-10 09:00:00,3.688
2023-05-10 10:00:00,5.465
2023-05-10 11:00:00,6.882
2023-05-10 12:00:00,7.804
2023-05-10 13:00:00,7.983
2023-05-10 14:00:00,7.376
2023-05-10 15:00:00,6.523
2023-05-10 16:00:00,5.494
2023-05-10 17:00:00,4.162
2023-05-10 18:00:00,2.589
2023-05-10 19:00:00,1.152
2023-05-10 20:00:00,0.253
2023-05-10 21:00:00,0.0
2023-05-10 22:00:00,0.0
2023-05-10 23:00:00,0.0
2023-05-11 00:00:00,0.0
2023-05-11 01:00:00,0.0
2023-05-11 02:00:00,0.0
2023-05-11 03:00:00,0.0
2023-05-11 04:00:00,0.0
2023-05-11 05:00:00,0.0
2023-05-11 06:00:00,0.017
2023-05-11 07:00:00,0.5559999999999999
2023-05-11 08:00:00,1.989
2023-05-11 09:00:00,4.062
2023-05-11 10:00:00,6.076
2023-05-11 11:00:00,7.38
2023-05-11 12:00:00,7.9190000000000005
2023-05-11 13:00:00,7.946
2023-05-11 14:00:00,7.519
2023-05-11 15:00:00,6.928
2023-05-11 16:00:00,5.75
2023-05-11 17:00:00,4.074
2023-05-11 18:00:00,2.4619999999999997
2023-05-11 19:00:00,0.98
2023-05-11 20:00:00,0.241
2023-05-11 21:00:00,0.0
2023-05-11 22:00:00,0.0
2023-05-11 23:00:00,0.0
2023-05-12 00:00:00,0.0
2023-05-12 01:00:00,0.0
2023-05-12 02:00:00,0.0
2023-05-12 03:00:00,0.0
2023-05-12 04:00:00,0.0
2023-05-12 05:00:00,0.0
2023-05-12 06:00:00,0.019999999999999997
2023-05-12 07:00:00,0.527
2023-05-12 08:00:00,1.808
2023-05-12 09:00:00,3.534
2023-05-12 10:00:00,5.269
2023-05-12 11:00:00,6.242999999999999
2023-05-12 12:00:00,6.477
2023-05-12 13:00:00,6.648
2023-05-12 14:00:00,6.248
2023-05-12 15:00:00,5.464
2023-05-12 16:00:00,4.721
2023-05-12 17:00:00,3.46
2023-05-12 18:00:00,2.176
2023-05-12 19:00:00,1.023
2023-05-12 20:00:00,0.26
2023-05-12 21:00:00,0.0
2023-05-12 22:00:00,0.0
2023-05-12 23:00:00,0.0
2023-05-13 00:00:00,0.0
2023-05-13 01:00:00,0.0
2023-05-13 02:00:00,0.0
2023-05-13 03:00:00,0.0
2023-05-13 04:00:00,0.0
2023-05-13 05:00:00,0.0
2023-05-13 06:00:00,0.028
2023-05-13 07:00:00,0.583
2023-05-13 08:00:00,2.047
2023-05-13 09:00:00,4.06
2023-05-13 10:00:00,5.839
2023-05-13 11:00:00,7.243
2023-05-13 12:00:00,7.911
2023-05-13 13:00:00,7.964
2023-05-13 14:00:00,7.57
2023-05-13 15:00:00,6.718
2023-05-13 16:00:00,5.687
2023-05-13 17:00:00,4.233
2023-05-13 18:00:00,2.72
2023-05-13 19:00:00,1.318
2023-05-13 20:00:00,0.312
2023-05-13 21:00:00,0.001
2023-05-13 22:00:00,0.0
2023-05-13 23:00:00,0.0
2023-05-14 00:00:00,0.0
2023-05-14 01:00:00,0.0
2023-05-14 02:00:00,0.0
2023-05-14 03:00:00,0.0
2023-05-14 04:00:00,0.0
2023-05-14 05:00:00,0.0
2023-05-14 06:00:00,0.033
2023-05-14 07:00:00,0.599
2023-05-14 08:00:00,2.011
2023-05-14 09:00:00,4.248
2023-05-14 10:00:00,6.477
2023-05-14 11:00:00,7.892
2023-05-14 12:00:00,8.770999999999999
2023-05-14 13:00:00,8.995
2023-05-14 14:00:00,8.676
2023-05-14 15:00:00,7.8149999999999995
2023-05-14 16:00:00,6.328
2023-05-14 17:00:00,4.675
2023-05-14 18:00:00,2.988
2023-05-14 19:00:00,1.384
2023-05-14 20:00:00,0.323
2023-05-14 21:00:00,0.002
2023-05-14 22:00:00,0.0
2023-05-14 23:00:00,0.0
2023-05-15 00:00:00,0.0
2023-05-15 01:00:00,0.0
2023-05-15 02:00:00,0.0
2023-05-15 03:00:00,0.0
2023-05-15 04:00:00,0.0
2023-05-15 05:00:00,0.0
2023-05-15 06:00:00,0.038
2023-05-15 07:00:00,0.577
2023-05-15 08:00:00,1.787
2023-05-15 09:00:00,3.437
2023-05-15 10:00:00,5.172
2023-05-15 11:00:00,6.231
2023-05-15 12:00:00,6.551
2023-05-15 13:00:00,6.179
2023-05-15 14:00:00,5.3740000000000006
2023-05-15 15:00:00,4.547
2023-05-15 16:00:00,3.992
2023-05-15 17:00:00,3.112
2023-05-15 18:00:00,2.075
2023-05-15 19:00:00,1.055
2023-05-15 20:00:00,0.286
2023-05-15 21:00:00,0.004
2023-05-15 22:00:00,0.0
2023-05-15 23:00:00,0.0
2023-05-16 00:00:00,0.0
2023-05-16 01:00:00,0.0
2023-05-16 02:00:00,0.0
2023-05-16 03:00:00,0.0
2023-05-16 04:00:00,0.0
2023-05-16 05:00:00,0.0
2023-05-16 06:00:00,0.021
2023-05-16 07:00:00,0.46900000000000003
2023-05-16 08:00:00,1.867
2023-05-16 09:00:00,3.896
2023-05-16 10:00:00,5.837
2023-05-16 11:00:00,7.431
2023-05-16 12:00:00,8.44
2023-05-16 13:00:00,8.87
2023-05-16 14:00:00,8.91
2023-05-16 15:00:00,8.316
2023-05-16 16:00:00,7.139
2023-05-16 17:00:00,5.642
2023-05-16 18:00:00,3.6710000000000003
2023-05-16 19:00:00,1.577
2023-05-16 20:00:00,0.358
2023-05-16 21:00:00,0.004
2023-05-16 22:00:00,0.0
2023-05-16 23:00:00,0.0
2023-05-17 00:00:00,0.0
2023-05-17 01:00:00,0.0
2023-05-17 02:00:00,0.0
2023-05-17 03:00:00,0.0
2023-05-17 04:00:00,0.0
2023-05-17 05:00:00,0.0
2023-05-17 06:00:00,0.051000000000000004
2023-05-17 07:00:00,0.686
2023-05-17 08:00:00,2.383
2023-05-17 09:00:00,4.693
2023-05-17 10:00:00,6.741
2023-05-17 11:00:00,8.19
2023-05-17 12:00:00,8.953
2023-05-17 13:00:00,9.369
2023-05-17 14:00:00,9.171
2023-05-17 15:00:00,8.363
2023-05-17 16:00:00,7.005
2023-05-17 17:00:00,5.3709999999999996
2023-05-17 18:00:00,3.437
2023-05-17 19:00:00,1.517
2023-05-17 20:00:00,0.357
2023-05-17 21:00:00,0.006
2023-05-17 22:00:00,0.0
2023-05-17 23:00:00,0.0
2023-05-18 00:00:00,0.0
2023-05-18 01:00:00,0.0
2023-05-18 02:00:00,0.0
2023-05-18 03:00:00,0.0
2023-05-18 04:00:00,0.0
2023-05-18 05:00:00,0.0
2023-05-18 06:00:00,0.051000000000000004
2023-05-18 07:00:00,0.637
2023-05-18 08:00:00,1.9749999999999999
2023-05-18 09:00:00,3.631
2023-05-18 10:00:00,5.2
2023-05-18 11:00:00,6.558
2023-05-18 12:00:00,7.385
2023-05-18 13:00:00,7.73
2023-05-18 14:00:00,7.4590000000000005
2023-05-18 15:00:00,6.693
2023-05-18 16:00:00,5.661
2023-05-18 17:00:00,4.296
2023-05-18 18:00:00,2.8689999999999998
2023-05-18 19:00:00,1.405
2023-05-18 20:00:00,0.371
2023-05-18 21:00:00,0.008
2023-05-18 22:00:00,0.0
2023-05-18 23:00:00,0.0
2023-05-19 00:00:00,0.0
2023-05-19 01:00:00,0.0
2023-05-19 02:00:00,0.0
2023-05-19 03:00:00,0.0
2023-05-19 04:00:00,0.0
2023-05-19 05:00:00,0.0
2023-05-19 06:00:00,0.038
2023-05-19 07:00:00,0.606
2023-05-19 08:00:00,2.1270000000000002
2023-05-19 09:00:00,4.137
2023-05-19 10:00:00,5.985
2023-05-19 11:00:00,7.458
2023-05-19 12:00:00,8.533
2023-05-19 13:00:00,8.801
2023-05-19 14:00:00,8.432
2023-05-19 15:00:00,7.377
2023-05-19 16:00:00,5.997
2023-05-19 17:00:00,4.389
2023-05-19 18:00:00,2.776
2023-05-19 19:00:00,1.307
2023-05-19 20:00:00,0.345
2023-05-19 21:00:00,0.006
2023-05-19 22:00:00,0.0
2023-05-19 23:00:00,0.0
2023-05-20 00:00:00,0.0
2023-05-20 01:00:00,0.0
2023-05-20 02:00:00,0.0
2023-05-20 03:00:00,0.0
2023-05-20 04:00:00,0.0
2023-05-20 05:00:00,0.0
2023-05-20 06:00:00,0.04
2023-05-20 07:00:00,0.636
2023-05-20 08:00:00,2.025
2023-05-20 09:00:00,3.708
2023-05-20 10:00:00,5.388
2023-05-20 11:00:00,6.702
2023-05-20 12:00:00,7.34
2023-05-20 13:00:00,7.341
2023-05-20 14:00:00,6.894
2023-05-20 15:00:00,5.91
2023-05-20 16:00:00,4.692
2023-05-20 17:00:00,3.335
2023-05-20 18:00:00,2.067
2023-05-20 19:00:00,1.037
2023-05-20 20:00:00,0.291
2023-05-20 21:00:00,0.008
2023-05-20 22:00:00,0.0
2023-05-20 23:00:00,0.0
2023-05-21 00:00:00,0.0
2023-05-21 01:00:00,0.0
2023-05-21 02:00:00,0.0
2023-05-21 03:00:00,0.0
2023-05-21 04:00:00,0.0
2023-05-21 05:00:00,0.0
2023-05-21 06:00:00,0.038
2023-05-21 07:00:00,0.527
2023-05-21 08:00:00,1.658
2023-05-21 09:00:00,3.309
2023-05-21 10:00:00,5.021
2023-05-21 11:00:00,6.382
2023-05-21 12:00:00,7.13
2023-05-21 13:00:00,7.212
2023-05-21 14:00:00,6.95
2023-05-21 15:00:00,6.073
2023-05-21 16:00:00,5.0169999999999995
2023-05-21 17:00:00,3.67
2023-05-21 18:00:00,2.184
2023-05-21 19:00:00,0.988
2023-05-21 20:00:00,0.272
2023-05-21 21:00:00,0.006
2023-05-21 22:00:00,0.0
2023-05-21 23:00:00,0.0
2023-05-22 00:00:00,0.0
2023-05-22 01:00:00,0.0
2023-05-22 02:00:00,0.0
2023-05-22 03:00:00,0.0
2023-05-22 04:00:00,0.0
2023-05-22 05:00:00,0.0
2023-05-22 06:00:00,0.069
2023-05-22 07:00:00,0.7290000000000001
2023-05-22 08:00:00,2.154
2023-05-22 09:00:00,3.955
2023-05-22 10:00:00,5.46
2023-05-22 11:00:00,6.728
2023-05-22 12:00:00,7.42
2023-05-22 13:00:00,7.679
2023-05-22 14:00:00,7.497
2023-05-22 15:00:00,6.723
2023-05-22 16:00:00,5.61
2023-05-22 17:00:00,4.219
2023-05-22 18:00:00,2.752
2023-05-22 19:00:00,1.339
2023-05-22 20:00:00,0.39
2023-05-22 21:00:00,0.007
2023-05-22 22:00:00,0.0
2023-05-22 23:00:00,0.0
2023-05-23 00:00:00,0.0
2023-05-23 01:00:00,0.0
2023-05-23 02:00:00,0.0
2023-05-23 03:00:00,0.0
2023-05-23 04:00:00,0.0
2023-05-23 05:00:00,0.0
2023-05-23 06:00:00,0.077
2023-05-23 07:00:00,0.753
2023-05-23 08:00:00,2.297
2023-05-23 09:00:00,4.199
2023-05-23 10:00:00,5.937
2023-05-23 11:00:00,7.336
2023-05-23 12:00:00,8.216
2023-05-23 13:00:00,8.394
2023-05-23 14:00:00,8.066
2023-05-23 15:00:00,7.189
2023-05-23 16:00:00,5.936
2023-05-23 17:00:00,4.486
2023-05-23 18:00:00,2.924
2023-05-23 19:00:00,1.445
2023-05-23 20:00:00,0.431
2023-05-23 21:00:00,0.014
2023-05-23 22:00:00,0.0
2023-05-23 23:00:00,0.0
2023-05-24 00:00:00,0.0
2023-05-24 01:00:00,0.0
2023-05-24 02:00:00,0.0
2023-05-24 03:00:00,0.0
2023-05-24 04:00:00,0.0
2023-05-24 05:00:00,0.0
2023-05-24 06:00:00,0.089
2023-05-24 07:00:00,0.791
2023-05-24 08:00:00,2.483
2023-05-24 09:00:00,4.579
2023-05-24 10:00:00,6.474
2023-05-24 11:00:00,7.934
2023-05-24 12:00:00,8.769
2023-05-24 13:00:00,9.083
2023-05-24 14:00:00,8.775
2023-05-24 15:00:00,8.079
2023-05-24 16:00:00,7.024
2023-05-24 17:00:00,5.247
2023-05-24 18:00:00,3.342
2023-05-24 19:00:00,1.514
2023-05-24 20:00:00,0.436
2023-05-24 21:00:00,0.014
2023-05-24 22:00:00,0.0
2023-05-24 23:00:00,0.0
2023-05-25 00:00:00,0.0
2023-05-25 01:00:00,0.0
2023-05-25 02:00:00,0.0
2023-05-25 03:00:00,0.0
2023-05-25 04:00:00,0.0
2023-05-25 05:00:00,0.0
2023-05-25 06:00:00,0.088
2023-05-25 07:00:00,0.704
2023-05-25 08:00:00,2.3729999999999998
2023-05-25 09:00:00,4.505
2023-05-25 10:00:00,6.487
2023-05-25 11:00:00,8.075
2023-05-25 12:00:00,8.923
2023-05-25 13:00:00,9.206
2023-05-25 14:00:00,9.073
2023-05-25 15:00:00,8.514
2023-05-25 16:00:00,7.409
2023-05-25 17:00:00,5.751
2023-05-25 18:00:00,3.693
2023-05-25 19:00:00,1.6360000000000001
2023-05-25 20:00:00,0.399
2023-05-25 21:00:00,0.02
2023-05-25 22:00:00,0.0
2023-05-25 23:00:00,0.0
2023-05-26 00:00:00,0.0
2023-05-26 01:00:00,0.0
2023-05-26 02:00:00,0.0
2023-05-26 03:00:00,0.0
2023-05-26 04:00:00,0.0
2023-05-26 05:00:00,0.0
2023-05-26 06:00:00,0.106
2023-05-26 07:00:00,0.747
2023-05-26 08:00:00,2.646
2023-05-26 09:00:00,5.006
2023-05-26 10:00:00,7.0440000000000005
2023-05-26 11:00:00,8.578
2023-05-26 12:00:00,9.542
2023-05-26 13:00:00,9.928
2023-05-26 14:00:00,9.771
2023-05-26 15:00:00,9.047
2023-05-26 16:00:00,7.78
2023-05-26 17:00:00,6.034
2023-05-26 18:00:00,3.864
2023-05-26 19:00:00,1.668
2023-05-26 20:00:00,0.416
2023-05-26 21:00:00,0.023
2023-05-26 22:00:00,0.0
2023-05-26 23:00:00,0.0
2023-05-27 00:00:00,0.0
2023-05-27 01:00:00,0.0
2023-05-27 02:00:00,0.0
2023-05-27 03:00:00,0.0
2023-05-27 04:00:00,0.0
2023-05-27 05:00:00,0.0
2023-05-27 06:00:00,0.114
2023-05-27 07:00:00,0.733
2023-05-27 08:00:00,2.632
2023-05-27 09:00:00,4.984
2023-05-27 10:00:00,7.046
2023-05-27 11:00:00,8.584
2023-05-27 12:00:00,9.499
2023-05-27 13:00:00,9.811
2023-05-27 14:00:00,9.604
2023-05-27 15:00:00,8.856
2023-05-27 16:00:00,7.589
2023-05-27 17:00:00,5.853
2023-05-27 18:00:00,3.746
2023-05-27 19:00:00,1.657
2023-05-27 20:00:00,0.433
2023-05-27 21:00:00,0.024
2023-05-27 22:00:00,0.0
2023-05-27 23:00:00,0.0
2023-05-28 00:00:00,0.0
2023-05-28 01:00:00,0.0
2023-05-28 02:00:00,0.0
2023-05-28 03:00:00,0.0
2023-05-28 04:00:00,0.0
2023-05-28 05:00:00,0.0
2023-05-28 06:00:00,0.112
2023-05-28 07:00:00,0.763
2023-05-28 08:00:00,2.586
2023-05-28 09:00:00,4.828
2023-05-28 10:00:00,6.755
2023-05-28 11:00:00,8.182
2023-05-28 12:00:00,9.095
2023-05-28 13:00:00,9.392
2023-05-28 14:00:00,9.187
2023-05-28 15:00:00,8.520999999999999
2023-05-28 16:00:00,7.327
2023-05-28 17:00:00,5.688
2023-05-28 18:00:00,3.659
2023-05-28 19:00:00,1.649
2023-05-28 20:00:00,0.446
2023-05-28 21:00:00,0.025
2023-05-28 22:00:00,0.0
2023-05-28 23:00:00,0.0
2023-05-29 00:00:00,0.0
2023-05-29 01:00:00,0.0
2023-05-29 02:00:00,0.0
2023-05-29 03:00:00,0.0
2023-05-29 04:00:00,0.0
2023-05-29 05:00:00,0.0
2023-05-29 06:00:00,0.11499999999999999
2023-05-29 07:00:00,0.755
2023-05-29 08:00:00,2.48
2023-05-29 09:00:00,4.547
2023-05-29 10:00:00,6.351
2023-05-29 11:00:00,7.689
2023-05-29 12:00:00,8.466
2023-05-29 13:00:00,8.768
2023-05-29 14:00:00,8.652000000000001
2023-05-29 15:00:00,8.008
2023-05-29 16:00:00,6.905
2023-05-29 17:00:00,5.31
2023-05-29 18:00:00,3.447
2023-05-29 19:00:00,1.583
2023-05-29 20:00:00,0.427
2023-05-29 21:00:00,0.028
2023-05-29 22:00:00,0.0
2023-05-29 23:00:00,0.0
2023-05-30 00:00:00,0.0
2023-05-30 01:00:00,0.0
2023-05-30 02:00:00,0.0
2023-05-30 03:00:00,0.0
2023-05-30 04:00:00,0.0
2023-05-30 05:00:00,0.0
2023-05-30 06:00:00,0.128
2023-05-30 07:00:00,0.8069999999999999
2023-05-30 08:00:00,2.463
2023-05-30 09:00:00,4.561
2023-05-30 10:00:00,6.282
2023-05-30 11:00:00,7.525
2023-05-30 12:00:00,8.189
2023-05-30 13:00:00,8.602
2023-05-30 14:00:00,8.398
2023-05-30 15:00:00,7.76
2023-05-30 16:00:00,6.732
2023-05-30 17:00:00,5.214
2023-05-30 18:00:00,3.3619999999999997
2023-05-30 19:00:00,1.568
2023-05-30 20:00:00,0.444
2023-05-30 21:00:00,0.028999999999999998
2023-05-30 22:00:00,0.0
2023-05-30 23:00:00,0.0
2023-05-31 00:00:00,0.0
2023-05-31 01:00:00,0.0
2023-05-31 02:00:00,0.0
2023-05-31 03:00:00,0.0
2023-05-31 04:00:00,0.0
2023-05-31 05:00:00,0.0
2023-05-31 06:00:00,0.122
2023-05-31 07:00:00,0.771
2023-05-31 08:00:00,2.515
2023-05-31 09:00:00,4.663
2023-05-31 10:00:00,6.539
2023-05-31 11:00:00,7.845
2023-05-31 12:00:00,8.707
2023-05-31 13:00:00,8.982000000000001
2023-05-31 14:00:00,8.787
2023-05-31 15:00:00,8.06
2023-05-31 16:00:00,6.898
2023-05-31 17:00:00,5.384
2023-05-31 18:00:00,3.512
2023-05-31 19:00:00,1.618
2023-05-31 20:00:00,0.41
2023-05-31 21:00:00,0.032
2023-05-31 22:00:00,0.0
2023-05-31 23:00:00,0.0
2023-06-01 00:00:00,0.0
2023-06-01 01:00:00,0.0
2023-06-01 02:00:00,0.0
2023-06-01 03:00:00,0.0
2023-06-01 04:00:00,0.0
2023-06-01 05:00:00,0.0
2023-06-01 06:00:00,0.126
2023-06-01 07:00:00,0.7020000000000001
2023-06-01 08:00:00,2.44
2023-06-01 09:00:00,4.518
2023-06-01 10:00:00,6.299
2023-06-01 11:00:00,7.604
2023-06-01 12:00:00,8.465
2023-06-01 13:00:00,8.737
2023-06-01 14:00:00,8.495000000000001
2023-06-01 15:00:00,7.79
2023-06-01 16:00:00,6.737
2023-06-01 17:00:00,5.242
2023-06-01 18:00:00,3.451
2023-06-01 19:00:00,1.637
2023-06-01 20:00:00,0.449
2023-06-01 21:00:00,0.034
2023-06-01 22:00:00,0.0
2023-06-01 23:00:00,0.0
2023-06-02 00:00:00,0.0
2023-06-02 01:00:00,0.0
2023-06-02 02:00:00,0.0
2023-06-02 03:00:00,0.0
2023-06-02 04:00:00,0.0
2023-06-02 05:00:00,0.0
2023-06-02 06:00:00,0.133
2023-06-02 07:00:00,0.828
2023-06-02 08:00:00,2.487
2023-06-02 09:00:00,4.666
2023-06-02 10:00:00,6.606
2023-06-02 11:00:00,7.829
2023-06-02 12:00:00,8.505
2023-06-02 13:00:00,8.66
2023-06-02 14:00:00,8.374
2023-06-02 15:00:00,7.685
2023-06-02 16:00:00,6.579
2023-06-02 17:00:00,5.104
2023-06-02 18:00:00,3.3810000000000002
2023-06-02 19:00:00,1.589
2023-06-02 20:00:00,0.408
2023-06-02 21:00:00,0.037
2023-06-02 22:00:00,0.0
2023-06-02 23:00:00,0.0
2023-06-03 00:00:00,0.0
2023-06-03 01:00:00,0.0
2023-06-03 02:00:00,0.0
2023-06-03 03:00:00,0.0
2023-06-03 04:00:00,0.0
2023-06-03 05:00:00,0.0
2023-06-03 06:00:00,0.14
2023-06-03 07:00:00,0.768
2023-06-03 08:00:00,2.509
2023-06-03 09:00:00,4.604
2023-06-03 10:00:00,6.364
2023-06-03 11:00:00,7.684
2023-06-03 12:00:00,8.538
2023-06-03 13:00:00,8.762
2023-06-03 14:00:00,8.450000000000001
2023-06-03 15:00:00,7.733
2023-06-03 16:00:00,6.694
2023-06-03 17:00:00,5.158
2023-06-03 18:00:00,3.4450000000000003
2023-06-03 19:00:00,1.633
2023-06-03 20:00:00,0.426
2023-06-03 21:00:00,0.039
2023-06-03 22:00:00,0.0
2023-06-03 23:00:00,0.0
2023-06-04 00:00:00,0.0
2023-06-04 01:00:00,0.0
2023-06-04 02:00:00,0.0
2023-06-04 03:00:00,0.0
2023-06-04 04:00:00,0.0
2023-06-04 05:00:00,0.0
2023-06-04 06:00:00,0.144
2023-06-04 07:00:00,0.74
2023-06-04 08:00:00,2.419
2023-06-04 09:00:00,4.463
2023-06-04 10:00:00,6.3
2023-06-04 11:00:00,7.609
2023-06-04 12:00:00,8.336
2023-06-04 13:00:00,8.507
2023-06-04 14:00:00,8.233
2023-06-04 15:00:00,7.468
2023-06-04 16:00:00,6.425
2023-06-04 17:00:00,5.019
2023-06-04 18:00:00,3.299
2023-06-04 19:00:00,1.5979999999999999
2023-06-04 20:00:00,0.445
2023-06-04 21:00:00,0.04
2023-06-04 22:00:00,0.0
2023-06-04 23:00:00,0.0
2023-06-05 00:00:00,0.0
2023-06-05 01:00:00,0.0
2023-06-05 02:00:00,0.0
2023-06-05 03:00:00,0.0
2023-06-05 04:00:00,0.0
2023-06-05 05:00:00,0.0
2023-06-05 06:00:00,0.151
2023-06-05 07:00:00,0.764
2023-06-05 08:00:00,2.537
2023-06-05 09:00:00,4.667
2023-06-05 10:00:00,6.548
2023-06-05 11:00:00,7.893000000000001
2023-06-05 12:00:00,8.761
2023-06-05 13:00:00,9.054
2023-06-05 14:00:00,8.821
2023-06-05 15:00:00,8.145999999999999
2023-06-05 16:00:00,7.002
2023-06-05 17:00:00,5.499
2023-06-05 18:00:00,3.637
2023-06-05 19:00:00,1.719
2023-06-05 20:00:00,0.502
2023-06-05 21:00:00,0.044
2023-06-05 22:00:00,0.0
2023-06-05 23:00:00,0.0
2023-06-06 00:00:00,0.0
2023-06-06 01:00:00,0.0
2023-06-06 02:00:00,0.0
2023-06-06 03:00:00,0.0
2023-06-06 04:00:00,0.0
2023-06-06 05:00:00,0.0
2023-06-06 06:00:00,0.166
2023-06-06 07:00:00,0.821
2023-06-06 08:00:00,2.5180000000000002
2023-06-06 09:00:00,4.545
2023-06-06 10:00:00,6.3580000000000005
2023-06-06 11:00:00,7.728
2023-06-06 12:00:00,8.554
2023-06-06 13:00:00,8.901
2023-06-06 14:00:00,8.833
2023-06-06 15:00:00,8.202
2023-06-06 16:00:00,6.953
2023-06-06 17:00:00,5.269
2023-06-06 18:00:00,3.448
2023-06-06 19:00:00,1.676
2023-06-06 20:00:00,0.508
2023-06-06 21:00:00,0.045
2023-06-06 22:00:00,0.0
2023-06-06 23:00:00,0.0
2023-06-07 00:00:00,0.0
2023-06-07 01:00:00,0.0
2023-06-07 02:00:00,0.0
2023-06-07 03:00:00,0.0
2023-06-07 04:00:00,0.0
2023-06-07 05:00:00,0.0
2023-06-07 06:00:00,0.166
2023-06-07 07:00:00,0.858
2023-06-07 08:00:00,2.577
2023-06-07 09:00:00,4.681
2023-06-07 10:00:00,6.523
2023-06-07 11:00:00,7.874
2023-06-07 12:00:00,8.753
2023-06-07 13:00:00,9.143
2023-06-07 14:00:00,8.868
2023-06-07 15:00:00,7.926
2023-06-07 16:00:00,6.839
2023-06-07 17:00:00,5.255
2023-06-07 18:00:00,3.295
2023-06-07 19:00:00,1.533
2023-06-07 20:00:00,0.485
2023-06-07 21:00:00,0.032
2023-06-07 22:00:00,0.0
2023-06-07 23:00:00,0.0
2023-06-08 00:00:00,0.0
2023-06-08 01:00:00,0.0
2023-06-08 02:00:00,0.0
2023-06-08 03:00:00,0.0
2023-06-08 04:00:00,0.0
2023-06-08 05:00:00,0.0
2023-06-08 06:00:00,0.166
2023-06-08 07:00:00,0.843
2023-06-08 08:00:00,2.468
2023-06-08 09:00:00,4.473
2023-06-08 10:00:00,6.24
2023-06-08 11:00:00,7.526
2023-06-08 12:00:00,8.225
2023-06-08 13:00:00,8.447
2023-06-08 14:00:00,8.432
2023-06-08 15:00:00,7.819
2023-06-08 16:00:00,6.476
2023-06-08 17:00:00,5.111
2023-06-08 18:00:00,3.303
2023-06-08 19:00:00,1.529
2023-06-08 20:00:00,0.47200000000000003
2023-06-08 21:00:00,0.034
2023-06-08 22:00:00,0.0
2023-06-08 23:00:00,0.0
2023-06-09 00:00:00,0.0
2023-06-09 01:00:00,0.0
2023-06-09 02:00:00,0.0
2023-06-09 03:00:00,0.0
2023-06-09 04:00:00,0.0
2023-06-09 05:00:00,0.0
2023-06-09 06:00:00,0.165
2023-06-09 07:00:00,0.796
2023-06-09 08:00:00,2.15
2023-06-09 09:00:00,3.57
2023-06-09 10:00:00,4.988
2023-06-09 11:00:00,6.11
2023-06-09 12:00:00,6.462
2023-06-09 13:00:00,6.609
2023-06-09 14:00:00,6.241
2023-06-09 15:00:00,5.5440000000000005
2023-06-09 16:00:00,4.485
2023-06-09 17:00:00,3.269
2023-06-09 18:00:00,2.081
2023-06-09 19:00:00,1.017
2023-06-09 20:00:00,0.328
2023-06-09 21:00:00,0.016
2023-06-09 22:00:00,0.0
2023-06-09 23:00:00,0.0
2023-06-10 00:00:00,0.0
2023-06-10 01:00:00,0.0
2023-06-10 02:00:00,0.0
2023-06-10 03:00:00,0.0
2023-06-10 04:00:00,0.0
2023-06-10 05:00:00,0.0
2023-06-10 06:00:00,0.157
2023-06-10 07:00:00,0.8180000000000001
2023-06-10 08:00:00,2.262
2023-06-10 09:00:00,4.171
2023-06-10 10:00:00,6.034
2023-06-10 11:00:00,7.547
2023-06-10 12:00:00,8.286
2023-06-10 13:00:00,8.443
2023-06-10 14:00:00,8.072
2023-06-10 15:00:00,7.339
2023-06-10 16:00:00,6.184
2023-06-10 17:00:00,4.707
2023-06-10 18:00:00,3.104
2023-06-10 19:00:00,1.574
2023-06-10 20:00:00,0.514
2023-06-10 21:00:00,0.038
2023-06-10 22:00:00,0.0
2023-06-10 23:00:00,0.0
2023-06-11 00:00:00,0.0
2023-06-11 01:00:00,0.0
2023-06-11 02:00:00,0.0
2023-06-11 03:00:00,0.0
2023-06-11 04:00:00,0.0
2023-06-11 05:00:00,0.0
2023-06-11 06:00:00,0.16999999999999998
2023-06-11 07:00:00,0.875
2023-06-11 08:00:00,2.447
2023-06-11 09:00:00,4.2780000000000005
2023-06-11 10:00:00,5.857
2023-06-11 11:00:00,6.945
2023-06-11 12:00:00,7.429
2023-06-11 13:00:00,7.417
2023-06-11 14:00:00,6.8919999999999995
2023-06-11 15:00:00,6.159
2023-06-11 16:00:00,5.0809999999999995
2023-06-11 17:00:00,3.932
2023-06-11 18:00:00,2.65
2023-06-11 19:00:00,1.358
2023-06-11 20:00:00,0.458
2023-06-11 21:00:00,0.043
2023-06-11 22:00:00,0.0
2023-06-11 23:00:00,0.0
2023-06-12 00:00:00,0.0
2023-06-12 01:00:00,0.0
2023-06-12 02:00:00,0.0
2023-06-12 03:00:00,0.0
2023-06-12 04:00:00,0.0
2023-06-12 05:00:00,0.0
2023-06-12 06:00:00,0.155
2023-06-12 07:00:00,0.795
2023-06-12 08:00:00,2.298
2023-06-12 09:00:00,4.106
2023-06-12 10:00:00,5.696
2023-06-12 11:00:00,6.78
2023-06-12 12:00:00,7.332
2023-06-12 13:00:00,7.355
2023-06-12 14:00:00,7.018
2023-06-12 15:00:00,6.346
2023-06-12 16:00:00,5.321
2023-06-12 17:00:00,3.956
2023-06-12 18:00:00,2.635
2023-06-12 19:00:00,1.317
2023-06-12 20:00:00,0.461
2023-06-12 21:00:00,0.047
2023-06-12 22:00:00,0.0
2023-06-12 23:00:00,0.0
2023-06-13 00:00:00,0.0
2023-06-13 01:00:00,0.0
2023-06-13 02:00:00,0.0
2023-06-13 03:00:00,0.0
2023-06-13 04:00:00,0.0
2023-06-13 05:00:00,0.0
2023-06-13 06:00:00,0.134
2023-06-13 07:00:00,0.631
2023-06-13 08:00:00,1.87
2023-06-13 09:00:00,3.329
2023-06-13 10:00:00,4.74
2023-06-13 11:00:00,5.959
2023-06-13 12:00:00,6.875
2023-06-13 13:00:00,7.507
2023-06-13 14:00:00,7.531
2023-06-13 15:00:00,7.105
2023-06-13 16:00:00,6.171
2023-06-13 17:00:00,4.794
2023-06-13 18:00:00,3.172
2023-06-13 19:00:00,1.5070000000000001
2023-06-13 20:00:00,0.449
2023-06-13 21:00:00,0.055
2023-06-13 22:00:00,0.0
2023-06-13 23:00:00,0.0
2023-06-14 00:00:00,0.0
2023-06-14 01:00:00,0.0
2023-06-14 02:00:00,0.0
2023-06-14 03:00:00,0.0
2023-06-14 04:00:00,0.0
2023-06-14 05:00:00,0.0
2023-06-14 06:00:00,0.162
2023-06-14 07:00:00,0.734
2023-06-14 08:00:00,2.454
2023-06-14 09:00:00,4.511
2023-06-14 10:00:00,6.336
2023-06-14 11:00:00,7.731
2023-06-14 12:00:00,8.649000000000001
2023-06-14 13:00:00,9.121
2023-06-14 14:00:00,9.001
2023-06-14 15:00:00,8.331999999999999
2023-06-14 16:00:00,7.18
2023-06-14 17:00:00,5.53
2023-06-14 18:00:00,3.552
2023-06-14 19:00:00,1.642
2023-06-14 20:00:00,0.495
2023-06-14 21:00:00,0.049
2023-06-14 22:00:00,0.0
2023-06-14 23:00:00,0.0
2023-06-15 00:00:00,0.0
2023-06-15 01:00:00,0.0
2023-06-15 02:00:00,0.0
2023-06-15 03:00:00,0.0
2023-06-15 04:00:00,0.0
2023-06-15 05:00:00,0.0
2023-06-15 06:00:00,0.186
2023-06-15 07:00:00,0.841
2023-06-15 08:00:00,2.5140000000000002
2023-06-15 09:00:00,4.64
2023-06-15 10:00:00,6.609
2023-06-15 11:00:00,8.127
2023-06-15 12:00:00,9.172
2023-06-15 13:00:00,9.597
2023-06-15 14:00:00,9.36
2023-06-15 15:00:00,8.637
2023-06-15 16:00:00,7.466
2023-06-15 17:00:00,5.776
2023-06-15 18:00:00,3.7640000000000002
2023-06-15 19:00:00,1.774
2023-06-15 20:00:00,0.552
2023-06-15 21:00:00,0.054
2023-06-15 22:00:00,0.0
2023-06-15 23:00:00,0.0
2023-06-16 00:00:00,0.0
2023-06-16 01:00:00,0.0
2023-06-16 02:00:00,0.0
2023-06-16 03:00:00,0.0
2023-06-16 04:00:00,0.0
2023-06-16 05:00:00,0.0
2023-06-16 06:00:00,0.195
2023-06-16 07:00:00,0.805
2023-06-16 08:00:00,2.56
2023-06-16 09:00:00,4.587
2023-06-16 10:00:00,6.273
2023-06-16 11:00:00,7.5520000000000005
2023-06-16 12:00:00,8.493
2023-06-16 13:00:00,8.956
2023-06-16 14:00:00,8.873
2023-06-16 15:00:00,8.226
2023-06-16 16:00:00,6.864
2023-06-16 17:00:00,5.07
2023-06-16 18:00:00,3.13
2023-06-16 19:00:00,1.466
2023-06-16 20:00:00,0.52
2023-06-16 21:00:00,0.045
2023-06-16 22:00:00,0.0
2023-06-16 23:00:00,0.0
2023-06-17 00:00:00,0.0
2023-06-17 01:00:00,0.0
2023-06-17 02:00:00,0.0
2023-06-17 03:00:00,0.0
2023-06-17 04:00:00,0.0
2023-06-17 05:00:00,0.0
2023-06-17 06:00:00,0.183
2023-06-17 07:00:00,0.857
2023-06-17 08:00:00,2.357
2023-06-17 09:00:00,4.074
2023-06-17 10:00:00,5.62
2023-06-17 11:00:00,6.7780000000000005
2023-06-17 12:00:00,7.443
2023-06-17 13:00:00,7.652
2023-06-17 14:00:00,7.116
2023-06-17 15:00:00,6.396
2023-06-17 16:00:00,5.224
2023-06-17 17:00:00,3.917
2023-06-17 18:00:00,2.608
2023-06-17 19:00:00,1.266
2023-06-17 20:00:00,0.41400000000000003
2023-06-17 21:00:00,0.021
2023-06-17 22:00:00,0.0
2023-06-17 23:00:00,0.0
2023-06-18 00:00:00,0.0
2023-06-18 01:00:00,0.0
2023-06-18 02:00:00,0.0
2023-06-18 03:00:00,0.0
2023-06-18 04:00:00,0.0
2023-06-18 05:00:00,0.0
2023-06-18 06:00:00,0.115
2023-06-18 07:00:00,0.677
2023-06-18 08:00:00,1.809
2023-06-18 09:00:00,3.215
2023-06-18 10:00:00,4.551
2023-06-18 11:00:00,5.671
2023-06-18 12:00:00,6.303
2023-06-18 13:00:00,6.139
2023-06-18 14:00:00,5.734
2023-06-18 15:00:00,5.145
2023-06-18 16:00:00,4.492
2023-06-18 17:00:00,3.552
2023-06-18 18:00:00,2.449
2023-06-18 19:00:00,1.278
2023-06-18 20:00:00,0.46900000000000003
2023-06-18 21:00:00,0.046
2023-06-18 22:00:00,0.0
2023-06-18 23:00:00,0.0
2023-06-19 00:00:00,0.0
2023-06-19 01:00:00,0.0
2023-06-19 02:00:00,0.0
2023-06-19 03:00:00,0.0
2023-06-19 04:00:00,0.0
2023-06-19 05:00:00,0.0
2023-06-19 06:00:00,0.14300000000000002
2023-06-19 07:00:00,0.788
2023-06-19 08:00:00,2.165
2023-06-19 09:00:00,3.621
2023-06-19 10:00:00,4.645
2023-06-19 11:00:00,5.629
2023-06-19 12:00:00,6.106999999999999
2023-06-19 13:00:00,6.416
2023-06-19 14:00:00,6.546
2023-06-19 15:00:00,6.139
2023-06-19 16:00:00,5.144
2023-06-19 17:00:00,3.8209999999999997
2023-06-19 18:00:00,2.516
2023-06-19 19:00:00,1.246
2023-06-19 20:00:00,0.354
2023-06-19 21:00:00,0.015
2023-06-19 22:00:00,0.0
2023-06-19 23:00:00,0.0
2023-06-20 00:00:00,0.0
2023-06-20 01:00:00,0.0
2023-06-20 02:00:00,0.0
2023-06-20 03:00:00,0.0
2023-06-20 04:00:00,0.0
2023-06-20 05:00:00,0.0
2023-06-20 06:00:00,0.154
2023-06-20 07:00:00,0.715
2023-06-20 08:00:00,1.807
2023-06-20 09:00:00,2.99
2023-06-20 10:00:00,4.186
2023-06-20 11:00:00,5.269
2023-06-20 12:00:00,6.0440000000000005
2023-06-20 13:00:00,6.094
2023-06-20 14:00:00,5.757000000000001
2023-06-20 15:00:00,4.957
2023-06-20 16:00:00,4.125
2023-06-20 17:00:00,3.192
2023-06-20 18:00:00,2.395
2023-06-20 19:00:00,1.363
2023-06-20 20:00:00,0.499
2023-06-20 21:00:00,0.049
2023-06-20 22:00:00,0.0
2023-06-20 23:00:00,0.0
2023-06-21 00:00:00,0.0
2023-06-21 01:00:00,0.0
2023-06-21 02:00:00,0.0
2023-06-21 03:00:00,0.0
2023-06-21 04:00:00,0.0
2023-06-21 05:00:00,0.0
2023-06-21 06:00:00,0.12
2023-06-21 07:00:00,0.749
2023-06-21 08:00:00,2.071
2023-06-21 09:00:00,3.81
2023-06-21 10:00:00,5.424
2023-06-21 11:00:00,6.631
2023-06-21 12:00:00,7.407
2023-06-21 13:00:00,7.759
2023-06-21 14:00:00,7.633
2023-06-21 15:00:00,6.797
2023-06-21 16:00:00,5.436
2023-06-21 17:00:00,3.86
2023-06-21 18:00:00,2.385
2023-06-21 19:00:00,1.161
2023-06-21 20:00:00,0.349
2023-06-21 21:00:00,0.033
2023-06-21 22:00:00,0.0
2023-06-21 23:00:00,0.0
2023-06-22 00:00:00,0.0
2023-06-22 01:00:00,0.0
2023-06-22 02:00:00,0.0
2023-06-22 03:00:00,0.0
2023-06-22 04:00:00,0.0
2023-06-22 05:00:00,0.0
2023-06-22 06:00:00,0.107
2023-06-22 07:00:00,0.637
2023-06-22 08:00:00,1.462
2023-06-22 09:00:00,2.294
2023-06-22 10:00:00,3.0620000000000003
2023-06-22 11:00:00,3.867
2023-06-22 12:00:00,5.074
2023-06-22 13:00:00,5.76
2023-06-22 14:00:00,6.061999999999999
2023-06-22 15:00:00,5.7940000000000005
2023-06-22 16:00:00,5.289
2023-06-22 17:00:00,4.456
2023-06-22 18:00:00,3.078
2023-06-22 19:00:00,1.638
2023-06-22 20:00:00,0.561
2023-06-22 21:00:00,0.065
2023-06-22 22:00:00,0.0
2023-06-22 23:00:00,0.0
2023-06-23 00:00:00,0.0
2023-06-23 01:00:00,0.0
2023-06-23 02:00:00,0.0
2023-06-23 03:00:00,0.0
2023-06-23 04:00:00,0.0
2023-06-23 05:00:00,0.0
2023-06-23 06:00:00,0.203
2023-06-23 07:00:00,0.8049999999999999
2023-06-23 08:00:00,2.524
2023-06-23 09:00:00,4.693
2023-06-23 10:00:00,6.691
2023-06-23 11:00:00,8.18
2023-06-23 12:00:00,9.109
2023-06-23 13:00:00,9.621
2023-06-23 14:00:00,9.572
2023-06-23 15:00:00,8.785
2023-06-23 16:00:00,7.579
2023-06-23 17:00:00,5.924
2023-06-23 18:00:00,3.83
2023-06-23 19:00:00,1.811
2023-06-23 20:00:00,0.524
2023-06-23 21:00:00,0.07
2023-06-23 22:00:00,0.0
2023-06-23 23:00:00,0.0
2023-06-24 00:00:00,0.0
2023-06-24 01:00:00,0.0
2023-06-24 02:00:00,0.0
2023-06-24 03:00:00,0.0
2023-06-24 04:00:00,0.0
2023-06-24 05:00:00,0.0
2023-06-24 06:00:00,0.195
2023-06-24 07:00:00,0.702
2023-06-24 08:00:00,2.632
2023-06-24 09:00:00,4.926
2023-06-24 10:00:00,6.918
2023-06-24 11:00:00,8.42
2023-06-24 12:00:00,9.368
2023-06-24 13:00:00,9.766
2023-06-24 14:00:00,9.638
2023-06-24 15:00:00,8.981
2023-06-24 16:00:00,7.793
2023-06-24 17:00:00,6.102
2023-06-24 18:00:00,4.0120000000000005
2023-06-24 19:00:00,1.833
2023-06-24 20:00:00,0.464
2023-06-24 21:00:00,0.066
2023-06-24 22:00:00,0.0
2023-06-24 23:00:00,0.0
2023-06-25 00:00:00,0.0
2023-06-25 01:00:00,0.0
2023-06-25 02:00:00,0.0
2023-06-25 03:00:00,0.0
2023-06-25 04:00:00,0.0
2023-06-25 05:00:00,0.0
2023-06-25 06:00:00,0.189
2023-06-25 07:00:00,0.6859999999999999
2023-06-25 08:00:00,2.628
2023-06-25 09:00:00,4.915
2023-06-25 10:00:00,6.876
2023-06-25 11:00:00,8.34
2023-06-25 12:00:00,9.264
2023-06-25 13:00:00,9.654
2023-06-25 14:00:00,9.503
2023-06-25 15:00:00,8.854000000000001
2023-06-25 16:00:00,7.691
2023-06-25 17:00:00,6.028
2023-06-25 18:00:00,3.949
2023-06-25 19:00:00,1.792
2023-06-25 20:00:00,0.517
2023-06-25 21:00:00,0.062
2023-06-25 22:00:00,0.0
2023-06-25 23:00:00,0.0
2023-06-26 00:00:00,0.0
2023-06-26 01:00:00,0.0
2023-06-26 02:00:00,0.0
2023-06-26 03:00:00,0.0
2023-06-26 04:00:00,0.0
2023-06-26 05:00:00,0.0
2023-06-26 06:00:00,0.197
2023-06-26 07:00:00,0.831
2023-06-26 08:00:00,2.537
2023-06-26 09:00:00,4.62
2023-06-26 10:00:00,6.537
2023-06-26 11:00:00,8.06
2023-06-26 12:00:00,9.0
2023-06-26 13:00:00,9.288
2023-06-26 14:00:00,8.815
2023-06-26 15:00:00,8.281
2023-06-26 16:00:00,7.038
2023-06-26 17:00:00,5.181
2023-06-26 18:00:00,3.4899999999999998
2023-06-26 19:00:00,1.738
2023-06-26 20:00:00,0.557
2023-06-26 21:00:00,0.045
2023-06-26 22:00:00,0.0
2023-06-26 23:00:00,0.0
2023-06-27 00:00:00,0.0
2023-06-27 01:00:00,0.0
2023-06-27 02:00:00,0.0
2023-06-27 03:00:00,0.0
2023-06-27 04:00:00,0.0
2023-06-27 05:00:00,0.0
2023-06-27 06:00:00,0.188
2023-06-27 07:00:00,0.887
2023-06-27 08:00:00,2.492
2023-06-27 09:00:00,4.547
2023-06-27 10:00:00,6.4030000000000005
2023-06-27 11:00:00,7.59
2023-06-27 12:00:00,8.312999999999999
2023-06-27 13:00:00,8.664
2023-06-27 14:00:00,8.489
2023-06-27 15:00:00,7.875
2023-06-27 16:00:00,6.6160000000000005
2023-06-27 17:00:00,4.9190000000000005
2023-06-27 18:00:00,3.207
2023-06-27 19:00:00,1.623
2023-06-27 20:00:00,0.548
2023-06-27 21:00:00,0.045
2023-06-27 22:00:00,0.0
2023-06-27 23:00:00,0.0
2023-06-28 00:00:00,0.0
2023-06-28 01:00:00,0.0
2023-06-28 02:00:00,0.0
2023-06-28 03:00:00,0.0
2023-06-28 04:00:00,0.0
2023-06-28 05:00:00,0.0
2023-06-28 06:00:00,0.189
2023-06-28 07:00:00,0.855
2023-06-28 08:00:00,2.446
2023-06-28 09:00:00,4.448
2023-06-28 10:00:00,6.333
2023-06-28 11:00:00,7.705
2023-06-28 12:00:00,8.59
2023-06-28 13:00:00,8.949
2023-06-28 14:00:00,8.775
2023-06-28 15:00:00,8.072
2023-06-28 16:00:00,6.826
2023-06-28 17:00:00,5.26
2023-06-28 18:00:00,3.335
2023-06-28 19:00:00,1.538
2023-06-28 20:00:00,0.489
2023-06-28 21:00:00,0.031
2023-06-28 22:00:00,0.0
2023-06-28 23:00:00,0.0
2023-06-29 00:00:00,0.0
2023-06-29 01:00:00,0.0
2023-06-29 02:00:00,0.0
2023-06-29 03:00:00,0.0
2023-06-29 04:00:00,0.0
2023-06-29 05:00:00,0.0
2023-06-29 06:00:00,0.145
2023-06-29 07:00:00,0.7989999999999999
2023-06-29 08:00:00,2.1390000000000002
2023-06-29 09:00:00,3.851
2023-06-29 10:00:00,5.515
2023-06-29 11:00:00,6.824
2023-06-29 12:00:00,7.588
2023-06-29 13:00:00,7.622
2023-06-29 14:00:00,7.140000000000001
2023-06-29 15:00:00,6.1370000000000005
2023-06-29 16:00:00,5.0600000000000005
2023-06-29 17:00:00,3.851
2023-06-29 18:00:00,2.512
2023-06-29 19:00:00,1.33
2023-06-29 20:00:00,0.44
2023-06-29 21:00:00,0.046
2023-06-29 22:00:00,0.0
2023-06-29 23:00:00,0.0
2023-06-30 00:00:00,0.0
2023-06-30 01:00:00,0.0
2023-06-30 02:00:00,0.0
2023-06-30 03:00:00,0.0
2023-06-30 04:00:00,0.0
2023-06-30 05:00:00,0.0
2023-06-30 06:00:00,0.123
2023-06-30 07:00:00,0.682
2023-06-30 08:00:00,1.841
2023-06-30 09:00:00,3.302
2023-06-30 10:00:00,4.792
2023-06-30 11:00:00,5.905
2023-06-30 12:00:00,6.715
2023-06-30 13:00:00,7.379
2023-06-30 14:00:00,7.3629999999999995
2023-06-30 15:00:00,6.476
2023-06-30 16:00:00,5.357
2023-06-30 17:00:00,4.302
2023-06-30 18:00:00,3.047
2023-06-30 19:00:00,1.644
2023-06-30 20:00:00,0.546
2023-06-30 21:00:00,0.035
2023-06-30 22:00:00,0.0
2023-06-30 23:00:00,0.0
2023-07-01 00:00:00,0.0
2023-07-01 01:00:00,0.0
2023-07-01 02:00:00,0.0
2023-07-01 03:00:00,0.0
2023-07-01 04:00:00,0.0
2023-07-01 05:00:00,0.0
2023-07-01 06:00:00,0.15
2023-07-01 07:00:00,0.752
2023-07-01 08:00:00,1.996
2023-07-01 09:00:00,3.556
2023-07-01 10:00:00,4.987
2023-07-01 11:00:00,6.35
2023-07-01 12:00:00,7.296
2023-07-01 13:00:00,7.712
2023-07-01 14:00:00,7.8549999999999995
2023-07-01 15:00:00,7.602
2023-07-01 16:00:00,6.693
2023-07-01 17:00:00,5.3709999999999996
2023-07-01 18:00:00,3.6109999999999998
2023-07-01 19:00:00,1.8
2023-07-01 20:00:00,0.591
2023-07-01 21:00:00,0.053000000000000005
2023-07-01 22:00:00,0.0
2023-07-01 23:00:00,0.0
2023-07-02 00:00:00,0.0
2023-07-02 01:00:00,0.0
2023-07-02 02:00:00,0.0
2023-07-02 03:00:00,0.0
2023-07-02 04:00:00,0.0
2023-07-02 05:00:00,0.0
2023-07-02 06:00:00,0.18
2023-07-02 07:00:00,0.762
2023-07-02 08:00:00,2.516
2023-07-02 09:00:00,4.654
2023-07-02 10:00:00,6.63
2023-07-02 11:00:00,8.122
2023-07-02 12:00:00,8.943
2023-07-02 13:00:00,9.147
2023-07-02 14:00:00,8.811
2023-07-02 15:00:00,8.14
2023-07-02 16:00:00,7.02
2023-07-02 17:00:00,5.4559999999999995
2023-07-02 18:00:00,3.5620000000000003
2023-07-02 19:00:00,1.715
2023-07-02 20:00:00,0.545
2023-07-02 21:00:00,0.048
2023-07-02 22:00:00,0.0
2023-07-02 23:00:00,0.0
2023-07-03 00:00:00,0.0
2023-07-03 01:00:00,0.0
2023-07-03 02:00:00,0.0
2023-07-03 03:00:00,0.0
2023-07-03 04:00:00,0.0
2023-07-03 05:00:00,0.0
2023-07-03 06:00:00,0.163
2023-07-03 07:00:00,0.782
2023-07-03 08:00:00,2.371
2023-07-03 09:00:00,4.3100000000000005
2023-07-03 10:00:00,6.157
2023-07-03 11:00:00,7.681
2023-07-03 12:00:00,8.436
2023-07-03 13:00:00,9.07
2023-07-03 14:00:00,9.047
2023-07-03 15:00:00,8.661
2023-07-03 16:00:00,7.622
2023-07-03 17:00:00,5.907
2023-07-03 18:00:00,3.868
2023-07-03 19:00:00,1.817
2023-07-03 20:00:00,0.545
2023-07-03 21:00:00,0.051000000000000004
2023-07-03 22:00:00,0.0
2023-07-03 23:00:00,0.0
2023-07-04 00:00:00,0.0
2023-07-04 01:00:00,0.0
2023-07-04 02:00:00,0.0
2023-07-04 03:00:00,0.0
2023-07-04 04:00:00,0.0
2023-07-04 05:00:00,0.0
2023-07-04 06:00:00,0.17300000000000001
2023-07-04 07:00:00,0.815
2023-07-04 08:00:00,2.433
2023-07-04 09:00:00,4.337
2023-07-04 10:00:00,5.952
2023-07-04 11:00:00,7.140000000000001
2023-07-04 12:00:00,7.8950000000000005
2023-07-04 13:00:00,8.241999999999999
2023-07-04 14:00:00,8.013
2023-07-04 15:00:00,7.111
2023-07-04 16:00:00,5.74
2023-07-04 17:00:00,4.499
2023-07-04 18:00:00,3.008
2023-07-04 19:00:00,1.498
2023-07-04 20:00:00,0.495
2023-07-04 21:00:00,0.038
2023-07-04 22:00:00,0.0
2023-07-04 23:00:00,0.0
2023-07-05 00:00:00,0.0
2023-07-05 01:00:00,0.0
2023-07-05 02:00:00,0.0
2023-07-05 03:00:00,0.0
2023-07-05 04:00:00,0.0
2023-07-05 05:00:00,0.0
2023-07-05 06:00:00,0.159
2023-07-05 07:00:00,0.8079999999999999
2023-07-05 08:00:00,2.501
2023-07-05 09:00:00,4.673
2023-07-05 10:00:00,6.686
2023-07-05 11:00:00,8.174
2023-07-05 12:00:00,8.992
2023-07-05 13:00:00,9.286999999999999
2023-07-05 14:00:00,8.786999999999999
2023-07-05 15:00:00,8.038
2023-07-05 16:00:00,6.926
2023-07-05 17:00:00,5.293
2023-07-05 18:00:00,3.4010000000000002
2023-07-05 19:00:00,1.69
2023-07-05 20:00:00,0.526
2023-07-05 21:00:00,0.047
2023-07-05 22:00:00,0.0
2023-07-05 23:00:00,0.0
2023-07-06 00:00:00,0.0
2023-07-06 01:00:00,0.0
2023-07-06 02:00:00,0.0
2023-07-06 03:00:00,0.0
2023-07-06 04:00:00,0.0
2023-07-06 05:00:00,0.0
2023-07-06 06:00:00,0.169
2023-07-06 07:00:00,0.732
2023-07-06 08:00:00,2.545
2023-07-06 09:00:00,4.8260000000000005
2023-07-06 10:00:00,6.751
2023-07-06 11:00:00,8.201
2023-07-06 12:00:00,9.088
2023-07-06 13:00:00,9.457
2023-07-06 14:00:00,9.324
2023-07-06 15:00:00,8.563
2023-07-06 16:00:00,7.295
2023-07-06 17:00:00,5.632
2023-07-06 18:00:00,3.731
2023-07-06 19:00:00,1.78
2023-07-06 20:00:00,0.477
2023-07-06 21:00:00,0.049
2023-07-06 22:00:00,0.0
2023-07-06 23:00:00,0.0
2023-07-07 00:00:00,0.0
2023-07-07 01:00:00,0.0
2023-07-07 02:00:00,0.0
2023-07-07 03:00:00,0.0
2023-07-07 04:00:00,0.0
2023-07-07 05:00:00,0.0
2023-07-07 06:00:00,0.16
2023-07-07 07:00:00,0.765
2023-07-07 08:00:00,2.367
2023-07-07 09:00:00,4.386
2023-07-07 10:00:00,6.265
2023-07-07 11:00:00,7.772
2023-07-07 12:00:00,8.669
2023-07-07 13:00:00,9.015
2023-07-07 14:00:00,8.818999999999999
2023-07-07 15:00:00,8.019
2023-07-07 16:00:00,6.559
2023-07-07 17:00:00,4.906
2023-07-07 18:00:00,3.126
2023-07-07 19:00:00,1.607
2023-07-07 20:00:00,0.478
2023-07-07 21:00:00,0.041999999999999996
2023-07-07 22:00:00,0.0
2023-07-07 23:00:00,0.0
2023-07-08 00:00:00,0.0
2023-07-08 01:00:00,0.0
2023-07-08 02:00:00,0.0
2023-07-08 03:00:00,0.0
2023-07-08 04:00:00,0.0
2023-07-08 05:00:00,0.0
2023-07-08 06:00:00,0.139
2023-07-08 07:00:00,0.732
2023-07-08 08:00:00,2.131
2023-07-08 09:00:00,3.796
2023-07-08 10:00:00,5.575
2023-07-08 11:00:00,7.23
2023-07-08 12:00:00,8.127
2023-07-08 13:00:00,8.100999999999999
2023-07-08 14:00:00,7.574
2023-07-08 15:00:00,6.875
2023-07-08 16:00:00,6.268
2023-07-08 17:00:00,4.987
2023-07-08 18:00:00,3.3
2023-07-08 19:00:00,1.596
2023-07-08 20:00:00,0.522
2023-07-08 21:00:00,0.038
2023-07-08 22:00:00,0.0
2023-07-08 23:00:00,0.0
2023-07-09 00:00:00,0.0
2023-07-09 01:00:00,0.0
2023-07-09 02:00:00,0.0
2023-07-09 03:00:00,0.0
2023-07-09 04:00:00,0.0
2023-07-09 05:00:00,0.0
2023-07-09 06:00:00,0.157
2023-07-09 07:00:00,0.797
2023-07-09 08:00:00,2.248
2023-07-09 09:00:00,3.8289999999999997
2023-07-09 10:00:00,5.311
2023-07-09 11:00:00,6.176
2023-07-09 12:00:00,6.679
2023-07-09 13:00:00,6.84
2023-07-09 14:00:00,6.753
2023-07-09 15:00:00,6.7010000000000005
2023-07-09 16:00:00,5.93
2023-07-09 17:00:00,4.602
2023-07-09 18:00:00,3.142
2023-07-09 19:00:00,1.562
2023-07-09 20:00:00,0.479
2023-07-09 21:00:00,0.025
2023-07-09 22:00:00,0.0
2023-07-09 23:00:00,0.0
2023-07-10 00:00:00,0.0
2023-07-10 01:00:00,0.0
2023-07-10 02:00:00,0.0
2023-07-10 03:00:00,0.0
2023-07-10 04:00:00,0.0
2023-07-10 05:00:00,0.0
2023-07-10 06:00:00,0.135
2023-07-10 07:00:00,0.788
2023-07-10 08:00:00,2.356
2023-07-10 09:00:00,4.395
2023-07-10 10:00:00,6.266
2023-07-10 11:00:00,7.669
2023-07-10 12:00:00,8.647
2023-07-10 13:00:00,9.07
2023-07-10 14:00:00,8.847
2023-07-10 15:00:00,8.194
2023-07-10 16:00:00,7.0040000000000004
2023-07-10 17:00:00,5.445
2023-07-10 18:00:00,3.59
2023-07-10 19:00:00,1.699
2023-07-10 20:00:00,0.501
2023-07-10 21:00:00,0.038
2023-07-10 22:00:00,0.0
2023-07-10 23:00:00,0.0
2023-07-11 00:00:00,0.0
2023-07-11 01:00:00,0.0
2023-07-11 02:00:00,0.0
2023-07-11 03:00:00,0.0
2023-07-11 04:00:00,0.0
2023-07-11 05:00:00,0.0
2023-07-11 06:00:00,0.148
2023-07-11 07:00:00,0.737
2023-07-11 08:00:00,2.388
2023-07-11 09:00:00,4.502
2023-07-11 10:00:00,6.38
2023-07-11 11:00:00,7.778
2023-07-11 12:00:00,8.632
2023-07-11 13:00:00,8.803
2023-07-11 14:00:00,8.368
2023-07-11 15:00:00,7.426
2023-07-11 16:00:00,5.949
2023-07-11 17:00:00,4.445
2023-07-11 18:00:00,2.766
2023-07-11 19:00:00,1.322
2023-07-11 20:00:00,0.378
2023-07-11 21:00:00,0.016
2023-07-11 22:00:00,0.0
2023-07-11 23:00:00,0.0
2023-07-12 00:00:00,0.0
2023-07-12 01:00:00,0.0
2023-07-12 02:00:00,0.0
2023-07-12 03:00:00,0.0
2023-07-12 04:00:00,0.0
2023-07-12 05:00:00,0.0
2023-07-12 06:00:00,0.138
2023-07-12 07:00:00,0.735
2023-07-12 08:00:00,2.268
2023-07-12 09:00:00,4.306
2023-07-12 10:00:00,6.08
2023-07-12 11:00:00,7.361
2023-07-12 12:00:00,8.127
2023-07-12 13:00:00,8.243
2023-07-12 14:00:00,7.947
2023-07-12 15:00:00,7.215
2023-07-12 16:00:00,5.995
2023-07-12 17:00:00,4.535
2023-07-12 18:00:00,2.957
2023-07-12 19:00:00,1.512
2023-07-12 20:00:00,0.44
2023-07-12 21:00:00,0.029
2023-07-12 22:00:00,0.0
2023-07-12 23:00:00,0.0
2023-07-13 00:00:00,0.0
2023-07-13 01:00:00,0.0
2023-07-13 02:00:00,0.0
2023-07-13 03:00:00,0.0
2023-07-13 04:00:00,0.0
2023-07-13 05:00:00,0.0
2023-07-13 06:00:00,0.133
2023-07-13 07:00:00,0.752
2023-07-13 08:00:00,2.405
2023-07-13 09:00:00,4.521
2023-07-13 10:00:00,6.405
2023-07-13 11:00:00,7.8389999999999995
2023-07-13 12:00:00,8.639
2023-07-13 13:00:00,9.055
2023-07-13 14:00:00,8.881
2023-07-13 15:00:00,8.311
2023-07-13 16:00:00,7.142
2023-07-13 17:00:00,5.494
2023-07-13 18:00:00,3.474
2023-07-13 19:00:00,1.586
2023-07-13 20:00:00,0.454
2023-07-13 21:00:00,0.022
2023-07-13 22:00:00,0.0
2023-07-13 23:00:00,0.0
2023-07-14 00:00:00,0.0
2023-07-14 01:00:00,0.0
2023-07-14 02:00:00,0.0
2023-07-14 03:00:00,0.0
2023-07-14 04:00:00,0.0
2023-07-14 05:00:00,0.0
2023-07-14 06:00:00,0.112
2023-07-14 07:00:00,0.648
2023-07-14 08:00:00,2.04
2023-07-14 09:00:00,4.034
2023-07-14 10:00:00,5.871
2023-07-14 11:00:00,7.176
2023-07-14 12:00:00,8.209
2023-07-14 13:00:00,8.625
2023-07-14 14:00:00,8.701
2023-07-14 15:00:00,8.319
2023-07-14 16:00:00,7.1129999999999995
2023-07-14 17:00:00,5.451
2023-07-14 18:00:00,3.538
2023-07-14 19:00:00,1.686
2023-07-14 20:00:00,0.484
2023-07-14 21:00:00,0.026000000000000002
2023-07-14 22:00:00,0.0
2023-07-14 23:00:00,0.0
2023-07-15 00:00:00,0.0
2023-07-15 01:00:00,0.0
2023-07-15 02:00:00,0.0
2023-07-15 03:00:00,0.0
2023-07-15 04:00:00,0.0
2023-07-15 05:00:00,0.0
2023-07-15 06:00:00,0.11199999999999999
2023-07-15 07:00:00,0.712
2023-07-15 08:00:00,2.255
2023-07-15 09:00:00,4.045
2023-07-15 10:00:00,5.595
2023-07-15 11:00:00,6.915
2023-07-15 12:00:00,7.808
2023-07-15 13:00:00,8.438
2023-07-15 14:00:00,8.448
2023-07-15 15:00:00,7.904
2023-07-15 16:00:00,6.691
2023-07-15 17:00:00,5.122
2023-07-15 18:00:00,3.425
2023-07-15 19:00:00,1.691
2023-07-15 20:00:00,0.451
2023-07-15 21:00:00,0.031
2023-07-15 22:00:00,0.0
2023-07-15 23:00:00,0.0
2023-07-16 00:00:00,0.0
2023-07-16 01:00:00,0.0
2023-07-16 02:00:00,0.0
2023-07-16 03:00:00,0.0
2023-07-16 04:00:00,0.0
2023-07-16 05:00:00,0.0
2023-07-16 06:00:00,0.118
2023-07-16 07:00:00,0.729
2023-07-16 08:00:00,2.348
2023-07-16 09:00:00,4.507
2023-07-16 10:00:00,6.513
2023-07-16 11:00:00,7.909
2023-07-16 12:00:00,8.722
2023-07-16 13:00:00,8.878
2023-07-16 14:00:00,8.612
2023-07-16 15:00:00,7.928999999999999
2023-07-16 16:00:00,6.646
2023-07-16 17:00:00,4.961
2023-07-16 18:00:00,3.355
2023-07-16 19:00:00,1.598
2023-07-16 20:00:00,0.468
2023-07-16 21:00:00,0.021
2023-07-16 22:00:00,0.0
2023-07-16 23:00:00,0.0
2023-07-17 00:00:00,0.0
2023-07-17 01:00:00,0.0
2023-07-17 02:00:00,0.0
2023-07-17 03:00:00,0.0
2023-07-17 04:00:00,0.0
2023-07-17 05:00:00,0.0
2023-07-17 06:00:00,0.115
2023-07-17 07:00:00,0.6839999999999999
2023-07-17 08:00:00,2.313
2023-07-17 09:00:00,4.517
2023-07-17 10:00:00,6.577
2023-07-17 11:00:00,8.115
2023-07-17 12:00:00,9.109
2023-07-17 13:00:00,9.44
2023-07-17 14:00:00,9.244
2023-07-17 15:00:00,8.727
2023-07-17 16:00:00,7.633
2023-07-17 17:00:00,6.032
2023-07-17 18:00:00,3.955
2023-07-17 19:00:00,1.799
2023-07-17 20:00:00,0.42
2023-07-17 21:00:00,0.024
2023-07-17 22:00:00,0.0
2023-07-17 23:00:00,0.0
2023-07-18 00:00:00,0.0
2023-07-18 01:00:00,0.0
2023-07-18 02:00:00,0.0
2023-07-18 03:00:00,0.0
2023-07-18 04:00:00,0.0
2023-07-18 05:00:00,0.0
2023-07-18 06:00:00,0.101
2023-07-18 07:00:00,0.671
2023-07-18 08:00:00,2.148
2023-07-18 09:00:00,4.038
2023-07-18 10:00:00,5.969
2023-07-18 11:00:00,7.551
2023-07-18 12:00:00,8.555
2023-07-18 13:00:00,8.886
2023-07-18 14:00:00,8.554
2023-07-18 15:00:00,8.106
2023-07-18 16:00:00,7.21
2023-07-18 17:00:00,5.58
2023-07-18 18:00:00,3.614
2023-07-18 19:00:00,1.716
2023-07-18 20:00:00,0.432
2023-07-18 21:00:00,0.023
2023-07-18 22:00:00,0.0
2023-07-18 23:00:00,0.0
2023-07-19 00:00:00,0.0
2023-07-19 01:00:00,0.0
2023-07-19 02:00:00,0.0
2023-07-19 03:00:00,0.0
2023-07-19 04:00:00,0.0
2023-07-19 05:00:00,0.0
2023-07-19 06:00:00,0.1
2023-07-19 07:00:00,0.701
2023-07-19 08:00:00,2.258
2023-07-19 09:00:00,4.369
2023-07-19 10:00:00,6.5200000000000005
2023-07-19 11:00:00,8.131
2023-07-19 12:00:00,8.871
2023-07-19 13:00:00,9.188
2023-07-19 14:00:00,8.981
2023-07-19 15:00:00,8.358
2023-07-19 16:00:00,7.016
2023-07-19 17:00:00,5.288
2023-07-19 18:00:00,3.299
2023-07-19 19:00:00,1.583
2023-07-19 20:00:00,0.434
2023-07-19 21:00:00,0.02
2023-07-19 22:00:00,0.0
2023-07-19 23:00:00,0.0
2023-07-20 00:00:00,0.0
2023-07-20 01:00:00,0.0
2023-07-20 02:00:00,0.0
2023-07-20 03:00:00,0.0
2023-07-20 04:00:00,0.0
2023-07-20 05:00:00,0.0
2023-07-20 06:00:00,0.10400000000000001
2023-07-20 07:00:00,0.687
2023-07-20 08:00:00,2.335
2023-07-20 09:00:00,4.367
2023-07-20 10:00:00,6.115
2023-07-20 11:00:00,7.493
2023-07-20 12:00:00,8.31
2023-07-20 13:00:00,8.446
2023-07-20 14:00:00,8.092
2023-07-20 15:00:00,7.195
2023-07-20 16:00:00,5.894
2023-07-20 17:00:00,4.353
2023-07-20 18:00:00,2.674
2023-07-20 19:00:00,1.255
2023-07-20 20:00:00,0.345
2023-07-20 21:00:00,0.006
2023-07-20 22:00:00,0.0
2023-07-20 23:00:00,0.0
2023-07-21 00:00:00,0.0
2023-07-21 01:00:00,0.0
2023-07-21 02:00:00,0.0
2023-07-21 03:00:00,0.0
2023-07-21 04:00:00,0.0
2023-07-21 05:00:00,0.0
2023-07-21 06:00:00,0.071
2023-07-21 07:00:00,0.67
2023-07-21 08:00:00,2.2
2023-07-21 09:00:00,4.331
2023-07-21 10:00:00,6.316
2023-07-21 11:00:00,7.824
2023-07-21 12:00:00,8.786
2023-07-21 13:00:00,9.196
2023-07-21 14:00:00,9.056
2023-07-21 15:00:00,8.395
2023-07-21 16:00:00,7.2
2023-07-21 17:00:00,5.641
2023-07-21 18:00:00,3.6710000000000003
2023-07-21 19:00:00,1.681
2023-07-21 20:00:00,0.428
2023-07-21 21:00:00,0.013000000000000001
2023-07-21 22:00:00,0.0
2023-07-21 23:00:00,0.0
2023-07-22 00:00:00,0.0
2023-07-22 01:00:00,0.0
2023-07-22 02:00:00,0.0
2023-07-22 03:00:00,0.0
2023-07-22 04:00:00,0.0
2023-07-22 05:00:00,0.0
2023-07-22 06:00:00,0.082
2023-07-22 07:00:00,0.652
2023-07-22 08:00:00,2.104
2023-07-22 09:00:00,4.072
2023-07-22 10:00:00,6.08
2023-07-22 11:00:00,7.711
2023-07-22 12:00:00,8.773
2023-07-22 13:00:00,9.407
2023-07-22 14:00:00,9.296
2023-07-22 15:00:00,8.438
2023-07-22 16:00:00,6.801
2023-07-22 17:00:00,4.884
2023-07-22 18:00:00,3.033
2023-07-22 19:00:00,1.347
2023-07-22 20:00:00,0.346
2023-07-22 21:00:00,0.005
2023-07-22 22:00:00,0.0
2023-07-22 23:00:00,0.0
2023-07-23 00:00:00,0.0
2023-07-23 01:00:00,0.0
2023-07-23 02:00:00,0.0
2023-07-23 03:00:00,0.0
2023-07-23 04:00:00,0.0
2023-07-23 05:00:00,0.0
2023-07-23 06:00:00,0.061
2023-07-23 07:00:00,0.493
2023-07-23 08:00:00,1.598
2023-07-23 09:00:00,2.943
2023-07-23 10:00:00,4.189
2023-07-23 11:00:00,5.268
2023-07-23 12:00:00,6.039
2023-07-23 13:00:00,6.47
2023-07-23 14:00:00,6.352
2023-07-23 15:00:00,5.773
2023-07-23 16:00:00,4.828
2023-07-23 17:00:00,3.7960000000000003
2023-07-23 18:00:00,2.439
2023-07-23 19:00:00,1.111
2023-07-23 20:00:00,0.296
2023-07-23 21:00:00,0.004
2023-07-23 22:00:00,0.0
2023-07-23 23:00:00,0.0
2023-07-24 00:00:00,0.0
2023-07-24 01:00:00,0.0
2023-07-24 02:00:00,0.0
2023-07-24 03:00:00,0.0
2023-07-24 04:00:00,0.0
2023-07-24 05:00:00,0.0
2023-07-24 06:00:00,0.039
2023-07-24 07:00:00,0.567
2023-07-24 08:00:00,1.701
2023-07-24 09:00:00,3.37
2023-07-24 10:00:00,5.168
2023-07-24 11:00:00,6.847
2023-07-24 12:00:00,7.904
2023-07-24 13:00:00,7.895
2023-07-24 14:00:00,7.551
2023-07-24 15:00:00,6.8790000000000004
2023-07-24 16:00:00,5.726
2023-07-24 17:00:00,4.363
2023-07-24 18:00:00,2.718
2023-07-24 19:00:00,1.316
2023-07-24 20:00:00,0.34
2023-07-24 21:00:00,0.005
2023-07-24 22:00:00,0.0
2023-07-24 23:00:00,0.0
2023-07-25 00:00:00,0.0
2023-07-25 01:00:00,0.0
2023-07-25 02:00:00,0.0
2023-07-25 03:00:00,0.0
2023-07-25 04:00:00,0.0
2023-07-25 05:00:00,0.0
2023-07-25 06:00:00,0.062
2023-07-25 07:00:00,0.646
2023-07-25 08:00:00,1.991
2023-07-25 09:00:00,3.818
2023-07-25 10:00:00,5.603
2023-07-25 11:00:00,6.802
2023-07-25 12:00:00,7.622
2023-07-25 13:00:00,7.949
2023-07-25 14:00:00,7.617
2023-07-25 15:00:00,7.021
2023-07-25 16:00:00,6.088
2023-07-25 17:00:00,4.691
2023-07-25 18:00:00,3.007
2023-07-25 19:00:00,1.439
2023-07-25 20:00:00,0.382
2023-07-25 21:00:00,0.006
2023-07-25 22:00:00,0.0
2023-07-25 23:00:00,0.0
2023-07-26 00:00:00,0.0
2023-07-26 01:00:00,0.0
2023-07-26 02:00:00,0.0
2023-07-26 03:00:00,0.0
2023-07-26 04:00:00,0.0
2023-07-26 05:00:00,0.0
2023-07-26 06:00:00,0.06
2023-07-26 07:00:00,0.634
2023-07-26 08:00:00,2.132
2023-07-26 09:00:00,4.286
2023-07-26 10:00:00,6.347
2023-07-26 11:00:00,7.523
2023-07-26 12:00:00,8.318999999999999
2023-07-26 13:00:00,8.889
2023-07-26 14:00:00,9.004
2023-07-26 15:00:00,8.238
2023-07-26 16:00:00,6.788
2023-07-26 17:00:00,5.071
2023-07-26 18:00:00,3.091
2023-07-26 19:00:00,1.311
2023-07-26 20:00:00,0.327
2023-07-26 21:00:00,0.004
2023-07-26 22:00:00,0.0
2023-07-26 23:00:00,0.0
2023-07-27 00:00:00,0.0
2023-07-27 01:00:00,0.0
2023-07-27 02:00:00,0.0
2023-07-27 03:00:00,0.0
2023-07-27 04:00:00,0.0
2023-07-27 05:00:00,0.0
2023-07-27 06:00:00,0.04
2023-07-27 07:00:00,0.514
2023-07-27 08:00:00,1.947
2023-07-27 09:00:00,3.906
2023-07-27 10:00:00,5.691
2023-07-27 11:00:00,7.048
2023-07-27 12:00:00,7.679
2023-07-27 13:00:00,7.881
2023-07-27 14:00:00,7.707
2023-07-27 15:00:00,7.1240000000000006
2023-07-27 16:00:00,6.118
2023-07-27 17:00:00,4.639
2023-07-27 18:00:00,2.866
2023-07-27 19:00:00,1.228
2023-07-27 20:00:00,0.258
2023-07-27 21:00:00,0.0
2023-07-27 22:00:00,0.0
2023-07-27 23:00:00,0.0
2023-07-28 00:00:00,0.0
2023-07-28 01:00:00,0.0
2023-07-28 02:00:00,0.0
2023-07-28 03:00:00,0.0
2023-07-28 04:00:00,0.0
2023-07-28 05:00:00,0.0
2023-07-28 06:00:00,0.038
2023-07-28 07:00:00,0.431
2023-07-28 08:00:00,1.421
2023-07-28 09:00:00,2.992
2023-07-28 10:00:00,4.391
2023-07-28 11:00:00,5.252
2023-07-28 12:00:00,6.022
2023-07-28 13:00:00,6.931
2023-07-28 14:00:00,7.226
2023-07-28 15:00:00,7.025
2023-07-28 16:00:00,6.214
2023-07-28 17:00:00,5.002
2023-07-28 18:00:00,3.094
2023-07-28 19:00:00,1.358
2023-07-28 20:00:00,0.312
2023-07-28 21:00:00,0.0
2023-07-28 22:00:00,0.0
2023-07-28 23:00:00,0.0
2023-07-29 00:00:00,0.0
2023-07-29 01:00:00,0.0
2023-07-29 02:00:00,0.0
2023-07-29 03:00:00,0.0
2023-07-29 04:00:00,0.0
2023-07-29 05:00:00,0.0
2023-07-29 06:00:00,0.045
2023-07-29 07:00:00,0.589
2023-07-29 08:00:00,2.027
2023-07-29 09:00:00,3.982
2023-07-29 10:00:00,5.877
2023-07-29 11:00:00,7.426
2023-07-29 12:00:00,8.51
2023-07-29 13:00:00,8.688
2023-07-29 14:00:00,8.342
2023-07-29 15:00:00,7.705
2023-07-29 16:00:00,6.493
2023-07-29 17:00:00,4.974
2023-07-29 18:00:00,3.186
2023-07-29 19:00:00,1.448
2023-07-29 20:00:00,0.314
2023-07-29 21:00:00,0.003
2023-07-29 22:00:00,0.0
2023-07-29 23:00:00,0.0
2023-07-30 00:00:00,0.0
2023-07-30 01:00:00,0.0
2023-07-30 02:00:00,0.0
2023-07-30 03:00:00,0.0
2023-07-30 04:00:00,0.0
2023-07-30 05:00:00,0.0
2023-07-30 06:00:00,0.037
2023-07-30 07:00:00,0.587
2023-07-30 08:00:00,2.071
2023-07-30 09:00:00,4.364
2023-07-30 10:00:00,6.283
2023-07-30 11:00:00,7.811
2023-07-30 12:00:00,9.023
2023-07-30 13:00:00,9.484
2023-07-30 14:00:00,9.396
2023-07-30 15:00:00,8.491
2023-07-30 16:00:00,6.68
2023-07-30 17:00:00,4.861
2023-07-30 18:00:00,3.223
2023-07-30 19:00:00,1.43
2023-07-30 20:00:00,0.308
2023-07-30 21:00:00,0.002
2023-07-30 22:00:00,0.0
2023-07-30 23:00:00,0.0
2023-07-31 00:00:00,0.0
2023-07-31 01:00:00,0.0
2023-07-31 02:00:00,0.0
2023-07-31 03:00:00,0.0
2023-07-31 04:00:00,0.0
2023-07-31 05:00:00,0.0
2023-07-31 06:00:00,0.03
2023-07-31 07:00:00,0.494
2023-07-31 08:00:00,1.78
2023-07-31 09:00:00,3.577
2023-07-31 10:00:00,5.17
2023-07-31 11:00:00,6.4030000000000005
2023-07-31 12:00:00,6.9799999999999995
2023-07-31 13:00:00,7.083
2023-07-31 14:00:00,6.989
2023-07-31 15:00:00,6.804
2023-07-31 16:00:00,5.882
2023-07-31 17:00:00,4.075
2023-07-31 18:00:00,2.623
2023-07-31 19:00:00,1.086
2023-07-31 20:00:00,0.189
2023-07-31 21:00:00,0.0
2023-07-31 22:00:00,0.0
2023-07-31 23:00:00,0.0
2023-08-01 00:00:00,0.0
2023-08-01 01:00:00,0.0
2023-08-01 02:00:00,0.0
2023-08-01 03:00:00,0.0
2023-08-01 04:00:00,0.0
2023-08-01 05:00:00,0.0
2023-08-01 06:00:00,0.025
2023-08-01 07:00:00,0.53
2023-08-01 08:00:00,1.779
2023-08-01 09:00:00,3.701
2023-08-01 10:00:00,5.499
2023-08-01 11:00:00,7.0440000000000005
2023-08-01 12:00:00,8.195
2023-08-01 13:00:00,8.448
2023-08-01 14:00:00,8.397
2023-08-01 15:00:00,7.228
2023-08-01 16:00:00,6.531
2023-08-01 17:00:00,4.886
2023-08-01 18:00:00,3.003
2023-08-01 19:00:00,1.28
2023-08-01 20:00:00,0.28500000000000003
2023-08-01 21:00:00,0.0
2023-08-01 22:00:00,0.0
2023-08-01 23:00:00,0.0
2023-08-02 00:00:00,0.0
2023-08-02 01:00:00,0.0
2023-08-02 02:00:00,0.0
2023-08-02 03:00:00,0.0
2023-08-02 04:00:00,0.0
2023-08-02 05:00:00,0.0
2023-08-02 06:00:00,0.016
2023-08-02 07:00:00,0.452
2023-08-02 08:00:00,1.633
2023-08-02 09:00:00,3.3890000000000002
2023-08-02 10:00:00,5.408
2023-08-02 11:00:00,7.149
2023-08-02 12:00:00,8.272
2023-08-02 13:00:00,8.814
2023-08-02 14:00:00,8.388
2023-08-02 15:00:00,7.4110000000000005
2023-08-02 16:00:00,6.207
2023-08-02 17:00:00,4.566
2023-08-02 18:00:00,2.927
2023-08-02 19:00:00,1.383
2023-08-02 20:00:00,0.317
2023-08-02 21:00:00,0.0
2023-08-02 22:00:00,0.0
2023-08-02 23:00:00,0.0
2023-08-03 00:00:00,0.0
2023-08-03 01:00:00,0.0
2023-08-03 02:00:00,0.0
2023-08-03 03:00:00,0.0
2023-08-03 04:00:00,0.0
2023-08-03 05:00:00,0.0
2023-08-03 06:00:00,0.027
2023-08-03 07:00:00,0.537
2023-08-03 08:00:00,1.915
2023-08-03 09:00:00,3.757
2023-08-03 10:00:00,5.345000000000001
2023-08-03 11:00:00,6.479
2023-08-03 12:00:00,6.917
2023-08-03 13:00:00,6.817
2023-08-03 14:00:00,6.655
2023-08-03 15:00:00,6.04
2023-08-03 16:00:00,5.053
2023-08-03 17:00:00,3.649
2023-08-03 18:00:00,2.274
2023-08-03 19:00:00,1.013
2023-08-03 20:00:00,0.20700000000000002
2023-08-03 21:00:00,0.0
2023-08-03 22:00:00,0.0
2023-08-03 23:00:00,0.0
2023-08-04 00:00:00,0.0
2023-08-04 01:00:00,0.0
2023-08-04 02:00:00,0.0
2023-08-04 03:00:00,0.0
2023-08-04 04:00:00,0.0
2023-08-04 05:00:00,0.0
2023-08-04 06:00:00,0.017
2023-08-04 07:00:00,0.479
2023-08-04 08:00:00,1.796
2023-08-04 09:00:00,3.841
2023-08-04 10:00:00,5.673
2023-08-04 11:00:00,6.724
2023-08-04 12:00:00,7.106
2023-08-04 13:00:00,7.062
2023-08-04 14:00:00,7.14
2023-08-04 15:00:00,7.188000000000001
2023-08-04 16:00:00,6.229
2023-08-04 17:00:00,4.821
2023-08-04 18:00:00,3.037
2023-08-04 19:00:00,1.3559999999999999
2023-08-04 20:00:00,0.264
2023-08-04 21:00:00,0.0
2023-08-04 22:00:00,0.0
2023-08-04 23:00:00,0.0
2023-08-05 00:00:00,0.0
2023-08-05 01:00:00,0.0
2023-08-05 02:00:00,0.0
2023-08-05 03:00:00,0.0
2023-08-05 04:00:00,0.0
2023-08-05 05:00:00,0.0
2023-08-05 06:00:00,0.020999999999999998
2023-08-05 07:00:00,0.476
2023-08-05 08:00:00,1.895
2023-08-05 09:00:00,3.54
2023-08-05 10:00:00,5.119
2023-08-05 11:00:00,6.463
2023-08-05 12:00:00,7.308
2023-08-05 13:00:00,7.976
2023-08-05 14:00:00,8.058
2023-08-05 15:00:00,6.957
2023-08-05 16:00:00,5.803
2023-08-05 17:00:00,4.344
2023-08-05 18:00:00,2.7560000000000002
2023-08-05 19:00:00,1.285
2023-08-05 20:00:00,0.249
2023-08-05 21:00:00,0.0
2023-08-05 22:00:00,0.0
2023-08-05 23:00:00,0.0
2023-08-06 00:00:00,0.0
2023-08-06 01:00:00,0.0
2023-08-06 02:00:00,0.0
2023-08-06 03:00:00,0.0
2023-08-06 04:00:00,0.0
2023-08-06 05:00:00,0.0
2023-08-06 06:00:00,0.006
2023-08-06 07:00:00,0.427
2023-08-06 08:00:00,1.8739999999999999
2023-08-06 09:00:00,4.121
2023-08-06 10:00:00,6.152
2023-08-06 11:00:00,7.828
2023-08-06 12:00:00,9.116
2023-08-06 13:00:00,9.647
2023-08-06 14:00:00,9.486
2023-08-06 15:00:00,8.697
2023-08-06 16:00:00,7.359999999999999
2023-08-06 17:00:00,5.622
2023-08-06 18:00:00,3.527
2023-08-06 19:00:00,1.445
2023-08-06 20:00:00,0.252
2023-08-06 21:00:00,0.0
2023-08-06 22:00:00,0.0
2023-08-06 23:00:00,0.0
2023-08-07 00:00:00,0.0
2023-08-07 01:00:00,0.0
2023-08-07 02:00:00,0.0
2023-08-07 03:00:00,0.0
2023-08-07 04:00:00,0.0
2023-08-07 05:00:00,0.0
2023-08-07 06:00:00,0.016
2023-08-07 07:00:00,0.449
2023-08-07 08:00:00,2.324
2023-08-07 09:00:00,4.867
2023-08-07 10:00:00,7.033
2023-08-07 11:00:00,8.639
2023-08-07 12:00:00,9.623
2023-08-07 13:00:00,10.071
2023-08-07 14:00:00,9.944
2023-08-07 15:00:00,9.208
2023-08-07 16:00:00,7.83
2023-08-07 17:00:00,5.88
2023-08-07 18:00:00,3.455
2023-08-07 19:00:00,1.292
2023-08-07 20:00:00,0.2
2023-08-07 21:00:00,0.0
2023-08-07 22:00:00,0.0
2023-08-07 23:00:00,0.0
2023-08-08 00:00:00,0.0
2023-08-08 01:00:00,0.0
2023-08-08 02:00:00,0.0
2023-08-08 03:00:00,0.0
2023-08-08 04:00:00,0.0
2023-08-08 05:00:00,0.0
2023-08-08 06:00:00,0.015
2023-08-08 07:00:00,0.466
2023-08-08 08:00:00,2.147
2023-08-08 09:00:00,4.43
2023-08-08 10:00:00,6.644
2023-08-08 11:00:00,8.27
2023-08-08 12:00:00,9.21
2023-08-08 13:00:00,9.527000000000001
2023-08-08 14:00:00,9.134
2023-08-08 15:00:00,7.9079999999999995
2023-08-08 16:00:00,6.095
2023-08-08 17:00:00,4.352
2023-08-08 18:00:00,2.771
2023-08-08 19:00:00,1.111
2023-08-08 20:00:00,0.19
2023-08-08 21:00:00,0.0
2023-08-08 22:00:00,0.0
2023-08-08 23:00:00,0.0
2023-08-09 00:00:00,0.0
2023-08-09 01:00:00,0.0
2023-08-09 02:00:00,0.0
2023-08-09 03:00:00,0.0
2023-08-09 04:00:00,0.0
2023-08-09 05:00:00,0.0
2023-08-09 06:00:00,0.004
2023-08-09 07:00:00,0.421
2023-08-09 08:00:00,1.95
2023-08-09 09:00:00,4.132
2023-08-09 10:00:00,6.212
2023-08-09 11:00:00,7.739
2023-08-09 12:00:00,8.814
2023-08-09 13:00:00,9.035
2023-08-09 14:00:00,8.84
2023-08-09 15:00:00,8.376
2023-08-09 16:00:00,7.313
2023-08-09 17:00:00,5.658
2023-08-09 18:00:00,3.628
2023-08-09 19:00:00,1.461
2023-08-09 20:00:00,0.22
2023-08-09 21:00:00,0.0
2023-08-09 22:00:00,0.0
2023-08-09 23:00:00,0.0
2023-08-10 00:00:00,0.0
2023-08-10 01:00:00,0.0
2023-08-10 02:00:00,0.0
2023-08-10 03:00:00,0.0
2023-08-10 04:00:00,0.0
2023-08-10 05:00:00,0.0
2023-08-10 06:00:00,0.01
2023-08-10 07:00:00,0.394
2023-08-10 08:00:00,1.838
2023-08-10 09:00:00,3.858
2023-08-10 10:00:00,5.788
2023-08-10 11:00:00,7.306
2023-08-10 12:00:00,7.995
2023-08-10 13:00:00,7.959
2023-08-10 14:00:00,7.74
2023-08-10 15:00:00,7.474
2023-08-10 16:00:00,6.704
2023-08-10 17:00:00,5.125
2023-08-10 18:00:00,3.242
2023-08-10 19:00:00,1.359
2023-08-10 20:00:00,0.221
2023-08-10 21:00:00,0.0
2023-08-10 22:00:00,0.0
2023-08-10 23:00:00,0.0
2023-08-11 00:00:00,0.0
2023-08-11 01:00:00,0.0
2023-08-11 02:00:00,0.0
2023-08-11 03:00:00,0.0
2023-08-11 04:00:00,0.0
2023-08-11 05:00:00,0.0
2023-08-11 06:00:00,0.008
2023-08-11 07:00:00,0.426
2023-08-11 08:00:00,1.909
2023-08-11 09:00:00,3.9299999999999997
2023-08-11 10:00:00,5.522
2023-08-11 11:00:00,6.673
2023-08-11 12:00:00,7.309
2023-08-11 13:00:00,7.632
2023-08-11 14:00:00,7.393
2023-08-11 15:00:00,6.813000000000001
2023-08-11 16:00:00,5.634
2023-08-11 17:00:00,4.025
2023-08-11 18:00:00,2.4
2023-08-11 19:00:00,0.9400000000000001
2023-08-11 20:00:00,0.122
2023-08-11 21:00:00,0.0
2023-08-11 22:00:00,0.0
2023-08-11 23:00:00,0.0
2023-08-12 00:00:00,0.0
2023-08-12 01:00:00,0.0
2023-08-12 02:00:00,0.0
2023-08-12 03:00:00,0.0
2023-08-12 04:00:00,0.0
2023-08-12 05:00:00,0.0
2023-08-12 06:00:00,0.001
2023-08-12 07:00:00,0.334
2023-08-12 08:00:00,1.749
2023-08-12 09:00:00,3.926
2023-08-12 10:00:00,5.923
2023-08-12 11:00:00,7.3309999999999995
2023-08-12 12:00:00,8.153
2023-08-12 13:00:00,8.36
2023-08-12 14:00:00,7.773
2023-08-12 15:00:00,7.33
2023-08-12 16:00:00,6.327
2023-08-12 17:00:00,4.6
2023-08-12 18:00:00,2.3770000000000002
2023-08-12 19:00:00,0.916
2023-08-12 20:00:00,0.157
2023-08-12 21:00:00,0.0
2023-08-12 22:00:00,0.0
2023-08-12 23:00:00,0.0
2023-08-13 00:00:00,0.0
2023-08-13 01:00:00,0.0
2023-08-13 02:00:00,0.0
2023-08-13 03:00:00,0.0
2023-08-13 04:00:00,0.0
2023-08-13 05:00:00,0.0
2023-08-13 06:00:00,0.004
2023-08-13 07:00:00,0.34
2023-08-13 08:00:00,1.597
2023-08-13 09:00:00,3.37
2023-08-13 10:00:00,5.333
2023-08-13 11:00:00,6.738
2023-08-13 12:00:00,7.987
2023-08-13 13:00:00,8.455
2023-08-13 14:00:00,8.309
2023-08-13 15:00:00,7.3999999999999995
2023-08-13 16:00:00,6.151
2023-08-13 17:00:00,4.661
2023-08-13 18:00:00,2.866
2023-08-13 19:00:00,1.166
2023-08-13 20:00:00,0.168
2023-08-13 21:00:00,0.0
2023-08-13 22:00:00,0.0
2023-08-13 23:00:00,0.0
2023-08-14 00:00:00,0.0
2023-08-14 01:00:00,0.0
2023-08-14 02:00:00,0.0
2023-08-14 03:00:00,0.0
2023-08-14 04:00:00,0.0
2023-08-14 05:00:00,0.0
2023-08-14 06:00:00,0.001
2023-08-14 07:00:00,0.377
2023-08-14 08:00:00,1.8739999999999999
2023-08-14 09:00:00,3.903
2023-08-14 10:00:00,5.7010000000000005
2023-08-14 11:00:00,7.099
2023-08-14 12:00:00,8.181
2023-08-14 13:00:00,8.602
2023-08-14 14:00:00,8.321
2023-08-14 15:00:00,7.638
2023-08-14 16:00:00,6.3950000000000005
2023-08-14 17:00:00,4.787
2023-08-14 18:00:00,2.878
2023-08-14 19:00:00,1.115
2023-08-14 20:00:00,0.153
2023-08-14 21:00:00,0.0
2023-08-14 22:00:00,0.0
2023-08-14 23:00:00,0.0
2023-08-15 00:00:00,0.0
2023-08-15 01:00:00,0.0
2023-08-15 02:00:00,0.0
2023-08-15 03:00:00,0.0
2023-08-15 04:00:00,0.0
2023-08-15 05:00:00,0.0
2023-08-15 06:00:00,0.002
2023-08-15 07:00:00,0.362
2023-08-15 08:00:00,1.881
2023-08-15 09:00:00,4.033
2023-08-15 10:00:00,5.657
2023-08-15 11:00:00,6.77
2023-08-15 12:00:00,7.788
2023-08-15 13:00:00,8.072
2023-08-15 14:00:00,7.826
2023-08-15 15:00:00,7.307
2023-08-15 16:00:00,5.966
2023-08-15 17:00:00,4.199
2023-08-15 18:00:00,2.632
2023-08-15 19:00:00,1.051
2023-08-15 20:00:00,0.141
2023-08-15 21:00:00,0.0
2023-08-15 22:00:00,0.0
2023-08-15 23:00:00,0.0
2023-08-16 00:00:00,0.0
2023-08-16 01:00:00,0.0
2023-08-16 02:00:00,0.0
2023-08-16 03:00:00,0.0
2023-08-16 04:00:00,0.0
2023-08-16 05:00:00,0.0
2023-08-16 06:00:00,0.002
2023-08-16 07:00:00,0.316
2023-08-16 08:00:00,1.537
2023-08-16 09:00:00,3.4
2023-08-16 10:00:00,5.4030000000000005
2023-08-16 11:00:00,6.987
2023-08-16 12:00:00,7.783
2023-08-16 13:00:00,7.907
2023-08-16 14:00:00,7.62
2023-08-16 15:00:00,6.643000000000001
2023-08-16 16:00:00,5.142
2023-08-16 17:00:00,3.563
2023-08-16 18:00:00,2.111
2023-08-16 19:00:00,0.835
2023-08-16 20:00:00,0.103
2023-08-16 21:00:00,0.0
2023-08-16 22:00:00,0.0
2023-08-16 23:00:00,0.0
2023-08-17 00:00:00,0.0
2023-08-17 01:00:00,0.0
2023-08-17 02:00:00,0.0
2023-08-17 03:00:00,0.0
2023-08-17 04:00:00,0.0
2023-08-17 05:00:00,0.0
2023-08-17 06:00:00,0.002
2023-08-17 07:00:00,0.295
2023-08-17 08:00:00,1.553
2023-08-17 09:00:00,3.415
2023-08-17 10:00:00,5.269
2023-08-17 11:00:00,6.879
2023-08-17 12:00:00,7.944
2023-08-17 13:00:00,8.437
2023-08-17 14:00:00,8.426
2023-08-17 15:00:00,7.882
2023-08-17 16:00:00,6.611000000000001
2023-08-17 17:00:00,4.879
2023-08-17 18:00:00,2.867
2023-08-17 19:00:00,1.1139999999999999
2023-08-17 20:00:00,0.13
2023-08-17 21:00:00,0.0
2023-08-17 22:00:00,0.0
2023-08-17 23:00:00,0.0
2023-08-18 00:00:00,0.0
2023-08-18 01:00:00,0.0
2023-08-18 02:00:00,0.0
2023-08-18 03:00:00,0.0
2023-08-18 04:00:00,0.0
2023-08-18 05:00:00,0.0
2023-08-18 06:00:00,0.001
2023-08-18 07:00:00,0.333
2023-08-18 08:00:00,1.778
2023-08-18 09:00:00,3.334
2023-08-18 10:00:00,4.866
2023-08-18 11:00:00,6.482
2023-08-18 12:00:00,7.545
2023-08-18 13:00:00,7.901
2023-08-18 14:00:00,7.245
2023-08-18 15:00:00,6.043
2023-08-18 16:00:00,4.76
2023-08-18 17:00:00,3.626
2023-08-18 18:00:00,2.363
2023-08-18 19:00:00,0.901
2023-08-18 20:00:00,0.08600000000000001
2023-08-18 21:00:00,0.0
2023-08-18 22:00:00,0.0
2023-08-18 23:00:00,0.0
2023-08-19 00:00:00,0.0
2023-08-19 01:00:00,0.0
2023-08-19 02:00:00,0.0
2023-08-19 03:00:00,0.0
2023-08-19 04:00:00,0.0
2023-08-19 05:00:00,0.0
2023-08-19 06:00:00,0.001
2023-08-19 07:00:00,0.279
2023-08-19 08:00:00,1.5190000000000001
2023-08-19 09:00:00,3.524
2023-08-19 10:00:00,5.504
2023-08-19 11:00:00,6.985
2023-08-19 12:00:00,7.945
2023-08-19 13:00:00,8.514
2023-08-19 14:00:00,8.631
2023-08-19 15:00:00,8.248
2023-08-19 16:00:00,7.18
2023-08-19 17:00:00,5.564
2023-08-19 18:00:00,3.392
2023-08-19 19:00:00,1.255
2023-08-19 20:00:00,0.11
2023-08-19 21:00:00,0.0
2023-08-19 22:00:00,0.0
2023-08-19 23:00:00,0.0
2023-08-20 00:00:00,0.0
2023-08-20 01:00:00,0.0
2023-08-20 02:00:00,0.0
2023-08-20 03:00:00,0.0
2023-08-20 04:00:00,0.0
2023-08-20 05:00:00,0.0
2023-08-20 06:00:00,0.001
2023-08-20 07:00:00,0.302
2023-08-20 08:00:00,1.897
2023-08-20 09:00:00,4.134
2023-08-20 10:00:00,6.1450000000000005
2023-08-20 11:00:00,7.672
2023-08-20 12:00:00,8.678
2023-08-20 13:00:00,9.206999999999999
2023-08-20 14:00:00,9.126
2023-08-20 15:00:00,8.397
2023-08-20 16:00:00,7.07
2023-08-20 17:00:00,5.3
2023-08-20 18:00:00,3.235
2023-08-20 19:00:00,1.176
2023-08-20 20:00:00,0.101
2023-08-20 21:00:00,0.0
2023-08-20 22:00:00,0.0
2023-08-20 23:00:00,0.0
2023-08-21 00:00:00,0.0
2023-08-21 01:00:00,0.0
2023-08-21 02:00:00,0.0
2023-08-21 03:00:00,0.0
2023-08-21 04:00:00,0.0
2023-08-21 05:00:00,0.0
2023-08-21 06:00:00,0.0
2023-08-21 07:00:00,0.28900000000000003
2023-08-21 08:00:00,1.964
2023-08-21 09:00:00,4.388
2023-08-21 10:00:00,6.535
2023-08-21 11:00:00,8.125
2023-08-21 12:00:00,9.107
2023-08-21 13:00:00,9.517
2023-08-21 14:00:00,9.366
2023-08-21 15:00:00,8.674
2023-08-21 16:00:00,7.421
2023-08-21 17:00:00,5.616
2023-08-21 18:00:00,3.363
2023-08-21 19:00:00,1.1680000000000001
2023-08-21 20:00:00,0.087
2023-08-21 21:00:00,0.0
2023-08-21 22:00:00,0.0
2023-08-21 23:00:00,0.0
2023-08-22 00:00:00,0.0
2023-08-22 01:00:00,0.0
2023-08-22 02:00:00,0.0
2023-08-22 03:00:00,0.0
2023-08-22 04:00:00,0.0
2023-08-22 05:00:00,0.0
2023-08-22 06:00:00,0.0
2023-08-22 07:00:00,0.278
2023-08-22 08:00:00,1.887
2023-08-22 09:00:00,4.21
2023-08-22 10:00:00,6.272
2023-08-22 11:00:00,7.8469999999999995
2023-08-22 12:00:00,8.852
2023-08-22 13:00:00,9.279
2023-08-22 14:00:00,9.152999999999999
2023-08-22 15:00:00,8.378
2023-08-22 16:00:00,7.1610000000000005
2023-08-22 17:00:00,5.352
2023-08-22 18:00:00,3.237
2023-08-22 19:00:00,1.139
2023-08-22 20:00:00,0.083
2023-08-22 21:00:00,0.0
2023-08-22 22:00:00,0.0
2023-08-22 23:00:00,0.0
2023-08-23 00:00:00,0.0
2023-08-23 01:00:00,0.0
2023-08-23 02:00:00,0.0
2023-08-23 03:00:00,0.0
2023-08-23 04:00:00,0.0
2023-08-23 05:00:00,0.0
2023-08-23 06:00:00,0.0
2023-08-23 07:00:00,0.269
2023-08-23 08:00:00,1.785
2023-08-23 09:00:00,4.041
2023-08-23 10:00:00,6.143
2023-08-23 11:00:00,7.727
2023-08-23 12:00:00,8.677
2023-08-23 13:00:00,9.025
2023-08-23 14:00:00,8.837
2023-08-23 15:00:00,8.109
2023-08-23 16:00:00,6.764
2023-08-23 17:00:00,4.971
2023-08-23 18:00:00,2.814
2023-08-23 19:00:00,0.969
2023-08-23 20:00:00,0.067
2023-08-23 21:00:00,0.0
2023-08-23 22:00:00,0.0
2023-08-23 23:00:00,0.0
2023-08-24 00:00:00,0.0
2023-08-24 01:00:00,0.0
2023-08-24 02:00:00,0.0
2023-08-24 03:00:00,0.0
2023-08-24 04:00:00,0.0
2023-08-24 05:00:00,0.0
2023-08-24 06:00:00,0.0
2023-08-24 07:00:00,0.23299999999999998
2023-08-24 08:00:00,1.516
2023-08-24 09:00:00,3.073
2023-08-24 10:00:00,4.213
2023-08-24 11:00:00,5.103
2023-08-24 12:00:00,5.795
2023-08-24 13:00:00,6.376
2023-08-24 14:00:00,6.409000000000001
2023-08-24 15:00:00,6.515
2023-08-24 16:00:00,5.793
2023-08-24 17:00:00,4.25
2023-08-24 18:00:00,2.645
2023-08-24 19:00:00,0.962
2023-08-24 20:00:00,0.064
2023-08-24 21:00:00,0.0
2023-08-24 22:00:00,0.0
2023-08-24 23:00:00,0.0
2023-08-25 00:00:00,0.0
2023-08-25 01:00:00,0.0
2023-08-25 02:00:00,0.0
2023-08-25 03:00:00,0.0
2023-08-25 04:00:00,0.0
2023-08-25 05:00:00,0.0
2023-08-25 06:00:00,0.0
2023-08-25 07:00:00,0.211
2023-08-25 08:00:00,1.476
2023-08-25 09:00:00,3.3760000000000003
2023-08-25 10:00:00,5.036
2023-08-25 11:00:00,6.352
2023-08-25 12:00:00,7.1530000000000005
2023-08-25 13:00:00,7.454
2023-08-25 14:00:00,7.53
2023-08-25 15:00:00,7.208
2023-08-25 16:00:00,5.901
2023-08-25 17:00:00,4.072
2023-08-25 18:00:00,2.492
2023-08-25 19:00:00,0.894
2023-08-25 20:00:00,0.055
2023-08-25 21:00:00,0.0
2023-08-25 22:00:00,0.0
2023-08-25 23:00:00,0.0
2023-08-26 00:00:00,0.0
2023-08-26 01:00:00,0.0
2023-08-26 02:00:00,0.0
2023-08-26 03:00:00,0.0
2023-08-26 04:00:00,0.0
2023-08-26 05:00:00,0.0
2023-08-26 06:00:00,0.0
2023-08-26 07:00:00,0.237
2023-08-26 08:00:00,1.598
2023-08-26 09:00:00,3.702
2023-08-26 10:00:00,5.565
2023-08-26 11:00:00,6.705
2023-08-26 12:00:00,7.336
2023-08-26 13:00:00,7.694
2023-08-26 14:00:00,7.236
2023-08-26 15:00:00,6.301
2023-08-26 16:00:00,5.099
2023-08-26 17:00:00,3.446
2023-08-26 18:00:00,1.967
2023-08-26 19:00:00,0.605
2023-08-26 20:00:00,0.023
2023-08-26 21:00:00,0.0
2023-08-26 22:00:00,0.0
2023-08-26 23:00:00,0.0
2023-08-27 00:00:00,0.0
2023-08-27 01:00:00,0.0
2023-08-27 02:00:00,0.0
2023-08-27 03:00:00,0.0
2023-08-27 04:00:00,0.0
2023-08-27 05:00:00,0.0
2023-08-27 06:00:00,0.0
2023-08-27 07:00:00,0.14
2023-08-27 08:00:00,1.155
2023-08-27 09:00:00,2.939
2023-08-27 10:00:00,4.593
2023-08-27 11:00:00,5.835
2023-08-27 12:00:00,6.838
2023-08-27 13:00:00,7.43
2023-08-27 14:00:00,7.308
2023-08-27 15:00:00,6.667
2023-08-27 16:00:00,5.63
2023-08-27 17:00:00,4.204
2023-08-27 18:00:00,2.42
2023-08-27 19:00:00,0.871
2023-08-27 20:00:00,0.04
2023-08-27 21:00:00,0.0
2023-08-27 22:00:00,0.0
2023-08-27 23:00:00,0.0
2023-08-28 00:00:00,0.0
2023-08-28 01:00:00,0.0
2023-08-28 02:00:00,0.0
2023-08-28 03:00:00,0.0
2023-08-28 04:00:00,0.0
2023-08-28 05:00:00,0.0
2023-08-28 06:00:00,0.0
2023-08-28 07:00:00,0.13899999999999998
2023-08-28 08:00:00,1.133
2023-08-28 09:00:00,2.7039999999999997
2023-08-28 10:00:00,4.383
2023-08-28 11:00:00,5.991
2023-08-28 12:00:00,7.03
2023-08-28 13:00:00,7.599
2023-08-28 14:00:00,7.716
2023-08-28 15:00:00,7.098
2023-08-28 16:00:00,5.894
2023-08-28 17:00:00,4.31
2023-08-28 18:00:00,2.612
2023-08-28 19:00:00,0.879
2023-08-28 20:00:00,0.036
2023-08-28 21:00:00,0.0
2023-08-28 22:00:00,0.0
2023-08-28 23:00:00,0.0
2023-08-29 00:00:00,0.0
2023-08-29 01:00:00,0.0
2023-08-29 02:00:00,0.0
2023-08-29 03:00:00,0.0
2023-08-29 04:00:00,0.0
2023-08-29 05:00:00,0.0
2023-08-29 06:00:00,0.0
2023-08-29 07:00:00,0.136
2023-08-29 08:00:00,1.241
2023-08-29 09:00:00,3.123
2023-08-29 10:00:00,5.0280000000000005
2023-08-29 11:00:00,6.591
2023-08-29 12:00:00,7.377
2023-08-29 13:00:00,7.936
2023-08-29 14:00:00,7.836
2023-08-29 15:00:00,7.399
2023-08-29 16:00:00,6.218
2023-08-29 17:00:00,4.335
2023-08-29 18:00:00,2.367
2023-08-29 19:00:00,0.72
2023-08-29 20:00:00,0.026000000000000002
2023-08-29 21:00:00,0.0
2023-08-29 22:00:00,0.0
2023-08-29 23:00:00,0.0
2023-08-30 00:00:00,0.0
2023-08-30 01:00:00,0.0
2023-08-30 02:00:00,0.0
2023-08-30 03:00:00,0.0
2023-08-30 04:00:00,0.0
2023-08-30 05:00:00,0.0
2023-08-30 06:00:00,0.0
2023-08-30 07:00:00,0.152
2023-08-30 08:00:00,1.3800000000000001
2023-08-30 09:00:00,3.278
2023-08-30 10:00:00,5.074
2023-08-30 11:00:00,6.662
2023-08-30 12:00:00,7.888
2023-08-30 13:00:00,8.435
2023-08-30 14:00:00,8.268
2023-08-30 15:00:00,7.795
2023-08-30 16:00:00,6.755
2023-08-30 17:00:00,4.878
2023-08-30 18:00:00,2.593
2023-08-30 19:00:00,0.768
2023-08-30 20:00:00,0.024
2023-08-30 21:00:00,0.0
2023-08-30 22:00:00,0.0
2023-08-30 23:00:00,0.0
2023-08-31 00:00:00,0.0
2023-08-31 01:00:00,0.0
2023-08-31 02:00:00,0.0
2023-08-31 03:00:00,0.0
2023-08-31 04:00:00,0.0
2023-08-31 05:00:00,0.0
2023-08-31 06:00:00,0.0
2023-08-31 07:00:00,0.146
2023-08-31 08:00:00,1.256
2023-08-31 09:00:00,2.929
2023-08-31 10:00:00,4.767
2023-08-31 11:00:00,6.161
2023-08-31 12:00:00,6.915
2023-08-31 13:00:00,7.0440000000000005
2023-08-31 14:00:00,6.851
2023-08-31 15:00:00,6.628
2023-08-31 16:00:00,5.8149999999999995
2023-08-31 17:00:00,4.141
2023-08-31 18:00:00,2.264
2023-08-31 19:00:00,0.6829999999999999
2023-08-31 20:00:00,0.019
2023-08-31 21:00:00,0.0
2023-08-31 22:00:00,0.0
2023-08-31 23:00:00,0.0
2023-09-01 00:00:00,0.0
2023-09-01 01:00:00,0.0
2023-09-01 02:00:00,0.0
2023-09-01 03:00:00,0.0
2023-09-01 04:00:00,0.0
2023-09-01 05:00:00,0.0
2023-09-01 06:00:00,0.0
2023-09-01 07:00:00,0.116
2023-09-01 08:00:00,1.221
2023-09-01 09:00:00,2.909
2023-09-01 10:00:00,4.669
2023-09-01 11:00:00,6.288
2023-09-01 12:00:00,7.447
2023-09-01 13:00:00,8.112
2023-09-01 14:00:00,7.858
2023-09-01 15:00:00,7.0440000000000005
2023-09-01 16:00:00,5.686
2023-09-01 17:00:00,3.878
2023-09-01 18:00:00,2.156
2023-09-01 19:00:00,0.598
2023-09-01 20:00:00,0.006
2023-09-01 21:00:00,0.0
2023-09-01 22:00:00,0.0
2023-09-01 23:00:00,0.0
2023-09-02 00:00:00,0.0
2023-09-02 01:00:00,0.0
2023-09-02 02:00:00,0.0
2023-09-02 03:00:00,0.0
2023-09-02 04:00:00,0.0
2023-09-02 05:00:00,0.0
2023-09-02 06:00:00,0.0
2023-09-02 07:00:00,0.105
2023-09-02 08:00:00,1.118
2023-09-02 09:00:00,3.047
2023-09-02 10:00:00,4.835
2023-09-02 11:00:00,6.301
2023-09-02 12:00:00,7.35
2023-09-02 13:00:00,7.965
2023-09-02 14:00:00,7.637
2023-09-02 15:00:00,6.857
2023-09-02 16:00:00,5.621
2023-09-02 17:00:00,3.997
2023-09-02 18:00:00,2.167
2023-09-02 19:00:00,0.644
2023-09-02 20:00:00,0.013000000000000001
2023-09-02 21:00:00,0.0
2023-09-02 22:00:00,0.0
2023-09-02 23:00:00,0.0
2023-09-03 00:00:00,0.0
2023-09-03 01:00:00,0.0
2023-09-03 02:00:00,0.0
2023-09-03 03:00:00,0.0
2023-09-03 04:00:00,0.0
2023-09-03 05:00:00,0.0
2023-09-03 06:00:00,0.0
2023-09-03 07:00:00,0.111
2023-09-03 08:00:00,1.544
2023-09-03 09:00:00,3.797
2023-09-03 10:00:00,6.002
2023-09-03 11:00:00,7.843999999999999
2023-09-03 12:00:00,8.852
2023-09-03 13:00:00,9.265
2023-09-03 14:00:00,9.215
2023-09-03 15:00:00,8.469000000000001
2023-09-03 16:00:00,7.142
2023-09-03 17:00:00,5.218
2023-09-03 18:00:00,2.964
2023-09-03 19:00:00,0.815
2023-09-03 20:00:00,0.013000000000000001
2023-09-03 21:00:00,0.0
2023-09-03 22:00:00,0.0
2023-09-03 23:00:00,0.0
2023-09-04 00:00:00,0.0
2023-09-04 01:00:00,0.0
2023-09-04 02:00:00,0.0
2023-09-04 03:00:00,0.0
2023-09-04 04:00:00,0.0
2023-09-04 05:00:00,0.0
2023-09-04 06:00:00,0.0
2023-09-04 07:00:00,0.10500000000000001
2023-09-04 08:00:00,1.587
2023-09-04 09:00:00,4.022
2023-09-04 10:00:00,6.251
2023-09-04 11:00:00,7.883
2023-09-04 12:00:00,8.892
2023-09-04 13:00:00,9.285
2023-09-04 14:00:00,9.007
2023-09-04 15:00:00,8.062
2023-09-04 16:00:00,6.579
2023-09-04 17:00:00,4.789
2023-09-04 18:00:00,2.634
2023-09-04 19:00:00,0.683
2023-09-04 20:00:00,0.008
2023-09-04 21:00:00,0.0
2023-09-04 22:00:00,0.0
2023-09-04 23:00:00,0.0
2023-09-05 00:00:00,0.0
2023-09-05 01:00:00,0.0
2023-09-05 02:00:00,0.0
2023-09-05 03:00:00,0.0
2023-09-05 04:00:00,0.0
2023-09-05 05:00:00,0.0
2023-09-05 06:00:00,0.0
2023-09-05 07:00:00,0.10400000000000001
2023-09-05 08:00:00,1.509
2023-09-05 09:00:00,3.79
2023-09-05 10:00:00,5.939
2023-09-05 11:00:00,7.5440000000000005
2023-09-05 12:00:00,8.631
2023-09-05 13:00:00,9.076
2023-09-05 14:00:00,8.861
2023-09-05 15:00:00,8.088000000000001
2023-09-05 16:00:00,6.8020000000000005
2023-09-05 17:00:00,4.854
2023-09-05 18:00:00,2.56
2023-09-05 19:00:00,0.607
2023-09-05 20:00:00,0.005
2023-09-05 21:00:00,0.0
2023-09-05 22:00:00,0.0
2023-09-05 23:00:00,0.0
2023-09-06 00:00:00,0.0
2023-09-06 01:00:00,0.0
2023-09-06 02:00:00,0.0
2023-09-06 03:00:00,0.0
2023-09-06 04:00:00,0.0
2023-09-06 05:00:00,0.0
2023-09-06 06:00:00,0.0
2023-09-06 07:00:00,0.096
2023-09-06 08:00:00,1.437
2023-09-06 09:00:00,3.4939999999999998
2023-09-06 10:00:00,5.437
2023-09-06 11:00:00,7.104
2023-09-06 12:00:00,8.093
2023-09-06 13:00:00,8.548
2023-09-06 14:00:00,8.422
2023-09-06 15:00:00,7.788
2023-09-06 16:00:00,6.527
2023-09-06 17:00:00,4.739
2023-09-06 18:00:00,2.574
2023-09-06 19:00:00,0.598
2023-09-06 20:00:00,0.002
2023-09-06 21:00:00,0.0
2023-09-06 22:00:00,0.0
2023-09-06 23:00:00,0.0
2023-09-07 00:00:00,0.0
2023-09-07 01:00:00,0.0
2023-09-07 02:00:00,0.0
2023-09-07 03:00:00,0.0
2023-09-07 04:00:00,0.0
2023-09-07 05:00:00,0.0
2023-09-07 06:00:00,0.0
2023-09-07 07:00:00,0.088
2023-09-07 08:00:00,1.598
2023-09-07 09:00:00,4.044
2023-09-07 10:00:00,6.221
2023-09-07 11:00:00,7.774
2023-09-07 12:00:00,8.658999999999999
2023-09-07 13:00:00,8.959
2023-09-07 14:00:00,8.777
2023-09-07 15:00:00,7.948
2023-09-07 16:00:00,6.434
2023-09-07 17:00:00,4.509
2023-09-07 18:00:00,2.399
2023-09-07 19:00:00,0.535
2023-09-07 20:00:00,0.0
2023-09-07 21:00:00,0.0
2023-09-07 22:00:00,0.0
2023-09-07 23:00:00,0.0
2023-09-08 00:00:00,0.0
2023-09-08 01:00:00,0.0
2023-09-08 02:00:00,0.0
2023-09-08 03:00:00,0.0
2023-09-08 04:00:00,0.0
2023-09-08 05:00:00,0.0
2023-09-08 06:00:00,0.0
2023-09-08 07:00:00,0.081
2023-09-08 08:00:00,1.3699999999999999
2023-09-08 09:00:00,3.399
2023-09-08 10:00:00,5.273
2023-09-08 11:00:00,6.652
2023-09-08 12:00:00,7.484999999999999
2023-09-08 13:00:00,7.9190000000000005
2023-09-08 14:00:00,7.97
2023-09-08 15:00:00,7.426
2023-09-08 16:00:00,6.159
2023-09-08 17:00:00,4.392
2023-09-08 18:00:00,2.314
2023-09-08 19:00:00,0.503
2023-09-08 20:00:00,0.002
2023-09-08 21:00:00,0.0
2023-09-08 22:00:00,0.0
2023-09-08 23:00:00,0.0
2023-09-09 00:00:00,0.0
2023-09-09 01:00:00,0.0
2023-09-09 02:00:00,0.0
2023-09-09 03:00:00,0.0
2023-09-09 04:00:00,0.0
2023-09-09 05:00:00,0.0
2023-09-09 06:00:00,0.0
2023-09-09 07:00:00,0.068
2023-09-09 08:00:00,1.411
2023-09-09 09:00:00,3.723
2023-09-09 10:00:00,5.867
2023-09-09 11:00:00,7.456
2023-09-09 12:00:00,8.436
2023-09-09 13:00:00,8.943
2023-09-09 14:00:00,8.934
2023-09-09 15:00:00,8.274000000000001
2023-09-09 16:00:00,6.977
2023-09-09 17:00:00,5.094
2023-09-09 18:00:00,2.79
2023-09-09 19:00:00,0.633
2023-09-09 20:00:00,0.001
2023-09-09 21:00:00,0.0
2023-09-09 22:00:00,0.0
2023-09-09 23:00:00,0.0
2023-09-10 00:00:00,0.0
2023-09-10 01:00:00,0.0
2023-09-10 02:00:00,0.0
2023-09-10 03:00:00,0.0
2023-09-10 04:00:00,0.0
2023-09-10 05:00:00,0.0
2023-09-10 06:00:00,0.0
2023-09-10 07:00:00,0.066
2023-09-10 08:00:00,1.306
2023-09-10 09:00:00,3.335
2023-09-10 10:00:00,5.286
2023-09-10 11:00:00,6.85
2023-09-10 12:00:00,7.991
2023-09-10 13:00:00,8.537
2023-09-10 14:00:00,8.376
2023-09-10 15:00:00,7.623
2023-09-10 16:00:00,6.347
2023-09-10 17:00:00,4.448
2023-09-10 18:00:00,2.283
2023-09-10 19:00:00,0.49
2023-09-10 20:00:00,0.001
2023-09-10 21:00:00,0.0
2023-09-10 22:00:00,0.0
2023-09-10 23:00:00,0.0
2023-09-11 00:00:00,0.0
2023-09-11 01:00:00,0.0
2023-09-11 02:00:00,0.0
2023-09-11 03:00:00,0.0
2023-09-11 04:00:00,0.0
2023-09-11 05:00:00,0.0
2023-09-11 06:00:00,0.0
2023-09-11 07:00:00,0.059000000000000004
2023-09-11 08:00:00,1.199
2023-09-11 09:00:00,3.201
2023-09-11 10:00:00,5.034
2023-09-11 11:00:00,6.365
2023-09-11 12:00:00,7.276
2023-09-11 13:00:00,7.6739999999999995
2023-09-11 14:00:00,7.583
2023-09-11 15:00:00,6.715
2023-09-11 16:00:00,5.263
2023-09-11 17:00:00,3.451
2023-09-11 18:00:00,1.722
2023-09-11 19:00:00,0.354
2023-09-11 20:00:00,0.0
2023-09-11 21:00:00,0.0
2023-09-11 22:00:00,0.0
2023-09-11 23:00:00,0.0
2023-09-12 00:00:00,0.0
2023-09-12 01:00:00,0.0
2023-09-12 02:00:00,0.0
2023-09-12 03:00:00,0.0
2023-09-12 04:00:00,0.0
2023-09-12 05:00:00,0.0
2023-09-12 06:00:00,0.0
2023-09-12 07:00:00,0.028
2023-09-12 08:00:00,0.678
2023-09-12 09:00:00,1.943
2023-09-12 10:00:00,3.4859999999999998
2023-09-12 11:00:00,4.931
2023-09-12 12:00:00,5.561
2023-09-12 13:00:00,5.484
2023-09-12 14:00:00,5.092
2023-09-12 15:00:00,4.619
2023-09-12 16:00:00,3.54
2023-09-12 17:00:00,2.295
2023-09-12 18:00:00,1.006
2023-09-12 19:00:00,0.219
2023-09-12 20:00:00,0.0
2023-09-12 21:00:00,0.0
2023-09-12 22:00:00,0.0
2023-09-12 23:00:00,0.0
2023-09-13 00:00:00,0.0
2023-09-13 01:00:00,0.0
2023-09-13 02:00:00,0.0
2023-09-13 03:00:00,0.0
2023-09-13 04:00:00,0.0
2023-09-13 05:00:00,0.0
2023-09-13 06:00:00,0.0
2023-09-13 07:00:00,0.016
2023-09-13 08:00:00,0.764
2023-09-13 09:00:00,2.521
2023-09-13 10:00:00,4.538
2023-09-13 11:00:00,6.021
2023-09-13 12:00:00,7.005
2023-09-13 13:00:00,7.503
2023-09-13 14:00:00,7.642
2023-09-13 15:00:00,7.037
2023-09-13 16:00:00,5.843
2023-09-13 17:00:00,4.062
2023-09-13 18:00:00,2.0540000000000003
2023-09-13 19:00:00,0.456
2023-09-13 20:00:00,0.0
2023-09-13 21:00:00,0.0
2023-09-13 22:00:00,0.0
2023-09-13 23:00:00,0.0
2023-09-14 00:00:00,0.0
2023-09-14 01:00:00,0.0
2023-09-14 02:00:00,0.0
2023-09-14 03:00:00,0.0
2023-09-14 04:00:00,0.0
2023-09-14 05:00:00,0.0
2023-09-14 06:00:00,0.0
2023-09-14 07:00:00,0.033999999999999996
2023-09-14 08:00:00,1.153
2023-09-14 09:00:00,3.501
2023-09-14 10:00:00,5.639
2023-09-14 11:00:00,7.343
2023-09-14 12:00:00,8.301
2023-09-14 13:00:00,8.829
2023-09-14 14:00:00,8.638
2023-09-14 15:00:00,7.857
2023-09-14 16:00:00,6.479
2023-09-14 17:00:00,4.662
2023-09-14 18:00:00,2.437
2023-09-14 19:00:00,0.507
2023-09-14 20:00:00,0.0
2023-09-14 21:00:00,0.0
2023-09-14 22:00:00,0.0
2023-09-14 23:00:00,0.0
2023-09-15 00:00:00,0.0
2023-09-15 01:00:00,0.0
2023-09-15 02:00:00,0.0
2023-09-15 03:00:00,0.0
2023-09-15 04:00:00,0.0
2023-09-15 05:00:00,0.0
2023-09-15 06:00:00,0.0
2023-09-15 07:00:00,0.036000000000000004
2023-09-15 08:00:00,1.231
2023-09-15 09:00:00,3.665
2023-09-15 10:00:00,5.981
2023-09-15 11:00:00,7.584
2023-09-15 12:00:00,8.399000000000001
2023-09-15 13:00:00,8.889
2023-09-15 14:00:00,8.772
2023-09-15 15:00:00,7.906000000000001
2023-09-15 16:00:00,6.359
2023-09-15 17:00:00,4.19
2023-09-15 18:00:00,1.83
2023-09-15 19:00:00,0.303
2023-09-15 20:00:00,0.0
2023-09-15 21:00:00,0.0
2023-09-15 22:00:00,0.0
2023-09-15 23:00:00,0.0
2023-09-16 00:00:00,0.0
2023-09-16 01:00:00,0.0
2023-09-16 02:00:00,0.0
2023-09-16 03:00:00,0.0
2023-09-16 04:00:00,0.0
2023-09-16 05:00:00,0.0
2023-09-16 06:00:00,0.0
2023-09-16 07:00:00,0.013
2023-09-16 08:00:00,0.648
2023-09-16 09:00:00,2.021
2023-09-16 10:00:00,3.348
2023-09-16 11:00:00,4.398
2023-09-16 12:00:00,5.066
2023-09-16 13:00:00,5.708
2023-09-16 14:00:00,5.884
2023-09-16 15:00:00,5.302
2023-09-16 16:00:00,3.963
2023-09-16 17:00:00,2.568
2023-09-16 18:00:00,1.184
2023-09-16 19:00:00,0.229
2023-09-16 20:00:00,0.0
2023-09-16 21:00:00,0.0
2023-09-16 22:00:00,0.0
2023-09-16 23:00:00,0.0
2023-09-17 00:00:00,0.0
2023-09-17 01:00:00,0.0
2023-09-17 02:00:00,0.0
2023-09-17 03:00:00,0.0
2023-09-17 04:00:00,0.0
2023-09-17 05:00:00,0.0
2023-09-17 06:00:00,0.0
2023-09-17 07:00:00,0.017
2023-09-17 08:00:00,0.668
2023-09-17 09:00:00,2.062
2023-09-17 10:00:00,3.543
2023-09-17 11:00:00,4.742
2023-09-17 12:00:00,5.384
2023-09-17 13:00:00,5.692
2023-09-17 14:00:00,5.502
2023-09-17 15:00:00,4.764
2023-09-17 16:00:00,3.671
2023-09-17 17:00:00,2.386
2023-09-17 18:00:00,1.1119999999999999
2023-09-17 19:00:00,0.192
2023-09-17 20:00:00,0.0
2023-09-17 21:00:00,0.0
2023-09-17 22:00:00,0.0
2023-09-17 23:00:00,0.0
2023-09-18 00:00:00,0.0
2023-09-18 01:00:00,0.0
2023-09-18 02:00:00,0.0
2023-09-18 03:00:00,0.0
2023-09-18 04:00:00,0.0
2023-09-18 05:00:00,0.0
2023-09-18 06:00:00,0.0
2023-09-18 07:00:00,0.006
2023-09-18 08:00:00,0.5640000000000001
2023-09-18 09:00:00,2.056
2023-09-18 10:00:00,3.5709999999999997
2023-09-18 11:00:00,5.154
2023-09-18 12:00:00,6.542
2023-09-18 13:00:00,6.997
2023-09-18 14:00:00,6.68
2023-09-18 15:00:00,6.009
2023-09-18 16:00:00,4.811
2023-09-18 17:00:00,3.419
2023-09-18 18:00:00,1.847
2023-09-18 19:00:00,0.327
2023-09-18 20:00:00,0.0
2023-09-18 21:00:00,0.0
2023-09-18 22:00:00,0.0
2023-09-18 23:00:00,0.0
2023-09-19 00:00:00,0.0
2023-09-19 01:00:00,0.0
2023-09-19 02:00:00,0.0
2023-09-19 03:00:00,0.0
2023-09-19 04:00:00,0.0
2023-09-19 05:00:00,0.0
2023-09-19 06:00:00,0.0
2023-09-19 07:00:00,0.01
2023-09-19 08:00:00,0.888
2023-09-19 09:00:00,3.009
2023-09-19 10:00:00,5.254
2023-09-19 11:00:00,7.1530000000000005
2023-09-19 12:00:00,8.316
2023-09-19 13:00:00,8.926
2023-09-19 14:00:00,8.716
2023-09-19 15:00:00,7.256
2023-09-19 16:00:00,5.787
2023-09-19 17:00:00,3.965
2023-09-19 18:00:00,1.756
2023-09-19 19:00:00,0.282
2023-09-19 20:00:00,0.0
2023-09-19 21:00:00,0.0
2023-09-19 22:00:00,0.0
2023-09-19 23:00:00,0.0
2023-09-20 00:00:00,0.0
2023-09-20 01:00:00,0.0
2023-09-20 02:00:00,0.0
2023-09-20 03:00:00,0.0
2023-09-20 04:00:00,0.0
2023-09-20 05:00:00,0.0
2023-09-20 06:00:00,0.0
2023-09-20 07:00:00,0.008
2023-09-20 08:00:00,0.699
2023-09-20 09:00:00,2.268
2023-09-20 10:00:00,3.818
2023-09-20 11:00:00,5.1610000000000005
2023-09-20 12:00:00,6.22
2023-09-20 13:00:00,6.855
2023-09-20 14:00:00,6.872
2023-09-20 15:00:00,6.054
2023-09-20 16:00:00,4.7
2023-09-20 17:00:00,3.153
2023-09-20 18:00:00,1.531
2023-09-20 19:00:00,0.226
2023-09-20 20:00:00,0.0
2023-09-20 21:00:00,0.0
2023-09-20 22:00:00,0.0
2023-09-20 23:00:00,0.0
2023-09-21 00:00:00,0.0
2023-09-21 01:00:00,0.0
2023-09-21 02:00:00,0.0
2023-09-21 03:00:00,0.0
2023-09-21 04:00:00,0.0
2023-09-21 05:00:00,0.0
2023-09-21 06:00:00,0.0
2023-09-21 07:00:00,0.009000000000000001
2023-09-21 08:00:00,0.46499999999999997
2023-09-21 09:00:00,1.4380000000000002
2023-09-21 10:00:00,2.419
2023-09-21 11:00:00,3.5700000000000003
2023-09-21 12:00:00,4.5489999999999995
2023-09-21 13:00:00,4.96
2023-09-21 14:00:00,5.388999999999999
2023-09-21 15:00:00,4.009
2023-09-21 16:00:00,2.874
2023-09-21 17:00:00,1.945
2023-09-21 18:00:00,0.99
2023-09-21 19:00:00,0.161
2023-09-21 20:00:00,0.0
2023-09-21 21:00:00,0.0
2023-09-21 22:00:00,0.0
2023-09-21 23:00:00,0.0
2023-09-22 00:00:00,0.0
2023-09-22 01:00:00,0.0
2023-09-22 02:00:00,0.0
2023-09-22 03:00:00,0.0
2023-09-22 04:00:00,0.0
2023-09-22 05:00:00,0.0
2023-09-22 06:00:00,0.0
2023-09-22 07:00:00,0.004
2023-09-22 08:00:00,0.643
2023-09-22 09:00:00,2.323
2023-09-22 10:00:00,3.933
2023-09-22 11:00:00,5.175
2023-09-22 12:00:00,6.301
2023-09-22 13:00:00,6.934
2023-09-22 14:00:00,6.677
2023-09-22 15:00:00,5.737
2023-09-22 16:00:00,4.388
2023-09-22 17:00:00,3.052
2023-09-22 18:00:00,1.5190000000000001
2023-09-22 19:00:00,0.228
2023-09-22 20:00:00,0.0
2023-09-22 21:00:00,0.0
2023-09-22 22:00:00,0.0
2023-09-22 23:00:00,0.0
2023-09-23 00:00:00,0.0
2023-09-23 01:00:00,0.0
2023-09-23 02:00:00,0.0
2023-09-23 03:00:00,0.0
2023-09-23 04:00:00,0.0
2023-09-23 05:00:00,0.0
2023-09-23 06:00:00,0.0
2023-09-23 07:00:00,0.011
2023-09-23 08:00:00,0.935
2023-09-23 09:00:00,3.38
2023-09-23 10:00:00,5.808
2023-09-23 11:00:00,7.537
2023-09-23 12:00:00,8.47
2023-09-23 13:00:00,8.913
2023-09-23 14:00:00,8.81
2023-09-23 15:00:00,8.208
2023-09-23 16:00:00,6.933
2023-09-23 17:00:00,4.91
2023-09-23 18:00:00,2.382
2023-09-23 19:00:00,0.319
2023-09-23 20:00:00,0.0
2023-09-23 21:00:00,0.0
2023-09-23 22:00:00,0.0
2023-09-23 23:00:00,0.0
2023-09-24 00:00:00,0.0
2023-09-24 01:00:00,0.0
2023-09-24 02:00:00,0.0
2023-09-24 03:00:00,0.0
2023-09-24 04:00:00,0.0
2023-09-24 05:00:00,0.0
2023-09-24 06:00:00,0.0
2023-09-24 07:00:00,0.01
2023-09-24 08:00:00,1.1320000000000001
2023-09-24 09:00:00,3.875
2023-09-24 10:00:00,6.425
2023-09-24 11:00:00,8.292
2023-09-24 12:00:00,9.466
2023-09-24 13:00:00,9.957
2023-09-24 14:00:00,9.762
2023-09-24 15:00:00,8.874
2023-09-24 16:00:00,7.327
2023-09-24 17:00:00,5.18
2023-09-24 18:00:00,2.5140000000000002
2023-09-24 19:00:00,0.301
2023-09-24 20:00:00,0.0
2023-09-24 21:00:00,0.0
2023-09-24 22:00:00,0.0
2023-09-24 23:00:00,0.0
2023-09-25 00:00:00,0.0
2023-09-25 01:00:00,0.0
2023-09-25 02:00:00,0.0
2023-09-25 03:00:00,0.0
2023-09-25 04:00:00,0.0
2023-09-25 05:00:00,0.0
2023-09-25 06:00:00,0.0
2023-09-25 07:00:00,0.009000000000000001
2023-09-25 08:00:00,0.957
2023-09-25 09:00:00,3.275
2023-09-25 10:00:00,5.679
2023-09-25 11:00:00,7.586
2023-09-25 12:00:00,8.776
2023-09-25 13:00:00,9.306000000000001
2023-09-25 14:00:00,8.999
2023-09-25 15:00:00,8.311
2023-09-25 16:00:00,6.969
2023-09-25 17:00:00,4.78
2023-09-25 18:00:00,2.21
2023-09-25 19:00:00,0.238
2023-09-25 20:00:00,0.0
2023-09-25 21:00:00,0.0
2023-09-25 22:00:00,0.0
2023-09-25 23:00:00,0.0
2023-09-26 00:00:00,0.0
2023-09-26 01:00:00,0.0
2023-09-26 02:00:00,0.0
2023-09-26 03:00:00,0.0
2023-09-26 04:00:00,0.0
2023-09-26 05:00:00,0.0
2023-09-26 06:00:00,0.0
2023-09-26 07:00:00,0.007
2023-09-26 08:00:00,0.835
2023-09-26 09:00:00,2.863
2023-09-26 10:00:00,4.943
2023-09-26 11:00:00,6.596
2023-09-26 12:00:00,7.496
2023-09-26 13:00:00,7.816
2023-09-26 14:00:00,7.555
2023-09-26 15:00:00,6.9110000000000005
2023-09-26 16:00:00,5.978
2023-09-26 17:00:00,4.392
2023-09-26 18:00:00,2.176
2023-09-26 19:00:00,0.217
2023-09-26 20:00:00,0.0
2023-09-26 21:00:00,0.0
2023-09-26 22:00:00,0.0
2023-09-26 23:00:00,0.0
2023-09-27 00:00:00,0.0
2023-09-27 01:00:00,0.0
2023-09-27 02:00:00,0.0
2023-09-27 03:00:00,0.0
2023-09-27 04:00:00,0.0
2023-09-27 05:00:00,0.0
2023-09-27 06:00:00,0.0
2023-09-27 07:00:00,0.005
2023-09-27 08:00:00,0.695
2023-09-27 09:00:00,2.499
2023-09-27 10:00:00,4.523
2023-09-27 11:00:00,6.032
2023-09-27 12:00:00,7.2010000000000005
2023-09-27 13:00:00,7.61
2023-09-27 14:00:00,6.897
2023-09-27 15:00:00,5.865
2023-09-27 16:00:00,4.591
2023-09-27 17:00:00,2.92
2023-09-27 18:00:00,1.123
2023-09-27 19:00:00,0.10700000000000001
2023-09-27 20:00:00,0.0
2023-09-27 21:00:00,0.0
2023-09-27 22:00:00,0.0
2023-09-27 23:00:00,0.0
2023-09-28 00:00:00,0.0
2023-09-28 01:00:00,0.0
2023-09-28 02:00:00,0.0
2023-09-28 03:00:00,0.0
2023-09-28 04:00:00,0.0
2023-09-28 05:00:00,0.0
2023-09-28 06:00:00,0.0
2023-09-28 07:00:00,0.0
2023-09-28 08:00:00,0.476
2023-09-28 09:00:00,1.947
2023-09-28 10:00:00,3.7359999999999998
2023-09-28 11:00:00,4.956
2023-09-28 12:00:00,5.911
2023-09-28 13:00:00,6.095
2023-09-28 14:00:00,5.782
2023-09-28 15:00:00,5.279
2023-09-28 16:00:00,4.525
2023-09-28 17:00:00,3.246
2023-09-28 18:00:00,1.488
2023-09-28 19:00:00,0.157
2023-09-28 20:00:00,0.0
2023-09-28 21:00:00,0.0
2023-09-28 22:00:00,0.0
2023-09-28 23:00:00,0.0
2023-09-29 00:00:00,0.0
2023-09-29 01:00:00,0.0
2023-09-29 02:00:00,0.0
2023-09-29 03:00:00,0.0
2023-09-29 04:00:00,0.0
2023-09-29 05:00:00,0.0
2023-09-29 06:00:00,0.0
2023-09-29 07:00:00,0.002
2023-09-29 08:00:00,0.6759999999999999
2023-09-29 09:00:00,2.714
2023-09-29 10:00:00,4.974
2023-09-29 11:00:00,6.809
2023-09-29 12:00:00,8.018
2023-09-29 13:00:00,8.584
2023-09-29 14:00:00,8.45
2023-09-29 15:00:00,7.704
2023-09-29 16:00:00,6.221
2023-09-29 17:00:00,4.078
2023-09-29 18:00:00,1.662
2023-09-29 19:00:00,0.126
2023-09-29 20:00:00,0.0
2023-09-29 21:00:00,0.0
2023-09-29 22:00:00,0.0
2023-09-29 23:00:00,0.0
2023-09-30 00:00:00,0.0
2023-09-30 01:00:00,0.0
2023-09-30 02:00:00,0.0
2023-09-30 03:00:00,0.0
2023-09-30 04:00:00,0.0
2023-09-30 05:00:00,0.0
2023-09-30 06:00:00,0.0
2023-09-30 07:00:00,0.002
2023-09-30 08:00:00,0.576
2023-09-30 09:00:00,2.745
2023-09-30 10:00:00,4.968
2023-09-30 11:00:00,6.531000000000001
2023-09-30 12:00:00,7.852
2023-09-30 13:00:00,8.538
2023-09-30 14:00:00,8.639
2023-09-30 15:00:00,7.8950000000000005
2023-09-30 16:00:00,6.412
2023-09-30 17:00:00,4.388
2023-09-30 18:00:00,2.0380000000000003
2023-09-30 19:00:00,0.174
2023-09-30 20:00:00,0.0
2023-09-30 21:00:00,0.0
2023-09-30 22:00:00,0.0
2023-09-30 23:00:00,0.0
2023-10-01 00:00:00,0.0
2023-10-01 01:00:00,0.0
2023-10-01 02:00:00,0.0
2023-10-01 03:00:00,0.0
2023-10-01 04:00:00,0.0
2023-10-01 05:00:00,0.0
2023-10-01 06:00:00,0.0
2023-10-01 07:00:00,0.001
2023-10-01 08:00:00,0.622
2023-10-01 09:00:00,2.896
2023-10-01 10:00:00,5.491
2023-10-01 11:00:00,7.4030000000000005
2023-10-01 12:00:00,8.52
2023-10-01 13:00:00,8.989
2023-10-01 14:00:00,8.735
2023-10-01 15:00:00,7.855
2023-10-01 16:00:00,6.477
2023-10-01 17:00:00,4.313
2023-10-01 18:00:00,1.7570000000000001
2023-10-01 19:00:00,0.107
2023-10-01 20:00:00,0.0
2023-10-01 21:00:00,0.0
2023-10-01 22:00:00,0.0
2023-10-01 23:00:00,0.0
2023-10-02 00:00:00,0.0
2023-10-02 01:00:00,0.0
2023-10-02 02:00:00,0.0
2023-10-02 03:00:00,0.0
2023-10-02 04:00:00,0.0
2023-10-02 05:00:00,0.0
2023-10-02 06:00:00,0.0
2023-10-02 07:00:00,0.001
2023-10-02 08:00:00,0.694
2023-10-02 09:00:00,2.953
2023-10-02 10:00:00,5.3100000000000005
2023-10-02 11:00:00,6.988
2023-10-02 12:00:00,7.957
2023-10-02 13:00:00,8.519
2023-10-02 14:00:00,8.542
2023-10-02 15:00:00,7.867
2023-10-02 16:00:00,6.502000000000001
2023-10-02 17:00:00,4.519
2023-10-02 18:00:00,1.936
2023-10-02 19:00:00,0.094
2023-10-02 20:00:00,0.0
2023-10-02 21:00:00,0.0
2023-10-02 22:00:00,0.0
2023-10-02 23:00:00,0.0
2023-10-03 00:00:00,0.0
2023-10-03 01:00:00,0.0
2023-10-03 02:00:00,0.0
2023-10-03 03:00:00,0.0
2023-10-03 04:00:00,0.0
2023-10-03 05:00:00,0.0
2023-10-03 06:00:00,0.0
2023-10-03 07:00:00,0.0
2023-10-03 08:00:00,0.433
2023-10-03 09:00:00,2.211
2023-10-03 10:00:00,4.318
2023-10-03 11:00:00,5.933
2023-10-03 12:00:00,7.369
2023-10-03 13:00:00,8.193
2023-10-03 14:00:00,8.159
2023-10-03 15:00:00,7.083
2023-10-03 16:00:00,5.701
2023-10-03 17:00:00,3.801
2023-10-03 18:00:00,1.701
2023-10-03 19:00:00,0.10500000000000001
2023-10-03 20:00:00,0.0
2023-10-03 21:00:00,0.0
2023-10-03 22:00:00,0.0
2023-10-03 23:00:00,0.0
2023-10-04 00:00:00,0.0
2023-10-04 01:00:00,0.0
2023-10-04 02:00:00,0.0
2023-10-04 03:00:00,0.0
2023-10-04 04:00:00,0.0
2023-10-04 05:00:00,0.0
2023-10-04 06:00:00,0.0
2023-10-04 07:00:00,0.0
2023-10-04 08:00:00,0.485
2023-10-04 09:00:00,2.544
2023-10-04 10:00:00,4.408
2023-10-04 11:00:00,6.149
2023-10-04 12:00:00,7.314
2023-10-04 13:00:00,7.9430000000000005
2023-10-04 14:00:00,8.413
2023-10-04 15:00:00,7.390000000000001
2023-10-04 16:00:00,5.765
2023-10-04 17:00:00,3.734
2023-10-04 18:00:00,1.506
2023-10-04 19:00:00,0.08499999999999999
2023-10-04 20:00:00,0.0
2023-10-04 21:00:00,0.0
2023-10-04 22:00:00,0.0
2023-10-04 23:00:00,0.0
2023-10-05 00:00:00,0.0
2023-10-05 01:00:00,0.0
2023-10-05 02:00:00,0.0
2023-10-05 03:00:00,0.0
2023-10-05 04:00:00,0.0
2023-10-05 05:00:00,0.0
2023-10-05 06:00:00,0.0
2023-10-05 07:00:00,0.0
2023-10-05 08:00:00,0.425
2023-10-05 09:00:00,2.448
2023-10-05 10:00:00,4.502
2023-10-05 11:00:00,6.64
2023-10-05 12:00:00,7.966
2023-10-05 13:00:00,8.355
2023-10-05 14:00:00,8.437
2023-10-05 15:00:00,7.474
2023-10-05 16:00:00,5.789
2023-10-05 17:00:00,3.747
2023-10-05 18:00:00,1.609
2023-10-05 19:00:00,0.081
2023-10-05 20:00:00,0.0
2023-10-05 21:00:00,0.0
2023-10-05 22:00:00,0.0
2023-10-05 23:00:00,0.0
2023-10-06 00:00:00,0.0
2023-10-06 01:00:00,0.0
2023-10-06 02:00:00,0.0
2023-10-06 03:00:00,0.0
2023-10-06 04:00:00,0.0
2023-10-06 05:00:00,0.0
2023-10-06 06:00:00,0.0
2023-10-06 07:00:00,0.0
2023-10-06 08:00:00,0.49
2023-10-06 09:00:00,2.948
2023-10-06 10:00:00,5.521
2023-10-06 11:00:00,7.497
2023-10-06 12:00:00,8.76
2023-10-06 13:00:00,9.176
2023-10-06 14:00:00,9.035
2023-10-06 15:00:00,8.289
2023-10-06 16:00:00,6.835
2023-10-06 17:00:00,4.778
2023-10-06 18:00:00,2.149
2023-10-06 19:00:00,0.091
2023-10-06 20:00:00,0.0
2023-10-06 21:00:00,0.0
2023-10-06 22:00:00,0.0
2023-10-06 23:00:00,0.0
2023-10-07 00:00:00,0.0
2023-10-07 01:00:00,0.0
2023-10-07 02:00:00,0.0
2023-10-07 03:00:00,0.0
2023-10-07 04:00:00,0.0
2023-10-07 05:00:00,0.0
2023-10-07 06:00:00,0.0
2023-10-07 07:00:00,0.0
2023-10-07 08:00:00,0.483
2023-10-07 09:00:00,2.722
2023-10-07 10:00:00,5.228
2023-10-07 11:00:00,7.363
2023-10-07 12:00:00,8.636
2023-10-07 13:00:00,9.096
2023-10-07 14:00:00,8.801
2023-10-07 15:00:00,7.85
2023-10-07 16:00:00,6.342
2023-10-07 17:00:00,4.327
2023-10-07 18:00:00,1.8399999999999999
2023-10-07 19:00:00,0.067
2023-10-07 20:00:00,0.0
2023-10-07 21:00:00,0.0
2023-10-07 22:00:00,0.0
2023-10-07 23:00:00,0.0
2023-10-08 00:00:00,0.0
2023-10-08 01:00:00,0.0
2023-10-08 02:00:00,0.0
2023-10-08 03:00:00,0.0
2023-10-08 04:00:00,0.0
2023-10-08 05:00:00,0.0
2023-10-08 06:00:00,0.0
2023-10-08 07:00:00,0.0
2023-10-08 08:00:00,0.391
2023-10-08 09:00:00,2.662
2023-10-08 10:00:00,5.267
2023-10-08 11:00:00,7.305
2023-10-08 12:00:00,8.475
2023-10-08 13:00:00,8.898
2023-10-08 14:00:00,8.641
2023-10-08 15:00:00,7.814
2023-10-08 16:00:00,6.362
2023-10-08 17:00:00,4.242
2023-10-08 18:00:00,1.72
2023-10-08 19:00:00,0.055
2023-10-08 20:00:00,0.0
2023-10-08 21:00:00,0.0
2023-10-08 22:00:00,0.0
2023-10-08 23:00:00,0.0
2023-10-09 00:00:00,0.0
2023-10-09 01:00:00,0.0
2023-10-09 02:00:00,0.0
2023-10-09 03:00:00,0.0
2023-10-09 04:00:00,0.0
2023-10-09 05:00:00,0.0
2023-10-09 06:00:00,0.0
2023-10-09 07:00:00,0.0
2023-10-09 08:00:00,0.354
2023-10-09 09:00:00,2.511
2023-10-09 10:00:00,5.062
2023-10-09 11:00:00,6.8870000000000005
2023-10-09 12:00:00,7.902
2023-10-09 13:00:00,8.161999999999999
2023-10-09 14:00:00,7.879
2023-10-09 15:00:00,7.0
2023-10-09 16:00:00,5.452
2023-10-09 17:00:00,3.4930000000000003
2023-10-09 18:00:00,1.431
2023-10-09 19:00:00,0.048
2023-10-09 20:00:00,0.0
2023-10-09 21:00:00,0.0
2023-10-09 22:00:00,0.0
2023-10-09 23:00:00,0.0
2023-10-10 00:00:00,0.0
2023-10-10 01:00:00,0.0
2023-10-10 02:00:00,0.0
2023-10-10 03:00:00,0.0
2023-10-10 04:00:00,0.0
2023-10-10 05:00:00,0.0
2023-10-10 06:00:00,0.0
2023-10-10 07:00:00,0.0
2023-10-10 08:00:00,0.387
2023-10-10 09:00:00,2.594
2023-10-10 10:00:00,5.147
2023-10-10 11:00:00,7.124
2023-10-10 12:00:00,8.279
2023-10-10 13:00:00,8.826
2023-10-10 14:00:00,8.719
2023-10-10 15:00:00,7.906
2023-10-10 16:00:00,6.392
2023-10-10 17:00:00,4.215
2023-10-10 18:00:00,1.725
2023-10-10 19:00:00,0.043
2023-10-10 20:00:00,0.0
2023-10-10 21:00:00,0.0
2023-10-10 22:00:00,0.0
2023-10-10 23:00:00,0.0
2023-10-11 00:00:00,0.0
2023-10-11 01:00:00,0.0
2023-10-11 02:00:00,0.0
2023-10-11 03:00:00,0.0
2023-10-11 04:00:00,0.0
2023-10-11 05:00:00,0.0
2023-10-11 06:00:00,0.0
2023-10-11 07:00:00,0.0
2023-10-11 08:00:00,0.396
2023-10-11 09:00:00,2.636
2023-10-11 10:00:00,5.229
2023-10-11 11:00:00,7.156
2023-10-11 12:00:00,8.286
2023-10-11 13:00:00,8.647
2023-10-11 14:00:00,8.286
2023-10-11 15:00:00,7.147
2023-10-11 16:00:00,5.424
2023-10-11 17:00:00,3.396
2023-10-11 18:00:00,1.243
2023-10-11 19:00:00,0.017
2023-10-11 20:00:00,0.0
2023-10-11 21:00:00,0.0
2023-10-11 22:00:00,0.0
2023-10-11 23:00:00,0.0
2023-10-12 00:00:00,0.0
2023-10-12 01:00:00,0.0
2023-10-12 02:00:00,0.0
2023-10-12 03:00:00,0.0
2023-10-12 04:00:00,0.0
2023-10-12 05:00:00,0.0
2023-10-12 06:00:00,0.0
2023-10-12 07:00:00,0.0
2023-10-12 08:00:00,0.261
2023-10-12 09:00:00,1.856
2023-10-12 10:00:00,3.91
2023-10-12 11:00:00,5.571
2023-10-12 12:00:00,6.551
2023-10-12 13:00:00,7.121
2023-10-12 14:00:00,6.859999999999999
2023-10-12 15:00:00,5.714
2023-10-12 16:00:00,4.24
2023-10-12 17:00:00,2.729
2023-10-12 18:00:00,1.001
2023-10-12 19:00:00,0.015
2023-10-12 20:00:00,0.0
2023-10-12 21:00:00,0.0
2023-10-12 22:00:00,0.0
2023-10-12 23:00:00,0.0
2023-10-13 00:00:00,0.0
2023-10-13 01:00:00,0.0
2023-10-13 02:00:00,0.0
2023-10-13 03:00:00,0.0
2023-10-13 04:00:00,0.0
2023-10-13 05:00:00,0.0
2023-10-13 06:00:00,0.0
2023-10-13 07:00:00,0.0
2023-10-13 08:00:00,0.259
2023-10-13 09:00:00,1.98
2023-10-13 10:00:00,4.1610000000000005
2023-10-13 11:00:00,5.96
2023-10-13 12:00:00,6.7
2023-10-13 13:00:00,6.75
2023-10-13 14:00:00,6.518
2023-10-13 15:00:00,5.5649999999999995
2023-10-13 16:00:00,4.091
2023-10-13 17:00:00,2.401
2023-10-13 18:00:00,0.788
2023-10-13 19:00:00,0.002
2023-10-13 20:00:00,0.0
2023-10-13 21:00:00,0.0
2023-10-13 22:00:00,0.0
2023-10-13 23:00:00,0.0
2023-10-14 00:00:00,0.0
2023-10-14 01:00:00,0.0
2023-10-14 02:00:00,0.0
2023-10-14 03:00:00,0.0
2023-10-14 04:00:00,0.0
2023-10-14 05:00:00,0.0
2023-10-14 06:00:00,0.0
2023-10-14 07:00:00,0.0
2023-10-14 08:00:00,0.123
2023-10-14 09:00:00,1.447
2023-10-14 10:00:00,3.3770000000000002
2023-10-14 11:00:00,5.299
2023-10-14 12:00:00,6.62
2023-10-14 13:00:00,7.53
2023-10-14 14:00:00,7.478
2023-10-14 15:00:00,6.572
2023-10-14 16:00:00,5.045
2023-10-14 17:00:00,2.941
2023-10-14 18:00:00,0.849
2023-10-14 19:00:00,0.007
2023-10-14 20:00:00,0.0
2023-10-14 21:00:00,0.0
2023-10-14 22:00:00,0.0
2023-10-14 23:00:00,0.0
2023-10-15 00:00:00,0.0
2023-10-15 01:00:00,0.0
2023-10-15 02:00:00,0.0
2023-10-15 03:00:00,0.0
2023-10-15 04:00:00,0.0
2023-10-15 05:00:00,0.0
2023-10-15 06:00:00,0.0
2023-10-15 07:00:00,0.0
2023-10-15 08:00:00,0.195
2023-10-15 09:00:00,1.998
2023-10-15 10:00:00,4.897
2023-10-15 11:00:00,7.151
2023-10-15 12:00:00,8.421000000000001
2023-10-15 13:00:00,8.765
2023-10-15 14:00:00,8.091
2023-10-15 15:00:00,7.04
2023-10-15 16:00:00,5.496
2023-10-15 17:00:00,3.3280000000000003
2023-10-15 18:00:00,0.907
2023-10-15 19:00:00,0.0
2023-10-15 20:00:00,0.0
2023-10-15 21:00:00,0.0
2023-10-15 22:00:00,0.0
2023-10-15 23:00:00,0.0
2023-10-16 00:00:00,0.0
2023-10-16 01:00:00,0.0
2023-10-16 02:00:00,0.0
2023-10-16 03:00:00,0.0
2023-10-16 04:00:00,0.0
2023-10-16 05:00:00,0.0
2023-10-16 06:00:00,0.0
2023-10-16 07:00:00,0.0
2023-10-16 08:00:00,0.059
2023-10-16 09:00:00,0.772
2023-10-16 10:00:00,2.058
2023-10-16 11:00:00,3.455
2023-10-16 12:00:00,4.69
2023-10-16 13:00:00,5.548
2023-10-16 14:00:00,5.882000000000001
2023-10-16 15:00:00,5.545
2023-10-16 16:00:00,4.382
2023-10-16 17:00:00,2.722
2023-10-16 18:00:00,0.885
2023-10-16 19:00:00,0.002
2023-10-16 20:00:00,0.0
2023-10-16 21:00:00,0.0
2023-10-16 22:00:00,0.0
2023-10-16 23:00:00,0.0
2023-10-17 00:00:00,0.0
2023-10-17 01:00:00,0.0
2023-10-17 02:00:00,0.0
2023-10-17 03:00:00,0.0
2023-10-17 04:00:00,0.0
2023-10-17 05:00:00,0.0
2023-10-17 06:00:00,0.0
2023-10-17 07:00:00,0.0
2023-10-17 08:00:00,0.092
2023-10-17 09:00:00,1.038
2023-10-17 10:00:00,2.75
2023-10-17 11:00:00,4.437
2023-10-17 12:00:00,5.455
2023-10-17 13:00:00,6.0809999999999995
2023-10-17 14:00:00,5.898
2023-10-17 15:00:00,4.758
2023-10-17 16:00:00,3.36
2023-10-17 17:00:00,1.8399999999999999
2023-10-17 18:00:00,0.482
2023-10-17 19:00:00,0.0
2023-10-17 20:00:00,0.0
2023-10-17 21:00:00,0.0
2023-10-17 22:00:00,0.0
2023-10-17 23:00:00,0.0
2023-10-18 00:00:00,0.0
2023-10-18 01:00:00,0.0
2023-10-18 02:00:00,0.0
2023-10-18 03:00:00,0.0
2023-10-18 04:00:00,0.0
2023-10-18 05:00:00,0.0
2023-10-18 06:00:00,0.0
2023-10-18 07:00:00,0.0
2023-10-18 08:00:00,0.041
2023-10-18 09:00:00,0.641
2023-10-18 10:00:00,1.682
2023-10-18 11:00:00,2.931
2023-10-18 12:00:00,3.765
2023-10-18 13:00:00,4.166
2023-10-18 14:00:00,4.284
2023-10-18 15:00:00,3.624
2023-10-18 16:00:00,2.578
2023-10-18 17:00:00,1.439
2023-10-18 18:00:00,0.44699999999999995
2023-10-18 19:00:00,0.0
2023-10-18 20:00:00,0.0
2023-10-18 21:00:00,0.0
2023-10-18 22:00:00,0.0
2023-10-18 23:00:00,0.0
2023-10-19 00:00:00,0.0
2023-10-19 01:00:00,0.0
2023-10-19 02:00:00,0.0
2023-10-19 03:00:00,0.0
2023-10-19 04:00:00,0.0
2023-10-19 05:00:00,0.0
2023-10-19 06:00:00,0.0
2023-10-19 07:00:00,0.0
2023-10-19 08:00:00,0.063
2023-10-19 09:00:00,0.837
2023-10-19 10:00:00,2.276
2023-10-19 11:00:00,3.265
2023-10-19 12:00:00,3.722
2023-10-19 13:00:00,3.69
2023-10-19 14:00:00,3.545
2023-10-19 15:00:00,3.3049999999999997
2023-10-19 16:00:00,2.56
2023-10-19 17:00:00,1.429
2023-10-19 18:00:00,0.349
2023-10-19 19:00:00,0.0
2023-10-19 20:00:00,0.0
2023-10-19 21:00:00,0.0
2023-10-19 22:00:00,0.0
2023-10-19 23:00:00,0.0
2023-10-20 00:00:00,0.0
2023-10-20 01:00:00,0.0
2023-10-20 02:00:00,0.0
2023-10-20 03:00:00,0.0
2023-10-20 04:00:00,0.0
2023-10-20 05:00:00,0.0
2023-10-20 06:00:00,0.0
2023-10-20 07:00:00,0.0
2023-10-20 08:00:00,0.018000000000000002
2023-10-20 09:00:00,0.517
2023-10-20 10:00:00,1.328
2023-10-20 11:00:00,2.136
2023-10-20 12:00:00,3.028
2023-10-20 13:00:00,3.833
2023-10-20 14:00:00,4.736
2023-10-20 15:00:00,4.543
2023-10-20 16:00:00,2.998
2023-10-20 17:00:00,1.479
2023-10-20 18:00:00,0.28
2023-10-20 19:00:00,0.0
2023-10-20 20:00:00,0.0
2023-10-20 21:00:00,0.0
2023-10-20 22:00:00,0.0
2023-10-20 23:00:00,0.0
2023-10-21 00:00:00,0.0
2023-10-21 01:00:00,0.0
2023-10-21 02:00:00,0.0
2023-10-21 03:00:00,0.0
2023-10-21 04:00:00,0.0
2023-10-21 05:00:00,0.0
2023-10-21 06:00:00,0.0
2023-10-21 07:00:00,0.0
2023-10-21 08:00:00,0.064
2023-10-21 09:00:00,1.1700000000000002
2023-10-21 10:00:00,2.773
2023-10-21 11:00:00,3.926
2023-10-21 12:00:00,4.931
2023-10-21 13:00:00,5.247999999999999
2023-10-21 14:00:00,4.993
2023-10-21 15:00:00,4.286
2023-10-21 16:00:00,3.254
2023-10-21 17:00:00,2.007
2023-10-21 18:00:00,0.445
2023-10-21 19:00:00,0.0
2023-10-21 20:00:00,0.0
2023-10-21 21:00:00,0.0
2023-10-21 22:00:00,0.0
2023-10-21 23:00:00,0.0
2023-10-22 00:00:00,0.0
2023-10-22 01:00:00,0.0
2023-10-22 02:00:00,0.0
2023-10-22 03:00:00,0.0
2023-10-22 04:00:00,0.0
2023-10-22 05:00:00,0.0
2023-10-22 06:00:00,0.0
2023-10-22 07:00:00,0.0
2023-10-22 08:00:00,0.111
2023-10-22 09:00:00,1.343
2023-10-22 10:00:00,3.642
2023-10-22 11:00:00,5.643
2023-10-22 12:00:00,6.858
2023-10-22 13:00:00,7.229
2023-10-22 14:00:00,6.58
2023-10-22 15:00:00,5.407
2023-10-22 16:00:00,4.139
2023-10-22 17:00:00,2.517
2023-10-22 18:00:00,0.781
2023-10-22 19:00:00,0.0
2023-10-22 20:00:00,0.0
2023-10-22 21:00:00,0.0
2023-10-22 22:00:00,0.0
2023-10-22 23:00:00,0.0
2023-10-23 00:00:00,0.0
2023-10-23 01:00:00,0.0
2023-10-23 02:00:00,0.0
2023-10-23 03:00:00,0.0
2023-10-23 04:00:00,0.0
2023-10-23 05:00:00,0.0
2023-10-23 06:00:00,0.0
2023-10-23 07:00:00,0.0
2023-10-23 08:00:00,0.039
2023-10-23 09:00:00,0.516
2023-10-23 10:00:00,1.374
2023-10-23 11:00:00,2.181
2023-10-23 12:00:00,2.937
2023-10-23 13:00:00,3.6020000000000003
2023-10-23 14:00:00,3.633
2023-10-23 15:00:00,3.066
2023-10-23 16:00:00,2.254
2023-10-23 17:00:00,1.186
2023-10-23 18:00:00,0.248
2023-10-23 19:00:00,0.0
2023-10-23 20:00:00,0.0
2023-10-23 21:00:00,0.0
2023-10-23 22:00:00,0.0
2023-10-23 23:00:00,0.0
2023-10-24 00:00:00,0.0
2023-10-24 01:00:00,0.0
2023-10-24 02:00:00,0.0
2023-10-24 03:00:00,0.0
2023-10-24 04:00:00,0.0
2023-10-24 05:00:00,0.0
2023-10-24 06:00:00,0.0
2023-10-24 07:00:00,0.0
2023-10-24 08:00:00,0.001
2023-10-24 09:00:00,0.566
2023-10-24 10:00:00,2.094
2023-10-24 11:00:00,3.7070000000000003
2023-10-24 12:00:00,4.7620000000000005
2023-10-24 13:00:00,5.2490000000000006
2023-10-24 14:00:00,5.539
2023-10-24 15:00:00,5.1899999999999995
2023-10-24 16:00:00,3.7729999999999997
2023-10-24 17:00:00,1.7530000000000001
2023-10-24 18:00:00,0.28300000000000003
2023-10-24 19:00:00,0.0
2023-10-24 20:00:00,0.0
2023-10-24 21:00:00,0.0
2023-10-24 22:00:00,0.0
2023-10-24 23:00:00,0.0
2023-10-25 00:00:00,0.0
2023-10-25 01:00:00,0.0
2023-10-25 02:00:00,0.0
2023-10-25 03:00:00,0.0
2023-10-25 04:00:00,0.0
2023-10-25 05:00:00,0.0
2023-10-25 06:00:00,0.0
2023-10-25 07:00:00,0.0
2023-10-25 08:00:00,0.03
2023-10-25 09:00:00,0.731
2023-10-25 10:00:00,1.709
2023-10-25 11:00:00,2.636
2023-10-25 12:00:00,3.849
2023-10-25 13:00:00,4.37
2023-10-25 14:00:00,4.042
2023-10-25 15:00:00,3.498
2023-10-25 16:00:00,2.555
2023-10-25 17:00:00,1.203
2023-10-25 18:00:00,0.221
2023-10-25 19:00:00,0.0
2023-10-25 20:00:00,0.0
2023-10-25 21:00:00,0.0
2023-10-25 22:00:00,0.0
2023-10-25 23:00:00,0.0
2023-10-26 00:00:00,0.0
2023-10-26 01:00:00,0.0
2023-10-26 02:00:00,0.0
2023-10-26 03:00:00,0.0
2023-10-26 04:00:00,0.0
2023-10-26 05:00:00,0.0
2023-10-26 06:00:00,0.0
2023-10-26 07:00:00,0.0
2023-10-26 08:00:00,0.029
2023-10-26 09:00:00,0.44199999999999995
2023-10-26 10:00:00,1.238
2023-10-26 11:00:00,1.75
2023-10-26 12:00:00,1.9220000000000002
2023-10-26 13:00:00,2.106
2023-10-26 14:00:00,2.156
2023-10-26 15:00:00,1.947
2023-10-26 16:00:00,1.659
2023-10-26 17:00:00,1.025
2023-10-26 18:00:00,0.225
2023-10-26 19:00:00,0.0
2023-10-26 20:00:00,0.0
2023-10-26 21:00:00,0.0
2023-10-26 22:00:00,0.0
2023-10-26 23:00:00,0.0
2023-10-27 00:00:00,0.0
2023-10-27 01:00:00,0.0
2023-10-27 02:00:00,0.0
2023-10-27 03:00:00,0.0
2023-10-27 04:00:00,0.0
2023-10-27 05:00:00,0.0
2023-10-27 06:00:00,0.0
2023-10-27 07:00:00,0.0
2023-10-27 08:00:00,0.058
2023-10-27 09:00:00,1.021
2023-10-27 10:00:00,2.761
2023-10-27 11:00:00,4.506
2023-10-27 12:00:00,5.559
2023-10-27 13:00:00,5.362
2023-10-27 14:00:00,4.817
2023-10-27 15:00:00,4.274
2023-10-27 16:00:00,3.268
2023-10-27 17:00:00,1.634
2023-10-27 18:00:00,0.337
2023-10-27 19:00:00,0.0
2023-10-27 20:00:00,0.0
2023-10-27 21:00:00,0.0
2023-10-27 22:00:00,0.0
2023-10-27 23:00:00,0.0
2023-10-28 00:00:00,0.0
2023-10-28 01:00:00,0.0
2023-10-28 02:00:00,0.0
2023-10-28 03:00:00,0.0
2023-10-28 04:00:00,0.0
2023-10-28 05:00:00,0.0
2023-10-28 06:00:00,0.0
2023-10-28 07:00:00,0.0
2023-10-28 08:00:00,0.061
2023-10-28 09:00:00,0.9109999999999999
2023-10-28 10:00:00,2.482
2023-10-28 11:00:00,3.6550000000000002
2023-10-28 12:00:00,4.374
2023-10-28 13:00:00,4.931
2023-10-28 14:00:00,5.177
2023-10-28 15:00:00,4.117
2023-10-28 16:00:00,2.63
2023-10-28 17:00:00,1.4649999999999999
2023-10-28 18:00:00,0.238
2023-10-28 19:00:00,0.0
2023-10-28 20:00:00,0.0
2023-10-28 21:00:00,0.0
2023-10-28 22:00:00,0.0
2023-10-28 23:00:00,0.0
2023-10-29 00:00:00,0.0
2023-10-29 01:00:00,0.0
2023-10-29 02:00:00,0.0
2023-10-29 03:00:00,0.0
2023-10-29 04:00:00,0.0
2023-10-29 05:00:00,0.0
2023-10-29 06:00:00,0.0
2023-10-29 07:00:00,0.022
2023-10-29 08:00:00,0.5640000000000001
2023-10-29 09:00:00,2.114
2023-10-29 10:00:00,3.667
2023-10-29 11:00:00,4.54
2023-10-29 12:00:00,4.765
2023-10-29 13:00:00,4.402
2023-10-29 14:00:00,3.7409999999999997
2023-10-29 15:00:00,2.789
2023-10-29 16:00:00,1.422
2023-10-29 17:00:00,0.212
2023-10-29 18:00:00,0.0
2023-10-29 19:00:00,0.0
2023-10-29 20:00:00,0.0
2023-10-29 21:00:00,0.0
2023-10-29 22:00:00,0.0
2023-10-29 23:00:00,0.0
2023-10-30 00:00:00,0.0
2023-10-30 01:00:00,0.0
2023-10-30 02:00:00,0.0
2023-10-30 03:00:00,0.0
2023-10-30 04:00:00,0.0
2023-10-30 05:00:00,0.0
2023-10-30 06:00:00,0.0
2023-10-30 07:00:00,0.009999999999999998
2023-10-30 08:00:00,0.234
2023-10-30 09:00:00,0.914
2023-10-30 10:00:00,1.513
2023-10-30 11:00:00,2.183
2023-10-30 12:00:00,2.677
2023-10-30 13:00:00,2.9050000000000002
2023-10-30 14:00:00,2.901
2023-10-30 15:00:00,2.258
2023-10-30 16:00:00,1.262
2023-10-30 17:00:00,0.308
2023-10-30 18:00:00,0.0
2023-10-30 19:00:00,0.0
2023-10-30 20:00:00,0.0
2023-10-30 21:00:00,0.0
2023-10-30 22:00:00,0.0
2023-10-30 23:00:00,0.0
2023-10-31 00:00:00,0.0
2023-10-31 01:00:00,0.0
2023-10-31 02:00:00,0.0
2023-10-31 03:00:00,0.0
2023-10-31 04:00:00,0.0
2023-10-31 05:00:00,0.0
2023-10-31 06:00:00,0.0
2023-10-31 07:00:00,0.048999999999999995
2023-10-31 08:00:00,0.865
2023-10-31 09:00:00,2.706
2023-10-31 10:00:00,4.617
2023-10-31 11:00:00,6.32
2023-10-31 12:00:00,6.781
2023-10-31 13:00:00,6.0840000000000005
2023-10-31 14:00:00,5.21
2023-10-31 15:00:00,3.727
2023-10-31 16:00:00,2.02
2023-10-31 17:00:00,0.396
2023-10-31 18:00:00,0.0
2023-10-31 19:00:00,0.0
2023-10-31 20:00:00,0.0
2023-10-31 21:00:00,0.0
2023-10-31 22:00:00,0.0
2023-10-31 23:00:00,0.0
2023-11-01 00:00:00,0.0
2023-11-01 01:00:00,0.0
2023-11-01 02:00:00,0.0
2023-11-01 03:00:00,0.0
2023-11-01 04:00:00,0.0
2023-11-01 05:00:00,0.0
2023-11-01 06:00:00,0.0
2023-11-01 07:00:00,0.004
2023-11-01 08:00:00,0.35300000000000004
2023-11-01 09:00:00,1.199
2023-11-01 10:00:00,2.358
2023-11-01 11:00:00,2.876
2023-11-01 12:00:00,3.317
2023-11-01 13:00:00,3.813
2023-11-01 14:00:00,3.8129999999999997
2023-11-01 15:00:00,2.878
2023-11-01 16:00:00,1.2449999999999999
2023-11-01 17:00:00,0.087
2023-11-01 18:00:00,0.0
2023-11-01 19:00:00,0.0
2023-11-01 20:00:00,0.0
2023-11-01 21:00:00,0.0
2023-11-01 22:00:00,0.0
2023-11-01 23:00:00,0.0
2023-11-02 00:00:00,0.0
2023-11-02 01:00:00,0.0
2023-11-02 02:00:00,0.0
2023-11-02 03:00:00,0.0
2023-11-02 04:00:00,0.0
2023-11-02 05:00:00,0.0
2023-11-02 06:00:00,0.0
2023-11-02 07:00:00,0.004
2023-11-02 08:00:00,0.213
2023-11-02 09:00:00,0.908
2023-11-02 10:00:00,1.673
2023-11-02 11:00:00,2.544
2023-11-02 12:00:00,3.229
2023-11-02 13:00:00,3.6350000000000002
2023-11-02 14:00:00,3.2630000000000003
2023-11-02 15:00:00,2.017
2023-11-02 16:00:00,1.059
2023-11-02 17:00:00,0.109
2023-11-02 18:00:00,0.0
2023-11-02 19:00:00,0.0
2023-11-02 20:00:00,0.0
2023-11-02 21:00:00,0.0
2023-11-02 22:00:00,0.0
2023-11-02 23:00:00,0.0
2023-11-03 00:00:00,0.0
2023-11-03 01:00:00,0.0
2023-11-03 02:00:00,0.0
2023-11-03 03:00:00,0.0
2023-11-03 04:00:00,0.0
2023-11-03 05:00:00,0.0
2023-11-03 06:00:00,0.0
2023-11-03 07:00:00,0.019
2023-11-03 08:00:00,0.36100000000000004
2023-11-03 09:00:00,1.251
2023-11-03 10:00:00,2.595
2023-11-03 11:00:00,4.017
2023-11-03 12:00:00,5.175
2023-11-03 13:00:00,4.861000000000001
2023-11-03 14:00:00,3.8
2023-11-03 15:00:00,2.228
2023-11-03 16:00:00,0.904
2023-11-03 17:00:00,0.092
2023-11-03 18:00:00,0.0
2023-11-03 19:00:00,0.0
2023-11-03 20:00:00,0.0
2023-11-03 21:00:00,0.0
2023-11-03 22:00:00,0.0
2023-11-03 23:00:00,0.0
2023-11-04 00:00:00,0.0
2023-11-04 01:00:00,0.0
2023-11-04 02:00:00,0.0
2023-11-04 03:00:00,0.0
2023-11-04 04:00:00,0.0
2023-11-04 05:00:00,0.0
2023-11-04 06:00:00,0.0
2023-11-04 07:00:00,0.013
2023-11-04 08:00:00,0.295
2023-11-04 09:00:00,1.211
2023-11-04 10:00:00,2.2640000000000002
2023-11-04 11:00:00,3.067
2023-11-04 12:00:00,4.034
2023-11-04 13:00:00,3.899
2023-11-04 14:00:00,3.134
2023-11-04 15:00:00,1.843
2023-11-04 16:00:00,0.851
2023-11-04 17:00:00,0.091
2023-11-04 18:00:00,0.0
2023-11-04 19:00:00,0.0
2023-11-04 20:00:00,0.0
2023-11-04 21:00:00,0.0
2023-11-04 22:00:00,0.0
2023-11-04 23:00:00,0.0
2023-11-05 00:00:00,0.0
2023-11-05 01:00:00,0.0
2023-11-05 02:00:00,0.0
2023-11-05 03:00:00,0.0
2023-11-05 04:00:00,0.0
2023-11-05 05:00:00,0.0
2023-11-05 06:00:00,0.0
2023-11-05 07:00:00,0.026
2023-11-05 08:00:00,0.523
2023-11-05 09:00:00,1.8920000000000001
2023-11-05 10:00:00,3.37
2023-11-05 11:00:00,4.916
2023-11-05 12:00:00,6.075
2023-11-05 13:00:00,6.109999999999999
2023-11-05 14:00:00,5.279
2023-11-05 15:00:00,3.6599999999999997
2023-11-05 16:00:00,1.862
2023-11-05 17:00:00,0.182
2023-11-05 18:00:00,0.0
2023-11-05 19:00:00,0.0
2023-11-05 20:00:00,0.0
2023-11-05 21:00:00,0.0
2023-11-05 22:00:00,0.0
2023-11-05 23:00:00,0.0
2023-11-06 00:00:00,0.0
2023-11-06 01:00:00,0.0
2023-11-06 02:00:00,0.0
2023-11-06 03:00:00,0.0
2023-11-06 04:00:00,0.0
2023-11-06 05:00:00,0.0
2023-11-06 06:00:00,0.0
2023-11-06 07:00:00,0.024
2023-11-06 08:00:00,0.62
2023-11-06 09:00:00,2.098
2023-11-06 10:00:00,3.825
2023-11-06 11:00:00,4.768
2023-11-06 12:00:00,5.331
2023-11-06 13:00:00,4.965
2023-11-06 14:00:00,4.063
2023-11-06 15:00:00,2.876
2023-11-06 16:00:00,1.393
2023-11-06 17:00:00,0.108
2023-11-06 18:00:00,0.0
2023-11-06 19:00:00,0.0
2023-11-06 20:00:00,0.0
2023-11-06 21:00:00,0.0
2023-11-06 22:00:00,0.0
2023-11-06 23:00:00,0.0
2023-11-07 00:00:00,0.0
2023-11-07 01:00:00,0.0
2023-11-07 02:00:00,0.0
2023-11-07 03:00:00,0.0
2023-11-07 04:00:00,0.0
2023-11-07 05:00:00,0.0
2023-11-07 06:00:00,0.0
2023-11-07 07:00:00,0.018
2023-11-07 08:00:00,0.548
2023-11-07 09:00:00,2.052
2023-11-07 10:00:00,4.184
2023-11-07 11:00:00,5.868
2023-11-07 12:00:00,6.6690000000000005
2023-11-07 13:00:00,6.5120000000000005
2023-11-07 14:00:00,5.727
2023-11-07 15:00:00,4.451
2023-11-07 16:00:00,2.322
2023-11-07 17:00:00,0.20299999999999999
2023-11-07 18:00:00,0.0
2023-11-07 19:00:00,0.0
2023-11-07 20:00:00,0.0
2023-11-07 21:00:00,0.0
2023-11-07 22:00:00,0.0
2023-11-07 23:00:00,0.0
2023-11-08 00:00:00,0.0
2023-11-08 01:00:00,0.0
2023-11-08 02:00:00,0.0
2023-11-08 03:00:00,0.0
2023-11-08 04:00:00,0.0
2023-11-08 05:00:00,0.0
2023-11-08 06:00:00,0.0
2023-11-08 07:00:00,0.003
2023-11-08 08:00:00,0.6
2023-11-08 09:00:00,2.1109999999999998
2023-11-08 10:00:00,4.015
2023-11-08 11:00:00,5.573
2023-11-08 12:00:00,6.548
2023-11-08 13:00:00,6.025
2023-11-08 14:00:00,4.9350000000000005
2023-11-08 15:00:00,3.664
2023-11-08 16:00:00,1.855
2023-11-08 17:00:00,0.111
2023-11-08 18:00:00,0.0
2023-11-08 19:00:00,0.0
2023-11-08 20:00:00,0.0
2023-11-08 21:00:00,0.0
2023-11-08 22:00:00,0.0
2023-11-08 23:00:00,0.0
2023-11-09 00:00:00,0.0
2023-11-09 01:00:00,0.0
2023-11-09 02:00:00,0.0
2023-11-09 03:00:00,0.0
2023-11-09 04:00:00,0.0
2023-11-09 05:00:00,0.0
2023-11-09 06:00:00,0.0
2023-11-09 07:00:00,0.001
2023-11-09 08:00:00,0.136
2023-11-09 09:00:00,0.944
2023-11-09 10:00:00,1.773
2023-11-09 11:00:00,2.242
2023-11-09 12:00:00,2.799
2023-11-09 13:00:00,2.844
2023-11-09 14:00:00,2.682
2023-11-09 15:00:00,1.808
2023-11-09 16:00:00,0.737
2023-11-09 17:00:00,0.035
2023-11-09 18:00:00,0.0
2023-11-09 19:00:00,0.0
2023-11-09 20:00:00,0.0
2023-11-09 21:00:00,0.0
2023-11-09 22:00:00,0.0
2023-11-09 23:00:00,0.0
2023-11-10 00:00:00,0.0
2023-11-10 01:00:00,0.0
2023-11-10 02:00:00,0.0
2023-11-10 03:00:00,0.0
2023-11-10 04:00:00,0.0
2023-11-10 05:00:00,0.0
2023-11-10 06:00:00,0.0
2023-11-10 07:00:00,0.0
2023-11-10 08:00:00,0.189
2023-11-10 09:00:00,1.166
2023-11-10 10:00:00,2.463
2023-11-10 11:00:00,4.111
2023-11-10 12:00:00,4.88
2023-11-10 13:00:00,4.789
2023-11-10 14:00:00,3.891
2023-11-10 15:00:00,2.571
2023-11-10 16:00:00,1.165
2023-11-10 17:00:00,0.09
2023-11-10 18:00:00,0.0
2023-11-10 19:00:00,0.0
2023-11-10 20:00:00,0.0
2023-11-10 21:00:00,0.0
2023-11-10 22:00:00,0.0
2023-11-10 23:00:00,0.0
2023-11-11 00:00:00,0.0
2023-11-11 01:00:00,0.0
2023-11-11 02:00:00,0.0
2023-11-11 03:00:00,0.0
2023-11-11 04:00:00,0.0
2023-11-11 05:00:00,0.0
2023-11-11 06:00:00,0.0
2023-11-11 07:00:00,0.013
2023-11-11 08:00:00,0.563
2023-11-11 09:00:00,2.115
2023-11-11 10:00:00,3.762
2023-11-11 11:00:00,5.106
2023-11-11 12:00:00,5.811
2023-11-11 13:00:00,5.591
2023-11-11 14:00:00,4.6690000000000005
2023-11-11 15:00:00,3.277
2023-11-11 16:00:00,1.432
2023-11-11 17:00:00,0.043
2023-11-11 18:00:00,0.0
2023-11-11 19:00:00,0.0
2023-11-11 20:00:00,0.0
2023-11-11 21:00:00,0.0
2023-11-11 22:00:00,0.0
2023-11-11 23:00:00,0.0
2023-11-12 00:00:00,0.0
2023-11-12 01:00:00,0.0
2023-11-12 02:00:00,0.0
2023-11-12 03:00:00,0.0
2023-11-12 04:00:00,0.0
2023-11-12 05:00:00,0.0
2023-11-12 06:00:00,0.0
2023-11-12 07:00:00,0.0
2023-11-12 08:00:00,0.223
2023-11-12 09:00:00,1.392
2023-11-12 10:00:00,2.903
2023-11-12 11:00:00,4.29
2023-11-12 12:00:00,4.867
2023-11-12 13:00:00,4.359
2023-11-12 14:00:00,3.425
2023-11-12 15:00:00,2.164
2023-11-12 16:00:00,0.848
2023-11-12 17:00:00,0.01
2023-11-12 18:00:00,0.0
2023-11-12 19:00:00,0.0
2023-11-12 20:00:00,0.0
2023-11-12 21:00:00,0.0
2023-11-12 22:00:00,0.0
2023-11-12 23:00:00,0.0
2023-11-13 00:00:00,0.0
2023-11-13 01:00:00,0.0
2023-11-13 02:00:00,0.0
2023-11-13 03:00:00,0.0
2023-11-13 04:00:00,0.0
2023-11-13 05:00:00,0.0
2023-11-13 06:00:00,0.0
2023-11-13 07:00:00,0.006
2023-11-13 08:00:00,0.376
2023-11-13 09:00:00,1.1360000000000001
2023-11-13 10:00:00,1.758
2023-11-13 11:00:00,2.352
2023-11-13 12:00:00,2.714
2023-11-13 13:00:00,3.107
2023-11-13 14:00:00,2.9850000000000003
2023-11-13 15:00:00,2.118
2023-11-13 16:00:00,1.136
2023-11-13 17:00:00,0.048
2023-11-13 18:00:00,0.0
2023-11-13 19:00:00,0.0
2023-11-13 20:00:00,0.0
2023-11-13 21:00:00,0.0
2023-11-13 22:00:00,0.0
2023-11-13 23:00:00,0.0
2023-11-14 00:00:00,0.0
2023-11-14 01:00:00,0.0
2023-11-14 02:00:00,0.0
2023-11-14 03:00:00,0.0
2023-11-14 04:00:00,0.0
2023-11-14 05:00:00,0.0
2023-11-14 06:00:00,0.0
2023-11-14 07:00:00,0.002
2023-11-14 08:00:00,0.274
2023-11-14 09:00:00,1.187
2023-11-14 10:00:00,2.314
2023-11-14 11:00:00,3.682
2023-11-14 12:00:00,4.707
2023-11-14 13:00:00,4.5969999999999995
2023-11-14 14:00:00,3.858
2023-11-14 15:00:00,2.734
2023-11-14 16:00:00,1.375
2023-11-14 17:00:00,0.069
2023-11-14 18:00:00,0.0
2023-11-14 19:00:00,0.0
2023-11-14 20:00:00,0.0
2023-11-14 21:00:00,0.0
2023-11-14 22:00:00,0.0
2023-11-14 23:00:00,0.0
2023-11-15 00:00:00,0.0
2023-11-15 01:00:00,0.0
2023-11-15 02:00:00,0.0
2023-11-15 03:00:00,0.0
2023-11-15 04:00:00,0.0
2023-11-15 05:00:00,0.0
2023-11-15 06:00:00,0.0
2023-11-15 07:00:00,0.005
2023-11-15 08:00:00,0.495
2023-11-15 09:00:00,2.04
2023-11-15 10:00:00,3.673
2023-11-15 11:00:00,5.314
2023-11-15 12:00:00,6.348
2023-11-15 13:00:00,6.985
2023-11-15 14:00:00,6.446
2023-11-15 15:00:00,4.626
2023-11-15 16:00:00,1.987
2023-11-15 17:00:00,0.096
2023-11-15 18:00:00,0.0
2023-11-15 19:00:00,0.0
2023-11-15 20:00:00,0.0
2023-11-15 21:00:00,0.0
2023-11-15 22:00:00,0.0
2023-11-15 23:00:00,0.0
2023-11-16 00:00:00,0.0
2023-11-16 01:00:00,0.0
2023-11-16 02:00:00,0.0
2023-11-16 03:00:00,0.0
2023-11-16 04:00:00,0.0
2023-11-16 05:00:00,0.0
2023-11-16 06:00:00,0.0
2023-11-16 07:00:00,0.003
2023-11-16 08:00:00,0.28200000000000003
2023-11-16 09:00:00,0.938
2023-11-16 10:00:00,1.5939999999999999
2023-11-16 11:00:00,2.202
2023-11-16 12:00:00,2.745
2023-11-16 13:00:00,3.197
2023-11-16 14:00:00,3.028
2023-11-16 15:00:00,2.112
2023-11-16 16:00:00,0.8029999999999999
2023-11-16 17:00:00,0.03
2023-11-16 18:00:00,0.0
2023-11-16 19:00:00,0.0
2023-11-16 20:00:00,0.0
2023-11-16 21:00:00,0.0
2023-11-16 22:00:00,0.0
2023-11-16 23:00:00,0.0
2023-11-17 00:00:00,0.0
2023-11-17 01:00:00,0.0
2023-11-17 02:00:00,0.0
2023-11-17 03:00:00,0.0
2023-11-17 04:00:00,0.0
2023-11-17 05:00:00,0.0
2023-11-17 06:00:00,0.0
2023-11-17 07:00:00,0.003
2023-11-17 08:00:00,0.362
2023-11-17 09:00:00,1.58
2023-11-17 10:00:00,3.332
2023-11-17 11:00:00,4.554
2023-11-17 12:00:00,4.896
2023-11-17 13:00:00,4.865
2023-11-17 14:00:00,4.419
2023-11-17 15:00:00,3.198
2023-11-17 16:00:00,1.229
2023-11-17 17:00:00,0.039
2023-11-17 18:00:00,0.0
2023-11-17 19:00:00,0.0
2023-11-17 20:00:00,0.0
2023-11-17 21:00:00,0.0
2023-11-17 22:00:00,0.0
2023-11-17 23:00:00,0.0
2023-11-18 00:00:00,0.0
2023-11-18 01:00:00,0.0
2023-11-18 02:00:00,0.0
2023-11-18 03:00:00,0.0
2023-11-18 04:00:00,0.0
2023-11-18 05:00:00,0.0
2023-11-18 06:00:00,0.0
2023-11-18 07:00:00,0.004
2023-11-18 08:00:00,0.448
2023-11-18 09:00:00,1.656
2023-11-18 10:00:00,2.8979999999999997
2023-11-18 11:00:00,3.683
2023-11-18 12:00:00,3.872
2023-11-18 13:00:00,3.632
2023-11-18 14:00:00,2.875
2023-11-18 15:00:00,1.808
2023-11-18 16:00:00,0.831
2023-11-18 17:00:00,0.019000000000000003
2023-11-18 18:00:00,0.0
2023-11-18 19:00:00,0.0
2023-11-18 20:00:00,0.0
2023-11-18 21:00:00,0.0
2023-11-18 22:00:00,0.0
2023-11-18 23:00:00,0.0
2023-11-19 00:00:00,0.0
2023-11-19 01:00:00,0.0
2023-11-19 02:00:00,0.0
2023-11-19 03:00:00,0.0
2023-11-19 04:00:00,0.0
2023-11-19 05:00:00,0.0
2023-11-19 06:00:00,0.0
2023-11-19 07:00:00,0.0
2023-11-19 08:00:00,0.291
2023-11-19 09:00:00,1.718
2023-11-19 10:00:00,3.468
2023-11-19 11:00:00,5.143
2023-11-19 12:00:00,6.187
2023-11-19 13:00:00,6.425
2023-11-19 14:00:00,5.708
2023-11-19 15:00:00,4.032
2023-11-19 16:00:00,1.671
2023-11-19 17:00:00,0.049
2023-11-19 18:00:00,0.0
2023-11-19 19:00:00,0.0
2023-11-19 20:00:00,0.0
2023-11-19 21:00:00,0.0
2023-11-19 22:00:00,0.0
2023-11-19 23:00:00,0.0
2023-11-20 00:00:00,0.0
2023-11-20 01:00:00,0.0
2023-11-20 02:00:00,0.0
2023-11-20 03:00:00,0.0
2023-11-20 04:00:00,0.0
2023-11-20 05:00:00,0.0
2023-11-20 06:00:00,0.0
2023-11-20 07:00:00,0.0
2023-11-20 08:00:00,0.183
2023-11-20 09:00:00,1.262
2023-11-20 10:00:00,2.812
2023-11-20 11:00:00,4.121
2023-11-20 12:00:00,4.692
2023-11-20 13:00:00,4.17
2023-11-20 14:00:00,2.944
2023-11-20 15:00:00,1.643
2023-11-20 16:00:00,0.605
2023-11-20 17:00:00,0.009000000000000001
2023-11-20 18:00:00,0.0
2023-11-20 19:00:00,0.0
2023-11-20 20:00:00,0.0
2023-11-20 21:00:00,0.0
2023-11-20 22:00:00,0.0
2023-11-20 23:00:00,0.0
2023-11-21 00:00:00,0.0
2023-11-21 01:00:00,0.0
2023-11-21 02:00:00,0.0
2023-11-21 03:00:00,0.0
2023-11-21 04:00:00,0.0
2023-11-21 05:00:00,0.0
2023-11-21 06:00:00,0.0
2023-11-21 07:00:00,0.0
2023-11-21 08:00:00,0.275
2023-11-21 09:00:00,1.17
2023-11-21 10:00:00,2.273
2023-11-21 11:00:00,3.7110000000000003
2023-11-21 12:00:00,4.726
2023-11-21 13:00:00,4.8580000000000005
2023-11-21 14:00:00,4.1
2023-11-21 15:00:00,2.596
2023-11-21 16:00:00,0.9
2023-11-21 17:00:00,0.013999999999999999
2023-11-21 18:00:00,0.0
2023-11-21 19:00:00,0.0
2023-11-21 20:00:00,0.0
2023-11-21 21:00:00,0.0
2023-11-21 22:00:00,0.0
2023-11-21 23:00:00,0.0
2023-11-22 00:00:00,0.0
2023-11-22 01:00:00,0.0
2023-11-22 02:00:00,0.0
2023-11-22 03:00:00,0.0
2023-11-22 04:00:00,0.0
2023-11-22 05:00:00,0.0
2023-11-22 06:00:00,0.0
2023-11-22 07:00:00,0.0
2023-11-22 08:00:00,0.271
2023-11-22 09:00:00,1.7690000000000001
2023-11-22 10:00:00,3.627
2023-11-22 11:00:00,4.936
2023-11-22 12:00:00,5.815
2023-11-22 13:00:00,6.806
2023-11-22 14:00:00,5.837
2023-11-22 15:00:00,3.907
2023-11-22 16:00:00,1.669
2023-11-22 17:00:00,0.044000000000000004
2023-11-22 18:00:00,0.0
2023-11-22 19:00:00,0.0
2023-11-22 20:00:00,0.0
2023-11-22 21:00:00,0.0
2023-11-22 22:00:00,0.0
2023-11-22 23:00:00,0.0
2023-11-23 00:00:00,0.0
2023-11-23 01:00:00,0.0
2023-11-23 02:00:00,0.0
2023-11-23 03:00:00,0.0
2023-11-23 04:00:00,0.0
2023-11-23 05:00:00,0.0
2023-11-23 06:00:00,0.0
2023-11-23 07:00:00,0.0
2023-11-23 08:00:00,0.45299999999999996
2023-11-23 09:00:00,1.9049999999999998
2023-11-23 10:00:00,3.502
2023-11-23 11:00:00,4.258
2023-11-23 12:00:00,4.413
2023-11-23 13:00:00,4.367
2023-11-23 14:00:00,3.71
2023-11-23 15:00:00,2.572
2023-11-23 16:00:00,1.13
2023-11-23 17:00:00,0.022000000000000002
2023-11-23 18:00:00,0.0
2023-11-23 19:00:00,0.0
2023-11-23 20:00:00,0.0
2023-11-23 21:00:00,0.0
2023-11-23 22:00:00,0.0
2023-11-23 23:00:00,0.0
2023-11-24 00:00:00,0.0
2023-11-24 01:00:00,0.0
2023-11-24 02:00:00,0.0
2023-11-24 03:00:00,0.0
2023-11-24 04:00:00,0.0
2023-11-24 05:00:00,0.0
2023-11-24 06:00:00,0.0
2023-11-24 07:00:00,0.0
2023-11-24 08:00:00,0.292
2023-11-24 09:00:00,1.556
2023-11-24 10:00:00,3.124
2023-11-24 11:00:00,4.402
2023-11-24 12:00:00,5.062
2023-11-24 13:00:00,4.67
2023-11-24 14:00:00,3.9219999999999997
2023-11-24 15:00:00,2.546
2023-11-24 16:00:00,1.017
2023-11-24 17:00:00,0.005
2023-11-24 18:00:00,0.0
2023-11-24 19:00:00,0.0
2023-11-24 20:00:00,0.0
2023-11-24 21:00:00,0.0
2023-11-24 22:00:00,0.0
2023-11-24 23:00:00,0.0
2023-11-25 00:00:00,0.0
2023-11-25 01:00:00,0.0
2023-11-25 02:00:00,0.0
2023-11-25 03:00:00,0.0
2023-11-25 04:00:00,0.0
2023-11-25 05:00:00,0.0
2023-11-25 06:00:00,0.0
2023-11-25 07:00:00,0.001
2023-11-25 08:00:00,0.403
2023-11-25 09:00:00,2.019
2023-11-25 10:00:00,4.485
2023-11-25 11:00:00,6.301
2023-11-25 12:00:00,7.042
2023-11-25 13:00:00,7.021
2023-11-25 14:00:00,6.155
2023-11-25 15:00:00,4.397
2023-11-25 16:00:00,2.099
2023-11-25 17:00:00,0.049
2023-11-25 18:00:00,0.0
2023-11-25 19:00:00,0.0
2023-11-25 20:00:00,0.0
2023-11-25 21:00:00,0.0
2023-11-25 22:00:00,0.0
2023-11-25 23:00:00,0.0
2023-11-26 00:00:00,0.0
2023-11-26 01:00:00,0.0
2023-11-26 02:00:00,0.0
2023-11-26 03:00:00,0.0
2023-11-26 04:00:00,0.0
2023-11-26 05:00:00,0.0
2023-11-26 06:00:00,0.0
2023-11-26 07:00:00,0.0
2023-11-26 08:00:00,0.345
2023-11-26 09:00:00,1.905
2023-11-26 10:00:00,3.6260000000000003
2023-11-26 11:00:00,4.958
2023-11-26 12:00:00,5.384
2023-11-26 13:00:00,4.912
2023-11-26 14:00:00,3.994
2023-11-26 15:00:00,2.582
2023-11-26 16:00:00,1.054
2023-11-26 17:00:00,0.033
2023-11-26 18:00:00,0.0
2023-11-26 19:00:00,0.0
2023-11-26 20:00:00,0.0
2023-11-26 21:00:00,0.0
2023-11-26 22:00:00,0.0
2023-11-26 23:00:00,0.0
2023-11-27 00:00:00,0.0
2023-11-27 01:00:00,0.0
2023-11-27 02:00:00,0.0
2023-11-27 03:00:00,0.0
2023-11-27 04:00:00,0.0
2023-11-27 05:00:00,0.0
2023-11-27 06:00:00,0.0
2023-11-27 07:00:00,0.0
2023-11-27 08:00:00,0.055999999999999994
2023-11-27 09:00:00,0.475
2023-11-27 10:00:00,0.9490000000000001
2023-11-27 11:00:00,1.31
2023-11-27 12:00:00,1.524
2023-11-27 13:00:00,1.202
2023-11-27 14:00:00,0.983
2023-11-27 15:00:00,0.917
2023-11-27 16:00:00,0.415
2023-11-27 17:00:00,0.005
2023-11-27 18:00:00,0.0
2023-11-27 19:00:00,0.0
2023-11-27 20:00:00,0.0
2023-11-27 21:00:00,0.0
2023-11-27 22:00:00,0.0
2023-11-27 23:00:00,0.0
2023-11-28 00:00:00,0.0
2023-11-28 01:00:00,0.0
2023-11-28 02:00:00,0.0
2023-11-28 03:00:00,0.0
2023-11-28 04:00:00,0.0
2023-11-28 05:00:00,0.0
2023-11-28 06:00:00,0.0
2023-11-28 07:00:00,0.0
2023-11-28 08:00:00,0.23700000000000002
2023-11-28 09:00:00,1.391
2023-11-28 10:00:00,3.132
2023-11-28 11:00:00,4.7780000000000005
2023-11-28 12:00:00,5.7459999999999996
2023-11-28 13:00:00,5.939
2023-11-28 14:00:00,5.199
2023-11-28 15:00:00,3.656
2023-11-28 16:00:00,1.49
2023-11-28 17:00:00,0.018000000000000002
2023-11-28 18:00:00,0.0
2023-11-28 19:00:00,0.0
2023-11-28 20:00:00,0.0
2023-11-28 21:00:00,0.0
2023-11-28 22:00:00,0.0
2023-11-28 23:00:00,0.0
2023-11-29 00:00:00,0.0
2023-11-29 01:00:00,0.0
2023-11-29 02:00:00,0.0
2023-11-29 03:00:00,0.0
2023-11-29 04:00:00,0.0
2023-11-29 05:00:00,0.0
2023-11-29 06:00:00,0.0
2023-11-29 07:00:00,0.0
2023-11-29 08:00:00,0.354
2023-11-29 09:00:00,1.573
2023-11-29 10:00:00,3.127
2023-11-29 11:00:00,4.393
2023-11-29 12:00:00,4.838
2023-11-29 13:00:00,4.634
2023-11-29 14:00:00,3.46
2023-11-29 15:00:00,1.6520000000000001
2023-11-29 16:00:00,0.434
2023-11-29 17:00:00,0.0
2023-11-29 18:00:00,0.0
2023-11-29 19:00:00,0.0
2023-11-29 20:00:00,0.0
2023-11-29 21:00:00,0.0
2023-11-29 22:00:00,0.0
2023-11-29 23:00:00,0.0
2023-11-30 00:00:00,0.0
2023-11-30 01:00:00,0.0
2023-11-30 02:00:00,0.0
2023-11-30 03:00:00,0.0
2023-11-30 04:00:00,0.0
2023-11-30 05:00:00,0.0
2023-11-30 06:00:00,0.0
2023-11-30 07:00:00,0.0
2023-11-30 08:00:00,0.08299999999999999
2023-11-30 09:00:00,0.495
2023-11-30 10:00:00,1.22
2023-11-30 11:00:00,1.8050000000000002
2023-11-30 12:00:00,2.396
2023-11-30 13:00:00,2.755
2023-11-30 14:00:00,2.428
2023-11-30 15:00:00,1.297
2023-11-30 16:00:00,0.33699999999999997
2023-11-30 17:00:00,0.0
2023-11-30 18:00:00,0.0
2023-11-30 19:00:00,0.0
2023-11-30 20:00:00,0.0
2023-11-30 21:00:00,0.0
2023-11-30 22:00:00,0.0
2023-11-30 23:00:00,0.0
2023-12-01 00:00:00,0.0
2023-12-01 01:00:00,0.0
2023-12-01 02:00:00,0.0
2023-12-01 03:00:00,0.0
2023-12-01 04:00:00,0.0
2023-12-01 05:00:00,0.0
2023-12-01 06:00:00,0.0
2023-12-01 07:00:00,0.0
2023-12-01 08:00:00,0.08499999999999999
2023-12-01 09:00:00,0.681
2023-12-01 10:00:00,1.652
2023-12-01 11:00:00,3.133
2023-12-01 12:00:00,4.148
2023-12-01 13:00:00,4.166
2023-12-01 14:00:00,3.429
2023-12-01 15:00:00,2.138
2023-12-01 16:00:00,0.805
2023-12-01 17:00:00,0.002
2023-12-01 18:00:00,0.0
2023-12-01 19:00:00,0.0
2023-12-01 20:00:00,0.0
2023-12-01 21:00:00,0.0
2023-12-01 22:00:00,0.0
2023-12-01 23:00:00,0.0
2023-12-02 00:00:00,0.0
2023-12-02 01:00:00,0.0
2023-12-02 02:00:00,0.0
2023-12-02 03:00:00,0.0
2023-12-02 04:00:00,0.0
2023-12-02 05:00:00,0.0
2023-12-02 06:00:00,0.0
2023-12-02 07:00:00,0.0
2023-12-02 08:00:00,0.19
2023-12-02 09:00:00,1.5110000000000001
2023-12-02 10:00:00,3.849
2023-12-02 11:00:00,5.384
2023-12-02 12:00:00,6.084
2023-12-02 13:00:00,6.062
2023-12-02 14:00:00,5.261
2023-12-02 15:00:00,3.553
2023-12-02 16:00:00,1.457
2023-12-02 17:00:00,0.013000000000000001
2023-12-02 18:00:00,0.0
2023-12-02 19:00:00,0.0
2023-12-02 20:00:00,0.0
2023-12-02 21:00:00,0.0
2023-12-02 22:00:00,0.0
2023-12-02 23:00:00,0.0
2023-12-03 00:00:00,0.0
2023-12-03 01:00:00,0.0
2023-12-03 02:00:00,0.0
2023-12-03 03:00:00,0.0
2023-12-03 04:00:00,0.0
2023-12-03 05:00:00,0.0
2023-12-03 06:00:00,0.0
2023-12-03 07:00:00,0.0
2023-12-03 08:00:00,0.384
2023-12-03 09:00:00,1.909
2023-12-03 10:00:00,3.413
2023-12-03 11:00:00,4.6240000000000006
2023-12-03 12:00:00,5.419
2023-12-03 13:00:00,5.369
2023-12-03 14:00:00,4.4350000000000005
2023-12-03 15:00:00,3.077
2023-12-03 16:00:00,1.078
2023-12-03 17:00:00,0.003
2023-12-03 18:00:00,0.0
2023-12-03 19:00:00,0.0
2023-12-03 20:00:00,0.0
2023-12-03 21:00:00,0.0
2023-12-03 22:00:00,0.0
2023-12-03 23:00:00,0.0
2023-12-04 00:00:00,0.0
2023-12-04 01:00:00,0.0
2023-12-04 02:00:00,0.0
2023-12-04 03:00:00,0.0
2023-12-04 04:00:00,0.0
2023-12-04 05:00:00,0.0
2023-12-04 06:00:00,0.0
2023-12-04 07:00:00,0.0
2023-12-04 08:00:00,0.012
2023-12-04 09:00:00,0.301
2023-12-04 10:00:00,0.948
2023-12-04 11:00:00,1.2770000000000001
2023-12-04 12:00:00,1.454
2023-12-04 13:00:00,1.933
2023-12-04 14:00:00,1.673
2023-12-04 15:00:00,0.893
2023-12-04 16:00:00,0.22699999999999998
2023-12-04 17:00:00,0.0
2023-12-04 18:00:00,0.0
2023-12-04 19:00:00,0.0
2023-12-04 20:00:00,0.0
2023-12-04 21:00:00,0.0
2023-12-04 22:00:00,0.0
2023-12-04 23:00:00,0.0
2023-12-05 00:00:00,0.0
2023-12-05 01:00:00,0.0
2023-12-05 02:00:00,0.0
2023-12-05 03:00:00,0.0
2023-12-05 04:00:00,0.0
2023-12-05 05:00:00,0.0
2023-12-05 06:00:00,0.0
2023-12-05 07:00:00,0.0
2023-12-05 08:00:00,0.15100000000000002
2023-12-05 09:00:00,1.15
2023-12-05 10:00:00,2.618
2023-12-05 11:00:00,3.824
2023-12-05 12:00:00,4.363
2023-12-05 13:00:00,4.138
2023-12-05 14:00:00,3.415
2023-12-05 15:00:00,2.23
2023-12-05 16:00:00,0.766
2023-12-05 17:00:00,0.0
2023-12-05 18:00:00,0.0
2023-12-05 19:00:00,0.0
2023-12-05 20:00:00,0.0
2023-12-05 21:00:00,0.0
2023-12-05 22:00:00,0.0
2023-12-05 23:00:00,0.0
2023-12-06 00:00:00,0.0
2023-12-06 01:00:00,0.0
2023-12-06 02:00:00,0.0
2023-12-06 03:00:00,0.0
2023-12-06 04:00:00,0.0
2023-12-06 05:00:00,0.0
2023-12-06 06:00:00,0.0
2023-12-06 07:00:00,0.0
2023-12-06 08:00:00,0.035
2023-12-06 09:00:00,0.605
2023-12-06 10:00:00,1.856
2023-12-06 11:00:00,3.25
2023-12-06 12:00:00,4.487
2023-12-06 13:00:00,5.075
2023-12-06 14:00:00,4.307
2023-12-06 15:00:00,2.814
2023-12-06 16:00:00,1.0030000000000001
2023-12-06 17:00:00,0.008
2023-12-06 18:00:00,0.0
2023-12-06 19:00:00,0.0
2023-12-06 20:00:00,0.0
2023-12-06 21:00:00,0.0
2023-12-06 22:00:00,0.0
2023-12-06 23:00:00,0.0
2023-12-07 00:00:00,0.0
2023-12-07 01:00:00,0.0
2023-12-07 02:00:00,0.0
2023-12-07 03:00:00,0.0
2023-12-07 04:00:00,0.0
2023-12-07 05:00:00,0.0
2023-12-07 06:00:00,0.0
2023-12-07 07:00:00,0.0
2023-12-07 08:00:00,0.16199999999999998
2023-12-07 09:00:00,0.964
2023-12-07 10:00:00,2.165
2023-12-07 11:00:00,2.749
2023-12-07 12:00:00,2.81
2023-12-07 13:00:00,2.657
2023-12-07 14:00:00,2.069
2023-12-07 15:00:00,1.121
2023-12-07 16:00:00,0.246
2023-12-07 17:00:00,0.0
2023-12-07 18:00:00,0.0
2023-12-07 19:00:00,0.0
2023-12-07 20:00:00,0.0
2023-12-07 21:00:00,0.0
2023-12-07 22:00:00,0.0
2023-12-07 23:00:00,0.0
2023-12-08 00:00:00,0.0
2023-12-08 01:00:00,0.0
2023-12-08 02:00:00,0.0
2023-12-08 03:00:00,0.0
2023-12-08 04:00:00,0.0
2023-12-08 05:00:00,0.0
2023-12-08 06:00:00,0.0
2023-12-08 07:00:00,0.0
2023-12-08 08:00:00,0.003
2023-12-08 09:00:00,0.215
2023-12-08 10:00:00,0.73
2023-12-08 11:00:00,1.406
2023-12-08 12:00:00,2.026
2023-12-08 13:00:00,2.5549999999999997
2023-12-08 14:00:00,2.453
2023-12-08 15:00:00,1.766
2023-12-08 16:00:00,0.648
2023-12-08 17:00:00,0.001
2023-12-08 18:00:00,0.0
2023-12-08 19:00:00,0.0
2023-12-08 20:00:00,0.0
2023-12-08 21:00:00,0.0
2023-12-08 22:00:00,0.0
2023-12-08 23:00:00,0.0
2023-12-09 00:00:00,0.0
2023-12-09 01:00:00,0.0
2023-12-09 02:00:00,0.0
2023-12-09 03:00:00,0.0
2023-12-09 04:00:00,0.0
2023-12-09 05:00:00,0.0
2023-12-09 06:00:00,0.0
2023-12-09 07:00:00,0.0
2023-12-09 08:00:00,0.041
2023-12-09 09:00:00,0.271
2023-12-09 10:00:00,0.778
2023-12-09 11:00:00,1.588
2023-12-09 12:00:00,1.959
2023-12-09 13:00:00,2.008
2023-12-09 14:00:00,1.5150000000000001
2023-12-09 15:00:00,0.853
2023-12-09 16:00:00,0.266
2023-12-09 17:00:00,0.0
2023-12-09 18:00:00,0.0
2023-12-09 19:00:00,0.0
2023-12-09 20:00:00,0.0
2023-12-09 21:00:00,0.0
2023-12-09 22:00:00,0.0
2023-12-09 23:00:00,0.0
2023-12-10 00:00:00,0.0
2023-12-10 01:00:00,0.0
2023-12-10 02:00:00,0.0
2023-12-10 03:00:00,0.0
2023-12-10 04:00:00,0.0
2023-12-10 05:00:00,0.0
2023-12-10 06:00:00,0.0
2023-12-10 07:00:00,0.0
2023-12-10 08:00:00,0.21500000000000002
2023-12-10 09:00:00,1.246
2023-12-10 10:00:00,2.241
2023-12-10 11:00:00,2.947
2023-12-10 12:00:00,3.379
2023-12-10 13:00:00,2.694
2023-12-10 14:00:00,1.989
2023-12-10 15:00:00,0.976
2023-12-10 16:00:00,0.194
2023-12-10 17:00:00,0.0
2023-12-10 18:00:00,0.0
2023-12-10 19:00:00,0.0
2023-12-10 20:00:00,0.0
2023-12-10 21:00:00,0.0
2023-12-10 22:00:00,0.0
2023-12-10 23:00:00,0.0
2023-12-11 00:00:00,0.0
2023-12-11 01:00:00,0.0
2023-12-11 02:00:00,0.0
2023-12-11 03:00:00,0.0
2023-12-11 04:00:00,0.0
2023-12-11 05:00:00,0.0
2023-12-11 06:00:00,0.0
2023-12-11 07:00:00,0.0
2023-12-11 08:00:00,0.099
2023-12-11 09:00:00,0.842
2023-12-11 10:00:00,1.933
2023-12-11 11:00:00,2.993
2023-12-11 12:00:00,3.355
2023-12-11 13:00:00,3.115
2023-12-11 14:00:00,2.6
2023-12-11 15:00:00,1.531
2023-12-11 16:00:00,0.45099999999999996
2023-12-11 17:00:00,0.0
2023-12-11 18:00:00,0.0
2023-12-11 19:00:00,0.0
2023-12-11 20:00:00,0.0
2023-12-11 21:00:00,0.0
2023-12-11 22:00:00,0.0
2023-12-11 23:00:00,0.0
2023-12-12 00:00:00,0.0
2023-12-12 01:00:00,0.0
2023-12-12 02:00:00,0.0
2023-12-12 03:00:00,0.0
2023-12-12 04:00:00,0.0
2023-12-12 05:00:00,0.0
2023-12-12 06:00:00,0.0
2023-12-12 07:00:00,0.0
2023-12-12 08:00:00,0.061000000000000006
2023-12-12 09:00:00,0.629
2023-12-12 10:00:00,1.634
2023-12-12 11:00:00,2.578
2023-12-12 12:00:00,2.934
2023-12-12 13:00:00,2.805
2023-12-12 14:00:00,2.313
2023-12-12 15:00:00,1.273
2023-12-12 16:00:00,0.312
2023-12-12 17:00:00,0.0
2023-12-12 18:00:00,0.0
2023-12-12 19:00:00,0.0
2023-12-12 20:00:00,0.0
2023-12-12 21:00:00,0.0
2023-12-12 22:00:00,0.0
2023-12-12 23:00:00,0.0
2023-12-13 00:00:00,0.0
2023-12-13 01:00:00,0.0
2023-12-13 02:00:00,0.0
2023-12-13 03:00:00,0.0
2023-12-13 04:00:00,0.0
2023-12-13 05:00:00,0.0
2023-12-13 06:00:00,0.0
2023-12-13 07:00:00,0.0
2023-12-13 08:00:00,0.056999999999999995
2023-12-13 09:00:00,0.6579999999999999
2023-12-13 10:00:00,1.495
2023-12-13 11:00:00,1.84
2023-12-13 12:00:00,2.294
2023-12-13 13:00:00,2.471
2023-12-13 14:00:00,1.808
2023-12-13 15:00:00,0.928
2023-12-13 16:00:00,0.26
2023-12-13 17:00:00,0.0
2023-12-13 18:00:00,0.0
2023-12-13 19:00:00,0.0
2023-12-13 20:00:00,0.0
2023-12-13 21:00:00,0.0
2023-12-13 22:00:00,0.0
2023-12-13 23:00:00,0.0
2023-12-14 00:00:00,0.0
2023-12-14 01:00:00,0.0
2023-12-14 02:00:00,0.0
2023-12-14 03:00:00,0.0
2023-12-14 04:00:00,0.0
2023-12-14 05:00:00,0.0
2023-12-14 06:00:00,0.0
2023-12-14 07:00:00,0.0
2023-12-14 08:00:00,0.10600000000000001
2023-12-14 09:00:00,0.825
2023-12-14 10:00:00,1.6949999999999998
2023-12-14 11:00:00,2.682
2023-12-14 12:00:00,3.45
2023-12-14 13:00:00,3.6180000000000003
2023-12-14 14:00:00,2.952
2023-12-14 15:00:00,1.756
2023-12-14 16:00:00,0.44200000000000006
2023-12-14 17:00:00,0.0
2023-12-14 18:00:00,0.0
2023-12-14 19:00:00,0.0
2023-12-14 20:00:00,0.0
2023-12-14 21:00:00,0.0
2023-12-14 22:00:00,0.0
2023-12-14 23:00:00,0.0
2023-12-15 00:00:00,0.0
2023-12-15 01:00:00,0.0
2023-12-15 02:00:00,0.0
2023-12-15 03:00:00,0.0
2023-12-15 04:00:00,0.0
2023-12-15 05:00:00,0.0
2023-12-15 06:00:00,0.0
2023-12-15 07:00:00,0.0
2023-12-15 08:00:00,0.22299999999999998
2023-12-15 09:00:00,1.122
2023-12-15 10:00:00,2.379
2023-12-15 11:00:00,3.556
2023-12-15 12:00:00,4.337
2023-12-15 13:00:00,4.587
2023-12-15 14:00:00,3.8
2023-12-15 15:00:00,2.367
2023-12-15 16:00:00,0.684
2023-12-15 17:00:00,0.0
2023-12-15 18:00:00,0.0
2023-12-15 19:00:00,0.0
2023-12-15 20:00:00,0.0
2023-12-15 21:00:00,0.0
2023-12-15 22:00:00,0.0
2023-12-15 23:00:00,0.0
2023-12-16 00:00:00,0.0
2023-12-16 01:00:00,0.0
2023-12-16 02:00:00,0.0
2023-12-16 03:00:00,0.0
2023-12-16 04:00:00,0.0
2023-12-16 05:00:00,0.0
2023-12-16 06:00:00,0.0
2023-12-16 07:00:00,0.0
2023-12-16 08:00:00,0.215
2023-12-16 09:00:00,1.294
2023-12-16 10:00:00,2.971
2023-12-16 11:00:00,4.838
2023-12-16 12:00:00,6.374
2023-12-16 13:00:00,6.746
2023-12-16 14:00:00,5.892
2023-12-16 15:00:00,4.107
2023-12-16 16:00:00,1.411
2023-12-16 17:00:00,0.003
2023-12-16 18:00:00,0.0
2023-12-16 19:00:00,0.0
2023-12-16 20:00:00,0.0
2023-12-16 21:00:00,0.0
2023-12-16 22:00:00,0.0
2023-12-16 23:00:00,0.0
2023-12-17 00:00:00,0.0
2023-12-17 01:00:00,0.0
2023-12-17 02:00:00,0.0
2023-12-17 03:00:00,0.0
2023-12-17 04:00:00,0.0
2023-12-17 05:00:00,0.0
2023-12-17 06:00:00,0.0
2023-12-17 07:00:00,0.0
2023-12-17 08:00:00,0.257
2023-12-17 09:00:00,1.722
2023-12-17 10:00:00,4.34
2023-12-17 11:00:00,6.812
2023-12-17 12:00:00,7.785
2023-12-17 13:00:00,7.841
2023-12-17 14:00:00,6.836
2023-12-17 15:00:00,4.78
2023-12-17 16:00:00,1.72
2023-12-17 17:00:00,0.003
2023-12-17 18:00:00,0.0
2023-12-17 19:00:00,0.0
2023-12-17 20:00:00,0.0
2023-12-17 21:00:00,0.0
2023-12-17 22:00:00,0.0
2023-12-17 23:00:00,0.0
2023-12-18 00:00:00,0.0
2023-12-18 01:00:00,0.0
2023-12-18 02:00:00,0.0
2023-12-18 03:00:00,0.0
2023-12-18 04:00:00,0.0
2023-12-18 05:00:00,0.0
2023-12-18 06:00:00,0.0
2023-12-18 07:00:00,0.0
2023-12-18 08:00:00,0.28
2023-12-18 09:00:00,1.703
2023-12-18 10:00:00,3.4059999999999997
2023-12-18 11:00:00,4.723
2023-12-18 12:00:00,5.312
2023-12-18 13:00:00,5.33
2023-12-18 14:00:00,4.497
2023-12-18 15:00:00,2.979
2023-12-18 16:00:00,0.948
2023-12-18 17:00:00,0.001
2023-12-18 18:00:00,0.0
2023-12-18 19:00:00,0.0
2023-12-18 20:00:00,0.0
2023-12-18 21:00:00,0.0
2023-12-18 22:00:00,0.0
2023-12-18 23:00:00,0.0
2023-12-19 00:00:00,0.0
2023-12-19 01:00:00,0.0
2023-12-19 02:00:00,0.0
2023-12-19 03:00:00,0.0
2023-12-19 04:00:00,0.0
2023-12-19 05:00:00,0.0
2023-12-19 06:00:00,0.0
2023-12-19 07:00:00,0.0
2023-12-19 08:00:00,0.23199999999999998
2023-12-19 09:00:00,1.192
2023-12-19 10:00:00,2.441
2023-12-19 11:00:00,3.316
2023-12-19 12:00:00,3.605
2023-12-19 13:00:00,3.433
2023-12-19 14:00:00,2.797
2023-12-19 15:00:00,1.578
2023-12-19 16:00:00,0.398
2023-12-19 17:00:00,0.0
2023-12-19 18:00:00,0.0
2023-12-19 19:00:00,0.0
2023-12-19 20:00:00,0.0
2023-12-19 21:00:00,0.0
2023-12-19 22:00:00,0.0
2023-12-19 23:00:00,0.0
2023-12-20 00:00:00,0.0
2023-12-20 01:00:00,0.0
2023-12-20 02:00:00,0.0
2023-12-20 03:00:00,0.0
2023-12-20 04:00:00,0.0
2023-12-20 05:00:00,0.0
2023-12-20 06:00:00,0.0
2023-12-20 07:00:00,0.0
2023-12-20 08:00:00,0.045
2023-12-20 09:00:00,0.607
2023-12-20 10:00:00,2.074
2023-12-20 11:00:00,3.6510000000000002
2023-12-20 12:00:00,4.263
2023-12-20 13:00:00,4.257
2023-12-20 14:00:00,3.5
2023-12-20 15:00:00,1.7109999999999999
2023-12-20 16:00:00,0.42700000000000005
2023-12-20 17:00:00,0.0
2023-12-20 18:00:00,0.0
2023-12-20 19:00:00,0.0
2023-12-20 20:00:00,0.0
2023-12-20 21:00:00,0.0
2023-12-20 22:00:00,0.0
2023-12-20 23:00:00,0.0
2023-12-21 00:00:00,0.0
2023-12-21 01:00:00,0.0
2023-12-21 02:00:00,0.0
2023-12-21 03:00:00,0.0
2023-12-21 04:00:00,0.0
2023-12-21 05:00:00,0.0
2023-12-21 06:00:00,0.0
2023-12-21 07:00:00,0.0
2023-12-21 08:00:00,0.177
2023-12-21 09:00:00,0.76
2023-12-21 10:00:00,1.302
2023-12-21 11:00:00,1.905
2023-12-21 12:00:00,2.287
2023-12-21 13:00:00,2.065
2023-12-21 14:00:00,1.546
2023-12-21 15:00:00,0.965
2023-12-21 16:00:00,0.329
2023-12-21 17:00:00,0.0
2023-12-21 18:00:00,0.0
2023-12-21 19:00:00,0.0
2023-12-21 20:00:00,0.0
2023-12-21 21:00:00,0.0
2023-12-21 22:00:00,0.0
2023-12-21 23:00:00,0.0
2023-12-22 00:00:00,0.0
2023-12-22 01:00:00,0.0
2023-12-22 02:00:00,0.0
2023-12-22 03:00:00,0.0
2023-12-22 04:00:00,0.0
2023-12-22 05:00:00,0.0
2023-12-22 06:00:00,0.0
2023-12-22 07:00:00,0.0
2023-12-22 08:00:00,0.174
2023-12-22 09:00:00,0.829
2023-12-22 10:00:00,1.626
2023-12-22 11:00:00,2.295
2023-12-22 12:00:00,2.88
2023-12-22 13:00:00,3.124
2023-12-22 14:00:00,2.47
2023-12-22 15:00:00,1.385
2023-12-22 16:00:00,0.33399999999999996
2023-12-22 17:00:00,0.0
2023-12-22 18:00:00,0.0
2023-12-22 19:00:00,0.0
2023-12-22 20:00:00,0.0
2023-12-22 21:00:00,0.0
2023-12-22 22:00:00,0.0
2023-12-22 23:00:00,0.0
2023-12-23 00:00:00,0.0
2023-12-23 01:00:00,0.0
2023-12-23 02:00:00,0.0
2023-12-23 03:00:00,0.0
2023-12-23 04:00:00,0.0
2023-12-23 05:00:00,0.0
2023-12-23 06:00:00,0.0
2023-12-23 07:00:00,0.0
2023-12-23 08:00:00,0.23299999999999998
2023-12-23 09:00:00,1.041
2023-12-23 10:00:00,2.096
2023-12-23 11:00:00,2.99
2023-12-23 12:00:00,3.846
2023-12-23 13:00:00,4.128
2023-12-23 14:00:00,3.33
2023-12-23 15:00:00,1.93
2023-12-23 16:00:00,0.475
2023-12-23 17:00:00,0.0
2023-12-23 18:00:00,0.0
2023-12-23 19:00:00,0.0
2023-12-23 20:00:00,0.0
2023-12-23 21:00:00,0.0
2023-12-23 22:00:00,0.0
2023-12-23 23:00:00,0.0
2023-12-24 00:00:00,0.0
2023-12-24 01:00:00,0.0
2023-12-24 02:00:00,0.0
2023-12-24 03:00:00,0.0
2023-12-24 04:00:00,0.0
2023-12-24 05:00:00,0.0
2023-12-24 06:00:00,0.0
2023-12-24 07:00:00,0.0
2023-12-24 08:00:00,0.22899999999999998
2023-12-24 09:00:00,1.157
2023-12-24 10:00:00,2.245
2023-12-24 11:00:00,3.222
2023-12-24 12:00:00,3.8200000000000003
2023-12-24 13:00:00,3.759
2023-12-24 14:00:00,3.1390000000000002
2023-12-24 15:00:00,2.108
2023-12-24 16:00:00,0.627
2023-12-24 17:00:00,0.0
2023-12-24 18:00:00,0.0
2023-12-24 19:00:00,0.0
2023-12-24 20:00:00,0.0
2023-12-24 21:00:00,0.0
2023-12-24 22:00:00,0.0
2023-12-24 23:00:00,0.0
2023-12-25 00:00:00,0.0
2023-12-25 01:00:00,0.0
2023-12-25 02:00:00,0.0
2023-12-25 03:00:00,0.0
2023-12-25 04:00:00,0.0
2023-12-25 05:00:00,0.0
2023-12-25 06:00:00,0.0
2023-12-25 07:00:00,0.0
2023-12-25 08:00:00,0.175
2023-12-25 09:00:00,0.988
2023-12-25 10:00:00,2.103
2023-12-25 11:00:00,3.016
2023-12-25 12:00:00,3.474
2023-12-25 13:00:00,3.509
2023-12-25 14:00:00,2.994
2023-12-25 15:00:00,1.949
2023-12-25 16:00:00,0.67
2023-12-25 17:00:00,0.001
2023-12-25 18:00:00,0.0
2023-12-25 19:00:00,0.0
2023-12-25 20:00:00,0.0
2023-12-25 21:00:00,0.0
2023-12-25 22:00:00,0.0
2023-12-25 23:00:00,0.0
2023-12-26 00:00:00,0.0
2023-12-26 01:00:00,0.0
2023-12-26 02:00:00,0.0
2023-12-26 03:00:00,0.0
2023-12-26 04:00:00,0.0
2023-12-26 05:00:00,0.0
2023-12-26 06:00:00,0.0
2023-12-26 07:00:00,0.0
2023-12-26 08:00:00,0.089
2023-12-26 09:00:00,0.9430000000000001
2023-12-26 10:00:00,2.207
2023-12-26 11:00:00,3.312
2023-12-26 12:00:00,3.65
2023-12-26 13:00:00,3.4219999999999997
2023-12-26 14:00:00,2.766
2023-12-26 15:00:00,1.502
2023-12-26 16:00:00,0.377
2023-12-26 17:00:00,0.0
2023-12-26 18:00:00,0.0
2023-12-26 19:00:00,0.0
2023-12-26 20:00:00,0.0
2023-12-26 21:00:00,0.0
2023-12-26 22:00:00,0.0
2023-12-26 23:00:00,0.0
2023-12-27 00:00:00,0.0
2023-12-27 01:00:00,0.0
2023-12-27 02:00:00,0.0
2023-12-27 03:00:00,0.0
2023-12-27 04:00:00,0.0
2023-12-27 05:00:00,0.0
2023-12-27 06:00:00,0.0
2023-12-27 07:00:00,0.0
2023-12-27 08:00:00,0.14400000000000002
2023-12-27 09:00:00,1.237
2023-12-27 10:00:00,2.582
2023-12-27 11:00:00,4.1370000000000005
2023-12-27 12:00:00,5.227
2023-12-27 13:00:00,5.926
2023-12-27 14:00:00,5.522
2023-12-27 15:00:00,3.7
2023-12-27 16:00:00,1.114
2023-12-27 17:00:00,0.003
2023-12-27 18:00:00,0.0
2023-12-27 19:00:00,0.0
2023-12-27 20:00:00,0.0
2023-12-27 21:00:00,0.0
2023-12-27 22:00:00,0.0
2023-12-27 23:00:00,0.0
2023-12-28 00:00:00,0.0
2023-12-28 01:00:00,0.0
2023-12-28 02:00:00,0.0
2023-12-28 03:00:00,0.0
2023-12-28 04:00:00,0.0
2023-12-28 05:00:00,0.0
2023-12-28 06:00:00,0.0
2023-12-28 07:00:00,0.0
2023-12-28 08:00:00,0.03
2023-12-28 09:00:00,0.482
2023-12-28 10:00:00,1.417
2023-12-28 11:00:00,2.108
2023-12-28 12:00:00,2.671
2023-12-28 13:00:00,2.304
2023-12-28 14:00:00,1.622
2023-12-28 15:00:00,1.026
2023-12-28 16:00:00,0.338
2023-12-28 17:00:00,0.0
2023-12-28 18:00:00,0.0
2023-12-28 19:00:00,0.0
2023-12-28 20:00:00,0.0
2023-12-28 21:00:00,0.0
2023-12-28 22:00:00,0.0
2023-12-28 23:00:00,0.0
2023-12-29 00:00:00,0.0
2023-12-29 01:00:00,0.0
2023-12-29 02:00:00,0.0
2023-12-29 03:00:00,0.0
2023-12-29 04:00:00,0.0
2023-12-29 05:00:00,0.0
2023-12-29 06:00:00,0.0
2023-12-29 07:00:00,0.0
2023-12-29 08:00:00,0.034
2023-12-29 09:00:00,0.394
2023-12-29 10:00:00,1.156
2023-12-29 11:00:00,1.842
2023-12-29 12:00:00,2.13
2023-12-29 13:00:00,2.055
2023-12-29 14:00:00,1.651
2023-12-29 15:00:00,0.9209999999999999
2023-12-29 16:00:00,0.221
2023-12-29 17:00:00,0.0
2023-12-29 18:00:00,0.0
2023-12-29 19:00:00,0.0
2023-12-29 20:00:00,0.0
2023-12-29 21:00:00,0.0
2023-12-29 22:00:00,0.0
2023-12-29 23:00:00,0.0
2023-12-30 00:00:00,0.0
2023-12-30 01:00:00,0.0
2023-12-30 02:00:00,0.0
2023-12-30 03:00:00,0.0
2023-12-30 04:00:00,0.0
2023-12-30 05:00:00,0.0
2023-12-30 06:00:00,0.0
2023-12-30 07:00:00,0.0
2023-12-30 08:00:00,0.11800000000000001
2023-12-30 09:00:00,0.7749999999999999
2023-12-30 10:00:00,1.8439999999999999
2023-12-30 11:00:00,3.101
2023-12-30 12:00:00,4.385
2023-12-30 13:00:00,4.633
2023-12-30 14:00:00,3.895
2023-12-30 15:00:00,2.384
2023-12-30 16:00:00,0.6839999999999999
2023-12-30 17:00:00,0.001
2023-12-30 18:00:00,0.0
2023-12-30 19:00:00,0.0
2023-12-30 20:00:00,0.0
2023-12-30 21:00:00,0.0
2023-12-30 22:00:00,0.0
2023-12-30 23:00:00,0.0
2023-12-31 00:00:00,0.0
2023-12-31 01:00:00,0.0
2023-12-31 02:00:00,0.0
2023-12-31 03:00:00,0.0
2023-12-31 04:00:00,0.0
2023-12-31 05:00:00,0.0
2023-12-31 06:00:00,0.0
2023-12-31 07:00:00,0.0
2023-12-31 08:00:00,0.061
2023-12-31 09:00:00,0.6
2023-12-31 10:00:00,1.671
2023-12-31 11:00:00,2.461
2023-12-31 12:00:00,2.7359999999999998
2023-12-31 13:00:00,2.547
2023-12-31 14:00:00,2.024
2023-12-31 15:00:00,1.076
2023-12-31 16:00:00,0.289
2023-12-31 17:00:00,0.0
2023-12-31 18:00:00,0.0
2023-12-31 19:00:00,0.0
2023-12-31 20:00:00,0.0
2023-12-31 21:00:00,0.0
2023-12-31 22:00:00,0.0
2023-12-31 23:00:00,0.0
2024-01-01 00:00:00,0.0
