timestamp,facteur_charge
2021-01-01 01:00:00,0.784
2021-01-01 02:00:00,0.747
2021-01-01 03:00:00,0.763
2021-01-01 04:00:00,0.829
2021-01-01 05:00:00,0.927
2021-01-01 06:00:00,0.996
2021-01-01 07:00:00,1.034
2021-01-01 08:00:00,1.092
2021-01-01 09:00:00,1.123
2021-01-01 10:00:00,1.039
2021-01-01 11:00:00,0.982
2021-01-01 12:00:00,1.043
2021-01-01 13:00:00,1.075
2021-01-01 14:00:00,1.091
2021-01-01 15:00:00,1.104
2021-01-01 16:00:00,1.263
2021-01-01 17:00:00,1.5170000000000001
2021-01-01 18:00:00,1.647
2021-01-01 19:00:00,1.687
2021-01-01 20:00:00,1.674
2021-01-01 21:00:00,1.657
2021-01-01 22:00:00,1.642
2021-01-01 23:00:00,1.646
2021-01-02 00:00:00,1.684
2021-01-02 01:00:00,1.703
2021-01-02 02:00:00,1.623
2021-01-02 03:00:00,1.491
2021-01-02 04:00:00,1.353
2021-01-02 05:00:00,1.25
2021-01-02 06:00:00,1.254
2021-01-02 07:00:00,1.277
2021-01-02 08:00:00,1.229
2021-01-02 09:00:00,1.139
2021-01-02 10:00:00,0.996
2021-01-02 11:00:00,0.91
2021-01-02 12:00:00,1.065
2021-01-02 13:00:00,1.319
2021-01-02 14:00:00,1.4949999999999999
2021-01-02 15:00:00,1.639
2021-01-02 16:00:00,1.837
2021-01-02 17:00:00,2.055
2021-01-02 18:00:00,2.148
2021-01-02 19:00:00,2.089
2021-01-02 20:00:00,1.911
2021-01-02 21:00:00,1.683
2021-01-02 22:00:00,1.467
2021-01-02 23:00:00,1.279
2021-01-03 00:00:00,1.1400000000000001
2021-01-03 01:00:00,1.066
2021-01-03 02:00:00,1.0330000000000001
2021-01-03 03:00:00,0.9970000000000001
2021-01-03 04:00:00,0.915
2021-01-03 05:00:00,0.83
2021-01-03 06:00:00,0.801
2021-01-03 07:00:00,0.854
2021-01-03 08:00:00,0.95
2021-01-03 09:00:00,0.964
2021-01-03 10:00:00,0.907
2021-01-03 11:00:00,0.878
2021-01-03 12:00:00,0.867
2021-01-03 13:00:00,0.896
2021-01-03 14:00:00,0.9269999999999999
2021-01-03 15:00:00,0.9400000000000001
2021-01-03 16:00:00,1.102
2021-01-03 17:00:00,1.3
2021-01-03 18:00:00,1.382
2021-01-03 19:00:00,1.413
2021-01-03 20:00:00,1.397
2021-01-03 21:00:00,1.359
2021-01-03 22:00:00,1.368
2021-01-03 23:00:00,1.39
2021-01-04 00:00:00,1.467
2021-01-04 01:00:00,1.567
2021-01-04 02:00:00,1.746
2021-01-04 03:00:00,1.96
2021-01-04 04:00:00,2.088
2021-01-04 05:00:00,2.078
2021-01-04 06:00:00,2.069
2021-01-04 07:00:00,2.053
2021-01-04 08:00:00,2.032
2021-01-04 09:00:00,1.883
2021-01-04 10:00:00,1.744
2021-01-04 11:00:00,1.683
2021-01-04 12:00:00,1.609
2021-01-04 13:00:00,1.53
2021-01-04 14:00:00,1.4589999999999999
2021-01-04 15:00:00,1.33
2021-01-04 16:00:00,1.428
2021-01-04 17:00:00,1.703
2021-01-04 18:00:00,1.795
2021-01-04 19:00:00,1.781
2021-01-04 20:00:00,1.729
2021-01-04 21:00:00,1.562
2021-01-04 22:00:00,1.4360000000000002
2021-01-04 23:00:00,1.347
2021-01-05 00:00:00,1.319
2021-01-05 01:00:00,1.309
2021-01-05 02:00:00,1.298
2021-01-05 03:00:00,1.2489999999999999
2021-01-05 04:00:00,1.233
2021-01-05 05:00:00,1.2449999999999999
2021-01-05 06:00:00,1.291
2021-01-05 07:00:00,1.302
2021-01-05 08:00:00,1.326
2021-01-05 09:00:00,1.222
2021-01-05 10:00:00,0.999
2021-01-05 11:00:00,0.977
2021-01-05 12:00:00,0.997
2021-01-05 13:00:00,1.054
2021-01-05 14:00:00,1.127
2021-01-05 15:00:00,1.135
2021-01-05 16:00:00,1.252
2021-01-05 17:00:00,1.462
2021-01-05 18:00:00,1.571
2021-01-05 19:00:00,1.613
2021-01-05 20:00:00,1.6600000000000001
2021-01-05 21:00:00,1.667
2021-01-05 22:00:00,1.677
2021-01-05 23:00:00,1.647
2021-01-06 00:00:00,1.597
2021-01-06 01:00:00,1.571
2021-01-06 02:00:00,1.53
2021-01-06 03:00:00,1.4649999999999999
2021-01-06 04:00:00,1.412
2021-01-06 05:00:00,1.377
2021-01-06 06:00:00,1.3679999999999999
2021-01-06 07:00:00,1.32
2021-01-06 08:00:00,1.23
2021-01-06 09:00:00,1.11
2021-01-06 10:00:00,0.9890000000000001
2021-01-06 11:00:00,0.954
2021-01-06 12:00:00,0.943
2021-01-06 13:00:00,0.929
2021-01-06 14:00:00,0.917
2021-01-06 15:00:00,0.907
2021-01-06 16:00:00,0.982
2021-01-06 17:00:00,1.084
2021-01-06 18:00:00,1.113
2021-01-06 19:00:00,1.091
2021-01-06 20:00:00,1.058
2021-01-06 21:00:00,1.0150000000000001
2021-01-06 22:00:00,0.952
2021-01-06 23:00:00,0.868
2021-01-07 00:00:00,0.7909999999999999
2021-01-07 01:00:00,0.7350000000000001
2021-01-07 02:00:00,0.69
2021-01-07 03:00:00,0.6599999999999999
2021-01-07 04:00:00,0.645
2021-01-07 05:00:00,0.611
2021-01-07 06:00:00,0.593
2021-01-07 07:00:00,0.599
2021-01-07 08:00:00,0.5960000000000001
2021-01-07 09:00:00,0.538
2021-01-07 10:00:00,0.435
2021-01-07 11:00:00,0.379
2021-01-07 12:00:00,0.334
2021-01-07 13:00:00,0.322
2021-01-07 14:00:00,0.357
2021-01-07 15:00:00,0.42200000000000004
2021-01-07 16:00:00,0.543
2021-01-07 17:00:00,0.651
2021-01-07 18:00:00,0.6980000000000001
2021-01-07 19:00:00,0.7180000000000001
2021-01-07 20:00:00,0.6980000000000001
2021-01-07 21:00:00,0.6519999999999999
2021-01-07 22:00:00,0.633
2021-01-07 23:00:00,0.656
2021-01-08 00:00:00,0.691
2021-01-08 01:00:00,0.706
2021-01-08 02:00:00,0.7030000000000001
2021-01-08 03:00:00,0.7030000000000001
2021-01-08 04:00:00,0.719
2021-01-08 05:00:00,0.7449999999999999
2021-01-08 06:00:00,0.756
2021-01-08 07:00:00,0.762
2021-01-08 08:00:00,0.776
2021-01-08 09:00:00,0.745
2021-01-08 10:00:00,0.59
2021-01-08 11:00:00,0.469
2021-01-08 12:00:00,0.476
2021-01-08 13:00:00,0.484
2021-01-08 14:00:00,0.498
2021-01-08 15:00:00,0.5660000000000001
2021-01-08 16:00:00,0.734
2021-01-08 17:00:00,0.9490000000000001
2021-01-08 18:00:00,1.165
2021-01-08 19:00:00,1.312
2021-01-08 20:00:00,1.433
2021-01-08 21:00:00,1.451
2021-01-08 22:00:00,1.495
2021-01-08 23:00:00,1.5590000000000002
2021-01-09 00:00:00,1.627
2021-01-09 01:00:00,1.7309999999999999
2021-01-09 02:00:00,1.953
2021-01-09 03:00:00,2.223
2021-01-09 04:00:00,2.452
2021-01-09 05:00:00,2.627
2021-01-09 06:00:00,2.734
2021-01-09 07:00:00,2.7169999999999996
2021-01-09 08:00:00,2.309
2021-01-09 09:00:00,2.447
2021-01-09 10:00:00,2.653
2021-01-09 11:00:00,2.882
2021-01-09 12:00:00,3.115
2021-01-09 13:00:00,3.2880000000000003
2021-01-09 14:00:00,3.416
2021-01-09 15:00:00,3.45
2021-01-09 16:00:00,3.622
2021-01-09 17:00:00,3.85
2021-01-09 18:00:00,3.888
2021-01-09 19:00:00,3.787
2021-01-09 20:00:00,3.585
2021-01-09 21:00:00,3.377
2021-01-09 22:00:00,3.2
2021-01-09 23:00:00,3.0469999999999997
2021-01-10 00:00:00,2.883
2021-01-10 01:00:00,2.768
2021-01-10 02:00:00,2.661
2021-01-10 03:00:00,2.5709999999999997
2021-01-10 04:00:00,2.535
2021-01-10 05:00:00,2.513
2021-01-10 06:00:00,2.452
2021-01-10 07:00:00,2.3609999999999998
2021-01-10 08:00:00,2.213
2021-01-10 09:00:00,2.1109999999999998
2021-01-10 10:00:00,1.9340000000000002
2021-01-10 11:00:00,1.758
2021-01-10 12:00:00,1.71
2021-01-10 13:00:00,1.722
2021-01-10 14:00:00,1.749
2021-01-10 15:00:00,1.7670000000000001
2021-01-10 16:00:00,1.945
2021-01-10 17:00:00,2.238
2021-01-10 18:00:00,2.302
2021-01-10 19:00:00,2.165
2021-01-10 20:00:00,1.9749999999999999
2021-01-10 21:00:00,1.7970000000000002
2021-01-10 22:00:00,1.645
2021-01-10 23:00:00,1.5070000000000001
2021-01-11 00:00:00,1.3599999999999999
2021-01-11 01:00:00,1.264
2021-01-11 02:00:00,1.214
2021-01-11 03:00:00,1.196
2021-01-11 04:00:00,1.2089999999999999
2021-01-11 05:00:00,1.287
2021-01-11 06:00:00,1.399
2021-01-11 07:00:00,1.467
2021-01-11 08:00:00,1.551
2021-01-11 09:00:00,1.564
2021-01-11 10:00:00,1.421
2021-01-11 11:00:00,1.364
2021-01-11 12:00:00,1.454
2021-01-11 13:00:00,1.574
2021-01-11 14:00:00,1.689
2021-01-11 15:00:00,1.873
2021-01-11 16:00:00,2.033
2021-01-11 17:00:00,2.235
2021-01-11 18:00:00,2.293
2021-01-11 19:00:00,2.255
2021-01-11 20:00:00,2.236
2021-01-11 21:00:00,2.323
2021-01-11 22:00:00,2.316
2021-01-11 23:00:00,2.4379999999999997
2021-01-12 00:00:00,2.662
2021-01-12 01:00:00,2.838
2021-01-12 02:00:00,3.136
2021-01-12 03:00:00,3.2279999999999998
2021-01-12 04:00:00,3.3810000000000002
2021-01-12 05:00:00,3.484
2021-01-12 06:00:00,3.647
2021-01-12 07:00:00,3.841
2021-01-12 08:00:00,3.939
2021-01-12 09:00:00,3.896
2021-01-12 10:00:00,3.794
2021-01-12 11:00:00,3.842
2021-01-12 12:00:00,4.108
2021-01-12 13:00:00,4.223
2021-01-12 14:00:00,4.266
2021-01-12 15:00:00,4.216
2021-01-12 16:00:00,4.092
2021-01-12 17:00:00,3.913
2021-01-12 18:00:00,3.633
2021-01-12 19:00:00,3.377
2021-01-12 20:00:00,3.197
2021-01-12 21:00:00,3.077
2021-01-12 22:00:00,2.928
2021-01-12 23:00:00,2.933
2021-01-13 00:00:00,2.989
2021-01-13 01:00:00,3.051
2021-01-13 02:00:00,3.096
2021-01-13 03:00:00,3.093
2021-01-13 04:00:00,3.199
2021-01-13 05:00:00,3.164
2021-01-13 06:00:00,3.061
2021-01-13 07:00:00,3.024
2021-01-13 08:00:00,3.044
2021-01-13 09:00:00,2.934
2021-01-13 10:00:00,2.81
2021-01-13 11:00:00,2.788
2021-01-13 12:00:00,2.948
2021-01-13 13:00:00,3.199
2021-01-13 14:00:00,3.1189999999999998
2021-01-13 15:00:00,2.921
2021-01-13 16:00:00,2.873
2021-01-13 17:00:00,2.851
2021-01-13 18:00:00,2.806
2021-01-13 19:00:00,2.784
2021-01-13 20:00:00,2.748
2021-01-13 21:00:00,2.775
2021-01-13 22:00:00,2.706
2021-01-13 23:00:00,2.701
2021-01-14 00:00:00,2.731
2021-01-14 01:00:00,2.878
2021-01-14 02:00:00,2.9779999999999998
2021-01-14 03:00:00,3.195
2021-01-14 04:00:00,3.425
2021-01-14 05:00:00,3.676
2021-01-14 06:00:00,3.763
2021-01-14 07:00:00,3.862
2021-01-14 08:00:00,3.843
2021-01-14 09:00:00,3.958
2021-01-14 10:00:00,3.894
2021-01-14 11:00:00,4.131
2021-01-14 12:00:00,4.445
2021-01-14 13:00:00,4.713
2021-01-14 14:00:00,4.797
2021-01-14 15:00:00,4.753
2021-01-14 16:00:00,4.734
2021-01-14 17:00:00,4.714
2021-01-14 18:00:00,4.628
2021-01-14 19:00:00,4.447
2021-01-14 20:00:00,4.205
2021-01-14 21:00:00,3.862
2021-01-14 22:00:00,3.589
2021-01-14 23:00:00,3.415
2021-01-15 00:00:00,3.275
2021-01-15 01:00:00,3.1319999999999997
2021-01-15 02:00:00,2.968
2021-01-15 03:00:00,2.887
2021-01-15 04:00:00,2.862
2021-01-15 05:00:00,2.856
2021-01-15 06:00:00,2.816
2021-01-15 07:00:00,2.748
2021-01-15 08:00:00,2.7039999999999997
2021-01-15 09:00:00,2.493
2021-01-15 10:00:00,2.333
2021-01-15 11:00:00,2.569
2021-01-15 12:00:00,2.596
2021-01-15 13:00:00,2.4210000000000003
2021-01-15 14:00:00,2.2
2021-01-15 15:00:00,1.996
2021-01-15 16:00:00,1.858
2021-01-15 17:00:00,1.819
2021-01-15 18:00:00,1.738
2021-01-15 19:00:00,1.6199999999999999
2021-01-15 20:00:00,1.5070000000000001
2021-01-15 21:00:00,1.443
2021-01-15 22:00:00,1.384
2021-01-15 23:00:00,1.3599999999999999
2021-01-16 00:00:00,1.362
2021-01-16 01:00:00,1.404
2021-01-16 02:00:00,1.444
2021-01-16 03:00:00,1.431
2021-01-16 04:00:00,1.457
2021-01-16 05:00:00,1.59
2021-01-16 06:00:00,1.782
2021-01-16 07:00:00,2.052
2021-01-16 08:00:00,2.293
2021-01-16 09:00:00,2.4179999999999997
2021-01-16 10:00:00,2.492
2021-01-16 11:00:00,2.6630000000000003
2021-01-16 12:00:00,2.8289999999999997
2021-01-16 13:00:00,2.955
2021-01-16 14:00:00,2.858
2021-01-16 15:00:00,2.662
2021-01-16 16:00:00,2.6390000000000002
2021-01-16 17:00:00,2.791
2021-01-16 18:00:00,2.803
2021-01-16 19:00:00,2.594
2021-01-16 20:00:00,2.347
2021-01-16 21:00:00,2.318
2021-01-16 22:00:00,2.378
2021-01-16 23:00:00,2.645
2021-01-17 00:00:00,2.999
2021-01-17 01:00:00,3.247
2021-01-17 02:00:00,3.527
2021-01-17 03:00:00,3.686
2021-01-17 04:00:00,3.758
2021-01-17 05:00:00,3.6740000000000004
2021-01-17 06:00:00,3.692
2021-01-17 07:00:00,3.649
2021-01-17 08:00:00,3.673
2021-01-17 09:00:00,3.517
2021-01-17 10:00:00,3.3480000000000003
2021-01-17 11:00:00,3.211
2021-01-17 12:00:00,3.254
2021-01-17 13:00:00,3.136
2021-01-17 14:00:00,2.847
2021-01-17 15:00:00,2.484
2021-01-17 16:00:00,2.302
2021-01-17 17:00:00,2.275
2021-01-17 18:00:00,2.088
2021-01-17 19:00:00,1.915
2021-01-17 20:00:00,1.799
2021-01-17 21:00:00,1.645
2021-01-17 22:00:00,1.52
2021-01-17 23:00:00,1.443
2021-01-18 00:00:00,1.38
2021-01-18 01:00:00,1.3450000000000002
2021-01-18 02:00:00,1.299
2021-01-18 03:00:00,1.286
2021-01-18 04:00:00,1.3130000000000002
2021-01-18 05:00:00,1.363
2021-01-18 06:00:00,1.374
2021-01-18 07:00:00,1.3699999999999999
2021-01-18 08:00:00,1.436
2021-01-18 09:00:00,1.3900000000000001
2021-01-18 10:00:00,1.249
2021-01-18 11:00:00,1.18
2021-01-18 12:00:00,1.271
2021-01-18 13:00:00,1.4280000000000002
2021-01-18 14:00:00,1.51
2021-01-18 15:00:00,1.5230000000000001
2021-01-18 16:00:00,1.539
2021-01-18 17:00:00,1.816
2021-01-18 18:00:00,2.074
2021-01-18 19:00:00,2.221
2021-01-18 20:00:00,2.369
2021-01-18 21:00:00,2.521
2021-01-18 22:00:00,2.684
2021-01-18 23:00:00,2.82
2021-01-19 00:00:00,2.964
2021-01-19 01:00:00,2.973
2021-01-19 02:00:00,3.072
2021-01-19 03:00:00,3.068
2021-01-19 04:00:00,3.137
2021-01-19 05:00:00,3.13
2021-01-19 06:00:00,3.119
2021-01-19 07:00:00,3.101
2021-01-19 08:00:00,2.935
2021-01-19 09:00:00,2.743
2021-01-19 10:00:00,2.658
2021-01-19 11:00:00,2.758
2021-01-19 12:00:00,3.013
2021-01-19 13:00:00,3.201
2021-01-19 14:00:00,3.3480000000000003
2021-01-19 15:00:00,3.376
2021-01-19 16:00:00,3.458
2021-01-19 17:00:00,3.639
2021-01-19 18:00:00,3.77
2021-01-19 19:00:00,3.818
2021-01-19 20:00:00,3.839
2021-01-19 21:00:00,3.915
2021-01-19 22:00:00,3.9770000000000003
2021-01-19 23:00:00,3.983
2021-01-20 00:00:00,3.9610000000000003
2021-01-20 01:00:00,3.995
2021-01-20 02:00:00,3.992
2021-01-20 03:00:00,4.008
2021-01-20 04:00:00,3.954
2021-01-20 05:00:00,3.748
2021-01-20 06:00:00,3.7119999999999997
2021-01-20 07:00:00,3.821
2021-01-20 08:00:00,4.086
2021-01-20 09:00:00,4.192
2021-01-20 10:00:00,4.295
2021-01-20 11:00:00,4.547
2021-01-20 12:00:00,4.854
2021-01-20 13:00:00,5.109
2021-01-20 14:00:00,5.207
2021-01-20 15:00:00,5.2669999999999995
2021-01-20 16:00:00,5.396
2021-01-20 17:00:00,5.59
2021-01-20 18:00:00,5.7299999999999995
2021-01-20 19:00:00,5.824
2021-01-20 20:00:00,5.882
2021-01-20 21:00:00,5.865
2021-01-20 22:00:00,5.73
2021-01-20 23:00:00,5.536
2021-01-21 00:00:00,5.256
2021-01-21 01:00:00,4.889
2021-01-21 02:00:00,4.529
2021-01-21 03:00:00,4.416
2021-01-21 04:00:00,4.405
2021-01-21 05:00:00,4.251
2021-01-21 06:00:00,3.988
2021-01-21 07:00:00,3.786
2021-01-21 08:00:00,3.685
2021-01-21 09:00:00,3.638
2021-01-21 10:00:00,3.677
2021-01-21 11:00:00,3.96
2021-01-21 12:00:00,4.277
2021-01-21 13:00:00,4.52
2021-01-21 14:00:00,4.68
2021-01-21 15:00:00,4.676
2021-01-21 16:00:00,4.602
2021-01-21 17:00:00,4.495
2021-01-21 18:00:00,4.354
2021-01-21 19:00:00,4.082
2021-01-21 20:00:00,3.829
2021-01-21 21:00:00,3.64
2021-01-21 22:00:00,3.493
2021-01-21 23:00:00,3.311
2021-01-22 00:00:00,2.988
2021-01-22 01:00:00,2.633
2021-01-22 02:00:00,2.489
2021-01-22 03:00:00,2.349
2021-01-22 04:00:00,2.1670000000000003
2021-01-22 05:00:00,2.037
2021-01-22 06:00:00,2.048
2021-01-22 07:00:00,1.9689999999999999
2021-01-22 08:00:00,2.193
2021-01-22 09:00:00,2.609
2021-01-22 10:00:00,2.674
2021-01-22 11:00:00,2.769
2021-01-22 12:00:00,3.146
2021-01-22 13:00:00,3.35
2021-01-22 14:00:00,3.4299999999999997
2021-01-22 15:00:00,3.519
2021-01-22 16:00:00,3.827
2021-01-22 17:00:00,4.072
2021-01-22 18:00:00,4.202999999999999
2021-01-22 19:00:00,4.308
2021-01-22 20:00:00,4.385
2021-01-22 21:00:00,4.396
2021-01-22 22:00:00,4.318
2021-01-22 23:00:00,4.29
2021-01-23 00:00:00,4.333
2021-01-23 01:00:00,4.34
2021-01-23 02:00:00,4.276
2021-01-23 03:00:00,4.508
2021-01-23 04:00:00,4.555
2021-01-23 05:00:00,4.811
2021-01-23 06:00:00,4.799
2021-01-23 07:00:00,4.652
2021-01-23 08:00:00,4.4639999999999995
2021-01-23 09:00:00,4.192
2021-01-23 10:00:00,4.154
2021-01-23 11:00:00,4.263
2021-01-23 12:00:00,4.354
2021-01-23 13:00:00,4.442
2021-01-23 14:00:00,4.08
2021-01-23 15:00:00,3.364
2021-01-23 16:00:00,2.658
2021-01-23 17:00:00,2.3819999999999997
2021-01-23 18:00:00,2.1630000000000003
2021-01-23 19:00:00,2.042
2021-01-23 20:00:00,2.075
2021-01-23 21:00:00,2.084
2021-01-23 22:00:00,1.993
2021-01-23 23:00:00,1.893
2021-01-24 00:00:00,1.742
2021-01-24 01:00:00,1.764
2021-01-24 02:00:00,1.888
2021-01-24 03:00:00,2.069
2021-01-24 04:00:00,2.232
2021-01-24 05:00:00,2.547
2021-01-24 06:00:00,2.843
2021-01-24 07:00:00,3.109
2021-01-24 08:00:00,3.55
2021-01-24 09:00:00,3.822
2021-01-24 10:00:00,3.908
2021-01-24 11:00:00,4.125
2021-01-24 12:00:00,4.362
2021-01-24 13:00:00,4.498
2021-01-24 14:00:00,4.558
2021-01-24 15:00:00,4.388
2021-01-24 16:00:00,4.231
2021-01-24 17:00:00,4.219
2021-01-24 18:00:00,3.982
2021-01-24 19:00:00,3.6229999999999998
2021-01-24 20:00:00,3.552
2021-01-24 21:00:00,3.672
2021-01-24 22:00:00,3.903
2021-01-24 23:00:00,4.081
2021-01-25 00:00:00,4.062
2021-01-25 01:00:00,4.095
2021-01-25 02:00:00,4.105
2021-01-25 03:00:00,4.003
2021-01-25 04:00:00,3.751
2021-01-25 05:00:00,3.5650000000000004
2021-01-25 06:00:00,3.466
2021-01-25 07:00:00,3.321
2021-01-25 08:00:00,3.096
2021-01-25 09:00:00,2.756
2021-01-25 10:00:00,2.412
2021-01-25 11:00:00,2.617
2021-01-25 12:00:00,2.562
2021-01-25 13:00:00,2.456
2021-01-25 14:00:00,2.406
2021-01-25 15:00:00,2.3869999999999996
2021-01-25 16:00:00,2.4
2021-01-25 17:00:00,2.5469999999999997
2021-01-25 18:00:00,2.572
2021-01-25 19:00:00,2.4610000000000003
2021-01-25 20:00:00,2.373
2021-01-25 21:00:00,2.2520000000000002
2021-01-25 22:00:00,2.122
2021-01-25 23:00:00,2.042
2021-01-26 00:00:00,2.0949999999999998
2021-01-26 01:00:00,2.26
2021-01-26 02:00:00,2.443
2021-01-26 03:00:00,2.645
2021-01-26 04:00:00,2.8200000000000003
2021-01-26 05:00:00,2.911
2021-01-26 06:00:00,2.9219999999999997
2021-01-26 07:00:00,2.9050000000000002
2021-01-26 08:00:00,2.84
2021-01-26 09:00:00,2.5140000000000002
2021-01-26 10:00:00,2.162
2021-01-26 11:00:00,2.106
2021-01-26 12:00:00,2.313
2021-01-26 13:00:00,2.453
2021-01-26 14:00:00,2.539
2021-01-26 15:00:00,2.618
2021-01-26 16:00:00,2.853
2021-01-26 17:00:00,3.093
2021-01-26 18:00:00,3.108
2021-01-26 19:00:00,3.026
2021-01-26 20:00:00,2.809
2021-01-26 21:00:00,2.503
2021-01-26 22:00:00,2.262
2021-01-26 23:00:00,2.275
2021-01-27 00:00:00,2.526
2021-01-27 01:00:00,2.743
2021-01-27 02:00:00,2.827
2021-01-27 03:00:00,2.759
2021-01-27 04:00:00,2.685
2021-01-27 05:00:00,2.5140000000000002
2021-01-27 06:00:00,2.306
2021-01-27 07:00:00,1.998
2021-01-27 08:00:00,1.774
2021-01-27 09:00:00,1.603
2021-01-27 10:00:00,1.3659999999999999
2021-01-27 11:00:00,1.333
2021-01-27 12:00:00,1.523
2021-01-27 13:00:00,1.77
2021-01-27 14:00:00,1.9
2021-01-27 15:00:00,2.028
2021-01-27 16:00:00,2.174
2021-01-27 17:00:00,2.394
2021-01-27 18:00:00,2.5869999999999997
2021-01-27 19:00:00,2.722
2021-01-27 20:00:00,2.718
2021-01-27 21:00:00,2.701
2021-01-27 22:00:00,2.704
2021-01-27 23:00:00,2.737
2021-01-28 00:00:00,2.839
2021-01-28 01:00:00,3.091
2021-01-28 02:00:00,3.29
2021-01-28 03:00:00,3.199
2021-01-28 04:00:00,3.267
2021-01-28 05:00:00,3.633
2021-01-28 06:00:00,3.84
2021-01-28 07:00:00,4.156
2021-01-28 08:00:00,4.267
2021-01-28 09:00:00,4.201
2021-01-28 10:00:00,4.2780000000000005
2021-01-28 11:00:00,4.417
2021-01-28 12:00:00,4.575
2021-01-28 13:00:00,4.721
2021-01-28 14:00:00,4.717
2021-01-28 15:00:00,4.581
2021-01-28 16:00:00,4.334
2021-01-28 17:00:00,4.106
2021-01-28 18:00:00,3.956
2021-01-28 19:00:00,4.127
2021-01-28 20:00:00,4.111
2021-01-28 21:00:00,4.053
2021-01-28 22:00:00,4.271
2021-01-28 23:00:00,4.669
2021-01-29 00:00:00,4.897
2021-01-29 01:00:00,4.8870000000000005
2021-01-29 02:00:00,4.789
2021-01-29 03:00:00,4.853
2021-01-29 04:00:00,4.872
2021-01-29 05:00:00,4.9479999999999995
2021-01-29 06:00:00,5.104
2021-01-29 07:00:00,5.164
2021-01-29 08:00:00,5.031
2021-01-29 09:00:00,4.897
2021-01-29 10:00:00,5.107
2021-01-29 11:00:00,5.414
2021-01-29 12:00:00,5.5969999999999995
2021-01-29 13:00:00,5.518
2021-01-29 14:00:00,5.225
2021-01-29 15:00:00,4.818
2021-01-29 16:00:00,4.285
2021-01-29 17:00:00,3.898
2021-01-29 18:00:00,3.778
2021-01-29 19:00:00,3.5869999999999997
2021-01-29 20:00:00,3.428
2021-01-29 21:00:00,3.2960000000000003
2021-01-29 22:00:00,3.319
2021-01-29 23:00:00,3.519
2021-01-30 00:00:00,3.708
2021-01-30 01:00:00,3.703
2021-01-30 02:00:00,3.578
2021-01-30 03:00:00,3.444
2021-01-30 04:00:00,3.431
2021-01-30 05:00:00,3.341
2021-01-30 06:00:00,3.088
2021-01-30 07:00:00,3.073
2021-01-30 08:00:00,3.21
2021-01-30 09:00:00,3.31
2021-01-30 10:00:00,3.433
2021-01-30 11:00:00,3.774
2021-01-30 12:00:00,4.002
2021-01-30 13:00:00,3.931
2021-01-30 14:00:00,3.699
2021-01-30 15:00:00,3.665
2021-01-30 16:00:00,3.966
2021-01-30 17:00:00,4.115
2021-01-30 18:00:00,4.114
2021-01-30 19:00:00,4.102
2021-01-30 20:00:00,4.079
2021-01-30 21:00:00,3.9059999999999997
2021-01-30 22:00:00,3.745
2021-01-30 23:00:00,3.718
2021-01-31 00:00:00,3.943
2021-01-31 01:00:00,4.116
2021-01-31 02:00:00,4.129
2021-01-31 03:00:00,4.04
2021-01-31 04:00:00,3.904
2021-01-31 05:00:00,3.678
2021-01-31 06:00:00,3.388
2021-01-31 07:00:00,3.1119999999999997
2021-01-31 08:00:00,2.903
2021-01-31 09:00:00,2.656
2021-01-31 10:00:00,2.5789999999999997
2021-01-31 11:00:00,2.725
2021-01-31 12:00:00,2.887
2021-01-31 13:00:00,2.843
2021-01-31 14:00:00,2.9779999999999998
2021-01-31 15:00:00,3.371
2021-01-31 16:00:00,3.547
2021-01-31 17:00:00,3.6790000000000003
2021-01-31 18:00:00,3.6679999999999997
2021-01-31 19:00:00,3.541
2021-01-31 20:00:00,3.527
2021-01-31 21:00:00,3.483
2021-01-31 22:00:00,3.35
2021-01-31 23:00:00,3.364
2021-02-01 00:00:00,3.43
2021-02-01 01:00:00,3.521
2021-02-01 02:00:00,3.632
2021-02-01 03:00:00,3.577
2021-02-01 04:00:00,3.459
2021-02-01 05:00:00,3.335
2021-02-01 06:00:00,3.29
2021-02-01 07:00:00,3.282
2021-02-01 08:00:00,3.297
2021-02-01 09:00:00,3.301
2021-02-01 10:00:00,3.455
2021-02-01 11:00:00,3.605
2021-02-01 12:00:00,3.7199999999999998
2021-02-01 13:00:00,3.8209999999999997
2021-02-01 14:00:00,3.8529999999999998
2021-02-01 15:00:00,3.747
2021-02-01 16:00:00,3.358
2021-02-01 17:00:00,3.1029999999999998
2021-02-01 18:00:00,3.009
2021-02-01 19:00:00,2.633
2021-02-01 20:00:00,2.401
2021-02-01 21:00:00,2.226
2021-02-01 22:00:00,2.4610000000000003
2021-02-01 23:00:00,3.153
2021-02-02 00:00:00,3.558
2021-02-02 01:00:00,3.794
2021-02-02 02:00:00,3.9379999999999997
2021-02-02 03:00:00,4.075
2021-02-02 04:00:00,3.899
2021-02-02 05:00:00,3.73
2021-02-02 06:00:00,3.606
2021-02-02 07:00:00,3.482
2021-02-02 08:00:00,3.4779999999999998
2021-02-02 09:00:00,3.404
2021-02-02 10:00:00,3.461
2021-02-02 11:00:00,3.517
2021-02-02 12:00:00,3.517
2021-02-02 13:00:00,3.618
2021-02-02 14:00:00,3.733
2021-02-02 15:00:00,3.674
2021-02-02 16:00:00,3.491
2021-02-02 17:00:00,3.351
2021-02-02 18:00:00,3.303
2021-02-02 19:00:00,3.278
2021-02-02 20:00:00,3.155
2021-02-02 21:00:00,3.199
2021-02-02 22:00:00,3.32
2021-02-02 23:00:00,3.487
2021-02-03 00:00:00,3.514
2021-02-03 01:00:00,3.515
2021-02-03 02:00:00,3.657
2021-02-03 03:00:00,3.876
2021-02-03 04:00:00,4.051
2021-02-03 05:00:00,4.248
2021-02-03 06:00:00,4.45
2021-02-03 07:00:00,4.561
2021-02-03 08:00:00,4.616
2021-02-03 09:00:00,4.601
2021-02-03 10:00:00,4.5969999999999995
2021-02-03 11:00:00,4.702
2021-02-03 12:00:00,4.57
2021-02-03 13:00:00,4.208
2021-02-03 14:00:00,3.8120000000000003
2021-02-03 15:00:00,3.245
2021-02-03 16:00:00,2.601
2021-02-03 17:00:00,2.256
2021-02-03 18:00:00,2.019
2021-02-03 19:00:00,1.9040000000000001
2021-02-03 20:00:00,1.94
2021-02-03 21:00:00,2.161
2021-02-03 22:00:00,2.243
2021-02-03 23:00:00,2.224
2021-02-04 00:00:00,2.153
2021-02-04 01:00:00,2.034
2021-02-04 02:00:00,1.829
2021-02-04 03:00:00,1.644
2021-02-04 04:00:00,1.489
2021-02-04 05:00:00,1.398
2021-02-04 06:00:00,1.359
2021-02-04 07:00:00,1.349
2021-02-04 08:00:00,1.317
2021-02-04 09:00:00,1.154
2021-02-04 10:00:00,1.025
2021-02-04 11:00:00,1.0499999999999998
2021-02-04 12:00:00,1.197
2021-02-04 13:00:00,1.342
2021-02-04 14:00:00,1.4
2021-02-04 15:00:00,1.366
2021-02-04 16:00:00,1.293
2021-02-04 17:00:00,1.483
2021-02-04 18:00:00,1.759
2021-02-04 19:00:00,1.841
2021-02-04 20:00:00,1.811
2021-02-04 21:00:00,1.697
2021-02-04 22:00:00,1.686
2021-02-04 23:00:00,1.663
2021-02-05 00:00:00,1.6480000000000001
2021-02-05 01:00:00,1.566
2021-02-05 02:00:00,1.484
2021-02-05 03:00:00,1.42
2021-02-05 04:00:00,1.422
2021-02-05 05:00:00,1.3399999999999999
2021-02-05 06:00:00,1.296
2021-02-05 07:00:00,1.313
2021-02-05 08:00:00,1.327
2021-02-05 09:00:00,1.183
2021-02-05 10:00:00,1.041
2021-02-05 11:00:00,1.1480000000000001
2021-02-05 12:00:00,1.292
2021-02-05 13:00:00,1.431
2021-02-05 14:00:00,1.518
2021-02-05 15:00:00,1.529
2021-02-05 16:00:00,1.492
2021-02-05 17:00:00,1.557
2021-02-05 18:00:00,1.579
2021-02-05 19:00:00,1.608
2021-02-05 20:00:00,1.646
2021-02-05 21:00:00,1.6720000000000002
2021-02-05 22:00:00,1.76
2021-02-05 23:00:00,1.863
2021-02-06 00:00:00,1.916
2021-02-06 01:00:00,1.93
2021-02-06 02:00:00,1.931
2021-02-06 03:00:00,1.896
2021-02-06 04:00:00,1.8599999999999999
2021-02-06 05:00:00,1.881
2021-02-06 06:00:00,1.978
2021-02-06 07:00:00,2.115
2021-02-06 08:00:00,2.218
2021-02-06 09:00:00,2.188
2021-02-06 10:00:00,2.244
2021-02-06 11:00:00,2.4450000000000003
2021-02-06 12:00:00,2.607
2021-02-06 13:00:00,2.84
2021-02-06 14:00:00,3.093
2021-02-06 15:00:00,3.226
2021-02-06 16:00:00,3.32
2021-02-06 17:00:00,3.585
2021-02-06 18:00:00,3.733
2021-02-06 19:00:00,3.711
2021-02-06 20:00:00,3.449
2021-02-06 21:00:00,3.2729999999999997
2021-02-06 22:00:00,3.13
2021-02-06 23:00:00,2.824
2021-02-07 00:00:00,2.722
2021-02-07 01:00:00,2.661
2021-02-07 02:00:00,2.43
2021-02-07 03:00:00,2.31
2021-02-07 04:00:00,2.24
2021-02-07 05:00:00,2.2199999999999998
2021-02-07 06:00:00,2.317
2021-02-07 07:00:00,2.314
2021-02-07 08:00:00,2.251
2021-02-07 09:00:00,2.217
2021-02-07 10:00:00,2.3390000000000004
2021-02-07 11:00:00,2.6310000000000002
2021-02-07 12:00:00,2.705
2021-02-07 13:00:00,2.768
2021-02-07 14:00:00,2.801
2021-02-07 15:00:00,2.84
2021-02-07 16:00:00,2.732
2021-02-07 17:00:00,2.6
2021-02-07 18:00:00,2.662
2021-02-07 19:00:00,2.676
2021-02-07 20:00:00,2.623
2021-02-07 21:00:00,2.535
2021-02-07 22:00:00,2.4939999999999998
2021-02-07 23:00:00,2.51
2021-02-08 00:00:00,2.509
2021-02-08 01:00:00,2.505
2021-02-08 02:00:00,2.511
2021-02-08 03:00:00,2.5069999999999997
2021-02-08 04:00:00,2.47
2021-02-08 05:00:00,2.3979999999999997
2021-02-08 06:00:00,2.316
2021-02-08 07:00:00,2.2199999999999998
2021-02-08 08:00:00,2.104
2021-02-08 09:00:00,1.8940000000000001
2021-02-08 10:00:00,1.972
2021-02-08 11:00:00,2.0549999999999997
2021-02-08 12:00:00,2.0669999999999997
2021-02-08 13:00:00,2.0709999999999997
2021-02-08 14:00:00,2.094
2021-02-08 15:00:00,2.141
2021-02-08 16:00:00,2.197
2021-02-08 17:00:00,2.148
2021-02-08 18:00:00,2.173
2021-02-08 19:00:00,2.125
2021-02-08 20:00:00,2.073
2021-02-08 21:00:00,1.932
2021-02-08 22:00:00,1.706
2021-02-08 23:00:00,1.555
2021-02-09 00:00:00,1.545
2021-02-09 01:00:00,1.661
2021-02-09 02:00:00,1.841
2021-02-09 03:00:00,2.072
2021-02-09 04:00:00,2.178
2021-02-09 05:00:00,2.31
2021-02-09 06:00:00,2.44
2021-02-09 07:00:00,2.616
2021-02-09 08:00:00,2.791
2021-02-09 09:00:00,2.945
2021-02-09 10:00:00,3.016
2021-02-09 11:00:00,3.132
2021-02-09 12:00:00,3.405
2021-02-09 13:00:00,3.535
2021-02-09 14:00:00,3.511
2021-02-09 15:00:00,3.523
2021-02-09 16:00:00,3.569
2021-02-09 17:00:00,3.73
2021-02-09 18:00:00,3.904
2021-02-09 19:00:00,4.011
2021-02-09 20:00:00,4.187
2021-02-09 21:00:00,4.318
2021-02-09 22:00:00,4.323
2021-02-09 23:00:00,4.327
2021-02-10 00:00:00,4.246
2021-02-10 01:00:00,4.08
2021-02-10 02:00:00,4.038
2021-02-10 03:00:00,3.872
2021-02-10 04:00:00,3.7110000000000003
2021-02-10 05:00:00,3.605
2021-02-10 06:00:00,3.447
2021-02-10 07:00:00,3.3449999999999998
2021-02-10 08:00:00,3.19
2021-02-10 09:00:00,3.257
2021-02-10 10:00:00,3.373
2021-02-10 11:00:00,3.289
2021-02-10 12:00:00,3.2169999999999996
2021-02-10 13:00:00,3.147
2021-02-10 14:00:00,3.045
2021-02-10 15:00:00,2.9050000000000002
2021-02-10 16:00:00,2.652
2021-02-10 17:00:00,2.456
2021-02-10 18:00:00,2.646
2021-02-10 19:00:00,2.8470000000000004
2021-02-10 20:00:00,2.933
2021-02-10 21:00:00,2.9589999999999996
2021-02-10 22:00:00,2.961
2021-02-10 23:00:00,2.877
2021-02-11 00:00:00,2.844
2021-02-11 01:00:00,2.832
2021-02-11 02:00:00,2.851
2021-02-11 03:00:00,2.875
2021-02-11 04:00:00,3.001
2021-02-11 05:00:00,3.018
2021-02-11 06:00:00,3.032
2021-02-11 07:00:00,3.1189999999999998
2021-02-11 08:00:00,3.115
2021-02-11 09:00:00,3.292
2021-02-11 10:00:00,3.581
2021-02-11 11:00:00,3.771
2021-02-11 12:00:00,3.804
2021-02-11 13:00:00,3.709
2021-02-11 14:00:00,3.644
2021-02-11 15:00:00,3.545
2021-02-11 16:00:00,3.361
2021-02-11 17:00:00,3.35
2021-02-11 18:00:00,3.4770000000000003
2021-02-11 19:00:00,3.39
2021-02-11 20:00:00,3.168
2021-02-11 21:00:00,2.984
2021-02-11 22:00:00,2.863
2021-02-11 23:00:00,2.697
2021-02-12 00:00:00,2.616
2021-02-12 01:00:00,2.64
2021-02-12 02:00:00,2.623
2021-02-12 03:00:00,2.5429999999999997
2021-02-12 04:00:00,2.572
2021-02-12 05:00:00,2.597
2021-02-12 06:00:00,2.59
2021-02-12 07:00:00,2.582
2021-02-12 08:00:00,2.555
2021-02-12 09:00:00,2.629
2021-02-12 10:00:00,2.921
2021-02-12 11:00:00,3.2319999999999998
2021-02-12 12:00:00,3.25
2021-02-12 13:00:00,3.29
2021-02-12 14:00:00,3.301
2021-02-12 15:00:00,3.2119999999999997
2021-02-12 16:00:00,3.118
2021-02-12 17:00:00,3.084
2021-02-12 18:00:00,3.136
2021-02-12 19:00:00,2.9130000000000003
2021-02-12 20:00:00,2.68
2021-02-12 21:00:00,2.5410000000000004
2021-02-12 22:00:00,2.425
2021-02-12 23:00:00,2.253
2021-02-13 00:00:00,2.133
2021-02-13 01:00:00,2.132
2021-02-13 02:00:00,2.242
2021-02-13 03:00:00,2.292
2021-02-13 04:00:00,2.299
2021-02-13 05:00:00,2.292
2021-02-13 06:00:00,2.371
2021-02-13 07:00:00,2.5260000000000002
2021-02-13 08:00:00,2.524
2021-02-13 09:00:00,2.5420000000000003
2021-02-13 10:00:00,2.646
2021-02-13 11:00:00,2.7430000000000003
2021-02-13 12:00:00,2.778
2021-02-13 13:00:00,2.674
2021-02-13 14:00:00,2.548
2021-02-13 15:00:00,2.479
2021-02-13 16:00:00,2.487
2021-02-13 17:00:00,2.6919999999999997
2021-02-13 18:00:00,3.152
2021-02-13 19:00:00,3.42
2021-02-13 20:00:00,3.532
2021-02-13 21:00:00,3.507
2021-02-13 22:00:00,3.47
2021-02-13 23:00:00,3.54
2021-02-14 00:00:00,3.7319999999999998
2021-02-14 01:00:00,3.815
2021-02-14 02:00:00,3.917
2021-02-14 03:00:00,3.987
2021-02-14 04:00:00,3.9240000000000004
2021-02-14 05:00:00,3.932
2021-02-14 06:00:00,3.9059999999999997
2021-02-14 07:00:00,3.9290000000000003
2021-02-14 08:00:00,3.835
2021-02-14 09:00:00,3.763
2021-02-14 10:00:00,3.861
2021-02-14 11:00:00,4.005
2021-02-14 12:00:00,4.173
2021-02-14 13:00:00,4.164
2021-02-14 14:00:00,4.098
2021-02-14 15:00:00,3.952
2021-02-14 16:00:00,4.017
2021-02-14 17:00:00,4.127
2021-02-14 18:00:00,4.244
2021-02-14 19:00:00,4.2
2021-02-14 20:00:00,4.092
2021-02-14 21:00:00,3.9979999999999998
2021-02-14 22:00:00,3.8890000000000002
2021-02-14 23:00:00,3.88
2021-02-15 00:00:00,3.798
2021-02-15 01:00:00,3.82
2021-02-15 02:00:00,3.86
2021-02-15 03:00:00,3.816
2021-02-15 04:00:00,3.774
2021-02-15 05:00:00,3.566
2021-02-15 06:00:00,3.433
2021-02-15 07:00:00,3.371
2021-02-15 08:00:00,3.2960000000000003
2021-02-15 09:00:00,3.119
2021-02-15 10:00:00,3.13
2021-02-15 11:00:00,3.039
2021-02-15 12:00:00,2.942
2021-02-15 13:00:00,2.945
2021-02-15 14:00:00,2.899
2021-02-15 15:00:00,2.841
2021-02-15 16:00:00,2.766
2021-02-15 17:00:00,2.873
2021-02-15 18:00:00,2.836
2021-02-15 19:00:00,2.851
2021-02-15 20:00:00,2.911
2021-02-15 21:00:00,2.9770000000000003
2021-02-15 22:00:00,3.011
2021-02-15 23:00:00,3.002
2021-02-16 00:00:00,3.207
2021-02-16 01:00:00,3.352
2021-02-16 02:00:00,3.369
2021-02-16 03:00:00,3.439
2021-02-16 04:00:00,3.287
2021-02-16 05:00:00,2.9859999999999998
2021-02-16 06:00:00,2.953
2021-02-16 07:00:00,3.003
2021-02-16 08:00:00,3.106
2021-02-16 09:00:00,3.27
2021-02-16 10:00:00,3.337
2021-02-16 11:00:00,3.6590000000000003
2021-02-16 12:00:00,3.855
2021-02-16 13:00:00,3.933
2021-02-16 14:00:00,3.824
2021-02-16 15:00:00,3.716
2021-02-16 16:00:00,3.589
2021-02-16 17:00:00,3.425
2021-02-16 18:00:00,3.29
2021-02-16 19:00:00,3.175
2021-02-16 20:00:00,3.066
2021-02-16 21:00:00,2.886
2021-02-16 22:00:00,2.727
2021-02-16 23:00:00,2.6310000000000002
2021-02-17 00:00:00,2.652
2021-02-17 01:00:00,2.649
2021-02-17 02:00:00,2.609
2021-02-17 03:00:00,2.6149999999999998
2021-02-17 04:00:00,2.6879999999999997
2021-02-17 05:00:00,2.866
2021-02-17 06:00:00,3.0
2021-02-17 07:00:00,3.127
2021-02-17 08:00:00,3.113
2021-02-17 09:00:00,3.049
2021-02-17 10:00:00,3.261
2021-02-17 11:00:00,3.7590000000000003
2021-02-17 12:00:00,3.928
2021-02-17 13:00:00,3.918
2021-02-17 14:00:00,3.7680000000000002
2021-02-17 15:00:00,3.46
2021-02-17 16:00:00,3.06
2021-02-17 17:00:00,2.8850000000000002
2021-02-17 18:00:00,2.934
2021-02-17 19:00:00,2.932
2021-02-17 20:00:00,2.916
2021-02-17 21:00:00,2.921
2021-02-17 22:00:00,2.961
2021-02-17 23:00:00,3.015
2021-02-18 00:00:00,3.071
2021-02-18 01:00:00,3.182
2021-02-18 02:00:00,3.3160000000000003
2021-02-18 03:00:00,3.39
2021-02-18 04:00:00,3.561
2021-02-18 05:00:00,3.508
2021-02-18 06:00:00,3.545
2021-02-18 07:00:00,3.794
2021-02-18 08:00:00,3.893
2021-02-18 09:00:00,3.914
2021-02-18 10:00:00,4.059
2021-02-18 11:00:00,3.896
2021-02-18 12:00:00,3.746
2021-02-18 13:00:00,3.618
2021-02-18 14:00:00,3.193
2021-02-18 15:00:00,2.803
2021-02-18 16:00:00,2.395
2021-02-18 17:00:00,2.129
2021-02-18 18:00:00,2.122
2021-02-18 19:00:00,2.091
2021-02-18 20:00:00,2.02
2021-02-18 21:00:00,1.984
2021-02-18 22:00:00,2.098
2021-02-18 23:00:00,2.346
2021-02-19 00:00:00,2.473
2021-02-19 01:00:00,2.518
2021-02-19 02:00:00,2.564
2021-02-19 03:00:00,2.581
2021-02-19 04:00:00,2.543
2021-02-19 05:00:00,2.557
2021-02-19 06:00:00,2.57
2021-02-19 07:00:00,2.568
2021-02-19 08:00:00,2.558
2021-02-19 09:00:00,2.392
2021-02-19 10:00:00,2.45
2021-02-19 11:00:00,2.8409999999999997
2021-02-19 12:00:00,3.087
2021-02-19 13:00:00,3.326
2021-02-19 14:00:00,3.3729999999999998
2021-02-19 15:00:00,3.112
2021-02-19 16:00:00,2.806
2021-02-19 17:00:00,2.893
2021-02-19 18:00:00,3.257
2021-02-19 19:00:00,3.3449999999999998
2021-02-19 20:00:00,3.254
2021-02-19 21:00:00,3.232
2021-02-19 22:00:00,3.333
2021-02-19 23:00:00,3.443
2021-02-20 00:00:00,3.508
2021-02-20 01:00:00,3.584
2021-02-20 02:00:00,3.597
2021-02-20 03:00:00,3.621
2021-02-20 04:00:00,3.639
2021-02-20 05:00:00,3.673
2021-02-20 06:00:00,3.7159999999999997
2021-02-20 07:00:00,3.761
2021-02-20 08:00:00,3.961
2021-02-20 09:00:00,4.348
2021-02-20 10:00:00,4.502
2021-02-20 11:00:00,4.791
2021-02-20 12:00:00,4.99
2021-02-20 13:00:00,5.042
2021-02-20 14:00:00,5.057
2021-02-20 15:00:00,5.038
2021-02-20 16:00:00,5.023
2021-02-20 17:00:00,4.917
2021-02-20 18:00:00,4.7379999999999995
2021-02-20 19:00:00,4.529
2021-02-20 20:00:00,4.333
2021-02-20 21:00:00,4.01
2021-02-20 22:00:00,3.6500000000000004
2021-02-20 23:00:00,3.543
2021-02-21 00:00:00,3.473
2021-02-21 01:00:00,3.324
2021-02-21 02:00:00,3.1550000000000002
2021-02-21 03:00:00,3.168
2021-02-21 04:00:00,3.232
2021-02-21 05:00:00,3.226
2021-02-21 06:00:00,3.184
2021-02-21 07:00:00,3.187
2021-02-21 08:00:00,3.332
2021-02-21 09:00:00,3.386
2021-02-21 10:00:00,3.46
2021-02-21 11:00:00,3.652
2021-02-21 12:00:00,3.628
2021-02-21 13:00:00,3.5490000000000004
2021-02-21 14:00:00,3.499
2021-02-21 15:00:00,3.403
2021-02-21 16:00:00,3.336
2021-02-21 17:00:00,3.395
2021-02-21 18:00:00,3.481
2021-02-21 19:00:00,3.4210000000000003
2021-02-21 20:00:00,3.326
2021-02-21 21:00:00,3.2649999999999997
2021-02-21 22:00:00,3.229
2021-02-21 23:00:00,3.203
2021-02-22 00:00:00,3.1630000000000003
2021-02-22 01:00:00,3.091
2021-02-22 02:00:00,3.041
2021-02-22 03:00:00,2.992
2021-02-22 04:00:00,2.8840000000000003
2021-02-22 05:00:00,2.7409999999999997
2021-02-22 06:00:00,2.724
2021-02-22 07:00:00,2.728
2021-02-22 08:00:00,2.705
2021-02-22 09:00:00,2.55
2021-02-22 10:00:00,2.376
2021-02-22 11:00:00,2.312
2021-02-22 12:00:00,2.225
2021-02-22 13:00:00,2.151
2021-02-22 14:00:00,2.083
2021-02-22 15:00:00,2.044
2021-02-22 16:00:00,1.9860000000000002
2021-02-22 17:00:00,2.033
2021-02-22 18:00:00,2.328
2021-02-22 19:00:00,2.402
2021-02-22 20:00:00,2.183
2021-02-22 21:00:00,1.771
2021-02-22 22:00:00,1.5350000000000001
2021-02-22 23:00:00,1.462
2021-02-23 00:00:00,1.6600000000000001
2021-02-23 01:00:00,1.995
2021-02-23 02:00:00,2.287
2021-02-23 03:00:00,2.4619999999999997
2021-02-23 04:00:00,2.677
2021-02-23 05:00:00,2.721
2021-02-23 06:00:00,2.685
2021-02-23 07:00:00,2.6870000000000003
2021-02-23 08:00:00,2.581
2021-02-23 09:00:00,2.646
2021-02-23 10:00:00,3.0709999999999997
2021-02-23 11:00:00,3.551
2021-02-23 12:00:00,3.787
2021-02-23 13:00:00,3.836
2021-02-23 14:00:00,3.796
2021-02-23 15:00:00,3.634
2021-02-23 16:00:00,3.288
2021-02-23 17:00:00,3.082
2021-02-23 18:00:00,3.246
2021-02-23 19:00:00,3.251
2021-02-23 20:00:00,3.19
2021-02-23 21:00:00,3.149
2021-02-23 22:00:00,3.0749999999999997
2021-02-23 23:00:00,2.958
2021-02-24 00:00:00,2.847
2021-02-24 01:00:00,2.769
2021-02-24 02:00:00,2.754
2021-02-24 03:00:00,2.769
2021-02-24 04:00:00,2.842
2021-02-24 05:00:00,2.836
2021-02-24 06:00:00,2.788
2021-02-24 07:00:00,2.654
2021-02-24 08:00:00,2.46
2021-02-24 09:00:00,2.225
2021-02-24 10:00:00,2.431
2021-02-24 11:00:00,2.663
2021-02-24 12:00:00,2.72
2021-02-24 13:00:00,2.66
2021-02-24 14:00:00,2.489
2021-02-24 15:00:00,2.255
2021-02-24 16:00:00,1.981
2021-02-24 17:00:00,1.9080000000000001
2021-02-24 18:00:00,2.267
2021-02-24 19:00:00,2.5300000000000002
2021-02-24 20:00:00,2.6229999999999998
2021-02-24 21:00:00,2.58
2021-02-24 22:00:00,2.448
2021-02-24 23:00:00,2.268
2021-02-25 00:00:00,2.075
2021-02-25 01:00:00,1.874
2021-02-25 02:00:00,1.679
2021-02-25 03:00:00,1.4869999999999999
2021-02-25 04:00:00,1.383
2021-02-25 05:00:00,1.3
2021-02-25 06:00:00,1.25
2021-02-25 07:00:00,1.21
2021-02-25 08:00:00,1.024
2021-02-25 09:00:00,0.729
2021-02-25 10:00:00,0.727
2021-02-25 11:00:00,0.7030000000000001
2021-02-25 12:00:00,0.595
2021-02-25 13:00:00,0.535
2021-02-25 14:00:00,0.5650000000000001
2021-02-25 15:00:00,0.6659999999999999
2021-02-25 16:00:00,0.85
2021-02-25 17:00:00,1.035
2021-02-25 18:00:00,1.233
2021-02-25 19:00:00,1.29
2021-02-25 20:00:00,1.268
2021-02-25 21:00:00,1.2409999999999999
2021-02-25 22:00:00,1.216
2021-02-25 23:00:00,1.196
2021-02-26 00:00:00,1.172
2021-02-26 01:00:00,1.141
2021-02-26 02:00:00,1.123
2021-02-26 03:00:00,1.127
2021-02-26 04:00:00,1.1300000000000001
2021-02-26 05:00:00,1.095
2021-02-26 06:00:00,1.042
2021-02-26 07:00:00,0.946
2021-02-26 08:00:00,0.849
2021-02-26 09:00:00,0.747
2021-02-26 10:00:00,0.846
2021-02-26 11:00:00,0.9420000000000001
2021-02-26 12:00:00,0.9099999999999999
2021-02-26 13:00:00,0.894
2021-02-26 14:00:00,0.956
2021-02-26 15:00:00,1.089
2021-02-26 16:00:00,1.258
2021-02-26 17:00:00,1.425
2021-02-26 18:00:00,1.8090000000000002
2021-02-26 19:00:00,2.011
2021-02-26 20:00:00,2.043
2021-02-26 21:00:00,1.954
2021-02-26 22:00:00,1.881
2021-02-26 23:00:00,1.786
2021-02-27 00:00:00,1.792
2021-02-27 01:00:00,1.862
2021-02-27 02:00:00,1.891
2021-02-27 03:00:00,1.8559999999999999
2021-02-27 04:00:00,1.748
2021-02-27 05:00:00,1.689
2021-02-27 06:00:00,1.612
2021-02-27 07:00:00,1.536
2021-02-27 08:00:00,1.393
2021-02-27 09:00:00,1.089
2021-02-27 10:00:00,1.452
2021-02-27 11:00:00,1.798
2021-02-27 12:00:00,1.917
2021-02-27 13:00:00,2.044
2021-02-27 14:00:00,2.245
2021-02-27 15:00:00,2.418
2021-02-27 16:00:00,2.412
2021-02-27 17:00:00,2.199
2021-02-27 18:00:00,2.422
2021-02-27 19:00:00,2.644
2021-02-27 20:00:00,2.614
2021-02-27 21:00:00,2.56
2021-02-27 22:00:00,2.538
2021-02-27 23:00:00,2.5069999999999997
2021-02-28 00:00:00,2.513
2021-02-28 01:00:00,2.481
2021-02-28 02:00:00,2.368
2021-02-28 03:00:00,2.308
2021-02-28 04:00:00,2.214
2021-02-28 05:00:00,2.065
2021-02-28 06:00:00,2.061
2021-02-28 07:00:00,2.042
2021-02-28 08:00:00,1.995
2021-02-28 09:00:00,2.1310000000000002
2021-02-28 10:00:00,2.3899999999999997
2021-02-28 11:00:00,2.605
2021-02-28 12:00:00,2.77
2021-02-28 13:00:00,2.876
2021-02-28 14:00:00,2.998
2021-02-28 15:00:00,3.104
2021-02-28 16:00:00,2.989
2021-02-28 17:00:00,2.795
2021-02-28 18:00:00,3.124
2021-02-28 19:00:00,3.275
2021-02-28 20:00:00,3.1100000000000003
2021-02-28 21:00:00,2.898
2021-02-28 22:00:00,2.756
2021-02-28 23:00:00,2.606
2021-03-01 00:00:00,2.543
2021-03-01 01:00:00,2.39
2021-03-01 02:00:00,2.192
2021-03-01 03:00:00,1.998
2021-03-01 04:00:00,1.8980000000000001
2021-03-01 05:00:00,1.798
2021-03-01 06:00:00,1.641
2021-03-01 07:00:00,1.522
2021-03-01 08:00:00,1.292
2021-03-01 09:00:00,1.103
2021-03-01 10:00:00,0.992
2021-03-01 11:00:00,0.9279999999999999
2021-03-01 12:00:00,0.9570000000000001
2021-03-01 13:00:00,0.966
2021-03-01 14:00:00,0.967
2021-03-01 15:00:00,0.995
2021-03-01 16:00:00,1.0110000000000001
2021-03-01 17:00:00,1.213
2021-03-01 18:00:00,1.701
2021-03-01 19:00:00,2.13
2021-03-01 20:00:00,2.332
2021-03-01 21:00:00,2.377
2021-03-01 22:00:00,2.3770000000000002
2021-03-01 23:00:00,2.286
2021-03-02 00:00:00,2.096
2021-03-02 01:00:00,1.921
2021-03-02 02:00:00,1.799
2021-03-02 03:00:00,1.701
2021-03-02 04:00:00,1.642
2021-03-02 05:00:00,1.571
2021-03-02 06:00:00,1.507
2021-03-02 07:00:00,1.488
2021-03-02 08:00:00,1.325
2021-03-02 09:00:00,1.131
2021-03-02 10:00:00,1.2269999999999999
2021-03-02 11:00:00,1.3050000000000002
2021-03-02 12:00:00,1.3599999999999999
2021-03-02 13:00:00,1.362
2021-03-02 14:00:00,1.307
2021-03-02 15:00:00,1.232
2021-03-02 16:00:00,1.104
2021-03-02 17:00:00,1.036
2021-03-02 18:00:00,1.115
2021-03-02 19:00:00,1.284
2021-03-02 20:00:00,1.443
2021-03-02 21:00:00,1.553
2021-03-02 22:00:00,1.533
2021-03-02 23:00:00,1.47
2021-03-03 00:00:00,1.427
2021-03-03 01:00:00,1.3800000000000001
2021-03-03 02:00:00,1.293
2021-03-03 03:00:00,1.131
2021-03-03 04:00:00,1.011
2021-03-03 05:00:00,0.9490000000000001
2021-03-03 06:00:00,0.921
2021-03-03 07:00:00,0.931
2021-03-03 08:00:00,0.857
2021-03-03 09:00:00,0.577
2021-03-03 10:00:00,0.513
2021-03-03 11:00:00,0.557
2021-03-03 12:00:00,0.636
2021-03-03 13:00:00,0.714
2021-03-03 14:00:00,0.774
2021-03-03 15:00:00,0.761
2021-03-03 16:00:00,0.671
2021-03-03 17:00:00,0.589
2021-03-03 18:00:00,0.595
2021-03-03 19:00:00,0.632
2021-03-03 20:00:00,0.659
2021-03-03 21:00:00,0.684
2021-03-03 22:00:00,0.7180000000000001
2021-03-03 23:00:00,0.741
2021-03-04 00:00:00,0.736
2021-03-04 01:00:00,0.6759999999999999
2021-03-04 02:00:00,0.568
2021-03-04 03:00:00,0.46
2021-03-04 04:00:00,0.40900000000000003
2021-03-04 05:00:00,0.397
2021-03-04 06:00:00,0.384
2021-03-04 07:00:00,0.363
2021-03-04 08:00:00,0.304
2021-03-04 09:00:00,0.273
2021-03-04 10:00:00,0.303
2021-03-04 11:00:00,0.362
2021-03-04 12:00:00,0.396
2021-03-04 13:00:00,0.45199999999999996
2021-03-04 14:00:00,0.5680000000000001
2021-03-04 15:00:00,0.734
2021-03-04 16:00:00,0.918
2021-03-04 17:00:00,1.0979999999999999
2021-03-04 18:00:00,1.387
2021-03-04 19:00:00,1.595
2021-03-04 20:00:00,1.622
2021-03-04 21:00:00,1.627
2021-03-04 22:00:00,1.5859999999999999
2021-03-04 23:00:00,1.547
2021-03-05 00:00:00,1.522
2021-03-05 01:00:00,1.518
2021-03-05 02:00:00,1.546
2021-03-05 03:00:00,1.596
2021-03-05 04:00:00,1.568
2021-03-05 05:00:00,1.625
2021-03-05 06:00:00,1.708
2021-03-05 07:00:00,1.784
2021-03-05 08:00:00,1.796
2021-03-05 09:00:00,2.251
2021-03-05 10:00:00,2.477
2021-03-05 11:00:00,2.378
2021-03-05 12:00:00,2.222
2021-03-05 13:00:00,2.133
2021-03-05 14:00:00,2.144
2021-03-05 15:00:00,2.227
2021-03-05 16:00:00,2.356
2021-03-05 17:00:00,2.434
2021-03-05 18:00:00,2.6590000000000003
2021-03-05 19:00:00,2.813
2021-03-05 20:00:00,2.766
2021-03-05 21:00:00,2.6510000000000002
2021-03-05 22:00:00,2.484
2021-03-05 23:00:00,2.303
2021-03-06 00:00:00,2.111
2021-03-06 01:00:00,2.026
2021-03-06 02:00:00,1.951
2021-03-06 03:00:00,1.8980000000000001
2021-03-06 04:00:00,1.8719999999999999
2021-03-06 05:00:00,1.891
2021-03-06 06:00:00,1.881
2021-03-06 07:00:00,1.83
2021-03-06 08:00:00,1.465
2021-03-06 09:00:00,1.254
2021-03-06 10:00:00,1.746
2021-03-06 11:00:00,1.779
2021-03-06 12:00:00,1.651
2021-03-06 13:00:00,1.576
2021-03-06 14:00:00,1.589
2021-03-06 15:00:00,1.638
2021-03-06 16:00:00,1.653
2021-03-06 17:00:00,1.651
2021-03-06 18:00:00,1.951
2021-03-06 19:00:00,2.224
2021-03-06 20:00:00,2.282
2021-03-06 21:00:00,2.225
2021-03-06 22:00:00,2.097
2021-03-06 23:00:00,1.96
2021-03-07 00:00:00,1.898
2021-03-07 01:00:00,1.866
2021-03-07 02:00:00,1.83
2021-03-07 03:00:00,1.871
2021-03-07 04:00:00,1.8079999999999998
2021-03-07 05:00:00,1.654
2021-03-07 06:00:00,1.548
2021-03-07 07:00:00,1.391
2021-03-07 08:00:00,1.033
2021-03-07 09:00:00,0.812
2021-03-07 10:00:00,0.9510000000000001
2021-03-07 11:00:00,0.9299999999999999
2021-03-07 12:00:00,0.7729999999999999
2021-03-07 13:00:00,0.6779999999999999
2021-03-07 14:00:00,0.644
2021-03-07 15:00:00,0.681
2021-03-07 16:00:00,0.757
2021-03-07 17:00:00,0.9319999999999999
2021-03-07 18:00:00,1.391
2021-03-07 19:00:00,1.814
2021-03-07 20:00:00,1.911
2021-03-07 21:00:00,1.846
2021-03-07 22:00:00,1.727
2021-03-07 23:00:00,1.608
2021-03-08 00:00:00,1.456
2021-03-08 01:00:00,1.307
2021-03-08 02:00:00,1.144
2021-03-08 03:00:00,1.047
2021-03-08 04:00:00,0.9790000000000001
2021-03-08 05:00:00,0.957
2021-03-08 06:00:00,0.986
2021-03-08 07:00:00,1.025
2021-03-08 08:00:00,0.915
2021-03-08 09:00:00,0.875
2021-03-08 10:00:00,0.9349999999999999
2021-03-08 11:00:00,0.877
2021-03-08 12:00:00,0.761
2021-03-08 13:00:00,0.6669999999999999
2021-03-08 14:00:00,0.619
2021-03-08 15:00:00,0.629
2021-03-08 16:00:00,0.669
2021-03-08 17:00:00,0.754
2021-03-08 18:00:00,1.027
2021-03-08 19:00:00,1.286
2021-03-08 20:00:00,1.362
2021-03-08 21:00:00,1.301
2021-03-08 22:00:00,1.211
2021-03-08 23:00:00,1.1440000000000001
2021-03-09 00:00:00,1.074
2021-03-09 01:00:00,1.006
2021-03-09 02:00:00,0.959
2021-03-09 03:00:00,0.94
2021-03-09 04:00:00,0.9430000000000001
2021-03-09 05:00:00,0.9490000000000001
2021-03-09 06:00:00,0.9720000000000001
2021-03-09 07:00:00,0.9520000000000001
2021-03-09 08:00:00,0.8270000000000001
2021-03-09 09:00:00,0.689
2021-03-09 10:00:00,0.752
2021-03-09 11:00:00,0.7
2021-03-09 12:00:00,0.575
2021-03-09 13:00:00,0.52
2021-03-09 14:00:00,0.618
2021-03-09 15:00:00,0.79
2021-03-09 16:00:00,0.739
2021-03-09 17:00:00,0.713
2021-03-09 18:00:00,0.9570000000000001
2021-03-09 19:00:00,1.217
2021-03-09 20:00:00,1.333
2021-03-09 21:00:00,1.3519999999999999
2021-03-09 22:00:00,1.362
2021-03-09 23:00:00,1.355
2021-03-10 00:00:00,1.412
2021-03-10 01:00:00,1.4060000000000001
2021-03-10 02:00:00,1.447
2021-03-10 03:00:00,1.486
2021-03-10 04:00:00,1.58
2021-03-10 05:00:00,1.759
2021-03-10 06:00:00,2.0
2021-03-10 07:00:00,2.273
2021-03-10 08:00:00,2.302
2021-03-10 09:00:00,2.396
2021-03-10 10:00:00,2.96
2021-03-10 11:00:00,3.187
2021-03-10 12:00:00,3.364
2021-03-10 13:00:00,3.637
2021-03-10 14:00:00,3.667
2021-03-10 15:00:00,3.686
2021-03-10 16:00:00,3.766
2021-03-10 17:00:00,3.855
2021-03-10 18:00:00,3.981
2021-03-10 19:00:00,4.039000000000001
2021-03-10 20:00:00,4.089
2021-03-10 21:00:00,4.179
2021-03-10 22:00:00,4.304
2021-03-10 23:00:00,4.398000000000001
2021-03-11 00:00:00,4.471
2021-03-11 01:00:00,4.565
2021-03-11 02:00:00,4.614
2021-03-11 03:00:00,4.679
2021-03-11 04:00:00,4.749
2021-03-11 05:00:00,4.789
2021-03-11 06:00:00,4.792
2021-03-11 07:00:00,4.808
2021-03-11 08:00:00,4.808
2021-03-11 09:00:00,4.8309999999999995
2021-03-11 10:00:00,4.909
2021-03-11 11:00:00,4.996
2021-03-11 12:00:00,5.078
2021-03-11 13:00:00,5.137
2021-03-11 14:00:00,5.199
2021-03-11 15:00:00,5.168
2021-03-11 16:00:00,5.054
2021-03-11 17:00:00,5.0040000000000004
2021-03-11 18:00:00,5.026
2021-03-11 19:00:00,5.003
2021-03-11 20:00:00,4.891
2021-03-11 21:00:00,4.659
2021-03-11 22:00:00,4.369
2021-03-11 23:00:00,4.091
2021-03-12 00:00:00,4.026
2021-03-12 01:00:00,3.94
2021-03-12 02:00:00,3.846
2021-03-12 03:00:00,3.7840000000000003
2021-03-12 04:00:00,3.8219999999999996
2021-03-12 05:00:00,3.819
2021-03-12 06:00:00,3.831
2021-03-12 07:00:00,3.846
2021-03-12 08:00:00,3.682
2021-03-12 09:00:00,4.071
2021-03-12 10:00:00,4.784
2021-03-12 11:00:00,5.086
2021-03-12 12:00:00,5.258
2021-03-12 13:00:00,5.309
2021-03-12 14:00:00,5.274
2021-03-12 15:00:00,5.248
2021-03-12 16:00:00,5.18
2021-03-12 17:00:00,4.98
2021-03-12 18:00:00,4.9
2021-03-12 19:00:00,4.971
2021-03-12 20:00:00,5.089
2021-03-12 21:00:00,5.15
2021-03-12 22:00:00,5.279
2021-03-12 23:00:00,5.454000000000001
2021-03-13 00:00:00,5.555
2021-03-13 01:00:00,5.634
2021-03-13 02:00:00,5.671
2021-03-13 03:00:00,5.694
2021-03-13 04:00:00,5.721
2021-03-13 05:00:00,5.670999999999999
2021-03-13 06:00:00,5.59
2021-03-13 07:00:00,5.477
2021-03-13 08:00:00,5.445
2021-03-13 09:00:00,5.641
2021-03-13 10:00:00,5.82
2021-03-13 11:00:00,5.906
2021-03-13 12:00:00,5.938
2021-03-13 13:00:00,5.939
2021-03-13 14:00:00,5.893
2021-03-13 15:00:00,5.798
2021-03-13 16:00:00,5.6579999999999995
2021-03-13 17:00:00,5.431
2021-03-13 18:00:00,5.319
2021-03-13 19:00:00,5.322
2021-03-13 20:00:00,5.285
2021-03-13 21:00:00,5.329
2021-03-13 22:00:00,5.13
2021-03-13 23:00:00,4.856
2021-03-14 00:00:00,4.6579999999999995
2021-03-14 01:00:00,4.506
2021-03-14 02:00:00,4.511
2021-03-14 03:00:00,4.484
2021-03-14 04:00:00,4.423
2021-03-14 05:00:00,4.397
2021-03-14 06:00:00,4.377
2021-03-14 07:00:00,4.295
2021-03-14 08:00:00,3.9210000000000003
2021-03-14 09:00:00,4.068
2021-03-14 10:00:00,4.3420000000000005
2021-03-14 11:00:00,4.356
2021-03-14 12:00:00,4.365
2021-03-14 13:00:00,4.4830000000000005
2021-03-14 14:00:00,4.663
2021-03-14 15:00:00,4.788
2021-03-14 16:00:00,4.65
2021-03-14 17:00:00,4.253
2021-03-14 18:00:00,3.912
2021-03-14 19:00:00,3.7510000000000003
2021-03-14 20:00:00,3.503
2021-03-14 21:00:00,3.401
2021-03-14 22:00:00,3.46
2021-03-14 23:00:00,3.509
2021-03-15 00:00:00,3.634
2021-03-15 01:00:00,3.7520000000000002
2021-03-15 02:00:00,3.9050000000000002
2021-03-15 03:00:00,4.009
2021-03-15 04:00:00,3.9130000000000003
2021-03-15 05:00:00,3.696
2021-03-15 06:00:00,3.6870000000000003
2021-03-15 07:00:00,3.5700000000000003
2021-03-15 08:00:00,3.378
2021-03-15 09:00:00,3.7960000000000003
2021-03-15 10:00:00,4.0809999999999995
2021-03-15 11:00:00,4.099
2021-03-15 12:00:00,4.135
2021-03-15 13:00:00,4.228
2021-03-15 14:00:00,4.356
2021-03-15 15:00:00,4.436
2021-03-15 16:00:00,4.427
2021-03-15 17:00:00,4.08
2021-03-15 18:00:00,3.6500000000000004
2021-03-15 19:00:00,3.556
2021-03-15 20:00:00,3.4859999999999998
2021-03-15 21:00:00,3.346
2021-03-15 22:00:00,3.151
2021-03-15 23:00:00,2.894
2021-03-16 00:00:00,2.6550000000000002
2021-03-16 01:00:00,2.418
2021-03-16 02:00:00,2.247
2021-03-16 03:00:00,2.092
2021-03-16 04:00:00,1.97
2021-03-16 05:00:00,1.935
2021-03-16 06:00:00,1.92
2021-03-16 07:00:00,2.004
2021-03-16 08:00:00,2.034
2021-03-16 09:00:00,2.136
2021-03-16 10:00:00,2.309
2021-03-16 11:00:00,2.392
2021-03-16 12:00:00,2.551
2021-03-16 13:00:00,2.785
2021-03-16 14:00:00,3.0090000000000003
2021-03-16 15:00:00,3.091
2021-03-16 16:00:00,3.031
2021-03-16 17:00:00,2.976
2021-03-16 18:00:00,3.106
2021-03-16 19:00:00,3.311
2021-03-16 20:00:00,3.321
2021-03-16 21:00:00,3.291
2021-03-16 22:00:00,3.167
2021-03-16 23:00:00,3.0700000000000003
2021-03-17 00:00:00,2.984
2021-03-17 01:00:00,2.931
2021-03-17 02:00:00,2.777
2021-03-17 03:00:00,2.6550000000000002
2021-03-17 04:00:00,2.601
2021-03-17 05:00:00,2.5330000000000004
2021-03-17 06:00:00,2.503
2021-03-17 07:00:00,2.483
2021-03-17 08:00:00,2.473
2021-03-17 09:00:00,2.825
2021-03-17 10:00:00,2.901
2021-03-17 11:00:00,2.854
2021-03-17 12:00:00,2.8449999999999998
2021-03-17 13:00:00,2.863
2021-03-17 14:00:00,2.921
2021-03-17 15:00:00,2.994
2021-03-17 16:00:00,3.0789999999999997
2021-03-17 17:00:00,3.005
2021-03-17 18:00:00,2.793
2021-03-17 19:00:00,2.6310000000000002
2021-03-17 20:00:00,2.424
2021-03-17 21:00:00,2.2960000000000003
2021-03-17 22:00:00,2.209
2021-03-17 23:00:00,2.067
2021-03-18 00:00:00,1.899
2021-03-18 01:00:00,1.737
2021-03-18 02:00:00,1.55
2021-03-18 03:00:00,1.352
2021-03-18 04:00:00,1.244
2021-03-18 05:00:00,1.236
2021-03-18 06:00:00,1.302
2021-03-18 07:00:00,1.354
2021-03-18 08:00:00,1.411
2021-03-18 09:00:00,1.625
2021-03-18 10:00:00,1.74
2021-03-18 11:00:00,1.834
2021-03-18 12:00:00,1.872
2021-03-18 13:00:00,1.946
2021-03-18 14:00:00,2.071
2021-03-18 15:00:00,2.206
2021-03-18 16:00:00,2.328
2021-03-18 17:00:00,2.2230000000000003
2021-03-18 18:00:00,2.027
2021-03-18 19:00:00,1.884
2021-03-18 20:00:00,1.758
2021-03-18 21:00:00,1.589
2021-03-18 22:00:00,1.389
2021-03-18 23:00:00,1.2650000000000001
2021-03-19 00:00:00,1.215
2021-03-19 01:00:00,1.34
2021-03-19 02:00:00,1.606
2021-03-19 03:00:00,1.931
2021-03-19 04:00:00,2.234
2021-03-19 05:00:00,2.578
2021-03-19 06:00:00,2.758
2021-03-19 07:00:00,2.719
2021-03-19 08:00:00,2.781
2021-03-19 09:00:00,3.145
2021-03-19 10:00:00,3.513
2021-03-19 11:00:00,3.749
2021-03-19 12:00:00,3.972
2021-03-19 13:00:00,4.202
2021-03-19 14:00:00,4.296
2021-03-19 15:00:00,4.317
2021-03-19 16:00:00,4.311
2021-03-19 17:00:00,4.109
2021-03-19 18:00:00,3.903
2021-03-19 19:00:00,3.851
2021-03-19 20:00:00,3.702
2021-03-19 21:00:00,3.627
2021-03-19 22:00:00,3.499
2021-03-19 23:00:00,3.269
2021-03-20 00:00:00,3.093
2021-03-20 01:00:00,2.889
2021-03-20 02:00:00,2.652
2021-03-20 03:00:00,2.417
2021-03-20 04:00:00,2.204
2021-03-20 05:00:00,2.075
2021-03-20 06:00:00,2.06
2021-03-20 07:00:00,2.027
2021-03-20 08:00:00,1.951
2021-03-20 09:00:00,2.064
2021-03-20 10:00:00,2.179
2021-03-20 11:00:00,2.116
2021-03-20 12:00:00,2.051
2021-03-20 13:00:00,2.02
2021-03-20 14:00:00,2.032
2021-03-20 15:00:00,2.075
2021-03-20 16:00:00,2.183
2021-03-20 17:00:00,2.223
2021-03-20 18:00:00,2.193
2021-03-20 19:00:00,2.236
2021-03-20 20:00:00,2.201
2021-03-20 21:00:00,2.156
2021-03-20 22:00:00,2.048
2021-03-20 23:00:00,1.9189999999999998
2021-03-21 00:00:00,1.78
2021-03-21 01:00:00,1.65
2021-03-21 02:00:00,1.564
2021-03-21 03:00:00,1.532
2021-03-21 04:00:00,1.566
2021-03-21 05:00:00,1.617
2021-03-21 06:00:00,1.663
2021-03-21 07:00:00,1.693
2021-03-21 08:00:00,1.516
2021-03-21 09:00:00,1.734
2021-03-21 10:00:00,1.888
2021-03-21 11:00:00,1.935
2021-03-21 12:00:00,2.037
2021-03-21 13:00:00,2.154
2021-03-21 14:00:00,2.247
2021-03-21 15:00:00,2.331
2021-03-21 16:00:00,2.3979999999999997
2021-03-21 17:00:00,2.41
2021-03-21 18:00:00,2.427
2021-03-21 19:00:00,2.516
2021-03-21 20:00:00,2.356
2021-03-21 21:00:00,2.114
2021-03-21 22:00:00,1.994
2021-03-21 23:00:00,1.928
2021-03-22 00:00:00,1.828
2021-03-22 01:00:00,1.6869999999999998
2021-03-22 02:00:00,1.586
2021-03-22 03:00:00,1.485
2021-03-22 04:00:00,1.3439999999999999
2021-03-22 05:00:00,1.248
2021-03-22 06:00:00,1.197
2021-03-22 07:00:00,1.085
2021-03-22 08:00:00,0.9710000000000001
2021-03-22 09:00:00,0.934
2021-03-22 10:00:00,0.923
2021-03-22 11:00:00,0.858
2021-03-22 12:00:00,0.7819999999999999
2021-03-22 13:00:00,0.743
2021-03-22 14:00:00,0.741
2021-03-22 15:00:00,0.776
2021-03-22 16:00:00,0.835
2021-03-22 17:00:00,0.895
2021-03-22 18:00:00,1.036
2021-03-22 19:00:00,1.215
2021-03-22 20:00:00,1.198
2021-03-22 21:00:00,1.029
2021-03-22 22:00:00,0.944
2021-03-22 23:00:00,0.981
2021-03-23 00:00:00,1.005
2021-03-23 01:00:00,1.057
2021-03-23 02:00:00,1.078
2021-03-23 03:00:00,1.063
2021-03-23 04:00:00,1.024
2021-03-23 05:00:00,0.978
2021-03-23 06:00:00,0.971
2021-03-23 07:00:00,0.988
2021-03-23 08:00:00,0.74
2021-03-23 09:00:00,0.698
2021-03-23 10:00:00,0.783
2021-03-23 11:00:00,0.735
2021-03-23 12:00:00,0.6799999999999999
2021-03-23 13:00:00,0.638
2021-03-23 14:00:00,0.584
2021-03-23 15:00:00,0.53
2021-03-23 16:00:00,0.485
2021-03-23 17:00:00,0.438
2021-03-23 18:00:00,0.464
2021-03-23 19:00:00,0.51
2021-03-23 20:00:00,0.565
2021-03-23 21:00:00,0.635
2021-03-23 22:00:00,0.6619999999999999
2021-03-23 23:00:00,0.644
2021-03-24 00:00:00,0.642
2021-03-24 01:00:00,0.675
2021-03-24 02:00:00,0.719
2021-03-24 03:00:00,0.742
2021-03-24 04:00:00,0.7270000000000001
2021-03-24 05:00:00,0.6930000000000001
2021-03-24 06:00:00,0.684
2021-03-24 07:00:00,0.633
2021-03-24 08:00:00,0.447
2021-03-24 09:00:00,0.41300000000000003
2021-03-24 10:00:00,0.617
2021-03-24 11:00:00,0.75
2021-03-24 12:00:00,0.876
2021-03-24 13:00:00,0.989
2021-03-24 14:00:00,1.061
2021-03-24 15:00:00,1.071
2021-03-24 16:00:00,1.064
2021-03-24 17:00:00,1.047
2021-03-24 18:00:00,1.166
2021-03-24 19:00:00,1.269
2021-03-24 20:00:00,1.2349999999999999
2021-03-24 21:00:00,1.144
2021-03-24 22:00:00,1.079
2021-03-24 23:00:00,1.029
2021-03-25 00:00:00,0.998
2021-03-25 01:00:00,0.958
2021-03-25 02:00:00,0.911
2021-03-25 03:00:00,0.872
2021-03-25 04:00:00,0.835
2021-03-25 05:00:00,0.8049999999999999
2021-03-25 06:00:00,0.741
2021-03-25 07:00:00,0.599
2021-03-25 08:00:00,0.39899999999999997
2021-03-25 09:00:00,0.356
2021-03-25 10:00:00,0.431
2021-03-25 11:00:00,0.507
2021-03-25 12:00:00,0.631
2021-03-25 13:00:00,0.799
2021-03-25 14:00:00,0.992
2021-03-25 15:00:00,1.141
2021-03-25 16:00:00,1.231
2021-03-25 17:00:00,1.236
2021-03-25 18:00:00,1.252
2021-03-25 19:00:00,1.333
2021-03-25 20:00:00,1.347
2021-03-25 21:00:00,1.4
2021-03-25 22:00:00,1.4909999999999999
2021-03-25 23:00:00,1.601
2021-03-26 00:00:00,1.721
2021-03-26 01:00:00,1.8019999999999998
2021-03-26 02:00:00,1.83
2021-03-26 03:00:00,1.829
2021-03-26 04:00:00,1.8379999999999999
2021-03-26 05:00:00,1.841
2021-03-26 06:00:00,1.891
2021-03-26 07:00:00,1.838
2021-03-26 08:00:00,1.741
2021-03-26 09:00:00,2.2680000000000002
2021-03-26 10:00:00,2.932
2021-03-26 11:00:00,3.26
2021-03-26 12:00:00,3.555
2021-03-26 13:00:00,3.795
2021-03-26 14:00:00,3.925
2021-03-26 15:00:00,3.924
2021-03-26 16:00:00,3.8449999999999998
2021-03-26 17:00:00,3.585
2021-03-26 18:00:00,3.33
2021-03-26 19:00:00,3.118
2021-03-26 20:00:00,3.057
2021-03-26 21:00:00,3.08
2021-03-26 22:00:00,2.988
2021-03-26 23:00:00,2.887
2021-03-27 00:00:00,2.875
2021-03-27 01:00:00,2.72
2021-03-27 02:00:00,2.545
2021-03-27 03:00:00,2.303
2021-03-27 04:00:00,2.252
2021-03-27 05:00:00,2.196
2021-03-27 06:00:00,2.012
2021-03-27 07:00:00,1.699
2021-03-27 08:00:00,1.439
2021-03-27 09:00:00,1.798
2021-03-27 10:00:00,1.919
2021-03-27 11:00:00,1.763
2021-03-27 12:00:00,1.692
2021-03-27 13:00:00,1.7309999999999999
2021-03-27 14:00:00,1.855
2021-03-27 15:00:00,1.9649999999999999
2021-03-27 16:00:00,1.991
2021-03-27 17:00:00,1.818
2021-03-27 18:00:00,1.63
2021-03-27 19:00:00,1.663
2021-03-27 20:00:00,1.67
2021-03-27 21:00:00,1.705
2021-03-27 22:00:00,1.738
2021-03-27 23:00:00,1.741
2021-03-28 00:00:00,1.739
2021-03-28 01:00:00,1.7229999999999999
2021-03-28 03:00:00,1.696
2021-03-28 04:00:00,1.695
2021-03-28 05:00:00,1.7489999999999999
2021-03-28 06:00:00,1.799
2021-03-28 07:00:00,1.8459999999999999
2021-03-28 08:00:00,1.691
2021-03-28 09:00:00,1.3239999999999998
2021-03-28 10:00:00,1.7959999999999998
2021-03-28 11:00:00,2.073
2021-03-28 12:00:00,2.035
2021-03-28 13:00:00,1.942
2021-03-28 14:00:00,1.8199999999999998
2021-03-28 15:00:00,1.681
2021-03-28 16:00:00,1.529
2021-03-28 17:00:00,1.374
2021-03-28 18:00:00,1.217
2021-03-28 19:00:00,1.29
2021-03-28 20:00:00,1.478
2021-03-28 21:00:00,1.572
2021-03-28 22:00:00,1.609
2021-03-28 23:00:00,1.58
2021-03-29 00:00:00,1.54
2021-03-29 01:00:00,1.535
2021-03-29 02:00:00,1.529
2021-03-29 03:00:00,1.523
2021-03-29 04:00:00,1.555
2021-03-29 05:00:00,1.6260000000000001
2021-03-29 06:00:00,1.664
2021-03-29 07:00:00,1.619
2021-03-29 08:00:00,1.471
2021-03-29 09:00:00,0.962
2021-03-29 10:00:00,0.777
2021-03-29 11:00:00,0.827
2021-03-29 12:00:00,0.922
2021-03-29 13:00:00,0.9339999999999999
2021-03-29 14:00:00,0.9289999999999999
2021-03-29 15:00:00,0.94
2021-03-29 16:00:00,0.9550000000000001
2021-03-29 17:00:00,0.939
2021-03-29 18:00:00,0.922
2021-03-29 19:00:00,1.199
2021-03-29 20:00:00,1.495
2021-03-29 21:00:00,1.716
2021-03-29 22:00:00,1.87
2021-03-29 23:00:00,1.956
2021-03-30 00:00:00,1.988
2021-03-30 01:00:00,1.978
2021-03-30 02:00:00,1.935
2021-03-30 03:00:00,1.855
2021-03-30 04:00:00,1.766
2021-03-30 05:00:00,1.7449999999999999
2021-03-30 06:00:00,1.756
2021-03-30 07:00:00,1.742
2021-03-30 08:00:00,1.594
2021-03-30 09:00:00,1.041
2021-03-30 10:00:00,0.724
2021-03-30 11:00:00,0.661
2021-03-30 12:00:00,0.726
2021-03-30 13:00:00,0.809
2021-03-30 14:00:00,0.853
2021-03-30 15:00:00,0.855
2021-03-30 16:00:00,0.814
2021-03-30 17:00:00,0.749
2021-03-30 18:00:00,0.6709999999999999
2021-03-30 19:00:00,0.731
2021-03-30 20:00:00,0.894
2021-03-30 21:00:00,1.018
2021-03-30 22:00:00,1.1079999999999999
2021-03-30 23:00:00,1.2089999999999999
2021-03-31 00:00:00,1.287
2021-03-31 01:00:00,1.327
2021-03-31 02:00:00,1.371
2021-03-31 03:00:00,1.413
2021-03-31 04:00:00,1.45
2021-03-31 05:00:00,1.4989999999999999
2021-03-31 06:00:00,1.5510000000000002
2021-03-31 07:00:00,1.595
2021-03-31 08:00:00,1.519
2021-03-31 09:00:00,1.045
2021-03-31 10:00:00,0.758
2021-03-31 11:00:00,0.7140000000000001
2021-03-31 12:00:00,0.846
2021-03-31 13:00:00,0.9289999999999999
2021-03-31 14:00:00,0.968
2021-03-31 15:00:00,0.9610000000000001
2021-03-31 16:00:00,0.93
2021-03-31 17:00:00,0.848
2021-03-31 18:00:00,0.784
2021-03-31 19:00:00,0.885
2021-03-31 20:00:00,0.9789999999999999
2021-03-31 21:00:00,1.091
2021-03-31 22:00:00,1.2690000000000001
2021-03-31 23:00:00,1.428
2021-04-01 00:00:00,1.533
2021-04-01 01:00:00,1.562
2021-04-01 02:00:00,1.525
2021-04-01 03:00:00,1.424
2021-04-01 04:00:00,1.308
2021-04-01 05:00:00,1.194
2021-04-01 06:00:00,1.141
2021-04-01 07:00:00,1.147
2021-04-01 08:00:00,1.134
2021-04-01 09:00:00,0.864
2021-04-01 10:00:00,0.655
2021-04-01 11:00:00,0.651
2021-04-01 12:00:00,0.801
2021-04-01 13:00:00,0.911
2021-04-01 14:00:00,1.055
2021-04-01 15:00:00,1.213
2021-04-01 16:00:00,1.356
2021-04-01 17:00:00,1.502
2021-04-01 18:00:00,1.771
2021-04-01 19:00:00,2.292
2021-04-01 20:00:00,2.757
2021-04-01 21:00:00,2.887
2021-04-01 22:00:00,2.7520000000000002
2021-04-01 23:00:00,2.635
2021-04-02 00:00:00,2.509
2021-04-02 01:00:00,2.3890000000000002
2021-04-02 02:00:00,2.269
2021-04-02 03:00:00,2.16
2021-04-02 04:00:00,2.025
2021-04-02 05:00:00,1.925
2021-04-02 06:00:00,1.867
2021-04-02 07:00:00,1.889
2021-04-02 08:00:00,1.8940000000000001
2021-04-02 09:00:00,2.076
2021-04-02 10:00:00,2.314
2021-04-02 11:00:00,2.436
2021-04-02 12:00:00,2.52
2021-04-02 13:00:00,2.602
2021-04-02 14:00:00,2.688
2021-04-02 15:00:00,2.813
2021-04-02 16:00:00,2.94
2021-04-02 17:00:00,3.017
2021-04-02 18:00:00,3.119
2021-04-02 19:00:00,3.331
2021-04-02 20:00:00,3.476
2021-04-02 21:00:00,3.437
2021-04-02 22:00:00,3.378
2021-04-02 23:00:00,3.262
2021-04-03 00:00:00,3.249
2021-04-03 01:00:00,3.195
2021-04-03 02:00:00,3.113
2021-04-03 03:00:00,2.947
2021-04-03 04:00:00,2.89
2021-04-03 05:00:00,2.951
2021-04-03 06:00:00,2.962
2021-04-03 07:00:00,2.872
2021-04-03 08:00:00,2.7790000000000004
2021-04-03 09:00:00,3.021
2021-04-03 10:00:00,3.02
2021-04-03 11:00:00,2.9179999999999997
2021-04-03 12:00:00,2.872
2021-04-03 13:00:00,2.907
2021-04-03 14:00:00,2.991
2021-04-03 15:00:00,3.048
2021-04-03 16:00:00,3.06
2021-04-03 17:00:00,3.044
2021-04-03 18:00:00,3.06
2021-04-03 19:00:00,2.959
2021-04-03 20:00:00,3.007
2021-04-03 21:00:00,3.049
2021-04-03 22:00:00,2.983
2021-04-03 23:00:00,2.846
2021-04-04 00:00:00,2.788
2021-04-04 01:00:00,2.798
2021-04-04 02:00:00,2.834
2021-04-04 03:00:00,2.746
2021-04-04 04:00:00,2.553
2021-04-04 05:00:00,2.39
2021-04-04 06:00:00,2.1790000000000003
2021-04-04 07:00:00,2.028
2021-04-04 08:00:00,1.819
2021-04-04 09:00:00,1.84
2021-04-04 10:00:00,1.752
2021-04-04 11:00:00,1.603
2021-04-04 12:00:00,1.482
2021-04-04 13:00:00,1.3800000000000001
2021-04-04 14:00:00,1.282
2021-04-04 15:00:00,1.165
2021-04-04 16:00:00,1.04
2021-04-04 17:00:00,0.96
2021-04-04 18:00:00,0.927
2021-04-04 19:00:00,0.999
2021-04-04 20:00:00,1.338
2021-04-04 21:00:00,1.645
2021-04-04 22:00:00,1.764
2021-04-04 23:00:00,1.716
2021-04-05 00:00:00,1.581
2021-04-05 01:00:00,1.411
2021-04-05 02:00:00,1.379
2021-04-05 03:00:00,1.429
2021-04-05 04:00:00,1.447
2021-04-05 05:00:00,1.284
2021-04-05 06:00:00,1.156
2021-04-05 07:00:00,1.119
2021-04-05 08:00:00,1.076
2021-04-05 09:00:00,1.2630000000000001
2021-04-05 10:00:00,1.806
2021-04-05 11:00:00,2.108
2021-04-05 12:00:00,2.214
2021-04-05 13:00:00,2.333
2021-04-05 14:00:00,2.452
2021-04-05 15:00:00,2.627
2021-04-05 16:00:00,2.834
2021-04-05 17:00:00,3.025
2021-04-05 18:00:00,3.097
2021-04-05 19:00:00,2.943
2021-04-05 20:00:00,2.839
2021-04-05 21:00:00,2.845
2021-04-05 22:00:00,2.83
2021-04-05 23:00:00,2.848
2021-04-06 00:00:00,2.901
2021-04-06 01:00:00,2.883
2021-04-06 02:00:00,2.849
2021-04-06 03:00:00,2.8200000000000003
2021-04-06 04:00:00,2.872
2021-04-06 05:00:00,2.902
2021-04-06 06:00:00,2.947
2021-04-06 07:00:00,3.012
2021-04-06 08:00:00,2.9219999999999997
2021-04-06 09:00:00,3.074
2021-04-06 10:00:00,3.376
2021-04-06 11:00:00,3.502
2021-04-06 12:00:00,3.562
2021-04-06 13:00:00,3.6189999999999998
2021-04-06 14:00:00,3.707
2021-04-06 15:00:00,3.846
2021-04-06 16:00:00,4.042
2021-04-06 17:00:00,4.182
2021-04-06 18:00:00,4.11
2021-04-06 19:00:00,3.796
2021-04-06 20:00:00,3.565
2021-04-06 21:00:00,3.447
2021-04-06 22:00:00,3.224
2021-04-06 23:00:00,3.091
2021-04-07 00:00:00,3.072
2021-04-07 01:00:00,3.068
2021-04-07 02:00:00,3.006
2021-04-07 03:00:00,2.911
2021-04-07 04:00:00,2.792
2021-04-07 05:00:00,2.637
2021-04-07 06:00:00,2.399
2021-04-07 07:00:00,2.212
2021-04-07 08:00:00,1.8980000000000001
2021-04-07 09:00:00,1.877
2021-04-07 10:00:00,2.05
2021-04-07 11:00:00,1.9860000000000002
2021-04-07 12:00:00,1.9100000000000001
2021-04-07 13:00:00,1.875
2021-04-07 14:00:00,1.921
2021-04-07 15:00:00,1.9540000000000002
2021-04-07 16:00:00,1.978
2021-04-07 17:00:00,1.944
2021-04-07 18:00:00,1.8330000000000002
2021-04-07 19:00:00,1.68
2021-04-07 20:00:00,1.647
2021-04-07 21:00:00,1.5110000000000001
2021-04-07 22:00:00,1.288
2021-04-07 23:00:00,1.085
2021-04-08 00:00:00,0.9149999999999999
2021-04-08 01:00:00,0.779
2021-04-08 02:00:00,0.7479999999999999
2021-04-08 03:00:00,0.761
2021-04-08 04:00:00,0.752
2021-04-08 05:00:00,0.747
2021-04-08 06:00:00,0.743
2021-04-08 07:00:00,0.748
2021-04-08 08:00:00,0.642
2021-04-08 09:00:00,0.48
2021-04-08 10:00:00,0.542
2021-04-08 11:00:00,0.625
2021-04-08 12:00:00,0.641
2021-04-08 13:00:00,0.654
2021-04-08 14:00:00,0.6599999999999999
2021-04-08 15:00:00,0.663
2021-04-08 16:00:00,0.6699999999999999
2021-04-08 17:00:00,0.687
2021-04-08 18:00:00,0.7050000000000001
2021-04-08 19:00:00,0.8160000000000001
2021-04-08 20:00:00,0.936
2021-04-08 21:00:00,0.9690000000000001
2021-04-08 22:00:00,0.978
2021-04-08 23:00:00,1.018
2021-04-09 00:00:00,1.0899999999999999
2021-04-09 01:00:00,1.105
2021-04-09 02:00:00,1.122
2021-04-09 03:00:00,1.15
2021-04-09 04:00:00,1.181
2021-04-09 05:00:00,1.228
2021-04-09 06:00:00,1.2329999999999999
2021-04-09 07:00:00,1.266
2021-04-09 08:00:00,1.173
2021-04-09 09:00:00,1.028
2021-04-09 10:00:00,1.127
2021-04-09 11:00:00,1.223
2021-04-09 12:00:00,1.258
2021-04-09 13:00:00,1.332
2021-04-09 14:00:00,1.48
2021-04-09 15:00:00,1.604
2021-04-09 16:00:00,1.651
2021-04-09 17:00:00,1.589
2021-04-09 18:00:00,1.457
2021-04-09 19:00:00,1.38
2021-04-09 20:00:00,1.387
2021-04-09 21:00:00,1.407
2021-04-09 22:00:00,1.3800000000000001
2021-04-09 23:00:00,1.3599999999999999
2021-04-10 00:00:00,1.431
2021-04-10 01:00:00,1.4769999999999999
2021-04-10 02:00:00,1.483
2021-04-10 03:00:00,1.457
2021-04-10 04:00:00,1.47
2021-04-10 05:00:00,1.441
2021-04-10 06:00:00,1.516
2021-04-10 07:00:00,1.484
2021-04-10 08:00:00,1.4060000000000001
2021-04-10 09:00:00,1.445
2021-04-10 10:00:00,1.615
2021-04-10 11:00:00,1.735
2021-04-10 12:00:00,1.862
2021-04-10 13:00:00,2.016
2021-04-10 14:00:00,2.089
2021-04-10 15:00:00,2.196
2021-04-10 16:00:00,2.246
2021-04-10 17:00:00,2.15
2021-04-10 18:00:00,2.084
2021-04-10 19:00:00,2.097
2021-04-10 20:00:00,2.114
2021-04-10 21:00:00,2.195
2021-04-10 22:00:00,2.21
2021-04-10 23:00:00,2.241
2021-04-11 00:00:00,2.1879999999999997
2021-04-11 01:00:00,2.112
2021-04-11 02:00:00,2.041
2021-04-11 03:00:00,1.9889999999999999
2021-04-11 04:00:00,2.046
2021-04-11 05:00:00,2.158
2021-04-11 06:00:00,2.166
2021-04-11 07:00:00,2.147
2021-04-11 08:00:00,2.085
2021-04-11 09:00:00,2.357
2021-04-11 10:00:00,2.463
2021-04-11 11:00:00,2.388
2021-04-11 12:00:00,2.292
2021-04-11 13:00:00,2.231
2021-04-11 14:00:00,2.268
2021-04-11 15:00:00,2.34
2021-04-11 16:00:00,2.39
2021-04-11 17:00:00,2.369
2021-04-11 18:00:00,2.296
2021-04-11 19:00:00,2.048
2021-04-11 20:00:00,1.937
2021-04-11 21:00:00,1.956
2021-04-11 22:00:00,1.8070000000000002
2021-04-11 23:00:00,1.65
2021-04-12 00:00:00,1.516
2021-04-12 01:00:00,1.365
2021-04-12 02:00:00,1.353
2021-04-12 03:00:00,1.425
2021-04-12 04:00:00,1.461
2021-04-12 05:00:00,1.462
2021-04-12 06:00:00,1.482
2021-04-12 07:00:00,1.534
2021-04-12 08:00:00,1.5110000000000001
2021-04-12 09:00:00,1.521
2021-04-12 10:00:00,1.694
2021-04-12 11:00:00,1.8
2021-04-12 12:00:00,1.871
2021-04-12 13:00:00,1.982
2021-04-12 14:00:00,2.183
2021-04-12 15:00:00,2.4130000000000003
2021-04-12 16:00:00,2.543
2021-04-12 17:00:00,2.592
2021-04-12 18:00:00,2.596
2021-04-12 19:00:00,2.557
2021-04-12 20:00:00,2.7039999999999997
2021-04-12 21:00:00,2.84
2021-04-12 22:00:00,2.784
2021-04-12 23:00:00,2.646
2021-04-13 00:00:00,2.458
2021-04-13 01:00:00,2.312
2021-04-13 02:00:00,2.206
2021-04-13 03:00:00,2.182
2021-04-13 04:00:00,2.137
2021-04-13 05:00:00,2.049
2021-04-13 06:00:00,1.943
2021-04-13 07:00:00,1.851
2021-04-13 08:00:00,1.58
2021-04-13 09:00:00,1.4060000000000001
2021-04-13 10:00:00,1.494
2021-04-13 11:00:00,1.3719999999999999
2021-04-13 12:00:00,1.243
2021-04-13 13:00:00,1.1740000000000002
2021-04-13 14:00:00,1.1239999999999999
2021-04-13 15:00:00,1.141
2021-04-13 16:00:00,1.22
2021-04-13 17:00:00,1.42
2021-04-13 18:00:00,1.663
2021-04-13 19:00:00,1.8499999999999999
2021-04-13 20:00:00,2.203
2021-04-13 21:00:00,2.455
2021-04-13 22:00:00,2.425
2021-04-13 23:00:00,2.299
2021-04-14 00:00:00,2.222
2021-04-14 01:00:00,2.056
2021-04-14 02:00:00,1.983
2021-04-14 03:00:00,1.9009999999999998
2021-04-14 04:00:00,1.8689999999999998
2021-04-14 05:00:00,1.875
2021-04-14 06:00:00,1.865
2021-04-14 07:00:00,1.869
2021-04-14 08:00:00,1.557
2021-04-14 09:00:00,1.444
2021-04-14 10:00:00,1.896
2021-04-14 11:00:00,2.1959999999999997
2021-04-14 12:00:00,2.217
2021-04-14 13:00:00,2.229
2021-04-14 14:00:00,2.2729999999999997
2021-04-14 15:00:00,2.3289999999999997
2021-04-14 16:00:00,2.405
2021-04-14 17:00:00,2.533
2021-04-14 18:00:00,2.646
2021-04-14 19:00:00,2.667
2021-04-14 20:00:00,2.715
2021-04-14 21:00:00,2.774
2021-04-14 22:00:00,2.62
2021-04-14 23:00:00,2.4499999999999997
2021-04-15 00:00:00,2.304
2021-04-15 01:00:00,2.239
2021-04-15 02:00:00,2.157
2021-04-15 03:00:00,2.037
2021-04-15 04:00:00,1.932
2021-04-15 05:00:00,1.824
2021-04-15 06:00:00,1.746
2021-04-15 07:00:00,1.667
2021-04-15 08:00:00,1.432
2021-04-15 09:00:00,1.49
2021-04-15 10:00:00,1.781
2021-04-15 11:00:00,1.859
2021-04-15 12:00:00,1.776
2021-04-15 13:00:00,1.676
2021-04-15 14:00:00,1.6689999999999998
2021-04-15 15:00:00,1.7309999999999999
2021-04-15 16:00:00,1.855
2021-04-15 17:00:00,2.0300000000000002
2021-04-15 18:00:00,2.24
2021-04-15 19:00:00,2.405
2021-04-15 20:00:00,2.559
2021-04-15 21:00:00,2.729
2021-04-15 22:00:00,2.754
2021-04-15 23:00:00,2.63
2021-04-16 00:00:00,2.478
2021-04-16 01:00:00,2.341
2021-04-16 02:00:00,2.187
2021-04-16 03:00:00,2.023
2021-04-16 04:00:00,1.815
2021-04-16 05:00:00,1.579
2021-04-16 06:00:00,1.405
2021-04-16 07:00:00,1.381
2021-04-16 08:00:00,1.221
2021-04-16 09:00:00,1.198
2021-04-16 10:00:00,1.5379999999999998
2021-04-16 11:00:00,1.6700000000000002
2021-04-16 12:00:00,1.533
2021-04-16 13:00:00,1.461
2021-04-16 14:00:00,1.482
2021-04-16 15:00:00,1.56
2021-04-16 16:00:00,1.672
2021-04-16 17:00:00,1.8070000000000002
2021-04-16 18:00:00,1.93
2021-04-16 19:00:00,1.935
2021-04-16 20:00:00,2.112
2021-04-16 21:00:00,2.306
2021-04-16 22:00:00,2.259
2021-04-16 23:00:00,2.163
2021-04-17 00:00:00,2.047
2021-04-17 01:00:00,1.933
2021-04-17 02:00:00,1.869
2021-04-17 03:00:00,1.7610000000000001
2021-04-17 04:00:00,1.665
2021-04-17 05:00:00,1.6520000000000001
2021-04-17 06:00:00,1.665
2021-04-17 07:00:00,1.638
2021-04-17 08:00:00,1.337
2021-04-17 09:00:00,1.337
2021-04-17 10:00:00,1.724
2021-04-17 11:00:00,1.702
2021-04-17 12:00:00,1.573
2021-04-17 13:00:00,1.4340000000000002
2021-04-17 14:00:00,1.296
2021-04-17 15:00:00,1.23
2021-04-17 16:00:00,1.265
2021-04-17 17:00:00,1.403
2021-04-17 18:00:00,1.528
2021-04-17 19:00:00,1.577
2021-04-17 20:00:00,1.7750000000000001
2021-04-17 21:00:00,1.959
2021-04-17 22:00:00,1.875
2021-04-17 23:00:00,1.771
2021-04-18 00:00:00,1.672
2021-04-18 01:00:00,1.564
2021-04-18 02:00:00,1.424
2021-04-18 03:00:00,1.287
2021-04-18 04:00:00,1.153
2021-04-18 05:00:00,1.021
2021-04-18 06:00:00,0.918
2021-04-18 07:00:00,0.8210000000000001
2021-04-18 08:00:00,0.543
2021-04-18 09:00:00,0.374
2021-04-18 10:00:00,0.40399999999999997
2021-04-18 11:00:00,0.39499999999999996
2021-04-18 12:00:00,0.38
2021-04-18 13:00:00,0.375
2021-04-18 14:00:00,0.407
2021-04-18 15:00:00,0.47
2021-04-18 16:00:00,0.557
2021-04-18 17:00:00,0.644
2021-04-18 18:00:00,0.753
2021-04-18 19:00:00,0.915
2021-04-18 20:00:00,1.278
2021-04-18 21:00:00,1.6
2021-04-18 22:00:00,1.662
2021-04-18 23:00:00,1.607
2021-04-19 00:00:00,1.502
2021-04-19 01:00:00,1.3860000000000001
2021-04-19 02:00:00,1.276
2021-04-19 03:00:00,1.175
2021-04-19 04:00:00,1.092
2021-04-19 05:00:00,1.026
2021-04-19 06:00:00,0.966
2021-04-19 07:00:00,0.897
2021-04-19 08:00:00,0.588
2021-04-19 09:00:00,0.329
2021-04-19 10:00:00,0.357
2021-04-19 11:00:00,0.41000000000000003
2021-04-19 12:00:00,0.40700000000000003
2021-04-19 13:00:00,0.382
2021-04-19 14:00:00,0.357
2021-04-19 15:00:00,0.32599999999999996
2021-04-19 16:00:00,0.296
2021-04-19 17:00:00,0.266
2021-04-19 18:00:00,0.27699999999999997
2021-04-19 19:00:00,0.409
2021-04-19 20:00:00,0.703
2021-04-19 21:00:00,0.946
2021-04-19 22:00:00,1.051
2021-04-19 23:00:00,1.0110000000000001
2021-04-20 00:00:00,0.893
2021-04-20 01:00:00,0.756
2021-04-20 02:00:00,0.612
2021-04-20 03:00:00,0.494
2021-04-20 04:00:00,0.417
2021-04-20 05:00:00,0.363
2021-04-20 06:00:00,0.349
2021-04-20 07:00:00,0.362
2021-04-20 08:00:00,0.293
2021-04-20 09:00:00,0.145
2021-04-20 10:00:00,0.132
2021-04-20 11:00:00,0.132
2021-04-20 12:00:00,0.139
2021-04-20 13:00:00,0.16799999999999998
2021-04-20 14:00:00,0.222
2021-04-20 15:00:00,0.28300000000000003
2021-04-20 16:00:00,0.33599999999999997
2021-04-20 17:00:00,0.379
2021-04-20 18:00:00,0.417
2021-04-20 19:00:00,0.514
2021-04-20 20:00:00,0.736
2021-04-20 21:00:00,0.97
2021-04-20 22:00:00,1.1019999999999999
2021-04-20 23:00:00,1.1340000000000001
2021-04-21 00:00:00,1.118
2021-04-21 01:00:00,1.077
2021-04-21 02:00:00,1.026
2021-04-21 03:00:00,0.9670000000000001
2021-04-21 04:00:00,0.933
2021-04-21 05:00:00,0.924
2021-04-21 06:00:00,0.9339999999999999
2021-04-21 07:00:00,0.9550000000000001
2021-04-21 08:00:00,0.777
2021-04-21 09:00:00,0.62
2021-04-21 10:00:00,0.704
2021-04-21 11:00:00,0.857
2021-04-21 12:00:00,0.868
2021-04-21 13:00:00,0.862
2021-04-21 14:00:00,0.879
2021-04-21 15:00:00,0.942
2021-04-21 16:00:00,1.088
2021-04-21 17:00:00,1.333
2021-04-21 18:00:00,1.581
2021-04-21 19:00:00,1.816
2021-04-21 20:00:00,2.182
2021-04-21 21:00:00,2.537
2021-04-21 22:00:00,2.681
2021-04-21 23:00:00,2.743
2021-04-22 00:00:00,2.749
2021-04-22 01:00:00,2.771
2021-04-22 02:00:00,2.693
2021-04-22 03:00:00,2.625
2021-04-22 04:00:00,2.615
2021-04-22 05:00:00,2.607
2021-04-22 06:00:00,2.524
2021-04-22 07:00:00,2.41
2021-04-22 08:00:00,2.168
2021-04-22 09:00:00,2.407
2021-04-22 10:00:00,2.421
2021-04-22 11:00:00,2.427
2021-04-22 12:00:00,2.3120000000000003
2021-04-22 13:00:00,2.143
2021-04-22 14:00:00,1.988
2021-04-22 15:00:00,1.903
2021-04-22 16:00:00,1.88
2021-04-22 17:00:00,1.9220000000000002
2021-04-22 18:00:00,1.949
2021-04-22 19:00:00,1.935
2021-04-22 20:00:00,2.328
2021-04-22 21:00:00,2.782
2021-04-22 22:00:00,2.795
2021-04-22 23:00:00,2.819
2021-04-23 00:00:00,2.7809999999999997
2021-04-23 01:00:00,2.709
2021-04-23 02:00:00,2.5860000000000003
2021-04-23 03:00:00,2.47
2021-04-23 04:00:00,2.378
2021-04-23 05:00:00,2.262
2021-04-23 06:00:00,2.188
2021-04-23 07:00:00,2.028
2021-04-23 08:00:00,1.572
2021-04-23 09:00:00,1.488
2021-04-23 10:00:00,1.7409999999999999
2021-04-23 11:00:00,2.021
2021-04-23 12:00:00,2.202
2021-04-23 13:00:00,2.266
2021-04-23 14:00:00,2.2239999999999998
2021-04-23 15:00:00,2.147
2021-04-23 16:00:00,2.076
2021-04-23 17:00:00,2.043
2021-04-23 18:00:00,1.9609999999999999
2021-04-23 19:00:00,2.06
2021-04-23 20:00:00,2.62
2021-04-23 21:00:00,3.116
2021-04-23 22:00:00,3.194
2021-04-23 23:00:00,3.17
2021-04-24 00:00:00,3.138
2021-04-24 01:00:00,2.962
2021-04-24 02:00:00,2.769
2021-04-24 03:00:00,2.556
2021-04-24 04:00:00,2.348
2021-04-24 05:00:00,2.189
2021-04-24 06:00:00,2.047
2021-04-24 07:00:00,1.8739999999999999
2021-04-24 08:00:00,1.555
2021-04-24 09:00:00,1.562
2021-04-24 10:00:00,1.7610000000000001
2021-04-24 11:00:00,1.83
2021-04-24 12:00:00,1.8399999999999999
2021-04-24 13:00:00,1.747
2021-04-24 14:00:00,1.6340000000000001
2021-04-24 15:00:00,1.54
2021-04-24 16:00:00,1.5070000000000001
2021-04-24 17:00:00,1.613
2021-04-24 18:00:00,1.733
2021-04-24 19:00:00,1.903
2021-04-24 20:00:00,2.346
2021-04-24 21:00:00,2.748
2021-04-24 22:00:00,2.854
2021-04-24 23:00:00,2.8970000000000002
2021-04-25 00:00:00,2.853
2021-04-25 01:00:00,2.704
2021-04-25 02:00:00,2.489
2021-04-25 03:00:00,2.313
2021-04-25 04:00:00,2.22
2021-04-25 05:00:00,2.0989999999999998
2021-04-25 06:00:00,2.012
2021-04-25 07:00:00,1.985
2021-04-25 08:00:00,2.014
2021-04-25 09:00:00,2.346
2021-04-25 10:00:00,2.435
2021-04-25 11:00:00,2.505
2021-04-25 12:00:00,2.617
2021-04-25 13:00:00,2.7239999999999998
2021-04-25 14:00:00,2.761
2021-04-25 15:00:00,2.7800000000000002
2021-04-25 16:00:00,2.818
2021-04-25 17:00:00,2.8329999999999997
2021-04-25 18:00:00,2.816
2021-04-25 19:00:00,2.8459999999999996
2021-04-25 20:00:00,3.0509999999999997
2021-04-25 21:00:00,3.176
2021-04-25 22:00:00,3.135
2021-04-25 23:00:00,3.057
2021-04-26 00:00:00,2.923
2021-04-26 01:00:00,2.8
2021-04-26 02:00:00,2.76
2021-04-26 03:00:00,2.7359999999999998
2021-04-26 04:00:00,2.674
2021-04-26 05:00:00,2.708
2021-04-26 06:00:00,2.656
2021-04-26 07:00:00,2.586
2021-04-26 08:00:00,2.648
2021-04-26 09:00:00,2.935
2021-04-26 10:00:00,3.248
2021-04-26 11:00:00,3.464
2021-04-26 12:00:00,3.577
2021-04-26 13:00:00,3.652
2021-04-26 14:00:00,3.669
2021-04-26 15:00:00,3.682
2021-04-26 16:00:00,3.698
2021-04-26 17:00:00,3.623
2021-04-26 18:00:00,3.428
2021-04-26 19:00:00,3.1790000000000003
2021-04-26 20:00:00,3.287
2021-04-26 21:00:00,3.436
2021-04-26 22:00:00,3.279
2021-04-26 23:00:00,3.019
2021-04-27 00:00:00,2.784
2021-04-27 01:00:00,2.502
2021-04-27 02:00:00,2.274
2021-04-27 03:00:00,2.088
2021-04-27 04:00:00,1.923
2021-04-27 05:00:00,1.693
2021-04-27 06:00:00,1.4729999999999999
2021-04-27 07:00:00,1.2570000000000001
2021-04-27 08:00:00,0.9440000000000001
2021-04-27 09:00:00,0.922
2021-04-27 10:00:00,0.987
2021-04-27 11:00:00,1.023
2021-04-27 12:00:00,0.8600000000000001
2021-04-27 13:00:00,0.656
2021-04-27 14:00:00,0.532
2021-04-27 15:00:00,0.494
2021-04-27 16:00:00,0.5
2021-04-27 17:00:00,0.541
2021-04-27 18:00:00,0.597
2021-04-27 19:00:00,0.725
2021-04-27 20:00:00,1.051
2021-04-27 21:00:00,1.402
2021-04-27 22:00:00,1.509
2021-04-27 23:00:00,1.497
2021-04-28 00:00:00,1.452
2021-04-28 01:00:00,1.373
2021-04-28 02:00:00,1.265
2021-04-28 03:00:00,1.143
2021-04-28 04:00:00,1.022
2021-04-28 05:00:00,0.914
2021-04-28 06:00:00,0.867
2021-04-28 07:00:00,0.8069999999999999
2021-04-28 08:00:00,0.646
2021-04-28 09:00:00,0.682
2021-04-28 10:00:00,0.823
2021-04-28 11:00:00,0.894
2021-04-28 12:00:00,0.963
2021-04-28 13:00:00,1.045
2021-04-28 14:00:00,1.1400000000000001
2021-04-28 15:00:00,1.229
2021-04-28 16:00:00,1.279
2021-04-28 17:00:00,1.272
2021-04-28 18:00:00,1.214
2021-04-28 19:00:00,1.121
2021-04-28 20:00:00,1.06
2021-04-28 21:00:00,1.092
2021-04-28 22:00:00,1.079
2021-04-28 23:00:00,1.1019999999999999
2021-04-29 00:00:00,1.1219999999999999
2021-04-29 01:00:00,1.138
2021-04-29 02:00:00,1.148
2021-04-29 03:00:00,1.142
2021-04-29 04:00:00,1.135
2021-04-29 05:00:00,1.0879999999999999
2021-04-29 06:00:00,1.047
2021-04-29 07:00:00,1.006
2021-04-29 08:00:00,0.9209999999999999
2021-04-29 09:00:00,0.9700000000000001
2021-04-29 10:00:00,0.9920000000000001
2021-04-29 11:00:00,0.993
2021-04-29 12:00:00,0.977
2021-04-29 13:00:00,0.9580000000000001
2021-04-29 14:00:00,0.934
2021-04-29 15:00:00,0.905
2021-04-29 16:00:00,0.8680000000000001
2021-04-29 17:00:00,0.843
2021-04-29 18:00:00,0.858
2021-04-29 19:00:00,0.888
2021-04-29 20:00:00,1.01
2021-04-29 21:00:00,1.161
2021-04-29 22:00:00,1.135
2021-04-29 23:00:00,1.077
2021-04-30 00:00:00,0.985
2021-04-30 01:00:00,0.881
2021-04-30 02:00:00,0.8119999999999999
2021-04-30 03:00:00,0.798
2021-04-30 04:00:00,0.8039999999999999
2021-04-30 05:00:00,0.798
2021-04-30 06:00:00,0.78
2021-04-30 07:00:00,0.748
2021-04-30 08:00:00,0.586
2021-04-30 09:00:00,0.61
2021-04-30 10:00:00,0.67
2021-04-30 11:00:00,0.6920000000000001
2021-04-30 12:00:00,0.752
2021-04-30 13:00:00,0.762
2021-04-30 14:00:00,0.6819999999999999
2021-04-30 15:00:00,0.643
2021-04-30 16:00:00,0.667
2021-04-30 17:00:00,0.692
2021-04-30 18:00:00,0.693
2021-04-30 19:00:00,0.6990000000000001
2021-04-30 20:00:00,0.841
2021-04-30 21:00:00,1.047
2021-04-30 22:00:00,1.077
2021-04-30 23:00:00,1.068
2021-05-01 00:00:00,1.058
2021-05-01 01:00:00,0.979
2021-05-01 02:00:00,0.876
2021-05-01 03:00:00,0.835
2021-05-01 04:00:00,0.7989999999999999
2021-05-01 05:00:00,0.713
2021-05-01 06:00:00,0.657
2021-05-01 07:00:00,0.635
2021-05-01 08:00:00,0.488
2021-05-01 09:00:00,0.462
2021-05-01 10:00:00,0.513
2021-05-01 11:00:00,0.642
2021-05-01 12:00:00,0.701
2021-05-01 13:00:00,0.83
2021-05-01 14:00:00,1.042
2021-05-01 15:00:00,1.39
2021-05-01 16:00:00,1.641
2021-05-01 17:00:00,1.839
2021-05-01 18:00:00,1.978
2021-05-01 19:00:00,2.07
2021-05-01 20:00:00,2.234
2021-05-01 21:00:00,2.511
2021-05-01 22:00:00,2.537
2021-05-01 23:00:00,2.475
2021-05-02 00:00:00,2.412
2021-05-02 01:00:00,2.282
2021-05-02 02:00:00,2.135
2021-05-02 03:00:00,2.001
2021-05-02 04:00:00,1.8659999999999999
2021-05-02 05:00:00,1.739
2021-05-02 06:00:00,1.643
2021-05-02 07:00:00,1.501
2021-05-02 08:00:00,1.483
2021-05-02 09:00:00,1.5390000000000001
2021-05-02 10:00:00,1.556
2021-05-02 11:00:00,1.5470000000000002
2021-05-02 12:00:00,1.549
2021-05-02 13:00:00,1.591
2021-05-02 14:00:00,1.6540000000000001
2021-05-02 15:00:00,1.6949999999999998
2021-05-02 16:00:00,1.71
2021-05-02 17:00:00,1.723
2021-05-02 18:00:00,1.706
2021-05-02 19:00:00,1.629
2021-05-02 20:00:00,1.654
2021-05-02 21:00:00,1.748
2021-05-02 22:00:00,1.722
2021-05-02 23:00:00,1.683
2021-05-03 00:00:00,1.616
2021-05-03 01:00:00,1.532
2021-05-03 02:00:00,1.4489999999999998
2021-05-03 03:00:00,1.384
2021-05-03 04:00:00,1.318
2021-05-03 05:00:00,1.248
2021-05-03 06:00:00,1.157
2021-05-03 07:00:00,1.0150000000000001
2021-05-03 08:00:00,0.8320000000000001
2021-05-03 09:00:00,1.025
2021-05-03 10:00:00,1.204
2021-05-03 11:00:00,1.293
2021-05-03 12:00:00,1.375
2021-05-03 13:00:00,1.594
2021-05-03 14:00:00,1.8960000000000001
2021-05-03 15:00:00,2.193
2021-05-03 16:00:00,2.3810000000000002
2021-05-03 17:00:00,2.457
2021-05-03 18:00:00,2.48
2021-05-03 19:00:00,2.621
2021-05-03 20:00:00,2.853
2021-05-03 21:00:00,3.067
2021-05-03 22:00:00,3.21
2021-05-03 23:00:00,3.303
2021-05-04 00:00:00,3.5300000000000002
2021-05-04 01:00:00,3.726
2021-05-04 02:00:00,3.8609999999999998
2021-05-04 03:00:00,4.02
2021-05-04 04:00:00,4.146
2021-05-04 05:00:00,4.163
2021-05-04 06:00:00,4.044
2021-05-04 07:00:00,3.7979999999999996
2021-05-04 08:00:00,3.557
2021-05-04 09:00:00,3.603
2021-05-04 10:00:00,3.688
2021-05-04 11:00:00,3.627
2021-05-04 12:00:00,3.509
2021-05-04 13:00:00,3.465
2021-05-04 14:00:00,3.457
2021-05-04 15:00:00,3.4450000000000003
2021-05-04 16:00:00,3.426
2021-05-04 17:00:00,3.408
2021-05-04 18:00:00,3.347
2021-05-04 19:00:00,3.218
2021-05-04 20:00:00,3.027
2021-05-04 21:00:00,2.941
2021-05-04 22:00:00,2.912
2021-05-04 23:00:00,2.857
2021-05-05 00:00:00,2.685
2021-05-05 01:00:00,2.537
2021-05-05 02:00:00,2.496
2021-05-05 03:00:00,2.473
2021-05-05 04:00:00,2.493
2021-05-05 05:00:00,2.551
2021-05-05 06:00:00,2.557
2021-05-05 07:00:00,2.346
2021-05-05 08:00:00,2.23
2021-05-05 09:00:00,2.511
2021-05-05 10:00:00,2.597
2021-05-05 11:00:00,2.615
2021-05-05 12:00:00,2.721
2021-05-05 13:00:00,2.925
2021-05-05 14:00:00,3.08
2021-05-05 15:00:00,3.245
2021-05-05 16:00:00,3.363
2021-05-05 17:00:00,3.294
2021-05-05 18:00:00,3.0700000000000003
2021-05-05 19:00:00,2.668
2021-05-05 20:00:00,2.373
2021-05-05 21:00:00,2.2969999999999997
2021-05-05 22:00:00,2.201
2021-05-05 23:00:00,2.107
2021-05-06 00:00:00,2.102
2021-05-06 01:00:00,2.169
2021-05-06 02:00:00,2.281
2021-05-06 03:00:00,2.419
2021-05-06 04:00:00,2.448
2021-05-06 05:00:00,2.428
2021-05-06 06:00:00,2.414
2021-05-06 07:00:00,2.293
2021-05-06 08:00:00,2.345
2021-05-06 09:00:00,2.745
2021-05-06 10:00:00,3.284
2021-05-06 11:00:00,3.426
2021-05-06 12:00:00,3.273
2021-05-06 13:00:00,3.173
2021-05-06 14:00:00,3.142
2021-05-06 15:00:00,3.122
2021-05-06 16:00:00,3.0300000000000002
2021-05-06 17:00:00,2.864
2021-05-06 18:00:00,2.622
2021-05-06 19:00:00,2.279
2021-05-06 20:00:00,1.976
2021-05-06 21:00:00,1.844
2021-05-06 22:00:00,1.6520000000000001
2021-05-06 23:00:00,1.571
2021-05-07 00:00:00,1.574
2021-05-07 01:00:00,1.56
2021-05-07 02:00:00,1.55
2021-05-07 03:00:00,1.5459999999999998
2021-05-07 04:00:00,1.576
2021-05-07 05:00:00,1.5470000000000002
2021-05-07 06:00:00,1.416
2021-05-07 07:00:00,1.241
2021-05-07 08:00:00,1.296
2021-05-07 09:00:00,1.4
2021-05-07 10:00:00,1.461
2021-05-07 11:00:00,1.552
2021-05-07 12:00:00,1.6440000000000001
2021-05-07 13:00:00,1.754
2021-05-07 14:00:00,1.8719999999999999
2021-05-07 15:00:00,2.011
2021-05-07 16:00:00,2.122
2021-05-07 17:00:00,2.146
2021-05-07 18:00:00,2.053
2021-05-07 19:00:00,1.798
2021-05-07 20:00:00,1.617
2021-05-07 21:00:00,1.672
2021-05-07 22:00:00,1.846
2021-05-07 23:00:00,2.059
2021-05-08 00:00:00,2.14
2021-05-08 01:00:00,2.147
2021-05-08 02:00:00,2.246
2021-05-08 03:00:00,2.443
2021-05-08 04:00:00,2.545
2021-05-08 05:00:00,2.4699999999999998
2021-05-08 06:00:00,2.5660000000000003
2021-05-08 07:00:00,2.526
2021-05-08 08:00:00,2.266
2021-05-08 09:00:00,2.443
2021-05-08 10:00:00,2.939
2021-05-08 11:00:00,3.264
2021-05-08 12:00:00,3.382
2021-05-08 13:00:00,3.395
2021-05-08 14:00:00,3.369
2021-05-08 15:00:00,3.321
2021-05-08 16:00:00,3.232
2021-05-08 17:00:00,3.056
2021-05-08 18:00:00,2.706
2021-05-08 19:00:00,2.298
2021-05-08 20:00:00,2.045
2021-05-08 21:00:00,2.128
2021-05-08 22:00:00,2.094
2021-05-08 23:00:00,1.958
2021-05-09 00:00:00,1.954
2021-05-09 01:00:00,2.075
2021-05-09 02:00:00,2.153
2021-05-09 03:00:00,2.218
2021-05-09 04:00:00,2.238
2021-05-09 05:00:00,2.197
2021-05-09 06:00:00,2.072
2021-05-09 07:00:00,2.02
2021-05-09 08:00:00,2.029
2021-05-09 09:00:00,2.261
2021-05-09 10:00:00,2.3850000000000002
2021-05-09 11:00:00,2.653
2021-05-09 12:00:00,2.956
2021-05-09 13:00:00,3.3449999999999998
2021-05-09 14:00:00,3.59
2021-05-09 15:00:00,3.688
2021-05-09 16:00:00,3.79
2021-05-09 17:00:00,3.782
2021-05-09 18:00:00,3.771
2021-05-09 19:00:00,3.742
2021-05-09 20:00:00,3.5709999999999997
2021-05-09 21:00:00,3.2640000000000002
2021-05-09 22:00:00,2.928
2021-05-09 23:00:00,2.89
2021-05-10 00:00:00,3.098
2021-05-10 01:00:00,3.287
2021-05-10 02:00:00,3.341
2021-05-10 03:00:00,3.6
2021-05-10 04:00:00,3.809
2021-05-10 05:00:00,3.876
2021-05-10 06:00:00,3.947
2021-05-10 07:00:00,3.7640000000000002
2021-05-10 08:00:00,3.535
2021-05-10 09:00:00,4.034
2021-05-10 10:00:00,4.217
2021-05-10 11:00:00,4.259
2021-05-10 12:00:00,4.223
2021-05-10 13:00:00,4.211
2021-05-10 14:00:00,4.143
2021-05-10 15:00:00,3.805
2021-05-10 16:00:00,3.3600000000000003
2021-05-10 17:00:00,2.98
2021-05-10 18:00:00,2.574
2021-05-10 19:00:00,2.121
2021-05-10 20:00:00,1.764
2021-05-10 21:00:00,1.647
2021-05-10 22:00:00,1.667
2021-05-10 23:00:00,1.68
2021-05-11 00:00:00,1.7890000000000001
2021-05-11 01:00:00,1.834
2021-05-11 02:00:00,1.806
2021-05-11 03:00:00,1.7610000000000001
2021-05-11 04:00:00,1.728
2021-05-11 05:00:00,1.798
2021-05-11 06:00:00,1.879
2021-05-11 07:00:00,1.7229999999999999
2021-05-11 08:00:00,1.4420000000000002
2021-05-11 09:00:00,1.729
2021-05-11 10:00:00,2.063
2021-05-11 11:00:00,2.364
2021-05-11 12:00:00,2.708
2021-05-11 13:00:00,3.168
2021-05-11 14:00:00,3.626
2021-05-11 15:00:00,3.876
2021-05-11 16:00:00,4.088
2021-05-11 17:00:00,4.161
2021-05-11 18:00:00,4.036
2021-05-11 19:00:00,3.684
2021-05-11 20:00:00,3.233
2021-05-11 21:00:00,3.058
2021-05-11 22:00:00,3.0060000000000002
2021-05-11 23:00:00,3.016
2021-05-12 00:00:00,3.081
2021-05-12 01:00:00,3.131
2021-05-12 02:00:00,3.106
2021-05-12 03:00:00,2.9779999999999998
2021-05-12 04:00:00,2.817
2021-05-12 05:00:00,2.835
2021-05-12 06:00:00,2.832
2021-05-12 07:00:00,2.626
2021-05-12 08:00:00,2.529
2021-05-12 09:00:00,2.772
2021-05-12 10:00:00,2.998
2021-05-12 11:00:00,3.19
2021-05-12 12:00:00,3.384
2021-05-12 13:00:00,3.487
2021-05-12 14:00:00,3.549
2021-05-12 15:00:00,3.63
2021-05-12 16:00:00,3.636
2021-05-12 17:00:00,3.663
2021-05-12 18:00:00,3.8
2021-05-12 19:00:00,3.864
2021-05-12 20:00:00,3.778
2021-05-12 21:00:00,3.701
2021-05-12 22:00:00,3.644
2021-05-12 23:00:00,3.561
2021-05-13 00:00:00,3.628
2021-05-13 01:00:00,3.7110000000000003
2021-05-13 02:00:00,3.7359999999999998
2021-05-13 03:00:00,3.718
2021-05-13 04:00:00,3.712
2021-05-13 05:00:00,3.5709999999999997
2021-05-13 06:00:00,3.383
2021-05-13 07:00:00,3.137
2021-05-13 08:00:00,2.932
2021-05-13 09:00:00,3.16
2021-05-13 10:00:00,3.267
2021-05-13 11:00:00,3.245
2021-05-13 12:00:00,3.27
2021-05-13 13:00:00,3.318
2021-05-13 14:00:00,3.351
2021-05-13 15:00:00,3.237
2021-05-13 16:00:00,3.056
2021-05-13 17:00:00,2.943
2021-05-13 18:00:00,2.854
2021-05-13 19:00:00,2.667
2021-05-13 20:00:00,2.428
2021-05-13 21:00:00,2.548
2021-05-13 22:00:00,2.6559999999999997
2021-05-13 23:00:00,2.641
2021-05-14 00:00:00,2.713
2021-05-14 01:00:00,2.724
2021-05-14 02:00:00,2.5229999999999997
2021-05-14 03:00:00,2.429
2021-05-14 04:00:00,2.374
2021-05-14 05:00:00,2.226
2021-05-14 06:00:00,2.116
2021-05-14 07:00:00,1.946
2021-05-14 08:00:00,1.885
2021-05-14 09:00:00,2.184
2021-05-14 10:00:00,2.341
2021-05-14 11:00:00,2.323
2021-05-14 12:00:00,2.378
2021-05-14 13:00:00,2.474
2021-05-14 14:00:00,2.364
2021-05-14 15:00:00,2.346
2021-05-14 16:00:00,2.279
2021-05-14 17:00:00,2.216
2021-05-14 18:00:00,2.1639999999999997
2021-05-14 19:00:00,2.025
2021-05-14 20:00:00,1.8439999999999999
2021-05-14 21:00:00,1.854
2021-05-14 22:00:00,2.009
2021-05-14 23:00:00,2.1790000000000003
2021-05-15 00:00:00,2.44
2021-05-15 01:00:00,2.6990000000000003
2021-05-15 02:00:00,2.83
2021-05-15 03:00:00,2.828
2021-05-15 04:00:00,2.816
2021-05-15 05:00:00,2.7159999999999997
2021-05-15 06:00:00,2.563
2021-05-15 07:00:00,2.196
2021-05-15 08:00:00,2.096
2021-05-15 09:00:00,2.685
2021-05-15 10:00:00,3.178
2021-05-15 11:00:00,3.292
2021-05-15 12:00:00,3.294
2021-05-15 13:00:00,3.295
2021-05-15 14:00:00,3.229
2021-05-15 15:00:00,3.228
2021-05-15 16:00:00,3.3449999999999998
2021-05-15 17:00:00,3.476
2021-05-15 18:00:00,3.3609999999999998
2021-05-15 19:00:00,2.9299999999999997
2021-05-15 20:00:00,2.543
2021-05-15 21:00:00,2.42
2021-05-15 22:00:00,2.238
2021-05-15 23:00:00,2.218
2021-05-16 00:00:00,2.167
2021-05-16 01:00:00,2.148
2021-05-16 02:00:00,2.19
2021-05-16 03:00:00,2.233
2021-05-16 04:00:00,2.233
2021-05-16 05:00:00,2.243
2021-05-16 06:00:00,2.234
2021-05-16 07:00:00,2.095
2021-05-16 08:00:00,2.02
2021-05-16 09:00:00,2.517
2021-05-16 10:00:00,3.011
2021-05-16 11:00:00,3.277
2021-05-16 12:00:00,3.474
2021-05-16 13:00:00,3.687
2021-05-16 14:00:00,3.923
2021-05-16 15:00:00,4.118
2021-05-16 16:00:00,4.166
2021-05-16 17:00:00,4.113
2021-05-16 18:00:00,3.981
2021-05-16 19:00:00,3.821
2021-05-16 20:00:00,3.8040000000000003
2021-05-16 21:00:00,3.939
2021-05-16 22:00:00,3.985
2021-05-16 23:00:00,4.038
2021-05-17 00:00:00,4.179
2021-05-17 01:00:00,4.328
2021-05-17 02:00:00,4.415
2021-05-17 03:00:00,4.4190000000000005
2021-05-17 04:00:00,4.395
2021-05-17 05:00:00,4.364
2021-05-17 06:00:00,4.304
2021-05-17 07:00:00,4.206
2021-05-17 08:00:00,4.334
2021-05-17 09:00:00,4.732
2021-05-17 10:00:00,5.069
2021-05-17 11:00:00,5.11
2021-05-17 12:00:00,4.997
2021-05-17 13:00:00,4.895
2021-05-17 14:00:00,4.917
2021-05-17 15:00:00,4.877
2021-05-17 16:00:00,4.671
2021-05-17 17:00:00,4.494
2021-05-17 18:00:00,4.322
2021-05-17 19:00:00,4.01
2021-05-17 20:00:00,3.513
2021-05-17 21:00:00,3.271
2021-05-17 22:00:00,3.121
2021-05-17 23:00:00,3.041
2021-05-18 00:00:00,2.9370000000000003
2021-05-18 01:00:00,2.731
2021-05-18 02:00:00,2.5060000000000002
2021-05-18 03:00:00,2.292
2021-05-18 04:00:00,1.96
2021-05-18 05:00:00,1.685
2021-05-18 06:00:00,1.513
2021-05-18 07:00:00,1.193
2021-05-18 08:00:00,1.081
2021-05-18 09:00:00,1.179
2021-05-18 10:00:00,1.252
2021-05-18 11:00:00,1.335
2021-05-18 12:00:00,1.413
2021-05-18 13:00:00,1.496
2021-05-18 14:00:00,1.623
2021-05-18 15:00:00,1.738
2021-05-18 16:00:00,1.834
2021-05-18 17:00:00,1.974
2021-05-18 18:00:00,2.056
2021-05-18 19:00:00,2.0
2021-05-18 20:00:00,1.789
2021-05-18 21:00:00,1.8639999999999999
2021-05-18 22:00:00,2.033
2021-05-18 23:00:00,2.199
2021-05-19 00:00:00,2.405
2021-05-19 01:00:00,2.616
2021-05-19 02:00:00,2.6790000000000003
2021-05-19 03:00:00,2.7359999999999998
2021-05-19 04:00:00,2.803
2021-05-19 05:00:00,2.768
2021-05-19 06:00:00,2.832
2021-05-19 07:00:00,2.69
2021-05-19 08:00:00,2.802
2021-05-19 09:00:00,3.303
2021-05-19 10:00:00,3.4779999999999998
2021-05-19 11:00:00,3.4539999999999997
2021-05-19 12:00:00,3.401
2021-05-19 13:00:00,3.472
2021-05-19 14:00:00,3.427
2021-05-19 15:00:00,3.38
2021-05-19 16:00:00,3.356
2021-05-19 17:00:00,3.3970000000000002
2021-05-19 18:00:00,3.323
2021-05-19 19:00:00,2.985
2021-05-19 20:00:00,2.463
2021-05-19 21:00:00,2.095
2021-05-19 22:00:00,1.7510000000000001
2021-05-19 23:00:00,1.476
2021-05-20 00:00:00,1.2890000000000001
2021-05-20 01:00:00,1.149
2021-05-20 02:00:00,1.107
2021-05-20 03:00:00,1.142
2021-05-20 04:00:00,1.221
2021-05-20 05:00:00,1.2770000000000001
2021-05-20 06:00:00,1.405
2021-05-20 07:00:00,1.5099999999999998
2021-05-20 08:00:00,1.544
2021-05-20 09:00:00,1.811
2021-05-20 10:00:00,2.304
2021-05-20 11:00:00,2.746
2021-05-20 12:00:00,3.0829999999999997
2021-05-20 13:00:00,3.29
2021-05-20 14:00:00,3.378
2021-05-20 15:00:00,3.4530000000000003
2021-05-20 16:00:00,3.494
2021-05-20 17:00:00,3.5
2021-05-20 18:00:00,3.514
2021-05-20 19:00:00,3.4450000000000003
2021-05-20 20:00:00,3.385
2021-05-20 21:00:00,3.405
2021-05-20 22:00:00,3.338
2021-05-20 23:00:00,3.3249999999999997
2021-05-21 00:00:00,3.255
2021-05-21 01:00:00,3.194
2021-05-21 02:00:00,3.129
2021-05-21 03:00:00,3.1390000000000002
2021-05-21 04:00:00,3.184
2021-05-21 05:00:00,3.194
2021-05-21 06:00:00,3.145
2021-05-21 07:00:00,2.968
2021-05-21 08:00:00,3.0500000000000003
2021-05-21 09:00:00,3.573
2021-05-21 10:00:00,3.895
2021-05-21 11:00:00,4.096
2021-05-21 12:00:00,4.304
2021-05-21 13:00:00,4.439
2021-05-21 14:00:00,4.511
2021-05-21 15:00:00,4.506
2021-05-21 16:00:00,4.385
2021-05-21 17:00:00,4.277
2021-05-21 18:00:00,4.199
2021-05-21 19:00:00,4.128
2021-05-21 20:00:00,3.92
2021-05-21 21:00:00,3.806
2021-05-21 22:00:00,3.773
2021-05-21 23:00:00,3.751
2021-05-22 00:00:00,3.699
2021-05-22 01:00:00,3.6020000000000003
2021-05-22 02:00:00,3.529
2021-05-22 03:00:00,3.445
2021-05-22 04:00:00,3.332
2021-05-22 05:00:00,3.229
2021-05-22 06:00:00,3.11
2021-05-22 07:00:00,2.915
2021-05-22 08:00:00,2.8080000000000003
2021-05-22 09:00:00,3.225
2021-05-22 10:00:00,3.461
2021-05-22 11:00:00,3.568
2021-05-22 12:00:00,3.537
2021-05-22 13:00:00,3.4770000000000003
2021-05-22 14:00:00,3.369
2021-05-22 15:00:00,3.218
2021-05-22 16:00:00,3.036
2021-05-22 17:00:00,2.862
2021-05-22 18:00:00,2.645
2021-05-22 19:00:00,2.34
2021-05-22 20:00:00,2.097
2021-05-22 21:00:00,2.168
2021-05-22 22:00:00,2.1870000000000003
2021-05-22 23:00:00,2.187
2021-05-23 00:00:00,2.167
2021-05-23 01:00:00,2.107
2021-05-23 02:00:00,2.094
2021-05-23 03:00:00,2.078
2021-05-23 04:00:00,1.983
2021-05-23 05:00:00,1.919
2021-05-23 06:00:00,1.9
2021-05-23 07:00:00,1.7690000000000001
2021-05-23 08:00:00,1.74
2021-05-23 09:00:00,2.238
2021-05-23 10:00:00,2.5060000000000002
2021-05-23 11:00:00,2.703
2021-05-23 12:00:00,2.941
2021-05-23 13:00:00,3.16
2021-05-23 14:00:00,3.312
2021-05-23 15:00:00,3.419
2021-05-23 16:00:00,3.393
2021-05-23 17:00:00,3.216
2021-05-23 18:00:00,3.141
2021-05-23 19:00:00,3.154
2021-05-23 20:00:00,3.273
2021-05-23 21:00:00,3.504
2021-05-23 22:00:00,3.642
2021-05-23 23:00:00,3.745
2021-05-24 00:00:00,3.73
2021-05-24 01:00:00,3.534
2021-05-24 02:00:00,3.1879999999999997
2021-05-24 03:00:00,2.968
2021-05-24 04:00:00,2.7680000000000002
2021-05-24 05:00:00,2.749
2021-05-24 06:00:00,2.892
2021-05-24 07:00:00,2.7600000000000002
2021-05-24 08:00:00,2.87
2021-05-24 09:00:00,3.591
2021-05-24 10:00:00,4.018
2021-05-24 11:00:00,4.085
2021-05-24 12:00:00,4.117
2021-05-24 13:00:00,4.367
2021-05-24 14:00:00,4.711
2021-05-24 15:00:00,5.016
2021-05-24 16:00:00,5.267
2021-05-24 17:00:00,5.263
2021-05-24 18:00:00,5.109
2021-05-24 19:00:00,4.7780000000000005
2021-05-24 20:00:00,4.441
2021-05-24 21:00:00,4.296
2021-05-24 22:00:00,4.186999999999999
2021-05-24 23:00:00,4.023
2021-05-25 00:00:00,3.9699999999999998
2021-05-25 01:00:00,3.848
2021-05-25 02:00:00,3.601
2021-05-25 03:00:00,3.3289999999999997
2021-05-25 04:00:00,3.1870000000000003
2021-05-25 05:00:00,3.13
2021-05-25 06:00:00,3.101
2021-05-25 07:00:00,2.928
2021-05-25 08:00:00,3.1470000000000002
2021-05-25 09:00:00,3.6870000000000003
2021-05-25 10:00:00,3.8710000000000004
2021-05-25 11:00:00,3.855
2021-05-25 12:00:00,3.768
2021-05-25 13:00:00,3.688
2021-05-25 14:00:00,3.633
2021-05-25 15:00:00,3.578
2021-05-25 16:00:00,3.508
2021-05-25 17:00:00,3.492
2021-05-25 18:00:00,3.441
2021-05-25 19:00:00,3.26
2021-05-25 20:00:00,3.063
2021-05-25 21:00:00,3.0789999999999997
2021-05-25 22:00:00,3.142
2021-05-25 23:00:00,3.167
2021-05-26 00:00:00,3.113
2021-05-26 01:00:00,3.0229999999999997
2021-05-26 02:00:00,2.8280000000000003
2021-05-26 03:00:00,2.657
2021-05-26 04:00:00,2.325
2021-05-26 05:00:00,2.093
2021-05-26 06:00:00,1.811
2021-05-26 07:00:00,1.415
2021-05-26 08:00:00,1.29
2021-05-26 09:00:00,1.331
2021-05-26 10:00:00,1.369
2021-05-26 11:00:00,1.441
2021-05-26 12:00:00,1.504
2021-05-26 13:00:00,1.564
2021-05-26 14:00:00,1.621
2021-05-26 15:00:00,1.662
2021-05-26 16:00:00,1.657
2021-05-26 17:00:00,1.633
2021-05-26 18:00:00,1.596
2021-05-26 19:00:00,1.4449999999999998
2021-05-26 20:00:00,1.2229999999999999
2021-05-26 21:00:00,1.199
2021-05-26 22:00:00,1.147
2021-05-26 23:00:00,1.012
2021-05-27 00:00:00,0.9009999999999999
2021-05-27 01:00:00,0.783
2021-05-27 02:00:00,0.704
2021-05-27 03:00:00,0.659
2021-05-27 04:00:00,0.622
2021-05-27 05:00:00,0.593
2021-05-27 06:00:00,0.568
2021-05-27 07:00:00,0.398
2021-05-27 08:00:00,0.30999999999999994
2021-05-27 09:00:00,0.345
2021-05-27 10:00:00,0.38
2021-05-27 11:00:00,0.40900000000000003
2021-05-27 12:00:00,0.45499999999999996
2021-05-27 13:00:00,0.52
2021-05-27 14:00:00,0.599
2021-05-27 15:00:00,0.663
2021-05-27 16:00:00,0.7130000000000001
2021-05-27 17:00:00,0.7789999999999999
2021-05-27 18:00:00,0.855
2021-05-27 19:00:00,0.9119999999999999
2021-05-27 20:00:00,1.056
2021-05-27 21:00:00,1.399
2021-05-27 22:00:00,1.646
2021-05-27 23:00:00,1.737
2021-05-28 00:00:00,1.728
2021-05-28 01:00:00,1.577
2021-05-28 02:00:00,1.417
2021-05-28 03:00:00,1.283
2021-05-28 04:00:00,1.194
2021-05-28 05:00:00,1.151
2021-05-28 06:00:00,1.142
2021-05-28 07:00:00,0.904
2021-05-28 08:00:00,0.672
2021-05-28 09:00:00,0.661
2021-05-28 10:00:00,0.789
2021-05-28 11:00:00,0.729
2021-05-28 12:00:00,0.633
2021-05-28 13:00:00,0.528
2021-05-28 14:00:00,0.438
2021-05-28 15:00:00,0.413
2021-05-28 16:00:00,0.49999999999999994
2021-05-28 17:00:00,0.653
2021-05-28 18:00:00,0.747
2021-05-28 19:00:00,0.759
2021-05-28 20:00:00,0.873
2021-05-28 21:00:00,1.092
2021-05-28 22:00:00,1.263
2021-05-28 23:00:00,1.31
2021-05-29 00:00:00,1.29
2021-05-29 01:00:00,1.231
2021-05-29 02:00:00,1.163
2021-05-29 03:00:00,1.091
2021-05-29 04:00:00,1.024
2021-05-29 05:00:00,0.962
2021-05-29 06:00:00,0.897
2021-05-29 07:00:00,0.649
2021-05-29 08:00:00,0.383
2021-05-29 09:00:00,0.37
2021-05-29 10:00:00,0.496
2021-05-29 11:00:00,0.618
2021-05-29 12:00:00,0.666
2021-05-29 13:00:00,0.6930000000000001
2021-05-29 14:00:00,0.7110000000000001
2021-05-29 15:00:00,0.77
2021-05-29 16:00:00,0.909
2021-05-29 17:00:00,1.129
2021-05-29 18:00:00,1.355
2021-05-29 19:00:00,1.487
2021-05-29 20:00:00,1.7080000000000002
2021-05-29 21:00:00,2.0380000000000003
2021-05-29 22:00:00,2.204
2021-05-29 23:00:00,2.135
2021-05-30 00:00:00,1.994
2021-05-30 01:00:00,1.85
2021-05-30 02:00:00,1.749
2021-05-30 03:00:00,1.619
2021-05-30 04:00:00,1.476
2021-05-30 05:00:00,1.353
2021-05-30 06:00:00,1.249
2021-05-30 07:00:00,0.958
2021-05-30 08:00:00,0.781
2021-05-30 09:00:00,0.895
2021-05-30 10:00:00,1.1019999999999999
2021-05-30 11:00:00,1.137
2021-05-30 12:00:00,1.118
2021-05-30 13:00:00,1.063
2021-05-30 14:00:00,0.99
2021-05-30 15:00:00,0.9420000000000001
2021-05-30 16:00:00,0.9410000000000001
2021-05-30 17:00:00,0.985
2021-05-30 18:00:00,1.056
2021-05-30 19:00:00,1.132
2021-05-30 20:00:00,1.374
2021-05-30 21:00:00,1.826
2021-05-30 22:00:00,2.072
2021-05-30 23:00:00,2.026
2021-05-31 00:00:00,1.93
2021-05-31 01:00:00,1.851
2021-05-31 02:00:00,1.763
2021-05-31 03:00:00,1.6420000000000001
2021-05-31 04:00:00,1.55
2021-05-31 05:00:00,1.505
2021-05-31 06:00:00,1.441
2021-05-31 07:00:00,0.976
2021-05-31 08:00:00,0.597
2021-05-31 09:00:00,0.492
2021-05-31 10:00:00,0.6920000000000001
2021-05-31 11:00:00,0.767
2021-05-31 12:00:00,0.78
2021-05-31 13:00:00,0.751
2021-05-31 14:00:00,0.714
2021-05-31 15:00:00,0.6799999999999999
2021-05-31 16:00:00,0.674
2021-05-31 17:00:00,0.717
2021-05-31 18:00:00,0.802
2021-05-31 19:00:00,0.903
2021-05-31 20:00:00,1.139
2021-05-31 21:00:00,1.601
2021-05-31 22:00:00,2.013
2021-05-31 23:00:00,2.2
2021-06-01 00:00:00,2.26
2021-06-01 01:00:00,2.248
2021-06-01 02:00:00,2.192
2021-06-01 03:00:00,2.076
2021-06-01 04:00:00,1.971
2021-06-01 05:00:00,1.8820000000000001
2021-06-01 06:00:00,1.847
2021-06-01 07:00:00,1.4000000000000001
2021-06-01 08:00:00,1.017
2021-06-01 09:00:00,1.026
2021-06-01 10:00:00,1.28
2021-06-01 11:00:00,1.34
2021-06-01 12:00:00,1.313
2021-06-01 13:00:00,1.21
2021-06-01 14:00:00,1.181
2021-06-01 15:00:00,1.194
2021-06-01 16:00:00,1.1640000000000001
2021-06-01 17:00:00,1.09
2021-06-01 18:00:00,1.022
2021-06-01 19:00:00,1.0
2021-06-01 20:00:00,1.018
2021-06-01 21:00:00,1.156
2021-06-01 22:00:00,1.331
2021-06-01 23:00:00,1.465
2021-06-02 00:00:00,1.498
2021-06-02 01:00:00,1.504
2021-06-02 02:00:00,1.4849999999999999
2021-06-02 03:00:00,1.443
2021-06-02 04:00:00,1.411
2021-06-02 05:00:00,1.407
2021-06-02 06:00:00,1.387
2021-06-02 07:00:00,1.146
2021-06-02 08:00:00,0.967
2021-06-02 09:00:00,1.044
2021-06-02 10:00:00,1.209
2021-06-02 11:00:00,1.331
2021-06-02 12:00:00,1.4060000000000001
2021-06-02 13:00:00,1.454
2021-06-02 14:00:00,1.479
2021-06-02 15:00:00,1.5030000000000001
2021-06-02 16:00:00,1.502
2021-06-02 17:00:00,1.466
2021-06-02 18:00:00,1.366
2021-06-02 19:00:00,1.225
2021-06-02 20:00:00,1.159
2021-06-02 21:00:00,1.217
2021-06-02 22:00:00,1.31
2021-06-02 23:00:00,1.33
2021-06-03 00:00:00,1.26
2021-06-03 01:00:00,1.133
2021-06-03 02:00:00,1.005
2021-06-03 03:00:00,0.9039999999999999
2021-06-03 04:00:00,0.757
2021-06-03 05:00:00,0.675
2021-06-03 06:00:00,0.652
2021-06-03 07:00:00,0.545
2021-06-03 08:00:00,0.5579999999999999
2021-06-03 09:00:00,0.618
2021-06-03 10:00:00,0.629
2021-06-03 11:00:00,0.617
2021-06-03 12:00:00,0.617
2021-06-03 13:00:00,0.609
2021-06-03 14:00:00,0.613
2021-06-03 15:00:00,0.619
2021-06-03 16:00:00,0.623
2021-06-03 17:00:00,0.633
2021-06-03 18:00:00,0.685
2021-06-03 19:00:00,0.827
2021-06-03 20:00:00,0.99
2021-06-03 21:00:00,1.1
2021-06-03 22:00:00,1.116
2021-06-03 23:00:00,1.109
2021-06-04 00:00:00,1.209
2021-06-04 01:00:00,1.137
2021-06-04 02:00:00,1.031
2021-06-04 03:00:00,1.07
2021-06-04 04:00:00,1.137
2021-06-04 05:00:00,1.068
2021-06-04 06:00:00,1.062
2021-06-04 07:00:00,1.0270000000000001
2021-06-04 08:00:00,0.975
2021-06-04 09:00:00,0.9690000000000001
2021-06-04 10:00:00,1.025
2021-06-04 11:00:00,1.121
2021-06-04 12:00:00,1.193
2021-06-04 13:00:00,1.229
2021-06-04 14:00:00,1.276
2021-06-04 15:00:00,1.398
2021-06-04 16:00:00,1.44
2021-06-04 17:00:00,1.431
2021-06-04 18:00:00,1.451
2021-06-04 19:00:00,1.518
2021-06-04 20:00:00,1.407
2021-06-04 21:00:00,1.314
2021-06-04 22:00:00,1.277
2021-06-04 23:00:00,1.187
2021-06-05 00:00:00,1.125
2021-06-05 01:00:00,1.086
2021-06-05 02:00:00,1.061
2021-06-05 03:00:00,0.9840000000000001
2021-06-05 04:00:00,0.864
2021-06-05 05:00:00,0.743
2021-06-05 06:00:00,0.631
2021-06-05 07:00:00,0.505
2021-06-05 08:00:00,0.499
2021-06-05 09:00:00,0.525
2021-06-05 10:00:00,0.544
2021-06-05 11:00:00,0.569
2021-06-05 12:00:00,0.607
2021-06-05 13:00:00,0.645
2021-06-05 14:00:00,0.658
2021-06-05 15:00:00,0.684
2021-06-05 16:00:00,0.737
2021-06-05 17:00:00,0.817
2021-06-05 18:00:00,0.909
2021-06-05 19:00:00,0.997
2021-06-05 20:00:00,1.1019999999999999
2021-06-05 21:00:00,1.291
2021-06-05 22:00:00,1.363
2021-06-05 23:00:00,1.296
2021-06-06 00:00:00,1.184
2021-06-06 01:00:00,1.048
2021-06-06 02:00:00,0.931
2021-06-06 03:00:00,0.837
2021-06-06 04:00:00,0.758
2021-06-06 05:00:00,0.657
2021-06-06 06:00:00,0.553
2021-06-06 07:00:00,0.362
2021-06-06 08:00:00,0.226
2021-06-06 09:00:00,0.226
2021-06-06 10:00:00,0.228
2021-06-06 11:00:00,0.222
2021-06-06 12:00:00,0.22899999999999998
2021-06-06 13:00:00,0.259
2021-06-06 14:00:00,0.305
2021-06-06 15:00:00,0.41600000000000004
2021-06-06 16:00:00,0.519
2021-06-06 17:00:00,0.53
2021-06-06 18:00:00,0.57
2021-06-06 19:00:00,0.663
2021-06-06 20:00:00,0.82
2021-06-06 21:00:00,1.049
2021-06-06 22:00:00,1.194
2021-06-06 23:00:00,1.198
2021-06-07 00:00:00,1.1
2021-06-07 01:00:00,0.978
2021-06-07 02:00:00,0.867
2021-06-07 03:00:00,0.762
2021-06-07 04:00:00,0.675
2021-06-07 05:00:00,0.567
2021-06-07 06:00:00,0.46
2021-06-07 07:00:00,0.286
2021-06-07 08:00:00,0.153
2021-06-07 09:00:00,0.134
2021-06-07 10:00:00,0.14100000000000001
2021-06-07 11:00:00,0.15899999999999997
2021-06-07 12:00:00,0.187
2021-06-07 13:00:00,0.239
2021-06-07 14:00:00,0.32299999999999995
2021-06-07 15:00:00,0.422
2021-06-07 16:00:00,0.536
2021-06-07 17:00:00,0.6910000000000001
2021-06-07 18:00:00,0.879
2021-06-07 19:00:00,1.039
2021-06-07 20:00:00,1.213
2021-06-07 21:00:00,1.4649999999999999
2021-06-07 22:00:00,1.559
2021-06-07 23:00:00,1.5230000000000001
2021-06-08 00:00:00,1.416
2021-06-08 01:00:00,1.262
2021-06-08 02:00:00,1.133
2021-06-08 03:00:00,1.032
2021-06-08 04:00:00,0.909
2021-06-08 05:00:00,0.752
2021-06-08 06:00:00,0.626
2021-06-08 07:00:00,0.466
2021-06-08 08:00:00,0.286
2021-06-08 09:00:00,0.215
2021-06-08 10:00:00,0.19
2021-06-08 11:00:00,0.191
2021-06-08 12:00:00,0.194
2021-06-08 13:00:00,0.21700000000000003
2021-06-08 14:00:00,0.257
2021-06-08 15:00:00,0.32699999999999996
2021-06-08 16:00:00,0.425
2021-06-08 17:00:00,0.5700000000000001
2021-06-08 18:00:00,0.72
2021-06-08 19:00:00,0.879
2021-06-08 20:00:00,1.087
2021-06-08 21:00:00,1.453
2021-06-08 22:00:00,1.633
2021-06-08 23:00:00,1.579
2021-06-09 00:00:00,1.466
2021-06-09 01:00:00,1.276
2021-06-09 02:00:00,1.054
2021-06-09 03:00:00,0.88
2021-06-09 04:00:00,0.7070000000000001
2021-06-09 05:00:00,0.54
2021-06-09 06:00:00,0.40700000000000003
2021-06-09 07:00:00,0.26
2021-06-09 08:00:00,0.148
2021-06-09 09:00:00,0.144
2021-06-09 10:00:00,0.179
2021-06-09 11:00:00,0.196
2021-06-09 12:00:00,0.224
2021-06-09 13:00:00,0.292
2021-06-09 14:00:00,0.393
2021-06-09 15:00:00,0.49
2021-06-09 16:00:00,0.571
2021-06-09 17:00:00,0.655
2021-06-09 18:00:00,0.773
2021-06-09 19:00:00,0.938
2021-06-09 20:00:00,1.126
2021-06-09 21:00:00,1.396
2021-06-09 22:00:00,1.509
2021-06-09 23:00:00,1.425
2021-06-10 00:00:00,1.3130000000000002
2021-06-10 01:00:00,1.1949999999999998
2021-06-10 02:00:00,1.0819999999999999
2021-06-10 03:00:00,0.9590000000000001
2021-06-10 04:00:00,0.847
2021-06-10 05:00:00,0.743
2021-06-10 06:00:00,0.622
2021-06-10 07:00:00,0.40199999999999997
2021-06-10 08:00:00,0.279
2021-06-10 09:00:00,0.252
2021-06-10 10:00:00,0.23399999999999999
2021-06-10 11:00:00,0.20700000000000002
2021-06-10 12:00:00,0.187
2021-06-10 13:00:00,0.175
2021-06-10 14:00:00,0.16999999999999998
2021-06-10 15:00:00,0.175
2021-06-10 16:00:00,0.19799999999999998
2021-06-10 17:00:00,0.259
2021-06-10 18:00:00,0.388
2021-06-10 19:00:00,0.623
2021-06-10 20:00:00,0.922
2021-06-10 21:00:00,1.222
2021-06-10 22:00:00,1.377
2021-06-10 23:00:00,1.274
2021-06-11 00:00:00,1.1019999999999999
2021-06-11 01:00:00,0.9480000000000001
2021-06-11 02:00:00,0.8130000000000001
2021-06-11 03:00:00,0.703
2021-06-11 04:00:00,0.648
2021-06-11 05:00:00,0.628
2021-06-11 06:00:00,0.602
2021-06-11 07:00:00,0.41300000000000003
2021-06-11 08:00:00,0.314
2021-06-11 09:00:00,0.313
2021-06-11 10:00:00,0.33799999999999997
2021-06-11 11:00:00,0.345
2021-06-11 12:00:00,0.32899999999999996
2021-06-11 13:00:00,0.31
2021-06-11 14:00:00,0.313
2021-06-11 15:00:00,0.357
2021-06-11 16:00:00,0.436
2021-06-11 17:00:00,0.543
2021-06-11 18:00:00,0.6779999999999999
2021-06-11 19:00:00,0.83
2021-06-11 20:00:00,0.996
2021-06-11 21:00:00,1.207
2021-06-11 22:00:00,1.33
2021-06-11 23:00:00,1.263
2021-06-12 00:00:00,1.135
2021-06-12 01:00:00,1.034
2021-06-12 02:00:00,1.006
2021-06-12 03:00:00,0.986
2021-06-12 04:00:00,0.966
2021-06-12 05:00:00,0.969
2021-06-12 06:00:00,0.918
2021-06-12 07:00:00,0.631
2021-06-12 08:00:00,0.551
2021-06-12 09:00:00,0.488
2021-06-12 10:00:00,0.443
2021-06-12 11:00:00,0.441
2021-06-12 12:00:00,0.45
2021-06-12 13:00:00,0.456
2021-06-12 14:00:00,0.47700000000000004
2021-06-12 15:00:00,0.511
2021-06-12 16:00:00,0.5640000000000001
2021-06-12 17:00:00,0.623
2021-06-12 18:00:00,0.6900000000000001
2021-06-12 19:00:00,0.786
2021-06-12 20:00:00,0.93
2021-06-12 21:00:00,1.238
2021-06-12 22:00:00,1.492
2021-06-12 23:00:00,1.5230000000000001
2021-06-13 00:00:00,1.516
2021-06-13 01:00:00,1.504
2021-06-13 02:00:00,1.495
2021-06-13 03:00:00,1.435
2021-06-13 04:00:00,1.323
2021-06-13 05:00:00,1.208
2021-06-13 06:00:00,1.122
2021-06-13 07:00:00,0.805
2021-06-13 08:00:00,0.602
2021-06-13 09:00:00,0.721
2021-06-13 10:00:00,0.732
2021-06-13 11:00:00,0.673
2021-06-13 12:00:00,0.638
2021-06-13 13:00:00,0.608
2021-06-13 14:00:00,0.584
2021-06-13 15:00:00,0.58
2021-06-13 16:00:00,0.595
2021-06-13 17:00:00,0.5730000000000001
2021-06-13 18:00:00,0.563
2021-06-13 19:00:00,0.605
2021-06-13 20:00:00,0.7489999999999999
2021-06-13 21:00:00,1.002
2021-06-13 22:00:00,1.311
2021-06-13 23:00:00,1.537
2021-06-14 00:00:00,1.593
2021-06-14 01:00:00,1.551
2021-06-14 02:00:00,1.481
2021-06-14 03:00:00,1.382
2021-06-14 04:00:00,1.21
2021-06-14 05:00:00,0.966
2021-06-14 06:00:00,0.72
2021-06-14 07:00:00,0.401
2021-06-14 08:00:00,0.16499999999999998
2021-06-14 09:00:00,0.111
2021-06-14 10:00:00,0.231
2021-06-14 11:00:00,0.254
2021-06-14 12:00:00,0.251
2021-06-14 13:00:00,0.297
2021-06-14 14:00:00,0.372
2021-06-14 15:00:00,0.471
2021-06-14 16:00:00,0.6020000000000001
2021-06-14 17:00:00,0.774
2021-06-14 18:00:00,1.0
2021-06-14 19:00:00,1.268
2021-06-14 20:00:00,1.492
2021-06-14 21:00:00,1.687
2021-06-14 22:00:00,1.785
2021-06-14 23:00:00,1.687
2021-06-15 00:00:00,1.53
2021-06-15 01:00:00,1.379
2021-06-15 02:00:00,1.241
2021-06-15 03:00:00,1.121
2021-06-15 04:00:00,1.042
2021-06-15 05:00:00,1.016
2021-06-15 06:00:00,1.003
2021-06-15 07:00:00,0.737
2021-06-15 08:00:00,0.651
2021-06-15 09:00:00,0.665
2021-06-15 10:00:00,0.5860000000000001
2021-06-15 11:00:00,0.498
2021-06-15 12:00:00,0.41800000000000004
2021-06-15 13:00:00,0.353
2021-06-15 14:00:00,0.30300000000000005
2021-06-15 15:00:00,0.264
2021-06-15 16:00:00,0.239
2021-06-15 17:00:00,0.22999999999999998
2021-06-15 18:00:00,0.256
2021-06-15 19:00:00,0.327
2021-06-15 20:00:00,0.498
2021-06-15 21:00:00,0.777
2021-06-15 22:00:00,1.002
2021-06-15 23:00:00,1.0899999999999999
2021-06-16 00:00:00,1.129
2021-06-16 01:00:00,1.148
2021-06-16 02:00:00,1.154
2021-06-16 03:00:00,1.135
2021-06-16 04:00:00,1.1179999999999999
2021-06-16 05:00:00,1.143
2021-06-16 06:00:00,1.094
2021-06-16 07:00:00,0.751
2021-06-16 08:00:00,0.503
2021-06-16 09:00:00,0.46299999999999997
2021-06-16 10:00:00,0.46299999999999997
2021-06-16 11:00:00,0.39
2021-06-16 12:00:00,0.392
2021-06-16 13:00:00,0.39999999999999997
2021-06-16 14:00:00,0.397
2021-06-16 15:00:00,0.424
2021-06-16 16:00:00,0.472
2021-06-16 17:00:00,0.458
2021-06-16 18:00:00,0.488
2021-06-16 19:00:00,0.542
2021-06-16 20:00:00,0.569
2021-06-16 21:00:00,0.581
2021-06-16 22:00:00,0.9279999999999999
2021-06-16 23:00:00,1.317
2021-06-17 00:00:00,1.416
2021-06-17 01:00:00,1.303
2021-06-17 02:00:00,1.158
2021-06-17 03:00:00,1.104
2021-06-17 04:00:00,1.097
2021-06-17 05:00:00,0.988
2021-06-17 06:00:00,0.809
2021-06-17 07:00:00,0.732
2021-06-17 08:00:00,0.806
2021-06-17 09:00:00,0.888
2021-06-17 10:00:00,1.0150000000000001
2021-06-17 11:00:00,1.189
2021-06-17 12:00:00,1.27
2021-06-17 13:00:00,1.388
2021-06-17 14:00:00,1.458
2021-06-17 15:00:00,1.481
2021-06-17 16:00:00,1.558
2021-06-17 17:00:00,1.7040000000000002
2021-06-17 18:00:00,1.9
2021-06-17 19:00:00,2.11
2021-06-17 20:00:00,2.122
2021-06-17 21:00:00,2.052
2021-06-17 22:00:00,2.086
2021-06-17 23:00:00,2.0949999999999998
2021-06-18 00:00:00,2.146
2021-06-18 01:00:00,2.163
2021-06-18 02:00:00,2.091
2021-06-18 03:00:00,2.056
2021-06-18 04:00:00,2.04
2021-06-18 05:00:00,1.9540000000000002
2021-06-18 06:00:00,1.764
2021-06-18 07:00:00,1.584
2021-06-18 08:00:00,1.533
2021-06-18 09:00:00,1.506
2021-06-18 10:00:00,1.486
2021-06-18 11:00:00,1.4220000000000002
2021-06-18 12:00:00,1.337
2021-06-18 13:00:00,1.27
2021-06-18 14:00:00,1.26
2021-06-18 15:00:00,1.355
2021-06-18 16:00:00,1.4820000000000002
2021-06-18 17:00:00,1.5010000000000001
2021-06-18 18:00:00,1.433
2021-06-18 19:00:00,1.3399999999999999
2021-06-18 20:00:00,1.222
2021-06-18 21:00:00,1.099
2021-06-18 22:00:00,1.138
2021-06-18 23:00:00,1.224
2021-06-19 00:00:00,1.293
2021-06-19 01:00:00,1.335
2021-06-19 02:00:00,1.242
2021-06-19 03:00:00,1.095
2021-06-19 04:00:00,1.002
2021-06-19 05:00:00,0.991
2021-06-19 06:00:00,0.869
2021-06-19 07:00:00,0.6880000000000001
2021-06-19 08:00:00,0.646
2021-06-19 09:00:00,0.626
2021-06-19 10:00:00,0.537
2021-06-19 11:00:00,0.387
2021-06-19 12:00:00,0.29800000000000004
2021-06-19 13:00:00,0.29600000000000004
2021-06-19 14:00:00,0.358
2021-06-19 15:00:00,0.485
2021-06-19 16:00:00,0.6819999999999999
2021-06-19 17:00:00,0.732
2021-06-19 18:00:00,0.868
2021-06-19 19:00:00,1.151
2021-06-19 20:00:00,1.308
2021-06-19 21:00:00,1.336
2021-06-19 22:00:00,1.35
2021-06-19 23:00:00,1.313
2021-06-20 00:00:00,1.287
2021-06-20 01:00:00,1.328
2021-06-20 02:00:00,1.585
2021-06-20 03:00:00,1.422
2021-06-20 04:00:00,1.291
2021-06-20 05:00:00,1.373
2021-06-20 06:00:00,1.532
2021-06-20 07:00:00,1.371
2021-06-20 08:00:00,1.377
2021-06-20 09:00:00,1.431
2021-06-20 10:00:00,1.431
2021-06-20 11:00:00,1.447
2021-06-20 12:00:00,1.559
2021-06-20 13:00:00,1.565
2021-06-20 14:00:00,1.589
2021-06-20 15:00:00,1.498
2021-06-20 16:00:00,1.326
2021-06-20 17:00:00,1.517
2021-06-20 18:00:00,1.563
2021-06-20 19:00:00,1.198
2021-06-20 20:00:00,1.209
2021-06-20 21:00:00,1.289
2021-06-20 22:00:00,1.306
2021-06-20 23:00:00,1.298
2021-06-21 00:00:00,1.478
2021-06-21 01:00:00,1.8539999999999999
2021-06-21 02:00:00,1.685
2021-06-21 03:00:00,1.4769999999999999
2021-06-21 04:00:00,1.4569999999999999
2021-06-21 05:00:00,1.469
2021-06-21 06:00:00,1.363
2021-06-21 07:00:00,1.111
2021-06-21 08:00:00,1.054
2021-06-21 09:00:00,1.157
2021-06-21 10:00:00,1.113
2021-06-21 11:00:00,1.071
2021-06-21 12:00:00,1.009
2021-06-21 13:00:00,0.9630000000000001
2021-06-21 14:00:00,0.953
2021-06-21 15:00:00,0.964
2021-06-21 16:00:00,0.992
2021-06-21 17:00:00,1.04
2021-06-21 18:00:00,1.091
2021-06-21 19:00:00,1.183
2021-06-21 20:00:00,1.377
2021-06-21 21:00:00,1.566
2021-06-21 22:00:00,1.6500000000000001
2021-06-21 23:00:00,1.719
2021-06-22 00:00:00,1.8090000000000002
2021-06-22 01:00:00,1.879
2021-06-22 02:00:00,1.897
2021-06-22 03:00:00,1.933
2021-06-22 04:00:00,1.978
2021-06-22 05:00:00,2.02
2021-06-22 06:00:00,2.036
2021-06-22 07:00:00,1.924
2021-06-22 08:00:00,1.9800000000000002
2021-06-22 09:00:00,2.156
2021-06-22 10:00:00,2.304
2021-06-22 11:00:00,2.4379999999999997
2021-06-22 12:00:00,2.565
2021-06-22 13:00:00,2.67
2021-06-22 14:00:00,2.727
2021-06-22 15:00:00,2.769
2021-06-22 16:00:00,2.775
2021-06-22 17:00:00,2.751
2021-06-22 18:00:00,2.72
2021-06-22 19:00:00,2.709
2021-06-22 20:00:00,2.6580000000000004
2021-06-22 21:00:00,2.649
2021-06-22 22:00:00,2.582
2021-06-22 23:00:00,2.45
2021-06-23 00:00:00,2.265
2021-06-23 01:00:00,2.094
2021-06-23 02:00:00,1.953
2021-06-23 03:00:00,1.838
2021-06-23 04:00:00,1.716
2021-06-23 05:00:00,1.64
2021-06-23 06:00:00,1.566
2021-06-23 07:00:00,1.398
2021-06-23 08:00:00,1.381
2021-06-23 09:00:00,1.349
2021-06-23 10:00:00,1.219
2021-06-23 11:00:00,1.097
2021-06-23 12:00:00,1.024
2021-06-23 13:00:00,1.018
2021-06-23 14:00:00,1.048
2021-06-23 15:00:00,1.093
2021-06-23 16:00:00,1.1219999999999999
2021-06-23 17:00:00,1.175
2021-06-23 18:00:00,1.248
2021-06-23 19:00:00,1.298
2021-06-23 20:00:00,1.2570000000000001
2021-06-23 21:00:00,1.377
2021-06-23 22:00:00,1.5310000000000001
2021-06-23 23:00:00,1.525
2021-06-24 00:00:00,1.457
2021-06-24 01:00:00,1.389
2021-06-24 02:00:00,1.303
2021-06-24 03:00:00,1.204
2021-06-24 04:00:00,1.1219999999999999
2021-06-24 05:00:00,1.047
2021-06-24 06:00:00,0.944
2021-06-24 07:00:00,0.744
2021-06-24 08:00:00,0.626
2021-06-24 09:00:00,0.626
2021-06-24 10:00:00,0.601
2021-06-24 11:00:00,0.5780000000000001
2021-06-24 12:00:00,0.619
2021-06-24 13:00:00,0.714
2021-06-24 14:00:00,0.8200000000000001
2021-06-24 15:00:00,0.9339999999999999
2021-06-24 16:00:00,1.042
2021-06-24 17:00:00,1.126
2021-06-24 18:00:00,1.193
2021-06-24 19:00:00,1.262
2021-06-24 20:00:00,1.309
2021-06-24 21:00:00,1.431
2021-06-24 22:00:00,1.491
2021-06-24 23:00:00,1.454
2021-06-25 00:00:00,1.389
2021-06-25 01:00:00,1.359
2021-06-25 02:00:00,1.3399999999999999
2021-06-25 03:00:00,1.328
2021-06-25 04:00:00,1.307
2021-06-25 05:00:00,1.292
2021-06-25 06:00:00,1.2429999999999999
2021-06-25 07:00:00,1.179
2021-06-25 08:00:00,1.2770000000000001
2021-06-25 09:00:00,1.407
2021-06-25 10:00:00,1.4929999999999999
2021-06-25 11:00:00,1.448
2021-06-25 12:00:00,1.4
2021-06-25 13:00:00,1.419
2021-06-25 14:00:00,1.4929999999999999
2021-06-25 15:00:00,1.56
2021-06-25 16:00:00,1.535
2021-06-25 17:00:00,1.484
2021-06-25 18:00:00,1.387
2021-06-25 19:00:00,1.223
2021-06-25 20:00:00,1.0590000000000002
2021-06-25 21:00:00,0.976
2021-06-25 22:00:00,0.909
2021-06-25 23:00:00,0.855
2021-06-26 00:00:00,0.7949999999999999
2021-06-26 01:00:00,0.715
2021-06-26 02:00:00,0.597
2021-06-26 03:00:00,0.487
2021-06-26 04:00:00,0.404
2021-06-26 05:00:00,0.369
2021-06-26 06:00:00,0.36
2021-06-26 07:00:00,0.28500000000000003
2021-06-26 08:00:00,0.254
2021-06-26 09:00:00,0.286
2021-06-26 10:00:00,0.32899999999999996
2021-06-26 11:00:00,0.328
2021-06-26 12:00:00,0.33999999999999997
2021-06-26 13:00:00,0.388
2021-06-26 14:00:00,0.435
2021-06-26 15:00:00,0.497
2021-06-26 16:00:00,0.596
2021-06-26 17:00:00,0.705
2021-06-26 18:00:00,0.772
2021-06-26 19:00:00,0.78
2021-06-26 20:00:00,0.75
2021-06-26 21:00:00,0.731
2021-06-26 22:00:00,0.718
2021-06-26 23:00:00,0.704
2021-06-27 00:00:00,0.7699999999999999
2021-06-27 01:00:00,0.907
2021-06-27 02:00:00,1.026
2021-06-27 03:00:00,1.048
2021-06-27 04:00:00,1.027
2021-06-27 05:00:00,1.066
2021-06-27 06:00:00,1.066
2021-06-27 07:00:00,0.891
2021-06-27 08:00:00,0.769
2021-06-27 09:00:00,0.811
2021-06-27 10:00:00,0.892
2021-06-27 11:00:00,0.993
2021-06-27 12:00:00,1.103
2021-06-27 13:00:00,1.175
2021-06-27 14:00:00,1.181
2021-06-27 15:00:00,1.16
2021-06-27 16:00:00,1.131
2021-06-27 17:00:00,1.05
2021-06-27 18:00:00,0.9199999999999999
2021-06-27 19:00:00,0.798
2021-06-27 20:00:00,0.7190000000000001
2021-06-27 21:00:00,0.701
2021-06-27 22:00:00,0.741
2021-06-27 23:00:00,0.809
2021-06-28 00:00:00,0.928
2021-06-28 01:00:00,1.046
2021-06-28 02:00:00,1.0939999999999999
2021-06-28 03:00:00,1.121
2021-06-28 04:00:00,1.029
2021-06-28 05:00:00,1.073
2021-06-28 06:00:00,1.017
2021-06-28 07:00:00,0.842
2021-06-28 08:00:00,0.7989999999999999
2021-06-28 09:00:00,0.992
2021-06-28 10:00:00,1.133
2021-06-28 11:00:00,1.231
2021-06-28 12:00:00,1.23
2021-06-28 13:00:00,1.179
2021-06-28 14:00:00,1.117
2021-06-28 15:00:00,1.085
2021-06-28 16:00:00,0.9800000000000001
2021-06-28 17:00:00,0.844
2021-06-28 18:00:00,0.7819999999999999
2021-06-28 19:00:00,0.737
2021-06-28 20:00:00,0.736
2021-06-28 21:00:00,0.7969999999999999
2021-06-28 22:00:00,0.919
2021-06-28 23:00:00,1.061
2021-06-29 00:00:00,1.1809999999999998
2021-06-29 01:00:00,1.31
2021-06-29 02:00:00,1.428
2021-06-29 03:00:00,1.5
2021-06-29 04:00:00,1.549
2021-06-29 05:00:00,1.4940000000000002
2021-06-29 06:00:00,1.403
2021-06-29 07:00:00,1.236
2021-06-29 08:00:00,1.205
2021-06-29 09:00:00,1.255
2021-06-29 10:00:00,1.252
2021-06-29 11:00:00,1.2759999999999998
2021-06-29 12:00:00,1.326
2021-06-29 13:00:00,1.386
2021-06-29 14:00:00,1.43
2021-06-29 15:00:00,1.4409999999999998
2021-06-29 16:00:00,1.457
2021-06-29 17:00:00,1.473
2021-06-29 18:00:00,1.4789999999999999
2021-06-29 19:00:00,1.514
2021-06-29 20:00:00,1.482
2021-06-29 21:00:00,1.5070000000000001
2021-06-29 22:00:00,1.56
2021-06-29 23:00:00,1.618
2021-06-30 00:00:00,1.649
2021-06-30 01:00:00,1.649
2021-06-30 02:00:00,1.661
2021-06-30 03:00:00,1.629
2021-06-30 04:00:00,1.545
2021-06-30 05:00:00,1.432
2021-06-30 06:00:00,1.271
2021-06-30 07:00:00,1.165
2021-06-30 08:00:00,1.256
2021-06-30 09:00:00,1.3650000000000002
2021-06-30 10:00:00,1.478
2021-06-30 11:00:00,1.559
2021-06-30 12:00:00,1.607
2021-06-30 13:00:00,1.666
2021-06-30 14:00:00,1.72
2021-06-30 15:00:00,1.771
2021-06-30 16:00:00,1.796
2021-06-30 17:00:00,1.794
2021-06-30 18:00:00,1.728
2021-06-30 19:00:00,1.584
2021-06-30 20:00:00,1.345
2021-06-30 21:00:00,1.266
2021-06-30 22:00:00,1.299
2021-06-30 23:00:00,1.35
2021-07-01 00:00:00,1.408
2021-07-01 01:00:00,1.375
2021-07-01 02:00:00,1.342
2021-07-01 03:00:00,1.332
2021-07-01 04:00:00,1.31
2021-07-01 05:00:00,1.29
2021-07-01 06:00:00,1.171
2021-07-01 07:00:00,0.9870000000000001
2021-07-01 08:00:00,1.0979999999999999
2021-07-01 09:00:00,1.211
2021-07-01 10:00:00,1.2510000000000001
2021-07-01 11:00:00,1.27
2021-07-01 12:00:00,1.306
2021-07-01 13:00:00,1.359
2021-07-01 14:00:00,1.417
2021-07-01 15:00:00,1.4529999999999998
2021-07-01 16:00:00,1.4649999999999999
2021-07-01 17:00:00,1.421
2021-07-01 18:00:00,1.35
2021-07-01 19:00:00,1.252
2021-07-01 20:00:00,1.16
2021-07-01 21:00:00,1.1909999999999998
2021-07-01 22:00:00,1.175
2021-07-01 23:00:00,1.097
2021-07-02 00:00:00,1.056
2021-07-02 01:00:00,1.049
2021-07-02 02:00:00,1.029
2021-07-02 03:00:00,0.9530000000000001
2021-07-02 04:00:00,0.871
2021-07-02 05:00:00,0.776
2021-07-02 06:00:00,0.7030000000000001
2021-07-02 07:00:00,0.505
2021-07-02 08:00:00,0.511
2021-07-02 09:00:00,0.621
2021-07-02 10:00:00,0.696
2021-07-02 11:00:00,0.758
2021-07-02 12:00:00,0.796
2021-07-02 13:00:00,0.845
2021-07-02 14:00:00,0.9079999999999999
2021-07-02 15:00:00,0.97
2021-07-02 16:00:00,1.0070000000000001
2021-07-02 17:00:00,0.995
2021-07-02 18:00:00,0.946
2021-07-02 19:00:00,0.787
2021-07-02 20:00:00,0.6799999999999999
2021-07-02 21:00:00,0.729
2021-07-02 22:00:00,0.857
2021-07-02 23:00:00,0.933
2021-07-03 00:00:00,1.001
2021-07-03 01:00:00,1.059
2021-07-03 02:00:00,1.0230000000000001
2021-07-03 03:00:00,0.94
2021-07-03 04:00:00,0.948
2021-07-03 05:00:00,0.97
2021-07-03 06:00:00,1.0150000000000001
2021-07-03 07:00:00,0.9430000000000001
2021-07-03 08:00:00,0.925
2021-07-03 09:00:00,1.012
2021-07-03 10:00:00,1.075
2021-07-03 11:00:00,1.15
2021-07-03 12:00:00,1.2469999999999999
2021-07-03 13:00:00,1.328
2021-07-03 14:00:00,1.383
2021-07-03 15:00:00,1.346
2021-07-03 16:00:00,1.2329999999999999
2021-07-03 17:00:00,1.093
2021-07-03 18:00:00,0.989
2021-07-03 19:00:00,0.9460000000000001
2021-07-03 20:00:00,0.887
2021-07-03 21:00:00,0.896
2021-07-03 22:00:00,1.026
2021-07-03 23:00:00,0.999
2021-07-04 00:00:00,0.806
2021-07-04 01:00:00,0.8140000000000001
2021-07-04 02:00:00,0.966
2021-07-04 03:00:00,1.105
2021-07-04 04:00:00,1.2550000000000001
2021-07-04 05:00:00,1.314
2021-07-04 06:00:00,1.3139999999999998
2021-07-04 07:00:00,1.206
2021-07-04 08:00:00,1.213
2021-07-04 09:00:00,1.454
2021-07-04 10:00:00,1.631
2021-07-04 11:00:00,1.831
2021-07-04 12:00:00,2.0989999999999998
2021-07-04 13:00:00,2.243
2021-07-04 14:00:00,2.327
2021-07-04 15:00:00,2.4690000000000003
2021-07-04 16:00:00,2.544
2021-07-04 17:00:00,2.441
2021-07-04 18:00:00,2.187
2021-07-04 19:00:00,1.805
2021-07-04 20:00:00,1.471
2021-07-04 21:00:00,1.455
2021-07-04 22:00:00,1.624
2021-07-04 23:00:00,1.741
2021-07-05 00:00:00,1.798
2021-07-05 01:00:00,1.7850000000000001
2021-07-05 02:00:00,1.7690000000000001
2021-07-05 03:00:00,1.824
2021-07-05 04:00:00,1.879
2021-07-05 05:00:00,1.7469999999999999
2021-07-05 06:00:00,1.543
2021-07-05 07:00:00,1.148
2021-07-05 08:00:00,1.116
2021-07-05 09:00:00,1.1720000000000002
2021-07-05 10:00:00,1.209
2021-07-05 11:00:00,1.278
2021-07-05 12:00:00,1.34
2021-07-05 13:00:00,1.402
2021-07-05 14:00:00,1.509
2021-07-05 15:00:00,1.705
2021-07-05 16:00:00,1.936
2021-07-05 17:00:00,2.176
2021-07-05 18:00:00,2.283
2021-07-05 19:00:00,2.2110000000000003
2021-07-05 20:00:00,2.3240000000000003
2021-07-05 21:00:00,2.721
2021-07-05 22:00:00,3.1670000000000003
2021-07-05 23:00:00,3.68
2021-07-06 00:00:00,3.904
2021-07-06 01:00:00,3.979
2021-07-06 02:00:00,4.005
2021-07-06 03:00:00,3.836
2021-07-06 04:00:00,3.738
2021-07-06 05:00:00,3.835
2021-07-06 06:00:00,3.817
2021-07-06 07:00:00,3.757
2021-07-06 08:00:00,3.773
2021-07-06 09:00:00,3.814
2021-07-06 10:00:00,3.701
2021-07-06 11:00:00,3.5780000000000003
2021-07-06 12:00:00,3.493
2021-07-06 13:00:00,3.437
2021-07-06 14:00:00,3.396
2021-07-06 15:00:00,3.35
2021-07-06 16:00:00,3.308
2021-07-06 17:00:00,3.205
2021-07-06 18:00:00,2.922
2021-07-06 19:00:00,2.448
2021-07-06 20:00:00,1.8579999999999999
2021-07-06 21:00:00,1.562
2021-07-06 22:00:00,1.485
2021-07-06 23:00:00,1.513
2021-07-07 00:00:00,1.59
2021-07-07 01:00:00,1.6320000000000001
2021-07-07 02:00:00,1.598
2021-07-07 03:00:00,1.489
2021-07-07 04:00:00,1.393
2021-07-07 05:00:00,1.29
2021-07-07 06:00:00,1.161
2021-07-07 07:00:00,0.891
2021-07-07 08:00:00,0.862
2021-07-07 09:00:00,0.9410000000000001
2021-07-07 10:00:00,1.007
2021-07-07 11:00:00,1.08
2021-07-07 12:00:00,1.156
2021-07-07 13:00:00,1.233
2021-07-07 14:00:00,1.307
2021-07-07 15:00:00,1.387
2021-07-07 16:00:00,1.454
2021-07-07 17:00:00,1.416
2021-07-07 18:00:00,1.296
2021-07-07 19:00:00,1.178
2021-07-07 20:00:00,1.073
2021-07-07 21:00:00,1.14
2021-07-07 22:00:00,1.219
2021-07-07 23:00:00,1.187
2021-07-08 00:00:00,1.145
2021-07-08 01:00:00,1.058
2021-07-08 02:00:00,0.92
2021-07-08 03:00:00,0.861
2021-07-08 04:00:00,0.931
2021-07-08 05:00:00,0.966
2021-07-08 06:00:00,0.863
2021-07-08 07:00:00,0.6910000000000001
2021-07-08 08:00:00,0.6519999999999999
2021-07-08 09:00:00,0.7839999999999999
2021-07-08 10:00:00,0.973
2021-07-08 11:00:00,1.153
2021-07-08 12:00:00,1.266
2021-07-08 13:00:00,1.3880000000000001
2021-07-08 14:00:00,1.506
2021-07-08 15:00:00,1.662
2021-07-08 16:00:00,1.7770000000000001
2021-07-08 17:00:00,1.8170000000000002
2021-07-08 18:00:00,1.815
2021-07-08 19:00:00,1.736
2021-07-08 20:00:00,1.605
2021-07-08 21:00:00,1.609
2021-07-08 22:00:00,1.667
2021-07-08 23:00:00,1.623
2021-07-09 00:00:00,1.5179999999999998
2021-07-09 01:00:00,1.399
2021-07-09 02:00:00,1.327
2021-07-09 03:00:00,1.302
2021-07-09 04:00:00,1.275
2021-07-09 05:00:00,1.221
2021-07-09 06:00:00,1.174
2021-07-09 07:00:00,1.085
2021-07-09 08:00:00,1.089
2021-07-09 09:00:00,1.069
2021-07-09 10:00:00,1.042
2021-07-09 11:00:00,1.0070000000000001
2021-07-09 12:00:00,0.979
2021-07-09 13:00:00,0.974
2021-07-09 14:00:00,1.008
2021-07-09 15:00:00,1.091
2021-07-09 16:00:00,1.162
2021-07-09 17:00:00,1.1480000000000001
2021-07-09 18:00:00,1.135
2021-07-09 19:00:00,1.107
2021-07-09 20:00:00,1.034
2021-07-09 21:00:00,0.997
2021-07-09 22:00:00,0.946
2021-07-09 23:00:00,0.8640000000000001
2021-07-10 00:00:00,0.768
2021-07-10 01:00:00,0.664
2021-07-10 02:00:00,0.5760000000000001
2021-07-10 03:00:00,0.495
2021-07-10 04:00:00,0.455
2021-07-10 05:00:00,0.46499999999999997
2021-07-10 06:00:00,0.515
2021-07-10 07:00:00,0.481
2021-07-10 08:00:00,0.474
2021-07-10 09:00:00,0.6719999999999999
2021-07-10 10:00:00,0.894
2021-07-10 11:00:00,1.03
2021-07-10 12:00:00,1.1219999999999999
2021-07-10 13:00:00,1.194
2021-07-10 14:00:00,1.225
2021-07-10 15:00:00,1.225
2021-07-10 16:00:00,1.187
2021-07-10 17:00:00,1.163
2021-07-10 18:00:00,1.135
2021-07-10 19:00:00,1.056
2021-07-10 20:00:00,0.9179999999999999
2021-07-10 21:00:00,0.81
2021-07-10 22:00:00,0.735
2021-07-10 23:00:00,0.634
2021-07-11 00:00:00,0.532
2021-07-11 01:00:00,0.493
2021-07-11 02:00:00,0.499
2021-07-11 03:00:00,0.517
2021-07-11 04:00:00,0.526
2021-07-11 05:00:00,0.524
2021-07-11 06:00:00,0.51
2021-07-11 07:00:00,0.454
2021-07-11 08:00:00,0.5469999999999999
2021-07-11 09:00:00,0.7090000000000001
2021-07-11 10:00:00,0.787
2021-07-11 11:00:00,0.854
2021-07-11 12:00:00,0.885
2021-07-11 13:00:00,0.911
2021-07-11 14:00:00,0.917
2021-07-11 15:00:00,0.916
2021-07-11 16:00:00,0.8140000000000001
2021-07-11 17:00:00,0.704
2021-07-11 18:00:00,0.667
2021-07-11 19:00:00,0.655
2021-07-11 20:00:00,0.83
2021-07-11 21:00:00,0.927
2021-07-11 22:00:00,0.8599999999999999
2021-07-11 23:00:00,0.8130000000000001
2021-07-12 00:00:00,0.869
2021-07-12 01:00:00,0.856
2021-07-12 02:00:00,0.88
2021-07-12 03:00:00,0.982
2021-07-12 04:00:00,1.07
2021-07-12 05:00:00,1.167
2021-07-12 06:00:00,1.268
2021-07-12 07:00:00,1.27
2021-07-12 08:00:00,1.399
2021-07-12 09:00:00,1.6199999999999999
2021-07-12 10:00:00,1.559
2021-07-12 11:00:00,1.4489999999999998
2021-07-12 12:00:00,1.419
2021-07-12 13:00:00,1.4609999999999999
2021-07-12 14:00:00,1.517
2021-07-12 15:00:00,1.58
2021-07-12 16:00:00,1.63
2021-07-12 17:00:00,1.671
2021-07-12 18:00:00,1.7
2021-07-12 19:00:00,1.6900000000000002
2021-07-12 20:00:00,1.618
2021-07-12 21:00:00,1.682
2021-07-12 22:00:00,1.873
2021-07-12 23:00:00,2.072
2021-07-13 00:00:00,2.145
2021-07-13 01:00:00,2.181
2021-07-13 02:00:00,2.3529999999999998
2021-07-13 03:00:00,2.546
2021-07-13 04:00:00,2.691
2021-07-13 05:00:00,2.757
2021-07-13 06:00:00,2.834
2021-07-13 07:00:00,2.757
2021-07-13 08:00:00,2.843
2021-07-13 09:00:00,3.167
2021-07-13 10:00:00,3.366
2021-07-13 11:00:00,3.492
2021-07-13 12:00:00,3.678
2021-07-13 13:00:00,3.857
2021-07-13 14:00:00,3.93
2021-07-13 15:00:00,4.005
2021-07-13 16:00:00,4.118
2021-07-13 17:00:00,4.275
2021-07-13 18:00:00,4.329
2021-07-13 19:00:00,4.157
2021-07-13 20:00:00,3.857
2021-07-13 21:00:00,3.758
2021-07-13 22:00:00,3.715
2021-07-13 23:00:00,3.6870000000000003
2021-07-14 00:00:00,3.6100000000000003
2021-07-14 01:00:00,3.534
2021-07-14 02:00:00,3.48
2021-07-14 03:00:00,3.409
2021-07-14 04:00:00,3.297
2021-07-14 05:00:00,3.184
2021-07-14 06:00:00,3.025
2021-07-14 07:00:00,2.738
2021-07-14 08:00:00,2.828
2021-07-14 09:00:00,2.99
2021-07-14 10:00:00,3.0220000000000002
2021-07-14 11:00:00,3.0300000000000002
2021-07-14 12:00:00,3.089
2021-07-14 13:00:00,3.108
2021-07-14 14:00:00,3.0919999999999996
2021-07-14 15:00:00,3.036
2021-07-14 16:00:00,2.971
2021-07-14 17:00:00,2.9139999999999997
2021-07-14 18:00:00,2.867
2021-07-14 19:00:00,2.767
2021-07-14 20:00:00,2.585
2021-07-14 21:00:00,2.561
2021-07-14 22:00:00,2.614
2021-07-14 23:00:00,2.6260000000000003
2021-07-15 00:00:00,2.646
2021-07-15 01:00:00,2.634
2021-07-15 02:00:00,2.658
2021-07-15 03:00:00,2.6149999999999998
2021-07-15 04:00:00,2.5780000000000003
2021-07-15 05:00:00,2.4829999999999997
2021-07-15 06:00:00,2.3890000000000002
2021-07-15 07:00:00,2.189
2021-07-15 08:00:00,2.209
2021-07-15 09:00:00,2.33
2021-07-15 10:00:00,2.379
2021-07-15 11:00:00,2.364
2021-07-15 12:00:00,2.3689999999999998
2021-07-15 13:00:00,2.464
2021-07-15 14:00:00,2.529
2021-07-15 15:00:00,2.552
2021-07-15 16:00:00,2.574
2021-07-15 17:00:00,2.623
2021-07-15 18:00:00,2.629
2021-07-15 19:00:00,2.5620000000000003
2021-07-15 20:00:00,2.367
2021-07-15 21:00:00,2.315
2021-07-15 22:00:00,2.338
2021-07-15 23:00:00,2.323
2021-07-16 00:00:00,2.2830000000000004
2021-07-16 01:00:00,2.221
2021-07-16 02:00:00,2.158
2021-07-16 03:00:00,2.071
2021-07-16 04:00:00,1.992
2021-07-16 05:00:00,1.85
2021-07-16 06:00:00,1.707
2021-07-16 07:00:00,1.436
2021-07-16 08:00:00,1.4200000000000002
2021-07-16 09:00:00,1.425
2021-07-16 10:00:00,1.3820000000000001
2021-07-16 11:00:00,1.393
2021-07-16 12:00:00,1.4969999999999999
2021-07-16 13:00:00,1.669
2021-07-16 14:00:00,1.871
2021-07-16 15:00:00,2.061
2021-07-16 16:00:00,2.218
2021-07-16 17:00:00,2.32
2021-07-16 18:00:00,2.358
2021-07-16 19:00:00,2.2199999999999998
2021-07-16 20:00:00,1.952
2021-07-16 21:00:00,2.093
2021-07-16 22:00:00,2.199
2021-07-16 23:00:00,2.059
2021-07-17 00:00:00,1.917
2021-07-17 01:00:00,1.792
2021-07-17 02:00:00,1.681
2021-07-17 03:00:00,1.608
2021-07-17 04:00:00,1.571
2021-07-17 05:00:00,1.541
2021-07-17 06:00:00,1.5070000000000001
2021-07-17 07:00:00,1.156
2021-07-17 08:00:00,1.063
2021-07-17 09:00:00,1.158
2021-07-17 10:00:00,1.213
2021-07-17 11:00:00,1.2630000000000001
2021-07-17 12:00:00,1.316
2021-07-17 13:00:00,1.397
2021-07-17 14:00:00,1.536
2021-07-17 15:00:00,1.714
2021-07-17 16:00:00,1.914
2021-07-17 17:00:00,2.14
2021-07-17 18:00:00,2.331
2021-07-17 19:00:00,2.3689999999999998
2021-07-17 20:00:00,2.367
2021-07-17 21:00:00,2.6500000000000004
2021-07-17 22:00:00,2.7760000000000002
2021-07-17 23:00:00,2.546
2021-07-18 00:00:00,2.226
2021-07-18 01:00:00,1.9389999999999998
2021-07-18 02:00:00,1.725
2021-07-18 03:00:00,1.585
2021-07-18 04:00:00,1.496
2021-07-18 05:00:00,1.427
2021-07-18 06:00:00,1.3419999999999999
2021-07-18 07:00:00,0.933
2021-07-18 08:00:00,0.623
2021-07-18 09:00:00,0.74
2021-07-18 10:00:00,0.979
2021-07-18 11:00:00,1.117
2021-07-18 12:00:00,1.256
2021-07-18 13:00:00,1.397
2021-07-18 14:00:00,1.507
2021-07-18 15:00:00,1.6
2021-07-18 16:00:00,1.698
2021-07-18 17:00:00,1.805
2021-07-18 18:00:00,1.8479999999999999
2021-07-18 19:00:00,1.722
2021-07-18 20:00:00,1.805
2021-07-18 21:00:00,2.2720000000000002
2021-07-18 22:00:00,2.5789999999999997
2021-07-18 23:00:00,2.553
2021-07-19 00:00:00,2.354
2021-07-19 01:00:00,2.091
2021-07-19 02:00:00,1.855
2021-07-19 03:00:00,1.686
2021-07-19 04:00:00,1.601
2021-07-19 05:00:00,1.5619999999999998
2021-07-19 06:00:00,1.53
2021-07-19 07:00:00,1.18
2021-07-19 08:00:00,0.986
2021-07-19 09:00:00,1.029
2021-07-19 10:00:00,1.173
2021-07-19 11:00:00,1.155
2021-07-19 12:00:00,1.134
2021-07-19 13:00:00,1.125
2021-07-19 14:00:00,1.134
2021-07-19 15:00:00,1.1520000000000001
2021-07-19 16:00:00,1.195
2021-07-19 17:00:00,1.25
2021-07-19 18:00:00,1.281
2021-07-19 19:00:00,1.271
2021-07-19 20:00:00,1.468
2021-07-19 21:00:00,1.934
2021-07-19 22:00:00,2.2079999999999997
2021-07-19 23:00:00,2.211
2021-07-20 00:00:00,2.106
2021-07-20 01:00:00,1.955
2021-07-20 02:00:00,1.75
2021-07-20 03:00:00,1.54
2021-07-20 04:00:00,1.389
2021-07-20 05:00:00,1.28
2021-07-20 06:00:00,1.192
2021-07-20 07:00:00,0.892
2021-07-20 08:00:00,0.573
2021-07-20 09:00:00,0.562
2021-07-20 10:00:00,0.828
2021-07-20 11:00:00,0.9139999999999999
2021-07-20 12:00:00,0.957
2021-07-20 13:00:00,0.962
2021-07-20 14:00:00,0.9470000000000001
2021-07-20 15:00:00,0.9199999999999999
2021-07-20 16:00:00,0.9059999999999999
2021-07-20 17:00:00,0.923
2021-07-20 18:00:00,0.957
2021-07-20 19:00:00,0.9390000000000001
2021-07-20 20:00:00,1.054
2021-07-20 21:00:00,1.353
2021-07-20 22:00:00,1.493
2021-07-20 23:00:00,1.451
2021-07-21 00:00:00,1.353
2021-07-21 01:00:00,1.236
2021-07-21 02:00:00,1.114
2021-07-21 03:00:00,1.001
2021-07-21 04:00:00,0.904
2021-07-21 05:00:00,0.8220000000000001
2021-07-21 06:00:00,0.735
2021-07-21 07:00:00,0.542
2021-07-21 08:00:00,0.302
2021-07-21 09:00:00,0.253
2021-07-21 10:00:00,0.538
2021-07-21 11:00:00,0.6579999999999999
2021-07-21 12:00:00,0.723
2021-07-21 13:00:00,0.748
2021-07-21 14:00:00,0.756
2021-07-21 15:00:00,0.7489999999999999
2021-07-21 16:00:00,0.754
2021-07-21 17:00:00,0.746
2021-07-21 18:00:00,0.746
2021-07-21 19:00:00,0.753
2021-07-21 20:00:00,0.845
2021-07-21 21:00:00,1.067
2021-07-21 22:00:00,1.25
2021-07-21 23:00:00,1.3559999999999999
2021-07-22 00:00:00,1.373
2021-07-22 01:00:00,1.293
2021-07-22 02:00:00,1.166
2021-07-22 03:00:00,1.045
2021-07-22 04:00:00,0.9470000000000001
2021-07-22 05:00:00,0.888
2021-07-22 06:00:00,0.883
2021-07-22 07:00:00,0.741
2021-07-22 08:00:00,0.481
2021-07-22 09:00:00,0.418
2021-07-22 10:00:00,0.733
2021-07-22 11:00:00,0.963
2021-07-22 12:00:00,1.048
2021-07-22 13:00:00,1.046
2021-07-22 14:00:00,1.021
2021-07-22 15:00:00,1.013
2021-07-22 16:00:00,1.032
2021-07-22 17:00:00,1.093
2021-07-22 18:00:00,1.179
2021-07-22 19:00:00,1.244
2021-07-22 20:00:00,1.494
2021-07-22 21:00:00,1.8699999999999999
2021-07-22 22:00:00,2.02
2021-07-22 23:00:00,1.943
2021-07-23 00:00:00,1.78
2021-07-23 01:00:00,1.659
2021-07-23 02:00:00,1.576
2021-07-23 03:00:00,1.519
2021-07-23 04:00:00,1.4829999999999999
2021-07-23 05:00:00,1.415
2021-07-23 06:00:00,1.369
2021-07-23 07:00:00,1.111
2021-07-23 08:00:00,0.927
2021-07-23 09:00:00,1.316
2021-07-23 10:00:00,1.703
2021-07-23 11:00:00,1.827
2021-07-23 12:00:00,1.839
2021-07-23 13:00:00,1.892
2021-07-23 14:00:00,2.05
2021-07-23 15:00:00,2.293
2021-07-23 16:00:00,2.525
2021-07-23 17:00:00,2.6340000000000003
2021-07-23 18:00:00,2.714
2021-07-23 19:00:00,2.775
2021-07-23 20:00:00,2.451
2021-07-23 21:00:00,2.407
2021-07-23 22:00:00,2.154
2021-07-23 23:00:00,2.057
2021-07-24 00:00:00,2.067
2021-07-24 01:00:00,1.946
2021-07-24 02:00:00,1.8450000000000002
2021-07-24 03:00:00,1.895
2021-07-24 04:00:00,2.05
2021-07-24 05:00:00,1.986
2021-07-24 06:00:00,1.992
2021-07-24 07:00:00,1.895
2021-07-24 08:00:00,2.0
2021-07-24 09:00:00,2.148
2021-07-24 10:00:00,2.295
2021-07-24 11:00:00,2.4690000000000003
2021-07-24 12:00:00,2.6319999999999997
2021-07-24 13:00:00,2.8000000000000003
2021-07-24 14:00:00,2.909
2021-07-24 15:00:00,2.917
2021-07-24 16:00:00,2.828
2021-07-24 17:00:00,2.6319999999999997
2021-07-24 18:00:00,2.3930000000000002
2021-07-24 19:00:00,2.121
2021-07-24 20:00:00,1.843
2021-07-24 21:00:00,1.751
2021-07-24 22:00:00,1.726
2021-07-24 23:00:00,1.6620000000000001
2021-07-25 00:00:00,1.641
2021-07-25 01:00:00,1.6360000000000001
2021-07-25 02:00:00,1.628
2021-07-25 03:00:00,1.609
2021-07-25 04:00:00,1.531
2021-07-25 05:00:00,1.5
2021-07-25 06:00:00,1.4889999999999999
2021-07-25 07:00:00,1.324
2021-07-25 08:00:00,1.249
2021-07-25 09:00:00,1.3599999999999999
2021-07-25 10:00:00,1.429
2021-07-25 11:00:00,1.444
2021-07-25 12:00:00,1.452
2021-07-25 13:00:00,1.4529999999999998
2021-07-25 14:00:00,1.535
2021-07-25 15:00:00,1.6420000000000001
2021-07-25 16:00:00,1.666
2021-07-25 17:00:00,1.592
2021-07-25 18:00:00,1.454
2021-07-25 19:00:00,1.29
2021-07-25 20:00:00,1.094
2021-07-25 21:00:00,1.004
2021-07-25 22:00:00,1.017
2021-07-25 23:00:00,1.104
2021-07-26 00:00:00,1.3
2021-07-26 01:00:00,1.227
2021-07-26 02:00:00,1.154
2021-07-26 03:00:00,1.173
2021-07-26 04:00:00,1.21
2021-07-26 05:00:00,1.135
2021-07-26 06:00:00,1.055
2021-07-26 07:00:00,0.831
2021-07-26 08:00:00,0.745
2021-07-26 09:00:00,0.925
2021-07-26 10:00:00,1.1139999999999999
2021-07-26 11:00:00,1.236
2021-07-26 12:00:00,1.323
2021-07-26 13:00:00,1.406
2021-07-26 14:00:00,1.462
2021-07-26 15:00:00,1.509
2021-07-26 16:00:00,1.538
2021-07-26 17:00:00,1.586
2021-07-26 18:00:00,1.534
2021-07-26 19:00:00,1.297
2021-07-26 20:00:00,1.012
2021-07-26 21:00:00,0.879
2021-07-26 22:00:00,0.783
2021-07-26 23:00:00,0.75
2021-07-27 00:00:00,0.727
2021-07-27 01:00:00,0.75
2021-07-27 02:00:00,0.837
2021-07-27 03:00:00,0.921
2021-07-27 04:00:00,0.972
2021-07-27 05:00:00,0.98
2021-07-27 06:00:00,1.0250000000000001
2021-07-27 07:00:00,0.972
2021-07-27 08:00:00,0.858
2021-07-27 09:00:00,0.9279999999999999
2021-07-27 10:00:00,1.082
2021-07-27 11:00:00,1.207
2021-07-27 12:00:00,1.346
2021-07-27 13:00:00,1.631
2021-07-27 14:00:00,1.8299999999999998
2021-07-27 15:00:00,1.836
2021-07-27 16:00:00,1.778
2021-07-27 17:00:00,1.744
2021-07-27 18:00:00,1.6669999999999998
2021-07-27 19:00:00,1.483
2021-07-27 20:00:00,1.3800000000000001
2021-07-27 21:00:00,1.452
2021-07-27 22:00:00,1.495
2021-07-27 23:00:00,1.459
2021-07-28 00:00:00,1.432
2021-07-28 01:00:00,1.416
2021-07-28 02:00:00,1.3679999999999999
2021-07-28 03:00:00,1.315
2021-07-28 04:00:00,1.316
2021-07-28 05:00:00,1.337
2021-07-28 06:00:00,1.369
2021-07-28 07:00:00,1.254
2021-07-28 08:00:00,1.367
2021-07-28 09:00:00,1.768
2021-07-28 10:00:00,2.035
2021-07-28 11:00:00,2.255
2021-07-28 12:00:00,2.429
2021-07-28 13:00:00,2.609
2021-07-28 14:00:00,2.767
2021-07-28 15:00:00,2.8729999999999998
2021-07-28 16:00:00,2.887
2021-07-28 17:00:00,2.878
2021-07-28 18:00:00,2.766
2021-07-28 19:00:00,2.549
2021-07-28 20:00:00,2.306
2021-07-28 21:00:00,2.157
2021-07-28 22:00:00,2.06
2021-07-28 23:00:00,1.979
2021-07-29 00:00:00,1.888
2021-07-29 01:00:00,1.77
2021-07-29 02:00:00,1.6869999999999998
2021-07-29 03:00:00,1.569
2021-07-29 04:00:00,1.373
2021-07-29 05:00:00,1.221
2021-07-29 06:00:00,1.147
2021-07-29 07:00:00,0.952
2021-07-29 08:00:00,0.958
2021-07-29 09:00:00,1.137
2021-07-29 10:00:00,1.1600000000000001
2021-07-29 11:00:00,1.1680000000000001
2021-07-29 12:00:00,1.177
2021-07-29 13:00:00,1.218
2021-07-29 14:00:00,1.262
2021-07-29 15:00:00,1.267
2021-07-29 16:00:00,1.253
2021-07-29 17:00:00,1.267
2021-07-29 18:00:00,1.268
2021-07-29 19:00:00,1.181
2021-07-29 20:00:00,1.084
2021-07-29 21:00:00,1.109
2021-07-29 22:00:00,1.208
2021-07-29 23:00:00,1.336
2021-07-30 00:00:00,1.431
2021-07-30 01:00:00,1.503
2021-07-30 02:00:00,1.566
2021-07-30 03:00:00,1.78
2021-07-30 04:00:00,2.072
2021-07-30 05:00:00,2.114
2021-07-30 06:00:00,2.004
2021-07-30 07:00:00,1.79
2021-07-30 08:00:00,1.844
2021-07-30 09:00:00,2.2319999999999998
2021-07-30 10:00:00,2.5460000000000003
2021-07-30 11:00:00,2.825
2021-07-30 12:00:00,3.056
2021-07-30 13:00:00,3.25
2021-07-30 14:00:00,3.4
2021-07-30 15:00:00,3.464
2021-07-30 16:00:00,3.415
2021-07-30 17:00:00,3.319
2021-07-30 18:00:00,3.187
2021-07-30 19:00:00,2.983
2021-07-30 20:00:00,2.602
2021-07-30 21:00:00,2.335
2021-07-30 22:00:00,2.217
2021-07-30 23:00:00,2.18
2021-07-31 00:00:00,2.137
2021-07-31 01:00:00,2.0220000000000002
2021-07-31 02:00:00,1.873
2021-07-31 03:00:00,1.719
2021-07-31 04:00:00,1.574
2021-07-31 05:00:00,1.498
2021-07-31 06:00:00,1.424
2021-07-31 07:00:00,1.174
2021-07-31 08:00:00,1.1139999999999999
2021-07-31 09:00:00,1.131
2021-07-31 10:00:00,1.056
2021-07-31 11:00:00,0.9750000000000001
2021-07-31 12:00:00,0.913
2021-07-31 13:00:00,0.952
2021-07-31 14:00:00,1.12
2021-07-31 15:00:00,1.326
2021-07-31 16:00:00,1.463
2021-07-31 17:00:00,1.527
2021-07-31 18:00:00,1.4909999999999999
2021-07-31 19:00:00,1.449
2021-07-31 20:00:00,1.388
2021-07-31 21:00:00,1.4649999999999999
2021-07-31 22:00:00,1.596
2021-07-31 23:00:00,1.682
2021-08-01 00:00:00,1.858
2021-08-01 01:00:00,2.055
2021-08-01 02:00:00,2.0869999999999997
2021-08-01 03:00:00,2.027
2021-08-01 04:00:00,2.046
2021-08-01 05:00:00,2.0
2021-08-01 06:00:00,1.9729999999999999
2021-08-01 07:00:00,1.8639999999999999
2021-08-01 08:00:00,1.8
2021-08-01 09:00:00,1.866
2021-08-01 10:00:00,1.939
2021-08-01 11:00:00,2.0140000000000002
2021-08-01 12:00:00,2.1
2021-08-01 13:00:00,2.161
2021-08-01 14:00:00,2.231
2021-08-01 15:00:00,2.282
2021-08-01 16:00:00,2.2960000000000003
2021-08-01 17:00:00,2.24
2021-08-01 18:00:00,2.113
2021-08-01 19:00:00,1.938
2021-08-01 20:00:00,1.7510000000000001
2021-08-01 21:00:00,1.663
2021-08-01 22:00:00,1.5979999999999999
2021-08-01 23:00:00,1.56
2021-08-02 00:00:00,1.525
2021-08-02 01:00:00,1.471
2021-08-02 02:00:00,1.419
2021-08-02 03:00:00,1.399
2021-08-02 04:00:00,1.362
2021-08-02 05:00:00,1.314
2021-08-02 06:00:00,1.2530000000000001
2021-08-02 07:00:00,1.1800000000000002
2021-08-02 08:00:00,1.126
2021-08-02 09:00:00,1.093
2021-08-02 10:00:00,1.048
2021-08-02 11:00:00,1.0310000000000001
2021-08-02 12:00:00,1.012
2021-08-02 13:00:00,1.034
2021-08-02 14:00:00,1.117
2021-08-02 15:00:00,1.217
2021-08-02 16:00:00,1.262
2021-08-02 17:00:00,1.255
2021-08-02 18:00:00,1.201
2021-08-02 19:00:00,1.099
2021-08-02 20:00:00,0.985
2021-08-02 21:00:00,0.987
2021-08-02 22:00:00,1.009
2021-08-02 23:00:00,0.983
2021-08-03 00:00:00,0.9530000000000001
2021-08-03 01:00:00,0.871
2021-08-03 02:00:00,0.812
2021-08-03 03:00:00,0.774
2021-08-03 04:00:00,0.763
2021-08-03 05:00:00,0.729
2021-08-03 06:00:00,0.68
2021-08-03 07:00:00,0.589
2021-08-03 08:00:00,0.444
2021-08-03 09:00:00,0.432
2021-08-03 10:00:00,0.457
2021-08-03 11:00:00,0.473
2021-08-03 12:00:00,0.504
2021-08-03 13:00:00,0.5740000000000001
2021-08-03 14:00:00,0.623
2021-08-03 15:00:00,0.628
2021-08-03 16:00:00,0.625
2021-08-03 17:00:00,0.62
2021-08-03 18:00:00,0.558
2021-08-03 19:00:00,0.446
2021-08-03 20:00:00,0.40800000000000003
2021-08-03 21:00:00,0.431
2021-08-03 22:00:00,0.47
2021-08-03 23:00:00,0.556
2021-08-04 00:00:00,0.623
2021-08-04 01:00:00,0.764
2021-08-04 02:00:00,0.9450000000000001
2021-08-04 03:00:00,1.068
2021-08-04 04:00:00,1.167
2021-08-04 05:00:00,1.1960000000000002
2021-08-04 06:00:00,1.239
2021-08-04 07:00:00,1.2309999999999999
2021-08-04 08:00:00,1.07
2021-08-04 09:00:00,1.0070000000000001
2021-08-04 10:00:00,1.018
2021-08-04 11:00:00,1.04
2021-08-04 12:00:00,1.0470000000000002
2021-08-04 13:00:00,1.105
2021-08-04 14:00:00,1.256
2021-08-04 15:00:00,1.4300000000000002
2021-08-04 16:00:00,1.578
2021-08-04 17:00:00,1.683
2021-08-04 18:00:00,1.806
2021-08-04 19:00:00,1.762
2021-08-04 20:00:00,1.514
2021-08-04 21:00:00,1.381
2021-08-04 22:00:00,1.3010000000000002
2021-08-04 23:00:00,1.297
2021-08-05 00:00:00,1.3599999999999999
2021-08-05 01:00:00,1.392
2021-08-05 02:00:00,1.488
2021-08-05 03:00:00,1.707
2021-08-05 04:00:00,1.861
2021-08-05 05:00:00,1.871
2021-08-05 06:00:00,1.912
2021-08-05 07:00:00,1.919
2021-08-05 08:00:00,1.972
2021-08-05 09:00:00,2.3489999999999998
2021-08-05 10:00:00,2.765
2021-08-05 11:00:00,3.09
2021-08-05 12:00:00,3.455
2021-08-05 13:00:00,3.86
2021-08-05 14:00:00,4.202
2021-08-05 15:00:00,4.423
2021-08-05 16:00:00,4.548
2021-08-05 17:00:00,4.529
2021-08-05 18:00:00,4.374
2021-08-05 19:00:00,4.066
2021-08-05 20:00:00,3.766
2021-08-05 21:00:00,3.6390000000000002
2021-08-05 22:00:00,3.564
2021-08-05 23:00:00,3.571
2021-08-06 00:00:00,3.626
2021-08-06 01:00:00,3.724
2021-08-06 02:00:00,3.613
2021-08-06 03:00:00,3.49
2021-08-06 04:00:00,3.39
2021-08-06 05:00:00,3.261
2021-08-06 06:00:00,3.113
2021-08-06 07:00:00,2.92
2021-08-06 08:00:00,2.817
2021-08-06 09:00:00,3.208
2021-08-06 10:00:00,3.369
2021-08-06 11:00:00,3.391
2021-08-06 12:00:00,3.401
2021-08-06 13:00:00,3.378
2021-08-06 14:00:00,3.319
2021-08-06 15:00:00,3.2119999999999997
2021-08-06 16:00:00,3.051
2021-08-06 17:00:00,2.761
2021-08-06 18:00:00,2.379
2021-08-06 19:00:00,1.929
2021-08-06 20:00:00,1.579
2021-08-06 21:00:00,1.49
2021-08-06 22:00:00,1.465
2021-08-06 23:00:00,1.4969999999999999
2021-08-07 00:00:00,1.574
2021-08-07 01:00:00,1.684
2021-08-07 02:00:00,1.817
2021-08-07 03:00:00,1.953
2021-08-07 04:00:00,2.0829999999999997
2021-08-07 05:00:00,2.145
2021-08-07 06:00:00,2.251
2021-08-07 07:00:00,2.26
2021-08-07 08:00:00,2.192
2021-08-07 09:00:00,2.631
2021-08-07 10:00:00,2.97
2021-08-07 11:00:00,3.23
2021-08-07 12:00:00,3.517
2021-08-07 13:00:00,3.838
2021-08-07 14:00:00,4.045
2021-08-07 15:00:00,4.074
2021-08-07 16:00:00,4.0360000000000005
2021-08-07 17:00:00,3.809
2021-08-07 18:00:00,3.39
2021-08-07 19:00:00,2.9490000000000003
2021-08-07 20:00:00,2.674
2021-08-07 21:00:00,2.594
2021-08-07 22:00:00,2.532
2021-08-07 23:00:00,2.612
2021-08-08 00:00:00,2.7600000000000002
2021-08-08 01:00:00,2.845
2021-08-08 02:00:00,2.915
2021-08-08 03:00:00,2.898
2021-08-08 04:00:00,2.8449999999999998
2021-08-08 05:00:00,2.751
2021-08-08 06:00:00,2.6950000000000003
2021-08-08 07:00:00,2.513
2021-08-08 08:00:00,2.322
2021-08-08 09:00:00,2.8369999999999997
2021-08-08 10:00:00,3.096
2021-08-08 11:00:00,3.184
2021-08-08 12:00:00,3.2
2021-08-08 13:00:00,3.204
2021-08-08 14:00:00,3.197
2021-08-08 15:00:00,3.136
2021-08-08 16:00:00,3.044
2021-08-08 17:00:00,2.875
2021-08-08 18:00:00,2.585
2021-08-08 19:00:00,2.1229999999999998
2021-08-08 20:00:00,1.789
2021-08-08 21:00:00,1.656
2021-08-08 22:00:00,1.56
2021-08-08 23:00:00,1.562
2021-08-09 00:00:00,1.599
2021-08-09 01:00:00,1.579
2021-08-09 02:00:00,1.564
2021-08-09 03:00:00,1.571
2021-08-09 04:00:00,1.66
2021-08-09 05:00:00,1.621
2021-08-09 06:00:00,1.569
2021-08-09 07:00:00,1.406
2021-08-09 08:00:00,1.183
2021-08-09 09:00:00,1.323
2021-08-09 10:00:00,1.452
2021-08-09 11:00:00,1.55
2021-08-09 12:00:00,1.639
2021-08-09 13:00:00,1.7169999999999999
2021-08-09 14:00:00,1.734
2021-08-09 15:00:00,1.697
2021-08-09 16:00:00,1.608
2021-08-09 17:00:00,1.472
2021-08-09 18:00:00,1.2710000000000001
2021-08-09 19:00:00,1.034
2021-08-09 20:00:00,1.023
2021-08-09 21:00:00,1.145
2021-08-09 22:00:00,1.225
2021-08-09 23:00:00,1.214
2021-08-10 00:00:00,1.222
2021-08-10 01:00:00,1.241
2021-08-10 02:00:00,1.255
2021-08-10 03:00:00,1.284
2021-08-10 04:00:00,1.327
2021-08-10 05:00:00,1.313
2021-08-10 06:00:00,1.238
2021-08-10 07:00:00,1.072
2021-08-10 08:00:00,0.769
2021-08-10 09:00:00,0.716
2021-08-10 10:00:00,0.724
2021-08-10 11:00:00,0.709
2021-08-10 12:00:00,0.7020000000000001
2021-08-10 13:00:00,0.729
2021-08-10 14:00:00,0.832
2021-08-10 15:00:00,0.9219999999999999
2021-08-10 16:00:00,0.977
2021-08-10 17:00:00,0.959
2021-08-10 18:00:00,0.901
2021-08-10 19:00:00,0.865
2021-08-10 20:00:00,0.875
2021-08-10 21:00:00,0.9460000000000001
2021-08-10 22:00:00,0.921
2021-08-10 23:00:00,0.895
2021-08-11 00:00:00,0.861
2021-08-11 01:00:00,0.741
2021-08-11 02:00:00,0.622
2021-08-11 03:00:00,0.5660000000000001
2021-08-11 04:00:00,0.549
2021-08-11 05:00:00,0.54
2021-08-11 06:00:00,0.548
2021-08-11 07:00:00,0.5409999999999999
2021-08-11 08:00:00,0.359
2021-08-11 09:00:00,0.294
2021-08-11 10:00:00,0.264
2021-08-11 11:00:00,0.268
2021-08-11 12:00:00,0.357
2021-08-11 13:00:00,0.41400000000000003
2021-08-11 14:00:00,0.40800000000000003
2021-08-11 15:00:00,0.417
2021-08-11 16:00:00,0.451
2021-08-11 17:00:00,0.478
2021-08-11 18:00:00,0.542
2021-08-11 19:00:00,0.686
2021-08-11 20:00:00,0.825
2021-08-11 21:00:00,0.8220000000000001
2021-08-11 22:00:00,0.7290000000000001
2021-08-11 23:00:00,0.6699999999999999
2021-08-12 00:00:00,0.639
2021-08-12 01:00:00,0.598
2021-08-12 02:00:00,0.55
2021-08-12 03:00:00,0.497
2021-08-12 04:00:00,0.432
2021-08-12 05:00:00,0.365
2021-08-12 06:00:00,0.326
2021-08-12 07:00:00,0.297
2021-08-12 08:00:00,0.183
2021-08-12 09:00:00,0.108
2021-08-12 10:00:00,0.096
2021-08-12 11:00:00,0.112
2021-08-12 12:00:00,0.125
2021-08-12 13:00:00,0.164
2021-08-12 14:00:00,0.241
2021-08-12 15:00:00,0.35000000000000003
2021-08-12 16:00:00,0.497
2021-08-12 17:00:00,0.63
2021-08-12 18:00:00,0.74
2021-08-12 19:00:00,0.911
2021-08-12 20:00:00,1.049
2021-08-12 21:00:00,1.121
2021-08-12 22:00:00,1.109
2021-08-12 23:00:00,1.081
2021-08-13 00:00:00,1.057
2021-08-13 01:00:00,0.983
2021-08-13 02:00:00,0.878
2021-08-13 03:00:00,0.824
2021-08-13 04:00:00,0.7869999999999999
2021-08-13 05:00:00,0.752
2021-08-13 06:00:00,0.733
2021-08-13 07:00:00,0.6890000000000001
2021-08-13 08:00:00,0.512
2021-08-13 09:00:00,0.486
2021-08-13 10:00:00,0.449
2021-08-13 11:00:00,0.43
2021-08-13 12:00:00,0.436
2021-08-13 13:00:00,0.451
2021-08-13 14:00:00,0.47200000000000003
2021-08-13 15:00:00,0.513
2021-08-13 16:00:00,0.561
2021-08-13 17:00:00,0.573
2021-08-13 18:00:00,0.562
2021-08-13 19:00:00,0.565
2021-08-13 20:00:00,0.718
2021-08-13 21:00:00,0.878
2021-08-13 22:00:00,0.877
2021-08-13 23:00:00,0.851
2021-08-14 00:00:00,0.819
2021-08-14 01:00:00,0.775
2021-08-14 02:00:00,0.74
2021-08-14 03:00:00,0.733
2021-08-14 04:00:00,0.727
2021-08-14 05:00:00,0.695
2021-08-14 06:00:00,0.652
2021-08-14 07:00:00,0.5660000000000001
2021-08-14 08:00:00,0.3
2021-08-14 09:00:00,0.173
2021-08-14 10:00:00,0.169
2021-08-14 11:00:00,0.16999999999999998
2021-08-14 12:00:00,0.183
2021-08-14 13:00:00,0.198
2021-08-14 14:00:00,0.22799999999999998
2021-08-14 15:00:00,0.278
2021-08-14 16:00:00,0.367
2021-08-14 17:00:00,0.485
2021-08-14 18:00:00,0.554
2021-08-14 19:00:00,0.602
2021-08-14 20:00:00,0.694
2021-08-14 21:00:00,0.818
2021-08-14 22:00:00,0.854
2021-08-14 23:00:00,0.848
2021-08-15 00:00:00,0.806
2021-08-15 01:00:00,0.732
2021-08-15 02:00:00,0.642
2021-08-15 03:00:00,0.5680000000000001
2021-08-15 04:00:00,0.575
2021-08-15 05:00:00,0.6499999999999999
2021-08-15 06:00:00,0.773
2021-08-15 07:00:00,0.8360000000000001
2021-08-15 08:00:00,0.655
2021-08-15 09:00:00,0.658
2021-08-15 10:00:00,0.777
2021-08-15 11:00:00,0.863
2021-08-15 12:00:00,1.056
2021-08-15 13:00:00,1.325
2021-08-15 14:00:00,1.616
2021-08-15 15:00:00,1.941
2021-08-15 16:00:00,2.264
2021-08-15 17:00:00,2.488
2021-08-15 18:00:00,2.585
2021-08-15 19:00:00,2.483
2021-08-15 20:00:00,2.229
2021-08-15 21:00:00,2.012
2021-08-15 22:00:00,1.889
2021-08-15 23:00:00,1.895
2021-08-16 00:00:00,2.068
2021-08-16 01:00:00,2.149
2021-08-16 02:00:00,2.223
2021-08-16 03:00:00,2.357
2021-08-16 04:00:00,2.416
2021-08-16 05:00:00,2.47
2021-08-16 06:00:00,2.425
2021-08-16 07:00:00,2.341
2021-08-16 08:00:00,2.277
2021-08-16 09:00:00,2.662
2021-08-16 10:00:00,2.8449999999999998
2021-08-16 11:00:00,2.827
2021-08-16 12:00:00,2.839
2021-08-16 13:00:00,2.908
2021-08-16 14:00:00,3.042
2021-08-16 15:00:00,3.193
2021-08-16 16:00:00,3.207
2021-08-16 17:00:00,3.143
2021-08-16 18:00:00,3.12
2021-08-16 19:00:00,3.007
2021-08-16 20:00:00,2.783
2021-08-16 21:00:00,2.7199999999999998
2021-08-16 22:00:00,2.71
2021-08-16 23:00:00,2.828
2021-08-17 00:00:00,2.944
2021-08-17 01:00:00,2.903
2021-08-17 02:00:00,2.717
2021-08-17 03:00:00,2.474
2021-08-17 04:00:00,2.278
2021-08-17 05:00:00,2.09
2021-08-17 06:00:00,1.943
2021-08-17 07:00:00,1.795
2021-08-17 08:00:00,1.53
2021-08-17 09:00:00,1.465
2021-08-17 10:00:00,1.446
2021-08-17 11:00:00,1.474
2021-08-17 12:00:00,1.5499999999999998
2021-08-17 13:00:00,1.705
2021-08-17 14:00:00,1.927
2021-08-17 15:00:00,2.1590000000000003
2021-08-17 16:00:00,2.33
2021-08-17 17:00:00,2.456
2021-08-17 18:00:00,2.496
2021-08-17 19:00:00,2.436
2021-08-17 20:00:00,2.292
2021-08-17 21:00:00,2.213
2021-08-17 22:00:00,2.143
2021-08-17 23:00:00,2.06
2021-08-18 00:00:00,1.996
2021-08-18 01:00:00,1.9140000000000001
2021-08-18 02:00:00,1.837
2021-08-18 03:00:00,1.728
2021-08-18 04:00:00,1.586
2021-08-18 05:00:00,1.47
2021-08-18 06:00:00,1.358
2021-08-18 07:00:00,1.174
2021-08-18 08:00:00,0.819
2021-08-18 09:00:00,0.587
2021-08-18 10:00:00,0.459
2021-08-18 11:00:00,0.467
2021-08-18 12:00:00,0.521
2021-08-18 13:00:00,0.599
2021-08-18 14:00:00,0.688
2021-08-18 15:00:00,0.8009999999999999
2021-08-18 16:00:00,0.9390000000000001
2021-08-18 17:00:00,1.048
2021-08-18 18:00:00,1.097
2021-08-18 19:00:00,1.106
2021-08-18 20:00:00,1.213
2021-08-18 21:00:00,1.334
2021-08-18 22:00:00,1.334
2021-08-18 23:00:00,1.337
2021-08-19 00:00:00,1.284
2021-08-19 01:00:00,1.193
2021-08-19 02:00:00,1.111
2021-08-19 03:00:00,1.006
2021-08-19 04:00:00,0.869
2021-08-19 05:00:00,0.777
2021-08-19 06:00:00,0.736
2021-08-19 07:00:00,0.642
2021-08-19 08:00:00,0.501
2021-08-19 09:00:00,0.595
2021-08-19 10:00:00,0.5960000000000001
2021-08-19 11:00:00,0.5820000000000001
2021-08-19 12:00:00,0.561
2021-08-19 13:00:00,0.554
2021-08-19 14:00:00,0.561
2021-08-19 15:00:00,0.573
2021-08-19 16:00:00,0.609
2021-08-19 17:00:00,0.665
2021-08-19 18:00:00,0.718
2021-08-19 19:00:00,0.7789999999999999
2021-08-19 20:00:00,0.869
2021-08-19 21:00:00,0.887
2021-08-19 22:00:00,0.823
2021-08-19 23:00:00,0.791
2021-08-20 00:00:00,0.802
2021-08-20 01:00:00,0.805
2021-08-20 02:00:00,0.793
2021-08-20 03:00:00,0.784
2021-08-20 04:00:00,0.786
2021-08-20 05:00:00,0.749
2021-08-20 06:00:00,0.7000000000000001
2021-08-20 07:00:00,0.623
2021-08-20 08:00:00,0.421
2021-08-20 09:00:00,0.443
2021-08-20 10:00:00,0.47300000000000003
2021-08-20 11:00:00,0.479
2021-08-20 12:00:00,0.474
2021-08-20 13:00:00,0.44799999999999995
2021-08-20 14:00:00,0.406
2021-08-20 15:00:00,0.37
2021-08-20 16:00:00,0.331
2021-08-20 17:00:00,0.30200000000000005
2021-08-20 18:00:00,0.28300000000000003
2021-08-20 19:00:00,0.284
2021-08-20 20:00:00,0.365
2021-08-20 21:00:00,0.503
2021-08-20 22:00:00,0.618
2021-08-20 23:00:00,0.6639999999999999
2021-08-21 00:00:00,0.685
2021-08-21 01:00:00,0.707
2021-08-21 02:00:00,0.763
2021-08-21 03:00:00,0.838
2021-08-21 04:00:00,0.905
2021-08-21 05:00:00,0.944
2021-08-21 06:00:00,0.967
2021-08-21 07:00:00,0.9369999999999999
2021-08-21 08:00:00,0.6769999999999999
2021-08-21 09:00:00,0.46599999999999997
2021-08-21 10:00:00,0.486
2021-08-21 11:00:00,0.602
2021-08-21 12:00:00,0.806
2021-08-21 13:00:00,1.032
2021-08-21 14:00:00,1.226
2021-08-21 15:00:00,1.4240000000000002
2021-08-21 16:00:00,1.584
2021-08-21 17:00:00,1.601
2021-08-21 18:00:00,1.4969999999999999
2021-08-21 19:00:00,1.343
2021-08-21 20:00:00,1.292
2021-08-21 21:00:00,1.409
2021-08-21 22:00:00,1.432
2021-08-21 23:00:00,1.383
2021-08-22 00:00:00,1.341
2021-08-22 01:00:00,1.294
2021-08-22 02:00:00,1.307
2021-08-22 03:00:00,1.3479999999999999
2021-08-22 04:00:00,1.355
2021-08-22 05:00:00,1.268
2021-08-22 06:00:00,1.266
2021-08-22 07:00:00,1.211
2021-08-22 08:00:00,1.029
2021-08-22 09:00:00,1.141
2021-08-22 10:00:00,1.25
2021-08-22 11:00:00,1.334
2021-08-22 12:00:00,1.428
2021-08-22 13:00:00,1.5190000000000001
2021-08-22 14:00:00,1.578
2021-08-22 15:00:00,1.6139999999999999
2021-08-22 16:00:00,1.649
2021-08-22 17:00:00,1.669
2021-08-22 18:00:00,1.658
2021-08-22 19:00:00,1.6219999999999999
2021-08-22 20:00:00,1.627
2021-08-22 21:00:00,1.75
2021-08-22 22:00:00,1.7280000000000002
2021-08-22 23:00:00,1.818
2021-08-23 00:00:00,1.9369999999999998
2021-08-23 01:00:00,1.982
2021-08-23 02:00:00,1.974
2021-08-23 03:00:00,1.927
2021-08-23 04:00:00,1.916
2021-08-23 05:00:00,1.906
2021-08-23 06:00:00,1.909
2021-08-23 07:00:00,1.892
2021-08-23 08:00:00,1.802
2021-08-23 09:00:00,1.939
2021-08-23 10:00:00,2.037
2021-08-23 11:00:00,1.967
2021-08-23 12:00:00,1.823
2021-08-23 13:00:00,1.752
2021-08-23 14:00:00,1.788
2021-08-23 15:00:00,1.8980000000000001
2021-08-23 16:00:00,2.045
2021-08-23 17:00:00,2.265
2021-08-23 18:00:00,2.5060000000000002
2021-08-23 19:00:00,2.682
2021-08-23 20:00:00,2.833
2021-08-23 21:00:00,2.895
2021-08-23 22:00:00,2.673
2021-08-23 23:00:00,2.415
2021-08-24 00:00:00,2.186
2021-08-24 01:00:00,2.027
2021-08-24 02:00:00,1.923
2021-08-24 03:00:00,1.8679999999999999
2021-08-24 04:00:00,1.9060000000000001
2021-08-24 05:00:00,1.901
2021-08-24 06:00:00,1.914
2021-08-24 07:00:00,1.84
2021-08-24 08:00:00,1.507
2021-08-24 09:00:00,1.73
2021-08-24 10:00:00,1.8840000000000001
2021-08-24 11:00:00,1.987
2021-08-24 12:00:00,2.018
2021-08-24 13:00:00,2.018
2021-08-24 14:00:00,2.059
2021-08-24 15:00:00,2.142
2021-08-24 16:00:00,2.28
2021-08-24 17:00:00,2.462
2021-08-24 18:00:00,2.551
2021-08-24 19:00:00,2.444
2021-08-24 20:00:00,2.5060000000000002
2021-08-24 21:00:00,2.717
2021-08-24 22:00:00,2.736
2021-08-24 23:00:00,2.626
2021-08-25 00:00:00,2.505
2021-08-25 01:00:00,2.396
2021-08-25 02:00:00,2.27
2021-08-25 03:00:00,2.189
2021-08-25 04:00:00,2.126
2021-08-25 05:00:00,2.004
2021-08-25 06:00:00,1.847
2021-08-25 07:00:00,1.734
2021-08-25 08:00:00,1.234
2021-08-25 09:00:00,1.302
2021-08-25 10:00:00,1.7489999999999999
2021-08-25 11:00:00,1.882
2021-08-25 12:00:00,1.826
2021-08-25 13:00:00,1.717
2021-08-25 14:00:00,1.629
2021-08-25 15:00:00,1.616
2021-08-25 16:00:00,1.653
2021-08-25 17:00:00,1.704
2021-08-25 18:00:00,1.7409999999999999
2021-08-25 19:00:00,1.703
2021-08-25 20:00:00,2.046
2021-08-25 21:00:00,2.396
2021-08-25 22:00:00,2.352
2021-08-25 23:00:00,2.204
2021-08-26 00:00:00,2.083
2021-08-26 01:00:00,1.996
2021-08-26 02:00:00,1.8900000000000001
2021-08-26 03:00:00,1.802
2021-08-26 04:00:00,1.747
2021-08-26 05:00:00,1.7049999999999998
2021-08-26 06:00:00,1.656
2021-08-26 07:00:00,1.587
2021-08-26 08:00:00,1.204
2021-08-26 09:00:00,1.349
2021-08-26 10:00:00,1.479
2021-08-26 11:00:00,1.543
2021-08-26 12:00:00,1.635
2021-08-26 13:00:00,1.7670000000000001
2021-08-26 14:00:00,1.959
2021-08-26 15:00:00,2.185
2021-08-26 16:00:00,2.386
2021-08-26 17:00:00,2.531
2021-08-26 18:00:00,2.608
2021-08-26 19:00:00,2.58
2021-08-26 20:00:00,2.6310000000000002
2021-08-26 21:00:00,2.741
2021-08-26 22:00:00,2.687
2021-08-26 23:00:00,2.747
2021-08-27 00:00:00,2.9130000000000003
2021-08-27 01:00:00,2.964
2021-08-27 02:00:00,2.9530000000000003
2021-08-27 03:00:00,2.947
2021-08-27 04:00:00,2.9690000000000003
2021-08-27 05:00:00,2.865
2021-08-27 06:00:00,2.7479999999999998
2021-08-27 07:00:00,2.669
2021-08-27 08:00:00,2.424
2021-08-27 09:00:00,2.548
2021-08-27 10:00:00,2.564
2021-08-27 11:00:00,2.447
2021-08-27 12:00:00,2.365
2021-08-27 13:00:00,2.336
2021-08-27 14:00:00,2.362
2021-08-27 15:00:00,2.4130000000000003
2021-08-27 16:00:00,2.459
2021-08-27 17:00:00,2.496
2021-08-27 18:00:00,2.512
2021-08-27 19:00:00,2.417
2021-08-27 20:00:00,2.507
2021-08-27 21:00:00,2.809
2021-08-27 22:00:00,2.851
2021-08-27 23:00:00,2.849
2021-08-28 00:00:00,2.8049999999999997
2021-08-28 01:00:00,2.718
2021-08-28 02:00:00,2.637
2021-08-28 03:00:00,2.6390000000000002
2021-08-28 04:00:00,2.547
2021-08-28 05:00:00,2.405
2021-08-28 06:00:00,2.299
2021-08-28 07:00:00,2.2
2021-08-28 08:00:00,1.744
2021-08-28 09:00:00,1.731
2021-08-28 10:00:00,1.78
2021-08-28 11:00:00,1.667
2021-08-28 12:00:00,1.565
2021-08-28 13:00:00,1.524
2021-08-28 14:00:00,1.578
2021-08-28 15:00:00,1.7020000000000002
2021-08-28 16:00:00,1.854
2021-08-28 17:00:00,2.065
2021-08-28 18:00:00,2.269
2021-08-28 19:00:00,2.363
2021-08-28 20:00:00,2.503
2021-08-28 21:00:00,2.659
2021-08-28 22:00:00,2.531
2021-08-28 23:00:00,2.4130000000000003
2021-08-29 00:00:00,2.327
2021-08-29 01:00:00,2.2760000000000002
2021-08-29 02:00:00,2.158
2021-08-29 03:00:00,2.064
2021-08-29 04:00:00,1.991
2021-08-29 05:00:00,1.903
2021-08-29 06:00:00,1.818
2021-08-29 07:00:00,1.718
2021-08-29 08:00:00,1.272
2021-08-29 09:00:00,1.438
2021-08-29 10:00:00,1.537
2021-08-29 11:00:00,1.512
2021-08-29 12:00:00,1.4929999999999999
2021-08-29 13:00:00,1.504
2021-08-29 14:00:00,1.562
2021-08-29 15:00:00,1.6620000000000001
2021-08-29 16:00:00,1.778
2021-08-29 17:00:00,1.922
2021-08-29 18:00:00,2.003
2021-08-29 19:00:00,1.9709999999999999
2021-08-29 20:00:00,2.153
2021-08-29 21:00:00,2.387
2021-08-29 22:00:00,2.3120000000000003
2021-08-29 23:00:00,2.24
2021-08-30 00:00:00,2.203
2021-08-30 01:00:00,2.119
2021-08-30 02:00:00,2.05
2021-08-30 03:00:00,2.07
2021-08-30 04:00:00,2.052
2021-08-30 05:00:00,2.034
2021-08-30 06:00:00,1.9909999999999999
2021-08-30 07:00:00,1.9400000000000002
2021-08-30 08:00:00,1.58
2021-08-30 09:00:00,1.897
2021-08-30 10:00:00,2.126
2021-08-30 11:00:00,2.162
2021-08-30 12:00:00,2.149
2021-08-30 13:00:00,2.122
2021-08-30 14:00:00,2.156
2021-08-30 15:00:00,2.271
2021-08-30 16:00:00,2.425
2021-08-30 17:00:00,2.622
2021-08-30 18:00:00,2.798
2021-08-30 19:00:00,2.838
2021-08-30 20:00:00,2.833
2021-08-30 21:00:00,2.846
2021-08-30 22:00:00,2.763
2021-08-30 23:00:00,2.6630000000000003
2021-08-31 00:00:00,2.602
2021-08-31 01:00:00,2.571
2021-08-31 02:00:00,2.509
2021-08-31 03:00:00,2.45
2021-08-31 04:00:00,2.401
2021-08-31 05:00:00,2.277
2021-08-31 06:00:00,2.172
2021-08-31 07:00:00,2.024
2021-08-31 08:00:00,1.663
2021-08-31 09:00:00,1.912
2021-08-31 10:00:00,1.925
2021-08-31 11:00:00,1.835
2021-08-31 12:00:00,1.735
2021-08-31 13:00:00,1.695
2021-08-31 14:00:00,1.724
2021-08-31 15:00:00,1.813
2021-08-31 16:00:00,1.952
2021-08-31 17:00:00,2.166
2021-08-31 18:00:00,2.373
2021-08-31 19:00:00,2.476
2021-08-31 20:00:00,2.732
2021-08-31 21:00:00,2.868
2021-08-31 22:00:00,2.714
2021-08-31 23:00:00,2.582
2021-09-01 00:00:00,2.504
2021-09-01 01:00:00,2.396
2021-09-01 02:00:00,2.3280000000000003
2021-09-01 03:00:00,2.301
2021-09-01 04:00:00,2.255
2021-09-01 05:00:00,2.175
2021-09-01 06:00:00,2.1
2021-09-01 07:00:00,2.025
2021-09-01 08:00:00,1.7770000000000001
2021-09-01 09:00:00,2.114
2021-09-01 10:00:00,2.193
2021-09-01 11:00:00,2.283
2021-09-01 12:00:00,2.351
2021-09-01 13:00:00,2.31
2021-09-01 14:00:00,2.24
2021-09-01 15:00:00,2.202
2021-09-01 16:00:00,2.174
2021-09-01 17:00:00,2.155
2021-09-01 18:00:00,2.124
2021-09-01 19:00:00,2.007
2021-09-01 20:00:00,2.13
2021-09-01 21:00:00,2.271
2021-09-01 22:00:00,2.278
2021-09-01 23:00:00,2.223
2021-09-02 00:00:00,2.235
2021-09-02 01:00:00,2.273
2021-09-02 02:00:00,2.261
2021-09-02 03:00:00,2.231
2021-09-02 04:00:00,2.2600000000000002
2021-09-02 05:00:00,2.281
2021-09-02 06:00:00,2.297
2021-09-02 07:00:00,2.313
2021-09-02 08:00:00,2.126
2021-09-02 09:00:00,2.567
2021-09-02 10:00:00,2.669
2021-09-02 11:00:00,2.6470000000000002
2021-09-02 12:00:00,2.5949999999999998
2021-09-02 13:00:00,2.46
2021-09-02 14:00:00,2.2880000000000003
2021-09-02 15:00:00,2.122
2021-09-02 16:00:00,2.0300000000000002
2021-09-02 17:00:00,1.996
2021-09-02 18:00:00,1.908
2021-09-02 19:00:00,1.821
2021-09-02 20:00:00,2.169
2021-09-02 21:00:00,2.394
2021-09-02 22:00:00,2.2710000000000004
2021-09-02 23:00:00,2.157
2021-09-03 00:00:00,2.1470000000000002
2021-09-03 01:00:00,2.097
2021-09-03 02:00:00,2.049
2021-09-03 03:00:00,1.979
2021-09-03 04:00:00,1.922
2021-09-03 05:00:00,1.787
2021-09-03 06:00:00,1.593
2021-09-03 07:00:00,1.411
2021-09-03 08:00:00,0.991
2021-09-03 09:00:00,0.675
2021-09-03 10:00:00,0.748
2021-09-03 11:00:00,0.901
2021-09-03 12:00:00,0.8959999999999999
2021-09-03 13:00:00,0.8009999999999999
2021-09-03 14:00:00,0.7090000000000001
2021-09-03 15:00:00,0.623
2021-09-03 16:00:00,0.573
2021-09-03 17:00:00,0.539
2021-09-03 18:00:00,0.54
2021-09-03 19:00:00,0.663
2021-09-03 20:00:00,0.917
2021-09-03 21:00:00,1.065
2021-09-03 22:00:00,1.058
2021-09-03 23:00:00,1.03
2021-09-04 00:00:00,0.981
2021-09-04 01:00:00,0.9219999999999999
2021-09-04 02:00:00,0.854
2021-09-04 03:00:00,0.784
2021-09-04 04:00:00,0.715
2021-09-04 05:00:00,0.62
2021-09-04 06:00:00,0.529
2021-09-04 07:00:00,0.45399999999999996
2021-09-04 08:00:00,0.30400000000000005
2021-09-04 09:00:00,0.219
2021-09-04 10:00:00,0.197
2021-09-04 11:00:00,0.202
2021-09-04 12:00:00,0.22200000000000003
2021-09-04 13:00:00,0.241
2021-09-04 14:00:00,0.257
2021-09-04 15:00:00,0.268
2021-09-04 16:00:00,0.272
2021-09-04 17:00:00,0.283
2021-09-04 18:00:00,0.31
2021-09-04 19:00:00,0.41500000000000004
2021-09-04 20:00:00,0.65
2021-09-04 21:00:00,0.819
2021-09-04 22:00:00,0.874
2021-09-04 23:00:00,0.874
2021-09-05 00:00:00,0.858
2021-09-05 01:00:00,0.8240000000000001
2021-09-05 02:00:00,0.7989999999999999
2021-09-05 03:00:00,0.768
2021-09-05 04:00:00,0.736
2021-09-05 05:00:00,0.6990000000000001
2021-09-05 06:00:00,0.648
2021-09-05 07:00:00,0.5980000000000001
2021-09-05 08:00:00,0.43099999999999994
2021-09-05 09:00:00,0.267
2021-09-05 10:00:00,0.254
2021-09-05 11:00:00,0.281
2021-09-05 12:00:00,0.29300000000000004
2021-09-05 13:00:00,0.28200000000000003
2021-09-05 14:00:00,0.261
2021-09-05 15:00:00,0.219
2021-09-05 16:00:00,0.184
2021-09-05 17:00:00,0.18
2021-09-05 18:00:00,0.22999999999999998
2021-09-05 19:00:00,0.387
2021-09-05 20:00:00,0.662
2021-09-05 21:00:00,0.956
2021-09-05 22:00:00,1.181
2021-09-05 23:00:00,1.3479999999999999
2021-09-06 00:00:00,1.439
2021-09-06 01:00:00,1.462
2021-09-06 02:00:00,1.457
2021-09-06 03:00:00,1.396
2021-09-06 04:00:00,1.307
2021-09-06 05:00:00,1.215
2021-09-06 06:00:00,1.149
2021-09-06 07:00:00,1.091
2021-09-06 08:00:00,0.822
2021-09-06 09:00:00,0.443
2021-09-06 10:00:00,0.354
2021-09-06 11:00:00,0.583
2021-09-06 12:00:00,0.705
2021-09-06 13:00:00,0.724
2021-09-06 14:00:00,0.673
2021-09-06 15:00:00,0.637
2021-09-06 16:00:00,0.639
2021-09-06 17:00:00,0.6920000000000001
2021-09-06 18:00:00,0.775
2021-09-06 19:00:00,0.965
2021-09-06 20:00:00,1.468
2021-09-06 21:00:00,1.97
2021-09-06 22:00:00,2.27
2021-09-06 23:00:00,2.4579999999999997
2021-09-07 00:00:00,2.504
2021-09-07 01:00:00,2.471
2021-09-07 02:00:00,2.3729999999999998
2021-09-07 03:00:00,2.303
2021-09-07 04:00:00,2.214
2021-09-07 05:00:00,2.129
2021-09-07 06:00:00,2.095
2021-09-07 07:00:00,2.103
2021-09-07 08:00:00,1.8439999999999999
2021-09-07 09:00:00,1.5
2021-09-07 10:00:00,1.631
2021-09-07 11:00:00,2.012
2021-09-07 12:00:00,2.225
2021-09-07 13:00:00,2.297
2021-09-07 14:00:00,2.31
2021-09-07 15:00:00,2.108
2021-09-07 16:00:00,1.6500000000000001
2021-09-07 17:00:00,1.277
2021-09-07 18:00:00,1.078
2021-09-07 19:00:00,1.178
2021-09-07 20:00:00,1.396
2021-09-07 21:00:00,1.463
2021-09-07 22:00:00,1.402
2021-09-07 23:00:00,1.292
2021-09-08 00:00:00,1.232
2021-09-08 01:00:00,1.224
2021-09-08 02:00:00,1.24
2021-09-08 03:00:00,1.2489999999999999
2021-09-08 04:00:00,1.293
2021-09-08 05:00:00,1.298
2021-09-08 06:00:00,1.298
2021-09-08 07:00:00,1.237
2021-09-08 08:00:00,0.868
2021-09-08 09:00:00,0.666
2021-09-08 10:00:00,0.7170000000000001
2021-09-08 11:00:00,0.8900000000000001
2021-09-08 12:00:00,0.9219999999999999
2021-09-08 13:00:00,1.002
2021-09-08 14:00:00,1.0939999999999999
2021-09-08 15:00:00,1.107
2021-09-08 16:00:00,1.041
2021-09-08 17:00:00,0.94
2021-09-08 18:00:00,0.87
2021-09-08 19:00:00,0.909
2021-09-08 20:00:00,1.065
2021-09-08 21:00:00,1.161
2021-09-08 22:00:00,1.24
2021-09-08 23:00:00,1.351
2021-09-09 00:00:00,1.4729999999999999
2021-09-09 01:00:00,1.572
2021-09-09 02:00:00,1.768
2021-09-09 03:00:00,1.81
2021-09-09 04:00:00,1.7730000000000001
2021-09-09 05:00:00,1.754
2021-09-09 06:00:00,1.838
2021-09-09 07:00:00,1.828
2021-09-09 08:00:00,1.636
2021-09-09 09:00:00,1.726
2021-09-09 10:00:00,2.055
2021-09-09 11:00:00,2.138
2021-09-09 12:00:00,2.188
2021-09-09 13:00:00,2.241
2021-09-09 14:00:00,2.293
2021-09-09 15:00:00,2.328
2021-09-09 16:00:00,2.29
2021-09-09 17:00:00,2.109
2021-09-09 18:00:00,1.824
2021-09-09 19:00:00,1.616
2021-09-09 20:00:00,1.521
2021-09-09 21:00:00,1.492
2021-09-09 22:00:00,1.537
2021-09-09 23:00:00,1.69
2021-09-10 00:00:00,1.82
2021-09-10 01:00:00,1.864
2021-09-10 02:00:00,1.872
2021-09-10 03:00:00,1.925
2021-09-10 04:00:00,1.979
2021-09-10 05:00:00,1.9060000000000001
2021-09-10 06:00:00,1.7810000000000001
2021-09-10 07:00:00,1.6949999999999998
2021-09-10 08:00:00,1.458
2021-09-10 09:00:00,1.287
2021-09-10 10:00:00,1.341
2021-09-10 11:00:00,1.403
2021-09-10 12:00:00,1.5130000000000001
2021-09-10 13:00:00,1.568
2021-09-10 14:00:00,1.609
2021-09-10 15:00:00,1.667
2021-09-10 16:00:00,1.652
2021-09-10 17:00:00,1.587
2021-09-10 18:00:00,1.4909999999999999
2021-09-10 19:00:00,1.376
2021-09-10 20:00:00,1.362
2021-09-10 21:00:00,1.346
2021-09-10 22:00:00,1.246
2021-09-10 23:00:00,1.207
2021-09-11 00:00:00,1.208
2021-09-11 01:00:00,1.216
2021-09-11 02:00:00,1.2369999999999999
2021-09-11 03:00:00,1.264
2021-09-11 04:00:00,1.279
2021-09-11 05:00:00,1.214
2021-09-11 06:00:00,1.129
2021-09-11 07:00:00,1.075
2021-09-11 08:00:00,0.875
2021-09-11 09:00:00,0.738
2021-09-11 10:00:00,0.8109999999999999
2021-09-11 11:00:00,0.746
2021-09-11 12:00:00,0.697
2021-09-11 13:00:00,0.6719999999999999
2021-09-11 14:00:00,0.672
2021-09-11 15:00:00,0.6890000000000001
2021-09-11 16:00:00,0.714
2021-09-11 17:00:00,0.749
2021-09-11 18:00:00,0.777
2021-09-11 19:00:00,0.892
2021-09-11 20:00:00,1.094
2021-09-11 21:00:00,1.196
2021-09-11 22:00:00,1.226
2021-09-11 23:00:00,1.256
2021-09-12 00:00:00,1.232
2021-09-12 01:00:00,1.198
2021-09-12 02:00:00,1.182
2021-09-12 03:00:00,1.161
2021-09-12 04:00:00,1.138
2021-09-12 05:00:00,1.079
2021-09-12 06:00:00,1.0
2021-09-12 07:00:00,0.91
2021-09-12 08:00:00,0.663
2021-09-12 09:00:00,0.378
2021-09-12 10:00:00,0.358
2021-09-12 11:00:00,0.369
2021-09-12 12:00:00,0.349
2021-09-12 13:00:00,0.319
2021-09-12 14:00:00,0.302
2021-09-12 15:00:00,0.308
2021-09-12 16:00:00,0.322
2021-09-12 17:00:00,0.352
2021-09-12 18:00:00,0.43699999999999994
2021-09-12 19:00:00,0.675
2021-09-12 20:00:00,1.078
2021-09-12 21:00:00,1.357
2021-09-12 22:00:00,1.46
2021-09-12 23:00:00,1.48
2021-09-13 00:00:00,1.473
2021-09-13 01:00:00,1.435
2021-09-13 02:00:00,1.387
2021-09-13 03:00:00,1.302
2021-09-13 04:00:00,1.204
2021-09-13 05:00:00,1.162
2021-09-13 06:00:00,1.1500000000000001
2021-09-13 07:00:00,1.1300000000000001
2021-09-13 08:00:00,0.95
2021-09-13 09:00:00,0.6799999999999999
2021-09-13 10:00:00,0.629
2021-09-13 11:00:00,0.704
2021-09-13 12:00:00,0.722
2021-09-13 13:00:00,0.723
2021-09-13 14:00:00,0.679
2021-09-13 15:00:00,0.528
2021-09-13 16:00:00,0.477
2021-09-13 17:00:00,0.527
2021-09-13 18:00:00,0.746
2021-09-13 19:00:00,1.242
2021-09-13 20:00:00,1.75
2021-09-13 21:00:00,2.115
2021-09-13 22:00:00,2.239
2021-09-13 23:00:00,2.136
2021-09-14 00:00:00,1.931
2021-09-14 01:00:00,1.833
2021-09-14 02:00:00,1.76
2021-09-14 03:00:00,1.601
2021-09-14 04:00:00,1.557
2021-09-14 05:00:00,1.646
2021-09-14 06:00:00,1.823
2021-09-14 07:00:00,1.794
2021-09-14 08:00:00,1.533
2021-09-14 09:00:00,1.153
2021-09-14 10:00:00,1.089
2021-09-14 11:00:00,1.099
2021-09-14 12:00:00,1.1219999999999999
2021-09-14 13:00:00,1.105
2021-09-14 14:00:00,1.076
2021-09-14 15:00:00,1.0979999999999999
2021-09-14 16:00:00,1.094
2021-09-14 17:00:00,0.967
2021-09-14 18:00:00,0.796
2021-09-14 19:00:00,0.704
2021-09-14 20:00:00,0.732
2021-09-14 21:00:00,0.774
2021-09-14 22:00:00,0.8109999999999999
2021-09-14 23:00:00,0.8500000000000001
2021-09-15 00:00:00,0.899
2021-09-15 01:00:00,0.906
2021-09-15 02:00:00,0.904
2021-09-15 03:00:00,0.9339999999999999
2021-09-15 04:00:00,1.007
2021-09-15 05:00:00,0.9390000000000001
2021-09-15 06:00:00,0.8959999999999999
2021-09-15 07:00:00,0.988
2021-09-15 08:00:00,1.082
2021-09-15 09:00:00,1.048
2021-09-15 10:00:00,1.2770000000000001
2021-09-15 11:00:00,1.246
2021-09-15 12:00:00,1.1219999999999999
2021-09-15 13:00:00,1.057
2021-09-15 14:00:00,1.101
2021-09-15 15:00:00,1.085
2021-09-15 16:00:00,1.208
2021-09-15 17:00:00,1.3719999999999999
2021-09-15 18:00:00,1.439
2021-09-15 19:00:00,1.4649999999999999
2021-09-15 20:00:00,1.582
2021-09-15 21:00:00,1.523
2021-09-15 22:00:00,1.354
2021-09-15 23:00:00,1.192
2021-09-16 00:00:00,1.05
2021-09-16 01:00:00,0.9339999999999999
2021-09-16 02:00:00,0.849
2021-09-16 03:00:00,0.8200000000000001
2021-09-16 04:00:00,0.846
2021-09-16 05:00:00,0.757
2021-09-16 06:00:00,0.6739999999999999
2021-09-16 07:00:00,0.641
2021-09-16 08:00:00,0.5609999999999999
2021-09-16 09:00:00,0.389
2021-09-16 10:00:00,0.382
2021-09-16 11:00:00,0.321
2021-09-16 12:00:00,0.297
2021-09-16 13:00:00,0.33999999999999997
2021-09-16 14:00:00,0.41900000000000004
2021-09-16 15:00:00,0.536
2021-09-16 16:00:00,0.663
2021-09-16 17:00:00,0.7490000000000001
2021-09-16 18:00:00,0.8340000000000001
2021-09-16 19:00:00,0.8939999999999999
2021-09-16 20:00:00,0.993
2021-09-16 21:00:00,1.039
2021-09-16 22:00:00,1.063
2021-09-16 23:00:00,1.095
2021-09-17 00:00:00,1.108
2021-09-17 01:00:00,1.091
2021-09-17 02:00:00,1.044
2021-09-17 03:00:00,1.012
2021-09-17 04:00:00,1.006
2021-09-17 05:00:00,1.008
2021-09-17 06:00:00,1.04
2021-09-17 07:00:00,1.116
2021-09-17 08:00:00,1.111
2021-09-17 09:00:00,0.979
2021-09-17 10:00:00,1.119
2021-09-17 11:00:00,1.2449999999999999
2021-09-17 12:00:00,1.2770000000000001
2021-09-17 13:00:00,1.293
2021-09-17 14:00:00,1.279
2021-09-17 15:00:00,1.24
2021-09-17 16:00:00,1.184
2021-09-17 17:00:00,1.157
2021-09-17 18:00:00,1.15
2021-09-17 19:00:00,1.113
2021-09-17 20:00:00,1.1320000000000001
2021-09-17 21:00:00,1.1320000000000001
2021-09-17 22:00:00,1.099
2021-09-17 23:00:00,1.123
2021-09-18 00:00:00,1.185
2021-09-18 01:00:00,1.268
2021-09-18 02:00:00,1.379
2021-09-18 03:00:00,1.4729999999999999
2021-09-18 04:00:00,1.518
2021-09-18 05:00:00,1.453
2021-09-18 06:00:00,1.399
2021-09-18 07:00:00,1.35
2021-09-18 08:00:00,1.212
2021-09-18 09:00:00,0.897
2021-09-18 10:00:00,0.734
2021-09-18 11:00:00,0.732
2021-09-18 12:00:00,0.72
2021-09-18 13:00:00,0.776
2021-09-18 14:00:00,0.866
2021-09-18 15:00:00,0.907
2021-09-18 16:00:00,0.919
2021-09-18 17:00:00,0.9339999999999999
2021-09-18 18:00:00,0.96
2021-09-18 19:00:00,1.093
2021-09-18 20:00:00,1.318
2021-09-18 21:00:00,1.443
2021-09-18 22:00:00,1.503
2021-09-18 23:00:00,1.598
2021-09-19 00:00:00,1.804
2021-09-19 01:00:00,1.865
2021-09-19 02:00:00,1.98
2021-09-19 03:00:00,2.249
2021-09-19 04:00:00,2.548
2021-09-19 05:00:00,2.649
2021-09-19 06:00:00,2.609
2021-09-19 07:00:00,2.5220000000000002
2021-09-19 08:00:00,2.275
2021-09-19 09:00:00,2.0010000000000003
2021-09-19 10:00:00,2.108
2021-09-19 11:00:00,2.278
2021-09-19 12:00:00,2.36
2021-09-19 13:00:00,2.401
2021-09-19 14:00:00,2.449
2021-09-19 15:00:00,2.479
2021-09-19 16:00:00,2.466
2021-09-19 17:00:00,2.396
2021-09-19 18:00:00,2.286
2021-09-19 19:00:00,2.202
2021-09-19 20:00:00,2.268
2021-09-19 21:00:00,2.337
2021-09-19 22:00:00,2.381
2021-09-19 23:00:00,2.5229999999999997
2021-09-20 00:00:00,2.6500000000000004
2021-09-20 01:00:00,2.6839999999999997
2021-09-20 02:00:00,2.612
2021-09-20 03:00:00,2.524
2021-09-20 04:00:00,2.426
2021-09-20 05:00:00,2.341
2021-09-20 06:00:00,2.298
2021-09-20 07:00:00,2.3280000000000003
2021-09-20 08:00:00,2.366
2021-09-20 09:00:00,2.284
2021-09-20 10:00:00,2.603
2021-09-20 11:00:00,2.606
2021-09-20 12:00:00,2.523
2021-09-20 13:00:00,2.502
2021-09-20 14:00:00,2.521
2021-09-20 15:00:00,2.534
2021-09-20 16:00:00,2.497
2021-09-20 17:00:00,2.425
2021-09-20 18:00:00,2.309
2021-09-20 19:00:00,2.17
2021-09-20 20:00:00,2.323
2021-09-20 21:00:00,2.372
2021-09-20 22:00:00,2.2359999999999998
2021-09-20 23:00:00,2.148
2021-09-21 00:00:00,2.0380000000000003
2021-09-21 01:00:00,1.8780000000000001
2021-09-21 02:00:00,1.72
2021-09-21 03:00:00,1.592
2021-09-21 04:00:00,1.467
2021-09-21 05:00:00,1.325
2021-09-21 06:00:00,1.22
2021-09-21 07:00:00,1.16
2021-09-21 08:00:00,1.066
2021-09-21 09:00:00,0.714
2021-09-21 10:00:00,0.912
2021-09-21 11:00:00,1.137
2021-09-21 12:00:00,1.181
2021-09-21 13:00:00,1.153
2021-09-21 14:00:00,1.112
2021-09-21 15:00:00,1.0710000000000002
2021-09-21 16:00:00,1.09
2021-09-21 17:00:00,1.112
2021-09-21 18:00:00,1.1520000000000001
2021-09-21 19:00:00,1.2550000000000001
2021-09-21 20:00:00,1.5459999999999998
2021-09-21 21:00:00,1.674
2021-09-21 22:00:00,1.6380000000000001
2021-09-21 23:00:00,1.565
2021-09-22 00:00:00,1.45
2021-09-22 01:00:00,1.358
2021-09-22 02:00:00,1.325
2021-09-22 03:00:00,1.32
2021-09-22 04:00:00,1.293
2021-09-22 05:00:00,1.226
2021-09-22 06:00:00,1.218
2021-09-22 07:00:00,1.185
2021-09-22 08:00:00,1.088
2021-09-22 09:00:00,0.723
2021-09-22 10:00:00,0.524
2021-09-22 11:00:00,0.55
2021-09-22 12:00:00,0.499
2021-09-22 13:00:00,0.408
2021-09-22 14:00:00,0.314
2021-09-22 15:00:00,0.265
2021-09-22 16:00:00,0.256
2021-09-22 17:00:00,0.288
2021-09-22 18:00:00,0.385
2021-09-22 19:00:00,0.651
2021-09-22 20:00:00,0.968
2021-09-22 21:00:00,1.16
2021-09-22 22:00:00,1.206
2021-09-22 23:00:00,1.191
2021-09-23 00:00:00,1.153
2021-09-23 01:00:00,1.104
2021-09-23 02:00:00,1.052
2021-09-23 03:00:00,0.994
2021-09-23 04:00:00,0.929
2021-09-23 05:00:00,0.858
2021-09-23 06:00:00,0.859
2021-09-23 07:00:00,0.964
2021-09-23 08:00:00,1.035
2021-09-23 09:00:00,0.9079999999999999
2021-09-23 10:00:00,0.883
2021-09-23 11:00:00,0.978
2021-09-23 12:00:00,0.867
2021-09-23 13:00:00,0.7629999999999999
2021-09-23 14:00:00,0.665
2021-09-23 15:00:00,0.596
2021-09-23 16:00:00,0.574
2021-09-23 17:00:00,0.583
2021-09-23 18:00:00,0.591
2021-09-23 19:00:00,0.8340000000000001
2021-09-23 20:00:00,1.112
2021-09-23 21:00:00,1.165
2021-09-23 22:00:00,1.162
2021-09-23 23:00:00,1.1119999999999999
2021-09-24 00:00:00,1.06
2021-09-24 01:00:00,1.0050000000000001
2021-09-24 02:00:00,0.984
2021-09-24 03:00:00,0.9530000000000001
2021-09-24 04:00:00,0.9630000000000001
2021-09-24 05:00:00,0.9480000000000001
2021-09-24 06:00:00,0.939
2021-09-24 07:00:00,0.975
2021-09-24 08:00:00,0.942
2021-09-24 09:00:00,0.619
2021-09-24 10:00:00,0.491
2021-09-24 11:00:00,0.501
2021-09-24 12:00:00,0.49899999999999994
2021-09-24 13:00:00,0.48700000000000004
2021-09-24 14:00:00,0.48200000000000004
2021-09-24 15:00:00,0.47800000000000004
2021-09-24 16:00:00,0.47400000000000003
2021-09-24 17:00:00,0.46900000000000003
2021-09-24 18:00:00,0.484
2021-09-24 19:00:00,0.626
2021-09-24 20:00:00,0.806
2021-09-24 21:00:00,0.9450000000000001
2021-09-24 22:00:00,1.091
2021-09-24 23:00:00,1.28
2021-09-25 00:00:00,1.427
2021-09-25 01:00:00,1.533
2021-09-25 02:00:00,1.599
2021-09-25 03:00:00,1.646
2021-09-25 04:00:00,1.698
2021-09-25 05:00:00,1.712
2021-09-25 06:00:00,1.698
2021-09-25 07:00:00,1.706
2021-09-25 08:00:00,1.5979999999999999
2021-09-25 09:00:00,1.377
2021-09-25 10:00:00,1.3050000000000002
2021-09-25 11:00:00,1.337
2021-09-25 12:00:00,1.361
2021-09-25 13:00:00,1.447
2021-09-25 14:00:00,1.5050000000000001
2021-09-25 15:00:00,1.5170000000000001
2021-09-25 16:00:00,1.48
2021-09-25 17:00:00,1.451
2021-09-25 18:00:00,1.4489999999999998
2021-09-25 19:00:00,1.478
2021-09-25 20:00:00,1.563
2021-09-25 21:00:00,1.56
2021-09-25 22:00:00,1.611
2021-09-25 23:00:00,1.62
2021-09-26 00:00:00,1.618
2021-09-26 01:00:00,1.609
2021-09-26 02:00:00,1.674
2021-09-26 03:00:00,1.751
2021-09-26 04:00:00,1.892
2021-09-26 05:00:00,1.871
2021-09-26 06:00:00,1.779
2021-09-26 07:00:00,1.815
2021-09-26 08:00:00,1.798
2021-09-26 09:00:00,1.399
2021-09-26 10:00:00,1.435
2021-09-26 11:00:00,1.5190000000000001
2021-09-26 12:00:00,1.471
2021-09-26 13:00:00,1.553
2021-09-26 14:00:00,1.73
2021-09-26 15:00:00,1.854
2021-09-26 16:00:00,1.846
2021-09-26 17:00:00,1.764
2021-09-26 18:00:00,1.587
2021-09-26 19:00:00,1.443
2021-09-26 20:00:00,1.479
2021-09-26 21:00:00,1.602
2021-09-26 22:00:00,1.755
2021-09-26 23:00:00,2.035
2021-09-27 00:00:00,2.213
2021-09-27 01:00:00,2.3609999999999998
2021-09-27 02:00:00,2.5780000000000003
2021-09-27 03:00:00,2.773
2021-09-27 04:00:00,2.895
2021-09-27 05:00:00,3.1350000000000002
2021-09-27 06:00:00,3.249
2021-09-27 07:00:00,3.274
2021-09-27 08:00:00,3.118
2021-09-27 09:00:00,2.908
2021-09-27 10:00:00,3.025
2021-09-27 11:00:00,3.457
2021-09-27 12:00:00,3.601
2021-09-27 13:00:00,3.604
2021-09-27 14:00:00,3.465
2021-09-27 15:00:00,3.386
2021-09-27 16:00:00,3.23
2021-09-27 17:00:00,3.033
2021-09-27 18:00:00,2.691
2021-09-27 19:00:00,2.35
2021-09-27 20:00:00,2.202
2021-09-27 21:00:00,2.017
2021-09-27 22:00:00,1.8699999999999999
2021-09-27 23:00:00,1.803
2021-09-28 00:00:00,1.741
2021-09-28 01:00:00,1.614
2021-09-28 02:00:00,1.527
2021-09-28 03:00:00,1.514
2021-09-28 04:00:00,1.525
2021-09-28 05:00:00,1.507
2021-09-28 06:00:00,1.515
2021-09-28 07:00:00,1.551
2021-09-28 08:00:00,1.5179999999999998
2021-09-28 09:00:00,1.2209999999999999
2021-09-28 10:00:00,1.305
2021-09-28 11:00:00,1.601
2021-09-28 12:00:00,1.658
2021-09-28 13:00:00,1.714
2021-09-28 14:00:00,1.816
2021-09-28 15:00:00,1.935
2021-09-28 16:00:00,2.084
2021-09-28 17:00:00,2.222
2021-09-28 18:00:00,2.241
2021-09-28 19:00:00,2.376
2021-09-28 20:00:00,2.657
2021-09-28 21:00:00,2.845
2021-09-28 22:00:00,2.919
2021-09-28 23:00:00,3.069
2021-09-29 00:00:00,3.239
2021-09-29 01:00:00,3.126
2021-09-29 02:00:00,2.911
2021-09-29 03:00:00,2.9139999999999997
2021-09-29 04:00:00,2.9
2021-09-29 05:00:00,2.7969999999999997
2021-09-29 06:00:00,2.686
2021-09-29 07:00:00,2.684
2021-09-29 08:00:00,2.6310000000000002
2021-09-29 09:00:00,2.217
2021-09-29 10:00:00,2.423
2021-09-29 11:00:00,2.875
2021-09-29 12:00:00,2.8649999999999998
2021-09-29 13:00:00,2.844
2021-09-29 14:00:00,2.877
2021-09-29 15:00:00,2.968
2021-09-29 16:00:00,3.032
2021-09-29 17:00:00,2.9819999999999998
2021-09-29 18:00:00,2.79
2021-09-29 19:00:00,2.683
2021-09-29 20:00:00,2.734
2021-09-29 21:00:00,2.638
2021-09-29 22:00:00,2.476
2021-09-29 23:00:00,2.255
2021-09-30 00:00:00,1.9969999999999999
2021-09-30 01:00:00,1.7369999999999999
2021-09-30 02:00:00,1.553
2021-09-30 03:00:00,1.4849999999999999
2021-09-30 04:00:00,1.466
2021-09-30 05:00:00,1.447
2021-09-30 06:00:00,1.446
2021-09-30 07:00:00,1.533
2021-09-30 08:00:00,1.5710000000000002
2021-09-30 09:00:00,1.165
2021-09-30 10:00:00,1.065
2021-09-30 11:00:00,1.447
2021-09-30 12:00:00,1.541
2021-09-30 13:00:00,1.662
2021-09-30 14:00:00,1.778
2021-09-30 15:00:00,1.8430000000000002
2021-09-30 16:00:00,1.836
2021-09-30 17:00:00,1.797
2021-09-30 18:00:00,1.708
2021-09-30 19:00:00,1.7029999999999998
2021-09-30 20:00:00,1.904
2021-09-30 21:00:00,1.98
2021-09-30 22:00:00,2.024
2021-09-30 23:00:00,2.0460000000000003
2021-10-01 00:00:00,2.111
2021-10-01 01:00:00,2.2270000000000003
2021-10-01 02:00:00,2.309
2021-10-01 03:00:00,2.4160000000000004
2021-10-01 04:00:00,2.46
2021-10-01 05:00:00,2.534
2021-10-01 06:00:00,2.656
2021-10-01 07:00:00,2.718
2021-10-01 08:00:00,2.847
2021-10-01 09:00:00,2.789
2021-10-01 10:00:00,2.8080000000000003
2021-10-01 11:00:00,2.9579999999999997
2021-10-01 12:00:00,3.002
2021-10-01 13:00:00,2.922
2021-10-01 14:00:00,2.742
2021-10-01 15:00:00,2.43
2021-10-01 16:00:00,2.183
2021-10-01 17:00:00,1.9789999999999999
2021-10-01 18:00:00,1.843
2021-10-01 19:00:00,1.807
2021-10-01 20:00:00,1.7149999999999999
2021-10-01 21:00:00,1.5410000000000001
2021-10-01 22:00:00,1.413
2021-10-01 23:00:00,1.202
2021-10-02 00:00:00,1.024
2021-10-02 01:00:00,0.912
2021-10-02 02:00:00,0.926
2021-10-02 03:00:00,1.051
2021-10-02 04:00:00,1.266
2021-10-02 05:00:00,1.5210000000000001
2021-10-02 06:00:00,1.7510000000000001
2021-10-02 07:00:00,2.029
2021-10-02 08:00:00,2.301
2021-10-02 09:00:00,2.508
2021-10-02 10:00:00,2.75
2021-10-02 11:00:00,3.2479999999999998
2021-10-02 12:00:00,3.58
2021-10-02 13:00:00,3.899
2021-10-02 14:00:00,4.173
2021-10-02 15:00:00,4.338
2021-10-02 16:00:00,4.461
2021-10-02 17:00:00,4.632
2021-10-02 18:00:00,4.803
2021-10-02 19:00:00,4.808
2021-10-02 20:00:00,4.624
2021-10-02 21:00:00,4.279
2021-10-02 22:00:00,4.072
2021-10-02 23:00:00,3.84
2021-10-03 00:00:00,3.769
2021-10-03 01:00:00,3.76
2021-10-03 02:00:00,3.709
2021-10-03 03:00:00,3.754
2021-10-03 04:00:00,3.729
2021-10-03 05:00:00,3.6639999999999997
2021-10-03 06:00:00,3.378
2021-10-03 07:00:00,3.1109999999999998
2021-10-03 08:00:00,2.75
2021-10-03 09:00:00,2.489
2021-10-03 10:00:00,2.3810000000000002
2021-10-03 11:00:00,2.472
2021-10-03 12:00:00,2.614
2021-10-03 13:00:00,2.742
2021-10-03 14:00:00,3.02
2021-10-03 15:00:00,3.287
2021-10-03 16:00:00,3.398
2021-10-03 17:00:00,3.334
2021-10-03 18:00:00,2.961
2021-10-03 19:00:00,2.69
2021-10-03 20:00:00,2.691
2021-10-03 21:00:00,2.663
2021-10-03 22:00:00,2.571
2021-10-03 23:00:00,2.604
2021-10-04 00:00:00,2.661
2021-10-04 01:00:00,2.662
2021-10-04 02:00:00,2.634
2021-10-04 03:00:00,2.6390000000000002
2021-10-04 04:00:00,2.715
2021-10-04 05:00:00,2.667
2021-10-04 06:00:00,2.662
2021-10-04 07:00:00,2.751
2021-10-04 08:00:00,2.856
2021-10-04 09:00:00,2.692
2021-10-04 10:00:00,2.663
2021-10-04 11:00:00,3.052
2021-10-04 12:00:00,3.272
2021-10-04 13:00:00,3.328
2021-10-04 14:00:00,3.333
2021-10-04 15:00:00,3.296
2021-10-04 16:00:00,3.1630000000000003
2021-10-04 17:00:00,2.932
2021-10-04 18:00:00,2.726
2021-10-04 19:00:00,2.689
2021-10-04 20:00:00,2.757
2021-10-04 21:00:00,2.898
2021-10-04 22:00:00,3.211
2021-10-04 23:00:00,3.636
2021-10-05 00:00:00,4.157
2021-10-05 01:00:00,4.632
2021-10-05 02:00:00,4.96
2021-10-05 03:00:00,5.226
2021-10-05 04:00:00,5.349
2021-10-05 05:00:00,5.156
2021-10-05 06:00:00,4.865
2021-10-05 07:00:00,4.568
2021-10-05 08:00:00,4.2459999999999996
2021-10-05 09:00:00,3.833
2021-10-05 10:00:00,4.127
2021-10-05 11:00:00,4.402
2021-10-05 12:00:00,4.32
2021-10-05 13:00:00,4.163
2021-10-05 14:00:00,4.194
2021-10-05 15:00:00,4.21
2021-10-05 16:00:00,4.176
2021-10-05 17:00:00,4.087
2021-10-05 18:00:00,3.84
2021-10-05 19:00:00,3.677
2021-10-05 20:00:00,3.605
2021-10-05 21:00:00,3.526
2021-10-05 22:00:00,3.458
2021-10-05 23:00:00,3.523
2021-10-06 00:00:00,3.517
2021-10-06 01:00:00,3.48
2021-10-06 02:00:00,3.42
2021-10-06 03:00:00,3.376
2021-10-06 04:00:00,3.403
2021-10-06 05:00:00,3.41
2021-10-06 06:00:00,3.38
2021-10-06 07:00:00,3.3449999999999998
2021-10-06 08:00:00,3.305
2021-10-06 09:00:00,3.213
2021-10-06 10:00:00,3.278
2021-10-06 11:00:00,3.475
2021-10-06 12:00:00,3.447
2021-10-06 13:00:00,3.377
2021-10-06 14:00:00,3.308
2021-10-06 15:00:00,3.218
2021-10-06 16:00:00,3.034
2021-10-06 17:00:00,2.737
2021-10-06 18:00:00,2.497
2021-10-06 19:00:00,2.485
2021-10-06 20:00:00,2.505
2021-10-06 21:00:00,2.4699999999999998
2021-10-06 22:00:00,2.386
2021-10-06 23:00:00,2.28
2021-10-07 00:00:00,2.169
2021-10-07 01:00:00,2.045
2021-10-07 02:00:00,1.981
2021-10-07 03:00:00,1.908
2021-10-07 04:00:00,1.835
2021-10-07 05:00:00,1.775
2021-10-07 06:00:00,1.772
2021-10-07 07:00:00,1.759
2021-10-07 08:00:00,1.683
2021-10-07 09:00:00,1.476
2021-10-07 10:00:00,1.203
2021-10-07 11:00:00,1.071
2021-10-07 12:00:00,0.979
2021-10-07 13:00:00,0.956
2021-10-07 14:00:00,0.9410000000000001
2021-10-07 15:00:00,0.933
2021-10-07 16:00:00,0.95
2021-10-07 17:00:00,1.01
2021-10-07 18:00:00,1.12
2021-10-07 19:00:00,1.326
2021-10-07 20:00:00,1.556
2021-10-07 21:00:00,1.752
2021-10-07 22:00:00,1.8319999999999999
2021-10-07 23:00:00,1.897
2021-10-08 00:00:00,1.9220000000000002
2021-10-08 01:00:00,1.9500000000000002
2021-10-08 02:00:00,1.964
2021-10-08 03:00:00,1.95
2021-10-08 04:00:00,1.9
2021-10-08 05:00:00,1.781
2021-10-08 06:00:00,1.669
2021-10-08 07:00:00,1.604
2021-10-08 08:00:00,1.591
2021-10-08 09:00:00,1.3760000000000001
2021-10-08 10:00:00,1.087
2021-10-08 11:00:00,1.271
2021-10-08 12:00:00,1.3679999999999999
2021-10-08 13:00:00,1.269
2021-10-08 14:00:00,1.223
2021-10-08 15:00:00,1.26
2021-10-08 16:00:00,1.36
2021-10-08 17:00:00,1.471
2021-10-08 18:00:00,1.542
2021-10-08 19:00:00,1.8399999999999999
2021-10-08 20:00:00,2.17
2021-10-08 21:00:00,2.319
2021-10-08 22:00:00,2.343
2021-10-08 23:00:00,2.26
2021-10-09 00:00:00,2.118
2021-10-09 01:00:00,1.946
2021-10-09 02:00:00,1.819
2021-10-09 03:00:00,1.6940000000000002
2021-10-09 04:00:00,1.561
2021-10-09 05:00:00,1.454
2021-10-09 06:00:00,1.381
2021-10-09 07:00:00,1.34
2021-10-09 08:00:00,1.2890000000000001
2021-10-09 09:00:00,1.088
2021-10-09 10:00:00,0.879
2021-10-09 11:00:00,0.8330000000000001
2021-10-09 12:00:00,0.941
2021-10-09 13:00:00,0.9470000000000001
2021-10-09 14:00:00,0.916
2021-10-09 15:00:00,0.908
2021-10-09 16:00:00,0.9410000000000001
2021-10-09 17:00:00,1.0070000000000001
2021-10-09 18:00:00,1.105
2021-10-09 19:00:00,1.367
2021-10-09 20:00:00,1.666
2021-10-09 21:00:00,1.828
2021-10-09 22:00:00,1.842
2021-10-09 23:00:00,1.7510000000000001
2021-10-10 00:00:00,1.614
2021-10-10 01:00:00,1.515
2021-10-10 02:00:00,1.495
2021-10-10 03:00:00,1.4869999999999999
2021-10-10 04:00:00,1.4849999999999999
2021-10-10 05:00:00,1.432
2021-10-10 06:00:00,1.343
2021-10-10 07:00:00,1.277
2021-10-10 08:00:00,1.21
2021-10-10 09:00:00,1.062
2021-10-10 10:00:00,0.89
2021-10-10 11:00:00,0.966
2021-10-10 12:00:00,1.152
2021-10-10 13:00:00,1.211
2021-10-10 14:00:00,1.1480000000000001
2021-10-10 15:00:00,1.103
2021-10-10 16:00:00,1.1219999999999999
2021-10-10 17:00:00,1.2
2021-10-10 18:00:00,1.291
2021-10-10 19:00:00,1.584
2021-10-10 20:00:00,1.894
2021-10-10 21:00:00,2.064
2021-10-10 22:00:00,2.049
2021-10-10 23:00:00,1.8880000000000001
2021-10-11 00:00:00,1.7429999999999999
2021-10-11 01:00:00,1.666
2021-10-11 02:00:00,1.54
2021-10-11 03:00:00,1.447
2021-10-11 04:00:00,1.351
2021-10-11 05:00:00,1.262
2021-10-11 06:00:00,1.155
2021-10-11 07:00:00,1.084
2021-10-11 08:00:00,1.065
2021-10-11 09:00:00,0.86
2021-10-11 10:00:00,0.636
2021-10-11 11:00:00,0.885
2021-10-11 12:00:00,1.063
2021-10-11 13:00:00,1.09
2021-10-11 14:00:00,1.136
2021-10-11 15:00:00,1.2469999999999999
2021-10-11 16:00:00,1.404
2021-10-11 17:00:00,1.536
2021-10-11 18:00:00,1.584
2021-10-11 19:00:00,1.8940000000000001
2021-10-11 20:00:00,2.151
2021-10-11 21:00:00,2.109
2021-10-11 22:00:00,1.9260000000000002
2021-10-11 23:00:00,1.745
2021-10-12 00:00:00,1.6039999999999999
2021-10-12 01:00:00,1.496
2021-10-12 02:00:00,1.375
2021-10-12 03:00:00,1.252
2021-10-12 04:00:00,1.149
2021-10-12 05:00:00,1.094
2021-10-12 06:00:00,1.032
2021-10-12 07:00:00,0.995
2021-10-12 08:00:00,0.993
2021-10-12 09:00:00,0.863
2021-10-12 10:00:00,0.747
2021-10-12 11:00:00,0.863
2021-10-12 12:00:00,1.027
2021-10-12 13:00:00,1.048
2021-10-12 14:00:00,1.0959999999999999
2021-10-12 15:00:00,1.173
2021-10-12 16:00:00,1.25
2021-10-12 17:00:00,1.308
2021-10-12 18:00:00,1.467
2021-10-12 19:00:00,1.787
2021-10-12 20:00:00,1.968
2021-10-12 21:00:00,1.973
2021-10-12 22:00:00,1.894
2021-10-12 23:00:00,1.786
2021-10-13 00:00:00,1.624
2021-10-13 01:00:00,1.447
2021-10-13 02:00:00,1.273
2021-10-13 03:00:00,1.117
2021-10-13 04:00:00,0.963
2021-10-13 05:00:00,0.815
2021-10-13 06:00:00,0.7050000000000001
2021-10-13 07:00:00,0.624
2021-10-13 08:00:00,0.5720000000000001
2021-10-13 09:00:00,0.474
2021-10-13 10:00:00,0.359
2021-10-13 11:00:00,0.439
2021-10-13 12:00:00,0.52
2021-10-13 13:00:00,0.5800000000000001
2021-10-13 14:00:00,0.657
2021-10-13 15:00:00,0.7509999999999999
2021-10-13 16:00:00,0.846
2021-10-13 17:00:00,0.903
2021-10-13 18:00:00,0.966
2021-10-13 19:00:00,1.103
2021-10-13 20:00:00,1.131
2021-10-13 21:00:00,1.071
2021-10-13 22:00:00,1.16
2021-10-13 23:00:00,1.335
2021-10-14 00:00:00,1.538
2021-10-14 01:00:00,1.709
2021-10-14 02:00:00,1.854
2021-10-14 03:00:00,2.0380000000000003
2021-10-14 04:00:00,2.226
2021-10-14 05:00:00,2.3489999999999998
2021-10-14 06:00:00,2.4210000000000003
2021-10-14 07:00:00,2.455
2021-10-14 08:00:00,2.467
2021-10-14 09:00:00,2.137
2021-10-14 10:00:00,1.621
2021-10-14 11:00:00,1.466
2021-10-14 12:00:00,1.411
2021-10-14 13:00:00,1.193
2021-10-14 14:00:00,1.034
2021-10-14 15:00:00,0.939
2021-10-14 16:00:00,0.884
2021-10-14 17:00:00,0.8600000000000001
2021-10-14 18:00:00,0.957
2021-10-14 19:00:00,1.166
2021-10-14 20:00:00,1.334
2021-10-14 21:00:00,1.444
2021-10-14 22:00:00,1.4809999999999999
2021-10-14 23:00:00,1.456
2021-10-15 00:00:00,1.3860000000000001
2021-10-15 01:00:00,1.308
2021-10-15 02:00:00,1.2
2021-10-15 03:00:00,1.111
2021-10-15 04:00:00,1.017
2021-10-15 05:00:00,0.919
2021-10-15 06:00:00,0.834
2021-10-15 07:00:00,0.746
2021-10-15 08:00:00,0.6769999999999999
2021-10-15 09:00:00,0.538
2021-10-15 10:00:00,0.331
2021-10-15 11:00:00,0.293
2021-10-15 12:00:00,0.40599999999999997
2021-10-15 13:00:00,0.516
2021-10-15 14:00:00,0.582
2021-10-15 15:00:00,0.632
2021-10-15 16:00:00,0.669
2021-10-15 17:00:00,0.713
2021-10-15 18:00:00,0.8089999999999999
2021-10-15 19:00:00,0.974
2021-10-15 20:00:00,1.033
2021-10-15 21:00:00,1.008
2021-10-15 22:00:00,0.9339999999999999
2021-10-15 23:00:00,0.8160000000000001
2021-10-16 00:00:00,0.6930000000000001
2021-10-16 01:00:00,0.621
2021-10-16 02:00:00,0.6519999999999999
2021-10-16 03:00:00,0.73
2021-10-16 04:00:00,0.792
2021-10-16 05:00:00,0.86
2021-10-16 06:00:00,0.907
2021-10-16 07:00:00,0.958
2021-10-16 08:00:00,1.02
2021-10-16 09:00:00,0.964
2021-10-16 10:00:00,0.678
2021-10-16 11:00:00,0.54
2021-10-16 12:00:00,0.706
2021-10-16 13:00:00,0.678
2021-10-16 14:00:00,0.603
2021-10-16 15:00:00,0.5429999999999999
2021-10-16 16:00:00,0.492
2021-10-16 17:00:00,0.45399999999999996
2021-10-16 18:00:00,0.449
2021-10-16 19:00:00,0.542
2021-10-16 20:00:00,0.72
2021-10-16 21:00:00,0.975
2021-10-16 22:00:00,1.2570000000000001
2021-10-16 23:00:00,1.542
2021-10-17 00:00:00,1.711
2021-10-17 01:00:00,1.758
2021-10-17 02:00:00,1.748
2021-10-17 03:00:00,1.661
2021-10-17 04:00:00,1.535
2021-10-17 05:00:00,1.427
2021-10-17 06:00:00,1.338
2021-10-17 07:00:00,1.291
2021-10-17 08:00:00,1.337
2021-10-17 09:00:00,1.2189999999999999
2021-10-17 10:00:00,0.918
2021-10-17 11:00:00,0.782
2021-10-17 12:00:00,0.858
2021-10-17 13:00:00,0.999
2021-10-17 14:00:00,0.866
2021-10-17 15:00:00,0.709
2021-10-17 16:00:00,0.5770000000000001
2021-10-17 17:00:00,0.541
2021-10-17 18:00:00,0.636
2021-10-17 19:00:00,0.745
2021-10-17 20:00:00,0.807
2021-10-17 21:00:00,0.844
2021-10-17 22:00:00,1.0290000000000001
2021-10-17 23:00:00,1.425
2021-10-18 00:00:00,1.733
2021-10-18 01:00:00,1.786
2021-10-18 02:00:00,1.7440000000000002
2021-10-18 03:00:00,1.702
2021-10-18 04:00:00,1.711
2021-10-18 05:00:00,1.726
2021-10-18 06:00:00,1.746
2021-10-18 07:00:00,1.785
2021-10-18 08:00:00,1.874
2021-10-18 09:00:00,1.765
2021-10-18 10:00:00,1.581
2021-10-18 11:00:00,1.542
2021-10-18 12:00:00,1.651
2021-10-18 13:00:00,2.054
2021-10-18 14:00:00,2.254
2021-10-18 15:00:00,2.2520000000000002
2021-10-18 16:00:00,2.166
2021-10-18 17:00:00,2.1839999999999997
2021-10-18 18:00:00,2.365
2021-10-18 19:00:00,2.577
2021-10-18 20:00:00,2.618
2021-10-18 21:00:00,2.57
2021-10-18 22:00:00,2.574
2021-10-18 23:00:00,2.6670000000000003
2021-10-19 00:00:00,2.75
2021-10-19 01:00:00,2.709
2021-10-19 02:00:00,2.783
2021-10-19 03:00:00,2.688
2021-10-19 04:00:00,2.564
2021-10-19 05:00:00,2.502
2021-10-19 06:00:00,2.434
2021-10-19 07:00:00,2.419
2021-10-19 08:00:00,2.368
2021-10-19 09:00:00,2.285
2021-10-19 10:00:00,2.042
2021-10-19 11:00:00,2.283
2021-10-19 12:00:00,2.91
2021-10-19 13:00:00,3.07
2021-10-19 14:00:00,2.96
2021-10-19 15:00:00,2.787
2021-10-19 16:00:00,2.633
2021-10-19 17:00:00,2.4699999999999998
2021-10-19 18:00:00,2.417
2021-10-19 19:00:00,2.613
2021-10-19 20:00:00,2.878
2021-10-19 21:00:00,2.975
2021-10-19 22:00:00,3.005
2021-10-19 23:00:00,3.059
2021-10-20 00:00:00,3.176
2021-10-20 01:00:00,3.2310000000000003
2021-10-20 02:00:00,3.5170000000000003
2021-10-20 03:00:00,3.678
2021-10-20 04:00:00,3.684
2021-10-20 05:00:00,3.632
2021-10-20 06:00:00,3.38
2021-10-20 07:00:00,3.255
2021-10-20 08:00:00,3.3480000000000003
2021-10-20 09:00:00,3.3689999999999998
2021-10-20 10:00:00,3.376
2021-10-20 11:00:00,3.724
2021-10-20 12:00:00,3.979
2021-10-20 13:00:00,4.17
2021-10-20 14:00:00,4.261
2021-10-20 15:00:00,4.333
2021-10-20 16:00:00,4.342
2021-10-20 17:00:00,4.262
2021-10-20 18:00:00,4.257
2021-10-20 19:00:00,4.39
2021-10-20 20:00:00,4.579
2021-10-20 21:00:00,4.696
2021-10-20 22:00:00,4.881
2021-10-20 23:00:00,5.146
2021-10-21 00:00:00,5.192
2021-10-21 01:00:00,5.196
2021-10-21 02:00:00,5.1819999999999995
2021-10-21 03:00:00,5.072
2021-10-21 04:00:00,4.831
2021-10-21 05:00:00,4.469
2021-10-21 06:00:00,3.925
2021-10-21 07:00:00,3.598
2021-10-21 08:00:00,3.404
2021-10-21 09:00:00,3.198
2021-10-21 10:00:00,3.2800000000000002
2021-10-21 11:00:00,3.6710000000000003
2021-10-21 12:00:00,3.746
2021-10-21 13:00:00,3.637
2021-10-21 14:00:00,3.396
2021-10-21 15:00:00,3.162
2021-10-21 16:00:00,2.952
2021-10-21 17:00:00,2.615
2021-10-21 18:00:00,2.246
2021-10-21 19:00:00,2.196
2021-10-21 20:00:00,2.174
2021-10-21 21:00:00,2.0860000000000003
2021-10-21 22:00:00,1.963
2021-10-21 23:00:00,1.914
2021-10-22 00:00:00,1.92
2021-10-22 01:00:00,1.915
2021-10-22 02:00:00,1.8559999999999999
2021-10-22 03:00:00,1.859
2021-10-22 04:00:00,1.909
2021-10-22 05:00:00,1.935
2021-10-22 06:00:00,1.923
2021-10-22 07:00:00,1.942
2021-10-22 08:00:00,1.955
2021-10-22 09:00:00,1.869
2021-10-22 10:00:00,1.6869999999999998
2021-10-22 11:00:00,1.8860000000000001
2021-10-22 12:00:00,1.9340000000000002
2021-10-22 13:00:00,1.845
2021-10-22 14:00:00,1.767
2021-10-22 15:00:00,1.7349999999999999
2021-10-22 16:00:00,1.7189999999999999
2021-10-22 17:00:00,1.626
2021-10-22 18:00:00,1.603
2021-10-22 19:00:00,1.6560000000000001
2021-10-22 20:00:00,1.581
2021-10-22 21:00:00,1.377
2021-10-22 22:00:00,1.175
2021-10-22 23:00:00,1.029
2021-10-23 00:00:00,0.958
2021-10-23 01:00:00,0.902
2021-10-23 02:00:00,0.8260000000000001
2021-10-23 03:00:00,0.7689999999999999
2021-10-23 04:00:00,0.749
2021-10-23 05:00:00,0.747
2021-10-23 06:00:00,0.775
2021-10-23 07:00:00,0.8440000000000001
2021-10-23 08:00:00,0.932
2021-10-23 09:00:00,0.957
2021-10-23 10:00:00,0.77
2021-10-23 11:00:00,0.7889999999999999
2021-10-23 12:00:00,0.8200000000000001
2021-10-23 13:00:00,0.762
2021-10-23 14:00:00,0.71
2021-10-23 15:00:00,0.7
2021-10-23 16:00:00,0.74
2021-10-23 17:00:00,0.8109999999999999
2021-10-23 18:00:00,0.958
2021-10-23 19:00:00,1.166
2021-10-23 20:00:00,1.426
2021-10-23 21:00:00,1.682
2021-10-23 22:00:00,1.85
2021-10-23 23:00:00,1.943
2021-10-24 00:00:00,2.009
2021-10-24 01:00:00,2.101
2021-10-24 02:00:00,2.246
2021-10-24 03:00:00,2.394
2021-10-24 04:00:00,2.529
2021-10-24 05:00:00,2.584
2021-10-24 06:00:00,2.609
2021-10-24 07:00:00,2.5469999999999997
2021-10-24 08:00:00,2.426
2021-10-24 09:00:00,2.161
2021-10-24 10:00:00,1.987
2021-10-24 11:00:00,2.178
2021-10-24 12:00:00,2.275
2021-10-24 13:00:00,2.417
2021-10-24 14:00:00,2.48
2021-10-24 15:00:00,2.442
2021-10-24 16:00:00,2.357
2021-10-24 17:00:00,2.144
2021-10-24 18:00:00,2.133
2021-10-24 19:00:00,2.324
2021-10-24 20:00:00,2.26
2021-10-24 21:00:00,2.133
2021-10-24 22:00:00,2.044
2021-10-24 23:00:00,1.982
2021-10-25 00:00:00,1.9140000000000001
2021-10-25 01:00:00,1.85
2021-10-25 02:00:00,1.797
2021-10-25 03:00:00,1.814
2021-10-25 04:00:00,1.824
2021-10-25 05:00:00,1.801
2021-10-25 06:00:00,1.7249999999999999
2021-10-25 07:00:00,1.667
2021-10-25 08:00:00,1.522
2021-10-25 09:00:00,1.385
2021-10-25 10:00:00,1.058
2021-10-25 11:00:00,0.883
2021-10-25 12:00:00,0.996
2021-10-25 13:00:00,1.155
2021-10-25 14:00:00,1.342
2021-10-25 15:00:00,1.467
2021-10-25 16:00:00,1.493
2021-10-25 17:00:00,1.3659999999999999
2021-10-25 18:00:00,1.42
2021-10-25 19:00:00,1.63
2021-10-25 20:00:00,1.625
2021-10-25 21:00:00,1.59
2021-10-25 22:00:00,1.475
2021-10-25 23:00:00,1.388
2021-10-26 00:00:00,1.381
2021-10-26 01:00:00,1.366
2021-10-26 02:00:00,1.339
2021-10-26 03:00:00,1.316
2021-10-26 04:00:00,1.314
2021-10-26 05:00:00,1.33
2021-10-26 06:00:00,1.361
2021-10-26 07:00:00,1.42
2021-10-26 08:00:00,1.509
2021-10-26 09:00:00,1.54
2021-10-26 10:00:00,1.3800000000000001
2021-10-26 11:00:00,1.4729999999999999
2021-10-26 12:00:00,1.7770000000000001
2021-10-26 13:00:00,1.922
2021-10-26 14:00:00,1.951
2021-10-26 15:00:00,1.887
2021-10-26 16:00:00,1.697
2021-10-26 17:00:00,1.445
2021-10-26 18:00:00,1.431
2021-10-26 19:00:00,1.531
2021-10-26 20:00:00,1.551
2021-10-26 21:00:00,1.617
2021-10-26 22:00:00,1.684
2021-10-26 23:00:00,1.764
2021-10-27 00:00:00,1.8639999999999999
2021-10-27 01:00:00,1.881
2021-10-27 02:00:00,1.8760000000000001
2021-10-27 03:00:00,1.93
2021-10-27 04:00:00,2.05
2021-10-27 05:00:00,2.152
2021-10-27 06:00:00,2.1510000000000002
2021-10-27 07:00:00,2.145
2021-10-27 08:00:00,2.106
2021-10-27 09:00:00,1.976
2021-10-27 10:00:00,1.643
2021-10-27 11:00:00,1.7570000000000001
2021-10-27 12:00:00,1.92
2021-10-27 13:00:00,1.848
2021-10-27 14:00:00,1.733
2021-10-27 15:00:00,1.6420000000000001
2021-10-27 16:00:00,1.555
2021-10-27 17:00:00,1.408
2021-10-27 18:00:00,1.346
2021-10-27 19:00:00,1.431
2021-10-27 20:00:00,1.481
2021-10-27 21:00:00,1.593
2021-10-27 22:00:00,1.772
2021-10-27 23:00:00,2.012
2021-10-28 00:00:00,2.2560000000000002
2021-10-28 01:00:00,2.4130000000000003
2021-10-28 02:00:00,2.564
2021-10-28 03:00:00,2.662
2021-10-28 04:00:00,2.699
2021-10-28 05:00:00,2.7
2021-10-28 06:00:00,2.6710000000000003
2021-10-28 07:00:00,2.66
2021-10-28 08:00:00,2.625
2021-10-28 09:00:00,2.601
2021-10-28 10:00:00,2.427
2021-10-28 11:00:00,2.7720000000000002
2021-10-28 12:00:00,3.153
2021-10-28 13:00:00,3.324
2021-10-28 14:00:00,3.435
2021-10-28 15:00:00,3.475
2021-10-28 16:00:00,3.366
2021-10-28 17:00:00,3.144
2021-10-28 18:00:00,3.159
2021-10-28 19:00:00,3.265
2021-10-28 20:00:00,3.338
2021-10-28 21:00:00,3.475
2021-10-28 22:00:00,3.545
2021-10-28 23:00:00,3.6109999999999998
2021-10-29 00:00:00,3.607
2021-10-29 01:00:00,3.711
2021-10-29 02:00:00,3.955
2021-10-29 03:00:00,3.926
2021-10-29 04:00:00,3.874
2021-10-29 05:00:00,3.848
2021-10-29 06:00:00,3.919
2021-10-29 07:00:00,3.942
2021-10-29 08:00:00,3.882
2021-10-29 09:00:00,3.578
2021-10-29 10:00:00,3.18
2021-10-29 11:00:00,3.218
2021-10-29 12:00:00,3.227
2021-10-29 13:00:00,3.067
2021-10-29 14:00:00,2.9219999999999997
2021-10-29 15:00:00,2.685
2021-10-29 16:00:00,2.373
2021-10-29 17:00:00,1.994
2021-10-29 18:00:00,1.7389999999999999
2021-10-29 19:00:00,1.786
2021-10-29 20:00:00,2.003
2021-10-29 21:00:00,2.278
2021-10-29 22:00:00,2.597
2021-10-29 23:00:00,2.922
2021-10-30 00:00:00,3.129
2021-10-30 01:00:00,3.1109999999999998
2021-10-30 02:00:00,3.064
2021-10-30 03:00:00,3.183
2021-10-30 04:00:00,3.24
2021-10-30 05:00:00,3.143
2021-10-30 06:00:00,3.246
2021-10-30 07:00:00,3.426
2021-10-30 08:00:00,3.3120000000000003
2021-10-30 09:00:00,3.197
2021-10-30 10:00:00,2.8529999999999998
2021-10-30 11:00:00,3.1799999999999997
2021-10-30 12:00:00,3.423
2021-10-30 13:00:00,3.258
2021-10-30 14:00:00,3.0700000000000003
2021-10-30 15:00:00,2.9210000000000003
2021-10-30 16:00:00,2.762
2021-10-30 17:00:00,2.4139999999999997
2021-10-30 18:00:00,2.215
2021-10-30 19:00:00,2.326
2021-10-30 20:00:00,2.425
2021-10-30 21:00:00,2.597
2021-10-30 22:00:00,2.818
2021-10-30 23:00:00,2.995
2021-10-31 00:00:00,3.2169999999999996
2021-10-31 01:00:00,3.405
2021-10-31 02:00:00,7.582
2021-10-31 03:00:00,4.22
2021-10-31 04:00:00,4.411
2021-10-31 05:00:00,4.738
2021-10-31 06:00:00,4.947
2021-10-31 07:00:00,5.116
2021-10-31 08:00:00,5.094
2021-10-31 09:00:00,4.947
2021-10-31 10:00:00,5.002
2021-10-31 11:00:00,5.021
2021-10-31 12:00:00,4.958
2021-10-31 13:00:00,5.051
2021-10-31 14:00:00,4.968
2021-10-31 15:00:00,4.763
2021-10-31 16:00:00,4.535
2021-10-31 17:00:00,4.2
2021-10-31 18:00:00,3.995
2021-10-31 19:00:00,3.896
2021-10-31 20:00:00,3.931
2021-10-31 21:00:00,3.95
2021-10-31 22:00:00,3.809
2021-10-31 23:00:00,3.766
2021-11-01 00:00:00,3.794
2021-11-01 01:00:00,3.843
2021-11-01 02:00:00,3.854
2021-11-01 03:00:00,3.806
2021-11-01 04:00:00,3.8
2021-11-01 05:00:00,3.76
2021-11-01 06:00:00,3.674
2021-11-01 07:00:00,3.644
2021-11-01 08:00:00,3.462
2021-11-01 09:00:00,3.345
2021-11-01 10:00:00,3.565
2021-11-01 11:00:00,4.009
2021-11-01 12:00:00,4.491
2021-11-01 13:00:00,4.802
2021-11-01 14:00:00,4.894
2021-11-01 15:00:00,4.774
2021-11-01 16:00:00,4.399
2021-11-01 17:00:00,4.069
2021-11-01 18:00:00,4.13
2021-11-01 19:00:00,4.094
2021-11-01 20:00:00,4.036
2021-11-01 21:00:00,4.071
2021-11-01 22:00:00,4.035
2021-11-01 23:00:00,3.965
2021-11-02 00:00:00,3.89
2021-11-02 01:00:00,3.793
2021-11-02 02:00:00,3.633
2021-11-02 03:00:00,3.504
2021-11-02 04:00:00,3.352
2021-11-02 05:00:00,3.2159999999999997
2021-11-02 06:00:00,3.03
2021-11-02 07:00:00,2.969
2021-11-02 08:00:00,2.818
2021-11-02 09:00:00,2.614
2021-11-02 10:00:00,2.36
2021-11-02 11:00:00,2.344
2021-11-02 12:00:00,2.487
2021-11-02 13:00:00,2.5309999999999997
2021-11-02 14:00:00,2.391
2021-11-02 15:00:00,2.1310000000000002
2021-11-02 16:00:00,1.855
2021-11-02 17:00:00,1.696
2021-11-02 18:00:00,1.6340000000000001
2021-11-02 19:00:00,1.629
2021-11-02 20:00:00,1.667
2021-11-02 21:00:00,1.697
2021-11-02 22:00:00,1.756
2021-11-02 23:00:00,1.822
2021-11-03 00:00:00,1.7890000000000001
2021-11-03 01:00:00,1.679
2021-11-03 02:00:00,1.534
2021-11-03 03:00:00,1.417
2021-11-03 04:00:00,1.4220000000000002
2021-11-03 05:00:00,1.459
2021-11-03 06:00:00,1.404
2021-11-03 07:00:00,1.359
2021-11-03 08:00:00,1.387
2021-11-03 09:00:00,1.27
2021-11-03 10:00:00,1.049
2021-11-03 11:00:00,1.086
2021-11-03 12:00:00,1.202
2021-11-03 13:00:00,1.359
2021-11-03 14:00:00,1.53
2021-11-03 15:00:00,1.578
2021-11-03 16:00:00,1.543
2021-11-03 17:00:00,1.649
2021-11-03 18:00:00,1.8079999999999998
2021-11-03 19:00:00,1.938
2021-11-03 20:00:00,2.126
2021-11-03 21:00:00,2.213
2021-11-03 22:00:00,2.308
2021-11-03 23:00:00,2.348
2021-11-04 00:00:00,2.376
2021-11-04 01:00:00,2.435
2021-11-04 02:00:00,2.4859999999999998
2021-11-04 03:00:00,2.537
2021-11-04 04:00:00,2.586
2021-11-04 05:00:00,2.6159999999999997
2021-11-04 06:00:00,2.605
2021-11-04 07:00:00,2.552
2021-11-04 08:00:00,2.422
2021-11-04 09:00:00,2.306
2021-11-04 10:00:00,2.209
2021-11-04 11:00:00,2.194
2021-11-04 12:00:00,2.308
2021-11-04 13:00:00,2.383
2021-11-04 14:00:00,2.399
2021-11-04 15:00:00,2.417
2021-11-04 16:00:00,2.386
2021-11-04 17:00:00,2.447
2021-11-04 18:00:00,2.689
2021-11-04 19:00:00,2.7560000000000002
2021-11-04 20:00:00,2.781
2021-11-04 21:00:00,2.622
2021-11-04 22:00:00,2.4699999999999998
2021-11-04 23:00:00,2.38
2021-11-05 00:00:00,2.231
2021-11-05 01:00:00,2.127
2021-11-05 02:00:00,1.994
2021-11-05 03:00:00,1.856
2021-11-05 04:00:00,1.646
2021-11-05 05:00:00,1.419
2021-11-05 06:00:00,1.23
2021-11-05 07:00:00,1.096
2021-11-05 08:00:00,0.98
2021-11-05 09:00:00,0.768
2021-11-05 10:00:00,0.612
2021-11-05 11:00:00,0.625
2021-11-05 12:00:00,0.672
2021-11-05 13:00:00,0.704
2021-11-05 14:00:00,0.754
2021-11-05 15:00:00,0.823
2021-11-05 16:00:00,0.925
2021-11-05 17:00:00,1.074
2021-11-05 18:00:00,1.23
2021-11-05 19:00:00,1.29
2021-11-05 20:00:00,1.262
2021-11-05 21:00:00,1.203
2021-11-05 22:00:00,1.202
2021-11-05 23:00:00,1.251
2021-11-06 00:00:00,1.326
2021-11-06 01:00:00,1.442
2021-11-06 02:00:00,1.571
2021-11-06 03:00:00,1.6600000000000001
2021-11-06 04:00:00,1.631
2021-11-06 05:00:00,1.544
2021-11-06 06:00:00,1.496
2021-11-06 07:00:00,1.515
2021-11-06 08:00:00,1.541
2021-11-06 09:00:00,1.38
2021-11-06 10:00:00,1.283
2021-11-06 11:00:00,1.318
2021-11-06 12:00:00,1.3719999999999999
2021-11-06 13:00:00,1.435
2021-11-06 14:00:00,1.6480000000000001
2021-11-06 15:00:00,1.889
2021-11-06 16:00:00,2.072
2021-11-06 17:00:00,2.32
2021-11-06 18:00:00,2.588
2021-11-06 19:00:00,2.797
2021-11-06 20:00:00,2.734
2021-11-06 21:00:00,2.5620000000000003
2021-11-06 22:00:00,2.552
2021-11-06 23:00:00,2.613
2021-11-07 00:00:00,2.7030000000000003
2021-11-07 01:00:00,2.855
2021-11-07 02:00:00,2.762
2021-11-07 03:00:00,2.753
2021-11-07 04:00:00,2.671
2021-11-07 05:00:00,2.551
2021-11-07 06:00:00,2.432
2021-11-07 07:00:00,2.352
2021-11-07 08:00:00,2.171
2021-11-07 09:00:00,1.77
2021-11-07 10:00:00,1.555
2021-11-07 11:00:00,1.746
2021-11-07 12:00:00,1.805
2021-11-07 13:00:00,1.7730000000000001
2021-11-07 14:00:00,1.718
2021-11-07 15:00:00,1.614
2021-11-07 16:00:00,1.508
2021-11-07 17:00:00,1.616
2021-11-07 18:00:00,1.676
2021-11-07 19:00:00,1.633
2021-11-07 20:00:00,1.619
2021-11-07 21:00:00,1.606
2021-11-07 22:00:00,1.606
2021-11-07 23:00:00,1.548
2021-11-08 00:00:00,1.436
2021-11-08 01:00:00,1.286
2021-11-08 02:00:00,1.175
2021-11-08 03:00:00,1.113
2021-11-08 04:00:00,1.002
2021-11-08 05:00:00,0.84
2021-11-08 06:00:00,0.697
2021-11-08 07:00:00,0.5730000000000001
2021-11-08 08:00:00,0.48
2021-11-08 09:00:00,0.368
2021-11-08 10:00:00,0.29
2021-11-08 11:00:00,0.27
2021-11-08 12:00:00,0.321
2021-11-08 13:00:00,0.384
2021-11-08 14:00:00,0.473
2021-11-08 15:00:00,0.547
2021-11-08 16:00:00,0.5680000000000001
2021-11-08 17:00:00,0.601
2021-11-08 18:00:00,0.6809999999999999
2021-11-08 19:00:00,0.722
2021-11-08 20:00:00,0.721
2021-11-08 21:00:00,0.754
2021-11-08 22:00:00,0.841
2021-11-08 23:00:00,0.9950000000000001
2021-11-09 00:00:00,1.1400000000000001
2021-11-09 01:00:00,1.288
2021-11-09 02:00:00,1.397
2021-11-09 03:00:00,1.448
2021-11-09 04:00:00,1.454
2021-11-09 05:00:00,1.452
2021-11-09 06:00:00,1.506
2021-11-09 07:00:00,1.59
2021-11-09 08:00:00,1.6550000000000002
2021-11-09 09:00:00,1.557
2021-11-09 10:00:00,1.601
2021-11-09 11:00:00,1.7530000000000001
2021-11-09 12:00:00,1.682
2021-11-09 13:00:00,1.553
2021-11-09 14:00:00,1.3719999999999999
2021-11-09 15:00:00,1.195
2021-11-09 16:00:00,1.1989999999999998
2021-11-09 17:00:00,1.3940000000000001
2021-11-09 18:00:00,1.5739999999999998
2021-11-09 19:00:00,1.7489999999999999
2021-11-09 20:00:00,1.744
2021-11-09 21:00:00,1.704
2021-11-09 22:00:00,1.7429999999999999
2021-11-09 23:00:00,1.928
2021-11-10 00:00:00,2.063
2021-11-10 01:00:00,1.947
2021-11-10 02:00:00,2.15
2021-11-10 03:00:00,2.312
2021-11-10 04:00:00,2.295
2021-11-10 05:00:00,2.181
2021-11-10 06:00:00,2.169
2021-11-10 07:00:00,2.175
2021-11-10 08:00:00,2.09
2021-11-10 09:00:00,1.983
2021-11-10 10:00:00,1.883
2021-11-10 11:00:00,1.787
2021-11-10 12:00:00,1.709
2021-11-10 13:00:00,1.5790000000000002
2021-11-10 14:00:00,1.561
2021-11-10 15:00:00,1.599
2021-11-10 16:00:00,1.6059999999999999
2021-11-10 17:00:00,1.605
2021-11-10 18:00:00,1.7069999999999999
2021-11-10 19:00:00,1.8619999999999999
2021-11-10 20:00:00,2.048
2021-11-10 21:00:00,2.099
2021-11-10 22:00:00,1.985
2021-11-10 23:00:00,1.952
2021-11-11 00:00:00,1.966
2021-11-11 01:00:00,1.9
2021-11-11 02:00:00,1.779
2021-11-11 03:00:00,1.647
2021-11-11 04:00:00,1.565
2021-11-11 05:00:00,1.569
2021-11-11 06:00:00,1.6239999999999999
2021-11-11 07:00:00,1.6880000000000002
2021-11-11 08:00:00,1.6680000000000001
2021-11-11 09:00:00,1.323
2021-11-11 10:00:00,1.0899999999999999
2021-11-11 11:00:00,1.07
2021-11-11 12:00:00,1.04
2021-11-11 13:00:00,0.9199999999999999
2021-11-11 14:00:00,0.831
2021-11-11 15:00:00,0.807
2021-11-11 16:00:00,0.765
2021-11-11 17:00:00,0.885
2021-11-11 18:00:00,1.064
2021-11-11 19:00:00,1.236
2021-11-11 20:00:00,1.5
2021-11-11 21:00:00,1.773
2021-11-11 22:00:00,1.9140000000000001
2021-11-11 23:00:00,1.803
2021-11-12 00:00:00,1.635
2021-11-12 01:00:00,1.585
2021-11-12 02:00:00,1.5819999999999999
2021-11-12 03:00:00,1.553
2021-11-12 04:00:00,1.63
2021-11-12 05:00:00,1.669
2021-11-12 06:00:00,1.621
2021-11-12 07:00:00,1.635
2021-11-12 08:00:00,1.671
2021-11-12 09:00:00,1.711
2021-11-12 10:00:00,1.661
2021-11-12 11:00:00,1.971
2021-11-12 12:00:00,2.291
2021-11-12 13:00:00,2.477
2021-11-12 14:00:00,2.497
2021-11-12 15:00:00,2.293
2021-11-12 16:00:00,2.176
2021-11-12 17:00:00,2.316
2021-11-12 18:00:00,2.373
2021-11-12 19:00:00,2.354
2021-11-12 20:00:00,2.264
2021-11-12 21:00:00,2.175
2021-11-12 22:00:00,2.112
2021-11-12 23:00:00,2.057
2021-11-13 00:00:00,2.0540000000000003
2021-11-13 01:00:00,2.073
2021-11-13 02:00:00,2.113
2021-11-13 03:00:00,2.146
2021-11-13 04:00:00,2.187
2021-11-13 05:00:00,2.128
2021-11-13 06:00:00,2.0140000000000002
2021-11-13 07:00:00,1.965
2021-11-13 08:00:00,1.861
2021-11-13 09:00:00,1.554
2021-11-13 10:00:00,1.22
2021-11-13 11:00:00,1.182
2021-11-13 12:00:00,1.179
2021-11-13 13:00:00,1.189
2021-11-13 14:00:00,1.19
2021-11-13 15:00:00,1.1880000000000002
2021-11-13 16:00:00,1.29
2021-11-13 17:00:00,1.601
2021-11-13 18:00:00,1.881
2021-11-13 19:00:00,1.9829999999999999
2021-11-13 20:00:00,1.938
2021-11-13 21:00:00,1.847
2021-11-13 22:00:00,1.748
2021-11-13 23:00:00,1.697
2021-11-14 00:00:00,1.6600000000000001
2021-11-14 01:00:00,1.6720000000000002
2021-11-14 02:00:00,1.724
2021-11-14 03:00:00,1.81
2021-11-14 04:00:00,1.908
2021-11-14 05:00:00,2.002
2021-11-14 06:00:00,2.0140000000000002
2021-11-14 07:00:00,1.997
2021-11-14 08:00:00,1.928
2021-11-14 09:00:00,1.576
2021-11-14 10:00:00,1.191
2021-11-14 11:00:00,1.2289999999999999
2021-11-14 12:00:00,1.266
2021-11-14 13:00:00,1.2550000000000001
2021-11-14 14:00:00,1.29
2021-11-14 15:00:00,1.313
2021-11-14 16:00:00,1.27
2021-11-14 17:00:00,1.546
2021-11-14 18:00:00,1.816
2021-11-14 19:00:00,1.86
2021-11-14 20:00:00,1.8090000000000002
2021-11-14 21:00:00,1.7149999999999999
2021-11-14 22:00:00,1.611
2021-11-14 23:00:00,1.557
2021-11-15 00:00:00,1.473
2021-11-15 01:00:00,1.357
2021-11-15 02:00:00,1.193
2021-11-15 03:00:00,1.11
2021-11-15 04:00:00,1.028
2021-11-15 05:00:00,0.967
2021-11-15 06:00:00,0.958
2021-11-15 07:00:00,0.966
2021-11-15 08:00:00,0.983
2021-11-15 09:00:00,0.976
2021-11-15 10:00:00,1.025
2021-11-15 11:00:00,1.1600000000000001
2021-11-15 12:00:00,1.143
2021-11-15 13:00:00,1.054
2021-11-15 14:00:00,1.039
2021-11-15 15:00:00,1.069
2021-11-15 16:00:00,1.111
2021-11-15 17:00:00,1.272
2021-11-15 18:00:00,1.425
2021-11-15 19:00:00,1.423
2021-11-15 20:00:00,1.3530000000000002
2021-11-15 21:00:00,1.2610000000000001
2021-11-15 22:00:00,1.2200000000000002
2021-11-15 23:00:00,1.166
2021-11-16 00:00:00,1.127
2021-11-16 01:00:00,1.099
2021-11-16 02:00:00,1.0390000000000001
2021-11-16 03:00:00,0.964
2021-11-16 04:00:00,0.8680000000000001
2021-11-16 05:00:00,0.784
2021-11-16 06:00:00,0.74
2021-11-16 07:00:00,0.6960000000000001
2021-11-16 08:00:00,0.662
2021-11-16 09:00:00,0.614
2021-11-16 10:00:00,0.624
2021-11-16 11:00:00,0.539
2021-11-16 12:00:00,0.436
2021-11-16 13:00:00,0.385
2021-11-16 14:00:00,0.385
2021-11-16 15:00:00,0.40700000000000003
2021-11-16 16:00:00,0.47400000000000003
2021-11-16 17:00:00,0.567
2021-11-16 18:00:00,0.624
2021-11-16 19:00:00,0.669
2021-11-16 20:00:00,0.752
2021-11-16 21:00:00,0.849
2021-11-16 22:00:00,0.9530000000000001
2021-11-16 23:00:00,1.006
2021-11-17 00:00:00,0.963
2021-11-17 01:00:00,0.93
2021-11-17 02:00:00,0.997
2021-11-17 03:00:00,1.1840000000000002
2021-11-17 04:00:00,1.264
2021-11-17 05:00:00,1.246
2021-11-17 06:00:00,1.255
2021-11-17 07:00:00,1.261
2021-11-17 08:00:00,1.235
2021-11-17 09:00:00,1.078
2021-11-17 10:00:00,0.793
2021-11-17 11:00:00,0.721
2021-11-17 12:00:00,0.749
2021-11-17 13:00:00,0.756
2021-11-17 14:00:00,0.6900000000000001
2021-11-17 15:00:00,0.658
2021-11-17 16:00:00,0.743
2021-11-17 17:00:00,0.9159999999999999
2021-11-17 18:00:00,1.082
2021-11-17 19:00:00,1.176
2021-11-17 20:00:00,1.138
2021-11-17 21:00:00,1.014
2021-11-17 22:00:00,0.862
2021-11-17 23:00:00,0.769
2021-11-18 00:00:00,0.745
2021-11-18 01:00:00,0.722
2021-11-18 02:00:00,0.721
2021-11-18 03:00:00,0.729
2021-11-18 04:00:00,0.71
2021-11-18 05:00:00,0.729
2021-11-18 06:00:00,0.786
2021-11-18 07:00:00,0.782
2021-11-18 08:00:00,0.735
2021-11-18 09:00:00,0.658
2021-11-18 10:00:00,0.53
2021-11-18 11:00:00,0.523
2021-11-18 12:00:00,0.604
2021-11-18 13:00:00,0.631
2021-11-18 14:00:00,0.629
2021-11-18 15:00:00,0.643
2021-11-18 16:00:00,0.7929999999999999
2021-11-18 17:00:00,1.027
2021-11-18 18:00:00,1.177
2021-11-18 19:00:00,1.215
2021-11-18 20:00:00,1.204
2021-11-18 21:00:00,1.175
2021-11-18 22:00:00,1.129
2021-11-18 23:00:00,1.099
2021-11-19 00:00:00,1.024
2021-11-19 01:00:00,0.943
2021-11-19 02:00:00,0.873
2021-11-19 03:00:00,0.789
2021-11-19 04:00:00,0.729
2021-11-19 05:00:00,0.6930000000000001
2021-11-19 06:00:00,0.6699999999999999
2021-11-19 07:00:00,0.674
2021-11-19 08:00:00,0.696
2021-11-19 09:00:00,0.662
2021-11-19 10:00:00,0.59
2021-11-19 11:00:00,0.643
2021-11-19 12:00:00,0.6559999999999999
2021-11-19 13:00:00,0.62
2021-11-19 14:00:00,0.5780000000000001
2021-11-19 15:00:00,0.5640000000000001
2021-11-19 16:00:00,0.646
2021-11-19 17:00:00,0.877
2021-11-19 18:00:00,1.111
2021-11-19 19:00:00,1.208
2021-11-19 20:00:00,1.2530000000000001
2021-11-19 21:00:00,1.244
2021-11-19 22:00:00,1.22
2021-11-19 23:00:00,1.134
2021-11-20 00:00:00,1.014
2021-11-20 01:00:00,0.937
2021-11-20 02:00:00,0.911
2021-11-20 03:00:00,0.9420000000000001
2021-11-20 04:00:00,0.949
2021-11-20 05:00:00,0.947
2021-11-20 06:00:00,0.957
2021-11-20 07:00:00,0.9490000000000001
2021-11-20 08:00:00,0.893
2021-11-20 09:00:00,0.7150000000000001
2021-11-20 10:00:00,0.507
2021-11-20 11:00:00,0.40700000000000003
2021-11-20 12:00:00,0.36300000000000004
2021-11-20 13:00:00,0.33599999999999997
2021-11-20 14:00:00,0.30400000000000005
2021-11-20 15:00:00,0.298
2021-11-20 16:00:00,0.373
2021-11-20 17:00:00,0.469
2021-11-20 18:00:00,0.522
2021-11-20 19:00:00,0.5289999999999999
2021-11-20 20:00:00,0.5
2021-11-20 21:00:00,0.46
2021-11-20 22:00:00,0.441
2021-11-20 23:00:00,0.44799999999999995
2021-11-21 00:00:00,0.47
2021-11-21 01:00:00,0.517
2021-11-21 02:00:00,0.563
2021-11-21 03:00:00,0.642
2021-11-21 04:00:00,0.724
2021-11-21 05:00:00,0.8009999999999999
2021-11-21 06:00:00,0.881
2021-11-21 07:00:00,0.9790000000000001
2021-11-21 08:00:00,1.166
2021-11-21 09:00:00,1.323
2021-11-21 10:00:00,1.375
2021-11-21 11:00:00,1.571
2021-11-21 12:00:00,1.822
2021-11-21 13:00:00,1.987
2021-11-21 14:00:00,2.142
2021-11-21 15:00:00,2.226
2021-11-21 16:00:00,2.307
2021-11-21 17:00:00,2.471
2021-11-21 18:00:00,2.554
2021-11-21 19:00:00,2.585
2021-11-21 20:00:00,2.618
2021-11-21 21:00:00,2.665
2021-11-21 22:00:00,2.673
2021-11-21 23:00:00,2.714
2021-11-22 00:00:00,2.789
2021-11-22 01:00:00,2.775
2021-11-22 02:00:00,2.831
2021-11-22 03:00:00,2.86
2021-11-22 04:00:00,2.903
2021-11-22 05:00:00,2.955
2021-11-22 06:00:00,2.939
2021-11-22 07:00:00,2.881
2021-11-22 08:00:00,2.875
2021-11-22 09:00:00,2.884
2021-11-22 10:00:00,2.987
2021-11-22 11:00:00,3.156
2021-11-22 12:00:00,3.3289999999999997
2021-11-22 13:00:00,3.405
2021-11-22 14:00:00,3.412
2021-11-22 15:00:00,3.3419999999999996
2021-11-22 16:00:00,3.29
2021-11-22 17:00:00,3.305
2021-11-22 18:00:00,3.243
2021-11-22 19:00:00,3.166
2021-11-22 20:00:00,3.1270000000000002
2021-11-22 21:00:00,3.053
2021-11-22 22:00:00,3.008
2021-11-22 23:00:00,2.946
2021-11-23 00:00:00,2.872
2021-11-23 01:00:00,2.781
2021-11-23 02:00:00,2.681
2021-11-23 03:00:00,2.649
2021-11-23 04:00:00,2.575
2021-11-23 05:00:00,2.552
2021-11-23 06:00:00,2.578
2021-11-23 07:00:00,2.6479999999999997
2021-11-23 08:00:00,2.771
2021-11-23 09:00:00,2.755
2021-11-23 10:00:00,2.63
2021-11-23 11:00:00,2.891
2021-11-23 12:00:00,3.2510000000000003
2021-11-23 13:00:00,3.344
2021-11-23 14:00:00,3.434
2021-11-23 15:00:00,3.4210000000000003
2021-11-23 16:00:00,3.396
2021-11-23 17:00:00,3.553
2021-11-23 18:00:00,3.637
2021-11-23 19:00:00,3.66
2021-11-23 20:00:00,3.6630000000000003
2021-11-23 21:00:00,3.587
2021-11-23 22:00:00,3.495
2021-11-23 23:00:00,3.389
2021-11-24 00:00:00,3.2760000000000002
2021-11-24 01:00:00,3.082
2021-11-24 02:00:00,2.8970000000000002
2021-11-24 03:00:00,2.748
2021-11-24 04:00:00,2.643
2021-11-24 05:00:00,2.56
2021-11-24 06:00:00,2.526
2021-11-24 07:00:00,2.415
2021-11-24 08:00:00,2.275
2021-11-24 09:00:00,2.106
2021-11-24 10:00:00,1.839
2021-11-24 11:00:00,1.748
2021-11-24 12:00:00,1.663
2021-11-24 13:00:00,1.6
2021-11-24 14:00:00,1.606
2021-11-24 15:00:00,1.6400000000000001
2021-11-24 16:00:00,1.722
2021-11-24 17:00:00,1.919
2021-11-24 18:00:00,2.053
2021-11-24 19:00:00,2.088
2021-11-24 20:00:00,2.063
2021-11-24 21:00:00,1.986
2021-11-24 22:00:00,1.884
2021-11-24 23:00:00,1.773
2021-11-25 00:00:00,1.718
2021-11-25 01:00:00,1.7349999999999999
2021-11-25 02:00:00,1.729
2021-11-25 03:00:00,1.714
2021-11-25 04:00:00,1.8039999999999998
2021-11-25 05:00:00,1.937
2021-11-25 06:00:00,2.113
2021-11-25 07:00:00,2.282
2021-11-25 08:00:00,2.339
2021-11-25 09:00:00,2.347
2021-11-25 10:00:00,2.192
2021-11-25 11:00:00,2.061
2021-11-25 12:00:00,2.136
2021-11-25 13:00:00,2.388
2021-11-25 14:00:00,2.553
2021-11-25 15:00:00,2.587
2021-11-25 16:00:00,2.553
2021-11-25 17:00:00,2.664
2021-11-25 18:00:00,2.677
2021-11-25 19:00:00,2.584
2021-11-25 20:00:00,2.4219999999999997
2021-11-25 21:00:00,2.305
2021-11-25 22:00:00,2.222
2021-11-25 23:00:00,2.173
2021-11-26 00:00:00,2.082
2021-11-26 01:00:00,1.9769999999999999
2021-11-26 02:00:00,1.767
2021-11-26 03:00:00,1.605
2021-11-26 04:00:00,1.509
2021-11-26 05:00:00,1.625
2021-11-26 06:00:00,1.899
2021-11-26 07:00:00,2.239
2021-11-26 08:00:00,2.526
2021-11-26 09:00:00,2.695
2021-11-26 10:00:00,2.915
2021-11-26 11:00:00,3.4
2021-11-26 12:00:00,4.038
2021-11-26 13:00:00,4.546
2021-11-26 14:00:00,4.876
2021-11-26 15:00:00,5.022
2021-11-26 16:00:00,4.968
2021-11-26 17:00:00,5.056
2021-11-26 18:00:00,5.091
2021-11-26 19:00:00,5.078
2021-11-26 20:00:00,5.013
2021-11-26 21:00:00,4.861
2021-11-26 22:00:00,4.805
2021-11-26 23:00:00,4.749
2021-11-27 00:00:00,4.562
2021-11-27 01:00:00,4.369
2021-11-27 02:00:00,4.28
2021-11-27 03:00:00,4.269
2021-11-27 04:00:00,4.454
2021-11-27 05:00:00,4.658
2021-11-27 06:00:00,4.865
2021-11-27 07:00:00,4.982
2021-11-27 08:00:00,4.977
2021-11-27 09:00:00,4.818
2021-11-27 10:00:00,4.5649999999999995
2021-11-27 11:00:00,4.396
2021-11-27 12:00:00,4.359
2021-11-27 13:00:00,4.413
2021-11-27 14:00:00,4.486
2021-11-27 15:00:00,4.495
2021-11-27 16:00:00,4.466
2021-11-27 17:00:00,4.587
2021-11-27 18:00:00,4.732
2021-11-27 19:00:00,4.7780000000000005
2021-11-27 20:00:00,4.732
2021-11-27 21:00:00,4.682
2021-11-27 22:00:00,4.6690000000000005
2021-11-27 23:00:00,4.718
2021-11-28 00:00:00,4.747
2021-11-28 01:00:00,4.725
2021-11-28 02:00:00,4.699
2021-11-28 03:00:00,4.702
2021-11-28 04:00:00,4.68
2021-11-28 05:00:00,4.61
2021-11-28 06:00:00,4.46
2021-11-28 07:00:00,4.218
2021-11-28 08:00:00,3.99
2021-11-28 09:00:00,3.832
2021-11-28 10:00:00,3.732
2021-11-28 11:00:00,4.069
2021-11-28 12:00:00,4.285
2021-11-28 13:00:00,4.297
2021-11-28 14:00:00,4.228
2021-11-28 15:00:00,4.033
2021-11-28 16:00:00,3.731
2021-11-28 17:00:00,3.6079999999999997
2021-11-28 18:00:00,3.434
2021-11-28 19:00:00,3.284
2021-11-28 20:00:00,3.215
2021-11-28 21:00:00,3.051
2021-11-28 22:00:00,2.886
2021-11-28 23:00:00,2.742
2021-11-29 00:00:00,2.6559999999999997
2021-11-29 01:00:00,2.6559999999999997
2021-11-29 02:00:00,2.738
2021-11-29 03:00:00,2.816
2021-11-29 04:00:00,2.8150000000000004
2021-11-29 05:00:00,2.757
2021-11-29 06:00:00,2.698
2021-11-29 07:00:00,2.595
2021-11-29 08:00:00,2.451
2021-11-29 09:00:00,2.295
2021-11-29 10:00:00,2.083
2021-11-29 11:00:00,2.026
2021-11-29 12:00:00,2.133
2021-11-29 13:00:00,2.223
2021-11-29 14:00:00,2.23
2021-11-29 15:00:00,2.168
2021-11-29 16:00:00,2.1180000000000003
2021-11-29 17:00:00,2.143
2021-11-29 18:00:00,2.1719999999999997
2021-11-29 19:00:00,2.238
2021-11-29 20:00:00,2.401
2021-11-29 21:00:00,2.556
2021-11-29 22:00:00,2.608
2021-11-29 23:00:00,2.556
2021-11-30 00:00:00,2.476
2021-11-30 01:00:00,2.476
2021-11-30 02:00:00,2.502
2021-11-30 03:00:00,2.5309999999999997
2021-11-30 04:00:00,2.621
2021-11-30 05:00:00,2.709
2021-11-30 06:00:00,2.7460000000000004
2021-11-30 07:00:00,2.753
2021-11-30 08:00:00,2.767
2021-11-30 09:00:00,2.671
2021-11-30 10:00:00,2.461
2021-11-30 11:00:00,2.378
2021-11-30 12:00:00,2.737
2021-11-30 13:00:00,3.0620000000000003
2021-11-30 14:00:00,3.194
2021-11-30 15:00:00,3.18
2021-11-30 16:00:00,3.271
2021-11-30 17:00:00,3.4690000000000003
2021-11-30 18:00:00,3.682
2021-11-30 19:00:00,3.8930000000000002
2021-11-30 20:00:00,4.087
2021-11-30 21:00:00,4.307
2021-11-30 22:00:00,4.602
2021-11-30 23:00:00,5.003
2021-12-01 00:00:00,5.29
2021-12-01 01:00:00,5.546
2021-12-01 02:00:00,5.6850000000000005
2021-12-01 03:00:00,5.784
2021-12-01 04:00:00,5.676
2021-12-01 05:00:00,5.498
2021-12-01 06:00:00,5.37
2021-12-01 07:00:00,5.181
2021-12-01 08:00:00,4.8870000000000005
2021-12-01 09:00:00,4.575
2021-12-01 10:00:00,4.273
2021-12-01 11:00:00,4.252
2021-12-01 12:00:00,4.396
2021-12-01 13:00:00,4.423
2021-12-01 14:00:00,4.395
2021-12-01 15:00:00,4.193
2021-12-01 16:00:00,4.05
2021-12-01 17:00:00,3.989
2021-12-01 18:00:00,3.863
2021-12-01 19:00:00,3.6550000000000002
2021-12-01 20:00:00,3.356
2021-12-01 21:00:00,3.122
2021-12-01 22:00:00,3.118
2021-12-01 23:00:00,3.093
2021-12-02 00:00:00,3.35
2021-12-02 01:00:00,3.7
2021-12-02 02:00:00,4.063
2021-12-02 03:00:00,4.177
2021-12-02 04:00:00,3.999
2021-12-02 05:00:00,3.637
2021-12-02 06:00:00,3.355
2021-12-02 07:00:00,3.168
2021-12-02 08:00:00,3.058
2021-12-02 09:00:00,3.001
2021-12-02 10:00:00,2.9050000000000002
2021-12-02 11:00:00,3.0700000000000003
2021-12-02 12:00:00,3.3680000000000003
2021-12-02 13:00:00,3.635
2021-12-02 14:00:00,3.831
2021-12-02 15:00:00,3.806
2021-12-02 16:00:00,3.799
2021-12-02 17:00:00,3.952
2021-12-02 18:00:00,3.8979999999999997
2021-12-02 19:00:00,3.784
2021-12-02 20:00:00,3.548
2021-12-02 21:00:00,3.255
2021-12-02 22:00:00,2.963
2021-12-02 23:00:00,2.67
2021-12-03 00:00:00,2.4939999999999998
2021-12-03 01:00:00,2.409
2021-12-03 02:00:00,2.33
2021-12-03 03:00:00,2.145
2021-12-03 04:00:00,2.0709999999999997
2021-12-03 05:00:00,2.224
2021-12-03 06:00:00,2.404
2021-12-03 07:00:00,2.694
2021-12-03 08:00:00,3.064
2021-12-03 09:00:00,3.327
2021-12-03 10:00:00,3.668
2021-12-03 11:00:00,3.7560000000000002
2021-12-03 12:00:00,3.833
2021-12-03 13:00:00,3.782
2021-12-03 14:00:00,3.692
2021-12-03 15:00:00,3.669
2021-12-03 16:00:00,3.823
2021-12-03 17:00:00,3.938
2021-12-03 18:00:00,3.929
2021-12-03 19:00:00,3.9379999999999997
2021-12-03 20:00:00,4.076
2021-12-03 21:00:00,4.26
2021-12-03 22:00:00,4.195
2021-12-03 23:00:00,4.014
2021-12-04 00:00:00,3.887
2021-12-04 01:00:00,3.928
2021-12-04 02:00:00,3.872
2021-12-04 03:00:00,3.815
2021-12-04 04:00:00,3.756
2021-12-04 05:00:00,3.767
2021-12-04 06:00:00,3.761
2021-12-04 07:00:00,3.758
2021-12-04 08:00:00,3.768
2021-12-04 09:00:00,3.931
2021-12-04 10:00:00,4.269
2021-12-04 11:00:00,4.348
2021-12-04 12:00:00,4.746
2021-12-04 13:00:00,5.122
2021-12-04 14:00:00,5.149
2021-12-04 15:00:00,5.04
2021-12-04 16:00:00,4.938
2021-12-04 17:00:00,4.834
2021-12-04 18:00:00,4.647
2021-12-04 19:00:00,4.626
2021-12-04 20:00:00,4.716
2021-12-04 21:00:00,4.71
2021-12-04 22:00:00,4.72
2021-12-04 23:00:00,4.724
2021-12-05 00:00:00,4.731
2021-12-05 01:00:00,4.644
2021-12-05 02:00:00,4.58
2021-12-05 03:00:00,4.56
2021-12-05 04:00:00,4.515
2021-12-05 05:00:00,4.470000000000001
2021-12-05 06:00:00,4.501
2021-12-05 07:00:00,4.433
2021-12-05 08:00:00,4.275
2021-12-05 09:00:00,4.024
2021-12-05 10:00:00,3.855
2021-12-05 11:00:00,3.879
2021-12-05 12:00:00,4.19
2021-12-05 13:00:00,4.409
2021-12-05 14:00:00,4.477
2021-12-05 15:00:00,4.413
2021-12-05 16:00:00,4.309
2021-12-05 17:00:00,4.287
2021-12-05 18:00:00,4.133
2021-12-05 19:00:00,3.921
2021-12-05 20:00:00,3.76
2021-12-05 21:00:00,3.567
2021-12-05 22:00:00,3.371
2021-12-05 23:00:00,3.232
2021-12-06 00:00:00,3.125
2021-12-06 01:00:00,2.956
2021-12-06 02:00:00,2.776
2021-12-06 03:00:00,2.674
2021-12-06 04:00:00,2.5309999999999997
2021-12-06 05:00:00,2.292
2021-12-06 06:00:00,2.0410000000000004
2021-12-06 07:00:00,1.931
2021-12-06 08:00:00,2.032
2021-12-06 09:00:00,2.259
2021-12-06 10:00:00,2.55
2021-12-06 11:00:00,2.973
2021-12-06 12:00:00,3.557
2021-12-06 13:00:00,3.927
2021-12-06 14:00:00,4.003
2021-12-06 15:00:00,4.24
2021-12-06 16:00:00,4.579
2021-12-06 17:00:00,4.648
2021-12-06 18:00:00,4.535
2021-12-06 19:00:00,4.286
2021-12-06 20:00:00,3.964
2021-12-06 21:00:00,3.6239999999999997
2021-12-06 22:00:00,3.247
2021-12-06 23:00:00,2.94
2021-12-07 00:00:00,2.629
2021-12-07 01:00:00,2.5060000000000002
2021-12-07 02:00:00,2.3970000000000002
2021-12-07 03:00:00,2.39
2021-12-07 04:00:00,2.6950000000000003
2021-12-07 05:00:00,3.109
2021-12-07 06:00:00,3.3609999999999998
2021-12-07 07:00:00,3.6149999999999998
2021-12-07 08:00:00,3.874
2021-12-07 09:00:00,4.06
2021-12-07 10:00:00,4.151
2021-12-07 11:00:00,4.201
2021-12-07 12:00:00,4.347
2021-12-07 13:00:00,4.494
2021-12-07 14:00:00,4.615
2021-12-07 15:00:00,4.634
2021-12-07 16:00:00,4.391
2021-12-07 17:00:00,4.052
2021-12-07 18:00:00,3.883
2021-12-07 19:00:00,3.733
2021-12-07 20:00:00,3.936
2021-12-07 21:00:00,4.013
2021-12-07 22:00:00,4.007
2021-12-07 23:00:00,4.022
2021-12-08 00:00:00,4.028
2021-12-08 01:00:00,4.066
2021-12-08 02:00:00,3.809
2021-12-08 03:00:00,3.606
2021-12-08 04:00:00,3.466
2021-12-08 05:00:00,3.511
2021-12-08 06:00:00,3.593
2021-12-08 07:00:00,3.731
2021-12-08 08:00:00,3.98
2021-12-08 09:00:00,4.0120000000000005
2021-12-08 10:00:00,3.888
2021-12-08 11:00:00,3.924
2021-12-08 12:00:00,4.016
2021-12-08 13:00:00,3.992
2021-12-08 14:00:00,3.7479999999999998
2021-12-08 15:00:00,3.521
2021-12-08 16:00:00,3.591
2021-12-08 17:00:00,3.762
2021-12-08 18:00:00,3.796
2021-12-08 19:00:00,3.7640000000000002
2021-12-08 20:00:00,3.7809999999999997
2021-12-08 21:00:00,3.827
2021-12-08 22:00:00,3.932
2021-12-08 23:00:00,3.8979999999999997
2021-12-09 00:00:00,3.866
2021-12-09 01:00:00,3.918
2021-12-09 02:00:00,3.892
2021-12-09 03:00:00,3.9370000000000003
2021-12-09 04:00:00,3.9000000000000004
2021-12-09 05:00:00,3.911
2021-12-09 06:00:00,3.862
2021-12-09 07:00:00,3.676
2021-12-09 08:00:00,3.387
2021-12-09 09:00:00,3.096
2021-12-09 10:00:00,2.86
2021-12-09 11:00:00,2.636
2021-12-09 12:00:00,2.584
2021-12-09 13:00:00,2.731
2021-12-09 14:00:00,2.795
2021-12-09 15:00:00,2.883
2021-12-09 16:00:00,3.097
2021-12-09 17:00:00,3.314
2021-12-09 18:00:00,3.468
2021-12-09 19:00:00,3.883
2021-12-09 20:00:00,4.384
2021-12-09 21:00:00,4.676
2021-12-09 22:00:00,4.878
2021-12-09 23:00:00,4.838
2021-12-10 00:00:00,4.82
2021-12-10 01:00:00,4.89
2021-12-10 02:00:00,4.89
2021-12-10 03:00:00,4.912
2021-12-10 04:00:00,4.885
2021-12-10 05:00:00,4.681
2021-12-10 06:00:00,4.32
2021-12-10 07:00:00,4.011
2021-12-10 08:00:00,4.043
2021-12-10 09:00:00,4.237
2021-12-10 10:00:00,4.528
2021-12-10 11:00:00,4.662
2021-12-10 12:00:00,5.038
2021-12-10 13:00:00,5.644
2021-12-10 14:00:00,5.968999999999999
2021-12-10 15:00:00,5.966
2021-12-10 16:00:00,5.817
2021-12-10 17:00:00,5.601
2021-12-10 18:00:00,5.25
2021-12-10 19:00:00,5.003
2021-12-10 20:00:00,4.753
2021-12-10 21:00:00,4.484
2021-12-10 22:00:00,4.275
2021-12-10 23:00:00,4.107
2021-12-11 00:00:00,3.964
2021-12-11 01:00:00,3.8360000000000003
2021-12-11 02:00:00,3.646
2021-12-11 03:00:00,3.473
2021-12-11 04:00:00,3.275
2021-12-11 05:00:00,3.053
2021-12-11 06:00:00,2.83
2021-12-11 07:00:00,2.588
2021-12-11 08:00:00,2.383
2021-12-11 09:00:00,2.216
2021-12-11 10:00:00,2.048
2021-12-11 11:00:00,1.963
2021-12-11 12:00:00,1.944
2021-12-11 13:00:00,1.961
2021-12-11 14:00:00,1.98
2021-12-11 15:00:00,2.044
2021-12-11 16:00:00,2.26
2021-12-11 17:00:00,2.455
2021-12-11 18:00:00,2.574
2021-12-11 19:00:00,2.597
2021-12-11 20:00:00,2.5469999999999997
2021-12-11 21:00:00,2.563
2021-12-11 22:00:00,2.569
2021-12-11 23:00:00,2.56
2021-12-12 00:00:00,2.523
2021-12-12 01:00:00,2.499
2021-12-12 02:00:00,2.439
2021-12-12 03:00:00,2.3129999999999997
2021-12-12 04:00:00,2.134
2021-12-12 05:00:00,1.917
2021-12-12 06:00:00,1.728
2021-12-12 07:00:00,1.587
2021-12-12 08:00:00,1.547
2021-12-12 09:00:00,1.48
2021-12-12 10:00:00,1.329
2021-12-12 11:00:00,1.228
2021-12-12 12:00:00,1.266
2021-12-12 13:00:00,1.323
2021-12-12 14:00:00,1.353
2021-12-12 15:00:00,1.414
2021-12-12 16:00:00,1.565
2021-12-12 17:00:00,1.761
2021-12-12 18:00:00,1.829
2021-12-12 19:00:00,1.838
2021-12-12 20:00:00,1.8719999999999999
2021-12-12 21:00:00,1.924
2021-12-12 22:00:00,2.002
2021-12-12 23:00:00,2.042
2021-12-13 00:00:00,1.992
2021-12-13 01:00:00,1.897
2021-12-13 02:00:00,1.7690000000000001
2021-12-13 03:00:00,1.706
2021-12-13 04:00:00,1.603
2021-12-13 05:00:00,1.525
2021-12-13 06:00:00,1.504
2021-12-13 07:00:00,1.458
2021-12-13 08:00:00,1.399
2021-12-13 09:00:00,1.309
2021-12-13 10:00:00,1.163
2021-12-13 11:00:00,1.164
2021-12-13 12:00:00,1.0090000000000001
2021-12-13 13:00:00,0.85
2021-12-13 14:00:00,0.725
2021-12-13 15:00:00,0.665
2021-12-13 16:00:00,0.723
2021-12-13 17:00:00,0.8109999999999999
2021-12-13 18:00:00,0.831
2021-12-13 19:00:00,0.85
2021-12-13 20:00:00,0.854
2021-12-13 21:00:00,0.793
2021-12-13 22:00:00,0.689
2021-12-13 23:00:00,0.635
2021-12-14 00:00:00,0.605
2021-12-14 01:00:00,0.558
2021-12-14 02:00:00,0.519
2021-12-14 03:00:00,0.524
2021-12-14 04:00:00,0.505
2021-12-14 05:00:00,0.5
2021-12-14 06:00:00,0.53
2021-12-14 07:00:00,0.5529999999999999
2021-12-14 08:00:00,0.556
2021-12-14 09:00:00,0.517
2021-12-14 10:00:00,0.40800000000000003
2021-12-14 11:00:00,0.32699999999999996
2021-12-14 12:00:00,0.296
2021-12-14 13:00:00,0.285
2021-12-14 14:00:00,0.31
2021-12-14 15:00:00,0.359
2021-12-14 16:00:00,0.481
2021-12-14 17:00:00,0.653
2021-12-14 18:00:00,0.789
2021-12-14 19:00:00,0.873
2021-12-14 20:00:00,0.905
2021-12-14 21:00:00,0.895
2021-12-14 22:00:00,0.871
2021-12-14 23:00:00,0.87
2021-12-15 00:00:00,0.845
2021-12-15 01:00:00,0.8
2021-12-15 02:00:00,0.7869999999999999
2021-12-15 03:00:00,0.817
2021-12-15 04:00:00,0.8620000000000001
2021-12-15 05:00:00,0.9179999999999999
2021-12-15 06:00:00,0.962
2021-12-15 07:00:00,0.978
2021-12-15 08:00:00,0.9530000000000001
2021-12-15 09:00:00,0.9029999999999999
2021-12-15 10:00:00,0.807
2021-12-15 11:00:00,0.762
2021-12-15 12:00:00,0.746
2021-12-15 13:00:00,0.7060000000000001
2021-12-15 14:00:00,0.7000000000000001
2021-12-15 15:00:00,0.73
2021-12-15 16:00:00,0.878
2021-12-15 17:00:00,1.176
2021-12-15 18:00:00,1.375
2021-12-15 19:00:00,1.394
2021-12-15 20:00:00,1.409
2021-12-15 21:00:00,1.409
2021-12-15 22:00:00,1.377
2021-12-15 23:00:00,1.342
2021-12-16 00:00:00,1.2890000000000001
2021-12-16 01:00:00,1.295
2021-12-16 02:00:00,1.324
2021-12-16 03:00:00,1.3820000000000001
2021-12-16 04:00:00,1.368
2021-12-16 05:00:00,1.372
2021-12-16 06:00:00,1.373
2021-12-16 07:00:00,1.416
2021-12-16 08:00:00,1.433
2021-12-16 09:00:00,1.418
2021-12-16 10:00:00,1.259
2021-12-16 11:00:00,1.1
2021-12-16 12:00:00,1.059
2021-12-16 13:00:00,1.127
2021-12-16 14:00:00,1.2009999999999998
2021-12-16 15:00:00,1.2309999999999999
2021-12-16 16:00:00,1.456
2021-12-16 17:00:00,1.773
2021-12-16 18:00:00,1.982
2021-12-16 19:00:00,2.028
2021-12-16 20:00:00,2.057
2021-12-16 21:00:00,2.048
2021-12-16 22:00:00,1.986
2021-12-16 23:00:00,1.933
2021-12-17 00:00:00,1.9209999999999998
2021-12-17 01:00:00,1.845
2021-12-17 02:00:00,2.004
2021-12-17 03:00:00,2.154
2021-12-17 04:00:00,2.124
2021-12-17 05:00:00,2.152
2021-12-17 06:00:00,2.165
2021-12-17 07:00:00,2.133
2021-12-17 08:00:00,2.092
2021-12-17 09:00:00,1.982
2021-12-17 10:00:00,1.867
2021-12-17 11:00:00,1.7100000000000002
2021-12-17 12:00:00,1.633
2021-12-17 13:00:00,1.711
2021-12-17 14:00:00,1.836
2021-12-17 15:00:00,1.925
2021-12-17 16:00:00,2.1189999999999998
2021-12-17 17:00:00,2.445
2021-12-17 18:00:00,2.57
2021-12-17 19:00:00,2.513
2021-12-17 20:00:00,2.3369999999999997
2021-12-17 21:00:00,2.286
2021-12-17 22:00:00,2.1999999999999997
2021-12-17 23:00:00,1.9629999999999999
2021-12-18 00:00:00,1.789
2021-12-18 01:00:00,1.708
2021-12-18 02:00:00,1.633
2021-12-18 03:00:00,1.631
2021-12-18 04:00:00,1.6320000000000001
2021-12-18 05:00:00,1.73
2021-12-18 06:00:00,1.807
2021-12-18 07:00:00,1.905
2021-12-18 08:00:00,1.909
2021-12-18 09:00:00,1.85
2021-12-18 10:00:00,1.488
2021-12-18 11:00:00,1.599
2021-12-18 12:00:00,1.575
2021-12-18 13:00:00,1.471
2021-12-18 14:00:00,1.431
2021-12-18 15:00:00,1.356
2021-12-18 16:00:00,1.62
2021-12-18 17:00:00,2.029
2021-12-18 18:00:00,2.0949999999999998
2021-12-18 19:00:00,1.988
2021-12-18 20:00:00,1.863
2021-12-18 21:00:00,1.676
2021-12-18 22:00:00,1.4969999999999999
2021-12-18 23:00:00,1.443
2021-12-19 00:00:00,1.425
2021-12-19 01:00:00,1.375
2021-12-19 02:00:00,1.363
2021-12-19 03:00:00,1.448
2021-12-19 04:00:00,1.458
2021-12-19 05:00:00,1.431
2021-12-19 06:00:00,1.454
2021-12-19 07:00:00,1.439
2021-12-19 08:00:00,1.415
2021-12-19 09:00:00,1.427
2021-12-19 10:00:00,1.36
2021-12-19 11:00:00,1.2389999999999999
2021-12-19 12:00:00,1.217
2021-12-19 13:00:00,1.212
2021-12-19 14:00:00,1.2389999999999999
2021-12-19 15:00:00,1.266
2021-12-19 16:00:00,1.3639999999999999
2021-12-19 17:00:00,1.68
2021-12-19 18:00:00,1.813
2021-12-19 19:00:00,1.748
2021-12-19 20:00:00,1.688
2021-12-19 21:00:00,1.664
2021-12-19 22:00:00,1.641
2021-12-19 23:00:00,1.553
2021-12-20 00:00:00,1.52
2021-12-20 01:00:00,1.517
2021-12-20 02:00:00,1.53
2021-12-20 03:00:00,1.6260000000000001
2021-12-20 04:00:00,1.699
2021-12-20 05:00:00,1.765
2021-12-20 06:00:00,1.8159999999999998
2021-12-20 07:00:00,1.877
2021-12-20 08:00:00,1.8780000000000001
2021-12-20 09:00:00,1.817
2021-12-20 10:00:00,1.7449999999999999
2021-12-20 11:00:00,1.676
2021-12-20 12:00:00,1.544
2021-12-20 13:00:00,1.38
2021-12-20 14:00:00,1.223
2021-12-20 15:00:00,1.1440000000000001
2021-12-20 16:00:00,1.268
2021-12-20 17:00:00,1.653
2021-12-20 18:00:00,1.876
2021-12-20 19:00:00,1.843
2021-12-20 20:00:00,1.75
2021-12-20 21:00:00,1.64
2021-12-20 22:00:00,1.613
2021-12-20 23:00:00,1.526
2021-12-21 00:00:00,1.422
2021-12-21 01:00:00,1.294
2021-12-21 02:00:00,1.232
2021-12-21 03:00:00,1.225
2021-12-21 04:00:00,1.204
2021-12-21 05:00:00,1.248
2021-12-21 06:00:00,1.285
2021-12-21 07:00:00,1.293
2021-12-21 08:00:00,1.282
2021-12-21 09:00:00,1.216
2021-12-21 10:00:00,1.157
2021-12-21 11:00:00,1.112
2021-12-21 12:00:00,1.049
2021-12-21 13:00:00,0.9940000000000001
2021-12-21 14:00:00,0.928
2021-12-21 15:00:00,0.928
2021-12-21 16:00:00,1.191
2021-12-21 17:00:00,1.6239999999999999
2021-12-21 18:00:00,1.859
2021-12-21 19:00:00,1.979
2021-12-21 20:00:00,2.059
2021-12-21 21:00:00,2.074
2021-12-21 22:00:00,2.003
2021-12-21 23:00:00,1.925
2021-12-22 00:00:00,1.794
2021-12-22 01:00:00,1.651
2021-12-22 02:00:00,1.568
2021-12-22 03:00:00,1.524
2021-12-22 04:00:00,1.474
2021-12-22 05:00:00,1.499
2021-12-22 06:00:00,1.535
2021-12-22 07:00:00,1.5879999999999999
2021-12-22 08:00:00,1.661
2021-12-22 09:00:00,1.677
2021-12-22 10:00:00,1.56
2021-12-22 11:00:00,1.676
2021-12-22 12:00:00,1.736
2021-12-22 13:00:00,1.695
2021-12-22 14:00:00,1.618
2021-12-22 15:00:00,1.555
2021-12-22 16:00:00,1.823
2021-12-22 17:00:00,2.239
2021-12-22 18:00:00,2.318
2021-12-22 19:00:00,2.255
2021-12-22 20:00:00,2.116
2021-12-22 21:00:00,1.963
2021-12-22 22:00:00,1.948
2021-12-22 23:00:00,1.99
2021-12-23 00:00:00,2.015
2021-12-23 01:00:00,2.077
2021-12-23 02:00:00,2.1740000000000004
2021-12-23 03:00:00,2.248
2021-12-23 04:00:00,2.3000000000000003
2021-12-23 05:00:00,2.357
2021-12-23 06:00:00,2.428
2021-12-23 07:00:00,2.462
2021-12-23 08:00:00,2.498
2021-12-23 09:00:00,2.4779999999999998
2021-12-23 10:00:00,2.3
2021-12-23 11:00:00,2.084
2021-12-23 12:00:00,1.99
2021-12-23 13:00:00,1.901
2021-12-23 14:00:00,1.819
2021-12-23 15:00:00,1.731
2021-12-23 16:00:00,1.8230000000000002
2021-12-23 17:00:00,1.924
2021-12-23 18:00:00,1.978
2021-12-23 19:00:00,2.0340000000000003
2021-12-23 20:00:00,2.09
2021-12-23 21:00:00,2.13
2021-12-23 22:00:00,2.266
2021-12-23 23:00:00,2.251
2021-12-24 00:00:00,2.281
2021-12-24 01:00:00,2.37
2021-12-24 02:00:00,2.3770000000000002
2021-12-24 03:00:00,2.403
2021-12-24 04:00:00,2.387
2021-12-24 05:00:00,2.367
2021-12-24 06:00:00,2.354
2021-12-24 07:00:00,2.431
2021-12-24 08:00:00,2.5060000000000002
2021-12-24 09:00:00,2.463
2021-12-24 10:00:00,2.2030000000000003
2021-12-24 11:00:00,1.923
2021-12-24 12:00:00,1.857
2021-12-24 13:00:00,1.7910000000000001
2021-12-24 14:00:00,1.695
2021-12-24 15:00:00,1.657
2021-12-24 16:00:00,1.741
2021-12-24 17:00:00,1.8880000000000001
2021-12-24 18:00:00,1.963
2021-12-24 19:00:00,1.916
2021-12-24 20:00:00,1.8719999999999999
2021-12-24 21:00:00,1.901
2021-12-24 22:00:00,1.912
2021-12-24 23:00:00,1.869
2021-12-25 00:00:00,1.851
2021-12-25 01:00:00,1.848
2021-12-25 02:00:00,1.7870000000000001
2021-12-25 03:00:00,1.667
2021-12-25 04:00:00,1.555
2021-12-25 05:00:00,1.5190000000000001
2021-12-25 06:00:00,1.5090000000000001
2021-12-25 07:00:00,1.5070000000000001
2021-12-25 08:00:00,1.587
2021-12-25 09:00:00,1.589
2021-12-25 10:00:00,1.433
2021-12-25 11:00:00,1.274
2021-12-25 12:00:00,1.2810000000000001
2021-12-25 13:00:00,1.306
2021-12-25 14:00:00,1.282
2021-12-25 15:00:00,1.266
2021-12-25 16:00:00,1.331
2021-12-25 17:00:00,1.495
2021-12-25 18:00:00,1.633
2021-12-25 19:00:00,1.712
2021-12-25 20:00:00,1.6929999999999998
2021-12-25 21:00:00,1.666
2021-12-25 22:00:00,1.692
2021-12-25 23:00:00,1.754
2021-12-26 00:00:00,1.818
2021-12-26 01:00:00,1.899
2021-12-26 02:00:00,1.972
2021-12-26 03:00:00,1.951
2021-12-26 04:00:00,1.972
2021-12-26 05:00:00,2.022
2021-12-26 06:00:00,2.058
2021-12-26 07:00:00,2.087
2021-12-26 08:00:00,2.091
2021-12-26 09:00:00,2.091
2021-12-26 10:00:00,1.817
2021-12-26 11:00:00,1.574
2021-12-26 12:00:00,1.714
2021-12-26 13:00:00,1.8
2021-12-26 14:00:00,1.744
2021-12-26 15:00:00,1.517
2021-12-26 16:00:00,1.557
2021-12-26 17:00:00,1.8359999999999999
2021-12-26 18:00:00,1.964
2021-12-26 19:00:00,1.936
2021-12-26 20:00:00,1.967
2021-12-26 21:00:00,2.092
2021-12-26 22:00:00,2.094
2021-12-26 23:00:00,2.072
2021-12-27 00:00:00,2.123
2021-12-27 01:00:00,2.251
2021-12-27 02:00:00,2.369
2021-12-27 03:00:00,2.487
2021-12-27 04:00:00,2.907
2021-12-27 05:00:00,3.254
2021-12-27 06:00:00,3.5540000000000003
2021-12-27 07:00:00,3.742
2021-12-27 08:00:00,3.731
2021-12-27 09:00:00,3.676
2021-12-27 10:00:00,3.601
2021-12-27 11:00:00,3.584
2021-12-27 12:00:00,3.666
2021-12-27 13:00:00,3.812
2021-12-27 14:00:00,3.898
2021-12-27 15:00:00,3.947
2021-12-27 16:00:00,4.103
2021-12-27 17:00:00,4.218
2021-12-27 18:00:00,4.308
2021-12-27 19:00:00,4.314
2021-12-27 20:00:00,4.470000000000001
2021-12-27 21:00:00,4.52
2021-12-27 22:00:00,4.497
2021-12-27 23:00:00,4.52
2021-12-28 00:00:00,4.521
2021-12-28 01:00:00,4.511
2021-12-28 02:00:00,4.571
2021-12-28 03:00:00,4.547
2021-12-28 04:00:00,4.521
2021-12-28 05:00:00,4.5600000000000005
2021-12-28 06:00:00,4.787
2021-12-28 07:00:00,4.992
2021-12-28 08:00:00,4.881
2021-12-28 09:00:00,4.69
2021-12-28 10:00:00,4.788
2021-12-28 11:00:00,4.988
2021-12-28 12:00:00,5.256
2021-12-28 13:00:00,5.423
2021-12-28 14:00:00,5.36
2021-12-28 15:00:00,5.08
2021-12-28 16:00:00,4.791
2021-12-28 17:00:00,4.741
2021-12-28 18:00:00,4.621
2021-12-28 19:00:00,4.596
2021-12-28 20:00:00,4.675
2021-12-28 21:00:00,4.722
2021-12-28 22:00:00,4.751
2021-12-28 23:00:00,4.835
2021-12-29 00:00:00,4.7780000000000005
2021-12-29 01:00:00,4.579
2021-12-29 02:00:00,4.525
2021-12-29 03:00:00,4.553
2021-12-29 04:00:00,4.466
2021-12-29 05:00:00,4.4559999999999995
2021-12-29 06:00:00,4.636
2021-12-29 07:00:00,4.474
2021-12-29 08:00:00,4.316
2021-12-29 09:00:00,4.07
2021-12-29 10:00:00,3.8080000000000003
2021-12-29 11:00:00,3.856
2021-12-29 12:00:00,4.093
2021-12-29 13:00:00,4.397
2021-12-29 14:00:00,4.587
2021-12-29 15:00:00,4.807
2021-12-29 16:00:00,4.876
2021-12-29 17:00:00,4.784
2021-12-29 18:00:00,4.558
2021-12-29 19:00:00,4.264
2021-12-29 20:00:00,3.862
2021-12-29 21:00:00,3.612
2021-12-29 22:00:00,3.591
2021-12-29 23:00:00,3.5460000000000003
2021-12-30 00:00:00,3.565
2021-12-30 01:00:00,3.674
2021-12-30 02:00:00,3.77
2021-12-30 03:00:00,3.814
2021-12-30 04:00:00,3.838
2021-12-30 05:00:00,3.735
2021-12-30 06:00:00,3.649
2021-12-30 07:00:00,3.483
2021-12-30 08:00:00,3.368
2021-12-30 09:00:00,3.124
2021-12-30 10:00:00,2.702
2021-12-30 11:00:00,2.4139999999999997
2021-12-30 12:00:00,2.402
2021-12-30 13:00:00,2.493
2021-12-30 14:00:00,2.508
2021-12-30 15:00:00,2.3850000000000002
2021-12-30 16:00:00,2.443
2021-12-30 17:00:00,2.708
2021-12-30 18:00:00,2.822
2021-12-30 19:00:00,2.839
2021-12-30 20:00:00,2.7960000000000003
2021-12-30 21:00:00,2.746
2021-12-30 22:00:00,2.6910000000000003
2021-12-30 23:00:00,2.645
2021-12-31 00:00:00,2.555
2021-12-31 01:00:00,2.424
2021-12-31 02:00:00,2.3160000000000003
2021-12-31 03:00:00,2.2319999999999998
2021-12-31 04:00:00,2.118
2021-12-31 05:00:00,2.024
2021-12-31 06:00:00,1.923
2021-12-31 07:00:00,1.846
2021-12-31 08:00:00,1.851
2021-12-31 09:00:00,1.877
2021-12-31 10:00:00,1.691
2021-12-31 11:00:00,1.568
2021-12-31 12:00:00,1.447
2021-12-31 13:00:00,1.483
2021-12-31 14:00:00,1.448
2021-12-31 15:00:00,1.4040000000000001
2021-12-31 16:00:00,1.593
2021-12-31 17:00:00,1.986
2021-12-31 18:00:00,2.325
2021-12-31 19:00:00,2.456
2021-12-31 20:00:00,2.435
2021-12-31 21:00:00,2.4130000000000003
2021-12-31 22:00:00,2.397
2021-12-31 23:00:00,2.363
2022-01-01 00:00:00,2.315
