timestamp,facteur_charge
2022-01-01 01:00:00,4.931
2022-01-01 02:00:00,4.893
2022-01-01 03:00:00,4.893
2022-01-01 04:00:00,4.92
2022-01-01 05:00:00,4.995
2022-01-01 06:00:00,5.121
2022-01-01 07:00:00,5.084
2022-01-01 08:00:00,4.958
2022-01-01 09:00:00,4.602
2022-01-01 10:00:00,3.965
2022-01-01 11:00:00,3.3099999999999996
2022-01-01 12:00:00,2.9370000000000003
2022-01-01 13:00:00,2.832
2022-01-01 14:00:00,2.877
2022-01-01 15:00:00,3.269
2022-01-01 16:00:00,4.26
2022-01-01 17:00:00,5.388
2022-01-01 18:00:00,5.917
2022-01-01 19:00:00,6.019
2022-01-01 20:00:00,5.945
2022-01-01 21:00:00,5.801
2022-01-01 22:00:00,5.657
2022-01-01 23:00:00,5.607
2022-01-02 00:00:00,5.745
2022-01-02 01:00:00,6.013999999999999
2022-01-02 02:00:00,6.428
2022-01-02 03:00:00,6.843999999999999
2022-01-02 04:00:00,7.005000000000001
2022-01-02 05:00:00,7.37
2022-01-02 06:00:00,7.510999999999999
2022-01-02 07:00:00,7.4910000000000005
2022-01-02 08:00:00,7.269
2022-01-02 09:00:00,6.904999999999999
2022-01-02 10:00:00,6.506
2022-01-02 11:00:00,6.577
2022-01-02 12:00:00,7.25
2022-01-02 13:00:00,8.258
2022-01-02 14:00:00,8.626
2022-01-02 15:00:00,8.722
2022-01-02 16:00:00,9.078
2022-01-02 17:00:00,9.257000000000001
2022-01-02 18:00:00,9.32
2022-01-02 19:00:00,9.181000000000001
2022-01-02 20:00:00,9.149000000000001
2022-01-02 21:00:00,9.134
2022-01-02 22:00:00,9.123999999999999
2022-01-02 23:00:00,9.026
2022-01-03 00:00:00,8.929
2022-01-03 01:00:00,8.901
2022-01-03 02:00:00,8.74
2022-01-03 03:00:00,8.514
2022-01-03 04:00:00,7.9
2022-01-03 05:00:00,7.634
2022-01-03 06:00:00,7.5360000000000005
2022-01-03 07:00:00,7.422
2022-01-03 08:00:00,7.548
2022-01-03 09:00:00,7.58
2022-01-03 10:00:00,7.161
2022-01-03 11:00:00,7.151
2022-01-03 12:00:00,7.92
2022-01-03 13:00:00,8.269
2022-01-03 14:00:00,8.052
2022-01-03 15:00:00,7.698
2022-01-03 16:00:00,7.606999999999999
2022-01-03 17:00:00,7.441
2022-01-03 18:00:00,7.539999999999999
2022-01-03 19:00:00,7.497
2022-01-03 20:00:00,7.275
2022-01-03 21:00:00,7.3740000000000006
2022-01-03 22:00:00,8.091
2022-01-03 23:00:00,8.617
2022-01-04 00:00:00,8.547
2022-01-04 01:00:00,8.353
2022-01-04 02:00:00,8.095
2022-01-04 03:00:00,8.142
2022-01-04 04:00:00,7.867
2022-01-04 05:00:00,7.557
2022-01-04 06:00:00,7.272
2022-01-04 07:00:00,7.202
2022-01-04 08:00:00,6.994
2022-01-04 09:00:00,6.894
2022-01-04 10:00:00,6.794
2022-01-04 11:00:00,6.968
2022-01-04 12:00:00,7.6739999999999995
2022-01-04 13:00:00,8.09
2022-01-04 14:00:00,8.237
2022-01-04 15:00:00,8.016
2022-01-04 16:00:00,7.720000000000001
2022-01-04 17:00:00,7.654
2022-01-04 18:00:00,7.9030000000000005
2022-01-04 19:00:00,7.929
2022-01-04 20:00:00,8.16
2022-01-04 21:00:00,8.175
2022-01-04 22:00:00,8.161999999999999
2022-01-04 23:00:00,7.914999999999999
2022-01-05 00:00:00,7.448
2022-01-05 01:00:00,7.789
2022-01-05 02:00:00,8.572
2022-01-05 03:00:00,8.921
2022-01-05 04:00:00,9.013
2022-01-05 05:00:00,8.913
2022-01-05 06:00:00,8.56
2022-01-05 07:00:00,8.075
2022-01-05 08:00:00,7.707000000000001
2022-01-05 09:00:00,7.052999999999999
2022-01-05 10:00:00,6.337
2022-01-05 11:00:00,6.48
2022-01-05 12:00:00,7.412999999999999
2022-01-05 13:00:00,7.808
2022-01-05 14:00:00,7.814
2022-01-05 15:00:00,7.196999999999999
2022-01-05 16:00:00,6.898
2022-01-05 17:00:00,7.313000000000001
2022-01-05 18:00:00,7.523
2022-01-05 19:00:00,7.541
2022-01-05 20:00:00,7.430999999999999
2022-01-05 21:00:00,7.156000000000001
2022-01-05 22:00:00,6.684
2022-01-05 23:00:00,6.398999999999999
2022-01-06 00:00:00,6.0680000000000005
2022-01-06 01:00:00,5.682
2022-01-06 02:00:00,5.095000000000001
2022-01-06 03:00:00,4.513
2022-01-06 04:00:00,3.987
2022-01-06 05:00:00,3.472
2022-01-06 06:00:00,3.12
2022-01-06 07:00:00,3.0300000000000002
2022-01-06 08:00:00,3.1659999999999995
2022-01-06 09:00:00,3.396
2022-01-06 10:00:00,3.516
2022-01-06 11:00:00,3.426
2022-01-06 12:00:00,3.514
2022-01-06 13:00:00,3.8680000000000003
2022-01-06 14:00:00,4.235
2022-01-06 15:00:00,4.538
2022-01-06 16:00:00,5.455
2022-01-06 17:00:00,6.555
2022-01-06 18:00:00,7.066000000000001
2022-01-06 19:00:00,7.352
2022-01-06 20:00:00,7.579
2022-01-06 21:00:00,7.721
2022-01-06 22:00:00,7.907000000000001
2022-01-06 23:00:00,7.978999999999999
2022-01-07 00:00:00,7.814
2022-01-07 01:00:00,7.735
2022-01-07 02:00:00,7.306000000000001
2022-01-07 03:00:00,7.05
2022-01-07 04:00:00,6.834
2022-01-07 05:00:00,6.545
2022-01-07 06:00:00,6.425000000000001
2022-01-07 07:00:00,6.57
2022-01-07 08:00:00,6.655
2022-01-07 09:00:00,6.536
2022-01-07 10:00:00,6.339
2022-01-07 11:00:00,6.448
2022-01-07 12:00:00,7.5760000000000005
2022-01-07 13:00:00,8.862
2022-01-07 14:00:00,9.35
2022-01-07 15:00:00,9.588000000000001
2022-01-07 16:00:00,10.109
2022-01-07 17:00:00,10.555
2022-01-07 18:00:00,10.702
2022-01-07 19:00:00,11.052
2022-01-07 20:00:00,11.033000000000001
2022-01-07 21:00:00,10.715
2022-01-07 22:00:00,10.533999999999999
2022-01-07 23:00:00,10.271
2022-01-08 00:00:00,9.916
2022-01-08 01:00:00,9.399000000000001
2022-01-08 02:00:00,8.838
2022-01-08 03:00:00,8.352
2022-01-08 04:00:00,8.036999999999999
2022-01-08 05:00:00,7.759
2022-01-08 06:00:00,7.459
2022-01-08 07:00:00,7.666
2022-01-08 08:00:00,8.129000000000001
2022-01-08 09:00:00,8.502
2022-01-08 10:00:00,9.212
2022-01-08 11:00:00,10.573
2022-01-08 12:00:00,11.8
2022-01-08 13:00:00,12.454
2022-01-08 14:00:00,13.065
2022-01-08 15:00:00,13.494
2022-01-08 16:00:00,13.751999999999999
2022-01-08 17:00:00,14.233
2022-01-08 18:00:00,14.327
2022-01-08 19:00:00,14.432
2022-01-08 20:00:00,14.554
2022-01-08 21:00:00,14.832
2022-01-08 22:00:00,15.644
2022-01-08 23:00:00,15.957
2022-01-09 00:00:00,16.017
2022-01-09 01:00:00,15.798
2022-01-09 02:00:00,15.382000000000001
2022-01-09 03:00:00,14.966000000000001
2022-01-09 04:00:00,14.381
2022-01-09 05:00:00,13.555
2022-01-09 06:00:00,12.356
2022-01-09 07:00:00,11.558
2022-01-09 08:00:00,11.042
2022-01-09 09:00:00,10.174
2022-01-09 10:00:00,9.504999999999999
2022-01-09 11:00:00,9.399000000000001
2022-01-09 12:00:00,9.644
2022-01-09 13:00:00,9.145
2022-01-09 14:00:00,8.298
2022-01-09 15:00:00,7.228
2022-01-09 16:00:00,6.803
2022-01-09 17:00:00,6.672
2022-01-09 18:00:00,6.221
2022-01-09 19:00:00,5.74
2022-01-09 20:00:00,5.349
2022-01-09 21:00:00,5.027
2022-01-09 22:00:00,4.881
2022-01-09 23:00:00,4.695
2022-01-10 00:00:00,4.293
2022-01-10 01:00:00,3.9269999999999996
2022-01-10 02:00:00,3.832
2022-01-10 03:00:00,3.855
2022-01-10 04:00:00,3.944
2022-01-10 05:00:00,4.029
2022-01-10 06:00:00,4.058
2022-01-10 07:00:00,4.099
2022-01-10 08:00:00,4.051
2022-01-10 09:00:00,3.809
2022-01-10 10:00:00,3.511
2022-01-10 11:00:00,3.335
2022-01-10 12:00:00,3.2960000000000003
2022-01-10 13:00:00,3.3209999999999997
2022-01-10 14:00:00,3.352
2022-01-10 15:00:00,3.415
2022-01-10 16:00:00,3.693
2022-01-10 17:00:00,4.298
2022-01-10 18:00:00,4.805
2022-01-10 19:00:00,5.105
2022-01-10 20:00:00,5.265000000000001
2022-01-10 21:00:00,5.228
2022-01-10 22:00:00,5.104
2022-01-10 23:00:00,4.93
2022-01-11 00:00:00,4.795
2022-01-11 01:00:00,4.749
2022-01-11 02:00:00,4.67
2022-01-11 03:00:00,4.576
2022-01-11 04:00:00,4.463
2022-01-11 05:00:00,4.335
2022-01-11 06:00:00,4.259
2022-01-11 07:00:00,4.233
2022-01-11 08:00:00,4.3790000000000004
2022-01-11 09:00:00,4.472
2022-01-11 10:00:00,4.098
2022-01-11 11:00:00,4.088
2022-01-11 12:00:00,3.957
2022-01-11 13:00:00,3.7310000000000003
2022-01-11 14:00:00,3.4699999999999998
2022-01-11 15:00:00,3.166
2022-01-11 16:00:00,3.474
2022-01-11 17:00:00,4.171
2022-01-11 18:00:00,4.568
2022-01-11 19:00:00,4.609
2022-01-11 20:00:00,4.537
2022-01-11 21:00:00,4.428
2022-01-11 22:00:00,4.1739999999999995
2022-01-11 23:00:00,4.011
2022-01-12 00:00:00,3.875
2022-01-12 01:00:00,3.6929999999999996
2022-01-12 02:00:00,3.6020000000000003
2022-01-12 03:00:00,3.6559999999999997
2022-01-12 04:00:00,3.8389999999999995
2022-01-12 05:00:00,4.013
2022-01-12 06:00:00,4.033
2022-01-12 07:00:00,3.9490000000000003
2022-01-12 08:00:00,3.796
2022-01-12 09:00:00,3.5010000000000003
2022-01-12 10:00:00,3.1260000000000003
2022-01-12 11:00:00,3.034
2022-01-12 12:00:00,2.981
2022-01-12 13:00:00,3.0869999999999997
2022-01-12 14:00:00,3.282
2022-01-12 15:00:00,3.41
2022-01-12 16:00:00,3.704
2022-01-12 17:00:00,4.523
2022-01-12 18:00:00,5.004
2022-01-12 19:00:00,5.111000000000001
2022-01-12 20:00:00,5.176
2022-01-12 21:00:00,5.1530000000000005
2022-01-12 22:00:00,5.029999999999999
2022-01-12 23:00:00,4.853
2022-01-13 00:00:00,4.737
2022-01-13 01:00:00,4.657
2022-01-13 02:00:00,4.534000000000001
2022-01-13 03:00:00,4.338
2022-01-13 04:00:00,4.118
2022-01-13 05:00:00,3.998
2022-01-13 06:00:00,3.787
2022-01-13 07:00:00,3.5869999999999997
2022-01-13 08:00:00,3.4000000000000004
2022-01-13 09:00:00,3.17
2022-01-13 10:00:00,3.085
2022-01-13 11:00:00,3.074
2022-01-13 12:00:00,2.9379999999999997
2022-01-13 13:00:00,2.759
2022-01-13 14:00:00,2.552
2022-01-13 15:00:00,2.387
2022-01-13 16:00:00,2.621
2022-01-13 17:00:00,3.4400000000000004
2022-01-13 18:00:00,4.056
2022-01-13 19:00:00,4.26
2022-01-13 20:00:00,4.247
2022-01-13 21:00:00,4.1209999999999996
2022-01-13 22:00:00,3.983
2022-01-13 23:00:00,3.798
2022-01-14 00:00:00,3.5
2022-01-14 01:00:00,3.1609999999999996
2022-01-14 02:00:00,2.8360000000000003
2022-01-14 03:00:00,2.441
2022-01-14 04:00:00,2.17
2022-01-14 05:00:00,2.041
2022-01-14 06:00:00,1.894
2022-01-14 07:00:00,1.784
2022-01-14 08:00:00,1.751
2022-01-14 09:00:00,1.518
2022-01-14 10:00:00,1.036
2022-01-14 11:00:00,0.761
2022-01-14 12:00:00,0.786
2022-01-14 13:00:00,0.8240000000000001
2022-01-14 14:00:00,0.87
2022-01-14 15:00:00,0.976
2022-01-14 16:00:00,1.24
2022-01-14 17:00:00,1.516
2022-01-14 18:00:00,1.687
2022-01-14 19:00:00,1.798
2022-01-14 20:00:00,1.841
2022-01-14 21:00:00,1.798
2022-01-14 22:00:00,1.709
2022-01-14 23:00:00,1.637
2022-01-15 00:00:00,1.565
2022-01-15 01:00:00,1.4909999999999999
2022-01-15 02:00:00,1.4140000000000001
2022-01-15 03:00:00,1.295
2022-01-15 04:00:00,1.232
2022-01-15 05:00:00,1.234
2022-01-15 06:00:00,1.2550000000000001
2022-01-15 07:00:00,1.317
2022-01-15 08:00:00,1.366
2022-01-15 09:00:00,1.2690000000000001
2022-01-15 10:00:00,1.023
2022-01-15 11:00:00,0.8829999999999999
2022-01-15 12:00:00,0.7729999999999999
2022-01-15 13:00:00,0.7070000000000001
2022-01-15 14:00:00,0.683
2022-01-15 15:00:00,0.7229999999999999
2022-01-15 16:00:00,0.9410000000000001
2022-01-15 17:00:00,1.1019999999999999
2022-01-15 18:00:00,1.276
2022-01-15 19:00:00,1.486
2022-01-15 20:00:00,1.718
2022-01-15 21:00:00,1.853
2022-01-15 22:00:00,1.995
2022-01-15 23:00:00,2.131
2022-01-16 00:00:00,2.168
2022-01-16 01:00:00,2.157
2022-01-16 02:00:00,2.146
2022-01-16 03:00:00,2.196
2022-01-16 04:00:00,2.349
2022-01-16 05:00:00,2.583
2022-01-16 06:00:00,2.8120000000000003
2022-01-16 07:00:00,3.009
2022-01-16 08:00:00,3.232
2022-01-16 09:00:00,3.315
2022-01-16 10:00:00,3.248
2022-01-16 11:00:00,3.446
2022-01-16 12:00:00,3.756
2022-01-16 13:00:00,4.048
2022-01-16 14:00:00,4.121
2022-01-16 15:00:00,4.069
2022-01-16 16:00:00,4.377
2022-01-16 17:00:00,4.970000000000001
2022-01-16 18:00:00,5.172
2022-01-16 19:00:00,4.998
2022-01-16 20:00:00,4.771
2022-01-16 21:00:00,4.522
2022-01-16 22:00:00,4.245
2022-01-16 23:00:00,3.88
2022-01-17 00:00:00,3.4239999999999995
2022-01-17 01:00:00,2.933
2022-01-17 02:00:00,2.483
2022-01-17 03:00:00,2.1550000000000002
2022-01-17 04:00:00,1.95
2022-01-17 05:00:00,1.892
2022-01-17 06:00:00,1.958
2022-01-17 07:00:00,2.0780000000000003
2022-01-17 08:00:00,2.133
2022-01-17 09:00:00,1.7670000000000001
2022-01-17 10:00:00,1.293
2022-01-17 11:00:00,1.234
2022-01-17 12:00:00,1.2229999999999999
2022-01-17 13:00:00,1.238
2022-01-17 14:00:00,1.3090000000000002
2022-01-17 15:00:00,1.412
2022-01-17 16:00:00,1.744
2022-01-17 17:00:00,2.242
2022-01-17 18:00:00,2.515
2022-01-17 19:00:00,2.504
2022-01-17 20:00:00,2.508
2022-01-17 21:00:00,2.601
2022-01-17 22:00:00,2.716
2022-01-17 23:00:00,2.741
2022-01-18 00:00:00,2.649
2022-01-18 01:00:00,2.526
2022-01-18 02:00:00,2.523
2022-01-18 03:00:00,2.568
2022-01-18 04:00:00,2.56
2022-01-18 05:00:00,2.5949999999999998
2022-01-18 06:00:00,2.722
2022-01-18 07:00:00,2.915
2022-01-18 08:00:00,3.1020000000000003
2022-01-18 09:00:00,2.932
2022-01-18 10:00:00,2.759
2022-01-18 11:00:00,2.971
2022-01-18 12:00:00,2.952
2022-01-18 13:00:00,2.855
2022-01-18 14:00:00,2.6510000000000002
2022-01-18 15:00:00,2.374
2022-01-18 16:00:00,2.279
2022-01-18 17:00:00,2.466
2022-01-18 18:00:00,2.4859999999999998
2022-01-18 19:00:00,2.3339999999999996
2022-01-18 20:00:00,2.104
2022-01-18 21:00:00,1.8639999999999999
2022-01-18 22:00:00,1.728
2022-01-18 23:00:00,1.652
2022-01-19 00:00:00,1.624
2022-01-19 01:00:00,1.682
2022-01-19 02:00:00,1.827
2022-01-19 03:00:00,1.955
2022-01-19 04:00:00,2.104
2022-01-19 05:00:00,2.203
2022-01-19 06:00:00,2.3040000000000003
2022-01-19 07:00:00,2.4909999999999997
2022-01-19 08:00:00,2.7089999999999996
2022-01-19 09:00:00,2.5869999999999997
2022-01-19 10:00:00,2.294
2022-01-19 11:00:00,2.282
2022-01-19 12:00:00,2.4530000000000003
2022-01-19 13:00:00,2.76
2022-01-19 14:00:00,3.0540000000000003
2022-01-19 15:00:00,3.3739999999999997
2022-01-19 16:00:00,4.038
2022-01-19 17:00:00,4.7620000000000005
2022-01-19 18:00:00,4.997
2022-01-19 19:00:00,5.111000000000001
2022-01-19 20:00:00,5.2010000000000005
2022-01-19 21:00:00,5.288
2022-01-19 22:00:00,5.507
2022-01-19 23:00:00,5.737
2022-01-20 00:00:00,5.705
2022-01-20 01:00:00,5.678
2022-01-20 02:00:00,5.885
2022-01-20 03:00:00,6.14
2022-01-20 04:00:00,6.452
2022-01-20 05:00:00,6.247
2022-01-20 06:00:00,5.920999999999999
2022-01-20 07:00:00,5.8469999999999995
2022-01-20 08:00:00,5.957
2022-01-20 09:00:00,5.629
2022-01-20 10:00:00,5.021000000000001
2022-01-20 11:00:00,4.941000000000001
2022-01-20 12:00:00,5.281000000000001
2022-01-20 13:00:00,5.15
2022-01-20 14:00:00,5.345000000000001
2022-01-20 15:00:00,5.527
2022-01-20 16:00:00,5.829
2022-01-20 17:00:00,7.024
2022-01-20 18:00:00,7.7490000000000006
2022-01-20 19:00:00,7.925000000000001
2022-01-20 20:00:00,7.723000000000001
2022-01-20 21:00:00,7.424
2022-01-20 22:00:00,7.0760000000000005
2022-01-20 23:00:00,6.631
2022-01-21 00:00:00,6.213
2022-01-21 01:00:00,5.836
2022-01-21 02:00:00,5.6240000000000006
2022-01-21 03:00:00,5.251
2022-01-21 04:00:00,5.009
2022-01-21 05:00:00,4.786
2022-01-21 06:00:00,4.663
2022-01-21 07:00:00,4.491
2022-01-21 08:00:00,4.329000000000001
2022-01-21 09:00:00,4.279
2022-01-21 10:00:00,3.6820000000000004
2022-01-21 11:00:00,3.89
2022-01-21 12:00:00,4.349
2022-01-21 13:00:00,4.425
2022-01-21 14:00:00,4.4319999999999995
2022-01-21 15:00:00,4.458
2022-01-21 16:00:00,4.5920000000000005
2022-01-21 17:00:00,5.095
2022-01-21 18:00:00,5.314
2022-01-21 19:00:00,5.13
2022-01-21 20:00:00,4.890000000000001
2022-01-21 21:00:00,4.693
2022-01-21 22:00:00,4.506
2022-01-21 23:00:00,4.245
2022-01-22 00:00:00,3.892
2022-01-22 01:00:00,3.592
2022-01-22 02:00:00,3.364
2022-01-22 03:00:00,3.106
2022-01-22 04:00:00,2.945
2022-01-22 05:00:00,2.801
2022-01-22 06:00:00,2.6929999999999996
2022-01-22 07:00:00,2.523
2022-01-22 08:00:00,2.3979999999999997
2022-01-22 09:00:00,2.16
2022-01-22 10:00:00,1.972
2022-01-22 11:00:00,2.127
2022-01-22 12:00:00,2.268
2022-01-22 13:00:00,2.189
2022-01-22 14:00:00,2.1550000000000002
2022-01-22 15:00:00,2.141
2022-01-22 16:00:00,2.283
2022-01-22 17:00:00,2.698
2022-01-22 18:00:00,3.0060000000000002
2022-01-22 19:00:00,2.949
2022-01-22 20:00:00,2.752
2022-01-22 21:00:00,2.5629999999999997
2022-01-22 22:00:00,2.37
2022-01-22 23:00:00,2.268
2022-01-23 00:00:00,2.197
2022-01-23 01:00:00,2.121
2022-01-23 02:00:00,2.036
2022-01-23 03:00:00,1.971
2022-01-23 04:00:00,1.879
2022-01-23 05:00:00,1.823
2022-01-23 06:00:00,1.802
2022-01-23 07:00:00,1.9
2022-01-23 08:00:00,1.987
2022-01-23 09:00:00,1.97
2022-01-23 10:00:00,2.103
2022-01-23 11:00:00,2.06
2022-01-23 12:00:00,1.981
2022-01-23 13:00:00,1.919
2022-01-23 14:00:00,1.962
2022-01-23 15:00:00,2.116
2022-01-23 16:00:00,2.4299999999999997
2022-01-23 17:00:00,3.2809999999999997
2022-01-23 18:00:00,4.061999999999999
2022-01-23 19:00:00,4.266
2022-01-23 20:00:00,4.1530000000000005
2022-01-23 21:00:00,3.9290000000000003
2022-01-23 22:00:00,3.8000000000000003
2022-01-23 23:00:00,3.591
2022-01-24 00:00:00,3.3200000000000003
2022-01-24 01:00:00,2.867
2022-01-24 02:00:00,2.447
2022-01-24 03:00:00,2.058
2022-01-24 04:00:00,1.9060000000000001
2022-01-24 05:00:00,1.913
2022-01-24 06:00:00,1.862
2022-01-24 07:00:00,1.844
2022-01-24 08:00:00,1.7959999999999998
2022-01-24 09:00:00,1.5430000000000001
2022-01-24 10:00:00,1.2469999999999999
2022-01-24 11:00:00,1.0759999999999998
2022-01-24 12:00:00,0.853
2022-01-24 13:00:00,0.685
2022-01-24 14:00:00,0.6079999999999999
2022-01-24 15:00:00,0.6359999999999999
2022-01-24 16:00:00,0.925
2022-01-24 17:00:00,1.427
2022-01-24 18:00:00,1.9809999999999999
2022-01-24 19:00:00,2.425
2022-01-24 20:00:00,2.628
2022-01-24 21:00:00,2.601
2022-01-24 22:00:00,2.4749999999999996
2022-01-24 23:00:00,2.285
2022-01-25 00:00:00,2.0
2022-01-25 01:00:00,1.645
2022-01-25 02:00:00,1.3679999999999999
2022-01-25 03:00:00,1.19
2022-01-25 04:00:00,1.073
2022-01-25 05:00:00,1.01
2022-01-25 06:00:00,1.0030000000000001
2022-01-25 07:00:00,1.008
2022-01-25 08:00:00,0.9409999999999998
2022-01-25 09:00:00,0.675
2022-01-25 10:00:00,0.42399999999999993
2022-01-25 11:00:00,0.3769999999999999
2022-01-25 12:00:00,0.33299999999999996
2022-01-25 13:00:00,0.28700000000000003
2022-01-25 14:00:00,0.301
2022-01-25 15:00:00,0.4029999999999999
2022-01-25 16:00:00,0.5329999999999999
2022-01-25 17:00:00,0.6779999999999999
2022-01-25 18:00:00,0.782
2022-01-25 19:00:00,0.8919999999999999
2022-01-25 20:00:00,1.024
2022-01-25 21:00:00,1.139
2022-01-25 22:00:00,1.189
2022-01-25 23:00:00,1.178
2022-01-26 00:00:00,1.1400000000000001
2022-01-26 01:00:00,1.1139999999999999
2022-01-26 02:00:00,1.145
2022-01-26 03:00:00,1.201
2022-01-26 04:00:00,1.1600000000000001
2022-01-26 05:00:00,1.1440000000000001
2022-01-26 06:00:00,1.2
2022-01-26 07:00:00,1.318
2022-01-26 08:00:00,1.463
2022-01-26 09:00:00,1.3359999999999999
2022-01-26 10:00:00,1.181
2022-01-26 11:00:00,1.113
2022-01-26 12:00:00,1.125
2022-01-26 13:00:00,1.2029999999999998
2022-01-26 14:00:00,1.275
2022-01-26 15:00:00,1.331
2022-01-26 16:00:00,1.5859999999999999
2022-01-26 17:00:00,2.059
2022-01-26 18:00:00,2.475
2022-01-26 19:00:00,2.689
2022-01-26 20:00:00,2.694
2022-01-26 21:00:00,2.674
2022-01-26 22:00:00,2.661
2022-01-26 23:00:00,2.6559999999999997
2022-01-27 00:00:00,2.7
2022-01-27 01:00:00,2.676
2022-01-27 02:00:00,2.7270000000000003
2022-01-27 03:00:00,2.76
2022-01-27 04:00:00,2.786
2022-01-27 05:00:00,2.7569999999999997
2022-01-27 06:00:00,2.794
2022-01-27 07:00:00,2.825
2022-01-27 08:00:00,2.8729999999999998
2022-01-27 09:00:00,2.707
2022-01-27 10:00:00,2.529
2022-01-27 11:00:00,2.6719999999999997
2022-01-27 12:00:00,3.086
2022-01-27 13:00:00,3.1319999999999997
2022-01-27 14:00:00,3.221
2022-01-27 15:00:00,3.299
2022-01-27 16:00:00,3.609
2022-01-27 17:00:00,4.202999999999999
2022-01-27 18:00:00,4.558
2022-01-27 19:00:00,4.591
2022-01-27 20:00:00,4.526
2022-01-27 21:00:00,4.258
2022-01-27 22:00:00,4.058
2022-01-27 23:00:00,3.966
2022-01-28 00:00:00,3.984
2022-01-28 01:00:00,3.867
2022-01-28 02:00:00,3.468
2022-01-28 03:00:00,3.106
2022-01-28 04:00:00,2.931
2022-01-28 05:00:00,2.734
2022-01-28 06:00:00,2.377
2022-01-28 07:00:00,2.049
2022-01-28 08:00:00,1.8279999999999998
2022-01-28 09:00:00,1.571
2022-01-28 10:00:00,1.419
2022-01-28 11:00:00,1.3719999999999999
2022-01-28 12:00:00,1.4449999999999998
2022-01-28 13:00:00,1.597
2022-01-28 14:00:00,1.7839999999999998
2022-01-28 15:00:00,1.891
2022-01-28 16:00:00,2.18
2022-01-28 17:00:00,2.6550000000000002
2022-01-28 18:00:00,2.915
2022-01-28 19:00:00,3.0229999999999997
2022-01-28 20:00:00,2.988
2022-01-28 21:00:00,2.919
2022-01-28 22:00:00,2.858
2022-01-28 23:00:00,2.807
2022-01-29 00:00:00,3.051
2022-01-29 01:00:00,3.358
2022-01-29 02:00:00,3.607
2022-01-29 03:00:00,3.9690000000000003
2022-01-29 04:00:00,4.186
2022-01-29 05:00:00,4.29
2022-01-29 06:00:00,4.271
2022-01-29 07:00:00,4.37
2022-01-29 08:00:00,4.453
2022-01-29 09:00:00,4.297000000000001
2022-01-29 10:00:00,4.227
2022-01-29 11:00:00,4.648
2022-01-29 12:00:00,5.168
2022-01-29 13:00:00,5.481
2022-01-29 14:00:00,5.72
2022-01-29 15:00:00,5.753
2022-01-29 16:00:00,5.98
2022-01-29 17:00:00,6.370000000000001
2022-01-29 18:00:00,6.645999999999999
2022-01-29 19:00:00,6.4670000000000005
2022-01-29 20:00:00,6.157
2022-01-29 21:00:00,5.854
2022-01-29 22:00:00,5.402
2022-01-29 23:00:00,5.059
2022-01-30 00:00:00,4.7330000000000005
2022-01-30 01:00:00,4.547
2022-01-30 02:00:00,4.367
2022-01-30 03:00:00,4.254
2022-01-30 04:00:00,4.2010000000000005
2022-01-30 05:00:00,4.266
2022-01-30 06:00:00,4.202999999999999
2022-01-30 07:00:00,3.984
2022-01-30 08:00:00,3.567
2022-01-30 09:00:00,2.851
2022-01-30 10:00:00,2.1929999999999996
2022-01-30 11:00:00,1.806
2022-01-30 12:00:00,1.5909999999999997
2022-01-30 13:00:00,1.4909999999999999
2022-01-30 14:00:00,1.565
2022-01-30 15:00:00,1.7149999999999999
2022-01-30 16:00:00,2.0549999999999997
2022-01-30 17:00:00,2.555
2022-01-30 18:00:00,3.032
2022-01-30 19:00:00,3.3699999999999997
2022-01-30 20:00:00,3.5389999999999997
2022-01-30 21:00:00,3.59
2022-01-30 22:00:00,4.096
2022-01-30 23:00:00,4.931
2022-01-31 00:00:00,5.904
2022-01-31 01:00:00,6.9
2022-01-31 02:00:00,7.89
2022-01-31 03:00:00,8.7
2022-01-31 04:00:00,9.586
2022-01-31 05:00:00,10.299
2022-01-31 06:00:00,10.897
2022-01-31 07:00:00,11.089
2022-01-31 08:00:00,11.055
2022-01-31 09:00:00,10.397
2022-01-31 10:00:00,10.769
2022-01-31 11:00:00,12.883
2022-01-31 12:00:00,14.288
2022-01-31 13:00:00,15.035
2022-01-31 14:00:00,15.083000000000002
2022-01-31 15:00:00,15.074000000000002
2022-01-31 16:00:00,14.612
2022-01-31 17:00:00,13.952000000000002
2022-01-31 18:00:00,13.533000000000001
2022-01-31 19:00:00,12.661999999999999
2022-01-31 20:00:00,11.796999999999999
2022-01-31 21:00:00,11.339
2022-01-31 22:00:00,10.99
2022-01-31 23:00:00,10.494
2022-02-01 00:00:00,9.986
2022-02-01 01:00:00,9.465
2022-02-01 02:00:00,8.923
2022-02-01 03:00:00,8.212
2022-02-01 04:00:00,7.620000000000001
2022-02-01 05:00:00,7.289999999999999
2022-02-01 06:00:00,7.308
2022-02-01 07:00:00,7.43
2022-02-01 08:00:00,7.477
2022-02-01 09:00:00,7.663
2022-02-01 10:00:00,8.322
2022-02-01 11:00:00,9.219
2022-02-01 12:00:00,10.145
2022-02-01 13:00:00,10.857
2022-02-01 14:00:00,11.370000000000001
2022-02-01 15:00:00,11.487
2022-02-01 16:00:00,11.259
2022-02-01 17:00:00,11.202
2022-02-01 18:00:00,11.043
2022-02-01 19:00:00,10.475999999999999
2022-02-01 20:00:00,9.973
2022-02-01 21:00:00,9.489
2022-02-01 22:00:00,9.144
2022-02-01 23:00:00,9.044
2022-02-02 00:00:00,8.716000000000001
2022-02-02 01:00:00,8.692
2022-02-02 02:00:00,8.635
2022-02-02 03:00:00,8.39
2022-02-02 04:00:00,7.872
2022-02-02 05:00:00,7.303000000000001
2022-02-02 06:00:00,6.914999999999999
2022-02-02 07:00:00,6.829000000000001
2022-02-02 08:00:00,6.651999999999999
2022-02-02 09:00:00,6.058
2022-02-02 10:00:00,5.6579999999999995
2022-02-02 11:00:00,5.785
2022-02-02 12:00:00,5.588
2022-02-02 13:00:00,5.154
2022-02-02 14:00:00,4.634
2022-02-02 15:00:00,4.048
2022-02-02 16:00:00,3.752
2022-02-02 17:00:00,3.846
2022-02-02 18:00:00,4.093
2022-02-02 19:00:00,4.3020000000000005
2022-02-02 20:00:00,4.404
2022-02-02 21:00:00,4.279999999999999
2022-02-02 22:00:00,3.83
2022-02-02 23:00:00,3.574
2022-02-03 00:00:00,3.542
2022-02-03 01:00:00,3.509
2022-02-03 02:00:00,3.481
2022-02-03 03:00:00,3.372
2022-02-03 04:00:00,3.309
2022-02-03 05:00:00,3.291
2022-02-03 06:00:00,3.25
2022-02-03 07:00:00,3.228
2022-02-03 08:00:00,3.2089999999999996
2022-02-03 09:00:00,3.075
2022-02-03 10:00:00,3.182
2022-02-03 11:00:00,3.3
2022-02-03 12:00:00,3.331
2022-02-03 13:00:00,3.245
2022-02-03 14:00:00,3.161
2022-02-03 15:00:00,2.976
2022-02-03 16:00:00,2.7249999999999996
2022-02-03 17:00:00,2.982
2022-02-03 18:00:00,3.388
2022-02-03 19:00:00,3.628
2022-02-03 20:00:00,3.779
2022-02-03 21:00:00,3.9419999999999997
2022-02-03 22:00:00,3.956
2022-02-03 23:00:00,3.9779999999999998
2022-02-04 00:00:00,4.032
2022-02-04 01:00:00,4.3
2022-02-04 02:00:00,4.4719999999999995
2022-02-04 03:00:00,4.626
2022-02-04 04:00:00,4.911
2022-02-04 05:00:00,5.2989999999999995
2022-02-04 06:00:00,5.673
2022-02-04 07:00:00,6.180999999999999
2022-02-04 08:00:00,6.728999999999999
2022-02-04 09:00:00,6.704
2022-02-04 10:00:00,6.76
2022-02-04 11:00:00,7.503
2022-02-04 12:00:00,8.451
2022-02-04 13:00:00,9.164
2022-02-04 14:00:00,9.313
2022-02-04 15:00:00,8.984
2022-02-04 16:00:00,8.217
2022-02-04 17:00:00,7.616
2022-02-04 18:00:00,7.324999999999999
2022-02-04 19:00:00,7.019
2022-02-04 20:00:00,6.617
2022-02-04 21:00:00,6.353
2022-02-04 22:00:00,6.329000000000001
2022-02-04 23:00:00,6.38
2022-02-05 00:00:00,6.438000000000001
2022-02-05 01:00:00,6.311
2022-02-05 02:00:00,6.006
2022-02-05 03:00:00,5.603000000000001
2022-02-05 04:00:00,5.204
2022-02-05 05:00:00,4.885
2022-02-05 06:00:00,4.553
2022-02-05 07:00:00,4.237
2022-02-05 08:00:00,4.018000000000001
2022-02-05 09:00:00,3.5860000000000003
2022-02-05 10:00:00,3.3739999999999997
2022-02-05 11:00:00,3.965
2022-02-05 12:00:00,4.548
2022-02-05 13:00:00,5.1209999999999996
2022-02-05 14:00:00,5.615
2022-02-05 15:00:00,6.037000000000001
2022-02-05 16:00:00,6.2940000000000005
2022-02-05 17:00:00,7.16
2022-02-05 18:00:00,7.901
2022-02-05 19:00:00,8.036999999999999
2022-02-05 20:00:00,7.977
2022-02-05 21:00:00,7.994
2022-02-05 22:00:00,7.907
2022-02-05 23:00:00,8.149000000000001
2022-02-06 00:00:00,8.272
2022-02-06 01:00:00,8.428
2022-02-06 02:00:00,8.47
2022-02-06 03:00:00,8.745000000000001
2022-02-06 04:00:00,9.155000000000001
2022-02-06 05:00:00,9.515
2022-02-06 06:00:00,9.893
2022-02-06 07:00:00,10.421
2022-02-06 08:00:00,10.84
2022-02-06 09:00:00,10.939
2022-02-06 10:00:00,11.329
2022-02-06 11:00:00,12.078
2022-02-06 12:00:00,12.805
2022-02-06 13:00:00,13.651
2022-02-06 14:00:00,14.055
2022-02-06 15:00:00,14.303
2022-02-06 16:00:00,14.306
2022-02-06 17:00:00,14.541
2022-02-06 18:00:00,14.786000000000001
2022-02-06 19:00:00,14.973
2022-02-06 20:00:00,14.9
2022-02-06 21:00:00,14.911999999999999
2022-02-06 22:00:00,15.02
2022-02-06 23:00:00,15.087
2022-02-07 00:00:00,14.914
2022-02-07 01:00:00,14.505
2022-02-07 02:00:00,13.867
2022-02-07 03:00:00,13.251999999999999
2022-02-07 04:00:00,12.158
2022-02-07 05:00:00,10.894
2022-02-07 06:00:00,9.805
2022-02-07 07:00:00,8.712
2022-02-07 08:00:00,7.645
2022-02-07 09:00:00,6.698
2022-02-07 10:00:00,6.509
2022-02-07 11:00:00,6.585000000000001
2022-02-07 12:00:00,6.523
2022-02-07 13:00:00,6.229
2022-02-07 14:00:00,5.91
2022-02-07 15:00:00,5.71
2022-02-07 16:00:00,5.214
2022-02-07 17:00:00,5.222
2022-02-07 18:00:00,5.492
2022-02-07 19:00:00,5.602
2022-02-07 20:00:00,5.496
2022-02-07 21:00:00,5.151999999999999
2022-02-07 22:00:00,4.829
2022-02-07 23:00:00,4.771
2022-02-08 00:00:00,4.6080000000000005
2022-02-08 01:00:00,4.442
2022-02-08 02:00:00,4.339
2022-02-08 03:00:00,4.359
2022-02-08 04:00:00,4.34
2022-02-08 05:00:00,4.257
2022-02-08 06:00:00,4.0840000000000005
2022-02-08 07:00:00,3.961
2022-02-08 08:00:00,3.722
2022-02-08 09:00:00,2.999
2022-02-08 10:00:00,2.8819999999999997
2022-02-08 11:00:00,3.242
2022-02-08 12:00:00,3.314
2022-02-08 13:00:00,3.1950000000000003
2022-02-08 14:00:00,2.983
2022-02-08 15:00:00,2.73
2022-02-08 16:00:00,2.518
2022-02-08 17:00:00,2.689
2022-02-08 18:00:00,2.957
2022-02-08 19:00:00,3.077
2022-02-08 20:00:00,3.124
2022-02-08 21:00:00,3.1390000000000002
2022-02-08 22:00:00,3.187
2022-02-08 23:00:00,3.2380000000000004
2022-02-09 00:00:00,3.292
2022-02-09 01:00:00,3.2830000000000004
2022-02-09 02:00:00,3.242
2022-02-09 03:00:00,3.2319999999999998
2022-02-09 04:00:00,3.194
2022-02-09 05:00:00,3.2550000000000003
2022-02-09 06:00:00,3.311
2022-02-09 07:00:00,3.303
2022-02-09 08:00:00,2.924
2022-02-09 09:00:00,2.084
2022-02-09 10:00:00,1.7730000000000001
2022-02-09 11:00:00,1.926
2022-02-09 12:00:00,1.951
2022-02-09 13:00:00,1.8940000000000001
2022-02-09 14:00:00,1.82
2022-02-09 15:00:00,1.731
2022-02-09 16:00:00,1.729
2022-02-09 17:00:00,2.005
2022-02-09 18:00:00,2.352
2022-02-09 19:00:00,2.6359999999999997
2022-02-09 20:00:00,2.899
2022-02-09 21:00:00,3.097
2022-02-09 22:00:00,3.245
2022-02-09 23:00:00,3.399
2022-02-10 00:00:00,3.5730000000000004
2022-02-10 01:00:00,3.66
2022-02-10 02:00:00,3.601
2022-02-10 03:00:00,3.5889999999999995
2022-02-10 04:00:00,3.627
2022-02-10 05:00:00,3.6310000000000002
2022-02-10 06:00:00,3.643
2022-02-10 07:00:00,3.598
2022-02-10 08:00:00,3.362
2022-02-10 09:00:00,2.8810000000000002
2022-02-10 10:00:00,2.535
2022-02-10 11:00:00,2.295
2022-02-10 12:00:00,2.162
2022-02-10 13:00:00,2.1639999999999997
2022-02-10 14:00:00,2.237
2022-02-10 15:00:00,2.378
2022-02-10 16:00:00,2.59
2022-02-10 17:00:00,2.957
2022-02-10 18:00:00,3.2270000000000003
2022-02-10 19:00:00,3.349
2022-02-10 20:00:00,3.433
2022-02-10 21:00:00,3.786
2022-02-10 22:00:00,4.383
2022-02-10 23:00:00,4.9190000000000005
2022-02-11 00:00:00,5.037
2022-02-11 01:00:00,4.912
2022-02-11 02:00:00,4.831
2022-02-11 03:00:00,4.715
2022-02-11 04:00:00,4.569
2022-02-11 05:00:00,4.256
2022-02-11 06:00:00,3.9269999999999996
2022-02-11 07:00:00,3.576
2022-02-11 08:00:00,3.2
2022-02-11 09:00:00,2.6980000000000004
2022-02-11 10:00:00,2.699
2022-02-11 11:00:00,2.9450000000000003
2022-02-11 12:00:00,3.0549999999999997
2022-02-11 13:00:00,3.234
2022-02-11 14:00:00,3.424
2022-02-11 15:00:00,3.566
2022-02-11 16:00:00,3.665
2022-02-11 17:00:00,4.039
2022-02-11 18:00:00,4.601
2022-02-11 19:00:00,4.766
2022-02-11 20:00:00,4.6129999999999995
2022-02-11 21:00:00,4.26
2022-02-11 22:00:00,4.284
2022-02-11 23:00:00,4.576
2022-02-12 00:00:00,4.763999999999999
2022-02-12 01:00:00,4.814
2022-02-12 02:00:00,4.776
2022-02-12 03:00:00,4.759
2022-02-12 04:00:00,4.767
2022-02-12 05:00:00,4.727
2022-02-12 06:00:00,4.62
2022-02-12 07:00:00,4.432
2022-02-12 08:00:00,4.139
2022-02-12 09:00:00,3.475
2022-02-12 10:00:00,3.8949999999999996
2022-02-12 11:00:00,5.032
2022-02-12 12:00:00,5.213
2022-02-12 13:00:00,5.064
2022-02-12 14:00:00,4.824
2022-02-12 15:00:00,4.543
2022-02-12 16:00:00,4.284
2022-02-12 17:00:00,5.0489999999999995
2022-02-12 18:00:00,6.1
2022-02-12 19:00:00,6.63
2022-02-12 20:00:00,6.926
2022-02-12 21:00:00,7.1129999999999995
2022-02-12 22:00:00,7.322
2022-02-12 23:00:00,7.391
2022-02-13 00:00:00,7.429
2022-02-13 01:00:00,7.401
2022-02-13 02:00:00,7.423
2022-02-13 03:00:00,7.383
2022-02-13 04:00:00,7.4670000000000005
2022-02-13 05:00:00,7.602
2022-02-13 06:00:00,7.739
2022-02-13 07:00:00,7.819
2022-02-13 08:00:00,8.009
2022-02-13 09:00:00,7.831
2022-02-13 10:00:00,9.126
2022-02-13 11:00:00,10.866
2022-02-13 12:00:00,11.816
2022-02-13 13:00:00,12.568
2022-02-13 14:00:00,12.907
2022-02-13 15:00:00,12.986
2022-02-13 16:00:00,12.975000000000001
2022-02-13 17:00:00,13.296000000000001
2022-02-13 18:00:00,13.709999999999999
2022-02-13 19:00:00,14.108
2022-02-13 20:00:00,14.358
2022-02-13 21:00:00,14.202
2022-02-13 22:00:00,13.787
2022-02-13 23:00:00,13.376000000000001
2022-02-14 00:00:00,12.529
2022-02-14 01:00:00,11.701
2022-02-14 02:00:00,11.452
2022-02-14 03:00:00,11.016
2022-02-14 04:00:00,10.475999999999999
2022-02-14 05:00:00,10.075
2022-02-14 06:00:00,9.582
2022-02-14 07:00:00,9.349
2022-02-14 08:00:00,9.061
2022-02-14 09:00:00,8.707
2022-02-14 10:00:00,8.702
2022-02-14 11:00:00,8.866
2022-02-14 12:00:00,9.068999999999999
2022-02-14 13:00:00,8.972
2022-02-14 14:00:00,8.758
2022-02-14 15:00:00,8.496
2022-02-14 16:00:00,7.995000000000001
2022-02-14 17:00:00,7.84
2022-02-14 18:00:00,8.375
2022-02-14 19:00:00,8.888
2022-02-14 20:00:00,9.181000000000001
2022-02-14 21:00:00,8.995000000000001
2022-02-14 22:00:00,8.817
2022-02-14 23:00:00,8.850999999999999
2022-02-15 00:00:00,8.722999999999999
2022-02-15 01:00:00,8.438
2022-02-15 02:00:00,8.174
2022-02-15 03:00:00,7.92
2022-02-15 04:00:00,7.495
2022-02-15 05:00:00,7.2989999999999995
2022-02-15 06:00:00,7.196
2022-02-15 07:00:00,7.251
2022-02-15 08:00:00,7.475999999999999
2022-02-15 09:00:00,7.828
2022-02-15 10:00:00,8.722999999999999
2022-02-15 11:00:00,10.358
2022-02-15 12:00:00,11.568
2022-02-15 13:00:00,12.357
2022-02-15 14:00:00,12.71
2022-02-15 15:00:00,12.472999999999999
2022-02-15 16:00:00,12.212
2022-02-15 17:00:00,12.418
2022-02-15 18:00:00,12.635
2022-02-15 19:00:00,12.568
2022-02-15 20:00:00,12.312999999999999
2022-02-15 21:00:00,12.083
2022-02-15 22:00:00,11.953
2022-02-15 23:00:00,11.9
2022-02-16 00:00:00,11.876999999999999
2022-02-16 01:00:00,11.96
2022-02-16 02:00:00,12.015
2022-02-16 03:00:00,12.202
2022-02-16 04:00:00,12.552
2022-02-16 05:00:00,12.592
2022-02-16 06:00:00,12.745000000000001
2022-02-16 07:00:00,12.817
2022-02-16 08:00:00,12.771
2022-02-16 09:00:00,12.593
2022-02-16 10:00:00,12.89
2022-02-16 11:00:00,13.186
2022-02-16 12:00:00,13.466
2022-02-16 13:00:00,13.66
2022-02-16 14:00:00,13.708
2022-02-16 15:00:00,13.692
2022-02-16 16:00:00,13.687000000000001
2022-02-16 17:00:00,13.768999999999998
2022-02-16 18:00:00,13.924
2022-02-16 19:00:00,14.096
2022-02-16 20:00:00,13.985
2022-02-16 21:00:00,13.908999999999999
2022-02-16 22:00:00,13.977
2022-02-16 23:00:00,14.166
2022-02-17 00:00:00,14.233
2022-02-17 01:00:00,14.341000000000001
2022-02-17 02:00:00,14.369
2022-02-17 03:00:00,14.422
2022-02-17 04:00:00,14.177
2022-02-17 05:00:00,13.744
2022-02-17 06:00:00,13.34
2022-02-17 07:00:00,12.726
2022-02-17 08:00:00,11.878
2022-02-17 09:00:00,11.148
2022-02-17 10:00:00,11.262
2022-02-17 11:00:00,11.942
2022-02-17 12:00:00,12.369
2022-02-17 13:00:00,12.234
2022-02-17 14:00:00,11.722999999999999
2022-02-17 15:00:00,10.832
2022-02-17 16:00:00,9.311
2022-02-17 17:00:00,7.8229999999999995
2022-02-17 18:00:00,7.345
2022-02-17 19:00:00,6.894
2022-02-17 20:00:00,6.593
2022-02-17 21:00:00,6.733
2022-02-17 22:00:00,7.081
2022-02-17 23:00:00,7.131
2022-02-18 00:00:00,7.376
2022-02-18 01:00:00,7.8180000000000005
2022-02-18 02:00:00,8.39
2022-02-18 03:00:00,9.007
2022-02-18 04:00:00,9.806000000000001
2022-02-18 05:00:00,10.263
2022-02-18 06:00:00,10.466999999999999
2022-02-18 07:00:00,10.506
2022-02-18 08:00:00,10.599
2022-02-18 09:00:00,10.634
2022-02-18 10:00:00,11.333
2022-02-18 11:00:00,12.235
2022-02-18 12:00:00,13.236
2022-02-18 13:00:00,14.148
2022-02-18 14:00:00,14.569
2022-02-18 15:00:00,14.309000000000001
2022-02-18 16:00:00,13.561
2022-02-18 17:00:00,12.567
2022-02-18 18:00:00,11.836
2022-02-18 19:00:00,11.229
2022-02-18 20:00:00,10.559
2022-02-18 21:00:00,9.804
2022-02-18 22:00:00,9.444
2022-02-18 23:00:00,9.285
2022-02-19 00:00:00,9.213000000000001
2022-02-19 01:00:00,9.046
2022-02-19 02:00:00,8.741
2022-02-19 03:00:00,8.408999999999999
2022-02-19 04:00:00,7.951
2022-02-19 05:00:00,7.493
2022-02-19 06:00:00,6.9350000000000005
2022-02-19 07:00:00,6.487
2022-02-19 08:00:00,6.003
2022-02-19 09:00:00,5.4830000000000005
2022-02-19 10:00:00,6.936999999999999
2022-02-19 11:00:00,8.292
2022-02-19 12:00:00,9.278
2022-02-19 13:00:00,10.166
2022-02-19 14:00:00,10.815000000000001
2022-02-19 15:00:00,11.253
2022-02-19 16:00:00,11.467
2022-02-19 17:00:00,11.661999999999999
2022-02-19 18:00:00,11.988
2022-02-19 19:00:00,11.947
2022-02-19 20:00:00,11.645
2022-02-19 21:00:00,11.317
2022-02-19 22:00:00,10.958
2022-02-19 23:00:00,10.644
2022-02-20 00:00:00,10.159
2022-02-20 01:00:00,9.622
2022-02-20 02:00:00,9.378
2022-02-20 03:00:00,9.290000000000001
2022-02-20 04:00:00,9.182
2022-02-20 05:00:00,9.369
2022-02-20 06:00:00,9.687999999999999
2022-02-20 07:00:00,9.733
2022-02-20 08:00:00,9.568000000000001
2022-02-20 09:00:00,9.39
2022-02-20 10:00:00,10.29
2022-02-20 11:00:00,11.433
2022-02-20 12:00:00,12.253
2022-02-20 13:00:00,12.849
2022-02-20 14:00:00,13.256
2022-02-20 15:00:00,13.408
2022-02-20 16:00:00,13.415
2022-02-20 17:00:00,13.715
2022-02-20 18:00:00,14.208
2022-02-20 19:00:00,14.551
2022-02-20 20:00:00,14.843
2022-02-20 21:00:00,15.004000000000001
2022-02-20 22:00:00,15.145
2022-02-20 23:00:00,15.257000000000001
2022-02-21 00:00:00,15.374
2022-02-21 01:00:00,15.645
2022-02-21 02:00:00,15.855
2022-02-21 03:00:00,15.913
2022-02-21 04:00:00,16.039
2022-02-21 05:00:00,15.872
2022-02-21 06:00:00,15.762
2022-02-21 07:00:00,15.69
2022-02-21 08:00:00,15.776
2022-02-21 09:00:00,16.251
2022-02-21 10:00:00,17.221
2022-02-21 11:00:00,17.921
2022-02-21 12:00:00,18.253
2022-02-21 13:00:00,18.381999999999998
2022-02-21 14:00:00,18.278
2022-02-21 15:00:00,17.942
2022-02-21 16:00:00,17.237000000000002
2022-02-21 17:00:00,16.289
2022-02-21 18:00:00,15.447
2022-02-21 19:00:00,14.647
2022-02-21 20:00:00,13.7
2022-02-21 21:00:00,12.605
2022-02-21 22:00:00,11.531
2022-02-21 23:00:00,10.581
2022-02-22 00:00:00,9.812000000000001
2022-02-22 01:00:00,9.124
2022-02-22 02:00:00,8.358
2022-02-22 03:00:00,7.975999999999999
2022-02-22 04:00:00,7.644
2022-02-22 05:00:00,7.622
2022-02-22 06:00:00,7.663
2022-02-22 07:00:00,7.96
2022-02-22 08:00:00,8.001999999999999
2022-02-22 09:00:00,8.501000000000001
2022-02-22 10:00:00,9.540000000000001
2022-02-22 11:00:00,10.312999999999999
2022-02-22 12:00:00,10.896999999999998
2022-02-22 13:00:00,11.471
2022-02-22 14:00:00,11.607
2022-02-22 15:00:00,11.205
2022-02-22 16:00:00,10.263
2022-02-22 17:00:00,9.491
2022-02-22 18:00:00,9.061
2022-02-22 19:00:00,8.258
2022-02-22 20:00:00,7.32
2022-02-22 21:00:00,6.547000000000001
2022-02-22 22:00:00,6.04
2022-02-22 23:00:00,5.58
2022-02-23 00:00:00,4.98
2022-02-23 01:00:00,4.2330000000000005
2022-02-23 02:00:00,3.439
2022-02-23 03:00:00,2.831
2022-02-23 04:00:00,2.422
2022-02-23 05:00:00,2.13
2022-02-23 06:00:00,1.867
2022-02-23 07:00:00,1.633
2022-02-23 08:00:00,1.334
2022-02-23 09:00:00,1.128
2022-02-23 10:00:00,1.31
2022-02-23 11:00:00,1.667
2022-02-23 12:00:00,2.065
2022-02-23 13:00:00,2.4050000000000002
2022-02-23 14:00:00,2.6470000000000002
2022-02-23 15:00:00,2.864
2022-02-23 16:00:00,2.936
2022-02-23 17:00:00,3.0220000000000002
2022-02-23 18:00:00,3.3659999999999997
2022-02-23 19:00:00,3.466
2022-02-23 20:00:00,3.489
2022-02-23 21:00:00,3.582
2022-02-23 22:00:00,3.831
2022-02-23 23:00:00,4.198
2022-02-24 00:00:00,4.523
2022-02-24 01:00:00,4.741
2022-02-24 02:00:00,4.8180000000000005
2022-02-24 03:00:00,4.920999999999999
2022-02-24 04:00:00,4.886
2022-02-24 05:00:00,5.085
2022-02-24 06:00:00,5.513
2022-02-24 07:00:00,6.1419999999999995
2022-02-24 08:00:00,6.481
2022-02-24 09:00:00,6.665000000000001
2022-02-24 10:00:00,8.305
2022-02-24 11:00:00,10.044
2022-02-24 12:00:00,10.864
2022-02-24 13:00:00,11.205
2022-02-24 14:00:00,11.164000000000001
2022-02-24 15:00:00,10.94
2022-02-24 16:00:00,10.177
2022-02-24 17:00:00,8.93
2022-02-24 18:00:00,8.18
2022-02-24 19:00:00,7.726000000000001
2022-02-24 20:00:00,7.391
2022-02-24 21:00:00,6.943
2022-02-24 22:00:00,6.943999999999999
2022-02-24 23:00:00,7.168000000000001
2022-02-25 00:00:00,7.116
2022-02-25 01:00:00,6.961
2022-02-25 02:00:00,6.974
2022-02-25 03:00:00,7.062
2022-02-25 04:00:00,6.772
2022-02-25 05:00:00,6.545
2022-02-25 06:00:00,6.4830000000000005
2022-02-25 07:00:00,6.479
2022-02-25 08:00:00,5.861
2022-02-25 09:00:00,5.675
2022-02-25 10:00:00,6.784000000000001
2022-02-25 11:00:00,6.901000000000001
2022-02-25 12:00:00,6.587
2022-02-25 13:00:00,6.385999999999999
2022-02-25 14:00:00,6.202999999999999
2022-02-25 15:00:00,5.875
2022-02-25 16:00:00,5.3420000000000005
2022-02-25 17:00:00,5.01
2022-02-25 18:00:00,5.0489999999999995
2022-02-25 19:00:00,4.8740000000000006
2022-02-25 20:00:00,4.717
2022-02-25 21:00:00,4.6530000000000005
2022-02-25 22:00:00,4.911
2022-02-25 23:00:00,5.277
2022-02-26 00:00:00,5.506
2022-02-26 01:00:00,5.618
2022-02-26 02:00:00,5.798
2022-02-26 03:00:00,5.819000000000001
2022-02-26 04:00:00,5.803
2022-02-26 05:00:00,5.79
2022-02-26 06:00:00,5.5969999999999995
2022-02-26 07:00:00,5.446
2022-02-26 08:00:00,5.034
2022-02-26 09:00:00,4.729
2022-02-26 10:00:00,6.265
2022-02-26 11:00:00,7.578
2022-02-26 12:00:00,7.63
2022-02-26 13:00:00,7.707
2022-02-26 14:00:00,7.934000000000001
2022-02-26 15:00:00,8.181
2022-02-26 16:00:00,8.125
2022-02-26 17:00:00,8.073
2022-02-26 18:00:00,8.73
2022-02-26 19:00:00,8.919
2022-02-26 20:00:00,8.738
2022-02-26 21:00:00,8.615
2022-02-26 22:00:00,8.412
2022-02-26 23:00:00,8.235
2022-02-27 00:00:00,7.925000000000001
2022-02-27 01:00:00,7.622
2022-02-27 02:00:00,7.355
2022-02-27 03:00:00,7.1899999999999995
2022-02-27 04:00:00,6.904999999999999
2022-02-27 05:00:00,6.5169999999999995
2022-02-27 06:00:00,6.147
2022-02-27 07:00:00,5.8870000000000005
2022-02-27 08:00:00,5.036
2022-02-27 09:00:00,4.497
2022-02-27 10:00:00,5.029999999999999
2022-02-27 11:00:00,5.0
2022-02-27 12:00:00,4.989
2022-02-27 13:00:00,4.944
2022-02-27 14:00:00,4.899
2022-02-27 15:00:00,4.829000000000001
2022-02-27 16:00:00,4.615
2022-02-27 17:00:00,4.708
2022-02-27 18:00:00,5.455
2022-02-27 19:00:00,5.873
2022-02-27 20:00:00,5.966
2022-02-27 21:00:00,5.884
2022-02-27 22:00:00,5.757
2022-02-27 23:00:00,5.606
2022-02-28 00:00:00,5.5040000000000004
2022-02-28 01:00:00,5.507
2022-02-28 02:00:00,5.442
2022-02-28 03:00:00,5.1850000000000005
2022-02-28 04:00:00,4.943
2022-02-28 05:00:00,4.6899999999999995
2022-02-28 06:00:00,4.4
2022-02-28 07:00:00,4.066
2022-02-28 08:00:00,3.175
2022-02-28 09:00:00,2.2510000000000003
2022-02-28 10:00:00,2.04
2022-02-28 11:00:00,2.149
2022-02-28 12:00:00,2.248
2022-02-28 13:00:00,2.383
2022-02-28 14:00:00,2.595
2022-02-28 15:00:00,2.84
2022-02-28 16:00:00,2.918
2022-02-28 17:00:00,3.175
2022-02-28 18:00:00,3.841
2022-02-28 19:00:00,4.359
2022-02-28 20:00:00,4.63
2022-02-28 21:00:00,4.725
2022-02-28 22:00:00,4.7250000000000005
2022-02-28 23:00:00,4.482
2022-03-01 00:00:00,4.106
2022-03-01 01:00:00,3.749
2022-03-01 02:00:00,3.648
2022-03-01 03:00:00,3.866
2022-03-01 04:00:00,4.311
2022-03-01 05:00:00,4.974
2022-03-01 06:00:00,5.507
2022-03-01 07:00:00,5.6850000000000005
2022-03-01 08:00:00,5.413
2022-03-01 09:00:00,4.8759999999999994
2022-03-01 10:00:00,4.421
2022-03-01 11:00:00,4.148
2022-03-01 12:00:00,3.8289999999999997
2022-03-01 13:00:00,3.489
2022-03-01 14:00:00,3.072
2022-03-01 15:00:00,2.706
2022-03-01 16:00:00,2.55
2022-03-01 17:00:00,2.925
2022-03-01 18:00:00,3.769
2022-03-01 19:00:00,4.248
2022-03-01 20:00:00,4.282
2022-03-01 21:00:00,4.2170000000000005
2022-03-01 22:00:00,4.053
2022-03-01 23:00:00,3.7990000000000004
2022-03-02 00:00:00,3.639
2022-03-02 01:00:00,3.4589999999999996
2022-03-02 02:00:00,3.417
2022-03-02 03:00:00,3.317
2022-03-02 04:00:00,3.189
2022-03-02 05:00:00,3.0629999999999997
2022-03-02 06:00:00,2.9939999999999998
2022-03-02 07:00:00,2.93
2022-03-02 08:00:00,2.427
2022-03-02 09:00:00,1.9089999999999998
2022-03-02 10:00:00,1.6349999999999998
2022-03-02 11:00:00,1.444
2022-03-02 12:00:00,1.409
2022-03-02 13:00:00,1.448
2022-03-02 14:00:00,1.512
2022-03-02 15:00:00,1.567
2022-03-02 16:00:00,1.623
2022-03-02 17:00:00,1.89
2022-03-02 18:00:00,2.313
2022-03-02 19:00:00,2.667
2022-03-02 20:00:00,2.791
2022-03-02 21:00:00,2.8689999999999998
2022-03-02 22:00:00,2.9939999999999998
2022-03-02 23:00:00,3.144
2022-03-03 00:00:00,3.287
2022-03-03 01:00:00,3.38
2022-03-03 02:00:00,3.465
2022-03-03 03:00:00,3.484
2022-03-03 04:00:00,3.257
2022-03-03 05:00:00,3.1879999999999997
2022-03-03 06:00:00,3.238
2022-03-03 07:00:00,3.261
2022-03-03 08:00:00,2.716
2022-03-03 09:00:00,2.363
2022-03-03 10:00:00,2.202
2022-03-03 11:00:00,1.981
2022-03-03 12:00:00,1.715
2022-03-03 13:00:00,1.4020000000000001
2022-03-03 14:00:00,1.166
2022-03-03 15:00:00,1.1320000000000001
2022-03-03 16:00:00,1.244
2022-03-03 17:00:00,1.525
2022-03-03 18:00:00,2.074
2022-03-03 19:00:00,2.6079999999999997
2022-03-03 20:00:00,2.7830000000000004
2022-03-03 21:00:00,2.758
2022-03-03 22:00:00,2.738
2022-03-03 23:00:00,2.732
2022-03-04 00:00:00,2.766
2022-03-04 01:00:00,2.887
2022-03-04 02:00:00,3.105
2022-03-04 03:00:00,3.431
2022-03-04 04:00:00,3.699
2022-03-04 05:00:00,3.9859999999999998
2022-03-04 06:00:00,4.117
2022-03-04 07:00:00,4.168
2022-03-04 08:00:00,3.644
2022-03-04 09:00:00,3.472
2022-03-04 10:00:00,4.0120000000000005
2022-03-04 11:00:00,3.8869999999999996
2022-03-04 12:00:00,3.6499999999999995
2022-03-04 13:00:00,3.641
2022-03-04 14:00:00,3.872
2022-03-04 15:00:00,4.174
2022-03-04 16:00:00,4.359999999999999
2022-03-04 17:00:00,4.304
2022-03-04 18:00:00,4.59
2022-03-04 19:00:00,4.818
2022-03-04 20:00:00,4.824
2022-03-04 21:00:00,4.647
2022-03-04 22:00:00,4.587
2022-03-04 23:00:00,4.5809999999999995
2022-03-05 00:00:00,4.48
2022-03-05 01:00:00,4.193
2022-03-05 02:00:00,3.862
2022-03-05 03:00:00,3.694
2022-03-05 04:00:00,3.5460000000000003
2022-03-05 05:00:00,3.478
2022-03-05 06:00:00,3.453
2022-03-05 07:00:00,3.431
2022-03-05 08:00:00,3.107
2022-03-05 09:00:00,3.0300000000000002
2022-03-05 10:00:00,3.238
2022-03-05 11:00:00,3.208
2022-03-05 12:00:00,3.082
2022-03-05 13:00:00,3.049
2022-03-05 14:00:00,3.171
2022-03-05 15:00:00,3.367
2022-03-05 16:00:00,3.576
2022-03-05 17:00:00,3.7830000000000004
2022-03-05 18:00:00,4.471
2022-03-05 19:00:00,5.042
2022-03-05 20:00:00,5.156000000000001
2022-03-05 21:00:00,4.945
2022-03-05 22:00:00,4.744
2022-03-05 23:00:00,4.449
2022-03-06 00:00:00,4.09
2022-03-06 01:00:00,3.841
2022-03-06 02:00:00,3.702
2022-03-06 03:00:00,3.5620000000000003
2022-03-06 04:00:00,3.484
2022-03-06 05:00:00,3.5940000000000003
2022-03-06 06:00:00,3.737
2022-03-06 07:00:00,3.91
2022-03-06 08:00:00,3.542
2022-03-06 09:00:00,3.832
2022-03-06 10:00:00,4.439
2022-03-06 11:00:00,4.534
2022-03-06 12:00:00,4.333
2022-03-06 13:00:00,4.24
2022-03-06 14:00:00,4.378
2022-03-06 15:00:00,4.679
2022-03-06 16:00:00,5.063
2022-03-06 17:00:00,5.181
2022-03-06 18:00:00,5.9719999999999995
2022-03-06 19:00:00,6.832000000000001
2022-03-06 20:00:00,6.839
2022-03-06 21:00:00,6.545999999999999
2022-03-06 22:00:00,6.165
2022-03-06 23:00:00,5.862
2022-03-07 00:00:00,5.494
2022-03-07 01:00:00,5.257
2022-03-07 02:00:00,5.064
2022-03-07 03:00:00,4.87
2022-03-07 04:00:00,4.687
2022-03-07 05:00:00,4.594
2022-03-07 06:00:00,4.461
2022-03-07 07:00:00,4.187
2022-03-07 08:00:00,3.52
2022-03-07 09:00:00,3.826
2022-03-07 10:00:00,4.409
2022-03-07 11:00:00,4.625
2022-03-07 12:00:00,4.557
2022-03-07 13:00:00,4.513
2022-03-07 14:00:00,4.545
2022-03-07 15:00:00,4.609999999999999
2022-03-07 16:00:00,4.687
2022-03-07 17:00:00,4.666
2022-03-07 18:00:00,5.721
2022-03-07 19:00:00,6.9
2022-03-07 20:00:00,7.3420000000000005
2022-03-07 21:00:00,7.321
2022-03-07 22:00:00,7.114
2022-03-07 23:00:00,6.904
2022-03-08 00:00:00,6.7620000000000005
2022-03-08 01:00:00,6.542
2022-03-08 02:00:00,6.433
2022-03-08 03:00:00,6.7170000000000005
2022-03-08 04:00:00,6.85
2022-03-08 05:00:00,6.864000000000001
2022-03-08 06:00:00,6.905
2022-03-08 07:00:00,6.808
2022-03-08 08:00:00,5.728
2022-03-08 09:00:00,5.532
2022-03-08 10:00:00,5.640000000000001
2022-03-08 11:00:00,5.7379999999999995
2022-03-08 12:00:00,5.7490000000000006
2022-03-08 13:00:00,5.607
2022-03-08 14:00:00,5.396000000000001
2022-03-08 15:00:00,5.179
2022-03-08 16:00:00,4.595
2022-03-08 17:00:00,4.369
2022-03-08 18:00:00,5.132
2022-03-08 19:00:00,5.755000000000001
2022-03-08 20:00:00,5.9030000000000005
2022-03-08 21:00:00,5.687
2022-03-08 22:00:00,5.383000000000001
2022-03-08 23:00:00,5.095
2022-03-09 00:00:00,4.728
2022-03-09 01:00:00,4.449
2022-03-09 02:00:00,4.287
2022-03-09 03:00:00,4.142
2022-03-09 04:00:00,4.05
2022-03-09 05:00:00,4.05
2022-03-09 06:00:00,4.177
2022-03-09 07:00:00,4.325
2022-03-09 08:00:00,4.037
2022-03-09 09:00:00,4.146
2022-03-09 10:00:00,4.707
2022-03-09 11:00:00,5.452999999999999
2022-03-09 12:00:00,6.096
2022-03-09 13:00:00,6.465
2022-03-09 14:00:00,6.675
2022-03-09 15:00:00,6.699
2022-03-09 16:00:00,6.4399999999999995
2022-03-09 17:00:00,6.478999999999999
2022-03-09 18:00:00,7.256
2022-03-09 19:00:00,7.739000000000001
2022-03-09 20:00:00,7.803000000000001
2022-03-09 21:00:00,7.607000000000001
2022-03-09 22:00:00,7.433999999999999
2022-03-09 23:00:00,7.1450000000000005
2022-03-10 00:00:00,7.001
2022-03-10 01:00:00,6.6240000000000006
2022-03-10 02:00:00,6.243
2022-03-10 03:00:00,5.696
2022-03-10 04:00:00,5.104
2022-03-10 05:00:00,4.601
2022-03-10 06:00:00,4.333
2022-03-10 07:00:00,3.944
2022-03-10 08:00:00,3.027
2022-03-10 09:00:00,2.557
2022-03-10 10:00:00,2.621
2022-03-10 11:00:00,2.9290000000000003
2022-03-10 12:00:00,3.3600000000000003
2022-03-10 13:00:00,3.747
2022-03-10 14:00:00,4.088
2022-03-10 15:00:00,4.357
2022-03-10 16:00:00,4.375
2022-03-10 17:00:00,4.406
2022-03-10 18:00:00,5.503
2022-03-10 19:00:00,6.612
2022-03-10 20:00:00,6.938
2022-03-10 21:00:00,6.911
2022-03-10 22:00:00,7.018000000000001
2022-03-10 23:00:00,7.365
2022-03-11 00:00:00,7.561
2022-03-11 01:00:00,7.916
2022-03-11 02:00:00,8.16
2022-03-11 03:00:00,8.501000000000001
2022-03-11 04:00:00,9.083
2022-03-11 05:00:00,9.603
2022-03-11 06:00:00,10.148
2022-03-11 07:00:00,10.61
2022-03-11 08:00:00,10.721
2022-03-11 09:00:00,10.948
2022-03-11 10:00:00,11.204
2022-03-11 11:00:00,11.495000000000001
2022-03-11 12:00:00,11.883
2022-03-11 13:00:00,12.065
2022-03-11 14:00:00,11.9
2022-03-11 15:00:00,11.456
2022-03-11 16:00:00,10.789
2022-03-11 17:00:00,10.312000000000001
2022-03-11 18:00:00,10.264
2022-03-11 19:00:00,10.440999999999999
2022-03-11 20:00:00,10.247
2022-03-11 21:00:00,10.124
2022-03-11 22:00:00,10.210999999999999
2022-03-11 23:00:00,9.905000000000001
2022-03-12 00:00:00,9.407
2022-03-12 01:00:00,9.187999999999999
2022-03-12 02:00:00,9.203
2022-03-12 03:00:00,8.975999999999999
2022-03-12 04:00:00,8.423
2022-03-12 05:00:00,7.702
2022-03-12 06:00:00,7.231
2022-03-12 07:00:00,7.0169999999999995
2022-03-12 08:00:00,6.827
2022-03-12 09:00:00,6.9239999999999995
2022-03-12 10:00:00,7.273
2022-03-12 11:00:00,7.437
2022-03-12 12:00:00,7.715
2022-03-12 13:00:00,8.198
2022-03-12 14:00:00,8.963000000000001
2022-03-12 15:00:00,9.773
2022-03-12 16:00:00,10.142
2022-03-12 17:00:00,10.077
2022-03-12 18:00:00,10.288
2022-03-12 19:00:00,10.761
2022-03-12 20:00:00,10.786999999999999
2022-03-12 21:00:00,10.866
2022-03-12 22:00:00,11.135
2022-03-12 23:00:00,11.213999999999999
2022-03-13 00:00:00,11.120999999999999
2022-03-13 01:00:00,10.895
2022-03-13 02:00:00,10.339
2022-03-13 03:00:00,9.842
2022-03-13 04:00:00,9.558
2022-03-13 05:00:00,9.654
2022-03-13 06:00:00,9.863
2022-03-13 07:00:00,9.847999999999999
2022-03-13 08:00:00,9.493
2022-03-13 09:00:00,8.828
2022-03-13 10:00:00,8.901
2022-03-13 11:00:00,9.359
2022-03-13 12:00:00,9.984
2022-03-13 13:00:00,10.280999999999999
2022-03-13 14:00:00,10.239
2022-03-13 15:00:00,9.871
2022-03-13 16:00:00,9.085
2022-03-13 17:00:00,8.117
2022-03-13 18:00:00,7.536
2022-03-13 19:00:00,7.459
2022-03-13 20:00:00,7.594
2022-03-13 21:00:00,7.54
2022-03-13 22:00:00,7.541
2022-03-13 23:00:00,7.407
2022-03-14 00:00:00,7.109999999999999
2022-03-14 01:00:00,6.859
2022-03-14 02:00:00,6.365
2022-03-14 03:00:00,6.0600000000000005
2022-03-14 04:00:00,5.847
2022-03-14 05:00:00,5.7010000000000005
2022-03-14 06:00:00,5.676
2022-03-14 07:00:00,5.577
2022-03-14 08:00:00,5.465999999999999
2022-03-14 09:00:00,5.752000000000001
2022-03-14 10:00:00,6.247
2022-03-14 11:00:00,6.825
2022-03-14 12:00:00,7.155
2022-03-14 13:00:00,7.359
2022-03-14 14:00:00,7.506
2022-03-14 15:00:00,7.498
2022-03-14 16:00:00,7.3629999999999995
2022-03-14 17:00:00,7.41
2022-03-14 18:00:00,8.042
2022-03-14 19:00:00,8.711
2022-03-14 20:00:00,9.012
2022-03-14 21:00:00,9.068
2022-03-14 22:00:00,8.966000000000001
2022-03-14 23:00:00,8.756
2022-03-15 00:00:00,8.483
2022-03-15 01:00:00,8.224
2022-03-15 02:00:00,7.955
2022-03-15 03:00:00,7.856
2022-03-15 04:00:00,7.853
2022-03-15 05:00:00,7.746
2022-03-15 06:00:00,7.78
2022-03-15 07:00:00,7.789
2022-03-15 08:00:00,7.2620000000000005
2022-03-15 09:00:00,7.204
2022-03-15 10:00:00,7.542
2022-03-15 11:00:00,7.404
2022-03-15 12:00:00,7.038
2022-03-15 13:00:00,6.643
2022-03-15 14:00:00,6.332
2022-03-15 15:00:00,6.042
2022-03-15 16:00:00,5.621
2022-03-15 17:00:00,5.497999999999999
2022-03-15 18:00:00,5.994
2022-03-15 19:00:00,6.689
2022-03-15 20:00:00,7.263
2022-03-15 21:00:00,7.51
2022-03-15 22:00:00,7.442
2022-03-15 23:00:00,7.384
2022-03-16 00:00:00,7.349
2022-03-16 01:00:00,7.208
2022-03-16 02:00:00,6.856000000000001
2022-03-16 03:00:00,6.544
2022-03-16 04:00:00,6.29
2022-03-16 05:00:00,6.126
2022-03-16 06:00:00,6.024
2022-03-16 07:00:00,5.774
2022-03-16 08:00:00,4.981999999999999
2022-03-16 09:00:00,4.6
2022-03-16 10:00:00,4.5120000000000005
2022-03-16 11:00:00,4.487
2022-03-16 12:00:00,4.556
2022-03-16 13:00:00,4.557
2022-03-16 14:00:00,4.482
2022-03-16 15:00:00,4.395
2022-03-16 16:00:00,4.318
2022-03-16 17:00:00,4.591
2022-03-16 18:00:00,5.208
2022-03-16 19:00:00,5.49
2022-03-16 20:00:00,5.742
2022-03-16 21:00:00,5.7
2022-03-16 22:00:00,5.7989999999999995
2022-03-16 23:00:00,5.911
2022-03-17 00:00:00,6.159
2022-03-17 01:00:00,6.632
2022-03-17 02:00:00,7.08
2022-03-17 03:00:00,7.368
2022-03-17 04:00:00,7.122999999999999
2022-03-17 05:00:00,6.9239999999999995
2022-03-17 06:00:00,6.758
2022-03-17 07:00:00,6.446
2022-03-17 08:00:00,5.923
2022-03-17 09:00:00,6.442
2022-03-17 10:00:00,6.627000000000001
2022-03-17 11:00:00,6.557
2022-03-17 12:00:00,6.465999999999999
2022-03-17 13:00:00,6.401
2022-03-17 14:00:00,6.372
2022-03-17 15:00:00,6.254
2022-03-17 16:00:00,6.134
2022-03-17 17:00:00,6.041
2022-03-17 18:00:00,6.279
2022-03-17 19:00:00,6.711
2022-03-17 20:00:00,6.673
2022-03-17 21:00:00,6.423
2022-03-17 22:00:00,6.238
2022-03-17 23:00:00,6.198
2022-03-18 00:00:00,6.189
2022-03-18 01:00:00,6.213
2022-03-18 02:00:00,6.061
2022-03-18 03:00:00,5.9079999999999995
2022-03-18 04:00:00,5.787
2022-03-18 05:00:00,5.752
2022-03-18 06:00:00,5.944
2022-03-18 07:00:00,6.151
2022-03-18 08:00:00,5.881
2022-03-18 09:00:00,6.861000000000001
2022-03-18 10:00:00,8.818999999999999
2022-03-18 11:00:00,9.26
2022-03-18 12:00:00,9.524000000000001
2022-03-18 13:00:00,9.838000000000001
2022-03-18 14:00:00,10.163
2022-03-18 15:00:00,10.39
2022-03-18 16:00:00,10.321
2022-03-18 17:00:00,9.933
2022-03-18 18:00:00,10.186
2022-03-18 19:00:00,10.454
2022-03-18 20:00:00,10.148
2022-03-18 21:00:00,9.684999999999999
2022-03-18 22:00:00,9.248
2022-03-18 23:00:00,9.27
2022-03-19 00:00:00,9.308
2022-03-19 01:00:00,9.216000000000001
2022-03-19 02:00:00,9.151
2022-03-19 03:00:00,9.148
2022-03-19 04:00:00,8.942
2022-03-19 05:00:00,8.833
2022-03-19 06:00:00,8.723
2022-03-19 07:00:00,8.194
2022-03-19 08:00:00,7.3919999999999995
2022-03-19 09:00:00,8.772
2022-03-19 10:00:00,9.504999999999999
2022-03-19 11:00:00,9.084
2022-03-19 12:00:00,8.635000000000002
2022-03-19 13:00:00,8.222
2022-03-19 14:00:00,7.868
2022-03-19 15:00:00,7.601
2022-03-19 16:00:00,7.332000000000001
2022-03-19 17:00:00,6.816000000000001
2022-03-19 18:00:00,7.401
2022-03-19 19:00:00,8.34
2022-03-19 20:00:00,8.428
2022-03-19 21:00:00,8.168
2022-03-19 22:00:00,7.74
2022-03-19 23:00:00,7.2860000000000005
2022-03-20 00:00:00,6.987
2022-03-20 01:00:00,6.549
2022-03-20 02:00:00,6.261
2022-03-20 03:00:00,6.027
2022-03-20 04:00:00,6.2170000000000005
2022-03-20 05:00:00,6.295
2022-03-20 06:00:00,6.295
2022-03-20 07:00:00,5.894
2022-03-20 08:00:00,4.91
2022-03-20 09:00:00,5.168
2022-03-20 10:00:00,5.756
2022-03-20 11:00:00,5.724
2022-03-20 12:00:00,5.428
2022-03-20 13:00:00,5.09
2022-03-20 14:00:00,4.836
2022-03-20 15:00:00,4.657
2022-03-20 16:00:00,4.522
2022-03-20 17:00:00,4.306
2022-03-20 18:00:00,4.655
2022-03-20 19:00:00,5.428
2022-03-20 20:00:00,6.004
2022-03-20 21:00:00,6.469
2022-03-20 22:00:00,6.4910000000000005
2022-03-20 23:00:00,6.439
2022-03-21 00:00:00,6.379
2022-03-21 01:00:00,6.227
2022-03-21 02:00:00,6.194
2022-03-21 03:00:00,6.194
2022-03-21 04:00:00,5.968999999999999
2022-03-21 05:00:00,5.8260000000000005
2022-03-21 06:00:00,5.789
2022-03-21 07:00:00,5.5280000000000005
2022-03-21 08:00:00,5.200000000000001
2022-03-21 09:00:00,5.843999999999999
2022-03-21 10:00:00,6.289
2022-03-21 11:00:00,6.379
2022-03-21 12:00:00,6.321
2022-03-21 13:00:00,6.176
2022-03-21 14:00:00,5.976
2022-03-21 15:00:00,5.800000000000001
2022-03-21 16:00:00,5.710000000000001
2022-03-21 17:00:00,5.536
2022-03-21 18:00:00,6.0969999999999995
2022-03-21 19:00:00,7.091
2022-03-21 20:00:00,7.5920000000000005
2022-03-21 21:00:00,7.618
2022-03-21 22:00:00,7.608
2022-03-21 23:00:00,7.404999999999999
2022-03-22 00:00:00,7.276
2022-03-22 01:00:00,7.138999999999999
2022-03-22 02:00:00,7.074
2022-03-22 03:00:00,7.0600000000000005
2022-03-22 04:00:00,7.1530000000000005
2022-03-22 05:00:00,7.191
2022-03-22 06:00:00,7.1739999999999995
2022-03-22 07:00:00,6.59
2022-03-22 08:00:00,5.207
2022-03-22 09:00:00,6.251
2022-03-22 10:00:00,6.3740000000000006
2022-03-22 11:00:00,5.85
2022-03-22 12:00:00,5.7090000000000005
2022-03-22 13:00:00,5.81
2022-03-22 14:00:00,5.987
2022-03-22 15:00:00,6.0969999999999995
2022-03-22 16:00:00,5.898
2022-03-22 17:00:00,5.338
2022-03-22 18:00:00,5.529
2022-03-22 19:00:00,6.036
2022-03-22 20:00:00,6.218
2022-03-22 21:00:00,6.336
2022-03-22 22:00:00,6.33
2022-03-22 23:00:00,6.205
2022-03-23 00:00:00,5.941
2022-03-23 01:00:00,5.692
2022-03-23 02:00:00,5.293
2022-03-23 03:00:00,4.997
2022-03-23 04:00:00,4.739
2022-03-23 05:00:00,4.628
2022-03-23 06:00:00,4.612
2022-03-23 07:00:00,4.2780000000000005
2022-03-23 08:00:00,2.943
2022-03-23 09:00:00,2.871
2022-03-23 10:00:00,3.008
2022-03-23 11:00:00,3.108
2022-03-23 12:00:00,3.243
2022-03-23 13:00:00,3.33
2022-03-23 14:00:00,3.2800000000000002
2022-03-23 15:00:00,3.125
2022-03-23 16:00:00,2.859
2022-03-23 17:00:00,2.434
2022-03-23 18:00:00,2.378
2022-03-23 19:00:00,2.653
2022-03-23 20:00:00,3.041
2022-03-23 21:00:00,3.408
2022-03-23 22:00:00,3.71
2022-03-23 23:00:00,3.8630000000000004
2022-03-24 00:00:00,3.805
2022-03-24 01:00:00,3.5759999999999996
2022-03-24 02:00:00,3.2190000000000003
2022-03-24 03:00:00,2.879
2022-03-24 04:00:00,2.7039999999999997
2022-03-24 05:00:00,2.643
2022-03-24 06:00:00,2.651
2022-03-24 07:00:00,2.636
2022-03-24 08:00:00,1.885
2022-03-24 09:00:00,1.416
2022-03-24 10:00:00,1.279
2022-03-24 11:00:00,1.4529999999999998
2022-03-24 12:00:00,1.452
2022-03-24 13:00:00,1.448
2022-03-24 14:00:00,1.456
2022-03-24 15:00:00,1.528
2022-03-24 16:00:00,1.7239999999999998
2022-03-24 17:00:00,2.168
2022-03-24 18:00:00,3.129
2022-03-24 19:00:00,4.216
2022-03-24 20:00:00,5.036
2022-03-24 21:00:00,5.577
2022-03-24 22:00:00,5.879
2022-03-24 23:00:00,5.893
2022-03-25 00:00:00,5.657
2022-03-25 01:00:00,5.383
2022-03-25 02:00:00,5.101
2022-03-25 03:00:00,4.838
2022-03-25 04:00:00,4.711
2022-03-25 05:00:00,4.654999999999999
2022-03-25 06:00:00,4.604
2022-03-25 07:00:00,4.179
2022-03-25 08:00:00,2.9699999999999998
2022-03-25 09:00:00,2.642
2022-03-25 10:00:00,2.965
2022-03-25 11:00:00,3.93
2022-03-25 12:00:00,4.355
2022-03-25 13:00:00,4.672000000000001
2022-03-25 14:00:00,5.096
2022-03-25 15:00:00,5.6080000000000005
2022-03-25 16:00:00,5.9559999999999995
2022-03-25 17:00:00,6.084
2022-03-25 18:00:00,7.514
2022-03-25 19:00:00,9.083
2022-03-25 20:00:00,9.312000000000001
2022-03-25 21:00:00,9.02
2022-03-25 22:00:00,8.451
2022-03-25 23:00:00,8.032
2022-03-26 00:00:00,7.638
2022-03-26 01:00:00,7.381
2022-03-26 02:00:00,7.308
2022-03-26 03:00:00,7.2940000000000005
2022-03-26 04:00:00,7.1259999999999994
2022-03-26 05:00:00,6.768
2022-03-26 06:00:00,6.42
2022-03-26 07:00:00,5.526999999999999
2022-03-26 08:00:00,4.571
2022-03-26 09:00:00,5.241
2022-03-26 10:00:00,6.519
2022-03-26 11:00:00,7.6080000000000005
2022-03-26 12:00:00,8.398
2022-03-26 13:00:00,8.589
2022-03-26 14:00:00,8.674
2022-03-26 15:00:00,8.797
2022-03-26 16:00:00,8.69
2022-03-26 17:00:00,8.363
2022-03-26 18:00:00,9.114
2022-03-26 19:00:00,10.132
2022-03-26 20:00:00,10.056
2022-03-26 21:00:00,9.753
2022-03-26 22:00:00,9.163
2022-03-26 23:00:00,8.661
2022-03-27 00:00:00,8.375
2022-03-27 01:00:00,7.994
2022-03-27 03:00:00,7.506
2022-03-27 04:00:00,6.991
2022-03-27 05:00:00,6.404
2022-03-27 06:00:00,5.786
2022-03-27 07:00:00,5.222
2022-03-27 08:00:00,4.448
2022-03-27 09:00:00,3.153
2022-03-27 10:00:00,3.034
2022-03-27 11:00:00,3.384
2022-03-27 12:00:00,3.7539999999999996
2022-03-27 13:00:00,3.702
2022-03-27 14:00:00,3.356
2022-03-27 15:00:00,2.984
2022-03-27 16:00:00,2.71
2022-03-27 17:00:00,2.48
2022-03-27 18:00:00,2.3449999999999998
2022-03-27 19:00:00,2.747
2022-03-27 20:00:00,3.378
2022-03-27 21:00:00,3.973
2022-03-27 22:00:00,4.4079999999999995
2022-03-27 23:00:00,4.738
2022-03-28 00:00:00,4.936999999999999
2022-03-28 01:00:00,4.882
2022-03-28 02:00:00,4.644
2022-03-28 03:00:00,4.313000000000001
2022-03-28 04:00:00,3.998
2022-03-28 05:00:00,3.7510000000000003
2022-03-28 06:00:00,3.6559999999999997
2022-03-28 07:00:00,3.66
2022-03-28 08:00:00,3.3600000000000003
2022-03-28 09:00:00,2.1159999999999997
2022-03-28 10:00:00,1.37
2022-03-28 11:00:00,1.325
2022-03-28 12:00:00,1.506
2022-03-28 13:00:00,1.6440000000000001
2022-03-28 14:00:00,1.756
2022-03-28 15:00:00,1.805
2022-03-28 16:00:00,1.7719999999999998
2022-03-28 17:00:00,1.6880000000000002
2022-03-28 18:00:00,1.7879999999999998
2022-03-28 19:00:00,2.145
2022-03-28 20:00:00,2.467
2022-03-28 21:00:00,2.72
2022-03-28 22:00:00,2.909
2022-03-28 23:00:00,3.0940000000000003
2022-03-29 00:00:00,3.3
2022-03-29 01:00:00,3.378
2022-03-29 02:00:00,3.4080000000000004
2022-03-29 03:00:00,3.35
2022-03-29 04:00:00,3.182
2022-03-29 05:00:00,2.883
2022-03-29 06:00:00,2.734
2022-03-29 07:00:00,2.578
2022-03-29 08:00:00,2.326
2022-03-29 09:00:00,1.783
2022-03-29 10:00:00,1.811
2022-03-29 11:00:00,2.0140000000000002
2022-03-29 12:00:00,2.181
2022-03-29 13:00:00,2.2600000000000002
2022-03-29 14:00:00,2.276
2022-03-29 15:00:00,2.363
2022-03-29 16:00:00,2.509
2022-03-29 17:00:00,2.5540000000000003
2022-03-29 18:00:00,2.237
2022-03-29 19:00:00,2.1719999999999997
2022-03-29 20:00:00,2.477
2022-03-29 21:00:00,2.733
2022-03-29 22:00:00,2.86
2022-03-29 23:00:00,2.895
2022-03-30 00:00:00,2.817
2022-03-30 01:00:00,2.798
2022-03-30 02:00:00,2.9829999999999997
2022-03-30 03:00:00,2.8890000000000002
2022-03-30 04:00:00,2.761
2022-03-30 05:00:00,2.841
2022-03-30 06:00:00,2.944
2022-03-30 07:00:00,2.924
2022-03-30 08:00:00,2.739
2022-03-30 09:00:00,2.5700000000000003
2022-03-30 10:00:00,2.808
2022-03-30 11:00:00,2.799
2022-03-30 12:00:00,2.6310000000000002
2022-03-30 13:00:00,2.5679999999999996
2022-03-30 14:00:00,2.6420000000000003
2022-03-30 15:00:00,2.802
2022-03-30 16:00:00,3.012
2022-03-30 17:00:00,3.123
2022-03-30 18:00:00,3.097
2022-03-30 19:00:00,3.061
2022-03-30 20:00:00,3.3890000000000002
2022-03-30 21:00:00,3.471
2022-03-30 22:00:00,3.336
2022-03-30 23:00:00,3.2729999999999997
2022-03-31 00:00:00,3.3289999999999997
2022-03-31 01:00:00,3.362
2022-03-31 02:00:00,3.389
2022-03-31 03:00:00,3.507
2022-03-31 04:00:00,3.805
2022-03-31 05:00:00,4.170999999999999
2022-03-31 06:00:00,4.478
2022-03-31 07:00:00,4.75
2022-03-31 08:00:00,5.087
2022-03-31 09:00:00,6.095000000000001
2022-03-31 10:00:00,7.362
2022-03-31 11:00:00,8.053
2022-03-31 12:00:00,8.811
2022-03-31 13:00:00,9.654
2022-03-31 14:00:00,10.474
2022-03-31 15:00:00,11.030000000000001
2022-03-31 16:00:00,11.469000000000001
2022-03-31 17:00:00,11.861
2022-03-31 18:00:00,11.918
2022-03-31 19:00:00,11.554
2022-03-31 20:00:00,11.725
2022-03-31 21:00:00,11.841
2022-03-31 22:00:00,11.847999999999999
2022-03-31 23:00:00,12.151
2022-04-01 00:00:00,12.437999999999999
2022-04-01 01:00:00,12.309999999999999
2022-04-01 02:00:00,12.122
2022-04-01 03:00:00,12.192
2022-04-01 04:00:00,12.554
2022-04-01 05:00:00,12.73
2022-04-01 06:00:00,12.733
2022-04-01 07:00:00,12.814
2022-04-01 08:00:00,12.987
2022-04-01 09:00:00,13.794
2022-04-01 10:00:00,14.642
2022-04-01 11:00:00,14.559000000000001
2022-04-01 12:00:00,14.498
2022-04-01 13:00:00,14.595
2022-04-01 14:00:00,14.709
2022-04-01 15:00:00,14.923
2022-04-01 16:00:00,15.07
2022-04-01 17:00:00,14.954
2022-04-01 18:00:00,14.276
2022-04-01 19:00:00,13.355
2022-04-01 20:00:00,12.903
2022-04-01 21:00:00,12.545
2022-04-01 22:00:00,12.133
2022-04-01 23:00:00,12.022
2022-04-02 00:00:00,12.088999999999999
2022-04-02 01:00:00,12.103
2022-04-02 02:00:00,11.913
2022-04-02 03:00:00,11.789
2022-04-02 04:00:00,11.692
2022-04-02 05:00:00,11.325
2022-04-02 06:00:00,11.091000000000001
2022-04-02 07:00:00,10.905
2022-04-02 08:00:00,10.179
2022-04-02 09:00:00,10.222999999999999
2022-04-02 10:00:00,11.494
2022-04-02 11:00:00,11.279
2022-04-02 12:00:00,10.827
2022-04-02 13:00:00,10.524000000000001
2022-04-02 14:00:00,10.342
2022-04-02 15:00:00,10.2
2022-04-02 16:00:00,10.067
2022-04-02 17:00:00,9.847
2022-04-02 18:00:00,9.261
2022-04-02 19:00:00,8.402000000000001
2022-04-02 20:00:00,8.332
2022-04-02 21:00:00,8.247
2022-04-02 22:00:00,7.926
2022-04-02 23:00:00,7.557
2022-04-03 00:00:00,7.223
2022-04-03 01:00:00,6.862
2022-04-03 02:00:00,6.507
2022-04-03 03:00:00,6.126
2022-04-03 04:00:00,5.8469999999999995
2022-04-03 05:00:00,5.428
2022-04-03 06:00:00,4.982
2022-04-03 07:00:00,4.547
2022-04-03 08:00:00,3.612
2022-04-03 09:00:00,2.9210000000000003
2022-04-03 10:00:00,3.868
2022-04-03 11:00:00,4.021
2022-04-03 12:00:00,3.993
2022-04-03 13:00:00,3.976
2022-04-03 14:00:00,3.981
2022-04-03 15:00:00,3.912
2022-04-03 16:00:00,3.838
2022-04-03 17:00:00,3.869
2022-04-03 18:00:00,3.806
2022-04-03 19:00:00,3.53
2022-04-03 20:00:00,3.717
2022-04-03 21:00:00,3.678
2022-04-03 22:00:00,3.384
2022-04-03 23:00:00,3.099
2022-04-04 00:00:00,2.9690000000000003
2022-04-04 01:00:00,2.962
2022-04-04 02:00:00,3.049
2022-04-04 03:00:00,3.138
2022-04-04 04:00:00,3.2119999999999997
2022-04-04 05:00:00,3.3600000000000003
2022-04-04 06:00:00,3.535
2022-04-04 07:00:00,3.6639999999999997
2022-04-04 08:00:00,3.338
2022-04-04 09:00:00,3.076
2022-04-04 10:00:00,4.631
2022-04-04 11:00:00,5.226
2022-04-04 12:00:00,5.4350000000000005
2022-04-04 13:00:00,5.709
2022-04-04 14:00:00,6.055
2022-04-04 15:00:00,6.339
2022-04-04 16:00:00,6.4990000000000006
2022-04-04 17:00:00,6.508
2022-04-04 18:00:00,6.349
2022-04-04 19:00:00,6.157
2022-04-04 20:00:00,6.128
2022-04-04 21:00:00,6.067
2022-04-04 22:00:00,5.8260000000000005
2022-04-04 23:00:00,5.695
2022-04-05 00:00:00,5.729
2022-04-05 01:00:00,5.582
2022-04-05 02:00:00,5.179
2022-04-05 03:00:00,4.774
2022-04-05 04:00:00,4.5489999999999995
2022-04-05 05:00:00,4.337
2022-04-05 06:00:00,4.119
2022-04-05 07:00:00,3.974
2022-04-05 08:00:00,3.588
2022-04-05 09:00:00,2.89
2022-04-05 10:00:00,2.963
2022-04-05 11:00:00,3.282
2022-04-05 12:00:00,3.529
2022-04-05 13:00:00,3.775
2022-04-05 14:00:00,4.067
2022-04-05 15:00:00,4.335
2022-04-05 16:00:00,4.513
2022-04-05 17:00:00,4.607
2022-04-05 18:00:00,4.55
2022-04-05 19:00:00,4.4910000000000005
2022-04-05 20:00:00,4.677
2022-04-05 21:00:00,4.637
2022-04-05 22:00:00,4.359999999999999
2022-04-05 23:00:00,4.13
2022-04-06 00:00:00,3.859
2022-04-06 01:00:00,3.73
2022-04-06 02:00:00,3.624
2022-04-06 03:00:00,3.705
2022-04-06 04:00:00,3.753
2022-04-06 05:00:00,3.8550000000000004
2022-04-06 06:00:00,3.962
2022-04-06 07:00:00,4.183
2022-04-06 08:00:00,4.2989999999999995
2022-04-06 09:00:00,4.5520000000000005
2022-04-06 10:00:00,5.905
2022-04-06 11:00:00,7.075
2022-04-06 12:00:00,7.808
2022-04-06 13:00:00,8.448
2022-04-06 14:00:00,8.999
2022-04-06 15:00:00,9.471
2022-04-06 16:00:00,9.816
2022-04-06 17:00:00,9.943999999999999
2022-04-06 18:00:00,9.829
2022-04-06 19:00:00,9.798
2022-04-06 20:00:00,10.058
2022-04-06 21:00:00,10.274000000000001
2022-04-06 22:00:00,10.635
2022-04-06 23:00:00,11.294
2022-04-07 00:00:00,12.123
2022-04-07 01:00:00,12.855
2022-04-07 02:00:00,13.397
2022-04-07 03:00:00,13.888000000000002
2022-04-07 04:00:00,14.403
2022-04-07 05:00:00,14.599
2022-04-07 06:00:00,15.109
2022-04-07 07:00:00,15.48
2022-04-07 08:00:00,15.552
2022-04-07 09:00:00,15.929
2022-04-07 10:00:00,16.311
2022-04-07 11:00:00,16.759999999999998
2022-04-07 12:00:00,17.046
2022-04-07 13:00:00,17.274
2022-04-07 14:00:00,17.289
2022-04-07 15:00:00,17.150000000000002
2022-04-07 16:00:00,16.954
2022-04-07 17:00:00,16.673000000000002
2022-04-07 18:00:00,16.078
2022-04-07 19:00:00,14.842
2022-04-07 20:00:00,13.738
2022-04-07 21:00:00,12.503
2022-04-07 22:00:00,11.576
2022-04-07 23:00:00,11.007000000000001
2022-04-08 00:00:00,10.205
2022-04-08 01:00:00,9.244
2022-04-08 02:00:00,8.415
2022-04-08 03:00:00,8.056000000000001
2022-04-08 04:00:00,7.9350000000000005
2022-04-08 05:00:00,7.592
2022-04-08 06:00:00,7.633
2022-04-08 07:00:00,7.9670000000000005
2022-04-08 08:00:00,8.262
2022-04-08 09:00:00,9.105
2022-04-08 10:00:00,9.874
2022-04-08 11:00:00,10.265
2022-04-08 12:00:00,10.536999999999999
2022-04-08 13:00:00,11.064
2022-04-08 14:00:00,11.315
2022-04-08 15:00:00,11.265
2022-04-08 16:00:00,12.131
2022-04-08 17:00:00,12.922
2022-04-08 18:00:00,12.698
2022-04-08 19:00:00,11.54
2022-04-08 20:00:00,10.757
2022-04-08 21:00:00,10.567
2022-04-08 22:00:00,10.09
2022-04-08 23:00:00,9.361
2022-04-09 00:00:00,8.923
2022-04-09 01:00:00,8.629
2022-04-09 02:00:00,7.914999999999999
2022-04-09 03:00:00,7.206
2022-04-09 04:00:00,6.762
2022-04-09 05:00:00,6.542
2022-04-09 06:00:00,6.359999999999999
2022-04-09 07:00:00,6.2669999999999995
2022-04-09 08:00:00,6.174
2022-04-09 09:00:00,6.192
2022-04-09 10:00:00,6.754
2022-04-09 11:00:00,6.707000000000001
2022-04-09 12:00:00,6.625
2022-04-09 13:00:00,6.66
2022-04-09 14:00:00,6.724
2022-04-09 15:00:00,6.7090000000000005
2022-04-09 16:00:00,6.553
2022-04-09 17:00:00,6.3260000000000005
2022-04-09 18:00:00,5.995
2022-04-09 19:00:00,5.579
2022-04-09 20:00:00,5.621
2022-04-09 21:00:00,5.464
2022-04-09 22:00:00,5.055999999999999
2022-04-09 23:00:00,4.641
2022-04-10 00:00:00,4.061
2022-04-10 01:00:00,3.783
2022-04-10 02:00:00,3.761
2022-04-10 03:00:00,3.733
2022-04-10 04:00:00,3.832
2022-04-10 05:00:00,3.966
2022-04-10 06:00:00,3.992
2022-04-10 07:00:00,3.9059999999999997
2022-04-10 08:00:00,2.983
2022-04-10 09:00:00,1.959
2022-04-10 10:00:00,2.854
2022-04-10 11:00:00,3.45
2022-04-10 12:00:00,3.247
2022-04-10 13:00:00,3.188
2022-04-10 14:00:00,3.232
2022-04-10 15:00:00,3.407
2022-04-10 16:00:00,3.755
2022-04-10 17:00:00,4.131
2022-04-10 18:00:00,4.231
2022-04-10 19:00:00,4.646
2022-04-10 20:00:00,5.8870000000000005
2022-04-10 21:00:00,6.862
2022-04-10 22:00:00,7.1930000000000005
2022-04-10 23:00:00,7.286
2022-04-11 00:00:00,7.416
2022-04-11 01:00:00,7.543
2022-04-11 02:00:00,7.673
2022-04-11 03:00:00,7.932
2022-04-11 04:00:00,8.155000000000001
2022-04-11 05:00:00,8.311
2022-04-11 06:00:00,8.399000000000001
2022-04-11 07:00:00,8.256
2022-04-11 08:00:00,7.247
2022-04-11 09:00:00,7.266
2022-04-11 10:00:00,9.525
2022-04-11 11:00:00,10.144
2022-04-11 12:00:00,10.185
2022-04-11 13:00:00,10.071
2022-04-11 14:00:00,9.926
2022-04-11 15:00:00,9.736
2022-04-11 16:00:00,9.481
2022-04-11 17:00:00,8.829
2022-04-11 18:00:00,8.061
2022-04-11 19:00:00,8.242
2022-04-11 20:00:00,9.028
2022-04-11 21:00:00,9.335
2022-04-11 22:00:00,9.600999999999999
2022-04-11 23:00:00,9.926
2022-04-12 00:00:00,10.209
2022-04-12 01:00:00,10.203
2022-04-12 02:00:00,10.261000000000001
2022-04-12 03:00:00,10.28
2022-04-12 04:00:00,10.282
2022-04-12 05:00:00,9.626999999999999
2022-04-12 06:00:00,9.212
2022-04-12 07:00:00,8.786000000000001
2022-04-12 08:00:00,7.742000000000001
2022-04-12 09:00:00,7.275
2022-04-12 10:00:00,7.749
2022-04-12 11:00:00,8.120999999999999
2022-04-12 12:00:00,8.128
2022-04-12 13:00:00,7.997
2022-04-12 14:00:00,7.75
2022-04-12 15:00:00,7.436999999999999
2022-04-12 16:00:00,7.004
2022-04-12 17:00:00,6.3580000000000005
2022-04-12 18:00:00,5.743
2022-04-12 19:00:00,5.468
2022-04-12 20:00:00,5.763999999999999
2022-04-12 21:00:00,5.933
2022-04-12 22:00:00,5.897
2022-04-12 23:00:00,5.938000000000001
2022-04-13 00:00:00,5.881
2022-04-13 01:00:00,5.754
2022-04-13 02:00:00,5.556
2022-04-13 03:00:00,5.112
2022-04-13 04:00:00,4.715999999999999
2022-04-13 05:00:00,4.2620000000000005
2022-04-13 06:00:00,3.8129999999999997
2022-04-13 07:00:00,3.42
2022-04-13 08:00:00,2.988
2022-04-13 09:00:00,2.798
2022-04-13 10:00:00,2.857
2022-04-13 11:00:00,2.864
2022-04-13 12:00:00,2.8309999999999995
2022-04-13 13:00:00,2.735
2022-04-13 14:00:00,2.5709999999999997
2022-04-13 15:00:00,2.3950000000000005
2022-04-13 16:00:00,2.228
2022-04-13 17:00:00,2.097
2022-04-13 18:00:00,1.9809999999999999
2022-04-13 19:00:00,1.914
2022-04-13 20:00:00,2.074
2022-04-13 21:00:00,2.235
2022-04-13 22:00:00,2.434
2022-04-13 23:00:00,2.566
2022-04-14 00:00:00,2.556
2022-04-14 01:00:00,2.5460000000000003
2022-04-14 02:00:00,2.545
2022-04-14 03:00:00,2.537
2022-04-14 04:00:00,2.515
2022-04-14 05:00:00,2.44
2022-04-14 06:00:00,2.248
2022-04-14 07:00:00,2.069
2022-04-14 08:00:00,1.5619999999999998
2022-04-14 09:00:00,1.212
2022-04-14 10:00:00,1.4889999999999999
2022-04-14 11:00:00,1.498
2022-04-14 12:00:00,1.345
2022-04-14 13:00:00,1.1889999999999998
2022-04-14 14:00:00,1.1019999999999999
2022-04-14 15:00:00,1.085
2022-04-14 16:00:00,1.077
2022-04-14 17:00:00,1.111
2022-04-14 18:00:00,1.1949999999999998
2022-04-14 19:00:00,1.509
2022-04-14 20:00:00,2.141
2022-04-14 21:00:00,2.642
2022-04-14 22:00:00,2.765
2022-04-14 23:00:00,2.762
2022-04-15 00:00:00,2.709
2022-04-15 01:00:00,2.62
2022-04-15 02:00:00,2.518
2022-04-15 03:00:00,2.425
2022-04-15 04:00:00,2.347
2022-04-15 05:00:00,2.107
2022-04-15 06:00:00,1.8210000000000002
2022-04-15 07:00:00,1.6280000000000001
2022-04-15 08:00:00,1.2440000000000002
2022-04-15 09:00:00,0.891
2022-04-15 10:00:00,0.9730000000000001
2022-04-15 11:00:00,1.208
2022-04-15 12:00:00,1.182
2022-04-15 13:00:00,1.121
2022-04-15 14:00:00,1.127
2022-04-15 15:00:00,1.238
2022-04-15 16:00:00,1.4669999999999999
2022-04-15 17:00:00,1.8840000000000001
2022-04-15 18:00:00,2.458
2022-04-15 19:00:00,3.3289999999999997
2022-04-15 20:00:00,4.859
2022-04-15 21:00:00,5.926
2022-04-15 22:00:00,6.134
2022-04-15 23:00:00,5.907
2022-04-16 00:00:00,5.668
2022-04-16 01:00:00,5.436999999999999
2022-04-16 02:00:00,5.021
2022-04-16 03:00:00,4.571
2022-04-16 04:00:00,4.217
2022-04-16 05:00:00,3.919
2022-04-16 06:00:00,3.769
2022-04-16 07:00:00,3.702
2022-04-16 08:00:00,2.915
2022-04-16 09:00:00,2.598
2022-04-16 10:00:00,3.4059999999999997
2022-04-16 11:00:00,4.134
2022-04-16 12:00:00,4.252
2022-04-16 13:00:00,4.362
2022-04-16 14:00:00,4.497
2022-04-16 15:00:00,4.5920000000000005
2022-04-16 16:00:00,4.615
2022-04-16 17:00:00,4.707
2022-04-16 18:00:00,4.758
2022-04-16 19:00:00,4.814
2022-04-16 20:00:00,5.984
2022-04-16 21:00:00,7.12
2022-04-16 22:00:00,7.539
2022-04-16 23:00:00,7.83
2022-04-17 00:00:00,8.231
2022-04-17 01:00:00,8.579
2022-04-17 02:00:00,8.514
2022-04-17 03:00:00,8.402
2022-04-17 04:00:00,8.178
2022-04-17 05:00:00,7.791
2022-04-17 06:00:00,7.272
2022-04-17 07:00:00,6.452
2022-04-17 08:00:00,4.617
2022-04-17 09:00:00,3.932
2022-04-17 10:00:00,4.2010000000000005
2022-04-17 11:00:00,3.891
2022-04-17 12:00:00,3.547
2022-04-17 13:00:00,3.4739999999999998
2022-04-17 14:00:00,3.424
2022-04-17 15:00:00,3.392
2022-04-17 16:00:00,3.396
2022-04-17 17:00:00,3.5440000000000005
2022-04-17 18:00:00,3.5629999999999997
2022-04-17 19:00:00,3.719
2022-04-17 20:00:00,4.4399999999999995
2022-04-17 21:00:00,5.152
2022-04-17 22:00:00,5.636
2022-04-17 23:00:00,5.696
2022-04-18 00:00:00,5.324
2022-04-18 01:00:00,4.869
2022-04-18 02:00:00,4.528
2022-04-18 03:00:00,4.284
2022-04-18 04:00:00,4.057
2022-04-18 05:00:00,3.834
2022-04-18 06:00:00,3.684
2022-04-18 07:00:00,3.371
2022-04-18 08:00:00,2.229
2022-04-18 09:00:00,1.7730000000000001
2022-04-18 10:00:00,1.494
2022-04-18 11:00:00,1.244
2022-04-18 12:00:00,0.99
2022-04-18 13:00:00,0.866
2022-04-18 14:00:00,0.925
2022-04-18 15:00:00,1.074
2022-04-18 16:00:00,1.302
2022-04-18 17:00:00,1.617
2022-04-18 18:00:00,2.05
2022-04-18 19:00:00,2.672
2022-04-18 20:00:00,3.339
2022-04-18 21:00:00,3.741
2022-04-18 22:00:00,3.787
2022-04-18 23:00:00,3.732
2022-04-19 00:00:00,3.58
2022-04-19 01:00:00,3.3440000000000003
2022-04-19 02:00:00,3.0700000000000003
2022-04-19 03:00:00,2.8389999999999995
2022-04-19 04:00:00,2.5949999999999998
2022-04-19 05:00:00,2.3129999999999997
2022-04-19 06:00:00,2.0540000000000003
2022-04-19 07:00:00,1.83
2022-04-19 08:00:00,1.4689999999999999
2022-04-19 09:00:00,1.459
2022-04-19 10:00:00,1.435
2022-04-19 11:00:00,1.421
2022-04-19 12:00:00,1.499
2022-04-19 13:00:00,1.645
2022-04-19 14:00:00,1.863
2022-04-19 15:00:00,2.154
2022-04-19 16:00:00,2.55
2022-04-19 17:00:00,3.117
2022-04-19 18:00:00,3.696
2022-04-19 19:00:00,4.253
2022-04-19 20:00:00,5.097
2022-04-19 21:00:00,5.617
2022-04-19 22:00:00,5.3100000000000005
2022-04-19 23:00:00,4.926
2022-04-20 00:00:00,4.682
2022-04-20 01:00:00,4.421
2022-04-20 02:00:00,4.272
2022-04-20 03:00:00,4.245
2022-04-20 04:00:00,4.203
2022-04-20 05:00:00,4.205
2022-04-20 06:00:00,4.273
2022-04-20 07:00:00,4.373
2022-04-20 08:00:00,4.103
2022-04-20 09:00:00,4.457000000000001
2022-04-20 10:00:00,5.271
2022-04-20 11:00:00,6.035
2022-04-20 12:00:00,6.2620000000000005
2022-04-20 13:00:00,5.955
2022-04-20 14:00:00,5.54
2022-04-20 15:00:00,4.824
2022-04-20 16:00:00,4.283
2022-04-20 17:00:00,4.2
2022-04-20 18:00:00,4.254
2022-04-20 19:00:00,4.656
2022-04-20 20:00:00,5.640000000000001
2022-04-20 21:00:00,6.034
2022-04-20 22:00:00,5.819
2022-04-20 23:00:00,5.388
2022-04-21 00:00:00,5.032
2022-04-21 01:00:00,4.774
2022-04-21 02:00:00,4.5120000000000005
2022-04-21 03:00:00,4.386
2022-04-21 04:00:00,4.323
2022-04-21 05:00:00,4.132
2022-04-21 06:00:00,4.096
2022-04-21 07:00:00,3.9269999999999996
2022-04-21 08:00:00,3.255
2022-04-21 09:00:00,3.107
2022-04-21 10:00:00,3.311
2022-04-21 11:00:00,3.8950000000000005
2022-04-21 12:00:00,4.308
2022-04-21 13:00:00,4.519
2022-04-21 14:00:00,4.683999999999999
2022-04-21 15:00:00,4.829000000000001
2022-04-21 16:00:00,4.904999999999999
2022-04-21 17:00:00,4.8950000000000005
2022-04-21 18:00:00,4.676
2022-04-21 19:00:00,4.529
2022-04-21 20:00:00,5.447
2022-04-21 21:00:00,5.952
2022-04-21 22:00:00,5.851
2022-04-21 23:00:00,5.56
2022-04-22 00:00:00,5.269
2022-04-22 01:00:00,4.998
2022-04-22 02:00:00,4.684
2022-04-22 03:00:00,4.390000000000001
2022-04-22 04:00:00,4.229
2022-04-22 05:00:00,3.933
2022-04-22 06:00:00,3.576
2022-04-22 07:00:00,3.0940000000000003
2022-04-22 08:00:00,2.463
2022-04-22 09:00:00,2.505
2022-04-22 10:00:00,3.322
2022-04-22 11:00:00,3.838
2022-04-22 12:00:00,3.9429999999999996
2022-04-22 13:00:00,3.896
2022-04-22 14:00:00,3.8
2022-04-22 15:00:00,3.753
2022-04-22 16:00:00,3.734
2022-04-22 17:00:00,3.615
2022-04-22 18:00:00,3.4459999999999997
2022-04-22 19:00:00,3.6639999999999997
2022-04-22 20:00:00,4.726
2022-04-22 21:00:00,5.852
2022-04-22 22:00:00,6.484
2022-04-22 23:00:00,6.6
2022-04-23 00:00:00,6.42
2022-04-23 01:00:00,6.218999999999999
2022-04-23 02:00:00,6.156000000000001
2022-04-23 03:00:00,6.26
2022-04-23 04:00:00,6.2829999999999995
2022-04-23 05:00:00,6.093
2022-04-23 06:00:00,5.9350000000000005
2022-04-23 07:00:00,5.875
2022-04-23 08:00:00,5.7010000000000005
2022-04-23 09:00:00,5.914
2022-04-23 10:00:00,6.708
2022-04-23 11:00:00,7.591
2022-04-23 12:00:00,8.212
2022-04-23 13:00:00,8.530000000000001
2022-04-23 14:00:00,8.696
2022-04-23 15:00:00,8.581
2022-04-23 16:00:00,8.175
2022-04-23 17:00:00,7.781000000000001
2022-04-23 18:00:00,7.391
2022-04-23 19:00:00,7.259
2022-04-23 20:00:00,7.715
2022-04-23 21:00:00,8.165000000000001
2022-04-23 22:00:00,7.743
2022-04-23 23:00:00,7.2170000000000005
2022-04-24 00:00:00,6.7780000000000005
2022-04-24 01:00:00,6.564
2022-04-24 02:00:00,6.198
2022-04-24 03:00:00,5.925000000000001
2022-04-24 04:00:00,5.885
2022-04-24 05:00:00,5.727
2022-04-24 06:00:00,5.748
2022-04-24 07:00:00,5.502000000000001
2022-04-24 08:00:00,4.9510000000000005
2022-04-24 09:00:00,5.077
2022-04-24 10:00:00,5.809
2022-04-24 11:00:00,6.26
2022-04-24 12:00:00,6.212
2022-04-24 13:00:00,6.067
2022-04-24 14:00:00,5.864000000000001
2022-04-24 15:00:00,5.641
2022-04-24 16:00:00,5.535
2022-04-24 17:00:00,5.359
2022-04-24 18:00:00,5.045
2022-04-24 19:00:00,4.753
2022-04-24 20:00:00,5.024
2022-04-24 21:00:00,5.353
2022-04-24 22:00:00,5.42
2022-04-24 23:00:00,5.444
2022-04-25 00:00:00,5.337999999999999
2022-04-25 01:00:00,5.11
2022-04-25 02:00:00,4.873
2022-04-25 03:00:00,4.571
2022-04-25 04:00:00,4.291
2022-04-25 05:00:00,3.814
2022-04-25 06:00:00,3.4909999999999997
2022-04-25 07:00:00,3.162
2022-04-25 08:00:00,2.8209999999999997
2022-04-25 09:00:00,2.83
2022-04-25 10:00:00,2.794
2022-04-25 11:00:00,2.6639999999999997
2022-04-25 12:00:00,2.577
2022-04-25 13:00:00,2.601
2022-04-25 14:00:00,2.742
2022-04-25 15:00:00,2.951
2022-04-25 16:00:00,3.118
2022-04-25 17:00:00,3.203
2022-04-25 18:00:00,3.1550000000000002
2022-04-25 19:00:00,2.9459999999999997
2022-04-25 20:00:00,3.085
2022-04-25 21:00:00,3.679
2022-04-25 22:00:00,3.893
2022-04-25 23:00:00,3.902
2022-04-26 00:00:00,3.846
2022-04-26 01:00:00,3.737
2022-04-26 02:00:00,3.6050000000000004
2022-04-26 03:00:00,3.419
2022-04-26 04:00:00,3.265
2022-04-26 05:00:00,3.1559999999999997
2022-04-26 06:00:00,3.013
2022-04-26 07:00:00,2.761
2022-04-26 08:00:00,2.285
2022-04-26 09:00:00,2.693
2022-04-26 10:00:00,3.021
2022-04-26 11:00:00,3.01
2022-04-26 12:00:00,2.9539999999999997
2022-04-26 13:00:00,2.934
2022-04-26 14:00:00,2.957
2022-04-26 15:00:00,3.0410000000000004
2022-04-26 16:00:00,3.186
2022-04-26 17:00:00,3.428
2022-04-26 18:00:00,3.7990000000000004
2022-04-26 19:00:00,4.183999999999999
2022-04-26 20:00:00,5.306
2022-04-26 21:00:00,6.59
2022-04-26 22:00:00,6.781000000000001
2022-04-26 23:00:00,6.599
2022-04-27 00:00:00,6.35
2022-04-27 01:00:00,5.945
2022-04-27 02:00:00,5.473000000000001
2022-04-27 03:00:00,5.1530000000000005
2022-04-27 04:00:00,4.823
2022-04-27 05:00:00,4.357
2022-04-27 06:00:00,4.1499999999999995
2022-04-27 07:00:00,3.9669999999999996
2022-04-27 08:00:00,3.519
2022-04-27 09:00:00,4.101
2022-04-27 10:00:00,4.415
2022-04-27 11:00:00,4.288
2022-04-27 12:00:00,4.103
2022-04-27 13:00:00,4.018
2022-04-27 14:00:00,4.051
2022-04-27 15:00:00,4.171
2022-04-27 16:00:00,4.37
2022-04-27 17:00:00,4.659
2022-04-27 18:00:00,4.894
2022-04-27 19:00:00,4.885
2022-04-27 20:00:00,5.541
2022-04-27 21:00:00,6.349
2022-04-27 22:00:00,6.249
2022-04-27 23:00:00,6.019
2022-04-28 00:00:00,5.877
2022-04-28 01:00:00,5.699
2022-04-28 02:00:00,5.501
2022-04-28 03:00:00,5.32
2022-04-28 04:00:00,5.0360000000000005
2022-04-28 05:00:00,4.645
2022-04-28 06:00:00,4.121
2022-04-28 07:00:00,3.415
2022-04-28 08:00:00,2.7439999999999998
2022-04-28 09:00:00,3.0869999999999997
2022-04-28 10:00:00,3.5469999999999997
2022-04-28 11:00:00,3.823
2022-04-28 12:00:00,3.746
2022-04-28 13:00:00,3.431
2022-04-28 14:00:00,3.027
2022-04-28 15:00:00,2.67
2022-04-28 16:00:00,2.423
2022-04-28 17:00:00,2.3369999999999997
2022-04-28 18:00:00,2.357
2022-04-28 19:00:00,2.75
2022-04-28 20:00:00,3.847
2022-04-28 21:00:00,4.689
2022-04-28 22:00:00,4.776
2022-04-28 23:00:00,4.502
2022-04-29 00:00:00,4.079
2022-04-29 01:00:00,3.7119999999999997
2022-04-29 02:00:00,3.401
2022-04-29 03:00:00,3.2540000000000004
2022-04-29 04:00:00,3.326
2022-04-29 05:00:00,3.418
2022-04-29 06:00:00,3.307
2022-04-29 07:00:00,2.841
2022-04-29 08:00:00,2.262
2022-04-29 09:00:00,2.529
2022-04-29 10:00:00,2.791
2022-04-29 11:00:00,2.771
2022-04-29 12:00:00,2.581
2022-04-29 13:00:00,2.335
2022-04-29 14:00:00,2.144
2022-04-29 15:00:00,2.199
2022-04-29 16:00:00,2.319
2022-04-29 17:00:00,2.592
2022-04-29 18:00:00,3.0460000000000003
2022-04-29 19:00:00,3.591
2022-04-29 20:00:00,4.322
2022-04-29 21:00:00,4.949
2022-04-29 22:00:00,4.926
2022-04-29 23:00:00,4.65
2022-04-30 00:00:00,4.373
2022-04-30 01:00:00,4.058
2022-04-30 02:00:00,3.71
2022-04-30 03:00:00,3.457
2022-04-30 04:00:00,3.252
2022-04-30 05:00:00,3.073
2022-04-30 06:00:00,2.841
2022-04-30 07:00:00,2.552
2022-04-30 08:00:00,2.385
2022-04-30 09:00:00,2.387
2022-04-30 10:00:00,2.378
2022-04-30 11:00:00,2.258
2022-04-30 12:00:00,2.287
2022-04-30 13:00:00,2.533
2022-04-30 14:00:00,2.809
2022-04-30 15:00:00,3.039
2022-04-30 16:00:00,3.255
2022-04-30 17:00:00,3.5709999999999997
2022-04-30 18:00:00,3.859
2022-04-30 19:00:00,3.8409999999999997
2022-04-30 20:00:00,4.196
2022-04-30 21:00:00,4.874
2022-04-30 22:00:00,4.87
2022-04-30 23:00:00,4.55
2022-05-01 00:00:00,4.114
2022-05-01 01:00:00,3.6500000000000004
2022-05-01 02:00:00,3.142
2022-05-01 03:00:00,2.787
2022-05-01 04:00:00,2.577
2022-05-01 05:00:00,2.394
2022-05-01 06:00:00,2.242
2022-05-01 07:00:00,1.951
2022-05-01 08:00:00,1.321
2022-05-01 09:00:00,1.234
2022-05-01 10:00:00,1.287
2022-05-01 11:00:00,1.203
2022-05-01 12:00:00,1.0799999999999998
2022-05-01 13:00:00,0.9929999999999999
2022-05-01 14:00:00,1.004
2022-05-01 15:00:00,1.1280000000000001
2022-05-01 16:00:00,1.296
2022-05-01 17:00:00,1.528
2022-05-01 18:00:00,1.7919999999999998
2022-05-01 19:00:00,2.072
2022-05-01 20:00:00,2.763
2022-05-01 21:00:00,3.5180000000000002
2022-05-01 22:00:00,3.654
2022-05-01 23:00:00,3.38
2022-05-02 00:00:00,3.014
2022-05-02 01:00:00,2.683
2022-05-02 02:00:00,2.393
2022-05-02 03:00:00,2.165
2022-05-02 04:00:00,1.994
2022-05-02 05:00:00,1.8290000000000002
2022-05-02 06:00:00,1.7149999999999999
2022-05-02 07:00:00,1.4529999999999998
2022-05-02 08:00:00,1.0030000000000001
2022-05-02 09:00:00,0.9989999999999999
2022-05-02 10:00:00,1.283
2022-05-02 11:00:00,1.42
2022-05-02 12:00:00,1.473
2022-05-02 13:00:00,1.5379999999999998
2022-05-02 14:00:00,1.693
2022-05-02 15:00:00,1.9420000000000002
2022-05-02 16:00:00,2.264
2022-05-02 17:00:00,2.602
2022-05-02 18:00:00,2.886
2022-05-02 19:00:00,3.176
2022-05-02 20:00:00,4.05
2022-05-02 21:00:00,5.122
2022-05-02 22:00:00,5.366
2022-05-02 23:00:00,5.17
2022-05-03 00:00:00,4.8759999999999994
2022-05-03 01:00:00,4.568
2022-05-03 02:00:00,4.22
2022-05-03 03:00:00,3.8899999999999997
2022-05-03 04:00:00,3.6260000000000003
2022-05-03 05:00:00,3.372
2022-05-03 06:00:00,3.1529999999999996
2022-05-03 07:00:00,2.609
2022-05-03 08:00:00,1.7429999999999999
2022-05-03 09:00:00,1.7759999999999998
2022-05-03 10:00:00,2.101
2022-05-03 11:00:00,2.09
2022-05-03 12:00:00,1.939
2022-05-03 13:00:00,1.746
2022-05-03 14:00:00,1.662
2022-05-03 15:00:00,1.71
2022-05-03 16:00:00,1.85
2022-05-03 17:00:00,2.0860000000000003
2022-05-03 18:00:00,2.3360000000000003
2022-05-03 19:00:00,2.511
2022-05-03 20:00:00,3.005
2022-05-03 21:00:00,3.8390000000000004
2022-05-03 22:00:00,4.08
2022-05-03 23:00:00,3.8
2022-05-04 00:00:00,3.393
2022-05-04 01:00:00,3.023
2022-05-04 02:00:00,2.6239999999999997
2022-05-04 03:00:00,2.264
2022-05-04 04:00:00,1.9380000000000002
2022-05-04 05:00:00,1.5979999999999999
2022-05-04 06:00:00,1.3439999999999999
2022-05-04 07:00:00,1.0339999999999998
2022-05-04 08:00:00,0.5679999999999998
2022-05-04 09:00:00,0.581
2022-05-04 10:00:00,0.8089999999999999
2022-05-04 11:00:00,0.898
2022-05-04 12:00:00,0.9610000000000001
2022-05-04 13:00:00,1.087
2022-05-04 14:00:00,1.3130000000000002
2022-05-04 15:00:00,1.624
2022-05-04 16:00:00,1.9909999999999999
2022-05-04 17:00:00,2.4130000000000003
2022-05-04 18:00:00,2.819
2022-05-04 19:00:00,2.9859999999999998
2022-05-04 20:00:00,3.159
2022-05-04 21:00:00,3.527
2022-05-04 22:00:00,3.5469999999999997
2022-05-04 23:00:00,3.357
2022-05-05 00:00:00,3.2299999999999995
2022-05-05 01:00:00,3.162
2022-05-05 02:00:00,3.054
2022-05-05 03:00:00,2.968
2022-05-05 04:00:00,2.867
2022-05-05 05:00:00,2.764
2022-05-05 06:00:00,2.666
2022-05-05 07:00:00,2.322
2022-05-05 08:00:00,1.627
2022-05-05 09:00:00,1.802
2022-05-05 10:00:00,2.126
2022-05-05 11:00:00,2.418
2022-05-05 12:00:00,2.573
2022-05-05 13:00:00,2.714
2022-05-05 14:00:00,2.8710000000000004
2022-05-05 15:00:00,3.0759999999999996
2022-05-05 16:00:00,3.323
2022-05-05 17:00:00,3.567
2022-05-05 18:00:00,3.7150000000000003
2022-05-05 19:00:00,3.7640000000000002
2022-05-05 20:00:00,4.234
2022-05-05 21:00:00,4.897
2022-05-05 22:00:00,4.996
2022-05-05 23:00:00,4.873
2022-05-06 00:00:00,4.64
2022-05-06 01:00:00,4.259
2022-05-06 02:00:00,3.918
2022-05-06 03:00:00,3.8040000000000003
2022-05-06 04:00:00,3.7169999999999996
2022-05-06 05:00:00,3.5519999999999996
2022-05-06 06:00:00,3.42
2022-05-06 07:00:00,3.01
2022-05-06 08:00:00,2.621
2022-05-06 09:00:00,2.747
2022-05-06 10:00:00,3.189
2022-05-06 11:00:00,3.4779999999999998
2022-05-06 12:00:00,3.5469999999999997
2022-05-06 13:00:00,3.5490000000000004
2022-05-06 14:00:00,3.626
2022-05-06 15:00:00,3.7350000000000003
2022-05-06 16:00:00,3.9530000000000003
2022-05-06 17:00:00,4.277
2022-05-06 18:00:00,4.484
2022-05-06 19:00:00,4.401
2022-05-06 20:00:00,4.52
2022-05-06 21:00:00,4.929
2022-05-06 22:00:00,4.848000000000001
2022-05-06 23:00:00,4.671
2022-05-07 00:00:00,4.468
2022-05-07 01:00:00,4.18
2022-05-07 02:00:00,3.888
2022-05-07 03:00:00,3.6639999999999997
2022-05-07 04:00:00,3.488
2022-05-07 05:00:00,3.234
2022-05-07 06:00:00,3.012
2022-05-07 07:00:00,2.485
2022-05-07 08:00:00,1.767
2022-05-07 09:00:00,1.806
2022-05-07 10:00:00,1.972
2022-05-07 11:00:00,1.987
2022-05-07 12:00:00,2.01
2022-05-07 13:00:00,2.102
2022-05-07 14:00:00,2.291
2022-05-07 15:00:00,2.618
2022-05-07 16:00:00,3.055
2022-05-07 17:00:00,3.521
2022-05-07 18:00:00,3.8850000000000002
2022-05-07 19:00:00,4.086
2022-05-07 20:00:00,4.41
2022-05-07 21:00:00,5.185
2022-05-07 22:00:00,5.45
2022-05-07 23:00:00,5.315
2022-05-08 00:00:00,5.109
2022-05-08 01:00:00,4.828
2022-05-08 02:00:00,4.519
2022-05-08 03:00:00,4.297
2022-05-08 04:00:00,4.136
2022-05-08 05:00:00,3.9769999999999994
2022-05-08 06:00:00,3.827
2022-05-08 07:00:00,3.225
2022-05-08 08:00:00,2.629
2022-05-08 09:00:00,2.73
2022-05-08 10:00:00,2.835
2022-05-08 11:00:00,2.856
2022-05-08 12:00:00,2.753
2022-05-08 13:00:00,2.5620000000000003
2022-05-08 14:00:00,2.411
2022-05-08 15:00:00,2.323
2022-05-08 16:00:00,2.3
2022-05-08 17:00:00,2.3729999999999998
2022-05-08 18:00:00,2.455
2022-05-08 19:00:00,2.638
2022-05-08 20:00:00,3.4909999999999997
2022-05-08 21:00:00,4.572
2022-05-08 22:00:00,5.104
2022-05-08 23:00:00,5.181
2022-05-09 00:00:00,5.015000000000001
2022-05-09 01:00:00,4.72
2022-05-09 02:00:00,4.412
2022-05-09 03:00:00,4.149
2022-05-09 04:00:00,3.973
2022-05-09 05:00:00,3.692
2022-05-09 06:00:00,3.334
2022-05-09 07:00:00,2.548
2022-05-09 08:00:00,1.406
2022-05-09 09:00:00,1.218
2022-05-09 10:00:00,1.4249999999999998
2022-05-09 11:00:00,1.241
2022-05-09 12:00:00,1.049
2022-05-09 13:00:00,0.924
2022-05-09 14:00:00,0.868
2022-05-09 15:00:00,0.855
2022-05-09 16:00:00,0.858
2022-05-09 17:00:00,0.894
2022-05-09 18:00:00,0.956
2022-05-09 19:00:00,1.082
2022-05-09 20:00:00,1.355
2022-05-09 21:00:00,1.74
2022-05-09 22:00:00,2.207
2022-05-09 23:00:00,2.708
2022-05-10 00:00:00,3.0839999999999996
2022-05-10 01:00:00,3.2960000000000003
2022-05-10 02:00:00,3.471
2022-05-10 03:00:00,3.684
2022-05-10 04:00:00,3.697
2022-05-10 05:00:00,3.552
2022-05-10 06:00:00,3.332
2022-05-10 07:00:00,2.8579999999999997
2022-05-10 08:00:00,1.956
2022-05-10 09:00:00,1.495
2022-05-10 10:00:00,1.946
2022-05-10 11:00:00,2.585
2022-05-10 12:00:00,2.975
2022-05-10 13:00:00,3.366
2022-05-10 14:00:00,3.774
2022-05-10 15:00:00,4.148
2022-05-10 16:00:00,4.542
2022-05-10 17:00:00,4.643000000000001
2022-05-10 18:00:00,4.1530000000000005
2022-05-10 19:00:00,3.468
2022-05-10 20:00:00,3.1999999999999997
2022-05-10 21:00:00,3.102
2022-05-10 22:00:00,2.751
2022-05-10 23:00:00,2.3689999999999998
2022-05-11 00:00:00,2.178
2022-05-11 01:00:00,2.16
2022-05-11 02:00:00,2.208
2022-05-11 03:00:00,2.295
2022-05-11 04:00:00,2.475
2022-05-11 05:00:00,2.8280000000000003
2022-05-11 06:00:00,3.3209999999999997
2022-05-11 07:00:00,3.104
2022-05-11 08:00:00,2.582
2022-05-11 09:00:00,3.6420000000000003
2022-05-11 10:00:00,4.735
2022-05-11 11:00:00,5.627
2022-05-11 12:00:00,6.470000000000001
2022-05-11 13:00:00,7.285
2022-05-11 14:00:00,7.937
2022-05-11 15:00:00,8.401
2022-05-11 16:00:00,8.698
2022-05-11 17:00:00,8.806000000000001
2022-05-11 18:00:00,8.401
2022-05-11 19:00:00,7.739
2022-05-11 20:00:00,7.0280000000000005
2022-05-11 21:00:00,6.312
2022-05-11 22:00:00,5.629
2022-05-11 23:00:00,5.15
2022-05-12 00:00:00,4.6819999999999995
2022-05-12 01:00:00,4.1419999999999995
2022-05-12 02:00:00,3.5440000000000005
2022-05-12 03:00:00,2.927
2022-05-12 04:00:00,2.329
2022-05-12 05:00:00,1.843
2022-05-12 06:00:00,1.5899999999999999
2022-05-12 07:00:00,1.186
2022-05-12 08:00:00,0.772
2022-05-12 09:00:00,0.9299999999999999
2022-05-12 10:00:00,1.217
2022-05-12 11:00:00,1.4539999999999997
2022-05-12 12:00:00,1.616
2022-05-12 13:00:00,1.794
2022-05-12 14:00:00,1.848
2022-05-12 15:00:00,1.8530000000000002
2022-05-12 16:00:00,1.958
2022-05-12 17:00:00,2.1159999999999997
2022-05-12 18:00:00,2.228
2022-05-12 19:00:00,2.304
2022-05-12 20:00:00,2.5380000000000003
2022-05-12 21:00:00,2.983
2022-05-12 22:00:00,3.317
2022-05-12 23:00:00,3.2969999999999997
2022-05-13 00:00:00,3.047
2022-05-13 01:00:00,2.7089999999999996
2022-05-13 02:00:00,2.496
2022-05-13 03:00:00,2.411
2022-05-13 04:00:00,2.4269999999999996
2022-05-13 05:00:00,2.434
2022-05-13 06:00:00,2.347
2022-05-13 07:00:00,1.773
2022-05-13 08:00:00,1.332
2022-05-13 09:00:00,1.5899999999999999
2022-05-13 10:00:00,1.608
2022-05-13 11:00:00,1.536
2022-05-13 12:00:00,1.486
2022-05-13 13:00:00,1.4729999999999999
2022-05-13 14:00:00,1.501
2022-05-13 15:00:00,1.5750000000000002
2022-05-13 16:00:00,1.646
2022-05-13 17:00:00,1.731
2022-05-13 18:00:00,1.821
2022-05-13 19:00:00,1.9120000000000001
2022-05-13 20:00:00,2.251
2022-05-13 21:00:00,2.964
2022-05-13 22:00:00,3.365
2022-05-13 23:00:00,3.406
2022-05-14 00:00:00,3.275
2022-05-14 01:00:00,3.066
2022-05-14 02:00:00,2.841
2022-05-14 03:00:00,2.642
2022-05-14 04:00:00,2.49
2022-05-14 05:00:00,2.346
2022-05-14 06:00:00,2.256
2022-05-14 07:00:00,1.855
2022-05-14 08:00:00,1.226
2022-05-14 09:00:00,1.298
2022-05-14 10:00:00,1.532
2022-05-14 11:00:00,1.603
2022-05-14 12:00:00,1.55
2022-05-14 13:00:00,1.513
2022-05-14 14:00:00,1.492
2022-05-14 15:00:00,1.505
2022-05-14 16:00:00,1.581
2022-05-14 17:00:00,1.7349999999999999
2022-05-14 18:00:00,1.893
2022-05-14 19:00:00,2.073
2022-05-14 20:00:00,2.674
2022-05-14 21:00:00,3.62
2022-05-14 22:00:00,4.304
2022-05-14 23:00:00,4.552
2022-05-15 00:00:00,4.567
2022-05-15 01:00:00,4.6370000000000005
2022-05-15 02:00:00,4.703
2022-05-15 03:00:00,4.682
2022-05-15 04:00:00,4.758
2022-05-15 05:00:00,4.83
2022-05-15 06:00:00,4.787
2022-05-15 07:00:00,4.091
2022-05-15 08:00:00,3.1109999999999998
2022-05-15 09:00:00,3.096
2022-05-15 10:00:00,3.362
2022-05-15 11:00:00,3.5820000000000003
2022-05-15 12:00:00,3.838
2022-05-15 13:00:00,4.3149999999999995
2022-05-15 14:00:00,4.72
2022-05-15 15:00:00,4.859
2022-05-15 16:00:00,4.77
2022-05-15 17:00:00,4.4990000000000006
2022-05-15 18:00:00,4.367
2022-05-15 19:00:00,4.726
2022-05-15 20:00:00,5.566
2022-05-15 21:00:00,6.231
2022-05-15 22:00:00,6.305000000000001
2022-05-15 23:00:00,6.1080000000000005
2022-05-16 00:00:00,5.665
2022-05-16 01:00:00,5.241
2022-05-16 02:00:00,4.928
2022-05-16 03:00:00,4.8260000000000005
2022-05-16 04:00:00,4.792
2022-05-16 05:00:00,4.562
2022-05-16 06:00:00,4.45
2022-05-16 07:00:00,3.927
2022-05-16 08:00:00,3.519
2022-05-16 09:00:00,3.918
2022-05-16 10:00:00,4.401999999999999
2022-05-16 11:00:00,4.696
2022-05-16 12:00:00,4.9030000000000005
2022-05-16 13:00:00,5.015000000000001
2022-05-16 14:00:00,4.864000000000001
2022-05-16 15:00:00,4.347
2022-05-16 16:00:00,3.636
2022-05-16 17:00:00,2.9050000000000002
2022-05-16 18:00:00,2.17
2022-05-16 19:00:00,1.495
2022-05-16 20:00:00,1.146
2022-05-16 21:00:00,1.051
2022-05-16 22:00:00,1.127
2022-05-16 23:00:00,1.4889999999999999
2022-05-17 00:00:00,1.9899999999999998
2022-05-17 01:00:00,2.439
2022-05-17 02:00:00,2.851
2022-05-17 03:00:00,3.205
2022-05-17 04:00:00,3.329
2022-05-17 05:00:00,3.323
2022-05-17 06:00:00,3.2880000000000003
2022-05-17 07:00:00,2.754
2022-05-17 08:00:00,1.935
2022-05-17 09:00:00,1.995
2022-05-17 10:00:00,2.431
2022-05-17 11:00:00,2.854
2022-05-17 12:00:00,3.29
2022-05-17 13:00:00,3.753
2022-05-17 14:00:00,4.0200000000000005
2022-05-17 15:00:00,3.99
2022-05-17 16:00:00,3.968
2022-05-17 17:00:00,4.236000000000001
2022-05-17 18:00:00,4.257
2022-05-17 19:00:00,3.9859999999999998
2022-05-17 20:00:00,3.603
2022-05-17 21:00:00,3.625
2022-05-17 22:00:00,3.8340000000000005
2022-05-17 23:00:00,3.826
2022-05-18 00:00:00,3.7039999999999997
2022-05-18 01:00:00,3.511
2022-05-18 02:00:00,3.1319999999999997
2022-05-18 03:00:00,2.709
2022-05-18 04:00:00,2.351
2022-05-18 05:00:00,2.091
2022-05-18 06:00:00,1.8890000000000002
2022-05-18 07:00:00,1.362
2022-05-18 08:00:00,1.0350000000000001
2022-05-18 09:00:00,1.226
2022-05-18 10:00:00,1.429
2022-05-18 11:00:00,1.6680000000000001
2022-05-18 12:00:00,2.003
2022-05-18 13:00:00,2.371
2022-05-18 14:00:00,2.659
2022-05-18 15:00:00,2.798
2022-05-18 16:00:00,2.7809999999999997
2022-05-18 17:00:00,2.615
2022-05-18 18:00:00,2.6959999999999997
2022-05-18 19:00:00,3.145
2022-05-18 20:00:00,4.061
2022-05-18 21:00:00,5.0520000000000005
2022-05-18 22:00:00,5.553
2022-05-18 23:00:00,5.452
2022-05-19 00:00:00,5.076
2022-05-19 01:00:00,4.713
2022-05-19 02:00:00,4.492
2022-05-19 03:00:00,4.656000000000001
2022-05-19 04:00:00,4.607
2022-05-19 05:00:00,4.3870000000000005
2022-05-19 06:00:00,3.9690000000000003
2022-05-19 07:00:00,3.098
2022-05-19 08:00:00,2.726
2022-05-19 09:00:00,2.6390000000000002
2022-05-19 10:00:00,2.6550000000000002
2022-05-19 11:00:00,2.6959999999999997
2022-05-19 12:00:00,2.7110000000000003
2022-05-19 13:00:00,2.758
2022-05-19 14:00:00,2.8
2022-05-19 15:00:00,2.521
2022-05-19 16:00:00,2.188
2022-05-19 17:00:00,2.032
2022-05-19 18:00:00,1.891
2022-05-19 19:00:00,1.867
2022-05-19 20:00:00,2.135
2022-05-19 21:00:00,2.654
2022-05-19 22:00:00,3.1879999999999997
2022-05-19 23:00:00,3.4699999999999998
2022-05-20 00:00:00,3.435
2022-05-20 01:00:00,3.468
2022-05-20 02:00:00,3.6580000000000004
2022-05-20 03:00:00,3.8470000000000004
2022-05-20 04:00:00,3.858
2022-05-20 05:00:00,3.9160000000000004
2022-05-20 06:00:00,3.9370000000000003
2022-05-20 07:00:00,3.3120000000000003
2022-05-20 08:00:00,2.973
2022-05-20 09:00:00,4.187
2022-05-20 10:00:00,5.381
2022-05-20 11:00:00,6.333
2022-05-20 12:00:00,6.681
2022-05-20 13:00:00,6.27
2022-05-20 14:00:00,6.547
2022-05-20 15:00:00,7.191
2022-05-20 16:00:00,6.894
2022-05-20 17:00:00,6.276999999999999
2022-05-20 18:00:00,6.073
2022-05-20 19:00:00,5.4399999999999995
2022-05-20 20:00:00,4.63
2022-05-20 21:00:00,4.462
2022-05-20 22:00:00,4.271
2022-05-20 23:00:00,3.944
2022-05-21 00:00:00,3.51
2022-05-21 01:00:00,3.1500000000000004
2022-05-21 02:00:00,2.909
2022-05-21 03:00:00,2.7359999999999998
2022-05-21 04:00:00,2.6029999999999998
2022-05-21 05:00:00,2.4349999999999996
2022-05-21 06:00:00,2.222
2022-05-21 07:00:00,1.622
2022-05-21 08:00:00,1.162
2022-05-21 09:00:00,1.071
2022-05-21 10:00:00,1.026
2022-05-21 11:00:00,0.9610000000000001
2022-05-21 12:00:00,0.934
2022-05-21 13:00:00,0.879
2022-05-21 14:00:00,0.867
2022-05-21 15:00:00,0.9019999999999999
2022-05-21 16:00:00,0.946
2022-05-21 17:00:00,0.998
2022-05-21 18:00:00,1.121
2022-05-21 19:00:00,1.542
2022-05-21 20:00:00,2.64
2022-05-21 21:00:00,3.605
2022-05-21 22:00:00,3.706
2022-05-21 23:00:00,3.438
2022-05-22 00:00:00,3.0389999999999997
2022-05-22 01:00:00,2.985
2022-05-22 02:00:00,3.017
2022-05-22 03:00:00,2.676
2022-05-22 04:00:00,2.499
2022-05-22 05:00:00,2.371
2022-05-22 06:00:00,2.157
2022-05-22 07:00:00,1.911
2022-05-22 08:00:00,1.6320000000000001
2022-05-22 09:00:00,1.5979999999999999
2022-05-22 10:00:00,1.762
2022-05-22 11:00:00,1.8889999999999998
2022-05-22 12:00:00,1.657
2022-05-22 13:00:00,1.401
2022-05-22 14:00:00,1.4489999999999998
2022-05-22 15:00:00,1.737
2022-05-22 16:00:00,1.888
2022-05-22 17:00:00,1.895
2022-05-22 18:00:00,2.09
2022-05-22 19:00:00,2.692
2022-05-22 20:00:00,3.4789999999999996
2022-05-22 21:00:00,4.104
2022-05-22 22:00:00,4.399
2022-05-22 23:00:00,4.3149999999999995
2022-05-23 00:00:00,4.457
2022-05-23 01:00:00,5.045
2022-05-23 02:00:00,5.420999999999999
2022-05-23 03:00:00,5.463
2022-05-23 04:00:00,5.2780000000000005
2022-05-23 05:00:00,5.039
2022-05-23 06:00:00,5.1259999999999994
2022-05-23 07:00:00,4.862
2022-05-23 08:00:00,4.722
2022-05-23 09:00:00,4.8870000000000005
2022-05-23 10:00:00,4.932
2022-05-23 11:00:00,5.022
2022-05-23 12:00:00,5.187
2022-05-23 13:00:00,5.577
2022-05-23 14:00:00,6.288
2022-05-23 15:00:00,7.027000000000001
2022-05-23 16:00:00,7.576
2022-05-23 17:00:00,7.609999999999999
2022-05-23 18:00:00,7.2860000000000005
2022-05-23 19:00:00,6.473
2022-05-23 20:00:00,5.877000000000001
2022-05-23 21:00:00,6.088
2022-05-23 22:00:00,5.987
2022-05-23 23:00:00,5.812
2022-05-24 00:00:00,5.819
2022-05-24 01:00:00,6.099
2022-05-24 02:00:00,6.2780000000000005
2022-05-24 03:00:00,6.285
2022-05-24 04:00:00,6.295
2022-05-24 05:00:00,6.186
2022-05-24 06:00:00,5.743
2022-05-24 07:00:00,5.067
2022-05-24 08:00:00,5.298
2022-05-24 09:00:00,5.432
2022-05-24 10:00:00,5.345000000000001
2022-05-24 11:00:00,5.173
2022-05-24 12:00:00,4.861000000000001
2022-05-24 13:00:00,4.506
2022-05-24 14:00:00,4.186
2022-05-24 15:00:00,3.978
2022-05-24 16:00:00,3.8289999999999997
2022-05-24 17:00:00,3.784
2022-05-24 18:00:00,3.7560000000000002
2022-05-24 19:00:00,3.5260000000000002
2022-05-24 20:00:00,3.3200000000000003
2022-05-24 21:00:00,3.675
2022-05-24 22:00:00,3.774
2022-05-24 23:00:00,3.667
2022-05-25 00:00:00,3.5490000000000004
2022-05-25 01:00:00,3.5700000000000003
2022-05-25 02:00:00,3.5940000000000003
2022-05-25 03:00:00,3.6740000000000004
2022-05-25 04:00:00,3.7409999999999997
2022-05-25 05:00:00,3.571
2022-05-25 06:00:00,3.17
2022-05-25 07:00:00,2.302
2022-05-25 08:00:00,2.149
2022-05-25 09:00:00,3.107
2022-05-25 10:00:00,3.729
2022-05-25 11:00:00,4.329
2022-05-25 12:00:00,4.94
2022-05-25 13:00:00,5.57
2022-05-25 14:00:00,6.2
2022-05-25 15:00:00,6.6690000000000005
2022-05-25 16:00:00,6.998
2022-05-25 17:00:00,7.112
2022-05-25 18:00:00,6.979000000000001
2022-05-25 19:00:00,6.4879999999999995
2022-05-25 20:00:00,5.726
2022-05-25 21:00:00,5.588
2022-05-25 22:00:00,5.741
2022-05-25 23:00:00,5.864
2022-05-26 00:00:00,5.742
2022-05-26 01:00:00,5.391
2022-05-26 02:00:00,4.98
2022-05-26 03:00:00,4.495
2022-05-26 04:00:00,4.204000000000001
2022-05-26 05:00:00,3.781
2022-05-26 06:00:00,3.1689999999999996
2022-05-26 07:00:00,2.314
2022-05-26 08:00:00,2.334
2022-05-26 09:00:00,2.302
2022-05-26 10:00:00,2.283
2022-05-26 11:00:00,2.372
2022-05-26 12:00:00,2.556
2022-05-26 13:00:00,2.833
2022-05-26 14:00:00,3.149
2022-05-26 15:00:00,3.423
2022-05-26 16:00:00,3.6340000000000003
2022-05-26 17:00:00,3.829
2022-05-26 18:00:00,4.018
2022-05-26 19:00:00,4.048
2022-05-26 20:00:00,3.992
2022-05-26 21:00:00,4.479
2022-05-26 22:00:00,5.014
2022-05-26 23:00:00,5.1370000000000005
2022-05-27 00:00:00,5.093
2022-05-27 01:00:00,4.931
2022-05-27 02:00:00,4.739
2022-05-27 03:00:00,4.521
2022-05-27 04:00:00,4.443
2022-05-27 05:00:00,4.656
2022-05-27 06:00:00,4.54
2022-05-27 07:00:00,3.646
2022-05-27 08:00:00,3.432
2022-05-27 09:00:00,3.4400000000000004
2022-05-27 10:00:00,3.4739999999999998
2022-05-27 11:00:00,3.4
2022-05-27 12:00:00,3.4379999999999997
2022-05-27 13:00:00,3.74
2022-05-27 14:00:00,4.022
2022-05-27 15:00:00,4.253
2022-05-27 16:00:00,4.549
2022-05-27 17:00:00,4.997
2022-05-27 18:00:00,5.398
2022-05-27 19:00:00,5.556000000000001
2022-05-27 20:00:00,5.386
2022-05-27 21:00:00,5.667
2022-05-27 22:00:00,5.699
2022-05-27 23:00:00,5.299
2022-05-28 00:00:00,5.031000000000001
2022-05-28 01:00:00,4.808
2022-05-28 02:00:00,4.731
2022-05-28 03:00:00,4.898
2022-05-28 04:00:00,5.194000000000001
2022-05-28 05:00:00,5.362
2022-05-28 06:00:00,5.196
2022-05-28 07:00:00,4.0280000000000005
2022-05-28 08:00:00,3.683
2022-05-28 09:00:00,3.749
2022-05-28 10:00:00,3.644
2022-05-28 11:00:00,3.8150000000000004
2022-05-28 12:00:00,4.083
2022-05-28 13:00:00,4.348000000000001
2022-05-28 14:00:00,4.674
2022-05-28 15:00:00,5.098
2022-05-28 16:00:00,5.655
2022-05-28 17:00:00,6.302
2022-05-28 18:00:00,6.99
2022-05-28 19:00:00,7.44
2022-05-28 20:00:00,7.606
2022-05-28 21:00:00,8.193999999999999
2022-05-28 22:00:00,8.505
2022-05-28 23:00:00,8.178
2022-05-29 00:00:00,7.694
2022-05-29 01:00:00,7.313000000000001
2022-05-29 02:00:00,7.07
2022-05-29 03:00:00,7.096
2022-05-29 04:00:00,6.9
2022-05-29 05:00:00,6.396000000000001
2022-05-29 06:00:00,5.577
2022-05-29 07:00:00,4.148
2022-05-29 08:00:00,4.817
2022-05-29 09:00:00,5.396
2022-05-29 10:00:00,5.324
2022-05-29 11:00:00,5.157
2022-05-29 12:00:00,5.06
2022-05-29 13:00:00,5.008
2022-05-29 14:00:00,5.0600000000000005
2022-05-29 15:00:00,5.233
2022-05-29 16:00:00,5.468999999999999
2022-05-29 17:00:00,5.6739999999999995
2022-05-29 18:00:00,5.824999999999999
2022-05-29 19:00:00,5.8629999999999995
2022-05-29 20:00:00,5.617
2022-05-29 21:00:00,5.808
2022-05-29 22:00:00,5.9830000000000005
2022-05-29 23:00:00,5.713
2022-05-30 00:00:00,5.208
2022-05-30 01:00:00,4.708
2022-05-30 02:00:00,4.334
2022-05-30 03:00:00,4.007
2022-05-30 04:00:00,3.705
2022-05-30 05:00:00,3.255
2022-05-30 06:00:00,2.787
2022-05-30 07:00:00,1.8810000000000002
2022-05-30 08:00:00,1.5230000000000001
2022-05-30 09:00:00,1.504
2022-05-30 10:00:00,1.287
2022-05-30 11:00:00,1.075
2022-05-30 12:00:00,0.8889999999999998
2022-05-30 13:00:00,0.6739999999999999
2022-05-30 14:00:00,0.565
2022-05-30 15:00:00,0.61
2022-05-30 16:00:00,0.764
2022-05-30 17:00:00,0.8400000000000001
2022-05-30 18:00:00,0.786
2022-05-30 19:00:00,0.944
2022-05-30 20:00:00,1.412
2022-05-30 21:00:00,2.242
2022-05-30 22:00:00,2.758
2022-05-30 23:00:00,2.77
2022-05-31 00:00:00,2.567
2022-05-31 01:00:00,2.234
2022-05-31 02:00:00,1.836
2022-05-31 03:00:00,1.5030000000000001
2022-05-31 04:00:00,1.226
2022-05-31 05:00:00,1.153
2022-05-31 06:00:00,1.174
2022-05-31 07:00:00,0.796
2022-05-31 08:00:00,0.497
2022-05-31 09:00:00,0.571
2022-05-31 10:00:00,0.7170000000000001
2022-05-31 11:00:00,0.99
2022-05-31 12:00:00,1.401
2022-05-31 13:00:00,1.865
2022-05-31 14:00:00,2.2880000000000003
2022-05-31 15:00:00,2.648
2022-05-31 16:00:00,2.94
2022-05-31 17:00:00,3.0460000000000003
2022-05-31 18:00:00,2.971
2022-05-31 19:00:00,2.683
2022-05-31 20:00:00,2.569
2022-05-31 21:00:00,2.866
2022-05-31 22:00:00,3.028
2022-05-31 23:00:00,3.057
2022-06-01 00:00:00,3.061
2022-06-01 01:00:00,3.0469999999999997
2022-06-01 02:00:00,3.0170000000000003
2022-06-01 03:00:00,2.824
2022-06-01 04:00:00,2.5090000000000003
2022-06-01 05:00:00,2.166
2022-06-01 06:00:00,1.817
2022-06-01 07:00:00,1.147
2022-06-01 08:00:00,0.777
2022-06-01 09:00:00,0.767
2022-06-01 10:00:00,0.81
2022-06-01 11:00:00,0.984
2022-06-01 12:00:00,1.134
2022-06-01 13:00:00,1.258
2022-06-01 14:00:00,1.41
2022-06-01 15:00:00,1.576
2022-06-01 16:00:00,1.6749999999999998
2022-06-01 17:00:00,1.73
2022-06-01 18:00:00,1.843
2022-06-01 19:00:00,2.183
2022-06-01 20:00:00,3.091
2022-06-01 21:00:00,4.463
2022-06-01 22:00:00,5.034000000000001
2022-06-01 23:00:00,4.794
2022-06-02 00:00:00,4.452999999999999
2022-06-02 01:00:00,4.149
2022-06-02 02:00:00,3.8970000000000002
2022-06-02 03:00:00,3.7800000000000002
2022-06-02 04:00:00,3.692
2022-06-02 05:00:00,3.62
2022-06-02 06:00:00,3.2169999999999996
2022-06-02 07:00:00,2.308
2022-06-02 08:00:00,2.086
2022-06-02 09:00:00,2.732
2022-06-02 10:00:00,2.867
2022-06-02 11:00:00,2.595
2022-06-02 12:00:00,2.229
2022-06-02 13:00:00,1.967
2022-06-02 14:00:00,1.7679999999999998
2022-06-02 15:00:00,1.627
2022-06-02 16:00:00,1.549
2022-06-02 17:00:00,1.59
2022-06-02 18:00:00,1.8250000000000002
2022-06-02 19:00:00,2.2039999999999997
2022-06-02 20:00:00,2.71
2022-06-02 21:00:00,4.021
2022-06-02 22:00:00,5.339
2022-06-02 23:00:00,5.654
2022-06-03 00:00:00,5.47
2022-06-03 01:00:00,5.222
2022-06-03 02:00:00,4.931
2022-06-03 03:00:00,4.661
2022-06-03 04:00:00,4.3740000000000006
2022-06-03 05:00:00,4.115
2022-06-03 06:00:00,3.915
2022-06-03 07:00:00,3.0010000000000003
2022-06-03 08:00:00,2.634
2022-06-03 09:00:00,2.4189999999999996
2022-06-03 10:00:00,2.479
2022-06-03 11:00:00,2.7809999999999997
2022-06-03 12:00:00,2.763
2022-06-03 13:00:00,2.5549999999999997
2022-06-03 14:00:00,2.5460000000000003
2022-06-03 15:00:00,2.353
2022-06-03 16:00:00,2.113
2022-06-03 17:00:00,2.273
2022-06-03 18:00:00,2.5149999999999997
2022-06-03 19:00:00,2.673
2022-06-03 20:00:00,3.004
2022-06-03 21:00:00,3.793
2022-06-03 22:00:00,4.545999999999999
2022-06-03 23:00:00,4.5920000000000005
2022-06-04 00:00:00,4.318
2022-06-04 01:00:00,3.981
2022-06-04 02:00:00,3.853
2022-06-04 03:00:00,3.9850000000000003
2022-06-04 04:00:00,3.8970000000000002
2022-06-04 05:00:00,3.295
2022-06-04 06:00:00,2.822
2022-06-04 07:00:00,2.174
2022-06-04 08:00:00,2.013
2022-06-04 09:00:00,1.995
2022-06-04 10:00:00,2.137
2022-06-04 11:00:00,2.128
2022-06-04 12:00:00,1.969
2022-06-04 13:00:00,1.849
2022-06-04 14:00:00,1.879
2022-06-04 15:00:00,2.105
2022-06-04 16:00:00,2.433
2022-06-04 17:00:00,2.713
2022-06-04 18:00:00,2.9349999999999996
2022-06-04 19:00:00,3.285
2022-06-04 20:00:00,3.5649999999999995
2022-06-04 21:00:00,3.9610000000000003
2022-06-04 22:00:00,4.142
2022-06-04 23:00:00,3.516
2022-06-05 00:00:00,3.592
2022-06-05 01:00:00,3.936
2022-06-05 02:00:00,3.633
2022-06-05 03:00:00,2.956
2022-06-05 04:00:00,2.91
2022-06-05 05:00:00,3.308
2022-06-05 06:00:00,3.242
2022-06-05 07:00:00,2.774
2022-06-05 08:00:00,2.701
2022-06-05 09:00:00,2.888
2022-06-05 10:00:00,3.088
2022-06-05 11:00:00,3.399
2022-06-05 12:00:00,3.636
2022-06-05 13:00:00,4.053
2022-06-05 14:00:00,4.720000000000001
2022-06-05 15:00:00,5.3629999999999995
2022-06-05 16:00:00,5.936999999999999
2022-06-05 17:00:00,6.345000000000001
2022-06-05 18:00:00,6.288
2022-06-05 19:00:00,5.782
2022-06-05 20:00:00,4.981
2022-06-05 21:00:00,4.634
2022-06-05 22:00:00,4.807
2022-06-05 23:00:00,5.096
2022-06-06 00:00:00,5.013
2022-06-06 01:00:00,4.566000000000001
2022-06-06 02:00:00,4.125
2022-06-06 03:00:00,3.92
2022-06-06 04:00:00,3.8120000000000003
2022-06-06 05:00:00,3.6950000000000003
2022-06-06 06:00:00,3.3310000000000004
2022-06-06 07:00:00,2.4130000000000003
2022-06-06 08:00:00,2.7350000000000003
2022-06-06 09:00:00,3.3259999999999996
2022-06-06 10:00:00,3.6590000000000003
2022-06-06 11:00:00,3.921
2022-06-06 12:00:00,4.033
2022-06-06 13:00:00,4.12
2022-06-06 14:00:00,4.307
2022-06-06 15:00:00,4.478
2022-06-06 16:00:00,4.673
2022-06-06 17:00:00,4.95
2022-06-06 18:00:00,4.93
2022-06-06 19:00:00,4.585
2022-06-06 20:00:00,3.843
2022-06-06 21:00:00,3.294
2022-06-06 22:00:00,3.3579999999999997
2022-06-06 23:00:00,3.801
2022-06-07 00:00:00,4.252
2022-06-07 01:00:00,4.393
2022-06-07 02:00:00,4.3260000000000005
2022-06-07 03:00:00,4.4879999999999995
2022-06-07 04:00:00,4.685
2022-06-07 05:00:00,4.696999999999999
2022-06-07 06:00:00,4.536
2022-06-07 07:00:00,3.909
2022-06-07 08:00:00,4.514
2022-06-07 09:00:00,5.248
2022-06-07 10:00:00,5.88
2022-06-07 11:00:00,6.3260000000000005
2022-06-07 12:00:00,6.78
2022-06-07 13:00:00,7.260000000000001
2022-06-07 14:00:00,7.598
2022-06-07 15:00:00,7.792
2022-06-07 16:00:00,7.843
2022-06-07 17:00:00,7.739
2022-06-07 18:00:00,7.285
2022-06-07 19:00:00,6.368
2022-06-07 20:00:00,5.3870000000000005
2022-06-07 21:00:00,5.086
2022-06-07 22:00:00,5.4830000000000005
2022-06-07 23:00:00,5.737
2022-06-08 00:00:00,5.897
2022-06-08 01:00:00,5.869
2022-06-08 02:00:00,6.067
2022-06-08 03:00:00,5.67
2022-06-08 04:00:00,5.2330000000000005
2022-06-08 05:00:00,5.054
2022-06-08 06:00:00,4.913
2022-06-08 07:00:00,4.122
2022-06-08 08:00:00,4.382
2022-06-08 09:00:00,5.271000000000001
2022-06-08 10:00:00,6.01
2022-06-08 11:00:00,6.313000000000001
2022-06-08 12:00:00,6.448
2022-06-08 13:00:00,6.595000000000001
2022-06-08 14:00:00,7.154
2022-06-08 15:00:00,7.814
2022-06-08 16:00:00,8.472
2022-06-08 17:00:00,8.924
2022-06-08 18:00:00,9.041
2022-06-08 19:00:00,8.792
2022-06-08 20:00:00,7.92
2022-06-08 21:00:00,7.5169999999999995
2022-06-08 22:00:00,7.4719999999999995
2022-06-08 23:00:00,7.47
2022-06-09 00:00:00,7.324999999999999
2022-06-09 01:00:00,7.096
2022-06-09 02:00:00,7.043
2022-06-09 03:00:00,6.8790000000000004
2022-06-09 04:00:00,6.645
2022-06-09 05:00:00,6.5649999999999995
2022-06-09 06:00:00,6.154999999999999
2022-06-09 07:00:00,5.427
2022-06-09 08:00:00,5.747
2022-06-09 09:00:00,5.546
2022-06-09 10:00:00,5.438000000000001
2022-06-09 11:00:00,5.35
2022-06-09 12:00:00,5.385
2022-06-09 13:00:00,5.541
2022-06-09 14:00:00,5.798
2022-06-09 15:00:00,6.117
2022-06-09 16:00:00,6.274
2022-06-09 17:00:00,6.253
2022-06-09 18:00:00,6.006
2022-06-09 19:00:00,5.514
2022-06-09 20:00:00,4.815
2022-06-09 21:00:00,4.468
2022-06-09 22:00:00,4.438
2022-06-09 23:00:00,4.509
2022-06-10 00:00:00,4.727
2022-06-10 01:00:00,4.9190000000000005
2022-06-10 02:00:00,4.944
2022-06-10 03:00:00,4.827999999999999
2022-06-10 04:00:00,4.759
2022-06-10 05:00:00,4.541
2022-06-10 06:00:00,4.0969999999999995
2022-06-10 07:00:00,3.129
2022-06-10 08:00:00,2.9269999999999996
2022-06-10 09:00:00,3.083
2022-06-10 10:00:00,3.118
2022-06-10 11:00:00,3.234
2022-06-10 12:00:00,3.31
2022-06-10 13:00:00,3.355
2022-06-10 14:00:00,3.3369999999999997
2022-06-10 15:00:00,3.2889999999999997
2022-06-10 16:00:00,3.226
2022-06-10 17:00:00,3.259
2022-06-10 18:00:00,3.2779999999999996
2022-06-10 19:00:00,3.2199999999999998
2022-06-10 20:00:00,3.125
2022-06-10 21:00:00,3.2750000000000004
2022-06-10 22:00:00,3.3360000000000003
2022-06-10 23:00:00,3.126
2022-06-11 00:00:00,2.8289999999999997
2022-06-11 01:00:00,2.598
2022-06-11 02:00:00,2.4530000000000003
2022-06-11 03:00:00,2.343
2022-06-11 04:00:00,2.33
2022-06-11 05:00:00,2.3
2022-06-11 06:00:00,2.146
2022-06-11 07:00:00,1.4849999999999999
2022-06-11 08:00:00,1.105
2022-06-11 09:00:00,0.9450000000000001
2022-06-11 10:00:00,0.836
2022-06-11 11:00:00,0.8260000000000001
2022-06-11 12:00:00,0.889
2022-06-11 13:00:00,1.072
2022-06-11 14:00:00,1.3619999999999999
2022-06-11 15:00:00,1.5939999999999999
2022-06-11 16:00:00,1.76
2022-06-11 17:00:00,1.934
2022-06-11 18:00:00,2.13
2022-06-11 19:00:00,2.503
2022-06-11 20:00:00,3.0300000000000002
2022-06-11 21:00:00,3.8960000000000004
2022-06-11 22:00:00,4.441
2022-06-11 23:00:00,4.2940000000000005
2022-06-12 00:00:00,3.9530000000000003
2022-06-12 01:00:00,3.626
2022-06-12 02:00:00,3.378
2022-06-12 03:00:00,3.169
2022-06-12 04:00:00,2.9450000000000003
2022-06-12 05:00:00,2.7960000000000003
2022-06-12 06:00:00,2.5759999999999996
2022-06-12 07:00:00,1.839
2022-06-12 08:00:00,1.9049999999999998
2022-06-12 09:00:00,1.689
2022-06-12 10:00:00,1.512
2022-06-12 11:00:00,1.2799999999999998
2022-06-12 12:00:00,1.105
2022-06-12 13:00:00,1.131
2022-06-12 14:00:00,1.437
2022-06-12 15:00:00,1.881
2022-06-12 16:00:00,2.38
2022-06-12 17:00:00,2.933
2022-06-12 18:00:00,3.492
2022-06-12 19:00:00,3.955
2022-06-12 20:00:00,4.287
2022-06-12 21:00:00,4.865
2022-06-12 22:00:00,5.093
2022-06-12 23:00:00,4.899
2022-06-13 00:00:00,4.728
2022-06-13 01:00:00,4.462
2022-06-13 02:00:00,4.2219999999999995
2022-06-13 03:00:00,4.023
2022-06-13 04:00:00,3.875
2022-06-13 05:00:00,3.773
2022-06-13 06:00:00,3.5599999999999996
2022-06-13 07:00:00,2.5919999999999996
2022-06-13 08:00:00,2.626
2022-06-13 09:00:00,2.752
2022-06-13 10:00:00,2.8129999999999997
2022-06-13 11:00:00,2.989
2022-06-13 12:00:00,3.3339999999999996
2022-06-13 13:00:00,3.576
2022-06-13 14:00:00,3.376
2022-06-13 15:00:00,3.2809999999999997
2022-06-13 16:00:00,3.2969999999999997
2022-06-13 17:00:00,3.439
2022-06-13 18:00:00,3.6719999999999997
2022-06-13 19:00:00,3.828
2022-06-13 20:00:00,4.1
2022-06-13 21:00:00,5.175000000000001
2022-06-13 22:00:00,5.998
2022-06-13 23:00:00,6.093
2022-06-14 00:00:00,5.795
2022-06-14 01:00:00,5.397
2022-06-14 02:00:00,4.966
2022-06-14 03:00:00,4.489
2022-06-14 04:00:00,4.16
2022-06-14 05:00:00,3.942
2022-06-14 06:00:00,3.5460000000000003
2022-06-14 07:00:00,2.2430000000000003
2022-06-14 08:00:00,1.502
2022-06-14 09:00:00,1.655
2022-06-14 10:00:00,2.012
2022-06-14 11:00:00,1.974
2022-06-14 12:00:00,1.85
2022-06-14 13:00:00,1.7160000000000002
2022-06-14 14:00:00,1.5779999999999998
2022-06-14 15:00:00,1.466
2022-06-14 16:00:00,1.391
2022-06-14 17:00:00,1.391
2022-06-14 18:00:00,1.576
2022-06-14 19:00:00,1.93
2022-06-14 20:00:00,2.65
2022-06-14 21:00:00,3.6420000000000003
2022-06-14 22:00:00,4.4399999999999995
2022-06-14 23:00:00,4.885
2022-06-15 00:00:00,4.731999999999999
2022-06-15 01:00:00,4.051
2022-06-15 02:00:00,3.71
2022-06-15 03:00:00,3.6580000000000004
2022-06-15 04:00:00,3.74
2022-06-15 05:00:00,3.59
2022-06-15 06:00:00,3.278
2022-06-15 07:00:00,2.323
2022-06-15 08:00:00,1.6230000000000002
2022-06-15 09:00:00,1.4089999999999998
2022-06-15 10:00:00,1.4940000000000002
2022-06-15 11:00:00,1.323
2022-06-15 12:00:00,1.05
2022-06-15 13:00:00,0.839
2022-06-15 14:00:00,0.8069999999999999
2022-06-15 15:00:00,1.0590000000000002
2022-06-15 16:00:00,1.265
2022-06-15 17:00:00,1.827
2022-06-15 18:00:00,2.21
2022-06-15 19:00:00,2.104
2022-06-15 20:00:00,2.823
2022-06-15 21:00:00,3.5570000000000004
2022-06-15 22:00:00,3.8
2022-06-15 23:00:00,3.4960000000000004
2022-06-16 00:00:00,3.192
2022-06-16 01:00:00,2.95
2022-06-16 02:00:00,2.7510000000000003
2022-06-16 03:00:00,2.561
2022-06-16 04:00:00,2.48
2022-06-16 05:00:00,2.476
2022-06-16 06:00:00,2.457
2022-06-16 07:00:00,1.6640000000000001
2022-06-16 08:00:00,1.024
2022-06-16 09:00:00,1.218
2022-06-16 10:00:00,1.6320000000000001
2022-06-16 11:00:00,1.549
2022-06-16 12:00:00,1.302
2022-06-16 13:00:00,1.1179999999999999
2022-06-16 14:00:00,1.026
2022-06-16 15:00:00,1.025
2022-06-16 16:00:00,1.1400000000000001
2022-06-16 17:00:00,1.448
2022-06-16 18:00:00,1.7810000000000001
2022-06-16 19:00:00,2.053
2022-06-16 20:00:00,2.484
2022-06-16 21:00:00,3.3470000000000004
2022-06-16 22:00:00,4.1129999999999995
2022-06-16 23:00:00,4.404
2022-06-17 00:00:00,4.311999999999999
2022-06-17 01:00:00,4.099
2022-06-17 02:00:00,3.866
2022-06-17 03:00:00,3.77
2022-06-17 04:00:00,3.9319999999999995
2022-06-17 05:00:00,4.1739999999999995
2022-06-17 06:00:00,4.269
2022-06-17 07:00:00,3.348
2022-06-17 08:00:00,1.957
2022-06-17 09:00:00,1.416
2022-06-17 10:00:00,1.843
2022-06-17 11:00:00,2.1100000000000003
2022-06-17 12:00:00,1.788
2022-06-17 13:00:00,1.684
2022-06-17 14:00:00,1.633
2022-06-17 15:00:00,1.634
2022-06-17 16:00:00,1.654
2022-06-17 17:00:00,1.652
2022-06-17 18:00:00,1.612
2022-06-17 19:00:00,1.678
2022-06-17 20:00:00,1.968
2022-06-17 21:00:00,2.585
2022-06-17 22:00:00,3.301
2022-06-17 23:00:00,3.871
2022-06-18 00:00:00,4.119
2022-06-18 01:00:00,4.327
2022-06-18 02:00:00,4.384
2022-06-18 03:00:00,4.245
2022-06-18 04:00:00,4.003
2022-06-18 05:00:00,3.689
2022-06-18 06:00:00,3.422
2022-06-18 07:00:00,2.716
2022-06-18 08:00:00,2.085
2022-06-18 09:00:00,2.1470000000000002
2022-06-18 10:00:00,2.362
2022-06-18 11:00:00,2.59
2022-06-18 12:00:00,2.6630000000000003
2022-06-18 13:00:00,2.692
2022-06-18 14:00:00,2.6870000000000003
2022-06-18 15:00:00,2.764
2022-06-18 16:00:00,3.044
2022-06-18 17:00:00,3.6189999999999998
2022-06-18 18:00:00,4.51
2022-06-18 19:00:00,5.503
2022-06-18 20:00:00,6.51
2022-06-18 21:00:00,7.029
2022-06-18 22:00:00,7.515000000000001
2022-06-18 23:00:00,8.35
2022-06-19 00:00:00,8.613
2022-06-19 01:00:00,8.211
2022-06-19 02:00:00,7.961
2022-06-19 03:00:00,7.712999999999999
2022-06-19 04:00:00,6.5440000000000005
2022-06-19 05:00:00,6.231
2022-06-19 06:00:00,6.493
2022-06-19 07:00:00,6.205
2022-06-19 08:00:00,6.769
2022-06-19 09:00:00,7.711
2022-06-19 10:00:00,7.785
2022-06-19 11:00:00,7.352
2022-06-19 12:00:00,6.867
2022-06-19 13:00:00,6.582000000000001
2022-06-19 14:00:00,6.281000000000001
2022-06-19 15:00:00,6.008
2022-06-19 16:00:00,5.994
2022-06-19 17:00:00,6.051
2022-06-19 18:00:00,5.837
2022-06-19 19:00:00,5.551
2022-06-19 20:00:00,5.173
2022-06-19 21:00:00,5.0169999999999995
2022-06-19 22:00:00,5.002
2022-06-19 23:00:00,4.7379999999999995
2022-06-20 00:00:00,4.422
2022-06-20 01:00:00,4.1419999999999995
2022-06-20 02:00:00,4.394
2022-06-20 03:00:00,4.086
2022-06-20 04:00:00,3.638
2022-06-20 05:00:00,3.1359999999999997
2022-06-20 06:00:00,2.888
2022-06-20 07:00:00,2.487
2022-06-20 08:00:00,2.429
2022-06-20 09:00:00,2.456
2022-06-20 10:00:00,2.232
2022-06-20 11:00:00,2.0309999999999997
2022-06-20 12:00:00,2.074
2022-06-20 13:00:00,2.271
2022-06-20 14:00:00,2.479
2022-06-20 15:00:00,2.714
2022-06-20 16:00:00,2.956
2022-06-20 17:00:00,3.2439999999999998
2022-06-20 18:00:00,3.6769999999999996
2022-06-20 19:00:00,4.238
2022-06-20 20:00:00,4.636
2022-06-20 21:00:00,5.140000000000001
2022-06-20 22:00:00,5.502
2022-06-20 23:00:00,5.298
2022-06-21 00:00:00,5.079
2022-06-21 01:00:00,4.872
2022-06-21 02:00:00,4.696
2022-06-21 03:00:00,4.394
2022-06-21 04:00:00,3.919
2022-06-21 05:00:00,3.496
2022-06-21 06:00:00,2.94
2022-06-21 07:00:00,2.193
2022-06-21 08:00:00,1.9580000000000002
2022-06-21 09:00:00,1.864
2022-06-21 10:00:00,1.8439999999999999
2022-06-21 11:00:00,1.959
2022-06-21 12:00:00,2.0949999999999998
2022-06-21 13:00:00,1.9989999999999999
2022-06-21 14:00:00,1.875
2022-06-21 15:00:00,1.722
2022-06-21 16:00:00,1.6230000000000002
2022-06-21 17:00:00,1.6520000000000001
2022-06-21 18:00:00,1.609
2022-06-21 19:00:00,1.6869999999999998
2022-06-21 20:00:00,2.129
2022-06-21 21:00:00,3.114
2022-06-21 22:00:00,3.9000000000000004
2022-06-21 23:00:00,3.907
2022-06-22 00:00:00,3.835
2022-06-22 01:00:00,3.8049999999999997
2022-06-22 02:00:00,3.534
2022-06-22 03:00:00,3.1470000000000002
2022-06-22 04:00:00,2.711
2022-06-22 05:00:00,2.544
2022-06-22 06:00:00,2.356
2022-06-22 07:00:00,2.149
2022-06-22 08:00:00,2.056
2022-06-22 09:00:00,2.06
2022-06-22 10:00:00,2.263
2022-06-22 11:00:00,2.3419999999999996
2022-06-22 12:00:00,2.279
2022-06-22 13:00:00,2.207
2022-06-22 14:00:00,2.214
2022-06-22 15:00:00,2.3810000000000002
2022-06-22 16:00:00,2.463
2022-06-22 17:00:00,2.39
2022-06-22 18:00:00,2.194
2022-06-22 19:00:00,2.005
2022-06-22 20:00:00,1.819
2022-06-22 21:00:00,1.903
2022-06-22 22:00:00,2.1109999999999998
2022-06-22 23:00:00,2.114
2022-06-23 00:00:00,2.0140000000000002
2022-06-23 01:00:00,2.019
2022-06-23 02:00:00,2.054
2022-06-23 03:00:00,2.113
2022-06-23 04:00:00,2.1550000000000002
2022-06-23 05:00:00,2.204
2022-06-23 06:00:00,2.232
2022-06-23 07:00:00,1.803
2022-06-23 08:00:00,1.7690000000000001
2022-06-23 09:00:00,2.042
2022-06-23 10:00:00,2.347
2022-06-23 11:00:00,2.5620000000000003
2022-06-23 12:00:00,2.775
2022-06-23 13:00:00,3.2359999999999998
2022-06-23 14:00:00,3.668
2022-06-23 15:00:00,3.881
2022-06-23 16:00:00,4.022
2022-06-23 17:00:00,4.051
2022-06-23 18:00:00,3.7750000000000004
2022-06-23 19:00:00,3.278
2022-06-23 20:00:00,2.846
2022-06-23 21:00:00,2.85
2022-06-23 22:00:00,2.903
2022-06-23 23:00:00,2.957
2022-06-24 00:00:00,3.0300000000000002
2022-06-24 01:00:00,3.0010000000000003
2022-06-24 02:00:00,2.9269999999999996
2022-06-24 03:00:00,3.0389999999999997
2022-06-24 04:00:00,3.2350000000000003
2022-06-24 05:00:00,3.492
2022-06-24 06:00:00,3.525
2022-06-24 07:00:00,3.088
2022-06-24 08:00:00,3.429
2022-06-24 09:00:00,4.266
2022-06-24 10:00:00,4.9
2022-06-24 11:00:00,5.3790000000000004
2022-06-24 12:00:00,6.010999999999999
2022-06-24 13:00:00,6.7620000000000005
2022-06-24 14:00:00,7.547000000000001
2022-06-24 15:00:00,7.974
2022-06-24 16:00:00,8.059000000000001
2022-06-24 17:00:00,7.843999999999999
2022-06-24 18:00:00,7.348000000000001
2022-06-24 19:00:00,6.493
2022-06-24 20:00:00,5.8629999999999995
2022-06-24 21:00:00,5.881
2022-06-24 22:00:00,5.724
2022-06-24 23:00:00,5.428
2022-06-25 00:00:00,4.981999999999999
2022-06-25 01:00:00,4.504
2022-06-25 02:00:00,4.08
2022-06-25 03:00:00,3.604
2022-06-25 04:00:00,3.147
2022-06-25 05:00:00,2.763
2022-06-25 06:00:00,2.377
2022-06-25 07:00:00,1.901
2022-06-25 08:00:00,1.788
2022-06-25 09:00:00,1.932
2022-06-25 10:00:00,2.196
2022-06-25 11:00:00,2.633
2022-06-25 12:00:00,3.169
2022-06-25 13:00:00,3.777
2022-06-25 14:00:00,4.308
2022-06-25 15:00:00,4.62
2022-06-25 16:00:00,4.671
2022-06-25 17:00:00,4.623
2022-06-25 18:00:00,4.375
2022-06-25 19:00:00,3.967
2022-06-25 20:00:00,3.533
2022-06-25 21:00:00,3.307
2022-06-25 22:00:00,3.376
2022-06-25 23:00:00,3.46
2022-06-26 00:00:00,3.548
2022-06-26 01:00:00,3.7460000000000004
2022-06-26 02:00:00,3.946
2022-06-26 03:00:00,4.0009999999999994
2022-06-26 04:00:00,4.055
2022-06-26 05:00:00,3.807
2022-06-26 06:00:00,3.3289999999999997
2022-06-26 07:00:00,2.512
2022-06-26 08:00:00,2.6029999999999998
2022-06-26 09:00:00,2.9429999999999996
2022-06-26 10:00:00,3.134
2022-06-26 11:00:00,3.29
2022-06-26 12:00:00,3.386
2022-06-26 13:00:00,3.295
2022-06-26 14:00:00,3.1029999999999998
2022-06-26 15:00:00,2.998
2022-06-26 16:00:00,3.0180000000000002
2022-06-26 17:00:00,3.201
2022-06-26 18:00:00,3.386
2022-06-26 19:00:00,3.293
2022-06-26 20:00:00,3.066
2022-06-26 21:00:00,3.091
2022-06-26 22:00:00,3.163
2022-06-26 23:00:00,2.917
2022-06-27 00:00:00,2.7439999999999998
2022-06-27 01:00:00,2.668
2022-06-27 02:00:00,2.632
2022-06-27 03:00:00,2.743
2022-06-27 04:00:00,2.815
2022-06-27 05:00:00,2.763
2022-06-27 06:00:00,2.559
2022-06-27 07:00:00,2.033
2022-06-27 08:00:00,2.16
2022-06-27 09:00:00,2.3529999999999998
2022-06-27 10:00:00,2.534
2022-06-27 11:00:00,2.764
2022-06-27 12:00:00,2.98
2022-06-27 13:00:00,3.1819999999999995
2022-06-27 14:00:00,3.439
2022-06-27 15:00:00,3.665
2022-06-27 16:00:00,3.731
2022-06-27 17:00:00,3.737
2022-06-27 18:00:00,3.692
2022-06-27 19:00:00,3.519
2022-06-27 20:00:00,3.3869999999999996
2022-06-27 21:00:00,3.402
2022-06-27 22:00:00,3.356
2022-06-27 23:00:00,3.243
2022-06-28 00:00:00,3.151
2022-06-28 01:00:00,3.024
2022-06-28 02:00:00,2.7640000000000002
2022-06-28 03:00:00,2.535
2022-06-28 04:00:00,2.477
2022-06-28 05:00:00,2.408
2022-06-28 06:00:00,2.176
2022-06-28 07:00:00,1.616
2022-06-28 08:00:00,1.495
2022-06-28 09:00:00,1.786
2022-06-28 10:00:00,2.292
2022-06-28 11:00:00,2.882
2022-06-28 12:00:00,3.262
2022-06-28 13:00:00,3.616
2022-06-28 14:00:00,3.9880000000000004
2022-06-28 15:00:00,4.36
2022-06-28 16:00:00,4.525
2022-06-28 17:00:00,4.340999999999999
2022-06-28 18:00:00,4.179
2022-06-28 19:00:00,3.849
2022-06-28 20:00:00,3.498
2022-06-28 21:00:00,3.529
2022-06-28 22:00:00,3.6609999999999996
2022-06-28 23:00:00,3.782
2022-06-29 00:00:00,3.879
2022-06-29 01:00:00,3.838
2022-06-29 02:00:00,3.6950000000000003
2022-06-29 03:00:00,3.808
2022-06-29 04:00:00,3.882
2022-06-29 05:00:00,3.8449999999999998
2022-06-29 06:00:00,3.407
2022-06-29 07:00:00,2.5250000000000004
2022-06-29 08:00:00,2.3630000000000004
2022-06-29 09:00:00,2.46
2022-06-29 10:00:00,2.425
2022-06-29 11:00:00,2.4939999999999998
2022-06-29 12:00:00,2.6189999999999998
2022-06-29 13:00:00,2.75
2022-06-29 14:00:00,2.8659999999999997
2022-06-29 15:00:00,2.993
2022-06-29 16:00:00,3.0410000000000004
2022-06-29 17:00:00,3.0300000000000002
2022-06-29 18:00:00,2.964
2022-06-29 19:00:00,2.8209999999999997
2022-06-29 20:00:00,2.6950000000000003
2022-06-29 21:00:00,2.5709999999999997
2022-06-29 22:00:00,2.459
2022-06-29 23:00:00,2.3760000000000003
2022-06-30 00:00:00,2.358
2022-06-30 01:00:00,2.2
2022-06-30 02:00:00,1.903
2022-06-30 03:00:00,1.726
2022-06-30 04:00:00,1.6349999999999998
2022-06-30 05:00:00,1.621
2022-06-30 06:00:00,1.5579999999999998
2022-06-30 07:00:00,1.256
2022-06-30 08:00:00,1.221
2022-06-30 09:00:00,1.405
2022-06-30 10:00:00,1.54
2022-06-30 11:00:00,1.838
2022-06-30 12:00:00,2.188
2022-06-30 13:00:00,2.661
2022-06-30 14:00:00,3.13
2022-06-30 15:00:00,3.436
2022-06-30 16:00:00,3.588
2022-06-30 17:00:00,3.748
2022-06-30 18:00:00,3.834
2022-06-30 19:00:00,3.545
2022-06-30 20:00:00,2.9699999999999998
2022-06-30 21:00:00,3.033
2022-06-30 22:00:00,3.446
2022-06-30 23:00:00,3.5679999999999996
2022-07-01 00:00:00,3.4819999999999998
2022-07-01 01:00:00,3.37
2022-07-01 02:00:00,3.183
2022-07-01 03:00:00,3.163
2022-07-01 04:00:00,3.237
2022-07-01 05:00:00,3.192
2022-07-01 06:00:00,2.942
2022-07-01 07:00:00,2.305
2022-07-01 08:00:00,2.5969999999999995
2022-07-01 09:00:00,3.0220000000000002
2022-07-01 10:00:00,3.12
2022-07-01 11:00:00,3.1239999999999997
2022-07-01 12:00:00,3.0829999999999997
2022-07-01 13:00:00,3.092
2022-07-01 14:00:00,3.1310000000000002
2022-07-01 15:00:00,3.187
2022-07-01 16:00:00,3.2
2022-07-01 17:00:00,3.229
2022-07-01 18:00:00,3.191
2022-07-01 19:00:00,3.089
2022-07-01 20:00:00,2.9219999999999997
2022-07-01 21:00:00,3.103
2022-07-01 22:00:00,3.1710000000000003
2022-07-01 23:00:00,3.0540000000000003
2022-07-02 00:00:00,2.822
2022-07-02 01:00:00,2.499
2022-07-02 02:00:00,2.29
2022-07-02 03:00:00,2.231
2022-07-02 04:00:00,2.206
2022-07-02 05:00:00,2.251
2022-07-02 06:00:00,2.301
2022-07-02 07:00:00,1.576
2022-07-02 08:00:00,0.977
2022-07-02 09:00:00,1.4609999999999999
2022-07-02 10:00:00,1.6600000000000001
2022-07-02 11:00:00,1.7
2022-07-02 12:00:00,1.66
2022-07-02 13:00:00,1.599
2022-07-02 14:00:00,1.545
2022-07-02 15:00:00,1.5379999999999998
2022-07-02 16:00:00,1.625
2022-07-02 17:00:00,1.8559999999999999
2022-07-02 18:00:00,2.1159999999999997
2022-07-02 19:00:00,2.34
2022-07-02 20:00:00,2.629
2022-07-02 21:00:00,3.06
2022-07-02 22:00:00,3.271
2022-07-02 23:00:00,3.241
2022-07-03 00:00:00,3.307
2022-07-03 01:00:00,3.277
2022-07-03 02:00:00,3.133
2022-07-03 03:00:00,2.9050000000000002
2022-07-03 04:00:00,2.695
2022-07-03 05:00:00,2.5170000000000003
2022-07-03 06:00:00,2.3600000000000003
2022-07-03 07:00:00,1.716
2022-07-03 08:00:00,1.751
2022-07-03 09:00:00,1.61
2022-07-03 10:00:00,1.582
2022-07-03 11:00:00,1.662
2022-07-03 12:00:00,1.726
2022-07-03 13:00:00,1.837
2022-07-03 14:00:00,2.0220000000000002
2022-07-03 15:00:00,2.2670000000000003
2022-07-03 16:00:00,2.502
2022-07-03 17:00:00,2.6559999999999997
2022-07-03 18:00:00,2.808
2022-07-03 19:00:00,3.091
2022-07-03 20:00:00,3.5260000000000002
2022-07-03 21:00:00,3.9459999999999997
2022-07-03 22:00:00,4.0280000000000005
2022-07-03 23:00:00,3.9010000000000002
2022-07-04 00:00:00,3.732
2022-07-04 01:00:00,3.441
2022-07-04 02:00:00,3.096
2022-07-04 03:00:00,2.809
2022-07-04 04:00:00,2.604
2022-07-04 05:00:00,2.409
2022-07-04 06:00:00,2.156
2022-07-04 07:00:00,1.395
2022-07-04 08:00:00,1.098
2022-07-04 09:00:00,0.897
2022-07-04 10:00:00,0.854
2022-07-04 11:00:00,0.86
2022-07-04 12:00:00,0.934
2022-07-04 13:00:00,1.154
2022-07-04 14:00:00,1.47
2022-07-04 15:00:00,1.83
2022-07-04 16:00:00,2.2190000000000003
2022-07-04 17:00:00,2.6420000000000003
2022-07-04 18:00:00,3.098
2022-07-04 19:00:00,3.5170000000000003
2022-07-04 20:00:00,3.861
2022-07-04 21:00:00,4.3309999999999995
2022-07-04 22:00:00,4.744
2022-07-04 23:00:00,4.63
2022-07-05 00:00:00,4.3389999999999995
2022-07-05 01:00:00,4.183
2022-07-05 02:00:00,4.024
2022-07-05 03:00:00,3.7889999999999997
2022-07-05 04:00:00,3.5409999999999995
2022-07-05 05:00:00,3.3310000000000004
2022-07-05 06:00:00,3.026
2022-07-05 07:00:00,2.132
2022-07-05 08:00:00,2.004
2022-07-05 09:00:00,2.065
2022-07-05 10:00:00,2.298
2022-07-05 11:00:00,2.599
2022-07-05 12:00:00,2.95
2022-07-05 13:00:00,3.309
2022-07-05 14:00:00,3.7169999999999996
2022-07-05 15:00:00,4.11
2022-07-05 16:00:00,4.407
2022-07-05 17:00:00,4.636
2022-07-05 18:00:00,4.827
2022-07-05 19:00:00,5.008
2022-07-05 20:00:00,5.2940000000000005
2022-07-05 21:00:00,6.141
2022-07-05 22:00:00,6.603
2022-07-05 23:00:00,6.366
2022-07-06 00:00:00,5.853
2022-07-06 01:00:00,5.421
2022-07-06 02:00:00,5.007
2022-07-06 03:00:00,4.638
2022-07-06 04:00:00,4.354
2022-07-06 05:00:00,4.059
2022-07-06 06:00:00,3.813
2022-07-06 07:00:00,2.825
2022-07-06 08:00:00,2.686
2022-07-06 09:00:00,3.105
2022-07-06 10:00:00,3.596
2022-07-06 11:00:00,4.383
2022-07-06 12:00:00,4.719
2022-07-06 13:00:00,4.866
2022-07-06 14:00:00,4.679
2022-07-06 15:00:00,4.574
2022-07-06 16:00:00,4.501
2022-07-06 17:00:00,4.543
2022-07-06 18:00:00,4.726
2022-07-06 19:00:00,5.256
2022-07-06 20:00:00,5.773
2022-07-06 21:00:00,6.196
2022-07-06 22:00:00,6.513
2022-07-06 23:00:00,6.298
2022-07-07 00:00:00,5.748
2022-07-07 01:00:00,5.193
2022-07-07 02:00:00,4.873
2022-07-07 03:00:00,4.73
2022-07-07 04:00:00,4.601
2022-07-07 05:00:00,4.55
2022-07-07 06:00:00,4.336
2022-07-07 07:00:00,3.218
2022-07-07 08:00:00,3.425
2022-07-07 09:00:00,3.492
2022-07-07 10:00:00,3.735
2022-07-07 11:00:00,4.032
2022-07-07 12:00:00,4.415
2022-07-07 13:00:00,4.957
2022-07-07 14:00:00,5.559
2022-07-07 15:00:00,6.05
2022-07-07 16:00:00,6.34
2022-07-07 17:00:00,6.59
2022-07-07 18:00:00,6.800000000000001
2022-07-07 19:00:00,6.873
2022-07-07 20:00:00,6.57
2022-07-07 21:00:00,6.4959999999999996
2022-07-07 22:00:00,6.537
2022-07-07 23:00:00,6.075
2022-07-08 00:00:00,5.5489999999999995
2022-07-08 01:00:00,5.013
2022-07-08 02:00:00,4.63
2022-07-08 03:00:00,4.317
2022-07-08 04:00:00,4.015
2022-07-08 05:00:00,3.713
2022-07-08 06:00:00,3.276
2022-07-08 07:00:00,2.38
2022-07-08 08:00:00,2.354
2022-07-08 09:00:00,2.409
2022-07-08 10:00:00,2.436
2022-07-08 11:00:00,2.473
2022-07-08 12:00:00,2.5789999999999997
2022-07-08 13:00:00,2.824
2022-07-08 14:00:00,3.157
2022-07-08 15:00:00,3.5869999999999997
2022-07-08 16:00:00,4.009
2022-07-08 17:00:00,4.369
2022-07-08 18:00:00,4.603
2022-07-08 19:00:00,4.584
2022-07-08 20:00:00,4.521
2022-07-08 21:00:00,5.087
2022-07-08 22:00:00,5.352
2022-07-08 23:00:00,4.989
2022-07-09 00:00:00,4.461
2022-07-09 01:00:00,4.035
2022-07-09 02:00:00,3.7750000000000004
2022-07-09 03:00:00,3.556
2022-07-09 04:00:00,3.338
2022-07-09 05:00:00,3.083
2022-07-09 06:00:00,2.714
2022-07-09 07:00:00,1.696
2022-07-09 08:00:00,1.126
2022-07-09 09:00:00,1.349
2022-07-09 10:00:00,1.649
2022-07-09 11:00:00,2.042
2022-07-09 12:00:00,2.484
2022-07-09 13:00:00,2.92
2022-07-09 14:00:00,3.341
2022-07-09 15:00:00,3.8019999999999996
2022-07-09 16:00:00,4.314
2022-07-09 17:00:00,4.723
2022-07-09 18:00:00,5.092
2022-07-09 19:00:00,5.376
2022-07-09 20:00:00,5.445
2022-07-09 21:00:00,6.186999999999999
2022-07-09 22:00:00,6.808999999999999
2022-07-09 23:00:00,6.494999999999999
2022-07-10 00:00:00,5.97
2022-07-10 01:00:00,5.446
2022-07-10 02:00:00,5.102
2022-07-10 03:00:00,4.849
2022-07-10 04:00:00,4.584
2022-07-10 05:00:00,4.3580000000000005
2022-07-10 06:00:00,3.968
2022-07-10 07:00:00,3.015
2022-07-10 08:00:00,3.465
2022-07-10 09:00:00,3.891
2022-07-10 10:00:00,4.127
2022-07-10 11:00:00,4.113
2022-07-10 12:00:00,3.785
2022-07-10 13:00:00,3.468
2022-07-10 14:00:00,3.319
2022-07-10 15:00:00,3.364
2022-07-10 16:00:00,3.571
2022-07-10 17:00:00,3.902
2022-07-10 18:00:00,4.314
2022-07-10 19:00:00,4.687
2022-07-10 20:00:00,4.737
2022-07-10 21:00:00,5.512
2022-07-10 22:00:00,6.164
2022-07-10 23:00:00,5.98
2022-07-11 00:00:00,5.506
2022-07-11 01:00:00,5.019
2022-07-11 02:00:00,4.615
2022-07-11 03:00:00,4.4079999999999995
2022-07-11 04:00:00,4.202
2022-07-11 05:00:00,3.981
2022-07-11 06:00:00,3.683
2022-07-11 07:00:00,2.58
2022-07-11 08:00:00,2.965
2022-07-11 09:00:00,3.468
2022-07-11 10:00:00,3.279
2022-07-11 11:00:00,3.161
2022-07-11 12:00:00,3.048
2022-07-11 13:00:00,2.9400000000000004
2022-07-11 14:00:00,2.866
2022-07-11 15:00:00,2.8200000000000003
2022-07-11 16:00:00,2.7560000000000002
2022-07-11 17:00:00,2.675
2022-07-11 18:00:00,2.625
2022-07-11 19:00:00,2.7119999999999997
2022-07-11 20:00:00,3.1980000000000004
2022-07-11 21:00:00,4.578
2022-07-11 22:00:00,5.316000000000001
2022-07-11 23:00:00,5.18
2022-07-12 00:00:00,4.844
2022-07-12 01:00:00,4.478
2022-07-12 02:00:00,4.149
2022-07-12 03:00:00,3.9299999999999997
2022-07-12 04:00:00,3.7329999999999997
2022-07-12 05:00:00,3.496
2022-07-12 06:00:00,3.221
2022-07-12 07:00:00,2.125
2022-07-12 08:00:00,1.241
2022-07-12 09:00:00,1.181
2022-07-12 10:00:00,1.506
2022-07-12 11:00:00,1.568
2022-07-12 12:00:00,1.53
2022-07-12 13:00:00,1.4409999999999998
2022-07-12 14:00:00,1.335
2022-07-12 15:00:00,1.267
2022-07-12 16:00:00,1.289
2022-07-12 17:00:00,1.444
2022-07-12 18:00:00,1.7
2022-07-12 19:00:00,2.0380000000000003
2022-07-12 20:00:00,2.634
2022-07-12 21:00:00,3.385
2022-07-12 22:00:00,3.615
2022-07-12 23:00:00,3.43
2022-07-13 00:00:00,3.1899999999999995
2022-07-13 01:00:00,2.974
2022-07-13 02:00:00,2.931
2022-07-13 03:00:00,2.907
2022-07-13 04:00:00,2.785
2022-07-13 05:00:00,2.524
2022-07-13 06:00:00,2.219
2022-07-13 07:00:00,1.5779999999999998
2022-07-13 08:00:00,0.9179999999999999
2022-07-13 09:00:00,0.7809999999999999
2022-07-13 10:00:00,0.97
2022-07-13 11:00:00,1.155
2022-07-13 12:00:00,1.307
2022-07-13 13:00:00,1.42
2022-07-13 14:00:00,1.4580000000000002
2022-07-13 15:00:00,1.518
2022-07-13 16:00:00,1.612
2022-07-13 17:00:00,1.766
2022-07-13 18:00:00,2.032
2022-07-13 19:00:00,2.3659999999999997
2022-07-13 20:00:00,2.841
2022-07-13 21:00:00,3.371
2022-07-13 22:00:00,3.4240000000000004
2022-07-13 23:00:00,3.117
2022-07-14 00:00:00,2.919
2022-07-14 01:00:00,2.79
2022-07-14 02:00:00,2.63
2022-07-14 03:00:00,2.371
2022-07-14 04:00:00,2.121
2022-07-14 05:00:00,1.9490000000000003
2022-07-14 06:00:00,1.809
2022-07-14 07:00:00,1.302
2022-07-14 08:00:00,1.058
2022-07-14 09:00:00,1.252
2022-07-14 10:00:00,1.569
2022-07-14 11:00:00,1.733
2022-07-14 12:00:00,1.885
2022-07-14 13:00:00,2.292
2022-07-14 14:00:00,2.846
2022-07-14 15:00:00,3.3870000000000005
2022-07-14 16:00:00,3.963
2022-07-14 17:00:00,4.635
2022-07-14 18:00:00,5.246
2022-07-14 19:00:00,5.6850000000000005
2022-07-14 20:00:00,5.7540000000000004
2022-07-14 21:00:00,5.802
2022-07-14 22:00:00,5.714
2022-07-14 23:00:00,5.311
2022-07-15 00:00:00,4.891
2022-07-15 01:00:00,4.443
2022-07-15 02:00:00,4.098
2022-07-15 03:00:00,3.926
2022-07-15 04:00:00,3.817
2022-07-15 05:00:00,3.66
2022-07-15 06:00:00,3.308
2022-07-15 07:00:00,2.249
2022-07-15 08:00:00,2.0309999999999997
2022-07-15 09:00:00,2.199
2022-07-15 10:00:00,2.228
2022-07-15 11:00:00,2.3810000000000002
2022-07-15 12:00:00,2.404
2022-07-15 13:00:00,2.427
2022-07-15 14:00:00,2.508
2022-07-15 15:00:00,2.634
2022-07-15 16:00:00,2.8120000000000003
2022-07-15 17:00:00,3.0860000000000003
2022-07-15 18:00:00,3.444
2022-07-15 19:00:00,3.891
2022-07-15 20:00:00,4.471
2022-07-15 21:00:00,5.420999999999999
2022-07-15 22:00:00,5.8260000000000005
2022-07-15 23:00:00,5.6259999999999994
2022-07-16 00:00:00,5.315
2022-07-16 01:00:00,5.013999999999999
2022-07-16 02:00:00,4.726
2022-07-16 03:00:00,4.391
2022-07-16 04:00:00,4.048
2022-07-16 05:00:00,3.689
2022-07-16 06:00:00,3.241
2022-07-16 07:00:00,2.3739999999999997
2022-07-16 08:00:00,1.9289999999999998
2022-07-16 09:00:00,2.628
2022-07-16 10:00:00,3.201
2022-07-16 11:00:00,3.1790000000000003
2022-07-16 12:00:00,3.1500000000000004
2022-07-16 13:00:00,3.285
2022-07-16 14:00:00,3.477
2022-07-16 15:00:00,3.5989999999999998
2022-07-16 16:00:00,3.64
2022-07-16 17:00:00,3.68
2022-07-16 18:00:00,3.7729999999999997
2022-07-16 19:00:00,3.808
2022-07-16 20:00:00,4.336
2022-07-16 21:00:00,5.885
2022-07-16 22:00:00,7.13
2022-07-16 23:00:00,7.397
2022-07-17 00:00:00,6.976
2022-07-17 01:00:00,6.385
2022-07-17 02:00:00,5.906000000000001
2022-07-17 03:00:00,5.545
2022-07-17 04:00:00,5.297000000000001
2022-07-17 05:00:00,5.1690000000000005
2022-07-17 06:00:00,4.77
2022-07-17 07:00:00,3.364
2022-07-17 08:00:00,2.682
2022-07-17 09:00:00,3.5549999999999997
2022-07-17 10:00:00,4.05
2022-07-17 11:00:00,4.236
2022-07-17 12:00:00,4.285
2022-07-17 13:00:00,4.156000000000001
2022-07-17 14:00:00,3.9
2022-07-17 15:00:00,3.63
2022-07-17 16:00:00,3.363
2022-07-17 17:00:00,3.093
2022-07-17 18:00:00,2.931
2022-07-17 19:00:00,2.89
2022-07-17 20:00:00,3.482
2022-07-17 21:00:00,4.84
2022-07-17 22:00:00,5.837
2022-07-17 23:00:00,6.243
2022-07-18 00:00:00,6.29
2022-07-18 01:00:00,6.216
2022-07-18 02:00:00,5.947
2022-07-18 03:00:00,5.764
2022-07-18 04:00:00,5.661
2022-07-18 05:00:00,5.584
2022-07-18 06:00:00,5.561
2022-07-18 07:00:00,4.550000000000001
2022-07-18 08:00:00,3.0540000000000003
2022-07-18 09:00:00,2.933
2022-07-18 10:00:00,3.73
2022-07-18 11:00:00,4.011
2022-07-18 12:00:00,4.153
2022-07-18 13:00:00,4.183
2022-07-18 14:00:00,4.087
2022-07-18 15:00:00,3.973
2022-07-18 16:00:00,3.9490000000000003
2022-07-18 17:00:00,4.07
2022-07-18 18:00:00,4.308
2022-07-18 19:00:00,4.182
2022-07-18 20:00:00,4.871
2022-07-18 21:00:00,6.284
2022-07-18 22:00:00,6.9719999999999995
2022-07-18 23:00:00,7.093999999999999
2022-07-19 00:00:00,7.161
2022-07-19 01:00:00,6.9239999999999995
2022-07-19 02:00:00,6.687
2022-07-19 03:00:00,6.531000000000001
2022-07-19 04:00:00,6.333
2022-07-19 05:00:00,6.072
2022-07-19 06:00:00,5.729
2022-07-19 07:00:00,4.551
2022-07-19 08:00:00,3.665
2022-07-19 09:00:00,3.5860000000000003
2022-07-19 10:00:00,3.9210000000000003
2022-07-19 11:00:00,4.507
2022-07-19 12:00:00,4.958
2022-07-19 13:00:00,5.148
2022-07-19 14:00:00,5.279
2022-07-19 15:00:00,5.471
2022-07-19 16:00:00,5.679
2022-07-19 17:00:00,5.844
2022-07-19 18:00:00,6.0169999999999995
2022-07-19 19:00:00,6.1
2022-07-19 20:00:00,5.898
2022-07-19 21:00:00,5.143
2022-07-19 22:00:00,4.172
2022-07-19 23:00:00,3.933
2022-07-20 00:00:00,3.805
2022-07-20 01:00:00,3.568
2022-07-20 02:00:00,3.487
2022-07-20 03:00:00,3.194
2022-07-20 04:00:00,3.071
2022-07-20 05:00:00,2.864
2022-07-20 06:00:00,2.557
2022-07-20 07:00:00,1.996
2022-07-20 08:00:00,2.202
2022-07-20 09:00:00,2.58
2022-07-20 10:00:00,2.924
2022-07-20 11:00:00,3.25
2022-07-20 12:00:00,3.2640000000000002
2022-07-20 13:00:00,3.2969999999999997
2022-07-20 14:00:00,3.34
2022-07-20 15:00:00,3.4440000000000004
2022-07-20 16:00:00,3.494
2022-07-20 17:00:00,3.585
2022-07-20 18:00:00,3.516
2022-07-20 19:00:00,3.2479999999999998
2022-07-20 20:00:00,2.99
2022-07-20 21:00:00,3.1159999999999997
2022-07-20 22:00:00,3.144
2022-07-20 23:00:00,3.075
2022-07-21 00:00:00,2.98
2022-07-21 01:00:00,2.854
2022-07-21 02:00:00,2.7560000000000002
2022-07-21 03:00:00,2.643
2022-07-21 04:00:00,2.5620000000000003
2022-07-21 05:00:00,2.428
2022-07-21 06:00:00,2.2119999999999997
2022-07-21 07:00:00,1.52
2022-07-21 08:00:00,1.167
2022-07-21 09:00:00,1.12
2022-07-21 10:00:00,1.212
2022-07-21 11:00:00,1.322
2022-07-21 12:00:00,1.393
2022-07-21 13:00:00,1.4340000000000002
2022-07-21 14:00:00,1.472
2022-07-21 15:00:00,1.506
2022-07-21 16:00:00,1.545
2022-07-21 17:00:00,1.59
2022-07-21 18:00:00,1.621
2022-07-21 19:00:00,1.795
2022-07-21 20:00:00,2.346
2022-07-21 21:00:00,3.469
2022-07-21 22:00:00,4.1080000000000005
2022-07-21 23:00:00,4.132
2022-07-22 00:00:00,3.9850000000000003
2022-07-22 01:00:00,3.7140000000000004
2022-07-22 02:00:00,3.354
2022-07-22 03:00:00,3.035
2022-07-22 04:00:00,2.735
2022-07-22 05:00:00,2.479
2022-07-22 06:00:00,2.209
2022-07-22 07:00:00,1.601
2022-07-22 08:00:00,1.4649999999999999
2022-07-22 09:00:00,1.494
2022-07-22 10:00:00,1.451
2022-07-22 11:00:00,1.466
2022-07-22 12:00:00,1.556
2022-07-22 13:00:00,1.7000000000000002
2022-07-22 14:00:00,1.839
2022-07-22 15:00:00,2.187
2022-07-22 16:00:00,2.6870000000000003
2022-07-22 17:00:00,2.973
2022-07-22 18:00:00,3.175
2022-07-22 19:00:00,3.5570000000000004
2022-07-22 20:00:00,3.8100000000000005
2022-07-22 21:00:00,3.7590000000000003
2022-07-22 22:00:00,3.529
2022-07-22 23:00:00,3.235
2022-07-23 00:00:00,2.7880000000000003
2022-07-23 01:00:00,2.561
2022-07-23 02:00:00,2.488
2022-07-23 03:00:00,2.412
2022-07-23 04:00:00,2.352
2022-07-23 05:00:00,2.2670000000000003
2022-07-23 06:00:00,2.077
2022-07-23 07:00:00,1.479
2022-07-23 08:00:00,1.206
2022-07-23 09:00:00,0.9950000000000001
2022-07-23 10:00:00,0.8519999999999999
2022-07-23 11:00:00,0.834
2022-07-23 12:00:00,0.937
2022-07-23 13:00:00,1.121
2022-07-23 14:00:00,1.354
2022-07-23 15:00:00,1.586
2022-07-23 16:00:00,1.774
2022-07-23 17:00:00,1.9140000000000001
2022-07-23 18:00:00,2.013
2022-07-23 19:00:00,2.088
2022-07-23 20:00:00,2.333
2022-07-23 21:00:00,2.7720000000000002
2022-07-23 22:00:00,2.7750000000000004
2022-07-23 23:00:00,2.492
2022-07-24 00:00:00,2.309
2022-07-24 01:00:00,2.208
2022-07-24 02:00:00,2.1399999999999997
2022-07-24 03:00:00,2.124
2022-07-24 04:00:00,2.2
2022-07-24 05:00:00,2.283
2022-07-24 06:00:00,2.4
2022-07-24 07:00:00,1.854
2022-07-24 08:00:00,1.2930000000000001
2022-07-24 09:00:00,1.901
2022-07-24 10:00:00,2.219
2022-07-24 11:00:00,2.219
2022-07-24 12:00:00,2.186
2022-07-24 13:00:00,2.169
2022-07-24 14:00:00,2.17
2022-07-24 15:00:00,2.176
2022-07-24 16:00:00,2.2
2022-07-24 17:00:00,2.2409999999999997
2022-07-24 18:00:00,2.293
2022-07-24 19:00:00,2.476
2022-07-24 20:00:00,3.044
2022-07-24 21:00:00,3.626
2022-07-24 22:00:00,3.684
2022-07-24 23:00:00,3.452
2022-07-25 00:00:00,3.538
2022-07-25 01:00:00,3.629
2022-07-25 02:00:00,3.732
2022-07-25 03:00:00,3.664
2022-07-25 04:00:00,3.675
2022-07-25 05:00:00,3.668
2022-07-25 06:00:00,3.553
2022-07-25 07:00:00,3.2560000000000002
2022-07-25 08:00:00,3.831
2022-07-25 09:00:00,4.372
2022-07-25 10:00:00,5.032
2022-07-25 11:00:00,5.739000000000001
2022-07-25 12:00:00,6.377
2022-07-25 13:00:00,7.042
2022-07-25 14:00:00,7.6080000000000005
2022-07-25 15:00:00,7.973000000000001
2022-07-25 16:00:00,8.2
2022-07-25 17:00:00,8.225
2022-07-25 18:00:00,7.965
2022-07-25 19:00:00,7.518000000000001
2022-07-25 20:00:00,6.783
2022-07-25 21:00:00,5.811999999999999
2022-07-25 22:00:00,5.126
2022-07-25 23:00:00,5.0120000000000005
2022-07-26 00:00:00,5.042
2022-07-26 01:00:00,5.076
2022-07-26 02:00:00,5.0280000000000005
2022-07-26 03:00:00,4.968999999999999
2022-07-26 04:00:00,4.716
2022-07-26 05:00:00,4.362
2022-07-26 06:00:00,3.888
2022-07-26 07:00:00,3.205
2022-07-26 08:00:00,3.0469999999999997
2022-07-26 09:00:00,2.888
2022-07-26 10:00:00,2.7880000000000003
2022-07-26 11:00:00,2.761
2022-07-26 12:00:00,2.794
2022-07-26 13:00:00,2.9370000000000003
2022-07-26 14:00:00,3.185
2022-07-26 15:00:00,3.518
2022-07-26 16:00:00,3.8770000000000002
2022-07-26 17:00:00,4.176
2022-07-26 18:00:00,4.374
2022-07-26 19:00:00,4.515
2022-07-26 20:00:00,4.603
2022-07-26 21:00:00,4.912
2022-07-26 22:00:00,5.048
2022-07-26 23:00:00,5.095
2022-07-27 00:00:00,5.133
2022-07-27 01:00:00,5.0600000000000005
2022-07-27 02:00:00,4.907
2022-07-27 03:00:00,4.684
2022-07-27 04:00:00,4.444
2022-07-27 05:00:00,4.079
2022-07-27 06:00:00,3.627
2022-07-27 07:00:00,2.852
2022-07-27 08:00:00,2.746
2022-07-27 09:00:00,2.482
2022-07-27 10:00:00,2.092
2022-07-27 11:00:00,1.877
2022-07-27 12:00:00,1.766
2022-07-27 13:00:00,1.7349999999999999
2022-07-27 14:00:00,1.826
2022-07-27 15:00:00,1.976
2022-07-27 16:00:00,2.1390000000000002
2022-07-27 17:00:00,2.3289999999999997
2022-07-27 18:00:00,2.588
2022-07-27 19:00:00,2.9130000000000003
2022-07-27 20:00:00,3.6529999999999996
2022-07-27 21:00:00,4.883
2022-07-27 22:00:00,5.5169999999999995
2022-07-27 23:00:00,5.49
2022-07-28 00:00:00,5.266
2022-07-28 01:00:00,4.9239999999999995
2022-07-28 02:00:00,4.49
2022-07-28 03:00:00,3.9690000000000003
2022-07-28 04:00:00,3.513
2022-07-28 05:00:00,2.933
2022-07-28 06:00:00,2.383
2022-07-28 07:00:00,1.543
2022-07-28 08:00:00,1.02
2022-07-28 09:00:00,0.968
2022-07-28 10:00:00,0.941
2022-07-28 11:00:00,0.908
2022-07-28 12:00:00,0.874
2022-07-28 13:00:00,0.89
2022-07-28 14:00:00,0.976
2022-07-28 15:00:00,1.068
2022-07-28 16:00:00,1.163
2022-07-28 17:00:00,1.3519999999999999
2022-07-28 18:00:00,1.71
2022-07-28 19:00:00,2.317
2022-07-28 20:00:00,3.04
2022-07-28 21:00:00,3.77
2022-07-28 22:00:00,3.9640000000000004
2022-07-28 23:00:00,3.7279999999999998
2022-07-29 00:00:00,3.4899999999999998
2022-07-29 01:00:00,3.1719999999999997
2022-07-29 02:00:00,2.734
2022-07-29 03:00:00,2.316
2022-07-29 04:00:00,2.002
2022-07-29 05:00:00,1.724
2022-07-29 06:00:00,1.464
2022-07-29 07:00:00,1.031
2022-07-29 08:00:00,0.6659999999999999
2022-07-29 09:00:00,0.667
2022-07-29 10:00:00,0.8009999999999999
2022-07-29 11:00:00,0.7829999999999999
2022-07-29 12:00:00,1.061
2022-07-29 13:00:00,1.393
2022-07-29 14:00:00,1.393
2022-07-29 15:00:00,1.4060000000000001
2022-07-29 16:00:00,1.605
2022-07-29 17:00:00,1.817
2022-07-29 18:00:00,2.048
2022-07-29 19:00:00,2.4699999999999998
2022-07-29 20:00:00,3.27
2022-07-29 21:00:00,3.6399999999999997
2022-07-29 22:00:00,3.542
2022-07-29 23:00:00,3.409
2022-07-30 00:00:00,3.2929999999999997
2022-07-30 01:00:00,3.0540000000000003
2022-07-30 02:00:00,2.8499999999999996
2022-07-30 03:00:00,2.731
2022-07-30 04:00:00,2.676
2022-07-30 05:00:00,2.569
2022-07-30 06:00:00,2.4219999999999997
2022-07-30 07:00:00,1.976
2022-07-30 08:00:00,1.9329999999999998
2022-07-30 09:00:00,2.223
2022-07-30 10:00:00,2.2680000000000002
2022-07-30 11:00:00,2.32
2022-07-30 12:00:00,2.4659999999999997
2022-07-30 13:00:00,2.732
2022-07-30 14:00:00,3.067
2022-07-30 15:00:00,3.4080000000000004
2022-07-30 16:00:00,3.749
2022-07-30 17:00:00,4.056
2022-07-30 18:00:00,4.23
2022-07-30 19:00:00,4.289
2022-07-30 20:00:00,4.46
2022-07-30 21:00:00,4.526
2022-07-30 22:00:00,4.176
2022-07-30 23:00:00,3.72
2022-07-31 00:00:00,3.4210000000000003
2022-07-31 01:00:00,3.205
2022-07-31 02:00:00,3.007
2022-07-31 03:00:00,2.82
2022-07-31 04:00:00,2.707
2022-07-31 05:00:00,2.5709999999999997
2022-07-31 06:00:00,2.481
2022-07-31 07:00:00,1.9540000000000002
2022-07-31 08:00:00,1.802
2022-07-31 09:00:00,2.057
2022-07-31 10:00:00,2.231
2022-07-31 11:00:00,2.392
2022-07-31 12:00:00,2.601
2022-07-31 13:00:00,2.89
2022-07-31 14:00:00,3.2199999999999998
2022-07-31 15:00:00,3.577
2022-07-31 16:00:00,3.9130000000000003
2022-07-31 17:00:00,4.227
2022-07-31 18:00:00,4.439
2022-07-31 19:00:00,4.496
2022-07-31 20:00:00,4.418
2022-07-31 21:00:00,4.284
2022-07-31 22:00:00,3.992
2022-07-31 23:00:00,3.768
2022-08-01 00:00:00,3.63
2022-08-01 01:00:00,3.394
2022-08-01 02:00:00,3.1130000000000004
2022-08-01 03:00:00,2.787
2022-08-01 04:00:00,2.493
2022-08-01 05:00:00,2.2279999999999998
2022-08-01 06:00:00,1.966
2022-08-01 07:00:00,1.387
2022-08-01 08:00:00,0.99
2022-08-01 09:00:00,1.0030000000000001
2022-08-01 10:00:00,1.169
2022-08-01 11:00:00,1.318
2022-08-01 12:00:00,1.395
2022-08-01 13:00:00,1.4229999999999998
2022-08-01 14:00:00,1.557
2022-08-01 15:00:00,1.793
2022-08-01 16:00:00,2.014
2022-08-01 17:00:00,2.159
2022-08-01 18:00:00,2.255
2022-08-01 19:00:00,2.372
2022-08-01 20:00:00,2.593
2022-08-01 21:00:00,2.9939999999999998
2022-08-01 22:00:00,2.911
2022-08-01 23:00:00,2.604
2022-08-02 00:00:00,2.386
2022-08-02 01:00:00,2.306
2022-08-02 02:00:00,2.2569999999999997
2022-08-02 03:00:00,2.248
2022-08-02 04:00:00,2.284
2022-08-02 05:00:00,2.295
2022-08-02 06:00:00,2.303
2022-08-02 07:00:00,1.82
2022-08-02 08:00:00,1.46
2022-08-02 09:00:00,1.5
2022-08-02 10:00:00,1.48
2022-08-02 11:00:00,1.448
2022-08-02 12:00:00,1.362
2022-08-02 13:00:00,1.3519999999999999
2022-08-02 14:00:00,1.393
2022-08-02 15:00:00,1.4180000000000001
2022-08-02 16:00:00,1.41
2022-08-02 17:00:00,1.4049999999999998
2022-08-02 18:00:00,1.415
2022-08-02 19:00:00,1.4140000000000001
2022-08-02 20:00:00,1.729
2022-08-02 21:00:00,2.295
2022-08-02 22:00:00,2.583
2022-08-02 23:00:00,2.643
2022-08-03 00:00:00,2.603
2022-08-03 01:00:00,2.519
2022-08-03 02:00:00,2.434
2022-08-03 03:00:00,2.3609999999999998
2022-08-03 04:00:00,2.321
2022-08-03 05:00:00,2.233
2022-08-03 06:00:00,2.0949999999999998
2022-08-03 07:00:00,1.522
2022-08-03 08:00:00,0.73
2022-08-03 09:00:00,0.658
2022-08-03 10:00:00,0.755
2022-08-03 11:00:00,0.7769999999999999
2022-08-03 12:00:00,0.7749999999999999
2022-08-03 13:00:00,0.79
2022-08-03 14:00:00,0.8929999999999999
2022-08-03 15:00:00,1.077
2022-08-03 16:00:00,1.28
2022-08-03 17:00:00,1.431
2022-08-03 18:00:00,1.6520000000000001
2022-08-03 19:00:00,2.101
2022-08-03 20:00:00,2.383
2022-08-03 21:00:00,2.418
2022-08-03 22:00:00,2.112
2022-08-03 23:00:00,1.879
2022-08-04 00:00:00,1.8250000000000002
2022-08-04 01:00:00,1.8359999999999999
2022-08-04 02:00:00,1.971
2022-08-04 03:00:00,2.213
2022-08-04 04:00:00,2.4130000000000003
2022-08-04 05:00:00,2.433
2022-08-04 06:00:00,2.403
2022-08-04 07:00:00,2.123
2022-08-04 08:00:00,1.827
2022-08-04 09:00:00,1.6600000000000001
2022-08-04 10:00:00,1.502
2022-08-04 11:00:00,1.379
2022-08-04 12:00:00,1.279
2022-08-04 13:00:00,1.267
2022-08-04 14:00:00,1.3820000000000001
2022-08-04 15:00:00,1.611
2022-08-04 16:00:00,1.911
2022-08-04 17:00:00,2.301
2022-08-04 18:00:00,2.8529999999999998
2022-08-04 19:00:00,3.373
2022-08-04 20:00:00,3.738
2022-08-04 21:00:00,3.943
2022-08-04 22:00:00,3.8369999999999997
2022-08-04 23:00:00,3.738
2022-08-05 00:00:00,3.7889999999999997
2022-08-05 01:00:00,3.704
2022-08-05 02:00:00,3.637
2022-08-05 03:00:00,3.517
2022-08-05 04:00:00,3.3360000000000003
2022-08-05 05:00:00,3.1550000000000002
2022-08-05 06:00:00,3.042
2022-08-05 07:00:00,2.73
2022-08-05 08:00:00,3.247
2022-08-05 09:00:00,3.612
2022-08-05 10:00:00,3.752
2022-08-05 11:00:00,3.9530000000000003
2022-08-05 12:00:00,4.187
2022-08-05 13:00:00,4.384
2022-08-05 14:00:00,4.525
2022-08-05 15:00:00,4.727
2022-08-05 16:00:00,5.05
2022-08-05 17:00:00,5.441
2022-08-05 18:00:00,5.659
2022-08-05 19:00:00,5.716
2022-08-05 20:00:00,5.484
2022-08-05 21:00:00,5.3260000000000005
2022-08-05 22:00:00,5.0120000000000005
2022-08-05 23:00:00,4.8950000000000005
2022-08-06 00:00:00,4.957
2022-08-06 01:00:00,4.8260000000000005
2022-08-06 02:00:00,4.672
2022-08-06 03:00:00,4.626
2022-08-06 04:00:00,4.665
2022-08-06 05:00:00,4.575
2022-08-06 06:00:00,4.382
2022-08-06 07:00:00,3.6479999999999997
2022-08-06 08:00:00,3.3089999999999997
2022-08-06 09:00:00,4.0920000000000005
2022-08-06 10:00:00,4.305
2022-08-06 11:00:00,4.102
2022-08-06 12:00:00,3.806
2022-08-06 13:00:00,3.721
2022-08-06 14:00:00,3.9290000000000003
2022-08-06 15:00:00,4.389
2022-08-06 16:00:00,4.97
2022-08-06 17:00:00,5.557
2022-08-06 18:00:00,6.089
2022-08-06 19:00:00,6.444000000000001
2022-08-06 20:00:00,6.684000000000001
2022-08-06 21:00:00,7.683000000000001
2022-08-06 22:00:00,7.833
2022-08-06 23:00:00,7.502000000000001
2022-08-07 00:00:00,6.942
2022-08-07 01:00:00,6.378
2022-08-07 02:00:00,5.875
2022-08-07 03:00:00,5.388
2022-08-07 04:00:00,5.125
2022-08-07 05:00:00,4.9079999999999995
2022-08-07 06:00:00,4.691
2022-08-07 07:00:00,3.7960000000000003
2022-08-07 08:00:00,2.8200000000000003
2022-08-07 09:00:00,3.914
2022-08-07 10:00:00,4.531000000000001
2022-08-07 11:00:00,4.541
2022-08-07 12:00:00,4.441
2022-08-07 13:00:00,4.404
2022-08-07 14:00:00,4.503
2022-08-07 15:00:00,4.702
2022-08-07 16:00:00,4.922
2022-08-07 17:00:00,5.214
2022-08-07 18:00:00,5.598
2022-08-07 19:00:00,5.936999999999999
2022-08-07 20:00:00,6.447
2022-08-07 21:00:00,7.707
2022-08-07 22:00:00,7.7170000000000005
2022-08-07 23:00:00,7.194000000000001
2022-08-08 00:00:00,6.5649999999999995
2022-08-08 01:00:00,5.93
2022-08-08 02:00:00,5.599
2022-08-08 03:00:00,5.309
2022-08-08 04:00:00,5.021
2022-08-08 05:00:00,4.659
2022-08-08 06:00:00,4.375
2022-08-08 07:00:00,3.348
2022-08-08 08:00:00,2.292
2022-08-08 09:00:00,3.417
2022-08-08 10:00:00,4.6419999999999995
2022-08-08 11:00:00,4.996
2022-08-08 12:00:00,4.9559999999999995
2022-08-08 13:00:00,4.742
2022-08-08 14:00:00,4.628
2022-08-08 15:00:00,4.628
2022-08-08 16:00:00,4.704000000000001
2022-08-08 17:00:00,4.929
2022-08-08 18:00:00,5.233
2022-08-08 19:00:00,5.51
2022-08-08 20:00:00,6.33
2022-08-08 21:00:00,7.547000000000001
2022-08-08 22:00:00,7.6370000000000005
2022-08-08 23:00:00,7.135
2022-08-09 00:00:00,6.5169999999999995
2022-08-09 01:00:00,5.931
2022-08-09 02:00:00,5.527
2022-08-09 03:00:00,5.2829999999999995
2022-08-09 04:00:00,5.116
2022-08-09 05:00:00,4.79
2022-08-09 06:00:00,4.478
2022-08-09 07:00:00,3.568
2022-08-09 08:00:00,2.753
2022-08-09 09:00:00,3.552
2022-08-09 10:00:00,4.275
2022-08-09 11:00:00,4.692
2022-08-09 12:00:00,4.673
2022-08-09 13:00:00,4.375
2022-08-09 14:00:00,4.112
2022-08-09 15:00:00,4.034
2022-08-09 16:00:00,4.143
2022-08-09 17:00:00,4.399
2022-08-09 18:00:00,4.74
2022-08-09 19:00:00,5.123
2022-08-09 20:00:00,6.201
2022-08-09 21:00:00,7.562
2022-08-09 22:00:00,7.782
2022-08-09 23:00:00,7.427
2022-08-10 00:00:00,6.929
2022-08-10 01:00:00,6.493
2022-08-10 02:00:00,6.161
2022-08-10 03:00:00,5.904
2022-08-10 04:00:00,5.699
2022-08-10 05:00:00,5.3740000000000006
2022-08-10 06:00:00,5.026
2022-08-10 07:00:00,3.8320000000000003
2022-08-10 08:00:00,2.4989999999999997
2022-08-10 09:00:00,2.6470000000000002
2022-08-10 10:00:00,2.9299999999999997
2022-08-10 11:00:00,3.504
2022-08-10 12:00:00,3.681
2022-08-10 13:00:00,3.4930000000000003
2022-08-10 14:00:00,3.261
2022-08-10 15:00:00,3.1399999999999997
2022-08-10 16:00:00,3.206
2022-08-10 17:00:00,3.333
2022-08-10 18:00:00,3.556
2022-08-10 19:00:00,3.886
2022-08-10 20:00:00,5.227
2022-08-10 21:00:00,7.11
2022-08-10 22:00:00,7.634
2022-08-10 23:00:00,7.465999999999999
2022-08-11 00:00:00,7.011
2022-08-11 01:00:00,6.443
2022-08-11 02:00:00,5.75
2022-08-11 03:00:00,5.238
2022-08-11 04:00:00,4.965
2022-08-11 05:00:00,4.521
2022-08-11 06:00:00,4.131
2022-08-11 07:00:00,3.4829999999999997
2022-08-11 08:00:00,2.598
2022-08-11 09:00:00,2.577
2022-08-11 10:00:00,3.151
2022-08-11 11:00:00,3.833
2022-08-11 12:00:00,3.8449999999999998
2022-08-11 13:00:00,3.659
2022-08-11 14:00:00,3.4019999999999997
2022-08-11 15:00:00,3.158
2022-08-11 16:00:00,3.0
2022-08-11 17:00:00,2.997
2022-08-11 18:00:00,3.1189999999999998
2022-08-11 19:00:00,3.428
2022-08-11 20:00:00,4.787
2022-08-11 21:00:00,6.489
2022-08-11 22:00:00,7.107
2022-08-11 23:00:00,6.9190000000000005
2022-08-12 00:00:00,6.42
2022-08-12 01:00:00,5.811
2022-08-12 02:00:00,5.07
2022-08-12 03:00:00,4.341
2022-08-12 04:00:00,3.759
2022-08-12 05:00:00,3.3409999999999997
2022-08-12 06:00:00,3.113
2022-08-12 07:00:00,2.6660000000000004
2022-08-12 08:00:00,1.521
2022-08-12 09:00:00,1.201
2022-08-12 10:00:00,1.569
2022-08-12 11:00:00,2.0949999999999998
2022-08-12 12:00:00,2.057
2022-08-12 13:00:00,1.957
2022-08-12 14:00:00,1.892
2022-08-12 15:00:00,1.8840000000000001
2022-08-12 16:00:00,1.926
2022-08-12 17:00:00,2.059
2022-08-12 18:00:00,2.315
2022-08-12 19:00:00,2.7809999999999997
2022-08-12 20:00:00,3.941
2022-08-12 21:00:00,4.968999999999999
2022-08-12 22:00:00,5.322
2022-08-12 23:00:00,5.2940000000000005
2022-08-13 00:00:00,5.1129999999999995
2022-08-13 01:00:00,4.925000000000001
2022-08-13 02:00:00,4.7059999999999995
2022-08-13 03:00:00,4.489
2022-08-13 04:00:00,4.288
2022-08-13 05:00:00,4.106999999999999
2022-08-13 06:00:00,3.9720000000000004
2022-08-13 07:00:00,3.537
2022-08-13 08:00:00,2.353
2022-08-13 09:00:00,1.7570000000000001
2022-08-13 10:00:00,1.8409999999999997
2022-08-13 11:00:00,2.131
2022-08-13 12:00:00,2.059
2022-08-13 13:00:00,1.96
2022-08-13 14:00:00,1.875
2022-08-13 15:00:00,1.8290000000000002
2022-08-13 16:00:00,1.803
2022-08-13 17:00:00,1.782
2022-08-13 18:00:00,1.853
2022-08-13 19:00:00,2.246
2022-08-13 20:00:00,3.1790000000000003
2022-08-13 21:00:00,4.055
2022-08-13 22:00:00,4.217
2022-08-13 23:00:00,4.622
2022-08-14 00:00:00,4.840999999999999
2022-08-14 01:00:00,4.578
2022-08-14 02:00:00,3.9320000000000004
2022-08-14 03:00:00,3.492
2022-08-14 04:00:00,3.3200000000000003
2022-08-14 05:00:00,3.355
2022-08-14 06:00:00,3.309
2022-08-14 07:00:00,3.026
2022-08-14 08:00:00,2.652
2022-08-14 09:00:00,2.767
2022-08-14 10:00:00,2.755
2022-08-14 11:00:00,2.786
2022-08-14 12:00:00,2.931
2022-08-14 13:00:00,3.056
2022-08-14 14:00:00,3.106
2022-08-14 15:00:00,3.123
2022-08-14 16:00:00,3.076
2022-08-14 17:00:00,3.0309999999999997
2022-08-14 18:00:00,3.0250000000000004
2022-08-14 19:00:00,2.9029999999999996
2022-08-14 20:00:00,2.726
2022-08-14 21:00:00,2.6609999999999996
2022-08-14 22:00:00,2.724
2022-08-14 23:00:00,2.98
2022-08-15 00:00:00,3.223
2022-08-15 01:00:00,3.362
2022-08-15 02:00:00,3.4859999999999998
2022-08-15 03:00:00,3.4370000000000003
2022-08-15 04:00:00,3.2409999999999997
2022-08-15 05:00:00,3.0469999999999997
2022-08-15 06:00:00,2.981
2022-08-15 07:00:00,2.76
2022-08-15 08:00:00,2.46
2022-08-15 09:00:00,2.752
2022-08-15 10:00:00,2.973
2022-08-15 11:00:00,3.05
2022-08-15 12:00:00,3.209
2022-08-15 13:00:00,3.387
2022-08-15 14:00:00,3.513
2022-08-15 15:00:00,3.625
2022-08-15 16:00:00,3.6479999999999997
2022-08-15 17:00:00,3.385
2022-08-15 18:00:00,2.965
2022-08-15 19:00:00,2.5
2022-08-15 20:00:00,2.36
2022-08-15 21:00:00,2.373
2022-08-15 22:00:00,2.225
2022-08-15 23:00:00,2.092
2022-08-16 00:00:00,1.916
2022-08-16 01:00:00,1.701
2022-08-16 02:00:00,1.509
2022-08-16 03:00:00,1.384
2022-08-16 04:00:00,1.4580000000000002
2022-08-16 05:00:00,1.763
2022-08-16 06:00:00,2.161
2022-08-16 07:00:00,2.1719999999999997
2022-08-16 08:00:00,1.63
2022-08-16 09:00:00,1.548
2022-08-16 10:00:00,1.779
2022-08-16 11:00:00,1.796
2022-08-16 12:00:00,1.7970000000000002
2022-08-16 13:00:00,1.955
2022-08-16 14:00:00,2.254
2022-08-16 15:00:00,2.4770000000000003
2022-08-16 16:00:00,2.5229999999999997
2022-08-16 17:00:00,2.358
2022-08-16 18:00:00,1.939
2022-08-16 19:00:00,1.631
2022-08-16 20:00:00,1.58
2022-08-16 21:00:00,1.895
2022-08-16 22:00:00,2.224
2022-08-16 23:00:00,2.441
2022-08-17 00:00:00,2.559
2022-08-17 01:00:00,2.598
2022-08-17 02:00:00,2.633
2022-08-17 03:00:00,2.684
2022-08-17 04:00:00,2.743
2022-08-17 05:00:00,2.7249999999999996
2022-08-17 06:00:00,2.573
2022-08-17 07:00:00,2.194
2022-08-17 08:00:00,1.822
2022-08-17 09:00:00,1.955
2022-08-17 10:00:00,2.315
2022-08-17 11:00:00,2.33
2022-08-17 12:00:00,2.27
2022-08-17 13:00:00,2.191
2022-08-17 14:00:00,2.261
2022-08-17 15:00:00,2.2960000000000003
2022-08-17 16:00:00,2.362
2022-08-17 17:00:00,2.324
2022-08-17 18:00:00,2.6109999999999998
2022-08-17 19:00:00,2.739
2022-08-17 20:00:00,3.008
2022-08-17 21:00:00,3.3259999999999996
2022-08-17 22:00:00,3.1550000000000002
2022-08-17 23:00:00,2.762
2022-08-18 00:00:00,2.3499999999999996
2022-08-18 01:00:00,2.273
2022-08-18 02:00:00,2.31
2022-08-18 03:00:00,2.189
2022-08-18 04:00:00,1.94
2022-08-18 05:00:00,1.76
2022-08-18 06:00:00,1.633
2022-08-18 07:00:00,1.534
2022-08-18 08:00:00,1.46
2022-08-18 09:00:00,1.953
2022-08-18 10:00:00,2.1239999999999997
2022-08-18 11:00:00,2.068
2022-08-18 12:00:00,2.13
2022-08-18 13:00:00,2.425
2022-08-18 14:00:00,3.259
2022-08-18 15:00:00,3.981
2022-08-18 16:00:00,4.33
2022-08-18 17:00:00,4.855
2022-08-18 18:00:00,5.099
2022-08-18 19:00:00,5.095
2022-08-18 20:00:00,5.109999999999999
2022-08-18 21:00:00,5.238
2022-08-18 22:00:00,5.415
2022-08-18 23:00:00,5.557
2022-08-19 00:00:00,5.694
2022-08-19 01:00:00,5.856999999999999
2022-08-19 02:00:00,5.992
2022-08-19 03:00:00,6.007
2022-08-19 04:00:00,5.878
2022-08-19 05:00:00,5.677
2022-08-19 06:00:00,5.693
2022-08-19 07:00:00,5.48
2022-08-19 08:00:00,5.161
2022-08-19 09:00:00,5.571
2022-08-19 10:00:00,5.617
2022-08-19 11:00:00,5.607
2022-08-19 12:00:00,5.800000000000001
2022-08-19 13:00:00,6.118
2022-08-19 14:00:00,6.423
2022-08-19 15:00:00,6.638999999999999
2022-08-19 16:00:00,6.682
2022-08-19 17:00:00,6.501
2022-08-19 18:00:00,6.098
2022-08-19 19:00:00,5.556
2022-08-19 20:00:00,5.198
2022-08-19 21:00:00,5.107
2022-08-19 22:00:00,4.992
2022-08-19 23:00:00,4.891
2022-08-20 00:00:00,4.679
2022-08-20 01:00:00,4.366
2022-08-20 02:00:00,4.056
2022-08-20 03:00:00,3.803
2022-08-20 04:00:00,3.607
2022-08-20 05:00:00,3.408
2022-08-20 06:00:00,3.2909999999999995
2022-08-20 07:00:00,2.9619999999999997
2022-08-20 08:00:00,2.3
2022-08-20 09:00:00,2.125
2022-08-20 10:00:00,2.092
2022-08-20 11:00:00,2.1870000000000003
2022-08-20 12:00:00,2.29
2022-08-20 13:00:00,2.3810000000000002
2022-08-20 14:00:00,2.488
2022-08-20 15:00:00,2.607
2022-08-20 16:00:00,2.705
2022-08-20 17:00:00,2.742
2022-08-20 18:00:00,2.762
2022-08-20 19:00:00,2.84
2022-08-20 20:00:00,3.284
2022-08-20 21:00:00,3.634
2022-08-20 22:00:00,3.5060000000000002
2022-08-20 23:00:00,3.25
2022-08-21 00:00:00,2.911
2022-08-21 01:00:00,2.68
2022-08-21 02:00:00,2.4859999999999998
2022-08-21 03:00:00,2.3129999999999997
2022-08-21 04:00:00,2.252
2022-08-21 05:00:00,2.153
2022-08-21 06:00:00,2.0330000000000004
2022-08-21 07:00:00,1.8820000000000001
2022-08-21 08:00:00,1.471
2022-08-21 09:00:00,1.248
2022-08-21 10:00:00,1.282
2022-08-21 11:00:00,1.482
2022-08-21 12:00:00,1.738
2022-08-21 13:00:00,2.05
2022-08-21 14:00:00,2.336
2022-08-21 15:00:00,2.633
2022-08-21 16:00:00,2.892
2022-08-21 17:00:00,3.043
2022-08-21 18:00:00,3.003
2022-08-21 19:00:00,2.937
2022-08-21 20:00:00,3.0540000000000003
2022-08-21 21:00:00,3.281
2022-08-21 22:00:00,3.3760000000000003
2022-08-21 23:00:00,3.424
2022-08-22 00:00:00,3.5180000000000002
2022-08-22 01:00:00,3.538
2022-08-22 02:00:00,3.4139999999999997
2022-08-22 03:00:00,3.2640000000000002
2022-08-22 04:00:00,3.025
2022-08-22 05:00:00,2.841
2022-08-22 06:00:00,2.684
2022-08-22 07:00:00,2.45
2022-08-22 08:00:00,1.937
2022-08-22 09:00:00,1.854
2022-08-22 10:00:00,1.803
2022-08-22 11:00:00,1.824
2022-08-22 12:00:00,1.947
2022-08-22 13:00:00,2.098
2022-08-22 14:00:00,2.3129999999999997
2022-08-22 15:00:00,2.58
2022-08-22 16:00:00,2.808
2022-08-22 17:00:00,2.981
2022-08-22 18:00:00,3.1799999999999997
2022-08-22 19:00:00,3.3289999999999997
2022-08-22 20:00:00,3.365
2022-08-22 21:00:00,3.4210000000000003
2022-08-22 22:00:00,3.3810000000000002
2022-08-22 23:00:00,3.3789999999999996
2022-08-23 00:00:00,3.324
2022-08-23 01:00:00,3.215
2022-08-23 02:00:00,3.0749999999999997
2022-08-23 03:00:00,2.9059999999999997
2022-08-23 04:00:00,2.755
2022-08-23 05:00:00,2.541
2022-08-23 06:00:00,2.379
2022-08-23 07:00:00,2.135
2022-08-23 08:00:00,1.4100000000000001
2022-08-23 09:00:00,1.3319999999999999
2022-08-23 10:00:00,1.399
2022-08-23 11:00:00,1.411
2022-08-23 12:00:00,1.396
2022-08-23 13:00:00,1.347
2022-08-23 14:00:00,1.2959999999999998
2022-08-23 15:00:00,1.26
2022-08-23 16:00:00,1.225
2022-08-23 17:00:00,1.192
2022-08-23 18:00:00,1.1520000000000001
2022-08-23 19:00:00,1.16
2022-08-23 20:00:00,1.432
2022-08-23 21:00:00,1.705
2022-08-23 22:00:00,1.799
2022-08-23 23:00:00,1.685
2022-08-24 00:00:00,1.49
2022-08-24 01:00:00,1.388
2022-08-24 02:00:00,1.3719999999999999
2022-08-24 03:00:00,1.371
2022-08-24 04:00:00,1.4089999999999998
2022-08-24 05:00:00,1.4100000000000001
2022-08-24 06:00:00,1.419
2022-08-24 07:00:00,1.4609999999999999
2022-08-24 08:00:00,0.9649999999999999
2022-08-24 09:00:00,0.7909999999999999
2022-08-24 10:00:00,0.953
2022-08-24 11:00:00,1.073
2022-08-24 12:00:00,1.1440000000000001
2022-08-24 13:00:00,1.1260000000000001
2022-08-24 14:00:00,1.084
2022-08-24 15:00:00,1.048
2022-08-24 16:00:00,0.9760000000000001
2022-08-24 17:00:00,0.915
2022-08-24 18:00:00,0.921
2022-08-24 19:00:00,1.1139999999999999
2022-08-24 20:00:00,1.679
2022-08-24 21:00:00,2.356
2022-08-24 22:00:00,2.6950000000000003
2022-08-24 23:00:00,2.975
2022-08-25 00:00:00,2.9219999999999997
2022-08-25 01:00:00,2.7169999999999996
2022-08-25 02:00:00,2.525
2022-08-25 03:00:00,2.3569999999999998
2022-08-25 04:00:00,2.46
2022-08-25 05:00:00,2.91
2022-08-25 06:00:00,3.048
2022-08-25 07:00:00,2.74
2022-08-25 08:00:00,1.961
2022-08-25 09:00:00,1.8079999999999998
2022-08-25 10:00:00,2.0919999999999996
2022-08-25 11:00:00,2.255
2022-08-25 12:00:00,2.144
2022-08-25 13:00:00,2.004
2022-08-25 14:00:00,1.907
2022-08-25 15:00:00,2.0060000000000002
2022-08-25 16:00:00,2.423
2022-08-25 17:00:00,3.2680000000000002
2022-08-25 18:00:00,4.204000000000001
2022-08-25 19:00:00,4.664
2022-08-25 20:00:00,4.602
2022-08-25 21:00:00,4.412
2022-08-25 22:00:00,4.143
2022-08-25 23:00:00,3.8810000000000002
2022-08-26 00:00:00,3.6100000000000003
2022-08-26 01:00:00,3.437
2022-08-26 02:00:00,3.4010000000000002
2022-08-26 03:00:00,3.455
2022-08-26 04:00:00,3.508
2022-08-26 05:00:00,3.498
2022-08-26 06:00:00,3.36
2022-08-26 07:00:00,3.068
2022-08-26 08:00:00,2.309
2022-08-26 09:00:00,2.0380000000000003
2022-08-26 10:00:00,1.815
2022-08-26 11:00:00,1.619
2022-08-26 12:00:00,1.575
2022-08-26 13:00:00,1.7080000000000002
2022-08-26 14:00:00,1.932
2022-08-26 15:00:00,2.214
2022-08-26 16:00:00,2.5300000000000002
2022-08-26 17:00:00,2.844
2022-08-26 18:00:00,3.185
2022-08-26 19:00:00,3.542
2022-08-26 20:00:00,4.225
2022-08-26 21:00:00,4.845000000000001
2022-08-26 22:00:00,4.7509999999999994
2022-08-26 23:00:00,4.567
2022-08-27 00:00:00,4.324
2022-08-27 01:00:00,3.991
2022-08-27 02:00:00,3.669
2022-08-27 03:00:00,3.3739999999999997
2022-08-27 04:00:00,3.1690000000000005
2022-08-27 05:00:00,2.973
2022-08-27 06:00:00,2.8499999999999996
2022-08-27 07:00:00,2.651
2022-08-27 08:00:00,1.895
2022-08-27 09:00:00,1.893
2022-08-27 10:00:00,1.953
2022-08-27 11:00:00,1.8780000000000001
2022-08-27 12:00:00,1.79
2022-08-27 13:00:00,1.765
2022-08-27 14:00:00,1.8439999999999999
2022-08-27 15:00:00,2.039
2022-08-27 16:00:00,2.335
2022-08-27 17:00:00,2.698
2022-08-27 18:00:00,3.129
2022-08-27 19:00:00,3.605
2022-08-27 20:00:00,4.696
2022-08-27 21:00:00,5.809
2022-08-27 22:00:00,5.866
2022-08-27 23:00:00,5.577
2022-08-28 00:00:00,5.3870000000000005
2022-08-28 01:00:00,5.302
2022-08-28 02:00:00,5.058
2022-08-28 03:00:00,4.738
2022-08-28 04:00:00,4.505
2022-08-28 05:00:00,4.196
2022-08-28 06:00:00,3.937
2022-08-28 07:00:00,3.567
2022-08-28 08:00:00,2.53
2022-08-28 09:00:00,2.999
2022-08-28 10:00:00,3.5780000000000003
2022-08-28 11:00:00,3.281
2022-08-28 12:00:00,2.801
2022-08-28 13:00:00,2.4299999999999997
2022-08-28 14:00:00,2.2169999999999996
2022-08-28 15:00:00,2.169
2022-08-28 16:00:00,2.2590000000000003
2022-08-28 17:00:00,2.456
2022-08-28 18:00:00,2.748
2022-08-28 19:00:00,3.388
2022-08-28 20:00:00,4.904
2022-08-28 21:00:00,5.9830000000000005
2022-08-28 22:00:00,6.140000000000001
2022-08-28 23:00:00,5.822
2022-08-29 00:00:00,5.388999999999999
2022-08-29 01:00:00,4.943
2022-08-29 02:00:00,4.572
2022-08-29 03:00:00,4.364
2022-08-29 04:00:00,4.147
2022-08-29 05:00:00,4.001
2022-08-29 06:00:00,3.929
2022-08-29 07:00:00,3.833
2022-08-29 08:00:00,2.871
2022-08-29 09:00:00,2.817
2022-08-29 10:00:00,3.138
2022-08-29 11:00:00,3.2479999999999998
2022-08-29 12:00:00,3.02
2022-08-29 13:00:00,2.6799999999999997
2022-08-29 14:00:00,2.3970000000000002
2022-08-29 15:00:00,2.218
2022-08-29 16:00:00,2.085
2022-08-29 17:00:00,1.989
2022-08-29 18:00:00,2.225
2022-08-29 19:00:00,3.172
2022-08-29 20:00:00,4.692
2022-08-29 21:00:00,5.272
2022-08-29 22:00:00,4.881
2022-08-29 23:00:00,4.366
2022-08-30 00:00:00,3.9989999999999997
2022-08-30 01:00:00,3.657
2022-08-30 02:00:00,3.335
2022-08-30 03:00:00,3.088
2022-08-30 04:00:00,2.895
2022-08-30 05:00:00,2.557
2022-08-30 06:00:00,2.285
2022-08-30 07:00:00,2.1109999999999998
2022-08-30 08:00:00,1.631
2022-08-30 09:00:00,1.654
2022-08-30 10:00:00,1.847
2022-08-30 11:00:00,1.846
2022-08-30 12:00:00,1.634
2022-08-30 13:00:00,1.373
2022-08-30 14:00:00,1.218
2022-08-30 15:00:00,1.2209999999999999
2022-08-30 16:00:00,1.393
2022-08-30 17:00:00,1.7159999999999997
2022-08-30 18:00:00,2.159
2022-08-30 19:00:00,2.83
2022-08-30 20:00:00,3.5970000000000004
2022-08-30 21:00:00,3.825
2022-08-30 22:00:00,3.672
2022-08-30 23:00:00,3.4539999999999997
2022-08-31 00:00:00,3.2379999999999995
2022-08-31 01:00:00,3.0389999999999997
2022-08-31 02:00:00,2.9610000000000003
2022-08-31 03:00:00,2.9530000000000003
2022-08-31 04:00:00,3.05
2022-08-31 05:00:00,3.107
2022-08-31 06:00:00,3.109
2022-08-31 07:00:00,2.865
2022-08-31 08:00:00,2.108
2022-08-31 09:00:00,2.232
2022-08-31 10:00:00,2.189
2022-08-31 11:00:00,2.073
2022-08-31 12:00:00,1.967
2022-08-31 13:00:00,1.9180000000000001
2022-08-31 14:00:00,2.046
2022-08-31 15:00:00,2.277
2022-08-31 16:00:00,2.575
2022-08-31 17:00:00,3.061
2022-08-31 18:00:00,3.703
2022-08-31 19:00:00,4.269
2022-08-31 20:00:00,5.025
2022-08-31 21:00:00,5.486
2022-08-31 22:00:00,5.292
2022-08-31 23:00:00,4.862
2022-09-01 00:00:00,4.463
2022-09-01 01:00:00,4.022
2022-09-01 02:00:00,3.601
2022-09-01 03:00:00,3.269
2022-09-01 04:00:00,3.084
2022-09-01 05:00:00,2.892
2022-09-01 06:00:00,2.69
2022-09-01 07:00:00,2.379
2022-09-01 08:00:00,1.608
2022-09-01 09:00:00,1.4220000000000002
2022-09-01 10:00:00,1.451
2022-09-01 11:00:00,1.484
2022-09-01 12:00:00,1.517
2022-09-01 13:00:00,1.539
2022-09-01 14:00:00,1.543
2022-09-01 15:00:00,1.596
2022-09-01 16:00:00,1.645
2022-09-01 17:00:00,1.697
2022-09-01 18:00:00,1.813
2022-09-01 19:00:00,2.122
2022-09-01 20:00:00,2.7779999999999996
2022-09-01 21:00:00,3.1270000000000002
2022-09-01 22:00:00,3.0890000000000004
2022-09-01 23:00:00,2.907
2022-09-02 00:00:00,2.629
2022-09-02 01:00:00,2.3369999999999997
2022-09-02 02:00:00,2.175
2022-09-02 03:00:00,2.083
2022-09-02 04:00:00,1.9989999999999999
2022-09-02 05:00:00,1.842
2022-09-02 06:00:00,1.6600000000000001
2022-09-02 07:00:00,1.448
2022-09-02 08:00:00,0.9289999999999999
2022-09-02 09:00:00,0.8460000000000001
2022-09-02 10:00:00,1.0470000000000002
2022-09-02 11:00:00,1.295
2022-09-02 12:00:00,1.419
2022-09-02 13:00:00,1.5259999999999998
2022-09-02 14:00:00,1.5830000000000002
2022-09-02 15:00:00,1.6800000000000002
2022-09-02 16:00:00,1.7080000000000002
2022-09-02 17:00:00,1.692
2022-09-02 18:00:00,1.582
2022-09-02 19:00:00,1.5150000000000001
2022-09-02 20:00:00,1.5230000000000001
2022-09-02 21:00:00,1.603
2022-09-02 22:00:00,1.7570000000000001
2022-09-02 23:00:00,1.9829999999999999
2022-09-03 00:00:00,2.2880000000000003
2022-09-03 01:00:00,2.497
2022-09-03 02:00:00,2.566
2022-09-03 03:00:00,2.724
2022-09-03 04:00:00,2.922
2022-09-03 05:00:00,2.8810000000000002
2022-09-03 06:00:00,2.713
2022-09-03 07:00:00,2.49
2022-09-03 08:00:00,1.7349999999999999
2022-09-03 09:00:00,1.513
2022-09-03 10:00:00,1.64
2022-09-03 11:00:00,1.889
2022-09-03 12:00:00,2.277
2022-09-03 13:00:00,2.746
2022-09-03 14:00:00,3.1390000000000002
2022-09-03 15:00:00,3.378
2022-09-03 16:00:00,3.378
2022-09-03 17:00:00,3.146
2022-09-03 18:00:00,2.759
2022-09-03 19:00:00,2.306
2022-09-03 20:00:00,2.108
2022-09-03 21:00:00,2.202
2022-09-03 22:00:00,2.38
2022-09-03 23:00:00,2.6710000000000003
2022-09-04 00:00:00,2.983
2022-09-04 01:00:00,3.2809999999999997
2022-09-04 02:00:00,3.6470000000000002
2022-09-04 03:00:00,3.9899999999999998
2022-09-04 04:00:00,4.267
2022-09-04 05:00:00,4.314
2022-09-04 06:00:00,4.148
2022-09-04 07:00:00,3.9960000000000004
2022-09-04 08:00:00,2.867
2022-09-04 09:00:00,2.4610000000000003
2022-09-04 10:00:00,2.879
2022-09-04 11:00:00,2.588
2022-09-04 12:00:00,2.383
2022-09-04 13:00:00,2.302
2022-09-04 14:00:00,2.3049999999999997
2022-09-04 15:00:00,2.386
2022-09-04 16:00:00,2.4930000000000003
2022-09-04 17:00:00,2.596
2022-09-04 18:00:00,2.641
2022-09-04 19:00:00,2.764
2022-09-04 20:00:00,3.511
2022-09-04 21:00:00,4.311
2022-09-04 22:00:00,4.575
2022-09-04 23:00:00,4.674
2022-09-05 00:00:00,4.763999999999999
2022-09-05 01:00:00,4.707
2022-09-05 02:00:00,4.613
2022-09-05 03:00:00,4.538
2022-09-05 04:00:00,4.49
2022-09-05 05:00:00,4.3149999999999995
2022-09-05 06:00:00,4.154999999999999
2022-09-05 07:00:00,4.038
2022-09-05 08:00:00,3.0380000000000003
2022-09-05 09:00:00,2.672
2022-09-05 10:00:00,2.962
2022-09-05 11:00:00,3.238
2022-09-05 12:00:00,3.3840000000000003
2022-09-05 13:00:00,3.5500000000000003
2022-09-05 14:00:00,3.6380000000000003
2022-09-05 15:00:00,3.6750000000000003
2022-09-05 16:00:00,3.627
2022-09-05 17:00:00,3.6229999999999998
2022-09-05 18:00:00,3.5839999999999996
2022-09-05 19:00:00,3.5679999999999996
2022-09-05 20:00:00,3.8069999999999995
2022-09-05 21:00:00,4.208
2022-09-05 22:00:00,4.652
2022-09-05 23:00:00,4.732
2022-09-06 00:00:00,4.6739999999999995
2022-09-06 01:00:00,4.51
2022-09-06 02:00:00,4.329
2022-09-06 03:00:00,4.156000000000001
2022-09-06 04:00:00,4.152
2022-09-06 05:00:00,4.218
2022-09-06 06:00:00,4.261
2022-09-06 07:00:00,4.272
2022-09-06 08:00:00,3.5949999999999998
2022-09-06 09:00:00,3.0860000000000003
2022-09-06 10:00:00,3.418
2022-09-06 11:00:00,4.197
2022-09-06 12:00:00,4.790000000000001
2022-09-06 13:00:00,5.047000000000001
2022-09-06 14:00:00,5.269
2022-09-06 15:00:00,5.325
2022-09-06 16:00:00,5.149
2022-09-06 17:00:00,4.937
2022-09-06 18:00:00,4.664
2022-09-06 19:00:00,4.46
2022-09-06 20:00:00,4.28
2022-09-06 21:00:00,4.188000000000001
2022-09-06 22:00:00,4.114000000000001
2022-09-06 23:00:00,4.023
2022-09-07 00:00:00,3.992
2022-09-07 01:00:00,3.934
2022-09-07 02:00:00,3.855
2022-09-07 03:00:00,3.706
2022-09-07 04:00:00,3.606
2022-09-07 05:00:00,3.5919999999999996
2022-09-07 06:00:00,3.6849999999999996
2022-09-07 07:00:00,3.7219999999999995
2022-09-07 08:00:00,3.134
2022-09-07 09:00:00,2.9930000000000003
2022-09-07 10:00:00,4.034
2022-09-07 11:00:00,4.728
2022-09-07 12:00:00,5.109
2022-09-07 13:00:00,5.368
2022-09-07 14:00:00,5.555
2022-09-07 15:00:00,5.661
2022-09-07 16:00:00,5.58
2022-09-07 17:00:00,5.2780000000000005
2022-09-07 18:00:00,5.007
2022-09-07 19:00:00,5.009
2022-09-07 20:00:00,5.211
2022-09-07 21:00:00,4.882
2022-09-07 22:00:00,4.529
2022-09-07 23:00:00,4.651999999999999
2022-09-08 00:00:00,5.17
2022-09-08 01:00:00,5.284
2022-09-08 02:00:00,4.918
2022-09-08 03:00:00,4.923
2022-09-08 04:00:00,5.4350000000000005
2022-09-08 05:00:00,5.715999999999999
2022-09-08 06:00:00,5.881
2022-09-08 07:00:00,5.755
2022-09-08 08:00:00,4.841
2022-09-08 09:00:00,4.965
2022-09-08 10:00:00,6.126
2022-09-08 11:00:00,6.797
2022-09-08 12:00:00,7.461
2022-09-08 13:00:00,8.035
2022-09-08 14:00:00,8.497
2022-09-08 15:00:00,8.759
2022-09-08 16:00:00,8.764
2022-09-08 17:00:00,8.424
2022-09-08 18:00:00,7.634
2022-09-08 19:00:00,6.854
2022-09-08 20:00:00,6.741
2022-09-08 21:00:00,6.731
2022-09-08 22:00:00,6.936
2022-09-08 23:00:00,7.231
2022-09-09 00:00:00,7.465
2022-09-09 01:00:00,7.624
2022-09-09 02:00:00,7.629
2022-09-09 03:00:00,7.598
2022-09-09 04:00:00,7.611000000000001
2022-09-09 05:00:00,7.477
2022-09-09 06:00:00,7.583
2022-09-09 07:00:00,7.725
2022-09-09 08:00:00,7.354
2022-09-09 09:00:00,7.743
2022-09-09 10:00:00,8.132
2022-09-09 11:00:00,8.237
2022-09-09 12:00:00,8.516
2022-09-09 13:00:00,8.975
2022-09-09 14:00:00,9.41
2022-09-09 15:00:00,9.694
2022-09-09 16:00:00,9.806000000000001
2022-09-09 17:00:00,9.378
2022-09-09 18:00:00,8.457
2022-09-09 19:00:00,7.515000000000001
2022-09-09 20:00:00,7.071999999999999
2022-09-09 21:00:00,6.705
2022-09-09 22:00:00,6.425
2022-09-09 23:00:00,6.3260000000000005
2022-09-10 00:00:00,6.1850000000000005
2022-09-10 01:00:00,5.942
2022-09-10 02:00:00,5.803
2022-09-10 03:00:00,5.711
2022-09-10 04:00:00,5.6240000000000006
2022-09-10 05:00:00,5.462
2022-09-10 06:00:00,5.254
2022-09-10 07:00:00,4.894
2022-09-10 08:00:00,4.143
2022-09-10 09:00:00,4.042
2022-09-10 10:00:00,4.548
2022-09-10 11:00:00,4.6690000000000005
2022-09-10 12:00:00,4.704000000000001
2022-09-10 13:00:00,4.812
2022-09-10 14:00:00,4.913
2022-09-10 15:00:00,4.895
2022-09-10 16:00:00,4.723
2022-09-10 17:00:00,4.418
2022-09-10 18:00:00,3.942
2022-09-10 19:00:00,3.4939999999999998
2022-09-10 20:00:00,3.567
2022-09-10 21:00:00,3.5
2022-09-10 22:00:00,3.293
2022-09-10 23:00:00,3.2889999999999997
2022-09-11 00:00:00,3.417
2022-09-11 01:00:00,3.563
2022-09-11 02:00:00,3.742
2022-09-11 03:00:00,3.927
2022-09-11 04:00:00,4.0489999999999995
2022-09-11 05:00:00,4.054
2022-09-11 06:00:00,3.936
2022-09-11 07:00:00,3.724
2022-09-11 08:00:00,2.957
2022-09-11 09:00:00,2.3200000000000003
2022-09-11 10:00:00,2.451
2022-09-11 11:00:00,2.214
2022-09-11 12:00:00,1.832
2022-09-11 13:00:00,1.544
2022-09-11 14:00:00,1.338
2022-09-11 15:00:00,1.194
2022-09-11 16:00:00,1.105
2022-09-11 17:00:00,1.167
2022-09-11 18:00:00,1.362
2022-09-11 19:00:00,1.9829999999999999
2022-09-11 20:00:00,3.1310000000000002
2022-09-11 21:00:00,4.192
2022-09-11 22:00:00,4.938
2022-09-11 23:00:00,5.243
2022-09-12 00:00:00,5.156000000000001
2022-09-12 01:00:00,4.912
2022-09-12 02:00:00,4.681
2022-09-12 03:00:00,4.448
2022-09-12 04:00:00,4.22
2022-09-12 05:00:00,4.031
2022-09-12 06:00:00,3.9939999999999998
2022-09-12 07:00:00,4.138
2022-09-12 08:00:00,3.314
2022-09-12 09:00:00,2.315
2022-09-12 10:00:00,2.356
2022-09-12 11:00:00,2.802
2022-09-12 12:00:00,3.012
2022-09-12 13:00:00,3.091
2022-09-12 14:00:00,3.0869999999999997
2022-09-12 15:00:00,2.835
2022-09-12 16:00:00,2.4139999999999997
2022-09-12 17:00:00,2.1959999999999997
2022-09-12 18:00:00,2.398
2022-09-12 19:00:00,3.0629999999999997
2022-09-12 20:00:00,3.734
2022-09-12 21:00:00,3.682
2022-09-12 22:00:00,3.226
2022-09-12 23:00:00,3.0540000000000003
2022-09-13 00:00:00,3.498
2022-09-13 01:00:00,4.161
2022-09-13 02:00:00,4.621
2022-09-13 03:00:00,4.724
2022-09-13 04:00:00,4.575
2022-09-13 05:00:00,4.389
2022-09-13 06:00:00,4.519
2022-09-13 07:00:00,4.709
2022-09-13 08:00:00,4.289
2022-09-13 09:00:00,3.63
2022-09-13 10:00:00,3.27
2022-09-13 11:00:00,3.33
2022-09-13 12:00:00,3.759
2022-09-13 13:00:00,3.8930000000000002
2022-09-13 14:00:00,4.122999999999999
2022-09-13 15:00:00,4.067
2022-09-13 16:00:00,3.864
2022-09-13 17:00:00,3.5360000000000005
2022-09-13 18:00:00,3.15
2022-09-13 19:00:00,3.1710000000000003
2022-09-13 20:00:00,3.544
2022-09-13 21:00:00,3.9480000000000004
2022-09-13 22:00:00,4.285
2022-09-13 23:00:00,4.396
2022-09-14 00:00:00,4.535
2022-09-14 01:00:00,4.459
2022-09-14 02:00:00,4.264
2022-09-14 03:00:00,4.0649999999999995
2022-09-14 04:00:00,3.647
2022-09-14 05:00:00,3.6079999999999997
2022-09-14 06:00:00,3.729
2022-09-14 07:00:00,3.782
2022-09-14 08:00:00,3.54
2022-09-14 09:00:00,2.8289999999999997
2022-09-14 10:00:00,2.605
2022-09-14 11:00:00,2.9210000000000003
2022-09-14 12:00:00,3.3339999999999996
2022-09-14 13:00:00,3.7859999999999996
2022-09-14 14:00:00,4.121
2022-09-14 15:00:00,4.369
2022-09-14 16:00:00,4.319
2022-09-14 17:00:00,4.1290000000000004
2022-09-14 18:00:00,3.88
2022-09-14 19:00:00,3.679
2022-09-14 20:00:00,3.5580000000000003
2022-09-14 21:00:00,3.362
2022-09-14 22:00:00,3.2520000000000002
2022-09-14 23:00:00,3.207
2022-09-15 00:00:00,2.964
2022-09-15 01:00:00,2.6870000000000003
2022-09-15 02:00:00,2.407
2022-09-15 03:00:00,2.183
2022-09-15 04:00:00,2.112
2022-09-15 05:00:00,2.182
2022-09-15 06:00:00,2.305
2022-09-15 07:00:00,2.594
2022-09-15 08:00:00,2.206
2022-09-15 09:00:00,1.876
2022-09-15 10:00:00,2.278
2022-09-15 11:00:00,2.644
2022-09-15 12:00:00,2.903
2022-09-15 13:00:00,3.3120000000000003
2022-09-15 14:00:00,3.816
2022-09-15 15:00:00,4.232
2022-09-15 16:00:00,4.496
2022-09-15 17:00:00,4.645
2022-09-15 18:00:00,4.641
2022-09-15 19:00:00,4.596
2022-09-15 20:00:00,4.769
2022-09-15 21:00:00,4.625
2022-09-15 22:00:00,4.324
2022-09-15 23:00:00,4.072
2022-09-16 00:00:00,3.875
2022-09-16 01:00:00,3.8629999999999995
2022-09-16 02:00:00,3.952
2022-09-16 03:00:00,4.07
2022-09-16 04:00:00,4.268000000000001
2022-09-16 05:00:00,4.436
2022-09-16 06:00:00,4.6129999999999995
2022-09-16 07:00:00,4.8149999999999995
2022-09-16 08:00:00,4.538
2022-09-16 09:00:00,4.997
2022-09-16 10:00:00,5.969
2022-09-16 11:00:00,6.172000000000001
2022-09-16 12:00:00,6.457
2022-09-16 13:00:00,6.93
2022-09-16 14:00:00,7.432
2022-09-16 15:00:00,7.912
2022-09-16 16:00:00,8.308
2022-09-16 17:00:00,8.566
2022-09-16 18:00:00,8.576
2022-09-16 19:00:00,8.337
2022-09-16 20:00:00,8.341
2022-09-16 21:00:00,8.274000000000001
2022-09-16 22:00:00,8.103000000000002
2022-09-16 23:00:00,8.298
2022-09-17 00:00:00,8.402
2022-09-17 01:00:00,8.445
2022-09-17 02:00:00,8.363
2022-09-17 03:00:00,8.282
2022-09-17 04:00:00,8.198
2022-09-17 05:00:00,8.033999999999999
2022-09-17 06:00:00,7.939
2022-09-17 07:00:00,7.969
2022-09-17 08:00:00,7.656
2022-09-17 09:00:00,7.35
2022-09-17 10:00:00,7.763
2022-09-17 11:00:00,7.4190000000000005
2022-09-17 12:00:00,6.795
2022-09-17 13:00:00,6.293
2022-09-17 14:00:00,6.023
2022-09-17 15:00:00,6.004
2022-09-17 16:00:00,6.0809999999999995
2022-09-17 17:00:00,6.136
2022-09-17 18:00:00,6.057
2022-09-17 19:00:00,6.061
2022-09-17 20:00:00,6.693
2022-09-17 21:00:00,6.707000000000001
2022-09-17 22:00:00,6.254
2022-09-17 23:00:00,5.785
2022-09-18 00:00:00,5.3759999999999994
2022-09-18 01:00:00,4.964
2022-09-18 02:00:00,4.558999999999999
2022-09-18 03:00:00,4.176
2022-09-18 04:00:00,3.895
2022-09-18 05:00:00,3.684
2022-09-18 06:00:00,3.569
2022-09-18 07:00:00,3.471
2022-09-18 08:00:00,2.8920000000000003
2022-09-18 09:00:00,2.111
2022-09-18 10:00:00,2.479
2022-09-18 11:00:00,2.819
2022-09-18 12:00:00,2.939
2022-09-18 13:00:00,2.963
2022-09-18 14:00:00,3.0060000000000002
2022-09-18 15:00:00,3.1350000000000002
2022-09-18 16:00:00,3.3120000000000003
2022-09-18 17:00:00,3.5300000000000002
2022-09-18 18:00:00,3.6919999999999997
2022-09-18 19:00:00,4.196
2022-09-18 20:00:00,5.272
2022-09-18 21:00:00,5.632
2022-09-18 22:00:00,5.52
2022-09-18 23:00:00,5.2330000000000005
2022-09-19 00:00:00,4.86
2022-09-19 01:00:00,4.545
2022-09-19 02:00:00,4.336
2022-09-19 03:00:00,4.186
2022-09-19 04:00:00,4.047000000000001
2022-09-19 05:00:00,3.976
2022-09-19 06:00:00,3.871
2022-09-19 07:00:00,3.75
2022-09-19 08:00:00,3.175
2022-09-19 09:00:00,2.3529999999999998
2022-09-19 10:00:00,3.136
2022-09-19 11:00:00,3.5530000000000004
2022-09-19 12:00:00,3.564
2022-09-19 13:00:00,3.522
2022-09-19 14:00:00,3.5700000000000003
2022-09-19 15:00:00,3.7299999999999995
2022-09-19 16:00:00,4.0009999999999994
2022-09-19 17:00:00,4.333
2022-09-19 18:00:00,4.5329999999999995
2022-09-19 19:00:00,4.909
2022-09-19 20:00:00,5.779
2022-09-19 21:00:00,5.895
2022-09-19 22:00:00,5.592
2022-09-19 23:00:00,5.193
2022-09-20 00:00:00,4.754
2022-09-20 01:00:00,4.257
2022-09-20 02:00:00,3.741
2022-09-20 03:00:00,3.273
2022-09-20 04:00:00,2.82
2022-09-20 05:00:00,2.451
2022-09-20 06:00:00,2.222
2022-09-20 07:00:00,2.1790000000000003
2022-09-20 08:00:00,1.899
2022-09-20 09:00:00,1.254
2022-09-20 10:00:00,1.698
2022-09-20 11:00:00,2.134
2022-09-20 12:00:00,2.235
2022-09-20 13:00:00,2.254
2022-09-20 14:00:00,2.353
2022-09-20 15:00:00,2.5949999999999998
2022-09-20 16:00:00,2.931
2022-09-20 17:00:00,3.3249999999999997
2022-09-20 18:00:00,3.6870000000000003
2022-09-20 19:00:00,4.244
2022-09-20 20:00:00,5.227
2022-09-20 21:00:00,5.567
2022-09-20 22:00:00,5.316
2022-09-20 23:00:00,5.051
2022-09-21 00:00:00,4.752000000000001
2022-09-21 01:00:00,4.468999999999999
2022-09-21 02:00:00,4.198
2022-09-21 03:00:00,3.9259999999999997
2022-09-21 04:00:00,3.754
2022-09-21 05:00:00,3.575
2022-09-21 06:00:00,3.419
2022-09-21 07:00:00,3.274
2022-09-21 08:00:00,2.5869999999999997
2022-09-21 09:00:00,1.8110000000000002
2022-09-21 10:00:00,2.52
2022-09-21 11:00:00,2.746
2022-09-21 12:00:00,2.6239999999999997
2022-09-21 13:00:00,2.4539999999999997
2022-09-21 14:00:00,2.317
2022-09-21 15:00:00,2.225
2022-09-21 16:00:00,2.1719999999999997
2022-09-21 17:00:00,2.201
2022-09-21 18:00:00,2.329
2022-09-21 19:00:00,2.936
2022-09-21 20:00:00,3.878
2022-09-21 21:00:00,4.4399999999999995
2022-09-21 22:00:00,4.664
2022-09-21 23:00:00,4.729
2022-09-22 00:00:00,4.691
2022-09-22 01:00:00,4.579
2022-09-22 02:00:00,4.385
2022-09-22 03:00:00,4.095
2022-09-22 04:00:00,3.8419999999999996
2022-09-22 05:00:00,3.6470000000000002
2022-09-22 06:00:00,3.513
2022-09-22 07:00:00,3.375
2022-09-22 08:00:00,2.886
2022-09-22 09:00:00,1.903
2022-09-22 10:00:00,1.358
2022-09-22 11:00:00,0.942
2022-09-22 12:00:00,0.62
2022-09-22 13:00:00,0.43900000000000006
2022-09-22 14:00:00,0.402
2022-09-22 15:00:00,0.41899999999999993
2022-09-22 16:00:00,0.465
2022-09-22 17:00:00,0.507
2022-09-22 18:00:00,0.609
2022-09-22 19:00:00,0.965
2022-09-22 20:00:00,1.377
2022-09-22 21:00:00,1.567
2022-09-22 22:00:00,1.6019999999999999
2022-09-22 23:00:00,1.579
2022-09-23 00:00:00,1.5499999999999998
2022-09-23 01:00:00,1.556
2022-09-23 02:00:00,1.5979999999999999
2022-09-23 03:00:00,1.681
2022-09-23 04:00:00,1.802
2022-09-23 05:00:00,1.8930000000000002
2022-09-23 06:00:00,2.034
2022-09-23 07:00:00,2.2199999999999998
2022-09-23 08:00:00,2.135
2022-09-23 09:00:00,1.3850000000000002
2022-09-23 10:00:00,0.974
2022-09-23 11:00:00,0.846
2022-09-23 12:00:00,0.831
2022-09-23 13:00:00,0.879
2022-09-23 14:00:00,0.942
2022-09-23 15:00:00,0.994
2022-09-23 16:00:00,1.086
2022-09-23 17:00:00,1.182
2022-09-23 18:00:00,1.296
2022-09-23 19:00:00,1.6179999999999999
2022-09-23 20:00:00,1.951
2022-09-23 21:00:00,2.116
2022-09-23 22:00:00,2.239
2022-09-23 23:00:00,2.271
2022-09-24 00:00:00,2.327
2022-09-24 01:00:00,2.341
2022-09-24 02:00:00,2.267
2022-09-24 03:00:00,2.365
2022-09-24 04:00:00,2.64
2022-09-24 05:00:00,2.836
2022-09-24 06:00:00,3.089
2022-09-24 07:00:00,3.424
2022-09-24 08:00:00,3.576
2022-09-24 09:00:00,3.465
2022-09-24 10:00:00,3.541
2022-09-24 11:00:00,4.079
2022-09-24 12:00:00,4.303000000000001
2022-09-24 13:00:00,4.343
2022-09-24 14:00:00,4.371
2022-09-24 15:00:00,4.43
2022-09-24 16:00:00,4.4
2022-09-24 17:00:00,4.307
2022-09-24 18:00:00,4.143
2022-09-24 19:00:00,4.114
2022-09-24 20:00:00,4.5440000000000005
2022-09-24 21:00:00,4.802
2022-09-24 22:00:00,4.797000000000001
2022-09-24 23:00:00,4.82
2022-09-25 00:00:00,4.7620000000000005
2022-09-25 01:00:00,4.516
2022-09-25 02:00:00,4.231
2022-09-25 03:00:00,3.9909999999999997
2022-09-25 04:00:00,3.877
2022-09-25 05:00:00,3.784
2022-09-25 06:00:00,3.705
2022-09-25 07:00:00,3.686
2022-09-25 08:00:00,3.341
2022-09-25 09:00:00,2.5229999999999997
2022-09-25 10:00:00,2.8120000000000003
2022-09-25 11:00:00,3.007
2022-09-25 12:00:00,2.9299999999999997
2022-09-25 13:00:00,2.816
2022-09-25 14:00:00,2.824
2022-09-25 15:00:00,2.79
2022-09-25 16:00:00,2.843
2022-09-25 17:00:00,2.999
2022-09-25 18:00:00,3.033
2022-09-25 19:00:00,3.2889999999999997
2022-09-25 20:00:00,3.659
2022-09-25 21:00:00,3.6100000000000003
2022-09-25 22:00:00,3.4430000000000005
2022-09-25 23:00:00,3.545
2022-09-26 00:00:00,3.72
2022-09-26 01:00:00,3.761
2022-09-26 02:00:00,3.701
2022-09-26 03:00:00,3.7720000000000002
2022-09-26 04:00:00,4.072
2022-09-26 05:00:00,4.415
2022-09-26 06:00:00,4.944000000000001
2022-09-26 07:00:00,5.638
2022-09-26 08:00:00,6.1370000000000005
2022-09-26 09:00:00,6.388
2022-09-26 10:00:00,8.275
2022-09-26 11:00:00,9.594
2022-09-26 12:00:00,10.341000000000001
2022-09-26 13:00:00,10.712
2022-09-26 14:00:00,11.100999999999999
2022-09-26 15:00:00,11.565000000000001
2022-09-26 16:00:00,11.646999999999998
2022-09-26 17:00:00,11.517
2022-09-26 18:00:00,10.946
2022-09-26 19:00:00,10.411000000000001
2022-09-26 20:00:00,10.49
2022-09-26 21:00:00,10.583
2022-09-26 22:00:00,10.587
2022-09-26 23:00:00,10.626999999999999
2022-09-27 00:00:00,10.402000000000001
2022-09-27 01:00:00,10.207
2022-09-27 02:00:00,10.055
2022-09-27 03:00:00,9.815
2022-09-27 04:00:00,9.346
2022-09-27 05:00:00,9.048
2022-09-27 06:00:00,8.752
2022-09-27 07:00:00,8.672
2022-09-27 08:00:00,8.556999999999999
2022-09-27 09:00:00,8.417
2022-09-27 10:00:00,9.405000000000001
2022-09-27 11:00:00,11.087
2022-09-27 12:00:00,12.030000000000001
2022-09-27 13:00:00,12.367999999999999
2022-09-27 14:00:00,12.644
2022-09-27 15:00:00,12.713000000000001
2022-09-27 16:00:00,12.337
2022-09-27 17:00:00,11.458
2022-09-27 18:00:00,10.373999999999999
2022-09-27 19:00:00,10.204
2022-09-27 20:00:00,10.562000000000001
2022-09-27 21:00:00,10.692
2022-09-27 22:00:00,10.952
2022-09-27 23:00:00,11.186
2022-09-28 00:00:00,11.187000000000001
2022-09-28 01:00:00,10.871
2022-09-28 02:00:00,10.381
2022-09-28 03:00:00,9.922
2022-09-28 04:00:00,9.651
2022-09-28 05:00:00,9.145
2022-09-28 06:00:00,8.79
2022-09-28 07:00:00,8.545
2022-09-28 08:00:00,8.075
2022-09-28 09:00:00,7.554
2022-09-28 10:00:00,7.847
2022-09-28 11:00:00,8.245000000000001
2022-09-28 12:00:00,8.555
2022-09-28 13:00:00,8.82
2022-09-28 14:00:00,8.983
2022-09-28 15:00:00,9.136000000000001
2022-09-28 16:00:00,9.229
2022-09-28 17:00:00,9.141
2022-09-28 18:00:00,8.482
2022-09-28 19:00:00,7.74
2022-09-28 20:00:00,7.4559999999999995
2022-09-28 21:00:00,7.082000000000001
2022-09-28 22:00:00,6.742
2022-09-28 23:00:00,6.53
2022-09-29 00:00:00,6.2780000000000005
2022-09-29 01:00:00,5.9
2022-09-29 02:00:00,5.3580000000000005
2022-09-29 03:00:00,4.821
2022-09-29 04:00:00,4.359
2022-09-29 05:00:00,3.9690000000000003
2022-09-29 06:00:00,3.732
2022-09-29 07:00:00,3.5700000000000003
2022-09-29 08:00:00,3.2359999999999998
2022-09-29 09:00:00,2.702
2022-09-29 10:00:00,2.529
2022-09-29 11:00:00,2.4690000000000003
2022-09-29 12:00:00,2.276
2022-09-29 13:00:00,2.177
2022-09-29 14:00:00,2.129
2022-09-29 15:00:00,2.139
2022-09-29 16:00:00,2.271
2022-09-29 17:00:00,2.5380000000000003
2022-09-29 18:00:00,2.749
2022-09-29 19:00:00,3.084
2022-09-29 20:00:00,3.472
2022-09-29 21:00:00,3.681
2022-09-29 22:00:00,3.608
2022-09-29 23:00:00,3.331
2022-09-30 00:00:00,3.0
2022-09-30 01:00:00,2.708
2022-09-30 02:00:00,2.597
2022-09-30 03:00:00,2.552
2022-09-30 04:00:00,2.5149999999999997
2022-09-30 05:00:00,2.564
2022-09-30 06:00:00,2.71
2022-09-30 07:00:00,2.916
2022-09-30 08:00:00,2.878
2022-09-30 09:00:00,2.5279999999999996
2022-09-30 10:00:00,2.532
2022-09-30 11:00:00,3.096
2022-09-30 12:00:00,3.5420000000000003
2022-09-30 13:00:00,4.161
2022-09-30 14:00:00,5.023
2022-09-30 15:00:00,5.9
2022-09-30 16:00:00,6.715
2022-09-30 17:00:00,7.297000000000001
2022-09-30 18:00:00,7.361000000000001
2022-09-30 19:00:00,7.571000000000001
2022-09-30 20:00:00,8.297
2022-09-30 21:00:00,9.03
2022-09-30 22:00:00,9.71
2022-09-30 23:00:00,10.298
2022-10-01 00:00:00,10.777000000000001
2022-10-01 01:00:00,10.988
2022-10-01 02:00:00,11.212
2022-10-01 03:00:00,11.323
2022-10-01 04:00:00,10.879999999999999
2022-10-01 05:00:00,10.379000000000001
2022-10-01 06:00:00,9.916
2022-10-01 07:00:00,9.601
2022-10-01 08:00:00,9.216000000000001
2022-10-01 09:00:00,8.317
2022-10-01 10:00:00,9.725999999999999
2022-10-01 11:00:00,11.414
2022-10-01 12:00:00,12.030000000000001
2022-10-01 13:00:00,12.131
2022-10-01 14:00:00,12.326
2022-10-01 15:00:00,12.420000000000002
2022-10-01 16:00:00,12.142
2022-10-01 17:00:00,11.411
2022-10-01 18:00:00,10.166
2022-10-01 19:00:00,8.985
2022-10-01 20:00:00,8.626
2022-10-01 21:00:00,8.514
2022-10-01 22:00:00,8.233
2022-10-01 23:00:00,7.8260000000000005
2022-10-02 00:00:00,7.6579999999999995
2022-10-02 01:00:00,7.396000000000001
2022-10-02 02:00:00,7.101
2022-10-02 03:00:00,6.99
2022-10-02 04:00:00,6.933
2022-10-02 05:00:00,6.603
2022-10-02 06:00:00,6.5600000000000005
2022-10-02 07:00:00,6.883
2022-10-02 08:00:00,6.9190000000000005
2022-10-02 09:00:00,6.627000000000001
2022-10-02 10:00:00,6.677
2022-10-02 11:00:00,7.305
2022-10-02 12:00:00,7.66
2022-10-02 13:00:00,7.7940000000000005
2022-10-02 14:00:00,7.549
2022-10-02 15:00:00,6.927
2022-10-02 16:00:00,6.133
2022-10-02 17:00:00,5.3420000000000005
2022-10-02 18:00:00,4.597
2022-10-02 19:00:00,4.423
2022-10-02 20:00:00,4.459
2022-10-02 21:00:00,4.176
2022-10-02 22:00:00,3.797
2022-10-02 23:00:00,3.609
2022-10-03 00:00:00,3.5340000000000003
2022-10-03 01:00:00,3.401
2022-10-03 02:00:00,3.306
2022-10-03 03:00:00,3.271
2022-10-03 04:00:00,3.352
2022-10-03 05:00:00,3.495
2022-10-03 06:00:00,3.581
2022-10-03 07:00:00,3.4690000000000003
2022-10-03 08:00:00,3.229
2022-10-03 09:00:00,2.3890000000000002
2022-10-03 10:00:00,2.0220000000000002
2022-10-03 11:00:00,1.938
2022-10-03 12:00:00,1.7730000000000001
2022-10-03 13:00:00,1.676
2022-10-03 14:00:00,1.65
2022-10-03 15:00:00,1.641
2022-10-03 16:00:00,1.638
2022-10-03 17:00:00,1.6099999999999999
2022-10-03 18:00:00,1.678
2022-10-03 19:00:00,2.129
2022-10-03 20:00:00,2.606
2022-10-03 21:00:00,2.847
2022-10-03 22:00:00,2.899
2022-10-03 23:00:00,2.891
2022-10-04 00:00:00,2.815
2022-10-04 01:00:00,2.7119999999999997
2022-10-04 02:00:00,2.561
2022-10-04 03:00:00,2.425
2022-10-04 04:00:00,2.358
2022-10-04 05:00:00,2.347
2022-10-04 06:00:00,2.3529999999999998
2022-10-04 07:00:00,2.302
2022-10-04 08:00:00,2.16
2022-10-04 09:00:00,1.593
2022-10-04 10:00:00,1.45
2022-10-04 11:00:00,1.9249999999999998
2022-10-04 12:00:00,2.1719999999999997
2022-10-04 13:00:00,2.324
2022-10-04 14:00:00,2.409
2022-10-04 15:00:00,2.365
2022-10-04 16:00:00,2.154
2022-10-04 17:00:00,2.0090000000000003
2022-10-04 18:00:00,2.133
2022-10-04 19:00:00,2.721
2022-10-04 20:00:00,3.182
2022-10-04 21:00:00,3.23
2022-10-04 22:00:00,3.333
2022-10-04 23:00:00,3.762
2022-10-05 00:00:00,4.349
2022-10-05 01:00:00,4.882
2022-10-05 02:00:00,5.246
2022-10-05 03:00:00,5.429
2022-10-05 04:00:00,5.619
2022-10-05 05:00:00,5.934
2022-10-05 06:00:00,6.306
2022-10-05 07:00:00,6.764
2022-10-05 08:00:00,6.9350000000000005
2022-10-05 09:00:00,5.829000000000001
2022-10-05 10:00:00,6.2170000000000005
2022-10-05 11:00:00,8.633000000000001
2022-10-05 12:00:00,9.581
2022-10-05 13:00:00,9.828
2022-10-05 14:00:00,9.799
2022-10-05 15:00:00,9.537
2022-10-05 16:00:00,8.991
2022-10-05 17:00:00,8.109
2022-10-05 18:00:00,7.327
2022-10-05 19:00:00,7.127
2022-10-05 20:00:00,6.888
2022-10-05 21:00:00,6.381
2022-10-05 22:00:00,5.691000000000001
2022-10-05 23:00:00,5.093
2022-10-06 00:00:00,4.7829999999999995
2022-10-06 01:00:00,4.679
2022-10-06 02:00:00,4.478000000000001
2022-10-06 03:00:00,4.168
2022-10-06 04:00:00,3.8019999999999996
2022-10-06 05:00:00,3.363
2022-10-06 06:00:00,2.9699999999999998
2022-10-06 07:00:00,2.7279999999999998
2022-10-06 08:00:00,2.5309999999999997
2022-10-06 09:00:00,1.787
2022-10-06 10:00:00,1.3690000000000002
2022-10-06 11:00:00,1.33
2022-10-06 12:00:00,1.246
2022-10-06 13:00:00,1.173
2022-10-06 14:00:00,1.139
2022-10-06 15:00:00,1.129
2022-10-06 16:00:00,1.099
2022-10-06 17:00:00,1.084
2022-10-06 18:00:00,1.188
2022-10-06 19:00:00,1.451
2022-10-06 20:00:00,1.592
2022-10-06 21:00:00,1.6320000000000001
2022-10-06 22:00:00,1.667
2022-10-06 23:00:00,1.733
2022-10-07 00:00:00,1.8130000000000002
2022-10-07 01:00:00,1.8559999999999999
2022-10-07 02:00:00,1.97
2022-10-07 03:00:00,2.16
2022-10-07 04:00:00,2.408
2022-10-07 05:00:00,2.622
2022-10-07 06:00:00,2.657
2022-10-07 07:00:00,2.5309999999999997
2022-10-07 08:00:00,2.325
2022-10-07 09:00:00,1.5910000000000002
2022-10-07 10:00:00,1.061
2022-10-07 11:00:00,1.529
2022-10-07 12:00:00,1.697
2022-10-07 13:00:00,1.653
2022-10-07 14:00:00,1.686
2022-10-07 15:00:00,1.798
2022-10-07 16:00:00,1.978
2022-10-07 17:00:00,2.145
2022-10-07 18:00:00,2.283
2022-10-07 19:00:00,2.7039999999999997
2022-10-07 20:00:00,3.215
2022-10-07 21:00:00,3.55
2022-10-07 22:00:00,3.739
2022-10-07 23:00:00,3.933
2022-10-08 00:00:00,4.038
2022-10-08 01:00:00,3.9290000000000003
2022-10-08 02:00:00,3.797
2022-10-08 03:00:00,3.58
2022-10-08 04:00:00,3.464
2022-10-08 05:00:00,3.388
2022-10-08 06:00:00,3.308
2022-10-08 07:00:00,3.168
2022-10-08 08:00:00,2.988
2022-10-08 09:00:00,2.241
2022-10-08 10:00:00,1.758
2022-10-08 11:00:00,2.069
2022-10-08 12:00:00,1.851
2022-10-08 13:00:00,1.6280000000000001
2022-10-08 14:00:00,1.495
2022-10-08 15:00:00,1.436
2022-10-08 16:00:00,1.431
2022-10-08 17:00:00,1.4779999999999998
2022-10-08 18:00:00,1.7069999999999999
2022-10-08 19:00:00,2.457
2022-10-08 20:00:00,3.272
2022-10-08 21:00:00,3.7270000000000003
2022-10-08 22:00:00,4.161
2022-10-08 23:00:00,4.635
2022-10-09 00:00:00,4.970000000000001
2022-10-09 01:00:00,5.1450000000000005
2022-10-09 02:00:00,5.24
2022-10-09 03:00:00,5.259
2022-10-09 04:00:00,5.295999999999999
2022-10-09 05:00:00,5.237
2022-10-09 06:00:00,5.1370000000000005
2022-10-09 07:00:00,5.007
2022-10-09 08:00:00,4.800000000000001
2022-10-09 09:00:00,3.367
2022-10-09 10:00:00,2.448
2022-10-09 11:00:00,3.15
2022-10-09 12:00:00,3.6109999999999998
2022-10-09 13:00:00,3.183
2022-10-09 14:00:00,2.78
2022-10-09 15:00:00,2.496
2022-10-09 16:00:00,2.356
2022-10-09 17:00:00,2.217
2022-10-09 18:00:00,2.333
2022-10-09 19:00:00,3.159
2022-10-09 20:00:00,4.143
2022-10-09 21:00:00,4.95
2022-10-09 22:00:00,5.556
2022-10-09 23:00:00,5.981
2022-10-10 00:00:00,6.109999999999999
2022-10-10 01:00:00,5.922000000000001
2022-10-10 02:00:00,5.577999999999999
2022-10-10 03:00:00,5.2
2022-10-10 04:00:00,4.809
2022-10-10 05:00:00,4.401
2022-10-10 06:00:00,3.912
2022-10-10 07:00:00,3.493
2022-10-10 08:00:00,3.218
2022-10-10 09:00:00,2.286
2022-10-10 10:00:00,1.5939999999999999
2022-10-10 11:00:00,1.4759999999999998
2022-10-10 12:00:00,1.3980000000000001
2022-10-10 13:00:00,1.491
2022-10-10 14:00:00,1.786
2022-10-10 15:00:00,2.183
2022-10-10 16:00:00,2.5890000000000004
2022-10-10 17:00:00,2.819
2022-10-10 18:00:00,2.95
2022-10-10 19:00:00,3.436
2022-10-10 20:00:00,3.918
2022-10-10 21:00:00,3.98
2022-10-10 22:00:00,3.778
2022-10-10 23:00:00,3.532
2022-10-11 00:00:00,3.342
2022-10-11 01:00:00,3.241
2022-10-11 02:00:00,3.1100000000000003
2022-10-11 03:00:00,3.049
2022-10-11 04:00:00,2.996
2022-10-11 05:00:00,2.988
2022-10-11 06:00:00,2.995
2022-10-11 07:00:00,2.981
2022-10-11 08:00:00,2.95
2022-10-11 09:00:00,2.356
2022-10-11 10:00:00,1.919
2022-10-11 11:00:00,2.12
2022-10-11 12:00:00,1.894
2022-10-11 13:00:00,1.4729999999999999
2022-10-11 14:00:00,1.125
2022-10-11 15:00:00,0.8899999999999999
2022-10-11 16:00:00,0.7889999999999999
2022-10-11 17:00:00,0.8180000000000001
2022-10-11 18:00:00,1.123
2022-10-11 19:00:00,1.687
2022-10-11 20:00:00,2.133
2022-10-11 21:00:00,2.37
2022-10-11 22:00:00,2.466
2022-10-11 23:00:00,2.4130000000000003
2022-10-12 00:00:00,2.271
2022-10-12 01:00:00,2.1390000000000002
2022-10-12 02:00:00,2.105
2022-10-12 03:00:00,2.075
2022-10-12 04:00:00,1.9819999999999998
2022-10-12 05:00:00,1.839
2022-10-12 06:00:00,1.732
2022-10-12 07:00:00,1.697
2022-10-12 08:00:00,1.702
2022-10-12 09:00:00,1.4
2022-10-12 10:00:00,0.9530000000000001
2022-10-12 11:00:00,0.957
2022-10-12 12:00:00,1.0799999999999998
2022-10-12 13:00:00,1.16
2022-10-12 14:00:00,1.308
2022-10-12 15:00:00,1.5590000000000002
2022-10-12 16:00:00,1.758
2022-10-12 17:00:00,1.865
2022-10-12 18:00:00,2.0340000000000003
2022-10-12 19:00:00,2.403
2022-10-12 20:00:00,2.686
2022-10-12 21:00:00,2.689
2022-10-12 22:00:00,2.67
2022-10-12 23:00:00,2.543
2022-10-13 00:00:00,2.501
2022-10-13 01:00:00,2.588
2022-10-13 02:00:00,2.6630000000000003
2022-10-13 03:00:00,2.835
2022-10-13 04:00:00,3.032
2022-10-13 05:00:00,3.197
2022-10-13 06:00:00,3.4059999999999997
2022-10-13 07:00:00,3.669
2022-10-13 08:00:00,3.733
2022-10-13 09:00:00,3.528
2022-10-13 10:00:00,3.1870000000000003
2022-10-13 11:00:00,3.498
2022-10-13 12:00:00,4.274
2022-10-13 13:00:00,4.739
2022-10-13 14:00:00,4.897
2022-10-13 15:00:00,4.59
2022-10-13 16:00:00,4.127
2022-10-13 17:00:00,3.5869999999999997
2022-10-13 18:00:00,3.309
2022-10-13 19:00:00,3.9650000000000003
2022-10-13 20:00:00,4.566
2022-10-13 21:00:00,4.618
2022-10-13 22:00:00,4.672
2022-10-13 23:00:00,4.801
2022-10-14 00:00:00,4.827
2022-10-14 01:00:00,4.858
2022-10-14 02:00:00,5.045999999999999
2022-10-14 03:00:00,5.327
2022-10-14 04:00:00,5.518000000000001
2022-10-14 05:00:00,5.553
2022-10-14 06:00:00,5.5809999999999995
2022-10-14 07:00:00,5.645
2022-10-14 08:00:00,5.746
2022-10-14 09:00:00,5.359
2022-10-14 10:00:00,4.998
2022-10-14 11:00:00,5.65
2022-10-14 12:00:00,6.673
2022-10-14 13:00:00,7.38
2022-10-14 14:00:00,7.638999999999999
2022-10-14 15:00:00,7.467
2022-10-14 16:00:00,7.103
2022-10-14 17:00:00,6.657
2022-10-14 18:00:00,6.14
2022-10-14 19:00:00,6.0649999999999995
2022-10-14 20:00:00,6.066
2022-10-14 21:00:00,6.026
2022-10-14 22:00:00,6.021
2022-10-14 23:00:00,6.013
2022-10-15 00:00:00,6.074999999999999
2022-10-15 01:00:00,6.186
2022-10-15 02:00:00,6.516
2022-10-15 03:00:00,7.075
2022-10-15 04:00:00,7.686999999999999
2022-10-15 05:00:00,7.643
2022-10-15 06:00:00,7.615
2022-10-15 07:00:00,7.219
2022-10-15 08:00:00,6.891
2022-10-15 09:00:00,6.034000000000001
2022-10-15 10:00:00,5.478
2022-10-15 11:00:00,5.798
2022-10-15 12:00:00,6.0760000000000005
2022-10-15 13:00:00,6.429
2022-10-15 14:00:00,6.611
2022-10-15 15:00:00,6.553
2022-10-15 16:00:00,6.236
2022-10-15 17:00:00,5.579000000000001
2022-10-15 18:00:00,5.067
2022-10-15 19:00:00,5.182
2022-10-15 20:00:00,5.0120000000000005
2022-10-15 21:00:00,4.865
2022-10-15 22:00:00,4.681
2022-10-15 23:00:00,4.598000000000001
2022-10-16 00:00:00,4.61
2022-10-16 01:00:00,4.68
2022-10-16 02:00:00,4.822
2022-10-16 03:00:00,4.934
2022-10-16 04:00:00,4.904
2022-10-16 05:00:00,4.825
2022-10-16 06:00:00,4.639
2022-10-16 07:00:00,4.507000000000001
2022-10-16 08:00:00,4.407
2022-10-16 09:00:00,3.686
2022-10-16 10:00:00,3.104
2022-10-16 11:00:00,3.542
2022-10-16 12:00:00,4.165
2022-10-16 13:00:00,4.929
2022-10-16 14:00:00,5.583
2022-10-16 15:00:00,6.102
2022-10-16 16:00:00,6.327999999999999
2022-10-16 17:00:00,5.949
2022-10-16 18:00:00,5.984
2022-10-16 19:00:00,7.013
2022-10-16 20:00:00,7.912000000000001
2022-10-16 21:00:00,8.208
2022-10-16 22:00:00,8.243
2022-10-16 23:00:00,8.295
2022-10-17 00:00:00,8.343
2022-10-17 01:00:00,8.07
2022-10-17 02:00:00,7.729
2022-10-17 03:00:00,7.673
2022-10-17 04:00:00,7.067
2022-10-17 05:00:00,6.165
2022-10-17 06:00:00,6.062
2022-10-17 07:00:00,6.2620000000000005
2022-10-17 08:00:00,5.920999999999999
2022-10-17 09:00:00,5.271
2022-10-17 10:00:00,4.857
2022-10-17 11:00:00,5.079
2022-10-17 12:00:00,5.254
2022-10-17 13:00:00,4.846
2022-10-17 14:00:00,4.26
2022-10-17 15:00:00,3.593
2022-10-17 16:00:00,3.043
2022-10-17 17:00:00,2.529
2022-10-17 18:00:00,2.314
2022-10-17 19:00:00,2.4589999999999996
2022-10-17 20:00:00,2.6479999999999997
2022-10-17 21:00:00,2.869
2022-10-17 22:00:00,3.181
2022-10-17 23:00:00,3.325
2022-10-18 00:00:00,3.276
2022-10-18 01:00:00,3.2640000000000002
2022-10-18 02:00:00,3.2830000000000004
2022-10-18 03:00:00,3.3209999999999997
2022-10-18 04:00:00,3.341
2022-10-18 05:00:00,3.314
2022-10-18 06:00:00,3.3689999999999998
2022-10-18 07:00:00,3.505
2022-10-18 08:00:00,3.6159999999999997
2022-10-18 09:00:00,3.1849999999999996
2022-10-18 10:00:00,2.551
2022-10-18 11:00:00,2.9770000000000003
2022-10-18 12:00:00,3.442
2022-10-18 13:00:00,3.4989999999999997
2022-10-18 14:00:00,3.392
2022-10-18 15:00:00,3.2060000000000004
2022-10-18 16:00:00,3.0549999999999997
2022-10-18 17:00:00,3.0300000000000002
2022-10-18 18:00:00,3.689
2022-10-18 19:00:00,5.287
2022-10-18 20:00:00,6.2780000000000005
2022-10-18 21:00:00,6.58
2022-10-18 22:00:00,6.394
2022-10-18 23:00:00,5.976
2022-10-19 00:00:00,5.694
2022-10-19 01:00:00,5.3759999999999994
2022-10-19 02:00:00,5.273
2022-10-19 03:00:00,5.234
2022-10-19 04:00:00,5.202999999999999
2022-10-19 05:00:00,5.231999999999999
2022-10-19 06:00:00,5.268
2022-10-19 07:00:00,5.521
2022-10-19 08:00:00,5.805
2022-10-19 09:00:00,5.45
2022-10-19 10:00:00,4.744
2022-10-19 11:00:00,5.511
2022-10-19 12:00:00,6.422000000000001
2022-10-19 13:00:00,7.045
2022-10-19 14:00:00,7.446
2022-10-19 15:00:00,7.545
2022-10-19 16:00:00,6.965
2022-10-19 17:00:00,6.145
2022-10-19 18:00:00,6.131
2022-10-19 19:00:00,6.309
2022-10-19 20:00:00,5.699
2022-10-19 21:00:00,5.151
2022-10-19 22:00:00,4.771
2022-10-19 23:00:00,4.524
2022-10-20 00:00:00,4.193
2022-10-20 01:00:00,3.9970000000000003
2022-10-20 02:00:00,4.067
2022-10-20 03:00:00,3.9799999999999995
2022-10-20 04:00:00,4.007
2022-10-20 05:00:00,4.215
2022-10-20 06:00:00,4.313000000000001
2022-10-20 07:00:00,4.482
2022-10-20 08:00:00,4.857
2022-10-20 09:00:00,4.489
2022-10-20 10:00:00,3.887
2022-10-20 11:00:00,5.194
2022-10-20 12:00:00,6.731
2022-10-20 13:00:00,7.795
2022-10-20 14:00:00,7.958
2022-10-20 15:00:00,7.868
2022-10-20 16:00:00,7.797000000000001
2022-10-20 17:00:00,7.295
2022-10-20 18:00:00,7.186
2022-10-20 19:00:00,7.998
2022-10-20 20:00:00,8.558
2022-10-20 21:00:00,8.809000000000001
2022-10-20 22:00:00,9.035
2022-10-20 23:00:00,9.059000000000001
2022-10-21 00:00:00,9.165
2022-10-21 01:00:00,9.282
2022-10-21 02:00:00,9.333
2022-10-21 03:00:00,9.663
2022-10-21 04:00:00,9.927
2022-10-21 05:00:00,9.43
2022-10-21 06:00:00,9.25
2022-10-21 07:00:00,9.059000000000001
2022-10-21 08:00:00,8.893
2022-10-21 09:00:00,8.064
2022-10-21 10:00:00,7.095000000000001
2022-10-21 11:00:00,8.601
2022-10-21 12:00:00,9.823
2022-10-21 13:00:00,10.193
2022-10-21 14:00:00,10.297
2022-10-21 15:00:00,10.228000000000002
2022-10-21 16:00:00,9.911999999999999
2022-10-21 17:00:00,9.44
2022-10-21 18:00:00,9.071
2022-10-21 19:00:00,8.956
2022-10-21 20:00:00,8.54
2022-10-21 21:00:00,8.07
2022-10-21 22:00:00,7.647
2022-10-21 23:00:00,7.005000000000001
2022-10-22 00:00:00,6.666
2022-10-22 01:00:00,6.4
2022-10-22 02:00:00,6.0169999999999995
2022-10-22 03:00:00,5.683999999999999
2022-10-22 04:00:00,5.344
2022-10-22 05:00:00,4.994999999999999
2022-10-22 06:00:00,4.8260000000000005
2022-10-22 07:00:00,4.821
2022-10-22 08:00:00,4.968999999999999
2022-10-22 09:00:00,4.470000000000001
2022-10-22 10:00:00,3.296
2022-10-22 11:00:00,3.643
2022-10-22 12:00:00,4.266
2022-10-22 13:00:00,4.6850000000000005
2022-10-22 14:00:00,4.953
2022-10-22 15:00:00,4.920999999999999
2022-10-22 16:00:00,4.619
2022-10-22 17:00:00,4.134
2022-10-22 18:00:00,4.322
2022-10-22 19:00:00,5.259
2022-10-22 20:00:00,6.170999999999999
2022-10-22 21:00:00,6.942
2022-10-22 22:00:00,7.349
2022-10-22 23:00:00,7.793
2022-10-23 00:00:00,8.193999999999999
2022-10-23 01:00:00,8.711
2022-10-23 02:00:00,9.004
2022-10-23 03:00:00,8.783999999999999
2022-10-23 04:00:00,8.565
2022-10-23 05:00:00,8.67
2022-10-23 06:00:00,8.678
2022-10-23 07:00:00,8.642
2022-10-23 08:00:00,8.791
2022-10-23 09:00:00,8.773
2022-10-23 10:00:00,8.072
2022-10-23 11:00:00,9.359
2022-10-23 12:00:00,11.279
2022-10-23 13:00:00,12.546
2022-10-23 14:00:00,13.258
2022-10-23 15:00:00,13.581999999999999
2022-10-23 16:00:00,13.749
2022-10-23 17:00:00,13.672
2022-10-23 18:00:00,13.695999999999998
2022-10-23 19:00:00,13.948
2022-10-23 20:00:00,13.911
2022-10-23 21:00:00,13.788
2022-10-23 22:00:00,13.478
2022-10-23 23:00:00,13.192
2022-10-24 00:00:00,12.969999999999999
2022-10-24 01:00:00,12.707
2022-10-24 02:00:00,12.236
2022-10-24 03:00:00,11.703
2022-10-24 04:00:00,11.105
2022-10-24 05:00:00,10.469000000000001
2022-10-24 06:00:00,9.908
2022-10-24 07:00:00,9.422
2022-10-24 08:00:00,8.873000000000001
2022-10-24 09:00:00,8.125
2022-10-24 10:00:00,7.462
2022-10-24 11:00:00,8.935
2022-10-24 12:00:00,9.778
2022-10-24 13:00:00,10.042
2022-10-24 14:00:00,10.014
2022-10-24 15:00:00,9.665
2022-10-24 16:00:00,8.95
2022-10-24 17:00:00,7.9190000000000005
2022-10-24 18:00:00,6.989000000000001
2022-10-24 19:00:00,6.327
2022-10-24 20:00:00,5.596
2022-10-24 21:00:00,5.259
2022-10-24 22:00:00,5.116
2022-10-24 23:00:00,4.994
2022-10-25 00:00:00,4.867
2022-10-25 01:00:00,4.803
2022-10-25 02:00:00,4.719
2022-10-25 03:00:00,4.742
2022-10-25 04:00:00,4.808
2022-10-25 05:00:00,4.92
2022-10-25 06:00:00,4.981
2022-10-25 07:00:00,4.987
2022-10-25 08:00:00,4.945
2022-10-25 09:00:00,4.47
2022-10-25 10:00:00,3.58
2022-10-25 11:00:00,3.702
2022-10-25 12:00:00,4.361000000000001
2022-10-25 13:00:00,4.784
2022-10-25 14:00:00,4.855
2022-10-25 15:00:00,5.002
2022-10-25 16:00:00,5.383
2022-10-25 17:00:00,5.346
2022-10-25 18:00:00,5.922
2022-10-25 19:00:00,7.016
2022-10-25 20:00:00,7.523
2022-10-25 21:00:00,7.565
2022-10-25 22:00:00,7.352
2022-10-25 23:00:00,6.973
2022-10-26 00:00:00,6.837
2022-10-26 01:00:00,6.891
2022-10-26 02:00:00,6.837999999999999
2022-10-26 03:00:00,6.914
2022-10-26 04:00:00,6.678000000000001
2022-10-26 05:00:00,6.446
2022-10-26 06:00:00,6.439
2022-10-26 07:00:00,6.63
2022-10-26 08:00:00,6.73
2022-10-26 09:00:00,6.131
2022-10-26 10:00:00,4.704000000000001
2022-10-26 11:00:00,4.95
2022-10-26 12:00:00,6.083
2022-10-26 13:00:00,6.397
2022-10-26 14:00:00,6.3100000000000005
2022-10-26 15:00:00,5.9510000000000005
2022-10-26 16:00:00,5.213
2022-10-26 17:00:00,4.158
2022-10-26 18:00:00,3.7279999999999998
2022-10-26 19:00:00,4.263
2022-10-26 20:00:00,4.995
2022-10-26 21:00:00,5.569
2022-10-26 22:00:00,5.785
2022-10-26 23:00:00,6.178000000000001
2022-10-27 00:00:00,6.531000000000001
2022-10-27 01:00:00,6.656
2022-10-27 02:00:00,6.898
2022-10-27 03:00:00,7.372
2022-10-27 04:00:00,8.042000000000002
2022-10-27 05:00:00,8.34
2022-10-27 06:00:00,8.611
2022-10-27 07:00:00,8.513
2022-10-27 08:00:00,8.175
2022-10-27 09:00:00,7.487
2022-10-27 10:00:00,6.24
2022-10-27 11:00:00,5.542999999999999
2022-10-27 12:00:00,5.814
2022-10-27 13:00:00,6.366
2022-10-27 14:00:00,6.577
2022-10-27 15:00:00,6.509
2022-10-27 16:00:00,6.009
2022-10-27 17:00:00,5.93
2022-10-27 18:00:00,6.503
2022-10-27 19:00:00,7.086
2022-10-27 20:00:00,7.045999999999999
2022-10-27 21:00:00,6.74
2022-10-27 22:00:00,6.5760000000000005
2022-10-27 23:00:00,6.754
2022-10-28 00:00:00,7.0489999999999995
2022-10-28 01:00:00,7.107
2022-10-28 02:00:00,7.075
2022-10-28 03:00:00,7.176
2022-10-28 04:00:00,7.4110000000000005
2022-10-28 05:00:00,7.635
2022-10-28 06:00:00,7.795999999999999
2022-10-28 07:00:00,7.868
2022-10-28 08:00:00,7.819
2022-10-28 09:00:00,7.0840000000000005
2022-10-28 10:00:00,5.328
2022-10-28 11:00:00,5.011
2022-10-28 12:00:00,5.109
2022-10-28 13:00:00,4.62
2022-10-28 14:00:00,4.188
2022-10-28 15:00:00,3.806
2022-10-28 16:00:00,3.488
2022-10-28 17:00:00,2.9939999999999998
2022-10-28 18:00:00,2.8129999999999997
2022-10-28 19:00:00,2.932
2022-10-28 20:00:00,3.258
2022-10-28 21:00:00,3.6529999999999996
2022-10-28 22:00:00,4.142
2022-10-28 23:00:00,4.508
2022-10-29 00:00:00,4.953
2022-10-29 01:00:00,5.433
2022-10-29 02:00:00,5.731
2022-10-29 03:00:00,6.196
2022-10-29 04:00:00,6.766
2022-10-29 05:00:00,6.87
2022-10-29 06:00:00,7.087
2022-10-29 07:00:00,7.279
2022-10-29 08:00:00,7.115
2022-10-29 09:00:00,6.6419999999999995
2022-10-29 10:00:00,5.7620000000000005
2022-10-29 11:00:00,5.984999999999999
2022-10-29 12:00:00,7.189
2022-10-29 13:00:00,7.727
2022-10-29 14:00:00,7.962
2022-10-29 15:00:00,7.592
2022-10-29 16:00:00,7.131
2022-10-29 17:00:00,6.492
2022-10-29 18:00:00,5.839
2022-10-29 19:00:00,5.558
2022-10-29 20:00:00,5.1690000000000005
2022-10-29 21:00:00,5.005
2022-10-29 22:00:00,5.192
2022-10-29 23:00:00,5.319
2022-10-30 00:00:00,5.041
2022-10-30 01:00:00,4.617
2022-10-30 02:00:00,8.616
2022-10-30 03:00:00,4.291
2022-10-30 04:00:00,4.181
2022-10-30 05:00:00,3.9810000000000003
2022-10-30 06:00:00,3.795
2022-10-30 07:00:00,3.5540000000000003
2022-10-30 08:00:00,3.1790000000000003
2022-10-30 09:00:00,2.407
2022-10-30 10:00:00,2.378
2022-10-30 11:00:00,2.691
2022-10-30 12:00:00,3.099
2022-10-30 13:00:00,3.573
2022-10-30 14:00:00,3.7859999999999996
2022-10-30 15:00:00,3.5330000000000004
2022-10-30 16:00:00,2.955
2022-10-30 17:00:00,2.4859999999999998
2022-10-30 18:00:00,2.471
2022-10-30 19:00:00,2.615
2022-10-30 20:00:00,2.81
2022-10-30 21:00:00,2.984
2022-10-30 22:00:00,3.108
2022-10-30 23:00:00,3.2
2022-10-31 00:00:00,3.252
2022-10-31 01:00:00,3.247
2022-10-31 02:00:00,3.231
2022-10-31 03:00:00,3.2279999999999998
2022-10-31 04:00:00,3.2880000000000003
2022-10-31 05:00:00,3.53
2022-10-31 06:00:00,3.982
2022-10-31 07:00:00,4.422
2022-10-31 08:00:00,4.669
2022-10-31 09:00:00,4.211
2022-10-31 10:00:00,4.355
2022-10-31 11:00:00,5.402
2022-10-31 12:00:00,6.3420000000000005
2022-10-31 13:00:00,7.0600000000000005
2022-10-31 14:00:00,7.865
2022-10-31 15:00:00,8.253
2022-10-31 16:00:00,8.530000000000001
2022-10-31 17:00:00,9.57
2022-10-31 18:00:00,10.196
2022-10-31 19:00:00,9.921
2022-10-31 20:00:00,10.176
2022-10-31 21:00:00,10.994
2022-10-31 22:00:00,11.634
2022-10-31 23:00:00,11.822
2022-11-01 00:00:00,11.658999999999999
2022-11-01 01:00:00,11.038
2022-11-01 02:00:00,10.382
2022-11-01 03:00:00,9.77
2022-11-01 04:00:00,9.216000000000001
2022-11-01 05:00:00,8.84
2022-11-01 06:00:00,8.625
2022-11-01 07:00:00,8.451
2022-11-01 08:00:00,8.163
2022-11-01 09:00:00,7.587000000000001
2022-11-01 10:00:00,8.485
2022-11-01 11:00:00,9.218
2022-11-01 12:00:00,9.501999999999999
2022-11-01 13:00:00,9.617
2022-11-01 14:00:00,9.555
2022-11-01 15:00:00,9.256
2022-11-01 16:00:00,8.647
2022-11-01 17:00:00,8.353
2022-11-01 18:00:00,8.384
2022-11-01 19:00:00,8.206
2022-11-01 20:00:00,7.927
2022-11-01 21:00:00,7.564
2022-11-01 22:00:00,7.311
2022-11-01 23:00:00,7.2010000000000005
2022-11-02 00:00:00,7.073
2022-11-02 01:00:00,6.800000000000001
2022-11-02 02:00:00,6.413
2022-11-02 03:00:00,5.914
2022-11-02 04:00:00,5.264
2022-11-02 05:00:00,4.638
2022-11-02 06:00:00,4.172000000000001
2022-11-02 07:00:00,3.9459999999999997
2022-11-02 08:00:00,3.748
2022-11-02 09:00:00,3.183
2022-11-02 10:00:00,3.339
2022-11-02 11:00:00,4.614
2022-11-02 12:00:00,5.7509999999999994
2022-11-02 13:00:00,6.307
2022-11-02 14:00:00,6.576
2022-11-02 15:00:00,6.489000000000001
2022-11-02 16:00:00,6.074000000000001
2022-11-02 17:00:00,6.164
2022-11-02 18:00:00,6.510999999999999
2022-11-02 19:00:00,6.713
2022-11-02 20:00:00,7.074
2022-11-02 21:00:00,7.199
2022-11-02 22:00:00,7.056000000000001
2022-11-02 23:00:00,7.195
2022-11-03 00:00:00,7.073
2022-11-03 01:00:00,7.0169999999999995
2022-11-03 02:00:00,6.898999999999999
2022-11-03 03:00:00,7.078
2022-11-03 04:00:00,7.4559999999999995
2022-11-03 05:00:00,7.615
2022-11-03 06:00:00,8.041
2022-11-03 07:00:00,8.235
2022-11-03 08:00:00,8.344999999999999
2022-11-03 09:00:00,8.722000000000001
2022-11-03 10:00:00,9.266
2022-11-03 11:00:00,9.664
2022-11-03 12:00:00,10.440000000000001
2022-11-03 13:00:00,11.138
2022-11-03 14:00:00,11.34
2022-11-03 15:00:00,11.514
2022-11-03 16:00:00,11.051
2022-11-03 17:00:00,10.439
2022-11-03 18:00:00,9.878
2022-11-03 19:00:00,9.92
2022-11-03 20:00:00,10.411999999999999
2022-11-03 21:00:00,11.100999999999999
2022-11-03 22:00:00,11.346
2022-11-03 23:00:00,11.508
2022-11-04 00:00:00,11.65
2022-11-04 01:00:00,11.953
2022-11-04 02:00:00,11.785
2022-11-04 03:00:00,11.721
2022-11-04 04:00:00,11.55
2022-11-04 05:00:00,11.012
2022-11-04 06:00:00,10.429
2022-11-04 07:00:00,10.294
2022-11-04 08:00:00,10.093
2022-11-04 09:00:00,10.121
2022-11-04 10:00:00,10.803999999999998
2022-11-04 11:00:00,11.402000000000001
2022-11-04 12:00:00,11.483
2022-11-04 13:00:00,11.488
2022-11-04 14:00:00,11.404
2022-11-04 15:00:00,10.928
2022-11-04 16:00:00,9.903
2022-11-04 17:00:00,9.042
2022-11-04 18:00:00,8.594999999999999
2022-11-04 19:00:00,8.26
2022-11-04 20:00:00,7.955
2022-11-04 21:00:00,7.391
2022-11-04 22:00:00,6.782
2022-11-04 23:00:00,6.218999999999999
2022-11-05 00:00:00,5.638
2022-11-05 01:00:00,5.1080000000000005
2022-11-05 02:00:00,4.684
2022-11-05 03:00:00,4.453
2022-11-05 04:00:00,4.306
2022-11-05 05:00:00,4.42
2022-11-05 06:00:00,4.9
2022-11-05 07:00:00,5.563000000000001
2022-11-05 08:00:00,5.805
2022-11-05 09:00:00,5.2669999999999995
2022-11-05 10:00:00,5.027
2022-11-05 11:00:00,5.328
2022-11-05 12:00:00,5.662
2022-11-05 13:00:00,5.956
2022-11-05 14:00:00,6.1579999999999995
2022-11-05 15:00:00,6.036
2022-11-05 16:00:00,5.739
2022-11-05 17:00:00,5.859999999999999
2022-11-05 18:00:00,6.07
2022-11-05 19:00:00,6.409000000000001
2022-11-05 20:00:00,6.7330000000000005
2022-11-05 21:00:00,6.866
2022-11-05 22:00:00,6.832
2022-11-05 23:00:00,6.89
2022-11-06 00:00:00,6.756
2022-11-06 01:00:00,6.677
2022-11-06 02:00:00,6.8580000000000005
2022-11-06 03:00:00,7.1419999999999995
2022-11-06 04:00:00,7.316000000000001
2022-11-06 05:00:00,7.071
2022-11-06 06:00:00,6.977
2022-11-06 07:00:00,7.3340000000000005
2022-11-06 08:00:00,7.2379999999999995
2022-11-06 09:00:00,6.536
2022-11-06 10:00:00,6.135
2022-11-06 11:00:00,6.9559999999999995
2022-11-06 12:00:00,8.237
2022-11-06 13:00:00,9.123
2022-11-06 14:00:00,9.655000000000001
2022-11-06 15:00:00,9.379999999999999
2022-11-06 16:00:00,8.905999999999999
2022-11-06 17:00:00,8.772
2022-11-06 18:00:00,8.351
2022-11-06 19:00:00,7.963000000000001
2022-11-06 20:00:00,8.031
2022-11-06 21:00:00,7.875
2022-11-06 22:00:00,7.683999999999999
2022-11-06 23:00:00,7.542
2022-11-07 00:00:00,7.561999999999999
2022-11-07 01:00:00,7.673
2022-11-07 02:00:00,7.779
2022-11-07 03:00:00,7.926
2022-11-07 04:00:00,7.789000000000001
2022-11-07 05:00:00,7.948
2022-11-07 06:00:00,7.794
2022-11-07 07:00:00,7.723
2022-11-07 08:00:00,7.511
2022-11-07 09:00:00,6.679
2022-11-07 10:00:00,6.721
2022-11-07 11:00:00,8.347999999999999
2022-11-07 12:00:00,8.915
2022-11-07 13:00:00,8.823
2022-11-07 14:00:00,8.52
2022-11-07 15:00:00,8.127
2022-11-07 16:00:00,7.715999999999999
2022-11-07 17:00:00,7.721
2022-11-07 18:00:00,8.274000000000001
2022-11-07 19:00:00,8.564
2022-11-07 20:00:00,8.871
2022-11-07 21:00:00,9.221
2022-11-07 22:00:00,9.485
2022-11-07 23:00:00,9.731
2022-11-08 00:00:00,10.18
2022-11-08 01:00:00,10.596
2022-11-08 02:00:00,10.718
2022-11-08 03:00:00,11.086
2022-11-08 04:00:00,11.391
2022-11-08 05:00:00,11.177
2022-11-08 06:00:00,10.824
2022-11-08 07:00:00,10.667
2022-11-08 08:00:00,10.472
2022-11-08 09:00:00,9.777000000000001
2022-11-08 10:00:00,9.998000000000001
2022-11-08 11:00:00,10.933
2022-11-08 12:00:00,11.383
2022-11-08 13:00:00,11.611
2022-11-08 14:00:00,11.512
2022-11-08 15:00:00,11.299
2022-11-08 16:00:00,10.948
2022-11-08 17:00:00,10.722
2022-11-08 18:00:00,10.608
2022-11-08 19:00:00,10.383
2022-11-08 20:00:00,9.966000000000001
2022-11-08 21:00:00,9.494
2022-11-08 22:00:00,9.209999999999999
2022-11-08 23:00:00,9.115
2022-11-09 00:00:00,9.098
2022-11-09 01:00:00,8.791
2022-11-09 02:00:00,8.591999999999999
2022-11-09 03:00:00,8.3
2022-11-09 04:00:00,8.001000000000001
2022-11-09 05:00:00,7.377
2022-11-09 06:00:00,7.125
2022-11-09 07:00:00,6.973
2022-11-09 08:00:00,6.84
2022-11-09 09:00:00,6.083
2022-11-09 10:00:00,5.4110000000000005
2022-11-09 11:00:00,6.007
2022-11-09 12:00:00,6.333
2022-11-09 13:00:00,6.373
2022-11-09 14:00:00,6.179
2022-11-09 15:00:00,5.649
2022-11-09 16:00:00,4.861000000000001
2022-11-09 17:00:00,4.679
2022-11-09 18:00:00,4.814
2022-11-09 19:00:00,4.715999999999999
2022-11-09 20:00:00,4.554
2022-11-09 21:00:00,4.437
2022-11-09 22:00:00,4.382
2022-11-09 23:00:00,4.2940000000000005
2022-11-10 00:00:00,4.156
2022-11-10 01:00:00,3.966
2022-11-10 02:00:00,3.806
2022-11-10 03:00:00,3.7110000000000003
2022-11-10 04:00:00,3.6929999999999996
2022-11-10 05:00:00,3.717
2022-11-10 06:00:00,3.76
2022-11-10 07:00:00,3.9059999999999997
2022-11-10 08:00:00,3.945
2022-11-10 09:00:00,3.417
2022-11-10 10:00:00,3.0469999999999997
2022-11-10 11:00:00,3.484
2022-11-10 12:00:00,3.755
2022-11-10 13:00:00,3.763
2022-11-10 14:00:00,3.734
2022-11-10 15:00:00,3.7249999999999996
2022-11-10 16:00:00,3.657
2022-11-10 17:00:00,4.343999999999999
2022-11-10 18:00:00,5.253
2022-11-10 19:00:00,5.386
2022-11-10 20:00:00,5.37
2022-11-10 21:00:00,5.2509999999999994
2022-11-10 22:00:00,5.1129999999999995
2022-11-10 23:00:00,5.034000000000001
2022-11-11 00:00:00,5.085
2022-11-11 01:00:00,5.181
2022-11-11 02:00:00,5.257
2022-11-11 03:00:00,5.339
2022-11-11 04:00:00,5.2829999999999995
2022-11-11 05:00:00,5.2669999999999995
2022-11-11 06:00:00,4.815
2022-11-11 07:00:00,4.516
2022-11-11 08:00:00,4.216
2022-11-11 09:00:00,3.918
2022-11-11 10:00:00,3.9110000000000005
2022-11-11 11:00:00,3.6799999999999997
2022-11-11 12:00:00,3.441
2022-11-11 13:00:00,3.2439999999999998
2022-11-11 14:00:00,3.074
2022-11-11 15:00:00,2.941
2022-11-11 16:00:00,2.9270000000000005
2022-11-11 17:00:00,3.7010000000000005
2022-11-11 18:00:00,4.6290000000000004
2022-11-11 19:00:00,5.255000000000001
2022-11-11 20:00:00,5.792999999999999
2022-11-11 21:00:00,5.992
2022-11-11 22:00:00,6.055
2022-11-11 23:00:00,5.884
2022-11-12 00:00:00,5.682
2022-11-12 01:00:00,5.396
2022-11-12 02:00:00,5.130000000000001
2022-11-12 03:00:00,4.931
2022-11-12 04:00:00,4.792
2022-11-12 05:00:00,4.8
2022-11-12 06:00:00,4.832
2022-11-12 07:00:00,4.8580000000000005
2022-11-12 08:00:00,4.811
2022-11-12 09:00:00,3.699
2022-11-12 10:00:00,2.785
2022-11-12 11:00:00,2.553
2022-11-12 12:00:00,2.765
2022-11-12 13:00:00,2.846
2022-11-12 14:00:00,2.88
2022-11-12 15:00:00,2.833
2022-11-12 16:00:00,3.191
2022-11-12 17:00:00,4.652
2022-11-12 18:00:00,5.7010000000000005
2022-11-12 19:00:00,5.788
2022-11-12 20:00:00,5.525
2022-11-12 21:00:00,5.260999999999999
2022-11-12 22:00:00,5.036
2022-11-12 23:00:00,4.85
2022-11-13 00:00:00,4.75
2022-11-13 01:00:00,4.725
2022-11-13 02:00:00,4.679
2022-11-13 03:00:00,4.626
2022-11-13 04:00:00,4.606
2022-11-13 05:00:00,4.661
2022-11-13 06:00:00,4.711
2022-11-13 07:00:00,4.704
2022-11-13 08:00:00,4.588
2022-11-13 09:00:00,3.623
2022-11-13 10:00:00,2.9989999999999997
2022-11-13 11:00:00,2.8150000000000004
2022-11-13 12:00:00,2.822
2022-11-13 13:00:00,2.9059999999999997
2022-11-13 14:00:00,2.817
2022-11-13 15:00:00,2.708
2022-11-13 16:00:00,2.7239999999999998
2022-11-13 17:00:00,3.32
2022-11-13 18:00:00,4.0809999999999995
2022-11-13 19:00:00,4.692
2022-11-13 20:00:00,5.114
2022-11-13 21:00:00,5.223
2022-11-13 22:00:00,5.415
2022-11-13 23:00:00,5.734999999999999
2022-11-14 00:00:00,5.844
2022-11-14 01:00:00,5.805
2022-11-14 02:00:00,5.754
2022-11-14 03:00:00,5.646
2022-11-14 04:00:00,5.443
2022-11-14 05:00:00,5.340999999999999
2022-11-14 06:00:00,5.43
2022-11-14 07:00:00,5.591
2022-11-14 08:00:00,5.454
2022-11-14 09:00:00,4.704000000000001
2022-11-14 10:00:00,4.304
2022-11-14 11:00:00,4.702
2022-11-14 12:00:00,5.263
2022-11-14 13:00:00,5.589
2022-11-14 14:00:00,5.729
2022-11-14 15:00:00,5.6209999999999996
2022-11-14 16:00:00,5.506
2022-11-14 17:00:00,5.846
2022-11-14 18:00:00,5.95
2022-11-14 19:00:00,5.914
2022-11-14 20:00:00,6.116
2022-11-14 21:00:00,6.605
2022-11-14 22:00:00,7.034
2022-11-14 23:00:00,7.458
2022-11-15 00:00:00,7.5169999999999995
2022-11-15 01:00:00,7.728000000000001
2022-11-15 02:00:00,7.975
2022-11-15 03:00:00,8.065999999999999
2022-11-15 04:00:00,8.544
2022-11-15 05:00:00,9.189
2022-11-15 06:00:00,9.672
2022-11-15 07:00:00,10.079
2022-11-15 08:00:00,10.234
2022-11-15 09:00:00,10.153
2022-11-15 10:00:00,10.437000000000001
2022-11-15 11:00:00,10.690000000000001
2022-11-15 12:00:00,10.904
2022-11-15 13:00:00,11.08
2022-11-15 14:00:00,11.065999999999999
2022-11-15 15:00:00,10.927
2022-11-15 16:00:00,10.291
2022-11-15 17:00:00,9.879999999999999
2022-11-15 18:00:00,9.593
2022-11-15 19:00:00,8.998999999999999
2022-11-15 20:00:00,8.394
2022-11-15 21:00:00,8.064
2022-11-15 22:00:00,8.28
2022-11-15 23:00:00,8.729
2022-11-16 00:00:00,8.702
2022-11-16 01:00:00,8.287
2022-11-16 02:00:00,8.356
2022-11-16 03:00:00,8.396
2022-11-16 04:00:00,8.233
2022-11-16 05:00:00,8.142000000000001
2022-11-16 06:00:00,8.06
2022-11-16 07:00:00,8.013
2022-11-16 08:00:00,7.705
2022-11-16 09:00:00,7.122
2022-11-16 10:00:00,6.734999999999999
2022-11-16 11:00:00,7.239
2022-11-16 12:00:00,7.9
2022-11-16 13:00:00,8.646
2022-11-16 14:00:00,9.285
2022-11-16 15:00:00,9.884
2022-11-16 16:00:00,10.654
2022-11-16 17:00:00,11.579
2022-11-16 18:00:00,12.166
2022-11-16 19:00:00,12.549
2022-11-16 20:00:00,13.065000000000001
2022-11-16 21:00:00,13.264
2022-11-16 22:00:00,13.337
2022-11-16 23:00:00,13.461
2022-11-17 00:00:00,13.448
2022-11-17 01:00:00,13.509
2022-11-17 02:00:00,13.472
2022-11-17 03:00:00,13.25
2022-11-17 04:00:00,12.791
2022-11-17 05:00:00,12.297
2022-11-17 06:00:00,11.937999999999999
2022-11-17 07:00:00,11.636
2022-11-17 08:00:00,11.021
2022-11-17 09:00:00,10.039
2022-11-17 10:00:00,9.657
2022-11-17 11:00:00,10.763
2022-11-17 12:00:00,11.405999999999999
2022-11-17 13:00:00,11.305
2022-11-17 14:00:00,10.742
2022-11-17 15:00:00,9.618
2022-11-17 16:00:00,9.06
2022-11-17 17:00:00,9.294
2022-11-17 18:00:00,9.286
2022-11-17 19:00:00,8.94
2022-11-17 20:00:00,8.954
2022-11-17 21:00:00,9.104
2022-11-17 22:00:00,9.05
2022-11-17 23:00:00,8.958
2022-11-18 00:00:00,9.062
2022-11-18 01:00:00,9.175
2022-11-18 02:00:00,9.212
2022-11-18 03:00:00,9.212
2022-11-18 04:00:00,8.774000000000001
2022-11-18 05:00:00,8.309999999999999
2022-11-18 06:00:00,8.365
2022-11-18 07:00:00,8.169
2022-11-18 08:00:00,7.9350000000000005
2022-11-18 09:00:00,7.359
2022-11-18 10:00:00,7.0009999999999994
2022-11-18 11:00:00,7.0009999999999994
2022-11-18 12:00:00,7.273
2022-11-18 13:00:00,7.234999999999999
2022-11-18 14:00:00,6.915
2022-11-18 15:00:00,6.286
2022-11-18 16:00:00,5.788
2022-11-18 17:00:00,5.9830000000000005
2022-11-18 18:00:00,6.105
2022-11-18 19:00:00,6.032
2022-11-18 20:00:00,5.827999999999999
2022-11-18 21:00:00,5.463
2022-11-18 22:00:00,5.27
2022-11-18 23:00:00,5.154
2022-11-19 00:00:00,5.284000000000001
2022-11-19 01:00:00,5.525
2022-11-19 02:00:00,5.654
2022-11-19 03:00:00,5.6690000000000005
2022-11-19 04:00:00,5.657
2022-11-19 05:00:00,5.539
2022-11-19 06:00:00,5.26
2022-11-19 07:00:00,4.851
2022-11-19 08:00:00,4.381
2022-11-19 09:00:00,3.826
2022-11-19 10:00:00,3.187
2022-11-19 11:00:00,3.021
2022-11-19 12:00:00,3.099
2022-11-19 13:00:00,3.202
2022-11-19 14:00:00,3.448
2022-11-19 15:00:00,3.794
2022-11-19 16:00:00,4.099
2022-11-19 17:00:00,4.641
2022-11-19 18:00:00,4.82
2022-11-19 19:00:00,4.774
2022-11-19 20:00:00,4.67
2022-11-19 21:00:00,4.593999999999999
2022-11-19 22:00:00,4.757
2022-11-19 23:00:00,5.126
2022-11-20 00:00:00,5.479
2022-11-20 01:00:00,5.711
2022-11-20 02:00:00,5.845000000000001
2022-11-20 03:00:00,6.003
2022-11-20 04:00:00,6.183999999999999
2022-11-20 05:00:00,6.332000000000001
2022-11-20 06:00:00,6.3469999999999995
2022-11-20 07:00:00,6.297000000000001
2022-11-20 08:00:00,6.266
2022-11-20 09:00:00,6.461
2022-11-20 10:00:00,5.986000000000001
2022-11-20 11:00:00,6.381
2022-11-20 12:00:00,7.434
2022-11-20 13:00:00,8.468
2022-11-20 14:00:00,8.783
2022-11-20 15:00:00,8.879000000000001
2022-11-20 16:00:00,8.568
2022-11-20 17:00:00,8.605
2022-11-20 18:00:00,8.419
2022-11-20 19:00:00,7.978
2022-11-20 20:00:00,7.3870000000000005
2022-11-20 21:00:00,6.918000000000001
2022-11-20 22:00:00,6.825
2022-11-20 23:00:00,6.987
2022-11-21 00:00:00,6.893000000000001
2022-11-21 01:00:00,6.622999999999999
2022-11-21 02:00:00,6.772
2022-11-21 03:00:00,7.036
2022-11-21 04:00:00,7.505
2022-11-21 05:00:00,7.9879999999999995
2022-11-21 06:00:00,8.533999999999999
2022-11-21 07:00:00,8.905999999999999
2022-11-21 08:00:00,9.077
2022-11-21 09:00:00,9.302
2022-11-21 10:00:00,9.854
2022-11-21 11:00:00,10.58
2022-11-21 12:00:00,11.145
2022-11-21 13:00:00,11.397000000000002
2022-11-21 14:00:00,11.466000000000001
2022-11-21 15:00:00,12.029
2022-11-21 16:00:00,12.172
2022-11-21 17:00:00,12.489999999999998
2022-11-21 18:00:00,11.98
2022-11-21 19:00:00,10.958
2022-11-21 20:00:00,10.975999999999999
2022-11-21 21:00:00,11.817
2022-11-21 22:00:00,12.295
2022-11-21 23:00:00,11.925999999999998
2022-11-22 00:00:00,11.991
2022-11-22 01:00:00,12.361
2022-11-22 02:00:00,12.361
2022-11-22 03:00:00,12.22
2022-11-22 04:00:00,12.651
2022-11-22 05:00:00,13.089
2022-11-22 06:00:00,13.611999999999998
2022-11-22 07:00:00,13.937999999999999
2022-11-22 08:00:00,13.919999999999998
2022-11-22 09:00:00,13.729
2022-11-22 10:00:00,13.681000000000001
2022-11-22 11:00:00,14.355999999999998
2022-11-22 12:00:00,14.636
2022-11-22 13:00:00,14.349
2022-11-22 14:00:00,13.841000000000001
2022-11-22 15:00:00,12.906
2022-11-22 16:00:00,11.561
2022-11-22 17:00:00,10.687000000000001
2022-11-22 18:00:00,10.094999999999999
2022-11-22 19:00:00,9.49
2022-11-22 20:00:00,8.956
2022-11-22 21:00:00,8.548
2022-11-22 22:00:00,8.316
2022-11-22 23:00:00,8.02
2022-11-23 00:00:00,7.755
2022-11-23 01:00:00,7.539
2022-11-23 02:00:00,7.464
2022-11-23 03:00:00,7.593999999999999
2022-11-23 04:00:00,8.129999999999999
2022-11-23 05:00:00,8.817
2022-11-23 06:00:00,9.826
2022-11-23 07:00:00,10.519
2022-11-23 08:00:00,11.121
2022-11-23 09:00:00,10.728
2022-11-23 10:00:00,10.899000000000001
2022-11-23 11:00:00,11.573
2022-11-23 12:00:00,12.378
2022-11-23 13:00:00,12.597999999999999
2022-11-23 14:00:00,12.120000000000001
2022-11-23 15:00:00,11.857
2022-11-23 16:00:00,11.504000000000001
2022-11-23 17:00:00,11.71
2022-11-23 18:00:00,11.854
2022-11-23 19:00:00,12.046
2022-11-23 20:00:00,12.009
2022-11-23 21:00:00,11.868
2022-11-23 22:00:00,11.49
2022-11-23 23:00:00,11.038
2022-11-24 00:00:00,10.677
2022-11-24 01:00:00,10.222000000000001
2022-11-24 02:00:00,9.677
2022-11-24 03:00:00,9.155999999999999
2022-11-24 04:00:00,8.521
2022-11-24 05:00:00,7.712999999999999
2022-11-24 06:00:00,7.119
2022-11-24 07:00:00,6.716
2022-11-24 08:00:00,6.718999999999999
2022-11-24 09:00:00,6.455
2022-11-24 10:00:00,6.287000000000001
2022-11-24 11:00:00,6.648
2022-11-24 12:00:00,7.695
2022-11-24 13:00:00,8.244
2022-11-24 14:00:00,8.426
2022-11-24 15:00:00,8.408
2022-11-24 16:00:00,8.591000000000001
2022-11-24 17:00:00,9.01
2022-11-24 18:00:00,9.009
2022-11-24 19:00:00,8.728
2022-11-24 20:00:00,8.391
2022-11-24 21:00:00,7.9030000000000005
2022-11-24 22:00:00,7.492999999999999
2022-11-24 23:00:00,7.002000000000001
2022-11-25 00:00:00,6.747
2022-11-25 01:00:00,6.6259999999999994
2022-11-25 02:00:00,6.431
2022-11-25 03:00:00,6.141
2022-11-25 04:00:00,5.91
2022-11-25 05:00:00,5.702999999999999
2022-11-25 06:00:00,5.377000000000001
2022-11-25 07:00:00,5.138999999999999
2022-11-25 08:00:00,4.986000000000001
2022-11-25 09:00:00,4.632
2022-11-25 10:00:00,4.028
2022-11-25 11:00:00,3.63
2022-11-25 12:00:00,3.872
2022-11-25 13:00:00,4.134
2022-11-25 14:00:00,4.358
2022-11-25 15:00:00,4.509
2022-11-25 16:00:00,4.71
2022-11-25 17:00:00,5.22
2022-11-25 18:00:00,5.606
2022-11-25 19:00:00,5.807
2022-11-25 20:00:00,5.843999999999999
2022-11-25 21:00:00,5.763
2022-11-25 22:00:00,5.606
2022-11-25 23:00:00,5.369
2022-11-26 00:00:00,5.183
2022-11-26 01:00:00,5.176
2022-11-26 02:00:00,5.333
2022-11-26 03:00:00,5.574
2022-11-26 04:00:00,5.5009999999999994
2022-11-26 05:00:00,5.131
2022-11-26 06:00:00,5.0009999999999994
2022-11-26 07:00:00,5.300000000000001
2022-11-26 08:00:00,5.640000000000001
2022-11-26 09:00:00,5.769
2022-11-26 10:00:00,5.519
2022-11-26 11:00:00,5.5969999999999995
2022-11-26 12:00:00,6.115
2022-11-26 13:00:00,6.659
2022-11-26 14:00:00,6.552
2022-11-26 15:00:00,5.99
2022-11-26 16:00:00,6.345000000000001
2022-11-26 17:00:00,7.194
2022-11-26 18:00:00,7.782
2022-11-26 19:00:00,8.075000000000001
2022-11-26 20:00:00,8.335
2022-11-26 21:00:00,8.445
2022-11-26 22:00:00,8.393
2022-11-26 23:00:00,8.266
2022-11-27 00:00:00,8.141
2022-11-27 01:00:00,7.898
2022-11-27 02:00:00,7.958
2022-11-27 03:00:00,8.17
2022-11-27 04:00:00,7.785
2022-11-27 05:00:00,7.453
2022-11-27 06:00:00,7.178000000000001
2022-11-27 07:00:00,7.050000000000001
2022-11-27 08:00:00,6.870000000000001
2022-11-27 09:00:00,6.426
2022-11-27 10:00:00,5.991
2022-11-27 11:00:00,6.144
2022-11-27 12:00:00,6.316000000000001
2022-11-27 13:00:00,6.469
2022-11-27 14:00:00,6.465
2022-11-27 15:00:00,6.359
2022-11-27 16:00:00,6.385
2022-11-27 17:00:00,6.9239999999999995
2022-11-27 18:00:00,6.776
2022-11-27 19:00:00,6.547000000000001
2022-11-27 20:00:00,6.029
2022-11-27 21:00:00,5.836
2022-11-27 22:00:00,5.729
2022-11-27 23:00:00,5.624
2022-11-28 00:00:00,5.289
2022-11-28 01:00:00,5.333
2022-11-28 02:00:00,5.579
2022-11-28 03:00:00,5.865
2022-11-28 04:00:00,5.962
2022-11-28 05:00:00,5.9399999999999995
2022-11-28 06:00:00,5.8580000000000005
2022-11-28 07:00:00,5.607
2022-11-28 08:00:00,5.351
2022-11-28 09:00:00,5.034
2022-11-28 10:00:00,4.388
2022-11-28 11:00:00,4.413
2022-11-28 12:00:00,5.068
2022-11-28 13:00:00,5.179
2022-11-28 14:00:00,5.168
2022-11-28 15:00:00,4.795
2022-11-28 16:00:00,4.8420000000000005
2022-11-28 17:00:00,5.319
2022-11-28 18:00:00,5.475
2022-11-28 19:00:00,5.6
2022-11-28 20:00:00,5.5
2022-11-28 21:00:00,5.207
2022-11-28 22:00:00,4.811
2022-11-28 23:00:00,4.348
2022-11-29 00:00:00,3.8480000000000003
2022-11-29 01:00:00,3.461
2022-11-29 02:00:00,3.148
2022-11-29 03:00:00,2.868
2022-11-29 04:00:00,2.714
2022-11-29 05:00:00,2.7279999999999998
2022-11-29 06:00:00,2.784
2022-11-29 07:00:00,2.725
2022-11-29 08:00:00,2.651
2022-11-29 09:00:00,2.417
2022-11-29 10:00:00,2.174
2022-11-29 11:00:00,2.131
2022-11-29 12:00:00,2.065
2022-11-29 13:00:00,2.069
2022-11-29 14:00:00,2.113
2022-11-29 15:00:00,2.072
2022-11-29 16:00:00,2.043
2022-11-29 17:00:00,2.289
2022-11-29 18:00:00,2.515
2022-11-29 19:00:00,2.585
2022-11-29 20:00:00,2.624
2022-11-29 21:00:00,2.8120000000000003
2022-11-29 22:00:00,3.0140000000000002
2022-11-29 23:00:00,3.066
2022-11-30 00:00:00,3.108
2022-11-30 01:00:00,3.1340000000000003
2022-11-30 02:00:00,3.0869999999999997
2022-11-30 03:00:00,2.964
2022-11-30 04:00:00,2.755
2022-11-30 05:00:00,2.5410000000000004
2022-11-30 06:00:00,2.412
2022-11-30 07:00:00,2.27
2022-11-30 08:00:00,2.099
2022-11-30 09:00:00,1.8820000000000001
2022-11-30 10:00:00,1.875
2022-11-30 11:00:00,1.976
2022-11-30 12:00:00,2.031
2022-11-30 13:00:00,2.134
2022-11-30 14:00:00,2.294
2022-11-30 15:00:00,2.493
2022-11-30 16:00:00,2.818
2022-11-30 17:00:00,3.686
2022-11-30 18:00:00,4.413
2022-11-30 19:00:00,4.631
2022-11-30 20:00:00,4.64
2022-11-30 21:00:00,4.619
2022-11-30 22:00:00,4.4879999999999995
2022-11-30 23:00:00,4.16
2022-12-01 00:00:00,3.7150000000000003
2022-12-01 01:00:00,3.371
2022-12-01 02:00:00,3.144
2022-12-01 03:00:00,2.9939999999999998
2022-12-01 04:00:00,2.923
2022-12-01 05:00:00,2.998
2022-12-01 06:00:00,3.156
2022-12-01 07:00:00,3.1879999999999997
2022-12-01 08:00:00,3.178
2022-12-01 09:00:00,3.0540000000000003
2022-12-01 10:00:00,2.934
2022-12-01 11:00:00,3.023
2022-12-01 12:00:00,2.927
2022-12-01 13:00:00,2.852
2022-12-01 14:00:00,2.9130000000000003
2022-12-01 15:00:00,2.992
2022-12-01 16:00:00,3.184
2022-12-01 17:00:00,4.059
2022-12-01 18:00:00,4.527
2022-12-01 19:00:00,4.574
2022-12-01 20:00:00,4.352
2022-12-01 21:00:00,3.981
2022-12-01 22:00:00,3.5940000000000003
2022-12-01 23:00:00,3.1029999999999998
2022-12-02 00:00:00,2.6029999999999998
2022-12-02 01:00:00,2.249
2022-12-02 02:00:00,2.0709999999999997
2022-12-02 03:00:00,1.986
2022-12-02 04:00:00,1.968
2022-12-02 05:00:00,2.107
2022-12-02 06:00:00,2.205
2022-12-02 07:00:00,2.252
2022-12-02 08:00:00,2.2110000000000003
2022-12-02 09:00:00,2.077
2022-12-02 10:00:00,1.964
2022-12-02 11:00:00,2.237
2022-12-02 12:00:00,2.378
2022-12-02 13:00:00,2.64
2022-12-02 14:00:00,3.1159999999999997
2022-12-02 15:00:00,3.529
2022-12-02 16:00:00,3.821
2022-12-02 17:00:00,4.776999999999999
2022-12-02 18:00:00,5.678
2022-12-02 19:00:00,6.263
2022-12-02 20:00:00,6.436
2022-12-02 21:00:00,6.468
2022-12-02 22:00:00,6.649
2022-12-02 23:00:00,6.662
2022-12-03 00:00:00,6.628
2022-12-03 01:00:00,6.75
2022-12-03 02:00:00,6.853999999999999
2022-12-03 03:00:00,6.821
2022-12-03 04:00:00,6.862
2022-12-03 05:00:00,6.893000000000001
2022-12-03 06:00:00,6.737
2022-12-03 07:00:00,6.519
2022-12-03 08:00:00,6.314
2022-12-03 09:00:00,6.0600000000000005
2022-12-03 10:00:00,5.864
2022-12-03 11:00:00,5.837
2022-12-03 12:00:00,5.486
2022-12-03 13:00:00,4.946
2022-12-03 14:00:00,4.708
2022-12-03 15:00:00,4.678
2022-12-03 16:00:00,4.58
2022-12-03 17:00:00,4.886
2022-12-03 18:00:00,5.093
2022-12-03 19:00:00,4.933
2022-12-03 20:00:00,4.675000000000001
2022-12-03 21:00:00,4.195
2022-12-03 22:00:00,3.696
2022-12-03 23:00:00,3.403
2022-12-04 00:00:00,2.95
2022-12-04 01:00:00,2.636
2022-12-04 02:00:00,2.491
2022-12-04 03:00:00,2.481
2022-12-04 04:00:00,2.52
2022-12-04 05:00:00,2.565
2022-12-04 06:00:00,2.667
2022-12-04 07:00:00,2.762
2022-12-04 08:00:00,2.84
2022-12-04 09:00:00,2.667
2022-12-04 10:00:00,2.535
2022-12-04 11:00:00,2.424
2022-12-04 12:00:00,2.329
2022-12-04 13:00:00,2.221
2022-12-04 14:00:00,2.197
2022-12-04 15:00:00,2.211
2022-12-04 16:00:00,2.284
2022-12-04 17:00:00,2.5220000000000002
2022-12-04 18:00:00,2.673
2022-12-04 19:00:00,2.569
2022-12-04 20:00:00,2.248
2022-12-04 21:00:00,2.107
2022-12-04 22:00:00,2.037
2022-12-04 23:00:00,2.028
2022-12-05 00:00:00,2.012
2022-12-05 01:00:00,1.9500000000000002
2022-12-05 02:00:00,1.926
2022-12-05 03:00:00,1.967
2022-12-05 04:00:00,2.002
2022-12-05 05:00:00,2.0069999999999997
2022-12-05 06:00:00,1.969
2022-12-05 07:00:00,1.8940000000000001
2022-12-05 08:00:00,1.8010000000000002
2022-12-05 09:00:00,1.561
2022-12-05 10:00:00,1.298
2022-12-05 11:00:00,1.2570000000000001
2022-12-05 12:00:00,1.279
2022-12-05 13:00:00,1.2999999999999998
2022-12-05 14:00:00,1.3719999999999999
2022-12-05 15:00:00,1.4569999999999999
2022-12-05 16:00:00,1.7570000000000001
2022-12-05 17:00:00,2.4669999999999996
2022-12-05 18:00:00,2.957
2022-12-05 19:00:00,3.1180000000000003
2022-12-05 20:00:00,3.034
2022-12-05 21:00:00,2.8259999999999996
2022-12-05 22:00:00,2.686
2022-12-05 23:00:00,2.702
2022-12-06 00:00:00,2.672
2022-12-06 01:00:00,2.6260000000000003
2022-12-06 02:00:00,2.536
2022-12-06 03:00:00,2.415
2022-12-06 04:00:00,2.225
2022-12-06 05:00:00,1.9860000000000002
2022-12-06 06:00:00,1.792
2022-12-06 07:00:00,1.686
2022-12-06 08:00:00,1.6280000000000001
2022-12-06 09:00:00,1.524
2022-12-06 10:00:00,1.381
2022-12-06 11:00:00,1.421
2022-12-06 12:00:00,1.501
2022-12-06 13:00:00,1.58
2022-12-06 14:00:00,1.646
2022-12-06 15:00:00,1.704
2022-12-06 16:00:00,1.8810000000000002
2022-12-06 17:00:00,2.275
2022-12-06 18:00:00,2.5069999999999997
2022-12-06 19:00:00,2.601
2022-12-06 20:00:00,2.6310000000000002
2022-12-06 21:00:00,2.669
2022-12-06 22:00:00,2.698
2022-12-06 23:00:00,2.662
2022-12-07 00:00:00,2.572
2022-12-07 01:00:00,2.471
2022-12-07 02:00:00,2.406
2022-12-07 03:00:00,2.4050000000000002
2022-12-07 04:00:00,2.391
2022-12-07 05:00:00,2.3810000000000002
2022-12-07 06:00:00,2.377
2022-12-07 07:00:00,2.42
2022-12-07 08:00:00,2.471
2022-12-07 09:00:00,2.333
2022-12-07 10:00:00,2.165
2022-12-07 11:00:00,2.088
2022-12-07 12:00:00,2.283
2022-12-07 13:00:00,2.487
2022-12-07 14:00:00,2.535
2022-12-07 15:00:00,2.542
2022-12-07 16:00:00,2.711
2022-12-07 17:00:00,3.179
2022-12-07 18:00:00,3.303
2022-12-07 19:00:00,3.02
2022-12-07 20:00:00,2.7249999999999996
2022-12-07 21:00:00,2.481
2022-12-07 22:00:00,2.287
2022-12-07 23:00:00,2.072
2022-12-08 00:00:00,1.951
2022-12-08 01:00:00,1.9369999999999998
2022-12-08 02:00:00,1.947
2022-12-08 03:00:00,1.9260000000000002
2022-12-08 04:00:00,1.927
2022-12-08 05:00:00,1.955
2022-12-08 06:00:00,1.967
2022-12-08 07:00:00,1.9700000000000002
2022-12-08 08:00:00,1.888
2022-12-08 09:00:00,1.6909999999999998
2022-12-08 10:00:00,1.501
2022-12-08 11:00:00,1.477
2022-12-08 12:00:00,1.673
2022-12-08 13:00:00,1.855
2022-12-08 14:00:00,2.0500000000000003
2022-12-08 15:00:00,2.309
2022-12-08 16:00:00,2.6870000000000003
2022-12-08 17:00:00,3.262
2022-12-08 18:00:00,3.703
2022-12-08 19:00:00,3.9459999999999997
2022-12-08 20:00:00,4.007000000000001
2022-12-08 21:00:00,3.914
2022-12-08 22:00:00,3.776
2022-12-08 23:00:00,3.7969999999999997
2022-12-09 00:00:00,3.878
2022-12-09 01:00:00,3.913
2022-12-09 02:00:00,3.918
2022-12-09 03:00:00,3.794
2022-12-09 04:00:00,3.7040000000000006
2022-12-09 05:00:00,3.606
2022-12-09 06:00:00,3.534
2022-12-09 07:00:00,3.4269999999999996
2022-12-09 08:00:00,3.475
2022-12-09 09:00:00,3.327
2022-12-09 10:00:00,3.248
2022-12-09 11:00:00,3.144
2022-12-09 12:00:00,2.9939999999999998
2022-12-09 13:00:00,2.917
2022-12-09 14:00:00,2.946
2022-12-09 15:00:00,3.018
2022-12-09 16:00:00,3.327
2022-12-09 17:00:00,4.052
2022-12-09 18:00:00,4.3790000000000004
2022-12-09 19:00:00,4.344
2022-12-09 20:00:00,4.093999999999999
2022-12-09 21:00:00,3.739
2022-12-09 22:00:00,3.4059999999999997
2022-12-09 23:00:00,3.08
2022-12-10 00:00:00,2.8369999999999997
2022-12-10 01:00:00,2.644
2022-12-10 02:00:00,2.541
2022-12-10 03:00:00,2.589
2022-12-10 04:00:00,2.6189999999999998
2022-12-10 05:00:00,2.755
2022-12-10 06:00:00,2.85
2022-12-10 07:00:00,2.9770000000000003
2022-12-10 08:00:00,3.0969999999999995
2022-12-10 09:00:00,3.088
2022-12-10 10:00:00,3.214
2022-12-10 11:00:00,3.4939999999999998
2022-12-10 12:00:00,3.93
2022-12-10 13:00:00,4.39
2022-12-10 14:00:00,4.6530000000000005
2022-12-10 15:00:00,4.853
2022-12-10 16:00:00,5.4
2022-12-10 17:00:00,6.074
2022-12-10 18:00:00,6.4510000000000005
2022-12-10 19:00:00,6.695
2022-12-10 20:00:00,6.947
2022-12-10 21:00:00,6.943
2022-12-10 22:00:00,6.884
2022-12-10 23:00:00,6.59
2022-12-11 00:00:00,6.432
2022-12-11 01:00:00,6.349
2022-12-11 02:00:00,6.111000000000001
2022-12-11 03:00:00,5.955
2022-12-11 04:00:00,5.878
2022-12-11 05:00:00,5.849
2022-12-11 06:00:00,5.718
2022-12-11 07:00:00,5.691
2022-12-11 08:00:00,5.607
2022-12-11 09:00:00,5.394
2022-12-11 10:00:00,5.147
2022-12-11 11:00:00,4.9830000000000005
2022-12-11 12:00:00,4.696
2022-12-11 13:00:00,4.521000000000001
2022-12-11 14:00:00,4.312
2022-12-11 15:00:00,3.927
2022-12-11 16:00:00,3.9059999999999997
2022-12-11 17:00:00,4.059
2022-12-11 18:00:00,3.793
2022-12-11 19:00:00,3.466
2022-12-11 20:00:00,3.192
2022-12-11 21:00:00,2.907
2022-12-11 22:00:00,2.627
2022-12-11 23:00:00,2.396
2022-12-12 00:00:00,2.263
2022-12-12 01:00:00,2.129
2022-12-12 02:00:00,2.0789999999999997
2022-12-12 03:00:00,2.049
2022-12-12 04:00:00,1.9969999999999999
2022-12-12 05:00:00,2.117
2022-12-12 06:00:00,2.387
2022-12-12 07:00:00,2.891
2022-12-12 08:00:00,3.277
2022-12-12 09:00:00,3.201
2022-12-12 10:00:00,2.8659999999999997
2022-12-12 11:00:00,3.175
2022-12-12 12:00:00,3.759
2022-12-12 13:00:00,4.394
2022-12-12 14:00:00,4.4879999999999995
2022-12-12 15:00:00,4.604
2022-12-12 16:00:00,5.143000000000001
2022-12-12 17:00:00,6.165
2022-12-12 18:00:00,6.107
2022-12-12 19:00:00,5.6419999999999995
2022-12-12 20:00:00,5.204000000000001
2022-12-12 21:00:00,5.285
2022-12-12 22:00:00,5.619
2022-12-12 23:00:00,5.697
2022-12-13 00:00:00,5.769
2022-12-13 01:00:00,5.752000000000001
2022-12-13 02:00:00,5.75
2022-12-13 03:00:00,5.554
2022-12-13 04:00:00,5.260999999999999
2022-12-13 05:00:00,5.008
2022-12-13 06:00:00,4.85
2022-12-13 07:00:00,4.633
2022-12-13 08:00:00,4.2620000000000005
2022-12-13 09:00:00,3.865
2022-12-13 10:00:00,3.591
2022-12-13 11:00:00,3.4320000000000004
2022-12-13 12:00:00,3.386
2022-12-13 13:00:00,3.19
2022-12-13 14:00:00,3.0119999999999996
2022-12-13 15:00:00,3.04
2022-12-13 16:00:00,3.817
2022-12-13 17:00:00,4.939
2022-12-13 18:00:00,5.225
2022-12-13 19:00:00,5.117
2022-12-13 20:00:00,4.953
2022-12-13 21:00:00,4.839
2022-12-13 22:00:00,4.626
2022-12-13 23:00:00,4.416
2022-12-14 00:00:00,4.263
2022-12-14 01:00:00,4.2
2022-12-14 02:00:00,4.221
2022-12-14 03:00:00,4.507
2022-12-14 04:00:00,4.891
2022-12-14 05:00:00,4.962
2022-12-14 06:00:00,4.853
2022-12-14 07:00:00,4.506
2022-12-14 08:00:00,3.915
2022-12-14 09:00:00,3.202
2022-12-14 10:00:00,2.669
2022-12-14 11:00:00,2.4210000000000003
2022-12-14 12:00:00,2.4240000000000004
2022-12-14 13:00:00,2.58
2022-12-14 14:00:00,2.411
2022-12-14 15:00:00,2.247
2022-12-14 16:00:00,2.395
2022-12-14 17:00:00,2.939
2022-12-14 18:00:00,3.5519999999999996
2022-12-14 19:00:00,4.07
2022-12-14 20:00:00,4.26
2022-12-14 21:00:00,4.564
2022-12-14 22:00:00,4.837
2022-12-14 23:00:00,5.091
2022-12-15 00:00:00,5.032
2022-12-15 01:00:00,4.877
2022-12-15 02:00:00,4.943
2022-12-15 03:00:00,5.172000000000001
2022-12-15 04:00:00,5.391
2022-12-15 05:00:00,5.59
2022-12-15 06:00:00,5.7669999999999995
2022-12-15 07:00:00,6.010999999999999
2022-12-15 08:00:00,6.346
2022-12-15 09:00:00,6.527
2022-12-15 10:00:00,6.399
2022-12-15 11:00:00,6.409
2022-12-15 12:00:00,6.843999999999999
2022-12-15 13:00:00,7.4030000000000005
2022-12-15 14:00:00,7.821999999999999
2022-12-15 15:00:00,7.856999999999999
2022-12-15 16:00:00,8.33
2022-12-15 17:00:00,8.716000000000001
2022-12-15 18:00:00,8.642
2022-12-15 19:00:00,8.307
2022-12-15 20:00:00,7.9510000000000005
2022-12-15 21:00:00,7.577999999999999
2022-12-15 22:00:00,7.242000000000001
2022-12-15 23:00:00,6.893000000000001
2022-12-16 00:00:00,6.455
2022-12-16 01:00:00,6.0649999999999995
2022-12-16 02:00:00,5.922000000000001
2022-12-16 03:00:00,5.779999999999999
2022-12-16 04:00:00,5.729
2022-12-16 05:00:00,5.765
2022-12-16 06:00:00,5.804
2022-12-16 07:00:00,5.539
2022-12-16 08:00:00,5.2490000000000006
2022-12-16 09:00:00,4.779999999999999
2022-12-16 10:00:00,4.186999999999999
2022-12-16 11:00:00,3.878
2022-12-16 12:00:00,3.915
2022-12-16 13:00:00,4.178
2022-12-16 14:00:00,4.426
2022-12-16 15:00:00,4.3629999999999995
2022-12-16 16:00:00,4.648
2022-12-16 17:00:00,5.338
2022-12-16 18:00:00,5.487
2022-12-16 19:00:00,5.255000000000001
2022-12-16 20:00:00,4.9719999999999995
2022-12-16 21:00:00,4.72
2022-12-16 22:00:00,4.625
2022-12-16 23:00:00,4.57
2022-12-17 00:00:00,4.417
2022-12-17 01:00:00,4.334
2022-12-17 02:00:00,4.346
2022-12-17 03:00:00,4.295
2022-12-17 04:00:00,4.195
2022-12-17 05:00:00,4.005
2022-12-17 06:00:00,3.758
2022-12-17 07:00:00,3.574
2022-12-17 08:00:00,3.468
2022-12-17 09:00:00,3.232
2022-12-17 10:00:00,2.958
2022-12-17 11:00:00,2.858
2022-12-17 12:00:00,2.7670000000000003
2022-12-17 13:00:00,2.727
2022-12-17 14:00:00,2.762
2022-12-17 15:00:00,2.622
2022-12-17 16:00:00,2.724
2022-12-17 17:00:00,3.457
2022-12-17 18:00:00,4.243
2022-12-17 19:00:00,4.777
2022-12-17 20:00:00,5.111
2022-12-17 21:00:00,5.008
2022-12-17 22:00:00,4.746
2022-12-17 23:00:00,4.458
2022-12-18 00:00:00,4.1129999999999995
2022-12-18 01:00:00,4.207
2022-12-18 02:00:00,4.394
2022-12-18 03:00:00,4.307
2022-12-18 04:00:00,4.364
2022-12-18 05:00:00,4.531
2022-12-18 06:00:00,5.004
2022-12-18 07:00:00,5.516
2022-12-18 08:00:00,6.088
2022-12-18 09:00:00,6.357
2022-12-18 10:00:00,6.716
2022-12-18 11:00:00,7.447
2022-12-18 12:00:00,7.585
2022-12-18 13:00:00,8.027999999999999
2022-12-18 14:00:00,8.262
2022-12-18 15:00:00,8.613
2022-12-18 16:00:00,9.456
2022-12-18 17:00:00,10.157
2022-12-18 18:00:00,10.463000000000001
2022-12-18 19:00:00,10.731
2022-12-18 20:00:00,10.943
2022-12-18 21:00:00,10.934000000000001
2022-12-18 22:00:00,11.024999999999999
2022-12-18 23:00:00,10.994
2022-12-19 00:00:00,11.139
2022-12-19 01:00:00,11.103
2022-12-19 02:00:00,11.034
2022-12-19 03:00:00,11.021
2022-12-19 04:00:00,11.187000000000001
2022-12-19 05:00:00,11.283999999999999
2022-12-19 06:00:00,11.125
2022-12-19 07:00:00,11.04
2022-12-19 08:00:00,10.997
2022-12-19 09:00:00,10.616
2022-12-19 10:00:00,10.268
2022-12-19 11:00:00,10.079
2022-12-19 12:00:00,10.259
2022-12-19 13:00:00,10.657
2022-12-19 14:00:00,10.802
2022-12-19 15:00:00,11.068999999999999
2022-12-19 16:00:00,11.489
2022-12-19 17:00:00,11.91
2022-12-19 18:00:00,11.864
2022-12-19 19:00:00,11.963999999999999
2022-12-19 20:00:00,11.742
2022-12-19 21:00:00,11.336
2022-12-19 22:00:00,11.212
2022-12-19 23:00:00,11.133
2022-12-20 00:00:00,11.27
2022-12-20 01:00:00,11.562000000000001
2022-12-20 02:00:00,12.135000000000002
2022-12-20 03:00:00,11.759
2022-12-20 04:00:00,11.365
2022-12-20 05:00:00,10.809
2022-12-20 06:00:00,10.442
2022-12-20 07:00:00,10.19
2022-12-20 08:00:00,9.745000000000001
2022-12-20 09:00:00,9.086
2022-12-20 10:00:00,8.789000000000001
2022-12-20 11:00:00,8.297
2022-12-20 12:00:00,7.661
2022-12-20 13:00:00,7.391
2022-12-20 14:00:00,7.117000000000001
2022-12-20 15:00:00,6.9639999999999995
2022-12-20 16:00:00,6.902
2022-12-20 17:00:00,6.696
2022-12-20 18:00:00,6.4879999999999995
2022-12-20 19:00:00,6.321999999999999
2022-12-20 20:00:00,6.15
2022-12-20 21:00:00,5.85
2022-12-20 22:00:00,5.853
2022-12-20 23:00:00,6.0089999999999995
2022-12-21 00:00:00,6.026999999999999
2022-12-21 01:00:00,5.95
2022-12-21 02:00:00,6.009
2022-12-21 03:00:00,5.988
2022-12-21 04:00:00,5.889
2022-12-21 05:00:00,5.8309999999999995
2022-12-21 06:00:00,5.98
2022-12-21 07:00:00,6.221
2022-12-21 08:00:00,6.311999999999999
2022-12-21 09:00:00,6.059
2022-12-21 10:00:00,5.933
2022-12-21 11:00:00,5.615
2022-12-21 12:00:00,6.032
2022-12-21 13:00:00,6.654
2022-12-21 14:00:00,6.959
2022-12-21 15:00:00,7.0920000000000005
2022-12-21 16:00:00,7.518000000000001
2022-12-21 17:00:00,8.357
2022-12-21 18:00:00,8.669
2022-12-21 19:00:00,9.297
2022-12-21 20:00:00,9.792
2022-12-21 21:00:00,9.893
2022-12-21 22:00:00,10.354
2022-12-21 23:00:00,10.926
2022-12-22 00:00:00,11.394
2022-12-22 01:00:00,11.745000000000001
2022-12-22 02:00:00,11.864
2022-12-22 03:00:00,11.846
2022-12-22 04:00:00,11.591
2022-12-22 05:00:00,11.297
2022-12-22 06:00:00,10.958
2022-12-22 07:00:00,10.1
2022-12-22 08:00:00,9.436
2022-12-22 09:00:00,9.108
2022-12-22 10:00:00,9.370000000000001
2022-12-22 11:00:00,9.881
2022-12-22 12:00:00,10.277
2022-12-22 13:00:00,10.084
2022-12-22 14:00:00,10.062000000000001
2022-12-22 15:00:00,10.529
2022-12-22 16:00:00,10.911999999999999
2022-12-22 17:00:00,11.252
2022-12-22 18:00:00,11.041
2022-12-22 19:00:00,10.756
2022-12-22 20:00:00,10.892
2022-12-22 21:00:00,11.01
2022-12-22 22:00:00,11.048
2022-12-22 23:00:00,10.924
2022-12-23 00:00:00,10.504999999999999
2022-12-23 01:00:00,9.875
2022-12-23 02:00:00,9.391
2022-12-23 03:00:00,9.203
2022-12-23 04:00:00,9.401
2022-12-23 05:00:00,9.45
2022-12-23 06:00:00,9.466000000000001
2022-12-23 07:00:00,10.151
2022-12-23 08:00:00,10.871
2022-12-23 09:00:00,11.247
2022-12-23 10:00:00,11.474
2022-12-23 11:00:00,11.77
2022-12-23 12:00:00,12.269
2022-12-23 13:00:00,12.634
2022-12-23 14:00:00,12.596
2022-12-23 15:00:00,12.123000000000001
2022-12-23 16:00:00,11.460999999999999
2022-12-23 17:00:00,10.949
2022-12-23 18:00:00,10.247
2022-12-23 19:00:00,9.661
2022-12-23 20:00:00,9.188
2022-12-23 21:00:00,8.777
2022-12-23 22:00:00,8.446
2022-12-23 23:00:00,8.108
2022-12-24 00:00:00,7.723000000000001
2022-12-24 01:00:00,7.411
2022-12-24 02:00:00,7.076
2022-12-24 03:00:00,6.904
2022-12-24 04:00:00,6.618
2022-12-24 05:00:00,6.236000000000001
2022-12-24 06:00:00,6.047000000000001
2022-12-24 07:00:00,5.981
2022-12-24 08:00:00,5.865
2022-12-24 09:00:00,5.445
2022-12-24 10:00:00,4.540000000000001
2022-12-24 11:00:00,4.186
2022-12-24 12:00:00,4.133
2022-12-24 13:00:00,3.883
2022-12-24 14:00:00,3.403
2022-12-24 15:00:00,3.1710000000000003
2022-12-24 16:00:00,3.4699999999999998
2022-12-24 17:00:00,3.8230000000000004
2022-12-24 18:00:00,3.868
2022-12-24 19:00:00,3.877
2022-12-24 20:00:00,3.8659999999999997
2022-12-24 21:00:00,3.999
2022-12-24 22:00:00,4.2490000000000006
2022-12-24 23:00:00,4.519
2022-12-25 00:00:00,4.66
2022-12-25 01:00:00,4.729
2022-12-25 02:00:00,4.876
2022-12-25 03:00:00,4.992
2022-12-25 04:00:00,5.1259999999999994
2022-12-25 05:00:00,5.2170000000000005
2022-12-25 06:00:00,5.254
2022-12-25 07:00:00,5.339
2022-12-25 08:00:00,5.566
2022-12-25 09:00:00,5.4799999999999995
2022-12-25 10:00:00,4.9239999999999995
2022-12-25 11:00:00,5.104
2022-12-25 12:00:00,5.951
2022-12-25 13:00:00,6.154
2022-12-25 14:00:00,6.119
2022-12-25 15:00:00,6.175
2022-12-25 16:00:00,6.806
2022-12-25 17:00:00,7.673
2022-12-25 18:00:00,7.956
2022-12-25 19:00:00,7.904
2022-12-25 20:00:00,7.902
2022-12-25 21:00:00,7.879
2022-12-25 22:00:00,7.823
2022-12-25 23:00:00,7.654
2022-12-26 00:00:00,7.474
2022-12-26 01:00:00,7.173
2022-12-26 02:00:00,7.045
2022-12-26 03:00:00,7.239
2022-12-26 04:00:00,7.252000000000001
2022-12-26 05:00:00,7.2379999999999995
2022-12-26 06:00:00,7.36
2022-12-26 07:00:00,7.3420000000000005
2022-12-26 08:00:00,7.058999999999999
2022-12-26 09:00:00,6.551
2022-12-26 10:00:00,5.686
2022-12-26 11:00:00,5.219
2022-12-26 12:00:00,5.638
2022-12-26 13:00:00,5.785
2022-12-26 14:00:00,5.453
2022-12-26 15:00:00,4.725
2022-12-26 16:00:00,4.369
2022-12-26 17:00:00,4.628
2022-12-26 18:00:00,4.851
2022-12-26 19:00:00,4.957
2022-12-26 20:00:00,4.991
2022-12-26 21:00:00,4.971
2022-12-26 22:00:00,4.812
2022-12-26 23:00:00,4.514
2022-12-27 00:00:00,4.253
2022-12-27 01:00:00,4.059
2022-12-27 02:00:00,3.81
2022-12-27 03:00:00,3.599
2022-12-27 04:00:00,3.423
2022-12-27 05:00:00,3.41
2022-12-27 06:00:00,3.52
2022-12-27 07:00:00,3.792
2022-12-27 08:00:00,4.03
2022-12-27 09:00:00,3.9539999999999997
2022-12-27 10:00:00,3.519
2022-12-27 11:00:00,3.624
2022-12-27 12:00:00,4.311
2022-12-27 13:00:00,5.106
2022-12-27 14:00:00,5.3759999999999994
2022-12-27 15:00:00,5.162
2022-12-27 16:00:00,5.557
2022-12-27 17:00:00,6.213000000000001
2022-12-27 18:00:00,6.49
2022-12-27 19:00:00,6.8469999999999995
2022-12-27 20:00:00,7.2490000000000006
2022-12-27 21:00:00,7.569000000000001
2022-12-27 22:00:00,7.8309999999999995
2022-12-27 23:00:00,7.937
2022-12-28 00:00:00,8.083
2022-12-28 01:00:00,8.168
2022-12-28 02:00:00,8.273
2022-12-28 03:00:00,8.256
2022-12-28 04:00:00,8.416
2022-12-28 05:00:00,8.485
2022-12-28 06:00:00,8.587
2022-12-28 07:00:00,8.697
2022-12-28 08:00:00,9.18
2022-12-28 09:00:00,9.42
2022-12-28 10:00:00,9.403
2022-12-28 11:00:00,9.949
2022-12-28 12:00:00,10.637
2022-12-28 13:00:00,11.062000000000001
2022-12-28 14:00:00,11.295
2022-12-28 15:00:00,11.471
2022-12-28 16:00:00,11.95
2022-12-28 17:00:00,12.315000000000001
2022-12-28 18:00:00,12.51
2022-12-28 19:00:00,12.642
2022-12-28 20:00:00,12.782
2022-12-28 21:00:00,12.751
2022-12-28 22:00:00,12.524000000000001
2022-12-28 23:00:00,12.36
2022-12-29 00:00:00,12.297
2022-12-29 01:00:00,12.169
2022-12-29 02:00:00,11.995000000000001
2022-12-29 03:00:00,11.786999999999999
2022-12-29 04:00:00,11.634
2022-12-29 05:00:00,11.344
2022-12-29 06:00:00,10.725
2022-12-29 07:00:00,10.346
2022-12-29 08:00:00,10.079
2022-12-29 09:00:00,9.533
2022-12-29 10:00:00,8.73
2022-12-29 11:00:00,8.426
2022-12-29 12:00:00,9.047
2022-12-29 13:00:00,9.119
2022-12-29 14:00:00,8.786
2022-12-29 15:00:00,7.843000000000001
2022-12-29 16:00:00,7.167999999999999
2022-12-29 17:00:00,6.9830000000000005
2022-12-29 18:00:00,6.695
2022-12-29 19:00:00,6.4190000000000005
2022-12-29 20:00:00,6.2330000000000005
2022-12-29 21:00:00,6.141
2022-12-29 22:00:00,5.821
2022-12-29 23:00:00,5.556
2022-12-30 00:00:00,5.4350000000000005
2022-12-30 01:00:00,5.226
2022-12-30 02:00:00,5.498
2022-12-30 03:00:00,6.1240000000000006
2022-12-30 04:00:00,7.135
2022-12-30 05:00:00,8.492
2022-12-30 06:00:00,9.775
2022-12-30 07:00:00,10.758
2022-12-30 08:00:00,11.424
2022-12-30 09:00:00,11.867
2022-12-30 10:00:00,12.405
2022-12-30 11:00:00,12.986
2022-12-30 12:00:00,13.260000000000002
2022-12-30 13:00:00,13.434000000000001
2022-12-30 14:00:00,13.315
2022-12-30 15:00:00,13.019
2022-12-30 16:00:00,12.859
2022-12-30 17:00:00,12.699
2022-12-30 18:00:00,12.547999999999998
2022-12-30 19:00:00,12.464
2022-12-30 20:00:00,12.588000000000001
2022-12-30 21:00:00,12.694
2022-12-30 22:00:00,12.794
2022-12-30 23:00:00,12.664000000000001
2022-12-31 00:00:00,12.645999999999999
2022-12-31 01:00:00,13.007000000000001
2022-12-31 02:00:00,13.158999999999999
2022-12-31 03:00:00,13.334
2022-12-31 04:00:00,13.428999999999998
2022-12-31 05:00:00,13.428
2022-12-31 06:00:00,13.312000000000001
2022-12-31 07:00:00,13.203000000000001
2022-12-31 08:00:00,13.094999999999999
2022-12-31 09:00:00,12.766
2022-12-31 10:00:00,12.534
2022-12-31 11:00:00,12.867
2022-12-31 12:00:00,13.274000000000001
2022-12-31 13:00:00,13.571
2022-12-31 14:00:00,13.614999999999998
2022-12-31 15:00:00,13.585
2022-12-31 16:00:00,13.815000000000001
2022-12-31 17:00:00,14.148
2022-12-31 18:00:00,14.139
2022-12-31 19:00:00,14.07
2022-12-31 20:00:00,13.964
2022-12-31 21:00:00,13.783999999999999
2022-12-31 22:00:00,13.483
2022-12-31 23:00:00,13.325000000000001
2023-01-01 00:00:00,12.922
