0,0.0
1,0.0
2,0.0
3,0.0
4,0.0
5,0.0
6,0.0
7,0.0
8,0.0
9,0.0
10,0.0
11,0.0
12,0.0
13,0.0
14,0.0
15,0.0
16,0.0
17,0.0
18,0.0
19,0.0
20,0.0
21,0.0
22,0.0
23,0.0
24,0.0
25,0.0
26,0.0
27,0.0
28,0.0
29,0.0
30,0.0
31,0.0
32,0.0
33,0.0
34,0.0
35,0.0
36,0.0
37,0.0
38,0.0
39,0.0
40,0.0
41,0.0
42,0.0
43,0.0
44,0.0
45,0.0
46,0.0
47,0.0
48,0.0
49,0.0
50,0.0
51,0.0
52,0.0
53,0.0
54,0.0
55,0.0
56,0.0
57,0.0
58,0.0
59,0.0
60,0.0
61,0.0
62,0.0
63,0.0
64,0.0
65,0.0
66,0.0
67,0.0
68,0.0
69,0.0
70,0.0
71,0.0
72,0.0
73,0.0
74,0.0
75,0.0
76,0.0
77,0.0
78,0.0
79,0.0
80,0.0
81,0.0
82,0.0
83,0.0
84,0.0
85,0.0
86,0.0
87,0.0
88,0.0
89,0.0
90,0.0
91,0.0
92,0.0
93,0.0
94,0.0
95,0.0
96,0.0
97,0.0
98,0.0
99,0.0
100,0.0
101,0.0
102,0.0
103,0.0
104,0.0
105,0.0
106,0.0
107,0.0
108,0.0
109,0.0
110,0.0
111,0.0
112,0.0
113,0.0
114,0.0
115,0.0
116,0.0
117,0.0
118,0.0
119,0.0
120,0.0
121,0.0
122,0.0
123,0.0
124,0.0
125,0.0
126,0.0
127,0.0
128,0.0
129,0.0
130,0.0
131,0.0
132,0.0
133,0.0
134,0.0
135,0.0
136,0.0
137,0.0
138,0.0
139,0.0
140,0.0
141,0.0
142,0.0
143,0.0
144,0.0
145,0.0
146,0.0
147,0.0
148,0.0
149,0.0
150,0.0
151,0.0
152,0.0
153,0.0
154,0.0
155,0.0
156,0.0
157,0.0
158,0.0
159,0.0
160,0.0
161,0.0
162,0.0
163,0.0
164,0.0
165,0.0
166,0.0
167,0.0
168,0.0
169,0.0
170,0.0
171,0.0
172,0.0
173,0.0
174,0.0
175,0.0
176,0.0
177,0.0
178,0.0
179,0.0
180,0.0
181,0.0
182,0.0
183,0.0
184,0.0
185,0.0
186,0.0
187,0.0
188,0.0
189,0.0
190,0.0
191,0.0
192,0.0
193,0.0
194,0.0
195,0.0
196,0.0
197,0.0
198,0.0
199,0.0
200,0.0
201,0.0
202,0.0
203,0.0
204,0.0
205,0.0
206,0.0
207,0.0
208,0.0
209,0.0
210,0.0
211,0.0
212,0.0
213,0.0
214,0.0
215,0.0
216,0.0
217,0.0
218,0.0
219,0.0
220,0.0
221,0.0
222,0.0
223,0.0
224,0.0
225,0.0
226,0.0
227,0.0
228,0.0
229,0.0
230,0.0
231,0.0
232,0.0
233,0.0
234,0.0
235,0.0
236,0.0
237,0.0
238,0.0
239,0.0
240,0.0
241,0.0
242,0.0
243,0.0
244,0.0
245,0.0
246,0.0
247,0.0
248,0.0
249,0.0
250,0.0
251,0.0
252,0.0
253,0.0
254,0.0
255,0.0
256,0.0
257,0.0
258,0.0
259,0.0
260,0.0
261,0.0
262,0.0
263,0.0
264,0.0
265,0.0
266,0.0
267,0.0
268,0.0
269,0.0
270,0.0
271,0.0
272,0.0
273,0.0
274,0.0
275,0.0
276,0.0
277,0.0
278,0.0
279,0.0
280,0.0
281,0.0
282,0.0
283,0.0
284,0.0
285,0.0
286,0.0
287,0.0
288,0.0
289,0.0
290,0.0
291,0.0
292,0.0
293,0.0
294,0.0
295,0.0
296,0.0
297,0.0
298,0.0
299,0.0
300,0.0
301,0.0
302,0.0
303,0.0
304,0.0
305,0.0
306,0.0
307,0.0
308,0.0
309,0.0
310,0.0
311,0.0
312,0.0
313,0.0
314,0.0
315,0.0
316,0.0
317,0.0
318,0.0
319,0.0
320,0.0
321,0.0
322,0.0
323,0.0
324,0.0
325,0.0
326,0.0
327,0.0
328,0.0
329,0.0
330,0.0
331,0.0
332,0.0
333,0.0
334,0.0
335,0.0
336,0.0
337,0.0
338,0.0
339,0.0
340,0.0
341,0.0
342,0.0
343,0.0
344,0.0
345,0.0
346,0.0
347,0.0
348,0.0
349,0.0
350,0.0
351,0.0
352,0.0
353,0.0
354,0.0
355,0.0
356,0.0
357,0.0
358,0.0
359,0.0
360,0.0
361,0.0
362,0.0
363,0.0
364,0.0
365,0.0
366,0.0
367,0.0
368,0.0
369,0.0
370,0.0
371,0.0
372,0.0
373,0.0
374,0.0
375,0.0
376,0.0
377,0.0
378,0.0
379,0.0
380,0.0
381,0.0
382,0.0
383,0.0
384,0.0
385,0.0
386,0.0
387,0.0
388,0.0
389,0.0
390,0.0
391,0.0
392,0.0
393,0.0
394,0.0
395,0.0
396,0.0
397,0.0
398,0.0
399,0.0
400,0.0
401,0.0
402,0.0
403,0.0
404,0.0
405,0.0
406,0.0
407,0.0
408,0.0
409,0.0
410,0.0
411,0.0
412,0.0
413,0.0
414,0.0
415,0.0
416,0.0
417,0.0
418,0.0
419,0.0
420,0.0
421,0.0
422,0.0
423,0.0
424,0.0
425,0.0
426,0.0
427,0.0
428,0.0
429,0.0
430,0.0
431,0.0
432,0.0
433,0.0
434,0.0
435,0.0
436,0.0
437,0.0
438,0.0
439,0.0
440,0.0
441,0.0
442,0.0
443,0.0
444,0.0
445,0.0
446,0.0
447,0.0
448,0.0
449,0.0
450,0.0
451,0.0
452,0.0
453,0.0
454,0.0
455,0.0
456,0.0
457,0.0
458,0.0
459,0.0
460,0.0
461,0.0
462,0.0
463,0.0
464,0.0
465,0.0
466,0.0
467,0.0
468,0.0
469,0.0
470,0.0
471,0.0
472,0.0
473,0.0
474,0.0
475,0.0
476,0.0
477,0.0
478,0.0
479,0.0
480,0.0
481,0.0
482,0.0
483,0.0
484,0.0
485,0.0
486,0.0
487,0.0
488,0.0
489,0.0
490,0.0
491,0.0
492,0.0
493,0.0
494,0.0
495,0.0
496,0.0
497,0.0
498,0.0
499,0.0
500,0.0
501,0.0
502,0.0
503,0.0
504,0.0
505,0.0
506,0.0
507,0.0
508,0.0
509,0.0
510,0.0
511,0.0
512,0.0
513,0.0
514,0.0
515,0.0
516,0.0
517,0.0
518,0.0
519,0.0
520,0.0
521,0.0
522,0.0
523,0.0
524,0.0
525,0.0
526,0.0
527,0.0
528,0.0
529,0.0
530,0.0
531,0.0
532,0.0
533,0.0
534,0.0
535,0.0
536,0.0
537,0.0
538,0.0
539,0.0
540,0.0
541,0.0
542,0.0
543,0.0
544,0.0
545,0.0
546,0.0
547,0.0
548,0.0
549,0.0
550,0.0
551,0.0
552,0.0
553,0.0
554,0.0
555,0.0
556,0.0
557,0.0
558,0.0
559,0.0
560,0.0
561,0.0
562,0.0
563,0.0
564,0.0
565,0.0
566,0.0
567,0.0
568,0.0
569,0.0
570,0.0
571,0.0
572,0.0
573,0.0
574,0.0
575,0.0
576,0.0
577,0.0
578,0.0
579,0.0
580,0.0
581,0.0
582,0.0
583,0.0
584,0.0
585,0.0
586,0.0
587,0.0
588,0.0
589,0.0
590,0.0
591,0.0
592,0.0
593,0.0
594,0.0
595,0.0
596,0.0
597,0.0
598,0.0
599,0.0
600,0.0
601,0.0
602,0.0
603,0.0
604,0.0
605,0.0
606,0.0
607,0.0
608,0.0
609,0.0
610,0.0
611,0.0
612,0.0
613,0.0
614,0.0
615,0.0
616,0.0
617,0.0
618,0.0
619,0.0
620,0.0
621,0.0
622,0.0
623,0.0
624,0.0
625,0.0
626,0.0
627,0.0
628,0.0
629,0.0
630,0.0
631,0.0
632,0.0
633,0.0
634,0.0
635,0.0
636,0.0
637,0.0
638,0.0
639,0.0
640,0.0
641,0.0
642,0.0
643,0.0
644,0.0
645,0.0
646,0.0
647,0.0
648,0.0
649,0.0
650,0.0
651,0.0
652,0.0
653,0.0
654,0.0
655,0.0
656,0.0
657,0.0
658,0.0
659,0.0
660,0.0
661,0.0
662,0.0
663,0.0
664,0.0
665,0.0
666,0.0
667,0.0
668,0.0
669,0.0
670,0.0
671,0.0
672,0.0
673,0.0
674,0.0
675,0.0
676,0.0
677,0.0
678,0.0
679,0.0
680,0.0
681,0.0
682,0.0
683,0.0
684,0.0
685,0.0
686,0.0
687,0.0
688,0.0
689,0.0
690,0.0
691,0.0
692,0.0
693,0.0
694,0.0
695,0.0
696,0.0
697,0.0
698,0.0
699,0.0
700,0.0
701,0.0
702,0.0
703,0.0
704,0.0
705,0.0
706,0.0
707,0.0
708,0.0
709,0.0
710,0.0
711,0.0
712,0.0
713,0.0
714,0.0
715,0.0
716,0.0
717,0.0
718,0.0
719,0.0
720,0.0
721,0.0
722,0.0
723,0.0
724,0.0
725,0.0
726,0.0
727,0.0
728,0.0
729,0.0
730,0.0
731,0.0
732,0.0
733,0.0
734,0.0
735,0.0
736,0.0
737,0.0
738,0.0
739,0.0
740,0.0
741,0.0
742,0.0
743,0.0
744,0.0
745,0.0
746,0.0
747,0.0
748,0.0
749,0.0
750,0.0
751,0.0
752,0.0
753,0.0
754,0.0
755,0.0
756,0.0
757,0.0
758,0.0
759,0.0
760,0.0
761,0.0
762,0.0
763,0.0
764,0.0
765,0.0
766,0.0
767,0.0
768,0.0
769,0.0
770,0.0
771,0.0
772,0.0
773,0.0
774,0.0
775,0.0
776,0.0
777,0.0
778,0.0
779,0.0
780,0.0
781,0.0
782,0.0
783,0.0
784,0.0
785,0.0
786,0.0
787,0.0
788,0.0
789,0.0
790,0.0
791,0.0
792,0.0
793,0.0
794,0.0
795,0.0
796,0.0
797,0.0
798,0.0
799,0.0
800,0.0
801,0.0
802,0.0
803,0.0
804,0.0
805,0.0
806,0.0
807,0.0
808,0.0
809,0.0
810,0.0
811,0.0
812,0.0
813,0.0
814,0.0
815,0.0
816,0.0
817,0.0
818,0.0
819,0.0
820,0.0
821,0.0
822,0.0
823,0.0
824,0.0
825,0.0
826,0.0
827,0.0
828,0.0
829,0.0
830,0.0
831,0.0
832,0.0
833,0.0
834,0.0
835,0.0
836,0.0
837,0.0
838,0.0
839,0.0
840,0.0
841,0.0
842,0.0
843,0.0
844,0.0
845,0.0
846,0.0
847,0.0
848,0.0
849,0.0
850,0.0
851,0.0
852,0.0
853,0.0
854,0.0
855,0.0
856,0.0
857,0.0
858,0.0
859,0.0
860,0.0
861,0.0
862,0.0
863,0.0
864,0.0
865,0.0
866,0.0
867,0.0
868,0.0
869,0.0
870,0.0
871,0.0
872,0.0
873,0.0
874,0.0
875,0.0
876,0.0
877,0.0
878,0.0
879,0.0
880,0.0
881,0.0
882,0.0
883,0.0
884,0.0
885,0.0
886,0.0
887,0.0
888,0.0
889,0.0
890,0.0
891,0.0
892,0.0
893,0.0
894,0.0
895,0.0
896,0.0
897,0.0
898,0.0
899,0.0
900,0.0
901,0.0
902,0.0
903,0.0
904,0.0
905,0.0
906,0.0
907,0.0
908,0.0
909,0.0
910,0.0
911,0.0
912,0.0
913,0.0
914,0.0
915,0.0
916,0.0
917,0.0
918,0.0
919,0.0
920,0.0
921,0.0
922,0.0
923,0.0
924,0.0
925,0.0
926,0.0
927,0.0
928,0.0
929,0.0
930,0.0
931,0.0
932,0.0
933,0.0
934,0.0
935,0.0
936,0.0
937,0.0
938,0.0
939,0.0
940,0.0
941,0.0
942,0.0
943,0.0
944,0.0
945,0.0
946,0.0
947,0.0
948,0.0
949,0.0
950,0.0
951,0.0
952,0.0
953,0.0
954,0.0
955,0.0
956,0.0
957,0.0
958,0.0
959,0.0
960,0.0
961,0.0
962,0.0
963,0.0
964,0.0
965,0.0
966,0.0
967,0.0
968,0.0
969,0.0
970,0.0
971,0.0
972,0.0
973,0.0
974,0.0
975,0.0
976,0.0
977,0.0
978,0.0
979,0.0
980,0.0
981,0.0
982,0.0
983,0.0
984,0.0
985,0.0
986,0.0
987,0.0
988,0.0
989,0.0
990,0.0
991,0.0
992,0.0
993,0.0
994,0.0
995,0.0
996,0.0
997,0.0
998,0.0
999,0.0
1000,0.0
1001,0.0
1002,0.0
1003,0.0
1004,0.0
1005,0.0
1006,0.0
1007,0.0
1008,0.0
1009,0.0
1010,0.0
1011,0.0
1012,0.0
1013,0.0
1014,0.0
1015,0.0
1016,0.0
1017,0.0
1018,0.0
1019,0.0
1020,0.0
1021,0.0
1022,0.0
1023,0.0
1024,0.0
1025,0.0
1026,0.0
1027,0.0
1028,0.0
1029,0.0
1030,0.0
1031,0.0
1032,0.0
1033,0.0
1034,0.0
1035,0.0
1036,0.0
1037,0.0
1038,0.0
1039,0.0
1040,0.0
1041,0.0
1042,0.0
1043,0.0
1044,0.0
1045,0.0
1046,0.0
1047,0.0
1048,0.0
1049,0.0
1050,0.0
1051,0.0
1052,0.0
1053,0.0
1054,0.0
1055,0.0
1056,0.0
1057,0.0
1058,0.0
1059,0.0
1060,0.0
1061,0.0
1062,0.0
1063,0.0
1064,0.0
1065,0.0
1066,0.0
1067,0.0
1068,0.0
1069,0.0
1070,0.0
1071,0.0
1072,0.0
1073,0.0
1074,0.0
1075,0.0
1076,0.0
1077,0.0
1078,0.0
1079,0.0
1080,0.0
1081,0.0
1082,0.0
1083,0.0
1084,0.0
1085,0.0
1086,0.0
1087,0.0
1088,0.0
1089,0.0
1090,0.0
1091,0.0
1092,0.0
1093,0.0
1094,0.0
1095,0.0
1096,0.0
1097,0.0
1098,0.0
1099,0.0
1100,0.0
1101,0.0
1102,0.0
1103,0.0
1104,0.0
1105,0.0
1106,0.0
1107,0.0
1108,0.0
1109,0.0
1110,0.0
1111,0.0
1112,0.0
1113,0.0
1114,0.0
1115,0.0
1116,0.0
1117,0.0
1118,0.0
1119,0.0
1120,0.0
1121,0.0
1122,0.0
1123,0.0
1124,0.0
1125,0.0
1126,0.0
1127,0.0
1128,0.0
1129,0.0
1130,0.0
1131,0.0
1132,0.0
1133,0.0
1134,0.0
1135,0.0
1136,0.0
1137,0.0
1138,0.0
1139,0.0
1140,0.0
1141,0.0
1142,0.0
1143,0.0
1144,0.0
1145,0.0
1146,0.0
1147,0.0
1148,0.0
1149,0.0
1150,0.0
1151,0.0
1152,0.0
1153,0.0
1154,0.0
1155,0.0
1156,0.0
1157,0.0
1158,0.0
1159,0.0
1160,0.0
1161,0.0
1162,0.0
1163,0.0
1164,0.0
1165,0.0
1166,0.0
1167,0.0
1168,0.0
1169,0.0
1170,0.0
1171,0.0
1172,0.0
1173,0.0
1174,0.0
1175,0.0
1176,0.0
1177,0.0
1178,0.0
1179,0.0
1180,0.0
1181,0.0
1182,0.0
1183,0.0
1184,0.0
1185,0.0
1186,0.0
1187,0.0
1188,0.0
1189,0.0
1190,0.0
1191,0.0
1192,0.0
1193,0.0
1194,0.0
1195,0.0
1196,0.0
1197,0.0
1198,0.0
1199,0.0
1200,0.0
1201,0.0
1202,0.0
1203,0.0
1204,0.0
1205,0.0
1206,0.0
1207,0.0
1208,0.0
1209,0.0
1210,0.0
1211,0.0
1212,0.0
1213,0.0
1214,0.0
1215,0.0
1216,0.0
1217,0.0
1218,0.0
1219,0.0
1220,0.0
1221,0.0
1222,0.0
1223,0.0
1224,0.0
1225,0.0
1226,0.0
1227,0.0
1228,0.0
1229,0.0
1230,0.0
1231,0.0
1232,0.0
1233,0.0
1234,0.0
1235,0.0
1236,0.0
1237,0.0
1238,0.0
1239,0.0
1240,0.0
1241,0.0
1242,0.0
1243,0.0
1244,0.0
1245,0.0
1246,0.0
1247,0.0
1248,0.0
1249,0.0
1250,0.0
1251,0.0
1252,0.0
1253,0.0
1254,0.0
1255,0.0
1256,0.0
1257,0.0
1258,0.0
1259,0.0
1260,0.0
1261,0.0
1262,0.0
1263,0.0
1264,0.0
1265,0.0
1266,0.0
1267,0.0
1268,0.0
1269,0.0
1270,0.0
1271,0.0
1272,0.0
1273,0.0
1274,0.0
1275,0.0
1276,0.0
1277,0.0
1278,0.0
1279,0.0
1280,0.0
1281,0.0
1282,0.0
1283,0.0
1284,0.0
1285,0.0
1286,0.0
1287,0.0
1288,0.0
1289,0.0
1290,0.0
1291,0.0
1292,0.0
1293,0.0
1294,0.0
1295,0.0
1296,0.0
1297,0.0
1298,0.0
1299,0.0
1300,0.0
1301,0.0
1302,0.0
1303,0.0
1304,0.0
1305,0.0
1306,0.0
1307,0.0
1308,0.0
1309,0.0
1310,0.0
1311,0.0
1312,0.0
1313,0.0
1314,0.0
1315,0.0
1316,0.0
1317,0.0
1318,0.0
1319,0.0
1320,0.0
1321,0.0
1322,0.0
1323,0.0
1324,0.0
1325,0.0
1326,0.0
1327,0.0
1328,0.0
1329,0.0
1330,0.0
1331,0.0
1332,0.0
1333,0.0
1334,0.0
1335,0.0
1336,0.0
1337,0.0
1338,0.0
1339,0.0
1340,0.0
1341,0.0
1342,0.0
1343,0.0
1344,0.0
1345,0.0
1346,0.0
1347,0.0
1348,0.0
1349,0.0
1350,0.0
1351,0.0
1352,0.0
1353,0.0
1354,0.0
1355,0.0
1356,0.0
1357,0.0
1358,0.0
1359,0.0
1360,0.0
1361,0.0
1362,0.0
1363,0.0
1364,0.0
1365,0.0
1366,0.0
1367,0.0
1368,0.0
1369,0.0
1370,0.0
1371,0.0
1372,0.0
1373,0.0
1374,0.0
1375,0.0
1376,0.0
1377,0.0
1378,0.0
1379,0.0
1380,0.0
1381,0.0
1382,0.0
1383,0.0
1384,0.0
1385,0.0
1386,0.0
1387,0.0
1388,0.0
1389,0.0
1390,0.0
1391,0.0
1392,0.0
1393,0.0
1394,0.0
1395,0.0
1396,0.0
1397,0.0
1398,0.0
1399,0.0
1400,0.0
1401,0.0
1402,0.0
1403,0.0
1404,0.0
1405,0.0
1406,0.0
1407,0.0
1408,0.0
1409,0.0
1410,0.0
1411,0.0
1412,0.0
1413,0.0
1414,0.0
1415,0.0
1416,0.0
1417,0.0
1418,0.0
1419,0.0
1420,0.0
1421,0.0
1422,0.0
1423,0.0
1424,0.0
1425,0.0
1426,0.0
1427,0.0
1428,0.0
1429,0.0
1430,0.0
1431,0.0
1432,0.0
1433,0.0
1434,0.0
1435,0.0
1436,0.0
1437,0.0
1438,0.0
1439,0.0
1440,0.0
1441,0.0
1442,0.0
1443,0.0
1444,0.0
1445,0.0
1446,0.0
1447,0.0
1448,0.0
1449,0.0
1450,0.0
1451,0.0
1452,0.0
1453,0.0
1454,0.0
1455,0.0
1456,0.0
1457,0.0
1458,0.0
1459,0.0
1460,0.0
1461,0.0
1462,0.0
1463,0.0
1464,0.0
1465,0.0
1466,0.0
1467,0.0
1468,0.0
1469,0.0
1470,0.0
1471,0.0
1472,0.0
1473,0.0
1474,0.0
1475,0.0
1476,0.0
1477,0.0
1478,0.0
1479,0.0
1480,0.0
1481,0.0
1482,0.0
1483,0.0
1484,0.0
1485,0.0
1486,0.0
1487,0.0
1488,0.0
1489,0.0
1490,0.0
1491,0.0
1492,0.0
1493,0.0
1494,0.0
1495,0.0
1496,0.0
1497,0.0
1498,0.0
1499,0.0
1500,0.0
1501,0.0
1502,0.0
1503,0.0
1504,0.0
1505,0.0
1506,0.0
1507,0.0
1508,0.0
1509,0.0
1510,0.0
1511,0.0
1512,0.0
1513,0.0
1514,0.0
1515,0.0
1516,0.0
1517,0.0
1518,0.0
1519,0.0
1520,0.0
1521,0.0
1522,0.0
1523,0.0
1524,0.0
1525,0.0
1526,0.0
1527,0.0
1528,0.0
1529,0.0
1530,0.0
1531,0.0
1532,0.0
1533,0.0
1534,0.0
1535,0.0
1536,0.0
1537,0.0
1538,0.0
1539,0.0
1540,0.0
1541,0.0
1542,0.0
1543,0.0
1544,0.0
1545,0.0
1546,0.0
1547,0.0
1548,0.0
1549,0.0
1550,0.0
1551,0.0
1552,0.0
1553,0.0
1554,0.0
1555,0.0
1556,0.0
1557,0.0
1558,0.0
1559,0.0
1560,0.0
1561,0.0
1562,0.0
1563,0.0
1564,0.0
1565,0.0
1566,0.0
1567,0.0
1568,0.0
1569,0.0
1570,0.0
1571,0.0
1572,0.0
1573,0.0
1574,0.0
1575,0.0
1576,0.0
1577,0.0
1578,0.0
1579,0.0
1580,0.0
1581,0.0
1582,0.0
1583,0.0
1584,0.0
1585,0.0
1586,0.0
1587,0.0
1588,0.0
1589,0.0
1590,0.0
1591,0.0
1592,0.0
1593,0.0
1594,0.0
1595,0.0
1596,0.0
1597,0.0
1598,0.0
1599,0.0
1600,0.0
1601,0.0
1602,0.0
1603,0.0
1604,0.0
1605,0.0
1606,0.0
1607,0.0
1608,0.0
1609,0.0
1610,0.0
1611,0.0
1612,0.0
1613,0.0
1614,0.0
1615,0.0
1616,0.0
1617,0.0
1618,0.0
1619,0.0
1620,0.0
1621,0.0
1622,0.0
1623,0.0
1624,0.0
1625,0.0
1626,0.0
1627,0.0
1628,0.0
1629,0.0
1630,0.0
1631,0.0
1632,0.0
1633,0.0
1634,0.0
1635,0.0
1636,0.0
1637,0.0
1638,0.0
1639,0.0
1640,0.0
1641,0.0
1642,0.0
1643,0.0
1644,0.0
1645,0.0
1646,0.0
1647,0.0
1648,0.0
1649,0.0
1650,0.0
1651,0.0
1652,0.0
1653,0.0
1654,0.0
1655,0.0
1656,0.0
1657,0.0
1658,0.0
1659,0.0
1660,0.0
1661,0.0
1662,0.0
1663,0.0
1664,0.0
1665,0.0
1666,0.0
1667,0.0
1668,0.0
1669,0.0
1670,0.0
1671,0.0
1672,0.0
1673,0.0
1674,0.0
1675,0.0
1676,0.0
1677,0.0
1678,0.0
1679,0.0
1680,0.0
1681,0.0
1682,0.0
1683,0.0
1684,0.0
1685,0.0
1686,0.0
1687,0.0
1688,0.0
1689,0.0
1690,0.0
1691,0.0
1692,0.0
1693,0.0
1694,0.0
1695,0.0
1696,0.0
1697,0.0
1698,0.0
1699,0.0
1700,0.0
1701,0.0
1702,0.0
1703,0.0
1704,0.0
1705,0.0
1706,0.0
1707,0.0
1708,0.0
1709,0.0
1710,0.0
1711,0.0
1712,0.0
1713,0.0
1714,0.0
1715,0.0
1716,0.0
1717,0.0
1718,0.0
1719,0.0
1720,0.0
1721,0.0
1722,0.0
1723,0.0
1724,0.0
1725,0.0
1726,0.0
1727,0.0
1728,0.0
1729,0.0
1730,0.0
1731,0.0
1732,0.0
1733,0.0
1734,0.0
1735,0.0
1736,0.0
1737,0.0
1738,0.0
1739,0.0
1740,0.0
1741,0.0
1742,0.0
1743,0.0
1744,0.0
1745,0.0
1746,0.0
1747,0.0
1748,0.0
1749,0.0
1750,0.0
1751,0.0
1752,0.0
1753,0.0
1754,0.0
1755,0.0
1756,0.0
1757,0.0
1758,0.0
1759,0.0
1760,0.0
1761,0.0
1762,0.0
1763,0.0
1764,0.0
1765,0.0
1766,0.0
1767,0.0
1768,0.0
1769,0.0
1770,0.0
1771,0.0
1772,0.0
1773,0.0
1774,0.0
1775,0.0
1776,0.0
1777,0.0
1778,0.0
1779,0.0
1780,0.0
1781,0.0
1782,0.0
1783,0.0
1784,0.0
1785,0.0
1786,0.0
1787,0.0
1788,0.0
1789,0.0
1790,0.0
1791,0.0
1792,0.0
1793,0.0
1794,0.0
1795,0.0
1796,0.0
1797,0.0
1798,0.0
1799,0.0
1800,0.0
1801,0.0
1802,0.0
1803,0.0
1804,0.0
1805,0.0
1806,0.0
1807,0.0
1808,0.0
1809,0.0
1810,0.0
1811,0.0
1812,0.0
1813,0.0
1814,0.0
1815,0.0
1816,0.0
1817,0.0
1818,0.0
1819,0.0
1820,0.0
1821,0.0
1822,0.0
1823,0.0
1824,0.0
1825,0.0
1826,0.0
1827,0.0
1828,0.0
1829,0.0
1830,0.0
1831,0.0
1832,0.0
1833,0.0
1834,0.0
1835,0.0
1836,0.0
1837,0.0
1838,0.0
1839,0.0
1840,0.0
1841,0.0
1842,0.0
1843,0.0
1844,0.0
1845,0.0
1846,0.0
1847,0.0
1848,0.0
1849,0.0
1850,0.0
1851,0.0
1852,0.0
1853,0.0
1854,0.0
1855,0.0
1856,0.0
1857,0.0
1858,0.0
1859,0.0
1860,0.0
1861,0.0
1862,0.0
1863,0.0
1864,0.0
1865,0.0
1866,0.0
1867,0.0
1868,0.0
1869,0.0
1870,0.0
1871,0.0
1872,0.0
1873,0.0
1874,0.0
1875,0.0
1876,0.0
1877,0.0
1878,0.0
1879,0.0
1880,0.0
1881,0.0
1882,0.0
1883,0.0
1884,0.0
1885,0.0
1886,0.0
1887,0.0
1888,0.0
1889,0.0
1890,0.0
1891,0.0
1892,0.0
1893,0.0
1894,0.0
1895,0.0
1896,0.0
1897,0.0
1898,0.0
1899,0.0
1900,0.0
1901,0.0
1902,0.0
1903,0.0
1904,0.0
1905,0.0
1906,0.0
1907,0.0
1908,0.0
1909,0.0
1910,0.0
1911,0.0
1912,0.0
1913,0.0
1914,0.0
1915,0.0
1916,0.0
1917,0.0
1918,0.0
1919,0.0
1920,0.0
1921,0.0
1922,0.0
1923,0.0
1924,0.0
1925,0.0
1926,0.0
1927,0.0
1928,0.0
1929,0.0
1930,0.0
1931,0.0
1932,0.0
1933,0.0
1934,0.0
1935,0.0
1936,0.0
1937,0.0
1938,0.0
1939,0.0
1940,0.0
1941,0.0
1942,0.0
1943,0.0
1944,0.0
1945,0.0
1946,0.0
1947,0.0
1948,0.0
1949,0.0
1950,0.0
1951,0.0
1952,0.0
1953,0.0
1954,0.0
1955,0.0
1956,0.0
1957,0.0
1958,0.0
1959,0.0
1960,0.0
1961,0.0
1962,0.0
1963,0.0
1964,0.0
1965,0.0
1966,0.0
1967,0.0
1968,0.0
1969,0.0
1970,0.0
1971,0.0
1972,0.0
1973,0.0
1974,0.0
1975,0.0
1976,0.0
1977,0.0
1978,0.0
1979,0.0
1980,0.0
1981,0.0
1982,0.0
1983,0.0
1984,0.0
1985,0.0
1986,0.0
1987,0.0
1988,0.0
1989,0.0
1990,0.0
1991,0.0
1992,0.0
1993,0.0
1994,0.0
1995,0.0
1996,0.0
1997,0.0
1998,0.0
1999,0.0
2000,0.0
2001,0.0
2002,0.0
2003,0.0
2004,0.0
2005,0.0
2006,0.0
2007,0.0
2008,0.0
2009,0.0
2010,0.0
2011,0.0
2012,0.0
2013,0.0
2014,0.0
2015,0.0
2016,0.0
2017,0.0
2018,0.0
2019,0.0
2020,0.0
2021,0.0
2022,0.0
2023,0.0
2024,0.0
2025,0.0
2026,0.0
2027,0.0
2028,0.0
2029,0.0
2030,0.0
2031,0.0
2032,0.0
2033,0.0
2034,0.0
2035,0.0
2036,0.0
2037,0.0
2038,0.0
2039,0.0
2040,0.0
2041,0.0
2042,0.0
2043,0.0
2044,0.0
2045,0.0
2046,0.0
2047,0.0
2048,0.0
2049,0.0
2050,0.0
2051,0.0
2052,0.0
2053,0.0
2054,0.0
2055,0.0
2056,0.0
2057,0.0
2058,0.0
2059,0.0
2060,0.0
2061,0.0
2062,0.0
2063,0.0
2064,0.0
2065,0.0
2066,0.0
2067,0.0
2068,0.0
2069,0.0
2070,0.0
2071,0.0
2072,0.0
2073,0.0
2074,0.0
2075,0.0
2076,0.0
2077,0.0
2078,0.0
2079,0.0
2080,0.0
2081,0.0
2082,0.0
2083,0.0
2084,0.0
2085,0.0
2086,0.0
2087,0.0
2088,0.0
2089,0.0
2090,0.0
2091,0.0
2092,0.0
2093,0.0
2094,0.0
2095,0.0
2096,0.0
2097,0.0
2098,0.0
2099,0.0
2100,0.0
2101,0.0
2102,0.0
2103,0.0
2104,0.0
2105,0.0
2106,0.0
2107,0.0
2108,0.0
2109,0.0
2110,0.0
2111,0.0
2112,0.0
2113,0.0
2114,0.0
2115,0.0
2116,0.0
2117,0.0
2118,0.0
2119,0.0
2120,0.0
2121,0.0
2122,0.0
2123,0.0
2124,0.0
2125,0.0
2126,0.0
2127,0.0
2128,0.0
2129,0.0
2130,0.0
2131,0.0
2132,0.0
2133,0.0
2134,0.0
2135,0.0
2136,0.0
2137,0.0
2138,0.0
2139,0.0
2140,0.0
2141,0.0
2142,0.0
2143,0.0
2144,0.0
2145,0.0
2146,0.0
2147,0.0
2148,0.0
2149,0.0
2150,0.0
2151,0.0
2152,0.0
2153,0.0
2154,0.0
2155,0.0
2156,0.0
2157,0.0
2158,0.0
2159,0.0
2160,0.0
2161,0.0
2162,0.0
2163,0.0
2164,0.0
2165,0.0
2166,0.0
2167,0.0
2168,0.0
2169,0.0
2170,0.0
2171,0.0
2172,0.0
2173,0.0
2174,0.0
2175,0.0
2176,0.0
2177,0.0
2178,0.0
2179,0.0
2180,0.0
2181,0.0
2182,0.0
2183,0.0
2184,0.0
2185,0.0
2186,0.0
2187,0.0
2188,0.0
2189,0.0
2190,0.0
2191,0.0
2192,0.0
2193,0.0
2194,0.0
2195,0.0
2196,0.0
2197,0.0
2198,0.0
2199,0.0
2200,0.0
2201,0.0
2202,0.0
2203,0.0
2204,0.0
2205,0.0
2206,0.0
2207,0.0
2208,0.0
2209,0.0
2210,0.0
2211,0.0
2212,0.0
2213,0.0
2214,0.0
2215,0.0
2216,0.0
2217,0.0
2218,0.0
2219,0.0
2220,0.0
2221,0.0
2222,0.0
2223,0.0
2224,0.0
2225,0.0
2226,0.0
2227,0.0
2228,0.0
2229,0.0
2230,0.0
2231,0.0
2232,0.0
2233,0.0
2234,0.0
2235,0.0
2236,0.0
2237,0.0
2238,0.0
2239,0.0
2240,0.0
2241,0.0
2242,0.0
2243,0.0
2244,0.0
2245,0.0
2246,0.0
2247,0.0
2248,0.0
2249,0.0
2250,0.0
2251,0.0
2252,0.0
2253,0.0
2254,0.0
2255,0.0
2256,0.0
2257,0.0
2258,0.0
2259,0.0
2260,0.0
2261,0.0
2262,0.0
2263,0.0
2264,0.0
2265,0.0
2266,0.0
2267,0.0
2268,0.0
2269,0.0
2270,0.0
2271,0.0
2272,0.0
2273,0.0
2274,0.0
2275,0.0
2276,0.0
2277,0.0
2278,0.0
2279,0.0
2280,0.0
2281,0.0
2282,0.0
2283,0.0
2284,0.0
2285,0.0
2286,0.0
2287,0.0
2288,0.0
2289,0.0
2290,0.0
2291,0.0
2292,0.0
2293,0.0
2294,0.0
2295,0.0
2296,0.0
2297,0.0
2298,0.0
2299,0.0
2300,0.0
2301,0.0
2302,0.0
2303,0.0
2304,0.0
2305,0.0
2306,0.0
2307,0.0
2308,0.0
2309,0.0
2310,0.0
2311,0.0
2312,0.0
2313,0.0
2314,0.0
2315,0.0
2316,0.0
2317,0.0
2318,0.0
2319,0.0
2320,0.0
2321,0.0
2322,0.0
2323,0.0
2324,0.0
2325,0.0
2326,0.0
2327,0.0
2328,0.0
2329,0.0
2330,0.0
2331,0.0
2332,0.0
2333,0.0
2334,0.0
2335,0.0
2336,0.0
2337,0.0
2338,0.0
2339,0.0
2340,0.0
2341,0.0
2342,0.0
2343,0.0
2344,0.0
2345,0.0
2346,0.0
2347,0.0
2348,0.0
2349,0.0
2350,0.0
2351,0.0
2352,0.0
2353,0.0
2354,0.0
2355,0.0
2356,0.0
2357,0.0
2358,0.0
2359,0.0
2360,0.0
2361,0.0
2362,0.0
2363,0.0
2364,0.0
2365,0.0
2366,0.0
2367,0.0
2368,0.0
2369,0.0
2370,0.0
2371,0.0
2372,0.0
2373,0.0
2374,0.0
2375,0.0
2376,0.0
2377,0.0
2378,0.0
2379,0.0
2380,0.0
2381,0.0
2382,0.0
2383,0.0
2384,0.0
2385,0.0
2386,0.0
2387,0.0
2388,0.0
2389,0.0
2390,0.0
2391,0.0
2392,0.0
2393,0.0
2394,0.0
2395,0.0
2396,0.0
2397,0.0
2398,0.0
2399,0.0
2400,0.0
2401,0.0
2402,0.0
2403,0.0
2404,0.0
2405,0.0
2406,0.0
2407,0.0
2408,0.0
2409,0.0
2410,0.0
2411,0.0
2412,0.0
2413,0.0
2414,0.0
2415,0.0
2416,0.0
2417,0.0
2418,0.0
2419,0.0
2420,0.0
2421,0.0
2422,0.0
2423,0.0
2424,0.0
2425,0.0
2426,0.0
2427,0.0
2428,0.0
2429,0.0
2430,0.0
2431,0.0
2432,0.0
2433,0.0
2434,0.0
2435,0.0
2436,0.0
2437,0.0
2438,0.0
2439,0.0
2440,0.0
2441,0.0
2442,0.0
2443,0.0
2444,0.0
2445,0.0
2446,0.0
2447,0.0
2448,0.0
2449,0.0
2450,0.0
2451,0.0
2452,0.0
2453,0.0
2454,0.0
2455,0.0
2456,0.0
2457,0.0
2458,0.0
2459,0.0
2460,0.0
2461,0.0
2462,0.0
2463,0.0
2464,0.0
2465,0.0
2466,0.0
2467,0.0
2468,0.0
2469,0.0
2470,0.0
2471,0.0
2472,0.0
2473,0.0
2474,0.0
2475,0.0
2476,0.0
2477,0.0
2478,0.0
2479,0.0
2480,0.0
2481,0.0
2482,0.0
2483,0.0
2484,0.0
2485,0.0
2486,0.0
2487,0.0
2488,0.0
2489,0.0
2490,0.0
2491,0.0
2492,0.0
2493,0.0
2494,0.0
2495,0.0
2496,0.0
2497,0.0
2498,0.0
2499,0.0
2500,0.0
2501,0.0
2502,0.0
2503,0.0
2504,0.0
2505,0.0
2506,0.0
2507,0.0
2508,0.0
2509,0.0
2510,0.0
2511,0.0
2512,0.0
2513,0.0
2514,0.0
2515,0.0
2516,0.0
2517,0.0
2518,0.0
2519,0.0
2520,0.0
2521,0.0
2522,0.0
2523,0.0
2524,0.0
2525,0.0
2526,0.0
2527,0.0
2528,0.0
2529,0.0
2530,0.0
2531,0.0
2532,0.0
2533,0.0
2534,0.0
2535,0.0
2536,0.0
2537,0.0
2538,0.0
2539,0.0
2540,0.0
2541,0.0
2542,0.0
2543,0.0
2544,0.0
2545,0.0
2546,0.0
2547,0.0
2548,0.0
2549,0.0
2550,0.0
2551,0.0
2552,0.0
2553,0.0
2554,0.0
2555,0.0
2556,0.0
2557,0.0
2558,0.0
2559,0.0
2560,0.0
2561,0.0
2562,0.0
2563,0.0
2564,0.0
2565,0.0
2566,0.0
2567,0.0
2568,0.0
2569,0.0
2570,0.0
2571,0.0
2572,0.0
2573,0.0
2574,0.0
2575,0.0
2576,0.0
2577,0.0
2578,0.0
2579,0.0
2580,0.0
2581,0.0
2582,0.0
2583,0.0
2584,0.0
2585,0.0
2586,0.0
2587,0.0
2588,0.0
2589,0.0
2590,0.0
2591,0.0
2592,0.0
2593,0.0
2594,0.0
2595,0.0
2596,0.0
2597,0.0
2598,0.0
2599,0.0
2600,0.0
2601,0.0
2602,0.0
2603,0.0
2604,0.0
2605,0.0
2606,0.0
2607,0.0
2608,0.0
2609,0.0
2610,0.0
2611,0.0
2612,0.0
2613,0.0
2614,0.0
2615,0.0
2616,0.0
2617,0.0
2618,0.0
2619,0.0
2620,0.0
2621,0.0
2622,0.0
2623,0.0
2624,0.0
2625,0.0
2626,0.0
2627,0.0
2628,0.0
2629,0.0
2630,0.0
2631,0.0
2632,0.0
2633,0.0
2634,0.0
2635,0.0
2636,0.0
2637,0.0
2638,0.0
2639,0.0
2640,0.0
2641,0.0
2642,0.0
2643,0.0
2644,0.0
2645,0.0
2646,0.0
2647,0.0
2648,0.0
2649,0.0
2650,0.0
2651,0.0
2652,0.0
2653,0.0
2654,0.0
2655,0.0
2656,0.0
2657,0.0
2658,0.0
2659,0.0
2660,0.0
2661,0.0
2662,0.0
2663,0.0
2664,0.0
2665,0.0
2666,0.0
2667,0.0
2668,0.0
2669,0.0
2670,0.0
2671,0.0
2672,0.0
2673,0.0
2674,0.0
2675,0.0
2676,0.0
2677,0.0
2678,0.0
2679,0.0
2680,0.0
2681,0.0
2682,0.0
2683,0.0
2684,0.0
2685,0.0
2686,0.0
2687,0.0
2688,0.0
2689,0.0
2690,0.0
2691,0.0
2692,0.0
2693,0.0
2694,0.0
2695,0.0
2696,0.0
2697,0.0
2698,0.0
2699,0.0
2700,0.0
2701,0.0
2702,0.0
2703,0.0
2704,0.0
2705,0.0
2706,0.0
2707,0.0
2708,0.0
2709,0.0
2710,0.0
2711,0.0
2712,0.0
2713,0.0
2714,0.0
2715,0.0
2716,0.0
2717,0.0
2718,0.0
2719,0.0
2720,0.0
2721,0.0
2722,0.0
2723,0.0
2724,0.0
2725,0.0
2726,0.0
2727,0.0
2728,0.0
2729,0.0
2730,0.0
2731,0.0
2732,0.0
2733,0.0
2734,0.0
2735,0.0
2736,0.0
2737,0.0
2738,0.0
2739,0.0
2740,0.0
2741,0.0
2742,0.0
2743,0.0
2744,0.0
2745,0.0
2746,0.0
2747,0.0
2748,0.0
2749,0.0
2750,0.0
2751,0.0
2752,0.0
2753,0.0
2754,0.0
2755,0.0
2756,0.0
2757,0.0
2758,0.0
2759,0.0
2760,0.0
2761,0.0
2762,0.0
2763,0.0
2764,0.0
2765,0.0
2766,0.0
2767,0.0
2768,0.0
2769,0.0
2770,0.0
2771,0.0
2772,0.0
2773,0.0
2774,0.0
2775,0.0
2776,0.0
2777,0.0
2778,0.0
2779,0.0
2780,0.0
2781,0.0
2782,0.0
2783,0.0
2784,0.0
2785,0.0
2786,0.0
2787,0.0
2788,0.0
2789,0.0
2790,0.0
2791,0.0
2792,0.0
2793,0.0
2794,0.0
2795,0.0
2796,0.0
2797,0.0
2798,0.0
2799,0.0
2800,0.0
2801,0.0
2802,0.0
2803,0.0
2804,0.0
2805,0.0
2806,0.0
2807,0.0
2808,0.0
2809,0.0
2810,0.0
2811,0.0
2812,0.0
2813,0.0
2814,0.0
2815,0.0
2816,0.0
2817,0.0
2818,0.0
2819,0.0
2820,0.0
2821,0.0
2822,0.0
2823,0.0
2824,0.0
2825,0.0
2826,0.0
2827,0.0
2828,0.0
2829,0.0
2830,0.0
2831,0.0
2832,0.0
2833,0.0
2834,0.0
2835,0.0
2836,0.0
2837,0.0
2838,0.0
2839,0.0
2840,0.0
2841,0.0
2842,0.0
2843,0.0
2844,0.0
2845,0.0
2846,0.0
2847,0.0
2848,0.0
2849,0.0
2850,0.0
2851,0.0
2852,0.0
2853,0.0
2854,0.0
2855,0.0
2856,0.0
2857,0.0
2858,0.0
2859,0.0
2860,0.0
2861,0.0
2862,0.0
2863,0.0
2864,0.0
2865,0.0
2866,0.0
2867,0.0
2868,0.0
2869,0.0
2870,0.0
2871,0.0
2872,0.0
2873,0.0
2874,0.0
2875,0.0
2876,0.0
2877,0.0
2878,0.0
2879,0.0
2880,0.0
2881,0.0
2882,0.0
2883,0.0
2884,0.0
2885,0.0
2886,0.0
2887,0.0
2888,0.0
2889,0.0
2890,0.0
2891,0.0
2892,0.0
2893,0.0
2894,0.0
2895,0.0
2896,0.0
2897,0.0
2898,0.0
2899,0.0
2900,0.0
2901,0.0
2902,0.0
2903,0.0
2904,0.0
2905,0.0
2906,0.0
2907,0.0
2908,0.0
2909,0.0
2910,0.0
2911,0.0
2912,0.0
2913,0.0
2914,0.0
2915,0.0
2916,0.0
2917,0.0
2918,0.0
2919,0.0
2920,0.0
2921,0.0
2922,0.0
2923,0.0
2924,0.0
2925,0.0
2926,0.0
2927,0.0
2928,0.0
2929,0.0
2930,0.0
2931,0.0
2932,0.0
2933,0.0
2934,0.0
2935,0.0
2936,0.0
2937,0.0
2938,0.0
2939,0.0
2940,0.0
2941,0.0
2942,0.0
2943,0.0
2944,0.0
2945,0.0
2946,0.0
2947,0.0
2948,0.0
2949,0.0
2950,0.0
2951,0.0
2952,0.0
2953,0.0
2954,0.0
2955,0.0
2956,0.0
2957,0.0
2958,0.0
2959,0.0
2960,0.0
2961,0.0
2962,0.0
2963,0.0
2964,0.0
2965,0.0
2966,0.0
2967,0.0
2968,0.0
2969,0.0
2970,0.0
2971,0.0
2972,0.0
2973,0.0
2974,0.0
2975,0.0
2976,0.0
2977,0.0
2978,0.0
2979,0.0
2980,0.0
2981,0.0
2982,0.0
2983,0.0
2984,0.0
2985,0.0
2986,0.0
2987,0.0
2988,0.0
2989,0.0
2990,0.0
2991,0.0
2992,0.0
2993,0.0
2994,0.0
2995,0.0
2996,0.0
2997,0.0
2998,0.0
2999,0.0
3000,0.0
3001,0.0
3002,0.0
3003,0.0
3004,0.0
3005,0.0
3006,0.0
3007,0.0
3008,0.0
3009,0.0
3010,0.0
3011,0.0
3012,0.0
3013,0.0
3014,0.0
3015,0.0
3016,0.0
3017,0.0
3018,0.0
3019,0.0
3020,0.0
3021,0.0
3022,0.0
3023,0.0
3024,0.0
3025,0.0
3026,0.0
3027,0.0
3028,0.0
3029,0.0
3030,0.0
3031,0.0
3032,0.0
3033,0.0
3034,0.0
3035,0.0
3036,0.0
3037,0.0
3038,0.0
3039,0.0
3040,0.0
3041,0.0
3042,0.0
3043,0.0
3044,0.0
3045,0.0
3046,0.0
3047,0.0
3048,0.0
3049,0.0
3050,0.0
3051,0.0
3052,0.0
3053,0.0
3054,0.0
3055,0.0
3056,0.0
3057,0.0
3058,0.0
3059,0.0
3060,0.0
3061,0.0
3062,0.0
3063,0.0
3064,0.0
3065,0.0
3066,0.0
3067,0.0
3068,0.0
3069,0.0
3070,0.0
3071,0.0
3072,0.0
3073,0.0
3074,0.0
3075,0.0
3076,0.0
3077,0.0
3078,0.0
3079,0.0
3080,0.0
3081,0.0
3082,0.0
3083,0.0
3084,0.0
3085,0.0
3086,0.0
3087,0.0
3088,0.0
3089,0.0
3090,0.0
3091,0.0
3092,0.0
3093,0.0
3094,0.0
3095,0.0
3096,0.0
3097,0.0
3098,0.0
3099,0.0
3100,0.0
3101,0.0
3102,0.0
3103,0.0
3104,0.0
3105,0.0
3106,0.0
3107,0.0
3108,0.0
3109,0.0
3110,0.0
3111,0.0
3112,0.0
3113,0.0
3114,0.0
3115,0.0
3116,0.0
3117,0.0
3118,0.0
3119,0.0
3120,0.0
3121,0.0
3122,0.0
3123,0.0
3124,0.0
3125,0.0
3126,0.0
3127,0.0
3128,0.0
3129,0.0
3130,0.0
3131,0.0
3132,0.0
3133,0.0
3134,0.0
3135,0.0
3136,0.0
3137,0.0
3138,0.0
3139,0.0
3140,0.0
3141,0.0
3142,0.0
3143,0.0
3144,0.0
3145,0.0
3146,0.0
3147,0.0
3148,0.0
3149,0.0
3150,0.0
3151,0.0
3152,0.0
3153,0.0
3154,0.0
3155,0.0
3156,0.0
3157,0.0
3158,0.0
3159,0.0
3160,0.0
3161,0.0
3162,0.0
3163,0.0
3164,0.0
3165,0.0
3166,0.0
3167,0.0
3168,0.0
3169,0.0
3170,0.0
3171,0.0
3172,0.0
3173,0.0
3174,0.0
3175,0.0
3176,0.0
3177,0.0
3178,0.0
3179,0.0
3180,0.0
3181,0.0
3182,0.0
3183,0.0
3184,0.0
3185,0.0
3186,0.0
3187,0.0
3188,0.0
3189,0.0
3190,0.0
3191,0.0
3192,0.0
3193,0.0
3194,0.0
3195,0.0
3196,0.0
3197,0.0
3198,0.0
3199,0.0
3200,0.0
3201,0.0
3202,0.0
3203,0.0
3204,0.0
3205,0.0
3206,0.0
3207,0.0
3208,0.0
3209,0.0
3210,0.0
3211,0.0
3212,0.0
3213,0.0
3214,0.0
3215,0.0
3216,0.0
3217,0.0
3218,0.0
3219,0.0
3220,0.0
3221,0.0
3222,0.0
3223,0.0
3224,0.0
3225,0.0
3226,0.0
3227,0.0
3228,0.0
3229,0.0
3230,0.0
3231,0.0
3232,0.0
3233,0.0
3234,0.0
3235,0.0
3236,0.0
3237,0.0
3238,0.0
3239,0.0
3240,0.0
3241,0.0
3242,0.0
3243,0.0
3244,0.0
3245,0.0
3246,0.0
3247,0.0
3248,0.0
3249,0.0
3250,0.0
3251,0.0
3252,0.0
3253,0.0
3254,0.0
3255,0.0
3256,0.0
3257,0.0
3258,0.0
3259,0.0
3260,0.0
3261,0.0
3262,0.0
3263,0.0
3264,0.0
3265,0.0
3266,0.0
3267,0.0
3268,0.0
3269,0.0
3270,0.0
3271,0.0
3272,0.0
3273,0.0
3274,0.0
3275,0.0
3276,0.0
3277,0.0
3278,0.0
3279,0.0
3280,0.0
3281,0.0
3282,0.0
3283,0.0
3284,0.0
3285,0.0
3286,0.0
3287,0.0
3288,0.0
3289,0.0
3290,0.0
3291,0.0
3292,0.0
3293,0.0
3294,0.0
3295,0.0
3296,0.0
3297,0.0
3298,0.0
3299,0.0
3300,0.0
3301,0.0
3302,0.0
3303,0.0
3304,0.0
3305,0.0
3306,0.0
3307,0.0
3308,0.0
3309,0.0
3310,0.0
3311,0.0
3312,0.0
3313,0.0
3314,0.0
3315,0.0
3316,0.0
3317,0.0
3318,0.0
3319,0.0
3320,0.0
3321,0.0
3322,0.0
3323,0.0
3324,0.0
3325,0.0
3326,0.0
3327,0.0
3328,0.0
3329,0.0
3330,0.0
3331,0.0
3332,0.0
3333,0.0
3334,0.0
3335,0.0
3336,0.0
3337,0.0
3338,0.0
3339,0.0
3340,0.0
3341,0.0
3342,0.0
3343,0.0
3344,0.0
3345,0.0
3346,0.0
3347,0.0
3348,0.0
3349,0.0
3350,0.0
3351,0.0
3352,0.0
3353,0.0
3354,0.0
3355,0.0
3356,0.0
3357,0.0
3358,0.0
3359,0.0
3360,0.0
3361,0.0
3362,0.0
3363,0.0
3364,0.0
3365,0.0
3366,0.0
3367,0.0
3368,0.0
3369,0.0
3370,0.0
3371,0.0
3372,0.0
3373,0.0
3374,0.0
3375,0.0
3376,0.0
3377,0.0
3378,0.0
3379,0.0
3380,0.0
3381,0.0
3382,0.0
3383,0.0
3384,0.0
3385,0.0
3386,0.0
3387,0.0
3388,0.0
3389,0.0
3390,0.0
3391,0.0
3392,0.0
3393,0.0
3394,0.0
3395,0.0
3396,0.0
3397,0.0
3398,0.0
3399,0.0
3400,0.0
3401,0.0
3402,0.0
3403,0.0
3404,0.0
3405,0.0
3406,0.0
3407,0.0
3408,0.0
3409,0.0
3410,0.0
3411,0.0
3412,0.0
3413,0.0
3414,0.0
3415,0.0
3416,0.0
3417,0.0
3418,0.0
3419,0.0
3420,0.0
3421,0.0
3422,0.0
3423,0.0
3424,0.0
3425,0.0
3426,0.0
3427,0.0
3428,0.0
3429,0.0
3430,0.0
3431,0.0
3432,0.0
3433,0.0
3434,0.0
3435,0.0
3436,0.0
3437,0.0
3438,0.0
3439,0.0
3440,0.0
3441,0.0
3442,0.0
3443,0.0
3444,0.0
3445,0.0
3446,0.0
3447,0.0
3448,0.0
3449,0.0
3450,0.0
3451,0.0
3452,0.0
3453,0.0
3454,0.0
3455,0.0
3456,0.0
3457,0.0
3458,0.0
3459,0.0
3460,0.0
3461,0.0
3462,0.0
3463,0.0
3464,0.0
3465,0.0
3466,0.0
3467,0.0
3468,0.0
3469,0.0
3470,0.0
3471,0.0
3472,0.0
3473,0.0
3474,0.0
3475,0.0
3476,0.0
3477,0.0
3478,0.0
3479,0.0
3480,0.0
3481,0.0
3482,0.0
3483,0.0
3484,0.0
3485,0.0
3486,0.0
3487,0.0
3488,0.0
3489,0.0
3490,0.0
3491,0.0
3492,0.0
3493,0.0
3494,0.0
3495,0.0
3496,0.0
3497,0.0
3498,0.0
3499,0.0
3500,0.0
3501,0.0
3502,0.0
3503,0.0
3504,0.0
3505,0.0
3506,0.0
3507,0.0
3508,0.0
3509,0.0
3510,0.0
3511,0.0
3512,0.0
3513,0.0
3514,0.0
3515,0.0
3516,0.0
3517,0.0
3518,0.0
3519,0.0
3520,0.0
3521,0.0
3522,0.0
3523,0.0
3524,0.0
3525,0.0
3526,0.0
3527,0.0
3528,0.0
3529,0.0
3530,0.0
3531,0.0
3532,0.0
3533,0.0
3534,0.0
3535,0.0
3536,0.0
3537,0.0
3538,0.0
3539,0.0
3540,0.0
3541,0.0
3542,0.0
3543,0.0
3544,0.0
3545,0.0
3546,0.0
3547,0.0
3548,0.0
3549,0.0
3550,0.0
3551,0.0
3552,0.0
3553,0.0
3554,0.0
3555,0.0
3556,0.0
3557,0.0
3558,0.0
3559,0.0
3560,0.0
3561,0.0
3562,0.0
3563,0.0
3564,0.0
3565,0.0
3566,0.0
3567,0.0
3568,0.0
3569,0.0
3570,0.0
3571,0.0
3572,0.0
3573,0.0
3574,0.0
3575,0.0
3576,0.0
3577,0.0
3578,0.0
3579,0.0
3580,0.0
3581,0.0
3582,0.0
3583,0.0
3584,0.0
3585,0.0
3586,0.0
3587,0.0
3588,0.0
3589,0.0
3590,0.0
3591,0.0
3592,0.0
3593,0.0
3594,0.0
3595,0.0
3596,0.0
3597,0.0
3598,0.0
3599,0.0
3600,0.0
3601,0.0
3602,0.0
3603,0.0
3604,0.0
3605,0.0
3606,0.0
3607,0.0
3608,0.0
3609,0.0
3610,0.0
3611,0.0
3612,0.0
3613,0.0
3614,0.0
3615,0.0
3616,0.0
3617,0.0
3618,0.0
3619,0.0
3620,0.0
3621,0.0
3622,0.0
3623,0.0
3624,0.0
3625,0.0
3626,0.0
3627,0.0
3628,0.0
3629,0.0
3630,0.0
3631,0.0
3632,0.0
3633,0.0
3634,0.0
3635,0.0
3636,0.0
3637,0.0
3638,0.0
3639,0.0
3640,0.0
3641,0.0
3642,0.0
3643,0.0
3644,0.0
3645,0.0
3646,0.0
3647,0.0
3648,0.0
3649,0.0
3650,0.0
3651,0.0
3652,0.0
3653,0.0
3654,0.0
3655,0.0
3656,0.0
3657,0.0
3658,0.0
3659,0.0
3660,0.0
3661,0.0
3662,0.0
3663,0.0
3664,0.0
3665,0.0
3666,0.0
3667,0.0
3668,0.0
3669,0.0
3670,0.0
3671,0.0
3672,0.0
3673,0.0
3674,0.0
3675,0.0
3676,0.0
3677,0.0
3678,0.0
3679,0.0
3680,0.0
3681,0.0
3682,0.0
3683,0.0
3684,0.0
3685,0.0
3686,0.0
3687,0.0
3688,0.0
3689,0.0
3690,0.0
3691,0.0
3692,0.0
3693,0.0
3694,0.0
3695,0.0
3696,0.0
3697,0.0
3698,0.0
3699,0.0
3700,0.0
3701,0.0
3702,0.0
3703,0.0
3704,0.0
3705,0.0
3706,0.0
3707,0.0
3708,0.0
3709,0.0
3710,0.0
3711,0.0
3712,0.0
3713,0.0
3714,0.0
3715,0.0
3716,0.0
3717,0.0
3718,0.0
3719,0.0
3720,0.0
3721,0.0
3722,0.0
3723,0.0
3724,0.0
3725,0.0
3726,0.0
3727,0.0
3728,0.0
3729,0.0
3730,0.0
3731,0.0
3732,0.0
3733,0.0
3734,0.0
3735,0.0
3736,0.0
3737,0.0
3738,0.0
3739,0.0
3740,0.0
3741,0.0
3742,0.0
3743,0.0
3744,0.0
3745,0.0
3746,0.0
3747,0.0
3748,0.0
3749,0.0
3750,0.0
3751,0.0
3752,0.0
3753,0.0
3754,0.0
3755,0.0
3756,0.0
3757,0.0
3758,0.0
3759,0.0
3760,0.0
3761,0.0
3762,0.0
3763,0.0
3764,0.0
3765,0.0
3766,0.0
3767,0.0
3768,0.0
3769,0.0
3770,0.0
3771,0.0
3772,0.0
3773,0.0
3774,0.0
3775,0.0
3776,0.0
3777,0.0
3778,0.0
3779,0.0
3780,0.0
3781,0.0
3782,0.0
3783,0.0
3784,0.0
3785,0.0
3786,0.0
3787,0.0
3788,0.0
3789,0.0
3790,0.0
3791,0.0
3792,0.0
3793,0.0
3794,0.0
3795,0.0
3796,0.0
3797,0.0
3798,0.0
3799,0.0
3800,0.0
3801,0.0
3802,0.0
3803,0.0
3804,0.0
3805,0.0
3806,0.0
3807,0.0
3808,0.0
3809,0.0
3810,0.0
3811,0.0
3812,0.0
3813,0.0
3814,0.0
3815,0.0
3816,0.0
3817,0.0
3818,0.0
3819,0.0
3820,0.0
3821,0.0
3822,0.0
3823,0.0
3824,0.0
3825,0.0
3826,0.0
3827,0.0
3828,0.0
3829,0.0
3830,0.0
3831,0.0
3832,0.0
3833,0.0
3834,0.0
3835,0.0
3836,0.0
3837,0.0
3838,0.0
3839,0.0
3840,0.0
3841,0.0
3842,0.0
3843,0.0
3844,0.0
3845,0.0
3846,0.0
3847,0.0
3848,0.0
3849,0.0
3850,0.0
3851,0.0
3852,0.0
3853,0.0
3854,0.0
3855,0.0
3856,0.0
3857,0.0
3858,0.0
3859,0.0
3860,0.0
3861,0.0
3862,0.0
3863,0.0
3864,0.0
3865,0.0
3866,0.0
3867,0.0
3868,0.0
3869,0.0
3870,0.0
3871,0.0
3872,0.0
3873,0.0
3874,0.0
3875,0.0
3876,0.0
3877,0.0
3878,0.0
3879,0.0
3880,0.0
3881,0.0
3882,0.0
3883,0.0
3884,0.0
3885,0.0
3886,0.0
3887,0.0
3888,0.0
3889,0.0
3890,0.0
3891,0.0
3892,0.0
3893,0.0
3894,0.0
3895,0.0
3896,0.0
3897,0.0
3898,0.0
3899,0.0
3900,0.0
3901,0.0
3902,0.0
3903,0.0
3904,0.0
3905,0.0
3906,0.0
3907,0.0
3908,0.0
3909,0.0
3910,0.0
3911,0.0
3912,0.0
3913,0.0
3914,0.0
3915,0.0
3916,0.0
3917,0.0
3918,0.0
3919,0.0
3920,0.0
3921,0.0
3922,0.0
3923,0.0
3924,0.0
3925,0.0
3926,0.0
3927,0.0
3928,0.0
3929,0.0
3930,0.0
3931,0.0
3932,0.0
3933,0.0
3934,0.0
3935,0.0
3936,0.0
3937,0.0
3938,0.0
3939,0.0
3940,0.0
3941,0.0
3942,0.0
3943,0.0
3944,0.0
3945,0.0
3946,0.0
3947,0.0
3948,0.0
3949,0.0
3950,0.0
3951,0.0
3952,0.0
3953,0.0
3954,0.0
3955,0.0
3956,0.0
3957,0.0
3958,0.0
3959,0.0
3960,0.0
3961,0.0
3962,0.0
3963,0.0
3964,0.0
3965,0.0
3966,0.0
3967,0.0
3968,0.0
3969,0.0
3970,0.0
3971,0.0
3972,0.0
3973,0.0
3974,0.0
3975,0.0
3976,0.0
3977,0.0
3978,0.0
3979,0.0
3980,0.0
3981,0.0
3982,0.0
3983,0.0
3984,0.0
3985,0.0
3986,0.0
3987,0.0
3988,0.0
3989,0.0
3990,0.0
3991,0.0
3992,0.0
3993,0.0
3994,0.0
3995,0.0
3996,0.0
3997,0.0
3998,0.0
3999,0.0
4000,0.0
4001,0.0
4002,0.0
4003,0.0
4004,0.0
4005,0.0
4006,0.0
4007,0.0
4008,0.0
4009,0.0
4010,0.0
4011,0.0
4012,0.0
4013,0.0
4014,0.0
4015,0.0
4016,0.0
4017,0.0
4018,0.0
4019,0.0
4020,0.0
4021,0.0
4022,0.0
4023,0.0
4024,0.0
4025,0.0
4026,0.0
4027,0.0
4028,0.0
4029,0.0
4030,0.0
4031,0.0
4032,0.0
4033,0.0
4034,0.0
4035,0.0
4036,0.0
4037,0.0
4038,0.0
4039,0.0
4040,0.0
4041,0.0
4042,0.0
4043,0.0
4044,0.0
4045,0.0
4046,0.0
4047,0.0
4048,0.0
4049,0.0
4050,0.0
4051,0.0
4052,0.0
4053,0.0
4054,0.0
4055,0.0
4056,0.0
4057,0.0
4058,0.0
4059,0.0
4060,0.0
4061,0.0
4062,0.0
4063,0.0
4064,0.0
4065,0.0
4066,0.0
4067,0.0
4068,0.0
4069,0.0
4070,0.0
4071,0.0
4072,0.0
4073,0.0
4074,0.0
4075,0.0
4076,0.0
4077,0.0
4078,0.0
4079,0.0
4080,0.0
4081,0.0
4082,0.0
4083,0.0
4084,0.0
4085,0.0
4086,0.0
4087,0.0
4088,0.0
4089,0.0
4090,0.0
4091,0.0
4092,0.0
4093,0.0
4094,0.0
4095,0.0
4096,0.0
4097,0.0
4098,0.0
4099,0.0
4100,0.0
4101,0.0
4102,0.0
4103,0.0
4104,0.0
4105,0.0
4106,0.0
4107,0.0
4108,0.0
4109,0.0
4110,0.0
4111,0.0
4112,0.0
4113,0.0
4114,0.0
4115,0.0
4116,0.0
4117,0.0
4118,0.0
4119,0.0
4120,0.0
4121,0.0
4122,0.0
4123,0.0
4124,0.0
4125,0.0
4126,0.0
4127,0.0
4128,0.0
4129,0.0
4130,0.0
4131,0.0
4132,0.0
4133,0.0
4134,0.0
4135,0.0
4136,0.0
4137,0.0
4138,0.0
4139,0.0
4140,0.0
4141,0.0
4142,0.0
4143,0.0
4144,0.0
4145,0.0
4146,0.0
4147,0.0
4148,0.0
4149,0.0
4150,0.0
4151,0.0
4152,0.0
4153,0.0
4154,0.0
4155,0.0
4156,0.0
4157,0.0
4158,0.0
4159,0.0
4160,0.0
4161,0.0
4162,0.0
4163,0.0
4164,0.0
4165,0.0
4166,0.0
4167,0.0
4168,0.0
4169,0.0
4170,0.0
4171,0.0
4172,0.0
4173,0.0
4174,0.0
4175,0.0
4176,0.0
4177,0.0
4178,0.0
4179,0.0
4180,0.0
4181,0.0
4182,0.0
4183,0.0
4184,0.0
4185,0.0
4186,0.0
4187,0.0
4188,0.0
4189,0.0
4190,0.0
4191,0.0
4192,0.0
4193,0.0
4194,0.0
4195,0.0
4196,0.0
4197,0.0
4198,0.0
4199,0.0
4200,0.0
4201,0.0
4202,0.0
4203,0.0
4204,0.0
4205,0.0
4206,0.0
4207,0.0
4208,0.0
4209,0.0
4210,0.0
4211,0.0
4212,0.0
4213,0.0
4214,0.0
4215,0.0
4216,0.0
4217,0.0
4218,0.0
4219,0.0
4220,0.0
4221,0.0
4222,0.0
4223,0.0
4224,0.0
4225,0.0
4226,0.0
4227,0.0
4228,0.0
4229,0.0
4230,0.0
4231,0.0
4232,0.0
4233,0.0
4234,0.0
4235,0.0
4236,0.0
4237,0.0
4238,0.0
4239,0.0
4240,0.0
4241,0.0
4242,0.0
4243,0.0
4244,0.0
4245,0.0
4246,0.0
4247,0.0
4248,0.0
4249,0.0
4250,0.0
4251,0.0
4252,0.0
4253,0.0
4254,0.0
4255,0.0
4256,0.0
4257,0.0
4258,0.0
4259,0.0
4260,0.0
4261,0.0
4262,0.0
4263,0.0
4264,0.0
4265,0.0
4266,0.0
4267,0.0
4268,0.0
4269,0.0
4270,0.0
4271,0.0
4272,0.0
4273,0.0
4274,0.0
4275,0.0
4276,0.0
4277,0.0
4278,0.0
4279,0.0
4280,0.0
4281,0.0
4282,0.0
4283,0.0
4284,0.0
4285,0.0
4286,0.0
4287,0.0
4288,0.0
4289,0.0
4290,0.0
4291,0.0
4292,0.0
4293,0.0
4294,0.0
4295,0.0
4296,0.0
4297,0.0
4298,0.0
4299,0.0
4300,0.0
4301,0.0
4302,0.0
4303,0.0
4304,0.0
4305,0.0
4306,0.0
4307,0.0
4308,0.0
4309,0.0
4310,0.0
4311,0.0
4312,0.0
4313,0.0
4314,0.0
4315,0.0
4316,0.0
4317,0.0
4318,0.0
4319,0.0
4320,0.0
4321,0.0
4322,0.0
4323,0.0
4324,0.0
4325,0.0
4326,0.0
4327,0.0
4328,0.0
4329,0.0
4330,0.0
4331,0.0
4332,0.0
4333,0.0
4334,0.0
4335,0.0
4336,0.0
4337,0.0
4338,0.0
4339,0.0
4340,0.0
4341,0.0
4342,0.0
4343,0.0
4344,0.0
4345,0.0
4346,0.0
4347,0.0
4348,0.0
4349,0.0
4350,0.0
4351,0.0
4352,0.0
4353,0.0
4354,0.0
4355,0.0
4356,0.0
4357,0.0
4358,0.0
4359,0.0
4360,0.0
4361,0.0
4362,0.0
4363,0.0
4364,0.0
4365,0.0
4366,0.0
4367,0.0
4368,0.0
4369,0.0
4370,0.0
4371,0.0
4372,0.0
4373,0.0
4374,0.0
4375,0.0
4376,0.0
4377,0.0
4378,0.0
4379,0.0
4380,0.0
4381,0.0
4382,0.0
4383,0.0
4384,0.0
4385,0.0
4386,0.0
4387,0.0
4388,0.0
4389,0.0
4390,0.0
4391,0.0
4392,0.0
4393,0.0
4394,0.0
4395,0.0
4396,0.0
4397,0.0
4398,0.0
4399,0.0
4400,0.0
4401,0.0
4402,0.0
4403,0.0
4404,0.0
4405,0.0
4406,0.0
4407,0.0
4408,0.0
4409,0.0
4410,0.0
4411,0.0
4412,0.0
4413,0.0
4414,0.0
4415,0.0
4416,0.0
4417,0.0
4418,0.0
4419,0.0
4420,0.0
4421,0.0
4422,0.0
4423,0.0
4424,0.0
4425,0.0
4426,0.0
4427,0.0
4428,0.0
4429,0.0
4430,0.0
4431,0.0
4432,0.0
4433,0.0
4434,0.0
4435,0.0
4436,0.0
4437,0.0
4438,0.0
4439,0.0
4440,0.0
4441,0.0
4442,0.0
4443,0.0
4444,0.0
4445,0.0
4446,0.0
4447,0.0
4448,0.0
4449,0.0
4450,0.0
4451,0.0
4452,0.0
4453,0.0
4454,0.0
4455,0.0
4456,0.0
4457,0.0
4458,0.0
4459,0.0
4460,0.0
4461,0.0
4462,0.0
4463,0.0
4464,0.0
4465,0.0
4466,0.0
4467,0.0
4468,0.0
4469,0.0
4470,0.0
4471,0.0
4472,0.0
4473,0.0
4474,0.0
4475,0.0
4476,0.0
4477,0.0
4478,0.0
4479,0.0
4480,0.0
4481,0.0
4482,0.0
4483,0.0
4484,0.0
4485,0.0
4486,0.0
4487,0.0
4488,0.0
4489,0.0
4490,0.0
4491,0.0
4492,0.0
4493,0.0
4494,0.0
4495,0.0
4496,0.0
4497,0.0
4498,0.0
4499,0.0
4500,0.0
4501,0.0
4502,0.0
4503,0.0
4504,0.0
4505,0.0
4506,0.0
4507,0.0
4508,0.0
4509,0.0
4510,0.0
4511,0.0
4512,0.0
4513,0.0
4514,0.0
4515,0.0
4516,0.0
4517,0.0
4518,0.0
4519,0.0
4520,0.0
4521,0.0
4522,0.0
4523,0.0
4524,0.0
4525,0.0
4526,0.0
4527,0.0
4528,0.0
4529,0.0
4530,0.0
4531,0.0
4532,0.0
4533,0.0
4534,0.0
4535,0.0
4536,0.0
4537,0.0
4538,0.0
4539,0.0
4540,0.0
4541,0.0
4542,0.0
4543,0.0
4544,0.0
4545,0.0
4546,0.0
4547,0.0
4548,0.0
4549,0.0
4550,0.0
4551,0.0
4552,0.0
4553,0.0
4554,0.0
4555,0.0
4556,0.0
4557,0.0
4558,0.0
4559,0.0
4560,0.0
4561,0.0
4562,0.0
4563,0.0
4564,0.0
4565,0.0
4566,0.0
4567,0.0
4568,0.0
4569,0.0
4570,0.0
4571,0.0
4572,0.0
4573,0.0
4574,0.0
4575,0.0
4576,0.0
4577,0.0
4578,0.0
4579,0.0
4580,0.0
4581,0.0
4582,0.0
4583,0.0
4584,0.0
4585,0.0
4586,0.0
4587,0.0
4588,0.0
4589,0.0
4590,0.0
4591,0.0
4592,0.0
4593,0.0
4594,0.0
4595,0.0
4596,0.0
4597,0.0
4598,0.0
4599,0.0
4600,0.0
4601,0.0
4602,0.0
4603,0.0
4604,0.0
4605,0.0
4606,0.0
4607,0.0
4608,0.0
4609,0.0
4610,0.0
4611,0.0
4612,0.0
4613,0.0
4614,0.0
4615,0.0
4616,0.0
4617,0.0
4618,0.0
4619,0.0
4620,0.0
4621,0.0
4622,0.0
4623,0.0
4624,0.0
4625,0.0
4626,0.0
4627,0.0
4628,0.0
4629,0.0
4630,0.0
4631,0.0
4632,0.0
4633,0.0
4634,0.0
4635,0.0
4636,0.0
4637,0.0
4638,0.0
4639,0.0
4640,0.0
4641,0.0
4642,0.0
4643,0.0
4644,0.0
4645,0.0
4646,0.0
4647,0.0
4648,0.0
4649,0.0
4650,0.0
4651,0.0
4652,0.0
4653,0.0
4654,0.0
4655,0.0
4656,0.0
4657,0.0
4658,0.0
4659,0.0
4660,0.0
4661,0.0
4662,0.0
4663,0.0
4664,0.0
4665,0.0
4666,0.0
4667,0.0
4668,0.0
4669,0.0
4670,0.0
4671,0.0
4672,0.0
4673,0.0
4674,0.0
4675,0.0
4676,0.0
4677,0.0
4678,0.0
4679,0.0
4680,0.0
4681,0.0
4682,0.0
4683,0.0
4684,0.0
4685,0.0
4686,0.0
4687,0.0
4688,0.0
4689,0.0
4690,0.0
4691,0.0
4692,0.0
4693,0.0
4694,0.0
4695,0.0
4696,0.0
4697,0.0
4698,0.0
4699,0.0
4700,0.0
4701,0.0
4702,0.0
4703,0.0
4704,0.0
4705,0.0
4706,0.0
4707,0.0
4708,0.0
4709,0.0
4710,0.0
4711,0.0
4712,0.0
4713,0.0
4714,0.0
4715,0.0
4716,0.0
4717,0.0
4718,0.0
4719,0.0
4720,0.0
4721,0.0
4722,0.0
4723,0.0
4724,0.0
4725,0.0
4726,0.0
4727,0.0
4728,0.0
4729,0.0
4730,0.0
4731,0.0
4732,0.0
4733,0.0
4734,0.0
4735,0.0
4736,0.0
4737,0.0
4738,0.0
4739,0.0
4740,0.0
4741,0.0
4742,0.0
4743,0.0
4744,0.0
4745,0.0
4746,0.0
4747,0.0
4748,0.0
4749,0.0
4750,0.0
4751,0.0
4752,0.0
4753,0.0
4754,0.0
4755,0.0
4756,0.0
4757,0.0
4758,0.0
4759,0.0
4760,0.0
4761,0.0
4762,0.0
4763,0.0
4764,0.0
4765,0.0
4766,0.0
4767,0.0
4768,0.0
4769,0.0
4770,0.0
4771,0.0
4772,0.0
4773,0.0
4774,0.0
4775,0.0
4776,0.0
4777,0.0
4778,0.0
4779,0.0
4780,0.0
4781,0.0
4782,0.0
4783,0.0
4784,0.0
4785,0.0
4786,0.0
4787,0.0
4788,0.0
4789,0.0
4790,0.0
4791,0.0
4792,0.0
4793,0.0
4794,0.0
4795,0.0
4796,0.0
4797,0.0
4798,0.0
4799,0.0
4800,0.0
4801,0.0
4802,0.0
4803,0.0
4804,0.0
4805,0.0
4806,0.0
4807,0.0
4808,0.0
4809,0.0
4810,0.0
4811,0.0
4812,0.0
4813,0.0
4814,0.0
4815,0.0
4816,0.0
4817,0.0
4818,0.0
4819,0.0
4820,0.0
4821,0.0
4822,0.0
4823,0.0
4824,0.0
4825,0.0
4826,0.0
4827,0.0
4828,0.0
4829,0.0
4830,0.0
4831,0.0
4832,0.0
4833,0.0
4834,0.0
4835,0.0
4836,0.0
4837,0.0
4838,0.0
4839,0.0
4840,0.0
4841,0.0
4842,0.0
4843,0.0
4844,0.0
4845,0.0
4846,0.0
4847,0.0
4848,0.0
4849,0.0
4850,0.0
4851,0.0
4852,0.0
4853,0.0
4854,0.0
4855,0.0
4856,0.0
4857,0.0
4858,0.0
4859,0.0
4860,0.0
4861,0.0
4862,0.0
4863,0.0
4864,0.0
4865,0.0
4866,0.0
4867,0.0
4868,0.0
4869,0.0
4870,0.0
4871,0.0
4872,0.0
4873,0.0
4874,0.0
4875,0.0
4876,0.0
4877,0.0
4878,0.0
4879,0.0
4880,0.0
4881,0.0
4882,0.0
4883,0.0
4884,0.0
4885,0.0
4886,0.0
4887,0.0
4888,0.0
4889,0.0
4890,0.0
4891,0.0
4892,0.0
4893,0.0
4894,0.0
4895,0.0
4896,0.0
4897,0.0
4898,0.0
4899,0.0
4900,0.0
4901,0.0
4902,0.0
4903,0.0
4904,0.0
4905,0.0
4906,0.0
4907,0.0
4908,0.0
4909,0.0
4910,0.0
4911,0.0
4912,0.0
4913,0.0
4914,0.0
4915,0.0
4916,0.0
4917,0.0
4918,0.0
4919,0.0
4920,0.0
4921,0.0
4922,0.0
4923,0.0
4924,0.0
4925,0.0
4926,0.0
4927,0.0
4928,0.0
4929,0.0
4930,0.0
4931,0.0
4932,0.0
4933,0.0
4934,0.0
4935,0.0
4936,0.0
4937,0.0
4938,0.0
4939,0.0
4940,0.0
4941,0.0
4942,0.0
4943,0.0
4944,0.0
4945,0.0
4946,0.0
4947,0.0
4948,0.0
4949,0.0
4950,0.0
4951,0.0
4952,0.0
4953,0.0
4954,0.0
4955,0.0
4956,0.0
4957,0.0
4958,0.0
4959,0.0
4960,0.0
4961,0.0
4962,0.0
4963,0.0
4964,0.0
4965,0.0
4966,0.0
4967,0.0
4968,0.0
4969,0.0
4970,0.0
4971,0.0
4972,0.0
4973,0.0
4974,0.0
4975,0.0
4976,0.0
4977,0.0
4978,0.0
4979,0.0
4980,0.0
4981,0.0
4982,0.0
4983,0.0
4984,0.0
4985,0.0
4986,0.0
4987,0.0
4988,0.0
4989,0.0
4990,0.0
4991,0.0
4992,0.0
4993,0.0
4994,0.0
4995,0.0
4996,0.0
4997,0.0
4998,0.0
4999,0.0
5000,0.0
5001,0.0
5002,0.0
5003,0.0
5004,0.0
5005,0.0
5006,0.0
5007,0.0
5008,0.0
5009,0.0
5010,0.0
5011,0.0
5012,0.0
5013,0.0
5014,0.0
5015,0.0
5016,0.0
5017,0.0
5018,0.0
5019,0.0
5020,0.0
5021,0.0
5022,0.0
5023,0.0
5024,0.0
5025,0.0
5026,0.0
5027,0.0
5028,0.0
5029,0.0
5030,0.0
5031,0.0
5032,0.0
5033,0.0
5034,0.0
5035,0.0
5036,0.0
5037,0.0
5038,0.0
5039,0.0
5040,0.0
5041,0.0
5042,0.0
5043,0.0
5044,0.0
5045,0.0
5046,0.0
5047,0.0
5048,0.0
5049,0.0
5050,0.0
5051,0.0
5052,0.0
5053,0.0
5054,0.0
5055,0.0
5056,0.0
5057,0.0
5058,0.0
5059,0.0
5060,0.0
5061,0.0
5062,0.0
5063,0.0
5064,0.0
5065,0.0
5066,0.0
5067,0.0
5068,0.0
5069,0.0
5070,0.0
5071,0.0
5072,0.0
5073,0.0
5074,0.0
5075,0.0
5076,0.0
5077,0.0
5078,0.0
5079,0.0
5080,0.0
5081,0.0
5082,0.0
5083,0.0
5084,0.0
5085,0.0
5086,0.0
5087,0.0
5088,0.0
5089,0.0
5090,0.0
5091,0.0
5092,0.0
5093,0.0
5094,0.0
5095,0.0
5096,0.0
5097,0.0
5098,0.0
5099,0.0
5100,0.0
5101,0.0
5102,0.0
5103,0.0
5104,0.0
5105,0.0
5106,0.0
5107,0.0
5108,0.0
5109,0.0
5110,0.0
5111,0.0
5112,0.0
5113,0.0
5114,0.0
5115,0.0
5116,0.0
5117,0.0
5118,0.0
5119,0.0
5120,0.0
5121,0.0
5122,0.0
5123,0.0
5124,0.0
5125,0.0
5126,0.0
5127,0.0
5128,0.0
5129,0.0
5130,0.0
5131,0.0
5132,0.0
5133,0.0
5134,0.0
5135,0.0
5136,0.0
5137,0.0
5138,0.0
5139,0.0
5140,0.0
5141,0.0
5142,0.0
5143,0.0
5144,0.0
5145,0.0
5146,0.0
5147,0.0
5148,0.0
5149,0.0
5150,0.0
5151,0.0
5152,0.0
5153,0.0
5154,0.0
5155,0.0
5156,0.0
5157,0.0
5158,0.0
5159,0.0
5160,0.0
5161,0.0
5162,0.0
5163,0.0
5164,0.0
5165,0.0
5166,0.0
5167,0.0
5168,0.0
5169,0.0
5170,0.0
5171,0.0
5172,0.0
5173,0.0
5174,0.0
5175,0.0
5176,0.0
5177,0.0
5178,0.0
5179,0.0
5180,0.0
5181,0.0
5182,0.0
5183,0.0
5184,0.0
5185,0.0
5186,0.0
5187,0.0
5188,0.0
5189,0.0
5190,0.0
5191,0.0
5192,0.0
5193,0.0
5194,0.0
5195,0.0
5196,0.0
5197,0.0
5198,0.0
5199,0.0
5200,0.0
5201,0.0
5202,0.0
5203,0.0
5204,0.0
5205,0.0
5206,0.0
5207,0.0
5208,0.0
5209,0.0
5210,0.0
5211,0.0
5212,0.0
5213,0.0
5214,0.0
5215,0.0
5216,0.0
5217,0.0
5218,0.0
5219,0.0
5220,0.0
5221,0.0
5222,0.0
5223,0.0
5224,0.0
5225,0.0
5226,0.0
5227,0.0
5228,0.0
5229,0.0
5230,0.0
5231,0.0
5232,0.0
5233,0.0
5234,0.0
5235,0.0
5236,0.0
5237,0.0
5238,0.0
5239,0.0
5240,0.0
5241,0.0
5242,0.0
5243,0.0
5244,0.0
5245,0.0
5246,0.0
5247,0.0
5248,0.0
5249,0.0
5250,0.0
5251,0.0
5252,0.0
5253,0.0
5254,0.0
5255,0.0
5256,0.0
5257,0.0
5258,0.0
5259,0.0
5260,0.0
5261,0.0
5262,0.0
5263,0.0
5264,0.0
5265,0.0
5266,0.0
5267,0.0
5268,0.0
5269,0.0
5270,0.0
5271,0.0
5272,0.0
5273,0.0
5274,0.0
5275,0.0
5276,0.0
5277,0.0
5278,0.0
5279,0.0
5280,0.0
5281,0.0
5282,0.0
5283,0.0
5284,0.0
5285,0.0
5286,0.0
5287,0.0
5288,0.0
5289,0.0
5290,0.0
5291,0.0
5292,0.0
5293,0.0
5294,0.0
5295,0.0
5296,0.0
5297,0.0
5298,0.0
5299,0.0
5300,0.0
5301,0.0
5302,0.0
5303,0.0
5304,0.0
5305,0.0
5306,0.0
5307,0.0
5308,0.0
5309,0.0
5310,0.0
5311,0.0
5312,0.0
5313,0.0
5314,0.0
5315,0.0
5316,0.0
5317,0.0
5318,0.0
5319,0.0
5320,0.0
5321,0.0
5322,0.0
5323,0.0
5324,0.0
5325,0.0
5326,0.0
5327,0.0
5328,0.0
5329,0.0
5330,0.0
5331,0.0
5332,0.0
5333,0.0
5334,0.0
5335,0.0
5336,0.0
5337,0.0
5338,0.0
5339,0.0
5340,0.0
5341,0.0
5342,0.0
5343,0.0
5344,0.0
5345,0.0
5346,0.0
5347,0.0
5348,0.0
5349,0.0
5350,0.0
5351,0.0
5352,0.0
5353,0.0
5354,0.0
5355,0.0
5356,0.0
5357,0.0
5358,0.0
5359,0.0
5360,0.0
5361,0.0
5362,0.0
5363,0.0
5364,0.0
5365,0.0
5366,0.0
5367,0.0
5368,0.0
5369,0.0
5370,0.0
5371,0.0
5372,0.0
5373,0.0
5374,0.0
5375,0.0
5376,0.0
5377,0.0
5378,0.0
5379,0.0
5380,0.0
5381,0.0
5382,0.0
5383,0.0
5384,0.0
5385,0.0
5386,0.0
5387,0.0
5388,0.0
5389,0.0
5390,0.0
5391,0.0
5392,0.0
5393,0.0
5394,0.0
5395,0.0
5396,0.0
5397,0.0
5398,0.0
5399,0.0
5400,0.0
5401,0.0
5402,0.0
5403,0.0
5404,0.0
5405,0.0
5406,0.0
5407,0.0
5408,0.0
5409,0.0
5410,0.0
5411,0.0
5412,0.0
5413,0.0
5414,0.0
5415,0.0
5416,0.0
5417,0.0
5418,0.0
5419,0.0
5420,0.0
5421,0.0
5422,0.0
5423,0.0
5424,0.0
5425,0.0
5426,0.0
5427,0.0
5428,0.0
5429,0.0
5430,0.0
5431,0.0
5432,0.0
5433,0.0
5434,0.0
5435,0.0
5436,0.0
5437,0.0
5438,0.0
5439,0.0
5440,0.0
5441,0.0
5442,0.0
5443,0.0
5444,0.0
5445,0.0
5446,0.0
5447,0.0
5448,0.0
5449,0.0
5450,0.0
5451,0.0
5452,0.0
5453,0.0
5454,0.0
5455,0.0
5456,0.0
5457,0.0
5458,0.0
5459,0.0
5460,0.0
5461,0.0
5462,0.0
5463,0.0
5464,0.0
5465,0.0
5466,0.0
5467,0.0
5468,0.0
5469,0.0
5470,0.0
5471,0.0
5472,0.0
5473,0.0
5474,0.0
5475,0.0
5476,0.0
5477,0.0
5478,0.0
5479,0.0
5480,0.0
5481,0.0
5482,0.0
5483,0.0
5484,0.0
5485,0.0
5486,0.0
5487,0.0
5488,0.0
5489,0.0
5490,0.0
5491,0.0
5492,0.0
5493,0.0
5494,0.0
5495,0.0
5496,0.0
5497,0.0
5498,0.0
5499,0.0
5500,0.0
5501,0.0
5502,0.0
5503,0.0
5504,0.0
5505,0.0
5506,0.0
5507,0.0
5508,0.0
5509,0.0
5510,0.0
5511,0.0
5512,0.0
5513,0.0
5514,0.0
5515,0.0
5516,0.0
5517,0.0
5518,0.0
5519,0.0
5520,0.0
5521,0.0
5522,0.0
5523,0.0
5524,0.0
5525,0.0
5526,0.0
5527,0.0
5528,0.0
5529,0.0
5530,0.0
5531,0.0
5532,0.0
5533,0.0
5534,0.0
5535,0.0
5536,0.0
5537,0.0
5538,0.0
5539,0.0
5540,0.0
5541,0.0
5542,0.0
5543,0.0
5544,0.0
5545,0.0
5546,0.0
5547,0.0
5548,0.0
5549,0.0
5550,0.0
5551,0.0
5552,0.0
5553,0.0
5554,0.0
5555,0.0
5556,0.0
5557,0.0
5558,0.0
5559,0.0
5560,0.0
5561,0.0
5562,0.0
5563,0.0
5564,0.0
5565,0.0
5566,0.0
5567,0.0
5568,0.0
5569,0.0
5570,0.0
5571,0.0
5572,0.0
5573,0.0
5574,0.0
5575,0.0
5576,0.0
5577,0.0
5578,0.0
5579,0.0
5580,0.0
5581,0.0
5582,0.0
5583,0.0
5584,0.0
5585,0.0
5586,0.0
5587,0.0
5588,0.0
5589,0.0
5590,0.0
5591,0.0
5592,0.0
5593,0.0
5594,0.0
5595,0.0
5596,0.0
5597,0.0
5598,0.0
5599,0.0
5600,0.0
5601,0.0
5602,0.0
5603,0.0
5604,0.0
5605,0.0
5606,0.0
5607,0.0
5608,0.0
5609,0.0
5610,0.0
5611,0.0
5612,0.0
5613,0.0
5614,0.0
5615,0.0
5616,0.0
5617,0.0
5618,0.0
5619,0.0
5620,0.0
5621,0.0
5622,0.0
5623,0.0
5624,0.0
5625,0.0
5626,0.0
5627,0.0
5628,0.0
5629,0.0
5630,0.0
5631,0.0
5632,0.0
5633,0.0
5634,0.0
5635,0.0
5636,0.0
5637,0.0
5638,0.0
5639,0.0
5640,0.0
5641,0.0
5642,0.0
5643,0.0
5644,0.0
5645,0.0
5646,0.0
5647,0.0
5648,0.0
5649,0.0
5650,0.0
5651,0.0
5652,0.0
5653,0.0
5654,0.0
5655,0.0
5656,0.0
5657,0.0
5658,0.0
5659,0.0
5660,0.0
5661,0.0
5662,0.0
5663,0.0
5664,0.0
5665,0.0
5666,0.0
5667,0.0
5668,0.0
5669,0.0
5670,0.0
5671,0.0
5672,0.0
5673,0.0
5674,0.0
5675,0.0
5676,0.0
5677,0.0
5678,0.0
5679,0.0
5680,0.0
5681,0.0
5682,0.0
5683,0.0
5684,0.0
5685,0.0
5686,0.0
5687,0.0
5688,0.0
5689,0.0
5690,0.0
5691,0.0
5692,0.0
5693,0.0
5694,0.0
5695,0.0
5696,0.0
5697,0.0
5698,0.0
5699,0.0
5700,0.0
5701,0.0
5702,0.0
5703,0.0
5704,0.0
5705,0.0
5706,0.0
5707,0.0
5708,0.0
5709,0.0
5710,0.0
5711,0.0
5712,0.0
5713,0.0
5714,0.0
5715,0.0
5716,0.0
5717,0.0
5718,0.0
5719,0.0
5720,0.0
5721,0.0
5722,0.0
5723,0.0
5724,0.0
5725,0.0
5726,0.0
5727,0.0
5728,0.0
5729,0.0
5730,0.0
5731,0.0
5732,0.0
5733,0.0
5734,0.0
5735,0.0
5736,0.0
5737,0.0
5738,0.0
5739,0.0
5740,0.0
5741,0.0
5742,0.0
5743,0.0
5744,0.0
5745,0.0
5746,0.0
5747,0.0
5748,0.0
5749,0.0
5750,0.0
5751,0.0
5752,0.0
5753,0.0
5754,0.0
5755,0.0
5756,0.0
5757,0.0
5758,0.0
5759,0.0
5760,0.0
5761,0.0
5762,0.0
5763,0.0
5764,0.0
5765,0.0
5766,0.0
5767,0.0
5768,0.0
5769,0.0
5770,0.0
5771,0.0
5772,0.0
5773,0.0
5774,0.0
5775,0.0
5776,0.0
5777,0.0
5778,0.0
5779,0.0
5780,0.0
5781,0.0
5782,0.0
5783,0.0
5784,0.0
5785,0.0
5786,0.0
5787,0.0
5788,0.0
5789,0.0
5790,0.0
5791,0.0
5792,0.0
5793,0.0
5794,0.0
5795,0.0
5796,0.0
5797,0.0
5798,0.0
5799,0.0
5800,0.0
5801,0.0
5802,0.0
5803,0.0
5804,0.0
5805,0.0
5806,0.0
5807,0.0
5808,0.0
5809,0.0
5810,0.0
5811,0.0
5812,0.0
5813,0.0
5814,0.0
5815,0.0
5816,0.0
5817,0.0
5818,0.0
5819,0.0
5820,0.0
5821,0.0
5822,0.0
5823,0.0
5824,0.0
5825,0.0
5826,0.0
5827,0.0
5828,0.0
5829,0.0
5830,0.0
5831,0.0
5832,0.0
5833,0.0
5834,0.0
5835,0.0
5836,0.0
5837,0.0
5838,0.0
5839,0.0
5840,0.0
5841,0.0
5842,0.0
5843,0.0
5844,0.0
5845,0.0
5846,0.0
5847,0.0
5848,0.0
5849,0.0
5850,0.0
5851,0.0
5852,0.0
5853,0.0
5854,0.0
5855,0.0
5856,0.0
5857,0.0
5858,0.0
5859,0.0
5860,0.0
5861,0.0
5862,0.0
5863,0.0
5864,0.0
5865,0.0
5866,0.0
5867,0.0
5868,0.0
5869,0.0
5870,0.0
5871,0.0
5872,0.0
5873,0.0
5874,0.0
5875,0.0
5876,0.0
5877,0.0
5878,0.0
5879,0.0
5880,0.0
5881,0.0
5882,0.0
5883,0.0
5884,0.0
5885,0.0
5886,0.0
5887,0.0
5888,0.0
5889,0.0
5890,0.0
5891,0.0
5892,0.0
5893,0.0
5894,0.0
5895,0.0
5896,0.0
5897,0.0
5898,0.0
5899,0.0
5900,0.0
5901,0.0
5902,0.0
5903,0.0
5904,0.0
5905,0.0
5906,0.0
5907,0.0
5908,0.0
5909,0.0
5910,0.0
5911,0.0
5912,0.0
5913,0.0
5914,0.0
5915,0.0
5916,0.0
5917,0.0
5918,0.0
5919,0.0
5920,0.0
5921,0.0
5922,0.0
5923,0.0
5924,0.0
5925,0.0
5926,0.0
5927,0.0
5928,0.0
5929,0.0
5930,0.0
5931,0.0
5932,0.0
5933,0.0
5934,0.0
5935,0.0
5936,0.0
5937,0.0
5938,0.0
5939,0.0
5940,0.0
5941,0.0
5942,0.0
5943,0.0
5944,0.0
5945,0.0
5946,0.0
5947,0.0
5948,0.0
5949,0.0
5950,0.0
5951,0.0
5952,0.0
5953,0.0
5954,0.0
5955,0.0
5956,0.0
5957,0.0
5958,0.0
5959,0.0
5960,0.0
5961,0.0
5962,0.0
5963,0.0
5964,0.0
5965,0.0
5966,0.0
5967,0.0
5968,0.0
5969,0.0
5970,0.0
5971,0.0
5972,0.0
5973,0.0
5974,0.0
5975,0.0
5976,0.0
5977,0.0
5978,0.0
5979,0.0
5980,0.0
5981,0.0
5982,0.0
5983,0.0
5984,0.0
5985,0.0
5986,0.0
5987,0.0
5988,0.0
5989,0.0
5990,0.0
5991,0.0
5992,0.0
5993,0.0
5994,0.0
5995,0.0
5996,0.0
5997,0.0
5998,0.0
5999,0.0
6000,0.0
6001,0.0
6002,0.0
6003,0.0
6004,0.0
6005,0.0
6006,0.0
6007,0.0
6008,0.0
6009,0.0
6010,0.0
6011,0.0
6012,0.0
6013,0.0
6014,0.0
6015,0.0
6016,0.0
6017,0.0
6018,0.0
6019,0.0
6020,0.0
6021,0.0
6022,0.0
6023,0.0
6024,0.0
6025,0.0
6026,0.0
6027,0.0
6028,0.0
6029,0.0
6030,0.0
6031,0.0
6032,0.0
6033,0.0
6034,0.0
6035,0.0
6036,0.0
6037,0.0
6038,0.0
6039,0.0
6040,0.0
6041,0.0
6042,0.0
6043,0.0
6044,0.0
6045,0.0
6046,0.0
6047,0.0
6048,0.0
6049,0.0
6050,0.0
6051,0.0
6052,0.0
6053,0.0
6054,0.0
6055,0.0
6056,0.0
6057,0.0
6058,0.0
6059,0.0
6060,0.0
6061,0.0
6062,0.0
6063,0.0
6064,0.0
6065,0.0
6066,0.0
6067,0.0
6068,0.0
6069,0.0
6070,0.0
6071,0.0
6072,0.0
6073,0.0
6074,0.0
6075,0.0
6076,0.0
6077,0.0
6078,0.0
6079,0.0
6080,0.0
6081,0.0
6082,0.0
6083,0.0
6084,0.0
6085,0.0
6086,0.0
6087,0.0
6088,0.0
6089,0.0
6090,0.0
6091,0.0
6092,0.0
6093,0.0
6094,0.0
6095,0.0
6096,0.0
6097,0.0
6098,0.0
6099,0.0
6100,0.0
6101,0.0
6102,0.0
6103,0.0
6104,0.0
6105,0.0
6106,0.0
6107,0.0
6108,0.0
6109,0.0
6110,0.0
6111,0.0
6112,0.0
6113,0.0
6114,0.0
6115,0.0
6116,0.0
6117,0.0
6118,0.0
6119,0.0
6120,0.0
6121,0.0
6122,0.0
6123,0.0
6124,0.0
6125,0.0
6126,0.0
6127,0.0
6128,0.0
6129,0.0
6130,0.0
6131,0.0
6132,0.0
6133,0.0
6134,0.0
6135,0.0
6136,0.0
6137,0.0
6138,0.0
6139,0.0
6140,0.0
6141,0.0
6142,0.0
6143,0.0
6144,0.0
6145,0.0
6146,0.0
6147,0.0
6148,0.0
6149,0.0
6150,0.0
6151,0.0
6152,0.0
6153,0.0
6154,0.0
6155,0.0
6156,0.0
6157,0.0
6158,0.0
6159,0.0
6160,0.0
6161,0.0
6162,0.0
6163,0.0
6164,0.0
6165,0.0
6166,0.0
6167,0.0
6168,0.0
6169,0.0
6170,0.0
6171,0.0
6172,0.0
6173,0.0
6174,0.0
6175,0.0
6176,0.0
6177,0.0
6178,0.0
6179,0.0
6180,0.0
6181,0.0
6182,0.0
6183,0.0
6184,0.0
6185,0.0
6186,0.0
6187,0.0
6188,0.0
6189,0.0
6190,0.0
6191,0.0
6192,0.0
6193,0.0
6194,0.0
6195,0.0
6196,0.0
6197,0.0
6198,0.0
6199,0.0
6200,0.0
6201,0.0
6202,0.0
6203,0.0
6204,0.0
6205,0.0
6206,0.0
6207,0.0
6208,0.0
6209,0.0
6210,0.0
6211,0.0
6212,0.0
6213,0.0
6214,0.0
6215,0.0
6216,0.0
6217,0.0
6218,0.0
6219,0.0
6220,0.0
6221,0.0
6222,0.0
6223,0.0
6224,0.0
6225,0.0
6226,0.0
6227,0.0
6228,0.0
6229,0.0
6230,0.0
6231,0.0
6232,0.0
6233,0.0
6234,0.0
6235,0.0
6236,0.0
6237,0.0
6238,0.0
6239,0.0
6240,0.0
6241,0.0
6242,0.0
6243,0.0
6244,0.0
6245,0.0
6246,0.0
6247,0.0
6248,0.0
6249,0.0
6250,0.0
6251,0.0
6252,0.0
6253,0.0
6254,0.0
6255,0.0
6256,0.0
6257,0.0
6258,0.0
6259,0.0
6260,0.0
6261,0.0
6262,0.0
6263,0.0
6264,0.0
6265,0.0
6266,0.0
6267,0.0
6268,0.0
6269,0.0
6270,0.0
6271,0.0
6272,0.0
6273,0.0
6274,0.0
6275,0.0
6276,0.0
6277,0.0
6278,0.0
6279,0.0
6280,0.0
6281,0.0
6282,0.0
6283,0.0
6284,0.0
6285,0.0
6286,0.0
6287,0.0
6288,0.0
6289,0.0
6290,0.0
6291,0.0
6292,0.0
6293,0.0
6294,0.0
6295,0.0
6296,0.0
6297,0.0
6298,0.0
6299,0.0
6300,0.0
6301,0.0
6302,0.0
6303,0.0
6304,0.0
6305,0.0
6306,0.0
6307,0.0
6308,0.0
6309,0.0
6310,0.0
6311,0.0
6312,0.0
6313,0.0
6314,0.0
6315,0.0
6316,0.0
6317,0.0
6318,0.0
6319,0.0
6320,0.0
6321,0.0
6322,0.0
6323,0.0
6324,0.0
6325,0.0
6326,0.0
6327,0.0
6328,0.0
6329,0.0
6330,0.0
6331,0.0
6332,0.0
6333,0.0
6334,0.0
6335,0.0
6336,0.0
6337,0.0
6338,0.0
6339,0.0
6340,0.0
6341,0.0
6342,0.0
6343,0.0
6344,0.0
6345,0.0
6346,0.0
6347,0.0
6348,0.0
6349,0.0
6350,0.0
6351,0.0
6352,0.0
6353,0.0
6354,0.0
6355,0.0
6356,0.0
6357,0.0
6358,0.0
6359,0.0
6360,0.0
6361,0.0
6362,0.0
6363,0.0
6364,0.0
6365,0.0
6366,0.0
6367,0.0
6368,0.0
6369,0.0
6370,0.0
6371,0.0
6372,0.0
6373,0.0
6374,0.0
6375,0.0
6376,0.0
6377,0.0
6378,0.0
6379,0.0
6380,0.0
6381,0.0
6382,0.0
6383,0.0
6384,0.0
6385,0.0
6386,0.0
6387,0.0
6388,0.0
6389,0.0
6390,0.0
6391,0.0
6392,0.0
6393,0.0
6394,0.0
6395,0.0
6396,0.0
6397,0.0
6398,0.0
6399,0.0
6400,0.0
6401,0.0
6402,0.0
6403,0.0
6404,0.0
6405,0.0
6406,0.0
6407,0.0
6408,0.0
6409,0.0
6410,0.0
6411,0.0
6412,0.0
6413,0.0
6414,0.0
6415,0.0
6416,0.0
6417,0.0
6418,0.0
6419,0.0
6420,0.0
6421,0.0
6422,0.0
6423,0.0
6424,0.0
6425,0.0
6426,0.0
6427,0.0
6428,0.0
6429,0.0
6430,0.0
6431,0.0
6432,0.0
6433,0.0
6434,0.0
6435,0.0
6436,0.0
6437,0.0
6438,0.0
6439,0.0
6440,0.0
6441,0.0
6442,0.0
6443,0.0
6444,0.0
6445,0.0
6446,0.0
6447,0.0
6448,0.0
6449,0.0
6450,0.0
6451,0.0
6452,0.0
6453,0.0
6454,0.0
6455,0.0
6456,0.0
6457,0.0
6458,0.0
6459,0.0
6460,0.0
6461,0.0
6462,0.0
6463,0.0
6464,0.0
6465,0.0
6466,0.0
6467,0.0
6468,0.0
6469,0.0
6470,0.0
6471,0.0
6472,0.0
6473,0.0
6474,0.0
6475,0.0
6476,0.0
6477,0.0
6478,0.0
6479,0.0
6480,0.0
6481,0.0
6482,0.0
6483,0.0
6484,0.0
6485,0.0
6486,0.0
6487,0.0
6488,0.0
6489,0.0
6490,0.0
6491,0.0
6492,0.0
6493,0.0
6494,0.0
6495,0.0
6496,0.0
6497,0.0
6498,0.0
6499,0.0
6500,0.0
6501,0.0
6502,0.0
6503,0.0
6504,0.0
6505,0.0
6506,0.0
6507,0.0
6508,0.0
6509,0.0
6510,0.0
6511,0.0
6512,0.0
6513,0.0
6514,0.0
6515,0.0
6516,0.0
6517,0.0
6518,0.0
6519,0.0
6520,0.0
6521,0.0
6522,0.0
6523,0.0
6524,0.0
6525,0.0
6526,0.0
6527,0.0
6528,0.0
6529,0.0
6530,0.0
6531,0.0
6532,0.0
6533,0.0
6534,0.0
6535,0.0
6536,0.0
6537,0.0
6538,0.0
6539,0.0
6540,0.0
6541,0.0
6542,0.0
6543,0.0
6544,0.0
6545,0.0
6546,0.0
6547,0.0
6548,0.0
6549,0.0
6550,0.0
6551,0.0
6552,0.0
6553,0.0
6554,0.0
6555,0.0
6556,0.0
6557,0.0
6558,0.0
6559,0.0
6560,0.0
6561,0.0
6562,0.0
6563,0.0
6564,0.0
6565,0.0
6566,0.0
6567,0.0
6568,0.0
6569,0.0
6570,0.0
6571,0.0
6572,0.0
6573,0.0
6574,0.0
6575,0.0
6576,0.0
6577,0.0
6578,0.0
6579,0.0
6580,0.0
6581,0.0
6582,0.0
6583,0.0
6584,0.0
6585,0.0
6586,0.0
6587,0.0
6588,0.0
6589,0.0
6590,0.0
6591,0.0
6592,0.0
6593,0.0
6594,0.0
6595,0.0
6596,0.0
6597,0.0
6598,0.0
6599,0.0
6600,0.0
6601,0.0
6602,0.0
6603,0.0
6604,0.0
6605,0.0
6606,0.0
6607,0.0
6608,0.0
6609,0.0
6610,0.0
6611,0.0
6612,0.0
6613,0.0
6614,0.0
6615,0.0
6616,0.0
6617,0.0
6618,0.0
6619,0.0
6620,0.0
6621,0.0
6622,0.0
6623,0.0
6624,0.0
6625,0.0
6626,0.0
6627,0.0
6628,0.0
6629,0.0
6630,0.0
6631,0.0
6632,0.0
6633,0.0
6634,0.0
6635,0.0
6636,0.0
6637,0.0
6638,0.0
6639,0.0
6640,0.0
6641,0.0
6642,0.0
6643,0.0
6644,0.0
6645,0.0
6646,0.0
6647,0.0
6648,0.0
6649,0.0
6650,0.0
6651,0.0
6652,0.0
6653,0.0
6654,0.0
6655,0.0
6656,0.0
6657,0.0
6658,0.0
6659,0.0
6660,0.0
6661,0.0
6662,0.0
6663,0.0
6664,0.0
6665,0.0
6666,0.0
6667,0.0
6668,0.0
6669,0.0
6670,0.0
6671,0.0
6672,0.0
6673,0.0
6674,0.0
6675,0.0
6676,0.0
6677,0.0
6678,0.0
6679,0.0
6680,0.0
6681,0.0
6682,0.0
6683,0.0
6684,0.0
6685,0.0
6686,0.0
6687,0.0
6688,0.0
6689,0.0
6690,0.0
6691,0.0
6692,0.0
6693,0.0
6694,0.0
6695,0.0
6696,0.0
6697,0.0
6698,0.0
6699,0.0
6700,0.0
6701,0.0
6702,0.0
6703,0.0
6704,0.0
6705,0.0
6706,0.0
6707,0.0
6708,0.0
6709,0.0
6710,0.0
6711,0.0
6712,0.0
6713,0.0
6714,0.0
6715,0.0
6716,0.0
6717,0.0
6718,0.0
6719,0.0
6720,0.0
6721,0.0
6722,0.0
6723,0.0
6724,0.0
6725,0.0
6726,0.0
6727,0.0
6728,0.0
6729,0.0
6730,0.0
6731,0.0
6732,0.0
6733,0.0
6734,0.0
6735,0.0
6736,0.0
6737,0.0
6738,0.0
6739,0.0
6740,0.0
6741,0.0
6742,0.0
6743,0.0
6744,0.0
6745,0.0
6746,0.0
6747,0.0
6748,0.0
6749,0.0
6750,0.0
6751,0.0
6752,0.0
6753,0.0
6754,0.0
6755,0.0
6756,0.0
6757,0.0
6758,0.0
6759,0.0
6760,0.0
6761,0.0
6762,0.0
6763,0.0
6764,0.0
6765,0.0
6766,0.0
6767,0.0
6768,0.0
6769,0.0
6770,0.0
6771,0.0
6772,0.0
6773,0.0
6774,0.0
6775,0.0
6776,0.0
6777,0.0
6778,0.0
6779,0.0
6780,0.0
6781,0.0
6782,0.0
6783,0.0
6784,0.0
6785,0.0
6786,0.0
6787,0.0
6788,0.0
6789,0.0
6790,0.0
6791,0.0
6792,0.0
6793,0.0
6794,0.0
6795,0.0
6796,0.0
6797,0.0
6798,0.0
6799,0.0
6800,0.0
6801,0.0
6802,0.0
6803,0.0
6804,0.0
6805,0.0
6806,0.0
6807,0.0
6808,0.0
6809,0.0
6810,0.0
6811,0.0
6812,0.0
6813,0.0
6814,0.0
6815,0.0
6816,0.0
6817,0.0
6818,0.0
6819,0.0
6820,0.0
6821,0.0
6822,0.0
6823,0.0
6824,0.0
6825,0.0
6826,0.0
6827,0.0
6828,0.0
6829,0.0
6830,0.0
6831,0.0
6832,0.0
6833,0.0
6834,0.0
6835,0.0
6836,0.0
6837,0.0
6838,0.0
6839,0.0
6840,0.0
6841,0.0
6842,0.0
6843,0.0
6844,0.0
6845,0.0
6846,0.0
6847,0.0
6848,0.0
6849,0.0
6850,0.0
6851,0.0
6852,0.0
6853,0.0
6854,0.0
6855,0.0
6856,0.0
6857,0.0
6858,0.0
6859,0.0
6860,0.0
6861,0.0
6862,0.0
6863,0.0
6864,0.0
6865,0.0
6866,0.0
6867,0.0
6868,0.0
6869,0.0
6870,0.0
6871,0.0
6872,0.0
6873,0.0
6874,0.0
6875,0.0
6876,0.0
6877,0.0
6878,0.0
6879,0.0
6880,0.0
6881,0.0
6882,0.0
6883,0.0
6884,0.0
6885,0.0
6886,0.0
6887,0.0
6888,0.0
6889,0.0
6890,0.0
6891,0.0
6892,0.0
6893,0.0
6894,0.0
6895,0.0
6896,0.0
6897,0.0
6898,0.0
6899,0.0
6900,0.0
6901,0.0
6902,0.0
6903,0.0
6904,0.0
6905,0.0
6906,0.0
6907,0.0
6908,0.0
6909,0.0
6910,0.0
6911,0.0
6912,0.0
6913,0.0
6914,0.0
6915,0.0
6916,0.0
6917,0.0
6918,0.0
6919,0.0
6920,0.0
6921,0.0
6922,0.0
6923,0.0
6924,0.0
6925,0.0
6926,0.0
6927,0.0
6928,0.0
6929,0.0
6930,0.0
6931,0.0
6932,0.0
6933,0.0
6934,0.0
6935,0.0
6936,0.0
6937,0.0
6938,0.0
6939,0.0
6940,0.0
6941,0.0
6942,0.0
6943,0.0
6944,0.0
6945,0.0
6946,0.0
6947,0.0
6948,0.0
6949,0.0
6950,0.0
6951,0.0
6952,0.0
6953,0.0
6954,0.0
6955,0.0
6956,0.0
6957,0.0
6958,0.0
6959,0.0
6960,0.0
6961,0.0
6962,0.0
6963,0.0
6964,0.0
6965,0.0
6966,0.0
6967,0.0
6968,0.0
6969,0.0
6970,0.0
6971,0.0
6972,0.0
6973,0.0
6974,0.0
6975,0.0
6976,0.0
6977,0.0
6978,0.0
6979,0.0
6980,0.0
6981,0.0
6982,0.0
6983,0.0
6984,0.0
6985,0.0
6986,0.0
6987,0.0
6988,0.0
6989,0.0
6990,0.0
6991,0.0
6992,0.0
6993,0.0
6994,0.0
6995,0.0
6996,0.0
6997,0.0
6998,0.0
6999,0.0
7000,0.0
7001,0.0
7002,0.0
7003,0.0
7004,0.0
7005,0.0
7006,0.0
7007,0.0
7008,0.0
7009,0.0
7010,0.0
7011,0.0
7012,0.0
7013,0.0
7014,0.0
7015,0.0
7016,0.0
7017,0.0
7018,0.0
7019,0.0
7020,0.0
7021,0.0
7022,0.0
7023,0.0
7024,0.0
7025,0.0
7026,0.0
7027,0.0
7028,0.0
7029,0.0
7030,0.0
7031,0.0
7032,0.0
7033,0.0
7034,0.0
7035,0.0
7036,0.0
7037,0.0
7038,0.0
7039,0.0
7040,0.0
7041,0.0
7042,0.0
7043,0.0
7044,0.0
7045,0.0
7046,0.0
7047,0.0
7048,0.0
7049,0.0
7050,0.0
7051,0.0
7052,0.0
7053,0.0
7054,0.0
7055,0.0
7056,0.0
7057,0.0
7058,0.0
7059,0.0
7060,0.0
7061,0.0
7062,0.0
7063,0.0
7064,0.0
7065,0.0
7066,0.0
7067,0.0
7068,0.0
7069,0.0
7070,0.0
7071,0.0
7072,0.0
7073,0.0
7074,0.0
7075,0.0
7076,0.0
7077,0.0
7078,0.0
7079,0.0
7080,0.0
7081,0.0
7082,0.0
7083,0.0
7084,0.0
7085,0.0
7086,0.0
7087,0.0
7088,0.0
7089,0.0
7090,0.0
7091,0.0
7092,0.0
7093,0.0
7094,0.0
7095,0.0
7096,0.0
7097,0.0
7098,0.0
7099,0.0
7100,0.0
7101,0.0
7102,0.0
7103,0.0
7104,0.0
7105,0.0
7106,0.0
7107,0.0
7108,0.0
7109,0.0
7110,0.0
7111,0.0
7112,0.0
7113,0.0
7114,0.0
7115,0.0
7116,0.0
7117,0.0
7118,0.0
7119,0.0
7120,0.0
7121,0.0
7122,0.0
7123,0.0
7124,0.0
7125,0.0
7126,0.0
7127,0.0
7128,0.0
7129,0.0
7130,0.0
7131,0.0
7132,0.0
7133,0.0
7134,0.0
7135,0.0
7136,0.0
7137,0.0
7138,0.0
7139,0.0
7140,0.0
7141,0.0
7142,0.0
7143,0.0
7144,0.0
7145,0.0
7146,0.0
7147,0.0
7148,0.0
7149,0.0
7150,0.0
7151,0.0
7152,0.0
7153,0.0
7154,0.0
7155,0.0
7156,0.0
7157,0.0
7158,0.0
7159,0.0
7160,0.0
7161,0.0
7162,0.0
7163,0.0
7164,0.0
7165,0.0
7166,0.0
7167,0.0
7168,0.0
7169,0.0
7170,0.0
7171,0.0
7172,0.0
7173,0.0
7174,0.0
7175,0.0
7176,0.0
7177,0.0
7178,0.0
7179,0.0
7180,0.0
7181,0.0
7182,0.0
7183,0.0
7184,0.0
7185,0.0
7186,0.0
7187,0.0
7188,0.0
7189,0.0
7190,0.0
7191,0.0
7192,0.0
7193,0.0
7194,0.0
7195,0.0
7196,0.0
7197,0.0
7198,0.0
7199,0.0
7200,0.0
7201,0.0
7202,0.0
7203,0.0
7204,0.0
7205,0.0
7206,0.0
7207,0.0
7208,0.0
7209,0.0
7210,0.0
7211,0.0
7212,0.0
7213,0.0
7214,0.0
7215,0.0
7216,0.0
7217,0.0
7218,0.0
7219,0.0
7220,0.0
7221,0.0
7222,0.0
7223,0.0
7224,0.0
7225,0.0
7226,0.0
7227,0.0
7228,0.0
7229,0.0
7230,0.0
7231,0.0
7232,0.0
7233,0.0
7234,0.0
7235,0.0
7236,0.0
7237,0.0
7238,0.0
7239,0.0
7240,0.0
7241,0.0
7242,0.0
7243,0.0
7244,0.0
7245,0.0
7246,0.0
7247,0.0
7248,0.0
7249,0.0
7250,0.0
7251,0.0
7252,0.0
7253,0.0
7254,0.0
7255,0.0
7256,0.0
7257,0.0
7258,0.0
7259,0.0
7260,0.0
7261,0.0
7262,0.0
7263,0.0
7264,0.0
7265,0.0
7266,0.0
7267,0.0
7268,0.0
7269,0.0
7270,0.0
7271,0.0
7272,0.0
7273,0.0
7274,0.0
7275,0.0
7276,0.0
7277,0.0
7278,0.0
7279,0.0
7280,0.0
7281,0.0
7282,0.0
7283,0.0
7284,0.0
7285,0.0
7286,0.0
7287,0.0
7288,0.0
7289,0.0
7290,0.0
7291,0.0
7292,0.0
7293,0.0
7294,0.0
7295,0.0
7296,0.0
7297,0.0
7298,0.0
7299,0.0
7300,0.0
7301,0.0
7302,0.0
7303,0.0
7304,0.0
7305,0.0
7306,0.0
7307,0.0
7308,0.0
7309,0.0
7310,0.0
7311,0.0
7312,0.0
7313,0.0
7314,0.0
7315,0.0
7316,0.0
7317,0.0
7318,0.0
7319,0.0
7320,0.0
7321,0.0
7322,0.0
7323,0.0
7324,0.0
7325,0.0
7326,0.0
7327,0.0
7328,0.0
7329,0.0
7330,0.0
7331,0.0
7332,0.0
7333,0.0
7334,0.0
7335,0.0
7336,0.0
7337,0.0
7338,0.0
7339,0.0
7340,0.0
7341,0.0
7342,0.0
7343,0.0
7344,0.0
7345,0.0
7346,0.0
7347,0.0
7348,0.0
7349,0.0
7350,0.0
7351,0.0
7352,0.0
7353,0.0
7354,0.0
7355,0.0
7356,0.0
7357,0.0
7358,0.0
7359,0.0
7360,0.0
7361,0.0
7362,0.0
7363,0.0
7364,0.0
7365,0.0
7366,0.0
7367,0.0
7368,0.0
7369,0.0
7370,0.0
7371,0.0
7372,0.0
7373,0.0
7374,0.0
7375,0.0
7376,0.0
7377,0.0
7378,0.0
7379,0.0
7380,0.0
7381,0.0
7382,0.0
7383,0.0
7384,0.0
7385,0.0
7386,0.0
7387,0.0
7388,0.0
7389,0.0
7390,0.0
7391,0.0
7392,0.0
7393,0.0
7394,0.0
7395,0.0
7396,0.0
7397,0.0
7398,0.0
7399,0.0
7400,0.0
7401,0.0
7402,0.0
7403,0.0
7404,0.0
7405,0.0
7406,0.0
7407,0.0
7408,0.0
7409,0.0
7410,0.0
7411,0.0
7412,0.0
7413,0.0
7414,0.0
7415,0.0
7416,0.0
7417,0.0
7418,0.0
7419,0.0
7420,0.0
7421,0.0
7422,0.0
7423,0.0
7424,0.0
7425,0.0
7426,0.0
7427,0.0
7428,0.0
7429,0.0
7430,0.0
7431,0.0
7432,0.0
7433,0.0
7434,0.0
7435,0.0
7436,0.0
7437,0.0
7438,0.0
7439,0.0
7440,0.0
7441,0.0
7442,0.0
7443,0.0
7444,0.0
7445,0.0
7446,0.0
7447,0.0
7448,0.0
7449,0.0
7450,0.0
7451,0.0
7452,0.0
7453,0.0
7454,0.0
7455,0.0
7456,0.0
7457,0.0
7458,0.0
7459,0.0
7460,0.0
7461,0.0
7462,0.0
7463,0.0
7464,0.0
7465,0.0
7466,0.0
7467,0.0
7468,0.0
7469,0.0
7470,0.0
7471,0.0
7472,0.0
7473,0.0
7474,0.0
7475,0.0
7476,0.0
7477,0.0
7478,0.0
7479,0.0
7480,0.0
7481,0.0
7482,0.0
7483,0.0
7484,0.0
7485,0.0
7486,0.0
7487,0.0
7488,0.0
7489,0.0
7490,0.0
7491,0.0
7492,0.0
7493,0.0
7494,0.0
7495,0.0
7496,0.0
7497,0.0
7498,0.0
7499,0.0
7500,0.0
7501,0.0
7502,0.0
7503,0.0
7504,0.0
7505,0.0
7506,0.0
7507,0.0
7508,0.0
7509,0.0
7510,0.0
7511,0.0
7512,0.0
7513,0.0
7514,0.0
7515,0.0
7516,0.0
7517,0.0
7518,0.0
7519,0.0
7520,0.0
7521,0.0
7522,0.0
7523,0.0
7524,0.0
7525,0.0
7526,0.0
7527,0.0
7528,0.0
7529,0.0
7530,0.0
7531,0.0
7532,0.0
7533,0.0
7534,0.0
7535,0.0
7536,0.0
7537,0.0
7538,0.0
7539,0.0
7540,0.0
7541,0.0
7542,0.0
7543,0.0
7544,0.0
7545,0.0
7546,0.0
7547,0.0
7548,0.0
7549,0.0
7550,0.0
7551,0.0
7552,0.0
7553,0.0
7554,0.0
7555,0.0
7556,0.0
7557,0.0
7558,0.0
7559,0.0
7560,0.0
7561,0.0
7562,0.0
7563,0.0
7564,0.0
7565,0.0
7566,0.0
7567,0.0
7568,0.0
7569,0.0
7570,0.0
7571,0.0
7572,0.0
7573,0.0
7574,0.0
7575,0.0
7576,0.0
7577,0.0
7578,0.0
7579,0.0
7580,0.0
7581,0.0
7582,0.0
7583,0.0
7584,0.0
7585,0.0
7586,0.0
7587,0.0
7588,0.0
7589,0.0
7590,0.0
7591,0.0
7592,0.0
7593,0.0
7594,0.0
7595,0.0
7596,0.0
7597,0.0
7598,0.0
7599,0.0
7600,0.0
7601,0.0
7602,0.0
7603,0.0
7604,0.0
7605,0.0
7606,0.0
7607,0.0
7608,0.0
7609,0.0
7610,0.0
7611,0.0
7612,0.0
7613,0.0
7614,0.0
7615,0.0
7616,0.0
7617,0.0
7618,0.0
7619,0.0
7620,0.0
7621,0.0
7622,0.0
7623,0.0
7624,0.0
7625,0.0
7626,0.0
7627,0.0
7628,0.0
7629,0.0
7630,0.0
7631,0.0
7632,0.0
7633,0.0
7634,0.0
7635,0.0
7636,0.0
7637,0.0
7638,0.0
7639,0.0
7640,0.0
7641,0.0
7642,0.0
7643,0.0
7644,0.0
7645,0.0
7646,0.0
7647,0.0
7648,0.0
7649,0.0
7650,0.0
7651,0.0
7652,0.0
7653,0.0
7654,0.0
7655,0.0
7656,0.0
7657,0.0
7658,0.0
7659,0.0
7660,0.0
7661,0.0
7662,0.0
7663,0.0
7664,0.0
7665,0.0
7666,0.0
7667,0.0
7668,0.0
7669,0.0
7670,0.0
7671,0.0
7672,0.0
7673,0.0
7674,0.0
7675,0.0
7676,0.0
7677,0.0
7678,0.0
7679,0.0
7680,0.0
7681,0.0
7682,0.0
7683,0.0
7684,0.0
7685,0.0
7686,0.0
7687,0.0
7688,0.0
7689,0.0
7690,0.0
7691,0.0
7692,0.0
7693,0.0
7694,0.0
7695,0.0
7696,0.0
7697,0.0
7698,0.0
7699,0.0
7700,0.0
7701,0.0
7702,0.0
7703,0.0
7704,0.0
7705,0.0
7706,0.0
7707,0.0
7708,0.0
7709,0.0
7710,0.0
7711,0.0
7712,0.0
7713,0.0
7714,0.0
7715,0.0
7716,0.0
7717,0.0
7718,0.0
7719,0.0
7720,0.0
7721,0.0
7722,0.0
7723,0.0
7724,0.0
7725,0.0
7726,0.0
7727,0.0
7728,0.0
7729,0.0
7730,0.0
7731,0.0
7732,0.0
7733,0.0
7734,0.0
7735,0.0
7736,0.0
7737,0.0
7738,0.0
7739,0.0
7740,0.0
7741,0.0
7742,0.0
7743,0.0
7744,0.0
7745,0.0
7746,0.0
7747,0.0
7748,0.0
7749,0.0
7750,0.0
7751,0.0
7752,0.0
7753,0.0
7754,0.0
7755,0.0
7756,0.0
7757,0.0
7758,0.0
7759,0.0
7760,0.0
7761,0.0
7762,0.0
7763,0.0
7764,0.0
7765,0.0
7766,0.0
7767,0.0
7768,0.0
7769,0.0
7770,0.0
7771,0.0
7772,0.0
7773,0.0
7774,0.0
7775,0.0
7776,0.0
7777,0.0
7778,0.0
7779,0.0
7780,0.0
7781,0.0
7782,0.0
7783,0.0
7784,0.0
7785,0.0
7786,0.0
7787,0.0
7788,0.0
7789,0.0
7790,0.0
7791,0.0
7792,0.0
7793,0.0
7794,0.0
7795,0.0
7796,0.0
7797,0.0
7798,0.0
7799,0.0
7800,0.0
7801,0.0
7802,0.0
7803,0.0
7804,0.0
7805,0.0
7806,0.0
7807,0.0
7808,0.0
7809,0.0
7810,0.0
7811,0.0
7812,0.0
7813,0.0
7814,0.0
7815,0.0
7816,0.0
7817,0.0
7818,0.0
7819,0.0
7820,0.0
7821,0.0
7822,0.0
7823,0.0
7824,0.0
7825,0.0
7826,0.0
7827,0.0
7828,0.0
7829,0.0
7830,0.0
7831,0.0
7832,0.0
7833,0.0
7834,0.0
7835,0.0
7836,0.0
7837,0.0
7838,0.0
7839,0.0
7840,0.0
7841,0.0
7842,0.0
7843,0.0
7844,0.0
7845,0.0
7846,0.0
7847,0.0
7848,0.0
7849,0.0
7850,0.0
7851,0.0
7852,0.0
7853,0.0
7854,0.0
7855,0.0
7856,0.0
7857,0.0
7858,0.0
7859,0.0
7860,0.0
7861,0.0
7862,0.0
7863,0.0
7864,0.0
7865,0.0
7866,0.0
7867,0.0
7868,0.0
7869,0.0
7870,0.0
7871,0.0
7872,0.0
7873,0.0
7874,0.0
7875,0.0
7876,0.0
7877,0.0
7878,0.0
7879,0.0
7880,0.0
7881,0.0
7882,0.0
7883,0.0
7884,0.0
7885,0.0
7886,0.0
7887,0.0
7888,0.0
7889,0.0
7890,0.0
7891,0.0
7892,0.0
7893,0.0
7894,0.0
7895,0.0
7896,0.0
7897,0.0
7898,0.0
7899,0.0
7900,0.0
7901,0.0
7902,0.0
7903,0.0
7904,0.0
7905,0.0
7906,0.0
7907,0.0
7908,0.0
7909,0.0
7910,0.0
7911,0.0
7912,0.0
7913,0.0
7914,0.0
7915,0.0
7916,0.0
7917,0.0
7918,0.0
7919,0.0
7920,0.0
7921,0.0
7922,0.0
7923,0.0
7924,0.0
7925,0.0
7926,0.0
7927,0.0
7928,0.0
7929,0.0
7930,0.0
7931,0.0
7932,0.0
7933,0.0
7934,0.0
7935,0.0
7936,0.0
7937,0.0
7938,0.0
7939,0.0
7940,0.0
7941,0.0
7942,0.0
7943,0.0
7944,0.0
7945,0.0
7946,0.0
7947,0.0
7948,0.0
7949,0.0
7950,0.0
7951,0.0
7952,0.0
7953,0.0
7954,0.0
7955,0.0
7956,0.0
7957,0.0
7958,0.0
7959,0.0
7960,0.0
7961,0.0
7962,0.0
7963,0.0
7964,0.0
7965,0.0
7966,0.0
7967,0.0
7968,0.0
7969,0.0
7970,0.0
7971,0.0
7972,0.0
7973,0.0
7974,0.0
7975,0.0
7976,0.0
7977,0.0
7978,0.0
7979,0.0
7980,0.0
7981,0.0
7982,0.0
7983,0.0
7984,0.0
7985,0.0
7986,0.0
7987,0.0
7988,0.0
7989,0.0
7990,0.0
7991,0.0
7992,0.0
7993,0.0
7994,0.0
7995,0.0
7996,0.0
7997,0.0
7998,0.0
7999,0.0
8000,0.0
8001,0.0
8002,0.0
8003,0.0
8004,0.0
8005,0.0
8006,0.0
8007,0.0
8008,0.0
8009,0.0
8010,0.0
8011,0.0
8012,0.0
8013,0.0
8014,0.0
8015,0.0
8016,0.0
8017,0.0
8018,0.0
8019,0.0
8020,0.0
8021,0.0
8022,0.0
8023,0.0
8024,0.0
8025,0.0
8026,0.0
8027,0.0
8028,0.0
8029,0.0
8030,0.0
8031,0.0
8032,0.0
8033,0.0
8034,0.0
8035,0.0
8036,0.0
8037,0.0
8038,0.0
8039,0.0
8040,0.0
8041,0.0
8042,0.0
8043,0.0
8044,0.0
8045,0.0
8046,0.0
8047,0.0
8048,0.0
8049,0.0
8050,0.0
8051,0.0
8052,0.0
8053,0.0
8054,0.0
8055,0.0
8056,0.0
8057,0.0
8058,0.0
8059,0.0
8060,0.0
8061,0.0
8062,0.0
8063,0.0
8064,0.0
8065,0.0
8066,0.0
8067,0.0
8068,0.0
8069,0.0
8070,0.0
8071,0.0
8072,0.0
8073,0.0
8074,0.0
8075,0.0
8076,0.0
8077,0.0
8078,0.0
8079,0.0
8080,0.0
8081,0.0
8082,0.0
8083,0.0
8084,0.0
8085,0.0
8086,0.0
8087,0.0
8088,0.0
8089,0.0
8090,0.0
8091,0.0
8092,0.0
8093,0.0
8094,0.0
8095,0.0
8096,0.0
8097,0.0
8098,0.0
8099,0.0
8100,0.0
8101,0.0
8102,0.0
8103,0.0
8104,0.0
8105,0.0
8106,0.0
8107,0.0
8108,0.0
8109,0.0
8110,0.0
8111,0.0
8112,0.0
8113,0.0
8114,0.0
8115,0.0
8116,0.0
8117,0.0
8118,0.0
8119,0.0
8120,0.0
8121,0.0
8122,0.0
8123,0.0
8124,0.0
8125,0.0
8126,0.0
8127,0.0
8128,0.0
8129,0.0
8130,0.0
8131,0.0
8132,0.0
8133,0.0
8134,0.0
8135,0.0
8136,0.0
8137,0.0
8138,0.0
8139,0.0
8140,0.0
8141,0.0
8142,0.0
8143,0.0
8144,0.0
8145,0.0
8146,0.0
8147,0.0
8148,0.0
8149,0.0
8150,0.0
8151,0.0
8152,0.0
8153,0.0
8154,0.0
8155,0.0
8156,0.0
8157,0.0
8158,0.0
8159,0.0
8160,0.0
8161,0.0
8162,0.0
8163,0.0
8164,0.0
8165,0.0
8166,0.0
8167,0.0
8168,0.0
8169,0.0
8170,0.0
8171,0.0
8172,0.0
8173,0.0
8174,0.0
8175,0.0
8176,0.0
8177,0.0
8178,0.0
8179,0.0
8180,0.0
8181,0.0
8182,0.0
8183,0.0
8184,0.0
8185,0.0
8186,0.0
8187,0.0
8188,0.0
8189,0.0
8190,0.0
8191,0.0
8192,0.0
8193,0.0
8194,0.0
8195,0.0
8196,0.0
8197,0.0
8198,0.0
8199,0.0
8200,0.0
8201,0.0
8202,0.0
8203,0.0
8204,0.0
8205,0.0
8206,0.0
8207,0.0
8208,0.0
8209,0.0
8210,0.0
8211,0.0
8212,0.0
8213,0.0
8214,0.0
8215,0.0
8216,0.0
8217,0.0
8218,0.0
8219,0.0
8220,0.0
8221,0.0
8222,0.0
8223,0.0
8224,0.0
8225,0.0
8226,0.0
8227,0.0
8228,0.0
8229,0.0
8230,0.0
8231,0.0
8232,0.0
8233,0.0
8234,0.0
8235,0.0
8236,0.0
8237,0.0
8238,0.0
8239,0.0
8240,0.0
8241,0.0
8242,0.0
8243,0.0
8244,0.0
8245,0.0
8246,0.0
8247,0.0
8248,0.0
8249,0.0
8250,0.0
8251,0.0
8252,0.0
8253,0.0
8254,0.0
8255,0.0
8256,0.0
8257,0.0
8258,0.0
8259,0.0
8260,0.0
8261,0.0
8262,0.0
8263,0.0
8264,0.0
8265,0.0
8266,0.0
8267,0.0
8268,0.0
8269,0.0
8270,0.0
8271,0.0
8272,0.0
8273,0.0
8274,0.0
8275,0.0
8276,0.0
8277,0.0
8278,0.0
8279,0.0
8280,0.0
8281,0.0
8282,0.0
8283,0.0
8284,0.0
8285,0.0
8286,0.0
8287,0.0
8288,0.0
8289,0.0
8290,0.0
8291,0.0
8292,0.0
8293,0.0
8294,0.0
8295,0.0
8296,0.0
8297,0.0
8298,0.0
8299,0.0
8300,0.0
8301,0.0
8302,0.0
8303,0.0
8304,0.0
8305,0.0
8306,0.0
8307,0.0
8308,0.0
8309,0.0
8310,0.0
8311,0.0
8312,0.0
8313,0.0
8314,0.0
8315,0.0
8316,0.0
8317,0.0
8318,0.0
8319,0.0
8320,0.0
8321,0.0
8322,0.0
8323,0.0
8324,0.0
8325,0.0
8326,0.0
8327,0.0
8328,0.0
8329,0.0
8330,0.0
8331,0.0
8332,0.0
8333,0.0
8334,0.0
8335,0.0
8336,0.0
8337,0.0
8338,0.0
8339,0.0
8340,0.0
8341,0.0
8342,0.0
8343,0.0
8344,0.0
8345,0.0
8346,0.0
8347,0.0
8348,0.0
8349,0.0
8350,0.0
8351,0.0
8352,0.0
8353,0.0
8354,0.0
8355,0.0
8356,0.0
8357,0.0
8358,0.0
8359,0.0
8360,0.0
8361,0.0
8362,0.0
8363,0.0
8364,0.0
8365,0.0
8366,0.0
8367,0.0
8368,0.0
8369,0.0
8370,0.0
8371,0.0
8372,0.0
8373,0.0
8374,0.0
8375,0.0
8376,0.0
8377,0.0
8378,0.0
8379,0.0
8380,0.0
8381,0.0
8382,0.0
8383,0.0
8384,0.0
8385,0.0
8386,0.0
8387,0.0
8388,0.0
8389,0.0
8390,0.0
8391,0.0
8392,0.0
8393,0.0
8394,0.0
8395,0.0
8396,0.0
8397,0.0
8398,0.0
8399,0.0
8400,0.0
8401,0.0
8402,0.0
8403,0.0
8404,0.0
8405,0.0
8406,0.0
8407,0.0
8408,0.0
8409,0.0
8410,0.0
8411,0.0
8412,0.0
8413,0.0
8414,0.0
8415,0.0
8416,0.0
8417,0.0
8418,0.0
8419,0.0
8420,0.0
8421,0.0
8422,0.0
8423,0.0
8424,0.0
8425,0.0
8426,0.0
8427,0.0
8428,0.0
8429,0.0
8430,0.0
8431,0.0
8432,0.0
8433,0.0
8434,0.0
8435,0.0
8436,0.0
8437,0.0
8438,0.0
8439,0.0
8440,0.0
8441,0.0
8442,0.0
8443,0.0
8444,0.0
8445,0.0
8446,0.0
8447,0.0
8448,0.0
8449,0.0
8450,0.0
8451,0.0
8452,0.0
8453,0.0
8454,0.0
8455,0.0
8456,0.0
8457,0.0
8458,0.0
8459,0.0
8460,0.0
8461,0.0
8462,0.0
8463,0.0
8464,0.0
8465,0.0
8466,0.0
8467,0.0
8468,0.0
8469,0.0
8470,0.0
8471,0.0
8472,0.0
8473,0.0
8474,0.0
8475,0.0
8476,0.0
8477,0.0
8478,0.0
8479,0.0
8480,0.0
8481,0.0
8482,0.0
8483,0.0
8484,0.0
8485,0.0
8486,0.0
8487,0.0
8488,0.0
8489,0.0
8490,0.0
8491,0.0
8492,0.0
8493,0.0
8494,0.0
8495,0.0
8496,0.0
8497,0.0
8498,0.0
8499,0.0
8500,0.0
8501,0.0
8502,0.0
8503,0.0
8504,0.0
8505,0.0
8506,0.0
8507,0.0
8508,0.0
8509,0.0
8510,0.0
8511,0.0
8512,0.0
8513,0.0
8514,0.0
8515,0.0
8516,0.0
8517,0.0
8518,0.0
8519,0.0
8520,0.0
8521,0.0
8522,0.0
8523,0.0
8524,0.0
8525,0.0
8526,0.0
8527,0.0
8528,0.0
8529,0.0
8530,0.0
8531,0.0
8532,0.0
8533,0.0
8534,0.0
8535,0.0
8536,0.0
8537,0.0
8538,0.0
8539,0.0
8540,0.0
8541,0.0
8542,0.0
8543,0.0
8544,0.0
8545,0.0
8546,0.0
8547,0.0
8548,0.0
8549,0.0
8550,0.0
8551,0.0
8552,0.0
8553,0.0
8554,0.0
8555,0.0
8556,0.0
8557,0.0
8558,0.0
8559,0.0
8560,0.0
8561,0.0
8562,0.0
8563,0.0
8564,0.0
8565,0.0
8566,0.0
8567,0.0
8568,0.0
8569,0.0
8570,0.0
8571,0.0
8572,0.0
8573,0.0
8574,0.0
8575,0.0
8576,0.0
8577,0.0
8578,0.0
8579,0.0
8580,0.0
8581,0.0
8582,0.0
8583,0.0
8584,0.0
8585,0.0
8586,0.0
8587,0.0
8588,0.0
8589,0.0
8590,0.0
8591,0.0
8592,0.0
8593,0.0
8594,0.0
8595,0.0
8596,0.0
8597,0.0
8598,0.0
8599,0.0
8600,0.0
8601,0.0
8602,0.0
8603,0.0
8604,0.0
8605,0.0
8606,0.0
8607,0.0
8608,0.0
8609,0.0
8610,0.0
8611,0.0
8612,0.0
8613,0.0
8614,0.0
8615,0.0
8616,0.0
8617,0.0
8618,0.0
8619,0.0
8620,0.0
8621,0.0
8622,0.0
8623,0.0
8624,0.0
8625,0.0
8626,0.0
8627,0.0
8628,0.0
8629,0.0
8630,0.0
8631,0.0
8632,0.0
8633,0.0
8634,0.0
8635,0.0
8636,0.0
8637,0.0
8638,0.0
8639,0.0
8640,0.0
8641,0.0
8642,0.0
8643,0.0
8644,0.0
8645,0.0
8646,0.0
8647,0.0
8648,0.0
8649,0.0
8650,0.0
8651,0.0
8652,0.0
8653,0.0
8654,0.0
8655,0.0
8656,0.0
8657,0.0
8658,0.0
8659,0.0
8660,0.0
8661,0.0
8662,0.0
8663,0.0
8664,0.0
8665,0.0
8666,0.0
8667,0.0
8668,0.0
8669,0.0
8670,0.0
8671,0.0
8672,0.0
8673,0.0
8674,0.0
8675,0.0
8676,0.0
8677,0.0
8678,0.0
8679,0.0
8680,0.0
8681,0.0
8682,0.0
8683,0.0
8684,0.0
8685,0.0
8686,0.0
8687,0.0
8688,0.0
8689,0.0
8690,0.0
8691,0.0
8692,0.0
8693,0.0
8694,0.0
8695,0.0
8696,0.0
8697,0.0
8698,0.0
8699,0.0
8700,0.0
8701,0.0
8702,0.0
8703,0.0
8704,0.0
8705,0.0
8706,0.0
8707,0.0
8708,0.0
8709,0.0
8710,0.0
8711,0.0
8712,0.0
8713,0.0
8714,0.0
8715,0.0
8716,0.0
8717,0.0
8718,0.0
8719,0.0
8720,0.0
8721,0.0
8722,0.0
8723,0.0
8724,0.0
8725,0.0
8726,0.0
8727,0.0
8728,0.0
8729,0.0
8730,0.0
8731,0.0
8732,0.0
8733,0.0
8734,0.0
8735,0.0
8736,0.0
8737,0.0
8738,0.0
8739,0.0
8740,0.0
8741,0.0
8742,0.0
8743,0.0
8744,0.0
8745,0.0
8746,0.0
8747,0.0
8748,0.0
8749,0.0
8750,0.0
8751,0.0
8752,0.0
8753,0.0
8754,0.0
8755,0.0
8756,0.0
8757,0.0
8758,0.0
8759,0.0
8760,0.08
8761,0.0807
8762,0.0694
8763,0.0472
8764,0.0208
8765,0.0065
8766,0.0034
8767,0.0044
8768,0.0056
8769,0.0093
8770,0.019
8771,0.0458
8772,0.0792
8773,0.104
8774,0.1151
8775,0.1226
8776,0.1312
8777,0.1493
8778,0.1564
8779,0.1584
8780,0.1755
8781,0.1668
8782,0.164
8783,0.1694
8784,0.2065
8785,0.2451
8786,0.2687
8787,0.2967
8788,0.323
8789,0.3096
8790,0.2823
8791,0.2728
8792,0.2829
8793,0.3326
8794,0.3928
8795,0.443
8796,0.4744
8797,0.4717
8798,0.4419
8799,0.4479
8800,0.4476
8801,0.4298
8802,0.3975
8803,0.3667
8804,0.3482
8805,0.3151
8806,0.2891
8807,0.2898
8808,0.2682
8809,0.2389
8810,0.2128
8811,0.1966
8812,0.1741
8813,0.1571
8814,0.163
8815,0.1467
8816,0.1309
8817,0.1449
8818,0.1945
8819,0.2385
8820,0.2496
8821,0.2155
8822,0.167
8823,0.1369
8824,0.1179
8825,0.1041
8826,0.1142
8827,0.1387
8828,0.1541
8829,0.1422
8830,0.1318
8831,0.1555
8832,0.2174
8833,0.2275
8834,0.2224
8835,0.198
8836,0.1739
8837,0.1482
8838,0.1297
8839,0.0996
8840,0.085
8841,0.1201
8842,0.109
8843,0.0866
8844,0.0683
8845,0.0525
8846,0.0403
8847,0.0311
8848,0.0339
8849,0.0522
8850,0.0614
8851,0.0657
8852,0.0725
8853,0.0699
8854,0.0672
8855,0.0617
8856,0.0516
8857,0.0405
8858,0.0329
8859,0.0339
8860,0.0393
8861,0.056
8862,0.0778
8863,0.0904
8864,0.0795
8865,0.0947
8866,0.1269
8867,0.1844
8868,0.2321
8869,0.2372
8870,0.2232
8871,0.223
8872,0.2196
8873,0.2214
8874,0.2093
8875,0.2067
8876,0.1994
8877,0.1917
8878,0.1839
8879,0.1839
8880,0.1716
8881,0.1713
8882,0.1655
8883,0.1704
8884,0.1825
8885,0.1656
8886,0.1477
8887,0.1405
8888,0.115
8889,0.0983
8890,0.114
8891,0.133
8892,0.1371
8893,0.126
8894,0.1098
8895,0.1166
8896,0.1203
8897,0.1136
8898,0.0986
8899,0.0803
8900,0.0636
8901,0.0529
8902,0.0458
8903,0.0383
8904,0.0305
8905,0.0269
8906,0.0264
8907,0.0256
8908,0.0224
8909,0.0254
8910,0.0367
8911,0.0413
8912,0.0265
8913,0.0195
8914,0.0233
8915,0.0152
8916,0.0199
8917,0.0204
8918,0.0167
8919,0.0198
8920,0.021
8921,0.0294
8922,0.0429
8923,0.0449
8924,0.0492
8925,0.0622
8926,0.1028
8927,0.1612
8928,0.1983
8929,0.2451
8930,0.3047
8931,0.3969
8932,0.5427
8933,0.5908
8934,0.6026
8935,0.6008
8936,0.5927
8937,0.5531
8938,0.5218
8939,0.509
8940,0.4932
8941,0.4612
8942,0.4924
8943,0.5138
8944,0.5339
8945,0.5429
8946,0.5367
8947,0.5532
8948,0.5477
8949,0.5391
8950,0.5054
8951,0.5318
8952,0.5584
8953,0.5367
8954,0.5103
8955,0.503
8956,0.5317
8957,0.5385
8958,0.4984
8959,0.4476
8960,0.4054
8961,0.4227
8962,0.4988
8963,0.5229
8964,0.5673
8965,0.5231
8966,0.4234
8967,0.4195
8968,0.4128
8969,0.3769
8970,0.3924
8971,0.3624
8972,0.3198
8973,0.298
8974,0.2727
8975,0.2572
8976,0.238
8977,0.2472
8978,0.214
8979,0.2072
8980,0.1917
8981,0.1705
8982,0.1613
8983,0.1769
8984,0.1588
8985,0.1806
8986,0.2007
8987,0.2114
8988,0.2122
8989,0.2007
8990,0.1764
8991,0.173
8992,0.2069
8993,0.1931
8994,0.1895
8995,0.1904
8996,0.1706
8997,0.1503
8998,0.1234
8999,0.1072
9000,0.0929
9001,0.0742
9002,0.0648
9003,0.0609
9004,0.0584
9005,0.0512
9006,0.0405
9007,0.0326
9008,0.0275
9009,0.0217
9010,0.0097
9011,0.0098
9012,0.0109
9013,0.0109
9014,0.0125
9015,0.0226
9016,0.0439
9017,0.0703
9018,0.0902
9019,0.0988
9020,0.1071
9021,0.1174
9022,0.1186
9023,0.1142
9024,0.113
9025,0.0973
9026,0.0933
9027,0.0922
9028,0.0953
9029,0.0962
9030,0.1026
9031,0.1142
9032,0.1031
9033,0.0868
9034,0.1009
9035,0.136
9036,0.1622
9037,0.2009
9038,0.2197
9039,0.2701
9040,0.3453
9041,0.3627
9042,0.455
9043,0.4978
9044,0.5321
9045,0.6049
9046,0.6262
9047,0.6234
9048,0.6299
9049,0.6693
9050,0.6761
9051,0.6119
9052,0.4957
9053,0.4675
9054,0.4828
9055,0.5035
9056,0.5295
9057,0.5721
9058,0.6182
9059,0.6633
9060,0.6763
9061,0.698
9062,0.7361
9063,0.7549
9064,0.7795
9065,0.7974
9066,0.8029
9067,0.8106
9068,0.8422
9069,0.8658
9070,0.8732
9071,0.8679
9072,0.85
9073,0.8191
9074,0.7914
9075,0.7547
9076,0.6809
9077,0.5909
9078,0.5162
9079,0.4728
9080,0.3838
9081,0.3629
9082,0.3978
9083,0.4514
9084,0.5082
9085,0.4993
9086,0.5199
9087,0.5801
9088,0.6544
9089,0.6451
9090,0.5991
9091,0.522
9092,0.4163
9093,0.3279
9094,0.2662
9095,0.2075
9096,0.1749
9097,0.1562
9098,0.1415
9099,0.1217
9100,0.098
9101,0.0696
9102,0.0404
9103,0.0278
9104,0.0211
9105,0.0227
9106,0.0273
9107,0.0321
9108,0.0392
9109,0.0352
9110,0.0268
9111,0.0219
9112,0.0134
9113,0.0069
9114,0.0069
9115,0.0072
9116,0.0069
9117,0.0076
9118,0.0119
9119,0.0191
9120,0.0297
9121,0.0423
9122,0.0534
9123,0.0628
9124,0.08
9125,0.1101
9126,0.1461
9127,0.1753
9128,0.1881
9129,0.1605
9130,0.1311
9131,0.1604
9132,0.2105
9133,0.2131
9134,0.2697
9135,0.3553
9136,0.406
9137,0.4485
9138,0.5011
9139,0.5458
9140,0.5559
9141,0.5687
9142,0.5731
9143,0.5708
9144,0.581
9145,0.5912
9146,0.5934
9147,0.6055
9148,0.6008
9149,0.5996
9150,0.6057
9151,0.5995
9152,0.6082
9153,0.5805
9154,0.5201
9155,0.4905
9156,0.5351
9157,0.5146
9158,0.4915
9159,0.4946
9160,0.471
9161,0.4601
9162,0.4245
9163,0.346
9164,0.3046
9165,0.2547
9166,0.208
9167,0.1854
9168,0.1576
9169,0.1276
9170,0.096
9171,0.0667
9172,0.0592
9173,0.0434
9174,0.0282
9175,0.0161
9176,0.0175
9177,0.034
9178,0.0464
9179,0.0543
9180,0.0548
9181,0.0694
9182,0.0929
9183,0.0966
9184,0.1164
9185,0.1238
9186,0.1222
9187,0.1185
9188,0.1101
9189,0.0993
9190,0.0877
9191,0.0693
9192,0.0513
9193,0.0371
9194,0.0265
9195,0.0219
9196,0.0204
9197,0.0225
9198,0.0261
9199,0.0293
9200,0.0272
9201,0.0255
9202,0.028
9203,0.0432
9204,0.0488
9205,0.044
9206,0.0247
9207,0.0111
9208,0.0096
9209,0.019
9210,0.0404
9211,0.0622
9212,0.0758
9213,0.0833
9214,0.0867
9215,0.0868
9216,0.0851
9217,0.0901
9218,0.0886
9219,0.088
9220,0.0917
9221,0.0984
9222,0.0892
9223,0.0751
9224,0.0534
9225,0.0291
9226,0.0217
9227,0.0285
9228,0.0183
9229,0.006
9230,0.001
9231,0.0014
9232,0.0014
9233,0.0021
9234,0.0082
9235,0.018
9236,0.0264
9237,0.0291
9238,0.0301
9239,0.0308
9240,0.0352
9241,0.0411
9242,0.04
9243,0.0304
9244,0.0283
9245,0.0301
9246,0.0321
9247,0.0333
9248,0.0282
9249,0.0299
9250,0.0346
9251,0.0339
9252,0.0355
9253,0.0408
9254,0.0414
9255,0.05
9256,0.0611
9257,0.0536
9258,0.0406
9259,0.0279
9260,0.0173
9261,0.0094
9262,0.0052
9263,0.0037
9264,0.0043
9265,0.0063
9266,0.0067
9267,0.0076
9268,0.0094
9269,0.0138
9270,0.0264
9271,0.0366
9272,0.0316
9273,0.0217
9274,0.0183
9275,0.0163
9276,0.0126
9277,0.0098
9278,0.008
9279,0.0055
9280,0.0043
9281,0.0055
9282,0.0096
9283,0.0214
9284,0.0425
9285,0.0644
9286,0.079
9287,0.0853
9288,0.0834
9289,0.0834
9290,0.0855
9291,0.0898
9292,0.0971
9293,0.1101
9294,0.117
9295,0.1052
9296,0.0557
9297,0.0269
9298,0.0149
9299,0.009
9300,0.0056
9301,0.0036
9302,0.0044
9303,0.0189
9304,0.0424
9305,0.0564
9306,0.0658
9307,0.0746
9308,0.0883
9309,0.0998
9310,0.0934
9311,0.0852
9312,0.0688
9313,0.0659
9314,0.0646
9315,0.0618
9316,0.0568
9317,0.0581
9318,0.0535
9319,0.0467
9320,0.047
9321,0.0352
9322,0.0219
9323,0.0305
9324,0.0478
9325,0.0634
9326,0.076
9327,0.0793
9328,0.0894
9329,0.0954
9330,0.0894
9331,0.0739
9332,0.0504
9333,0.0374
9334,0.0332
9335,0.0289
9336,0.0278
9337,0.0312
9338,0.0306
9339,0.0224
9340,0.0203
9341,0.019
9342,0.0201
9343,0.0205
9344,0.0167
9345,0.0097
9346,0.0116
9347,0.0322
9348,0.0415
9349,0.0404
9350,0.0309
9351,0.0246
9352,0.0189
9353,0.0191
9354,0.023
9355,0.0409
9356,0.0883
9357,0.1557
9358,0.2025
9359,0.2152
9360,0.2129
9361,0.2279
9362,0.2393
9363,0.2351
9364,0.2226
9365,0.2242
9366,0.2324
9367,0.2313
9368,0.2057
9369,0.196
9370,0.2225
9371,0.2602
9372,0.2963
9373,0.3129
9374,0.3362
9375,0.3992
9376,0.4562
9377,0.4681
9378,0.4632
9379,0.4594
9380,0.4636
9381,0.4778
9382,0.4999
9383,0.5299
9384,0.5594
9385,0.5803
9386,0.6079
9387,0.621
9388,0.6402
9389,0.6676
9390,0.6866
9391,0.6773
9392,0.6462
9393,0.6132
9394,0.6336
9395,0.6824
9396,0.7
9397,0.6915
9398,0.6585
9399,0.6146
9400,0.6129
9401,0.6513
9402,0.6592
9403,0.6153
9404,0.576
9405,0.5617
9406,0.4958
9407,0.5597
9408,0.6279
9409,0.6604
9410,0.6789
9411,0.6608
9412,0.6073
9413,0.5268
9414,0.4745
9415,0.4317
9416,0.4297
9417,0.5298
9418,0.5425
9419,0.5468
9420,0.5385
9421,0.4907
9422,0.4045
9423,0.3511
9424,0.3624
9425,0.3747
9426,0.3765
9427,0.3279
9428,0.308
9429,0.306
9430,0.2305
9431,0.201
9432,0.173
9433,0.1363
9434,0.1153
9435,0.0903
9436,0.0636
9437,0.042
9438,0.019
9439,0.0071
9440,0.0015
9441,0.0024
9442,0.0152
9443,0.036
9444,0.0444
9445,0.044
9446,0.0404
9447,0.0337
9448,0.0406
9449,0.0839
9450,0.1364
9451,0.1631
9452,0.1649
9453,0.1889
9454,0.2522
9455,0.3636
9456,0.4611
9457,0.608
9458,0.7049
9459,0.7233
9460,0.7296
9461,0.7137
9462,0.7003
9463,0.6971
9464,0.6958
9465,0.7002
9466,0.7028
9467,0.7
9468,0.6811
9469,0.629
9470,0.4989
9471,0.3823
9472,0.377
9473,0.3224
9474,0.2886
9475,0.2559
9476,0.221
9477,0.2311
9478,0.1962
9479,0.1605
9480,0.1379
9481,0.1518
9482,0.1889
9483,0.2228
9484,0.264
9485,0.2792
9486,0.2375
9487,0.1945
9488,0.1223
9489,0.1128
9490,0.1393
9491,0.1621
9492,0.1561
9493,0.115
9494,0.0709
9495,0.0775
9496,0.0969
9497,0.1604
9498,0.2346
9499,0.3476
9500,0.5226
9501,0.6916
9502,0.7465
9503,0.7234
9504,0.6734
9505,0.6008
9506,0.4966
9507,0.3597
9508,0.2468
9509,0.2004
9510,0.1859
9511,0.197
9512,0.1864
9513,0.1542
9514,0.1222
9515,0.1121
9516,0.1046
9517,0.1013
9518,0.1138
9519,0.1295
9520,0.1285
9521,0.11
9522,0.085
9523,0.0643
9524,0.0651
9525,0.1239
9526,0.1633
9527,0.1304
9528,0.1006
9529,0.0931
9530,0.1018
9531,0.0725
9532,0.036
9533,0.015
9534,0.0121
9535,0.0164
9536,0.0181
9537,0.0127
9538,0.0189
9539,0.0254
9540,0.04
9541,0.0711
9542,0.1086
9543,0.141
9544,0.1953
9545,0.2038
9546,0.181
9547,0.1662
9548,0.1657
9549,0.1611
9550,0.1487
9551,0.1533
9552,0.1632
9553,0.1859
9554,0.1937
9555,0.1831
9556,0.1765
9557,0.179
9558,0.2164
9559,0.271
9560,0.3864
9561,0.5109
9562,0.5409
9563,0.5348
9564,0.5181
9565,0.5018
9566,0.3975
9567,0.3429
9568,0.3723
9569,0.4155
9570,0.348
9571,0.3112
9572,0.2644
9573,0.2344
9574,0.207
9575,0.1881
9576,0.1642
9577,0.1363
9578,0.1149
9579,0.1235
9580,0.1307
9581,0.1346
9582,0.1694
9583,0.1748
9584,0.1516
9585,0.1728
9586,0.1821
9587,0.182
9588,0.1408
9589,0.0817
9590,0.0387
9591,0.028
9592,0.0271
9593,0.019
9594,0.0153
9595,0.0285
9596,0.0468
9597,0.0358
9598,0.0235
9599,0.0308
9600,0.0325
9601,0.0189
9602,0.0056
9603,0.0021
9604,0.0019
9605,0.006
9606,0.0182
9607,0.0212
9608,0.0137
9609,0.0069
9610,0.0043
9611,0.0045
9612,0.0067
9613,0.0122
9614,0.0241
9615,0.0423
9616,0.0543
9617,0.0586
9618,0.0649
9619,0.0779
9620,0.0967
9621,0.099
9622,0.0781
9623,0.0513
9624,0.0331
9625,0.0252
9626,0.0213
9627,0.0181
9628,0.0176
9629,0.0202
9630,0.0255
9631,0.0258
9632,0.0167
9633,0.011
9634,0.0097
9635,0.01
9636,0.0102
9637,0.0106
9638,0.0116
9639,0.0111
9640,0.011
9641,0.0254
9642,0.0616
9643,0.0993
9644,0.1326
9645,0.1716
9646,0.234
9647,0.2798
9648,0.285
9649,0.2967
9650,0.3324
9651,0.3761
9652,0.3953
9653,0.4171
9654,0.4262
9655,0.4095
9656,0.3735
9657,0.3682
9658,0.3676
9659,0.3611
9660,0.387
9661,0.4259
9662,0.4286
9663,0.4216
9664,0.4193
9665,0.4005
9666,0.4218
9667,0.3874
9668,0.3094
9669,0.2202
9670,0.169
9671,0.1686
9672,0.19
9673,0.1949
9674,0.1991
9675,0.1793
9676,0.1666
9677,0.1574
9678,0.1589
9679,0.1611
9680,0.1183
9681,0.073
9682,0.072
9683,0.0717
9684,0.0693
9685,0.0729
9686,0.0722
9687,0.0937
9688,0.1242
9689,0.176
9690,0.2655
9691,0.3866
9692,0.4781
9693,0.5534
9694,0.607
9695,0.6372
9696,0.654
9697,0.6861
9698,0.7152
9699,0.7356
9700,0.7445
9701,0.7095
9702,0.6691
9703,0.6398
9704,0.6083
9705,0.5939
9706,0.5755
9707,0.584
9708,0.598
9709,0.5809
9710,0.5472
9711,0.5463
9712,0.532
9713,0.4898
9714,0.4414
9715,0.3873
9716,0.3919
9717,0.4436
9718,0.4564
9719,0.4754
9720,0.5027
9721,0.5186
9722,0.5503
9723,0.5659
9724,0.5733
9725,0.607
9726,0.625
9727,0.6568
9728,0.6747
9729,0.6909
9730,0.7672
9731,0.8132
9732,0.8655
9733,0.8921
9734,0.8927
9735,0.8597
9736,0.8305
9737,0.8206
9738,0.8482
9739,0.8495
9740,0.797
9741,0.7599
9742,0.734
9743,0.7286
9744,0.7247
9745,0.6925
9746,0.6728
9747,0.6092
9748,0.5222
9749,0.4651
9750,0.413
9751,0.3798
9752,0.3924
9753,0.3952
9754,0.3902
9755,0.4047
9756,0.4081
9757,0.3719
9758,0.3008
9759,0.2291
9760,0.2306
9761,0.2246
9762,0.2083
9763,0.2086
9764,0.2172
9765,0.1931
9766,0.1621
9767,0.1285
9768,0.1099
9769,0.0954
9770,0.0857
9771,0.0761
9772,0.0665
9773,0.06
9774,0.0507
9775,0.0394
9776,0.0366
9777,0.0461
9778,0.0711
9779,0.0996
9780,0.1202
9781,0.1178
9782,0.1009
9783,0.0883
9784,0.0894
9785,0.084
9786,0.0774
9787,0.0847
9788,0.1019
9789,0.128
9790,0.1785
9791,0.2339
9792,0.27
9793,0.2809
9794,0.2854
9795,0.2747
9796,0.2612
9797,0.2504
9798,0.2331
9799,0.1548
9800,0.0992
9801,0.1192
9802,0.107
9803,0.0752
9804,0.0469
9805,0.0328
9806,0.026
9807,0.0283
9808,0.0402
9809,0.06
9810,0.0699
9811,0.0725
9812,0.0748
9813,0.0874
9814,0.0955
9815,0.091
9816,0.0898
9817,0.093
9818,0.0943
9819,0.0841
9820,0.0713
9821,0.0593
9822,0.0494
9823,0.0442
9824,0.0264
9825,0.0095
9826,0.0042
9827,0.0027
9828,0.0017
9829,0.0021
9830,0.0074
9831,0.0213
9832,0.037
9833,0.0547
9834,0.0746
9835,0.0998
9836,0.1269
9837,0.1353
9838,0.126
9839,0.1206
9840,0.1047
9841,0.0799
9842,0.0622
9843,0.0548
9844,0.0551
9845,0.058
9846,0.0591
9847,0.0602
9848,0.0446
9849,0.0255
9850,0.0142
9851,0.0088
9852,0.0059
9853,0.0054
9854,0.007
9855,0.0186
9856,0.0411
9857,0.0603
9858,0.0755
9859,0.0844
9860,0.0859
9861,0.0855
9862,0.0992
9863,0.1231
9864,0.1487
9865,0.1685
9866,0.1793
9867,0.1835
9868,0.181
9869,0.1759
9870,0.1735
9871,0.1733
9872,0.1322
9873,0.0678
9874,0.0328
9875,0.0298
9876,0.0352
9877,0.0318
9878,0.0251
9879,0.0224
9880,0.0229
9881,0.0315
9882,0.0447
9883,0.0571
9884,0.0684
9885,0.0808
9886,0.0994
9887,0.123
9888,0.1504
9889,0.1784
9890,0.1963
9891,0.2044
9892,0.216
9893,0.2283
9894,0.2313
9895,0.2075
9896,0.1311
9897,0.0663
9898,0.0403
9899,0.0661
9900,0.0913
9901,0.0797
9902,0.051
9903,0.0336
9904,0.0323
9905,0.0355
9906,0.0424
9907,0.0516
9908,0.062
9909,0.0723
9910,0.0824
9911,0.0923
9912,0.092
9913,0.075
9914,0.0546
9915,0.0412
9916,0.0378
9917,0.0407
9918,0.0498
9919,0.0655
9920,0.0535
9921,0.0311
9922,0.0353
9923,0.034
9924,0.0391
9925,0.051
9926,0.0606
9927,0.0672
9928,0.0878
9929,0.1086
9930,0.1496
9931,0.2214
9932,0.2979
9933,0.3469
9934,0.3673
9935,0.3797
9936,0.3889
9937,0.3802
9938,0.3636
9939,0.3633
9940,0.3186
9941,0.2673
9942,0.2278
9943,0.1533
9944,0.0931
9945,0.1228
9946,0.1076
9947,0.0856
9948,0.0752
9949,0.0644
9950,0.0498
9951,0.0416
9952,0.0321
9953,0.0168
9954,0.0059
9955,0.0011
9956,0.0005
9957,0.0008
9958,0.0008
9959,0.0015
9960,0.002
9961,0.002
9962,0.0025
9963,0.0031
9964,0.0051
9965,0.0121
9966,0.0222
9967,0.0254
9968,0.0081
9969,0.0028
9970,0.0044
9971,0.0056
9972,0.0067
9973,0.0068
9974,0.0057
9975,0.0062
9976,0.0087
9977,0.0076
9978,0.0041
9979,0.0037
9980,0.0048
9981,0.0068
9982,0.0103
9983,0.0162
9984,0.0238
9985,0.0295
9986,0.0306
9987,0.0286
9988,0.0285
9989,0.0322
9990,0.0406
9991,0.0505
9992,0.0292
9993,0.0087
9994,0.0035
9995,0.0052
9996,0.0106
9997,0.02
9998,0.034
9999,0.0478
10000,0.0555
10001,0.0523
10002,0.0471
10003,0.0369
10004,0.0279
10005,0.0218
10006,0.024
10007,0.0271
10008,0.0314
10009,0.0355
10010,0.0463
10011,0.0511
10012,0.0565
10013,0.0642
10014,0.0779
10015,0.0876
10016,0.077
10017,0.1289
10018,0.1795
10019,0.224
10020,0.255
10021,0.267
10022,0.2752
10023,0.2784
10024,0.3359
10025,0.3651
10026,0.3773
10027,0.4036
10028,0.4117
10029,0.4339
10030,0.4651
10031,0.4719
10032,0.4294
10033,0.4142
10034,0.4291
10035,0.3915
10036,0.3933
10037,0.3859
10038,0.342
10039,0.4091
10040,0.4435
10041,0.4857
10042,0.4787
10043,0.473
10044,0.504
10045,0.5159
10046,0.505
10047,0.4657
10048,0.4781
10049,0.4865
10050,0.4787
10051,0.4582
10052,0.3958
10053,0.365
10054,0.3407
10055,0.2949
10056,0.2115
10057,0.1214
10058,0.0671
10059,0.0475
10060,0.0428
10061,0.0411
10062,0.0371
10063,0.0201
10064,0.009
10065,0.0063
10066,0.0039
10067,0.0028
10068,0.0028
10069,0.0119
10070,0.0382
10071,0.0728
10072,0.1296
10073,0.1847
10074,0.2277
10075,0.2473
10076,0.2588
10077,0.251
10078,0.2344
10079,0.2221
10080,0.2015
10081,0.1742
10082,0.1461
10083,0.1293
10084,0.1122
10085,0.0987
10086,0.0898
10087,0.0579
10088,0.0325
10089,0.0375
10090,0.0297
10091,0.0407
10092,0.0628
10093,0.0911
10094,0.1113
10095,0.109
10096,0.1273
10097,0.1445
10098,0.1333
10099,0.1221
10100,0.1297
10101,0.138
10102,0.1502
10103,0.1534
10104,0.1536
10105,0.1469
10106,0.1432
10107,0.1296
10108,0.1052
10109,0.0838
10110,0.0658
10111,0.0391
10112,0.0135
10113,0.0067
10114,0.0112
10115,0.0289
10116,0.0558
10117,0.0749
10118,0.0852
10119,0.084
10120,0.1018
10121,0.1179
10122,0.1255
10123,0.1295
10124,0.1446
10125,0.1764
10126,0.2035
10127,0.2143
10128,0.2228
10129,0.2274
10130,0.2312
10131,0.2253
10132,0.212
10133,0.1915
10134,0.1653
10135,0.1214
10136,0.0492
10137,0.025
10138,0.0482
10139,0.0547
10140,0.0564
10141,0.0581
10142,0.0577
10143,0.0439
10144,0.0255
10145,0.009
10146,0.003
10147,0.0053
10148,0.0213
10149,0.0594
10150,0.1116
10151,0.1667
10152,0.2222
10153,0.285
10154,0.3203
10155,0.3473
10156,0.3582
10157,0.3628
10158,0.3836
10159,0.3883
10160,0.338
10161,0.4353
10162,0.5074
10163,0.535
10164,0.559
10165,0.573
10166,0.578
10167,0.5537
10168,0.5276
10169,0.5142
10170,0.4861
10171,0.5032
10172,0.5005
10173,0.5088
10174,0.4957
10175,0.5119
10176,0.5088
10177,0.5214
10178,0.5417
10179,0.5496
10180,0.5876
10181,0.6201
10182,0.6389
10183,0.656
10184,0.7013
10185,0.7447
10186,0.7236
10187,0.6647
10188,0.5861
10189,0.4719
10190,0.3312
10191,0.2168
10192,0.2076
10193,0.2287
10194,0.2184
10195,0.1933
10196,0.158
10197,0.129
10198,0.0979
10199,0.0762
10200,0.0736
10201,0.0784
10202,0.0911
10203,0.1031
10204,0.1097
10205,0.1062
10206,0.0971
10207,0.0791
10208,0.0889
10209,0.1696
10210,0.2222
10211,0.2262
10212,0.2077
10213,0.1941
10214,0.1691
10215,0.1442
10216,0.1871
10217,0.2557
10218,0.272
10219,0.2524
10220,0.2818
10221,0.3027
10222,0.2916
10223,0.3359
10224,0.3427
10225,0.3409
10226,0.352
10227,0.3516
10228,0.3331
10229,0.341
10230,0.3649
10231,0.3378
10232,0.3979
10233,0.527
10234,0.5597
10235,0.5637
10236,0.5525
10237,0.5259
10238,0.4282
10239,0.3639
10240,0.3999
10241,0.4258
10242,0.4702
10243,0.5515
10244,0.6126
10245,0.6517
10246,0.6771
10247,0.6733
10248,0.6786
10249,0.6983
10250,0.7163
10251,0.7356
10252,0.7672
10253,0.8144
10254,0.8211
10255,0.8147
10256,0.7942
10257,0.7556
10258,0.7567
10259,0.7653
10260,0.781
10261,0.8294
10262,0.8736
10263,0.8653
10264,0.8581
10265,0.8376
10266,0.8358
10267,0.8229
10268,0.7633
10269,0.7046
10270,0.6523
10271,0.6033
10272,0.5239
10273,0.5027
10274,0.5373
10275,0.5624
10276,0.5993
10277,0.5789
10278,0.5431
10279,0.5119
10280,0.5967
10281,0.6287
10282,0.6323
10283,0.6265
10284,0.6228
10285,0.6219
10286,0.6063
10287,0.5194
10288,0.4077
10289,0.3251
10290,0.2469
10291,0.2052
10292,0.1838
10293,0.1562
10294,0.1272
10295,0.1292
10296,0.142
10297,0.1354
10298,0.134
10299,0.1603
10300,0.2121
10301,0.2568
10302,0.2797
10303,0.2402
10304,0.1921
10305,0.2212
10306,0.3195
10307,0.3941
10308,0.4955
10309,0.5628
10310,0.5451
10311,0.4788
10312,0.583
10313,0.6923
10314,0.7299
10315,0.7218
10316,0.7175
10317,0.7304
10318,0.7578
10319,0.7768
10320,0.7745
10321,0.7896
10322,0.7641
10323,0.7889
10324,0.6134
10325,0.4973
10326,0.5553
10327,0.6117
10328,0.6692
10329,0.7083
10330,0.7114
10331,0.6981
10332,0.6687
10333,0.6403
10334,0.5991
10335,0.505
10336,0.4689
10337,0.4798
10338,0.4647
10339,0.4537
10340,0.4591
10341,0.4705
10342,0.4848
10343,0.5132
10344,0.5411
10345,0.5423
10346,0.4961
10347,0.4178
10348,0.3496
10349,0.3399
10350,0.3263
10351,0.3203
10352,0.3792
10353,0.4525
10354,0.4865
10355,0.4822
10356,0.4429
10357,0.3733
10358,0.3144
10359,0.2714
10360,0.226
10361,0.2376
10362,0.2661
10363,0.3157
10364,0.3251
10365,0.3328
10366,0.4404
10367,0.4919
10368,0.5107
10369,0.5424
10370,0.5614
10371,0.5636
10372,0.5568
10373,0.5943
10374,0.6224
10375,0.6136
10376,0.6069
10377,0.6137
10378,0.6233
10379,0.645
10380,0.6528
10381,0.6574
10382,0.658
10383,0.6552
10384,0.648
10385,0.637
10386,0.6062
10387,0.5734
10388,0.5501
10389,0.5043
10390,0.4302
10391,0.4273
10392,0.5538
10393,0.6527
10394,0.7039
10395,0.7389
10396,0.7586
10397,0.7832
10398,0.8026
10399,0.824
10400,0.8433
10401,0.8549
10402,0.8714
10403,0.8891
10404,0.9026
10405,0.9196
10406,0.9127
10407,0.8726
10408,0.8508
10409,0.847
10410,0.8051
10411,0.7582
10412,0.718
10413,0.6386
10414,0.5763
10415,0.5498
10416,0.5256
10417,0.5529
10418,0.5965
10419,0.6759
10420,0.7133
10421,0.7272
10422,0.7504
10423,0.8203
10424,0.9044
10425,0.9536
10426,0.947
10427,0.9339
10428,0.9004
10429,0.8716
10430,0.8066
10431,0.702
10432,0.5921
10433,0.5565
10434,0.541
10435,0.488
10436,0.4274
10437,0.376
10438,0.3113
10439,0.2526
10440,0.2069
10441,0.162
10442,0.1273
10443,0.096
10444,0.0812
10445,0.0871
10446,0.0976
10447,0.0917
10448,0.1264
10449,0.1259
10450,0.1369
10451,0.1736
10452,0.2347
10453,0.3203
10454,0.3741
10455,0.3577
10456,0.4988
10457,0.6385
10458,0.7114
10459,0.748
10460,0.7572
10461,0.7795
10462,0.7976
10463,0.7655
10464,0.6722
10465,0.5911
10466,0.5522
10467,0.5149
10468,0.5039
10469,0.4546
10470,0.4785
10471,0.5754
10472,0.6417
10473,0.6725
10474,0.6883
10475,0.7022
10476,0.7102
10477,0.6994
10478,0.6618
10479,0.5799
10480,0.5012
10481,0.5272
10482,0.512
10483,0.5148
10484,0.5473
10485,0.5867
10486,0.5278
10487,0.5384
10488,0.4967
10489,0.4641
10490,0.4048
10491,0.3813
10492,0.4316
10493,0.4661
10494,0.475
10495,0.5035
10496,0.6231
10497,0.6899
10498,0.7257
10499,0.7477
10500,0.7579
10501,0.7763
10502,0.8115
10503,0.8646
10504,0.8615
10505,0.8626
10506,0.8601
10507,0.852
10508,0.8287
10509,0.7638
10510,0.7056
10511,0.6934
10512,0.6846
10513,0.667
10514,0.6053
10515,0.5411
10516,0.6005
10517,0.6809
10518,0.736
10519,0.8007
10520,0.8177
10521,0.8138
10522,0.8069
10523,0.8086
10524,0.8045
10525,0.8217
10526,0.79
10527,0.7497
10528,0.7236
10529,0.7202
10530,0.7091
10531,0.6968
10532,0.6761
10533,0.6721
10534,0.6557
10535,0.6462
10536,0.6537
10537,0.6357
10538,0.602
10539,0.5724
10540,0.5242
10541,0.4898
10542,0.4624
10543,0.4804
10544,0.5313
10545,0.5429
10546,0.5425
10547,0.5381
10548,0.5406
10549,0.5415
10550,0.5319
10551,0.4725
10552,0.4215
10553,0.4252
10554,0.4357
10555,0.4709
10556,0.5025
10557,0.5306
10558,0.5583
10559,0.5905
10560,0.6217
10561,0.6418
10562,0.6685
10563,0.6907
10564,0.6745
10565,0.6459
10566,0.6002
10567,0.5923
10568,0.6628
10569,0.7211
10570,0.7445
10571,0.7547
10572,0.7376
10573,0.7001
10574,0.6631
10575,0.6072
10576,0.4848
10577,0.4035
10578,0.394
10579,0.3789
10580,0.358
10581,0.3641
10582,0.3756
10583,0.3419
10584,0.3394
10585,0.3117
10586,0.2764
10587,0.2401
10588,0.2106
10589,0.179
10590,0.1552
10591,0.1857
10592,0.2135
10593,0.2024
10594,0.1842
10595,0.162
10596,0.1457
10597,0.1375
10598,0.1289
10599,0.1151
10600,0.0812
10601,0.0604
10602,0.0428
10603,0.0252
10604,0.0144
10605,0.0078
10606,0.0048
10607,0.0035
10608,0.003
10609,0.0032
10610,0.0043
10611,0.0055
10612,0.011
10613,0.0209
10614,0.028
10615,0.0578
10616,0.0951
10617,0.1063
10618,0.1069
10619,0.1119
10620,0.1207
10621,0.1364
10622,0.1542
10623,0.1608
10624,0.1427
10625,0.1486
10626,0.1821
10627,0.2335
10628,0.2763
10629,0.2883
10630,0.2775
10631,0.2581
10632,0.2256
10633,0.1999
10634,0.1959
10635,0.2035
10636,0.2133
10637,0.2202
10638,0.1572
10639,0.1288
10640,0.2922
10641,0.3417
10642,0.346
10643,0.3411
10644,0.3415
10645,0.3535
10646,0.3651
10647,0.3605
10648,0.3382
10649,0.3617
10650,0.3708
10651,0.3617
10652,0.3589
10653,0.3548
10654,0.3633
10655,0.3764
10656,0.3605
10657,0.324
10658,0.2855
10659,0.2282
10660,0.1723
10661,0.1376
10662,0.0929
10663,0.0732
10664,0.096
10665,0.0738
10666,0.0647
10667,0.0641
10668,0.0662
10669,0.0693
10670,0.0699
10671,0.0636
10672,0.0652
10673,0.0858
10674,0.0968
10675,0.0926
10676,0.0836
10677,0.0792
10678,0.0719
10679,0.0624
10680,0.0555
10681,0.0539
10682,0.058
10683,0.0647
10684,0.0672
10685,0.0697
10686,0.07
10687,0.0385
10688,0.023
10689,0.0229
10690,0.0215
10691,0.0232
10692,0.0255
10693,0.0231
10694,0.0218
10695,0.0174
10696,0.0182
10697,0.0178
10698,0.0113
10699,0.004
10700,0.002
10701,0.0027
10702,0.0029
10703,0.0023
10704,0.0014
10705,0.0005
10706,0.0003
10707,0.0004
10708,0.001
10709,0.0017
10710,0.0033
10711,0.0033
10712,0.0018
10713,0.0019
10714,0.0067
10715,0.0187
10716,0.0315
10717,0.0415
10718,0.0495
10719,0.0593
10720,0.0861
10721,0.1343
10722,0.1692
10723,0.1662
10724,0.1413
10725,0.1205
10726,0.0998
10727,0.0726
10728,0.0478
10729,0.0261
10730,0.0128
10731,0.0075
10732,0.007
10733,0.0075
10734,0.0119
10735,0.0098
10736,0.0079
10737,0.0238
10738,0.0457
10739,0.0734
10740,0.109
10741,0.1441
10742,0.1705
10743,0.1794
10744,0.1785
10745,0.2298
10746,0.247
10747,0.2131
10748,0.1521
10749,0.0892
10750,0.0457
10751,0.031
10752,0.0354
10753,0.0325
10754,0.0295
10755,0.0389
10756,0.052
10757,0.0601
10758,0.0536
10759,0.1073
10760,0.2032
10761,0.2428
10762,0.2872
10763,0.3616
10764,0.4522
10765,0.5338
10766,0.5946
10767,0.6303
10768,0.5829
10769,0.5358
10770,0.5466
10771,0.5014
10772,0.5333
10773,0.5555
10774,0.5264
10775,0.4523
10776,0.4207
10777,0.4
10778,0.366
10779,0.3329
10780,0.314
10781,0.2939
10782,0.3047
10783,0.3645
10784,0.3664
10785,0.3473
10786,0.3396
10787,0.3398
10788,0.3306
10789,0.3086
10790,0.2979
10791,0.2913
10792,0.2717
10793,0.272
10794,0.2933
10795,0.2986
10796,0.2778
10797,0.2463
10798,0.2171
10799,0.2141
10800,0.2292
10801,0.2216
10802,0.2233
10803,0.2419
10804,0.2391
10805,0.2168
10806,0.1436
10807,0.2672
10808,0.3771
10809,0.4133
10810,0.4369
10811,0.4521
10812,0.4583
10813,0.4573
10814,0.4505
10815,0.441
10816,0.4123
10817,0.3966
10818,0.3933
10819,0.3937
10820,0.3864
10821,0.3451
10822,0.3399
10823,0.3344
10824,0.3192
10825,0.3137
10826,0.3006
10827,0.3071
10828,0.3048
10829,0.2792
10830,0.2403
10831,0.2649
10832,0.4477
10833,0.4895
10834,0.4927
10835,0.4878
10836,0.4824
10837,0.479
10838,0.4848
10839,0.4931
10840,0.4846
10841,0.5008
10842,0.5179
10843,0.5193
10844,0.5
10845,0.4946
10846,0.4279
10847,0.3835
10848,0.3524
10849,0.2816
10850,0.1799
10851,0.1264
10852,0.0873
10853,0.0744
10854,0.0665
10855,0.0497
10856,0.0492
10857,0.0519
10858,0.052
10859,0.0477
10860,0.0365
10861,0.0246
10862,0.01
10863,0.0076
10864,0.0087
10865,0.012
10866,0.0292
10867,0.0432
10868,0.0386
10869,0.0249
10870,0.0147
10871,0.0162
10872,0.0302
10873,0.057
10874,0.0784
10875,0.0906
10876,0.0914
10877,0.0842
10878,0.0694
10879,0.0219
10880,0.0078
10881,0.0052
10882,0.0083
10883,0.0114
10884,0.0127
10885,0.0114
10886,0.0101
10887,0.0114
10888,0.0161
10889,0.0257
10890,0.0263
10891,0.0232
10892,0.0149
10893,0.0064
10894,0.0025
10895,0.0014
10896,0.0011
10897,0.0013
10898,0.0016
10899,0.0021
10900,0.0026
10901,0.0036
10902,0.0041
10903,0.0018
10904,0.0095
10905,0.0461
10906,0.0864
10907,0.1162
10908,0.1474
10909,0.1742
10910,0.1979
10911,0.2202
10912,0.2302
10913,0.3006
10914,0.359
10915,0.3984
10916,0.4109
10917,0.4153
10918,0.4075
10919,0.3844
10920,0.3599
10921,0.3304
10922,0.2822
10923,0.2163
10924,0.1428
10925,0.099
10926,0.0569
10927,0.0667
10928,0.0672
10929,0.0532
10930,0.0333
10931,0.024
10932,0.0179
10933,0.0141
10934,0.0107
10935,0.0092
10936,0.0089
10937,0.0127
10938,0.014
10939,0.0254
10940,0.0361
10941,0.0547
10942,0.0852
10943,0.1218
10944,0.1586
10945,0.1983
10946,0.2399
10947,0.2585
10948,0.2676
10949,0.2699
10950,0.2198
10951,0.1502
10952,0.2223
10953,0.2509
10954,0.2756
10955,0.3112
10956,0.3703
10957,0.4328
10958,0.4685
10959,0.4712
10960,0.5023
10961,0.5232
10962,0.5086
10963,0.4706
10964,0.4493
10965,0.4692
10966,0.4701
10967,0.4746
10968,0.4724
10969,0.4909
10970,0.4852
10971,0.4428
10972,0.366
10973,0.3115
10974,0.2473
10975,0.1994
10976,0.2197
10977,0.2854
10978,0.3319
10979,0.3403
10980,0.3359
10981,0.3226
10982,0.2782
10983,0.2289
10984,0.1948
10985,0.15
10986,0.144
10987,0.1517
10988,0.1515
10989,0.1396
10990,0.1345
10991,0.1236
10992,0.1097
10993,0.1194
10994,0.1479
10995,0.1902
10996,0.2273
10997,0.2602
10998,0.2498
10999,0.1902
11000,0.1498
11001,0.1218
11002,0.1062
11003,0.0931
11004,0.0877
11005,0.0754
11006,0.0529
11007,0.0683
11008,0.0619
11009,0.0469
11010,0.0447
11011,0.0397
11012,0.0259
11013,0.0254
11014,0.0204
11015,0.0128
11016,0.0114
11017,0.0128
11018,0.0106
11019,0.0301
11020,0.0395
11021,0.0475
11022,0.0492
11023,0.1074
11024,0.1606
11025,0.1994
11026,0.2072
11027,0.1689
11028,0.1088
11029,0.0496
11030,0.0172
11031,0.011
11032,0.0068
11033,0.0059
11034,0.013
11035,0.0427
11036,0.0734
11037,0.095
11038,0.1035
11039,0.0978
11040,0.0754
11041,0.061
11042,0.0544
11043,0.0482
11044,0.0521
11045,0.0556
11046,0.0514
11047,0.0613
11048,0.1158
11049,0.1315
11050,0.1549
11051,0.1595
11052,0.1349
11053,0.0996
11054,0.0631
11055,0.0417
11056,0.0415
11057,0.0551
11058,0.0556
11059,0.0462
11060,0.0361
11061,0.0354
11062,0.0648
11063,0.1405
11064,0.1862
11065,0.1786
11066,0.1616
11067,0.1159
11068,0.071
11069,0.0435
11070,0.0237
11071,0.0173
11072,0.0156
11073,0.0159
11074,0.0167
11075,0.0193
11076,0.0214
11077,0.0239
11078,0.0299
11079,0.0375
11080,0.0384
11081,0.0447
11082,0.0528
11083,0.0579
11084,0.0597
11085,0.0598
11086,0.0557
11087,0.0544
11088,0.0571
11089,0.0546
11090,0.0491
11091,0.0481
11092,0.0464
11093,0.0454
11094,0.0324
11095,0.0292
11096,0.0228
11097,0.0137
11098,0.0094
11099,0.0072
11100,0.0053
11101,0.0053
11102,0.007
11103,0.0097
11104,0.0187
11105,0.0404
11106,0.0547
11107,0.0493
11108,0.038
11109,0.0294
11110,0.0212
11111,0.0148
11112,0.0101
11113,0.0069
11114,0.005
11115,0.0043
11116,0.0032
11117,0.0026
11118,0.0017
11119,0.0021
11120,0.0029
11121,0.0038
11122,0.0062
11123,0.0088
11124,0.0107
11125,0.0144
11126,0.0197
11127,0.0272
11128,0.0406
11129,0.0721
11130,0.1057
11131,0.1182
11132,0.1173
11133,0.1162
11134,0.1017
11135,0.0804
11136,0.053
11137,0.0279
11138,0.0138
11139,0.0094
11140,0.0081
11141,0.0064
11142,0.0071
11143,0.0097
11144,0.0304
11145,0.0565
11146,0.0741
11147,0.0809
11148,0.0866
11149,0.0936
11150,0.1016
11151,0.1145
11152,0.1213
11153,0.1553
11154,0.2155
11155,0.2141
11156,0.2283
11157,0.2735
11158,0.2733
11159,0.2533
11160,0.2296
11161,0.1878
11162,0.1963
11163,0.2164
11164,0.2117
11165,0.201
11166,0.2022
11167,0.2605
11168,0.3276
11169,0.3606
11170,0.388
11171,0.4222
11172,0.4664
11173,0.4948
11174,0.507
11175,0.5036
11176,0.4591
11177,0.4128
11178,0.4296
11179,0.4352
11180,0.4054
11181,0.376
11182,0.3313
11183,0.3004
11184,0.2583
11185,0.2193
11186,0.1965
11187,0.1672
11188,0.1397
11189,0.1094
11190,0.0853
11191,0.0902
11192,0.1337
11193,0.1442
11194,0.1236
11195,0.1157
11196,0.1188
11197,0.1313
11198,0.1443
11199,0.1536
11200,0.1668
11201,0.2058
11202,0.2966
11203,0.3213
11204,0.2777
11205,0.2248
11206,0.1748
11207,0.1271
11208,0.0956
11209,0.0796
11210,0.0689
11211,0.0562
11212,0.0479
11213,0.0424
11214,0.0409
11215,0.0504
11216,0.0389
11217,0.0378
11218,0.0595
11219,0.0824
11220,0.1002
11221,0.1216
11222,0.1463
11223,0.1598
11224,0.1643
11225,0.1552
11226,0.1858
11227,0.1919
11228,0.1763
11229,0.1574
11230,0.1391
11231,0.1251
11232,0.118
11233,0.1111
11234,0.1039
11235,0.0998
11236,0.0895
11237,0.0742
11238,0.0792
11239,0.0903
11240,0.088
11241,0.084
11242,0.0931
11243,0.1299
11244,0.1829
11245,0.2294
11246,0.2542
11247,0.2713
11248,0.2655
11249,0.2278
11250,0.2513
11251,0.2611
11252,0.2382
11253,0.228
11254,0.2217
11255,0.2414
11256,0.2533
11257,0.2412
11258,0.2358
11259,0.2059
11260,0.1757
11261,0.1232
11262,0.1648
11263,0.2127
11264,0.1915
11265,0.1434
11266,0.101
11267,0.0729
11268,0.0653
11269,0.0647
11270,0.0692
11271,0.0869
11272,0.1222
11273,0.1611
11274,0.1844
11275,0.1593
11276,0.1026
11277,0.0633
11278,0.0854
11279,0.1182
11280,0.1206
11281,0.0858
11282,0.0658
11283,0.0389
11284,0.0217
11285,0.0291
11286,0.0346
11287,0.0527
11288,0.1206
11289,0.1198
11290,0.1025
11291,0.0875
11292,0.1024
11293,0.1281
11294,0.1569
11295,0.1785
11296,0.1481
11297,0.1246
11298,0.1171
11299,0.1304
11300,0.1537
11301,0.1492
11302,0.1345
11303,0.1104
11304,0.0825
11305,0.0576
11306,0.0344
11307,0.0172
11308,0.004
11309,0.0016
11310,0.0016
11311,0.0023
11312,0.0044
11313,0.0085
11314,0.0153
11315,0.0223
11316,0.0262
11317,0.027
11318,0.0279
11319,0.0318
11320,0.0428
11321,0.065
11322,0.1031
11323,0.1444
11324,0.1584
11325,0.1316
11326,0.0645
11327,0.0284
11328,0.0331
11329,0.0447
11330,0.045
11331,0.0323
11332,0.0222
11333,0.0234
11334,0.0237
11335,0.0336
11336,0.0398
11337,0.0381
11338,0.0352
11339,0.0333
11340,0.0283
11341,0.0248
11342,0.025
11343,0.0317
11344,0.0478
11345,0.0741
11346,0.0995
11347,0.1119
11348,0.0997
11349,0.0774
11350,0.1025
11351,0.1414
11352,0.1632
11353,0.2053
11354,0.2018
11355,0.1592
11356,0.116
11357,0.0765
11358,0.052
11359,0.0419
11360,0.0272
11361,0.0149
11362,0.0105
11363,0.01
11364,0.0097
11365,0.0106
11366,0.017
11367,0.0296
11368,0.0449
11369,0.0606
11370,0.0708
11371,0.0806
11372,0.0827
11373,0.0797
11374,0.0741
11375,0.0712
11376,0.0707
11377,0.076
11378,0.0763
11379,0.0754
11380,0.076
11381,0.0774
11382,0.049
11383,0.0386
11384,0.0462
11385,0.0621
11386,0.0853
11387,0.1144
11388,0.1585
11389,0.207
11390,0.2445
11391,0.2773
11392,0.2803
11393,0.3374
11394,0.384
11395,0.4079
11396,0.3993
11397,0.3356
11398,0.2579
11399,0.1966
11400,0.1521
11401,0.1321
11402,0.1227
11403,0.1151
11404,0.1088
11405,0.0998
11406,0.0768
11407,0.0579
11408,0.0504
11409,0.0428
11410,0.0386
11411,0.0472
11412,0.0706
11413,0.0907
11414,0.0908
11415,0.0891
11416,0.096
11417,0.1028
11418,0.1217
11419,0.1433
11420,0.1808
11421,0.2078
11422,0.2263
11423,0.2431
11424,0.2197
11425,0.1831
11426,0.1981
11427,0.1997
11428,0.1534
11429,0.11
11430,0.0779
11431,0.0859
11432,0.0862
11433,0.1011
11434,0.1365
11435,0.1821
11436,0.2401
11437,0.2785
11438,0.2708
11439,0.2502
11440,0.257
11441,0.32
11442,0.3702
11443,0.4375
11444,0.4113
11445,0.3161
11446,0.2656
11447,0.2616
11448,0.2336
11449,0.2291
11450,0.2152
11451,0.19
11452,0.1549
11453,0.1199
11454,0.0909
11455,0.0721
11456,0.0903
11457,0.0911
11458,0.1009
11459,0.0915
11460,0.0886
11461,0.0749
11462,0.0806
11463,0.1062
11464,0.0984
11465,0.0915
11466,0.0935
11467,0.0815
11468,0.0792
11469,0.0991
11470,0.1855
11471,0.2414
11472,0.1871
11473,0.1311
11474,0.1131
11475,0.0931
11476,0.1085
11477,0.1467
11478,0.1476
11479,0.225
11480,0.2938
11481,0.3111
11482,0.4074
11483,0.512
11484,0.4105
11485,0.3662
11486,0.4189
11487,0.5401
11488,0.5177
11489,0.3778
11490,0.3207
11491,0.2783
11492,0.2188
11493,0.2004
11494,0.2076
11495,0.2287
11496,0.2569
11497,0.2751
11498,0.2971
11499,0.3265
11500,0.4049
11501,0.4642
11502,0.3982
11503,0.4926
11504,0.5373
11505,0.5306
11506,0.5559
11507,0.5623
11508,0.5593
11509,0.5732
11510,0.5201
11511,0.42
11512,0.3145
11513,0.2797
11514,0.3209
11515,0.3923
11516,0.4987
11517,0.4785
11518,0.3917
11519,0.2694
11520,0.1884
11521,0.1602
11522,0.1276
11523,0.1169
11524,0.1216
11525,0.1134
11526,0.091
11527,0.0775
11528,0.0993
11529,0.0896
11530,0.0629
11531,0.0594
11532,0.0674
11533,0.0761
11534,0.0826
11535,0.1075
11536,0.119
11537,0.1009
11538,0.0902
11539,0.1078
11540,0.167
11541,0.211
11542,0.2572
11543,0.2763
11544,0.2759
11545,0.2606
11546,0.2645
11547,0.258
11548,0.267
11549,0.3166
11550,0.3808
11551,0.4489
11552,0.5152
11553,0.5761
11554,0.6212
11555,0.6599
11556,0.7039
11557,0.729
11558,0.7432
11559,0.7124
11560,0.6192
11561,0.4636
11562,0.3586
11563,0.2998
11564,0.2541
11565,0.2584
11566,0.2661
11567,0.2859
11568,0.2542
11569,0.2152
11570,0.1584
11571,0.1618
11572,0.1546
11573,0.1498
11574,0.234
11575,0.2893
11576,0.2862
11577,0.2805
11578,0.2781
11579,0.2818
11580,0.2776
11581,0.2657
11582,0.2287
11583,0.1791
11584,0.1314
11585,0.0868
11586,0.055
11587,0.0395
11588,0.0323
11589,0.0277
11590,0.0273
11591,0.032
11592,0.0354
11593,0.0375
11594,0.0441
11595,0.0553
11596,0.0549
11597,0.0682
11598,0.0886
11599,0.1102
11600,0.1429
11601,0.1643
11602,0.1884
11603,0.1833
11604,0.1801
11605,0.1979
11606,0.2128
11607,0.2214
11608,0.2157
11609,0.1645
11610,0.1542
11611,0.1458
11612,0.1126
11613,0.0834
11614,0.0593
11615,0.0427
11616,0.0313
11617,0.0307
11618,0.0349
11619,0.0506
11620,0.0565
11621,0.0507
11622,0.0641
11623,0.1067
11624,0.1449
11625,0.1653
11626,0.1797
11627,0.1959
11628,0.2033
11629,0.1987
11630,0.183
11631,0.1646
11632,0.1452
11633,0.1101
11634,0.1064
11635,0.101
11636,0.0892
11637,0.0869
11638,0.0825
11639,0.0692
11640,0.0567
11641,0.0526
11642,0.0524
11643,0.053
11644,0.0542
11645,0.0476
11646,0.0348
11647,0.0733
11648,0.0782
11649,0.0653
11650,0.05
11651,0.0398
11652,0.0314
11653,0.0237
11654,0.02
11655,0.018
11656,0.0157
11657,0.0112
11658,0.0092
11659,0.0074
11660,0.0052
11661,0.0027
11662,0.0037
11663,0.0058
11664,0.0327
11665,0.0731
11666,0.1101
11667,0.1381
11668,0.1421
11669,0.1235
11670,0.0674
11671,0.0758
11672,0.114
11673,0.134
11674,0.1654
11675,0.1935
11676,0.1914
11677,0.2027
11678,0.2358
11679,0.2506
11680,0.256
11681,0.2663
11682,0.2844
11683,0.2609
11684,0.2278
11685,0.1963
11686,0.1501
11687,0.127
11688,0.0949
11689,0.0765
11690,0.0646
11691,0.0548
11692,0.0419
11693,0.0282
11694,0.0206
11695,0.0195
11696,0.0203
11697,0.0238
11698,0.0289
11699,0.0397
11700,0.053
11701,0.0644
11702,0.0709
11703,0.0759
11704,0.0763
11705,0.0631
11706,0.0584
11707,0.0568
11708,0.0433
11709,0.0267
11710,0.0119
11711,0.005
11712,0.0036
11713,0.0061
11714,0.0263
11715,0.0564
11716,0.0929
11717,0.094
11718,0.1062
11719,0.1755
11720,0.2635
11721,0.3558
11722,0.4225
11723,0.4414
11724,0.4092
11725,0.3428
11726,0.3201
11727,0.3622
11728,0.4824
11729,0.4688
11730,0.3726
11731,0.2559
11732,0.2163
11733,0.2154
11734,0.2459
11735,0.2798
11736,0.3385
11737,0.4352
11738,0.5396
11739,0.5468
11740,0.5005
11741,0.6205
11742,0.7017
11743,0.747
11744,0.7555
11745,0.7493
11746,0.7373
11747,0.7176
11748,0.6955
11749,0.6732
11750,0.6423
11751,0.5926
11752,0.5317
11753,0.4251
11754,0.3557
11755,0.3374
11756,0.3039
11757,0.2687
11758,0.2377
11759,0.2017
11760,0.1755
11761,0.1481
11762,0.125
11763,0.1037
11764,0.0891
11765,0.0892
11766,0.1357
11767,0.1538
11768,0.1539
11769,0.1406
11770,0.1273
11771,0.1196
11772,0.1196
11773,0.1164
11774,0.1076
11775,0.0929
11776,0.0786
11777,0.0727
11778,0.0741
11779,0.0714
11780,0.0634
11781,0.0595
11782,0.0611
11783,0.0686
11784,0.0735
11785,0.0662
11786,0.0514
11787,0.0419
11788,0.0314
11789,0.0222
11790,0.0119
11791,0.0287
11792,0.0225
11793,0.014
11794,0.0196
11795,0.028
11796,0.0425
11797,0.0527
11798,0.0732
11799,0.0777
11800,0.0539
11801,0.021
11802,0.0114
11803,0.0125
11804,0.0239
11805,0.0988
11806,0.288
11807,0.3423
11808,0.3044
11809,0.3222
11810,0.3409
11811,0.2383
11812,0.1474
11813,0.1066
11814,0.103
11815,0.173
11816,0.3018
11817,0.4144
11818,0.4763
11819,0.5685
11820,0.5763
11821,0.5967
11822,0.6799
11823,0.6858
11824,0.6043
11825,0.5701
11826,0.5786
11827,0.4938
11828,0.3511
11829,0.3815
11830,0.4048
11831,0.3998
11832,0.4419
11833,0.4988
11834,0.526
11835,0.5384
11836,0.653
11837,0.6803
11838,0.7119
11839,0.7489
11840,0.788
11841,0.8036
11842,0.8172
11843,0.8197
11844,0.8176
11845,0.7947
11846,0.7444
11847,0.6797
11848,0.5479
11849,0.3661
11850,0.3195
11851,0.3143
11852,0.2631
11853,0.2499
11854,0.2507
11855,0.2529
11856,0.2209
11857,0.2751
11858,0.2545
11859,0.2102
11860,0.1851
11861,0.1354
11862,0.1427
11863,0.1353
11864,0.1171
11865,0.1063
11866,0.1045
11867,0.111
11868,0.1252
11869,0.1442
11870,0.1447
11871,0.1426
11872,0.1247
11873,0.0777
11874,0.0622
11875,0.1145
11876,0.2652
11877,0.4171
11878,0.5076
11879,0.5514
11880,0.5863
11881,0.5938
11882,0.5932
11883,0.6315
11884,0.6467
11885,0.6384
11886,0.6601
11887,0.6998
11888,0.7309
11889,0.7647
11890,0.7767
11891,0.7898
11892,0.8072
11893,0.799
11894,0.7813
11895,0.7235
11896,0.6273
11897,0.441
11898,0.2716
11899,0.2272
11900,0.2471
11901,0.2809
11902,0.2735
11903,0.2561
11904,0.2561
11905,0.2295
11906,0.2038
11907,0.1961
11908,0.1933
11909,0.2254
11910,0.2914
11911,0.3974
11912,0.4873
11913,0.5346
11914,0.5667
11915,0.6097
11916,0.6636
11917,0.7134
11918,0.7453
11919,0.7501
11920,0.7295
11921,0.6435
11922,0.5561
11923,0.5209
11924,0.4954
11925,0.4782
11926,0.5337
11927,0.6
11928,0.5918
11929,0.5817
11930,0.5733
11931,0.5431
11932,0.4791
11933,0.404
11934,0.6032
11935,0.6949
11936,0.7319
11937,0.765
11938,0.7681
11939,0.7782
11940,0.777
11941,0.7673
11942,0.7583
11943,0.7497
11944,0.7295
11945,0.6798
11946,0.6335
11947,0.6089
11948,0.5864
11949,0.5773
11950,0.5706
11951,0.5454
11952,0.5243
11953,0.5133
11954,0.5072
11955,0.4669
11956,0.414
11957,0.2958
11958,0.447
11959,0.6077
11960,0.6733
11961,0.7076
11962,0.7282
11963,0.7251
11964,0.7083
11965,0.6971
11966,0.6941
11967,0.6972
11968,0.6765
11969,0.6157
11970,0.5756
11971,0.5681
11972,0.5425
11973,0.5246
11974,0.4936
11975,0.5064
11976,0.4341
11977,0.4001
11978,0.4083
11979,0.3869
11980,0.3634
11981,0.394
11982,0.5391
11983,0.6137
11984,0.6564
11985,0.6572
11986,0.6402
11987,0.6212
11988,0.5926
11989,0.5651
11990,0.5374
11991,0.5118
11992,0.4795
11993,0.4116
11994,0.3627
11995,0.354
11996,0.3382
11997,0.3482
11998,0.3477
11999,0.336
12000,0.2812
12001,0.2315
12002,0.1863
12003,0.1528
12004,0.107
12005,0.0597
12006,0.1062
12007,0.112
12008,0.0883
12009,0.0796
12010,0.0776
12011,0.071
12012,0.0634
12013,0.0551
12014,0.0516
12015,0.0572
12016,0.0741
12017,0.0956
12018,0.1278
12019,0.1735
12020,0.184
12021,0.1656
12022,0.158
12023,0.1391
12024,0.1166
12025,0.0986
12026,0.0871
12027,0.0824
12028,0.0764
12029,0.0527
12030,0.0417
12031,0.0515
12032,0.0526
12033,0.0525
12034,0.0542
12035,0.0622
12036,0.0815
12037,0.1113
12038,0.1332
12039,0.1343
12040,0.109
12041,0.0731
12042,0.0647
12043,0.0674
12044,0.0701
12045,0.0644
12046,0.058
12047,0.0528
12048,0.0463
12049,0.0393
12050,0.0322
12051,0.0201
12052,0.0121
12053,0.0115
12054,0.0366
12055,0.0566
12056,0.056
12057,0.0499
12058,0.04
12059,0.0367
12060,0.0344
12061,0.035
12062,0.0384
12063,0.0348
12064,0.0297
12065,0.0373
12066,0.0552
12067,0.0719
12068,0.0783
12069,0.0801
12070,0.0731
12071,0.0614
12072,0.0586
12073,0.0536
12074,0.0475
12075,0.0411
12076,0.0291
12077,0.0161
12078,0.0148
12079,0.0293
12080,0.0379
12081,0.0407
12082,0.0335
12083,0.0295
12084,0.029
12085,0.0315
12086,0.0364
12087,0.0407
12088,0.0505
12089,0.0555
12090,0.0734
12091,0.0801
12092,0.0765
12093,0.0832
12094,0.0989
12095,0.1159
12096,0.1451
12097,0.1571
12098,0.1687
12099,0.1584
12100,0.1537
12101,0.1279
12102,0.1043
12103,0.1264
12104,0.1712
12105,0.1961
12106,0.21
12107,0.2266
12108,0.2533
12109,0.3037
12110,0.3366
12111,0.3377
12112,0.3017
12113,0.228
12114,0.2359
12115,0.2515
12116,0.2481
12117,0.2469
12118,0.2692
12119,0.2932
12120,0.2881
12121,0.2789
12122,0.2826
12123,0.2699
12124,0.2411
12125,0.2434
12126,0.2978
12127,0.2999
12128,0.278
12129,0.2553
12130,0.2419
12131,0.2288
12132,0.2243
12133,0.2277
12134,0.2144
12135,0.1981
12136,0.1629
12137,0.1012
12138,0.0858
12139,0.0883
12140,0.0757
12141,0.0648
12142,0.0514
12143,0.0372
12144,0.022
12145,0.0176
12146,0.0156
12147,0.0107
12148,0.0086
12149,0.0103
12150,0.0276
12151,0.0508
12152,0.0665
12153,0.0689
12154,0.0713
12155,0.0801
12156,0.0946
12157,0.1125
12158,0.1248
12159,0.124
12160,0.1175
12161,0.109
12162,0.1124
12163,0.123
12164,0.1178
12165,0.1219
12166,0.1234
12167,0.1265
12168,0.1254
12169,0.1203
12170,0.1217
12171,0.1206
12172,0.1079
12173,0.0592
12174,0.0693
12175,0.077
12176,0.0633
12177,0.0458
12178,0.0364
12179,0.0329
12180,0.0326
12181,0.0331
12182,0.0321
12183,0.0314
12184,0.0314
12185,0.0367
12186,0.0488
12187,0.0583
12188,0.0541
12189,0.0377
12190,0.0218
12191,0.0113
12192,0.006
12193,0.004
12194,0.0025
12195,0.0025
12196,0.0032
12197,0.0029
12198,0.0
12199,0.0005
12200,0.0023
12201,0.0057
12202,0.0097
12203,0.0152
12204,0.0214
12205,0.0284
12206,0.0356
12207,0.0427
12208,0.0507
12209,0.0628
12210,0.0842
12211,0.1092
12212,0.1265
12213,0.1281
12214,0.114
12215,0.0906
12216,0.0634
12217,0.0384
12218,0.0221
12219,0.0149
12220,0.0103
12221,0.0055
12222,0.0061
12223,0.0125
12224,0.0159
12225,0.0214
12226,0.0308
12227,0.0407
12228,0.0448
12229,0.0494
12230,0.0568
12231,0.06
12232,0.0564
12233,0.0544
12234,0.0513
12235,0.0455
12236,0.0399
12237,0.0414
12238,0.0476
12239,0.0558
12240,0.0574
12241,0.0531
12242,0.0397
12243,0.024
12244,0.014
12245,0.0114
12246,0.0274
12247,0.0465
12248,0.0488
12249,0.0411
12250,0.0289
12251,0.0227
12252,0.0225
12253,0.0236
12254,0.0247
12255,0.0265
12256,0.0304
12257,0.0417
12258,0.0547
12259,0.0608
12260,0.0579
12261,0.0472
12262,0.0375
12263,0.0296
12264,0.0178
12265,0.0111
12266,0.0069
12267,0.0055
12268,0.0086
12269,0.0114
12270,0.0214
12271,0.0226
12272,0.0225
12273,0.0292
12274,0.0374
12275,0.0456
12276,0.0467
12277,0.0539
12278,0.0724
12279,0.0965
12280,0.1288
12281,0.1478
12282,0.1622
12283,0.1683
12284,0.1461
12285,0.1082
12286,0.0853
12287,0.0757
12288,0.0804
12289,0.0979
12290,0.1268
12291,0.1545
12292,0.1516
12293,0.1429
12294,0.126
12295,0.1085
12296,0.0885
12297,0.1031
12298,0.1278
12299,0.1676
12300,0.2191
12301,0.2478
12302,0.2611
12303,0.2454
12304,0.2082
12305,0.1531
12306,0.1193
12307,0.1207
12308,0.1104
12309,0.1145
12310,0.1064
12311,0.1096
12312,0.1095
12313,0.102
12314,0.0974
12315,0.0957
12316,0.077
12317,0.0832
12318,0.1343
12319,0.1716
12320,0.184
12321,0.1899
12322,0.2015
12323,0.2127
12324,0.2281
12325,0.2426
12326,0.2528
12327,0.2421
12328,0.2065
12329,0.1424
12330,0.0849
12331,0.0533
12332,0.03
12333,0.0217
12334,0.0216
12335,0.0222
12336,0.0244
12337,0.0276
12338,0.0269
12339,0.0178
12340,0.0111
12341,0.0095
12342,0.0194
12343,0.0292
12344,0.0357
12345,0.0396
12346,0.0459
12347,0.0521
12348,0.0546
12349,0.055
12350,0.0559
12351,0.0581
12352,0.0603
12353,0.0629
12354,0.0678
12355,0.0613
12356,0.0514
12357,0.0493
12358,0.0499
12359,0.0491
12360,0.0428
12361,0.0387
12362,0.0378
12363,0.034
12364,0.031
12365,0.0179
12366,0.0331
12367,0.0586
12368,0.068
12369,0.0742
12370,0.0755
12371,0.0808
12372,0.086
12373,0.0866
12374,0.0841
12375,0.0831
12376,0.0816
12377,0.0799
12378,0.0727
12379,0.0695
12380,0.069
12381,0.0687
12382,0.0664
12383,0.0656
12384,0.0666
12385,0.0632
12386,0.0558
12387,0.0404
12388,0.0288
12389,0.0146
12390,0.0069
12391,0.0388
12392,0.0369
12393,0.0275
12394,0.022
12395,0.0217
12396,0.025
12397,0.029
12398,0.0323
12399,0.0352
12400,0.0394
12401,0.0428
12402,0.045
12403,0.045
12404,0.0413
12405,0.0333
12406,0.0284
12407,0.0249
12408,0.0268
12409,0.0305
12410,0.0307
12411,0.0334
12412,0.0448
12413,0.0456
12414,0.014
12415,0.0049
12416,0.0038
12417,0.006
12418,0.011
12419,0.0184
12420,0.0272
12421,0.0349
12422,0.0384
12423,0.0371
12424,0.0373
12425,0.0362
12426,0.0255
12427,0.0092
12428,0.0005
12429,0.0
12430,0.0029
12431,0.0266
12432,0.0702
12433,0.1239
12434,0.1723
12435,0.2017
12436,0.1961
12437,0.1317
12438,0.0589
12439,0.0617
12440,0.088
12441,0.2151
12442,0.3686
12443,0.3376
12444,0.247
12445,0.1592
12446,0.1047
12447,0.0684
12448,0.041
12449,0.0191
12450,0.0087
12451,0.0056
12452,0.0059
12453,0.0101
12454,0.0153
12455,0.0184
12456,0.0203
12457,0.0268
12458,0.036
12459,0.0436
12460,0.0547
12461,0.0496
12462,0.0324
12463,0.0375
12464,0.04
12465,0.0437
12466,0.0481
12467,0.0521
12468,0.0539
12469,0.0561
12470,0.0603
12471,0.0768
12472,0.1142
12473,0.1171
12474,0.1349
12475,0.1994
12476,0.2513
12477,0.2647
12478,0.2498
12479,0.2454
12480,0.167
12481,0.1061
12482,0.0479
12483,0.02
12484,0.0098
12485,0.0129
12486,0.0455
12487,0.0363
12488,0.0216
12489,0.0479
12490,0.119
12491,0.216
12492,0.2361
12493,0.2281
12494,0.193
12495,0.1362
12496,0.135
12497,0.1394
12498,0.2891
12499,0.4823
12500,0.5682
12501,0.5454
12502,0.5097
12503,0.4392
12504,0.4181
12505,0.3732
12506,0.3071
12507,0.2185
12508,0.1577
12509,0.1137
12510,0.0806
12511,0.0603
12512,0.06
12513,0.0609
12514,0.0522
12515,0.0295
12516,0.0183
12517,0.0122
12518,0.0104
12519,0.0092
12520,0.0073
12521,0.0107
12522,0.0371
12523,0.0954
12524,0.1583
12525,0.1871
12526,0.1831
12527,0.152
12528,0.119
12529,0.0952
12530,0.0852
12531,0.0882
12532,0.0943
12533,0.1042
12534,0.1757
12535,0.2579
12536,0.2807
12537,0.2752
12538,0.2788
12539,0.294
12540,0.3249
12541,0.4158
12542,0.5945
12543,0.6926
12544,0.6817
12545,0.6422
12546,0.5528
12547,0.4185
12548,0.3412
12549,0.3756
12550,0.4133
12551,0.4528
12552,0.4842
12553,0.492
12554,0.4854
12555,0.4493
12556,0.3552
12557,0.2443
12558,0.3259
12559,0.316
12560,0.2898
12561,0.2585
12562,0.2287
12563,0.1964
12564,0.1638
12565,0.1284
12566,0.0924
12567,0.0591
12568,0.0474
12569,0.0547
12570,0.0841
12571,0.1233
12572,0.1434
12573,0.1617
12574,0.1587
12575,0.1508
12576,0.1468
12577,0.157
12578,0.1678
12579,0.1657
12580,0.1133
12581,0.0594
12582,0.0483
12583,0.0623
12584,0.0768
12585,0.0809
12586,0.0999
12587,0.1018
12588,0.0971
12589,0.0794
12590,0.063
12591,0.0483
12592,0.0587
12593,0.0853
12594,0.0983
12595,0.1028
12596,0.1046
12597,0.1328
12598,0.1618
12599,0.1498
12600,0.1252
12601,0.0956
12602,0.0861
12603,0.0758
12604,0.0613
12605,0.0494
12606,0.0797
12607,0.1032
12608,0.1076
12609,0.119
12610,0.1326
12611,0.1551
12612,0.2237
12613,0.3327
12614,0.2676
12615,0.1916
12616,0.0845
12617,0.0386
12618,0.0678
12619,0.1062
12620,0.1035
12621,0.1425
12622,0.1103
12623,0.0516
12624,0.0167
12625,0.0109
12626,0.0198
12627,0.0395
12628,0.0375
12629,0.0379
12630,0.0717
12631,0.0855
12632,0.0969
12633,0.1167
12634,0.1294
12635,0.133
12636,0.1408
12637,0.1446
12638,0.1453
12639,0.1377
12640,0.1144
12641,0.0852
12642,0.07
12643,0.0665
12644,0.0762
12645,0.0777
12646,0.0742
12647,0.0773
12648,0.0896
12649,0.1026
12650,0.1331
12651,0.1992
12652,0.2476
12653,0.2846
12654,0.3022
12655,0.255
12656,0.2407
12657,0.2227
12658,0.2002
12659,0.1796
12660,0.1681
12661,0.1629
12662,0.1575
12663,0.1506
12664,0.1422
12665,0.1156
12666,0.0746
12667,0.0341
12668,0.0199
12669,0.0242
12670,0.0473
12671,0.0712
12672,0.0725
12673,0.0563
12674,0.0461
12675,0.037
12676,0.0314
12677,0.0177
12678,0.0298
12679,0.0502
12680,0.0835
12681,0.1199
12682,0.155
12683,0.1718
12684,0.1602
12685,0.1284
12686,0.095
12687,0.0727
12688,0.0546
12689,0.0538
12690,0.0336
12691,0.0601
12692,0.1116
12693,0.1501
12694,0.1611
12695,0.1437
12696,0.128
12697,0.1281
12698,0.1036
12699,0.1002
12700,0.1022
12701,0.0902
12702,0.0578
12703,0.0723
12704,0.0853
12705,0.0582
12706,0.0639
12707,0.102
12708,0.1667
12709,0.2349
12710,0.4209
12711,0.4999
12712,0.5195
12713,0.4685
12714,0.4323
12715,0.3935
12716,0.3692
12717,0.3586
12718,0.3647
12719,0.4352
12720,0.5394
12721,0.5286
12722,0.4248
12723,0.2624
12724,0.135
12725,0.0745
12726,0.0651
12727,0.0698
12728,0.0615
12729,0.0501
12730,0.0391
12731,0.0321
12732,0.0299
12733,0.0305
12734,0.0336
12735,0.0381
12736,0.0534
12737,0.0887
12738,0.1077
12739,0.1362
12740,0.1523
12741,0.1281
12742,0.1211
12743,0.1593
12744,0.144
12745,0.1091
12746,0.0736
12747,0.0496
12748,0.0306
12749,0.0261
12750,0.0331
12751,0.0391
12752,0.0383
12753,0.0356
12754,0.0331
12755,0.0324
12756,0.0346
12757,0.0389
12758,0.0459
12759,0.0608
12760,0.079
12761,0.0964
12762,0.1164
12763,0.1398
12764,0.1557
12765,0.1677
12766,0.1789
12767,0.1925
12768,0.1967
12769,0.1932
12770,0.1808
12771,0.1656
12772,0.1426
12773,0.1575
12774,0.2353
12775,0.282
12776,0.2501
12777,0.18
12778,0.1084
12779,0.0608
12780,0.0363
12781,0.023
12782,0.0157
12783,0.0125
12784,0.0118
12785,0.0168
12786,0.0299
12787,0.0472
12788,0.0556
12789,0.0457
12790,0.0329
12791,0.027
12792,0.0266
12793,0.0336
12794,0.0479
12795,0.0609
12796,0.069
12797,0.0431
12798,0.0202
12799,0.0181
12800,0.0214
12801,0.0299
12802,0.0408
12803,0.0519
12804,0.0622
12805,0.0667
12806,0.0623
12807,0.0491
12808,0.026
12809,0.0087
12810,0.0032
12811,0.0095
12812,0.0328
12813,0.0547
12814,0.0729
12815,0.1008
12816,0.1397
12817,0.1448
12818,0.1275
12819,0.0933
12820,0.0846
12821,0.0664
12822,0.0388
12823,0.0783
12824,0.0866
12825,0.0875
12826,0.0878
12827,0.0998
12828,0.1272
12829,0.1754
12830,0.2406
12831,0.2505
12832,0.2025
12833,0.162
12834,0.1432
12835,0.1699
12836,0.1984
12837,0.2073
12838,0.1731
12839,0.164
12840,0.1272
12841,0.1103
12842,0.094
12843,0.0658
12844,0.0325
12845,0.0089
12846,0.026
12847,0.0548
12848,0.0696
12849,0.0945
12850,0.1351
12851,0.1564
12852,0.161
12853,0.1551
12854,0.1463
12855,0.1372
12856,0.1289
12857,0.0971
12858,0.0724
12859,0.0559
12860,0.0396
12861,0.033
12862,0.0333
12863,0.0335
12864,0.0279
12865,0.0234
12866,0.0318
12867,0.0441
12868,0.0405
12869,0.0267
12870,0.031
12871,0.045
12872,0.0559
12873,0.0655
12874,0.0708
12875,0.073
12876,0.0806
12877,0.0848
12878,0.0939
12879,0.1039
12880,0.1001
12881,0.1033
12882,0.1422
12883,0.181
12884,0.165
12885,0.1462
12886,0.15
12887,0.1462
12888,0.1748
12889,0.1565
12890,0.0783
12891,0.065
12892,0.0332
12893,0.0139
12894,0.0151
12895,0.0195
12896,0.0205
12897,0.0177
12898,0.0139
12899,0.0121
12900,0.0134
12901,0.0114
12902,0.009
12903,0.0142
12904,0.0213
12905,0.0311
12906,0.0388
12907,0.0482
12908,0.0439
12909,0.0294
12910,0.0159
12911,0.0086
12912,0.0053
12913,0.0041
12914,0.0048
12915,0.0063
12916,0.0093
12917,0.0112
12918,0.0215
12919,0.0241
12920,0.0229
12921,0.0287
12922,0.0363
12923,0.0346
12924,0.0336
12925,0.0368
12926,0.0377
12927,0.0359
12928,0.0335
12929,0.0407
12930,0.0652
12931,0.1084
12932,0.134
12933,0.128
12934,0.1032
12935,0.0778
12936,0.0604
12937,0.0461
12938,0.0398
12939,0.0366
12940,0.0407
12941,0.0249
12942,0.0118
12943,0.0123
12944,0.0085
12945,0.0071
12946,0.0078
12947,0.0092
12948,0.0086
12949,0.0065
12950,0.0063
12951,0.0084
12952,0.0113
12953,0.0082
12954,0.0328
12955,0.0873
12956,0.1411
12957,0.1687
12958,0.1574
12959,0.1222
12960,0.0861
12961,0.0776
12962,0.0966
12963,0.105
12964,0.1002
12965,0.0795
12966,0.0336
12967,0.0225
12968,0.0154
12969,0.0132
12970,0.0151
12971,0.0157
12972,0.0152
12973,0.0148
12974,0.0114
12975,0.0068
12976,0.0042
12977,0.0037
12978,0.0111
12979,0.0199
12980,0.0148
12981,0.0083
12982,0.0105
12983,0.0127
12984,0.0165
12985,0.0193
12986,0.0166
12987,0.0115
12988,0.0096
12989,0.0055
12990,0.0011
12991,0.0019
12992,0.0048
12993,0.0081
12994,0.0112
12995,0.0137
12996,0.0154
12997,0.0156
12998,0.0137
12999,0.0105
13000,0.009
13001,0.0079
13002,0.0077
13003,0.0156
13004,0.0189
13005,0.0191
13006,0.0195
13007,0.0161
13008,0.0101
13009,0.0042
13010,0.0022
13011,0.002
13012,0.0029
13013,0.0037
13014,0.0045
13015,0.0168
13016,0.0262
13017,0.0251
13018,0.0298
13019,0.05
13020,0.0799
13021,0.1082
13022,0.125
13023,0.1348
13024,0.1457
13025,0.1516
13026,0.1583
13027,0.2037
13028,0.2261
13029,0.2155
13030,0.192
13031,0.189
13032,0.1911
13033,0.1889
13034,0.1948
13035,0.17
13036,0.1248
13037,0.0703
13038,0.0735
13039,0.0691
13040,0.0716
13041,0.0843
13042,0.1036
13043,0.1194
13044,0.1318
13045,0.141
13046,0.1468
13047,0.1585
13048,0.1799
13049,0.1852
13050,0.1843
13051,0.2151
13052,0.2314
13053,0.2348
13054,0.2411
13055,0.247
13056,0.2358
13057,0.2177
13058,0.2106
13059,0.1926
13060,0.155
13061,0.0827
13062,0.0615
13063,0.094
13064,0.0926
13065,0.074
13066,0.0528
13067,0.0303
13068,0.0183
13069,0.0149
13070,0.0141
13071,0.0122
13072,0.0104
13073,0.0105
13074,0.0134
13075,0.0282
13076,0.0503
13077,0.0712
13078,0.0985
13079,0.1288
13080,0.1897
13081,0.3123
13082,0.4105
13083,0.4057
13084,0.3536
13085,0.2559
13086,0.15
13087,0.1932
13088,0.2298
13089,0.2031
13090,0.1755
13091,0.1599
13092,0.1441
13093,0.1393
13094,0.131
13095,0.0986
13096,0.0515
13097,0.0152
13098,0.0062
13099,0.008
13100,0.0204
13101,0.0401
13102,0.0547
13103,0.0687
13104,0.0959
13105,0.1372
13106,0.1743
13107,0.1853
13108,0.152
13109,0.1066
13110,0.172
13111,0.244
13112,0.1482
13113,0.0506
13114,0.0261
13115,0.0264
13116,0.0308
13117,0.0408
13118,0.0631
13119,0.0949
13120,0.1159
13121,0.1196
13122,0.1144
13123,0.1032
13124,0.1166
13125,0.0651
13126,0.0355
13127,0.0252
13128,0.0223
13129,0.0183
13130,0.0104
13131,0.0046
13132,0.004
13133,0.0042
13134,0.0111
13135,0.0144
13136,0.0187
13137,0.0278
13138,0.0372
13139,0.0424
13140,0.044
13141,0.0447
13142,0.0475
13143,0.0534
13144,0.0643
13145,0.0842
13146,0.1164
13147,0.1954
13148,0.247
13149,0.2298
13150,0.1992
13151,0.1605
13152,0.1525
13153,0.1461
13154,0.1322
13155,0.1193
13156,0.094
13157,0.0621
13158,0.0677
13159,0.0718
13160,0.07
13161,0.0642
13162,0.0545
13163,0.0358
13164,0.0243
13165,0.0217
13166,0.0235
13167,0.0276
13168,0.033
13169,0.0457
13170,0.063
13171,0.0992
13172,0.139
13173,0.1856
13174,0.2077
13175,0.2083
13176,0.2015
13177,0.1828
13178,0.1411
13179,0.1329
13180,0.0957
13181,0.0626
13182,0.0753
13183,0.0883
13184,0.0916
13185,0.0958
13186,0.085
13187,0.0691
13188,0.0549
13189,0.0407
13190,0.0297
13191,0.0235
13192,0.0209
13193,0.0195
13194,0.0206
13195,0.023
13196,0.0176
13197,0.0079
13198,0.0017
13199,0.0023
13200,0.0041
13201,0.0048
13202,0.0111
13203,0.0171
13204,0.019
13205,0.0149
13206,0.019
13207,0.0282
13208,0.0299
13209,0.032
13210,0.0385
13211,0.0477
13212,0.057
13213,0.0609
13214,0.0588
13215,0.0527
13216,0.0433
13217,0.0319
13218,0.035
13219,0.0373
13220,0.023
13221,0.0057
13222,0.0016
13223,0.003
13224,0.0042
13225,0.0071
13226,0.0146
13227,0.0181
13228,0.0259
13229,0.0351
13230,0.0375
13231,0.0586
13232,0.0628
13233,0.048
13234,0.0671
13235,0.1208
13236,0.1671
13237,0.2019
13238,0.245
13239,0.2635
13240,0.2157
13241,0.1426
13242,0.0868
13243,0.0676
13244,0.0599
13245,0.0678
13246,0.0916
13247,0.1153
13248,0.1325
13249,0.1487
13250,0.1658
13251,0.1745
13252,0.1911
13253,0.1446
13254,0.1193
13255,0.0789
13256,0.094
13257,0.1589
13258,0.2138
13259,0.2481
13260,0.2754
13261,0.2919
13262,0.2968
13263,0.2717
13264,0.2096
13265,0.1472
13266,0.101
13267,0.0708
13268,0.0556
13269,0.0469
13270,0.0372
13271,0.0296
13272,0.0251
13273,0.0258
13274,0.0241
13275,0.0164
13276,0.0084
13277,0.0124
13278,0.0364
13279,0.0582
13280,0.0969
13281,0.1023
13282,0.0822
13283,0.0739
13284,0.075
13285,0.0814
13286,0.0857
13287,0.0769
13288,0.0708
13289,0.0881
13290,0.12
13291,0.1458
13292,0.1529
13293,0.1602
13294,0.1473
13295,0.1448
13296,0.1438
13297,0.1154
13298,0.1022
13299,0.1112
13300,0.084
13301,0.0811
13302,0.1229
13303,0.151
13304,0.1356
13305,0.121
13306,0.1294
13307,0.1504
13308,0.1654
13309,0.1703
13310,0.1728
13311,0.1858
13312,0.2136
13313,0.2412
13314,0.289
13315,0.3773
13316,0.3968
13317,0.3808
13318,0.3642
13319,0.3418
13320,0.3211
13321,0.3177
13322,0.3117
13323,0.2574
13324,0.1726
13325,0.1351
13326,0.2067
13327,0.2027
13328,0.1905
13329,0.1774
13330,0.1704
13331,0.169
13332,0.1655
13333,0.1533
13334,0.134
13335,0.1146
13336,0.0948
13337,0.0786
13338,0.0707
13339,0.0628
13340,0.0526
13341,0.0497
13342,0.051
13343,0.0513
13344,0.0397
13345,0.0245
13346,0.0205
13347,0.0271
13348,0.0282
13349,0.0272
13350,0.0095
13351,0.0046
13352,0.0124
13353,0.0409
13354,0.0347
13355,0.0143
13356,0.023
13357,0.034
13358,0.0374
13359,0.034
13360,0.0296
13361,0.0223
13362,0.0118
13363,0.0053
13364,0.0037
13365,0.0082
13366,0.0317
13367,0.0645
13368,0.0912
13369,0.1064
13370,0.1186
13371,0.1522
13372,0.1815
13373,0.172
13374,0.1544
13375,0.185
13376,0.2813
13377,0.35
13378,0.4098
13379,0.4758
13380,0.5042
13381,0.5142
13382,0.5086
13383,0.48
13384,0.4031
13385,0.3015
13386,0.2516
13387,0.2314
13388,0.2015
13389,0.1752
13390,0.1536
13391,0.1336
13392,0.1297
13393,0.1391
13394,0.1506
13395,0.1332
13396,0.1029
13397,0.089
13398,0.1207
13399,0.1302
13400,0.1297
13401,0.1325
13402,0.1433
13403,0.1558
13404,0.1688
13405,0.1649
13406,0.1551
13407,0.1462
13408,0.1331
13409,0.1245
13410,0.1247
13411,0.1516
13412,0.1639
13413,0.1684
13414,0.1602
13415,0.1359
13416,0.1126
13417,0.1013
13418,0.0957
13419,0.0897
13420,0.0824
13421,0.0492
13422,0.1042
13423,0.124
13424,0.1163
13425,0.106
13426,0.0999
13427,0.0969
13428,0.1055
13429,0.1366
13430,0.1863
13431,0.2571
13432,0.3297
13433,0.3407
13434,0.3522
13435,0.3626
13436,0.3524
13437,0.3435
13438,0.3069
13439,0.2987
13440,0.2769
13441,0.2109
13442,0.1693
13443,0.1541
13444,0.1786
13445,0.203
13446,0.2214
13447,0.2738
13448,0.3299
13449,0.3383
13450,0.313
13451,0.2962
13452,0.3041
13453,0.3219
13454,0.332
13455,0.3273
13456,0.3011
13457,0.2585
13458,0.2288
13459,0.2311
13460,0.211
13461,0.1853
13462,0.1634
13463,0.124
13464,0.098
13465,0.0802
13466,0.0687
13467,0.0595
13468,0.0477
13469,0.0164
13470,0.0181
13471,0.0124
13472,0.0151
13473,0.018
13474,0.0195
13475,0.0226
13476,0.0274
13477,0.0308
13478,0.0327
13479,0.0338
13480,0.0344
13481,0.0333
13482,0.04
13483,0.0503
13484,0.0471
13485,0.0425
13486,0.0309
13487,0.022
13488,0.0131
13489,0.0064
13490,0.0029
13491,0.0031
13492,0.0052
13493,0.0043
13494,0.0018
13495,0.0089
13496,0.0225
13497,0.0373
13498,0.0524
13499,0.0651
13500,0.074
13501,0.0847
13502,0.0971
13503,0.1097
13504,0.1096
13505,0.1069
13506,0.1222
13507,0.1379
13508,0.113
13509,0.065
13510,0.0202
13511,0.0028
13512,0.0026
13513,0.0031
13514,0.0041
13515,0.0081
13516,0.0133
13517,0.0198
13518,0.0219
13519,0.0329
13520,0.0429
13521,0.046
13522,0.049
13523,0.0547
13524,0.0641
13525,0.0778
13526,0.0837
13527,0.0875
13528,0.0781
13529,0.0711
13530,0.0652
13531,0.0437
13532,0.029
13533,0.0251
13534,0.0295
13535,0.0458
13536,0.0669
13537,0.0968
13538,0.1184
13539,0.1197
13540,0.1096
13541,0.0603
13542,0.0333
13543,0.032
13544,0.0242
13545,0.0185
13546,0.0171
13547,0.0241
13548,0.0282
13549,0.0301
13550,0.0417
13551,0.0481
13552,0.0442
13553,0.0336
13554,0.0221
13555,0.0159
13556,0.0218
13557,0.0298
13558,0.0338
13559,0.0371
13560,0.0483
13561,0.0719
13562,0.1138
13563,0.1494
13564,0.1638
13565,0.1465
13566,0.1874
13567,0.3684
13568,0.4499
13569,0.4538
13570,0.4451
13571,0.4426
13572,0.4597
13573,0.5229
13574,0.5256
13575,0.2148
13576,0.0391
13577,0.0341
13578,0.0576
13579,0.0896
13580,0.162
13581,0.2162
13582,0.2824
13583,0.3333
13584,0.3256
13585,0.2862
13586,0.2876
13587,0.2785
13588,0.248
13589,0.1679
13590,0.1408
13591,0.1434
13592,0.1537
13593,0.1652
13594,0.1701
13595,0.1645
13596,0.1437
13597,0.1111
13598,0.0834
13599,0.0659
13600,0.0513
13601,0.0396
13602,0.0481
13603,0.0671
13604,0.0722
13605,0.0453
13606,0.0181
13607,0.0079
13608,0.0043
13609,0.004
13610,0.0037
13611,0.0035
13612,0.0037
13613,0.0032
13614,0.0004
13615,0.0047
13616,0.0062
13617,0.0071
13618,0.0089
13619,0.012
13620,0.0149
13621,0.0172
13622,0.0194
13623,0.0278
13624,0.0517
13625,0.1026
13626,0.1484
13627,0.1591
13628,0.1335
13629,0.1026
13630,0.0858
13631,0.0724
13632,0.0607
13633,0.0522
13634,0.0453
13635,0.0416
13636,0.0415
13637,0.0245
13638,0.0083
13639,0.0097
13640,0.004
13641,0.0025
13642,0.0033
13643,0.0057
13644,0.0081
13645,0.0101
13646,0.0114
13647,0.0121
13648,0.0119
13649,0.0157
13650,0.0575
13651,0.0978
13652,0.1074
13653,0.0947
13654,0.0678
13655,0.0671
13656,0.0899
13657,0.1248
13658,0.1771
13659,0.2062
13660,0.1899
13661,0.1495
13662,0.0941
13663,0.1116
13664,0.1044
13665,0.0823
13666,0.0578
13667,0.0432
13668,0.0353
13669,0.0293
13670,0.0256
13671,0.027
13672,0.0302
13673,0.0334
13674,0.039
13675,0.0497
13676,0.0572
13677,0.0619
13678,0.0648
13679,0.0709
13680,0.0785
13681,0.0754
13682,0.0702
13683,0.0583
13684,0.0424
13685,0.0357
13686,0.0191
13687,0.0314
13688,0.0423
13689,0.0371
13690,0.03
13691,0.0296
13692,0.0332
13693,0.0354
13694,0.0384
13695,0.0408
13696,0.0321
13697,0.026
13698,0.0257
13699,0.0194
13700,0.0123
13701,0.0144
13702,0.0356
13703,0.0811
13704,0.1388
13705,0.2012
13706,0.2304
13707,0.2376
13708,0.2183
13709,0.1649
13710,0.1215
13711,0.105
13712,0.085
13713,0.0407
13714,0.0067
13715,0.0132
13716,0.0284
13717,0.0215
13718,0.0172
13719,0.0281
13720,0.0469
13721,0.0647
13722,0.095
13723,0.1249
13724,0.1379
13725,0.2115
13726,0.2519
13727,0.2419
13728,0.2384
13729,0.2228
13730,0.2006
13731,0.1895
13732,0.1786
13733,0.1153
13734,0.1178
13735,0.1144
13736,0.1232
13737,0.1415
13738,0.1552
13739,0.1904
13740,0.2223
13741,0.2334
13742,0.2168
13743,0.1793
13744,0.1297
13745,0.0723
13746,0.0438
13747,0.0601
13748,0.1068
13749,0.1356
13750,0.1311
13751,0.1273
13752,0.1177
13753,0.1081
13754,0.1085
13755,0.1085
13756,0.116
13757,0.147
13758,0.2008
13759,0.2871
13760,0.3793
13761,0.4915
13762,0.5799
13763,0.6292
13764,0.648
13765,0.6303
13766,0.5879
13767,0.4938
13768,0.3594
13769,0.2408
13770,0.173
13771,0.1303
13772,0.0962
13773,0.0712
13774,0.0508
13775,0.0318
13776,0.0237
13777,0.0222
13778,0.0203
13779,0.0214
13780,0.0198
13781,0.0169
13782,0.0487
13783,0.0767
13784,0.0972
13785,0.1086
13786,0.1108
13787,0.1046
13788,0.0914
13789,0.0738
13790,0.0559
13791,0.0395
13792,0.0274
13793,0.0202
13794,0.0147
13795,0.007
13796,0.0021
13797,0.001
13798,0.0015
13799,0.0027
13800,0.0094
13801,0.0254
13802,0.0462
13803,0.0588
13804,0.0623
13805,0.0423
13806,0.0336
13807,0.0313
13808,0.0237
13809,0.0218
13810,0.0241
13811,0.0297
13812,0.043
13813,0.0606
13814,0.0843
13815,0.1243
13816,0.1933
13817,0.2338
13818,0.2444
13819,0.2056
13820,0.1381
13821,0.086
13822,0.0716
13823,0.0764
13824,0.089
13825,0.0986
13826,0.1054
13827,0.1158
13828,0.122
13829,0.084
13830,0.0808
13831,0.0855
13832,0.0736
13833,0.0615
13834,0.0507
13835,0.0426
13836,0.0401
13837,0.0444
13838,0.0468
13839,0.0469
13840,0.0489
13841,0.0649
13842,0.0979
13843,0.1121
13844,0.0943
13845,0.062
13846,0.0396
13847,0.0267
13848,0.02
13849,0.0173
13850,0.0225
13851,0.0275
13852,0.0329
13853,0.0259
13854,0.0339
13855,0.0318
13856,0.0223
13857,0.0224
13858,0.0304
13859,0.0264
13860,0.0198
13861,0.0256
13862,0.0191
13863,0.0311
13864,0.0639
13865,0.0761
13866,0.0751
13867,0.0555
13868,0.0288
13869,0.0374
13870,0.0633
13871,0.0758
13872,0.0745
13873,0.045
13874,0.0128
13875,0.0048
13876,0.0066
13877,0.0065
13878,0.0134
13879,0.0277
13880,0.0467
13881,0.0591
13882,0.0667
13883,0.0747
13884,0.0855
13885,0.0944
13886,0.0997
13887,0.1077
13888,0.1122
13889,0.1019
13890,0.0881
13891,0.0745
13892,0.0574
13893,0.0388
13894,0.0341
13895,0.0399
13896,0.0463
13897,0.0477
13898,0.0383
13899,0.0217
13900,0.0119
13901,0.0103
13902,0.0341
13903,0.0578
13904,0.0747
13905,0.0844
13906,0.0967
13907,0.1058
13908,0.1074
13909,0.1001
13910,0.0898
13911,0.0814
13912,0.0762
13913,0.0726
13914,0.0833
13915,0.0947
13916,0.0963
13917,0.0889
13918,0.0807
13919,0.0716
13920,0.0653
13921,0.062
13922,0.0488
13923,0.0324
13924,0.0253
13925,0.0141
13926,0.0077
13927,0.0071
13928,0.0107
13929,0.0168
13930,0.0218
13931,0.0244
13932,0.0247
13933,0.0238
13934,0.0224
13935,0.02
13936,0.016
13937,0.0088
13938,0.006
13939,0.0163
13940,0.0228
13941,0.0571
13942,0.0899
13943,0.0627
13944,0.0377
13945,0.0464
13946,0.0314
13947,0.0095
13948,0.0199
13949,0.0499
13950,0.0514
13951,0.1207
13952,0.2394
13953,0.2991
13954,0.3047
13955,0.3247
13956,0.3545
13957,0.3705
13958,0.3472
13959,0.2841
13960,0.2029
13961,0.1136
13962,0.0638
13963,0.0314
13964,0.0218
13965,0.0145
13966,0.0118
13967,0.015
13968,0.0217
13969,0.0249
13970,0.0414
13971,0.0528
13972,0.0606
13973,0.0769
13974,0.126
13975,0.1929
13976,0.2375
13977,0.2513
13978,0.2545
13979,0.2618
13980,0.2607
13981,0.2315
13982,0.175
13983,0.1431
13984,0.0917
13985,0.0454
13986,0.0279
13987,0.0263
13988,0.0409
13989,0.0717
13990,0.0838
13991,0.0923
13992,0.0979
13993,0.1479
13994,0.1697
13995,0.1455
13996,0.1525
13997,0.1268
13998,0.1567
13999,0.2216
14000,0.2627
14001,0.2744
14002,0.2918
14003,0.3312
14004,0.3745
14005,0.4082
14006,0.4011
14007,0.3706
14008,0.28
14009,0.1274
14010,0.0839
14011,0.0733
14012,0.0581
14013,0.0404
14014,0.0302
14015,0.0305
14016,0.0322
14017,0.0304
14018,0.0286
14019,0.0236
14020,0.0211
14021,0.0189
14022,0.0048
14023,0.0016
14024,0.006
14025,0.0135
14026,0.0222
14027,0.0254
14028,0.0281
14029,0.029
14030,0.0275
14031,0.0214
14032,0.012
14033,0.0056
14034,0.0007
14035,0.0042
14036,0.02
14037,0.0387
14038,0.058
14039,0.0852
14040,0.1106
14041,0.134
14042,0.1557
14043,0.1861
14044,0.2135
14045,0.215
14046,0.1524
14047,0.1278
14048,0.2026
14049,0.2619
14050,0.2913
14051,0.2953
14052,0.2965
14053,0.3084
14054,0.325
14055,0.3561
14056,0.3207
14057,0.2616
14058,0.2643
14059,0.2615
14060,0.2603
14061,0.2264
14062,0.2096
14063,0.1973
14064,0.1642
14065,0.1436
14066,0.1249
14067,0.154
14068,0.1627
14069,0.1264
14070,0.0826
14071,0.0798
14072,0.0996
14073,0.1401
14074,0.1732
14075,0.2041
14076,0.2207
14077,0.2195
14078,0.2102
14079,0.183
14080,0.1294
14081,0.0799
14082,0.0383
14083,0.0138
14084,0.0067
14085,0.0046
14086,0.0044
14087,0.0048
14088,0.0051
14089,0.005
14090,0.0059
14091,0.0051
14092,0.0041
14093,0.0062
14094,0.0214
14095,0.0421
14096,0.0577
14097,0.0854
14098,0.1105
14099,0.1152
14100,0.1277
14101,0.1699
14102,0.3134
14103,0.2758
14104,0.1728
14105,0.1116
14106,0.1034
14107,0.0974
14108,0.079
14109,0.0492
14110,0.0332
14111,0.031
14112,0.0295
14113,0.0303
14114,0.031
14115,0.0252
14116,0.0153
14117,0.0114
14118,0.0145
14119,0.0135
14120,0.0187
14121,0.0199
14122,0.0218
14123,0.0308
14124,0.0524
14125,0.0768
14126,0.093
14127,0.1159
14128,0.1694
14129,0.1558
14130,0.1389
14131,0.1274
14132,0.1009
14133,0.0793
14134,0.0751
14135,0.0831
14136,0.0869
14137,0.0809
14138,0.073
14139,0.079
14140,0.0758
14141,0.0512
14142,0.0546
14143,0.0736
14144,0.0763
14145,0.0681
14146,0.0581
14147,0.0537
14148,0.0656
14149,0.0842
14150,0.0879
14151,0.077
14152,0.0647
14153,0.057
14154,0.0488
14155,0.0415
14156,0.0402
14157,0.0444
14158,0.0472
14159,0.0458
14160,0.0387
14161,0.0372
14162,0.0377
14163,0.0319
14164,0.0246
14165,0.0221
14166,0.0233
14167,0.0266
14168,0.0278
14169,0.0249
14170,0.0229
14171,0.0245
14172,0.0266
14173,0.0256
14174,0.0215
14175,0.0189
14176,0.015
14177,0.0101
14178,0.0046
14179,0.002
14180,0.0032
14181,0.0092
14182,0.0449
14183,0.1069
14184,0.1689
14185,0.2179
14186,0.2548
14187,0.254
14188,0.2297
14189,0.2426
14190,0.2445
14191,0.2611
14192,0.3327
14193,0.409
14194,0.4468
14195,0.4905
14196,0.5533
14197,0.5741
14198,0.5497
14199,0.4972
14200,0.4083
14201,0.2876
14202,0.242
14203,0.19
14204,0.1771
14205,0.1522
14206,0.1282
14207,0.0915
14208,0.051
14209,0.0198
14210,0.0093
14211,0.0051
14212,0.0036
14213,0.003
14214,0.0022
14215,0.0021
14216,0.0008
14217,0.0018
14218,0.0061
14219,0.0082
14220,0.0085
14221,0.0113
14222,0.0157
14223,0.018
14224,0.0143
14225,0.0073
14226,0.0011
14227,0.0006
14228,0.0095
14229,0.0566
14230,0.1033
14231,0.1419
14232,0.1743
14233,0.1993
14234,0.2192
14235,0.2173
14236,0.2037
14237,0.1882
14238,0.1355
14239,0.1952
14240,0.2002
14241,0.2129
14242,0.2905
14243,0.3556
14244,0.4256
14245,0.4763
14246,0.4649
14247,0.4167
14248,0.351
14249,0.2916
14250,0.2316
14251,0.1635
14252,0.1245
14253,0.1249
14254,0.1776
14255,0.2728
14256,0.3232
14257,0.3308
14258,0.3433
14259,0.3578
14260,0.3475
14261,0.2735
14262,0.158
14263,0.2316
14264,0.4055
14265,0.5147
14266,0.5666
14267,0.5865
14268,0.5868
14269,0.5712
14270,0.526
14271,0.4373
14272,0.3306
14273,0.2456
14274,0.1901
14275,0.1112
14276,0.0799
14277,0.1324
14278,0.228
14279,0.1879
14280,0.1241
14281,0.1767
14282,0.1651
14283,0.0851
14284,0.0176
14285,0.0065
14286,0.0242
14287,0.0527
14288,0.0581
14289,0.0761
14290,0.0973
14291,0.1153
14292,0.1213
14293,0.1167
14294,0.1008
14295,0.0682
14296,0.0388
14297,0.0207
14298,0.0107
14299,0.0065
14300,0.0059
14301,0.0122
14302,0.0187
14303,0.0131
14304,0.0046
14305,0.0044
14306,0.007
14307,0.0088
14308,0.0162
14309,0.0184
14310,0.0195
14311,0.0165
14312,0.0213
14313,0.0315
14314,0.0595
14315,0.1023
14316,0.1408
14317,0.1477
14318,0.1251
14319,0.0945
14320,0.0694
14321,0.055
14322,0.0629
14323,0.0781
14324,0.1033
14325,0.0973
14326,0.0702
14327,0.0673
14328,0.0905
14329,0.1364
14330,0.1769
14331,0.1761
14332,0.1525
14333,0.1523
14334,0.1751
14335,0.2639
14336,0.3841
14337,0.4384
14338,0.4402
14339,0.4354
14340,0.4277
14341,0.418
14342,0.4154
14343,0.4259
14344,0.4021
14345,0.3891
14346,0.3909
14347,0.3533
14348,0.2772
14349,0.2318
14350,0.2163
14351,0.198
14352,0.1668
14353,0.1345
14354,0.1045
14355,0.0768
14356,0.0498
14357,0.0381
14358,0.0239
14359,0.0175
14360,0.0166
14361,0.0214
14362,0.0272
14363,0.0305
14364,0.035
14365,0.0385
14366,0.0433
14367,0.0553
14368,0.0672
14369,0.076
14370,0.0926
14371,0.1068
14372,0.1104
14373,0.1162
14374,0.1251
14375,0.13
14376,0.1266
14377,0.1134
14378,0.1056
14379,0.099
14380,0.0867
14381,0.0605
14382,0.0532
14383,0.1103
14384,0.114
14385,0.1078
14386,0.1075
14387,0.1112
14388,0.113
14389,0.1133
14390,0.1126
14391,0.1176
14392,0.1225
14393,0.1163
14394,0.1447
14395,0.1574
14396,0.1532
14397,0.1293
14398,0.093
14399,0.0646
14400,0.0431
14401,0.0323
14402,0.0271
14403,0.0247
14404,0.0246
14405,0.0239
14406,0.0129
14407,0.0135
14408,0.0104
14409,0.005
14410,0.0033
14411,0.005
14412,0.0063
14413,0.0067
14414,0.0065
14415,0.0059
14416,0.0049
14417,0.0046
14418,0.0169
14419,0.0279
14420,0.032
14421,0.0271
14422,0.0219
14423,0.0172
14424,0.0161
14425,0.0192
14426,0.0255
14427,0.0364
14428,0.0485
14429,0.0566
14430,0.0309
14431,0.0083
14432,0.0034
14433,0.0057
14434,0.0109
14435,0.0178
14436,0.0238
14437,0.0268
14438,0.0261
14439,0.0219
14440,0.0161
14441,0.0117
14442,0.0072
14443,0.0034
14444,0.0025
14445,0.0034
14446,0.0057
14447,0.0086
14448,0.0121
14449,0.0153
14450,0.0167
14451,0.0146
14452,0.0132
14453,0.0136
14454,0.0093
14455,0.0032
14456,0.0037
14457,0.0016
14458,0.0024
14459,0.0056
14460,0.009
14461,0.0115
14462,0.0121
14463,0.0107
14464,0.0069
14465,0.0037
14466,0.0122
14467,0.0298
14468,0.0365
14469,0.037
14470,0.0315
14471,0.0346
14472,0.0465
14473,0.0572
14474,0.0631
14475,0.0855
14476,0.1235
14477,0.1383
14478,0.089
14479,0.044
14480,0.052
14481,0.0512
14482,0.0525
14483,0.0652
14484,0.079
14485,0.0898
14486,0.0864
14487,0.0702
14488,0.0514
14489,0.0339
14490,0.018
14491,0.0139
14492,0.0366
14493,0.1114
14494,0.2108
14495,0.2438
14496,0.195
14497,0.1034
14498,0.0803
14499,0.0585
14500,0.0621
14501,0.0687
14502,0.0308
14503,0.0099
14504,0.0042
14505,0.0034
14506,0.0052
14507,0.0082
14508,0.0094
14509,0.0094
14510,0.0074
14511,0.0053
14512,0.0039
14513,0.0033
14514,0.0026
14515,0.0068
14516,0.0341
14517,0.0814
14518,0.143
14519,0.185
14520,0.1811
14521,0.1604
14522,0.1411
14523,0.1189
14524,0.1081
14525,0.0925
14526,0.0581
14527,0.0593
14528,0.0465
14529,0.0369
14530,0.0297
14531,0.024
14532,0.0203
14533,0.0195
14534,0.0188
14535,0.0201
14536,0.0229
14537,0.0346
14538,0.0546
14539,0.0613
14540,0.0556
14541,0.0476
14542,0.0397
14543,0.0359
14544,0.0352
14545,0.0365
14546,0.0369
14547,0.0323
14548,0.0228
14549,0.0165
14550,0.0082
14551,0.0206
14552,0.0329
14553,0.025
14554,0.023
14555,0.0252
14556,0.0301
14557,0.0329
14558,0.0345
14559,0.0354
14560,0.0405
14561,0.0476
14562,0.0508
14563,0.0495
14564,0.0464
14565,0.0446
14566,0.0349
14567,0.0273
14568,0.0158
14569,0.0099
14570,0.0101
14571,0.0146
14572,0.025
14573,0.0428
14574,0.0347
14575,0.0327
14576,0.0449
14577,0.0494
14578,0.0545
14579,0.059
14580,0.0592
14581,0.0573
14582,0.0582
14583,0.0617
14584,0.0604
14585,0.0476
14586,0.0564
14587,0.0941
14588,0.1544
14589,0.2369
14590,0.2893
14591,0.3426
14592,0.3776
14593,0.3341
14594,0.2713
14595,0.2303
14596,0.1733
14597,0.0991
14598,0.0491
14599,0.0434
14600,0.0441
14601,0.054
14602,0.066
14603,0.0751
14604,0.0878
14605,0.0983
14606,0.1021
14607,0.0958
14608,0.0833
14609,0.0977
14610,0.1275
14611,0.1472
14612,0.1606
14613,0.1582
14614,0.1443
14615,0.1331
14616,0.1179
14617,0.1129
14618,0.1158
14619,0.1213
14620,0.122
14621,0.1134
14622,0.0792
14623,0.1365
14624,0.1773
14625,0.1778
14626,0.166
14627,0.1584
14628,0.1578
14629,0.1574
14630,0.162
14631,0.1718
14632,0.1637
14633,0.1399
14634,0.141
14635,0.1327
14636,0.1173
14637,0.1036
14638,0.0929
14639,0.0828
14640,0.0724
14641,0.0661
14642,0.068
14643,0.0685
14644,0.0685
14645,0.0605
14646,0.0347
14647,0.0541
14648,0.0787
14649,0.0906
14650,0.0929
14651,0.0889
14652,0.0834
14653,0.0809
14654,0.0806
14655,0.0765
14656,0.0674
14657,0.0643
14658,0.0549
14659,0.0406
14660,0.0267
14661,0.0199
14662,0.0166
14663,0.0148
14664,0.0143
14665,0.015
14666,0.0165
14667,0.0173
14668,0.0183
14669,0.0197
14670,0.0153
14671,0.0115
14672,0.0109
14673,0.0167
14674,0.0326
14675,0.063
14676,0.109
14677,0.1643
14678,0.2032
14679,0.2127
14680,0.1818
14681,0.1302
14682,0.08
14683,0.0472
14684,0.0391
14685,0.0524
14686,0.0776
14687,0.1184
14688,0.1562
14689,0.1648
14690,0.1304
14691,0.1157
14692,0.1171
14693,0.105
14694,0.1028
14695,0.1245
14696,0.1351
14697,0.1253
14698,0.1132
14699,0.1161
14700,0.143
14701,0.184
14702,0.2255
14703,0.246
14704,0.24
14705,0.2251
14706,0.2394
14707,0.2647
14708,0.3134
14709,0.3128
14710,0.3039
14711,0.3091
14712,0.2464
14713,0.2132
14714,0.1927
14715,0.1703
14716,0.1611
14717,0.1782
14718,0.1664
14719,0.2071
14720,0.2751
14721,0.3473
14722,0.3552
14723,0.3189
14724,0.2702
14725,0.2208
14726,0.1777
14727,0.1449
14728,0.1022
14729,0.0686
14730,0.0514
14731,0.0351
14732,0.021
14733,0.0132
14734,0.0123
14735,0.0134
14736,0.0137
14737,0.0124
14738,0.0111
14739,0.0098
14740,0.0075
14741,0.0074
14742,0.0115
14743,0.0188
14744,0.0253
14745,0.0316
14746,0.0418
14747,0.0589
14748,0.0776
14749,0.0973
14750,0.11
14751,0.1108
14752,0.1008
14753,0.0975
14754,0.0953
14755,0.0887
14756,0.08
14757,0.0672
14758,0.056
14759,0.0503
14760,0.0431
14761,0.0457
14762,0.0479
14763,0.0509
14764,0.0493
14765,0.0394
14766,0.0405
14767,0.06
14768,0.0843
14769,0.0924
14770,0.0969
14771,0.0991
14772,0.1068
14773,0.1201
14774,0.1277
14775,0.1096
14776,0.079
14777,0.0596
14778,0.0725
14779,0.076
14780,0.0736
14781,0.0794
14782,0.0825
14783,0.0853
14784,0.0863
14785,0.0754
14786,0.062
14787,0.0566
14788,0.0493
14789,0.0353
14790,0.0275
14791,0.0344
14792,0.026
14793,0.0146
14794,0.0094
14795,0.0083
14796,0.0082
14797,0.0097
14798,0.0134
14799,0.0156
14800,0.0166
14801,0.0112
14802,0.0035
14803,0.0009
14804,0.0045
14805,0.0081
14806,0.0149
14807,0.0233
14808,0.0299
14809,0.0396
14810,0.0524
14811,0.0643
14812,0.0857
14813,0.1358
14814,0.0684
14815,0.0629
14816,0.0758
14817,0.0626
14818,0.0613
14819,0.0705
14820,0.0762
14821,0.0855
14822,0.0937
14823,0.0913
14824,0.0924
14825,0.1216
14826,0.1575
14827,0.172
14828,0.1808
14829,0.1499
14830,0.1044
14831,0.071
14832,0.0444
14833,0.0276
14834,0.0186
14835,0.0128
14836,0.0085
14837,0.0072
14838,0.0024
14839,0.0003
14840,0.0068
14841,0.0097
14842,0.0181
14843,0.04
14844,0.0641
14845,0.0908
14846,0.1125
14847,0.117
14848,0.1078
14849,0.0812
14850,0.0376
14851,0.0113
14852,0.0054
14853,0.003
14854,0.0028
14855,0.0037
14856,0.0041
14857,0.0034
14858,0.0031
14859,0.0028
14860,0.0031
14861,0.0046
14862,0.004
14863,0.0007
14864,0.0043
14865,0.0077
14866,0.0122
14867,0.0166
14868,0.0223
14869,0.027
14870,0.0283
14871,0.026
14872,0.0215
14873,0.0171
14874,0.0108
14875,0.0052
14876,0.0025
14877,0.0031
14878,0.0042
14879,0.0063
14880,0.0096
14881,0.0142
14882,0.0185
14883,0.0207
14884,0.0204
14885,0.0194
14886,0.0138
14887,0.0064
14888,0.0159
14889,0.0252
14890,0.0336
14891,0.04
14892,0.0445
14893,0.0487
14894,0.0542
14895,0.067
14896,0.0868
14897,0.1195
14898,0.163
14899,0.183
14900,0.1917
14901,0.1779
14902,0.1555
14903,0.1407
14904,0.1271
14905,0.1131
14906,0.096
14907,0.0877
14908,0.0805
14909,0.0667
14910,0.0403
14911,0.0314
14912,0.0467
14913,0.0392
14914,0.0322
14915,0.0326
14916,0.0333
14917,0.0331
14918,0.033
14919,0.0365
14920,0.0472
14921,0.0672
14922,0.0841
14923,0.0843
14924,0.0771
14925,0.0581
14926,0.0413
14927,0.0331
14928,0.0314
14929,0.0428
14930,0.0888
14931,0.1493
14932,0.1604
14933,0.1159
14934,0.0559
14935,0.0336
14936,0.0413
14937,0.0448
14938,0.048
14939,0.0515
14940,0.0502
14941,0.0481
14942,0.0433
14943,0.0377
14944,0.034
14945,0.033
14946,0.027
14947,0.0136
14948,0.003
14949,0.0021
14950,0.0029
14951,0.0052
14952,0.0229
14953,0.0429
14954,0.0554
14955,0.0635
14956,0.0733
14957,0.0867
14958,0.0845
14959,0.0359
14960,0.042
14961,0.0485
14962,0.0614
14963,0.0823
14964,0.1095
14965,0.136
14966,0.1467
14967,0.136
14968,0.1167
14969,0.1168
14970,0.1008
14971,0.0629
14972,0.0322
14973,0.0122
14974,0.0047
14975,0.0042
14976,0.0042
14977,0.004
14978,0.0045
14979,0.0058
14980,0.0055
14981,0.0051
14982,0.0057
14983,0.0121
14984,0.0226
14985,0.0426
14986,0.0708
14987,0.0873
14988,0.0938
14989,0.1006
14990,0.1105
14991,0.119
14992,0.1272
14993,0.169
14994,0.215
14995,0.2253
14996,0.224
14997,0.2133
14998,0.22
14999,0.2454
15000,0.2739
15001,0.2904
15002,0.2881
15003,0.2665
15004,0.2504
15005,0.2293
15006,0.2188
15007,0.3181
15008,0.3186
15009,0.3054
15010,0.2963
15011,0.2928
15012,0.2977
15013,0.3076
15014,0.3162
15015,0.3377
15016,0.3598
15017,0.3758
15018,0.4214
15019,0.4155
15020,0.4102
15021,0.3874
15022,0.3492
15023,0.3197
15024,0.3116
15025,0.3087
15026,0.3135
15027,0.3069
15028,0.2886
15029,0.2607
15030,0.1805
15031,0.3007
15032,0.456
15033,0.5118
15034,0.5294
15035,0.5446
15036,0.5567
15037,0.5579
15038,0.5588
15039,0.5601
15040,0.534
15041,0.5135
15042,0.5285
15043,0.5098
15044,0.4533
15045,0.4326
15046,0.4288
15047,0.3944
15048,0.3405
15049,0.2829
15050,0.2338
15051,0.2032
15052,0.1706
15053,0.1392
15054,0.0969
15055,0.0952
15056,0.107
15057,0.1005
15058,0.0795
15059,0.0705
15060,0.0672
15061,0.0712
15062,0.0905
15063,0.1309
15064,0.1863
15065,0.2455
15066,0.2815
15067,0.2729
15068,0.2138
15069,0.1535
15070,0.1113
15071,0.0968
15072,0.1021
15073,0.1105
15074,0.1088
15075,0.0914
15076,0.0715
15077,0.0703
15078,0.0583
15079,0.0333
15080,0.0287
15081,0.0284
15082,0.0322
15083,0.0365
15084,0.0408
15085,0.0451
15086,0.0502
15087,0.0592
15088,0.0841
15089,0.1338
15090,0.1585
15091,0.1575
15092,0.1367
15093,0.1222
15094,0.1396
15095,0.1813
15096,0.1936
15097,0.1534
15098,0.1333
15099,0.1322
15100,0.14
15101,0.1325
15102,0.1064
15103,0.0631
15104,0.0591
15105,0.0712
15106,0.0888
15107,0.0997
15108,0.112
15109,0.1164
15110,0.1029
15111,0.0725
15112,0.0486
15113,0.0511
15114,0.0895
15115,0.1556
15116,0.1931
15117,0.3753
15118,0.5019
15119,0.4523
15120,0.3074
15121,0.3101
15122,0.2651
15123,0.1605
15124,0.1033
15125,0.0956
15126,0.0935
15127,0.0935
15128,0.1088
15129,0.1334
15130,0.1462
15131,0.1564
15132,0.1614
15133,0.1503
15134,0.1238
15135,0.0874
15136,0.0522
15137,0.0512
15138,0.0386
15139,0.0206
15140,0.0114
15141,0.0083
15142,0.0175
15143,0.031
15144,0.0341
15145,0.0367
15146,0.0549
15147,0.051
15148,0.0473
15149,0.0782
15150,0.0674
15151,0.0445
15152,0.0373
15153,0.0385
15154,0.0805
15155,0.1469
15156,0.2619
15157,0.4101
15158,0.4485
15159,0.416
15160,0.4189
15161,0.4916
15162,0.5619
15163,0.5497
15164,0.5495
15165,0.4881
15166,0.393
15167,0.3536
15168,0.3447
15169,0.3564
15170,0.3646
15171,0.3182
15172,0.2976
15173,0.3128
15174,0.3027
15175,0.2866
15176,0.3979
15177,0.4593
15178,0.4936
15179,0.5132
15180,0.5314
15181,0.5339
15182,0.4982
15183,0.3969
15184,0.2713
15185,0.2238
15186,0.2366
15187,0.2967
15188,0.3793
15189,0.3737
15190,0.3723
15191,0.3472
15192,0.2663
15193,0.2483
15194,0.2689
15195,0.3076
15196,0.3277
15197,0.3276
15198,0.3071
15199,0.2462
15200,0.3352
15201,0.3807
15202,0.3606
15203,0.3551
15204,0.3725
15205,0.3827
15206,0.3638
15207,0.266
15208,0.2218
15209,0.2523
15210,0.2364
15211,0.2257
15212,0.2304
15213,0.2294
15214,0.2627
15215,0.24
15216,0.2747
15217,0.3102
15218,0.351
15219,0.3401
15220,0.3377
15221,0.2819
15222,0.2386
15223,0.2215
15224,0.4594
15225,0.5476
15226,0.5878
15227,0.6001
15228,0.6042
15229,0.6191
15230,0.6226
15231,0.5277
15232,0.375
15233,0.2982
15234,0.2073
15235,0.1762
15236,0.1612
15237,0.1647
15238,0.1911
15239,0.2431
15240,0.3353
15241,0.3527
15242,0.3321
15243,0.307
15244,0.3043
15245,0.3128
15246,0.2697
15247,0.3235
15248,0.4003
15249,0.4355
15250,0.4365
15251,0.4335
15252,0.4354
15253,0.4372
15254,0.4291
15255,0.388
15256,0.3078
15257,0.2286
15258,0.1271
15259,0.083
15260,0.0688
15261,0.0721
15262,0.0811
15263,0.089
15264,0.0947
15265,0.1051
15266,0.119
15267,0.1387
15268,0.1605
15269,0.188
15270,0.2178
15271,0.1771
15272,0.3577
15273,0.555
15274,0.6301
15275,0.6734
15276,0.7025
15277,0.7107
15278,0.6938
15279,0.6721
15280,0.6888
15281,0.7317
15282,0.7641
15283,0.7804
15284,0.7741
15285,0.7638
15286,0.7534
15287,0.7443
15288,0.7469
15289,0.7088
15290,0.6395
15291,0.5665
15292,0.4636
15293,0.3763
15294,0.3025
15295,0.2843
15296,0.2668
15297,0.257
15298,0.2557
15299,0.2636
15300,0.2679
15301,0.2563
15302,0.2319
15303,0.1831
15304,0.1034
15305,0.0503
15306,0.012
15307,0.002
15308,0.0115
15309,0.048
15310,0.0797
15311,0.1101
15312,0.1387
15313,0.1627
15314,0.1874
15315,0.1901
15316,0.1962
15317,0.1976
15318,0.1862
15319,0.1286
15320,0.2173
15321,0.3015
15322,0.3329
15323,0.3097
15324,0.302
15325,0.3963
15326,0.4747
15327,0.4852
15328,0.3736
15329,0.1771
15330,0.2324
15331,0.2859
15332,0.315
15333,0.3925
15334,0.4803
15335,0.5141
15336,0.5047
15337,0.5005
15338,0.4842
15339,0.451
15340,0.4174
15341,0.3665
15342,0.3292
15343,0.3497
15344,0.4142
15345,0.4311
15346,0.4718
15347,0.5406
15348,0.5845
15349,0.6015
15350,0.5693
15351,0.447
15352,0.2706
15353,0.2375
15354,0.2391
15355,0.2358
15356,0.2046
15357,0.1653
15358,0.1043
15359,0.079
15360,0.0659
15361,0.0697
15362,0.0768
15363,0.072
15364,0.0671
15365,0.054
15366,0.038
15367,0.0342
15368,0.0467
15369,0.0525
15370,0.0443
15371,0.0388
15372,0.0346
15373,0.0276
15374,0.0183
15375,0.015
15376,0.0134
15377,0.0131
15378,0.0102
15379,0.0055
15380,0.0031
15381,0.0051
15382,0.0194
15383,0.0505
15384,0.0702
15385,0.0943
15386,0.1329
15387,0.1434
15388,0.1684
15389,0.222
15390,0.2559
15391,0.3194
15392,0.3998
15393,0.4945
15394,0.5446
15395,0.5825
15396,0.5781
15397,0.5543
15398,0.5425
15399,0.5329
15400,0.5156
15401,0.4852
15402,0.4407
15403,0.4272
15404,0.4231
15405,0.368
15406,0.369
15407,0.3823
15408,0.3459
15409,0.3472
15410,0.3656
15411,0.3305
15412,0.3044
15413,0.2611
15414,0.2168
15415,0.1799
15416,0.243
15417,0.3049
15418,0.3115
15419,0.3049
15420,0.2883
15421,0.2625
15422,0.2216
15423,0.1451
15424,0.067
15425,0.047
15426,0.0367
15427,0.0288
15428,0.0195
15429,0.0149
15430,0.0135
15431,0.0131
15432,0.0127
15433,0.0175
15434,0.0293
15435,0.0401
15436,0.0498
15437,0.0555
15438,0.0592
15439,0.0521
15440,0.0562
15441,0.1564
15442,0.2712
15443,0.3372
15444,0.3716
15445,0.3985
15446,0.3699
15447,0.3178
15448,0.3614
15449,0.4008
15450,0.4116
15451,0.4375
15452,0.4601
15453,0.3688
15454,0.2971
15455,0.2214
15456,0.1432
15457,0.1188
15458,0.108
15459,0.0786
15460,0.0621
15461,0.0428
15462,0.0339
15463,0.0271
15464,0.0322
15465,0.0447
15466,0.0472
15467,0.0418
15468,0.0357
15469,0.0342
15470,0.0401
15471,0.0606
15472,0.0826
15473,0.0814
15474,0.0671
15475,0.0465
15476,0.0228
15477,0.0119
15478,0.0195
15479,0.0359
15480,0.0574
15481,0.0832
15482,0.1143
15483,0.14
15484,0.1862
15485,0.2557
15486,0.3106
15487,0.2492
15488,0.2583
15489,0.3669
15490,0.4166
15491,0.4511
15492,0.4858
15493,0.5012
15494,0.4874
15495,0.3975
15496,0.3911
15497,0.451
15498,0.5492
15499,0.5958
15500,0.5332
15501,0.4865
15502,0.4312
15503,0.3554
15504,0.272
15505,0.1967
15506,0.1423
15507,0.1014
15508,0.0693
15509,0.1108
15510,0.143
15511,0.1564
15512,0.3099
15513,0.5045
15514,0.5821
15515,0.6105
15516,0.6486
15517,0.6715
15518,0.6522
15519,0.605
15520,0.5685
15521,0.5638
15522,0.5527
15523,0.5402
15524,0.5455
15525,0.5575
15526,0.5384
15527,0.5027
15528,0.5108
15529,0.5056
15530,0.5162
15531,0.5132
15532,0.5151
15533,0.5398
15534,0.5208
15535,0.4957
15536,0.5157
15537,0.6256
15538,0.6188
15539,0.5822
15540,0.5452
15541,0.5031
15542,0.4452
15543,0.3092
15544,0.2003
15545,0.171
15546,0.1378
15547,0.1266
15548,0.1138
15549,0.1026
15550,0.1107
15551,0.1176
15552,0.1252
15553,0.1252
15554,0.1132
15555,0.1039
15556,0.1037
15557,0.1023
15558,0.0919
15559,0.0621
15560,0.0632
15561,0.1029
15562,0.1551
15563,0.2163
15564,0.2655
15565,0.2961
15566,0.2858
15567,0.1861
15568,0.1553
15569,0.1618
15570,0.2251
15571,0.3037
15572,0.3576
15573,0.3965
15574,0.4895
15575,0.4926
15576,0.4738
15577,0.4383
15578,0.3781
15579,0.3719
15580,0.3708
15581,0.3531
15582,0.313
15583,0.2125
15584,0.133
15585,0.0992
15586,0.1426
15587,0.2771
15588,0.326
15589,0.2971
15590,0.2646
15591,0.273
15592,0.4164
15593,0.4865
15594,0.4487
15595,0.4071
15596,0.3876
15597,0.3559
15598,0.3098
15599,0.2592
15600,0.2465
15601,0.2356
15602,0.2161
15603,0.2121
15604,0.2176
15605,0.2271
15606,0.2282
15607,0.1911
15608,0.1274
15609,0.1404
15610,0.2894
15611,0.3995
15612,0.424
15613,0.3731
15614,0.3011
15615,0.236
15616,0.2334
15617,0.2277
15618,0.2238
15619,0.2346
15620,0.2356
15621,0.2235
15622,0.1948
15623,0.1562
15624,0.1306
15625,0.1221
15626,0.1191
15627,0.1163
15628,0.133
15629,0.177
15630,0.2196
15631,0.1862
15632,0.1057
15633,0.0985
15634,0.1181
15635,0.1364
15636,0.1539
15637,0.152
15638,0.1111
15639,0.0664
15640,0.044
15641,0.064
15642,0.0761
15643,0.0912
15644,0.1022
15645,0.1177
15646,0.1342
15647,0.1713
15648,0.2052
15649,0.2093
15650,0.1925
15651,0.1648
15652,0.1459
15653,0.135
15654,0.1296
15655,0.1316
15656,0.1432
15657,0.1531
15658,0.2277
15659,0.5012
15660,0.6978
15661,0.6806
15662,0.4618
15663,0.2654
15664,0.2559
15665,0.3119
15666,0.3546
15667,0.3783
15668,0.3833
15669,0.4041
15670,0.3921
15671,0.352
15672,0.3422
15673,0.3224
15674,0.2837
15675,0.2401
15676,0.2106
15677,0.1958
15678,0.1986
15679,0.1439
15680,0.1269
15681,0.154
15682,0.1539
15683,0.1464
15684,0.1462
15685,0.1385
15686,0.1215
15687,0.0877
15688,0.0581
15689,0.0585
15690,0.0822
15691,0.1278
15692,0.1786
15693,0.2496
15694,0.3149
15695,0.3583
15696,0.3894
15697,0.3736
15698,0.3189
15699,0.3333
15700,0.2616
15701,0.207
15702,0.1535
15703,0.11
15704,0.0868
15705,0.0887
15706,0.1576
15707,0.1998
15708,0.1867
15709,0.1508
15710,0.1209
15711,0.1395
15712,0.1981
15713,0.244
15714,0.3291
15715,0.376
15716,0.3742
15717,0.3734
15718,0.365
15719,0.3272
15720,0.3374
15721,0.3673
15722,0.3651
15723,0.3276
15724,0.3071
15725,0.3246
15726,0.3267
15727,0.3579
15728,0.3619
15729,0.3886
15730,0.3482
15731,0.2953
15732,0.2678
15733,0.2354
15734,0.1507
15735,0.1055
15736,0.1109
15737,0.0947
15738,0.0804
15739,0.0412
15740,0.0282
15741,0.0473
15742,0.0672
15743,0.0562
15744,0.0519
15745,0.0891
15746,0.1794
15747,0.2555
15748,0.2631
15749,0.2169
15750,0.1536
15751,0.1263
15752,0.0972
15753,0.1148
15754,0.1325
15755,0.1284
15756,0.1244
15757,0.116
15758,0.1058
15759,0.0917
15760,0.1108
15761,0.1793
15762,0.2704
15763,0.3139
15764,0.343
15765,0.3741
15766,0.3866
15767,0.3992
15768,0.3812
15769,0.3403
15770,0.3165
15771,0.3008
15772,0.3094
15773,0.3411
15774,0.3541
15775,0.3286
15776,0.2951
15777,0.281
15778,0.2789
15779,0.2902
15780,0.2823
15781,0.2659
15782,0.2636
15783,0.2556
15784,0.2563
15785,0.2976
15786,0.4098
15787,0.4575
15788,0.372
15789,0.3289
15790,0.2652
15791,0.2495
15792,0.2781
15793,0.2556
15794,0.2032
15795,0.2745
15796,0.348
15797,0.2809
15798,0.2301
15799,0.1547
15800,0.0928
15801,0.0954
15802,0.0708
15803,0.0623
15804,0.064
15805,0.053
15806,0.0366
15807,0.0363
15808,0.0402
15809,0.0365
15810,0.0355
15811,0.0504
15812,0.0585
15813,0.0555
15814,0.05
15815,0.0469
15816,0.0838
15817,0.1091
15818,0.06
15819,0.0723
15820,0.1055
15821,0.0915
15822,0.0572
15823,0.0338
15824,0.0338
15825,0.0601
15826,0.0669
15827,0.0753
15828,0.0905
15829,0.1136
15830,0.1386
15831,0.1452
15832,0.1612
15833,0.2092
15834,0.2205
15835,0.2264
15836,0.2105
15837,0.1905
15838,0.1826
15839,0.1903
15840,0.1914
15841,0.1932
15842,0.1995
15843,0.2125
15844,0.2293
15845,0.2413
15846,0.2537
15847,0.2394
15848,0.195
15849,0.2165
15850,0.2339
15851,0.2296
15852,0.2071
15853,0.173
15854,0.1514
15855,0.2223
15856,0.3896
15857,0.583
15858,0.6533
15859,0.5834
15860,0.3888
15861,0.361
15862,0.3122
15863,0.2784
15864,0.2882
15865,0.3013
15866,0.2578
15867,0.1942
15868,0.1487
15869,0.1461
15870,0.1381
15871,0.1134
15872,0.0878
15873,0.0851
15874,0.0831
15875,0.0819
15876,0.087
15877,0.0554
15878,0.0255
15879,0.0305
15880,0.0466
15881,0.07
15882,0.088
15883,0.1096
15884,0.1632
15885,0.1838
15886,0.1848
15887,0.1487
15888,0.1477
15889,0.1625
15890,0.115
15891,0.0745
15892,0.0597
15893,0.0562
15894,0.0398
15895,0.0193
15896,0.0073
15897,0.0055
15898,0.0054
15899,0.0044
15900,0.0037
15901,0.0048
15902,0.0082
15903,0.0123
15904,0.0217
15905,0.0345
15906,0.0426
15907,0.0454
15908,0.0509
15909,0.0534
15910,0.0441
15911,0.0372
15912,0.047
15913,0.06
15914,0.0846
15915,0.1109
15916,0.1427
15917,0.1786
15918,0.2072
15919,0.1973
15920,0.1136
15921,0.0695
15922,0.1378
15923,0.2707
15924,0.3215
15925,0.3049
15926,0.2088
15927,0.1513
15928,0.1659
15929,0.1771
15930,0.2041
15931,0.2237
15932,0.2495
15933,0.2735
15934,0.3058
15935,0.3175
15936,0.3014
15937,0.2672
15938,0.2301
15939,0.2134
15940,0.2007
15941,0.187
15942,0.1751
15943,0.1477
15944,0.0849
15945,0.0903
15946,0.2218
15947,0.2348
15948,0.1984
15949,0.1217
15950,0.0713
15951,0.0552
15952,0.0384
15953,0.0092
15954,0.0012
15955,0.0019
15956,0.003
15957,0.0039
15958,0.0039
15959,0.0038
15960,0.0042
15961,0.0045
15962,0.0048
15963,0.0051
15964,0.0073
15965,0.0136
15966,0.0239
15967,0.0241
15968,0.0145
15969,0.0139
15970,0.011
15971,0.0082
15972,0.0059
15973,0.0054
15974,0.0055
15975,0.0055
15976,0.0106
15977,0.0218
15978,0.0237
15979,0.0203
15980,0.0183
15981,0.0153
15982,0.0104
15983,0.0089
15984,0.0069
15985,0.006
15986,0.0043
15987,0.0036
15988,0.0057
15989,0.0113
15990,0.0223
15991,0.0287
15992,0.0296
15993,0.0288
15994,0.0266
15995,0.0293
15996,0.0408
15997,0.0584
15998,0.0677
15999,0.0752
16000,0.0933
16001,0.117
16002,0.1242
16003,0.1056
16004,0.0859
16005,0.0836
16006,0.0689
16007,0.0581
16008,0.0517
16009,0.0471
16010,0.0451
16011,0.044
16012,0.042
16013,0.0348
16014,0.0286
16015,0.0239
16016,0.0174
16017,0.0164
16018,0.0181
16019,0.019
16020,0.0219
16021,0.0222
16022,0.0211
16023,0.0212
16024,0.0303
16025,0.0369
16026,0.0383
16027,0.0329
16028,0.0255
16029,0.0205
16030,0.0088
16031,0.0049
16032,0.0043
16033,0.0036
16034,0.0037
16035,0.0038
16036,0.0051
16037,0.0069
16038,0.0104
16039,0.0113
16040,0.0073
16041,0.0061
16042,0.0036
16043,0.0019
16044,0.0019
16045,0.0018
16046,0.0021
16047,0.0029
16048,0.0045
16049,0.0082
16050,0.0132
16051,0.0174
16052,0.026
16053,0.0297
16054,0.0397
16055,0.0565
16056,0.0718
16057,0.0832
16058,0.1094
16059,0.1491
16060,0.1885
16061,0.222
16062,0.2035
16063,0.1408
16064,0.0942
16065,0.1442
16066,0.2305
16067,0.2728
16068,0.2807
16069,0.297
16070,0.3585
16071,0.4699
16072,0.5838
16073,0.6292
16074,0.6414
16075,0.6522
16076,0.6525
16077,0.6401
16078,0.6152
16079,0.6243
16080,0.621
16081,0.6475
16082,0.6791
16083,0.6746
16084,0.6532
16085,0.6475
16086,0.6506
16087,0.6332
16088,0.6141
16089,0.591
16090,0.5913
16091,0.6436
16092,0.6505
16093,0.6382
16094,0.5598
16095,0.5172
16096,0.541
16097,0.5521
16098,0.5379
16099,0.5288
16100,0.5507
16101,0.5471
16102,0.5433
16103,0.5208
16104,0.5253
16105,0.4715
16106,0.3542
16107,0.2086
16108,0.114
16109,0.0923
16110,0.1408
16111,0.1887
16112,0.1513
16113,0.157
16114,0.1916
16115,0.2231
16116,0.3104
16117,0.4499
16118,0.5287
16119,0.5937
16120,0.6307
16121,0.6571
16122,0.6706
16123,0.6584
16124,0.6386
16125,0.6096
16126,0.6023
16127,0.5683
16128,0.5726
16129,0.5715
16130,0.5692
16131,0.5619
16132,0.5647
16133,0.5625
16134,0.5623
16135,0.6202
16136,0.6503
16137,0.6896
16138,0.7054
16139,0.7164
16140,0.7007
16141,0.6767
16142,0.6529
16143,0.6551
16144,0.6665
16145,0.6466
16146,0.6145
16147,0.5939
16148,0.5867
16149,0.563
16150,0.5265
16151,0.4602
16152,0.4144
16153,0.3953
16154,0.357
16155,0.3329
16156,0.3188
16157,0.2867
16158,0.2516
16159,0.1769
16160,0.1177
16161,0.1622
16162,0.1613
16163,0.1393
16164,0.105
16165,0.0711
16166,0.0434
16167,0.0268
16168,0.0182
16169,0.0155
16170,0.0173
16171,0.0196
16172,0.0233
16173,0.0262
16174,0.0289
16175,0.0348
16176,0.0423
16177,0.0561
16178,0.0683
16179,0.0733
16180,0.0779
16181,0.0786
16182,0.085
16183,0.0945
16184,0.1195
16185,0.1513
16186,0.181
16187,0.2037
16188,0.2192
16189,0.2178
16190,0.1959
16191,0.1346
16192,0.1397
16193,0.1617
16194,0.1926
16195,0.2115
16196,0.2077
16197,0.1998
16198,0.1846
16199,0.1787
16200,0.167
16201,0.1547
16202,0.1321
16203,0.1145
16204,0.1334
16205,0.1905
16206,0.2484
16207,0.2562
16208,0.2167
16209,0.2419
16210,0.4604
16211,0.6232
16212,0.5519
16213,0.4239
16214,0.2873
16215,0.2144
16216,0.1393
16217,0.1051
16218,0.0876
16219,0.0781
16220,0.0609
16221,0.0334
16222,0.0142
16223,0.0147
16224,0.0265
16225,0.0491
16226,0.0781
16227,0.0962
16228,0.0784
16229,0.0394
16230,0.0185
16231,0.0071
16232,0.005
16233,0.0121
16234,0.0148
16235,0.011
16236,0.0071
16237,0.0048
16238,0.004
16239,0.0048
16240,0.0109
16241,0.0165
16242,0.0159
16243,0.0185
16244,0.02
16245,0.0161
16246,0.0113
16247,0.0085
16248,0.0075
16249,0.0072
16250,0.0073
16251,0.007
16252,0.0062
16253,0.0062
16254,0.0091
16255,0.0175
16256,0.0167
16257,0.0141
16258,0.0185
16259,0.0177
16260,0.0153
16261,0.0111
16262,0.0073
16263,0.0018
16264,0.0001
16265,0.0007
16266,0.0041
16267,0.0092
16268,0.0275
16269,0.051
16270,0.0655
16271,0.0706
16272,0.066
16273,0.0592
16274,0.0512
16275,0.0484
16276,0.0537
16277,0.0539
16278,0.0569
16279,0.0569
16280,0.0313
16281,0.012
16282,0.0146
16283,0.005
16284,0.003
16285,0.005
16286,0.0066
16287,0.0148
16288,0.029
16289,0.0387
16290,0.0424
16291,0.0397
16292,0.0401
16293,0.0464
16294,0.0568
16295,0.0631
16296,0.0667
16297,0.0471
16298,0.0353
16299,0.0325
16300,0.0378
16301,0.053
16302,0.0549
16303,0.0498
16304,0.0361
16305,0.0529
16306,0.1063
16307,0.1489
16308,0.1544
16309,0.135
16310,0.1033
16311,0.1111
16312,0.1482
16313,0.2106
16314,0.2483
16315,0.2686
16316,0.2832
16317,0.2856
16318,0.2284
16319,0.2275
16320,0.2094
16321,0.221
16322,0.1893
16323,0.1937
16324,0.1882
16325,0.1981
16326,0.2282
16327,0.2347
16328,0.173
16329,0.2307
16330,0.267
16331,0.2696
16332,0.2626
16333,0.2554
16334,0.2053
16335,0.1503
16336,0.1548
16337,0.17
16338,0.1821
16339,0.162
16340,0.1063
16341,0.0863
16342,0.0838
16343,0.0797
16344,0.0754
16345,0.0769
16346,0.0648
16347,0.0541
16348,0.0462
16349,0.0433
16350,0.0421
16351,0.051
16352,0.058
16353,0.084
16354,0.1301
16355,0.1768
16356,0.1978
16357,0.1984
16358,0.158
16359,0.11
16360,0.0908
16361,0.0793
16362,0.0698
16363,0.0481
16364,0.038
16365,0.0346
16366,0.0391
16367,0.0533
16368,0.093
16369,0.1474
16370,0.1937
16371,0.206
16372,0.2112
16373,0.2178
16374,0.2105
16375,0.1988
16376,0.1498
16377,0.1226
16378,0.1514
16379,0.1775
16380,0.2262
16381,0.2861
16382,0.3882
16383,0.425
16384,0.4167
16385,0.4419
16386,0.468
16387,0.4821
16388,0.4894
16389,0.4807
16390,0.4459
16391,0.3852
16392,0.3493
16393,0.3242
16394,0.3189
16395,0.2524
16396,0.224
16397,0.3831
16398,0.4215
16399,0.3983
16400,0.4029
16401,0.3439
16402,0.2637
16403,0.1967
16404,0.1225
16405,0.0696
16406,0.0447
16407,0.0265
16408,0.0121
16409,0.0278
16410,0.0291
16411,0.0164
16412,0.0138
16413,0.0179
16414,0.0212
16415,0.023
16416,0.0231
16417,0.0284
16418,0.0271
16419,0.0196
16420,0.0139
16421,0.0163
16422,0.0332
16423,0.0608
16424,0.0578
16425,0.0439
16426,0.0553
16427,0.0611
16428,0.0688
16429,0.0391
16430,0.0237
16431,0.0213
16432,0.0211
16433,0.0566
16434,0.0778
16435,0.0809
16436,0.093
16437,0.0878
16438,0.0727
16439,0.0553
16440,0.0456
16441,0.0329
16442,0.0288
16443,0.0286
16444,0.0396
16445,0.0392
16446,0.0293
16447,0.0726
16448,0.0824
16449,0.0986
16450,0.1697
16451,0.185
16452,0.1397
16453,0.0815
16454,0.0609
16455,0.0704
16456,0.0863
16457,0.0983
16458,0.1184
16459,0.1475
16460,0.1816
16461,0.2028
16462,0.2177
16463,0.2118
16464,0.2364
16465,0.2367
16466,0.2564
16467,0.2693
16468,0.2792
16469,0.2826
16470,0.2783
16471,0.2634
16472,0.2229
16473,0.2288
16474,0.2748
16475,0.2911
16476,0.2784
16477,0.2545
16478,0.1835
16479,0.1785
16480,0.1999
16481,0.1659
16482,0.1314
16483,0.1042
16484,0.0644
16485,0.0409
16486,0.0161
16487,0.0076
16488,0.0056
16489,0.0059
16490,0.0068
16491,0.0079
16492,0.0091
16493,0.0129
16494,0.0182
16495,0.0204
16496,0.0256
16497,0.06
16498,0.0806
16499,0.0897
16500,0.0951
16501,0.0988
16502,0.0885
16503,0.0952
16504,0.1279
16505,0.1443
16506,0.1578
16507,0.1559
16508,0.1402
16509,0.1129
16510,0.0835
16511,0.0636
16512,0.0548
16513,0.05
16514,0.0456
16515,0.0483
16516,0.0492
16517,0.0512
16518,0.0556
16519,0.0593
16520,0.0533
16521,0.0312
16522,0.0193
16523,0.0103
16524,0.0047
16525,0.0028
16526,0.0023
16527,0.0121
16528,0.0465
16529,0.0765
16530,0.0851
16531,0.084
16532,0.0777
16533,0.0648
16534,0.0468
16535,0.0244
16536,0.0176
16537,0.0224
16538,0.0289
16539,0.021
16540,0.0109
16541,0.0091
16542,0.0116
16543,0.0173
16544,0.0217
16545,0.0193
16546,0.032
16547,0.0518
16548,0.0568
16549,0.0503
16550,0.0401
16551,0.054
16552,0.0959
16553,0.1277
16554,0.1199
16555,0.1073
16556,0.0874
16557,0.0893
16558,0.1106
16559,0.126
16560,0.114
16561,0.1039
16562,0.0983
16563,0.086
16564,0.0799
16565,0.0875
16566,0.0867
16567,0.0909
16568,0.088
16569,0.1054
16570,0.1433
16571,0.1575
16572,0.1752
16573,0.1979
16574,0.2166
16575,0.2937
16576,0.3823
16577,0.4065
16578,0.4456
16579,0.4718
16580,0.4954
16581,0.5224
16582,0.6177
16583,0.6886
16584,0.7266
16585,0.6911
16586,0.7213
16587,0.7388
16588,0.7351
16589,0.7279
16590,0.6979
16591,0.6785
16592,0.6817
16593,0.6822
16594,0.6347
16595,0.5356
16596,0.38
16597,0.3081
16598,0.268
16599,0.2491
16600,0.2421
16601,0.2396
16602,0.2378
16603,0.2432
16604,0.2523
16605,0.2728
16606,0.2964
16607,0.2928
16608,0.2656
16609,0.2252
16610,0.1729
16611,0.1159
16612,0.0764
16613,0.0541
16614,0.038
16615,0.032
16616,0.0307
16617,0.0325
16618,0.028
16619,0.0193
16620,0.0195
16621,0.0188
16622,0.0235
16623,0.0238
16624,0.0185
16625,0.0176
16626,0.0165
16627,0.0169
16628,0.0143
16629,0.0191
16630,0.0152
16631,0.0134
16632,0.0124
16633,0.0123
16634,0.0114
16635,0.0092
16636,0.0093
16637,0.0101
16638,0.0141
16639,0.023
16640,0.0296
16641,0.0259
16642,0.0162
16643,0.0124
16644,0.0136
16645,0.0132
16646,0.0119
16647,0.0185
16648,0.0305
16649,0.0504
16650,0.0671
16651,0.0788
16652,0.0735
16653,0.0772
16654,0.0819
16655,0.0926
16656,0.1133
16657,0.1355
16658,0.1925
16659,0.1961
16660,0.1729
16661,0.1404
16662,0.109
16663,0.0829
16664,0.0747
16665,0.0647
16666,0.0532
16667,0.0496
16668,0.0522
16669,0.0479
16670,0.034
16671,0.0313
16672,0.0366
16673,0.0608
16674,0.1017
16675,0.1289
16676,0.1318
16677,0.1333
16678,0.1382
16679,0.1411
16680,0.1587
16681,0.1939
16682,0.3521
16683,0.3543
16684,0.5094
16685,0.4437
16686,0.366
16687,0.3733
16688,0.4402
16689,0.4316
16690,0.4738
16691,0.5845
16692,0.6279
16693,0.6298
16694,0.6204
16695,0.6239
16696,0.6311
16697,0.6266
16698,0.6459
16699,0.6487
16700,0.6515
16701,0.6495
16702,0.6459
16703,0.6413
16704,0.6275
16705,0.6106
16706,0.599
16707,0.5869
16708,0.5795
16709,0.5803
16710,0.5856
16711,0.5895
16712,0.5813
16713,0.5933
16714,0.6096
16715,0.6138
16716,0.618
16717,0.6084
16718,0.598
16719,0.6001
16720,0.6088
16721,0.614
16722,0.6036
16723,0.5861
16724,0.588
16725,0.572
16726,0.5551
16727,0.5559
16728,0.5667
16729,0.5606
16730,0.5319
16731,0.4916
16732,0.4531
16733,0.4273
16734,0.4175
16735,0.3816
16736,0.3568
16737,0.3423
16738,0.3301
16739,0.3108
16740,0.2808
16741,0.2604
16742,0.2335
16743,0.242
16744,0.2488
16745,0.2261
16746,0.1876
16747,0.1481
16748,0.1248
16749,0.1063
16750,0.0855
16751,0.0639
16752,0.0474
16753,0.0369
16754,0.0299
16755,0.0276
16756,0.0272
16757,0.0314
16758,0.0494
16759,0.0707
16760,0.0818
16761,0.0892
16762,0.0893
16763,0.0898
16764,0.1032
16765,0.121
16766,0.1392
16767,0.2017
16768,0.2894
16769,0.2792
16770,0.2056
16771,0.1633
16772,0.139
16773,0.1224
16774,0.1135
16775,0.1101
16776,0.1138
16777,0.1515
16778,0.1931
16779,0.2242
16780,0.2477
16781,0.2454
16782,0.2141
16783,0.1744
16784,0.1183
16785,0.0923
16786,0.1183
16787,0.1064
16788,0.0709
16789,0.0402
16790,0.0229
16791,0.0198
16792,0.0126
16793,0.0081
16794,0.0075
16795,0.0074
16796,0.0098
16797,0.0141
16798,0.0137
16799,0.0121
16800,0.013
16801,0.012
16802,0.0141
16803,0.0282
16804,0.0527
16805,0.0765
16806,0.098
16807,0.1005
16808,0.1084
16809,0.1491
16810,0.1742
16811,0.2125
16812,0.2624
16813,0.3011
16814,0.3126
16815,0.3385
16816,0.3585
16817,0.3612
16818,0.3302
16819,0.2908
16820,0.3031
16821,0.304
16822,0.3083
16823,0.3233
16824,0.3075
16825,0.296
16826,0.271
16827,0.2564
16828,0.2717
16829,0.2435
16830,0.2632
16831,0.2334
16832,0.2212
16833,0.2977
16834,0.3486
16835,0.3286
16836,0.2965
16837,0.2525
16838,0.2101
16839,0.2119
16840,0.2381
16841,0.2436
16842,0.2674
16843,0.254
16844,0.1962
16845,0.1501
16846,0.1212
16847,0.1011
16848,0.0841
16849,0.0725
16850,0.0727
16851,0.086
16852,0.098
16853,0.0984
16854,0.0984
16855,0.1064
16856,0.1012
16857,0.0801
16858,0.0639
16859,0.0505
16860,0.0447
16861,0.0424
16862,0.0469
16863,0.0602
16864,0.0858
16865,0.1072
16866,0.1214
16867,0.1227
16868,0.1169
16869,0.1145
16870,0.1077
16871,0.0996
16872,0.0759
16873,0.0499
16874,0.0433
16875,0.0431
16876,0.0445
16877,0.0453
16878,0.0462
16879,0.0496
16880,0.0498
16881,0.0412
16882,0.0325
16883,0.0274
16884,0.0264
16885,0.0282
16886,0.0314
16887,0.0403
16888,0.0535
16889,0.0765
16890,0.1176
16891,0.1628
16892,0.1922
16893,0.2123
16894,0.2206
16895,0.2187
16896,0.2142
16897,0.2133
16898,0.2254
16899,0.2416
16900,0.2512
16901,0.2665
16902,0.2992
16903,0.3272
16904,0.3212
16905,0.2666
16906,0.1931
16907,0.1605
16908,0.1577
16909,0.202
16910,0.2913
16911,0.3736
16912,0.4168
16913,0.4395
16914,0.4579
16915,0.4684
16916,0.4731
16917,0.5061
16918,0.5271
16919,0.5586
16920,0.596
16921,0.6019
16922,0.5916
16923,0.5773
16924,0.5626
16925,0.5295
16926,0.4906
16927,0.4679
16928,0.4284
16929,0.3651
16930,0.3037
16931,0.2842
16932,0.279
16933,0.2891
16934,0.3021
16935,0.3321
16936,0.351
16937,0.3122
16938,0.3049
16939,0.2901
16940,0.245
16941,0.237
16942,0.2619
16943,0.2838
16944,0.2979
16945,0.2894
16946,0.2787
16947,0.3132
16948,0.4057
16949,0.4493
16950,0.4819
16951,0.496
16952,0.5008
16953,0.4862
16954,0.4334
16955,0.4257
16956,0.4336
16957,0.4772
16958,0.5529
16959,0.5869
16960,0.6155
16961,0.6534
16962,0.6868
16963,0.697
16964,0.6691
16965,0.6622
16966,0.6607
16967,0.6581
16968,0.6761
16969,0.6954
16970,0.7052
16971,0.7063
16972,0.6991
16973,0.6834
16974,0.6751
16975,0.6798
16976,0.6866
16977,0.6905
16978,0.7074
16979,0.7314
16980,0.7406
16981,0.7324
16982,0.6915
16983,0.6537
16984,0.6295
16985,0.6271
16986,0.6263
16987,0.5604
16988,0.5129
16989,0.4906
16990,0.5004
16991,0.5396
16992,0.5651
16993,0.4722
16994,0.376
16995,0.301
16996,0.2296
16997,0.1904
16998,0.1611
16999,0.1087
17000,0.0781
17001,0.056
17002,0.0408
17003,0.0321
17004,0.0241
17005,0.0236
17006,0.0347
17007,0.0333
17008,0.0335
17009,0.0451
17010,0.0483
17011,0.0415
17012,0.04
17013,0.058
17014,0.091
17015,0.1112
17016,0.1026
17017,0.0864
17018,0.0863
17019,0.1056
17020,0.1479
17021,0.1744
17022,0.1717
17023,0.1606
17024,0.166
17025,0.1677
17026,0.201
17027,0.2859
17028,0.353
17029,0.3557
17030,0.3755
17031,0.4078
17032,0.4126
17033,0.4014
17034,0.3546
17035,0.3341
17036,0.305
17037,0.2798
17038,0.2786
17039,0.2897
17040,0.2726
17041,0.3508
17042,0.3382
17043,0.3347
17044,0.4255
17045,0.3641
17046,0.3468
17047,0.3229
17048,0.2845
17049,0.2828
17050,0.3503
17051,0.3582
17052,0.3415
17053,0.3207
17054,0.2789
17055,0.2911
17056,0.2687
17057,0.2799
17058,0.3006
17059,0.3392
17060,0.3624
17061,0.348
17062,0.3798
17063,0.4354
17064,0.5867
17065,0.7028
17066,0.6878
17067,0.7018
17068,0.7441
17069,0.8005
17070,0.7931
17071,0.7405
17072,0.6924
17073,0.6758
17074,0.6853
17075,0.7183
17076,0.7833
17077,0.8483
17078,0.8513
17079,0.8423
17080,0.8352
17081,0.8186
17082,0.7738
17083,0.7263
17084,0.6735
17085,0.6179
17086,0.567
17087,0.5652
17088,0.542
17089,0.6404
17090,0.7927
17091,0.8995
17092,0.9289
17093,0.9343
17094,0.9311
17095,0.9241
17096,0.9029
17097,0.8794
17098,0.8581
17099,0.8392
17100,0.8093
17101,0.7586
17102,0.6961
17103,0.6457
17104,0.638
17105,0.644
17106,0.6184
17107,0.6167
17108,0.6296
17109,0.6175
17110,0.6244
17111,0.6382
17112,0.6491
17113,0.6547
17114,0.6607
17115,0.6748
17116,0.682
17117,0.6853
17118,0.6785
17119,0.6564
17120,0.6546
17121,0.646
17122,0.6251
17123,0.5882
17124,0.5464
17125,0.4762
17126,0.441
17127,0.437
17128,0.445
17129,0.3755
17130,0.3101
17131,0.2878
17132,0.2625
17133,0.2655
17134,0.2839
17135,0.3148
17136,0.344
17137,0.3447
17138,0.3112
17139,0.2345
17140,0.2118
17141,0.195
17142,0.204
17143,0.2541
17144,0.2597
17145,0.2432
17146,0.2333
17147,0.2359
17148,0.2486
17149,0.255
17150,0.2707
17151,0.2812
17152,0.3139
17153,0.3577
17154,0.3746
17155,0.3785
17156,0.3974
17157,0.5252
17158,0.6968
17159,0.7783
17160,0.8188
17161,0.8311
17162,0.8456
17163,0.8218
17164,0.7996
17165,0.7615
17166,0.7255
17167,0.6818
17168,0.5841
17169,0.5034
17170,0.4258
17171,0.361
17172,0.3042
17173,0.2905
17174,0.2926
17175,0.3253
17176,0.3572
17177,0.4486
17178,0.4971
17179,0.4796
17180,0.4656
17181,0.4824
17182,0.4703
17183,0.4542
17184,0.398
17185,0.3474
17186,0.333
17187,0.1934
17188,0.1744
17189,0.1553
17190,0.1409
17191,0.1391
17192,0.1459
17193,0.1371
17194,0.0823
17195,0.0498
17196,0.04
17197,0.0385
17198,0.0424
17199,0.0651
17200,0.1073
17201,0.1388
17202,0.1548
17203,0.1543
17204,0.1522
17205,0.1364
17206,0.1196
17207,0.1015
17208,0.0966
17209,0.0955
17210,0.0852
17211,0.0929
17212,0.1237
17213,0.1729
17214,0.2119
17215,0.2233
17216,0.2226
17217,0.1846
17218,0.1388
17219,0.1054
17220,0.0993
17221,0.1168
17222,0.1437
17223,0.1458
17224,0.1437
17225,0.1906
17226,0.2638
17227,0.3154
17228,0.3116
17229,0.3087
17230,0.3175
17231,0.391
17232,0.4393
17233,0.4689
17234,0.5611
17235,0.6257
17236,0.7568
17237,0.8268
17238,0.8572
17239,0.8889
17240,0.8793
17241,0.878
17242,0.8616
17243,0.7943
17244,0.7228
17245,0.7159
17246,0.6852
17247,0.6113
17248,0.5157
17249,0.4261
17250,0.3661
17251,0.3359
17252,0.3378
17253,0.2796
17254,0.2078
17255,0.1522
17256,0.0973
17257,0.0545
17258,0.0336
17259,0.0375
17260,0.0623
17261,0.0654
17262,0.0717
17263,0.1023
17264,0.151
17265,0.1973
17266,0.2355
17267,0.2694
17268,0.2921
17269,0.2662
17270,0.1805
17271,0.2015
17272,0.2546
17273,0.2919
17274,0.3346
17275,0.4028
17276,0.45
17277,0.618
17278,0.604
17279,0.5696
17280,0.5568
17281,0.5488
17282,0.5337
17283,0.5001
17284,0.5045
17285,0.6101
17286,0.6843
17287,0.6912
17288,0.7053
17289,0.7186
17290,0.739
17291,0.7765
17292,0.839
17293,0.8894
17294,0.8774
17295,0.832
17296,0.7686
17297,0.7116
17298,0.664
17299,0.6225
17300,0.5901
17301,0.5665
17302,0.5692
17303,0.6047
17304,0.6393
17305,0.6435
17306,0.6415
17307,0.6814
17308,0.71
17309,0.7256
17310,0.7208
17311,0.6885
17312,0.6475
17313,0.6329
17314,0.6481
17315,0.6846
17316,0.7252
17317,0.669
17318,0.6248
17319,0.6174
17320,0.6062
17321,0.5811
17322,0.4822
17323,0.4563
17324,0.3916
17325,0.365
17326,0.3404
17327,0.3267
17328,0.2563
17329,0.1937
17330,0.1799
17331,0.234
17332,0.3623
17333,0.3982
17334,0.4231
17335,0.4966
17336,0.5683
17337,0.6043
17338,0.6448
17339,0.6761
17340,0.716
17341,0.7356
17342,0.7482
17343,0.7441
17344,0.7493
17345,0.7538
17346,0.761
17347,0.7781
17348,0.7946
17349,0.8158
17350,0.8113
17351,0.8001
17352,0.7701
17353,0.7379
17354,0.714
17355,0.6826
17356,0.65
17357,0.6391
17358,0.6439
17359,0.6601
17360,0.6379
17361,0.5998
17362,0.5537
17363,0.5233
17364,0.4997
17365,0.4563
17366,0.3421
17367,0.3007
17368,0.2496
17369,0.1675
17370,0.1024
17371,0.0623
17372,0.0348
17373,0.0297
17374,0.0268
17375,0.0352
17376,0.0477
17377,0.0663
17378,0.0812
17379,0.087
17380,0.0943
17381,0.0946
17382,0.082
17383,0.0574
17384,0.0242
17385,0.0155
17386,0.0141
17387,0.0211
17388,0.0395
17389,0.0687
17390,0.1117
17391,0.2399
17392,0.3985
17393,0.4738
17394,0.4655
17395,0.4252
17396,0.4239
17397,0.43
17398,0.4587
17399,0.4622
17400,0.4769
17401,0.523
17402,0.5512
17403,0.6017
17404,0.6306
17405,0.6264
17406,0.5825
17407,0.4482
17408,0.3194
17409,0.3026
17410,0.2413
17411,0.1492
17412,0.0958
17413,0.0678
17414,0.0565
17415,0.0664
17416,0.0765
17417,0.089
17418,0.1012
17419,0.1057
17420,0.101
17421,0.1058
17422,0.1003
17423,0.099
17424,0.1023
17425,0.1101
17426,0.1279
17427,0.1371
17428,0.1473
17429,0.15
17430,0.1269
17431,0.1138
17432,0.1256
17433,0.1634
17434,0.1816
17435,0.1922
17436,0.208
17437,0.226
17438,0.2286
17439,0.2671
17440,0.3007
17441,0.3129
17442,0.311
17443,0.3093
17444,0.2747
17445,0.2461
17446,0.2409
17447,0.2527
17448,0.2532
17449,0.2875
17450,0.2906
17451,0.2637
17452,0.2332
17453,0.2087
17454,0.2109
17455,0.1996
17456,0.1175
17457,0.0692
17458,0.0599
17459,0.0832
17460,0.0824
17461,0.08
17462,0.0735
17463,0.0969
17464,0.1331
17465,0.1507
17466,0.1627
17467,0.179
17468,0.1854
17469,0.1844
17470,0.1797
17471,0.1707
17472,0.1636
17473,0.1504
17474,0.1345
17475,0.1169
17476,0.0956
17477,0.0767
17478,0.0621
17479,0.0526
17480,0.032
17481,0.0139
17482,0.009
17483,0.0084
17484,0.0078
17485,0.009
17486,0.0131
17487,0.0169
17488,0.0233
17489,0.0347
17490,0.0493
17491,0.0666
17492,0.0857
17493,0.1131
17494,0.1441
17495,0.1691
17496,0.1805
17497,0.1683
17498,0.1385
17499,0.0952
17500,0.0575
17501,0.0409
17502,0.0397
17503,0.0465
17504,0.0439
17505,0.0216
17506,0.0037
17507,0.0027
17508,0.004
17509,0.0046
17510,0.0081
17511,0.016
17512,0.0276
17513,0.0351
17514,0.0502
17515,0.0861
17516,0.1293
17517,0.1596
17518,0.1632
17519,0.1468
