0,0.3313
1,0.3661
2,0.3812
3,0.379
4,0.3928
5,0.4123
6,0.4451
7,0.4685
8,0.4582
9,0.4511
10,0.4708
11,0.4389
12,0.3965
13,0.4231
14,0.465
15,0.516
16,0.5705
17,0.6251
18,0.6753
19,0.6927
20,0.6966
21,0.685
22,0.6462
23,0.6208
24,0.6167
25,0.6165
26,0.6005
27,0.5897
28,0.5863
29,0.5835
30,0.5739
31,0.5667
32,0.5507
33,0.5164
34,0.4778
35,0.4425
36,0.4127
37,0.3879
38,0.362
39,0.3436
40,0.3173
41,0.2776
42,0.2417
43,0.2158
44,0.2003
45,0.1995
46,0.2067
47,0.2102
48,0.2075
49,0.1975
50,0.1883
51,0.1844
52,0.1798
53,0.1756
54,0.1642
55,0.1483
56,0.1387
57,0.1288
58,0.1226
59,0.1118
60,0.1087
61,0.1138
62,0.1229
63,0.1327
64,0.1385
65,0.1357
66,0.1292
67,0.1113
68,0.0876
69,0.0668
70,0.0771
71,0.0986
72,0.0947
73,0.0866
74,0.084
75,0.1067
76,0.1405
77,0.1867
78,0.2255
79,0.2392
80,0.2262
81,0.2108
82,0.2059
83,0.2139
84,0.2344
85,0.2523
86,0.2722
87,0.2891
88,0.314
89,0.3475
90,0.3609
91,0.3635
92,0.3536
93,0.3505
94,0.3638
95,0.3766
96,0.3876
97,0.3955
98,0.4012
99,0.409
100,0.4159
101,0.4273
102,0.4313
103,0.427
104,0.4202
105,0.4018
106,0.3874
107,0.376
108,0.3576
109,0.3432
110,0.3421
111,0.3474
112,0.3439
113,0.3325
114,0.3228
115,0.322
116,0.3194
117,0.3179
118,0.3112
119,0.3009
120,0.2935
121,0.282
122,0.2582
123,0.2305
124,0.2047
125,0.1898
126,0.1789
127,0.1605
128,0.1407
129,0.1249
130,0.1067
131,0.0921
132,0.0856
133,0.0806
134,0.08
135,0.0853
136,0.0944
137,0.1116
138,0.1251
139,0.1125
140,0.0785
141,0.0536
142,0.0375
143,0.0252
144,0.0226
145,0.0305
146,0.0424
147,0.058
148,0.0809
149,0.1087
150,0.1473
151,0.1935
152,0.242
153,0.3092
154,0.4042
155,0.4938
156,0.5901
157,0.5878
158,0.5798
159,0.6308
160,0.6908
161,0.6918
162,0.6832
163,0.7583
164,0.8005
165,0.828
166,0.8603
167,0.8724
168,0.856
169,0.8471
170,0.8473
171,0.8623
172,0.8799
173,0.8923
174,0.8904
175,0.8774
176,0.8698
177,0.872
178,0.8818
179,0.8915
180,0.9029
181,0.909
182,0.9035
183,0.901
184,0.8982
185,0.8905
186,0.8783
187,0.8679
188,0.8553
189,0.8478
190,0.851
191,0.8704
192,0.8802
193,0.8829
194,0.8725
195,0.8585
196,0.8354
197,0.8144
198,0.7936
199,0.766
200,0.7501
201,0.7468
202,0.7318
203,0.7143
204,0.7099
205,0.695
206,0.68
207,0.6629
208,0.6337
209,0.6261
210,0.6181
211,0.5836
212,0.5474
213,0.5099
214,0.4857
215,0.4055
216,0.3573
217,0.3122
218,0.2676
219,0.2313
220,0.211
221,0.185
222,0.1593
223,0.1385
224,0.1133
225,0.0909
226,0.0674
227,0.047
228,0.0368
229,0.0378
230,0.0441
231,0.0576
232,0.0726
233,0.0849
234,0.0941
235,0.098
236,0.0986
237,0.1114
238,0.1342
239,0.1578
240,0.1762
241,0.2154
242,0.2522
243,0.2883
244,0.3228
245,0.3275
246,0.3103
247,0.2954
248,0.2744
249,0.2751
250,0.3164
251,0.3757
252,0.4157
253,0.4366
254,0.4623
255,0.4821
256,0.454
257,0.417
258,0.3815
259,0.3677
260,0.3494
261,0.3215
262,0.281
263,0.2609
264,0.2658
265,0.282
266,0.3133
267,0.3469
268,0.4142
269,0.4928
270,0.5286
271,0.6488
272,0.7041
273,0.7214
274,0.7165
275,0.6988
276,0.705
277,0.6921
278,0.7053
279,0.7254
280,0.7327
281,0.7313
282,0.7037
283,0.6635
284,0.6022
285,0.5592
286,0.5585
287,0.5772
288,0.6644
289,0.6958
290,0.6637
291,0.6852
292,0.7674
293,0.7779
294,0.755
295,0.7768
296,0.7931
297,0.8056
298,0.8092
299,0.82
300,0.8446
301,0.8575
302,0.8769
303,0.8929
304,0.8965
305,0.888
306,0.879
307,0.8729
308,0.8583
309,0.8518
310,0.8624
311,0.8571
312,0.8223
313,0.795
314,0.7778
315,0.7644
316,0.744
317,0.7288
318,0.7052
319,0.658
320,0.5711
321,0.4861
322,0.4013
323,0.3459
324,0.3391
325,0.3403
326,0.3162
327,0.2688
328,0.2381
329,0.2024
330,0.1702
331,0.1439
332,0.1278
333,0.1242
334,0.1355
335,0.1692
336,0.2172
337,0.254
338,0.2882
339,0.3216
340,0.3607
341,0.4147
342,0.4589
343,0.4854
344,0.4962
345,0.5276
346,0.5429
347,0.567
348,0.5831
349,0.5846
350,0.5895
351,0.6043
352,0.6025
353,0.5997
354,0.5886
355,0.5939
356,0.5928
357,0.6267
358,0.6724
359,0.648
360,0.6379
361,0.6132
362,0.6331
363,0.6414
364,0.6455
365,0.6554
366,0.6738
367,0.6796
368,0.6971
369,0.7309
370,0.7373
371,0.7483
372,0.7759
373,0.7743
374,0.7739
375,0.7644
376,0.7521
377,0.7589
378,0.7378
379,0.6131
380,0.3919
381,0.2967
382,0.272
383,0.2985
384,0.3317
385,0.3382
386,0.3297
387,0.3242
388,0.3244
389,0.3114
390,0.3442
391,0.5044
392,0.6999
393,0.7624
394,0.779
395,0.7897
396,0.8127
397,0.8516
398,0.8482
399,0.8331
400,0.8315
401,0.8321
402,0.8105
403,0.7607
404,0.6756
405,0.568
406,0.4468
407,0.3248
408,0.2227
409,0.1355
410,0.0723
411,0.0349
412,0.0139
413,0.0031
414,0.0
415,0.0
416,0.0022
417,0.0185
418,0.0413
419,0.0629
420,0.08
421,0.0938
422,0.11
423,0.137
424,0.1782
425,0.226
426,0.2662
427,0.2945
428,0.3111
429,0.3151
430,0.3122
431,0.3151
432,0.3142
433,0.321
434,0.3317
435,0.342
436,0.3462
437,0.3509
438,0.3551
439,0.3608
440,0.3647
441,0.347
442,0.3364
443,0.3199
444,0.2974
445,0.274
446,0.2572
447,0.2661
448,0.2848
449,0.2859
450,0.2637
451,0.2299
452,0.1887
453,0.1534
454,0.1292
455,0.1145
456,0.1066
457,0.1116
458,0.1231
459,0.1284
460,0.1282
461,0.1265
462,0.1251
463,0.1244
464,0.1234
465,0.1125
466,0.0977
467,0.0832
468,0.0647
469,0.0537
470,0.0557
471,0.0671
472,0.079
473,0.0793
474,0.0668
475,0.0505
476,0.0364
477,0.0262
478,0.0159
479,0.0058
480,0.0012
481,0.0
482,0.0
483,0.0001
484,0.0013
485,0.0036
486,0.0028
487,0.0007
488,0.0003
489,0.0005
490,0.0015
491,0.0073
492,0.027
493,0.0484
494,0.0683
495,0.0912
496,0.1225
497,0.1654
498,0.2086
499,0.2604
500,0.3223
501,0.3884
502,0.4509
503,0.502
504,0.539
505,0.5482
506,0.5699
507,0.6036
508,0.6466
509,0.6721
510,0.7171
511,0.7143
512,0.5759
513,0.391
514,0.2569
515,0.1713
516,0.1238
517,0.0938
518,0.0707
519,0.0515
520,0.0636
521,0.1275
522,0.2262
523,0.2809
524,0.293
525,0.2822
526,0.2912
527,0.3135
528,0.3492
529,0.3767
530,0.3889
531,0.3606
532,0.3062
533,0.2548
534,0.2066
535,0.1703
536,0.1573
537,0.1594
538,0.1676
539,0.1599
540,0.1434
541,0.1289
542,0.1157
543,0.1108
544,0.105
545,0.0954
546,0.0822
547,0.0654
548,0.0446
549,0.0284
550,0.0162
551,0.01
552,0.0079
553,0.0069
554,0.0044
555,0.0032
556,0.0045
557,0.0062
558,0.0057
559,0.0072
560,0.0092
561,0.0162
562,0.021
563,0.0291
564,0.0421
565,0.0463
566,0.0397
567,0.0329
568,0.0254
569,0.0127
570,0.0043
571,0.0027
572,0.0024
573,0.0021
574,0.0019
575,0.0009
576,0.0003
577,0.0005
578,0.0029
579,0.0053
580,0.0087
581,0.0234
582,0.0626
583,0.1273
584,0.2051
585,0.2971
586,0.4066
587,0.5064
588,0.5418
589,0.4904
590,0.4474
591,0.4995
592,0.5451
593,0.5279
594,0.5028
595,0.5288
596,0.5178
597,0.5132
598,0.4933
599,0.4967
600,0.5145
601,0.5305
602,0.5343
603,0.5545
604,0.5604
605,0.5408
606,0.5794
607,0.5532
608,0.5347
609,0.5054
610,0.5032
611,0.546
612,0.5797
613,0.5816
614,0.6241
615,0.6621
616,0.7536
617,0.804
618,0.8032
619,0.8376
620,0.869
621,0.8563
622,0.9041
623,0.8632
624,0.8228
625,0.813
626,0.7882
627,0.7497
628,0.6391
629,0.5107
630,0.3549
631,0.3081
632,0.5568
633,0.8083
634,0.8423
635,0.7819
636,0.7481
637,0.7588
638,0.7776
639,0.8017
640,0.8373
641,0.8836
642,0.9204
643,0.945
644,0.9594
645,0.9682
646,0.971
647,0.972
648,0.9691
649,0.9665
650,0.9655
651,0.9601
652,0.9486
653,0.9313
654,0.903
655,0.8609
656,0.8224
657,0.8051
658,0.7997
659,0.7934
660,0.796
661,0.7971
662,0.7578
663,0.7048
664,0.6638
665,0.615
666,0.5556
667,0.4779
668,0.4306
669,0.3637
670,0.3177
671,0.2318
672,0.1599
673,0.1126
674,0.107
675,0.1455
676,0.2036
677,0.2524
678,0.2762
679,0.2852
680,0.2921
681,0.2859
682,0.3012
683,0.2978
684,0.306
685,0.3192
686,0.3329
687,0.3648
688,0.4122
689,0.4484
690,0.4596
691,0.4278
692,0.3804
693,0.3201
694,0.2478
695,0.1818
696,0.1228
697,0.0642
698,0.0224
699,0.0019
700,0.0
701,0.0
702,0.0147
703,0.0633
704,0.1086
705,0.1382
706,0.1612
707,0.1966
708,0.2336
709,0.2565
710,0.2454
711,0.2199
712,0.1858
713,0.1601
714,0.1385
715,0.1143
716,0.0933
717,0.0742
718,0.0555
719,0.0396
720,0.0266
721,0.0176
722,0.0134
723,0.0184
724,0.0294
725,0.0361
726,0.0387
727,0.0432
728,0.0622
729,0.0845
730,0.1094
731,0.1379
732,0.16
733,0.1867
734,0.228
735,0.2706
736,0.3432
737,0.4478
738,0.5529
739,0.6363
740,0.6769
741,0.6796
742,0.6786
743,0.6814
744,0.6856
745,0.6544
746,0.5699
747,0.4566
748,0.3112
749,0.1708
750,0.0804
751,0.0434
752,0.0373
753,0.0363
754,0.0351
755,0.04
756,0.0462
757,0.0433
758,0.0359
759,0.0251
760,0.0229
761,0.0423
762,0.0777
763,0.1121
764,0.1423
765,0.1715
766,0.2057
767,0.2472
768,0.2935
769,0.3388
770,0.3801
771,0.4085
772,0.4141
773,0.3936
774,0.3735
775,0.3629
776,0.3748
777,0.4083
778,0.4638
779,0.5331
780,0.6001
781,0.6506
782,0.6844
783,0.7018
784,0.6961
785,0.6744
786,0.6228
787,0.5586
788,0.4947
789,0.4781
790,0.5161
791,0.522
792,0.5146
793,0.4793
794,0.4245
795,0.3699
796,0.3248
797,0.2802
798,0.2396
799,0.1982
800,0.16
801,0.1324
802,0.1223
803,0.1265
804,0.1253
805,0.1065
806,0.0827
807,0.0721
808,0.0926
809,0.1491
810,0.2366
811,0.3234
812,0.3762
813,0.4098
814,0.4455
815,0.4839
816,0.5367
817,0.5663
818,0.541
819,0.5184
820,0.5153
821,0.5417
822,0.5867
823,0.6287
824,0.7035
825,0.7913
826,0.8648
827,0.8753
828,0.8682
829,0.866
830,0.8666
831,0.8576
832,0.8374
833,0.7968
834,0.7438
835,0.6536
836,0.5804
837,0.4922
838,0.421
839,0.3296
840,0.2743
841,0.2412
842,0.2273
843,0.2176
844,0.2196
845,0.2286
846,0.2369
847,0.2274
848,0.2179
849,0.1867
850,0.1618
851,0.1522
852,0.1432
853,0.1373
854,0.1424
855,0.1837
856,0.2712
857,0.3654
858,0.4226
859,0.4406
860,0.4574
861,0.4677
862,0.4903
863,0.5145
864,0.527
865,0.5868
866,0.5713
867,0.5284
868,0.5622
869,0.5719
870,0.5636
871,0.5092
872,0.4065
873,0.3429
874,0.3048
875,0.288
876,0.2761
877,0.2809
878,0.2931
879,0.3049
880,0.3678
881,0.3729
882,0.3619
883,0.3382
884,0.3685
885,0.4667
886,0.6197
887,0.6618
888,0.7086
889,0.7796
890,0.8789
891,0.8972
892,0.9064
893,0.9489
894,0.9657
895,0.9513
896,0.9378
897,0.9193
898,0.9214
899,0.9343
900,0.9393
901,0.9399
902,0.9223
903,0.8896
904,0.8433
905,0.7758
906,0.7076
907,0.655
908,0.6458
909,0.6271
910,0.6177
911,0.6246
912,0.6042
913,0.5992
914,0.6135
915,0.7031
916,0.7137
917,0.7465
918,0.7972
919,0.8322
920,0.8775
921,0.9035
922,0.9269
923,0.9402
924,0.9502
925,0.9612
926,0.9675
927,0.974
928,0.9769
929,0.9789
930,0.9794
931,0.9767
932,0.9624
933,0.9234
934,0.8821
935,0.8711
936,0.882
937,0.9124
938,0.9383
939,0.9361
940,0.945
941,0.9543
942,0.9622
943,0.969
944,0.9734
945,0.9745
946,0.9747
947,0.9732
948,0.9645
949,0.9518
950,0.9407
951,0.9239
952,0.9091
953,0.8821
954,0.8488
955,0.8239
956,0.7983
957,0.7548
958,0.6296
959,0.528
960,0.4689
961,0.3322
962,0.339
963,0.2698
964,0.2354
965,0.268
966,0.3052
967,0.432
968,0.4443
969,0.445
970,0.4897
971,0.5415
972,0.6087
973,0.6855
974,0.7798
975,0.8374
976,0.8398
977,0.8629
978,0.8758
979,0.8637
980,0.8359
981,0.8056
982,0.769
983,0.7124
984,0.6375
985,0.5584
986,0.487
987,0.4101
988,0.3275
989,0.2438
990,0.2251
991,0.2914
992,0.3461
993,0.3584
994,0.3288
995,0.3028
996,0.2873
997,0.2218
998,0.1514
999,0.1328
1000,0.1354
1001,0.1102
1002,0.0748
1003,0.0428
1004,0.025
1005,0.0105
1006,0.0109
1007,0.0275
1008,0.0593
1009,0.1007
1010,0.1277
1011,0.1456
1012,0.1562
1013,0.1622
1014,0.1659
1015,0.182
1016,0.2067
1017,0.2172
1018,0.2325
1019,0.2803
1020,0.3236
1021,0.3445
1022,0.3371
1023,0.3433
1024,0.3812
1025,0.4227
1026,0.4312
1027,0.4449
1028,0.4309
1029,0.3897
1030,0.3439
1031,0.3187
1032,0.2937
1033,0.2888
1034,0.2962
1035,0.303
1036,0.3031
1037,0.3103
1038,0.3039
1039,0.2912
1040,0.2824
1041,0.2833
1042,0.2696
1043,0.2673
1044,0.2605
1045,0.2456
1046,0.2242
1047,0.2155
1048,0.2269
1049,0.2583
1050,0.2755
1051,0.2668
1052,0.2503
1053,0.233
1054,0.2166
1055,0.2026
1056,0.1875
1057,0.1696
1058,0.1494
1059,0.1398
1060,0.1386
1061,0.1391
1062,0.1384
1063,0.1289
1064,0.0996
1065,0.0698
1066,0.0547
1067,0.0589
1068,0.0731
1069,0.089
1070,0.0974
1071,0.1077
1072,0.1309
1073,0.1613
1074,0.1899
1075,0.2073
1076,0.2089
1077,0.1936
1078,0.1721
1079,0.1542
1080,0.1438
1081,0.1402
1082,0.1361
1083,0.1337
1084,0.134
1085,0.1449
1086,0.1624
1087,0.1723
1088,0.1593
1089,0.1486
1090,0.1483
1091,0.1588
1092,0.1627
1093,0.1584
1094,0.1567
1095,0.1648
1096,0.1858
1097,0.2262
1098,0.2797
1099,0.3204
1100,0.3281
1101,0.3214
1102,0.3101
1103,0.2981
1104,0.2897
1105,0.2805
1106,0.2731
1107,0.2845
1108,0.3242
1109,0.351
1110,0.343
1111,0.3208
1112,0.2766
1113,0.233
1114,0.2138
1115,0.2128
1116,0.2136
1117,0.2013
1118,0.1846
1119,0.1721
1120,0.1687
1121,0.1755
1122,0.1872
1123,0.2029
1124,0.224
1125,0.245
1126,0.2548
1127,0.2498
1128,0.2418
1129,0.2396
1130,0.2439
1131,0.2533
1132,0.2681
1133,0.2861
1134,0.3049
1135,0.3075
1136,0.2927
1137,0.3016
1138,0.3491
1139,0.4041
1140,0.4365
1141,0.4475
1142,0.4456
1143,0.4494
1144,0.4656
1145,0.4798
1146,0.4792
1147,0.454
1148,0.4077
1149,0.3646
1150,0.3259
1151,0.2944
1152,0.275
1153,0.2651
1154,0.2593
1155,0.2417
1156,0.2268
1157,0.2266
1158,0.2286
1159,0.2283
1160,0.2176
1161,0.2053
1162,0.1875
1163,0.1711
1164,0.1522
1165,0.1265
1166,0.111
1167,0.1063
1168,0.1167
1169,0.1406
1170,0.1711
1171,0.2105
1172,0.252
1173,0.2848
1174,0.3079
1175,0.3261
1176,0.3335
1177,0.3366
1178,0.3298
1179,0.3301
1180,0.3376
1181,0.3662
1182,0.3889
1183,0.3893
1184,0.4086
1185,0.3891
1186,0.3847
1187,0.3849
1188,0.3739
1189,0.3458
1190,0.3032
1191,0.2861
1192,0.3112
1193,0.3552
1194,0.394
1195,0.4081
1196,0.4054
1197,0.3903
1198,0.3497
1199,0.3128
1200,0.2921
1201,0.2785
1202,0.2706
1203,0.2748
1204,0.2885
1205,0.3165
1206,0.3666
1207,0.4009
1208,0.4139
1209,0.4076
1210,0.3867
1211,0.366
1212,0.3609
1213,0.3719
1214,0.3664
1215,0.3553
1216,0.3448
1217,0.3517
1218,0.365
1219,0.3664
1220,0.3589
1221,0.3394
1222,0.3162
1223,0.2965
1224,0.2955
1225,0.3186
1226,0.3508
1227,0.3717
1228,0.338
1229,0.3124
1230,0.3366
1231,0.3578
1232,0.3604
1233,0.3416
1234,0.342
1235,0.3461
1236,0.351
1237,0.3501
1238,0.3405
1239,0.3267
1240,0.337
1241,0.351
1242,0.3006
1243,0.236
1244,0.188
1245,0.1748
1246,0.174
1247,0.1619
1248,0.1387
1249,0.1138
1250,0.0886
1251,0.0564
1252,0.0239
1253,0.0045
1254,0.0
1255,0.0
1256,0.0
1257,0.0025
1258,0.0066
1259,0.008
1260,0.0064
1261,0.0082
1262,0.0132
1263,0.0148
1264,0.0186
1265,0.0408
1266,0.0826
1267,0.1464
1268,0.2105
1269,0.273
1270,0.3108
1271,0.3175
1272,0.2923
1273,0.246
1274,0.2086
1275,0.1831
1276,0.1573
1277,0.1441
1278,0.1409
1279,0.1441
1280,0.132
1281,0.1114
1282,0.1088
1283,0.1085
1284,0.1021
1285,0.0876
1286,0.0859
1287,0.1125
1288,0.1709
1289,0.2266
1290,0.2485
1291,0.2424
1292,0.2254
1293,0.1962
1294,0.1544
1295,0.1151
1296,0.0939
1297,0.0925
1298,0.0983
1299,0.099
1300,0.0815
1301,0.0552
1302,0.0435
1303,0.0535
1304,0.0693
1305,0.0676
1306,0.0584
1307,0.0519
1308,0.0399
1309,0.0291
1310,0.0248
1311,0.029
1312,0.0403
1313,0.0564
1314,0.0696
1315,0.0854
1316,0.0973
1317,0.098
1318,0.0912
1319,0.0785
1320,0.067
1321,0.0547
1322,0.0397
1323,0.024
1324,0.016
1325,0.0127
1326,0.0103
1327,0.0105
1328,0.0107
1329,0.0123
1330,0.0172
1331,0.0249
1332,0.0273
1333,0.0209
1334,0.0098
1335,0.0066
1336,0.013
1337,0.0324
1338,0.0642
1339,0.1021
1340,0.1379
1341,0.1622
1342,0.169
1343,0.15
1344,0.1105
1345,0.0687
1346,0.0361
1347,0.0167
1348,0.0067
1349,0.004
1350,0.009
1351,0.0272
1352,0.0486
1353,0.0543
1354,0.0528
1355,0.0526
1356,0.0534
1357,0.0467
1358,0.0309
1359,0.0209
1360,0.0233
1361,0.0406
1362,0.0728
1363,0.1143
1364,0.1593
1365,0.198
1366,0.2245
1367,0.2309
1368,0.2188
1369,0.1957
1370,0.1763
1371,0.1658
1372,0.154
1373,0.1387
1374,0.1137
1375,0.086
1376,0.0615
1377,0.0522
1378,0.0481
1379,0.0471
1380,0.0523
1381,0.0583
1382,0.067
1383,0.0736
1384,0.0854
1385,0.1101
1386,0.1513
1387,0.1994
1388,0.2359
1389,0.2517
1390,0.2524
1391,0.2345
1392,0.2025
1393,0.1741
1394,0.1515
1395,0.131
1396,0.1167
1397,0.1141
1398,0.128
1399,0.1752
1400,0.2476
1401,0.3412
1402,0.4492
1403,0.5443
1404,0.6144
1405,0.6556
1406,0.6579
1407,0.6182
1408,0.6214
1409,0.5645
1410,0.4775
1411,0.3986
1412,0.3583
1413,0.3013
1414,0.2845
1415,0.2757
1416,0.2969
1417,0.3275
1418,0.3451
1419,0.3489
1420,0.3631
1421,0.3682
1422,0.352
1423,0.3175
1424,0.2565
1425,0.184
1426,0.1171
1427,0.077
1428,0.074
1429,0.0806
1430,0.0649
1431,0.0345
1432,0.0138
1433,0.0071
1434,0.0109
1435,0.0249
1436,0.0477
1437,0.0858
1438,0.1333
1439,0.1729
1440,0.1803
1441,0.1857
1442,0.1835
1443,0.188
1444,0.2081
1445,0.2143
1446,0.2392
1447,0.2752
1448,0.314
1449,0.3164
1450,0.2616
1451,0.2406
1452,0.269
1453,0.3367
1454,0.4691
1455,0.5642
1456,0.6337
1457,0.725
1458,0.7227
1459,0.7156
1460,0.7283
1461,0.7631
1462,0.7927
1463,0.8111
1464,0.8114
1465,0.8587
1466,0.8919
1467,0.8957
1468,0.8793
1469,0.8372
1470,0.8177
1471,0.8503
1472,0.8878
1473,0.9186
1474,0.937
1475,0.9308
1476,0.9095
1477,0.9034
1478,0.9142
1479,0.909
1480,0.8894
1481,0.9328
1482,0.9664
1483,0.9768
1484,0.9787
1485,0.9736
1486,0.9656
1487,0.9642
1488,0.9503
1489,0.9201
1490,0.8767
1491,0.8242
1492,0.7776
1493,0.7157
1494,0.534
1495,0.4349
1496,0.5391
1497,0.7035
1498,0.813
1499,0.8158
1500,0.7998
1501,0.8181
1502,0.8498
1503,0.8487
1504,0.8474
1505,0.8432
1506,0.8657
1507,0.8913
1508,0.8796
1509,0.8611
1510,0.8576
1511,0.8618
1512,0.8436
1513,0.789
1514,0.7445
1515,0.6991
1516,0.6189
1517,0.5554
1518,0.5198
1519,0.4515
1520,0.404
1521,0.4198
1522,0.4527
1523,0.4752
1524,0.4871
1525,0.4915
1526,0.4663
1527,0.4502
1528,0.4141
1529,0.4298
1530,0.4467
1531,0.4573
1532,0.4014
1533,0.4061
1534,0.4612
1535,0.456
1536,0.4377
1537,0.4651
1538,0.5096
1539,0.5578
1540,0.7167
1541,0.8173
1542,0.8084
1543,0.7868
1544,0.7347
1545,0.6983
1546,0.7244
1547,0.6879
1548,0.7024
1549,0.7255
1550,0.7267
1551,0.7096
1552,0.6843
1553,0.6594
1554,0.6456
1555,0.6656
1556,0.6732
1557,0.6726
1558,0.5527
1559,0.481
1560,0.4941
1561,0.526
1562,0.4817
1563,0.4444
1564,0.5443
1565,0.6923
1566,0.7633
1567,0.7878
1568,0.7893
1569,0.7758
1570,0.7968
1571,0.8365
1572,0.8749
1573,0.9192
1574,0.9455
1575,0.9605
1576,0.9683
1577,0.9744
1578,0.9755
1579,0.9704
1580,0.9558
1581,0.92
1582,0.8591
1583,0.8073
1584,0.775
1585,0.7063
1586,0.6287
1587,0.5808
1588,0.5221
1589,0.4154
1590,0.3045
1591,0.2312
1592,0.1814
1593,0.1309
1594,0.098
1595,0.1077
1596,0.1908
1597,0.3109
1598,0.407
1599,0.4972
1600,0.5334
1601,0.5753
1602,0.6414
1603,0.6646
1604,0.6847
1605,0.7855
1606,0.8948
1607,0.9219
1608,0.8679
1609,0.7747
1610,0.6987
1611,0.701
1612,0.6764
1613,0.6756
1614,0.7399
1615,0.7925
1616,0.7391
1617,0.7149
1618,0.7811
1619,0.8594
1620,0.9094
1621,0.9231
1622,0.9346
1623,0.9026
1624,0.8431
1625,0.7584
1626,0.7093
1627,0.637
1628,0.5458
1629,0.417
1630,0.3242
1631,0.257
1632,0.1828
1633,0.07
1634,0.0176
1635,0.096
1636,0.2531
1637,0.3536
1638,0.5071
1639,0.828
1640,0.9407
1641,0.9477
1642,0.9011
1643,0.8376
1644,0.8318
1645,0.9201
1646,0.9775
1647,0.9796
1648,0.9722
1649,0.9658
1650,0.9519
1651,0.9267
1652,0.8985
1653,0.874
1654,0.8676
1655,0.8869
1656,0.9113
1657,0.9216
1658,0.9237
1659,0.9372
1660,0.9486
1661,0.9514
1662,0.9546
1663,0.9475
1664,0.925
1665,0.9064
1666,0.8824
1667,0.8663
1668,0.835
1669,0.7939
1670,0.7181
1671,0.5878
1672,0.4226
1673,0.3051
1674,0.2305
1675,0.1686
1676,0.1688
1677,0.257
1678,0.3465
1679,0.4008
1680,0.4705
1681,0.5507
1682,0.6356
1683,0.678
1684,0.7841
1685,0.8559
1686,0.8956
1687,0.9404
1688,0.9486
1689,0.9547
1690,0.9562
1691,0.9569
1692,0.9573
1693,0.962
1694,0.9774
1695,0.9789
1696,0.9245
1697,0.8465
1698,0.8597
1699,0.8185
1700,0.8507
1701,0.8849
1702,0.9234
1703,0.9449
1704,0.9543
1705,0.96
1706,0.9671
1707,0.9652
1708,0.9617
1709,0.9622
1710,0.9622
1711,0.9583
1712,0.9524
1713,0.9476
1714,0.9489
1715,0.9464
1716,0.9373
1717,0.9248
1718,0.9063
1719,0.8871
1720,0.872
1721,0.8597
1722,0.8379
1723,0.8093
1724,0.7853
1725,0.75
1726,0.7326
1727,0.7206
1728,0.7111
1729,0.7291
1730,0.7319
1731,0.7238
1732,0.7659
1733,0.8321
1734,0.888
1735,0.9367
1736,0.9635
1737,0.973
1738,0.9732
1739,0.9619
1740,0.9467
1741,0.9269
1742,0.8958
1743,0.8493
1744,0.7938
1745,0.7519
1746,0.7139
1747,0.6736
1748,0.5797
1749,0.4729
1750,0.4941
1751,0.558
1752,0.5666
1753,0.5461
1754,0.3632
1755,0.3083
1756,0.5369
1757,0.766
1758,0.8707
1759,0.9382
1760,0.9412
1761,0.9355
1762,0.9185
1763,0.8842
1764,0.8661
1765,0.8837
1766,0.8822
1767,0.8569
1768,0.8167
1769,0.785
1770,0.7463
1771,0.6633
1772,0.5845
1773,0.5083
1774,0.4665
1775,0.493
1776,0.4761
1777,0.4713
1778,0.4775
1779,0.5151
1780,0.6696
1781,0.804
1782,0.9206
1783,0.9299
1784,0.9444
1785,0.9482
1786,0.954
1787,0.9623
1788,0.9693
1789,0.9745
1790,0.9777
1791,0.9796
1792,0.9801
1793,0.9779
1794,0.9713
1795,0.963
1796,0.9654
1797,0.9685
1798,0.9698
1799,0.968
1800,0.964
1801,0.9275
1802,0.8275
1803,0.7201
1804,0.635
1805,0.6624
1806,0.658
1807,0.642
1808,0.6187
1809,0.5678
1810,0.5359
1811,0.5327
1812,0.5552
1813,0.5787
1814,0.5958
1815,0.6095
1816,0.6209
1817,0.6109
1818,0.5752
1819,0.573
1820,0.5851
1821,0.5947
1822,0.5724
1823,0.5192
1824,0.4611
1825,0.4216
1826,0.3818
1827,0.343
1828,0.314
1829,0.2856
1830,0.2585
1831,0.2286
1832,0.1979
1833,0.1692
1834,0.1526
1835,0.1431
1836,0.1252
1837,0.0952
1838,0.0618
1839,0.0337
1840,0.0119
1841,0.0014
1842,0.0
1843,0.0003
1844,0.0091
1845,0.023
1846,0.034
1847,0.0401
1848,0.041
1849,0.0375
1850,0.033
1851,0.0301
1852,0.0341
1853,0.0464
1854,0.0632
1855,0.0828
1856,0.1083
1857,0.1393
1858,0.1581
1859,0.1551
1860,0.144
1861,0.1382
1862,0.1427
1863,0.1519
1864,0.1537
1865,0.1582
1866,0.1848
1867,0.2328
1868,0.2642
1869,0.277
1870,0.2765
1871,0.2706
1872,0.2537
1873,0.2418
1874,0.2306
1875,0.2182
1876,0.1923
1877,0.1826
1878,0.1809
1879,0.1821
1880,0.1966
1881,0.2037
1882,0.2158
1883,0.2273
1884,0.2299
1885,0.2296
1886,0.2265
1887,0.2197
1888,0.1992
1889,0.1866
1890,0.1889
1891,0.1949
1892,0.1902
1893,0.1799
1894,0.1684
1895,0.159
1896,0.1513
1897,0.146
1898,0.1399
1899,0.1345
1900,0.1368
1901,0.1441
1902,0.1482
1903,0.1455
1904,0.1376
1905,0.1248
1906,0.1108
1907,0.0869
1908,0.069
1909,0.0553
1910,0.0408
1911,0.0273
1912,0.0131
1913,0.0032
1914,0.002
1915,0.0017
1916,0.0031
1917,0.0069
1918,0.0142
1919,0.0217
1920,0.0315
1921,0.0384
1922,0.0355
1923,0.0328
1924,0.0369
1925,0.0405
1926,0.0373
1927,0.0362
1928,0.0356
1929,0.0322
1930,0.0297
1931,0.0348
1932,0.0426
1933,0.048
1934,0.0587
1935,0.0729
1936,0.09
1937,0.1088
1938,0.1294
1939,0.1461
1940,0.1524
1941,0.1356
1942,0.1032
1943,0.0907
1944,0.0864
1945,0.0958
1946,0.1012
1947,0.0915
1948,0.0917
1949,0.1
1950,0.0934
1951,0.0755
1952,0.0835
1953,0.1321
1954,0.1956
1955,0.237
1956,0.2473
1957,0.2448
1958,0.2428
1959,0.2395
1960,0.2282
1961,0.2224
1962,0.2228
1963,0.2154
1964,0.199
1965,0.1873
1966,0.1751
1967,0.1556
1968,0.1371
1969,0.1272
1970,0.1256
1971,0.1118
1972,0.0867
1973,0.0603
1974,0.0368
1975,0.016
1976,0.0099
1977,0.0203
1978,0.0373
1979,0.0476
1980,0.0419
1981,0.0307
1982,0.033
1983,0.0359
1984,0.0465
1985,0.071
1986,0.1132
1987,0.1793
1988,0.2504
1989,0.3511
1990,0.4142
1991,0.5289
1992,0.6511
1993,0.6921
1994,0.7061
1995,0.7614
1996,0.7793
1997,0.7883
1998,0.7919
1999,0.8007
2000,0.8006
2001,0.7797
2002,0.7566
2003,0.7459
2004,0.7508
2005,0.7539
2006,0.7415
2007,0.7153
2008,0.6885
2009,0.6673
2010,0.6606
2011,0.6243
2012,0.5578
2013,0.4955
2014,0.3959
2015,0.2858
2016,0.2053
2017,0.1644
2018,0.1474
2019,0.1425
2020,0.144
2021,0.1361
2022,0.1195
2023,0.0978
2024,0.0857
2025,0.081
2026,0.0892
2027,0.1116
2028,0.1282
2029,0.119
2030,0.0945
2031,0.0699
2032,0.0517
2033,0.0373
2034,0.0241
2035,0.0109
2036,0.0027
2037,0.0009
2038,0.0012
2039,0.0033
2040,0.0053
2041,0.007
2042,0.0093
2043,0.0109
2044,0.0104
2045,0.0087
2046,0.0064
2047,0.0045
2048,0.0024
2049,0.0024
2050,0.0046
2051,0.0092
2052,0.0156
2053,0.0203
2054,0.0208
2055,0.0205
2056,0.0173
2057,0.013
2058,0.012
2059,0.0118
2060,0.0108
2061,0.01
2062,0.0111
2063,0.0163
2064,0.0257
2065,0.0347
2066,0.038
2067,0.0332
2068,0.0251
2069,0.0168
2070,0.0088
2071,0.004
2072,0.0023
2073,0.0024
2074,0.0041
2075,0.0066
2076,0.0091
2077,0.0117
2078,0.0155
2079,0.0186
2080,0.0194
2081,0.0202
2082,0.0234
2083,0.0251
2084,0.0255
2085,0.0271
2086,0.031
2087,0.0345
2088,0.0332
2089,0.0261
2090,0.0172
2091,0.012
2092,0.01
2093,0.0089
2094,0.0095
2095,0.0072
2096,0.0043
2097,0.0038
2098,0.0064
2099,0.0086
2100,0.0079
2101,0.0055
2102,0.0057
2103,0.008
2104,0.0218
2105,0.0498
2106,0.0812
2107,0.1086
2108,0.1371
2109,0.1653
2110,0.1661
2111,0.1203
2112,0.0648
2113,0.0412
2114,0.0331
2115,0.0316
2116,0.0308
2117,0.0307
2118,0.0289
2119,0.0221
2120,0.0153
2121,0.0121
2122,0.0115
2123,0.0137
2124,0.0131
2125,0.0099
2126,0.0061
2127,0.0032
2128,0.004
2129,0.012
2130,0.0323
2131,0.0632
2132,0.1037
2133,0.133
2134,0.1515
2135,0.1729
2136,0.2039
2137,0.2417
2138,0.2797
2139,0.3188
2140,0.3544
2141,0.3766
2142,0.4272
2143,0.4802
2144,0.5319
2145,0.5314
2146,0.5128
2147,0.4949
2148,0.4799
2149,0.4731
2150,0.4786
2151,0.4929
2152,0.5022
2153,0.5055
2154,0.5402
2155,0.5774
2156,0.613
2157,0.6264
2158,0.6555
2159,0.6217
2160,0.5921
2161,0.5837
2162,0.5696
2163,0.5491
2164,0.5266
2165,0.4989
2166,0.4484
2167,0.385
2168,0.3164
2169,0.2569
2170,0.2198
2171,0.182
2172,0.147
2173,0.1237
2174,0.1134
2175,0.1097
2176,0.1157
2177,0.1382
2178,0.1802
2179,0.2358
2180,0.2756
2181,0.2935
2182,0.2907
2183,0.2801
2184,0.2796
2185,0.29
2186,0.2941
2187,0.2754
2188,0.2498
2189,0.2538
2190,0.2053
2191,0.1569
2192,0.152
2193,0.2058
2194,0.2621
2195,0.3014
2196,0.3463
2197,0.3399
2198,0.3609
2199,0.3792
2200,0.3668
2201,0.3248
2202,0.2831
2203,0.222
2204,0.1674
2205,0.1404
2206,0.1433
2207,0.1593
2208,0.1621
2209,0.1471
2210,0.1405
2211,0.1458
2212,0.168
2213,0.1996
2214,0.2257
2215,0.2441
2216,0.2542
2217,0.245
2218,0.2351
2219,0.2234
2220,0.1999
2221,0.1803
2222,0.1745
2223,0.1558
2224,0.1351
2225,0.1187
2226,0.1052
2227,0.091
2228,0.0844
2229,0.0931
2230,0.0938
2231,0.087
2232,0.0791
2233,0.0825
2234,0.0903
2235,0.1063
2236,0.1222
2237,0.1293
2238,0.1357
2239,0.1315
2240,0.1201
2241,0.1135
2242,0.112
2243,0.1079
2244,0.1091
2245,0.1096
2246,0.1152
2247,0.1173
2248,0.1345
2249,0.1821
2250,0.2382
2251,0.2807
2252,0.2947
2253,0.2877
2254,0.256
2255,0.2205
2256,0.1949
2257,0.1884
2258,0.1832
2259,0.1746
2260,0.1617
2261,0.1507
2262,0.1379
2263,0.1187
2264,0.1104
2265,0.1304
2266,0.1421
2267,0.1344
2268,0.1275
2269,0.1294
2270,0.144
2271,0.1777
2272,0.2471
2273,0.3422
2274,0.4188
2275,0.4392
2276,0.4111
2277,0.3676
2278,0.292
2279,0.2466
2280,0.2153
2281,0.194
2282,0.1782
2283,0.1644
2284,0.154
2285,0.1533
2286,0.1474
2287,0.1342
2288,0.1174
2289,0.1022
2290,0.0905
2291,0.0798
2292,0.07
2293,0.0672
2294,0.0772
2295,0.1053
2296,0.1499
2297,0.1798
2298,0.1795
2299,0.1675
2300,0.1643
2301,0.1771
2302,0.1957
2303,0.2068
2304,0.2021
2305,0.1913
2306,0.1847
2307,0.1781
2308,0.1644
2309,0.1557
2310,0.1554
2311,0.1761
2312,0.1992
2313,0.1952
2314,0.1639
2315,0.1146
2316,0.0558
2317,0.0238
2318,0.0063
2319,0.0002
2320,0.0072
2321,0.0296
2322,0.0395
2323,0.0358
2324,0.0241
2325,0.013
2326,0.0068
2327,0.0051
2328,0.0034
2329,0.0021
2330,0.0014
2331,0.0006
2332,0.0002
2333,0.0009
2334,0.0023
2335,0.0049
2336,0.0061
2337,0.005
2338,0.0035
2339,0.0009
2340,0.0002
2341,0.001
2342,0.0039
2343,0.0093
2344,0.0208
2345,0.0284
2346,0.0313
2347,0.0296
2348,0.0242
2349,0.0256
2350,0.033
2351,0.0468
2352,0.0641
2353,0.0934
2354,0.1323
2355,0.1626
2356,0.2187
2357,0.2934
2358,0.3461
2359,0.3877
2360,0.4178
2361,0.4366
2362,0.4409
2363,0.4154
2364,0.3932
2365,0.3834
2366,0.3962
2367,0.4263
2368,0.4783
2369,0.534
2370,0.5654
2371,0.5535
2372,0.5239
2373,0.5621
2374,0.5745
2375,0.6008
2376,0.6134
2377,0.6397
2378,0.6429
2379,0.6538
2380,0.6704
2381,0.7024
2382,0.7214
2383,0.7139
2384,0.6968
2385,0.6563
2386,0.6052
2387,0.5622
2388,0.5452
2389,0.5534
2390,0.5753
2391,0.6021
2392,0.6201
2393,0.6294
2394,0.6439
2395,0.6392
2396,0.6279
2397,0.5976
2398,0.5586
2399,0.5128
2400,0.4727
2401,0.4451
2402,0.423
2403,0.398
2404,0.3711
2405,0.3498
2406,0.3268
2407,0.3011
2408,0.2674
2409,0.2256
2410,0.1997
2411,0.1988
2412,0.213
2413,0.2314
2414,0.2502
2415,0.2741
2416,0.2987
2417,0.3219
2418,0.3526
2419,0.3729
2420,0.3723
2421,0.3656
2422,0.3456
2423,0.3108
2424,0.2715
2425,0.2372
2426,0.2083
2427,0.1826
2428,0.1654
2429,0.1571
2430,0.154
2431,0.1512
2432,0.1496
2433,0.1365
2434,0.1203
2435,0.1192
2436,0.1395
2437,0.1656
2438,0.192
2439,0.2164
2440,0.2379
2441,0.2597
2442,0.2786
2443,0.2759
2444,0.258
2445,0.2397
2446,0.2307
2447,0.2226
2448,0.203
2449,0.178
2450,0.154
2451,0.1434
2452,0.1509
2453,0.1723
2454,0.1968
2455,0.2188
2456,0.2159
2457,0.1882
2458,0.1575
2459,0.1455
2460,0.146
2461,0.1542
2462,0.1762
2463,0.2209
2464,0.2705
2465,0.3057
2466,0.3209
2467,0.313
2468,0.2948
2469,0.2775
2470,0.2673
2471,0.2628
2472,0.2616
2473,0.2599
2474,0.2464
2475,0.2191
2476,0.1964
2477,0.1852
2478,0.1823
2479,0.1717
2480,0.159
2481,0.151
2482,0.1467
2483,0.145
2484,0.1473
2485,0.1569
2486,0.1531
2487,0.129
2488,0.1102
2489,0.1236
2490,0.1856
2491,0.2482
2492,0.3035
2493,0.2952
2494,0.3045
2495,0.3233
2496,0.3292
2497,0.3103
2498,0.2634
2499,0.2257
2500,0.2269
2501,0.2214
2502,0.2075
2503,0.1977
2504,0.2
2505,0.1961
2506,0.1967
2507,0.2078
2508,0.2085
2509,0.1966
2510,0.2067
2511,0.2131
2512,0.199
2513,0.2196
2514,0.3245
2515,0.4459
2516,0.5125
2517,0.5176
2518,0.5004
2519,0.4653
2520,0.4137
2521,0.3682
2522,0.3416
2523,0.3203
2524,0.2906
2525,0.2507
2526,0.1924
2527,0.147
2528,0.1348
2529,0.1412
2530,0.1376
2531,0.1258
2532,0.0967
2533,0.0545
2534,0.0274
2535,0.0183
2536,0.0152
2537,0.0128
2538,0.0079
2539,0.005
2540,0.0069
2541,0.0157
2542,0.0279
2543,0.0383
2544,0.042
2545,0.0359
2546,0.0238
2547,0.0102
2548,0.0023
2549,0.0016
2550,0.0057
2551,0.0108
2552,0.0147
2553,0.0095
2554,0.0029
2555,0.0001
2556,0.0
2557,0.0
2558,0.0015
2559,0.0121
2560,0.0298
2561,0.0484
2562,0.0709
2563,0.0944
2564,0.1191
2565,0.1467
2566,0.1935
2567,0.2574
2568,0.3004
2569,0.3137
2570,0.3115
2571,0.2782
2572,0.2274
2573,0.1951
2574,0.1725
2575,0.1734
2576,0.2061
2577,0.2426
2578,0.2638
2579,0.2624
2580,0.266
2581,0.2762
2582,0.2936
2583,0.3465
2584,0.4102
2585,0.4797
2586,0.5452
2587,0.5822
2588,0.56
2589,0.5182
2590,0.4754
2591,0.4482
2592,0.3923
2593,0.3419
2594,0.306
2595,0.2659
2596,0.2308
2597,0.2057
2598,0.1774
2599,0.1606
2600,0.1574
2601,0.162
2602,0.1685
2603,0.1694
2604,0.1649
2605,0.1702
2606,0.1946
2607,0.2434
2608,0.3067
2609,0.3892
2610,0.4497
2611,0.4806
2612,0.4696
2613,0.428
2614,0.3676
2615,0.3045
2616,0.2518
2617,0.212
2618,0.1823
2619,0.1603
2620,0.1437
2621,0.1332
2622,0.1162
2623,0.0984
2624,0.0931
2625,0.1004
2626,0.1174
2627,0.1342
2628,0.1532
2629,0.176
2630,0.202
2631,0.236
2632,0.274
2633,0.3231
2634,0.378
2635,0.4314
2636,0.4759
2637,0.4918
2638,0.4815
2639,0.4556
2640,0.4146
2641,0.3623
2642,0.3083
2643,0.2518
2644,0.2007
2645,0.1672
2646,0.1276
2647,0.0999
2648,0.094
2649,0.1028
2650,0.1098
2651,0.103
2652,0.0888
2653,0.0778
2654,0.0818
2655,0.1099
2656,0.159
2657,0.2141
2658,0.2747
2659,0.3216
2660,0.3525
2661,0.3507
2662,0.3407
2663,0.324
2664,0.3015
2665,0.2793
2666,0.2566
2667,0.2289
2668,0.1987
2669,0.1781
2670,0.1576
2671,0.137
2672,0.1359
2673,0.1574
2674,0.196
2675,0.2184
2676,0.2021
2677,0.1693
2678,0.1367
2679,0.1169
2680,0.1144
2681,0.1285
2682,0.1664
2683,0.2364
2684,0.339
2685,0.4561
2686,0.5467
2687,0.5697
2688,0.5402
2689,0.4855
2690,0.4262
2691,0.3606
2692,0.3299
2693,0.3165
2694,0.2829
2695,0.2551
2696,0.2389
2697,0.2496
2698,0.2781
2699,0.2876
2700,0.2732
2701,0.2451
2702,0.1982
2703,0.1557
2704,0.1233
2705,0.1044
2706,0.0993
2707,0.103
2708,0.1013
2709,0.0934
2710,0.0957
2711,0.1126
2712,0.146
2713,0.1914
2714,0.2343
2715,0.26
2716,0.2697
2717,0.2588
2718,0.2335
2719,0.2997
2720,0.4245
2721,0.5621
2722,0.6498
2723,0.7101
2724,0.7528
2725,0.7402
2726,0.5892
2727,0.3866
2728,0.2538
2729,0.1848
2730,0.1423
2731,0.1368
2732,0.1739
2733,0.239
2734,0.2914
2735,0.2897
2736,0.2889
2737,0.3254
2738,0.3952
2739,0.4415
2740,0.4765
2741,0.5347
2742,0.5211
2743,0.558
2744,0.4842
2745,0.3907
2746,0.2945
2747,0.2476
2748,0.2433
2749,0.2257
2750,0.2085
2751,0.2045
2752,0.1598
2753,0.1052
2754,0.0581
2755,0.0446
2756,0.0819
2757,0.1649
2758,0.1968
2759,0.1691
2760,0.1523
2761,0.1408
2762,0.1433
2763,0.1426
2764,0.1396
2765,0.1353
2766,0.1279
2767,0.1347
2768,0.1461
2769,0.1648
2770,0.1891
2771,0.2237
2772,0.2602
2773,0.3028
2774,0.3392
2775,0.3686
2776,0.3618
2777,0.3445
2778,0.3556
2779,0.3855
2780,0.4167
2781,0.4611
2782,0.4802
2783,0.4826
2784,0.5178
2785,0.6086
2786,0.7202
2787,0.8155
2788,0.7784
2789,0.7776
2790,0.8256
2791,0.8692
2792,0.8697
2793,0.8776
2794,0.8653
2795,0.8481
2796,0.8498
2797,0.8509
2798,0.8343
2799,0.8149
2800,0.8004
2801,0.7804
2802,0.7485
2803,0.7212
2804,0.7155
2805,0.7321
2806,0.7342
2807,0.7425
2808,0.7024
2809,0.6242
2810,0.5274
2811,0.426
2812,0.3615
2813,0.3191
2814,0.2551
2815,0.1873
2816,0.158
2817,0.1425
2818,0.1269
2819,0.103
2820,0.0761
2821,0.0571
2822,0.0553
2823,0.0704
2824,0.0672
2825,0.055
2826,0.0501
2827,0.0415
2828,0.0326
2829,0.0314
2830,0.0326
2831,0.03
2832,0.0235
2833,0.0179
2834,0.0155
2835,0.0125
2836,0.0098
2837,0.0078
2838,0.0053
2839,0.0047
2840,0.0035
2841,0.0038
2842,0.0054
2843,0.0128
2844,0.0315
2845,0.0588
2846,0.0907
2847,0.115
2848,0.1272
2849,0.1297
2850,0.1283
2851,0.1394
2852,0.1552
2853,0.1652
2854,0.168
2855,0.1575
2856,0.1365
2857,0.1125
2858,0.0917
2859,0.0756
2860,0.0617
2861,0.0553
2862,0.061
2863,0.0766
2864,0.0924
2865,0.1007
2866,0.1002
2867,0.0932
2868,0.0845
2869,0.0756
2870,0.0679
2871,0.0641
2872,0.0613
2873,0.0575
2874,0.0527
2875,0.0486
2876,0.0411
2877,0.0287
2878,0.0162
2879,0.0082
2880,0.0031
2881,0.0004
2882,0.0
2883,0.0
2884,0.0
2885,0.0
2886,0.0
2887,0.0
2888,0.0
2889,0.0
2890,0.0
2891,0.0
2892,0.0
2893,0.0022
2894,0.0049
2895,0.0044
2896,0.0036
2897,0.0025
2898,0.0021
2899,0.0026
2900,0.0073
2901,0.0231
2902,0.0365
2903,0.0456
2904,0.0516
2905,0.047
2906,0.0426
2907,0.0425
2908,0.0517
2909,0.0628
2910,0.0768
2911,0.0958
2912,0.1262
2913,0.161
2914,0.169
2915,0.1541
2916,0.1195
2917,0.0939
2918,0.0827
2919,0.0743
2920,0.0629
2921,0.0601
2922,0.0687
2923,0.0791
2924,0.0842
2925,0.101
2926,0.1262
2927,0.1333
2928,0.1228
2929,0.1096
2930,0.0999
2931,0.0904
2932,0.0772
2933,0.0599
2934,0.0387
2935,0.0219
2936,0.0122
2937,0.0082
2938,0.0067
2939,0.0066
2940,0.008
2941,0.0106
2942,0.0134
2943,0.0135
2944,0.0122
2945,0.0136
2946,0.0294
2947,0.0983
2948,0.2207
2949,0.3049
2950,0.3096
2951,0.2863
2952,0.2891
2953,0.3084
2954,0.3614
2955,0.4086
2956,0.4564
2957,0.4958
2958,0.5306
2959,0.5723
2960,0.6323
2961,0.6796
2962,0.6959
2963,0.7143
2964,0.7425
2965,0.7686
2966,0.7832
2967,0.7807
2968,0.7668
2969,0.7457
2970,0.708
2971,0.6525
2972,0.5908
2973,0.5428
2974,0.5148
2975,0.5097
2976,0.5251
2977,0.5517
2978,0.5646
2979,0.548
2980,0.5298
2981,0.5155
2982,0.5012
2983,0.478
2984,0.4456
2985,0.4028
2986,0.3562
2987,0.318
2988,0.3003
2989,0.2868
2990,0.2662
2991,0.236
2992,0.2045
2993,0.1663
2994,0.1256
2995,0.0853
2996,0.0507
2997,0.0257
2998,0.0231
2999,0.0392
3000,0.0756
3001,0.1286
3002,0.1804
3003,0.2128
3004,0.219
3005,0.2002
3006,0.1601
3007,0.1426
3008,0.1488
3009,0.1842
3010,0.2154
3011,0.2303
3012,0.2238
3013,0.1894
3014,0.1432
3015,0.1047
3016,0.0773
3017,0.055
3018,0.0378
3019,0.023
3020,0.0101
3021,0.0037
3022,0.0013
3023,0.0005
3024,0.0003
3025,0.0001
3026,0.0001
3027,0.0002
3028,0.0026
3029,0.0124
3030,0.0282
3031,0.0482
3032,0.0797
3033,0.1049
3034,0.118
3035,0.0964
3036,0.0716
3037,0.0475
3038,0.0277
3039,0.0143
3040,0.0049
3041,0.0063
3042,0.0284
3043,0.0652
3044,0.1106
3045,0.1519
3046,0.1818
3047,0.2082
3048,0.2208
3049,0.2223
3050,0.2305
3051,0.2409
3052,0.2696
3053,0.3282
3054,0.4399
3055,0.5238
3056,0.5238
3057,0.5187
3058,0.5204
3059,0.4601
3060,0.4172
3061,0.4395
3062,0.5328
3063,0.5887
3064,0.5941
3065,0.5469
3066,0.5042
3067,0.4389
3068,0.4024
3069,0.3816
3070,0.3923
3071,0.4424
3072,0.4249
3073,0.3378
3074,0.2775
3075,0.2521
3076,0.2325
3077,0.1922
3078,0.143
3079,0.11
3080,0.0884
3081,0.0829
3082,0.0995
3083,0.1409
3084,0.1874
3085,0.2281
3086,0.2746
3087,0.3064
3088,0.2841
3089,0.2214
3090,0.1778
3091,0.1298
3092,0.1217
3093,0.1503
3094,0.191
3095,0.1859
3096,0.1446
3097,0.0952
3098,0.071
3099,0.0586
3100,0.0445
3101,0.0266
3102,0.0121
3103,0.0042
3104,0.0024
3105,0.0023
3106,0.0034
3107,0.0047
3108,0.0049
3109,0.0037
3110,0.0022
3111,0.0011
3112,0.0003
3113,0.0079
3114,0.0303
3115,0.0651
3116,0.1016
3117,0.1151
3118,0.1166
3119,0.1084
3120,0.1053
3121,0.1121
3122,0.1281
3123,0.1488
3124,0.1719
3125,0.1931
3126,0.2095
3127,0.2176
3128,0.2192
3129,0.2226
3130,0.2319
3131,0.2507
3132,0.2844
3133,0.3173
3134,0.3292
3135,0.3147
3136,0.2833
3137,0.257
3138,0.2544
3139,0.2581
3140,0.2425
3141,0.2185
3142,0.1915
3143,0.1576
3144,0.1244
3145,0.0997
3146,0.0973
3147,0.1069
3148,0.1192
3149,0.1292
3150,0.1297
3151,0.1345
3152,0.1378
3153,0.1364
3154,0.1288
3155,0.1346
3156,0.1397
3157,0.15
3158,0.1689
3159,0.1785
3160,0.206
3161,0.2519
3162,0.2304
3163,0.2237
3164,0.2207
3165,0.212
3166,0.2012
3167,0.198
3168,0.192
3169,0.1863
3170,0.1803
3171,0.1639
3172,0.1416
3173,0.1199
3174,0.1022
3175,0.082
3176,0.0673
3177,0.0608
3178,0.0659
3179,0.086
3180,0.1211
3181,0.1602
3182,0.1897
3183,0.2163
3184,0.2372
3185,0.2426
3186,0.2542
3187,0.28
3188,0.31
3189,0.3191
3190,0.3443
3191,0.3951
3192,0.4208
3193,0.4043
3194,0.3764
3195,0.3329
3196,0.2859
3197,0.2315
3198,0.1935
3199,0.1767
3200,0.1879
3201,0.1934
3202,0.1986
3203,0.2471
3204,0.297
3205,0.2842
3206,0.2745
3207,0.2921
3208,0.3165
3209,0.332
3210,0.3432
3211,0.3635
3212,0.3529
3213,0.3559
3214,0.3323
3215,0.3005
3216,0.2727
3217,0.235
3218,0.199
3219,0.158
3220,0.121
3221,0.0884
3222,0.0553
3223,0.0373
3224,0.0313
3225,0.0356
3226,0.0531
3227,0.0808
3228,0.115
3229,0.1519
3230,0.1868
3231,0.2223
3232,0.2444
3233,0.2547
3234,0.2804
3235,0.3085
3236,0.3197
3237,0.3273
3238,0.3331
3239,0.3278
3240,0.3206
3241,0.3157
3242,0.2916
3243,0.246
3244,0.2096
3245,0.1734
3246,0.163
3247,0.1782
3248,0.2175
3249,0.2481
3250,0.265
3251,0.271
3252,0.2604
3253,0.258
3254,0.2823
3255,0.3294
3256,0.3667
3257,0.3885
3258,0.4261
3259,0.4519
3260,0.445
3261,0.4041
3262,0.3357
3263,0.2572
3264,0.1908
3265,0.1712
3266,0.1647
3267,0.1583
3268,0.1623
3269,0.1778
3270,0.1738
3271,0.1541
3272,0.1309
3273,0.1135
3274,0.0948
3275,0.0829
3276,0.0789
3277,0.0811
3278,0.0902
3279,0.1001
3280,0.1061
3281,0.1014
3282,0.0887
3283,0.0723
3284,0.0522
3285,0.031
3286,0.0156
3287,0.0072
3288,0.0033
3289,0.0018
3290,0.0012
3291,0.0011
3292,0.0008
3293,0.0005
3294,0.0003
3295,0.0001
3296,0.0
3297,0.0
3298,0.0022
3299,0.0085
3300,0.0208
3301,0.0378
3302,0.0565
3303,0.072
3304,0.0834
3305,0.0943
3306,0.1041
3307,0.1124
3308,0.1122
3309,0.1028
3310,0.0962
3311,0.0961
3312,0.1027
3313,0.1144
3314,0.134
3315,0.1454
3316,0.15
3317,0.154
3318,0.1587
3319,0.1684
3320,0.1814
3321,0.1815
3322,0.1828
3323,0.1896
3324,0.1987
3325,0.2017
3326,0.1979
3327,0.1984
3328,0.2077
3329,0.2293
3330,0.2661
3331,0.3053
3332,0.3254
3333,0.3393
3334,0.3338
3335,0.3179
3336,0.2961
3337,0.2692
3338,0.2531
3339,0.2429
3340,0.2463
3341,0.2547
3342,0.2612
3343,0.2633
3344,0.2661
3345,0.2741
3346,0.2794
3347,0.285
3348,0.2791
3349,0.2536
3350,0.2116
3351,0.1785
3352,0.1563
3353,0.1468
3354,0.1512
3355,0.167
3356,0.1882
3357,0.1912
3358,0.1977
3359,0.2092
3360,0.2301
3361,0.2466
3362,0.2546
3363,0.2543
3364,0.253
3365,0.2325
3366,0.2152
3367,0.1997
3368,0.1912
3369,0.1953
3370,0.2001
3371,0.1855
3372,0.1623
3373,0.141
3374,0.1198
3375,0.0933
3376,0.0671
3377,0.0459
3378,0.0267
3379,0.0124
3380,0.004
3381,0.0008
3382,0.0001
3383,0.0002
3384,0.0022
3385,0.0082
3386,0.0185
3387,0.0278
3388,0.0345
3389,0.0439
3390,0.0445
3391,0.0434
3392,0.0458
3393,0.0525
3394,0.0632
3395,0.0699
3396,0.0581
3397,0.0352
3398,0.0126
3399,0.002
3400,0.0
3401,0.0001
3402,0.0075
3403,0.0251
3404,0.0503
3405,0.079
3406,0.1034
3407,0.1226
3408,0.1266
3409,0.1237
3410,0.1221
3411,0.1202
3412,0.1205
3413,0.1189
3414,0.1094
3415,0.0988
3416,0.0877
3417,0.0804
3418,0.0728
3419,0.0657
3420,0.06
3421,0.0568
3422,0.0582
3423,0.0561
3424,0.0534
3425,0.0616
3426,0.0854
3427,0.1253
3428,0.1696
3429,0.2122
3430,0.2344
3431,0.2245
3432,0.2038
3433,0.1828
3434,0.1586
3435,0.1423
3436,0.1217
3437,0.0921
3438,0.0734
3439,0.0708
3440,0.0783
3441,0.0816
3442,0.0786
3443,0.0668
3444,0.0525
3445,0.0375
3446,0.0227
3447,0.0142
3448,0.0104
3449,0.0101
3450,0.0122
3451,0.0135
3452,0.0121
3453,0.0094
3454,0.0071
3455,0.0053
3456,0.0039
3457,0.0033
3458,0.003
3459,0.0021
3460,0.0009
3461,0.0002
3462,0.0
3463,0.0009
3464,0.0035
3465,0.0059
3466,0.0082
3467,0.0151
3468,0.0237
3469,0.0242
3470,0.0161
3471,0.0086
3472,0.0039
3473,0.006
3474,0.0144
3475,0.0429
3476,0.0955
3477,0.1657
3478,0.2291
3479,0.2547
3480,0.2719
3481,0.2818
3482,0.2891
3483,0.298
3484,0.3034
3485,0.314
3486,0.3132
3487,0.3535
3488,0.4347
3489,0.522
3490,0.5958
3491,0.6476
3492,0.6804
3493,0.681
3494,0.7021
3495,0.7338
3496,0.7471
3497,0.7457
3498,0.7381
3499,0.7018
3500,0.6059
3501,0.4249
3502,0.2716
3503,0.2207
3504,0.1601
3505,0.135
3506,0.105
3507,0.08
3508,0.0846
3509,0.1001
3510,0.1091
3511,0.1187
3512,0.1491
3513,0.1787
3514,0.2045
3515,0.2258
3516,0.2311
3517,0.2393
3518,0.2636
3519,0.2935
3520,0.2992
3521,0.2758
3522,0.2536
3523,0.2039
3524,0.1472
3525,0.0942
3526,0.0595
3527,0.0314
3528,0.0197
3529,0.0138
3530,0.0113
3531,0.0101
3532,0.0101
3533,0.0111
3534,0.0129
3535,0.0171
3536,0.0281
3537,0.0514
3538,0.0781
3539,0.0927
3540,0.0953
3541,0.097
3542,0.0966
3543,0.101
3544,0.1074
3545,0.1086
3546,0.1035
3547,0.0955
3548,0.084
3549,0.0693
3550,0.0536
3551,0.0369
3552,0.0202
3553,0.0106
3554,0.0096
3555,0.0157
3556,0.0274
3557,0.0393
3558,0.0524
3559,0.0614
3560,0.0672
3561,0.0647
3562,0.066
3563,0.0778
3564,0.1028
3565,0.1567
3566,0.2372
3567,0.32
3568,0.3831
3569,0.4037
3570,0.3645
3571,0.3509
3572,0.4474
3573,0.566
3574,0.6341
3575,0.6293
3576,0.5862
3577,0.5315
3578,0.5159
3579,0.469
3580,0.4274
3581,0.4103
3582,0.4226
3583,0.4406
3584,0.4346
3585,0.4386
3586,0.4671
3587,0.4988
3588,0.5312
3589,0.5658
3590,0.603
3591,0.6121
3592,0.5804
3593,0.5727
3594,0.5792
3595,0.5622
3596,0.5246
3597,0.4728
3598,0.4246
3599,0.3711
3600,0.306
3601,0.2686
3602,0.251
3603,0.2169
3604,0.1961
3605,0.1709
3606,0.1545
3607,0.1662
3608,0.1799
3609,0.183
3610,0.1827
3611,0.1901
3612,0.2047
3613,0.2211
3614,0.2277
3615,0.2295
3616,0.2326
3617,0.2265
3618,0.2061
3619,0.1931
3620,0.1853
3621,0.176
3622,0.1632
3623,0.1658
3624,0.1505
3625,0.1196
3626,0.0992
3627,0.085
3628,0.072
3629,0.0575
3630,0.0443
3631,0.0311
3632,0.019
3633,0.0091
3634,0.0052
3635,0.0041
3636,0.0041
3637,0.0028
3638,0.0007
3639,0.0
3640,0.0
3641,0.0001
3642,0.0026
3643,0.0148
3644,0.042
3645,0.0781
3646,0.1214
3647,0.1693
3648,0.2121
3649,0.2493
3650,0.2791
3651,0.306
3652,0.3166
3653,0.2969
3654,0.2873
3655,0.327
3656,0.36
3657,0.4047
3658,0.4537
3659,0.4681
3660,0.4787
3661,0.5206
3662,0.5522
3663,0.5713
3664,0.5456
3665,0.4773
3666,0.3813
3667,0.3705
3668,0.3987
3669,0.4272
3670,0.3983
3671,0.2524
3672,0.2433
3673,0.2197
3674,0.1781
3675,0.1676
3676,0.1403
3677,0.1337
3678,0.1509
3679,0.1444
3680,0.1338
3681,0.1085
3682,0.12
3683,0.1787
3684,0.2191
3685,0.2313
3686,0.2239
3687,0.2348
3688,0.2233
3689,0.2099
3690,0.1992
3691,0.1876
3692,0.1754
3693,0.1625
3694,0.1535
3695,0.1438
3696,0.125
3697,0.0975
3698,0.0745
3699,0.0562
3700,0.0452
3701,0.0383
3702,0.04
3703,0.0682
3704,0.1279
3705,0.2072
3706,0.262
3707,0.3247
3708,0.4086
3709,0.4537
3710,0.3497
3711,0.2345
3712,0.2289
3713,0.2484
3714,0.3197
3715,0.425
3716,0.5206
3717,0.4162
3718,0.3283
3719,0.2875
3720,0.2572
3721,0.233
3722,0.2434
3723,0.2986
3724,0.2681
3725,0.2825
3726,0.2941
3727,0.2631
3728,0.2161
3729,0.1686
3730,0.091
3731,0.0332
3732,0.032
3733,0.0706
3734,0.0906
3735,0.1003
3736,0.1123
3737,0.1326
3738,0.1164
3739,0.102
3740,0.1077
3741,0.1095
3742,0.2136
3743,0.1734
3744,0.2049
3745,0.2469
3746,0.2852
3747,0.3596
3748,0.3967
3749,0.4508
3750,0.4792
3751,0.4725
3752,0.442
3753,0.34
3754,0.2545
3755,0.198
3756,0.1669
3757,0.141
3758,0.1114
3759,0.0779
3760,0.0459
3761,0.0166
3762,0.0048
3763,0.0232
3764,0.0665
3765,0.1093
3766,0.1419
3767,0.1695
3768,0.1839
3769,0.2024
3770,0.2396
3771,0.2781
3772,0.3297
3773,0.3477
3774,0.3856
3775,0.4894
3776,0.5891
3777,0.6566
3778,0.6564
3779,0.5813
3780,0.4952
3781,0.4813
3782,0.4682
3783,0.3555
3784,0.4023
3785,0.5678
3786,0.6735
3787,0.7765
3788,0.7845
3789,0.7899
3790,0.8174
3791,0.8724
3792,0.884
3793,0.8694
3794,0.8759
3795,0.9011
3796,0.9145
3797,0.9344
3798,0.9555
3799,0.9666
3800,0.9683
3801,0.9657
3802,0.96
3803,0.9466
3804,0.9238
3805,0.9188
3806,0.9251
3807,0.9184
3808,0.8965
3809,0.8668
3810,0.8187
3811,0.7722
3812,0.7075
3813,0.6427
3814,0.5565
3815,0.4597
3816,0.3564
3817,0.2632
3818,0.1973
3819,0.1609
3820,0.1318
3821,0.1025
3822,0.0865
3823,0.0789
3824,0.0691
3825,0.0492
3826,0.027
3827,0.0085
3828,0.0007
3829,0.0
3830,0.0
3831,0.0
3832,0.0068
3833,0.0439
3834,0.0829
3835,0.1216
3836,0.1572
3837,0.1803
3838,0.1869
3839,0.187
3840,0.1746
3841,0.173
3842,0.2013
3843,0.232
3844,0.2385
3845,0.238
3846,0.2316
3847,0.2107
3848,0.2073
3849,0.2198
3850,0.2149
3851,0.1896
3852,0.1532
3853,0.1006
3854,0.0581
3855,0.0113
3856,0.0016
3857,0.0038
3858,0.0372
3859,0.0722
3860,0.1075
3861,0.1425
3862,0.1601
3863,0.1678
3864,0.1518
3865,0.1268
3866,0.1081
3867,0.0881
3868,0.0721
3869,0.0672
3870,0.0631
3871,0.0642
3872,0.0772
3873,0.0853
3874,0.0813
3875,0.0703
3876,0.0549
3877,0.0382
3878,0.0154
3879,0.0054
3880,0.0009
3881,0.0004
3882,0.0
3883,0.0
3884,0.0017
3885,0.0071
3886,0.016
3887,0.0239
3888,0.0353
3889,0.0581
3890,0.0714
3891,0.0715
3892,0.0719
3893,0.052
3894,0.0055
3895,0.0
3896,0.0052
3897,0.0167
3898,0.0194
3899,0.0284
3900,0.0327
3901,0.0331
3902,0.007
3903,0.0
3904,0.0
3905,0.0
3906,0.0024
3907,0.0104
3908,0.0257
3909,0.0603
3910,0.1209
3911,0.2077
3912,0.2789
3913,0.3452
3914,0.4126
3915,0.4665
3916,0.5129
3917,0.5389
3918,0.5429
3919,0.5737
3920,0.6184
3921,0.6297
3922,0.6136
3923,0.5896
3924,0.5333
3925,0.4492
3926,0.3929
3927,0.384
3928,0.3561
3929,0.3331
3930,0.3385
3931,0.3564
3932,0.3695
3933,0.3656
3934,0.332
3935,0.2868
3936,0.2626
3937,0.2355
3938,0.2011
3939,0.2306
3940,0.2065
3941,0.141
3942,0.1266
3943,0.1189
3944,0.1343
3945,0.1478
3946,0.154
3947,0.1946
3948,0.2155
3949,0.2072
3950,0.1585
3951,0.1029
3952,0.0538
3953,0.0233
3954,0.0081
3955,0.0089
3956,0.0239
3957,0.037
3958,0.0557
3959,0.0887
3960,0.1028
3961,0.0925
3962,0.0774
3963,0.0568
3964,0.0431
3965,0.0255
3966,0.0077
3967,0.002
3968,0.0004
3969,0.0006
3970,0.0074
3971,0.0277
3972,0.0593
3973,0.1144
3974,0.1857
3975,0.2194
3976,0.2102
3977,0.1717
3978,0.1252
3979,0.1035
3980,0.1144
3981,0.1597
3982,0.2107
3983,0.2506
3984,0.2718
3985,0.293
3986,0.3218
3987,0.2927
3988,0.3024
3989,0.287
3990,0.2784
3991,0.273
3992,0.2703
3993,0.2698
3994,0.281
3995,0.2889
3996,0.3059
3997,0.3454
3998,0.3744
3999,0.3766
4000,0.3443
4001,0.2866
4002,0.2257
4003,0.1892
4004,0.1589
4005,0.136
4006,0.1157
4007,0.1019
4008,0.0987
4009,0.1066
4010,0.1287
4011,0.1474
4012,0.1505
4013,0.1235
4014,0.0939
4015,0.0822
4016,0.0822
4017,0.0885
4018,0.0929
4019,0.0923
4020,0.0893
4021,0.0888
4022,0.082
4023,0.0739
4024,0.0698
4025,0.0677
4026,0.0554
4027,0.0384
4028,0.0232
4029,0.018
4030,0.0201
4031,0.0239
4032,0.0242
4033,0.0171
4034,0.007
4035,0.0025
4036,0.0003
4037,0.0
4038,0.0
4039,0.0
4040,0.0
4041,0.0
4042,0.0
4043,0.0
4044,0.0
4045,0.0083
4046,0.0458
4047,0.1171
4048,0.1962
4049,0.2317
4050,0.2254
4051,0.2201
4052,0.252
4053,0.293
4054,0.2864
4055,0.2449
4056,0.2111
4057,0.1774
4058,0.1455
4059,0.1175
4060,0.082
4061,0.0417
4062,0.0177
4063,0.0237
4064,0.0824
4065,0.1666
4066,0.2238
4067,0.3068
4068,0.2908
4069,0.2494
4070,0.2251
4071,0.1623
4072,0.1011
4073,0.0599
4074,0.032
4075,0.0175
4076,0.017
4077,0.0367
4078,0.073
4079,0.11
4080,0.1402
4081,0.1718
4082,0.2053
4083,0.2207
4084,0.2248
4085,0.2139
4086,0.2044
4087,0.1966
4088,0.1935
4089,0.1939
4090,0.2153
4091,0.2344
4092,0.2318
4093,0.2257
4094,0.2299
4095,0.2462
4096,0.2768
4097,0.3079
4098,0.3295
4099,0.3519
4100,0.3846
4101,0.4063
4102,0.3701
4103,0.3139
4104,0.2661
4105,0.2313
4106,0.201
4107,0.187
4108,0.1741
4109,0.1672
4110,0.1663
4111,0.1808
4112,0.1991
4113,0.1917
4114,0.1604
4115,0.1184
4116,0.0786
4117,0.0486
4118,0.0265
4119,0.0113
4120,0.0031
4121,0.001
4122,0.001
4123,0.0036
4124,0.0092
4125,0.0167
4126,0.026
4127,0.0351
4128,0.042
4129,0.0496
4130,0.0584
4131,0.0646
4132,0.0662
4133,0.0622
4134,0.0604
4135,0.0533
4136,0.0515
4137,0.0589
4138,0.0709
4139,0.0781
4140,0.0902
4141,0.1275
4142,0.1876
4143,0.2557
4144,0.3043
4145,0.3314
4146,0.3403
4147,0.3424
4148,0.3291
4149,0.314
4150,0.2857
4151,0.2379
4152,0.1923
4153,0.1807
4154,0.1867
4155,0.1747
4156,0.1365
4157,0.1027
4158,0.0921
4159,0.1018
4160,0.1171
4161,0.1311
4162,0.126
4163,0.1077
4164,0.0942
4165,0.0832
4166,0.0751
4167,0.0777
4168,0.0835
4169,0.0877
4170,0.1009
4171,0.1267
4172,0.1365
4173,0.152
4174,0.1845
4175,0.2105
4176,0.2447
4177,0.2902
4178,0.3358
4179,0.3644
4180,0.3479
4181,0.3052
4182,0.2651
4183,0.2343
4184,0.2077
4185,0.1873
4186,0.1507
4187,0.0977
4188,0.0437
4189,0.02
4190,0.0286
4191,0.0743
4192,0.1567
4193,0.3027
4194,0.3205
4195,0.174
4196,0.1434
4197,0.1454
4198,0.1312
4199,0.1376
4200,0.1629
4201,0.1997
4202,0.2346
4203,0.2854
4204,0.3364
4205,0.3023
4206,0.2575
4207,0.1737
4208,0.0699
4209,0.0297
4210,0.0151
4211,0.0212
4212,0.0432
4213,0.0756
4214,0.1052
4215,0.128
4216,0.1418
4217,0.1407
4218,0.1345
4219,0.1474
4220,0.1705
4221,0.194
4222,0.2066
4223,0.1995
4224,0.1842
4225,0.1723
4226,0.1691
4227,0.1716
4228,0.1727
4229,0.1718
4230,0.1744
4231,0.1846
4232,0.2112
4233,0.243
4234,0.2768
4235,0.3234
4236,0.385
4237,0.438
4238,0.4688
4239,0.4849
4240,0.4957
4241,0.5045
4242,0.5045
4243,0.4989
4244,0.5022
4245,0.5096
4246,0.5089
4247,0.491
4248,0.4781
4249,0.4861
4250,0.498
4251,0.4951
4252,0.4847
4253,0.4603
4254,0.4166
4255,0.3642
4256,0.3341
4257,0.3296
4258,0.3407
4259,0.3565
4260,0.3795
4261,0.4067
4262,0.4201
4263,0.4262
4264,0.4357
4265,0.4493
4266,0.464
4267,0.48
4268,0.4766
4269,0.4493
4270,0.4112
4271,0.3738
4272,0.3479
4273,0.3272
4274,0.3076
4275,0.292
4276,0.2792
4277,0.2674
4278,0.2429
4279,0.2184
4280,0.1886
4281,0.1616
4282,0.138
4283,0.1268
4284,0.1353
4285,0.1613
4286,0.1945
4287,0.2246
4288,0.2413
4289,0.2466
4290,0.2629
4291,0.295
4292,0.3342
4293,0.359
4294,0.3602
4295,0.3404
4296,0.311
4297,0.2787
4298,0.2468
4299,0.2215
4300,0.1904
4301,0.1433
4302,0.1072
4303,0.0889
4304,0.082
4305,0.0851
4306,0.089
4307,0.0899
4308,0.0872
4309,0.0884
4310,0.0908
4311,0.1069
4312,0.1382
4313,0.1763
4314,0.2167
4315,0.2547
4316,0.2891
4317,0.348
4318,0.4359
4319,0.5139
4320,0.5303
4321,0.4884
4322,0.4583
4323,0.463
4324,0.4708
4325,0.437
4326,0.3693
4327,0.2828
4328,0.1956
4329,0.1333
4330,0.1013
4331,0.1126
4332,0.1068
4333,0.069
4334,0.0721
4335,0.1055
4336,0.1781
4337,0.2516
4338,0.3487
4339,0.4322
4340,0.458
4341,0.4136
4342,0.3485
4343,0.3219
4344,0.3009
4345,0.2536
4346,0.2224
4347,0.2365
4348,0.2399
4349,0.2648
4350,0.2993
4351,0.2898
4352,0.2775
4353,0.2478
4354,0.2112
4355,0.1898
4356,0.1699
4357,0.1406
4358,0.1037
4359,0.0757
4360,0.0595
4361,0.0511
4362,0.0536
4363,0.0611
4364,0.0727
4365,0.083
4366,0.1039
4367,0.1351
4368,0.1459
4369,0.1259
4370,0.087
4371,0.0598
4372,0.0439
4373,0.0298
4374,0.0198
4375,0.0166
4376,0.0158
4377,0.0174
4378,0.0221
4379,0.0332
4380,0.0467
4381,0.06
4382,0.0744
4383,0.0943
4384,0.1191
4385,0.1474
4386,0.1808
4387,0.2167
4388,0.2281
4389,0.2208
4390,0.2113
4391,0.1942
4392,0.1754
4393,0.16
4394,0.1499
4395,0.1376
4396,0.1301
4397,0.1327
4398,0.1375
4399,0.1444
4400,0.1511
4401,0.164
4402,0.1747
4403,0.1811
4404,0.1886
4405,0.1974
4406,0.2117
4407,0.2265
4408,0.2398
4409,0.2497
4410,0.2524
4411,0.2532
4412,0.2325
4413,0.2023
4414,0.1703
4415,0.1415
4416,0.1251
4417,0.1141
4418,0.1049
4419,0.0942
4420,0.0794
4421,0.0585
4422,0.0302
4423,0.0123
4424,0.0034
4425,0.0011
4426,0.0001
4427,0.0
4428,0.0
4429,0.0
4430,0.0
4431,0.0002
4432,0.0006
4433,0.0029
4434,0.0021
4435,0.0012
4436,0.0028
4437,0.0112
4438,0.0255
4439,0.0444
4440,0.0702
4441,0.0952
4442,0.1145
4443,0.1105
4444,0.0895
4445,0.0651
4446,0.0444
4447,0.0346
4448,0.0329
4449,0.0355
4450,0.039
4451,0.0434
4452,0.0426
4453,0.0325
4454,0.0172
4455,0.006
4456,0.0009
4457,0.0003
4458,0.0014
4459,0.0103
4460,0.0293
4461,0.0585
4462,0.0988
4463,0.1484
4464,0.1825
4465,0.1865
4466,0.163
4467,0.1327
4468,0.1007
4469,0.0701
4470,0.0535
4471,0.0553
4472,0.0608
4473,0.063
4474,0.0589
4475,0.0575
4476,0.0555
4477,0.0542
4478,0.0579
4479,0.063
4480,0.0721
4481,0.0885
4482,0.1112
4483,0.1284
4484,0.1274
4485,0.1145
4486,0.1037
4487,0.0952
4488,0.0868
4489,0.0801
4490,0.0791
4491,0.0802
4492,0.0738
4493,0.0602
4494,0.0489
4495,0.0457
4496,0.0501
4497,0.0614
4498,0.0754
4499,0.0865
4500,0.0952
4501,0.1006
4502,0.1095
4503,0.1197
4504,0.1363
4505,0.1451
4506,0.1368
4507,0.1186
4508,0.0947
4509,0.0692
4510,0.0488
4511,0.0343
4512,0.0228
4513,0.0164
4514,0.0226
4515,0.0444
4516,0.0741
4517,0.0969
4518,0.097
4519,0.0909
4520,0.0953
4521,0.1078
4522,0.1247
4523,0.1283
4524,0.1201
4525,0.1164
4526,0.1324
4527,0.14
4528,0.1377
4529,0.1377
4530,0.1334
4531,0.1079
4532,0.0804
4533,0.0663
4534,0.0577
4535,0.0405
4536,0.0331
4537,0.0313
4538,0.0255
4539,0.0181
4540,0.0134
4541,0.007
4542,0.0018
4543,0.0003
4544,0.0
4545,0.0
4546,0.0
4547,0.0
4548,0.0001
4549,0.0025
4550,0.0059
4551,0.0065
4552,0.0046
4553,0.0036
4554,0.0035
4555,0.0049
4556,0.0064
4557,0.0087
4558,0.0123
4559,0.0154
4560,0.0179
4561,0.0247
4562,0.0337
4563,0.0475
4564,0.0689
4565,0.0867
4566,0.0962
4567,0.0992
4568,0.1071
4569,0.1106
4570,0.1095
4571,0.1109
4572,0.1038
4573,0.0866
4574,0.0758
4575,0.0792
4576,0.0877
4577,0.0901
4578,0.1049
4579,0.1294
4580,0.1375
4581,0.1335
4582,0.1347
4583,0.1274
4584,0.1209
4585,0.1255
4586,0.1266
4587,0.134
4588,0.139
4589,0.132
4590,0.1023
4591,0.0863
4592,0.1079
4593,0.1174
4594,0.0971
4595,0.0798
4596,0.0687
4597,0.0572
4598,0.0484
4599,0.0453
4600,0.045
4601,0.0428
4602,0.0529
4603,0.0822
4604,0.1248
4605,0.1594
4606,0.1621
4607,0.15
4608,0.1243
4609,0.1105
4610,0.1065
4611,0.1223
4612,0.1395
4613,0.14
4614,0.1433
4615,0.1529
4616,0.1467
4617,0.1281
4618,0.1229
4619,0.1432
4620,0.1587
4621,0.1356
4622,0.1072
4623,0.0987
4624,0.0944
4625,0.0815
4626,0.0666
4627,0.0601
4628,0.069
4629,0.0908
4630,0.1191
4631,0.153
4632,0.2054
4633,0.242
4634,0.2731
4635,0.2993
4636,0.3032
4637,0.259
4638,0.2024
4639,0.18
4640,0.1723
4641,0.1764
4642,0.1849
4643,0.1788
4644,0.1773
4645,0.1882
4646,0.2018
4647,0.2102
4648,0.2067
4649,0.2002
4650,0.194
4651,0.1824
4652,0.1677
4653,0.1598
4654,0.1612
4655,0.1701
4656,0.1859
4657,0.206
4658,0.2254
4659,0.2335
4660,0.2303
4661,0.2213
4662,0.2105
4663,0.2121
4664,0.2188
4665,0.2291
4666,0.2281
4667,0.2244
4668,0.2278
4669,0.2303
4670,0.2434
4671,0.2595
4672,0.2753
4673,0.2797
4674,0.2814
4675,0.2617
4676,0.2184
4677,0.1807
4678,0.1643
4679,0.1562
4680,0.1513
4681,0.1437
4682,0.1316
4683,0.1153
4684,0.1033
4685,0.1027
4686,0.0988
4687,0.092
4688,0.0874
4689,0.0833
4690,0.083
4691,0.0865
4692,0.0931
4693,0.1015
4694,0.1071
4695,0.1069
4696,0.1046
4697,0.097
4698,0.0831
4699,0.0674
4700,0.0495
4701,0.035
4702,0.0242
4703,0.0187
4704,0.0167
4705,0.0169
4706,0.0168
4707,0.0131
4708,0.008
4709,0.0043
4710,0.0021
4711,0.0017
4712,0.0028
4713,0.0045
4714,0.0063
4715,0.0084
4716,0.0072
4717,0.0038
4718,0.0017
4719,0.0006
4720,0.0002
4721,0.0
4722,0.0
4723,0.0
4724,0.0
4725,0.0
4726,0.0
4727,0.0
4728,0.0
4729,0.0
4730,0.0001
4731,0.0014
4732,0.0083
4733,0.0212
4734,0.0321
4735,0.0344
4736,0.029
4737,0.022
4738,0.0155
4739,0.0094
4740,0.0053
4741,0.0021
4742,0.0003
4743,0.0
4744,0.0
4745,0.0
4746,0.0005
4747,0.0015
4748,0.0053
4749,0.0131
4750,0.0296
4751,0.0642
4752,0.1108
4753,0.1328
4754,0.1623
4755,0.191
4756,0.1896
4757,0.1941
4758,0.2198
4759,0.2466
4760,0.2729
4761,0.2992
4762,0.3216
4763,0.3385
4764,0.3514
4765,0.3648
4766,0.3847
4767,0.3992
4768,0.4102
4769,0.3838
4770,0.3257
4771,0.2867
4772,0.241
4773,0.2101
4774,0.1754
4775,0.1454
4776,0.1226
4777,0.1049
4778,0.088
4779,0.0755
4780,0.0659
4781,0.0577
4782,0.0519
4783,0.0495
4784,0.0613
4785,0.0814
4786,0.1079
4787,0.1244
4788,0.1444
4789,0.1754
4790,0.2049
4791,0.2011
4792,0.1814
4793,0.158
4794,0.1516
4795,0.1548
4796,0.1593
4797,0.1604
4798,0.1362
4799,0.1242
4800,0.1483
4801,0.1642
4802,0.2067
4803,0.3171
4804,0.3964
4805,0.4425
4806,0.3966
4807,0.3189
4808,0.2955
4809,0.3609
4810,0.4472
4811,0.5163
4812,0.5851
4813,0.619
4814,0.6345
4815,0.6511
4816,0.6695
4817,0.653
4818,0.6511
4819,0.6486
4820,0.5678
4821,0.4897
4822,0.3565
4823,0.2301
4824,0.1563
4825,0.1206
4826,0.0968
4827,0.0805
4828,0.0568
4829,0.0354
4830,0.0304
4831,0.0286
4832,0.0327
4833,0.0434
4834,0.0677
4835,0.1003
4836,0.1169
4837,0.1197
4838,0.1125
4839,0.1034
4840,0.0953
4841,0.1047
4842,0.1176
4843,0.1298
4844,0.1475
4845,0.1658
4846,0.1696
4847,0.1716
4848,0.185
4849,0.2256
4850,0.2663
4851,0.3057
4852,0.3245
4853,0.3291
4854,0.3788
4855,0.4126
4856,0.4055
4857,0.381
4858,0.3573
4859,0.3352
4860,0.3213
4861,0.3093
4862,0.286
4863,0.2596
4864,0.2373
4865,0.2004
4866,0.1722
4867,0.1541
4868,0.1352
4869,0.117
4870,0.095
4871,0.0683
4872,0.0427
4873,0.0223
4874,0.0083
4875,0.0033
4876,0.0086
4877,0.0223
4878,0.0285
4879,0.0232
4880,0.0313
4881,0.0306
4882,0.0248
4883,0.0195
4884,0.0151
4885,0.0162
4886,0.0241
4887,0.035
4888,0.0463
4889,0.0493
4890,0.0578
4891,0.0793
4892,0.1152
4893,0.1888
4894,0.3275
4895,0.4686
4896,0.5322
4897,0.5252
4898,0.4925
4899,0.4416
4900,0.4157
4901,0.3932
4902,0.3533
4903,0.3036
4904,0.2556
4905,0.2163
4906,0.1915
4907,0.1817
4908,0.1929
4909,0.2183
4910,0.2334
4911,0.2394
4912,0.2469
4913,0.2293
4914,0.1911
4915,0.135
4916,0.0808
4917,0.0375
4918,0.0083
4919,0.0005
4920,0.0032
4921,0.0293
4922,0.0971
4923,0.1855
4924,0.2557
4925,0.2878
4926,0.3049
4927,0.3369
4928,0.3846
4929,0.3771
4930,0.3166
4931,0.2355
4932,0.1562
4933,0.1006
4934,0.0645
4935,0.0425
4936,0.0399
4937,0.0265
4938,0.0198
4939,0.0356
4940,0.0974
4941,0.2708
4942,0.5111
4943,0.6158
4944,0.601
4945,0.4991
4946,0.3551
4947,0.185
4948,0.0708
4949,0.0286
4950,0.0283
4951,0.0546
4952,0.0719
4953,0.109
4954,0.2121
4955,0.2905
4956,0.222
4957,0.1703
4958,0.1852
4959,0.2136
4960,0.2422
4961,0.2548
4962,0.2417
4963,0.2257
4964,0.215
4965,0.172
4966,0.1203
4967,0.0872
4968,0.0684
4969,0.0639
4970,0.0655
4971,0.0733
4972,0.1054
4973,0.1415
4974,0.1411
4975,0.1313
4976,0.1319
4977,0.1023
4978,0.0732
4979,0.0641
4980,0.0708
4981,0.0617
4982,0.0573
4983,0.0771
4984,0.1187
4985,0.1819
4986,0.2568
4987,0.3275
4988,0.3822
4989,0.408
4990,0.3828
4991,0.3338
4992,0.3068
4993,0.2895
4994,0.2964
4995,0.3034
4996,0.2963
4997,0.2878
4998,0.2729
4999,0.2614
5000,0.2617
5001,0.2658
5002,0.276
5003,0.2872
5004,0.3008
5005,0.3094
5006,0.3077
5007,0.2726
5008,0.2199
5009,0.1711
5010,0.1411
5011,0.1088
5012,0.1087
5013,0.1183
5014,0.1089
5015,0.0994
5016,0.0952
5017,0.0977
5018,0.1005
5019,0.1048
5020,0.1132
5021,0.1211
5022,0.1131
5023,0.1037
5024,0.1026
5025,0.0969
5026,0.0786
5027,0.0545
5028,0.0328
5029,0.0149
5030,0.0029
5031,0.0
5032,0.0024
5033,0.0264
5034,0.0776
5035,0.1472
5036,0.2153
5037,0.2727
5038,0.3148
5039,0.3332
5040,0.3432
5041,0.3469
5042,0.3332
5043,0.2937
5044,0.2268
5045,0.1622
5046,0.1269
5047,0.1437
5048,0.2177
5049,0.2673
5050,0.3076
5051,0.3583
5052,0.4243
5053,0.4711
5054,0.487
5055,0.4868
5056,0.4684
5057,0.47
5058,0.5059
5059,0.5495
5060,0.6199
5061,0.6747
5062,0.6917
5063,0.6875
5064,0.6711
5065,0.6532
5066,0.6482
5067,0.6476
5068,0.6551
5069,0.662
5070,0.6571
5071,0.6471
5072,0.6375
5073,0.6379
5074,0.6404
5075,0.6577
5076,0.6856
5077,0.709
5078,0.7118
5079,0.6949
5080,0.6696
5081,0.6344
5082,0.6033
5083,0.5743
5084,0.552
5085,0.5275
5086,0.4741
5087,0.4173
5088,0.3728
5089,0.3399
5090,0.3119
5091,0.2832
5092,0.2592
5093,0.2364
5094,0.2304
5095,0.2258
5096,0.2159
5097,0.1954
5098,0.1663
5099,0.1366
5100,0.1098
5101,0.0901
5102,0.0777
5103,0.0717
5104,0.0621
5105,0.0499
5106,0.0404
5107,0.037
5108,0.0414
5109,0.0518
5110,0.0657
5111,0.0868
5112,0.1065
5113,0.1239
5114,0.1414
5115,0.1633
5116,0.1837
5117,0.2002
5118,0.2094
5119,0.2213
5120,0.2427
5121,0.2754
5122,0.3162
5123,0.361
5124,0.3921
5125,0.4153
5126,0.434
5127,0.428
5128,0.4045
5129,0.3813
5130,0.3662
5131,0.3603
5132,0.3427
5133,0.2941
5134,0.2402
5135,0.198
5136,0.162
5137,0.1291
5138,0.0973
5139,0.0771
5140,0.062
5141,0.0458
5142,0.0311
5143,0.0222
5144,0.018
5145,0.016
5146,0.0142
5147,0.0155
5148,0.0195
5149,0.0192
5150,0.0148
5151,0.0113
5152,0.0093
5153,0.0077
5154,0.0091
5155,0.014
5156,0.0208
5157,0.0267
5158,0.0385
5159,0.0543
5160,0.0683
5161,0.0787
5162,0.0916
5163,0.1006
5164,0.1013
5165,0.0922
5166,0.0766
5167,0.0637
5168,0.0543
5169,0.0447
5170,0.032
5171,0.0196
5172,0.0088
5173,0.0031
5174,0.0024
5175,0.0049
5176,0.0077
5177,0.0078
5178,0.0114
5179,0.0195
5180,0.0356
5181,0.0623
5182,0.0882
5183,0.0925
5184,0.1023
5185,0.1228
5186,0.1478
5187,0.19
5188,0.2455
5189,0.2805
5190,0.3243
5191,0.3511
5192,0.3829
5193,0.4127
5194,0.4309
5195,0.4466
5196,0.4771
5197,0.4797
5198,0.4771
5199,0.4814
5200,0.4869
5201,0.4836
5202,0.4876
5203,0.4854
5204,0.5244
5205,0.5344
5206,0.505
5207,0.482
5208,0.4614
5209,0.4316
5210,0.3877
5211,0.3497
5212,0.3182
5213,0.2921
5214,0.2813
5215,0.279
5216,0.29
5217,0.3011
5218,0.3025
5219,0.3073
5220,0.3245
5221,0.3406
5222,0.356
5223,0.3713
5224,0.3762
5225,0.3755
5226,0.4005
5227,0.4445
5228,0.4812
5229,0.5103
5230,0.5338
5231,0.5403
5232,0.5326
5233,0.5175
5234,0.4991
5235,0.478
5236,0.4565
5237,0.4362
5238,0.4269
5239,0.4103
5240,0.4121
5241,0.4152
5242,0.4127
5243,0.4169
5244,0.4332
5245,0.4598
5246,0.4775
5247,0.4763
5248,0.4789
5249,0.4845
5250,0.4989
5251,0.5205
5252,0.5583
5253,0.5562
5254,0.5521
5255,0.5263
5256,0.484
5257,0.4199
5258,0.3567
5259,0.303
5260,0.2648
5261,0.2513
5262,0.2414
5263,0.221
5264,0.2086
5265,0.2009
5266,0.1909
5267,0.1775
5268,0.1471
5269,0.1131
5270,0.0699
5271,0.0346
5272,0.008
5273,0.0
5274,0.0031
5275,0.0382
5276,0.0991
5277,0.1838
5278,0.2765
5279,0.3495
5280,0.3787
5281,0.388
5282,0.3896
5283,0.3834
5284,0.4019
5285,0.381
5286,0.3487
5287,0.3086
5288,0.2909
5289,0.2806
5290,0.2084
5291,0.1647
5292,0.2749
5293,0.3364
5294,0.3501
5295,0.4066
5296,0.4341
5297,0.4382
5298,0.4913
5299,0.6141
5300,0.7029
5301,0.6806
5302,0.6617
5303,0.6888
5304,0.7322
5305,0.7708
5306,0.8201
5307,0.9091
5308,0.9273
5309,0.9417
5310,0.9493
5311,0.9515
5312,0.9544
5313,0.9588
5314,0.9627
5315,0.9661
5316,0.9686
5317,0.9693
5318,0.9698
5319,0.9683
5320,0.9629
5321,0.9529
5322,0.9424
5323,0.9239
5324,0.8961
5325,0.8778
5326,0.8575
5327,0.8232
5328,0.7732
5329,0.7511
5330,0.7377
5331,0.7279
5332,0.7151
5333,0.6961
5334,0.6867
5335,0.6807
5336,0.658
5337,0.6493
5338,0.632
5339,0.6096
5340,0.6401
5341,0.6586
5342,0.6598
5343,0.6526
5344,0.6621
5345,0.6664
5346,0.6703
5347,0.6493
5348,0.6052
5349,0.5792
5350,0.5738
5351,0.5518
5352,0.5268
5353,0.4929
5354,0.4513
5355,0.3863
5356,0.3104
5357,0.256
5358,0.2088
5359,0.1595
5360,0.1274
5361,0.1101
5362,0.1055
5363,0.1174
5364,0.1302
5365,0.1326
5366,0.1187
5367,0.0907
5368,0.0717
5369,0.0631
5370,0.0628
5371,0.073
5372,0.0887
5373,0.101
5374,0.1072
5375,0.1246
5376,0.1435
5377,0.1626
5378,0.1643
5379,0.1601
5380,0.1529
5381,0.147
5382,0.1523
5383,0.1804
5384,0.2163
5385,0.2407
5386,0.2652
5387,0.2761
5388,0.2605
5389,0.2222
5390,0.1897
5391,0.1625
5392,0.1344
5393,0.1198
5394,0.1319
5395,0.1709
5396,0.2308
5397,0.3055
5398,0.3597
5399,0.3776
5400,0.3672
5401,0.3426
5402,0.3026
5403,0.2552
5404,0.2258
5405,0.2233
5406,0.2024
5407,0.1829
5408,0.2031
5409,0.2414
5410,0.2926
5411,0.3269
5412,0.3509
5413,0.3793
5414,0.4068
5415,0.4344
5416,0.4426
5417,0.4196
5418,0.4551
5419,0.5139
5420,0.5662
5421,0.6106
5422,0.6293
5423,0.6132
5424,0.5513
5425,0.5221
5426,0.5261
5427,0.5032
5428,0.4966
5429,0.5283
5430,0.5744
5431,0.5427
5432,0.5091
5433,0.501
5434,0.5125
5435,0.5159
5436,0.4995
5437,0.4723
5438,0.4192
5439,0.3569
5440,0.287
5441,0.2539
5442,0.2658
5443,0.2707
5444,0.2171
5445,0.1368
5446,0.0833
5447,0.0435
5448,0.0183
5449,0.0115
5450,0.0195
5451,0.0447
5452,0.0639
5453,0.0872
5454,0.1258
5455,0.1911
5456,0.2486
5457,0.2729
5458,0.3241
5459,0.3857
5460,0.4342
5461,0.438
5462,0.3683
5463,0.3178
5464,0.2758
5465,0.2511
5466,0.2493
5467,0.2858
5468,0.3119
5469,0.3617
5470,0.5266
5471,0.7159
5472,0.78
5473,0.7816
5474,0.7331
5475,0.674
5476,0.6085
5477,0.5434
5478,0.5244
5479,0.5526
5480,0.545
5481,0.5272
5482,0.5186
5483,0.518
5484,0.4886
5485,0.4367
5486,0.3989
5487,0.413
5488,0.4504
5489,0.5235
5490,0.5649
5491,0.489
5492,0.4694
5493,0.4497
5494,0.4196
5495,0.3133
5496,0.2418
5497,0.1858
5498,0.1391
5499,0.1216
5500,0.1201
5501,0.1148
5502,0.1009
5503,0.0831
5504,0.0739
5505,0.0906
5506,0.1368
5507,0.2034
5508,0.2572
5509,0.3262
5510,0.3949
5511,0.4688
5512,0.5445
5513,0.6481
5514,0.7139
5515,0.7202
5516,0.7094
5517,0.686
5518,0.6647
5519,0.6392
5520,0.5961
5521,0.5321
5522,0.4963
5523,0.4834
5524,0.4775
5525,0.479
5526,0.5019
5527,0.5359
5528,0.5807
5529,0.614
5530,0.6318
5531,0.6479
5532,0.656
5533,0.6393
5534,0.6144
5535,0.5988
5536,0.6088
5537,0.6237
5538,0.6347
5539,0.6159
5540,0.5736
5541,0.5213
5542,0.4403
5543,0.3606
5544,0.2981
5545,0.2361
5546,0.1884
5547,0.1654
5548,0.1633
5549,0.1686
5550,0.1797
5551,0.191
5552,0.1976
5553,0.1946
5554,0.195
5555,0.2039
5556,0.2097
5557,0.1937
5558,0.1609
5559,0.1215
5560,0.0841
5561,0.0574
5562,0.0506
5563,0.0624
5564,0.0915
5565,0.1127
5566,0.109
5567,0.0918
5568,0.0674
5569,0.0435
5570,0.0252
5571,0.0155
5572,0.0124
5573,0.0117
5574,0.0116
5575,0.0135
5576,0.0181
5577,0.0261
5578,0.031
5579,0.0324
5580,0.0248
5581,0.0144
5582,0.0071
5583,0.0013
5584,0.0
5585,0.0
5586,0.0
5587,0.0
5588,0.0003
5589,0.0024
5590,0.0056
5591,0.0098
5592,0.0165
5593,0.0276
5594,0.0474
5595,0.0668
5596,0.0858
5597,0.0965
5598,0.1042
5599,0.1093
5600,0.1143
5601,0.1097
5602,0.1072
5603,0.1078
5604,0.1039
5605,0.0967
5606,0.0884
5607,0.0865
5608,0.0952
5609,0.1126
5610,0.1341
5611,0.1525
5612,0.1665
5613,0.1634
5614,0.1408
5615,0.1125
5616,0.0856
5617,0.0616
5618,0.044
5619,0.0319
5620,0.0246
5621,0.0207
5622,0.0155
5623,0.0081
5624,0.0077
5625,0.0122
5626,0.0118
5627,0.0087
5628,0.0037
5629,0.0009
5630,0.0016
5631,0.006
5632,0.019
5633,0.0405
5634,0.0701
5635,0.1068
5636,0.1477
5637,0.1892
5638,0.2166
5639,0.2185
5640,0.2025
5641,0.1743
5642,0.1384
5643,0.1057
5644,0.0838
5645,0.0632
5646,0.0466
5647,0.0346
5648,0.0293
5649,0.0334
5650,0.0414
5651,0.0374
5652,0.0288
5653,0.0177
5654,0.0081
5655,0.0026
5656,0.0016
5657,0.0016
5658,0.0016
5659,0.0072
5660,0.0173
5661,0.0333
5662,0.0527
5663,0.072
5664,0.0773
5665,0.0616
5666,0.0358
5667,0.015
5668,0.0045
5669,0.0009
5670,0.0001
5671,0.0
5672,0.0001
5673,0.0012
5674,0.0042
5675,0.0045
5676,0.0017
5677,0.0004
5678,0.0004
5679,0.0021
5680,0.0073
5681,0.0193
5682,0.0451
5683,0.0667
5684,0.0813
5685,0.0991
5686,0.1192
5687,0.1396
5688,0.146
5689,0.1337
5690,0.1048
5691,0.0729
5692,0.0464
5693,0.0293
5694,0.0198
5695,0.0133
5696,0.0101
5697,0.0132
5698,0.0133
5699,0.0063
5700,0.0007
5701,0.0
5702,0.0008
5703,0.0144
5704,0.0365
5705,0.0563
5706,0.0763
5707,0.0823
5708,0.0743
5709,0.0698
5710,0.0687
5711,0.072
5712,0.0774
5713,0.0823
5714,0.0812
5715,0.0735
5716,0.0614
5717,0.0432
5718,0.0237
5719,0.0088
5720,0.0055
5721,0.0098
5722,0.0146
5723,0.0124
5724,0.0068
5725,0.0029
5726,0.0019
5727,0.0045
5728,0.0065
5729,0.0053
5730,0.0054
5731,0.0058
5732,0.0099
5733,0.0175
5734,0.0435
5735,0.1027
5736,0.1727
5737,0.2207
5738,0.2293
5739,0.2099
5740,0.1827
5741,0.1648
5742,0.1528
5743,0.1463
5744,0.144
5745,0.1401
5746,0.14
5747,0.1375
5748,0.1321
5749,0.1308
5750,0.1432
5751,0.1573
5752,0.1692
5753,0.1816
5754,0.1963
5755,0.2213
5756,0.2504
5757,0.2615
5758,0.2854
5759,0.2759
5760,0.2245
5761,0.2665
5762,0.2612
5763,0.2511
5764,0.2263
5765,0.2089
5766,0.1814
5767,0.1295
5768,0.0938
5769,0.0801
5770,0.0786
5771,0.084
5772,0.0804
5773,0.0738
5774,0.0805
5775,0.0821
5776,0.0737
5777,0.0765
5778,0.1001
5779,0.1414
5780,0.1857
5781,0.2192
5782,0.2268
5783,0.2093
5784,0.1779
5785,0.1507
5786,0.136
5787,0.1229
5788,0.1135
5789,0.1045
5790,0.0984
5791,0.0993
5792,0.1058
5793,0.1155
5794,0.1209
5795,0.1211
5796,0.1231
5797,0.1163
5798,0.108
5799,0.1031
5800,0.0887
5801,0.0728
5802,0.0594
5803,0.0509
5804,0.0453
5805,0.0433
5806,0.0442
5807,0.0527
5808,0.064
5809,0.0731
5810,0.078
5811,0.0808
5812,0.0877
5813,0.0962
5814,0.0936
5815,0.0767
5816,0.0737
5817,0.1021
5818,0.1494
5819,0.1923
5820,0.2181
5821,0.2528
5822,0.3367
5823,0.4086
5824,0.445
5825,0.5327
5826,0.5356
5827,0.4725
5828,0.4035
5829,0.3277
5830,0.3048
5831,0.3119
5832,0.2927
5833,0.2561
5834,0.2178
5835,0.1877
5836,0.1633
5837,0.14
5838,0.1259
5839,0.1252
5840,0.1174
5841,0.1118
5842,0.1145
5843,0.1197
5844,0.1172
5845,0.1173
5846,0.1174
5847,0.105
5848,0.0912
5849,0.0796
5850,0.079
5851,0.095
5852,0.133
5853,0.1919
5854,0.2521
5855,0.2861
5856,0.2782
5857,0.2393
5858,0.1971
5859,0.1357
5860,0.1016
5861,0.0853
5862,0.0734
5863,0.0794
5864,0.1069
5865,0.1345
5866,0.1567
5867,0.1787
5868,0.2076
5869,0.2191
5870,0.2044
5871,0.2237
5872,0.2686
5873,0.3307
5874,0.4174
5875,0.4859
5876,0.5187
5877,0.5247
5878,0.5048
5879,0.4714
5880,0.4373
5881,0.4063
5882,0.3835
5883,0.3767
5884,0.3729
5885,0.3694
5886,0.3688
5887,0.3803
5888,0.3577
5889,0.3178
5890,0.2736
5891,0.2431
5892,0.218
5893,0.1917
5894,0.1645
5895,0.1461
5896,0.1488
5897,0.1726
5898,0.2259
5899,0.3117
5900,0.4188
5901,0.4844
5902,0.488
5903,0.4555
5904,0.4196
5905,0.3991
5906,0.4162
5907,0.4523
5908,0.514
5909,0.5896
5910,0.6464
5911,0.6944
5912,0.7144
5913,0.6889
5914,0.6145
5915,0.4984
5916,0.4144
5917,0.3782
5918,0.3225
5919,0.3079
5920,0.3365
5921,0.3813
5922,0.4495
5923,0.5199
5924,0.5833
5925,0.6442
5926,0.6769
5927,0.6973
5928,0.7047
5929,0.6949
5930,0.6993
5931,0.677
5932,0.6535
5933,0.6362
5934,0.6241
5935,0.6011
5936,0.5694
5937,0.5405
5938,0.4969
5939,0.4289
5940,0.3716
5941,0.3249
5942,0.2701
5943,0.2107
5944,0.1582
5945,0.1136
5946,0.08
5947,0.0531
5948,0.0392
5949,0.0389
5950,0.0596
5951,0.0939
5952,0.1084
5953,0.118
5954,0.1438
5955,0.1785
5956,0.2168
5957,0.2747
5958,0.3494
5959,0.4227
5960,0.499
5961,0.5738
5962,0.624
5963,0.6666
5964,0.6649
5965,0.5849
5966,0.5284
5967,0.5103
5968,0.4956
5969,0.4488
5970,0.3893
5971,0.3159
5972,0.2379
5973,0.1897
5974,0.1797
5975,0.19
5976,0.1985
5977,0.2052
5978,0.2068
5979,0.1992
5980,0.1956
5981,0.2028
5982,0.2142
5983,0.2247
5984,0.2299
5985,0.2486
5986,0.2723
5987,0.2921
5988,0.3346
5989,0.4112
5990,0.4897
5991,0.5345
5992,0.5477
5993,0.5432
5994,0.5346
5995,0.5013
5996,0.4681
5997,0.439
5998,0.4159
5999,0.3925
6000,0.359
6001,0.3338
6002,0.31
6003,0.2873
6004,0.2948
6005,0.2895
6006,0.2703
6007,0.2611
6008,0.2353
6009,0.2163
6010,0.2077
6011,0.1987
6012,0.1926
6013,0.1816
6014,0.1591
6015,0.1383
6016,0.1196
6017,0.0941
6018,0.0674
6019,0.0453
6020,0.0267
6021,0.0134
6022,0.0063
6023,0.0056
6024,0.0136
6025,0.032
6026,0.0488
6027,0.0538
6028,0.0535
6029,0.0586
6030,0.0674
6031,0.076
6032,0.0926
6033,0.1157
6034,0.1368
6035,0.1324
6036,0.1153
6037,0.0944
6038,0.0682
6039,0.0442
6040,0.0303
6041,0.0269
6042,0.0333
6043,0.0445
6044,0.0533
6045,0.0539
6046,0.0469
6047,0.0387
6048,0.0315
6049,0.0238
6050,0.0175
6051,0.016
6052,0.0142
6053,0.0094
6054,0.0051
6055,0.0001
6056,0.0
6057,0.0009
6058,0.0017
6059,0.0055
6060,0.0171
6061,0.0332
6062,0.0387
6063,0.037
6064,0.0453
6065,0.0452
6066,0.0389
6067,0.0313
6068,0.0481
6069,0.0911
6070,0.1607
6071,0.2328
6072,0.2795
6073,0.2986
6074,0.3122
6075,0.3404
6076,0.3887
6077,0.4264
6078,0.4748
6079,0.5566
6080,0.6516
6081,0.7146
6082,0.7504
6083,0.7705
6084,0.7707
6085,0.7572
6086,0.7312
6087,0.7141
6088,0.6722
6089,0.6354
6090,0.5929
6091,0.5615
6092,0.4915
6093,0.4022
6094,0.3025
6095,0.1778
6096,0.0983
6097,0.0707
6098,0.0682
6099,0.0689
6100,0.0792
6101,0.1077
6102,0.1415
6103,0.1795
6104,0.1957
6105,0.1994
6106,0.205
6107,0.22
6108,0.2353
6109,0.268
6110,0.3404
6111,0.4463
6112,0.5343
6113,0.6152
6114,0.6566
6115,0.6614
6116,0.6262
6117,0.5808
6118,0.5263
6119,0.4608
6120,0.4138
6121,0.3407
6122,0.2477
6123,0.2206
6124,0.1957
6125,0.1594
6126,0.1359
6127,0.1357
6128,0.1467
6129,0.1458
6130,0.13
6131,0.1132
6132,0.1076
6133,0.1156
6134,0.128
6135,0.1321
6136,0.1319
6137,0.1361
6138,0.147
6139,0.1431
6140,0.1281
6141,0.1171
6142,0.107
6143,0.0958
6144,0.093
6145,0.0979
6146,0.1034
6147,0.1036
6148,0.0961
6149,0.0874
6150,0.079
6151,0.0624
6152,0.0432
6153,0.0288
6154,0.018
6155,0.012
6156,0.0084
6157,0.0067
6158,0.0084
6159,0.0086
6160,0.0076
6161,0.0059
6162,0.0035
6163,0.0017
6164,0.0006
6165,0.0002
6166,0.0028
6167,0.0128
6168,0.0305
6169,0.0559
6170,0.0848
6171,0.1108
6172,0.1338
6173,0.1504
6174,0.1665
6175,0.1512
6176,0.1358
6177,0.1186
6178,0.1087
6179,0.0999
6180,0.0832
6181,0.0644
6182,0.0483
6183,0.034
6184,0.0167
6185,0.0061
6186,0.0021
6187,0.0007
6188,0.001
6189,0.008
6190,0.0132
6191,0.0137
6192,0.0119
6193,0.0069
6194,0.0037
6195,0.0018
6196,0.0015
6197,0.001
6198,0.0002
6199,0.0001
6200,0.0015
6201,0.0061
6202,0.0091
6203,0.0145
6204,0.0334
6205,0.0502
6206,0.0557
6207,0.0557
6208,0.0582
6209,0.062
6210,0.0685
6211,0.0698
6212,0.0731
6213,0.0896
6214,0.1017
6215,0.0922
6216,0.0769
6217,0.0677
6218,0.0595
6219,0.0577
6220,0.0745
6221,0.0935
6222,0.1094
6223,0.1434
6224,0.1807
6225,0.2073
6226,0.2221
6227,0.2359
6228,0.2534
6229,0.2731
6230,0.2996
6231,0.3117
6232,0.3091
6233,0.3272
6234,0.34
6235,0.3269
6236,0.2892
6237,0.2501
6238,0.2188
6239,0.1858
6240,0.1563
6241,0.1363
6242,0.1284
6243,0.1216
6244,0.1093
6245,0.1004
6246,0.1005
6247,0.1014
6248,0.0931
6249,0.093
6250,0.1046
6251,0.1203
6252,0.1379
6253,0.1559
6254,0.1645
6255,0.1675
6256,0.1818
6257,0.1968
6258,0.203
6259,0.1875
6260,0.1591
6261,0.1305
6262,0.107
6263,0.0889
6264,0.0759
6265,0.0664
6266,0.0584
6267,0.0463
6268,0.0368
6269,0.0383
6270,0.0354
6271,0.0376
6272,0.0388
6273,0.0331
6274,0.0286
6275,0.034
6276,0.0387
6277,0.0399
6278,0.0427
6279,0.0523
6280,0.0696
6281,0.0829
6282,0.0912
6283,0.0958
6284,0.0991
6285,0.1058
6286,0.116
6287,0.1236
6288,0.1212
6289,0.1101
6290,0.0979
6291,0.0861
6292,0.0775
6293,0.075
6294,0.0787
6295,0.0804
6296,0.0857
6297,0.0916
6298,0.0967
6299,0.1034
6300,0.1139
6301,0.1326
6302,0.1605
6303,0.1976
6304,0.238
6305,0.2981
6306,0.3765
6307,0.4347
6308,0.4653
6309,0.4768
6310,0.4503
6311,0.411
6312,0.3652
6313,0.3343
6314,0.3275
6315,0.335
6316,0.3401
6317,0.3405
6318,0.3296
6319,0.2994
6320,0.3044
6321,0.2686
6322,0.2604
6323,0.2635
6324,0.2617
6325,0.2424
6326,0.2276
6327,0.2184
6328,0.2041
6329,0.2043
6330,0.2387
6331,0.3284
6332,0.402
6333,0.4224
6334,0.4278
6335,0.41
6336,0.4232
6337,0.4479
6338,0.3991
6339,0.3303
6340,0.2816
6341,0.2643
6342,0.2504
6343,0.2398
6344,0.2526
6345,0.2859
6346,0.3308
6347,0.3481
6348,0.2865
6349,0.2261
6350,0.2088
6351,0.2789
6352,0.3446
6353,0.4054
6354,0.4066
6355,0.3368
6356,0.2695
6357,0.2265
6358,0.203
6359,0.1967
6360,0.2275
6361,0.2445
6362,0.1981
6363,0.233
6364,0.2669
6365,0.3074
6366,0.3013
6367,0.2568
6368,0.2399
6369,0.241
6370,0.2682
6371,0.2766
6372,0.2564
6373,0.2371
6374,0.2417
6375,0.232
6376,0.1767
6377,0.1268
6378,0.1367
6379,0.2227
6380,0.3109
6381,0.3518
6382,0.3206
6383,0.2948
6384,0.3376
6385,0.3533
6386,0.3533
6387,0.3962
6388,0.4265
6389,0.4388
6390,0.4622
6391,0.5195
6392,0.5925
6393,0.6726
6394,0.7682
6395,0.792
6396,0.7457
6397,0.6624
6398,0.6496
6399,0.6285
6400,0.5635
6401,0.5062
6402,0.4869
6403,0.4454
6404,0.4362
6405,0.4693
6406,0.5157
6407,0.5188
6408,0.5044
6409,0.487
6410,0.4712
6411,0.4529
6412,0.4619
6413,0.4885
6414,0.5151
6415,0.5496
6416,0.5617
6417,0.5714
6418,0.5448
6419,0.4987
6420,0.4689
6421,0.4801
6422,0.5258
6423,0.5397
6424,0.5709
6425,0.63
6426,0.6714
6427,0.6603
6428,0.6189
6429,0.5844
6430,0.5392
6431,0.4608
6432,0.3813
6433,0.3137
6434,0.2858
6435,0.3158
6436,0.3647
6437,0.4208
6438,0.4976
6439,0.5526
6440,0.5918
6441,0.6955
6442,0.6643
6443,0.6792
6444,0.7237
6445,0.767
6446,0.7763
6447,0.7486
6448,0.7078
6449,0.6731
6450,0.6629
6451,0.6583
6452,0.6171
6453,0.5784
6454,0.5603
6455,0.5226
6456,0.4783
6457,0.4645
6458,0.4654
6459,0.448
6460,0.4808
6461,0.5159
6462,0.5412
6463,0.5602
6464,0.5868
6465,0.6322
6466,0.6736
6467,0.7222
6468,0.7715
6469,0.8176
6470,0.845
6471,0.8633
6472,0.8931
6473,0.9078
6474,0.911
6475,0.8937
6476,0.8569
6477,0.8196
6478,0.7537
6479,0.6785
6480,0.6035
6481,0.5528
6482,0.5361
6483,0.5405
6484,0.5848
6485,0.6371
6486,0.6713
6487,0.7081
6488,0.7688
6489,0.8158
6490,0.8376
6491,0.8411
6492,0.8427
6493,0.8417
6494,0.8428
6495,0.8406
6496,0.8254
6497,0.7898
6498,0.7651
6499,0.7463
6500,0.6761
6501,0.5552
6502,0.4478
6503,0.4562
6504,0.5437
6505,0.6727
6506,0.7483
6507,0.7934
6508,0.8514
6509,0.8772
6510,0.8815
6511,0.8788
6512,0.8642
6513,0.8661
6514,0.8844
6515,0.9133
6516,0.9102
6517,0.8934
6518,0.8884
6519,0.8966
6520,0.8905
6521,0.8656
6522,0.8055
6523,0.7775
6524,0.8353
6525,0.9043
6526,0.9063
6527,0.8885
6528,0.8503
6529,0.8072
6530,0.7583
6531,0.6853
6532,0.5929
6533,0.508
6534,0.4312
6535,0.3376
6536,0.2825
6537,0.2298
6538,0.1787
6539,0.1638
6540,0.1527
6541,0.1485
6542,0.1681
6543,0.1951
6544,0.2122
6545,0.2437
6546,0.2584
6547,0.2949
6548,0.3854
6549,0.5346
6550,0.6505
6551,0.7482
6552,0.8058
6553,0.7884
6554,0.7037
6555,0.6005
6556,0.5134
6557,0.4776
6558,0.3784
6559,0.2895
6560,0.2451
6561,0.2504
6562,0.2818
6563,0.3378
6564,0.3867
6565,0.4042
6566,0.3788
6567,0.3042
6568,0.2055
6569,0.1439
6570,0.1154
6571,0.0725
6572,0.0576
6573,0.3621
6574,0.8181
6575,0.8459
6576,0.753
6577,0.6658
6578,0.6527
6579,0.6069
6580,0.5341
6581,0.4811
6582,0.4761
6583,0.5162
6584,0.5492
6585,0.5625
6586,0.5529
6587,0.5414
6588,0.544
6589,0.5307
6590,0.5197
6591,0.5002
6592,0.4709
6593,0.4751
6594,0.4982
6595,0.5224
6596,0.5303
6597,0.4963
6598,0.4279
6599,0.3573
6600,0.3007
6601,0.2734
6602,0.2598
6603,0.2492
6604,0.2311
6605,0.2202
6606,0.2096
6607,0.1748
6608,0.146
6609,0.1108
6610,0.0726
6611,0.0528
6612,0.0486
6613,0.0571
6614,0.0695
6615,0.0802
6616,0.0924
6617,0.1345
6618,0.2323
6619,0.3304
6620,0.3765
6621,0.4302
6622,0.4919
6623,0.5448
6624,0.5886
6625,0.6319
6626,0.6402
6627,0.5447
6628,0.4197
6629,0.5001
6630,0.7862
6631,0.811
6632,0.7683
6633,0.7044
6634,0.6475
6635,0.6005
6636,0.5492
6637,0.4851
6638,0.4193
6639,0.3375
6640,0.2657
6641,0.2107
6642,0.1809
6643,0.1587
6644,0.1434
6645,0.1627
6646,0.1946
6647,0.2117
6648,0.2059
6649,0.1814
6650,0.1607
6651,0.154
6652,0.1533
6653,0.1632
6654,0.172
6655,0.1627
6656,0.1575
6657,0.1388
6658,0.1099
6659,0.0907
6660,0.0861
6661,0.0859
6662,0.0873
6663,0.0959
6664,0.117
6665,0.1456
6666,0.1917
6667,0.2453
6668,0.2921
6669,0.3022
6670,0.2718
6671,0.2254
6672,0.1772
6673,0.1391
6674,0.1174
6675,0.1146
6676,0.1292
6677,0.1691
6678,0.2298
6679,0.293
6680,0.3557
6681,0.3508
6682,0.2699
6683,0.3441
6684,0.6886
6685,0.7583
6686,0.7605
6687,0.7202
6688,0.618
6689,0.395
6690,0.2295
6691,0.2368
6692,0.3563
6693,0.5239
6694,0.5759
6695,0.548
6696,0.4815
6697,0.3799
6698,0.2893
6699,0.232
6700,0.1843
6701,0.1252
6702,0.058
6703,0.021
6704,0.0173
6705,0.0175
6706,0.0259
6707,0.0443
6708,0.0631
6709,0.0833
6710,0.106
6711,0.1493
6712,0.2338
6713,0.3503
6714,0.4423
6715,0.5457
6716,0.6663
6717,0.7305
6718,0.7536
6719,0.7304
6720,0.6331
6721,0.4684
6722,0.3201
6723,0.275
6724,0.2826
6725,0.351
6726,0.4062
6727,0.4175
6728,0.3976
6729,0.3723
6730,0.3606
6731,0.3782
6732,0.4093
6733,0.448
6734,0.5101
6735,0.5932
6736,0.6628
6737,0.6998
6738,0.7257
6739,0.7464
6740,0.7599
6741,0.7511
6742,0.7152
6743,0.6782
6744,0.6312
6745,0.6125
6746,0.6031
6747,0.5877
6748,0.5646
6749,0.5608
6750,0.546
6751,0.4927
6752,0.4255
6753,0.4064
6754,0.4493
6755,0.4882
6756,0.5069
6757,0.5157
6758,0.5649
6759,0.5904
6760,0.5888
6761,0.5955
6762,0.6067
6763,0.6204
6764,0.6321
6765,0.6242
6766,0.5735
6767,0.5178
6768,0.4861
6769,0.4819
6770,0.4698
6771,0.4835
6772,0.5155
6773,0.5418
6774,0.5683
6775,0.5921
6776,0.6173
6777,0.6224
6778,0.6222
6779,0.6093
6780,0.5946
6781,0.5905
6782,0.6036
6783,0.6542
6784,0.7215
6785,0.7491
6786,0.7679
6787,0.789
6788,0.8069
6789,0.8023
6790,0.8193
6791,0.8246
6792,0.8213
6793,0.8178
6794,0.8107
6795,0.7987
6796,0.7786
6797,0.7698
6798,0.7857
6799,0.8117
6800,0.8454
6801,0.8767
6802,0.8916
6803,0.907
6804,0.9203
6805,0.9233
6806,0.9237
6807,0.9215
6808,0.923
6809,0.9099
6810,0.8873
6811,0.8605
6812,0.8386
6813,0.8005
6814,0.7475
6815,0.7257
6816,0.7202
6817,0.6178
6818,0.4907
6819,0.349
6820,0.2469
6821,0.1717
6822,0.1503
6823,0.1355
6824,0.1094
6825,0.0722
6826,0.0426
6827,0.0212
6828,0.0049
6829,0.0002
6830,0.0
6831,0.0
6832,0.0
6833,0.0
6834,0.0023
6835,0.0133
6836,0.0343
6837,0.0731
6838,0.127
6839,0.1608
6840,0.1711
6841,0.2466
6842,0.3149
6843,0.331
6844,0.3314
6845,0.2897
6846,0.2714
6847,0.2871
6848,0.3869
6849,0.4921
6850,0.537
6851,0.6443
6852,0.763
6853,0.7653
6854,0.7411
6855,0.7332
6856,0.7282
6857,0.6866
6858,0.6224
6859,0.5769
6860,0.5043
6861,0.3995
6862,0.3019
6863,0.1893
6864,0.1078
6865,0.0649
6866,0.0303
6867,0.005
6868,0.0022
6869,0.0044
6870,0.0267
6871,0.0936
6872,0.2068
6873,0.405
6874,0.5182
6875,0.5272
6876,0.4599
6877,0.341
6878,0.2697
6879,0.3158
6880,0.2728
6881,0.3376
6882,0.4012
6883,0.4995
6884,0.6833
6885,0.724
6886,0.6712
6887,0.5397
6888,0.4877
6889,0.4966
6890,0.4748
6891,0.4016
6892,0.3002
6893,0.3419
6894,0.3264
6895,0.1663
6896,0.096
6897,0.0931
6898,0.0936
6899,0.0427
6900,0.0645
6901,0.1049
6902,0.1148
6903,0.1204
6904,0.1913
6905,0.2498
6906,0.2776
6907,0.3211
6908,0.3405
6909,0.3388
6910,0.3082
6911,0.2933
6912,0.31
6913,0.3134
6914,0.3003
6915,0.3175
6916,0.3797
6917,0.4502
6918,0.5184
6919,0.5837
6920,0.609
6921,0.6405
6922,0.6769
6923,0.7057
6924,0.6981
6925,0.6673
6926,0.5822
6927,0.4774
6928,0.4192
6929,0.3576
6930,0.2503
6931,0.1984
6932,0.1452
6933,0.0968
6934,0.0801
6935,0.0865
6936,0.1075
6937,0.1233
6938,0.1268
6939,0.1232
6940,0.112
6941,0.1085
6942,0.1131
6943,0.1189
6944,0.1471
6945,0.2009
6946,0.2469
6947,0.2839
6948,0.2954
6949,0.3037
6950,0.3188
6951,0.2965
6952,0.2523
6953,0.2572
6954,0.3056
6955,0.3562
6956,0.3597
6957,0.3575
6958,0.3379
6959,0.3263
6960,0.3317
6961,0.3714
6962,0.4388
6963,0.5433
6964,0.6137
6965,0.68
6966,0.7562
6967,0.7855
6968,0.7686
6969,0.7515
6970,0.7773
6971,0.7967
6972,0.7993
6973,0.8216
6974,0.8505
6975,0.8698
6976,0.8741
6977,0.859
6978,0.8192
6979,0.7682
6980,0.7345
6981,0.7211
6982,0.6866
6983,0.6636
6984,0.6494
6985,0.6213
6986,0.5672
6987,0.5262
6988,0.5394
6989,0.556
6990,0.5418
6991,0.5383
6992,0.5626
6993,0.5513
6994,0.5397
6995,0.5342
6996,0.4998
6997,0.4947
6998,0.5129
6999,0.4876
7000,0.4781
7001,0.4421
7002,0.3773
7003,0.3235
7004,0.2672
7005,0.2272
7006,0.185
7007,0.1335
7008,0.0914
7009,0.0533
7010,0.0283
7011,0.0253
7012,0.0084
7013,0.0014
7014,0.0001
7015,0.002
7016,0.0149
7017,0.0303
7018,0.0285
7019,0.0695
7020,0.1107
7021,0.1762
7022,0.1471
7023,0.1472
7024,0.1725
7025,0.2001
7026,0.2084
7027,0.1984
7028,0.2597
7029,0.3441
7030,0.3371
7031,0.4024
7032,0.4337
7033,0.4601
7034,0.5288
7035,0.5982
7036,0.6346
7037,0.6353
7038,0.5939
7039,0.4826
7040,0.3318
7041,0.1552
7042,0.0546
7043,0.0271
7044,0.016
7045,0.0105
7046,0.0129
7047,0.0135
7048,0.0194
7049,0.0349
7050,0.047
7051,0.0479
7052,0.0527
7053,0.0452
7054,0.0429
7055,0.0562
7056,0.0665
7057,0.0708
7058,0.0593
7059,0.0524
7060,0.0544
7061,0.0569
7062,0.0665
7063,0.0555
7064,0.0434
7065,0.0297
7066,0.0135
7067,0.0171
7068,0.0206
7069,0.0177
7070,0.0109
7071,0.0075
7072,0.0063
7073,0.0029
7074,0.0001
7075,0.0
7076,0.0006
7077,0.0015
7078,0.0002
7079,0.0
7080,0.0015
7081,0.0077
7082,0.0189
7083,0.0397
7084,0.0729
7085,0.1221
7086,0.1739
7087,0.219
7088,0.2419
7089,0.2399
7090,0.2007
7091,0.1384
7092,0.1161
7093,0.1511
7094,0.1899
7095,0.1673
7096,0.1315
7097,0.1123
7098,0.105
7099,0.101
7100,0.1141
7101,0.1166
7102,0.1017
7103,0.0716
7104,0.0397
7105,0.0709
7106,0.195
7107,0.2542
7108,0.2474
7109,0.2608
7110,0.294
7111,0.3093
7112,0.3009
7113,0.2773
7114,0.2746
7115,0.4354
7116,0.5635
7117,0.5907
7118,0.6012
7119,0.666
7120,0.7215
7121,0.7015
7122,0.6452
7123,0.552
7124,0.4793
7125,0.49
7126,0.5137
7127,0.4195
7128,0.3697
7129,0.3685
7130,0.3679
7131,0.3957
7132,0.423
7133,0.4443
7134,0.4619
7135,0.4633
7136,0.4606
7137,0.4661
7138,0.4812
7139,0.5067
7140,0.5435
7141,0.6094
7142,0.682
7143,0.7733
7144,0.8202
7145,0.8254
7146,0.8354
7147,0.8098
7148,0.8183
7149,0.8385
7150,0.8378
7151,0.8359
7152,0.8346
7153,0.8259
7154,0.8166
7155,0.8061
7156,0.7875
7157,0.7802
7158,0.7669
7159,0.7507
7160,0.734
7161,0.7579
7162,0.8147
7163,0.8572
7164,0.8782
7165,0.902
7166,0.9146
7167,0.9077
7168,0.9083
7169,0.8971
7170,0.8777
7171,0.8239
7172,0.54
7173,0.3941
7174,0.5501
7175,0.5624
7176,0.4895
7177,0.4735
7178,0.4945
7179,0.4522
7180,0.3836
7181,0.3375
7182,0.2992
7183,0.2913
7184,0.2842
7185,0.2591
7186,0.2153
7187,0.1684
7188,0.1453
7189,0.1322
7190,0.1298
7191,0.1298
7192,0.1308
7193,0.1352
7194,0.1442
7195,0.1477
7196,0.1488
7197,0.1529
7198,0.1452
7199,0.1251
7200,0.1026
7201,0.0786
7202,0.0596
7203,0.0458
7204,0.0371
7205,0.0323
7206,0.0304
7207,0.026
7208,0.0208
7209,0.0183
7210,0.0184
7211,0.0217
7212,0.0336
7213,0.0492
7214,0.0659
7215,0.0889
7216,0.1147
7217,0.1326
7218,0.1401
7219,0.1432
7220,0.1435
7221,0.1383
7222,0.1337
7223,0.1302
7224,0.136
7225,0.1467
7226,0.1612
7227,0.1939
7228,0.2281
7229,0.2515
7230,0.2588
7231,0.2595
7232,0.247
7233,0.2371
7234,0.2164
7235,0.179
7236,0.1506
7237,0.1463
7238,0.1668
7239,0.2045
7240,0.2562
7241,0.3105
7242,0.3474
7243,0.3607
7244,0.3578
7245,0.3518
7246,0.3387
7247,0.3291
7248,0.3206
7249,0.3001
7250,0.289
7251,0.2977
7252,0.3003
7253,0.3001
7254,0.3086
7255,0.3344
7256,0.3544
7257,0.3695
7258,0.3732
7259,0.3644
7260,0.3267
7261,0.273
7262,0.2484
7263,0.2692
7264,0.3299
7265,0.4186
7266,0.4714
7267,0.4813
7268,0.463
7269,0.4357
7270,0.4005
7271,0.3685
7272,0.3409
7273,0.3182
7274,0.281
7275,0.2604
7276,0.2627
7277,0.2786
7278,0.2981
7279,0.3127
7280,0.3091
7281,0.2928
7282,0.2723
7283,0.2511
7284,0.23
7285,0.1944
7286,0.184
7287,0.1899
7288,0.2218
7289,0.2293
7290,0.2401
7291,0.2154
7292,0.1717
7293,0.158
7294,0.1481
7295,0.119
7296,0.1004
7297,0.0988
7298,0.1087
7299,0.1241
7300,0.1292
7301,0.167
7302,0.2115
7303,0.2567
7304,0.2989
7305,0.3247
7306,0.4117
7307,0.5099
7308,0.6072
7309,0.6056
7310,0.556
7311,0.488
7312,0.5391
7313,0.5958
7314,0.6028
7315,0.5629
7316,0.55
7317,0.5665
7318,0.6063
7319,0.632
7320,0.6499
7321,0.6926
7322,0.7214
7323,0.7892
7324,0.8245
7325,0.8132
7326,0.7853
7327,0.7569
7328,0.8016
7329,0.843
7330,0.8763
7331,0.9171
7332,0.9586
7333,0.9776
7334,0.9804
7335,0.981
7336,0.9805
7337,0.9714
7338,0.9462
7339,0.9145
7340,0.8721
7341,0.8308
7342,0.7983
7343,0.779
7344,0.7299
7345,0.6724
7346,0.636
7347,0.5566
7348,0.4741
7349,0.4002
7350,0.3122
7351,0.2109
7352,0.1208
7353,0.0607
7354,0.0298
7355,0.0176
7356,0.0133
7357,0.0066
7358,0.001
7359,0.0067
7360,0.0108
7361,0.0198
7362,0.0503
7363,0.0935
7364,0.1428
7365,0.1984
7366,0.2397
7367,0.257
7368,0.2635
7369,0.2784
7370,0.3333
7371,0.3462
7372,0.3261
7373,0.3069
7374,0.3246
7375,0.3461
7376,0.3044
7377,0.2615
7378,0.261
7379,0.3346
7380,0.4199
7381,0.3648
7382,0.2927
7383,0.232
7384,0.2091
7385,0.1901
7386,0.1684
7387,0.1492
7388,0.1425
7389,0.1395
7390,0.1333
7391,0.1476
7392,0.1751
7393,0.203
7394,0.2039
7395,0.1934
7396,0.1754
7397,0.1624
7398,0.1428
7399,0.1094
7400,0.082
7401,0.0546
7402,0.0316
7403,0.0191
7404,0.0127
7405,0.0111
7406,0.0141
7407,0.0196
7408,0.0266
7409,0.0394
7410,0.0529
7411,0.0709
7412,0.1029
7413,0.1659
7414,0.2517
7415,0.3134
7416,0.3195
7417,0.2843
7418,0.2343
7419,0.2005
7420,0.1871
7421,0.1668
7422,0.1473
7423,0.1376
7424,0.1334
7425,0.1134
7426,0.0718
7427,0.0545
7428,0.0529
7429,0.0528
7430,0.0637
7431,0.0674
7432,0.0517
7433,0.0251
7434,0.011
7435,0.0186
7436,0.0484
7437,0.097
7438,0.1657
7439,0.2421
7440,0.2828
7441,0.3157
7442,0.3539
7443,0.3826
7444,0.4241
7445,0.4597
7446,0.5132
7447,0.5969
7448,0.5868
7449,0.4298
7450,0.2387
7451,0.2495
7452,0.4776
7453,0.6639
7454,0.6887
7455,0.6806
7456,0.6668
7457,0.6229
7458,0.5793
7459,0.5259
7460,0.4739
7461,0.4072
7462,0.3387
7463,0.2825
7464,0.2376
7465,0.2097
7466,0.1887
7467,0.1693
7468,0.1569
7469,0.145
7470,0.1273
7471,0.1127
7472,0.1037
7473,0.0961
7474,0.0838
7475,0.0742
7476,0.0755
7477,0.0824
7478,0.0883
7479,0.1014
7480,0.1302
7481,0.1591
7482,0.1795
7483,0.1966
7484,0.225
7485,0.2459
7486,0.2765
7487,0.3498
7488,0.4488
7489,0.5271
7490,0.5717
7491,0.556
7492,0.5091
7493,0.4414
7494,0.3723
7495,0.3031
7496,0.2291
7497,0.1849
7498,0.1711
7499,0.1734
7500,0.1719
7501,0.1834
7502,0.2109
7503,0.1766
7504,0.1217
7505,0.1236
7506,0.1755
7507,0.2181
7508,0.2343
7509,0.2412
7510,0.2262
7511,0.18
7512,0.1265
7513,0.087
7514,0.0611
7515,0.0542
7516,0.0651
7517,0.083
7518,0.0888
7519,0.0854
7520,0.0743
7521,0.0616
7522,0.0509
7523,0.0363
7524,0.019
7525,0.0107
7526,0.0133
7527,0.0212
7528,0.0219
7529,0.0203
7530,0.0492
7531,0.1009
7532,0.1148
7533,0.136
7534,0.1897
7535,0.2349
7536,0.2609
7537,0.2877
7538,0.3441
7539,0.4197
7540,0.5112
7541,0.6075
7542,0.6866
7543,0.7424
7544,0.7665
7545,0.7335
7546,0.5928
7547,0.4828
7548,0.4675
7549,0.57
7550,0.5893
7551,0.5657
7552,0.5664
7553,0.6206
7554,0.6696
7555,0.6915
7556,0.6988
7557,0.6914
7558,0.6668
7559,0.6299
7560,0.5805
7561,0.525
7562,0.4805
7563,0.4333
7564,0.3893
7565,0.3779
7566,0.3984
7567,0.4473
7568,0.4854
7569,0.4981
7570,0.5249
7571,0.5612
7572,0.6077
7573,0.6706
7574,0.7302
7575,0.7689
7576,0.7445
7577,0.6465
7578,0.5304
7579,0.4186
7580,0.3682
7581,0.3539
7582,0.3988
7583,0.4711
7584,0.5291
7585,0.5342
7586,0.4998
7587,0.4493
7588,0.3925
7589,0.3521
7590,0.3417
7591,0.331
7592,0.3049
7593,0.2636
7594,0.2168
7595,0.1761
7596,0.1398
7597,0.1317
7598,0.1662
7599,0.2092
7600,0.2272
7601,0.2354
7602,0.2543
7603,0.2915
7604,0.3358
7605,0.3967
7606,0.4574
7607,0.496
7608,0.5477
7609,0.6008
7610,0.6592
7611,0.7065
7612,0.7424
7613,0.7409
7614,0.699
7615,0.6564
7616,0.5601
7617,0.4976
7618,0.4076
7619,0.3489
7620,0.2709
7621,0.1918
7622,0.1402
7623,0.1396
7624,0.1203
7625,0.0863
7626,0.053
7627,0.0381
7628,0.0349
7629,0.0324
7630,0.0437
7631,0.0704
7632,0.1048
7633,0.1428
7634,0.2159
7635,0.2829
7636,0.3855
7637,0.5309
7638,0.6121
7639,0.6398
7640,0.6605
7641,0.6433
7642,0.6389
7643,0.5871
7644,0.5401
7645,0.4632
7646,0.3691
7647,0.325
7648,0.3134
7649,0.2681
7650,0.2423
7651,0.2418
7652,0.2343
7653,0.2094
7654,0.1695
7655,0.1393
7656,0.1372
7657,0.1406
7658,0.1281
7659,0.1052
7660,0.0825
7661,0.0683
7662,0.0626
7663,0.0683
7664,0.0857
7665,0.1036
7666,0.1165
7667,0.1242
7668,0.1204
7669,0.1126
7670,0.1077
7671,0.1042
7672,0.1096
7673,0.117
7674,0.1248
7675,0.1377
7676,0.1605
7677,0.1927
7678,0.2088
7679,0.2
7680,0.1743
7681,0.1413
7682,0.1157
7683,0.1173
7684,0.1126
7685,0.1005
7686,0.0802
7687,0.0433
7688,0.0135
7689,0.0136
7690,0.0135
7691,0.0002
7692,0.0
7693,0.0
7694,0.0002
7695,0.003
7696,0.0077
7697,0.0193
7698,0.0348
7699,0.0433
7700,0.0546
7701,0.0948
7702,0.1583
7703,0.1784
7704,0.1618
7705,0.1274
7706,0.1007
7707,0.0788
7708,0.0615
7709,0.0559
7710,0.0746
7711,0.1344
7712,0.2607
7713,0.4075
7714,0.5272
7715,0.6311
7716,0.6915
7717,0.7095
7718,0.7157
7719,0.7294
7720,0.7365
7721,0.7159
7722,0.6706
7723,0.6182
7724,0.5452
7725,0.4903
7726,0.4541
7727,0.4184
7728,0.3796
7729,0.345
7730,0.3129
7731,0.2983
7732,0.2803
7733,0.2546
7734,0.2312
7735,0.1965
7736,0.1566
7737,0.1133
7738,0.0922
7739,0.086
7740,0.0831
7741,0.0694
7742,0.0517
7743,0.0322
7744,0.0145
7745,0.0076
7746,0.0089
7747,0.0175
7748,0.0365
7749,0.0535
7750,0.0635
7751,0.068
7752,0.0672
7753,0.0653
7754,0.0649
7755,0.079
7756,0.11
7757,0.1412
7758,0.1673
7759,0.1853
7760,0.1911
7761,0.1657
7762,0.1413
7763,0.139
7764,0.145
7765,0.1706
7766,0.2357
7767,0.3448
7768,0.4575
7769,0.5286
7770,0.56
7771,0.5551
7772,0.5113
7773,0.4463
7774,0.3783
7775,0.3346
7776,0.3174
7777,0.3332
7778,0.3588
7779,0.3732
7780,0.3685
7781,0.3479
7782,0.3281
7783,0.3085
7784,0.28
7785,0.2575
7786,0.2502
7787,0.2438
7788,0.2301
7789,0.2185
7790,0.2126
7791,0.2181
7792,0.2388
7793,0.267
7794,0.2824
7795,0.2707
7796,0.2593
7797,0.2808
7798,0.2759
7799,0.2699
7800,0.2958
7801,0.352
7802,0.4118
7803,0.4278
7804,0.4236
7805,0.4543
7806,0.5082
7807,0.5061
7808,0.494
7809,0.4937
7810,0.4629
7811,0.421
7812,0.3919
7813,0.3705
7814,0.3626
7815,0.3912
7816,0.4722
7817,0.5467
7818,0.5817
7819,0.6226
7820,0.6211
7821,0.6023
7822,0.607
7823,0.6028
7824,0.6104
7825,0.6339
7826,0.6191
7827,0.6192
7828,0.6104
7829,0.5284
7830,0.4883
7831,0.4568
7832,0.4263
7833,0.3678
7834,0.25
7835,0.1859
7836,0.1691
7837,0.1696
7838,0.2142
7839,0.2796
7840,0.3116
7841,0.3097
7842,0.258
7843,0.198
7844,0.1498
7845,0.1192
7846,0.0932
7847,0.0766
7848,0.0675
7849,0.056
7850,0.0435
7851,0.0441
7852,0.0515
7853,0.0647
7854,0.0811
7855,0.112
7856,0.1565
7857,0.1936
7858,0.2038
7859,0.1905
7860,0.165
7861,0.1342
7862,0.1254
7863,0.1394
7864,0.1619
7865,0.1708
7866,0.1807
7867,0.1836
7868,0.1836
7869,0.1894
7870,0.1938
7871,0.2063
7872,0.212
7873,0.2175
7874,0.2248
7875,0.2252
7876,0.2327
7877,0.2272
7878,0.2292
7879,0.248
7880,0.2548
7881,0.258
7882,0.2546
7883,0.2463
7884,0.2496
7885,0.2532
7886,0.2621
7887,0.3035
7888,0.368
7889,0.3902
7890,0.397
7891,0.3804
7892,0.3774
7893,0.3427
7894,0.3587
7895,0.3366
7896,0.3247
7897,0.3057
7898,0.3005
7899,0.3152
7900,0.3269
7901,0.3585
7902,0.3523
7903,0.3533
7904,0.3531
7905,0.3736
7906,0.4275
7907,0.5077
7908,0.5672
7909,0.6604
7910,0.709
7911,0.6947
7912,0.6512
7913,0.5657
7914,0.5151
7915,0.4901
7916,0.4458
7917,0.3936
7918,0.3609
7919,0.3469
7920,0.3399
7921,0.3177
7922,0.369
7923,0.4051
7924,0.4812
7925,0.3972
7926,0.4291
7927,0.5419
7928,0.5996
7929,0.6895
7930,0.6926
7931,0.7004
7932,0.693
7933,0.6553
7934,0.614
7935,0.6185
7936,0.6445
7937,0.7225
7938,0.6883
7939,0.6025
7940,0.5983
7941,0.5916
7942,0.6674
7943,0.7323
7944,0.7797
7945,0.801
7946,0.8184
7947,0.8287
7948,0.8347
7949,0.8253
7950,0.8043
7951,0.7881
7952,0.7779
7953,0.7439
7954,0.6945
7955,0.644
7956,0.5747
7957,0.5227
7958,0.4935
7959,0.4475
7960,0.3749
7961,0.3082
7962,0.2621
7963,0.2648
7964,0.2921
7965,0.2966
7966,0.279
7967,0.2652
7968,0.2572
7969,0.2484
7970,0.2426
7971,0.2472
7972,0.2561
7973,0.2594
7974,0.251
7975,0.2375
7976,0.2252
7977,0.2153
7978,0.2102
7979,0.2112
7980,0.2111
7981,0.2052
7982,0.1958
7983,0.191
7984,0.1874
7985,0.1739
7986,0.1541
7987,0.1322
7988,0.1063
7989,0.0822
7990,0.0605
7991,0.0388
7992,0.0203
7993,0.007
7994,0.0009
7995,0.0
7996,0.0
7997,0.0
7998,0.0002
7999,0.0035
8000,0.014
8001,0.0258
8002,0.0319
8003,0.0381
8004,0.0404
8005,0.0413
8006,0.0538
8007,0.0926
8008,0.154
8009,0.2128
8010,0.249
8011,0.2614
8012,0.2684
8013,0.264
8014,0.255
8015,0.2637
8016,0.2903
8017,0.3289
8018,0.3525
8019,0.3808
8020,0.4263
8021,0.4722
8022,0.4809
8023,0.4686
8024,0.4785
8025,0.4633
8026,0.4389
8027,0.394
8028,0.3534
8029,0.3143
8030,0.2939
8031,0.3005
8032,0.3336
8033,0.3528
8034,0.3729
8035,0.3711
8036,0.3419
8037,0.3085
8038,0.3078
8039,0.3319
8040,0.3362
8041,0.3382
8042,0.3358
8043,0.343
8044,0.3371
8045,0.3286
8046,0.3523
8047,0.3794
8048,0.3582
8049,0.3413
8050,0.3256
8051,0.3014
8052,0.2603
8053,0.216
8054,0.1782
8055,0.1534
8056,0.1158
8057,0.1036
8058,0.1018
8059,0.0864
8060,0.0651
8061,0.0521
8062,0.0373
8063,0.032
8064,0.0354
8065,0.0336
8066,0.0327
8067,0.0321
8068,0.024
8069,0.0249
8070,0.0515
8071,0.087
8072,0.1095
8073,0.128
8074,0.1588
8075,0.1763
8076,0.1708
8077,0.1607
8078,0.1488
8079,0.144
8080,0.1532
8081,0.1679
8082,0.1743
8083,0.1777
8084,0.1848
8085,0.1942
8086,0.1899
8087,0.1863
8088,0.1775
8089,0.1649
8090,0.1481
8091,0.1313
8092,0.1181
8093,0.1072
8094,0.0984
8095,0.093
8096,0.0861
8097,0.0711
8098,0.0541
8099,0.0377
8100,0.0235
8101,0.0149
8102,0.0139
8103,0.0146
8104,0.0169
8105,0.0215
8106,0.0234
8107,0.0216
8108,0.019
8109,0.0275
8110,0.0442
8111,0.0567
8112,0.0726
8113,0.0829
8114,0.0754
8115,0.0713
8116,0.0831
8117,0.094
8118,0.0986
8119,0.1078
8120,0.1322
8121,0.1716
8122,0.2271
8123,0.2882
8124,0.3419
8125,0.3826
8126,0.3956
8127,0.4483
8128,0.54
8129,0.6152
8130,0.6639
8131,0.6861
8132,0.7815
8133,0.8249
8134,0.8353
8135,0.8537
8136,0.8633
8137,0.8642
8138,0.8582
8139,0.8291
8140,0.8296
8141,0.8331
8142,0.8491
8143,0.8583
8144,0.8597
8145,0.8856
8146,0.8962
8147,0.9149
8148,0.9033
8149,0.885
8150,0.8923
8151,0.9003
8152,0.9076
8153,0.9113
8154,0.9169
8155,0.901
8156,0.8475
8157,0.8127
8158,0.7717
8159,0.7422
8160,0.6795
8161,0.6371
8162,0.6148
8163,0.6049
8164,0.5725
8165,0.5555
8166,0.5242
8167,0.4575
8168,0.4418
8169,0.406
8170,0.3523
8171,0.3419
8172,0.3647
8173,0.3697
8174,0.4179
8175,0.4411
8176,0.4844
8177,0.5391
8178,0.5881
8179,0.6224
8180,0.6757
8181,0.7639
8182,0.8095
8183,0.8295
8184,0.8685
8185,0.9276
8186,0.9526
8187,0.9667
8188,0.9745
8189,0.9797
8190,0.9771
8191,0.9527
8192,0.92
8193,0.8919
8194,0.8461
8195,0.85
8196,0.8819
8197,0.9049
8198,0.9266
8199,0.938
8200,0.9444
8201,0.9337
8202,0.9155
8203,0.9062
8204,0.8992
8205,0.8989
8206,0.9045
8207,0.8995
8208,0.8819
8209,0.8521
8210,0.7814
8211,0.6422
8212,0.586
8213,0.6878
8214,0.7247
8215,0.743
8216,0.8097
8217,0.8724
8218,0.9111
8219,0.9418
8220,0.9559
8221,0.9436
8222,0.9429
8223,0.9359
8224,0.8976
8225,0.8595
8226,0.7963
8227,0.7413
8228,0.6627
8229,0.537
8230,0.3779
8231,0.2638
8232,0.1597
8233,0.0693
8234,0.071
8235,0.072
8236,0.1415
8237,0.2716
8238,0.3952
8239,0.4945
8240,0.5535
8241,0.6471
8242,0.7253
8243,0.7727
8244,0.8296
8245,0.889
8246,0.9116
8247,0.9286
8248,0.9472
8249,0.9607
8250,0.964
8251,0.9648
8252,0.9646
8253,0.9627
8254,0.9527
8255,0.8911
8256,0.7072
8257,0.4839
8258,0.301
8259,0.2254
8260,0.2091
8261,0.1932
8262,0.1681
8263,0.1506
8264,0.1521
8265,0.1658
8266,0.183
8267,0.1991
8268,0.2287
8269,0.2771
8270,0.3526
8271,0.4197
8272,0.4635
8273,0.4849
8274,0.501
8275,0.5375
8276,0.4809
8277,0.4261
8278,0.382
8279,0.3481
8280,0.3195
8281,0.2973
8282,0.2799
8283,0.2569
8284,0.2326
8285,0.2226
8286,0.2525
8287,0.3131
8288,0.39
8289,0.4718
8290,0.5904
8291,0.6997
8292,0.7801
8293,0.8502
8294,0.8963
8295,0.9129
8296,0.9184
8297,0.922
8298,0.9289
8299,0.9446
8300,0.9228
8301,0.8805
8302,0.7521
8303,0.5917
8304,0.4489
8305,0.3373
8306,0.2325
8307,0.152
8308,0.1452
8309,0.2876
8310,0.4676
8311,0.5841
8312,0.6199
8313,0.6634
8314,0.7469
8315,0.8037
8316,0.8104
8317,0.7741
8318,0.7461
8319,0.7553
8320,0.7777
8321,0.8052
8322,0.825
8323,0.8139
8324,0.771
8325,0.7158
8326,0.6365
8327,0.5266
8328,0.3867
8329,0.3518
8330,0.3946
8331,0.5489
8332,0.6962
8333,0.8042
8334,0.8732
8335,0.9212
8336,0.9364
8337,0.9351
8338,0.9368
8339,0.9443
8340,0.939
8341,0.9224
8342,0.9134
8343,0.9287
8344,0.9121
8345,0.8594
8346,0.7286
8347,0.5917
8348,0.5187
8349,0.4913
8350,0.5881
8351,0.731
8352,0.8513
8353,0.9161
8354,0.9494
8355,0.9667
8356,0.963
8357,0.9601
8358,0.9467
8359,0.9092
8360,0.8716
8361,0.8698
8362,0.891
8363,0.8956
8364,0.8827
8365,0.8678
8366,0.8535
8367,0.8364
8368,0.8029
8369,0.7108
8370,0.6392
8371,0.6001
8372,0.6037
8373,0.604
8374,0.5992
8375,0.6205
8376,0.5884
8377,0.5786
8378,0.5681
8379,0.5518
8380,0.4833
8381,0.4586
8382,0.4611
8383,0.4785
8384,0.462
8385,0.4271
8386,0.3425
8387,0.2944
8388,0.2535
8389,0.2139
8390,0.1899
8391,0.173
8392,0.1469
8393,0.1114
8394,0.0766
8395,0.06
8396,0.0664
8397,0.0885
8398,0.1354
8399,0.1625
8400,0.1499
8401,0.1147
8402,0.0938
8403,0.1
8404,0.1204
8405,0.1487
8406,0.2445
8407,0.3025
8408,0.2919
8409,0.2946
8410,0.5741
8411,0.5937
8412,0.7544
8413,0.8376
8414,0.7185
8415,0.4909
8416,0.2967
8417,0.2037
8418,0.1329
8419,0.0758
8420,0.0596
8421,0.0757
8422,0.0941
8423,0.1185
8424,0.1375
8425,0.171
8426,0.2041
8427,0.226
8428,0.2212
8429,0.228
8430,0.2393
8431,0.2587
8432,0.278
8433,0.2787
8434,0.2646
8435,0.2556
8436,0.2343
8437,0.2208
8438,0.2857
8439,0.3558
8440,0.4385
8441,0.539
8442,0.5675
8443,0.6095
8444,0.6787
8445,0.6768
8446,0.6802
8447,0.6684
8448,0.627
8449,0.635
8450,0.6595
8451,0.6522
8452,0.6313
8453,0.607
8454,0.6233
8455,0.6209
8456,0.6252
8457,0.5701
8458,0.5882
8459,0.5999
8460,0.651
8461,0.6888
8462,0.7418
8463,0.77
8464,0.8039
8465,0.7133
8466,0.6231
8467,0.6237
8468,0.6748
8469,0.6213
8470,0.555
8471,0.5253
8472,0.4342
8473,0.5424
8474,0.7691
8475,0.8361
8476,0.863
8477,0.8849
8478,0.9287
8479,0.9217
8480,0.8887
8481,0.8257
8482,0.7228
8483,0.6741
8484,0.7566
8485,0.7049
8486,0.7245
8487,0.7758
8488,0.802
8489,0.789
8490,0.7958
8491,0.7856
8492,0.7708
8493,0.7483
8494,0.6955
8495,0.5836
8496,0.5201
8497,0.4942
8498,0.4947
8499,0.546
8500,0.5525
8501,0.5588
8502,0.5806
8503,0.6147
8504,0.6436
8505,0.6658
8506,0.6974
8507,0.704
8508,0.6903
8509,0.6594
8510,0.6144
8511,0.5863
8512,0.662
8513,0.6788
8514,0.6124
8515,0.6351
8516,0.7128
8517,0.6949
8518,0.6818
8519,0.5912
8520,0.4369
8521,0.3427
8522,0.3076
8523,0.3658
8524,0.3618
8525,0.3019
8526,0.2545
8527,0.261
8528,0.281
8529,0.3256
8530,0.5015
8531,0.7258
8532,0.8179
8533,0.8071
8534,0.7564
8535,0.7303
8536,0.6801
8537,0.6162
8538,0.5584
8539,0.5123
8540,0.4633
8541,0.404
8542,0.3242
8543,0.3075
8544,0.3969
8545,0.5124
8546,0.5485
8547,0.5041
8548,0.4708
8549,0.4658
8550,0.4945
8551,0.5282
8552,0.5699
8553,0.5884
8554,0.6178
8555,0.636
8556,0.6413
8557,0.649
8558,0.6372
8559,0.654
8560,0.648
8561,0.615
8562,0.5395
8563,0.4626
8564,0.4528
8565,0.428
8566,0.3957
8567,0.4207
8568,0.41
8569,0.3599
8570,0.3361
8571,0.3374
8572,0.3938
8573,0.4962
8574,0.432
8575,0.4921
8576,0.8097
8577,0.9209
8578,0.8975
8579,0.8857
8580,0.883
8581,0.8727
8582,0.8475
8583,0.8198
8584,0.7731
8585,0.7222
8586,0.6684
8587,0.5684
8588,0.5224
8589,0.5346
8590,0.531
8591,0.5998
8592,0.6451
8593,0.6643
8594,0.7063
8595,0.7416
8596,0.7447
8597,0.7121
8598,0.6295
8599,0.552
8600,0.4657
8601,0.3977
8602,0.3297
8603,0.2797
8604,0.2386
8605,0.1964
8606,0.1491
8607,0.1087
8608,0.0716
8609,0.0356
8610,0.0091
8611,0.0009
8612,0.0027
8613,0.0114
8614,0.0227
8615,0.0334
8616,0.0388
8617,0.0518
8618,0.0756
8619,0.1072
8620,0.1362
8621,0.1662
8622,0.2002
8623,0.2386
8624,0.2928
8625,0.3741
8626,0.4573
8627,0.5043
8628,0.561
8629,0.6497
8630,0.7217
8631,0.6924
8632,0.6113
8633,0.4994
8634,0.3826
8635,0.3455
8636,0.3303
8637,0.3338
8638,0.294
8639,0.1865
8640,0.1376
8641,0.111
8642,0.0625
8643,0.0432
8644,0.0543
8645,0.0952
8646,0.1348
8647,0.1786
8648,0.2094
8649,0.1898
8650,0.1373
8651,0.0988
8652,0.0813
8653,0.0703
8654,0.0605
8655,0.0633
8656,0.0752
8657,0.0857
8658,0.0925
8659,0.0853
8660,0.0673
8661,0.0485
8662,0.0431
8663,0.0432
8664,0.0332
8665,0.0293
8666,0.0254
8667,0.0244
8668,0.0287
8669,0.0372
8670,0.0538
8671,0.0641
8672,0.0807
8673,0.0964
8674,0.0993
8675,0.0948
8676,0.0844
8677,0.0646
8678,0.0568
8679,0.074
8680,0.1357
8681,0.2052
8682,0.2034
8683,0.1791
8684,0.1459
8685,0.1601
8686,0.2066
8687,0.2437
8688,0.228
8689,0.1991
8690,0.1547
8691,0.1319
8692,0.1335
8693,0.1473
8694,0.1563
8695,0.1699
8696,0.1875
8697,0.2026
8698,0.2252
8699,0.2364
8700,0.2291
8701,0.2097
8702,0.1966
8703,0.2087
8704,0.2347
8705,0.2695
8706,0.3035
8707,0.332
8708,0.3436
8709,0.3602
8710,0.3627
8711,0.3478
8712,0.331
8713,0.3236
8714,0.3236
8715,0.3339
8716,0.344
8717,0.3512
8718,0.3555
8719,0.3606
8720,0.3646
8721,0.3574
8722,0.3507
8723,0.34
8724,0.3453
8725,0.3614
8726,0.3875
8727,0.4208
8728,0.4317
8729,0.4122
8730,0.3685
8731,0.3135
8732,0.2637
8733,0.2108
8734,0.1511
8735,0.0968
8736,0.0535
8737,0.0249
8738,0.0198
8739,0.0614
8740,0.1067
8741,0.1138
8742,0.1081
8743,0.1075
8744,0.1208
8745,0.1328
8746,0.1287
8747,0.1179
8748,0.1169
8749,0.1228
8750,0.137
8751,0.1702
8752,0.2266
8753,0.2928
8754,0.3412
8755,0.3553
8756,0.3692
8757,0.3326
8758,0.2794
8759,0.2445
