0,0.222857143
1,0.228571429
2,0.222857143
3,0.211428571
4,0.194285714
5,0.2
6,0.2
7,0.2
8,0.2
9,0.211428571
10,0.217142857
11,0.217142857
12,0.211428571
13,0.217142857
14,0.217142857
15,0.217142857
16,0.211428571
17,0.211428571
18,0.205714286
19,0.205714286
20,0.205714286
21,0.205714286
22,0.205714286
23,0.205714286
24,0.205714286
25,0.205714286
26,0.205714286
27,0.205714286
28,0.2
29,0.194285714
30,0.2
31,0.2
32,0.2
33,0.2
34,0.194285714
35,0.2
36,0.2
37,0.194285714
38,0.194285714
39,0.194285714
40,0.182857143
41,0.177142857
42,0.177142857
43,0.182857143
44,0.182857143
45,0.177142857
46,0.171428571
47,0.171428571
48,0.182857143
49,0.2
50,0.211428571
51,0.211428571
52,0.2
53,0.16
54,0.137142857
55,0.154285714
56,0.171428571
57,0.177142857
58,0.177142857
59,0.165714286
60,0.171428571
61,0.171428571
62,0.171428571
63,0.171428571
64,0.171428571
65,0.171428571
66,0.171428571
67,0.171428571
68,0.177142857
69,0.182857143
70,0.188571429
71,0.177142857
72,0.142857143
73,0.131428571
74,0.125714286
75,0.148571429
76,0.182857143
77,0.177142857
78,0.142857143
79,0.12
80,0.142857143
81,0.171428571
82,0.188571429
83,0.2
84,0.2
85,0.177142857
86,0.125714286
87,0.08
88,0.091428571
89,0.137142857
90,0.188571429
91,0.217142857
92,0.194285714
93,0.182857143
94,0.171428571
95,0.154285714
96,0.137142857
97,0.108571429
98,0.068571429
99,0.074285714
100,0.085714286
101,0.108571429
102,0.16
103,0.171428571
104,0.182857143
105,0.182857143
106,0.177142857
107,0.171428571
108,0.142857143
109,0.131428571
110,0.16
111,0.171428571
112,0.171428571
113,0.165714286
114,0.165714286
115,0.165714286
116,0.16
117,0.16
118,0.16
119,0.165714286
120,0.165714286
121,0.165714286
122,0.171428571
123,0.165714286
124,0.16
125,0.154285714
126,0.154285714
127,0.148571429
128,0.142857143
129,0.148571429
130,0.16
131,0.165714286
132,0.165714286
133,0.16
134,0.16
135,0.16
136,0.16
137,0.16
138,0.16
139,0.154285714
140,0.16
141,0.16
142,0.16
143,0.165714286
144,0.171428571
145,0.177142857
146,0.177142857
147,0.171428571
148,0.171428571
149,0.165714286
150,0.16
151,0.16
152,0.16
153,0.16
154,0.16
155,0.154285714
156,0.137142857
157,0.137142857
158,0.142857143
159,0.154285714
160,0.142857143
161,0.131428571
162,0.125714286
163,0.131428571
164,0.137142857
165,0.142857143
166,0.137142857
167,0.137142857
168,0.125714286
169,0.137142857
170,0.182857143
171,0.217142857
172,0.182857143
173,0.114285714
174,0.062857143
175,0.068571429
176,0.085714286
177,0.125714286
178,0.16
179,0.171428571
180,0.171428571
181,0.177142857
182,0.182857143
183,0.177142857
184,0.165714286
185,0.16
186,0.148571429
187,0.16
188,0.16
189,0.165714286
190,0.171428571
191,0.177142857
192,0.2
193,0.205714286
194,0.182857143
195,0.137142857
196,0.085714286
197,0.097142857
198,0.131428571
199,0.194285714
200,0.217142857
201,0.194285714
202,0.142857143
203,0.091428571
204,0.108571429
205,0.154285714
206,0.194285714
207,0.211428571
208,0.205714286
209,0.188571429
210,0.154285714
211,0.154285714
212,0.154285714
213,0.165714286
214,0.171428571
215,0.171428571
216,0.177142857
217,0.194285714
218,0.188571429
219,0.205714286
220,0.222857143
221,0.222857143
222,0.194285714
223,0.142857143
224,0.102857143
225,0.085714286
226,0.114285714
227,0.148571429
228,0.171428571
229,0.205714286
230,0.205714286
231,0.2
232,0.188571429
233,0.177142857
234,0.165714286
235,0.16
236,0.16
237,0.165714286
238,0.177142857
239,0.182857143
240,0.177142857
241,0.171428571
242,0.171428571
243,0.177142857
244,0.177142857
245,0.177142857
246,0.182857143
247,0.182857143
248,0.177142857
249,0.16
250,0.16
251,0.165714286
252,0.16
253,0.171428571
254,0.177142857
255,0.171428571
256,0.171428571
257,0.177142857
258,0.171428571
259,0.165714286
260,0.171428571
261,0.171428571
262,0.177142857
263,0.177142857
264,0.165714286
265,0.16
266,0.165714286
267,0.177142857
268,0.182857143
269,0.194285714
270,0.182857143
271,0.142857143
272,0.114285714
273,0.108571429
274,0.148571429
275,0.177142857
276,0.177142857
277,0.182857143
278,0.177142857
279,0.182857143
280,0.188571429
281,0.182857143
282,0.177142857
283,0.177142857
284,0.154285714
285,0.154285714
286,0.16
287,0.16
288,0.16
289,0.171428571
290,0.205714286
291,0.222857143
292,0.222857143
293,0.222857143
294,0.211428571
295,0.177142857
296,0.142857143
297,0.142857143
298,0.16
299,0.194285714
300,0.205714286
301,0.211428571
302,0.211428571
303,0.211428571
304,0.217142857
305,0.217142857
306,0.211428571
307,0.2
308,0.2
309,0.2
310,0.205714286
311,0.222857143
312,0.222857143
313,0.222857143
314,0.217142857
315,0.205714286
316,0.194285714
317,0.2
318,0.2
319,0.205714286
320,0.211428571
321,0.211428571
322,0.211428571
323,0.211428571
324,0.217142857
325,0.217142857
326,0.228571429
327,0.228571429
328,0.234285714
329,0.228571429
330,0.217142857
331,0.217142857
332,0.217142857
333,0.228571429
334,0.222857143
335,0.217142857
336,0.205714286
337,0.211428571
338,0.217142857
339,0.222857143
340,0.222857143
341,0.205714286
342,0.194285714
343,0.205714286
344,0.217142857
345,0.234285714
346,0.228571429
347,0.211428571
348,0.211428571
349,0.217142857
350,0.228571429
351,0.234285714
352,0.228571429
353,0.228571429
354,0.222857143
355,0.228571429
356,0.228571429
357,0.222857143
358,0.222857143
359,0.228571429
360,0.228571429
361,0.234285714
362,0.228571429
363,0.222857143
364,0.222857143
365,0.228571429
366,0.222857143
367,0.217142857
368,0.217142857
369,0.205714286
370,0.205714286
371,0.211428571
372,0.205714286
373,0.2
374,0.211428571
375,0.222857143
376,0.234285714
377,0.234285714
378,0.222857143
379,0.217142857
380,0.217142857
381,0.211428571
382,0.211428571
383,0.2
384,0.194285714
385,0.194285714
386,0.205714286
387,0.205714286
388,0.205714286
389,0.2
390,0.194285714
391,0.2
392,0.205714286
393,0.211428571
394,0.217142857
395,0.217142857
396,0.228571429
397,0.228571429
398,0.228571429
399,0.228571429
400,0.228571429
401,0.228571429
402,0.234285714
403,0.228571429
404,0.228571429
405,0.222857143
406,0.228571429
407,0.234285714
408,0.228571429
409,0.228571429
410,0.228571429
411,0.228571429
412,0.228571429
413,0.228571429
414,0.228571429
415,0.228571429
416,0.228571429
417,0.222857143
418,0.217142857
419,0.217142857
420,0.217142857
421,0.217142857
422,0.222857143
423,0.222857143
424,0.228571429
425,0.234285714
426,0.24
427,0.234285714
428,0.228571429
429,0.222857143
430,0.228571429
431,0.222857143
432,0.222857143
433,0.228571429
434,0.222857143
435,0.228571429
436,0.222857143
437,0.228571429
438,0.228571429
439,0.228571429
440,0.222857143
441,0.222857143
442,0.228571429
443,0.228571429
444,0.228571429
445,0.222857143
446,0.217142857
447,0.217142857
448,0.222857143
449,0.228571429
450,0.234285714
451,0.234285714
452,0.234285714
453,0.234285714
454,0.228571429
455,0.228571429
456,0.228571429
457,0.222857143
458,0.222857143
459,0.228571429
460,0.222857143
461,0.222857143
462,0.222857143
463,0.222857143
464,0.217142857
465,0.217142857
466,0.222857143
467,0.228571429
468,0.228571429
469,0.222857143
470,0.222857143
471,0.222857143
472,0.217142857
473,0.222857143
474,0.228571429
475,0.234285714
476,0.234285714
477,0.228571429
478,0.222857143
479,0.217142857
480,0.217142857
481,0.217142857
482,0.211428571
483,0.211428571
484,0.211428571
485,0.211428571
486,0.205714286
487,0.205714286
488,0.2
489,0.2
490,0.2
491,0.2
492,0.2
493,0.205714286
494,0.2
495,0.2
496,0.188571429
497,0.188571429
498,0.188571429
499,0.2
500,0.211428571
501,0.205714286
502,0.2
503,0.194285714
504,0.188571429
505,0.188571429
506,0.188571429
507,0.188571429
508,0.188571429
509,0.182857143
510,0.177142857
511,0.182857143
512,0.177142857
513,0.171428571
514,0.171428571
515,0.182857143
516,0.205714286
517,0.217142857
518,0.222857143
519,0.222857143
520,0.205714286
521,0.2
522,0.194285714
523,0.194285714
524,0.188571429
525,0.171428571
526,0.171428571
527,0.171428571
528,0.171428571
529,0.177142857
530,0.182857143
531,0.188571429
532,0.188571429
533,0.2
534,0.2
535,0.205714286
536,0.2
537,0.194285714
538,0.194285714
539,0.194285714
540,0.188571429
541,0.177142857
542,0.182857143
543,0.182857143
544,0.182857143
545,0.177142857
546,0.182857143
547,0.177142857
548,0.177142857
549,0.171428571
550,0.177142857
551,0.171428571
552,0.171428571
553,0.165714286
554,0.171428571
555,0.182857143
556,0.188571429
557,0.177142857
558,0.171428571
559,0.16
560,0.16
561,0.171428571
562,0.171428571
563,0.182857143
564,0.177142857
565,0.188571429
566,0.188571429
567,0.182857143
568,0.171428571
569,0.171428571
570,0.165714286
571,0.148571429
572,0.137142857
573,0.142857143
574,0.154285714
575,0.16
576,0.165714286
577,0.165714286
578,0.165714286
579,0.171428571
580,0.171428571
581,0.171428571
582,0.177142857
583,0.177142857
584,0.182857143
585,0.177142857
586,0.177142857
587,0.171428571
588,0.171428571
589,0.171428571
590,0.154285714
591,0.148571429
592,0.148571429
593,0.16
594,0.171428571
595,0.165714286
596,0.142857143
597,0.142857143
598,0.142857143
599,0.142857143
600,0.142857143
601,0.148571429
602,0.16
603,0.165714286
604,0.171428571
605,0.171428571
606,0.171428571
607,0.165714286
608,0.154285714
609,0.137142857
610,0.137142857
611,0.137142857
612,0.154285714
613,0.165714286
614,0.171428571
615,0.171428571
616,0.177142857
617,0.177142857
618,0.171428571
619,0.171428571
620,0.177142857
621,0.177142857
622,0.182857143
623,0.177142857
624,0.171428571
625,0.165714286
626,0.171428571
627,0.171428571
628,0.171428571
629,0.177142857
630,0.177142857
631,0.188571429
632,0.194285714
633,0.217142857
634,0.228571429
635,0.234285714
636,0.228571429
637,0.222857143
638,0.222857143
639,0.222857143
640,0.222857143
641,0.24
642,0.234285714
643,0.24
644,0.228571429
645,0.228571429
646,0.228571429
647,0.234285714
648,0.24
649,0.24
650,0.234285714
651,0.234285714
652,0.234285714
653,0.228571429
654,0.222857143
655,0.222857143
656,0.222857143
657,0.222857143
658,0.222857143
659,0.222857143
660,0.222857143
661,0.217142857
662,0.217142857
663,0.217142857
664,0.217142857
665,0.217142857
666,0.217142857
667,0.217142857
668,0.217142857
669,0.217142857
670,0.211428571
671,0.211428571
672,0.211428571
673,0.211428571
674,0.211428571
675,0.211428571
676,0.211428571
677,0.211428571
678,0.205714286
679,0.177142857
680,0.182857143
681,0.205714286
682,0.211428571
683,0.211428571
684,0.211428571
685,0.211428571
686,0.211428571
687,0.211428571
688,0.211428571
689,0.211428571
690,0.211428571
691,0.211428571
692,0.211428571
693,0.217142857
694,0.217142857
695,0.211428571
696,0.211428571
697,0.205714286
698,0.205714286
699,0.205714286
700,0.205714286
701,0.205714286
702,0.211428571
703,0.211428571
704,0.211428571
705,0.217142857
706,0.217142857
707,0.211428571
708,0.217142857
709,0.217142857
710,0.217142857
711,0.217142857
712,0.222857143
713,0.222857143
714,0.222857143
715,0.222857143
716,0.222857143
717,0.222857143
718,0.222857143
719,0.222857143
720,0.222857143
721,0.222857143
722,0.222857143
723,0.222857143
724,0.222857143
725,0.222857143
726,0.222857143
727,0.188571429
728,0.188571429
729,0.188571429
730,0.222857143
731,0.222857143
732,0.222857143
733,0.222857143
734,0.222857143
735,0.217142857
736,0.217142857
737,0.222857143
738,0.222857143
739,0.222857143
740,0.222857143
741,0.217142857
742,0.217142857
743,0.217142857
744,0.222857143
745,0.222857143
746,0.222857143
747,0.222857143
748,0.228571429
749,0.222857143
750,0.222857143
751,0.222857143
752,0.205714286
753,0.2
754,0.217142857
755,0.222857143
756,0.228571429
757,0.228571429
758,0.222857143
759,0.217142857
760,0.211428571
761,0.217142857
762,0.217142857
763,0.217142857
764,0.222857143
765,0.228571429
766,0.228571429
767,0.228571429
768,0.228571429
769,0.222857143
770,0.217142857
771,0.217142857
772,0.222857143
773,0.222857143
774,0.217142857
775,0.217142857
776,0.217142857
777,0.217142857
778,0.211428571
779,0.205714286
780,0.2
781,0.194285714
782,0.182857143
783,0.188571429
784,0.188571429
785,0.194285714
786,0.2
787,0.194285714
788,0.188571429
789,0.177142857
790,0.177142857
791,0.182857143
792,0.182857143
793,0.188571429
794,0.194285714
795,0.194285714
796,0.194285714
797,0.194285714
798,0.188571429
799,0.182857143
800,0.182857143
801,0.182857143
802,0.194285714
803,0.194285714
804,0.194285714
805,0.194285714
806,0.194285714
807,0.194285714
808,0.194285714
809,0.194285714
810,0.194285714
811,0.2
812,0.2
813,0.2
814,0.2
815,0.194285714
816,0.194285714
817,0.194285714
818,0.194285714
819,0.194285714
820,0.194285714
821,0.194285714
822,0.194285714
823,0.194285714
824,0.205714286
825,0.177142857
826,0.165714286
827,0.171428571
828,0.177142857
829,0.205714286
830,0.217142857
831,0.217142857
832,0.217142857
833,0.217142857
834,0.211428571
835,0.211428571
836,0.222857143
837,0.222857143
838,0.211428571
839,0.211428571
840,0.217142857
841,0.217142857
842,0.217142857
843,0.211428571
844,0.217142857
845,0.211428571
846,0.217142857
847,0.217142857
848,0.217142857
849,0.217142857
850,0.222857143
851,0.217142857
852,0.222857143
853,0.222857143
854,0.217142857
855,0.228571429
856,0.228571429
857,0.228571429
858,0.228571429
859,0.228571429
860,0.228571429
861,0.234285714
862,0.228571429
863,0.228571429
864,0.137142857
865,0.217142857
866,0.222857143
867,0.217142857
868,0.222857143
869,0.222857143
870,0.222857143
871,0.228571429
872,0.228571429
873,0.228571429
874,0.228571429
875,0.228571429
876,0.228571429
877,0.228571429
878,0.228571429
879,0.228571429
880,0.228571429
881,0.228571429
882,0.228571429
883,0.228571429
884,0.234285714
885,0.234285714
886,0.234285714
887,0.228571429
888,0.228571429
889,0.228571429
890,0.228571429
891,0.228571429
892,0.222857143
893,0.222857143
894,0.222857143
895,0.222857143
896,0.222857143
897,0.222857143
898,0.222857143
899,0.222857143
900,0.222857143
901,0.228571429
902,0.228571429
903,0.228571429
904,0.228571429
905,0.222857143
906,0.222857143
907,0.222857143
908,0.222857143
909,0.222857143
910,0.222857143
911,0.222857143
912,0.222857143
913,0.222857143
914,0.222857143
915,0.217142857
916,0.222857143
917,0.222857143
918,0.222857143
919,0.222857143
920,0.222857143
921,0.188571429
922,0.188571429
923,0.217142857
924,0.217142857
925,0.217142857
926,0.217142857
927,0.217142857
928,0.217142857
929,0.222857143
930,0.222857143
931,0.222857143
932,0.222857143
933,0.222857143
934,0.222857143
935,0.222857143
936,0.222857143
937,0.222857143
938,0.222857143
939,0.222857143
940,0.222857143
941,0.222857143
942,0.222857143
943,0.222857143
944,0.222857143
945,0.222857143
946,0.222857143
947,0.217142857
948,0.217142857
949,0.217142857
950,0.217142857
951,0.211428571
952,0.211428571
953,0.211428571
954,0.205714286
955,0.205714286
956,0.211428571
957,0.205714286
958,0.205714286
959,0.211428571
960,0.211428571
961,0.211428571
962,0.211428571
963,0.211428571
964,0.211428571
965,0.211428571
966,0.211428571
967,0.205714286
968,0.205714286
969,0.205714286
970,0.2
971,0.194285714
972,0.188571429
973,0.182857143
974,0.177142857
975,0.16
976,0.148571429
977,0.148571429
978,0.148571429
979,0.142857143
980,0.137142857
981,0.137142857
982,0.131428571
983,0.12
984,0.102857143
985,0.102857143
986,0.097142857
987,0.097142857
988,0.097142857
989,0.091428571
990,0.08
991,0.068571429
992,0.074285714
993,0.074285714
994,0.068571429
995,0.062857143
996,0.057142857
997,0.051428571
998,0.057142857
999,0.057142857
1000,0.051428571
1001,0.045714286
1002,0.04
1003,0.045714286
1004,0.04
1005,0.04
1006,0.034285714
1007,0.04
1008,0.04
1009,0.04
1010,0.034285714
1011,0.034285714
1012,0.034285714
1013,0.028571429
1014,0.028571429
1015,0.034285714
1016,0.051428571
1017,0.062857143
1018,0.08
1019,0.085714286
1020,0.085714286
1021,0.085714286
1022,0.08
1023,0.085714286
1024,0.091428571
1025,0.097142857
1026,0.091428571
1027,0.091428571
1028,0.085714286
1029,0.085714286
1030,0.085714286
1031,0.085714286
1032,0.08
1033,0.085714286
1034,0.085714286
1035,0.085714286
1036,0.085714286
1037,0.085714286
1038,0.085714286
1039,0.085714286
1040,0.097142857
1041,0.097142857
1042,0.097142857
1043,0.102857143
1044,0.091428571
1045,0.091428571
1046,0.097142857
1047,0.102857143
1048,0.108571429
1049,0.114285714
1050,0.12
1051,0.114285714
1052,0.114285714
1053,0.108571429
1054,0.108571429
1055,0.108571429
1056,0.102857143
1057,0.102857143
1058,0.102857143
1059,0.102857143
1060,0.102857143
1061,0.102857143
1062,0.108571429
1063,0.114285714
1064,0.12
1065,0.12
1066,0.12
1067,0.125714286
1068,0.125714286
1069,0.131428571
1070,0.137142857
1071,0.137142857
1072,0.131428571
1073,0.131428571
1074,0.137142857
1075,0.137142857
1076,0.142857143
1077,0.131428571
1078,0.125714286
1079,0.12
1080,0.12
1081,0.125714286
1082,0.125714286
1083,0.125714286
1084,0.125714286
1085,0.125714286
1086,0.131428571
1087,0.131428571
1088,0.131428571
1089,0.137142857
1090,0.148571429
1091,0.148571429
1092,0.148571429
1093,0.154285714
1094,0.171428571
1095,0.177142857
1096,0.177142857
1097,0.182857143
1098,0.182857143
1099,0.182857143
1100,0.182857143
1101,0.182857143
1102,0.188571429
1103,0.188571429
1104,0.188571429
1105,0.188571429
1106,0.188571429
1107,0.194285714
1108,0.188571429
1109,0.188571429
1110,0.182857143
1111,0.182857143
1112,0.182857143
1113,0.182857143
1114,0.188571429
1115,0.188571429
1116,0.194285714
1117,0.194285714
1118,0.188571429
1119,0.188571429
1120,0.182857143
1121,0.182857143
1122,0.182857143
1123,0.182857143
1124,0.188571429
1125,0.188571429
1126,0.194285714
1127,0.188571429
1128,0.188571429
1129,0.188571429
1130,0.188571429
1131,0.188571429
1132,0.188571429
1133,0.194285714
1134,0.188571429
1135,0.188571429
1136,0.188571429
1137,0.188571429
1138,0.188571429
1139,0.171428571
1140,0.142857143
1141,0.171428571
1142,0.188571429
1143,0.194285714
1144,0.194285714
1145,0.188571429
1146,0.182857143
1147,0.182857143
1148,0.182857143
1149,0.182857143
1150,0.182857143
1151,0.188571429
1152,0.188571429
1153,0.182857143
1154,0.182857143
1155,0.182857143
1156,0.182857143
1157,0.182857143
1158,0.177142857
1159,0.16
1160,0.154285714
1161,0.154285714
1162,0.154285714
1163,0.154285714
1164,0.154285714
1165,0.182857143
1166,0.182857143
1167,0.194285714
1168,0.194285714
1169,0.194285714
1170,0.194285714
1171,0.194285714
1172,0.188571429
1173,0.182857143
1174,0.188571429
1175,0.188571429
1176,0.188571429
1177,0.188571429
1178,0.188571429
1179,0.182857143
1180,0.182857143
1181,0.182857143
1182,0.182857143
1183,0.177142857
1184,0.188571429
1185,0.194285714
1186,0.194285714
1187,0.194285714
1188,0.194285714
1189,0.188571429
1190,0.2
1191,0.2
1192,0.188571429
1193,0.188571429
1194,0.194285714
1195,0.2
1196,0.194285714
1197,0.188571429
1198,0.188571429
1199,0.2
1200,0.2
1201,0.2
1202,0.2
1203,0.194285714
1204,0.171428571
1205,0.171428571
1206,0.165714286
1207,0.182857143
1208,0.182857143
1209,0.182857143
1210,0.188571429
1211,0.205714286
1212,0.205714286
1213,0.188571429
1214,0.188571429
1215,0.194285714
1216,0.188571429
1217,0.188571429
1218,0.194285714
1219,0.194285714
1220,0.188571429
1221,0.194285714
1222,0.188571429
1223,0.188571429
1224,0.188571429
1225,0.188571429
1226,0.182857143
1227,0.182857143
1228,0.182857143
1229,0.182857143
1230,0.182857143
1231,0.182857143
1232,0.222857143
1233,0.222857143
1234,0.228571429
1235,0.234285714
1236,0.234285714
1237,0.234285714
1238,0.228571429
1239,0.228571429
1240,0.222857143
1241,0.217142857
1242,0.194285714
1243,0.217142857
1244,0.222857143
1245,0.211428571
1246,0.211428571
1247,0.222857143
1248,0.222857143
1249,0.194285714
1250,0.182857143
1251,0.194285714
1252,0.2
1253,0.211428571
1254,0.222857143
1255,0.234285714
1256,0.194285714
1257,0.188571429
1258,0.194285714
1259,0.194285714
1260,0.182857143
1261,0.177142857
1262,0.171428571
1263,0.177142857
1264,0.182857143
1265,0.188571429
1266,0.182857143
1267,0.188571429
1268,0.182857143
1269,0.182857143
1270,0.177142857
1271,0.177142857
1272,0.177142857
1273,0.177142857
1274,0.177142857
1275,0.177142857
1276,0.177142857
1277,0.171428571
1278,0.171428571
1279,0.177142857
1280,0.171428571
1281,0.171428571
1282,0.171428571
1283,0.171428571
1284,0.177142857
1285,0.182857143
1286,0.182857143
1287,0.177142857
1288,0.182857143
1289,0.177142857
1290,0.177142857
1291,0.171428571
1292,0.165714286
1293,0.171428571
1294,0.171428571
1295,0.171428571
1296,0.171428571
1297,0.171428571
1298,0.171428571
1299,0.165714286
1300,0.165714286
1301,0.165714286
1302,0.165714286
1303,0.165714286
1304,0.165714286
1305,0.165714286
1306,0.171428571
1307,0.171428571
1308,0.171428571
1309,0.171428571
1310,0.171428571
1311,0.171428571
1312,0.177142857
1313,0.177142857
1314,0.182857143
1315,0.177142857
1316,0.177142857
1317,0.171428571
1318,0.165714286
1319,0.165714286
1320,0.165714286
1321,0.165714286
1322,0.165714286
1323,0.165714286
1324,0.165714286
1325,0.165714286
1326,0.165714286
1327,0.16
1328,0.16
1329,0.148571429
1330,0.137142857
1331,0.148571429
1332,0.154285714
1333,0.165714286
1334,0.165714286
1335,0.177142857
1336,0.177142857
1337,0.171428571
1338,0.165714286
1339,0.16
1340,0.16
1341,0.16
1342,0.16
1343,0.16
1344,0.165714286
1345,0.16
1346,0.154285714
1347,0.142857143
1348,0.137142857
1349,0.154285714
1350,0.16
1351,0.165714286
1352,0.154285714
1353,0.165714286
1354,0.154285714
1355,0.16
1356,0.165714286
1357,0.171428571
1358,0.182857143
1359,0.16
1360,0.148571429
1361,0.148571429
1362,0.148571429
1363,0.142857143
1364,0.137142857
1365,0.108571429
1366,0.137142857
1367,0.142857143
1368,0.16
1369,0.16
1370,0.16
1371,0.137142857
1372,0.102857143
1373,0.085714286
1374,0.108571429
1375,0.142857143
1376,0.171428571
1377,0.154285714
1378,0.137142857
1379,0.12
1380,0.125714286
1381,0.137142857
1382,0.148571429
1383,0.16
1384,0.16
1385,0.16
1386,0.148571429
1387,0.137142857
1388,0.125714286
1389,0.125714286
1390,0.125714286
1391,0.142857143
1392,0.148571429
1393,0.142857143
1394,0.125714286
1395,0.148571429
1396,0.165714286
1397,0.165714286
1398,0.16
1399,0.182857143
1400,0.165714286
1401,0.125714286
1402,0.131428571
1403,0.165714286
1404,0.2
1405,0.211428571
1406,0.16
1407,0.131428571
1408,0.114285714
1409,0.114285714
1410,0.131428571
1411,0.142857143
1412,0.16
1413,0.154285714
1414,0.142857143
1415,0.148571429
1416,0.154285714
1417,0.171428571
1418,0.171428571
1419,0.165714286
1420,0.154285714
1421,0.142857143
1422,0.148571429
1423,0.165714286
1424,0.171428571
1425,0.165714286
1426,0.165714286
1427,0.171428571
1428,0.154285714
1429,0.154285714
1430,0.16
1431,0.16
1432,0.154285714
1433,0.171428571
1434,0.182857143
1435,0.2
1436,0.2
1437,0.188571429
1438,0.177142857
1439,0.177142857
1440,0.182857143
1441,0.182857143
1442,0.165714286
1443,0.148571429
1444,0.154285714
1445,0.154285714
1446,0.16
1447,0.165714286
1448,0.171428571
1449,0.165714286
1450,0.171428571
1451,0.182857143
1452,0.182857143
1453,0.182857143
1454,0.177142857
1455,0.171428571
1456,0.165714286
1457,0.154285714
1458,0.16
1459,0.165714286
1460,0.171428571
1461,0.171428571
1462,0.171428571
1463,0.171428571
1464,0.171428571
1465,0.171428571
1466,0.177142857
1467,0.177142857
1468,0.182857143
1469,0.177142857
1470,0.154285714
1471,0.154285714
1472,0.16
1473,0.171428571
1474,0.171428571
1475,0.171428571
1476,0.177142857
1477,0.177142857
1478,0.177142857
1479,0.177142857
1480,0.177142857
1481,0.177142857
1482,0.177142857
1483,0.177142857
1484,0.182857143
1485,0.182857143
1486,0.182857143
1487,0.182857143
1488,0.177142857
1489,0.177142857
1490,0.177142857
1491,0.177142857
1492,0.177142857
1493,0.177142857
1494,0.171428571
1495,0.165714286
1496,0.165714286
1497,0.171428571
1498,0.165714286
1499,0.177142857
1500,0.182857143
1501,0.182857143
1502,0.188571429
1503,0.182857143
1504,0.165714286
1505,0.165714286
1506,0.182857143
1507,0.188571429
1508,0.171428571
1509,0.16
1510,0.171428571
1511,0.177142857
1512,0.188571429
1513,0.194285714
1514,0.2
1515,0.194285714
1516,0.165714286
1517,0.131428571
1518,0.131428571
1519,0.154285714
1520,0.194285714
1521,0.205714286
1522,0.205714286
1523,0.2
1524,0.177142857
1525,0.171428571
1526,0.177142857
1527,0.194285714
1528,0.2
1529,0.194285714
1530,0.194285714
1531,0.194285714
1532,0.194285714
1533,0.2
1534,0.194285714
1535,0.188571429
1536,0.188571429
1537,0.188571429
1538,0.2
1539,0.188571429
1540,0.165714286
1541,0.154285714
1542,0.165714286
1543,0.188571429
1544,0.2
1545,0.194285714
1546,0.188571429
1547,0.177142857
1548,0.177142857
1549,0.194285714
1550,0.188571429
1551,0.2
1552,0.2
1553,0.2
1554,0.2
1555,0.194285714
1556,0.2
1557,0.2
1558,0.2
1559,0.2
1560,0.194285714
1561,0.188571429
1562,0.2
1563,0.2
1564,0.194285714
1565,0.188571429
1566,0.188571429
1567,0.2
1568,0.205714286
1569,0.2
1570,0.188571429
1571,0.194285714
1572,0.2
1573,0.2
1574,0.188571429
1575,0.188571429
1576,0.188571429
1577,0.182857143
1578,0.182857143
1579,0.182857143
1580,0.182857143
1581,0.182857143
1582,0.182857143
1583,0.182857143
1584,0.182857143
1585,0.188571429
1586,0.188571429
1587,0.188571429
1588,0.188571429
1589,0.188571429
1590,0.182857143
1591,0.171428571
1592,0.182857143
1593,0.182857143
1594,0.188571429
1595,0.188571429
1596,0.188571429
1597,0.188571429
1598,0.188571429
1599,0.188571429
1600,0.188571429
1601,0.188571429
1602,0.188571429
1603,0.188571429
1604,0.188571429
1605,0.188571429
1606,0.188571429
1607,0.188571429
1608,0.188571429
1609,0.188571429
1610,0.188571429
1611,0.188571429
1612,0.188571429
1613,0.188571429
1614,0.188571429
1615,0.188571429
1616,0.188571429
1617,0.188571429
1618,0.188571429
1619,0.188571429
1620,0.188571429
1621,0.188571429
1622,0.188571429
1623,0.188571429
1624,0.188571429
1625,0.188571429
1626,0.188571429
1627,0.188571429
1628,0.188571429
1629,0.188571429
1630,0.188571429
1631,0.188571429
1632,0.188571429
1633,0.188571429
1634,0.188571429
1635,0.188571429
1636,0.188571429
1637,0.188571429
1638,0.188571429
1639,0.188571429
1640,0.188571429
1641,0.182857143
1642,0.182857143
1643,0.182857143
1644,0.182857143
1645,0.165714286
1646,0.182857143
1647,0.182857143
1648,0.165714286
1649,0.177142857
1650,0.182857143
1651,0.182857143
1652,0.177142857
1653,0.177142857
1654,0.177142857
1655,0.177142857
1656,0.177142857
1657,0.177142857
1658,0.177142857
1659,0.177142857
1660,0.177142857
1661,0.177142857
1662,0.177142857
1663,0.171428571
1664,0.171428571
1665,0.177142857
1666,0.177142857
1667,0.177142857
1668,0.148571429
1669,0.154285714
1670,0.177142857
1671,0.182857143
1672,0.177142857
1673,0.177142857
1674,0.177142857
1675,0.177142857
1676,0.182857143
1677,0.182857143
1678,0.182857143
1679,0.182857143
1680,0.177142857
1681,0.177142857
1682,0.177142857
1683,0.177142857
1684,0.171428571
1685,0.171428571
1686,0.171428571
1687,0.177142857
1688,0.177142857
1689,0.177142857
1690,0.177142857
1691,0.177142857
1692,0.177142857
1693,0.182857143
1694,0.182857143
1695,0.182857143
1696,0.182857143
1697,0.182857143
1698,0.182857143
1699,0.182857143
1700,0.182857143
1701,0.182857143
1702,0.182857143
1703,0.188571429
1704,0.182857143
1705,0.188571429
1706,0.182857143
1707,0.182857143
1708,0.182857143
1709,0.182857143
1710,0.182857143
1711,0.182857143
1712,0.182857143
1713,0.182857143
1714,0.182857143
1715,0.188571429
1716,0.188571429
1717,0.188571429
1718,0.188571429
1719,0.188571429
1720,0.188571429
1721,0.194285714
1722,0.188571429
1723,0.188571429
1724,0.188571429
1725,0.188571429
1726,0.188571429
1727,0.188571429
1728,0.188571429
1729,0.188571429
1730,0.188571429
1731,0.188571429
1732,0.188571429
1733,0.188571429
1734,0.188571429
1735,0.188571429
1736,0.188571429
1737,0.182857143
1738,0.182857143
1739,0.182857143
1740,0.177142857
1741,0.177142857
1742,0.177142857
1743,0.177142857
1744,0.177142857
1745,0.171428571
1746,0.165714286
1747,0.154285714
1748,0.148571429
1749,0.142857143
1750,0.148571429
1751,0.142857143
1752,0.137142857
1753,0.137142857
1754,0.131428571
1755,0.131428571
1756,0.125714286
1757,0.125714286
1758,0.125714286
1759,0.12
1760,0.114285714
1761,0.114285714
1762,0.102857143
1763,0.097142857
1764,0.091428571
1765,0.085714286
1766,0.085714286
1767,0.08
1768,0.074285714
1769,0.074285714
1770,0.068571429
1771,0.062857143
1772,0.062857143
1773,0.057142857
1774,0.057142857
1775,0.051428571
1776,0.051428571
1777,0.045714286
1778,0.045714286
1779,0.04
1780,0.04
1781,0.04
1782,0.034285714
1783,0.034285714
1784,0.034285714
1785,0.04
1786,0.04
1787,0.04
1788,0.04
1789,0.034285714
1790,0.034285714
1791,0.034285714
1792,0.034285714
1793,0.034285714
1794,0.028571429
1795,0.017142857
1796,0.022857143
1797,0.022857143
1798,0.022857143
1799,0.022857143
1800,0.022857143
1801,0.022857143
1802,0.022857143
1803,0.022857143
1804,0.022857143
1805,0.022857143
1806,0.022857143
1807,0.022857143
1808,0.022857143
1809,0.022857143
1810,0.022857143
1811,0.022857143
1812,0.022857143
1813,0.022857143
1814,0.022857143
1815,0.028571429
1816,0.028571429
1817,0.034285714
1818,0.028571429
1819,0.034285714
1820,0.034285714
1821,0.034285714
1822,0.034285714
1823,0.034285714
1824,0.034285714
1825,0.034285714
1826,0.034285714
1827,0.034285714
1828,0.034285714
1829,0.034285714
1830,0.04
1831,0.045714286
1832,0.045714286
1833,0.051428571
1834,0.062857143
1835,0.062857143
1836,0.068571429
1837,0.074285714
1838,0.074285714
1839,0.074285714
1840,0.074285714
1841,0.068571429
1842,0.074285714
1843,0.074285714
1844,0.074285714
1845,0.074285714
1846,0.074285714
1847,0.074285714
1848,0.074285714
1849,0.074285714
1850,0.074285714
1851,0.074285714
1852,0.074285714
1853,0.074285714
1854,0.074285714
1855,0.074285714
1856,0.074285714
1857,0.074285714
1858,0.074285714
1859,0.074285714
1860,0.074285714
1861,0.08
1862,0.091428571
1863,0.102857143
1864,0.102857143
1865,0.102857143
1866,0.102857143
1867,0.097142857
1868,0.097142857
1869,0.097142857
1870,0.097142857
1871,0.091428571
1872,0.091428571
1873,0.097142857
1874,0.097142857
1875,0.097142857
1876,0.097142857
1877,0.097142857
1878,0.097142857
1879,0.114285714
1880,0.114285714
1881,0.114285714
1882,0.114285714
1883,0.114285714
1884,0.114285714
1885,0.108571429
1886,0.108571429
1887,0.131428571
1888,0.148571429
1889,0.148571429
1890,0.148571429
1891,0.148571429
1892,0.148571429
1893,0.148571429
1894,0.148571429
1895,0.148571429
1896,0.148571429
1897,0.148571429
1898,0.142857143
1899,0.142857143
1900,0.131428571
1901,0.137142857
1902,0.142857143
1903,0.131428571
1904,0.12
1905,0.12
1906,0.137142857
1907,0.142857143
1908,0.148571429
1909,0.148571429
1910,0.16
1911,0.171428571
1912,0.171428571
1913,0.177142857
1914,0.177142857
1915,0.177142857
1916,0.177142857
1917,0.182857143
1918,0.177142857
1919,0.171428571
1920,0.171428571
1921,0.171428571
1922,0.171428571
1923,0.171428571
1924,0.171428571
1925,0.171428571
1926,0.171428571
1927,0.165714286
1928,0.125714286
1929,0.137142857
1930,0.137142857
1931,0.137142857
1932,0.131428571
1933,0.142857143
1934,0.165714286
1935,0.171428571
1936,0.171428571
1937,0.171428571
1938,0.165714286
1939,0.171428571
1940,0.171428571
1941,0.171428571
1942,0.171428571
1943,0.171428571
1944,0.171428571
1945,0.171428571
1946,0.165714286
1947,0.165714286
1948,0.165714286
1949,0.171428571
1950,0.171428571
1951,0.171428571
1952,0.177142857
1953,0.171428571
1954,0.171428571
1955,0.171428571
1956,0.171428571
1957,0.171428571
1958,0.171428571
1959,0.171428571
1960,0.171428571
1961,0.171428571
1962,0.171428571
1963,0.171428571
1964,0.171428571
1965,0.171428571
1966,0.165714286
1967,0.165714286
1968,0.171428571
1969,0.177142857
1970,0.177142857
1971,0.177142857
1972,0.171428571
1973,0.165714286
1974,0.165714286
1975,0.165714286
1976,0.171428571
1977,0.165714286
1978,0.171428571
1979,0.171428571
1980,0.171428571
1981,0.171428571
1982,0.177142857
1983,0.177142857
1984,0.177142857
1985,0.177142857
1986,0.177142857
1987,0.177142857
1988,0.177142857
1989,0.177142857
1990,0.177142857
1991,0.177142857
1992,0.177142857
1993,0.177142857
1994,0.177142857
1995,0.177142857
1996,0.177142857
1997,0.177142857
1998,0.177142857
1999,0.177142857
2000,0.177142857
2001,0.177142857
2002,0.182857143
2003,0.177142857
2004,0.182857143
2005,0.182857143
2006,0.188571429
2007,0.194285714
2008,0.194285714
2009,0.194285714
2010,0.188571429
2011,0.194285714
2012,0.177142857
2013,0.165714286
2014,0.177142857
2015,0.177142857
2016,0.177142857
2017,0.182857143
2018,0.182857143
2019,0.171428571
2020,0.171428571
2021,0.177142857
2022,0.188571429
2023,0.177142857
2024,0.165714286
2025,0.188571429
2026,0.194285714
2027,0.194285714
2028,0.2
2029,0.2
2030,0.188571429
2031,0.188571429
2032,0.194285714
2033,0.2
2034,0.2
2035,0.2
2036,0.2
2037,0.194285714
2038,0.2
2039,0.2
2040,0.2
2041,0.194285714
2042,0.194285714
2043,0.194285714
2044,0.2
2045,0.182857143
2046,0.16
2047,0.148571429
2048,0.148571429
2049,0.154285714
2050,0.154285714
2051,0.154285714
2052,0.16
2053,0.16
2054,0.16
2055,0.16
2056,0.16
2057,0.16
2058,0.16
2059,0.16
2060,0.154285714
2061,0.154285714
2062,0.154285714
2063,0.154285714
2064,0.148571429
2065,0.125714286
2066,0.125714286
2067,0.131428571
2068,0.148571429
2069,0.154285714
2070,0.16
2071,0.16
2072,0.148571429
2073,0.142857143
2074,0.148571429
2075,0.154285714
2076,0.154285714
2077,0.16
2078,0.165714286
2079,0.148571429
2080,0.142857143
2081,0.148571429
2082,0.154285714
2083,0.148571429
2084,0.142857143
2085,0.137142857
2086,0.137142857
2087,0.137142857
2088,0.137142857
2089,0.142857143
2090,0.137142857
2091,0.131428571
2092,0.131428571
2093,0.131428571
2094,0.131428571
2095,0.142857143
2096,0.142857143
2097,0.148571429
2098,0.154285714
2099,0.154285714
2100,0.154285714
2101,0.154285714
2102,0.148571429
2103,0.154285714
2104,0.154285714
2105,0.154285714
2106,0.148571429
2107,0.148571429
2108,0.142857143
2109,0.148571429
2110,0.148571429
2111,0.154285714
2112,0.154285714
2113,0.131428571
2114,0.125714286
2115,0.137142857
2116,0.142857143
2117,0.142857143
2118,0.148571429
2119,0.148571429
2120,0.148571429
2121,0.148571429
2122,0.142857143
2123,0.148571429
2124,0.148571429
2125,0.148571429
2126,0.148571429
2127,0.148571429
2128,0.148571429
2129,0.148571429
2130,0.148571429
2131,0.148571429
2132,0.148571429
2133,0.148571429
2134,0.148571429
2135,0.137142857
2136,0.08
2137,0.125714286
2138,0.154285714
2139,0.148571429
2140,0.142857143
2141,0.142857143
2142,0.142857143
2143,0.137142857
2144,0.137142857
2145,0.137142857
2146,0.137142857
2147,0.137142857
2148,0.137142857
2149,0.137142857
2150,0.137142857
2151,0.137142857
2152,0.137142857
2153,0.137142857
2154,0.137142857
2155,0.137142857
2156,0.137142857
2157,0.137142857
2158,0.137142857
2159,0.137142857
2160,0.137142857
2161,0.142857143
2162,0.148571429
2163,0.142857143
2164,0.125714286
2165,0.12
2166,0.12
2167,0.125714286
2168,0.137142857
2169,0.154285714
2170,0.154285714
2171,0.154285714
2172,0.131428571
2173,0.125714286
2174,0.142857143
2175,0.142857143
2176,0.142857143
2177,0.142857143
2178,0.142857143
2179,0.142857143
2180,0.142857143
2181,0.137142857
2182,0.131428571
2183,0.131428571
2184,0.137142857
2185,0.137142857
2186,0.137142857
2187,0.137142857
2188,0.131428571
2189,0.114285714
2190,0.102857143
2191,0.097142857
2192,0.102857143
2193,0.131428571
2194,0.16
2195,0.154285714
2196,0.137142857
2197,0.137142857
2198,0.131428571
2199,0.131428571
2200,0.142857143
2201,0.142857143
2202,0.148571429
2203,0.137142857
2204,0.137142857
2205,0.137142857
2206,0.137142857
2207,0.137142857
2208,0.137142857
2209,0.142857143
2210,0.148571429
2211,0.142857143
2212,0.137142857
2213,0.142857143
2214,0.142857143
2215,0.142857143
2216,0.142857143
2217,0.131428571
2218,0.125714286
2219,0.12
2220,0.125714286
2221,0.154285714
2222,0.16
2223,0.137142857
2224,0.12
2225,0.125714286
2226,0.131428571
2227,0.114285714
2228,0.12
2229,0.142857143
2230,0.148571429
2231,0.154285714
2232,0.137142857
2233,0.125714286
2234,0.131428571
2235,0.131428571
2236,0.131428571
2237,0.131428571
2238,0.131428571
2239,0.137142857
2240,0.142857143
2241,0.148571429
2242,0.148571429
2243,0.142857143
2244,0.137142857
2245,0.137142857
2246,0.137142857
2247,0.137142857
2248,0.137142857
2249,0.125714286
2250,0.125714286
2251,0.142857143
2252,0.142857143
2253,0.142857143
2254,0.131428571
2255,0.131428571
2256,0.137142857
2257,0.142857143
2258,0.142857143
2259,0.137142857
2260,0.097142857
2261,0.091428571
2262,0.12
2263,0.125714286
2264,0.097142857
2265,0.051428571
2266,0.062857143
2267,0.097142857
2268,0.137142857
2269,0.148571429
2270,0.154285714
2271,0.137142857
2272,0.137142857
2273,0.137142857
2274,0.137142857
2275,0.131428571
2276,0.12
2277,0.102857143
2278,0.108571429
2279,0.125714286
2280,0.148571429
2281,0.137142857
2282,0.091428571
2283,0.08
2284,0.097142857
2285,0.114285714
2286,0.131428571
2287,0.154285714
2288,0.154285714
2289,0.12
2290,0.097142857
2291,0.085714286
2292,0.097142857
2293,0.125714286
2294,0.137142857
2295,0.142857143
2296,0.142857143
2297,0.131428571
2298,0.12
2299,0.114285714
2300,0.12
2301,0.12
2302,0.114285714
2303,0.097142857
2304,0.097142857
2305,0.114285714
2306,0.142857143
2307,0.142857143
2308,0.131428571
2309,0.125714286
2310,0.125714286
2311,0.12
2312,0.114285714
2313,0.108571429
2314,0.102857143
2315,0.108571429
2316,0.114285714
2317,0.12
2318,0.12
2319,0.12
2320,0.125714286
2321,0.131428571
2322,0.142857143
2323,0.137142857
2324,0.131428571
2325,0.125714286
2326,0.125714286
2327,0.131428571
2328,0.137142857
2329,0.137142857
2330,0.142857143
2331,0.148571429
2332,0.142857143
2333,0.131428571
2334,0.12
2335,0.114285714
2336,0.114285714
2337,0.12
2338,0.131428571
2339,0.142857143
2340,0.142857143
2341,0.154285714
2342,0.16
2343,0.142857143
2344,0.125714286
2345,0.12
2346,0.12
2347,0.12
2348,0.125714286
2349,0.12
2350,0.114285714
2351,0.114285714
2352,0.125714286
2353,0.137142857
2354,0.142857143
2355,0.142857143
2356,0.142857143
2357,0.142857143
2358,0.142857143
2359,0.137142857
2360,0.12
2361,0.114285714
2362,0.114285714
2363,0.125714286
2364,0.125714286
2365,0.131428571
2366,0.137142857
2367,0.137142857
2368,0.137142857
2369,0.137142857
2370,0.137142857
2371,0.137142857
2372,0.137142857
2373,0.137142857
2374,0.142857143
2375,0.142857143
2376,0.142857143
2377,0.148571429
2378,0.148571429
2379,0.148571429
2380,0.148571429
2381,0.137142857
2382,0.131428571
2383,0.131428571
2384,0.137142857
2385,0.137142857
2386,0.137142857
2387,0.137142857
2388,0.142857143
2389,0.148571429
2390,0.148571429
2391,0.154285714
2392,0.165714286
2393,0.154285714
2394,0.137142857
2395,0.131428571
2396,0.137142857
2397,0.148571429
2398,0.148571429
2399,0.148571429
2400,0.148571429
2401,0.148571429
2402,0.148571429
2403,0.148571429
2404,0.142857143
2405,0.148571429
2406,0.148571429
2407,0.142857143
2408,0.142857143
2409,0.137142857
2410,0.142857143
2411,0.142857143
2412,0.137142857
2413,0.131428571
2414,0.131428571
2415,0.131428571
2416,0.137142857
2417,0.148571429
2418,0.154285714
2419,0.137142857
2420,0.125714286
2421,0.12
2422,0.12
2423,0.12
2424,0.12
2425,0.114285714
2426,0.12
2427,0.131428571
2428,0.154285714
2429,0.154285714
2430,0.148571429
2431,0.131428571
2432,0.125714286
2433,0.131428571
2434,0.125714286
2435,0.125714286
2436,0.125714286
2437,0.137142857
2438,0.137142857
2439,0.148571429
2440,0.154285714
2441,0.154285714
2442,0.142857143
2443,0.131428571
2444,0.108571429
2445,0.12
2446,0.142857143
2447,0.137142857
2448,0.131428571
2449,0.12
2450,0.12
2451,0.12
2452,0.125714286
2453,0.125714286
2454,0.125714286
2455,0.125714286
2456,0.125714286
2457,0.125714286
2458,0.125714286
2459,0.125714286
2460,0.125714286
2461,0.131428571
2462,0.131428571
2463,0.137142857
2464,0.137142857
2465,0.131428571
2466,0.131428571
2467,0.125714286
2468,0.12
2469,0.125714286
2470,0.12
2471,0.12
2472,0.12
2473,0.125714286
2474,0.12
2475,0.12
2476,0.114285714
2477,0.102857143
2478,0.102857143
2479,0.108571429
2480,0.125714286
2481,0.137142857
2482,0.148571429
2483,0.125714286
2484,0.091428571
2485,0.102857143
2486,0.125714286
2487,0.131428571
2488,0.125714286
2489,0.108571429
2490,0.102857143
2491,0.108571429
2492,0.114285714
2493,0.108571429
2494,0.12
2495,0.12
2496,0.12
2497,0.114285714
2498,0.114285714
2499,0.114285714
2500,0.114285714
2501,0.108571429
2502,0.108571429
2503,0.108571429
2504,0.114285714
2505,0.12
2506,0.12
2507,0.12
2508,0.114285714
2509,0.097142857
2510,0.091428571
2511,0.091428571
2512,0.085714286
2513,0.085714286
2514,0.108571429
2515,0.131428571
2516,0.142857143
2517,0.131428571
2518,0.108571429
2519,0.091428571
2520,0.085714286
2521,0.085714286
2522,0.085714286
2523,0.085714286
2524,0.085714286
2525,0.091428571
2526,0.102857143
2527,0.125714286
2528,0.142857143
2529,0.148571429
2530,0.12
2531,0.068571429
2532,0.062857143
2533,0.068571429
2534,0.068571429
2535,0.085714286
2536,0.137142857
2537,0.154285714
2538,0.108571429
2539,0.045714286
2540,0.04
2541,0.08
2542,0.114285714
2543,0.137142857
2544,0.125714286
2545,0.097142857
2546,0.091428571
2547,0.108571429
2548,0.114285714
2549,0.108571429
2550,0.097142857
2551,0.091428571
2552,0.108571429
2553,0.12
2554,0.108571429
2555,0.08
2556,0.068571429
2557,0.085714286
2558,0.114285714
2559,0.108571429
2560,0.108571429
2561,0.12
2562,0.12
2563,0.114285714
2564,0.102857143
2565,0.108571429
2566,0.125714286
2567,0.108571429
2568,0.085714286
2569,0.068571429
2570,0.085714286
2571,0.108571429
2572,0.102857143
2573,0.085714286
2574,0.051428571
2575,0.062857143
2576,0.091428571
2577,0.114285714
2578,0.125714286
2579,0.125714286
2580,0.12
2581,0.108571429
2582,0.091428571
2583,0.085714286
2584,0.08
2585,0.074285714
2586,0.091428571
2587,0.108571429
2588,0.108571429
2589,0.114285714
2590,0.114285714
2591,0.114285714
2592,0.108571429
2593,0.102857143
2594,0.102857143
2595,0.097142857
2596,0.102857143
2597,0.102857143
2598,0.102857143
2599,0.102857143
2600,0.102857143
2601,0.102857143
2602,0.097142857
2603,0.097142857
2604,0.102857143
2605,0.102857143
2606,0.091428571
2607,0.085714286
2608,0.085714286
2609,0.08
2610,0.08
2611,0.091428571
2612,0.102857143
2613,0.108571429
2614,0.108571429
2615,0.114285714
2616,0.114285714
2617,0.108571429
2618,0.102857143
2619,0.091428571
2620,0.085714286
2621,0.085714286
2622,0.085714286
2623,0.091428571
2624,0.102857143
2625,0.102857143
2626,0.102857143
2627,0.097142857
2628,0.085714286
2629,0.08
2630,0.085714286
2631,0.085714286
2632,0.097142857
2633,0.114285714
2634,0.12
2635,0.108571429
2636,0.091428571
2637,0.08
2638,0.074285714
2639,0.08
2640,0.08
2641,0.08
2642,0.074285714
2643,0.08
2644,0.091428571
2645,0.108571429
2646,0.108571429
2647,0.102857143
2648,0.091428571
2649,0.085714286
2650,0.085714286
2651,0.085714286
2652,0.085714286
2653,0.08
2654,0.085714286
2655,0.085714286
2656,0.08
2657,0.08
2658,0.08
2659,0.08
2660,0.085714286
2661,0.091428571
2662,0.097142857
2663,0.097142857
2664,0.097142857
2665,0.091428571
2666,0.08
2667,0.068571429
2668,0.074285714
2669,0.074285714
2670,0.08
2671,0.085714286
2672,0.085714286
2673,0.091428571
2674,0.108571429
2675,0.114285714
2676,0.114285714
2677,0.097142857
2678,0.062857143
2679,0.04
2680,0.057142857
2681,0.102857143
2682,0.12
2683,0.097142857
2684,0.068571429
2685,0.068571429
2686,0.08
2687,0.085714286
2688,0.085714286
2689,0.085714286
2690,0.085714286
2691,0.08
2692,0.085714286
2693,0.085714286
2694,0.08
2695,0.08
2696,0.08
2697,0.08
2698,0.085714286
2699,0.085714286
2700,0.085714286
2701,0.091428571
2702,0.097142857
2703,0.091428571
2704,0.085714286
2705,0.085714286
2706,0.08
2707,0.08
2708,0.074285714
2709,0.08
2710,0.08
2711,0.085714286
2712,0.08
2713,0.085714286
2714,0.085714286
2715,0.085714286
2716,0.085714286
2717,0.085714286
2718,0.085714286
2719,0.085714286
2720,0.08
2721,0.08
2722,0.085714286
2723,0.102857143
2724,0.102857143
2725,0.074285714
2726,0.034285714
2727,0.034285714
2728,0.062857143
2729,0.108571429
2730,0.137142857
2731,0.131428571
2732,0.102857143
2733,0.068571429
2734,0.051428571
2735,0.051428571
2736,0.057142857
2737,0.068571429
2738,0.08
2739,0.085714286
2740,0.097142857
2741,0.102857143
2742,0.091428571
2743,0.074285714
2744,0.062857143
2745,0.057142857
2746,0.062857143
2747,0.074285714
2748,0.074285714
2749,0.085714286
2750,0.091428571
2751,0.091428571
2752,0.085714286
2753,0.085714286
2754,0.091428571
2755,0.114285714
2756,0.125714286
2757,0.102857143
2758,0.074285714
2759,0.062857143
2760,0.057142857
2761,0.068571429
2762,0.074285714
2763,0.08
2764,0.08
2765,0.08
2766,0.085714286
2767,0.102857143
2768,0.097142857
2769,0.085714286
2770,0.074285714
2771,0.062857143
2772,0.068571429
2773,0.091428571
2774,0.108571429
2775,0.108571429
2776,0.085714286
2777,0.051428571
2778,0.045714286
2779,0.057142857
2780,0.074285714
2781,0.085714286
2782,0.091428571
2783,0.108571429
2784,0.108571429
2785,0.097142857
2786,0.091428571
2787,0.068571429
2788,0.04
2789,0.097142857
2790,0.114285714
2791,0.102857143
2792,0.097142857
2793,0.074285714
2794,0.062857143
2795,0.068571429
2796,0.091428571
2797,0.114285714
2798,0.12
2799,0.108571429
2800,0.091428571
2801,0.057142857
2802,0.057142857
2803,0.062857143
2804,0.091428571
2805,0.097142857
2806,0.097142857
2807,0.097142857
2808,0.097142857
2809,0.091428571
2810,0.091428571
2811,0.085714286
2812,0.085714286
2813,0.085714286
2814,0.08
2815,0.068571429
2816,0.074285714
2817,0.085714286
2818,0.091428571
2819,0.085714286
2820,0.08
2821,0.08
2822,0.08
2823,0.08
2824,0.085714286
2825,0.085714286
2826,0.091428571
2827,0.08
2828,0.08
2829,0.08
2830,0.091428571
2831,0.108571429
2832,0.102857143
2833,0.097142857
2834,0.085714286
2835,0.074285714
2836,0.068571429
2837,0.068571429
2838,0.068571429
2839,0.068571429
2840,0.068571429
2841,0.085714286
2842,0.102857143
2843,0.097142857
2844,0.091428571
2845,0.085714286
2846,0.08
2847,0.068571429
2848,0.068571429
2849,0.074285714
2850,0.08
2851,0.085714286
2852,0.097142857
2853,0.097142857
2854,0.091428571
2855,0.085714286
2856,0.074285714
2857,0.08
2858,0.085714286
2859,0.085714286
2860,0.097142857
2861,0.091428571
2862,0.074285714
2863,0.057142857
2864,0.057142857
2865,0.068571429
2866,0.085714286
2867,0.08
2868,0.074285714
2869,0.085714286
2870,0.074285714
2871,0.074285714
2872,0.102857143
2873,0.114285714
2874,0.097142857
2875,0.08
2876,0.068571429
2877,0.068571429
2878,0.062857143
2879,0.068571429
2880,0.074285714
2881,0.08
2882,0.091428571
2883,0.097142857
2884,0.091428571
2885,0.074285714
2886,0.062857143
2887,0.074285714
2888,0.074285714
2889,0.074285714
2890,0.062857143
2891,0.08
2892,0.08
2893,0.085714286
2894,0.08
2895,0.085714286
2896,0.085714286
2897,0.08
2898,0.074285714
2899,0.068571429
2900,0.068571429
2901,0.074285714
2902,0.085714286
2903,0.08
2904,0.08
2905,0.074285714
2906,0.08
2907,0.08
2908,0.08
2909,0.074285714
2910,0.062857143
2911,0.057142857
2912,0.051428571
2913,0.057142857
2914,0.062857143
2915,0.068571429
2916,0.062857143
2917,0.068571429
2918,0.085714286
2919,0.097142857
2920,0.085714286
2921,0.074285714
2922,0.068571429
2923,0.074285714
2924,0.074285714
2925,0.085714286
2926,0.114285714
2927,0.125714286
2928,0.097142857
2929,0.051428571
2930,0.022857143
2931,0.04
2932,0.08
2933,0.108571429
2934,0.102857143
2935,0.074285714
2936,0.045714286
2937,0.045714286
2938,0.045714286
2939,0.051428571
2940,0.057142857
2941,0.062857143
2942,0.068571429
2943,0.08
2944,0.085714286
2945,0.085714286
2946,0.091428571
2947,0.085714286
2948,0.068571429
2949,0.062857143
2950,0.062857143
2951,0.08
2952,0.097142857
2953,0.097142857
2954,0.08
2955,0.068571429
2956,0.057142857
2957,0.057142857
2958,0.062857143
2959,0.08
2960,0.097142857
2961,0.097142857
2962,0.097142857
2963,0.102857143
2964,0.12
2965,0.12
2966,0.102857143
2967,0.091428571
2968,0.074285714
2969,0.062857143
2970,0.074285714
2971,0.08
2972,0.091428571
2973,0.091428571
2974,0.085714286
2975,0.068571429
2976,0.074285714
2977,0.08
2978,0.085714286
2979,0.08
2980,0.074285714
2981,0.062857143
2982,0.062857143
2983,0.097142857
2984,0.12
2985,0.12
2986,0.102857143
2987,0.08
2988,0.057142857
2989,0.045714286
2990,0.057142857
2991,0.085714286
2992,0.102857143
2993,0.102857143
2994,0.102857143
2995,0.097142857
2996,0.08
2997,0.074285714
2998,0.074285714
2999,0.074285714
3000,0.085714286
3001,0.085714286
3002,0.085714286
3003,0.085714286
3004,0.074285714
3005,0.068571429
3006,0.068571429
3007,0.068571429
3008,0.074285714
3009,0.08
3010,0.097142857
3011,0.097142857
3012,0.097142857
3013,0.085714286
3014,0.045714286
3015,0.034285714
3016,0.051428571
3017,0.062857143
3018,0.074285714
3019,0.08
3020,0.085714286
3021,0.091428571
3022,0.091428571
3023,0.085714286
3024,0.085714286
3025,0.08
3026,0.074285714
3027,0.074285714
3028,0.074285714
3029,0.068571429
3030,0.074285714
3031,0.074285714
3032,0.068571429
3033,0.068571429
3034,0.074285714
3035,0.08
3036,0.085714286
3037,0.08
3038,0.074285714
3039,0.074285714
3040,0.068571429
3041,0.057142857
3042,0.045714286
3043,0.045714286
3044,0.085714286
3045,0.114285714
3046,0.102857143
3047,0.068571429
3048,0.04
3049,0.022857143
3050,0.028571429
3051,0.062857143
3052,0.097142857
3053,0.091428571
3054,0.08
3055,0.074285714
3056,0.062857143
3057,0.068571429
3058,0.074285714
3059,0.08
3060,0.102857143
3061,0.085714286
3062,0.08
3063,0.08
3064,0.074285714
3065,0.08
3066,0.08
3067,0.097142857
3068,0.12
3069,0.148571429
3070,0.137142857
3071,0.114285714
3072,0.102857143
3073,0.097142857
3074,0.097142857
3075,0.108571429
3076,0.114285714
3077,0.091428571
3078,0.068571429
3079,0.062857143
3080,0.08
3081,0.102857143
3082,0.114285714
3083,0.114285714
3084,0.102857143
3085,0.108571429
3086,0.108571429
3087,0.12
3088,0.131428571
3089,0.137142857
3090,0.16
3091,0.165714286
3092,0.154285714
3093,0.131428571
3094,0.108571429
3095,0.097142857
3096,0.108571429
3097,0.097142857
3098,0.131428571
3099,0.148571429
3100,0.142857143
3101,0.125714286
3102,0.114285714
3103,0.131428571
3104,0.137142857
3105,0.125714286
3106,0.125714286
3107,0.142857143
3108,0.142857143
3109,0.142857143
3110,0.125714286
3111,0.102857143
3112,0.102857143
3113,0.108571429
3114,0.125714286
3115,0.137142857
3116,0.131428571
3117,0.148571429
3118,0.16
3119,0.16
3120,0.148571429
3121,0.148571429
3122,0.085714286
3123,0.04
3124,0.085714286
3125,0.142857143
3126,0.16
3127,0.182857143
3128,0.194285714
3129,0.188571429
3130,0.182857143
3131,0.16
3132,0.142857143
3133,0.125714286
3134,0.125714286
3135,0.137142857
3136,0.142857143
3137,0.142857143
3138,0.148571429
3139,0.154285714
3140,0.154285714
3141,0.154285714
3142,0.154285714
3143,0.16
3144,0.137142857
3145,0.125714286
3146,0.125714286
3147,0.125714286
3148,0.125714286
3149,0.137142857
3150,0.154285714
3151,0.165714286
3152,0.177142857
3153,0.182857143
3154,0.182857143
3155,0.165714286
3156,0.148571429
3157,0.154285714
3158,0.165714286
3159,0.177142857
3160,0.188571429
3161,0.194285714
3162,0.188571429
3163,0.188571429
3164,0.182857143
3165,0.182857143
3166,0.182857143
3167,0.194285714
3168,0.188571429
3169,0.194285714
3170,0.188571429
3171,0.182857143
3172,0.171428571
3173,0.182857143
3174,0.177142857
3175,0.177142857
3176,0.182857143
3177,0.194285714
3178,0.194285714
3179,0.194285714
3180,0.194285714
3181,0.194285714
3182,0.182857143
3183,0.154285714
3184,0.194285714
3185,0.188571429
3186,0.194285714
3187,0.188571429
3188,0.188571429
3189,0.188571429
3190,0.194285714
3191,0.188571429
3192,0.188571429
3193,0.188571429
3194,0.182857143
3195,0.16
3196,0.182857143
3197,0.188571429
3198,0.171428571
3199,0.171428571
3200,0.177142857
3201,0.188571429
3202,0.188571429
3203,0.188571429
3204,0.188571429
3205,0.182857143
3206,0.188571429
3207,0.188571429
3208,0.182857143
3209,0.182857143
3210,0.182857143
3211,0.182857143
3212,0.188571429
3213,0.194285714
3214,0.194285714
3215,0.188571429
3216,0.182857143
3217,0.182857143
3218,0.182857143
3219,0.182857143
3220,0.165714286
3221,0.16
3222,0.165714286
3223,0.188571429
3224,0.194285714
3225,0.182857143
3226,0.182857143
3227,0.165714286
3228,0.165714286
3229,0.165714286
3230,0.165714286
3231,0.171428571
3232,0.177142857
3233,0.177142857
3234,0.177142857
3235,0.177142857
3236,0.177142857
3237,0.171428571
3238,0.165714286
3239,0.148571429
3240,0.154285714
3241,0.148571429
3242,0.16
3243,0.16
3244,0.154285714
3245,0.154285714
3246,0.165714286
3247,0.171428571
3248,0.165714286
3249,0.165714286
3250,0.154285714
3251,0.148571429
3252,0.16
3253,0.165714286
3254,0.171428571
3255,0.177142857
3256,0.177142857
3257,0.171428571
3258,0.165714286
3259,0.148571429
3260,0.148571429
3261,0.16
3262,0.165714286
3263,0.16
3264,0.148571429
3265,0.148571429
3266,0.148571429
3267,0.148571429
3268,0.148571429
3269,0.148571429
3270,0.154285714
3271,0.148571429
3272,0.154285714
3273,0.148571429
3274,0.137142857
3275,0.137142857
3276,0.137142857
3277,0.137142857
3278,0.142857143
3279,0.131428571
3280,0.12
3281,0.131428571
3282,0.148571429
3283,0.16
3284,0.16
3285,0.142857143
3286,0.131428571
3287,0.125714286
3288,0.125714286
3289,0.12
3290,0.12
3291,0.131428571
3292,0.142857143
3293,0.148571429
3294,0.154285714
3295,0.148571429
3296,0.148571429
3297,0.142857143
3298,0.137142857
3299,0.142857143
3300,0.148571429
3301,0.154285714
3302,0.148571429
3303,0.142857143
3304,0.137142857
3305,0.125714286
3306,0.12
3307,0.131428571
3308,0.137142857
3309,0.148571429
3310,0.148571429
3311,0.142857143
3312,0.12
3313,0.102857143
3314,0.108571429
3315,0.131428571
3316,0.142857143
3317,0.148571429
3318,0.142857143
3319,0.137142857
3320,0.137142857
3321,0.131428571
3322,0.125714286
3323,0.131428571
3324,0.137142857
3325,0.125714286
3326,0.108571429
3327,0.102857143
3328,0.102857143
3329,0.125714286
3330,0.131428571
3331,0.148571429
3332,0.148571429
3333,0.154285714
3334,0.171428571
3335,0.165714286
3336,0.131428571
3337,0.091428571
3338,0.08
3339,0.108571429
3340,0.137142857
3341,0.165714286
3342,0.154285714
3343,0.148571429
3344,0.148571429
3345,0.148571429
3346,0.148571429
3347,0.137142857
3348,0.142857143
3349,0.131428571
3350,0.125714286
3351,0.125714286
3352,0.108571429
3353,0.102857143
3354,0.114285714
3355,0.125714286
3356,0.137142857
3357,0.148571429
3358,0.148571429
3359,0.142857143
3360,0.142857143
3361,0.12
3362,0.108571429
3363,0.102857143
3364,0.108571429
3365,0.131428571
3366,0.137142857
3367,0.142857143
3368,0.142857143
3369,0.125714286
3370,0.125714286
3371,0.12
3372,0.12
3373,0.114285714
3374,0.114285714
3375,0.125714286
3376,0.137142857
3377,0.125714286
3378,0.102857143
3379,0.091428571
3380,0.102857143
3381,0.108571429
3382,0.114285714
3383,0.102857143
3384,0.085714286
3385,0.097142857
3386,0.114285714
3387,0.125714286
3388,0.12
3389,0.114285714
3390,0.074285714
3391,0.08
3392,0.08
3393,0.091428571
3394,0.097142857
3395,0.102857143
3396,0.114285714
3397,0.108571429
3398,0.097142857
3399,0.085714286
3400,0.08
3401,0.074285714
3402,0.074285714
3403,0.08
3404,0.085714286
3405,0.08
3406,0.08
3407,0.08
3408,0.08
3409,0.08
3410,0.08
3411,0.08
3412,0.08
3413,0.085714286
3414,0.097142857
3415,0.125714286
3416,0.114285714
3417,0.085714286
3418,0.097142857
3419,0.12
3420,0.131428571
3421,0.125714286
3422,0.125714286
3423,0.097142857
3424,0.057142857
3425,0.045714286
3426,0.085714286
3427,0.097142857
3428,0.091428571
3429,0.085714286
3430,0.074285714
3431,0.068571429
3432,0.074285714
3433,0.074285714
3434,0.08
3435,0.102857143
3436,0.12
3437,0.125714286
3438,0.125714286
3439,0.114285714
3440,0.097142857
3441,0.08
3442,0.062857143
3443,0.08
3444,0.108571429
3445,0.12
3446,0.125714286
3447,0.114285714
3448,0.085714286
3449,0.062857143
3450,0.062857143
3451,0.08
3452,0.085714286
3453,0.091428571
3454,0.091428571
3455,0.091428571
3456,0.085714286
3457,0.085714286
3458,0.085714286
3459,0.085714286
3460,0.085714286
3461,0.097142857
3462,0.097142857
3463,0.097142857
3464,0.097142857
3465,0.097142857
3466,0.097142857
3467,0.108571429
3468,0.108571429
3469,0.108571429
3470,0.108571429
3471,0.108571429
3472,0.108571429
3473,0.097142857
3474,0.091428571
3475,0.091428571
3476,0.091428571
3477,0.097142857
3478,0.102857143
3479,0.102857143
3480,0.102857143
3481,0.102857143
3482,0.114285714
3483,0.131428571
3484,0.137142857
3485,0.142857143
3486,0.125714286
3487,0.091428571
3488,0.057142857
3489,0.057142857
3490,0.091428571
3491,0.125714286
3492,0.16
3493,0.131428571
3494,0.102857143
3495,0.074285714
3496,0.074285714
3497,0.097142857
3498,0.102857143
3499,0.102857143
3500,0.108571429
3501,0.108571429
3502,0.102857143
3503,0.091428571
3504,0.097142857
3505,0.102857143
3506,0.102857143
3507,0.091428571
3508,0.068571429
3509,0.062857143
3510,0.062857143
3511,0.074285714
3512,0.091428571
3513,0.102857143
3514,0.114285714
3515,0.114285714
3516,0.108571429
3517,0.102857143
3518,0.085714286
3519,0.068571429
3520,0.068571429
3521,0.074285714
3522,0.08
3523,0.08
3524,0.085714286
3525,0.091428571
3526,0.091428571
3527,0.091428571
3528,0.085714286
3529,0.085714286
3530,0.085714286
3531,0.085714286
3532,0.085714286
3533,0.085714286
3534,0.085714286
3535,0.085714286
3536,0.074285714
3537,0.08
3538,0.085714286
3539,0.091428571
3540,0.091428571
3541,0.091428571
3542,0.102857143
3543,0.12
3544,0.114285714
3545,0.102857143
3546,0.091428571
3547,0.085714286
3548,0.08
3549,0.085714286
3550,0.097142857
3551,0.097142857
3552,0.091428571
3553,0.068571429
3554,0.04
3555,0.057142857
3556,0.102857143
3557,0.137142857
3558,0.142857143
3559,0.085714286
3560,0.045714286
3561,0.034285714
3562,0.051428571
3563,0.051428571
3564,0.057142857
3565,0.068571429
3566,0.085714286
3567,0.085714286
3568,0.08
3569,0.08
3570,0.08
3571,0.068571429
3572,0.068571429
3573,0.062857143
3574,0.062857143
3575,0.062857143
3576,0.057142857
3577,0.045714286
3578,0.057142857
3579,0.102857143
3580,0.114285714
3581,0.114285714
3582,0.108571429
3583,0.097142857
3584,0.091428571
3585,0.091428571
3586,0.091428571
3587,0.085714286
3588,0.08
3589,0.074285714
3590,0.068571429
3591,0.068571429
3592,0.068571429
3593,0.074285714
3594,0.074285714
3595,0.057142857
3596,0.051428571
3597,0.057142857
3598,0.057142857
3599,0.057142857
3600,0.051428571
3601,0.051428571
3602,0.074285714
3603,0.114285714
3604,0.125714286
3605,0.12
3606,0.102857143
3607,0.102857143
3608,0.097142857
3609,0.068571429
3610,0.045714286
3611,0.045714286
3612,0.051428571
3613,0.062857143
3614,0.068571429
3615,0.074285714
3616,0.074285714
3617,0.074285714
3618,0.074285714
3619,0.068571429
3620,0.062857143
3621,0.062857143
3622,0.062857143
3623,0.062857143
3624,0.074285714
3625,0.08
3626,0.074285714
3627,0.074285714
3628,0.068571429
3629,0.068571429
3630,0.057142857
3631,0.051428571
3632,0.062857143
3633,0.074285714
3634,0.08
3635,0.08
3636,0.08
3637,0.068571429
3638,0.074285714
3639,0.074285714
3640,0.068571429
3641,0.074285714
3642,0.074285714
3643,0.068571429
3644,0.051428571
3645,0.051428571
3646,0.051428571
3647,0.062857143
3648,0.062857143
3649,0.062857143
3650,0.068571429
3651,0.08
3652,0.074285714
3653,0.062857143
3654,0.062857143
3655,0.068571429
3656,0.08
3657,0.085714286
3658,0.08
3659,0.08
3660,0.08
3661,0.08
3662,0.085714286
3663,0.074285714
3664,0.074285714
3665,0.074285714
3666,0.068571429
3667,0.057142857
3668,0.04
3669,0.057142857
3670,0.062857143
3671,0.062857143
3672,0.062857143
3673,0.057142857
3674,0.068571429
3675,0.068571429
3676,0.062857143
3677,0.074285714
3678,0.091428571
3679,0.085714286
3680,0.097142857
3681,0.091428571
3682,0.068571429
3683,0.074285714
3684,0.08
3685,0.08
3686,0.074285714
3687,0.062857143
3688,0.062857143
3689,0.074285714
3690,0.057142857
3691,0.051428571
3692,0.057142857
3693,0.057142857
3694,0.057142857
3695,0.051428571
3696,0.051428571
3697,0.051428571
3698,0.051428571
3699,0.045714286
3700,0.045714286
3701,0.062857143
3702,0.057142857
3703,0.057142857
3704,0.068571429
3705,0.068571429
3706,0.062857143
3707,0.057142857
3708,0.051428571
3709,0.051428571
3710,0.051428571
3711,0.051428571
3712,0.051428571
3713,0.051428571
3714,0.051428571
3715,0.051428571
3716,0.057142857
3717,0.04
3718,0.057142857
3719,0.062857143
3720,0.062857143
3721,0.062857143
3722,0.062857143
3723,0.057142857
3724,0.057142857
3725,0.051428571
3726,0.051428571
3727,0.057142857
3728,0.057142857
3729,0.057142857
3730,0.051428571
3731,0.057142857
3732,0.051428571
3733,0.04
3734,0.04
3735,0.045714286
3736,0.062857143
3737,0.074285714
3738,0.08
3739,0.074285714
3740,0.051428571
3741,0.051428571
3742,0.057142857
3743,0.062857143
3744,0.074285714
3745,0.085714286
3746,0.108571429
3747,0.102857143
3748,0.08
3749,0.074285714
3750,0.068571429
3751,0.08
3752,0.097142857
3753,0.108571429
3754,0.12
3755,0.108571429
3756,0.108571429
3757,0.097142857
3758,0.062857143
3759,0.017142857
3760,0.017142857
3761,0.028571429
3762,0.057142857
3763,0.068571429
3764,0.068571429
3765,0.068571429
3766,0.062857143
3767,0.062857143
3768,0.057142857
3769,0.051428571
3770,0.051428571
3771,0.057142857
3772,0.057142857
3773,0.074285714
3774,0.091428571
3775,0.085714286
3776,0.068571429
3777,0.045714286
3778,0.045714286
3779,0.08
3780,0.097142857
3781,0.085714286
3782,0.085714286
3783,0.08
3784,0.062857143
3785,0.051428571
3786,0.034285714
3787,0.022857143
3788,0.034285714
3789,0.062857143
3790,0.074285714
3791,0.085714286
3792,0.085714286
3793,0.074285714
3794,0.08
3795,0.08
3796,0.08
3797,0.08
3798,0.068571429
3799,0.068571429
3800,0.08
3801,0.091428571
3802,0.08
3803,0.062857143
3804,0.045714286
3805,0.034285714
3806,0.057142857
3807,0.068571429
3808,0.068571429
3809,0.068571429
3810,0.062857143
3811,0.057142857
3812,0.057142857
3813,0.062857143
3814,0.068571429
3815,0.085714286
3816,0.091428571
3817,0.085714286
3818,0.08
3819,0.074285714
3820,0.08
3821,0.08
3822,0.08
3823,0.085714286
3824,0.08
3825,0.08
3826,0.068571429
3827,0.051428571
3828,0.034285714
3829,0.051428571
3830,0.062857143
3831,0.062857143
3832,0.057142857
3833,0.045714286
3834,0.045714286
3835,0.062857143
3836,0.068571429
3837,0.068571429
3838,0.062857143
3839,0.057142857
3840,0.057142857
3841,0.062857143
3842,0.062857143
3843,0.062857143
3844,0.057142857
3845,0.057142857
3846,0.062857143
3847,0.062857143
3848,0.062857143
3849,0.068571429
3850,0.068571429
3851,0.068571429
3852,0.068571429
3853,0.062857143
3854,0.062857143
3855,0.062857143
3856,0.068571429
3857,0.062857143
3858,0.062857143
3859,0.068571429
3860,0.074285714
3861,0.074285714
3862,0.074285714
3863,0.074285714
3864,0.074285714
3865,0.068571429
3866,0.062857143
3867,0.068571429
3868,0.068571429
3869,0.068571429
3870,0.068571429
3871,0.074285714
3872,0.068571429
3873,0.068571429
3874,0.057142857
3875,0.051428571
3876,0.051428571
3877,0.057142857
3878,0.062857143
3879,0.057142857
3880,0.057142857
3881,0.062857143
3882,0.062857143
3883,0.062857143
3884,0.057142857
3885,0.057142857
3886,0.04
3887,0.034285714
3888,0.045714286
3889,0.057142857
3890,0.068571429
3891,0.068571429
3892,0.051428571
3893,0.04
3894,0.04
3895,0.045714286
3896,0.062857143
3897,0.074285714
3898,0.068571429
3899,0.08
3900,0.085714286
3901,0.085714286
3902,0.057142857
3903,0.051428571
3904,0.062857143
3905,0.068571429
3906,0.074285714
3907,0.068571429
3908,0.062857143
3909,0.062857143
3910,0.062857143
3911,0.068571429
3912,0.08
3913,0.08
3914,0.068571429
3915,0.062857143
3916,0.057142857
3917,0.062857143
3918,0.074285714
3919,0.08
3920,0.074285714
3921,0.074285714
3922,0.091428571
3923,0.102857143
3924,0.097142857
3925,0.085714286
3926,0.057142857
3927,0.04
3928,0.022857143
3929,0.034285714
3930,0.068571429
3931,0.085714286
3932,0.085714286
3933,0.08
3934,0.068571429
3935,0.057142857
3936,0.051428571
3937,0.057142857
3938,0.062857143
3939,0.068571429
3940,0.062857143
3941,0.062857143
3942,0.062857143
3943,0.057142857
3944,0.057142857
3945,0.057142857
3946,0.062857143
3947,0.062857143
3948,0.062857143
3949,0.062857143
3950,0.062857143
3951,0.068571429
3952,0.062857143
3953,0.051428571
3954,0.051428571
3955,0.057142857
3956,0.051428571
3957,0.057142857
3958,0.051428571
3959,0.045714286
3960,0.051428571
3961,0.068571429
3962,0.08
3963,0.074285714
3964,0.091428571
3965,0.097142857
3966,0.097142857
3967,0.102857143
3968,0.102857143
3969,0.102857143
3970,0.108571429
3971,0.125714286
3972,0.148571429
3973,0.148571429
3974,0.16
3975,0.148571429
3976,0.137142857
3977,0.131428571
3978,0.125714286
3979,0.108571429
3980,0.074285714
3981,0.04
3982,0.045714286
3983,0.068571429
3984,0.085714286
3985,0.097142857
3986,0.108571429
3987,0.125714286
3988,0.154285714
3989,0.16
3990,0.154285714
3991,0.137142857
3992,0.131428571
3993,0.12
3994,0.102857143
3995,0.097142857
3996,0.08
3997,0.074285714
3998,0.08
3999,0.102857143
4000,0.102857143
4001,0.102857143
4002,0.097142857
4003,0.091428571
4004,0.085714286
4005,0.08
4006,0.074285714
4007,0.068571429
4008,0.062857143
4009,0.062857143
4010,0.062857143
4011,0.062857143
4012,0.051428571
4013,0.051428571
4014,0.04
4015,0.051428571
4016,0.068571429
4017,0.074285714
4018,0.08
4019,0.085714286
4020,0.091428571
4021,0.08
4022,0.068571429
4023,0.062857143
4024,0.057142857
4025,0.04
4026,0.034285714
4027,0.045714286
4028,0.062857143
4029,0.062857143
4030,0.057142857
4031,0.062857143
4032,0.062857143
4033,0.057142857
4034,0.04
4035,0.028571429
4036,0.028571429
4037,0.028571429
4038,0.045714286
4039,0.068571429
4040,0.074285714
4041,0.08
4042,0.068571429
4043,0.057142857
4044,0.051428571
4045,0.051428571
4046,0.051428571
4047,0.051428571
4048,0.051428571
4049,0.045714286
4050,0.051428571
4051,0.051428571
4052,0.057142857
4053,0.062857143
4054,0.062857143
4055,0.057142857
4056,0.057142857
4057,0.051428571
4058,0.045714286
4059,0.034285714
4060,0.034285714
4061,0.034285714
4062,0.034285714
4063,0.051428571
4064,0.068571429
4065,0.068571429
4066,0.062857143
4067,0.062857143
4068,0.057142857
4069,0.057142857
4070,0.057142857
4071,0.062857143
4072,0.062857143
4073,0.045714286
4074,0.04
4075,0.051428571
4076,0.091428571
4077,0.091428571
4078,0.08
4079,0.062857143
4080,0.057142857
4081,0.057142857
4082,0.057142857
4083,0.068571429
4084,0.068571429
4085,0.051428571
4086,0.028571429
4087,0.022857143
4088,0.04
4089,0.057142857
4090,0.085714286
4091,0.108571429
4092,0.091428571
4093,0.057142857
4094,0.04
4095,0.034285714
4096,0.051428571
4097,0.068571429
4098,0.057142857
4099,0.057142857
4100,0.057142857
4101,0.057142857
4102,0.04
4103,0.034285714
4104,0.034285714
4105,0.034285714
4106,0.085714286
4107,0.097142857
4108,0.074285714
4109,0.045714286
4110,0.022857143
4111,0.022857143
4112,0.022857143
4113,0.051428571
4114,0.068571429
4115,0.062857143
4116,0.068571429
4117,0.068571429
4118,0.045714286
4119,0.034285714
4120,0.04
4121,0.057142857
4122,0.074285714
4123,0.085714286
4124,0.062857143
4125,0.045714286
4126,0.045714286
4127,0.045714286
4128,0.045714286
4129,0.034285714
4130,0.028571429
4131,0.045714286
4132,0.068571429
4133,0.08
4134,0.068571429
4135,0.068571429
4136,0.051428571
4137,0.04
4138,0.04
4139,0.045714286
4140,0.051428571
4141,0.057142857
4142,0.04
4143,0.034285714
4144,0.04
4145,0.062857143
4146,0.062857143
4147,0.057142857
4148,0.051428571
4149,0.051428571
4150,0.045714286
4151,0.022857143
4152,0.017142857
4153,0.028571429
4154,0.04
4155,0.057142857
4156,0.074285714
4157,0.068571429
4158,0.057142857
4159,0.051428571
4160,0.057142857
4161,0.057142857
4162,0.062857143
4163,0.057142857
4164,0.057142857
4165,0.057142857
4166,0.062857143
4167,0.062857143
4168,0.062857143
4169,0.045714286
4170,0.022857143
4171,0.022857143
4172,0.034285714
4173,0.045714286
4174,0.051428571
4175,0.051428571
4176,0.051428571
4177,0.051428571
4178,0.051428571
4179,0.057142857
4180,0.068571429
4181,0.068571429
4182,0.062857143
4183,0.057142857
4184,0.057142857
4185,0.068571429
4186,0.068571429
4187,0.062857143
4188,0.045714286
4189,0.034285714
4190,0.022857143
4191,0.017142857
4192,0.034285714
4193,0.057142857
4194,0.08
4195,0.08
4196,0.062857143
4197,0.034285714
4198,0.022857143
4199,0.028571429
4200,0.022857143
4201,0.017142857
4202,0.011428571
4203,0.022857143
4204,0.045714286
4205,0.045714286
4206,0.057142857
4207,0.062857143
4208,0.074285714
4209,0.08
4210,0.057142857
4211,0.028571429
4212,0.017142857
4213,0.017142857
4214,0.022857143
4215,0.028571429
4216,0.04
4217,0.04
4218,0.034285714
4219,0.022857143
4220,0.011428571
4221,0.017142857
4222,0.022857143
4223,0.034285714
4224,0.04
4225,0.045714286
4226,0.051428571
4227,0.045714286
4228,0.034285714
4229,0.022857143
4230,0.017142857
4231,0.022857143
4232,0.04
4233,0.04
4234,0.04
4235,0.034285714
4236,0.022857143
4237,0.022857143
4238,0.022857143
4239,0.022857143
4240,0.028571429
4241,0.034285714
4242,0.04
4243,0.045714286
4244,0.045714286
4245,0.04
4246,0.034285714
4247,0.028571429
4248,0.022857143
4249,0.022857143
4250,0.022857143
4251,0.022857143
4252,0.022857143
4253,0.022857143
4254,0.028571429
4255,0.028571429
4256,0.028571429
4257,0.028571429
4258,0.028571429
4259,0.034285714
4260,0.04
4261,0.045714286
4262,0.051428571
4263,0.057142857
4264,0.04
4265,0.017142857
4266,0.011428571
4267,0.017142857
4268,0.017142857
4269,0.017142857
4270,0.017142857
4271,0.017142857
4272,0.017142857
4273,0.022857143
4274,0.034285714
4275,0.04
4276,0.04
4277,0.04
4278,0.034285714
4279,0.028571429
4280,0.028571429
4281,0.034285714
4282,0.034285714
4283,0.034285714
4284,0.034285714
4285,0.034285714
4286,0.034285714
4287,0.028571429
4288,0.028571429
4289,0.017142857
4290,0.022857143
4291,0.04
4292,0.04
4293,0.04
4294,0.045714286
4295,0.045714286
4296,0.034285714
4297,0.022857143
4298,0.017142857
4299,0.017142857
4300,0.022857143
4301,0.022857143
4302,0.028571429
4303,0.028571429
4304,0.017142857
4305,0.011428571
4306,0.011428571
4307,0.011428571
4308,0.017142857
4309,0.034285714
4310,0.045714286
4311,0.034285714
4312,0.022857143
4313,0.017142857
4314,0.011428571
4315,0.017142857
4316,0.022857143
4317,0.04
4318,0.057142857
4319,0.074285714
4320,0.062857143
4321,0.028571429
4322,0.011428571
4323,0.005714286
4324,0.011428571
4325,0.011428571
4326,0.011428571
4327,0.011428571
4328,0.017142857
4329,0.028571429
4330,0.04
4331,0.04
4332,0.04
4333,0.045714286
4334,0.034285714
4335,0.028571429
4336,0.017142857
4337,0.011428571
4338,0.011428571
4339,0.011428571
4340,0.017142857
4341,0.017142857
4342,0.017142857
4343,0.028571429
4344,0.028571429
4345,0.045714286
4346,0.04
4347,0.034285714
4348,0.022857143
4349,0.022857143
4350,0.017142857
4351,0.011428571
4352,0.011428571
4353,0.011428571
4354,0.028571429
4355,0.051428571
4356,0.062857143
4357,0.051428571
4358,0.028571429
4359,0.017142857
4360,0.011428571
4361,0.011428571
4362,0.011428571
4363,0.011428571
4364,0.017142857
4365,0.011428571
4366,0.011428571
4367,0.011428571
4368,0.011428571
4369,0.011428571
4370,0.017142857
4371,0.022857143
4372,0.034285714
4373,0.034285714
4374,0.011428571
4375,0.005714286
4376,0.005714286
4377,0.011428571
4378,0.022857143
4379,0.022857143
4380,0.034285714
4381,0.022857143
4382,0.017142857
4383,0.017142857
4384,0.028571429
4385,0.04
4386,0.028571429
4387,0.028571429
4388,0.028571429
4389,0.017142857
4390,0.022857143
4391,0.017142857
4392,0.017142857
4393,0.017142857
4394,0.017142857
4395,0.017142857
4396,0.022857143
4397,0.022857143
4398,0.017142857
4399,0.022857143
4400,0.022857143
4401,0.028571429
4402,0.028571429
4403,0.022857143
4404,0.022857143
4405,0.022857143
4406,0.028571429
4407,0.028571429
4408,0.022857143
4409,0.011428571
4410,0.011428571
4411,0.011428571
4412,0.017142857
4413,0.017142857
4414,0.011428571
4415,0.017142857
4416,0.022857143
4417,0.028571429
4418,0.028571429
4419,0.028571429
4420,0.022857143
4421,0.017142857
4422,0.011428571
4423,0.011428571
4424,0.011428571
4425,0.011428571
4426,0.017142857
4427,0.034285714
4428,0.04
4429,0.034285714
4430,0.022857143
4431,0.017142857
4432,0.022857143
4433,0.017142857
4434,0.017142857
4435,0.022857143
4436,0.022857143
4437,0.028571429
4438,0.034285714
4439,0.04
4440,0.034285714
4441,0.022857143
4442,0.017142857
4443,0.022857143
4444,0.017142857
4445,0.005714286
4446,0.017142857
4447,0.045714286
4448,0.057142857
4449,0.034285714
4450,0.017142857
4451,0.011428571
4452,0.011428571
4453,0.011428571
4454,0.011428571
4455,0.011428571
4456,0.011428571
4457,0.011428571
4458,0.017142857
4459,0.022857143
4460,0.017142857
4461,0.034285714
4462,0.034285714
4463,0.028571429
4464,0.011428571
4465,0.011428571
4466,0.011428571
4467,0.011428571
4468,0.011428571
4469,0.011428571
4470,0.022857143
4471,0.034285714
4472,0.034285714
4473,0.04
4474,0.022857143
4475,0.011428571
4476,0.011428571
4477,0.022857143
4478,0.04
4479,0.034285714
4480,0.045714286
4481,0.051428571
4482,0.045714286
4483,0.04
4484,0.034285714
4485,0.017142857
4486,0.011428571
4487,0.011428571
4488,0.017142857
4489,0.017142857
4490,0.017142857
4491,0.017142857
4492,0.017142857
4493,0.022857143
4494,0.028571429
4495,0.028571429
4496,0.028571429
4497,0.022857143
4498,0.028571429
4499,0.028571429
4500,0.034285714
4501,0.028571429
4502,0.017142857
4503,0.022857143
4504,0.022857143
4505,0.022857143
4506,0.022857143
4507,0.022857143
4508,0.017142857
4509,0.017142857
4510,0.017142857
4511,0.017142857
4512,0.022857143
4513,0.04
4514,0.04
4515,0.034285714
4516,0.028571429
4517,0.017142857
4518,0.011428571
4519,0.011428571
4520,0.011428571
4521,0.011428571
4522,0.017142857
4523,0.022857143
4524,0.034285714
4525,0.034285714
4526,0.04
4527,0.04
4528,0.034285714
4529,0.022857143
4530,0.011428571
4531,0.011428571
4532,0.005714286
4533,0.011428571
4534,0.011428571
4535,0.011428571
4536,0.028571429
4537,0.034285714
4538,0.04
4539,0.022857143
4540,0.011428571
4541,0.005714286
4542,0.017142857
4543,0.051428571
4544,0.04
4545,0.022857143
4546,0.011428571
4547,0.005714286
4548,0.011428571
4549,0.011428571
4550,0.011428571
4551,0.005714286
4552,0.005714286
4553,0.005714286
4554,0.011428571
4555,0.011428571
4556,0.017142857
4557,0.017142857
4558,0.017142857
4559,0.011428571
4560,0.011428571
4561,0.028571429
4562,0.034285714
4563,0.022857143
4564,0.017142857
4565,0.017142857
4566,0.011428571
4567,0.005714286
4568,0.011428571
4569,0.011428571
4570,0.017142857
4571,0.017142857
4572,0.017142857
4573,0.017142857
4574,0.017142857
4575,0.022857143
4576,0.017142857
4577,0.017142857
4578,0.017142857
4579,0.011428571
4580,0.011428571
4581,0.011428571
4582,0.017142857
4583,0.017142857
4584,0.017142857
4585,0.017142857
4586,0.017142857
4587,0.022857143
4588,0.022857143
4589,0.017142857
4590,0.017142857
4591,0.017142857
4592,0.017142857
4593,0.017142857
4594,0.017142857
4595,0.022857143
4596,0.028571429
4597,0.028571429
4598,0.034285714
4599,0.028571429
4600,0.022857143
4601,0.017142857
4602,0.017142857
4603,0.011428571
4604,0.017142857
4605,0.017142857
4606,0.017142857
4607,0.017142857
4608,0.017142857
4609,0.022857143
4610,0.034285714
4611,0.04
4612,0.04
4613,0.028571429
4614,0.011428571
4615,0.011428571
4616,0.011428571
4617,0.011428571
4618,0.011428571
4619,0.011428571
4620,0.017142857
4621,0.022857143
4622,0.034285714
4623,0.045714286
4624,0.057142857
4625,0.045714286
4626,0.022857143
4627,0.017142857
4628,0.028571429
4629,0.028571429
4630,0.028571429
4631,0.022857143
4632,0.017142857
4633,0.011428571
4634,0.011428571
4635,0.011428571
4636,0.017142857
4637,0.022857143
4638,0.022857143
4639,0.028571429
4640,0.022857143
4641,0.028571429
4642,0.022857143
4643,0.022857143
4644,0.022857143
4645,0.017142857
4646,0.011428571
4647,0.011428571
4648,0.034285714
4649,0.068571429
4650,0.062857143
4651,0.04
4652,0.022857143
4653,0.022857143
4654,0.022857143
4655,0.017142857
4656,0.017142857
4657,0.017142857
4658,0.017142857
4659,0.017142857
4660,0.022857143
4661,0.022857143
4662,0.022857143
4663,0.022857143
4664,0.022857143
4665,0.022857143
4666,0.022857143
4667,0.022857143
4668,0.022857143
4669,0.022857143
4670,0.022857143
4671,0.022857143
4672,0.022857143
4673,0.022857143
4674,0.017142857
4675,0.017142857
4676,0.017142857
4677,0.022857143
4678,0.034285714
4679,0.034285714
4680,0.028571429
4681,0.028571429
4682,0.022857143
4683,0.022857143
4684,0.022857143
4685,0.017142857
4686,0.017142857
4687,0.017142857
4688,0.017142857
4689,0.017142857
4690,0.017142857
4691,0.017142857
4692,0.022857143
4693,0.034285714
4694,0.034285714
4695,0.028571429
4696,0.022857143
4697,0.022857143
4698,0.022857143
4699,0.017142857
4700,0.017142857
4701,0.022857143
4702,0.028571429
4703,0.028571429
4704,0.028571429
4705,0.028571429
4706,0.028571429
4707,0.028571429
4708,0.028571429
4709,0.022857143
4710,0.011428571
4711,0.011428571
4712,0.011428571
4713,0.028571429
4714,0.051428571
4715,0.057142857
4716,0.028571429
4717,0.011428571
4718,0.011428571
4719,0.017142857
4720,0.022857143
4721,0.017142857
4722,0.011428571
4723,0.011428571
4724,0.011428571
4725,0.011428571
4726,0.017142857
4727,0.028571429
4728,0.028571429
4729,0.028571429
4730,0.022857143
4731,0.017142857
4732,0.017142857
4733,0.017142857
4734,0.017142857
4735,0.017142857
4736,0.017142857
4737,0.017142857
4738,0.017142857
4739,0.017142857
4740,0.017142857
4741,0.022857143
4742,0.034285714
4743,0.04
4744,0.034285714
4745,0.017142857
4746,0.017142857
4747,0.017142857
4748,0.011428571
4749,0.011428571
4750,0.017142857
4751,0.017142857
4752,0.017142857
4753,0.017142857
4754,0.017142857
4755,0.017142857
4756,0.045714286
4757,0.062857143
4758,0.068571429
4759,0.04
4760,0.011428571
4761,0.011428571
4762,0.011428571
4763,0.011428571
4764,0.011428571
4765,0.017142857
4766,0.022857143
4767,0.022857143
4768,0.011428571
4769,0.011428571
4770,0.011428571
4771,0.022857143
4772,0.045714286
4773,0.04
4774,0.017142857
4775,0.011428571
4776,0.011428571
4777,0.011428571
4778,0.011428571
4779,0.011428571
4780,0.011428571
4781,0.011428571
4782,0.011428571
4783,0.068571429
4784,0.074285714
4785,0.017142857
4786,0.005714286
4787,0.005714286
4788,0.011428571
4789,0.011428571
4790,0.011428571
4791,0.011428571
4792,0.011428571
4793,0.011428571
4794,0.011428571
4795,0.011428571
4796,0.011428571
4797,0.011428571
4798,0.011428571
4799,0.011428571
4800,0.017142857
4801,0.017142857
4802,0.017142857
4803,0.017142857
4804,0.022857143
4805,0.017142857
4806,0.017142857
4807,0.017142857
4808,0.017142857
4809,0.017142857
4810,0.017142857
4811,0.017142857
4812,0.017142857
4813,0.017142857
4814,0.011428571
4815,0.017142857
4816,0.028571429
4817,0.034285714
4818,0.034285714
4819,0.04
4820,0.034285714
4821,0.022857143
4822,0.017142857
4823,0.017142857
4824,0.017142857
4825,0.017142857
4826,0.017142857
4827,0.017142857
4828,0.017142857
4829,0.022857143
4830,0.022857143
4831,0.022857143
4832,0.022857143
4833,0.022857143
4834,0.022857143
4835,0.022857143
4836,0.022857143
4837,0.022857143
4838,0.022857143
4839,0.022857143
4840,0.022857143
4841,0.034285714
4842,0.04
4843,0.04
4844,0.034285714
4845,0.017142857
4846,0.017142857
4847,0.017142857
4848,0.017142857
4849,0.017142857
4850,0.017142857
4851,0.017142857
4852,0.017142857
4853,0.017142857
4854,0.017142857
4855,0.017142857
4856,0.017142857
4857,0.017142857
4858,0.022857143
4859,0.022857143
4860,0.022857143
4861,0.028571429
4862,0.022857143
4863,0.022857143
4864,0.022857143
4865,0.022857143
4866,0.022857143
4867,0.022857143
4868,0.022857143
4869,0.022857143
4870,0.022857143
4871,0.022857143
4872,0.022857143
4873,0.022857143
4874,0.017142857
4875,0.017142857
4876,0.017142857
4877,0.017142857
4878,0.017142857
4879,0.017142857
4880,0.011428571
4881,0.011428571
4882,0.017142857
4883,0.028571429
4884,0.028571429
4885,0.017142857
4886,0.011428571
4887,0.011428571
4888,0.011428571
4889,0.005714286
4890,0.011428571
4891,0.022857143
4892,0.028571429
4893,0.022857143
4894,0.022857143
4895,0.017142857
4896,0.017142857
4897,0.017142857
4898,0.017142857
4899,0.017142857
4900,0.011428571
4901,0.011428571
4902,0.017142857
4903,0.034285714
4904,0.028571429
4905,0.022857143
4906,0.011428571
4907,0.011428571
4908,0.005714286
4909,0.011428571
4910,0.011428571
4911,0.011428571
4912,0.011428571
4913,0.005714286
4914,0.011428571
4915,0.011428571
4916,0.011428571
4917,0.017142857
4918,0.022857143
4919,0.022857143
4920,0.017142857
4921,0.011428571
4922,0.011428571
4923,0.017142857
4924,0.017142857
4925,0.017142857
4926,0.017142857
4927,0.017142857
4928,0.017142857
4929,0.017142857
4930,0.022857143
4931,0.011428571
4932,0.011428571
4933,0.011428571
4934,0.011428571
4935,0.011428571
4936,0.011428571
4937,0.017142857
4938,0.04
4939,0.045714286
4940,0.045714286
4941,0.04
4942,0.028571429
4943,0.022857143
4944,0.022857143
4945,0.022857143
4946,0.017142857
4947,0.017142857
4948,0.017142857
4949,0.017142857
4950,0.011428571
4951,0.011428571
4952,0.011428571
4953,0.011428571
4954,0.011428571
4955,0.017142857
4956,0.017142857
4957,0.011428571
4958,0.011428571
4959,0.011428571
4960,0.011428571
4961,0.011428571
4962,0.011428571
4963,0.011428571
4964,0.011428571
4965,0.011428571
4966,0.011428571
4967,0.017142857
4968,0.022857143
4969,0.017142857
4970,0.017142857
4971,0.017142857
4972,0.017142857
4973,0.017142857
4974,0.017142857
4975,0.011428571
4976,0.011428571
4977,0.011428571
4978,0.017142857
4979,0.017142857
4980,0.017142857
4981,0.04
4982,0.062857143
4983,0.062857143
4984,0.04
4985,0.028571429
4986,0.022857143
4987,0.022857143
4988,0.034285714
4989,0.04
4990,0.057142857
4991,0.057142857
4992,0.057142857
4993,0.045714286
4994,0.034285714
4995,0.034285714
4996,0.028571429
4997,0.022857143
4998,0.017142857
4999,0.017142857
5000,0.017142857
5001,0.017142857
5002,0.022857143
5003,0.028571429
5004,0.034285714
5005,0.034285714
5006,0.034285714
5007,0.028571429
5008,0.017142857
5009,0.011428571
5010,0.011428571
5011,0.011428571
5012,0.011428571
5013,0.011428571
5014,0.011428571
5015,0.017142857
5016,0.017142857
5017,0.017142857
5018,0.022857143
5019,0.022857143
5020,0.022857143
5021,0.022857143
5022,0.022857143
5023,0.022857143
5024,0.022857143
5025,0.028571429
5026,0.028571429
5027,0.028571429
5028,0.022857143
5029,0.022857143
5030,0.028571429
5031,0.022857143
5032,0.022857143
5033,0.017142857
5034,0.017142857
5035,0.017142857
5036,0.017142857
5037,0.017142857
5038,0.017142857
5039,0.011428571
5040,0.011428571
5041,0.011428571
5042,0.011428571
5043,0.011428571
5044,0.011428571
5045,0.011428571
5046,0.017142857
5047,0.011428571
5048,0.022857143
5049,0.028571429
5050,0.022857143
5051,0.022857143
5052,0.028571429
5053,0.028571429
5054,0.034285714
5055,0.034285714
5056,0.028571429
5057,0.028571429
5058,0.028571429
5059,0.022857143
5060,0.017142857
5061,0.017142857
5062,0.017142857
5063,0.011428571
5064,0.017142857
5065,0.017142857
5066,0.017142857
5067,0.017142857
5068,0.017142857
5069,0.017142857
5070,0.011428571
5071,0.017142857
5072,0.017142857
5073,0.017142857
5074,0.017142857
5075,0.017142857
5076,0.017142857
5077,0.017142857
5078,0.022857143
5079,0.022857143
5080,0.022857143
5081,0.017142857
5082,0.022857143
5083,0.017142857
5084,0.017142857
5085,0.017142857
5086,0.017142857
5087,0.017142857
5088,0.017142857
5089,0.017142857
5090,0.017142857
5091,0.017142857
5092,0.017142857
5093,0.017142857
5094,0.011428571
5095,0.011428571
5096,0.017142857
5097,0.022857143
5098,0.017142857
5099,0.017142857
5100,0.017142857
5101,0.017142857
5102,0.017142857
5103,0.017142857
5104,0.011428571
5105,0.011428571
5106,0.011428571
5107,0.011428571
5108,0.011428571
5109,0.017142857
5110,0.017142857
5111,0.017142857
5112,0.017142857
5113,0.017142857
5114,0.017142857
5115,0.017142857
5116,0.017142857
5117,0.011428571
5118,0.011428571
5119,0.011428571
5120,0.011428571
5121,0.017142857
5122,0.017142857
5123,0.017142857
5124,0.017142857
5125,0.011428571
5126,0.011428571
5127,0.011428571
5128,0.011428571
5129,0.011428571
5130,0.011428571
5131,0.011428571
5132,0.017142857
5133,0.017142857
5134,0.017142857
5135,0.022857143
5136,0.022857143
5137,0.022857143
5138,0.022857143
5139,0.022857143
5140,0.022857143
5141,0.022857143
5142,0.022857143
5143,0.022857143
5144,0.017142857
5145,0.017142857
5146,0.017142857
5147,0.017142857
5148,0.017142857
5149,0.017142857
5150,0.017142857
5151,0.017142857
5152,0.017142857
5153,0.017142857
5154,0.017142857
5155,0.022857143
5156,0.022857143
5157,0.022857143
5158,0.022857143
5159,0.017142857
5160,0.017142857
5161,0.017142857
5162,0.017142857
5163,0.017142857
5164,0.017142857
5165,0.017142857
5166,0.017142857
5167,0.017142857
5168,0.017142857
5169,0.017142857
5170,0.017142857
5171,0.017142857
5172,0.017142857
5173,0.017142857
5174,0.017142857
5175,0.022857143
5176,0.022857143
5177,0.022857143
5178,0.022857143
5179,0.022857143
5180,0.022857143
5181,0.022857143
5182,0.017142857
5183,0.017142857
5184,0.017142857
5185,0.017142857
5186,0.017142857
5187,0.017142857
5188,0.017142857
5189,0.017142857
5190,0.011428571
5191,0.011428571
5192,0.011428571
5193,0.011428571
5194,0.011428571
5195,0.011428571
5196,0.011428571
5197,0.011428571
5198,0.011428571
5199,0.011428571
5200,0.011428571
5201,0.017142857
5202,0.017142857
5203,0.017142857
5204,0.017142857
5205,0.017142857
5206,0.017142857
5207,0.017142857
5208,0.017142857
5209,0.017142857
5210,0.017142857
5211,0.017142857
5212,0.017142857
5213,0.017142857
5214,0.011428571
5215,0.011428571
5216,0.011428571
5217,0.011428571
5218,0.005714286
5219,0.005714286
5220,0.005714286
5221,0.011428571
5222,0.017142857
5223,0.022857143
5224,0.017142857
5225,0.017142857
5226,0.017142857
5227,0.011428571
5228,0.017142857
5229,0.017142857
5230,0.017142857
5231,0.017142857
5232,0.017142857
5233,0.017142857
5234,0.017142857
5235,0.028571429
5236,0.028571429
5237,0.028571429
5238,0.022857143
5239,0.017142857
5240,0.017142857
5241,0.022857143
5242,0.022857143
5243,0.017142857
5244,0.011428571
5245,0.011428571
5246,0.011428571
5247,0.011428571
5248,0.017142857
5249,0.017142857
5250,0.017142857
5251,0.017142857
5252,0.017142857
5253,0.017142857
5254,0.022857143
5255,0.022857143
5256,0.017142857
5257,0.017142857
5258,0.022857143
5259,0.022857143
5260,0.022857143
5261,0.017142857
5262,0.011428571
5263,0.011428571
5264,0.011428571
5265,0.011428571
5266,0.011428571
5267,0.011428571
5268,0.011428571
5269,0.011428571
5270,0.017142857
5271,0.022857143
5272,0.022857143
5273,0.028571429
5274,0.022857143
5275,0.022857143
5276,0.017142857
5277,0.017142857
5278,0.017142857
5279,0.017142857
5280,0.017142857
5281,0.017142857
5282,0.017142857
5283,0.017142857
5284,0.017142857
5285,0.017142857
5286,0.011428571
5287,0.005714286
5288,0.005714286
5289,0.011428571
5290,0.011428571
5291,0.011428571
5292,0.011428571
5293,0.011428571
5294,0.011428571
5295,0.017142857
5296,0.022857143
5297,0.028571429
5298,0.034285714
5299,0.034285714
5300,0.034285714
5301,0.028571429
5302,0.028571429
5303,0.028571429
5304,0.028571429
5305,0.034285714
5306,0.062857143
5307,0.114285714
5308,0.12
5309,0.102857143
5310,0.068571429
5311,0.017142857
5312,0.0
5313,0.0
5314,0.0
5315,0.0
5316,0.0
5317,0.005714286
5318,0.005714286
5319,0.005714286
5320,0.005714286
5321,0.005714286
5322,0.005714286
5323,0.005714286
5324,0.0
5325,0.0
5326,0.0
5327,0.0
5328,0.005714286
5329,0.017142857
5330,0.022857143
5331,0.022857143
5332,0.022857143
5333,0.028571429
5334,0.034285714
5335,0.028571429
5336,0.028571429
5337,0.028571429
5338,0.017142857
5339,0.011428571
5340,0.011428571
5341,0.011428571
5342,0.011428571
5343,0.017142857
5344,0.017142857
5345,0.028571429
5346,0.028571429
5347,0.022857143
5348,0.022857143
5349,0.017142857
5350,0.017142857
5351,0.017142857
5352,0.011428571
5353,0.011428571
5354,0.017142857
5355,0.022857143
5356,0.022857143
5357,0.017142857
5358,0.017142857
5359,0.011428571
5360,0.011428571
5361,0.011428571
5362,0.011428571
5363,0.011428571
5364,0.011428571
5365,0.017142857
5366,0.017142857
5367,0.022857143
5368,0.028571429
5369,0.034285714
5370,0.045714286
5371,0.057142857
5372,0.045714286
5373,0.017142857
5374,0.011428571
5375,0.017142857
5376,0.022857143
5377,0.017142857
5378,0.011428571
5379,0.011428571
5380,0.011428571
5381,0.022857143
5382,0.022857143
5383,0.022857143
5384,0.022857143
5385,0.028571429
5386,0.028571429
5387,0.011428571
5388,0.005714286
5389,0.011428571
5390,0.022857143
5391,0.022857143
5392,0.028571429
5393,0.034285714
5394,0.034285714
5395,0.034285714
5396,0.028571429
5397,0.022857143
5398,0.017142857
5399,0.017142857
5400,0.017142857
5401,0.017142857
5402,0.017142857
5403,0.017142857
5404,0.017142857
5405,0.017142857
5406,0.017142857
5407,0.017142857
5408,0.017142857
5409,0.017142857
5410,0.017142857
5411,0.028571429
5412,0.028571429
5413,0.028571429
5414,0.022857143
5415,0.022857143
5416,0.028571429
5417,0.028571429
5418,0.028571429
5419,0.022857143
5420,0.017142857
5421,0.011428571
5422,0.011428571
5423,0.011428571
5424,0.011428571
5425,0.017142857
5426,0.017142857
5427,0.022857143
5428,0.034285714
5429,0.034285714
5430,0.04
5431,0.034285714
5432,0.034285714
5433,0.017142857
5434,0.017142857
5435,0.017142857
5436,0.022857143
5437,0.022857143
5438,0.022857143
5439,0.022857143
5440,0.022857143
5441,0.022857143
5442,0.022857143
5443,0.022857143
5444,0.022857143
5445,0.022857143
5446,0.022857143
5447,0.022857143
5448,0.028571429
5449,0.028571429
5450,0.034285714
5451,0.028571429
5452,0.028571429
5453,0.028571429
5454,0.022857143
5455,0.017142857
5456,0.017142857
5457,0.017142857
5458,0.011428571
5459,0.011428571
5460,0.011428571
5461,0.011428571
5462,0.017142857
5463,0.022857143
5464,0.028571429
5465,0.028571429
5466,0.022857143
5467,0.022857143
5468,0.017142857
5469,0.017142857
5470,0.011428571
5471,0.005714286
5472,0.017142857
5473,0.028571429
5474,0.028571429
5475,0.028571429
5476,0.022857143
5477,0.022857143
5478,0.017142857
5479,0.022857143
5480,0.017142857
5481,0.017142857
5482,0.017142857
5483,0.017142857
5484,0.011428571
5485,0.011428571
5486,0.011428571
5487,0.017142857
5488,0.017142857
5489,0.017142857
5490,0.017142857
5491,0.017142857
5492,0.017142857
5493,0.028571429
5494,0.034285714
5495,0.045714286
5496,0.057142857
5497,0.074285714
5498,0.074285714
5499,0.08
5500,0.08
5501,0.08
5502,0.085714286
5503,0.08
5504,0.057142857
5505,0.051428571
5506,0.062857143
5507,0.074285714
5508,0.085714286
5509,0.097142857
5510,0.097142857
5511,0.091428571
5512,0.08
5513,0.057142857
5514,0.034285714
5515,0.017142857
5516,0.011428571
5517,0.017142857
5518,0.028571429
5519,0.04
5520,0.051428571
5521,0.062857143
5522,0.051428571
5523,0.051428571
5524,0.045714286
5525,0.022857143
5526,0.017142857
5527,0.017142857
5528,0.022857143
5529,0.028571429
5530,0.034285714
5531,0.034285714
5532,0.04
5533,0.045714286
5534,0.04
5535,0.04
5536,0.034285714
5537,0.028571429
5538,0.022857143
5539,0.017142857
5540,0.017142857
5541,0.022857143
5542,0.022857143
5543,0.022857143
5544,0.022857143
5545,0.017142857
5546,0.017142857
5547,0.017142857
5548,0.017142857
5549,0.017142857
5550,0.017142857
5551,0.022857143
5552,0.028571429
5553,0.034285714
5554,0.04
5555,0.045714286
5556,0.045714286
5557,0.034285714
5558,0.028571429
5559,0.028571429
5560,0.022857143
5561,0.028571429
5562,0.022857143
5563,0.022857143
5564,0.022857143
5565,0.028571429
5566,0.028571429
5567,0.028571429
5568,0.028571429
5569,0.028571429
5570,0.028571429
5571,0.028571429
5572,0.028571429
5573,0.028571429
5574,0.022857143
5575,0.022857143
5576,0.022857143
5577,0.022857143
5578,0.022857143
5579,0.022857143
5580,0.022857143
5581,0.022857143
5582,0.017142857
5583,0.017142857
5584,0.017142857
5585,0.022857143
5586,0.028571429
5587,0.022857143
5588,0.022857143
5589,0.017142857
5590,0.017142857
5591,0.017142857
5592,0.017142857
5593,0.017142857
5594,0.028571429
5595,0.034285714
5596,0.045714286
5597,0.045714286
5598,0.028571429
5599,0.011428571
5600,0.011428571
5601,0.011428571
5602,0.011428571
5603,0.011428571
5604,0.022857143
5605,0.028571429
5606,0.022857143
5607,0.017142857
5608,0.011428571
5609,0.017142857
5610,0.022857143
5611,0.022857143
5612,0.022857143
5613,0.022857143
5614,0.022857143
5615,0.022857143
5616,0.022857143
5617,0.017142857
5618,0.017142857
5619,0.011428571
5620,0.011428571
5621,0.011428571
5622,0.011428571
5623,0.011428571
5624,0.011428571
5625,0.017142857
5626,0.028571429
5627,0.028571429
5628,0.034285714
5629,0.034285714
5630,0.022857143
5631,0.017142857
5632,0.017142857
5633,0.011428571
5634,0.017142857
5635,0.017142857
5636,0.017142857
5637,0.017142857
5638,0.017142857
5639,0.017142857
5640,0.017142857
5641,0.017142857
5642,0.017142857
5643,0.017142857
5644,0.017142857
5645,0.011428571
5646,0.011428571
5647,0.011428571
5648,0.017142857
5649,0.028571429
5650,0.028571429
5651,0.022857143
5652,0.011428571
5653,0.017142857
5654,0.017142857
5655,0.022857143
5656,0.017142857
5657,0.028571429
5658,0.028571429
5659,0.028571429
5660,0.028571429
5661,0.028571429
5662,0.028571429
5663,0.028571429
5664,0.028571429
5665,0.022857143
5666,0.022857143
5667,0.022857143
5668,0.022857143
5669,0.022857143
5670,0.022857143
5671,0.017142857
5672,0.017142857
5673,0.017142857
5674,0.017142857
5675,0.017142857
5676,0.017142857
5677,0.017142857
5678,0.011428571
5679,0.011428571
5680,0.011428571
5681,0.011428571
5682,0.011428571
5683,0.011428571
5684,0.011428571
5685,0.011428571
5686,0.011428571
5687,0.011428571
5688,0.011428571
5689,0.011428571
5690,0.017142857
5691,0.017142857
5692,0.017142857
5693,0.022857143
5694,0.022857143
5695,0.022857143
5696,0.022857143
5697,0.017142857
5698,0.017142857
5699,0.011428571
5700,0.011428571
5701,0.011428571
5702,0.011428571
5703,0.011428571
5704,0.011428571
5705,0.017142857
5706,0.017142857
5707,0.017142857
5708,0.011428571
5709,0.017142857
5710,0.011428571
5711,0.011428571
5712,0.011428571
5713,0.011428571
5714,0.011428571
5715,0.011428571
5716,0.017142857
5717,0.011428571
5718,0.011428571
5719,0.011428571
5720,0.011428571
5721,0.011428571
5722,0.011428571
5723,0.011428571
5724,0.011428571
5725,0.011428571
5726,0.011428571
5727,0.011428571
5728,0.011428571
5729,0.017142857
5730,0.017142857
5731,0.011428571
5732,0.011428571
5733,0.011428571
5734,0.011428571
5735,0.011428571
5736,0.011428571
5737,0.011428571
5738,0.011428571
5739,0.011428571
5740,0.011428571
5741,0.011428571
5742,0.011428571
5743,0.011428571
5744,0.011428571
5745,0.011428571
5746,0.011428571
5747,0.011428571
5748,0.011428571
5749,0.017142857
5750,0.017142857
5751,0.017142857
5752,0.017142857
5753,0.017142857
5754,0.017142857
5755,0.017142857
5756,0.011428571
5757,0.011428571
5758,0.011428571
5759,0.011428571
5760,0.011428571
5761,0.011428571
5762,0.011428571
5763,0.011428571
5764,0.011428571
5765,0.011428571
5766,0.011428571
5767,0.011428571
5768,0.011428571
5769,0.011428571
5770,0.011428571
5771,0.011428571
5772,0.011428571
5773,0.011428571
5774,0.011428571
5775,0.011428571
5776,0.011428571
5777,0.011428571
5778,0.011428571
5779,0.011428571
5780,0.011428571
5781,0.011428571
5782,0.011428571
5783,0.011428571
5784,0.011428571
5785,0.011428571
5786,0.011428571
5787,0.011428571
5788,0.011428571
5789,0.011428571
5790,0.011428571
5791,0.011428571
5792,0.011428571
5793,0.011428571
5794,0.011428571
5795,0.011428571
5796,0.011428571
5797,0.011428571
5798,0.011428571
5799,0.017142857
5800,0.017142857
5801,0.017142857
5802,0.017142857
5803,0.017142857
5804,0.017142857
5805,0.011428571
5806,0.011428571
5807,0.011428571
5808,0.011428571
5809,0.011428571
5810,0.011428571
5811,0.011428571
5812,0.011428571
5813,0.011428571
5814,0.011428571
5815,0.011428571
5816,0.011428571
5817,0.011428571
5818,0.011428571
5819,0.011428571
5820,0.011428571
5821,0.011428571
5822,0.011428571
5823,0.011428571
5824,0.011428571
5825,0.011428571
5826,0.011428571
5827,0.011428571
5828,0.011428571
5829,0.011428571
5830,0.011428571
5831,0.011428571
5832,0.011428571
5833,0.011428571
5834,0.011428571
5835,0.011428571
5836,0.011428571
5837,0.011428571
5838,0.011428571
5839,0.011428571
5840,0.011428571
5841,0.011428571
5842,0.011428571
5843,0.011428571
5844,0.011428571
5845,0.017142857
5846,0.017142857
5847,0.017142857
5848,0.022857143
5849,0.017142857
5850,0.011428571
5851,0.011428571
5852,0.011428571
5853,0.011428571
5854,0.011428571
5855,0.011428571
5856,0.011428571
5857,0.011428571
5858,0.011428571
5859,0.011428571
5860,0.011428571
5861,0.011428571
5862,0.011428571
5863,0.011428571
5864,0.011428571
5865,0.011428571
5866,0.011428571
5867,0.011428571
5868,0.011428571
5869,0.011428571
5870,0.017142857
5871,0.011428571
5872,0.011428571
5873,0.011428571
5874,0.011428571
5875,0.011428571
5876,0.011428571
5877,0.011428571
5878,0.011428571
5879,0.011428571
5880,0.011428571
5881,0.011428571
5882,0.011428571
5883,0.011428571
5884,0.011428571
5885,0.011428571
5886,0.011428571
5887,0.011428571
5888,0.011428571
5889,0.011428571
5890,0.011428571
5891,0.005714286
5892,0.011428571
5893,0.005714286
5894,0.005714286
5895,0.005714286
5896,0.011428571
5897,0.011428571
5898,0.017142857
5899,0.017142857
5900,0.017142857
5901,0.017142857
5902,0.017142857
5903,0.011428571
5904,0.017142857
5905,0.017142857
5906,0.017142857
5907,0.017142857
5908,0.011428571
5909,0.011428571
5910,0.011428571
5911,0.011428571
5912,0.011428571
5913,0.011428571
5914,0.011428571
5915,0.011428571
5916,0.011428571
5917,0.011428571
5918,0.011428571
5919,0.011428571
5920,0.011428571
5921,0.011428571
5922,0.011428571
5923,0.011428571
5924,0.011428571
5925,0.011428571
5926,0.011428571
5927,0.011428571
5928,0.011428571
5929,0.011428571
5930,0.011428571
5931,0.011428571
5932,0.011428571
5933,0.011428571
5934,0.011428571
5935,0.011428571
5936,0.011428571
5937,0.011428571
5938,0.011428571
5939,0.011428571
5940,0.011428571
5941,0.011428571
5942,0.017142857
5943,0.017142857
5944,0.017142857
5945,0.011428571
5946,0.011428571
5947,0.011428571
5948,0.011428571
5949,0.011428571
5950,0.011428571
5951,0.011428571
5952,0.011428571
5953,0.011428571
5954,0.011428571
5955,0.011428571
5956,0.011428571
5957,0.011428571
5958,0.011428571
5959,0.005714286
5960,0.005714286
5961,0.011428571
5962,0.011428571
5963,0.011428571
5964,0.011428571
5965,0.011428571
5966,0.011428571
5967,0.005714286
5968,0.011428571
5969,0.011428571
5970,0.011428571
5971,0.011428571
5972,0.011428571
5973,0.011428571
5974,0.011428571
5975,0.011428571
5976,0.011428571
5977,0.011428571
5978,0.011428571
5979,0.011428571
5980,0.011428571
5981,0.005714286
5982,0.005714286
5983,0.011428571
5984,0.011428571
5985,0.011428571
5986,0.011428571
5987,0.011428571
5988,0.011428571
5989,0.011428571
5990,0.011428571
5991,0.017142857
5992,0.017142857
5993,0.017142857
5994,0.017142857
5995,0.017142857
5996,0.017142857
5997,0.017142857
5998,0.017142857
5999,0.011428571
6000,0.011428571
6001,0.017142857
6002,0.011428571
6003,0.011428571
6004,0.017142857
6005,0.017142857
6006,0.017142857
6007,0.017142857
6008,0.017142857
6009,0.011428571
6010,0.011428571
6011,0.011428571
6012,0.011428571
6013,0.011428571
6014,0.011428571
6015,0.011428571
6016,0.011428571
6017,0.011428571
6018,0.011428571
6019,0.011428571
6020,0.011428571
6021,0.011428571
6022,0.011428571
6023,0.011428571
6024,0.011428571
6025,0.011428571
6026,0.011428571
6027,0.011428571
6028,0.011428571
6029,0.017142857
6030,0.022857143
6031,0.017142857
6032,0.017142857
6033,0.017142857
6034,0.011428571
6035,0.011428571
6036,0.017142857
6037,0.011428571
6038,0.011428571
6039,0.011428571
6040,0.011428571
6041,0.011428571
6042,0.011428571
6043,0.017142857
6044,0.017142857
6045,0.017142857
6046,0.017142857
6047,0.011428571
6048,0.011428571
6049,0.011428571
6050,0.011428571
6051,0.011428571
6052,0.011428571
6053,0.011428571
6054,0.011428571
6055,0.011428571
6056,0.005714286
6057,0.005714286
6058,0.005714286
6059,0.017142857
6060,0.028571429
6061,0.017142857
6062,0.011428571
6063,0.011428571
6064,0.011428571
6065,0.011428571
6066,0.017142857
6067,0.022857143
6068,0.022857143
6069,0.017142857
6070,0.017142857
6071,0.017142857
6072,0.017142857
6073,0.017142857
6074,0.017142857
6075,0.017142857
6076,0.017142857
6077,0.017142857
6078,0.017142857
6079,0.017142857
6080,0.017142857
6081,0.017142857
6082,0.017142857
6083,0.011428571
6084,0.011428571
6085,0.011428571
6086,0.011428571
6087,0.011428571
6088,0.011428571
6089,0.011428571
6090,0.011428571
6091,0.011428571
6092,0.011428571
6093,0.011428571
6094,0.011428571
6095,0.011428571
6096,0.011428571
6097,0.017142857
6098,0.017142857
6099,0.017142857
6100,0.022857143
6101,0.022857143
6102,0.022857143
6103,0.022857143
6104,0.022857143
6105,0.022857143
6106,0.028571429
6107,0.034285714
6108,0.034285714
6109,0.028571429
6110,0.022857143
6111,0.017142857
6112,0.028571429
6113,0.028571429
6114,0.022857143
6115,0.017142857
6116,0.011428571
6117,0.022857143
6118,0.028571429
6119,0.022857143
6120,0.017142857
6121,0.011428571
6122,0.011428571
6123,0.011428571
6124,0.011428571
6125,0.011428571
6126,0.011428571
6127,0.011428571
6128,0.011428571
6129,0.011428571
6130,0.011428571
6131,0.011428571
6132,0.022857143
6133,0.022857143
6134,0.011428571
6135,0.011428571
6136,0.011428571
6137,0.011428571
6138,0.011428571
6139,0.011428571
6140,0.011428571
6141,0.011428571
6142,0.011428571
6143,0.011428571
6144,0.011428571
6145,0.011428571
6146,0.011428571
6147,0.011428571
6148,0.011428571
6149,0.011428571
6150,0.011428571
6151,0.011428571
6152,0.005714286
6153,0.017142857
6154,0.017142857
6155,0.011428571
6156,0.011428571
6157,0.017142857
6158,0.011428571
6159,0.017142857
6160,0.011428571
6161,0.011428571
6162,0.017142857
6163,0.017142857
6164,0.017142857
6165,0.017142857
6166,0.011428571
6167,0.011428571
6168,0.011428571
6169,0.011428571
6170,0.011428571
6171,0.011428571
6172,0.011428571
6173,0.011428571
6174,0.011428571
6175,0.011428571
6176,0.011428571
6177,0.011428571
6178,0.011428571
6179,0.011428571
6180,0.011428571
6181,0.011428571
6182,0.011428571
6183,0.011428571
6184,0.011428571
6185,0.011428571
6186,0.011428571
6187,0.011428571
6188,0.011428571
6189,0.011428571
6190,0.011428571
6191,0.011428571
6192,0.011428571
6193,0.011428571
6194,0.011428571
6195,0.011428571
6196,0.011428571
6197,0.011428571
6198,0.011428571
6199,0.011428571
6200,0.011428571
6201,0.011428571
6202,0.011428571
6203,0.011428571
6204,0.011428571
6205,0.011428571
6206,0.011428571
6207,0.011428571
6208,0.011428571
6209,0.011428571
6210,0.011428571
6211,0.011428571
6212,0.011428571
6213,0.011428571
6214,0.011428571
6215,0.011428571
6216,0.011428571
6217,0.011428571
6218,0.011428571
6219,0.011428571
6220,0.011428571
6221,0.011428571
6222,0.011428571
6223,0.011428571
6224,0.011428571
6225,0.011428571
6226,0.005714286
6227,0.005714286
6228,0.005714286
6229,0.005714286
6230,0.005714286
6231,0.011428571
6232,0.011428571
6233,0.011428571
6234,0.011428571
6235,0.011428571
6236,0.011428571
6237,0.011428571
6238,0.011428571
6239,0.011428571
6240,0.011428571
6241,0.011428571
6242,0.011428571
6243,0.011428571
6244,0.011428571
6245,0.011428571
6246,0.011428571
6247,0.011428571
6248,0.011428571
6249,0.005714286
6250,0.005714286
6251,0.005714286
6252,0.005714286
6253,0.005714286
6254,0.005714286
6255,0.005714286
6256,0.005714286
6257,0.011428571
6258,0.005714286
6259,0.005714286
6260,0.005714286
6261,0.005714286
6262,0.011428571
6263,0.011428571
6264,0.011428571
6265,0.011428571
6266,0.011428571
6267,0.011428571
6268,0.011428571
6269,0.011428571
6270,0.011428571
6271,0.011428571
6272,0.011428571
6273,0.011428571
6274,0.011428571
6275,0.011428571
6276,0.011428571
6277,0.011428571
6278,0.011428571
6279,0.011428571
6280,0.005714286
6281,0.005714286
6282,0.005714286
6283,0.011428571
6284,0.011428571
6285,0.011428571
6286,0.005714286
6287,0.005714286
6288,0.005714286
6289,0.005714286
6290,0.005714286
6291,0.005714286
6292,0.011428571
6293,0.011428571
6294,0.011428571
6295,0.011428571
6296,0.011428571
6297,0.005714286
6298,0.005714286
6299,0.011428571
6300,0.011428571
6301,0.005714286
6302,0.005714286
6303,0.005714286
6304,0.005714286
6305,0.005714286
6306,0.005714286
6307,0.005714286
6308,0.005714286
6309,0.005714286
6310,0.005714286
6311,0.005714286
6312,0.011428571
6313,0.011428571
6314,0.011428571
6315,0.011428571
6316,0.011428571
6317,0.011428571
6318,0.011428571
6319,0.011428571
6320,0.011428571
6321,0.011428571
6322,0.011428571
6323,0.011428571
6324,0.011428571
6325,0.005714286
6326,0.005714286
6327,0.005714286
6328,0.005714286
6329,0.005714286
6330,0.005714286
6331,0.005714286
6332,0.005714286
6333,0.005714286
6334,0.011428571
6335,0.011428571
6336,0.011428571
6337,0.011428571
6338,0.011428571
6339,0.011428571
6340,0.011428571
6341,0.011428571
6342,0.011428571
6343,0.011428571
6344,0.017142857
6345,0.017142857
6346,0.017142857
6347,0.011428571
6348,0.011428571
6349,0.011428571
6350,0.011428571
6351,0.011428571
6352,0.011428571
6353,0.011428571
6354,0.011428571
6355,0.011428571
6356,0.011428571
6357,0.011428571
6358,0.011428571
6359,0.011428571
6360,0.011428571
6361,0.017142857
6362,0.022857143
6363,0.022857143
6364,0.022857143
6365,0.022857143
6366,0.017142857
6367,0.017142857
6368,0.017142857
6369,0.017142857
6370,0.017142857
6371,0.017142857
6372,0.017142857
6373,0.022857143
6374,0.022857143
6375,0.022857143
6376,0.022857143
6377,0.017142857
6378,0.017142857
6379,0.017142857
6380,0.011428571
6381,0.011428571
6382,0.011428571
6383,0.011428571
6384,0.011428571
6385,0.011428571
6386,0.011428571
6387,0.011428571
6388,0.017142857
6389,0.017142857
6390,0.017142857
6391,0.017142857
6392,0.017142857
6393,0.017142857
6394,0.017142857
6395,0.017142857
6396,0.017142857
6397,0.017142857
6398,0.017142857
6399,0.017142857
6400,0.017142857
6401,0.022857143
6402,0.022857143
6403,0.017142857
6404,0.011428571
6405,0.011428571
6406,0.022857143
6407,0.017142857
6408,0.011428571
6409,0.011428571
6410,0.011428571
6411,0.017142857
6412,0.017142857
6413,0.022857143
6414,0.017142857
6415,0.011428571
6416,0.011428571
6417,0.011428571
6418,0.017142857
6419,0.011428571
6420,0.017142857
6421,0.017142857
6422,0.022857143
6423,0.022857143
6424,0.022857143
6425,0.017142857
6426,0.017142857
6427,0.017142857
6428,0.017142857
6429,0.017142857
6430,0.017142857
6431,0.011428571
6432,0.011428571
6433,0.011428571
6434,0.011428571
6435,0.011428571
6436,0.011428571
6437,0.011428571
6438,0.011428571
6439,0.011428571
6440,0.011428571
6441,0.011428571
6442,0.011428571
6443,0.011428571
6444,0.022857143
6445,0.022857143
6446,0.028571429
6447,0.022857143
6448,0.022857143
6449,0.022857143
6450,0.017142857
6451,0.011428571
6452,0.011428571
6453,0.011428571
6454,0.011428571
6455,0.011428571
6456,0.011428571
6457,0.011428571
6458,0.011428571
6459,0.017142857
6460,0.017142857
6461,0.017142857
6462,0.017142857
6463,0.022857143
6464,0.017142857
6465,0.017142857
6466,0.017142857
6467,0.022857143
6468,0.022857143
6469,0.022857143
6470,0.017142857
6471,0.017142857
6472,0.022857143
6473,0.022857143
6474,0.022857143
6475,0.028571429
6476,0.034285714
6477,0.034285714
6478,0.034285714
6479,0.022857143
6480,0.017142857
6481,0.017142857
6482,0.017142857
6483,0.017142857
6484,0.017142857
6485,0.011428571
6486,0.011428571
6487,0.011428571
6488,0.011428571
6489,0.011428571
6490,0.017142857
6491,0.017142857
6492,0.017142857
6493,0.017142857
6494,0.017142857
6495,0.022857143
6496,0.028571429
6497,0.034285714
6498,0.028571429
6499,0.028571429
6500,0.022857143
6501,0.017142857
6502,0.011428571
6503,0.011428571
6504,0.017142857
6505,0.017142857
6506,0.017142857
6507,0.017142857
6508,0.017142857
6509,0.017142857
6510,0.017142857
6511,0.017142857
6512,0.017142857
6513,0.022857143
6514,0.022857143
6515,0.017142857
6516,0.017142857
6517,0.017142857
6518,0.022857143
6519,0.034285714
6520,0.04
6521,0.04
6522,0.034285714
6523,0.028571429
6524,0.028571429
6525,0.028571429
6526,0.028571429
6527,0.028571429
6528,0.028571429
6529,0.028571429
6530,0.028571429
6531,0.028571429
6532,0.028571429
6533,0.028571429
6534,0.028571429
6535,0.022857143
6536,0.022857143
6537,0.017142857
6538,0.017142857
6539,0.011428571
6540,0.017142857
6541,0.04
6542,0.04
6543,0.022857143
6544,0.017142857
6545,0.017142857
6546,0.011428571
6547,0.005714286
6548,0.011428571
6549,0.011428571
6550,0.011428571
6551,0.011428571
6552,0.011428571
6553,0.017142857
6554,0.017142857
6555,0.017142857
6556,0.017142857
6557,0.011428571
6558,0.011428571
6559,0.017142857
6560,0.022857143
6561,0.034285714
6562,0.04
6563,0.051428571
6564,0.062857143
6565,0.068571429
6566,0.074285714
6567,0.068571429
6568,0.068571429
6569,0.057142857
6570,0.045714286
6571,0.034285714
6572,0.028571429
6573,0.028571429
6574,0.034285714
6575,0.045714286
6576,0.034285714
6577,0.028571429
6578,0.028571429
6579,0.045714286
6580,0.068571429
6581,0.068571429
6582,0.068571429
6583,0.062857143
6584,0.051428571
6585,0.045714286
6586,0.028571429
6587,0.022857143
6588,0.017142857
6589,0.034285714
6590,0.045714286
6591,0.04
6592,0.045714286
6593,0.057142857
6594,0.062857143
6595,0.057142857
6596,0.045714286
6597,0.028571429
6598,0.017142857
6599,0.011428571
6600,0.011428571
6601,0.028571429
6602,0.051428571
6603,0.062857143
6604,0.062857143
6605,0.051428571
6606,0.028571429
6607,0.028571429
6608,0.017142857
6609,0.017142857
6610,0.022857143
6611,0.028571429
6612,0.028571429
6613,0.04
6614,0.045714286
6615,0.057142857
6616,0.04
6617,0.028571429
6618,0.022857143
6619,0.011428571
6620,0.011428571
6621,0.017142857
6622,0.017142857
6623,0.017142857
6624,0.017142857
6625,0.022857143
6626,0.022857143
6627,0.022857143
6628,0.022857143
6629,0.028571429
6630,0.028571429
6631,0.028571429
6632,0.028571429
6633,0.034285714
6634,0.034285714
6635,0.04
6636,0.034285714
6637,0.034285714
6638,0.028571429
6639,0.022857143
6640,0.011428571
6641,0.017142857
6642,0.028571429
6643,0.034285714
6644,0.04
6645,0.045714286
6646,0.051428571
6647,0.045714286
6648,0.04
6649,0.028571429
6650,0.022857143
6651,0.028571429
6652,0.034285714
6653,0.034285714
6654,0.045714286
6655,0.04
6656,0.04
6657,0.022857143
6658,0.017142857
6659,0.034285714
6660,0.022857143
6661,0.028571429
6662,0.034285714
6663,0.034285714
6664,0.034285714
6665,0.034285714
6666,0.04
6667,0.034285714
6668,0.034285714
6669,0.034285714
6670,0.034285714
6671,0.034285714
6672,0.034285714
6673,0.034285714
6674,0.034285714
6675,0.028571429
6676,0.028571429
6677,0.028571429
6678,0.028571429
6679,0.028571429
6680,0.028571429
6681,0.022857143
6682,0.017142857
6683,0.017142857
6684,0.011428571
6685,0.011428571
6686,0.011428571
6687,0.011428571
6688,0.017142857
6689,0.022857143
6690,0.028571429
6691,0.034285714
6692,0.045714286
6693,0.04
6694,0.028571429
6695,0.028571429
6696,0.04
6697,0.085714286
6698,0.085714286
6699,0.062857143
6700,0.034285714
6701,0.028571429
6702,0.028571429
6703,0.034285714
6704,0.051428571
6705,0.062857143
6706,0.068571429
6707,0.074285714
6708,0.062857143
6709,0.062857143
6710,0.062857143
6711,0.068571429
6712,0.04
6713,0.022857143
6714,0.011428571
6715,0.011428571
6716,0.011428571
6717,0.011428571
6718,0.005714286
6719,0.005714286
6720,0.028571429
6721,0.074285714
6722,0.074285714
6723,0.068571429
6724,0.068571429
6725,0.057142857
6726,0.034285714
6727,0.017142857
6728,0.051428571
6729,0.08
6730,0.074285714
6731,0.051428571
6732,0.028571429
6733,0.022857143
6734,0.017142857
6735,0.022857143
6736,0.062857143
6737,0.085714286
6738,0.08
6739,0.068571429
6740,0.062857143
6741,0.068571429
6742,0.062857143
6743,0.051428571
6744,0.028571429
6745,0.017142857
6746,0.022857143
6747,0.017142857
6748,0.022857143
6749,0.022857143
6750,0.045714286
6751,0.097142857
6752,0.12
6753,0.102857143
6754,0.08
6755,0.04
6756,0.017142857
6757,0.017142857
6758,0.017142857
6759,0.034285714
6760,0.057142857
6761,0.062857143
6762,0.08
6763,0.085714286
6764,0.085714286
6765,0.062857143
6766,0.045714286
6767,0.045714286
6768,0.068571429
6769,0.074285714
6770,0.068571429
6771,0.045714286
6772,0.022857143
6773,0.011428571
6774,0.034285714
6775,0.091428571
6776,0.114285714
6777,0.114285714
6778,0.091428571
6779,0.045714286
6780,0.005714286
6781,0.011428571
6782,0.045714286
6783,0.068571429
6784,0.068571429
6785,0.062857143
6786,0.062857143
6787,0.062857143
6788,0.062857143
6789,0.085714286
6790,0.131428571
6791,0.125714286
6792,0.102857143
6793,0.062857143
6794,0.028571429
6795,0.017142857
6796,0.011428571
6797,0.034285714
6798,0.08
6799,0.08
6800,0.074285714
6801,0.074285714
6802,0.068571429
6803,0.062857143
6804,0.057142857
6805,0.057142857
6806,0.057142857
6807,0.062857143
6808,0.034285714
6809,0.017142857
6810,0.028571429
6811,0.062857143
6812,0.074285714
6813,0.074285714
6814,0.068571429
6815,0.068571429
6816,0.068571429
6817,0.068571429
6818,0.068571429
6819,0.057142857
6820,0.057142857
6821,0.057142857
6822,0.057142857
6823,0.057142857
6824,0.057142857
6825,0.051428571
6826,0.051428571
6827,0.051428571
6828,0.051428571
6829,0.051428571
6830,0.057142857
6831,0.062857143
6832,0.062857143
6833,0.068571429
6834,0.068571429
6835,0.04
6836,0.022857143
6837,0.017142857
6838,0.028571429
6839,0.057142857
6840,0.074285714
6841,0.068571429
6842,0.068571429
6843,0.034285714
6844,0.017142857
6845,0.017142857
6846,0.017142857
6847,0.034285714
6848,0.062857143
6849,0.074285714
6850,0.074285714
6851,0.057142857
6852,0.028571429
6853,0.011428571
6854,0.011428571
6855,0.045714286
6856,0.062857143
6857,0.057142857
6858,0.034285714
6859,0.028571429
6860,0.028571429
6861,0.04
6862,0.04
6863,0.022857143
6864,0.017142857
6865,0.017142857
6866,0.011428571
6867,0.017142857
6868,0.034285714
6869,0.04
6870,0.057142857
6871,0.062857143
6872,0.062857143
6873,0.057142857
6874,0.045714286
6875,0.017142857
6876,0.011428571
6877,0.017142857
6878,0.028571429
6879,0.04
6880,0.04
6881,0.04
6882,0.034285714
6883,0.034285714
6884,0.028571429
6885,0.022857143
6886,0.017142857
6887,0.011428571
6888,0.017142857
6889,0.022857143
6890,0.022857143
6891,0.028571429
6892,0.034285714
6893,0.045714286
6894,0.045714286
6895,0.045714286
6896,0.045714286
6897,0.034285714
6898,0.028571429
6899,0.017142857
6900,0.011428571
6901,0.011428571
6902,0.022857143
6903,0.057142857
6904,0.062857143
6905,0.045714286
6906,0.017142857
6907,0.017142857
6908,0.017142857
6909,0.017142857
6910,0.028571429
6911,0.034285714
6912,0.04
6913,0.04
6914,0.034285714
6915,0.022857143
6916,0.011428571
6917,0.028571429
6918,0.068571429
6919,0.074285714
6920,0.045714286
6921,0.017142857
6922,0.011428571
6923,0.011428571
6924,0.011428571
6925,0.011428571
6926,0.017142857
6927,0.04
6928,0.045714286
6929,0.045714286
6930,0.045714286
6931,0.045714286
6932,0.045714286
6933,0.051428571
6934,0.057142857
6935,0.097142857
6936,0.108571429
6937,0.108571429
6938,0.102857143
6939,0.085714286
6940,0.062857143
6941,0.045714286
6942,0.045714286
6943,0.057142857
6944,0.097142857
6945,0.097142857
6946,0.091428571
6947,0.08
6948,0.08
6949,0.097142857
6950,0.097142857
6951,0.097142857
6952,0.091428571
6953,0.108571429
6954,0.131428571
6955,0.114285714
6956,0.085714286
6957,0.102857143
6958,0.097142857
6959,0.085714286
6960,0.062857143
6961,0.04
6962,0.045714286
6963,0.074285714
6964,0.097142857
6965,0.108571429
6966,0.097142857
6967,0.051428571
6968,0.028571429
6969,0.034285714
6970,0.097142857
6971,0.131428571
6972,0.131428571
6973,0.125714286
6974,0.131428571
6975,0.125714286
6976,0.091428571
6977,0.051428571
6978,0.04
6979,0.057142857
6980,0.068571429
6981,0.085714286
6982,0.08
6983,0.074285714
6984,0.068571429
6985,0.074285714
6986,0.08
6987,0.091428571
6988,0.091428571
6989,0.085714286
6990,0.074285714
6991,0.074285714
6992,0.08
6993,0.074285714
6994,0.074285714
6995,0.08
6996,0.085714286
6997,0.085714286
6998,0.074285714
6999,0.057142857
7000,0.057142857
7001,0.074285714
7002,0.08
7003,0.08
7004,0.08
7005,0.08
7006,0.08
7007,0.074285714
7008,0.068571429
7009,0.074285714
7010,0.068571429
7011,0.068571429
7012,0.074285714
7013,0.08
7014,0.08
7015,0.08
7016,0.08
7017,0.062857143
7018,0.04
7019,0.051428571
7020,0.102857143
7021,0.125714286
7022,0.125714286
7023,0.131428571
7024,0.125714286
7025,0.125714286
7026,0.108571429
7027,0.097142857
7028,0.085714286
7029,0.085714286
7030,0.102857143
7031,0.125714286
7032,0.137142857
7033,0.125714286
7034,0.114285714
7035,0.08
7036,0.062857143
7037,0.045714286
7038,0.057142857
7039,0.097142857
7040,0.12
7041,0.137142857
7042,0.137142857
7043,0.12
7044,0.125714286
7045,0.12
7046,0.114285714
7047,0.108571429
7048,0.108571429
7049,0.102857143
7050,0.097142857
7051,0.125714286
7052,0.137142857
7053,0.148571429
7054,0.142857143
7055,0.131428571
7056,0.12
7057,0.12
7058,0.131428571
7059,0.137142857
7060,0.142857143
7061,0.142857143
7062,0.142857143
7063,0.16
7064,0.165714286
7065,0.137142857
7066,0.12
7067,0.137142857
7068,0.148571429
7069,0.171428571
7070,0.188571429
7071,0.177142857
7072,0.142857143
7073,0.125714286
7074,0.137142857
7075,0.154285714
7076,0.16
7077,0.16
7078,0.16
7079,0.16
7080,0.148571429
7081,0.148571429
7082,0.148571429
7083,0.148571429
7084,0.142857143
7085,0.148571429
7086,0.142857143
7087,0.137142857
7088,0.131428571
7089,0.114285714
7090,0.12
7091,0.114285714
7092,0.108571429
7093,0.114285714
7094,0.114285714
7095,0.108571429
7096,0.108571429
7097,0.125714286
7098,0.142857143
7099,0.125714286
7100,0.12
7101,0.108571429
7102,0.102857143
7103,0.097142857
7104,0.097142857
7105,0.097142857
7106,0.102857143
7107,0.114285714
7108,0.102857143
7109,0.068571429
7110,0.051428571
7111,0.097142857
7112,0.125714286
7113,0.148571429
7114,0.142857143
7115,0.131428571
7116,0.08
7117,0.034285714
7118,0.034285714
7119,0.074285714
7120,0.102857143
7121,0.142857143
7122,0.148571429
7123,0.137142857
7124,0.137142857
7125,0.12
7126,0.08
7127,0.022857143
7128,0.017142857
7129,0.034285714
7130,0.074285714
7131,0.108571429
7132,0.114285714
7133,0.108571429
7134,0.102857143
7135,0.062857143
7136,0.057142857
7137,0.08
7138,0.102857143
7139,0.108571429
7140,0.125714286
7141,0.137142857
7142,0.114285714
7143,0.068571429
7144,0.034285714
7145,0.034285714
7146,0.068571429
7147,0.114285714
7148,0.125714286
7149,0.114285714
7150,0.102857143
7151,0.091428571
7152,0.085714286
7153,0.08
7154,0.08
7155,0.08
7156,0.08
7157,0.074285714
7158,0.08
7159,0.08
7160,0.062857143
7161,0.062857143
7162,0.091428571
7163,0.097142857
7164,0.102857143
7165,0.108571429
7166,0.12
7167,0.12
7168,0.085714286
7169,0.034285714
7170,0.017142857
7171,0.034285714
7172,0.057142857
7173,0.097142857
7174,0.154285714
7175,0.16
7176,0.137142857
7177,0.068571429
7178,0.022857143
7179,0.028571429
7180,0.051428571
7181,0.085714286
7182,0.097142857
7183,0.108571429
7184,0.108571429
7185,0.114285714
7186,0.114285714
7187,0.114285714
7188,0.108571429
7189,0.097142857
7190,0.097142857
7191,0.108571429
7192,0.102857143
7193,0.102857143
7194,0.102857143
7195,0.097142857
7196,0.102857143
7197,0.102857143
7198,0.102857143
7199,0.102857143
7200,0.097142857
7201,0.097142857
7202,0.08
7203,0.062857143
7204,0.051428571
7205,0.062857143
7206,0.074285714
7207,0.08
7208,0.085714286
7209,0.091428571
7210,0.091428571
7211,0.097142857
7212,0.097142857
7213,0.102857143
7214,0.12
7215,0.114285714
7216,0.097142857
7217,0.08
7218,0.068571429
7219,0.068571429
7220,0.085714286
7221,0.097142857
7222,0.102857143
7223,0.102857143
7224,0.108571429
7225,0.108571429
7226,0.102857143
7227,0.085714286
7228,0.045714286
7229,0.022857143
7230,0.04
7231,0.062857143
7232,0.074285714
7233,0.091428571
7234,0.091428571
7235,0.091428571
7236,0.074285714
7237,0.051428571
7238,0.051428571
7239,0.057142857
7240,0.068571429
7241,0.08
7242,0.08
7243,0.08
7244,0.08
7245,0.08
7246,0.062857143
7247,0.051428571
7248,0.04
7249,0.04
7250,0.068571429
7251,0.085714286
7252,0.091428571
7253,0.091428571
7254,0.091428571
7255,0.085714286
7256,0.08
7257,0.08
7258,0.051428571
7259,0.045714286
7260,0.04
7261,0.057142857
7262,0.08
7263,0.08
7264,0.074285714
7265,0.08
7266,0.08
7267,0.08
7268,0.08
7269,0.074285714
7270,0.051428571
7271,0.022857143
7272,0.022857143
7273,0.028571429
7274,0.045714286
7275,0.091428571
7276,0.114285714
7277,0.108571429
7278,0.108571429
7279,0.08
7280,0.068571429
7281,0.051428571
7282,0.028571429
7283,0.017142857
7284,0.028571429
7285,0.045714286
7286,0.068571429
7287,0.062857143
7288,0.04
7289,0.034285714
7290,0.068571429
7291,0.097142857
7292,0.091428571
7293,0.08
7294,0.04
7295,0.022857143
7296,0.022857143
7297,0.028571429
7298,0.08
7299,0.137142857
7300,0.137142857
7301,0.108571429
7302,0.068571429
7303,0.045714286
7304,0.034285714
7305,0.034285714
7306,0.057142857
7307,0.074285714
7308,0.08
7309,0.08
7310,0.08
7311,0.062857143
7312,0.062857143
7313,0.062857143
7314,0.057142857
7315,0.045714286
7316,0.045714286
7317,0.062857143
7318,0.085714286
7319,0.085714286
7320,0.102857143
7321,0.102857143
7322,0.102857143
7323,0.102857143
7324,0.102857143
7325,0.097142857
7326,0.097142857
7327,0.102857143
7328,0.114285714
7329,0.114285714
7330,0.108571429
7331,0.102857143
7332,0.091428571
7333,0.097142857
7334,0.102857143
7335,0.114285714
7336,0.114285714
7337,0.108571429
7338,0.108571429
7339,0.102857143
7340,0.097142857
7341,0.097142857
7342,0.097142857
7343,0.102857143
7344,0.148571429
7345,0.171428571
7346,0.171428571
7347,0.165714286
7348,0.131428571
7349,0.068571429
7350,0.045714286
7351,0.051428571
7352,0.091428571
7353,0.142857143
7354,0.16
7355,0.16
7356,0.154285714
7357,0.137142857
7358,0.12
7359,0.114285714
7360,0.114285714
7361,0.125714286
7362,0.142857143
7363,0.16
7364,0.171428571
7365,0.171428571
7366,0.171428571
7367,0.171428571
7368,0.165714286
7369,0.165714286
7370,0.171428571
7371,0.177142857
7372,0.177142857
7373,0.16
7374,0.142857143
7375,0.142857143
7376,0.137142857
7377,0.131428571
7378,0.142857143
7379,0.182857143
7380,0.188571429
7381,0.182857143
7382,0.171428571
7383,0.171428571
7384,0.165714286
7385,0.165714286
7386,0.171428571
7387,0.177142857
7388,0.182857143
7389,0.188571429
7390,0.188571429
7391,0.182857143
7392,0.188571429
7393,0.188571429
7394,0.188571429
7395,0.188571429
7396,0.182857143
7397,0.182857143
7398,0.182857143
7399,0.182857143
7400,0.182857143
7401,0.171428571
7402,0.182857143
7403,0.182857143
7404,0.177142857
7405,0.171428571
7406,0.177142857
7407,0.188571429
7408,0.188571429
7409,0.188571429
7410,0.182857143
7411,0.182857143
7412,0.182857143
7413,0.182857143
7414,0.182857143
7415,0.182857143
7416,0.182857143
7417,0.177142857
7418,0.177142857
7419,0.177142857
7420,0.171428571
7421,0.171428571
7422,0.188571429
7423,0.188571429
7424,0.188571429
7425,0.188571429
7426,0.182857143
7427,0.177142857
7428,0.177142857
7429,0.177142857
7430,0.177142857
7431,0.177142857
7432,0.177142857
7433,0.177142857
7434,0.171428571
7435,0.177142857
7436,0.177142857
7437,0.182857143
7438,0.177142857
7439,0.171428571
7440,0.171428571
7441,0.171428571
7442,0.171428571
7443,0.171428571
7444,0.177142857
7445,0.171428571
7446,0.171428571
7447,0.171428571
7448,0.177142857
7449,0.177142857
7450,0.154285714
7451,0.154285714
7452,0.148571429
7453,0.165714286
7454,0.177142857
7455,0.182857143
7456,0.182857143
7457,0.182857143
7458,0.182857143
7459,0.182857143
7460,0.182857143
7461,0.182857143
7462,0.182857143
7463,0.182857143
7464,0.182857143
7465,0.182857143
7466,0.182857143
7467,0.182857143
7468,0.182857143
7469,0.182857143
7470,0.182857143
7471,0.171428571
7472,0.171428571
7473,0.171428571
7474,0.154285714
7475,0.16
7476,0.165714286
7477,0.165714286
7478,0.171428571
7479,0.182857143
7480,0.188571429
7481,0.188571429
7482,0.188571429
7483,0.188571429
7484,0.188571429
7485,0.188571429
7486,0.188571429
7487,0.188571429
7488,0.182857143
7489,0.182857143
7490,0.177142857
7491,0.171428571
7492,0.171428571
7493,0.177142857
7494,0.177142857
7495,0.177142857
7496,0.188571429
7497,0.188571429
7498,0.188571429
7499,0.177142857
7500,0.177142857
7501,0.182857143
7502,0.188571429
7503,0.188571429
7504,0.182857143
7505,0.177142857
7506,0.171428571
7507,0.182857143
7508,0.182857143
7509,0.188571429
7510,0.182857143
7511,0.177142857
7512,0.165714286
7513,0.154285714
7514,0.148571429
7515,0.165714286
7516,0.182857143
7517,0.188571429
7518,0.188571429
7519,0.177142857
7520,0.165714286
7521,0.171428571
7522,0.171428571
7523,0.165714286
7524,0.142857143
7525,0.142857143
7526,0.148571429
7527,0.16
7528,0.171428571
7529,0.182857143
7530,0.194285714
7531,0.188571429
7532,0.177142857
7533,0.165714286
7534,0.165714286
7535,0.165714286
7536,0.165714286
7537,0.16
7538,0.137142857
7539,0.131428571
7540,0.125714286
7541,0.142857143
7542,0.165714286
7543,0.182857143
7544,0.182857143
7545,0.177142857
7546,0.165714286
7547,0.16
7548,0.16
7549,0.171428571
7550,0.177142857
7551,0.177142857
7552,0.171428571
7553,0.165714286
7554,0.154285714
7555,0.154285714
7556,0.154285714
7557,0.154285714
7558,0.16
7559,0.16
7560,0.16
7561,0.16
7562,0.137142857
7563,0.137142857
7564,0.142857143
7565,0.154285714
7566,0.171428571
7567,0.154285714
7568,0.114285714
7569,0.108571429
7570,0.125714286
7571,0.137142857
7572,0.177142857
7573,0.182857143
7574,0.171428571
7575,0.165714286
7576,0.171428571
7577,0.171428571
7578,0.171428571
7579,0.177142857
7580,0.177142857
7581,0.171428571
7582,0.171428571
7583,0.171428571
7584,0.171428571
7585,0.171428571
7586,0.182857143
7587,0.188571429
7588,0.188571429
7589,0.177142857
7590,0.165714286
7591,0.165714286
7592,0.165714286
7593,0.171428571
7594,0.177142857
7595,0.177142857
7596,0.171428571
7597,0.16
7598,0.16
7599,0.16
7600,0.16
7601,0.16
7602,0.165714286
7603,0.165714286
7604,0.165714286
7605,0.165714286
7606,0.165714286
7607,0.165714286
7608,0.165714286
7609,0.171428571
7610,0.177142857
7611,0.171428571
7612,0.171428571
7613,0.165714286
7614,0.165714286
7615,0.171428571
7616,0.171428571
7617,0.171428571
7618,0.165714286
7619,0.165714286
7620,0.165714286
7621,0.165714286
7622,0.165714286
7623,0.165714286
7624,0.165714286
7625,0.16
7626,0.171428571
7627,0.165714286
7628,0.171428571
7629,0.182857143
7630,0.188571429
7631,0.177142857
7632,0.177142857
7633,0.177142857
7634,0.171428571
7635,0.171428571
7636,0.171428571
7637,0.165714286
7638,0.165714286
7639,0.16
7640,0.16
7641,0.154285714
7642,0.148571429
7643,0.148571429
7644,0.16
7645,0.171428571
7646,0.171428571
7647,0.171428571
7648,0.165714286
7649,0.165714286
7650,0.165714286
7651,0.171428571
7652,0.171428571
7653,0.165714286
7654,0.16
7655,0.154285714
7656,0.154285714
7657,0.154285714
7658,0.154285714
7659,0.16
7660,0.16
7661,0.148571429
7662,0.142857143
7663,0.137142857
7664,0.148571429
7665,0.154285714
7666,0.16
7667,0.165714286
7668,0.165714286
7669,0.165714286
7670,0.171428571
7671,0.171428571
7672,0.171428571
7673,0.165714286
7674,0.142857143
7675,0.131428571
7676,0.142857143
7677,0.148571429
7678,0.154285714
7679,0.148571429
7680,0.148571429
7681,0.137142857
7682,0.137142857
7683,0.142857143
7684,0.148571429
7685,0.154285714
7686,0.154285714
7687,0.154285714
7688,0.154285714
7689,0.154285714
7690,0.148571429
7691,0.154285714
7692,0.148571429
7693,0.142857143
7694,0.142857143
7695,0.142857143
7696,0.137142857
7697,0.137142857
7698,0.142857143
7699,0.148571429
7700,0.148571429
7701,0.148571429
7702,0.148571429
7703,0.142857143
7704,0.131428571
7705,0.125714286
7706,0.131428571
7707,0.137142857
7708,0.148571429
7709,0.154285714
7710,0.142857143
7711,0.142857143
7712,0.137142857
7713,0.137142857
7714,0.142857143
7715,0.142857143
7716,0.148571429
7717,0.142857143
7718,0.154285714
7719,0.171428571
7720,0.171428571
7721,0.165714286
7722,0.154285714
7723,0.154285714
7724,0.16
7725,0.165714286
7726,0.165714286
7727,0.165714286
7728,0.165714286
7729,0.171428571
7730,0.165714286
7731,0.165714286
7732,0.171428571
7733,0.171428571
7734,0.177142857
7735,0.182857143
7736,0.188571429
7737,0.188571429
7738,0.182857143
7739,0.177142857
7740,0.177142857
7741,0.182857143
7742,0.188571429
7743,0.182857143
7744,0.188571429
7745,0.182857143
7746,0.182857143
7747,0.182857143
7748,0.182857143
7749,0.177142857
7750,0.182857143
7751,0.182857143
7752,0.182857143
7753,0.171428571
7754,0.165714286
7755,0.165714286
7756,0.165714286
7757,0.171428571
7758,0.171428571
7759,0.177142857
7760,0.171428571
7761,0.137142857
7762,0.131428571
7763,0.148571429
7764,0.148571429
7765,0.165714286
7766,0.142857143
7767,0.148571429
7768,0.154285714
7769,0.148571429
7770,0.154285714
7771,0.154285714
7772,0.154285714
7773,0.154285714
7774,0.154285714
7775,0.154285714
7776,0.154285714
7777,0.148571429
7778,0.148571429
7779,0.148571429
7780,0.148571429
7781,0.148571429
7782,0.142857143
7783,0.142857143
7784,0.142857143
7785,0.148571429
7786,0.148571429
7787,0.148571429
7788,0.12
7789,0.137142857
7790,0.154285714
7791,0.148571429
7792,0.142857143
7793,0.142857143
7794,0.142857143
7795,0.142857143
7796,0.142857143
7797,0.142857143
7798,0.142857143
7799,0.137142857
7800,0.137142857
7801,0.131428571
7802,0.137142857
7803,0.131428571
7804,0.131428571
7805,0.125714286
7806,0.125714286
7807,0.12
7808,0.131428571
7809,0.142857143
7810,0.148571429
7811,0.177142857
7812,0.16
7813,0.142857143
7814,0.154285714
7815,0.154285714
7816,0.154285714
7817,0.16
7818,0.171428571
7819,0.177142857
7820,0.177142857
7821,0.171428571
7822,0.165714286
7823,0.16
7824,0.16
7825,0.165714286
7826,0.165714286
7827,0.165714286
7828,0.165714286
7829,0.165714286
7830,0.165714286
7831,0.16
7832,0.16
7833,0.16
7834,0.16
7835,0.165714286
7836,0.165714286
7837,0.165714286
7838,0.171428571
7839,0.165714286
7840,0.16
7841,0.154285714
7842,0.154285714
7843,0.16
7844,0.171428571
7845,0.177142857
7846,0.171428571
7847,0.171428571
7848,0.165714286
7849,0.16
7850,0.16
7851,0.16
7852,0.165714286
7853,0.16
7854,0.16
7855,0.16
7856,0.16
7857,0.16
7858,0.154285714
7859,0.154285714
7860,0.154285714
7861,0.154285714
7862,0.148571429
7863,0.148571429
7864,0.148571429
7865,0.16
7866,0.16
7867,0.16
7868,0.16
7869,0.165714286
7870,0.16
7871,0.16
7872,0.16
7873,0.16
7874,0.16
7875,0.16
7876,0.16
7877,0.154285714
7878,0.142857143
7879,0.137142857
7880,0.142857143
7881,0.142857143
7882,0.142857143
7883,0.142857143
7884,0.148571429
7885,0.148571429
7886,0.148571429
7887,0.137142857
7888,0.142857143
7889,0.148571429
7890,0.148571429
7891,0.154285714
7892,0.142857143
7893,0.131428571
7894,0.12
7895,0.137142857
7896,0.148571429
7897,0.154285714
7898,0.148571429
7899,0.142857143
7900,0.142857143
7901,0.142857143
7902,0.142857143
7903,0.142857143
7904,0.142857143
7905,0.125714286
7906,0.108571429
7907,0.114285714
7908,0.131428571
7909,0.154285714
7910,0.16
7911,0.148571429
7912,0.142857143
7913,0.148571429
7914,0.154285714
7915,0.154285714
7916,0.16
7917,0.154285714
7918,0.131428571
7919,0.137142857
7920,0.148571429
7921,0.16
7922,0.154285714
7923,0.12
7924,0.102857143
7925,0.097142857
7926,0.108571429
7927,0.148571429
7928,0.142857143
7929,0.154285714
7930,0.148571429
7931,0.148571429
7932,0.137142857
7933,0.125714286
7934,0.125714286
7935,0.142857143
7936,0.16
7937,0.182857143
7938,0.182857143
7939,0.182857143
7940,0.171428571
7941,0.165714286
7942,0.171428571
7943,0.171428571
7944,0.177142857
7945,0.188571429
7946,0.188571429
7947,0.188571429
7948,0.177142857
7949,0.165714286
7950,0.154285714
7951,0.148571429
7952,0.194285714
7953,0.194285714
7954,0.194285714
7955,0.177142857
7956,0.177142857
7957,0.171428571
7958,0.177142857
7959,0.182857143
7960,0.182857143
7961,0.188571429
7962,0.194285714
7963,0.188571429
7964,0.188571429
7965,0.182857143
7966,0.182857143
7967,0.188571429
7968,0.188571429
7969,0.188571429
7970,0.188571429
7971,0.188571429
7972,0.188571429
7973,0.182857143
7974,0.188571429
7975,0.188571429
7976,0.188571429
7977,0.182857143
7978,0.182857143
7979,0.182857143
7980,0.177142857
7981,0.182857143
7982,0.182857143
7983,0.182857143
7984,0.177142857
7985,0.177142857
7986,0.171428571
7987,0.182857143
7988,0.182857143
7989,0.182857143
7990,0.177142857
7991,0.177142857
7992,0.177142857
7993,0.177142857
7994,0.177142857
7995,0.177142857
7996,0.177142857
7997,0.177142857
7998,0.177142857
7999,0.177142857
8000,0.182857143
8001,0.182857143
8002,0.182857143
8003,0.177142857
8004,0.177142857
8005,0.177142857
8006,0.177142857
8007,0.177142857
8008,0.177142857
8009,0.177142857
8010,0.177142857
8011,0.177142857
8012,0.177142857
8013,0.177142857
8014,0.177142857
8015,0.171428571
8016,0.177142857
8017,0.177142857
8018,0.177142857
8019,0.177142857
8020,0.177142857
8021,0.165714286
8022,0.171428571
8023,0.177142857
8024,0.177142857
8025,0.177142857
8026,0.177142857
8027,0.177142857
8028,0.171428571
8029,0.171428571
8030,0.177142857
8031,0.177142857
8032,0.177142857
8033,0.177142857
8034,0.165714286
8035,0.16
8036,0.16
8037,0.16
8038,0.16
8039,0.171428571
8040,0.171428571
8041,0.171428571
8042,0.171428571
8043,0.171428571
8044,0.171428571
8045,0.165714286
8046,0.171428571
8047,0.182857143
8048,0.177142857
8049,0.177142857
8050,0.165714286
8051,0.165714286
8052,0.188571429
8053,0.188571429
8054,0.2
8055,0.2
8056,0.188571429
8057,0.188571429
8058,0.182857143
8059,0.182857143
8060,0.182857143
8061,0.182857143
8062,0.177142857
8063,0.177142857
8064,0.177142857
8065,0.177142857
8066,0.182857143
8067,0.177142857
8068,0.177142857
8069,0.177142857
8070,0.182857143
8071,0.182857143
8072,0.182857143
8073,0.177142857
8074,0.188571429
8075,0.194285714
8076,0.194285714
8077,0.194285714
8078,0.194285714
8079,0.188571429
8080,0.188571429
8081,0.188571429
8082,0.188571429
8083,0.188571429
8084,0.188571429
8085,0.188571429
8086,0.188571429
8087,0.188571429
8088,0.188571429
8089,0.188571429
8090,0.188571429
8091,0.182857143
8092,0.182857143
8093,0.182857143
8094,0.194285714
8095,0.205714286
8096,0.2
8097,0.188571429
8098,0.188571429
8099,0.165714286
8100,0.182857143
8101,0.177142857
8102,0.182857143
8103,0.182857143
8104,0.182857143
8105,0.188571429
8106,0.188571429
8107,0.182857143
8108,0.182857143
8109,0.182857143
8110,0.182857143
8111,0.182857143
8112,0.182857143
8113,0.182857143
8114,0.182857143
8115,0.182857143
8116,0.182857143
8117,0.182857143
8118,0.182857143
8119,0.182857143
8120,0.182857143
8121,0.177142857
8122,0.171428571
8123,0.177142857
8124,0.182857143
8125,0.182857143
8126,0.177142857
8127,0.177142857
8128,0.177142857
8129,0.182857143
8130,0.182857143
8131,0.177142857
8132,0.171428571
8133,0.171428571
8134,0.171428571
8135,0.171428571
8136,0.165714286
8137,0.177142857
8138,0.177142857
8139,0.177142857
8140,0.171428571
8141,0.165714286
8142,0.148571429
8143,0.137142857
8144,0.171428571
8145,0.194285714
8146,0.188571429
8147,0.148571429
8148,0.16
8149,0.177142857
8150,0.194285714
8151,0.188571429
8152,0.188571429
8153,0.182857143
8154,0.177142857
8155,0.171428571
8156,0.177142857
8157,0.182857143
8158,0.182857143
8159,0.177142857
8160,0.171428571
8161,0.177142857
8162,0.188571429
8163,0.188571429
8164,0.182857143
8165,0.171428571
8166,0.171428571
8167,0.165714286
8168,0.182857143
8169,0.2
8170,0.2
8171,0.194285714
8172,0.188571429
8173,0.188571429
8174,0.188571429
8175,0.188571429
8176,0.188571429
8177,0.188571429
8178,0.188571429
8179,0.188571429
8180,0.182857143
8181,0.182857143
8182,0.188571429
8183,0.188571429
8184,0.182857143
8185,0.182857143
8186,0.188571429
8187,0.188571429
8188,0.182857143
8189,0.182857143
8190,0.188571429
8191,0.182857143
8192,0.182857143
8193,0.188571429
8194,0.177142857
8195,0.177142857
8196,0.177142857
8197,0.188571429
8198,0.188571429
8199,0.188571429
8200,0.188571429
8201,0.194285714
8202,0.188571429
8203,0.188571429
8204,0.194285714
8205,0.194285714
8206,0.182857143
8207,0.182857143
8208,0.182857143
8209,0.182857143
8210,0.182857143
8211,0.182857143
8212,0.188571429
8213,0.182857143
8214,0.188571429
8215,0.211428571
8216,0.234285714
8217,0.222857143
8218,0.228571429
8219,0.222857143
8220,0.217142857
8221,0.211428571
8222,0.194285714
8223,0.177142857
8224,0.165714286
8225,0.154285714
8226,0.16
8227,0.177142857
8228,0.177142857
8229,0.182857143
8230,0.188571429
8231,0.182857143
8232,0.182857143
8233,0.182857143
8234,0.177142857
8235,0.177142857
8236,0.177142857
8237,0.177142857
8238,0.177142857
8239,0.171428571
8240,0.177142857
8241,0.182857143
8242,0.165714286
8243,0.182857143
8244,0.182857143
8245,0.182857143
8246,0.177142857
8247,0.177142857
8248,0.177142857
8249,0.171428571
8250,0.171428571
8251,0.148571429
8252,0.148571429
8253,0.142857143
8254,0.142857143
8255,0.142857143
8256,0.142857143
8257,0.137142857
8258,0.137142857
8259,0.148571429
8260,0.148571429
8261,0.16
8262,0.165714286
8263,0.165714286
8264,0.165714286
8265,0.16
8266,0.154285714
8267,0.165714286
8268,0.171428571
8269,0.171428571
8270,0.171428571
8271,0.177142857
8272,0.177142857
8273,0.171428571
8274,0.171428571
8275,0.165714286
8276,0.148571429
8277,0.142857143
8278,0.142857143
8279,0.142857143
8280,0.142857143
8281,0.142857143
8282,0.16
8283,0.165714286
8284,0.165714286
8285,0.165714286
8286,0.16
8287,0.142857143
8288,0.171428571
8289,0.188571429
8290,0.194285714
8291,0.205714286
8292,0.211428571
8293,0.211428571
8294,0.194285714
8295,0.171428571
8296,0.165714286
8297,0.16
8298,0.16
8299,0.16
8300,0.16
8301,0.165714286
8302,0.165714286
8303,0.165714286
8304,0.165714286
8305,0.16
8306,0.16
8307,0.165714286
8308,0.165714286
8309,0.16
8310,0.16
8311,0.16
8312,0.16
8313,0.154285714
8314,0.154285714
8315,0.148571429
8316,0.148571429
8317,0.148571429
8318,0.142857143
8319,0.131428571
8320,0.131428571
8321,0.131428571
8322,0.125714286
8323,0.12
8324,0.114285714
8325,0.108571429
8326,0.108571429
8327,0.114285714
8328,0.108571429
8329,0.102857143
8330,0.097142857
8331,0.097142857
8332,0.097142857
8333,0.091428571
8334,0.085714286
8335,0.097142857
8336,0.091428571
8337,0.085714286
8338,0.085714286
8339,0.091428571
8340,0.091428571
8341,0.085714286
8342,0.08
8343,0.074285714
8344,0.062857143
8345,0.068571429
8346,0.074285714
8347,0.074285714
8348,0.074285714
8349,0.074285714
8350,0.074285714
8351,0.074285714
8352,0.068571429
8353,0.068571429
8354,0.068571429
8355,0.068571429
8356,0.062857143
8357,0.062857143
8358,0.062857143
8359,0.068571429
8360,0.068571429
8361,0.068571429
8362,0.068571429
8363,0.074285714
8364,0.08
8365,0.085714286
8366,0.091428571
8367,0.085714286
8368,0.085714286
8369,0.085714286
8370,0.085714286
8371,0.085714286
8372,0.085714286
8373,0.085714286
8374,0.085714286
8375,0.085714286
8376,0.085714286
8377,0.08
8378,0.08
8379,0.08
8380,0.08
8381,0.085714286
8382,0.091428571
8383,0.091428571
8384,0.102857143
8385,0.102857143
8386,0.114285714
8387,0.108571429
8388,0.108571429
8389,0.114285714
8390,0.12
8391,0.125714286
8392,0.125714286
8393,0.125714286
8394,0.12
8395,0.114285714
8396,0.114285714
8397,0.108571429
8398,0.102857143
8399,0.114285714
8400,0.108571429
8401,0.108571429
8402,0.102857143
8403,0.102857143
8404,0.091428571
8405,0.091428571
8406,0.091428571
8407,0.085714286
8408,0.091428571
8409,0.097142857
8410,0.102857143
8411,0.114285714
8412,0.131428571
8413,0.137142857
8414,0.125714286
8415,0.114285714
8416,0.114285714
8417,0.114285714
8418,0.12
8419,0.125714286
8420,0.125714286
8421,0.125714286
8422,0.125714286
8423,0.125714286
8424,0.12
8425,0.12
8426,0.12
8427,0.12
8428,0.12
8429,0.12
8430,0.148571429
8431,0.154285714
8432,0.125714286
8433,0.125714286
8434,0.125714286
8435,0.125714286
8436,0.125714286
8437,0.125714286
8438,0.125714286
8439,0.125714286
8440,0.125714286
8441,0.12
8442,0.12
8443,0.12
8444,0.125714286
8445,0.131428571
8446,0.131428571
8447,0.131428571
8448,0.131428571
8449,0.131428571
8450,0.125714286
8451,0.125714286
8452,0.125714286
8453,0.125714286
8454,0.131428571
8455,0.137142857
8456,0.142857143
8457,0.148571429
8458,0.142857143
8459,0.137142857
8460,0.137142857
8461,0.142857143
8462,0.142857143
8463,0.142857143
8464,0.137142857
8465,0.142857143
8466,0.142857143
8467,0.142857143
8468,0.142857143
8469,0.142857143
8470,0.142857143
8471,0.142857143
8472,0.142857143
8473,0.137142857
8474,0.137142857
8475,0.137142857
8476,0.142857143
8477,0.137142857
8478,0.142857143
8479,0.137142857
8480,0.142857143
8481,0.137142857
8482,0.142857143
8483,0.148571429
8484,0.148571429
8485,0.148571429
8486,0.148571429
8487,0.154285714
8488,0.148571429
8489,0.148571429
8490,0.148571429
8491,0.148571429
8492,0.148571429
8493,0.148571429
8494,0.142857143
8495,0.142857143
8496,0.142857143
8497,0.142857143
8498,0.142857143
8499,0.142857143
8500,0.142857143
8501,0.142857143
8502,0.142857143
8503,0.137142857
8504,0.137142857
8505,0.142857143
8506,0.142857143
8507,0.142857143
8508,0.142857143
8509,0.142857143
8510,0.142857143
8511,0.142857143
8512,0.142857143
8513,0.142857143
8514,0.142857143
8515,0.142857143
8516,0.148571429
8517,0.142857143
8518,0.142857143
8519,0.142857143
8520,0.142857143
8521,0.142857143
8522,0.142857143
8523,0.142857143
8524,0.142857143
8525,0.142857143
8526,0.142857143
8527,0.148571429
8528,0.148571429
8529,0.148571429
8530,0.148571429
8531,0.148571429
8532,0.148571429
8533,0.142857143
8534,0.148571429
8535,0.142857143
8536,0.142857143
8537,0.142857143
8538,0.142857143
8539,0.137142857
8540,0.131428571
8541,0.125714286
8542,0.131428571
8543,0.125714286
8544,0.125714286
8545,0.125714286
8546,0.125714286
8547,0.125714286
8548,0.125714286
8549,0.12
8550,0.12
8551,0.114285714
8552,0.114285714
8553,0.108571429
8554,0.114285714
8555,0.114285714
8556,0.12
8557,0.12
8558,0.12
8559,0.12
8560,0.12
8561,0.12
8562,0.12
8563,0.108571429
8564,0.097142857
8565,0.102857143
8566,0.102857143
8567,0.097142857
8568,0.097142857
8569,0.097142857
8570,0.102857143
8571,0.125714286
8572,0.125714286
8573,0.125714286
8574,0.131428571
8575,0.125714286
8576,0.125714286
8577,0.125714286
8578,0.125714286
8579,0.125714286
8580,0.125714286
8581,0.125714286
8582,0.131428571
8583,0.131428571
8584,0.131428571
8585,0.131428571
8586,0.131428571
8587,0.131428571
8588,0.131428571
8589,0.131428571
8590,0.131428571
8591,0.131428571
8592,0.131428571
8593,0.131428571
8594,0.125714286
8595,0.125714286
8596,0.125714286
8597,0.125714286
8598,0.125714286
8599,0.125714286
8600,0.125714286
8601,0.125714286
8602,0.125714286
8603,0.125714286
8604,0.125714286
8605,0.125714286
8606,0.125714286
8607,0.125714286
8608,0.125714286
8609,0.12
8610,0.12
8611,0.125714286
8612,0.125714286
8613,0.125714286
8614,0.125714286
8615,0.125714286
8616,0.125714286
8617,0.131428571
8618,0.131428571
8619,0.131428571
8620,0.131428571
8621,0.131428571
8622,0.131428571
8623,0.12
8624,0.131428571
8625,0.131428571
8626,0.131428571
8627,0.131428571
8628,0.137142857
8629,0.137142857
8630,0.137142857
8631,0.137142857
8632,0.137142857
8633,0.142857143
8634,0.142857143
8635,0.142857143
8636,0.142857143
8637,0.142857143
8638,0.142857143
8639,0.142857143
8640,0.142857143
8641,0.142857143
8642,0.142857143
8643,0.142857143
8644,0.142857143
8645,0.137142857
8646,0.137142857
8647,0.137142857
8648,0.142857143
8649,0.137142857
8650,0.137142857
8651,0.142857143
8652,0.137142857
8653,0.137142857
8654,0.137142857
8655,0.131428571
8656,0.131428571
8657,0.125714286
8658,0.125714286
8659,0.125714286
8660,0.125714286
8661,0.125714286
8662,0.125714286
8663,0.125714286
8664,0.125714286
8665,0.125714286
8666,0.125714286
8667,0.125714286
8668,0.125714286
8669,0.125714286
8670,0.125714286
8671,0.125714286
8672,0.125714286
8673,0.125714286
8674,0.131428571
8675,0.137142857
8676,0.137142857
8677,0.137142857
8678,0.137142857
8679,0.137142857
8680,0.137142857
8681,0.137142857
8682,0.137142857
8683,0.142857143
8684,0.142857143
8685,0.142857143
8686,0.137142857
8687,0.137142857
8688,0.137142857
8689,0.142857143
8690,0.142857143
8691,0.142857143
8692,0.142857143
8693,0.142857143
8694,0.142857143
8695,0.137142857
8696,0.142857143
8697,0.142857143
8698,0.142857143
8699,0.142857143
8700,0.142857143
8701,0.142857143
8702,0.142857143
8703,0.142857143
8704,0.148571429
8705,0.154285714
8706,0.154285714
8707,0.154285714
8708,0.16
8709,0.16
8710,0.16
8711,0.16
8712,0.154285714
8713,0.148571429
8714,0.142857143
8715,0.148571429
8716,0.148571429
8717,0.148571429
8718,0.148571429
8719,0.154285714
8720,0.154285714
8721,0.16
8722,0.16
8723,0.16
8724,0.16
8725,0.16
8726,0.16
8727,0.165714286
8728,0.165714286
8729,0.171428571
8730,0.171428571
8731,0.171428571
8732,0.171428571
8733,0.171428571
8734,0.165714286
8735,0.165714286
8736,0.165714286
8737,0.165714286
8738,0.165714286
8739,0.165714286
8740,0.171428571
8741,0.171428571
8742,0.171428571
8743,0.165714286
8744,0.154285714
8745,0.177142857
8746,0.177142857
8747,0.182857143
8748,0.177142857
8749,0.177142857
8750,0.177142857
8751,0.177142857
8752,0.177142857
8753,0.177142857
8754,0.177142857
8755,0.177142857
8756,0.177142857
8757,0.177142857
8758,0.177142857
8759,0.177142857
