0,0.3313
1,0.3661
2,0.3812
3,0.379
4,0.3928
5,0.4123
6,0.4451
7,0.4685
8,0.4582
9,0.4511
10,0.4708
11,0.4389
12,0.3965
13,0.4231
14,0.465
15,0.516
16,0.5705
17,0.6251
18,0.6753
19,0.6927
20,0.6966
21,0.685
22,0.6462
23,0.6208
24,0.6167
25,0.6165
26,0.6005
27,0.5897
28,0.5863
29,0.5835
30,0.5739
31,0.5667
32,0.5507
33,0.5164
34,0.4778
35,0.4425
36,0.4127
37,0.3879
38,0.362
39,0.3436
40,0.3173
41,0.2776
42,0.2417
43,0.2158
44,0.2003
45,0.1995
46,0.2067
47,0.2102
48,0.2075
49,0.1975
50,0.1883
51,0.1844
52,0.1798
53,0.1756
54,0.1642
55,0.1483
56,0.1387
57,0.1288
58,0.1226
59,0.1118
60,0.1087
61,0.1138
62,0.1229
63,0.1327
64,0.1385
65,0.1357
66,0.1292
67,0.1113
68,0.0876
69,0.0668
70,0.0771
71,0.0986
72,0.0947
73,0.0866
74,0.084
75,0.1067
76,0.1405
77,0.1867
78,0.2255
79,0.2392
80,0.2262
81,0.2108
82,0.2059
83,0.2139
84,0.2344
85,0.2523
86,0.2722
87,0.2891
88,0.314
89,0.3475
90,0.3609
91,0.3635
92,0.3536
93,0.3505
94,0.3638
95,0.3766
96,0.3876
97,0.3955
98,0.4012
99,0.409
100,0.4159
101,0.4273
102,0.4313
103,0.427
104,0.4202
105,0.4018
106,0.3874
107,0.376
108,0.3576
109,0.3432
110,0.3421
111,0.3474
112,0.3439
113,0.3325
114,0.3228
115,0.322
116,0.3194
117,0.3179
118,0.3112
119,0.3009
120,0.2935
121,0.282
122,0.2582
123,0.2305
124,0.2047
125,0.1898
126,0.1789
127,0.1605
128,0.1407
129,0.1249
130,0.1067
131,0.0921
132,0.0856
133,0.0806
134,0.08
135,0.0853
136,0.0944
137,0.1116
138,0.1251
139,0.1125
140,0.0785
141,0.0536
142,0.0375
143,0.0252
144,0.0226
145,0.0305
146,0.0424
147,0.058
148,0.0809
149,0.1087
150,0.1473
151,0.1935
152,0.242
153,0.3092
154,0.4042
155,0.4938
156,0.5901
157,0.5878
158,0.5798
159,0.6308
160,0.6908
161,0.6918
162,0.6832
163,0.7583
164,0.8005
165,0.828
166,0.8603
167,0.8724
168,0.856
169,0.8471
170,0.8473
171,0.8623
172,0.8799
173,0.8923
174,0.8904
175,0.8774
176,0.8698
177,0.872
178,0.8818
179,0.8915
180,0.9029
181,0.909
182,0.9035
183,0.901
184,0.8982
185,0.8905
186,0.8783
187,0.8679
188,0.8553
189,0.8478
190,0.851
191,0.8704
192,0.8802
193,0.8829
194,0.8725
195,0.8585
196,0.8354
197,0.8144
198,0.7936
199,0.766
200,0.7501
201,0.7468
202,0.7318
203,0.7143
204,0.7099
205,0.695
206,0.68
207,0.6629
208,0.6337
209,0.6261
210,0.6181
211,0.5836
212,0.5474
213,0.5099
214,0.4857
215,0.4055
216,0.3573
217,0.3122
218,0.2676
219,0.2313
220,0.211
221,0.185
222,0.1593
223,0.1385
224,0.1133
225,0.0909
226,0.0674
227,0.047
228,0.0368
229,0.0378
230,0.0441
231,0.0576
232,0.0726
233,0.0849
234,0.0941
235,0.098
236,0.0986
237,0.1114
238,0.1342
239,0.1578
240,0.1762
241,0.2154
242,0.2522
243,0.2883
244,0.3228
245,0.3275
246,0.3103
247,0.2954
248,0.2744
249,0.2751
250,0.3164
251,0.3757
252,0.4157
253,0.4366
254,0.4623
255,0.4821
256,0.454
257,0.417
258,0.3815
259,0.3677
260,0.3494
261,0.3215
262,0.281
263,0.2609
264,0.2658
265,0.282
266,0.3133
267,0.3469
268,0.4142
269,0.4928
270,0.5286
271,0.6488
272,0.7041
273,0.7214
274,0.7165
275,0.6988
276,0.705
277,0.6921
278,0.7053
279,0.7254
280,0.7327
281,0.7313
282,0.7037
283,0.6635
284,0.6022
285,0.5592
286,0.5585
287,0.5772
288,0.6644
289,0.6958
290,0.6637
291,0.6852
292,0.7674
293,0.7779
294,0.755
295,0.7768
296,0.7931
297,0.8056
298,0.8092
299,0.82
300,0.8446
301,0.8575
302,0.8769
303,0.8929
304,0.8965
305,0.888
306,0.879
307,0.8729
308,0.8583
309,0.8518
310,0.8624
311,0.8571
312,0.8223
313,0.795
314,0.7778
315,0.7644
316,0.744
317,0.7288
318,0.7052
319,0.658
320,0.5711
321,0.4861
322,0.4013
323,0.3459
324,0.3391
325,0.3403
326,0.3162
327,0.2688
328,0.2381
329,0.2024
330,0.1702
331,0.1439
332,0.1278
333,0.1242
334,0.1355
335,0.1692
336,0.2172
337,0.254
338,0.2882
339,0.3216
340,0.3607
341,0.4147
342,0.4589
343,0.4854
344,0.4962
345,0.5276
346,0.5429
347,0.567
348,0.5831
349,0.5846
350,0.5895
351,0.6043
352,0.6025
353,0.5997
354,0.5886
355,0.5939
356,0.5928
357,0.6267
358,0.6724
359,0.648
360,0.6379
361,0.6132
362,0.6331
363,0.6414
364,0.6455
365,0.6554
366,0.6738
367,0.6796
368,0.6971
369,0.7309
370,0.7373
371,0.7483
372,0.7759
373,0.7743
374,0.7739
375,0.7644
376,0.7521
377,0.7589
378,0.7378
379,0.6131
380,0.3919
381,0.2967
382,0.272
383,0.2985
384,0.3317
385,0.3382
386,0.3297
387,0.3242
388,0.3244
389,0.3114
390,0.3442
391,0.5044
392,0.6999
393,0.7624
394,0.779
395,0.7897
396,0.8127
397,0.8516
398,0.8482
399,0.8331
400,0.8315
401,0.8321
402,0.8105
403,0.7607
404,0.6756
405,0.568
406,0.4468
407,0.3248
408,0.2227
409,0.1355
410,0.0723
411,0.0349
412,0.0139
413,0.0031
414,0.0
415,0.0
416,0.0022
417,0.0185
418,0.0413
419,0.0629
420,0.08
421,0.0938
422,0.11
423,0.137
424,0.1782
425,0.226
426,0.2662
427,0.2945
428,0.3111
429,0.3151
430,0.3122
431,0.3151
432,0.3142
433,0.321
434,0.3317
435,0.342
436,0.3462
437,0.3509
438,0.3551
439,0.3608
440,0.3647
441,0.347
442,0.3364
443,0.3199
444,0.2974
445,0.274
446,0.2572
447,0.2661
448,0.2848
449,0.2859
450,0.2637
451,0.2299
452,0.1887
453,0.1534
454,0.1292
455,0.1145
456,0.1066
457,0.1116
458,0.1231
459,0.1284
460,0.1282
461,0.1265
462,0.1251
463,0.1244
464,0.1234
465,0.1125
466,0.0977
467,0.0832
468,0.0647
469,0.0537
470,0.0557
471,0.0671
472,0.079
473,0.0793
474,0.0668
475,0.0505
476,0.0364
477,0.0262
478,0.0159
479,0.0058
480,0.0012
481,0.0
482,0.0
483,0.0001
484,0.0013
485,0.0036
486,0.0028
487,0.0007
488,0.0003
489,0.0005
490,0.0015
491,0.0073
492,0.027
493,0.0484
494,0.0683
495,0.0912
496,0.1225
497,0.1654
498,0.2086
499,0.2604
500,0.3223
501,0.3884
502,0.4509
503,0.502
504,0.539
505,0.5482
506,0.5699
507,0.6036
508,0.6466
509,0.6721
510,0.7171
511,0.7143
512,0.5759
513,0.391
514,0.2569
515,0.1713
516,0.1238
517,0.0938
518,0.0707
519,0.0515
520,0.0636
521,0.1275
522,0.2262
523,0.2809
524,0.293
525,0.2822
526,0.2912
527,0.3135
528,0.3492
529,0.3767
530,0.3889
531,0.3606
532,0.3062
533,0.2548
534,0.2066
535,0.1703
536,0.1573
537,0.1594
538,0.1676
539,0.1599
540,0.1434
541,0.1289
542,0.1157
543,0.1108
544,0.105
545,0.0954
546,0.0822
547,0.0654
548,0.0446
549,0.0284
550,0.0162
551,0.01
552,0.0079
553,0.0069
554,0.0044
555,0.0032
556,0.0045
557,0.0062
558,0.0057
559,0.0072
560,0.0092
561,0.0162
562,0.021
563,0.0291
564,0.0421
565,0.0463
566,0.0397
567,0.0329
568,0.0254
569,0.0127
570,0.0043
571,0.0027
572,0.0024
573,0.0021
574,0.0019
575,0.0009
576,0.0003
577,0.0005
578,0.0029
579,0.0053
580,0.0087
581,0.0234
582,0.0626
583,0.1273
584,0.2051
585,0.2971
586,0.4066
587,0.5064
588,0.5418
589,0.4904
590,0.4474
591,0.4995
592,0.5451
593,0.5279
594,0.5028
595,0.5288
596,0.5178
597,0.5132
598,0.4933
599,0.4967
600,0.5145
601,0.5305
602,0.5343
603,0.5545
604,0.5604
605,0.5408
606,0.5794
607,0.5532
608,0.5347
609,0.5054
610,0.5032
611,0.546
612,0.5797
613,0.5816
614,0.6241
615,0.6621
616,0.7536
617,0.804
618,0.8032
619,0.8376
620,0.869
621,0.8563
622,0.9041
623,0.8632
624,0.8228
625,0.813
626,0.7882
627,0.7497
628,0.6391
629,0.5107
630,0.3549
631,0.3081
632,0.5568
633,0.8083
634,0.8423
635,0.7819
636,0.7481
637,0.7588
638,0.7776
639,0.8017
640,0.8373
641,0.8836
642,0.9204
643,0.945
644,0.9594
645,0.9682
646,0.971
647,0.972
648,0.9691
649,0.9665
650,0.9655
651,0.9601
652,0.9486
653,0.9313
654,0.903
655,0.8609
656,0.8224
657,0.8051
658,0.7997
659,0.7934
660,0.796
661,0.7971
662,0.7578
663,0.7048
664,0.6638
665,0.615
666,0.5556
667,0.4779
668,0.4306
669,0.3637
670,0.3177
671,0.2318
672,0.1599
673,0.1126
674,0.107
675,0.1455
676,0.2036
677,0.2524
678,0.2762
679,0.2852
680,0.2921
681,0.2859
682,0.3012
683,0.2978
684,0.306
685,0.3192
686,0.3329
687,0.3648
688,0.4122
689,0.4484
690,0.4596
691,0.4278
692,0.3804
693,0.3201
694,0.2478
695,0.1818
696,0.1228
697,0.0642
698,0.0224
699,0.0019
700,0.0
701,0.0
702,0.0147
703,0.0633
704,0.1086
705,0.1382
706,0.1612
707,0.1966
708,0.2336
709,0.2565
710,0.2454
711,0.2199
712,0.1858
713,0.1601
714,0.1385
715,0.1143
716,0.0933
717,0.0742
718,0.0555
719,0.0396
720,0.0266
721,0.0176
722,0.0134
723,0.0184
724,0.0294
725,0.0361
726,0.0387
727,0.0432
728,0.0622
729,0.0845
730,0.1094
731,0.1379
732,0.16
733,0.1867
734,0.228
735,0.2706
736,0.3432
737,0.4478
738,0.5529
739,0.6363
740,0.6769
741,0.6796
742,0.6786
743,0.6814
744,0.6856
745,0.6544
746,0.5699
747,0.4566
748,0.3112
749,0.1708
750,0.0804
751,0.0434
752,0.0373
753,0.0363
754,0.0351
755,0.04
756,0.0462
757,0.0433
758,0.0359
759,0.0251
760,0.0229
761,0.0423
762,0.0777
763,0.1121
764,0.1423
765,0.1715
766,0.2057
767,0.2472
768,0.2935
769,0.3388
770,0.3801
771,0.4085
772,0.4141
773,0.3936
774,0.3735
775,0.3629
776,0.3748
777,0.4083
778,0.4638
779,0.5331
780,0.6001
781,0.6506
782,0.6844
783,0.7018
784,0.6961
785,0.6744
786,0.6228
787,0.5586
788,0.4947
789,0.4781
790,0.5161
791,0.522
792,0.5146
793,0.4793
794,0.4245
795,0.3699
796,0.3248
797,0.2802
798,0.2396
799,0.1982
800,0.16
801,0.1324
802,0.1223
803,0.1265
804,0.1253
805,0.1065
806,0.0827
807,0.0721
808,0.0926
809,0.1491
810,0.2366
811,0.3234
812,0.3762
813,0.4098
814,0.4455
815,0.4839
816,0.5367
817,0.5663
818,0.541
819,0.5184
820,0.5153
821,0.5417
822,0.5867
823,0.6287
824,0.7035
825,0.7913
826,0.8648
827,0.8753
828,0.8682
829,0.866
830,0.8666
831,0.8576
832,0.8374
833,0.7968
834,0.7438
835,0.6536
836,0.5804
837,0.4922
838,0.421
839,0.3296
840,0.2743
841,0.2412
842,0.2273
843,0.2176
844,0.2196
845,0.2286
846,0.2369
847,0.2274
848,0.2179
849,0.1867
850,0.1618
851,0.1522
852,0.1432
853,0.1373
854,0.1424
855,0.1837
856,0.2712
857,0.3654
858,0.4226
859,0.4406
860,0.4574
861,0.4677
862,0.4903
863,0.5145
864,0.527
865,0.5868
866,0.5713
867,0.5284
868,0.5622
869,0.5719
870,0.5636
871,0.5092
872,0.4065
873,0.3429
874,0.3048
875,0.288
876,0.2761
877,0.2809
878,0.2931
879,0.3049
880,0.3678
881,0.3729
882,0.3619
883,0.3382
884,0.3685
885,0.4667
886,0.6197
887,0.6618
888,0.7086
889,0.7796
890,0.8789
891,0.8972
892,0.9064
893,0.9489
894,0.9657
895,0.9513
896,0.9378
897,0.9193
898,0.9214
899,0.9343
900,0.9393
901,0.9399
902,0.9223
903,0.8896
904,0.8433
905,0.7758
906,0.7076
907,0.655
908,0.6458
909,0.6271
910,0.6177
911,0.6246
912,0.6042
913,0.5992
914,0.6135
915,0.7031
916,0.7137
917,0.7465
918,0.7972
919,0.8322
920,0.8775
921,0.9035
922,0.9269
923,0.9402
924,0.9502
925,0.9612
926,0.9675
927,0.974
928,0.9769
929,0.9789
930,0.9794
931,0.9767
932,0.9624
933,0.9234
934,0.8821
935,0.8711
936,0.882
937,0.9124
938,0.9383
939,0.9361
940,0.945
941,0.9543
942,0.9622
943,0.969
944,0.9734
945,0.9745
946,0.9747
947,0.9732
948,0.9645
949,0.9518
950,0.9407
951,0.9239
952,0.9091
953,0.8821
954,0.8488
955,0.8239
956,0.7983
957,0.7548
958,0.6296
959,0.528
960,0.4689
961,0.3322
962,0.339
963,0.2698
964,0.2354
965,0.268
966,0.3052
967,0.432
968,0.4443
969,0.445
970,0.4897
971,0.5415
972,0.6087
973,0.6855
974,0.7798
975,0.8374
976,0.8398
977,0.8629
978,0.8758
979,0.8637
980,0.8359
981,0.8056
982,0.769
983,0.7124
984,0.6375
985,0.5584
986,0.487
987,0.4101
988,0.3275
989,0.2438
990,0.2251
991,0.2914
992,0.3461
993,0.3584
994,0.3288
995,0.3028
996,0.2873
997,0.2218
998,0.1514
999,0.1328
1000,0.1354
1001,0.1102
1002,0.0748
1003,0.0428
1004,0.025
1005,0.0105
1006,0.0109
1007,0.0275
1008,0.0593
1009,0.1007
1010,0.1277
1011,0.1456
1012,0.1562
1013,0.1622
1014,0.1659
1015,0.182
1016,0.2067
1017,0.2172
1018,0.2325
1019,0.2803
1020,0.3236
1021,0.3445
1022,0.3371
1023,0.3433
1024,0.3812
1025,0.4227
1026,0.4312
1027,0.4449
1028,0.4309
1029,0.3897
1030,0.3439
1031,0.3187
1032,0.2937
1033,0.2888
1034,0.2962
1035,0.303
1036,0.3031
1037,0.3103
1038,0.3039
1039,0.2912
1040,0.2824
1041,0.2833
1042,0.2696
1043,0.2673
1044,0.2605
1045,0.2456
1046,0.2242
1047,0.2155
1048,0.2269
1049,0.2583
1050,0.2755
1051,0.2668
1052,0.2503
1053,0.233
1054,0.2166
1055,0.2026
1056,0.1875
1057,0.1696
1058,0.1494
1059,0.1398
1060,0.1386
1061,0.1391
1062,0.1384
1063,0.1289
1064,0.0996
1065,0.0698
1066,0.0547
1067,0.0589
1068,0.0731
1069,0.089
1070,0.0974
1071,0.1077
1072,0.1309
1073,0.1613
1074,0.1899
1075,0.2073
1076,0.2089
1077,0.1936
1078,0.1721
1079,0.1542
1080,0.1438
1081,0.1402
1082,0.1361
1083,0.1337
1084,0.134
1085,0.1449
1086,0.1624
1087,0.1723
1088,0.1593
1089,0.1486
1090,0.1483
1091,0.1588
1092,0.1627
1093,0.1584
1094,0.1567
1095,0.1648
1096,0.1858
1097,0.2262
1098,0.2797
1099,0.3204
1100,0.3281
1101,0.3214
1102,0.3101
1103,0.2981
1104,0.2897
1105,0.2805
1106,0.2731
1107,0.2845
1108,0.3242
1109,0.351
1110,0.343
1111,0.3208
1112,0.2766
1113,0.233
1114,0.2138
1115,0.2128
1116,0.2136
1117,0.2013
1118,0.1846
1119,0.1721
1120,0.1687
1121,0.1755
1122,0.1872
1123,0.2029
1124,0.224
1125,0.245
1126,0.2548
1127,0.2498
1128,0.2418
1129,0.2396
1130,0.2439
1131,0.2533
1132,0.2681
1133,0.2861
1134,0.3049
1135,0.3075
1136,0.2927
1137,0.3016
1138,0.3491
1139,0.4041
1140,0.4365
1141,0.4475
1142,0.4456
1143,0.4494
1144,0.4656
1145,0.4798
1146,0.4792
1147,0.454
1148,0.4077
1149,0.3646
1150,0.3259
1151,0.2944
1152,0.275
1153,0.2651
1154,0.2593
1155,0.2417
1156,0.2268
1157,0.2266
1158,0.2286
1159,0.2283
1160,0.2176
1161,0.2053
1162,0.1875
1163,0.1711
1164,0.1522
1165,0.1265
1166,0.111
1167,0.1063
1168,0.1167
1169,0.1406
1170,0.1711
1171,0.2105
1172,0.252
1173,0.2848
1174,0.3079
1175,0.3261
1176,0.3335
1177,0.3366
1178,0.3298
1179,0.3301
1180,0.3376
1181,0.3662
1182,0.3889
1183,0.3893
1184,0.4086
1185,0.3891
1186,0.3847
1187,0.3849
1188,0.3739
1189,0.3458
1190,0.3032
1191,0.2861
1192,0.3112
1193,0.3552
1194,0.394
1195,0.4081
1196,0.4054
1197,0.3903
1198,0.3497
1199,0.3128
1200,0.2921
1201,0.2785
1202,0.2706
1203,0.2748
1204,0.2885
1205,0.3165
1206,0.3666
1207,0.4009
1208,0.4139
1209,0.4076
1210,0.3867
1211,0.366
1212,0.3609
1213,0.3719
1214,0.3664
1215,0.3553
1216,0.3448
1217,0.3517
1218,0.365
1219,0.3664
1220,0.3589
1221,0.3394
1222,0.3162
1223,0.2965
1224,0.2955
1225,0.3186
1226,0.3508
1227,0.3717
1228,0.338
1229,0.3124
1230,0.3366
1231,0.3578
1232,0.3604
1233,0.3416
1234,0.342
1235,0.3461
1236,0.351
1237,0.3501
1238,0.3405
1239,0.3267
1240,0.337
1241,0.351
1242,0.3006
1243,0.236
1244,0.188
1245,0.1748
1246,0.174
1247,0.1619
1248,0.1387
1249,0.1138
1250,0.0886
1251,0.0564
1252,0.0239
1253,0.0045
1254,0.0
1255,0.0
1256,0.0
1257,0.0025
1258,0.0066
1259,0.008
1260,0.0064
1261,0.0082
1262,0.0132
1263,0.0148
1264,0.0186
1265,0.0408
1266,0.0826
1267,0.1464
1268,0.2105
1269,0.273
1270,0.3108
1271,0.3175
1272,0.2923
1273,0.246
1274,0.2086
1275,0.1831
1276,0.1573
1277,0.1441
1278,0.1409
1279,0.1441
1280,0.132
1281,0.1114
1282,0.1088
1283,0.1085
1284,0.1021
1285,0.0876
1286,0.0859
1287,0.1125
1288,0.1709
1289,0.2266
1290,0.2485
1291,0.2424
1292,0.2254
1293,0.1962
1294,0.1544
1295,0.1151
1296,0.0939
1297,0.0925
1298,0.0983
1299,0.099
1300,0.0815
1301,0.0552
1302,0.0435
1303,0.0535
1304,0.0693
1305,0.0676
1306,0.0584
1307,0.0519
1308,0.0399
1309,0.0291
1310,0.0248
1311,0.029
1312,0.0403
1313,0.0564
1314,0.0696
1315,0.0854
1316,0.0973
1317,0.098
1318,0.0912
1319,0.0785
1320,0.067
1321,0.0547
1322,0.0397
1323,0.024
1324,0.016
1325,0.0127
1326,0.0103
1327,0.0105
1328,0.0107
1329,0.0123
1330,0.0172
1331,0.0249
1332,0.0273
1333,0.0209
1334,0.0098
1335,0.0066
1336,0.013
1337,0.0324
1338,0.0642
1339,0.1021
1340,0.1379
1341,0.1622
1342,0.169
1343,0.15
1344,0.1105
1345,0.0687
1346,0.0361
1347,0.0167
1348,0.0067
1349,0.004
1350,0.009
1351,0.0272
1352,0.0486
1353,0.0543
1354,0.0528
1355,0.0526
1356,0.0534
1357,0.0467
1358,0.0309
1359,0.0209
1360,0.0233
1361,0.0406
1362,0.0728
1363,0.1143
1364,0.1593
1365,0.198
1366,0.2245
1367,0.2309
1368,0.2188
1369,0.1957
1370,0.1763
1371,0.1658
1372,0.154
1373,0.1387
1374,0.1137
1375,0.086
1376,0.0615
1377,0.0522
1378,0.0481
1379,0.0471
1380,0.0523
1381,0.0583
1382,0.067
1383,0.0736
1384,0.0854
1385,0.1101
1386,0.1513
1387,0.1994
1388,0.2359
1389,0.2517
1390,0.2524
1391,0.2345
1392,0.2025
1393,0.1741
1394,0.1515
1395,0.131
1396,0.1167
1397,0.1141
1398,0.128
1399,0.1752
1400,0.2476
1401,0.3412
1402,0.4492
1403,0.5443
1404,0.6144
1405,0.6556
1406,0.6579
1407,0.6182
1408,0.6214
1409,0.5645
1410,0.4775
1411,0.3986
1412,0.3583
1413,0.3013
1414,0.2845
1415,0.2757
1416,0.2969
1417,0.3275
1418,0.3451
1419,0.3489
1420,0.3631
1421,0.3682
1422,0.352
1423,0.3175
1424,0.2565
1425,0.184
1426,0.1171
1427,0.077
1428,0.074
1429,0.0806
1430,0.0649
1431,0.0345
1432,0.0138
1433,0.0071
1434,0.0109
1435,0.0249
1436,0.0477
1437,0.0858
1438,0.1333
1439,0.1729
1440,0.1803
1441,0.1857
1442,0.1835
1443,0.188
1444,0.2081
1445,0.2143
1446,0.2392
1447,0.2752
1448,0.314
1449,0.3164
1450,0.2616
1451,0.2406
1452,0.269
1453,0.3367
1454,0.4691
1455,0.5642
1456,0.6337
1457,0.725
1458,0.7227
1459,0.7156
1460,0.7283
1461,0.7631
1462,0.7927
1463,0.8111
1464,0.8114
1465,0.8587
1466,0.8919
1467,0.8957
1468,0.8793
1469,0.8372
1470,0.8177
1471,0.8503
1472,0.8878
1473,0.9186
1474,0.937
1475,0.9308
1476,0.9095
1477,0.9034
1478,0.9142
1479,0.909
1480,0.8894
1481,0.9328
1482,0.9664
1483,0.9768
1484,0.9787
1485,0.9736
1486,0.9656
1487,0.9642
1488,0.9503
1489,0.9201
1490,0.8767
1491,0.8242
1492,0.7776
1493,0.7157
1494,0.534
1495,0.4349
1496,0.5391
1497,0.7035
1498,0.813
1499,0.8158
1500,0.7998
1501,0.8181
1502,0.8498
1503,0.8487
1504,0.8474
1505,0.8432
1506,0.8657
1507,0.8913
1508,0.8796
1509,0.8611
1510,0.8576
1511,0.8618
1512,0.8436
1513,0.789
1514,0.7445
1515,0.6991
1516,0.6189
1517,0.5554
1518,0.5198
1519,0.4515
1520,0.404
1521,0.4198
1522,0.4527
1523,0.4752
1524,0.4871
1525,0.4915
1526,0.4663
1527,0.4502
1528,0.4141
1529,0.4298
1530,0.4467
1531,0.4573
1532,0.4014
1533,0.4061
1534,0.4612
1535,0.456
1536,0.4377
1537,0.4651
1538,0.5096
1539,0.5578
1540,0.7167
1541,0.8173
1542,0.8084
1543,0.7868
1544,0.7347
1545,0.6983
1546,0.7244
1547,0.6879
1548,0.7024
1549,0.7255
1550,0.7267
1551,0.7096
1552,0.6843
1553,0.6594
1554,0.6456
1555,0.6656
1556,0.6732
1557,0.6726
1558,0.5527
1559,0.481
1560,0.4941
1561,0.526
1562,0.4817
1563,0.4444
1564,0.5443
1565,0.6923
1566,0.7633
1567,0.7878
1568,0.7893
1569,0.7758
1570,0.7968
1571,0.8365
1572,0.8749
1573,0.9192
1574,0.9455
1575,0.9605
1576,0.9683
1577,0.9744
1578,0.9755
1579,0.9704
1580,0.9558
1581,0.92
1582,0.8591
1583,0.8073
1584,0.775
1585,0.7063
1586,0.6287
1587,0.5808
1588,0.5221
1589,0.4154
1590,0.3045
1591,0.2312
1592,0.1814
1593,0.1309
1594,0.098
1595,0.1077
1596,0.1908
1597,0.3109
1598,0.407
1599,0.4972
1600,0.5334
1601,0.5753
1602,0.6414
1603,0.6646
1604,0.6847
1605,0.7855
1606,0.8948
1607,0.9219
1608,0.8679
1609,0.7747
1610,0.6987
1611,0.701
1612,0.6764
1613,0.6756
1614,0.7399
1615,0.7925
1616,0.7391
1617,0.7149
1618,0.7811
1619,0.8594
1620,0.9094
1621,0.9231
1622,0.9346
1623,0.9026
1624,0.8431
1625,0.7584
1626,0.7093
1627,0.637
1628,0.5458
1629,0.417
1630,0.3242
1631,0.257
1632,0.1828
1633,0.07
1634,0.0176
1635,0.096
1636,0.2531
1637,0.3536
1638,0.5071
1639,0.828
1640,0.9407
1641,0.9477
1642,0.9011
1643,0.8376
1644,0.8318
1645,0.9201
1646,0.9775
1647,0.9796
1648,0.9722
1649,0.9658
1650,0.9519
1651,0.9267
1652,0.8985
1653,0.874
1654,0.8676
1655,0.8869
1656,0.9113
1657,0.9216
1658,0.9237
1659,0.9372
1660,0.9486
1661,0.9514
1662,0.9546
1663,0.9475
1664,0.925
1665,0.9064
1666,0.8824
1667,0.8663
1668,0.835
1669,0.7939
1670,0.7181
1671,0.5878
1672,0.4226
1673,0.3051
1674,0.2305
1675,0.1686
1676,0.1688
1677,0.257
1678,0.3465
1679,0.4008
1680,0.4705
1681,0.5507
1682,0.6356
1683,0.678
1684,0.7841
1685,0.8559
1686,0.8956
1687,0.9404
1688,0.9486
1689,0.9547
1690,0.9562
1691,0.9569
1692,0.9573
1693,0.962
1694,0.9774
1695,0.9789
1696,0.9245
1697,0.8465
1698,0.8597
1699,0.8185
1700,0.8507
1701,0.8849
1702,0.9234
1703,0.9449
1704,0.9543
1705,0.96
1706,0.9671
1707,0.9652
1708,0.9617
1709,0.9622
1710,0.9622
1711,0.9583
1712,0.9524
1713,0.9476
1714,0.9489
1715,0.9464
1716,0.9373
1717,0.9248
1718,0.9063
1719,0.8871
1720,0.872
1721,0.8597
1722,0.8379
1723,0.8093
1724,0.7853
1725,0.75
1726,0.7326
1727,0.7206
1728,0.7111
1729,0.7291
1730,0.7319
1731,0.7238
1732,0.7659
1733,0.8321
1734,0.888
1735,0.9367
1736,0.9635
1737,0.973
1738,0.9732
1739,0.9619
1740,0.9467
1741,0.9269
1742,0.8958
1743,0.8493
1744,0.7938
1745,0.7519
1746,0.7139
1747,0.6736
1748,0.5797
1749,0.4729
1750,0.4941
1751,0.558
1752,0.5666
1753,0.5461
1754,0.3632
1755,0.3083
1756,0.5369
1757,0.766
1758,0.8707
1759,0.9382
1760,0.9412
1761,0.9355
1762,0.9185
1763,0.8842
1764,0.8661
1765,0.8837
1766,0.8822
1767,0.8569
1768,0.8167
1769,0.785
1770,0.7463
1771,0.6633
1772,0.5845
1773,0.5083
1774,0.4665
1775,0.493
1776,0.4761
1777,0.4713
1778,0.4775
1779,0.5151
1780,0.6696
1781,0.804
1782,0.9206
1783,0.9299
1784,0.9444
1785,0.9482
1786,0.954
1787,0.9623
1788,0.9693
1789,0.9745
1790,0.9777
1791,0.9796
1792,0.9801
1793,0.9779
1794,0.9713
1795,0.963
1796,0.9654
1797,0.9685
1798,0.9698
1799,0.968
1800,0.964
1801,0.9275
1802,0.8275
1803,0.7201
1804,0.635
1805,0.6624
1806,0.658
1807,0.642
1808,0.6187
1809,0.5678
1810,0.5359
1811,0.5327
1812,0.5552
1813,0.5787
1814,0.5958
1815,0.6095
1816,0.6209
1817,0.6109
1818,0.5752
1819,0.573
1820,0.5851
1821,0.5947
1822,0.5724
1823,0.5192
1824,0.4611
1825,0.4216
1826,0.3818
1827,0.343
1828,0.314
1829,0.2856
1830,0.2585
1831,0.2286
1832,0.1979
1833,0.1692
1834,0.1526
1835,0.1431
1836,0.1252
1837,0.0952
1838,0.0618
1839,0.0337
1840,0.0119
1841,0.0014
1842,0.0
1843,0.0003
1844,0.0091
1845,0.023
1846,0.034
1847,0.0401
1848,0.041
1849,0.0375
1850,0.033
1851,0.0301
1852,0.0341
1853,0.0464
1854,0.0632
1855,0.0828
1856,0.1083
1857,0.1393
1858,0.1581
1859,0.1551
1860,0.144
1861,0.1382
1862,0.1427
1863,0.1519
1864,0.1537
1865,0.1582
1866,0.1848
1867,0.2328
1868,0.2642
1869,0.277
1870,0.2765
1871,0.2706
1872,0.2537
1873,0.2418
1874,0.2306
1875,0.2182
1876,0.1923
1877,0.1826
1878,0.1809
1879,0.1821
1880,0.1966
1881,0.2037
1882,0.2158
1883,0.2273
1884,0.2299
1885,0.2296
1886,0.2265
1887,0.2197
1888,0.1992
1889,0.1866
1890,0.1889
1891,0.1949
1892,0.1902
1893,0.1799
1894,0.1684
1895,0.159
1896,0.1513
1897,0.146
1898,0.1399
1899,0.1345
1900,0.1368
1901,0.1441
1902,0.1482
1903,0.1455
1904,0.1376
1905,0.1248
1906,0.1108
1907,0.0869
1908,0.069
1909,0.0553
1910,0.0408
1911,0.0273
1912,0.0131
1913,0.0032
1914,0.002
1915,0.0017
1916,0.0031
1917,0.0069
1918,0.0142
1919,0.0217
1920,0.0315
1921,0.0384
1922,0.0355
1923,0.0328
1924,0.0369
1925,0.0405
1926,0.0373
1927,0.0362
1928,0.0356
1929,0.0322
1930,0.0297
1931,0.0348
1932,0.0426
1933,0.048
1934,0.0587
1935,0.0729
1936,0.09
1937,0.1088
1938,0.1294
1939,0.1461
1940,0.1524
1941,0.1356
1942,0.1032
1943,0.0907
1944,0.0864
1945,0.0958
1946,0.1012
1947,0.0915
1948,0.0917
1949,0.1
1950,0.0934
1951,0.0755
1952,0.0835
1953,0.1321
1954,0.1956
1955,0.237
1956,0.2473
1957,0.2448
1958,0.2428
1959,0.2395
1960,0.2282
1961,0.2224
1962,0.2228
1963,0.2154
1964,0.199
1965,0.1873
1966,0.1751
1967,0.1556
1968,0.1371
1969,0.1272
1970,0.1256
1971,0.1118
1972,0.0867
1973,0.0603
1974,0.0368
1975,0.016
1976,0.0099
1977,0.0203
1978,0.0373
1979,0.0476
1980,0.0419
1981,0.0307
1982,0.033
1983,0.0359
1984,0.0465
1985,0.071
1986,0.1132
1987,0.1793
1988,0.2504
1989,0.3511
1990,0.4142
1991,0.5289
1992,0.6511
1993,0.6921
1994,0.7061
1995,0.7614
1996,0.7793
1997,0.7883
1998,0.7919
1999,0.8007
2000,0.8006
2001,0.7797
2002,0.7566
2003,0.7459
2004,0.7508
2005,0.7539
2006,0.7415
2007,0.7153
2008,0.6885
2009,0.6673
2010,0.6606
2011,0.6243
2012,0.5578
2013,0.4955
2014,0.3959
2015,0.2858
2016,0.2053
2017,0.1644
2018,0.1474
2019,0.1425
2020,0.144
2021,0.1361
2022,0.1195
2023,0.0978
2024,0.0857
2025,0.081
2026,0.0892
2027,0.1116
2028,0.1282
2029,0.119
2030,0.0945
2031,0.0699
2032,0.0517
2033,0.0373
2034,0.0241
2035,0.0109
2036,0.0027
2037,0.0009
2038,0.0012
2039,0.0033
2040,0.0053
2041,0.007
2042,0.0093
2043,0.0109
2044,0.0104
2045,0.0087
2046,0.0064
2047,0.0045
2048,0.0024
2049,0.0024
2050,0.0046
2051,0.0092
2052,0.0156
2053,0.0203
2054,0.0208
2055,0.0205
2056,0.0173
2057,0.013
2058,0.012
2059,0.0118
2060,0.0108
2061,0.01
2062,0.0111
2063,0.0163
2064,0.0257
2065,0.0347
2066,0.038
2067,0.0332
2068,0.0251
2069,0.0168
2070,0.0088
2071,0.004
2072,0.0023
2073,0.0024
2074,0.0041
2075,0.0066
2076,0.0091
2077,0.0117
2078,0.0155
2079,0.0186
2080,0.0194
2081,0.0202
2082,0.0234
2083,0.0251
2084,0.0255
2085,0.0271
2086,0.031
2087,0.0345
2088,0.0332
2089,0.0261
2090,0.0172
2091,0.012
2092,0.01
2093,0.0089
2094,0.0095
2095,0.0072
2096,0.0043
2097,0.0038
2098,0.0064
2099,0.0086
2100,0.0079
2101,0.0055
2102,0.0057
2103,0.008
2104,0.0218
2105,0.0498
2106,0.0812
2107,0.1086
2108,0.1371
2109,0.1653
2110,0.1661
2111,0.1203
2112,0.0648
2113,0.0412
2114,0.0331
2115,0.0316
2116,0.0308
2117,0.0307
2118,0.0289
2119,0.0221
2120,0.0153
2121,0.0121
2122,0.0115
2123,0.0137
2124,0.0131
2125,0.0099
2126,0.0061
2127,0.0032
2128,0.004
2129,0.012
2130,0.0323
2131,0.0632
2132,0.1037
2133,0.133
2134,0.1515
2135,0.1729
2136,0.2039
2137,0.2417
2138,0.2797
2139,0.3188
2140,0.3544
2141,0.3766
2142,0.4272
2143,0.4802
2144,0.5319
2145,0.5314
2146,0.5128
2147,0.4949
2148,0.4799
2149,0.4731
2150,0.4786
2151,0.4929
2152,0.5022
2153,0.5055
2154,0.5402
2155,0.5774
2156,0.613
2157,0.6264
2158,0.6555
2159,0.6217
2160,0.5921
2161,0.5837
2162,0.5696
2163,0.5491
2164,0.5266
2165,0.4989
2166,0.4484
2167,0.385
2168,0.3164
2169,0.2569
2170,0.2198
2171,0.182
2172,0.147
2173,0.1237
2174,0.1134
2175,0.1097
2176,0.1157
2177,0.1382
2178,0.1802
2179,0.2358
2180,0.2756
2181,0.2935
2182,0.2907
2183,0.2801
2184,0.2796
2185,0.29
2186,0.2941
2187,0.2754
2188,0.2498
2189,0.2538
2190,0.2053
2191,0.1569
2192,0.152
2193,0.2058
2194,0.2621
2195,0.3014
2196,0.3463
2197,0.3399
2198,0.3609
2199,0.3792
2200,0.3668
2201,0.3248
2202,0.2831
2203,0.222
2204,0.1674
2205,0.1404
2206,0.1433
2207,0.1593
2208,0.1621
2209,0.1471
2210,0.1405
2211,0.1458
2212,0.168
2213,0.1996
2214,0.2257
2215,0.2441
2216,0.2542
2217,0.245
2218,0.2351
2219,0.2234
2220,0.1999
2221,0.1803
2222,0.1745
2223,0.1558
2224,0.1351
2225,0.1187
2226,0.1052
2227,0.091
2228,0.0844
2229,0.0931
2230,0.0938
2231,0.087
2232,0.0791
2233,0.0825
2234,0.0903
2235,0.1063
2236,0.1222
2237,0.1293
2238,0.1357
2239,0.1315
2240,0.1201
2241,0.1135
2242,0.112
2243,0.1079
2244,0.1091
2245,0.1096
2246,0.1152
2247,0.1173
2248,0.1345
2249,0.1821
2250,0.2382
2251,0.2807
2252,0.2947
2253,0.2877
2254,0.256
2255,0.2205
2256,0.1949
2257,0.1884
2258,0.1832
2259,0.1746
2260,0.1617
2261,0.1507
2262,0.1379
2263,0.1187
2264,0.1104
2265,0.1304
2266,0.1421
2267,0.1344
2268,0.1275
2269,0.1294
2270,0.144
2271,0.1777
2272,0.2471
2273,0.3422
2274,0.4188
2275,0.4392
2276,0.4111
2277,0.3676
2278,0.292
2279,0.2466
2280,0.2153
2281,0.194
2282,0.1782
2283,0.1644
2284,0.154
2285,0.1533
2286,0.1474
2287,0.1342
2288,0.1174
2289,0.1022
2290,0.0905
2291,0.0798
2292,0.07
2293,0.0672
2294,0.0772
2295,0.1053
2296,0.1499
2297,0.1798
2298,0.1795
2299,0.1675
2300,0.1643
2301,0.1771
2302,0.1957
2303,0.2068
2304,0.2021
2305,0.1913
2306,0.1847
2307,0.1781
2308,0.1644
2309,0.1557
2310,0.1554
2311,0.1761
2312,0.1992
2313,0.1952
2314,0.1639
2315,0.1146
2316,0.0558
2317,0.0238
2318,0.0063
2319,0.0002
2320,0.0072
2321,0.0296
2322,0.0395
2323,0.0358
2324,0.0241
2325,0.013
2326,0.0068
2327,0.0051
2328,0.0034
2329,0.0021
2330,0.0014
2331,0.0006
2332,0.0002
2333,0.0009
2334,0.0023
2335,0.0049
2336,0.0061
2337,0.005
2338,0.0035
2339,0.0009
2340,0.0002
2341,0.001
2342,0.0039
2343,0.0093
2344,0.0208
2345,0.0284
2346,0.0313
2347,0.0296
2348,0.0242
2349,0.0256
2350,0.033
2351,0.0468
2352,0.0641
2353,0.0934
2354,0.1323
2355,0.1626
2356,0.2187
2357,0.2934
2358,0.3461
2359,0.3877
2360,0.4178
2361,0.4366
2362,0.4409
2363,0.4154
2364,0.3932
2365,0.3834
2366,0.3962
2367,0.4263
2368,0.4783
2369,0.534
2370,0.5654
2371,0.5535
2372,0.5239
2373,0.5621
2374,0.5745
2375,0.6008
2376,0.6134
2377,0.6397
2378,0.6429
2379,0.6538
2380,0.6704
2381,0.7024
2382,0.7214
2383,0.7139
2384,0.6968
2385,0.6563
2386,0.6052
2387,0.5622
2388,0.5452
2389,0.5534
2390,0.5753
2391,0.6021
2392,0.6201
2393,0.6294
2394,0.6439
2395,0.6392
2396,0.6279
2397,0.5976
2398,0.5586
2399,0.5128
2400,0.4727
2401,0.4451
2402,0.423
2403,0.398
2404,0.3711
2405,0.3498
2406,0.3268
2407,0.3011
2408,0.2674
2409,0.2256
2410,0.1997
2411,0.1988
2412,0.213
2413,0.2314
2414,0.2502
2415,0.2741
2416,0.2987
2417,0.3219
2418,0.3526
2419,0.3729
2420,0.3723
2421,0.3656
2422,0.3456
2423,0.3108
2424,0.2715
2425,0.2372
2426,0.2083
2427,0.1826
2428,0.1654
2429,0.1571
2430,0.154
2431,0.1512
2432,0.1496
2433,0.1365
2434,0.1203
2435,0.1192
2436,0.1395
2437,0.1656
2438,0.192
2439,0.2164
2440,0.2379
2441,0.2597
2442,0.2786
2443,0.2759
2444,0.258
2445,0.2397
2446,0.2307
2447,0.2226
2448,0.203
2449,0.178
2450,0.154
2451,0.1434
2452,0.1509
2453,0.1723
2454,0.1968
2455,0.2188
2456,0.2159
2457,0.1882
2458,0.1575
2459,0.1455
2460,0.146
2461,0.1542
2462,0.1762
2463,0.2209
2464,0.2705
2465,0.3057
2466,0.3209
2467,0.313
2468,0.2948
2469,0.2775
2470,0.2673
2471,0.2628
2472,0.2616
2473,0.2599
2474,0.2464
2475,0.2191
2476,0.1964
2477,0.1852
2478,0.1823
2479,0.1717
2480,0.159
2481,0.151
2482,0.1467
2483,0.145
2484,0.1473
2485,0.1569
2486,0.1531
2487,0.129
2488,0.1102
2489,0.1236
2490,0.1856
2491,0.2482
2492,0.3035
2493,0.2952
2494,0.3045
2495,0.3233
2496,0.3292
2497,0.3103
2498,0.2634
2499,0.2257
2500,0.2269
2501,0.2214
2502,0.2075
2503,0.1977
2504,0.2
2505,0.1961
2506,0.1967
2507,0.2078
2508,0.2085
2509,0.1966
2510,0.2067
2511,0.2131
2512,0.199
2513,0.2196
2514,0.3245
2515,0.4459
2516,0.5125
2517,0.5176
2518,0.5004
2519,0.4653
2520,0.4137
2521,0.3682
2522,0.3416
2523,0.3203
2524,0.2906
2525,0.2507
2526,0.1924
2527,0.147
2528,0.1348
2529,0.1412
2530,0.1376
2531,0.1258
2532,0.0967
2533,0.0545
2534,0.0274
2535,0.0183
2536,0.0152
2537,0.0128
2538,0.0079
2539,0.005
2540,0.0069
2541,0.0157
2542,0.0279
2543,0.0383
2544,0.042
2545,0.0359
2546,0.0238
2547,0.0102
2548,0.0023
2549,0.0016
2550,0.0057
2551,0.0108
2552,0.0147
2553,0.0095
2554,0.0029
2555,0.0001
2556,0.0
2557,0.0
2558,0.0015
2559,0.0121
2560,0.0298
2561,0.0484
2562,0.0709
2563,0.0944
2564,0.1191
2565,0.1467
2566,0.1935
2567,0.2574
2568,0.3004
2569,0.3137
2570,0.3115
2571,0.2782
2572,0.2274
2573,0.1951
2574,0.1725
2575,0.1734
2576,0.2061
2577,0.2426
2578,0.2638
2579,0.2624
2580,0.266
2581,0.2762
2582,0.2936
2583,0.3465
2584,0.4102
2585,0.4797
2586,0.5452
2587,0.5822
2588,0.56
2589,0.5182
2590,0.4754
2591,0.4482
2592,0.3923
2593,0.3419
2594,0.306
2595,0.2659
2596,0.2308
2597,0.2057
2598,0.1774
2599,0.1606
2600,0.1574
2601,0.162
2602,0.1685
2603,0.1694
2604,0.1649
2605,0.1702
2606,0.1946
2607,0.2434
2608,0.3067
2609,0.3892
2610,0.4497
2611,0.4806
2612,0.4696
2613,0.428
2614,0.3676
2615,0.3045
2616,0.2518
2617,0.212
2618,0.1823
2619,0.1603
2620,0.1437
2621,0.1332
2622,0.1162
2623,0.0984
2624,0.0931
2625,0.1004
2626,0.1174
2627,0.1342
2628,0.1532
2629,0.176
2630,0.202
2631,0.236
2632,0.274
2633,0.3231
2634,0.378
2635,0.4314
2636,0.4759
2637,0.4918
2638,0.4815
2639,0.4556
2640,0.4146
2641,0.3623
2642,0.3083
2643,0.2518
2644,0.2007
2645,0.1672
2646,0.1276
2647,0.0999
2648,0.094
2649,0.1028
2650,0.1098
2651,0.103
2652,0.0888
2653,0.0778
2654,0.0818
2655,0.1099
2656,0.159
2657,0.2141
2658,0.2747
2659,0.3216
2660,0.3525
2661,0.3507
2662,0.3407
2663,0.324
2664,0.3015
2665,0.2793
2666,0.2566
2667,0.2289
2668,0.1987
2669,0.1781
2670,0.1576
2671,0.137
2672,0.1359
2673,0.1574
2674,0.196
2675,0.2184
2676,0.2021
2677,0.1693
2678,0.1367
2679,0.1169
2680,0.1144
2681,0.1285
2682,0.1664
2683,0.2364
2684,0.339
2685,0.4561
2686,0.5467
2687,0.5697
2688,0.5402
2689,0.4855
2690,0.4262
2691,0.3606
2692,0.3299
2693,0.3165
2694,0.2829
2695,0.2551
2696,0.2389
2697,0.2496
2698,0.2781
2699,0.2876
2700,0.2732
2701,0.2451
2702,0.1982
2703,0.1557
2704,0.1233
2705,0.1044
2706,0.0993
2707,0.103
2708,0.1013
2709,0.0934
2710,0.0957
2711,0.1126
2712,0.146
2713,0.1914
2714,0.2343
2715,0.26
2716,0.2697
2717,0.2588
2718,0.2335
2719,0.2997
2720,0.4245
2721,0.5621
2722,0.6498
2723,0.7101
2724,0.7528
2725,0.7402
2726,0.5892
2727,0.3866
2728,0.2538
2729,0.1848
2730,0.1423
2731,0.1368
2732,0.1739
2733,0.239
2734,0.2914
2735,0.2897
2736,0.2889
2737,0.3254
2738,0.3952
2739,0.4415
2740,0.4765
2741,0.5347
2742,0.5211
2743,0.558
2744,0.4842
2745,0.3907
2746,0.2945
2747,0.2476
2748,0.2433
2749,0.2257
2750,0.2085
2751,0.2045
2752,0.1598
2753,0.1052
2754,0.0581
2755,0.0446
2756,0.0819
2757,0.1649
2758,0.1968
2759,0.1691
2760,0.1523
2761,0.1408
2762,0.1433
2763,0.1426
2764,0.1396
2765,0.1353
2766,0.1279
2767,0.1347
2768,0.1461
2769,0.1648
2770,0.1891
2771,0.2237
2772,0.2602
2773,0.3028
2774,0.3392
2775,0.3686
2776,0.3618
2777,0.3445
2778,0.3556
2779,0.3855
2780,0.4167
2781,0.4611
2782,0.4802
2783,0.4826
2784,0.5178
2785,0.6086
2786,0.7202
2787,0.8155
2788,0.7784
2789,0.7776
2790,0.8256
2791,0.8692
2792,0.8697
2793,0.8776
2794,0.8653
2795,0.8481
2796,0.8498
2797,0.8509
2798,0.8343
2799,0.8149
2800,0.8004
2801,0.7804
2802,0.7485
2803,0.7212
2804,0.7155
2805,0.7321
2806,0.7342
2807,0.7425
2808,0.7024
2809,0.6242
2810,0.5274
2811,0.426
2812,0.3615
2813,0.3191
2814,0.2551
2815,0.1873
2816,0.158
2817,0.1425
2818,0.1269
2819,0.103
2820,0.0761
2821,0.0571
2822,0.0553
2823,0.0704
2824,0.0672
2825,0.055
2826,0.0501
2827,0.0415
2828,0.0326
2829,0.0314
2830,0.0326
2831,0.03
2832,0.0235
2833,0.0179
2834,0.0155
2835,0.0125
2836,0.0098
2837,0.0078
2838,0.0053
2839,0.0047
2840,0.0035
2841,0.0038
2842,0.0054
2843,0.0128
2844,0.0315
2845,0.0588
2846,0.0907
2847,0.115
2848,0.1272
2849,0.1297
2850,0.1283
2851,0.1394
2852,0.1552
2853,0.1652
2854,0.168
2855,0.1575
2856,0.1365
2857,0.1125
2858,0.0917
2859,0.0756
2860,0.0617
2861,0.0553
2862,0.061
2863,0.0766
2864,0.0924
2865,0.1007
2866,0.1002
2867,0.0932
2868,0.0845
2869,0.0756
2870,0.0679
2871,0.0641
2872,0.0613
2873,0.0575
2874,0.0527
2875,0.0486
2876,0.0411
2877,0.0287
2878,0.0162
2879,0.0082
2880,0.0031
2881,0.0004
2882,0.0
2883,0.0
2884,0.0
2885,0.0
2886,0.0
2887,0.0
2888,0.0
2889,0.0
2890,0.0
2891,0.0
2892,0.0
2893,0.0022
2894,0.0049
2895,0.0044
2896,0.0036
2897,0.0025
2898,0.0021
2899,0.0026
2900,0.0073
2901,0.0231
2902,0.0365
2903,0.0456
2904,0.0516
2905,0.047
2906,0.0426
2907,0.0425
2908,0.0517
2909,0.0628
2910,0.0768
2911,0.0958
2912,0.1262
2913,0.161
2914,0.169
2915,0.1541
2916,0.1195
2917,0.0939
2918,0.0827
2919,0.0743
2920,0.0629
2921,0.0601
2922,0.0687
2923,0.0791
2924,0.0842
2925,0.101
2926,0.1262
2927,0.1333
2928,0.1228
2929,0.1096
2930,0.0999
2931,0.0904
2932,0.0772
2933,0.0599
2934,0.0387
2935,0.0219
2936,0.0122
2937,0.0082
2938,0.0067
2939,0.0066
2940,0.008
2941,0.0106
2942,0.0134
2943,0.0135
2944,0.0122
2945,0.0136
2946,0.0294
2947,0.0983
2948,0.2207
2949,0.3049
2950,0.3096
2951,0.2863
2952,0.2891
2953,0.3084
2954,0.3614
2955,0.4086
2956,0.4564
2957,0.4958
2958,0.5306
2959,0.5723
2960,0.6323
2961,0.6796
2962,0.6959
2963,0.7143
2964,0.7425
2965,0.7686
2966,0.7832
2967,0.7807
2968,0.7668
2969,0.7457
2970,0.708
2971,0.6525
2972,0.5908
2973,0.5428
2974,0.5148
2975,0.5097
2976,0.5251
2977,0.5517
2978,0.5646
2979,0.548
2980,0.5298
2981,0.5155
2982,0.5012
2983,0.478
2984,0.4456
2985,0.4028
2986,0.3562
2987,0.318
2988,0.3003
2989,0.2868
2990,0.2662
2991,0.236
2992,0.2045
2993,0.1663
2994,0.1256
2995,0.0853
2996,0.0507
2997,0.0257
2998,0.0231
2999,0.0392
3000,0.0756
3001,0.1286
3002,0.1804
3003,0.2128
3004,0.219
3005,0.2002
3006,0.1601
3007,0.1426
3008,0.1488
3009,0.1842
3010,0.2154
3011,0.2303
3012,0.2238
3013,0.1894
3014,0.1432
3015,0.1047
3016,0.0773
3017,0.055
3018,0.0378
3019,0.023
3020,0.0101
3021,0.0037
3022,0.0013
3023,0.0005
3024,0.0003
3025,0.0001
3026,0.0001
3027,0.0002
3028,0.0026
3029,0.0124
3030,0.0282
3031,0.0482
3032,0.0797
3033,0.1049
3034,0.118
3035,0.0964
3036,0.0716
3037,0.0475
3038,0.0277
3039,0.0143
3040,0.0049
3041,0.0063
3042,0.0284
3043,0.0652
3044,0.1106
3045,0.1519
3046,0.1818
3047,0.2082
3048,0.2208
3049,0.2223
3050,0.2305
3051,0.2409
3052,0.2696
3053,0.3282
3054,0.4399
3055,0.5238
3056,0.5238
3057,0.5187
3058,0.5204
3059,0.4601
3060,0.4172
3061,0.4395
3062,0.5328
3063,0.5887
3064,0.5941
3065,0.5469
3066,0.5042
3067,0.4389
3068,0.4024
3069,0.3816
3070,0.3923
3071,0.4424
3072,0.4249
3073,0.3378
3074,0.2775
3075,0.2521
3076,0.2325
3077,0.1922
3078,0.143
3079,0.11
3080,0.0884
3081,0.0829
3082,0.0995
3083,0.1409
3084,0.1874
3085,0.2281
3086,0.2746
3087,0.3064
3088,0.2841
3089,0.2214
3090,0.1778
3091,0.1298
3092,0.1217
3093,0.1503
3094,0.191
3095,0.1859
3096,0.1446
3097,0.0952
3098,0.071
3099,0.0586
3100,0.0445
3101,0.0266
3102,0.0121
3103,0.0042
3104,0.0024
3105,0.0023
3106,0.0034
3107,0.0047
3108,0.0049
3109,0.0037
3110,0.0022
3111,0.0011
3112,0.0003
3113,0.0079
3114,0.0303
3115,0.0651
3116,0.1016
3117,0.1151
3118,0.1166
3119,0.1084
3120,0.1053
3121,0.1121
3122,0.1281
3123,0.1488
3124,0.1719
3125,0.1931
3126,0.2095
3127,0.2176
3128,0.2192
3129,0.2226
3130,0.2319
3131,0.2507
3132,0.2844
3133,0.3173
3134,0.3292
3135,0.3147
3136,0.2833
3137,0.257
3138,0.2544
3139,0.2581
3140,0.2425
3141,0.2185
3142,0.1915
3143,0.1576
3144,0.1244
3145,0.0997
3146,0.0973
3147,0.1069
3148,0.1192
3149,0.1292
3150,0.1297
3151,0.1345
3152,0.1378
3153,0.1364
3154,0.1288
3155,0.1346
3156,0.1397
3157,0.15
3158,0.1689
3159,0.1785
3160,0.206
3161,0.2519
3162,0.2304
3163,0.2237
3164,0.2207
3165,0.212
3166,0.2012
3167,0.198
3168,0.192
3169,0.1863
3170,0.1803
3171,0.1639
3172,0.1416
3173,0.1199
3174,0.1022
3175,0.082
3176,0.0673
3177,0.0608
3178,0.0659
3179,0.086
3180,0.1211
3181,0.1602
3182,0.1897
3183,0.2163
3184,0.2372
3185,0.2426
3186,0.2542
3187,0.28
3188,0.31
3189,0.3191
3190,0.3443
3191,0.3951
3192,0.4208
3193,0.4043
3194,0.3764
3195,0.3329
3196,0.2859
3197,0.2315
3198,0.1935
3199,0.1767
3200,0.1879
3201,0.1934
3202,0.1986
3203,0.2471
3204,0.297
3205,0.2842
3206,0.2745
3207,0.2921
3208,0.3165
3209,0.332
3210,0.3432
3211,0.3635
3212,0.3529
3213,0.3559
3214,0.3323
3215,0.3005
3216,0.2727
3217,0.235
3218,0.199
3219,0.158
3220,0.121
3221,0.0884
3222,0.0553
3223,0.0373
3224,0.0313
3225,0.0356
3226,0.0531
3227,0.0808
3228,0.115
3229,0.1519
3230,0.1868
3231,0.2223
3232,0.2444
3233,0.2547
3234,0.2804
3235,0.3085
3236,0.3197
3237,0.3273
3238,0.3331
3239,0.3278
3240,0.3206
3241,0.3157
3242,0.2916
3243,0.246
3244,0.2096
3245,0.1734
3246,0.163
3247,0.1782
3248,0.2175
3249,0.2481
3250,0.265
3251,0.271
3252,0.2604
3253,0.258
3254,0.2823
3255,0.3294
3256,0.3667
3257,0.3885
3258,0.4261
3259,0.4519
3260,0.445
3261,0.4041
3262,0.3357
3263,0.2572
3264,0.1908
3265,0.1712
3266,0.1647
3267,0.1583
3268,0.1623
3269,0.1778
3270,0.1738
3271,0.1541
3272,0.1309
3273,0.1135
3274,0.0948
3275,0.0829
3276,0.0789
3277,0.0811
3278,0.0902
3279,0.1001
3280,0.1061
3281,0.1014
3282,0.0887
3283,0.0723
3284,0.0522
3285,0.031
3286,0.0156
3287,0.0072
3288,0.0033
3289,0.0018
3290,0.0012
3291,0.0011
3292,0.0008
3293,0.0005
3294,0.0003
3295,0.0001
3296,0.0
3297,0.0
3298,0.0022
3299,0.0085
3300,0.0208
3301,0.0378
3302,0.0565
3303,0.072
3304,0.0834
3305,0.0943
3306,0.1041
3307,0.1124
3308,0.1122
3309,0.1028
3310,0.0962
3311,0.0961
3312,0.1027
3313,0.1144
3314,0.134
3315,0.1454
3316,0.15
3317,0.154
3318,0.1587
3319,0.1684
3320,0.1814
3321,0.1815
3322,0.1828
3323,0.1896
3324,0.1987
3325,0.2017
3326,0.1979
3327,0.1984
3328,0.2077
3329,0.2293
3330,0.2661
3331,0.3053
3332,0.3254
3333,0.3393
3334,0.3338
3335,0.3179
3336,0.2961
3337,0.2692
3338,0.2531
3339,0.2429
3340,0.2463
3341,0.2547
3342,0.2612
3343,0.2633
3344,0.2661
3345,0.2741
3346,0.2794
3347,0.285
3348,0.2791
3349,0.2536
3350,0.2116
3351,0.1785
3352,0.1563
3353,0.1468
3354,0.1512
3355,0.167
3356,0.1882
3357,0.1912
3358,0.1977
3359,0.2092
3360,0.2301
3361,0.2466
3362,0.2546
3363,0.2543
3364,0.253
3365,0.2325
3366,0.2152
3367,0.1997
3368,0.1912
3369,0.1953
3370,0.2001
3371,0.1855
3372,0.1623
3373,0.141
3374,0.1198
3375,0.0933
3376,0.0671
3377,0.0459
3378,0.0267
3379,0.0124
3380,0.004
3381,0.0008
3382,0.0001
3383,0.0002
3384,0.0022
3385,0.0082
3386,0.0185
3387,0.0278
3388,0.0345
3389,0.0439
3390,0.0445
3391,0.0434
3392,0.0458
3393,0.0525
3394,0.0632
3395,0.0699
3396,0.0581
3397,0.0352
3398,0.0126
3399,0.002
3400,0.0
3401,0.0001
3402,0.0075
3403,0.0251
3404,0.0503
3405,0.079
3406,0.1034
3407,0.1226
3408,0.1266
3409,0.1237
3410,0.1221
3411,0.1202
3412,0.1205
3413,0.1189
3414,0.1094
3415,0.0988
3416,0.0877
3417,0.0804
3418,0.0728
3419,0.0657
3420,0.06
3421,0.0568
3422,0.0582
3423,0.0561
3424,0.0534
3425,0.0616
3426,0.0854
3427,0.1253
3428,0.1696
3429,0.2122
3430,0.2344
3431,0.2245
3432,0.2038
3433,0.1828
3434,0.1586
3435,0.1423
3436,0.1217
3437,0.0921
3438,0.0734
3439,0.0708
3440,0.0783
3441,0.0816
3442,0.0786
3443,0.0668
3444,0.0525
3445,0.0375
3446,0.0227
3447,0.0142
3448,0.0104
3449,0.0101
3450,0.0122
3451,0.0135
3452,0.0121
3453,0.0094
3454,0.0071
3455,0.0053
3456,0.0039
3457,0.0033
3458,0.003
3459,0.0021
3460,0.0009
3461,0.0002
3462,0.0
3463,0.0009
3464,0.0035
3465,0.0059
3466,0.0082
3467,0.0151
3468,0.0237
3469,0.0242
3470,0.0161
3471,0.0086
3472,0.0039
3473,0.006
3474,0.0144
3475,0.0429
3476,0.0955
3477,0.1657
3478,0.2291
3479,0.2547
3480,0.2719
3481,0.2818
3482,0.2891
3483,0.298
3484,0.3034
3485,0.314
3486,0.3132
3487,0.3535
3488,0.4347
3489,0.522
3490,0.5958
3491,0.6476
3492,0.6804
3493,0.681
3494,0.7021
3495,0.7338
3496,0.7471
3497,0.7457
3498,0.7381
3499,0.7018
3500,0.6059
3501,0.4249
3502,0.2716
3503,0.2207
3504,0.1601
3505,0.135
3506,0.105
3507,0.08
3508,0.0846
3509,0.1001
3510,0.1091
3511,0.1187
3512,0.1491
3513,0.1787
3514,0.2045
3515,0.2258
3516,0.2311
3517,0.2393
3518,0.2636
3519,0.2935
3520,0.2992
3521,0.2758
3522,0.2536
3523,0.2039
3524,0.1472
3525,0.0942
3526,0.0595
3527,0.0314
3528,0.0197
3529,0.0138
3530,0.0113
3531,0.0101
3532,0.0101
3533,0.0111
3534,0.0129
3535,0.0171
3536,0.0281
3537,0.0514
3538,0.0781
3539,0.0927
3540,0.0953
3541,0.097
3542,0.0966
3543,0.101
3544,0.1074
3545,0.1086
3546,0.1035
3547,0.0955
3548,0.084
3549,0.0693
3550,0.0536
3551,0.0369
3552,0.0202
3553,0.0106
3554,0.0096
3555,0.0157
3556,0.0274
3557,0.0393
3558,0.0524
3559,0.0614
3560,0.0672
3561,0.0647
3562,0.066
3563,0.0778
3564,0.1028
3565,0.1567
3566,0.2372
3567,0.32
3568,0.3831
3569,0.4037
3570,0.3645
3571,0.3509
3572,0.4474
3573,0.566
3574,0.6341
3575,0.6293
3576,0.5862
3577,0.5315
3578,0.5159
3579,0.469
3580,0.4274
3581,0.4103
3582,0.4226
3583,0.4406
3584,0.4346
3585,0.4386
3586,0.4671
3587,0.4988
3588,0.5312
3589,0.5658
3590,0.603
3591,0.6121
3592,0.5804
3593,0.5727
3594,0.5792
3595,0.5622
3596,0.5246
3597,0.4728
3598,0.4246
3599,0.3711
3600,0.306
3601,0.2686
3602,0.251
3603,0.2169
3604,0.1961
3605,0.1709
3606,0.1545
3607,0.1662
3608,0.1799
3609,0.183
3610,0.1827
3611,0.1901
3612,0.2047
3613,0.2211
3614,0.2277
3615,0.2295
3616,0.2326
3617,0.2265
3618,0.2061
3619,0.1931
3620,0.1853
3621,0.176
3622,0.1632
3623,0.1658
3624,0.1505
3625,0.1196
3626,0.0992
3627,0.085
3628,0.072
3629,0.0575
3630,0.0443
3631,0.0311
3632,0.019
3633,0.0091
3634,0.0052
3635,0.0041
3636,0.0041
3637,0.0028
3638,0.0007
3639,0.0
3640,0.0
3641,0.0001
3642,0.0026
3643,0.0148
3644,0.042
3645,0.0781
3646,0.1214
3647,0.1693
3648,0.2121
3649,0.2493
3650,0.2791
3651,0.306
3652,0.3166
3653,0.2969
3654,0.2873
3655,0.327
3656,0.36
3657,0.4047
3658,0.4537
3659,0.4681
3660,0.4787
3661,0.5206
3662,0.5522
3663,0.5713
3664,0.5456
3665,0.4773
3666,0.3813
3667,0.3705
3668,0.3987
3669,0.4272
3670,0.3983
3671,0.2524
3672,0.2433
3673,0.2197
3674,0.1781
3675,0.1676
3676,0.1403
3677,0.1337
3678,0.1509
3679,0.1444
3680,0.1338
3681,0.1085
3682,0.12
3683,0.1787
3684,0.2191
3685,0.2313
3686,0.2239
3687,0.2348
3688,0.2233
3689,0.2099
3690,0.1992
3691,0.1876
3692,0.1754
3693,0.1625
3694,0.1535
3695,0.1438
3696,0.125
3697,0.0975
3698,0.0745
3699,0.0562
3700,0.0452
3701,0.0383
3702,0.04
3703,0.0682
3704,0.1279
3705,0.2072
3706,0.262
3707,0.3247
3708,0.4086
3709,0.4537
3710,0.3497
3711,0.2345
3712,0.2289
3713,0.2484
3714,0.3197
3715,0.425
3716,0.5206
3717,0.4162
3718,0.3283
3719,0.2875
3720,0.2572
3721,0.233
3722,0.2434
3723,0.2986
3724,0.2681
3725,0.2825
3726,0.2941
3727,0.2631
3728,0.2161
3729,0.1686
3730,0.091
3731,0.0332
3732,0.032
3733,0.0706
3734,0.0906
3735,0.1003
3736,0.1123
3737,0.1326
3738,0.1164
3739,0.102
3740,0.1077
3741,0.1095
3742,0.2136
3743,0.1734
3744,0.2049
3745,0.2469
3746,0.2852
3747,0.3596
3748,0.3967
3749,0.4508
3750,0.4792
3751,0.4725
3752,0.442
3753,0.34
3754,0.2545
3755,0.198
3756,0.1669
3757,0.141
3758,0.1114
3759,0.0779
3760,0.0459
3761,0.0166
3762,0.0048
3763,0.0232
3764,0.0665
3765,0.1093
3766,0.1419
3767,0.1695
3768,0.1839
3769,0.2024
3770,0.2396
3771,0.2781
3772,0.3297
3773,0.3477
3774,0.3856
3775,0.4894
3776,0.5891
3777,0.6566
3778,0.6564
3779,0.5813
3780,0.4952
3781,0.4813
3782,0.4682
3783,0.3555
3784,0.4023
3785,0.5678
3786,0.6735
3787,0.7765
3788,0.7845
3789,0.7899
3790,0.8174
3791,0.8724
3792,0.884
3793,0.8694
3794,0.8759
3795,0.9011
3796,0.9145
3797,0.9344
3798,0.9555
3799,0.9666
3800,0.9683
3801,0.9657
3802,0.96
3803,0.9466
3804,0.9238
3805,0.9188
3806,0.9251
3807,0.9184
3808,0.8965
3809,0.8668
3810,0.8187
3811,0.7722
3812,0.7075
3813,0.6427
3814,0.5565
3815,0.4597
3816,0.3564
3817,0.2632
3818,0.1973
3819,0.1609
3820,0.1318
3821,0.1025
3822,0.0865
3823,0.0789
3824,0.0691
3825,0.0492
3826,0.027
3827,0.0085
3828,0.0007
3829,0.0
3830,0.0
3831,0.0
3832,0.0068
3833,0.0439
3834,0.0829
3835,0.1216
3836,0.1572
3837,0.1803
3838,0.1869
3839,0.187
3840,0.1746
3841,0.173
3842,0.2013
3843,0.232
3844,0.2385
3845,0.238
3846,0.2316
3847,0.2107
3848,0.2073
3849,0.2198
3850,0.2149
3851,0.1896
3852,0.1532
3853,0.1006
3854,0.0581
3855,0.0113
3856,0.0016
3857,0.0038
3858,0.0372
3859,0.0722
3860,0.1075
3861,0.1425
3862,0.1601
3863,0.1678
3864,0.1518
3865,0.1268
3866,0.1081
3867,0.0881
3868,0.0721
3869,0.0672
3870,0.0631
3871,0.0642
3872,0.0772
3873,0.0853
3874,0.0813
3875,0.0703
3876,0.0549
3877,0.0382
3878,0.0154
3879,0.0054
3880,0.0009
3881,0.0004
3882,0.0
3883,0.0
3884,0.0017
3885,0.0071
3886,0.016
3887,0.0239
3888,0.0353
3889,0.0581
3890,0.0714
3891,0.0715
3892,0.0719
3893,0.052
3894,0.0055
3895,0.0
3896,0.0052
3897,0.0167
3898,0.0194
3899,0.0284
3900,0.0327
3901,0.0331
3902,0.007
3903,0.0
3904,0.0
3905,0.0
3906,0.0024
3907,0.0104
3908,0.0257
3909,0.0603
3910,0.1209
3911,0.2077
3912,0.2789
3913,0.3452
3914,0.4126
3915,0.4665
3916,0.5129
3917,0.5389
3918,0.5429
3919,0.5737
3920,0.6184
3921,0.6297
3922,0.6136
3923,0.5896
3924,0.5333
3925,0.4492
3926,0.3929
3927,0.384
3928,0.3561
3929,0.3331
3930,0.3385
3931,0.3564
3932,0.3695
3933,0.3656
3934,0.332
3935,0.2868
3936,0.2626
3937,0.2355
3938,0.2011
3939,0.2306
3940,0.2065
3941,0.141
3942,0.1266
3943,0.1189
3944,0.1343
3945,0.1478
3946,0.154
3947,0.1946
3948,0.2155
3949,0.2072
3950,0.1585
3951,0.1029
3952,0.0538
3953,0.0233
3954,0.0081
3955,0.0089
3956,0.0239
3957,0.037
3958,0.0557
3959,0.0887
3960,0.1028
3961,0.0925
3962,0.0774
3963,0.0568
3964,0.0431
3965,0.0255
3966,0.0077
3967,0.002
3968,0.0004
3969,0.0006
3970,0.0074
3971,0.0277
3972,0.0593
3973,0.1144
3974,0.1857
3975,0.2194
3976,0.2102
3977,0.1717
3978,0.1252
3979,0.1035
3980,0.1144
3981,0.1597
3982,0.2107
3983,0.2506
3984,0.2718
3985,0.293
3986,0.3218
3987,0.2927
3988,0.3024
3989,0.287
3990,0.2784
3991,0.273
3992,0.2703
3993,0.2698
3994,0.281
3995,0.2889
3996,0.3059
3997,0.3454
3998,0.3744
3999,0.3766
4000,0.3443
4001,0.2866
4002,0.2257
4003,0.1892
4004,0.1589
4005,0.136
4006,0.1157
4007,0.1019
4008,0.0987
4009,0.1066
4010,0.1287
4011,0.1474
4012,0.1505
4013,0.1235
4014,0.0939
4015,0.0822
4016,0.0822
4017,0.0885
4018,0.0929
4019,0.0923
4020,0.0893
4021,0.0888
4022,0.082
4023,0.0739
4024,0.0698
4025,0.0677
4026,0.0554
4027,0.0384
4028,0.0232
4029,0.018
4030,0.0201
4031,0.0239
4032,0.0242
4033,0.0171
4034,0.007
4035,0.0025
4036,0.0003
4037,0.0
4038,0.0
4039,0.0
4040,0.0
4041,0.0
4042,0.0
4043,0.0
4044,0.0
4045,0.0083
4046,0.0458
4047,0.1171
4048,0.1962
4049,0.2317
4050,0.2254
4051,0.2201
4052,0.252
4053,0.293
4054,0.2864
4055,0.2449
4056,0.2111
4057,0.1774
4058,0.1455
4059,0.1175
4060,0.082
4061,0.0417
4062,0.0177
4063,0.0237
4064,0.0824
4065,0.1666
4066,0.2238
4067,0.3068
4068,0.2908
4069,0.2494
4070,0.2251
4071,0.1623
4072,0.1011
4073,0.0599
4074,0.032
4075,0.0175
4076,0.017
4077,0.0367
4078,0.073
4079,0.11
4080,0.1402
4081,0.1718
4082,0.2053
4083,0.2207
4084,0.2248
4085,0.2139
4086,0.2044
4087,0.1966
4088,0.1935
4089,0.1939
4090,0.2153
4091,0.2344
4092,0.2318
4093,0.2257
4094,0.2299
4095,0.2462
4096,0.2768
4097,0.3079
4098,0.3295
4099,0.3519
4100,0.3846
4101,0.4063
4102,0.3701
4103,0.3139
4104,0.2661
4105,0.2313
4106,0.201
4107,0.187
4108,0.1741
4109,0.1672
4110,0.1663
4111,0.1808
4112,0.1991
4113,0.1917
4114,0.1604
4115,0.1184
4116,0.0786
4117,0.0486
4118,0.0265
4119,0.0113
4120,0.0031
4121,0.001
4122,0.001
4123,0.0036
4124,0.0092
4125,0.0167
4126,0.026
4127,0.0351
4128,0.042
4129,0.0496
4130,0.0584
4131,0.0646
4132,0.0662
4133,0.0622
4134,0.0604
4135,0.0533
4136,0.0515
4137,0.0589
4138,0.0709
4139,0.0781
4140,0.0902
4141,0.1275
4142,0.1876
4143,0.2557
4144,0.3043
4145,0.3314
4146,0.3403
4147,0.3424
4148,0.3291
4149,0.314
4150,0.2857
4151,0.2379
4152,0.1923
4153,0.1807
4154,0.1867
4155,0.1747
4156,0.1365
4157,0.1027
4158,0.0921
4159,0.1018
4160,0.1171
4161,0.1311
4162,0.126
4163,0.1077
4164,0.0942
4165,0.0832
4166,0.0751
4167,0.0777
4168,0.0835
4169,0.0877
4170,0.1009
4171,0.1267
4172,0.1365
4173,0.152
4174,0.1845
4175,0.2105
4176,0.2447
4177,0.2902
4178,0.3358
4179,0.3644
4180,0.3479
4181,0.3052
4182,0.2651
4183,0.2343
4184,0.2077
4185,0.1873
4186,0.1507
4187,0.0977
4188,0.0437
4189,0.02
4190,0.0286
4191,0.0743
4192,0.1567
4193,0.3027
4194,0.3205
4195,0.174
4196,0.1434
4197,0.1454
4198,0.1312
4199,0.1376
4200,0.1629
4201,0.1997
4202,0.2346
4203,0.2854
4204,0.3364
4205,0.3023
4206,0.2575
4207,0.1737
4208,0.0699
4209,0.0297
4210,0.0151
4211,0.0212
4212,0.0432
4213,0.0756
4214,0.1052
4215,0.128
4216,0.1418
4217,0.1407
4218,0.1345
4219,0.1474
4220,0.1705
4221,0.194
4222,0.2066
4223,0.1995
4224,0.1842
4225,0.1723
4226,0.1691
4227,0.1716
4228,0.1727
4229,0.1718
4230,0.1744
4231,0.1846
4232,0.2112
4233,0.243
4234,0.2768
4235,0.3234
4236,0.385
4237,0.438
4238,0.4688
4239,0.4849
4240,0.4957
4241,0.5045
4242,0.5045
4243,0.4989
4244,0.5022
4245,0.5096
4246,0.5089
4247,0.491
4248,0.4781
4249,0.4861
4250,0.498
4251,0.4951
4252,0.4847
4253,0.4603
4254,0.4166
4255,0.3642
4256,0.3341
4257,0.3296
4258,0.3407
4259,0.3565
4260,0.3795
4261,0.4067
4262,0.4201
4263,0.4262
4264,0.4357
4265,0.4493
4266,0.464
4267,0.48
4268,0.4766
4269,0.4493
4270,0.4112
4271,0.3738
4272,0.3479
4273,0.3272
4274,0.3076
4275,0.292
4276,0.2792
4277,0.2674
4278,0.2429
4279,0.2184
4280,0.1886
4281,0.1616
4282,0.138
4283,0.1268
4284,0.1353
4285,0.1613
4286,0.1945
4287,0.2246
4288,0.2413
4289,0.2466
4290,0.2629
4291,0.295
4292,0.3342
4293,0.359
4294,0.3602
4295,0.3404
4296,0.311
4297,0.2787
4298,0.2468
4299,0.2215
4300,0.1904
4301,0.1433
4302,0.1072
4303,0.0889
4304,0.082
4305,0.0851
4306,0.089
4307,0.0899
4308,0.0872
4309,0.0884
4310,0.0908
4311,0.1069
4312,0.1382
4313,0.1763
4314,0.2167
4315,0.2547
4316,0.2891
4317,0.348
4318,0.4359
4319,0.5139
4320,0.5303
4321,0.4884
4322,0.4583
4323,0.463
4324,0.4708
4325,0.437
4326,0.3693
4327,0.2828
4328,0.1956
4329,0.1333
4330,0.1013
4331,0.1126
4332,0.1068
4333,0.069
4334,0.0721
4335,0.1055
4336,0.1781
4337,0.2516
4338,0.3487
4339,0.4322
4340,0.458
4341,0.4136
4342,0.3485
4343,0.3219
4344,0.3009
4345,0.2536
4346,0.2224
4347,0.2365
4348,0.2399
4349,0.2648
4350,0.2993
4351,0.2898
4352,0.2775
4353,0.2478
4354,0.2112
4355,0.1898
4356,0.1699
4357,0.1406
4358,0.1037
4359,0.0757
4360,0.0595
4361,0.0511
4362,0.0536
4363,0.0611
4364,0.0727
4365,0.083
4366,0.1039
4367,0.1351
4368,0.1459
4369,0.1259
4370,0.087
4371,0.0598
4372,0.0439
4373,0.0298
4374,0.0198
4375,0.0166
4376,0.0158
4377,0.0174
4378,0.0221
4379,0.0332
4380,0.0467
4381,0.06
4382,0.0744
4383,0.0943
4384,0.1191
4385,0.1474
4386,0.1808
4387,0.2167
4388,0.2281
4389,0.2208
4390,0.2113
4391,0.1942
4392,0.1754
4393,0.16
4394,0.1499
4395,0.1376
4396,0.1301
4397,0.1327
4398,0.1375
4399,0.1444
4400,0.1511
4401,0.164
4402,0.1747
4403,0.1811
4404,0.1886
4405,0.1974
4406,0.2117
4407,0.2265
4408,0.2398
4409,0.2497
4410,0.2524
4411,0.2532
4412,0.2325
4413,0.2023
4414,0.1703
4415,0.1415
4416,0.1251
4417,0.1141
4418,0.1049
4419,0.0942
4420,0.0794
4421,0.0585
4422,0.0302
4423,0.0123
4424,0.0034
4425,0.0011
4426,0.0001
4427,0.0
4428,0.0
4429,0.0
4430,0.0
4431,0.0002
4432,0.0006
4433,0.0029
4434,0.0021
4435,0.0012
4436,0.0028
4437,0.0112
4438,0.0255
4439,0.0444
4440,0.0702
4441,0.0952
4442,0.1145
4443,0.1105
4444,0.0895
4445,0.0651
4446,0.0444
4447,0.0346
4448,0.0329
4449,0.0355
4450,0.039
4451,0.0434
4452,0.0426
4453,0.0325
4454,0.0172
4455,0.006
4456,0.0009
4457,0.0003
4458,0.0014
4459,0.0103
4460,0.0293
4461,0.0585
4462,0.0988
4463,0.1484
4464,0.1825
4465,0.1865
4466,0.163
4467,0.1327
4468,0.1007
4469,0.0701
4470,0.0535
4471,0.0553
4472,0.0608
4473,0.063
4474,0.0589
4475,0.0575
4476,0.0555
4477,0.0542
4478,0.0579
4479,0.063
4480,0.0721
4481,0.0885
4482,0.1112
4483,0.1284
4484,0.1274
4485,0.1145
4486,0.1037
4487,0.0952
4488,0.0868
4489,0.0801
4490,0.0791
4491,0.0802
4492,0.0738
4493,0.0602
4494,0.0489
4495,0.0457
4496,0.0501
4497,0.0614
4498,0.0754
4499,0.0865
4500,0.0952
4501,0.1006
4502,0.1095
4503,0.1197
4504,0.1363
4505,0.1451
4506,0.1368
4507,0.1186
4508,0.0947
4509,0.0692
4510,0.0488
4511,0.0343
4512,0.0228
4513,0.0164
4514,0.0226
4515,0.0444
4516,0.0741
4517,0.0969
4518,0.097
4519,0.0909
4520,0.0953
4521,0.1078
4522,0.1247
4523,0.1283
4524,0.1201
4525,0.1164
4526,0.1324
4527,0.14
4528,0.1377
4529,0.1377
4530,0.1334
4531,0.1079
4532,0.0804
4533,0.0663
4534,0.0577
4535,0.0405
4536,0.0331
4537,0.0313
4538,0.0255
4539,0.0181
4540,0.0134
4541,0.007
4542,0.0018
4543,0.0003
4544,0.0
4545,0.0
4546,0.0
4547,0.0
4548,0.0001
4549,0.0025
4550,0.0059
4551,0.0065
4552,0.0046
4553,0.0036
4554,0.0035
4555,0.0049
4556,0.0064
4557,0.0087
4558,0.0123
4559,0.0154
4560,0.0179
4561,0.0247
4562,0.0337
4563,0.0475
4564,0.0689
4565,0.0867
4566,0.0962
4567,0.0992
4568,0.1071
4569,0.1106
4570,0.1095
4571,0.1109
4572,0.1038
4573,0.0866
4574,0.0758
4575,0.0792
4576,0.0877
4577,0.0901
4578,0.1049
4579,0.1294
4580,0.1375
4581,0.1335
4582,0.1347
4583,0.1274
4584,0.1209
4585,0.1255
4586,0.1266
4587,0.134
4588,0.139
4589,0.132
4590,0.1023
4591,0.0863
4592,0.1079
4593,0.1174
4594,0.0971
4595,0.0798
4596,0.0687
4597,0.0572
4598,0.0484
4599,0.0453
4600,0.045
4601,0.0428
4602,0.0529
4603,0.0822
4604,0.1248
4605,0.1594
4606,0.1621
4607,0.15
4608,0.1243
4609,0.1105
4610,0.1065
4611,0.1223
4612,0.1395
4613,0.14
4614,0.1433
4615,0.1529
4616,0.1467
4617,0.1281
4618,0.1229
4619,0.1432
4620,0.1587
4621,0.1356
4622,0.1072
4623,0.0987
4624,0.0944
4625,0.0815
4626,0.0666
4627,0.0601
4628,0.069
4629,0.0908
4630,0.1191
4631,0.153
4632,0.2054
4633,0.242
4634,0.2731
4635,0.2993
4636,0.3032
4637,0.259
4638,0.2024
4639,0.18
4640,0.1723
4641,0.1764
4642,0.1849
4643,0.1788
4644,0.1773
4645,0.1882
4646,0.2018
4647,0.2102
4648,0.2067
4649,0.2002
4650,0.194
4651,0.1824
4652,0.1677
4653,0.1598
4654,0.1612
4655,0.1701
4656,0.1859
4657,0.206
4658,0.2254
4659,0.2335
4660,0.2303
4661,0.2213
4662,0.2105
4663,0.2121
4664,0.2188
4665,0.2291
4666,0.2281
4667,0.2244
4668,0.2278
4669,0.2303
4670,0.2434
4671,0.2595
4672,0.2753
4673,0.2797
4674,0.2814
4675,0.2617
4676,0.2184
4677,0.1807
4678,0.1643
4679,0.1562
4680,0.1513
4681,0.1437
4682,0.1316
4683,0.1153
4684,0.1033
4685,0.1027
4686,0.0988
4687,0.092
4688,0.0874
4689,0.0833
4690,0.083
4691,0.0865
4692,0.0931
4693,0.1015
4694,0.1071
4695,0.1069
4696,0.1046
4697,0.097
4698,0.0831
4699,0.0674
4700,0.0495
4701,0.035
4702,0.0242
4703,0.0187
4704,0.0167
4705,0.0169
4706,0.0168
4707,0.0131
4708,0.008
4709,0.0043
4710,0.0021
4711,0.0017
4712,0.0028
4713,0.0045
4714,0.0063
4715,0.0084
4716,0.0072
4717,0.0038
4718,0.0017
4719,0.0006
4720,0.0002
4721,0.0
4722,0.0
4723,0.0
4724,0.0
4725,0.0
4726,0.0
4727,0.0
4728,0.0
4729,0.0
4730,0.0001
4731,0.0014
4732,0.0083
4733,0.0212
4734,0.0321
4735,0.0344
4736,0.029
4737,0.022
4738,0.0155
4739,0.0094
4740,0.0053
4741,0.0021
4742,0.0003
4743,0.0
4744,0.0
4745,0.0
4746,0.0005
4747,0.0015
4748,0.0053
4749,0.0131
4750,0.0296
4751,0.0642
4752,0.1108
4753,0.1328
4754,0.1623
4755,0.191
4756,0.1896
4757,0.1941
4758,0.2198
4759,0.2466
4760,0.2729
4761,0.2992
4762,0.3216
4763,0.3385
4764,0.3514
4765,0.3648
4766,0.3847
4767,0.3992
4768,0.4102
4769,0.3838
4770,0.3257
4771,0.2867
4772,0.241
4773,0.2101
4774,0.1754
4775,0.1454
4776,0.1226
4777,0.1049
4778,0.088
4779,0.0755
4780,0.0659
4781,0.0577
4782,0.0519
4783,0.0495
4784,0.0613
4785,0.0814
4786,0.1079
4787,0.1244
4788,0.1444
4789,0.1754
4790,0.2049
4791,0.2011
4792,0.1814
4793,0.158
4794,0.1516
4795,0.1548
4796,0.1593
4797,0.1604
4798,0.1362
4799,0.1242
4800,0.1483
4801,0.1642
4802,0.2067
4803,0.3171
4804,0.3964
4805,0.4425
4806,0.3966
4807,0.3189
4808,0.2955
4809,0.3609
4810,0.4472
4811,0.5163
4812,0.5851
4813,0.619
4814,0.6345
4815,0.6511
4816,0.6695
4817,0.653
4818,0.6511
4819,0.6486
4820,0.5678
4821,0.4897
4822,0.3565
4823,0.2301
4824,0.1563
4825,0.1206
4826,0.0968
4827,0.0805
4828,0.0568
4829,0.0354
4830,0.0304
4831,0.0286
4832,0.0327
4833,0.0434
4834,0.0677
4835,0.1003
4836,0.1169
4837,0.1197
4838,0.1125
4839,0.1034
4840,0.0953
4841,0.1047
4842,0.1176
4843,0.1298
4844,0.1475
4845,0.1658
4846,0.1696
4847,0.1716
4848,0.185
4849,0.2256
4850,0.2663
4851,0.3057
4852,0.3245
4853,0.3291
4854,0.3788
4855,0.4126
4856,0.4055
4857,0.381
4858,0.3573
4859,0.3352
4860,0.3213
4861,0.3093
4862,0.286
4863,0.2596
4864,0.2373
4865,0.2004
4866,0.1722
4867,0.1541
4868,0.1352
4869,0.117
4870,0.095
4871,0.0683
4872,0.0427
4873,0.0223
4874,0.0083
4875,0.0033
4876,0.0086
4877,0.0223
4878,0.0285
4879,0.0232
4880,0.0313
4881,0.0306
4882,0.0248
4883,0.0195
4884,0.0151
4885,0.0162
4886,0.0241
4887,0.035
4888,0.0463
4889,0.0493
4890,0.0578
4891,0.0793
4892,0.1152
4893,0.1888
4894,0.3275
4895,0.4686
4896,0.5322
4897,0.5252
4898,0.4925
4899,0.4416
4900,0.4157
4901,0.3932
4902,0.3533
4903,0.3036
4904,0.2556
4905,0.2163
4906,0.1915
4907,0.1817
4908,0.1929
4909,0.2183
4910,0.2334
4911,0.2394
4912,0.2469
4913,0.2293
4914,0.1911
4915,0.135
4916,0.0808
4917,0.0375
4918,0.0083
4919,0.0005
4920,0.0032
4921,0.0293
4922,0.0971
4923,0.1855
4924,0.2557
4925,0.2878
4926,0.3049
4927,0.3369
4928,0.3846
4929,0.3771
4930,0.3166
4931,0.2355
4932,0.1562
4933,0.1006
4934,0.0645
4935,0.0425
4936,0.0399
4937,0.0265
4938,0.0198
4939,0.0356
4940,0.0974
4941,0.2708
4942,0.5111
4943,0.6158
4944,0.601
4945,0.4991
4946,0.3551
4947,0.185
4948,0.0708
4949,0.0286
4950,0.0283
4951,0.0546
4952,0.0719
4953,0.109
4954,0.2121
4955,0.2905
4956,0.222
4957,0.1703
4958,0.1852
4959,0.2136
4960,0.2422
4961,0.2548
4962,0.2417
4963,0.2257
4964,0.215
4965,0.172
4966,0.1203
4967,0.0872
4968,0.0684
4969,0.0639
4970,0.0655
4971,0.0733
4972,0.1054
4973,0.1415
4974,0.1411
4975,0.1313
4976,0.1319
4977,0.1023
4978,0.0732
4979,0.0641
4980,0.0708
4981,0.0617
4982,0.0573
4983,0.0771
4984,0.1187
4985,0.1819
4986,0.2568
4987,0.3275
4988,0.3822
4989,0.408
4990,0.3828
4991,0.3338
4992,0.3068
4993,0.2895
4994,0.2964
4995,0.3034
4996,0.2963
4997,0.2878
4998,0.2729
4999,0.2614
5000,0.2617
5001,0.2658
5002,0.276
5003,0.2872
5004,0.3008
5005,0.3094
5006,0.3077
5007,0.2726
5008,0.2199
5009,0.1711
5010,0.1411
5011,0.1088
5012,0.1087
5013,0.1183
5014,0.1089
5015,0.0994
5016,0.0952
5017,0.0977
5018,0.1005
5019,0.1048
5020,0.1132
5021,0.1211
5022,0.1131
5023,0.1037
5024,0.1026
5025,0.0969
5026,0.0786
5027,0.0545
5028,0.0328
5029,0.0149
5030,0.0029
5031,0.0
5032,0.0024
5033,0.0264
5034,0.0776
5035,0.1472
5036,0.2153
5037,0.2727
5038,0.3148
5039,0.3332
5040,0.3432
5041,0.3469
5042,0.3332
5043,0.2937
5044,0.2268
5045,0.1622
5046,0.1269
5047,0.1437
5048,0.2177
5049,0.2673
5050,0.3076
5051,0.3583
5052,0.4243
5053,0.4711
5054,0.487
5055,0.4868
5056,0.4684
5057,0.47
5058,0.5059
5059,0.5495
5060,0.6199
5061,0.6747
5062,0.6917
5063,0.6875
5064,0.6711
5065,0.6532
5066,0.6482
5067,0.6476
5068,0.6551
5069,0.662
5070,0.6571
5071,0.6471
5072,0.6375
5073,0.6379
5074,0.6404
5075,0.6577
5076,0.6856
5077,0.709
5078,0.7118
5079,0.6949
5080,0.6696
5081,0.6344
5082,0.6033
5083,0.5743
5084,0.552
5085,0.5275
5086,0.4741
5087,0.4173
5088,0.3728
5089,0.3399
5090,0.3119
5091,0.2832
5092,0.2592
5093,0.2364
5094,0.2304
5095,0.2258
5096,0.2159
5097,0.1954
5098,0.1663
5099,0.1366
5100,0.1098
5101,0.0901
5102,0.0777
5103,0.0717
5104,0.0621
5105,0.0499
5106,0.0404
5107,0.037
5108,0.0414
5109,0.0518
5110,0.0657
5111,0.0868
5112,0.1065
5113,0.1239
5114,0.1414
5115,0.1633
5116,0.1837
5117,0.2002
5118,0.2094
5119,0.2213
5120,0.2427
5121,0.2754
5122,0.3162
5123,0.361
5124,0.3921
5125,0.4153
5126,0.434
5127,0.428
5128,0.4045
5129,0.3813
5130,0.3662
5131,0.3603
5132,0.3427
5133,0.2941
5134,0.2402
5135,0.198
5136,0.162
5137,0.1291
5138,0.0973
5139,0.0771
5140,0.062
5141,0.0458
5142,0.0311
5143,0.0222
5144,0.018
5145,0.016
5146,0.0142
5147,0.0155
5148,0.0195
5149,0.0192
5150,0.0148
5151,0.0113
5152,0.0093
5153,0.0077
5154,0.0091
5155,0.014
5156,0.0208
5157,0.0267
5158,0.0385
5159,0.0543
5160,0.0683
5161,0.0787
5162,0.0916
5163,0.1006
5164,0.1013
5165,0.0922
5166,0.0766
5167,0.0637
5168,0.0543
5169,0.0447
5170,0.032
5171,0.0196
5172,0.0088
5173,0.0031
5174,0.0024
5175,0.0049
5176,0.0077
5177,0.0078
5178,0.0114
5179,0.0195
5180,0.0356
5181,0.0623
5182,0.0882
5183,0.0925
5184,0.1023
5185,0.1228
5186,0.1478
5187,0.19
5188,0.2455
5189,0.2805
5190,0.3243
5191,0.3511
5192,0.3829
5193,0.4127
5194,0.4309
5195,0.4466
5196,0.4771
5197,0.4797
5198,0.4771
5199,0.4814
5200,0.4869
5201,0.4836
5202,0.4876
5203,0.4854
5204,0.5244
5205,0.5344
5206,0.505
5207,0.482
5208,0.4614
5209,0.4316
5210,0.3877
5211,0.3497
5212,0.3182
5213,0.2921
5214,0.2813
5215,0.279
5216,0.29
5217,0.3011
5218,0.3025
5219,0.3073
5220,0.3245
5221,0.3406
5222,0.356
5223,0.3713
5224,0.3762
5225,0.3755
5226,0.4005
5227,0.4445
5228,0.4812
5229,0.5103
5230,0.5338
5231,0.5403
5232,0.5326
5233,0.5175
5234,0.4991
5235,0.478
5236,0.4565
5237,0.4362
5238,0.4269
5239,0.4103
5240,0.4121
5241,0.4152
5242,0.4127
5243,0.4169
5244,0.4332
5245,0.4598
5246,0.4775
5247,0.4763
5248,0.4789
5249,0.4845
5250,0.4989
5251,0.5205
5252,0.5583
5253,0.5562
5254,0.5521
5255,0.5263
5256,0.484
5257,0.4199
5258,0.3567
5259,0.303
5260,0.2648
5261,0.2513
5262,0.2414
5263,0.221
5264,0.2086
5265,0.2009
5266,0.1909
5267,0.1775
5268,0.1471
5269,0.1131
5270,0.0699
5271,0.0346
5272,0.008
5273,0.0
5274,0.0031
5275,0.0382
5276,0.0991
5277,0.1838
5278,0.2765
5279,0.3495
5280,0.3787
5281,0.388
5282,0.3896
5283,0.3834
5284,0.4019
5285,0.381
5286,0.3487
5287,0.3086
5288,0.2909
5289,0.2806
5290,0.2084
5291,0.1647
5292,0.2749
5293,0.3364
5294,0.3501
5295,0.4066
5296,0.4341
5297,0.4382
5298,0.4913
5299,0.6141
5300,0.7029
5301,0.6806
5302,0.6617
5303,0.6888
5304,0.7322
5305,0.7708
5306,0.8201
5307,0.9091
5308,0.9273
5309,0.9417
5310,0.9493
5311,0.9515
5312,0.9544
5313,0.9588
5314,0.9627
5315,0.9661
5316,0.9686
5317,0.9693
5318,0.9698
5319,0.9683
5320,0.9629
5321,0.9529
5322,0.9424
5323,0.9239
5324,0.8961
5325,0.8778
5326,0.8575
5327,0.8232
5328,0.7732
5329,0.7511
5330,0.7377
5331,0.7279
5332,0.7151
5333,0.6961
5334,0.6867
5335,0.6807
5336,0.658
5337,0.6493
5338,0.632
5339,0.6096
5340,0.6401
5341,0.6586
5342,0.6598
5343,0.6526
5344,0.6621
5345,0.6664
5346,0.6703
5347,0.6493
5348,0.6052
5349,0.5792
5350,0.5738
5351,0.5518
5352,0.5268
5353,0.4929
5354,0.4513
5355,0.3863
5356,0.3104
5357,0.256
5358,0.2088
5359,0.1595
5360,0.1274
5361,0.1101
5362,0.1055
5363,0.1174
5364,0.1302
5365,0.1326
5366,0.1187
5367,0.0907
5368,0.0717
5369,0.0631
5370,0.0628
5371,0.073
5372,0.0887
5373,0.101
5374,0.1072
5375,0.1246
5376,0.1435
5377,0.1626
5378,0.1643
5379,0.1601
5380,0.1529
5381,0.147
5382,0.1523
5383,0.1804
5384,0.2163
5385,0.2407
5386,0.2652
5387,0.2761
5388,0.2605
5389,0.2222
5390,0.1897
5391,0.1625
5392,0.1344
5393,0.1198
5394,0.1319
5395,0.1709
5396,0.2308
5397,0.3055
5398,0.3597
5399,0.3776
5400,0.3672
5401,0.3426
5402,0.3026
5403,0.2552
5404,0.2258
5405,0.2233
5406,0.2024
5407,0.1829
5408,0.2031
5409,0.2414
5410,0.2926
5411,0.3269
5412,0.3509
5413,0.3793
5414,0.4068
5415,0.4344
5416,0.4426
5417,0.4196
5418,0.4551
5419,0.5139
5420,0.5662
5421,0.6106
5422,0.6293
5423,0.6132
5424,0.5513
5425,0.5221
5426,0.5261
5427,0.5032
5428,0.4966
5429,0.5283
5430,0.5744
5431,0.5427
5432,0.5091
5433,0.501
5434,0.5125
5435,0.5159
5436,0.4995
5437,0.4723
5438,0.4192
5439,0.3569
5440,0.287
5441,0.2539
5442,0.2658
5443,0.2707
5444,0.2171
5445,0.1368
5446,0.0833
5447,0.0435
5448,0.0183
5449,0.0115
5450,0.0195
5451,0.0447
5452,0.0639
5453,0.0872
5454,0.1258
5455,0.1911
5456,0.2486
5457,0.2729
5458,0.3241
5459,0.3857
5460,0.4342
5461,0.438
5462,0.3683
5463,0.3178
5464,0.2758
5465,0.2511
5466,0.2493
5467,0.2858
5468,0.3119
5469,0.3617
5470,0.5266
5471,0.7159
5472,0.78
5473,0.7816
5474,0.7331
5475,0.674
5476,0.6085
5477,0.5434
5478,0.5244
5479,0.5526
5480,0.545
5481,0.5272
5482,0.5186
5483,0.518
5484,0.4886
5485,0.4367
5486,0.3989
5487,0.413
5488,0.4504
5489,0.5235
5490,0.5649
5491,0.489
5492,0.4694
5493,0.4497
5494,0.4196
5495,0.3133
5496,0.2418
5497,0.1858
5498,0.1391
5499,0.1216
5500,0.1201
5501,0.1148
5502,0.1009
5503,0.0831
5504,0.0739
5505,0.0906
5506,0.1368
5507,0.2034
5508,0.2572
5509,0.3262
5510,0.3949
5511,0.4688
5512,0.5445
5513,0.6481
5514,0.7139
5515,0.7202
5516,0.7094
5517,0.686
5518,0.6647
5519,0.6392
5520,0.5961
5521,0.5321
5522,0.4963
5523,0.4834
5524,0.4775
5525,0.479
5526,0.5019
5527,0.5359
5528,0.5807
5529,0.614
5530,0.6318
5531,0.6479
5532,0.656
5533,0.6393
5534,0.6144
5535,0.5988
5536,0.6088
5537,0.6237
5538,0.6347
5539,0.6159
5540,0.5736
5541,0.5213
5542,0.4403
5543,0.3606
5544,0.2981
5545,0.2361
5546,0.1884
5547,0.1654
5548,0.1633
5549,0.1686
5550,0.1797
5551,0.191
5552,0.1976
5553,0.1946
5554,0.195
5555,0.2039
5556,0.2097
5557,0.1937
5558,0.1609
5559,0.1215
5560,0.0841
5561,0.0574
5562,0.0506
5563,0.0624
5564,0.0915
5565,0.1127
5566,0.109
5567,0.0918
5568,0.0674
5569,0.0435
5570,0.0252
5571,0.0155
5572,0.0124
5573,0.0117
5574,0.0116
5575,0.0135
5576,0.0181
5577,0.0261
5578,0.031
5579,0.0324
5580,0.0248
5581,0.0144
5582,0.0071
5583,0.0013
5584,0.0
5585,0.0
5586,0.0
5587,0.0
5588,0.0003
5589,0.0024
5590,0.0056
5591,0.0098
5592,0.0165
5593,0.0276
5594,0.0474
5595,0.0668
5596,0.0858
5597,0.0965
5598,0.1042
5599,0.1093
5600,0.1143
5601,0.1097
5602,0.1072
5603,0.1078
5604,0.1039
5605,0.0967
5606,0.0884
5607,0.0865
5608,0.0952
5609,0.1126
5610,0.1341
5611,0.1525
5612,0.1665
5613,0.1634
5614,0.1408
5615,0.1125
5616,0.0856
5617,0.0616
5618,0.044
5619,0.0319
5620,0.0246
5621,0.0207
5622,0.0155
5623,0.0081
5624,0.0077
5625,0.0122
5626,0.0118
5627,0.0087
5628,0.0037
5629,0.0009
5630,0.0016
5631,0.006
5632,0.019
5633,0.0405
5634,0.0701
5635,0.1068
5636,0.1477
5637,0.1892
5638,0.2166
5639,0.2185
5640,0.2025
5641,0.1743
5642,0.1384
5643,0.1057
5644,0.0838
5645,0.0632
5646,0.0466
5647,0.0346
5648,0.0293
5649,0.0334
5650,0.0414
5651,0.0374
5652,0.0288
5653,0.0177
5654,0.0081
5655,0.0026
5656,0.0016
5657,0.0016
5658,0.0016
5659,0.0072
5660,0.0173
5661,0.0333
5662,0.0527
5663,0.072
5664,0.0773
5665,0.0616
5666,0.0358
5667,0.015
5668,0.0045
5669,0.0009
5670,0.0001
5671,0.0
5672,0.0001
5673,0.0012
5674,0.0042
5675,0.0045
5676,0.0017
5677,0.0004
5678,0.0004
5679,0.0021
5680,0.0073
5681,0.0193
5682,0.0451
5683,0.0667
5684,0.0813
5685,0.0991
5686,0.1192
5687,0.1396
5688,0.146
5689,0.1337
5690,0.1048
5691,0.0729
5692,0.0464
5693,0.0293
5694,0.0198
5695,0.0133
5696,0.0101
5697,0.0132
5698,0.0133
5699,0.0063
5700,0.0007
5701,0.0
5702,0.0008
5703,0.0144
5704,0.0365
5705,0.0563
5706,0.0763
5707,0.0823
5708,0.0743
5709,0.0698
5710,0.0687
5711,0.072
5712,0.0774
5713,0.0823
5714,0.0812
5715,0.0735
5716,0.0614
5717,0.0432
5718,0.0237
5719,0.0088
5720,0.0055
5721,0.0098
5722,0.0146
5723,0.0124
5724,0.0068
5725,0.0029
5726,0.0019
5727,0.0045
5728,0.0065
5729,0.0053
5730,0.0054
5731,0.0058
5732,0.0099
5733,0.0175
5734,0.0435
5735,0.1027
5736,0.1727
5737,0.2207
5738,0.2293
5739,0.2099
5740,0.1827
5741,0.1648
5742,0.1528
5743,0.1463
5744,0.144
5745,0.1401
5746,0.14
5747,0.1375
5748,0.1321
5749,0.1308
5750,0.1432
5751,0.1573
5752,0.1692
5753,0.1816
5754,0.1963
5755,0.2213
5756,0.2504
5757,0.2615
5758,0.2854
5759,0.2759
5760,0.2245
5761,0.2665
5762,0.2612
5763,0.2511
5764,0.2263
5765,0.2089
5766,0.1814
5767,0.1295
5768,0.0938
5769,0.0801
5770,0.0786
5771,0.084
5772,0.0804
5773,0.0738
5774,0.0805
5775,0.0821
5776,0.0737
5777,0.0765
5778,0.1001
5779,0.1414
5780,0.1857
5781,0.2192
5782,0.2268
5783,0.2093
5784,0.1779
5785,0.1507
5786,0.136
5787,0.1229
5788,0.1135
5789,0.1045
5790,0.0984
5791,0.0993
5792,0.1058
5793,0.1155
5794,0.1209
5795,0.1211
5796,0.1231
5797,0.1163
5798,0.108
5799,0.1031
5800,0.0887
5801,0.0728
5802,0.0594
5803,0.0509
5804,0.0453
5805,0.0433
5806,0.0442
5807,0.0527
5808,0.064
5809,0.0731
5810,0.078
5811,0.0808
5812,0.0877
5813,0.0962
5814,0.0936
5815,0.0767
5816,0.0737
5817,0.1021
5818,0.1494
5819,0.1923
5820,0.2181
5821,0.2528
5822,0.3367
5823,0.4086
5824,0.445
5825,0.5327
5826,0.5356
5827,0.4725
5828,0.4035
5829,0.3277
5830,0.3048
5831,0.3119
5832,0.2927
5833,0.2561
5834,0.2178
5835,0.1877
5836,0.1633
5837,0.14
5838,0.1259
5839,0.1252
5840,0.1174
5841,0.1118
5842,0.1145
5843,0.1197
5844,0.1172
5845,0.1173
5846,0.1174
5847,0.105
5848,0.0912
5849,0.0796
5850,0.079
5851,0.095
5852,0.133
5853,0.1919
5854,0.2521
5855,0.2861
5856,0.2782
5857,0.2393
5858,0.1971
5859,0.1357
5860,0.1016
5861,0.0853
5862,0.0734
5863,0.0794
5864,0.1069
5865,0.1345
5866,0.1567
5867,0.1787
5868,0.2076
5869,0.2191
5870,0.2044
5871,0.2237
5872,0.2686
5873,0.3307
5874,0.4174
5875,0.4859
5876,0.5187
5877,0.5247
5878,0.5048
5879,0.4714
5880,0.4373
5881,0.4063
5882,0.3835
5883,0.3767
5884,0.3729
5885,0.3694
5886,0.3688
5887,0.3803
5888,0.3577
5889,0.3178
5890,0.2736
5891,0.2431
5892,0.218
5893,0.1917
5894,0.1645
5895,0.1461
5896,0.1488
5897,0.1726
5898,0.2259
5899,0.3117
5900,0.4188
5901,0.4844
5902,0.488
5903,0.4555
5904,0.4196
5905,0.3991
5906,0.4162
5907,0.4523
5908,0.514
5909,0.5896
5910,0.6464
5911,0.6944
5912,0.7144
5913,0.6889
5914,0.6145
5915,0.4984
5916,0.4144
5917,0.3782
5918,0.3225
5919,0.3079
5920,0.3365
5921,0.3813
5922,0.4495
5923,0.5199
5924,0.5833
5925,0.6442
5926,0.6769
5927,0.6973
5928,0.7047
5929,0.6949
5930,0.6993
5931,0.677
5932,0.6535
5933,0.6362
5934,0.6241
5935,0.6011
5936,0.5694
5937,0.5405
5938,0.4969
5939,0.4289
5940,0.3716
5941,0.3249
5942,0.2701
5943,0.2107
5944,0.1582
5945,0.1136
5946,0.08
5947,0.0531
5948,0.0392
5949,0.0389
5950,0.0596
5951,0.0939
5952,0.1084
5953,0.118
5954,0.1438
5955,0.1785
5956,0.2168
5957,0.2747
5958,0.3494
5959,0.4227
5960,0.499
5961,0.5738
5962,0.624
5963,0.6666
5964,0.6649
5965,0.5849
5966,0.5284
5967,0.5103
5968,0.4956
5969,0.4488
5970,0.3893
5971,0.3159
5972,0.2379
5973,0.1897
5974,0.1797
5975,0.19
5976,0.1985
5977,0.2052
5978,0.2068
5979,0.1992
5980,0.1956
5981,0.2028
5982,0.2142
5983,0.2247
5984,0.2299
5985,0.2486
5986,0.2723
5987,0.2921
5988,0.3346
5989,0.4112
5990,0.4897
5991,0.5345
5992,0.5477
5993,0.5432
5994,0.5346
5995,0.5013
5996,0.4681
5997,0.439
5998,0.4159
5999,0.3925
6000,0.359
6001,0.3338
6002,0.31
6003,0.2873
6004,0.2948
6005,0.2895
6006,0.2703
6007,0.2611
6008,0.2353
6009,0.2163
6010,0.2077
6011,0.1987
6012,0.1926
6013,0.1816
6014,0.1591
6015,0.1383
6016,0.1196
6017,0.0941
6018,0.0674
6019,0.0453
6020,0.0267
6021,0.0134
6022,0.0063
6023,0.0056
6024,0.0136
6025,0.032
6026,0.0488
6027,0.0538
6028,0.0535
6029,0.0586
6030,0.0674
6031,0.076
6032,0.0926
6033,0.1157
6034,0.1368
6035,0.1324
6036,0.1153
6037,0.0944
6038,0.0682
6039,0.0442
6040,0.0303
6041,0.0269
6042,0.0333
6043,0.0445
6044,0.0533
6045,0.0539
6046,0.0469
6047,0.0387
6048,0.0315
6049,0.0238
6050,0.0175
6051,0.016
6052,0.0142
6053,0.0094
6054,0.0051
6055,0.0001
6056,0.0
6057,0.0009
6058,0.0017
6059,0.0055
6060,0.0171
6061,0.0332
6062,0.0387
6063,0.037
6064,0.0453
6065,0.0452
6066,0.0389
6067,0.0313
6068,0.0481
6069,0.0911
6070,0.1607
6071,0.2328
6072,0.2795
6073,0.2986
6074,0.3122
6075,0.3404
6076,0.3887
6077,0.4264
6078,0.4748
6079,0.5566
6080,0.6516
6081,0.7146
6082,0.7504
6083,0.7705
6084,0.7707
6085,0.7572
6086,0.7312
6087,0.7141
6088,0.6722
6089,0.6354
6090,0.5929
6091,0.5615
6092,0.4915
6093,0.4022
6094,0.3025
6095,0.1778
6096,0.0983
6097,0.0707
6098,0.0682
6099,0.0689
6100,0.0792
6101,0.1077
6102,0.1415
6103,0.1795
6104,0.1957
6105,0.1994
6106,0.205
6107,0.22
6108,0.2353
6109,0.268
6110,0.3404
6111,0.4463
6112,0.5343
6113,0.6152
6114,0.6566
6115,0.6614
6116,0.6262
6117,0.5808
6118,0.5263
6119,0.4608
6120,0.4138
6121,0.3407
6122,0.2477
6123,0.2206
6124,0.1957
6125,0.1594
6126,0.1359
6127,0.1357
6128,0.1467
6129,0.1458
6130,0.13
6131,0.1132
6132,0.1076
6133,0.1156
6134,0.128
6135,0.1321
6136,0.1319
6137,0.1361
6138,0.147
6139,0.1431
6140,0.1281
6141,0.1171
6142,0.107
6143,0.0958
6144,0.093
6145,0.0979
6146,0.1034
6147,0.1036
6148,0.0961
6149,0.0874
6150,0.079
6151,0.0624
6152,0.0432
6153,0.0288
6154,0.018
6155,0.012
6156,0.0084
6157,0.0067
6158,0.0084
6159,0.0086
6160,0.0076
6161,0.0059
6162,0.0035
6163,0.0017
6164,0.0006
6165,0.0002
6166,0.0028
6167,0.0128
6168,0.0305
6169,0.0559
6170,0.0848
6171,0.1108
6172,0.1338
6173,0.1504
6174,0.1665
6175,0.1512
6176,0.1358
6177,0.1186
6178,0.1087
6179,0.0999
6180,0.0832
6181,0.0644
6182,0.0483
6183,0.034
6184,0.0167
6185,0.0061
6186,0.0021
6187,0.0007
6188,0.001
6189,0.008
6190,0.0132
6191,0.0137
6192,0.0119
6193,0.0069
6194,0.0037
6195,0.0018
6196,0.0015
6197,0.001
6198,0.0002
6199,0.0001
6200,0.0015
6201,0.0061
6202,0.0091
6203,0.0145
6204,0.0334
6205,0.0502
6206,0.0557
6207,0.0557
6208,0.0582
6209,0.062
6210,0.0685
6211,0.0698
6212,0.0731
6213,0.0896
6214,0.1017
6215,0.0922
6216,0.0769
6217,0.0677
6218,0.0595
6219,0.0577
6220,0.0745
6221,0.0935
6222,0.1094
6223,0.1434
6224,0.1807
6225,0.2073
6226,0.2221
6227,0.2359
6228,0.2534
6229,0.2731
6230,0.2996
6231,0.3117
6232,0.3091
6233,0.3272
6234,0.34
6235,0.3269
6236,0.2892
6237,0.2501
6238,0.2188
6239,0.1858
6240,0.1563
6241,0.1363
6242,0.1284
6243,0.1216
6244,0.1093
6245,0.1004
6246,0.1005
6247,0.1014
6248,0.0931
6249,0.093
6250,0.1046
6251,0.1203
6252,0.1379
6253,0.1559
6254,0.1645
6255,0.1675
6256,0.1818
6257,0.1968
6258,0.203
6259,0.1875
6260,0.1591
6261,0.1305
6262,0.107
6263,0.0889
6264,0.0759
6265,0.0664
6266,0.0584
6267,0.0463
6268,0.0368
6269,0.0383
6270,0.0354
6271,0.0376
6272,0.0388
6273,0.0331
6274,0.0286
6275,0.034
6276,0.0387
6277,0.0399
6278,0.0427
6279,0.0523
6280,0.0696
6281,0.0829
6282,0.0912
6283,0.0958
6284,0.0991
6285,0.1058
6286,0.116
6287,0.1236
6288,0.1212
6289,0.1101
6290,0.0979
6291,0.0861
6292,0.0775
6293,0.075
6294,0.0787
6295,0.0804
6296,0.0857
6297,0.0916
6298,0.0967
6299,0.1034
6300,0.1139
6301,0.1326
6302,0.1605
6303,0.1976
6304,0.238
6305,0.2981
6306,0.3765
6307,0.4347
6308,0.4653
6309,0.4768
6310,0.4503
6311,0.411
6312,0.3652
6313,0.3343
6314,0.3275
6315,0.335
6316,0.3401
6317,0.3405
6318,0.3296
6319,0.2994
6320,0.3044
6321,0.2686
6322,0.2604
6323,0.2635
6324,0.2617
6325,0.2424
6326,0.2276
6327,0.2184
6328,0.2041
6329,0.2043
6330,0.2387
6331,0.3284
6332,0.402
6333,0.4224
6334,0.4278
6335,0.41
6336,0.4232
6337,0.4479
6338,0.3991
6339,0.3303
6340,0.2816
6341,0.2643
6342,0.2504
6343,0.2398
6344,0.2526
6345,0.2859
6346,0.3308
6347,0.3481
6348,0.2865
6349,0.2261
6350,0.2088
6351,0.2789
6352,0.3446
6353,0.4054
6354,0.4066
6355,0.3368
6356,0.2695
6357,0.2265
6358,0.203
6359,0.1967
6360,0.2275
6361,0.2445
6362,0.1981
6363,0.233
6364,0.2669
6365,0.3074
6366,0.3013
6367,0.2568
6368,0.2399
6369,0.241
6370,0.2682
6371,0.2766
6372,0.2564
6373,0.2371
6374,0.2417
6375,0.232
6376,0.1767
6377,0.1268
6378,0.1367
6379,0.2227
6380,0.3109
6381,0.3518
6382,0.3206
6383,0.2948
6384,0.3376
6385,0.3533
6386,0.3533
6387,0.3962
6388,0.4265
6389,0.4388
6390,0.4622
6391,0.5195
6392,0.5925
6393,0.6726
6394,0.7682
6395,0.792
6396,0.7457
6397,0.6624
6398,0.6496
6399,0.6285
6400,0.5635
6401,0.5062
6402,0.4869
6403,0.4454
6404,0.4362
6405,0.4693
6406,0.5157
6407,0.5188
6408,0.5044
6409,0.487
6410,0.4712
6411,0.4529
6412,0.4619
6413,0.4885
6414,0.5151
6415,0.5496
6416,0.5617
6417,0.5714
6418,0.5448
6419,0.4987
6420,0.4689
6421,0.4801
6422,0.5258
6423,0.5397
6424,0.5709
6425,0.63
6426,0.6714
6427,0.6603
6428,0.6189
6429,0.5844
6430,0.5392
6431,0.4608
6432,0.3813
6433,0.3137
6434,0.2858
6435,0.3158
6436,0.3647
6437,0.4208
6438,0.4976
6439,0.5526
6440,0.5918
6441,0.6955
6442,0.6643
6443,0.6792
6444,0.7237
6445,0.767
6446,0.7763
6447,0.7486
6448,0.7078
6449,0.6731
6450,0.6629
6451,0.6583
6452,0.6171
6453,0.5784
6454,0.5603
6455,0.5226
6456,0.4783
6457,0.4645
6458,0.4654
6459,0.448
6460,0.4808
6461,0.5159
6462,0.5412
6463,0.5602
6464,0.5868
6465,0.6322
6466,0.6736
6467,0.7222
6468,0.7715
6469,0.8176
6470,0.845
6471,0.8633
6472,0.8931
6473,0.9078
6474,0.911
6475,0.8937
6476,0.8569
6477,0.8196
6478,0.7537
6479,0.6785
6480,0.6035
6481,0.5528
6482,0.5361
6483,0.5405
6484,0.5848
6485,0.6371
6486,0.6713
6487,0.7081
6488,0.7688
6489,0.8158
6490,0.8376
6491,0.8411
6492,0.8427
6493,0.8417
6494,0.8428
6495,0.8406
6496,0.8254
6497,0.7898
6498,0.7651
6499,0.7463
6500,0.6761
6501,0.5552
6502,0.4478
6503,0.4562
6504,0.5437
6505,0.6727
6506,0.7483
6507,0.7934
6508,0.8514
6509,0.8772
6510,0.8815
6511,0.8788
6512,0.8642
6513,0.8661
6514,0.8844
6515,0.9133
6516,0.9102
6517,0.8934
6518,0.8884
6519,0.8966
6520,0.8905
6521,0.8656
6522,0.8055
6523,0.7775
6524,0.8353
6525,0.9043
6526,0.9063
6527,0.8885
6528,0.8503
6529,0.8072
6530,0.7583
6531,0.6853
6532,0.5929
6533,0.508
6534,0.4312
6535,0.3376
6536,0.2825
6537,0.2298
6538,0.1787
6539,0.1638
6540,0.1527
6541,0.1485
6542,0.1681
6543,0.1951
6544,0.2122
6545,0.2437
6546,0.2584
6547,0.2949
6548,0.3854
6549,0.5346
6550,0.6505
6551,0.7482
6552,0.8058
6553,0.7884
6554,0.7037
6555,0.6005
6556,0.5134
6557,0.4776
6558,0.3784
6559,0.2895
6560,0.2451
6561,0.2504
6562,0.2818
6563,0.3378
6564,0.3867
6565,0.4042
6566,0.3788
6567,0.3042
6568,0.2055
6569,0.1439
6570,0.1154
6571,0.0725
6572,0.0576
6573,0.3621
6574,0.8181
6575,0.8459
6576,0.753
6577,0.6658
6578,0.6527
6579,0.6069
6580,0.5341
6581,0.4811
6582,0.4761
6583,0.5162
6584,0.5492
6585,0.5625
6586,0.5529
6587,0.5414
6588,0.544
6589,0.5307
6590,0.5197
6591,0.5002
6592,0.4709
6593,0.4751
6594,0.4982
6595,0.5224
6596,0.5303
6597,0.4963
6598,0.4279
6599,0.3573
6600,0.3007
6601,0.2734
6602,0.2598
6603,0.2492
6604,0.2311
6605,0.2202
6606,0.2096
6607,0.1748
6608,0.146
6609,0.1108
6610,0.0726
6611,0.0528
6612,0.0486
6613,0.0571
6614,0.0695
6615,0.0802
6616,0.0924
6617,0.1345
6618,0.2323
6619,0.3304
6620,0.3765
6621,0.4302
6622,0.4919
6623,0.5448
6624,0.5886
6625,0.6319
6626,0.6402
6627,0.5447
6628,0.4197
6629,0.5001
6630,0.7862
6631,0.811
6632,0.7683
6633,0.7044
6634,0.6475
6635,0.6005
6636,0.5492
6637,0.4851
6638,0.4193
6639,0.3375
6640,0.2657
6641,0.2107
6642,0.1809
6643,0.1587
6644,0.1434
6645,0.1627
6646,0.1946
6647,0.2117
6648,0.2059
6649,0.1814
6650,0.1607
6651,0.154
6652,0.1533
6653,0.1632
6654,0.172
6655,0.1627
6656,0.1575
6657,0.1388
6658,0.1099
6659,0.0907
6660,0.0861
6661,0.0859
6662,0.0873
6663,0.0959
6664,0.117
6665,0.1456
6666,0.1917
6667,0.2453
6668,0.2921
6669,0.3022
6670,0.2718
6671,0.2254
6672,0.1772
6673,0.1391
6674,0.1174
6675,0.1146
6676,0.1292
6677,0.1691
6678,0.2298
6679,0.293
6680,0.3557
6681,0.3508
6682,0.2699
6683,0.3441
6684,0.6886
6685,0.7583
6686,0.7605
6687,0.7202
6688,0.618
6689,0.395
6690,0.2295
6691,0.2368
6692,0.3563
6693,0.5239
6694,0.5759
6695,0.548
6696,0.4815
6697,0.3799
6698,0.2893
6699,0.232
6700,0.1843
6701,0.1252
6702,0.058
6703,0.021
6704,0.0173
6705,0.0175
6706,0.0259
6707,0.0443
6708,0.0631
6709,0.0833
6710,0.106
6711,0.1493
6712,0.2338
6713,0.3503
6714,0.4423
6715,0.5457
6716,0.6663
6717,0.7305
6718,0.7536
6719,0.7304
6720,0.6331
6721,0.4684
6722,0.3201
6723,0.275
6724,0.2826
6725,0.351
6726,0.4062
6727,0.4175
6728,0.3976
6729,0.3723
6730,0.3606
6731,0.3782
6732,0.4093
6733,0.448
6734,0.5101
6735,0.5932
6736,0.6628
6737,0.6998
6738,0.7257
6739,0.7464
6740,0.7599
6741,0.7511
6742,0.7152
6743,0.6782
6744,0.6312
6745,0.6125
6746,0.6031
6747,0.5877
6748,0.5646
6749,0.5608
6750,0.546
6751,0.4927
6752,0.4255
6753,0.4064
6754,0.4493
6755,0.4882
6756,0.5069
6757,0.5157
6758,0.5649
6759,0.5904
6760,0.5888
6761,0.5955
6762,0.6067
6763,0.6204
6764,0.6321
6765,0.6242
6766,0.5735
6767,0.5178
6768,0.4861
6769,0.4819
6770,0.4698
6771,0.4835
6772,0.5155
6773,0.5418
6774,0.5683
6775,0.5921
6776,0.6173
6777,0.6224
6778,0.6222
6779,0.6093
6780,0.5946
6781,0.5905
6782,0.6036
6783,0.6542
6784,0.7215
6785,0.7491
6786,0.7679
6787,0.789
6788,0.8069
6789,0.8023
6790,0.8193
6791,0.8246
6792,0.8213
6793,0.8178
6794,0.8107
6795,0.7987
6796,0.7786
6797,0.7698
6798,0.7857
6799,0.8117
6800,0.8454
6801,0.8767
6802,0.8916
6803,0.907
6804,0.9203
6805,0.9233
6806,0.9237
6807,0.9215
6808,0.923
6809,0.9099
6810,0.8873
6811,0.8605
6812,0.8386
6813,0.8005
6814,0.7475
6815,0.7257
6816,0.7202
6817,0.6178
6818,0.4907
6819,0.349
6820,0.2469
6821,0.1717
6822,0.1503
6823,0.1355
6824,0.1094
6825,0.0722
6826,0.0426
6827,0.0212
6828,0.0049
6829,0.0002
6830,0.0
6831,0.0
6832,0.0
6833,0.0
6834,0.0023
6835,0.0133
6836,0.0343
6837,0.0731
6838,0.127
6839,0.1608
6840,0.1711
6841,0.2466
6842,0.3149
6843,0.331
6844,0.3314
6845,0.2897
6846,0.2714
6847,0.2871
6848,0.3869
6849,0.4921
6850,0.537
6851,0.6443
6852,0.763
6853,0.7653
6854,0.7411
6855,0.7332
6856,0.7282
6857,0.6866
6858,0.6224
6859,0.5769
6860,0.5043
6861,0.3995
6862,0.3019
6863,0.1893
6864,0.1078
6865,0.0649
6866,0.0303
6867,0.005
6868,0.0022
6869,0.0044
6870,0.0267
6871,0.0936
6872,0.2068
6873,0.405
6874,0.5182
6875,0.5272
6876,0.4599
6877,0.341
6878,0.2697
6879,0.3158
6880,0.2728
6881,0.3376
6882,0.4012
6883,0.4995
6884,0.6833
6885,0.724
6886,0.6712
6887,0.5397
6888,0.4877
6889,0.4966
6890,0.4748
6891,0.4016
6892,0.3002
6893,0.3419
6894,0.3264
6895,0.1663
6896,0.096
6897,0.0931
6898,0.0936
6899,0.0427
6900,0.0645
6901,0.1049
6902,0.1148
6903,0.1204
6904,0.1913
6905,0.2498
6906,0.2776
6907,0.3211
6908,0.3405
6909,0.3388
6910,0.3082
6911,0.2933
6912,0.31
6913,0.3134
6914,0.3003
6915,0.3175
6916,0.3797
6917,0.4502
6918,0.5184
6919,0.5837
6920,0.609
6921,0.6405
6922,0.6769
6923,0.7057
6924,0.6981
6925,0.6673
6926,0.5822
6927,0.4774
6928,0.4192
6929,0.3576
6930,0.2503
6931,0.1984
6932,0.1452
6933,0.0968
6934,0.0801
6935,0.0865
6936,0.1075
6937,0.1233
6938,0.1268
6939,0.1232
6940,0.112
6941,0.1085
6942,0.1131
6943,0.1189
6944,0.1471
6945,0.2009
6946,0.2469
6947,0.2839
6948,0.2954
6949,0.3037
6950,0.3188
6951,0.2965
6952,0.2523
6953,0.2572
6954,0.3056
6955,0.3562
6956,0.3597
6957,0.3575
6958,0.3379
6959,0.3263
6960,0.3317
6961,0.3714
6962,0.4388
6963,0.5433
6964,0.6137
6965,0.68
6966,0.7562
6967,0.7855
6968,0.7686
6969,0.7515
6970,0.7773
6971,0.7967
6972,0.7993
6973,0.8216
6974,0.8505
6975,0.8698
6976,0.8741
6977,0.859
6978,0.8192
6979,0.7682
6980,0.7345
6981,0.7211
6982,0.6866
6983,0.6636
6984,0.6494
6985,0.6213
6986,0.5672
6987,0.5262
6988,0.5394
6989,0.556
6990,0.5418
6991,0.5383
6992,0.5626
6993,0.5513
6994,0.5397
6995,0.5342
6996,0.4998
6997,0.4947
6998,0.5129
6999,0.4876
7000,0.4781
7001,0.4421
7002,0.3773
7003,0.3235
7004,0.2672
7005,0.2272
7006,0.185
7007,0.1335
7008,0.0914
7009,0.0533
7010,0.0283
7011,0.0253
7012,0.0084
7013,0.0014
7014,0.0001
7015,0.002
7016,0.0149
7017,0.0303
7018,0.0285
7019,0.0695
7020,0.1107
7021,0.1762
7022,0.1471
7023,0.1472
7024,0.1725
7025,0.2001
7026,0.2084
7027,0.1984
7028,0.2597
7029,0.3441
7030,0.3371
7031,0.4024
7032,0.4337
7033,0.4601
7034,0.5288
7035,0.5982
7036,0.6346
7037,0.6353
7038,0.5939
7039,0.4826
7040,0.3318
7041,0.1552
7042,0.0546
7043,0.0271
7044,0.016
7045,0.0105
7046,0.0129
7047,0.0135
7048,0.0194
7049,0.0349
7050,0.047
7051,0.0479
7052,0.0527
7053,0.0452
7054,0.0429
7055,0.0562
7056,0.0665
7057,0.0708
7058,0.0593
7059,0.0524
7060,0.0544
7061,0.0569
7062,0.0665
7063,0.0555
7064,0.0434
7065,0.0297
7066,0.0135
7067,0.0171
7068,0.0206
7069,0.0177
7070,0.0109
7071,0.0075
7072,0.0063
7073,0.0029
7074,0.0001
7075,0.0
7076,0.0006
7077,0.0015
7078,0.0002
7079,0.0
7080,0.0015
7081,0.0077
7082,0.0189
7083,0.0397
7084,0.0729
7085,0.1221
7086,0.1739
7087,0.219
7088,0.2419
7089,0.2399
7090,0.2007
7091,0.1384
7092,0.1161
7093,0.1511
7094,0.1899
7095,0.1673
7096,0.1315
7097,0.1123
7098,0.105
7099,0.101
7100,0.1141
7101,0.1166
7102,0.1017
7103,0.0716
7104,0.0397
7105,0.0709
7106,0.195
7107,0.2542
7108,0.2474
7109,0.2608
7110,0.294
7111,0.3093
7112,0.3009
7113,0.2773
7114,0.2746
7115,0.4354
7116,0.5635
7117,0.5907
7118,0.6012
7119,0.666
7120,0.7215
7121,0.7015
7122,0.6452
7123,0.552
7124,0.4793
7125,0.49
7126,0.5137
7127,0.4195
7128,0.3697
7129,0.3685
7130,0.3679
7131,0.3957
7132,0.423
7133,0.4443
7134,0.4619
7135,0.4633
7136,0.4606
7137,0.4661
7138,0.4812
7139,0.5067
7140,0.5435
7141,0.6094
7142,0.682
7143,0.7733
7144,0.8202
7145,0.8254
7146,0.8354
7147,0.8098
7148,0.8183
7149,0.8385
7150,0.8378
7151,0.8359
7152,0.8346
7153,0.8259
7154,0.8166
7155,0.8061
7156,0.7875
7157,0.7802
7158,0.7669
7159,0.7507
7160,0.734
7161,0.7579
7162,0.8147
7163,0.8572
7164,0.8782
7165,0.902
7166,0.9146
7167,0.9077
7168,0.9083
7169,0.8971
7170,0.8777
7171,0.8239
7172,0.54
7173,0.3941
7174,0.5501
7175,0.5624
7176,0.4895
7177,0.4735
7178,0.4945
7179,0.4522
7180,0.3836
7181,0.3375
7182,0.2992
7183,0.2913
7184,0.2842
7185,0.2591
7186,0.2153
7187,0.1684
7188,0.1453
7189,0.1322
7190,0.1298
7191,0.1298
7192,0.1308
7193,0.1352
7194,0.1442
7195,0.1477
7196,0.1488
7197,0.1529
7198,0.1452
7199,0.1251
7200,0.1026
7201,0.0786
7202,0.0596
7203,0.0458
7204,0.0371
7205,0.0323
7206,0.0304
7207,0.026
7208,0.0208
7209,0.0183
7210,0.0184
7211,0.0217
7212,0.0336
7213,0.0492
7214,0.0659
7215,0.0889
7216,0.1147
7217,0.1326
7218,0.1401
7219,0.1432
7220,0.1435
7221,0.1383
7222,0.1337
7223,0.1302
7224,0.136
7225,0.1467
7226,0.1612
7227,0.1939
7228,0.2281
7229,0.2515
7230,0.2588
7231,0.2595
7232,0.247
7233,0.2371
7234,0.2164
7235,0.179
7236,0.1506
7237,0.1463
7238,0.1668
7239,0.2045
7240,0.2562
7241,0.3105
7242,0.3474
7243,0.3607
7244,0.3578
7245,0.3518
7246,0.3387
7247,0.3291
7248,0.3206
7249,0.3001
7250,0.289
7251,0.2977
7252,0.3003
7253,0.3001
7254,0.3086
7255,0.3344
7256,0.3544
7257,0.3695
7258,0.3732
7259,0.3644
7260,0.3267
7261,0.273
7262,0.2484
7263,0.2692
7264,0.3299
7265,0.4186
7266,0.4714
7267,0.4813
7268,0.463
7269,0.4357
7270,0.4005
7271,0.3685
7272,0.3409
7273,0.3182
7274,0.281
7275,0.2604
7276,0.2627
7277,0.2786
7278,0.2981
7279,0.3127
7280,0.3091
7281,0.2928
7282,0.2723
7283,0.2511
7284,0.23
7285,0.1944
7286,0.184
7287,0.1899
7288,0.2218
7289,0.2293
7290,0.2401
7291,0.2154
7292,0.1717
7293,0.158
7294,0.1481
7295,0.119
7296,0.1004
7297,0.0988
7298,0.1087
7299,0.1241
7300,0.1292
7301,0.167
7302,0.2115
7303,0.2567
7304,0.2989
7305,0.3247
7306,0.4117
7307,0.5099
7308,0.6072
7309,0.6056
7310,0.556
7311,0.488
7312,0.5391
7313,0.5958
7314,0.6028
7315,0.5629
7316,0.55
7317,0.5665
7318,0.6063
7319,0.632
7320,0.6499
7321,0.6926
7322,0.7214
7323,0.7892
7324,0.8245
7325,0.8132
7326,0.7853
7327,0.7569
7328,0.8016
7329,0.843
7330,0.8763
7331,0.9171
7332,0.9586
7333,0.9776
7334,0.9804
7335,0.981
7336,0.9805
7337,0.9714
7338,0.9462
7339,0.9145
7340,0.8721
7341,0.8308
7342,0.7983
7343,0.779
7344,0.7299
7345,0.6724
7346,0.636
7347,0.5566
7348,0.4741
7349,0.4002
7350,0.3122
7351,0.2109
7352,0.1208
7353,0.0607
7354,0.0298
7355,0.0176
7356,0.0133
7357,0.0066
7358,0.001
7359,0.0067
7360,0.0108
7361,0.0198
7362,0.0503
7363,0.0935
7364,0.1428
7365,0.1984
7366,0.2397
7367,0.257
7368,0.2635
7369,0.2784
7370,0.3333
7371,0.3462
7372,0.3261
7373,0.3069
7374,0.3246
7375,0.3461
7376,0.3044
7377,0.2615
7378,0.261
7379,0.3346
7380,0.4199
7381,0.3648
7382,0.2927
7383,0.232
7384,0.2091
7385,0.1901
7386,0.1684
7387,0.1492
7388,0.1425
7389,0.1395
7390,0.1333
7391,0.1476
7392,0.1751
7393,0.203
7394,0.2039
7395,0.1934
7396,0.1754
7397,0.1624
7398,0.1428
7399,0.1094
7400,0.082
7401,0.0546
7402,0.0316
7403,0.0191
7404,0.0127
7405,0.0111
7406,0.0141
7407,0.0196
7408,0.0266
7409,0.0394
7410,0.0529
7411,0.0709
7412,0.1029
7413,0.1659
7414,0.2517
7415,0.3134
7416,0.3195
7417,0.2843
7418,0.2343
7419,0.2005
7420,0.1871
7421,0.1668
7422,0.1473
7423,0.1376
7424,0.1334
7425,0.1134
7426,0.0718
7427,0.0545
7428,0.0529
7429,0.0528
7430,0.0637
7431,0.0674
7432,0.0517
7433,0.0251
7434,0.011
7435,0.0186
7436,0.0484
7437,0.097
7438,0.1657
7439,0.2421
7440,0.2828
7441,0.3157
7442,0.3539
7443,0.3826
7444,0.4241
7445,0.4597
7446,0.5132
7447,0.5969
7448,0.5868
7449,0.4298
7450,0.2387
7451,0.2495
7452,0.4776
7453,0.6639
7454,0.6887
7455,0.6806
7456,0.6668
7457,0.6229
7458,0.5793
7459,0.5259
7460,0.4739
7461,0.4072
7462,0.3387
7463,0.2825
7464,0.2376
7465,0.2097
7466,0.1887
7467,0.1693
7468,0.1569
7469,0.145
7470,0.1273
7471,0.1127
7472,0.1037
7473,0.0961
7474,0.0838
7475,0.0742
7476,0.0755
7477,0.0824
7478,0.0883
7479,0.1014
7480,0.1302
7481,0.1591
7482,0.1795
7483,0.1966
7484,0.225
7485,0.2459
7486,0.2765
7487,0.3498
7488,0.4488
7489,0.5271
7490,0.5717
7491,0.556
7492,0.5091
7493,0.4414
7494,0.3723
7495,0.3031
7496,0.2291
7497,0.1849
7498,0.1711
7499,0.1734
7500,0.1719
7501,0.1834
7502,0.2109
7503,0.1766
7504,0.1217
7505,0.1236
7506,0.1755
7507,0.2181
7508,0.2343
7509,0.2412
7510,0.2262
7511,0.18
7512,0.1265
7513,0.087
7514,0.0611
7515,0.0542
7516,0.0651
7517,0.083
7518,0.0888
7519,0.0854
7520,0.0743
7521,0.0616
7522,0.0509
7523,0.0363
7524,0.019
7525,0.0107
7526,0.0133
7527,0.0212
7528,0.0219
7529,0.0203
7530,0.0492
7531,0.1009
7532,0.1148
7533,0.136
7534,0.1897
7535,0.2349
7536,0.2609
7537,0.2877
7538,0.3441
7539,0.4197
7540,0.5112
7541,0.6075
7542,0.6866
7543,0.7424
7544,0.7665
7545,0.7335
7546,0.5928
7547,0.4828
7548,0.4675
7549,0.57
7550,0.5893
7551,0.5657
7552,0.5664
7553,0.6206
7554,0.6696
7555,0.6915
7556,0.6988
7557,0.6914
7558,0.6668
7559,0.6299
7560,0.5805
7561,0.525
7562,0.4805
7563,0.4333
7564,0.3893
7565,0.3779
7566,0.3984
7567,0.4473
7568,0.4854
7569,0.4981
7570,0.5249
7571,0.5612
7572,0.6077
7573,0.6706
7574,0.7302
7575,0.7689
7576,0.7445
7577,0.6465
7578,0.5304
7579,0.4186
7580,0.3682
7581,0.3539
7582,0.3988
7583,0.4711
7584,0.5291
7585,0.5342
7586,0.4998
7587,0.4493
7588,0.3925
7589,0.3521
7590,0.3417
7591,0.331
7592,0.3049
7593,0.2636
7594,0.2168
7595,0.1761
7596,0.1398
7597,0.1317
7598,0.1662
7599,0.2092
7600,0.2272
7601,0.2354
7602,0.2543
7603,0.2915
7604,0.3358
7605,0.3967
7606,0.4574
7607,0.496
7608,0.5477
7609,0.6008
7610,0.6592
7611,0.7065
7612,0.7424
7613,0.7409
7614,0.699
7615,0.6564
7616,0.5601
7617,0.4976
7618,0.4076
7619,0.3489
7620,0.2709
7621,0.1918
7622,0.1402
7623,0.1396
7624,0.1203
7625,0.0863
7626,0.053
7627,0.0381
7628,0.0349
7629,0.0324
7630,0.0437
7631,0.0704
7632,0.1048
7633,0.1428
7634,0.2159
7635,0.2829
7636,0.3855
7637,0.5309
7638,0.6121
7639,0.6398
7640,0.6605
7641,0.6433
7642,0.6389
7643,0.5871
7644,0.5401
7645,0.4632
7646,0.3691
7647,0.325
7648,0.3134
7649,0.2681
7650,0.2423
7651,0.2418
7652,0.2343
7653,0.2094
7654,0.1695
7655,0.1393
7656,0.1372
7657,0.1406
7658,0.1281
7659,0.1052
7660,0.0825
7661,0.0683
7662,0.0626
7663,0.0683
7664,0.0857
7665,0.1036
7666,0.1165
7667,0.1242
7668,0.1204
7669,0.1126
7670,0.1077
7671,0.1042
7672,0.1096
7673,0.117
7674,0.1248
7675,0.1377
7676,0.1605
7677,0.1927
7678,0.2088
7679,0.2
7680,0.1743
7681,0.1413
7682,0.1157
7683,0.1173
7684,0.1126
7685,0.1005
7686,0.0802
7687,0.0433
7688,0.0135
7689,0.0136
7690,0.0135
7691,0.0002
7692,0.0
7693,0.0
7694,0.0002
7695,0.003
7696,0.0077
7697,0.0193
7698,0.0348
7699,0.0433
7700,0.0546
7701,0.0948
7702,0.1583
7703,0.1784
7704,0.1618
7705,0.1274
7706,0.1007
7707,0.0788
7708,0.0615
7709,0.0559
7710,0.0746
7711,0.1344
7712,0.2607
7713,0.4075
7714,0.5272
7715,0.6311
7716,0.6915
7717,0.7095
7718,0.7157
7719,0.7294
7720,0.7365
7721,0.7159
7722,0.6706
7723,0.6182
7724,0.5452
7725,0.4903
7726,0.4541
7727,0.4184
7728,0.3796
7729,0.345
7730,0.3129
7731,0.2983
7732,0.2803
7733,0.2546
7734,0.2312
7735,0.1965
7736,0.1566
7737,0.1133
7738,0.0922
7739,0.086
7740,0.0831
7741,0.0694
7742,0.0517
7743,0.0322
7744,0.0145
7745,0.0076
7746,0.0089
7747,0.0175
7748,0.0365
7749,0.0535
7750,0.0635
7751,0.068
7752,0.0672
7753,0.0653
7754,0.0649
7755,0.079
7756,0.11
7757,0.1412
7758,0.1673
7759,0.1853
7760,0.1911
7761,0.1657
7762,0.1413
7763,0.139
7764,0.145
7765,0.1706
7766,0.2357
7767,0.3448
7768,0.4575
7769,0.5286
7770,0.56
7771,0.5551
7772,0.5113
7773,0.4463
7774,0.3783
7775,0.3346
7776,0.3174
7777,0.3332
7778,0.3588
7779,0.3732
7780,0.3685
7781,0.3479
7782,0.3281
7783,0.3085
7784,0.28
7785,0.2575
7786,0.2502
7787,0.2438
7788,0.2301
7789,0.2185
7790,0.2126
7791,0.2181
7792,0.2388
7793,0.267
7794,0.2824
7795,0.2707
7796,0.2593
7797,0.2808
7798,0.2759
7799,0.2699
7800,0.2958
7801,0.352
7802,0.4118
7803,0.4278
7804,0.4236
7805,0.4543
7806,0.5082
7807,0.5061
7808,0.494
7809,0.4937
7810,0.4629
7811,0.421
7812,0.3919
7813,0.3705
7814,0.3626
7815,0.3912
7816,0.4722
7817,0.5467
7818,0.5817
7819,0.6226
7820,0.6211
7821,0.6023
7822,0.607
7823,0.6028
7824,0.6104
7825,0.6339
7826,0.6191
7827,0.6192
7828,0.6104
7829,0.5284
7830,0.4883
7831,0.4568
7832,0.4263
7833,0.3678
7834,0.25
7835,0.1859
7836,0.1691
7837,0.1696
7838,0.2142
7839,0.2796
7840,0.3116
7841,0.3097
7842,0.258
7843,0.198
7844,0.1498
7845,0.1192
7846,0.0932
7847,0.0766
7848,0.0675
7849,0.056
7850,0.0435
7851,0.0441
7852,0.0515
7853,0.0647
7854,0.0811
7855,0.112
7856,0.1565
7857,0.1936
7858,0.2038
7859,0.1905
7860,0.165
7861,0.1342
7862,0.1254
7863,0.1394
7864,0.1619
7865,0.1708
7866,0.1807
7867,0.1836
7868,0.1836
7869,0.1894
7870,0.1938
7871,0.2063
7872,0.212
7873,0.2175
7874,0.2248
7875,0.2252
7876,0.2327
7877,0.2272
7878,0.2292
7879,0.248
7880,0.2548
7881,0.258
7882,0.2546
7883,0.2463
7884,0.2496
7885,0.2532
7886,0.2621
7887,0.3035
7888,0.368
7889,0.3902
7890,0.397
7891,0.3804
7892,0.3774
7893,0.3427
7894,0.3587
7895,0.3366
7896,0.3247
7897,0.3057
7898,0.3005
7899,0.3152
7900,0.3269
7901,0.3585
7902,0.3523
7903,0.3533
7904,0.3531
7905,0.3736
7906,0.4275
7907,0.5077
7908,0.5672
7909,0.6604
7910,0.709
7911,0.6947
7912,0.6512
7913,0.5657
7914,0.5151
7915,0.4901
7916,0.4458
7917,0.3936
7918,0.3609
7919,0.3469
7920,0.3399
7921,0.3177
7922,0.369
7923,0.4051
7924,0.4812
7925,0.3972
7926,0.4291
7927,0.5419
7928,0.5996
7929,0.6895
7930,0.6926
7931,0.7004
7932,0.693
7933,0.6553
7934,0.614
7935,0.6185
7936,0.6445
7937,0.7225
7938,0.6883
7939,0.6025
7940,0.5983
7941,0.5916
7942,0.6674
7943,0.7323
7944,0.7797
7945,0.801
7946,0.8184
7947,0.8287
7948,0.8347
7949,0.8253
7950,0.8043
7951,0.7881
7952,0.7779
7953,0.7439
7954,0.6945
7955,0.644
7956,0.5747
7957,0.5227
7958,0.4935
7959,0.4475
7960,0.3749
7961,0.3082
7962,0.2621
7963,0.2648
7964,0.2921
7965,0.2966
7966,0.279
7967,0.2652
7968,0.2572
7969,0.2484
7970,0.2426
7971,0.2472
7972,0.2561
7973,0.2594
7974,0.251
7975,0.2375
7976,0.2252
7977,0.2153
7978,0.2102
7979,0.2112
7980,0.2111
7981,0.2052
7982,0.1958
7983,0.191
7984,0.1874
7985,0.1739
7986,0.1541
7987,0.1322
7988,0.1063
7989,0.0822
7990,0.0605
7991,0.0388
7992,0.0203
7993,0.007
7994,0.0009
7995,0.0
7996,0.0
7997,0.0
7998,0.0002
7999,0.0035
8000,0.014
8001,0.0258
8002,0.0319
8003,0.0381
8004,0.0404
8005,0.0413
8006,0.0538
8007,0.0926
8008,0.154
8009,0.2128
8010,0.249
8011,0.2614
8012,0.2684
8013,0.264
8014,0.255
8015,0.2637
8016,0.2903
8017,0.3289
8018,0.3525
8019,0.3808
8020,0.4263
8021,0.4722
8022,0.4809
8023,0.4686
8024,0.4785
8025,0.4633
8026,0.4389
8027,0.394
8028,0.3534
8029,0.3143
8030,0.2939
8031,0.3005
8032,0.3336
8033,0.3528
8034,0.3729
8035,0.3711
8036,0.3419
8037,0.3085
8038,0.3078
8039,0.3319
8040,0.3362
8041,0.3382
8042,0.3358
8043,0.343
8044,0.3371
8045,0.3286
8046,0.3523
8047,0.3794
8048,0.3582
8049,0.3413
8050,0.3256
8051,0.3014
8052,0.2603
8053,0.216
8054,0.1782
8055,0.1534
8056,0.1158
8057,0.1036
8058,0.1018
8059,0.0864
8060,0.0651
8061,0.0521
8062,0.0373
8063,0.032
8064,0.0354
8065,0.0336
8066,0.0327
8067,0.0321
8068,0.024
8069,0.0249
8070,0.0515
8071,0.087
8072,0.1095
8073,0.128
8074,0.1588
8075,0.1763
8076,0.1708
8077,0.1607
8078,0.1488
8079,0.144
8080,0.1532
8081,0.1679
8082,0.1743
8083,0.1777
8084,0.1848
8085,0.1942
8086,0.1899
8087,0.1863
8088,0.1775
8089,0.1649
8090,0.1481
8091,0.1313
8092,0.1181
8093,0.1072
8094,0.0984
8095,0.093
8096,0.0861
8097,0.0711
8098,0.0541
8099,0.0377
8100,0.0235
8101,0.0149
8102,0.0139
8103,0.0146
8104,0.0169
8105,0.0215
8106,0.0234
8107,0.0216
8108,0.019
8109,0.0275
8110,0.0442
8111,0.0567
8112,0.0726
8113,0.0829
8114,0.0754
8115,0.0713
8116,0.0831
8117,0.094
8118,0.0986
8119,0.1078
8120,0.1322
8121,0.1716
8122,0.2271
8123,0.2882
8124,0.3419
8125,0.3826
8126,0.3956
8127,0.4483
8128,0.54
8129,0.6152
8130,0.6639
8131,0.6861
8132,0.7815
8133,0.8249
8134,0.8353
8135,0.8537
8136,0.8633
8137,0.8642
8138,0.8582
8139,0.8291
8140,0.8296
8141,0.8331
8142,0.8491
8143,0.8583
8144,0.8597
8145,0.8856
8146,0.8962
8147,0.9149
8148,0.9033
8149,0.885
8150,0.8923
8151,0.9003
8152,0.9076
8153,0.9113
8154,0.9169
8155,0.901
8156,0.8475
8157,0.8127
8158,0.7717
8159,0.7422
8160,0.6795
8161,0.6371
8162,0.6148
8163,0.6049
8164,0.5725
8165,0.5555
8166,0.5242
8167,0.4575
8168,0.4418
8169,0.406
8170,0.3523
8171,0.3419
8172,0.3647
8173,0.3697
8174,0.4179
8175,0.4411
8176,0.4844
8177,0.5391
8178,0.5881
8179,0.6224
8180,0.6757
8181,0.7639
8182,0.8095
8183,0.8295
8184,0.8685
8185,0.9276
8186,0.9526
8187,0.9667
8188,0.9745
8189,0.9797
8190,0.9771
8191,0.9527
8192,0.92
8193,0.8919
8194,0.8461
8195,0.85
8196,0.8819
8197,0.9049
8198,0.9266
8199,0.938
8200,0.9444
8201,0.9337
8202,0.9155
8203,0.9062
8204,0.8992
8205,0.8989
8206,0.9045
8207,0.8995
8208,0.8819
8209,0.8521
8210,0.7814
8211,0.6422
8212,0.586
8213,0.6878
8214,0.7247
8215,0.743
8216,0.8097
8217,0.8724
8218,0.9111
8219,0.9418
8220,0.9559
8221,0.9436
8222,0.9429
8223,0.9359
8224,0.8976
8225,0.8595
8226,0.7963
8227,0.7413
8228,0.6627
8229,0.537
8230,0.3779
8231,0.2638
8232,0.1597
8233,0.0693
8234,0.071
8235,0.072
8236,0.1415
8237,0.2716
8238,0.3952
8239,0.4945
8240,0.5535
8241,0.6471
8242,0.7253
8243,0.7727
8244,0.8296
8245,0.889
8246,0.9116
8247,0.9286
8248,0.9472
8249,0.9607
8250,0.964
8251,0.9648
8252,0.9646
8253,0.9627
8254,0.9527
8255,0.8911
8256,0.7072
8257,0.4839
8258,0.301
8259,0.2254
8260,0.2091
8261,0.1932
8262,0.1681
8263,0.1506
8264,0.1521
8265,0.1658
8266,0.183
8267,0.1991
8268,0.2287
8269,0.2771
8270,0.3526
8271,0.4197
8272,0.4635
8273,0.4849
8274,0.501
8275,0.5375
8276,0.4809
8277,0.4261
8278,0.382
8279,0.3481
8280,0.3195
8281,0.2973
8282,0.2799
8283,0.2569
8284,0.2326
8285,0.2226
8286,0.2525
8287,0.3131
8288,0.39
8289,0.4718
8290,0.5904
8291,0.6997
8292,0.7801
8293,0.8502
8294,0.8963
8295,0.9129
8296,0.9184
8297,0.922
8298,0.9289
8299,0.9446
8300,0.9228
8301,0.8805
8302,0.7521
8303,0.5917
8304,0.4489
8305,0.3373
8306,0.2325
8307,0.152
8308,0.1452
8309,0.2876
8310,0.4676
8311,0.5841
8312,0.6199
8313,0.6634
8314,0.7469
8315,0.8037
8316,0.8104
8317,0.7741
8318,0.7461
8319,0.7553
8320,0.7777
8321,0.8052
8322,0.825
8323,0.8139
8324,0.771
8325,0.7158
8326,0.6365
8327,0.5266
8328,0.3867
8329,0.3518
8330,0.3946
8331,0.5489
8332,0.6962
8333,0.8042
8334,0.8732
8335,0.9212
8336,0.9364
8337,0.9351
8338,0.9368
8339,0.9443
8340,0.939
8341,0.9224
8342,0.9134
8343,0.9287
8344,0.9121
8345,0.8594
8346,0.7286
8347,0.5917
8348,0.5187
8349,0.4913
8350,0.5881
8351,0.731
8352,0.8513
8353,0.9161
8354,0.9494
8355,0.9667
8356,0.963
8357,0.9601
8358,0.9467
8359,0.9092
8360,0.8716
8361,0.8698
8362,0.891
8363,0.8956
8364,0.8827
8365,0.8678
8366,0.8535
8367,0.8364
8368,0.8029
8369,0.7108
8370,0.6392
8371,0.6001
8372,0.6037
8373,0.604
8374,0.5992
8375,0.6205
8376,0.5884
8377,0.5786
8378,0.5681
8379,0.5518
8380,0.4833
8381,0.4586
8382,0.4611
8383,0.4785
8384,0.462
8385,0.4271
8386,0.3425
8387,0.2944
8388,0.2535
8389,0.2139
8390,0.1899
8391,0.173
8392,0.1469
8393,0.1114
8394,0.0766
8395,0.06
8396,0.0664
8397,0.0885
8398,0.1354
8399,0.1625
8400,0.1499
8401,0.1147
8402,0.0938
8403,0.1
8404,0.1204
8405,0.1487
8406,0.2445
8407,0.3025
8408,0.2919
8409,0.2946
8410,0.5741
8411,0.5937
8412,0.7544
8413,0.8376
8414,0.7185
8415,0.4909
8416,0.2967
8417,0.2037
8418,0.1329
8419,0.0758
8420,0.0596
8421,0.0757
8422,0.0941
8423,0.1185
8424,0.1375
8425,0.171
8426,0.2041
8427,0.226
8428,0.2212
8429,0.228
8430,0.2393
8431,0.2587
8432,0.278
8433,0.2787
8434,0.2646
8435,0.2556
8436,0.2343
8437,0.2208
8438,0.2857
8439,0.3558
8440,0.4385
8441,0.539
8442,0.5675
8443,0.6095
8444,0.6787
8445,0.6768
8446,0.6802
8447,0.6684
8448,0.627
8449,0.635
8450,0.6595
8451,0.6522
8452,0.6313
8453,0.607
8454,0.6233
8455,0.6209
8456,0.6252
8457,0.5701
8458,0.5882
8459,0.5999
8460,0.651
8461,0.6888
8462,0.7418
8463,0.77
8464,0.8039
8465,0.7133
8466,0.6231
8467,0.6237
8468,0.6748
8469,0.6213
8470,0.555
8471,0.5253
8472,0.4342
8473,0.5424
8474,0.7691
8475,0.8361
8476,0.863
8477,0.8849
8478,0.9287
8479,0.9217
8480,0.8887
8481,0.8257
8482,0.7228
8483,0.6741
8484,0.7566
8485,0.7049
8486,0.7245
8487,0.7758
8488,0.802
8489,0.789
8490,0.7958
8491,0.7856
8492,0.7708
8493,0.7483
8494,0.6955
8495,0.5836
8496,0.5201
8497,0.4942
8498,0.4947
8499,0.546
8500,0.5525
8501,0.5588
8502,0.5806
8503,0.6147
8504,0.6436
8505,0.6658
8506,0.6974
8507,0.704
8508,0.6903
8509,0.6594
8510,0.6144
8511,0.5863
8512,0.662
8513,0.6788
8514,0.6124
8515,0.6351
8516,0.7128
8517,0.6949
8518,0.6818
8519,0.5912
8520,0.4369
8521,0.3427
8522,0.3076
8523,0.3658
8524,0.3618
8525,0.3019
8526,0.2545
8527,0.261
8528,0.281
8529,0.3256
8530,0.5015
8531,0.7258
8532,0.8179
8533,0.8071
8534,0.7564
8535,0.7303
8536,0.6801
8537,0.6162
8538,0.5584
8539,0.5123
8540,0.4633
8541,0.404
8542,0.3242
8543,0.3075
8544,0.3969
8545,0.5124
8546,0.5485
8547,0.5041
8548,0.4708
8549,0.4658
8550,0.4945
8551,0.5282
8552,0.5699
8553,0.5884
8554,0.6178
8555,0.636
8556,0.6413
8557,0.649
8558,0.6372
8559,0.654
8560,0.648
8561,0.615
8562,0.5395
8563,0.4626
8564,0.4528
8565,0.428
8566,0.3957
8567,0.4207
8568,0.41
8569,0.3599
8570,0.3361
8571,0.3374
8572,0.3938
8573,0.4962
8574,0.432
8575,0.4921
8576,0.8097
8577,0.9209
8578,0.8975
8579,0.8857
8580,0.883
8581,0.8727
8582,0.8475
8583,0.8198
8584,0.7731
8585,0.7222
8586,0.6684
8587,0.5684
8588,0.5224
8589,0.5346
8590,0.531
8591,0.5998
8592,0.6451
8593,0.6643
8594,0.7063
8595,0.7416
8596,0.7447
8597,0.7121
8598,0.6295
8599,0.552
8600,0.4657
8601,0.3977
8602,0.3297
8603,0.2797
8604,0.2386
8605,0.1964
8606,0.1491
8607,0.1087
8608,0.0716
8609,0.0356
8610,0.0091
8611,0.0009
8612,0.0027
8613,0.0114
8614,0.0227
8615,0.0334
8616,0.0388
8617,0.0518
8618,0.0756
8619,0.1072
8620,0.1362
8621,0.1662
8622,0.2002
8623,0.2386
8624,0.2928
8625,0.3741
8626,0.4573
8627,0.5043
8628,0.561
8629,0.6497
8630,0.7217
8631,0.6924
8632,0.6113
8633,0.4994
8634,0.3826
8635,0.3455
8636,0.3303
8637,0.3338
8638,0.294
8639,0.1865
8640,0.1376
8641,0.111
8642,0.0625
8643,0.0432
8644,0.0543
8645,0.0952
8646,0.1348
8647,0.1786
8648,0.2094
8649,0.1898
8650,0.1373
8651,0.0988
8652,0.0813
8653,0.0703
8654,0.0605
8655,0.0633
8656,0.0752
8657,0.0857
8658,0.0925
8659,0.0853
8660,0.0673
8661,0.0485
8662,0.0431
8663,0.0432
8664,0.0332
8665,0.0293
8666,0.0254
8667,0.0244
8668,0.0287
8669,0.0372
8670,0.0538
8671,0.0641
8672,0.0807
8673,0.0964
8674,0.0993
8675,0.0948
8676,0.0844
8677,0.0646
8678,0.0568
8679,0.074
8680,0.1357
8681,0.2052
8682,0.2034
8683,0.1791
8684,0.1459
8685,0.1601
8686,0.2066
8687,0.2437
8688,0.228
8689,0.1991
8690,0.1547
8691,0.1319
8692,0.1335
8693,0.1473
8694,0.1563
8695,0.1699
8696,0.1875
8697,0.2026
8698,0.2252
8699,0.2364
8700,0.2291
8701,0.2097
8702,0.1966
8703,0.2087
8704,0.2347
8705,0.2695
8706,0.3035
8707,0.332
8708,0.3436
8709,0.3602
8710,0.3627
8711,0.3478
8712,0.331
8713,0.3236
8714,0.3236
8715,0.3339
8716,0.344
8717,0.3512
8718,0.3555
8719,0.3606
8720,0.3646
8721,0.3574
8722,0.3507
8723,0.34
8724,0.3453
8725,0.3614
8726,0.3875
8727,0.4208
8728,0.4317
8729,0.4122
8730,0.3685
8731,0.3135
8732,0.2637
8733,0.2108
8734,0.1511
8735,0.0968
8736,0.0535
8737,0.0249
8738,0.0198
8739,0.0614
8740,0.1067
8741,0.1138
8742,0.1081
8743,0.1075
8744,0.1208
8745,0.1328
8746,0.1287
8747,0.1179
8748,0.1169
8749,0.1228
8750,0.137
8751,0.1702
8752,0.2266
8753,0.2928
8754,0.3412
8755,0.3553
8756,0.3692
8757,0.3326
8758,0.2794
8759,0.2445
8760,0.196
8761,0.2039
8762,0.226
8763,0.2434
8764,0.2416
8765,0.2338
8766,0.2474
8767,0.2635
8768,0.2711
8769,0.2839
8770,0.3027
8771,0.3225
8772,0.3187
8773,0.3128
8774,0.316
8775,0.3272
8776,0.362
8777,0.3732
8778,0.3885
8779,0.4067
8780,0.4119
8781,0.4158
8782,0.4209
8783,0.4154
8784,0.4252
8785,0.447
8786,0.4529
8787,0.4344
8788,0.4294
8789,0.4442
8790,0.4387
8791,0.4313
8792,0.4027
8793,0.322
8794,0.2665
8795,0.3531
8796,0.3806
8797,0.3219
8798,0.2511
8799,0.2732
8800,0.2954
8801,0.2777
8802,0.2465
8803,0.2102
8804,0.1778
8805,0.1471
8806,0.1211
8807,0.1009
8808,0.0916
8809,0.0829
8810,0.0811
8811,0.084
8812,0.0916
8813,0.0989
8814,0.1015
8815,0.0943
8816,0.0891
8817,0.0717
8818,0.0631
8819,0.0864
8820,0.1052
8821,0.1008
8822,0.095
8823,0.1308
8824,0.1602
8825,0.1704
8826,0.169
8827,0.1546
8828,0.1192
8829,0.0885
8830,0.0882
8831,0.0937
8832,0.0772
8833,0.0574
8834,0.0435
8835,0.0472
8836,0.0554
8837,0.0677
8838,0.087
8839,0.104
8840,0.1113
8841,0.0979
8842,0.1011
8843,0.1631
8844,0.2035
8845,0.2082
8846,0.199
8847,0.1983
8848,0.2002
8849,0.2086
8850,0.2225
8851,0.2089
8852,0.205
8853,0.2048
8854,0.2028
8855,0.2091
8856,0.2121
8857,0.2162
8858,0.2235
8859,0.2409
8860,0.2646
8861,0.2779
8862,0.291
8863,0.305
8864,0.3053
8865,0.3057
8866,0.2939
8867,0.316
8868,0.3347
8869,0.3135
8870,0.3105
8871,0.3277
8872,0.3253
8873,0.3022
8874,0.2839
8875,0.2685
8876,0.268
8877,0.261
8878,0.2429
8879,0.2373
8880,0.2295
8881,0.2263
8882,0.2253
8883,0.2199
8884,0.2147
8885,0.1957
8886,0.1731
8887,0.1532
8888,0.1356
8889,0.1008
8890,0.0709
8891,0.0696
8892,0.0707
8893,0.0634
8894,0.0623
8895,0.0829
8896,0.0937
8897,0.0917
8898,0.087
8899,0.081
8900,0.0664
8901,0.0497
8902,0.0419
8903,0.0356
8904,0.0314
8905,0.0329
8906,0.0348
8907,0.0326
8908,0.0291
8909,0.0357
8910,0.0603
8911,0.0964
8912,0.1247
8913,0.1254
8914,0.1249
8915,0.1531
8916,0.1878
8917,0.2298
8918,0.2772
8919,0.3731
8920,0.4518
8921,0.5156
8922,0.5754
8923,0.6168
8924,0.6453
8925,0.6784
8926,0.6937
8927,0.6876
8928,0.6619
8929,0.6658
8930,0.6568
8931,0.6167
8932,0.6185
8933,0.6434
8934,0.6604
8935,0.6525
8936,0.6462
8937,0.6558
8938,0.6967
8939,0.7495
8940,0.7902
8941,0.8122
8942,0.8031
8943,0.7775
8944,0.7611
8945,0.7442
8946,0.7206
8947,0.6706
8948,0.6175
8949,0.6041
8950,0.6016
8951,0.5953
8952,0.6197
8953,0.6173
8954,0.6078
8955,0.6077
8956,0.57
8957,0.5301
8958,0.5031
8959,0.4622
8960,0.4179
8961,0.3963
8962,0.4107
8963,0.498
8964,0.5244
8965,0.4949
8966,0.4523
8967,0.4564
8968,0.4439
8969,0.4328
8970,0.4161
8971,0.3997
8972,0.3925
8973,0.3875
8974,0.3452
8975,0.2736
8976,0.2247
8977,0.1895
8978,0.1641
8979,0.1519
8980,0.1413
8981,0.1169
8982,0.0941
8983,0.0764
8984,0.0598
8985,0.0436
8986,0.0345
8987,0.0327
8988,0.0396
8989,0.0399
8990,0.037
8991,0.0436
8992,0.0503
8993,0.0526
8994,0.0502
8995,0.0487
8996,0.0555
8997,0.0708
8998,0.0919
8999,0.1133
9000,0.1297
9001,0.1436
9002,0.1547
9003,0.1572
9004,0.1531
9005,0.1513
9006,0.1465
9007,0.1487
9008,0.1414
9009,0.1197
9010,0.1102
9011,0.1428
9012,0.2001
9013,0.2438
9014,0.2631
9015,0.2921
9016,0.2959
9017,0.3078
9018,0.3117
9019,0.3021
9020,0.2943
9021,0.2759
9022,0.2657
9023,0.2398
9024,0.2313
9025,0.2367
9026,0.2427
9027,0.2475
9028,0.2613
9029,0.2975
9030,0.3213
9031,0.3625
9032,0.388
9033,0.445
9034,0.508
9035,0.5799
9036,0.5815
9037,0.5807
9038,0.5887
9039,0.5821
9040,0.5763
9041,0.5535
9042,0.5187
9043,0.5047
9044,0.466
9045,0.4255
9046,0.3835
9047,0.3393
9048,0.3377
9049,0.3737
9050,0.4043
9051,0.401
9052,0.4483
9053,0.4766
9054,0.5353
9055,0.558
9056,0.5724
9057,0.607
9058,0.6419
9059,0.6701
9060,0.7025
9061,0.7164
9062,0.7504
9063,0.7701
9064,0.7673
9065,0.7704
9066,0.7705
9067,0.7763
9068,0.7628
9069,0.7422
9070,0.7054
9071,0.6787
9072,0.661
9073,0.6125
9074,0.5705
9075,0.5513
9076,0.5365
9077,0.5192
9078,0.5012
9079,0.4894
9080,0.4443
9081,0.3904
9082,0.3511
9083,0.3759
9084,0.3589
9085,0.3148
9086,0.2598
9087,0.256
9088,0.2552
9089,0.2259
9090,0.1905
9091,0.162
9092,0.1406
9093,0.1193
9094,0.108
9095,0.1224
9096,0.1532
9097,0.1855
9098,0.2205
9099,0.2405
9100,0.2565
9101,0.2749
9102,0.302
9103,0.31
9104,0.2908
9105,0.2709
9106,0.2978
9107,0.3759
9108,0.4515
9109,0.4341
9110,0.3922
9111,0.3984
9112,0.4287
9113,0.4333
9114,0.4222
9115,0.4231
9116,0.4343
9117,0.4099
9118,0.4104
9119,0.3971
9120,0.3644
9121,0.3577
9122,0.3552
9123,0.3588
9124,0.3727
9125,0.3808
9126,0.3893
9127,0.3934
9128,0.3834
9129,0.3667
9130,0.4172
9131,0.4811
9132,0.4842
9133,0.4761
9134,0.4789
9135,0.5073
9136,0.5425
9137,0.5697
9138,0.6123
9139,0.6257
9140,0.6253
9141,0.6034
9142,0.5757
9143,0.5103
9144,0.4259
9145,0.3485
9146,0.2975
9147,0.2684
9148,0.2498
9149,0.2465
9150,0.2659
9151,0.323
9152,0.397
9153,0.4512
9154,0.4671
9155,0.5438
9156,0.5834
9157,0.5876
9158,0.5669
9159,0.5591
9160,0.5485
9161,0.5201
9162,0.4816
9163,0.4474
9164,0.3812
9165,0.3541
9166,0.3098
9167,0.2548
9168,0.1933
9169,0.1381
9170,0.0811
9171,0.0367
9172,0.0143
9173,0.0073
9174,0.0076
9175,0.0169
9176,0.0308
9177,0.032
9178,0.0296
9179,0.0331
9180,0.0372
9181,0.0401
9182,0.0469
9183,0.0673
9184,0.0974
9185,0.1291
9186,0.1594
9187,0.1807
9188,0.188
9189,0.187
9190,0.1861
9191,0.1857
9192,0.1885
9193,0.2003
9194,0.2135
9195,0.2201
9196,0.225
9197,0.2287
9198,0.229
9199,0.2268
9200,0.176
9201,0.151
9202,0.2158
9203,0.2356
9204,0.2102
9205,0.1703
9206,0.1358
9207,0.1747
9208,0.2428
9209,0.2803
9210,0.2743
9211,0.2481
9212,0.2195
9213,0.202
9214,0.1917
9215,0.1821
9216,0.1698
9217,0.1595
9218,0.1504
9219,0.1401
9220,0.1297
9221,0.1211
9222,0.1113
9223,0.1016
9224,0.0662
9225,0.0427
9226,0.0447
9227,0.0493
9228,0.0556
9229,0.0665
9230,0.0815
9231,0.13
9232,0.1805
9233,0.1933
9234,0.1724
9235,0.1361
9236,0.099
9237,0.0692
9238,0.0457
9239,0.0267
9240,0.0141
9241,0.0086
9242,0.0059
9243,0.0054
9244,0.0066
9245,0.0078
9246,0.0078
9247,0.0067
9248,0.0059
9249,0.0045
9250,0.0036
9251,0.0036
9252,0.0066
9253,0.0118
9254,0.0226
9255,0.0362
9256,0.05
9257,0.0709
9258,0.1038
9259,0.1507
9260,0.2077
9261,0.2552
9262,0.2961
9263,0.3326
9264,0.3502
9265,0.353
9266,0.3515
9267,0.3534
9268,0.3789
9269,0.4116
9270,0.4494
9271,0.4802
9272,0.4945
9273,0.5037
9274,0.5193
9275,0.4965
9276,0.4365
9277,0.3598
9278,0.2982
9279,0.2661
9280,0.2514
9281,0.2626
9282,0.2498
9283,0.2418
9284,0.234
9285,0.234
9286,0.2385
9287,0.2503
9288,0.2603
9289,0.2682
9290,0.2608
9291,0.2371
9292,0.2056
9293,0.1784
9294,0.1554
9295,0.1317
9296,0.0981
9297,0.0679
9298,0.0664
9299,0.0947
9300,0.1218
9301,0.1333
9302,0.1245
9303,0.1333
9304,0.1635
9305,0.1589
9306,0.14
9307,0.1184
9308,0.0923
9309,0.0678
9310,0.0471
9311,0.0342
9312,0.0325
9313,0.0367
9314,0.0367
9315,0.031
9316,0.0269
9317,0.0233
9318,0.0162
9319,0.0081
9320,0.0048
9321,0.0064
9322,0.0085
9323,0.0137
9324,0.0242
9325,0.0363
9326,0.0425
9327,0.0478
9328,0.0559
9329,0.0582
9330,0.0553
9331,0.0577
9332,0.0661
9333,0.0643
9334,0.0561
9335,0.049
9336,0.044
9337,0.0439
9338,0.0497
9339,0.052
9340,0.0538
9341,0.0633
9342,0.0842
9343,0.1122
9344,0.111
9345,0.1117
9346,0.1552
9347,0.227
9348,0.3046
9349,0.3375
9350,0.375
9351,0.4008
9352,0.4143
9353,0.4169
9354,0.4253
9355,0.4193
9356,0.4189
9357,0.4179
9358,0.4075
9359,0.3946
9360,0.3902
9361,0.3807
9362,0.3806
9363,0.3826
9364,0.3945
9365,0.4206
9366,0.4459
9367,0.4457
9368,0.44
9369,0.4222
9370,0.3961
9371,0.4067
9372,0.4187
9373,0.4548
9374,0.5401
9375,0.5951
9376,0.6264
9377,0.6527
9378,0.6876
9379,0.7257
9380,0.7448
9381,0.7648
9382,0.7602
9383,0.7454
9384,0.7594
9385,0.7395
9386,0.7382
9387,0.7166
9388,0.6989
9389,0.6724
9390,0.5843
9391,0.5181
9392,0.4375
9393,0.3888
9394,0.397
9395,0.3977
9396,0.426
9397,0.488
9398,0.5186
9399,0.5131
9400,0.4931
9401,0.5202
9402,0.5482
9403,0.5859
9404,0.6162
9405,0.6673
9406,0.7045
9407,0.741
9408,0.7761
9409,0.7915
9410,0.7887
9411,0.7761
9412,0.7644
9413,0.7533
9414,0.7347
9415,0.7098
9416,0.6689
9417,0.6315
9418,0.6311
9419,0.6466
9420,0.6191
9421,0.5911
9422,0.5664
9423,0.5229
9424,0.4627
9425,0.4301
9426,0.3974
9427,0.3632
9428,0.3346
9429,0.3113
9430,0.2855
9431,0.2602
9432,0.2255
9433,0.1969
9434,0.1729
9435,0.1679
9436,0.1782
9437,0.1918
9438,0.2031
9439,0.2024
9440,0.1609
9441,0.1529
9442,0.2238
9443,0.2692
9444,0.2917
9445,0.3054
9446,0.2796
9447,0.274
9448,0.3168
9449,0.3145
9450,0.3002
9451,0.2875
9452,0.2798
9453,0.2642
9454,0.2504
9455,0.2377
9456,0.2165
9457,0.186
9458,0.1475
9459,0.1211
9460,0.1097
9461,0.0993
9462,0.0806
9463,0.0638
9464,0.0544
9465,0.0527
9466,0.073
9467,0.1192
9468,0.1572
9469,0.1616
9470,0.1584
9471,0.189
9472,0.2315
9473,0.2225
9474,0.1957
9475,0.1701
9476,0.1465
9477,0.1361
9478,0.1267
9479,0.1133
9480,0.0931
9481,0.0709
9482,0.0476
9483,0.03
9484,0.022
9485,0.0195
9486,0.0203
9487,0.0211
9488,0.0198
9489,0.0237
9490,0.0323
9491,0.044
9492,0.0606
9493,0.0814
9494,0.1008
9495,0.1347
9496,0.2509
9497,0.3372
9498,0.374
9499,0.3968
9500,0.4095
9501,0.4053
9502,0.4022
9503,0.3954
9504,0.3764
9505,0.3322
9506,0.2847
9507,0.2552
9508,0.2466
9509,0.2195
9510,0.1776
9511,0.1559
9512,0.1382
9513,0.1339
9514,0.1443
9515,0.1602
9516,0.1568
9517,0.135
9518,0.114
9519,0.1183
9520,0.1193
9521,0.1102
9522,0.102
9523,0.0978
9524,0.0859
9525,0.0639
9526,0.0476
9527,0.0434
9528,0.0428
9529,0.0489
9530,0.0615
9531,0.0692
9532,0.0733
9533,0.0854
9534,0.1006
9535,0.1049
9536,0.0919
9537,0.0893
9538,0.0998
9539,0.1177
9540,0.1329
9541,0.1442
9542,0.1562
9543,0.1714
9544,0.2004
9545,0.2037
9546,0.1875
9547,0.1746
9548,0.1614
9549,0.1596
9550,0.1651
9551,0.178
9552,0.1998
9553,0.2155
9554,0.2259
9555,0.2291
9556,0.2266
9557,0.2297
9558,0.2181
9559,0.1993
9560,0.1555
9561,0.1319
9562,0.163
9563,0.1675
9564,0.1682
9565,0.158
9566,0.1216
9567,0.1132
9568,0.1053
9569,0.1051
9570,0.1283
9571,0.1739
9572,0.2254
9573,0.2538
9574,0.258
9575,0.2674
9576,0.2884
9577,0.3061
9578,0.3198
9579,0.3193
9580,0.3188
9581,0.3288
9582,0.3515
9583,0.3974
9584,0.4376
9585,0.4679
9586,0.513
9587,0.5504
9588,0.5582
9589,0.558
9590,0.5612
9591,0.5717
9592,0.629
9593,0.6053
9594,0.5874
9595,0.5685
9596,0.5387
9597,0.4927
9598,0.4378
9599,0.3793
9600,0.3318
9601,0.293
9602,0.2618
9603,0.235
9604,0.2105
9605,0.193
9606,0.185
9607,0.1711
9608,0.127
9609,0.0946
9610,0.0906
9611,0.0894
9612,0.0842
9613,0.0747
9614,0.0731
9615,0.1087
9616,0.2032
9617,0.3192
9618,0.3883
9619,0.4156
9620,0.4277
9621,0.4206
9622,0.4099
9623,0.4018
9624,0.4025
9625,0.4054
9626,0.3993
9627,0.3886
9628,0.3872
9629,0.3883
9630,0.4002
9631,0.3935
9632,0.3586
9633,0.3491
9634,0.3768
9635,0.3725
9636,0.3528
9637,0.3416
9638,0.32
9639,0.342
9640,0.3676
9641,0.3623
9642,0.3689
9643,0.395
9644,0.4274
9645,0.471
9646,0.5012
9647,0.5318
9648,0.5773
9649,0.6088
9650,0.6236
9651,0.6636
9652,0.6675
9653,0.7141
9654,0.7284
9655,0.721
9656,0.697
9657,0.6818
9658,0.7325
9659,0.7734
9660,0.7914
9661,0.7878
9662,0.7602
9663,0.7394
9664,0.7322
9665,0.6922
9666,0.6263
9667,0.5755
9668,0.5305
9669,0.4962
9670,0.4605
9671,0.428
9672,0.4179
9673,0.3885
9674,0.3839
9675,0.3927
9676,0.421
9677,0.4668
9678,0.5164
9679,0.553
9680,0.5748
9681,0.6614
9682,0.7475
9683,0.7905
9684,0.8181
9685,0.8399
9686,0.8597
9687,0.8768
9688,0.8917
9689,0.9061
9690,0.9163
9691,0.9214
9692,0.9218
9693,0.9237
9694,0.9116
9695,0.8791
9696,0.8435
9697,0.8269
9698,0.8498
9699,0.8682
9700,0.8678
9701,0.8513
9702,0.8479
9703,0.8544
9704,0.8637
9705,0.8807
9706,0.8947
9707,0.8979
9708,0.8928
9709,0.8845
9710,0.866
9711,0.8364
9712,0.8029
9713,0.7701
9714,0.7406
9715,0.6858
9716,0.5865
9717,0.5313
9718,0.5131
9719,0.4674
9720,0.4002
9721,0.4497
9722,0.598
9723,0.7554
9724,0.8202
9725,0.8358
9726,0.81
9727,0.7692
9728,0.7141
9729,0.668
9730,0.6482
9731,0.6396
9732,0.6139
9733,0.5863
9734,0.545
9735,0.6048
9736,0.7259
9737,0.7832
9738,0.7865
9739,0.7848
9740,0.7725
9741,0.7417
9742,0.6833
9743,0.6058
9744,0.4995
9745,0.4353
9746,0.3748
9747,0.3303
9748,0.2709
9749,0.2348
9750,0.2087
9751,0.1854
9752,0.1606
9753,0.1878
9754,0.229
9755,0.2535
9756,0.2715
9757,0.2767
9758,0.2356
9759,0.1782
9760,0.2207
9761,0.2671
9762,0.2254
9763,0.156
9764,0.0958
9765,0.0641
9766,0.061
9767,0.0662
9768,0.0681
9769,0.0669
9770,0.0744
9771,0.0776
9772,0.0714
9773,0.0695
9774,0.0778
9775,0.0824
9776,0.082
9777,0.0894
9778,0.1095
9779,0.1366
9780,0.1559
9781,0.1586
9782,0.1457
9783,0.1451
9784,0.2186
9785,0.3015
9786,0.335
9787,0.331
9788,0.3199
9789,0.3056
9790,0.2928
9791,0.2835
9792,0.2728
9793,0.2656
9794,0.261
9795,0.2606
9796,0.2588
9797,0.252
9798,0.2198
9799,0.1632
9800,0.1115
9801,0.1196
9802,0.1318
9803,0.1275
9804,0.1131
9805,0.0983
9806,0.0884
9807,0.0928
9808,0.136
9809,0.1867
9810,0.2282
9811,0.2547
9812,0.267
9813,0.2686
9814,0.2712
9815,0.2726
9816,0.2693
9817,0.264
9818,0.2569
9819,0.2559
9820,0.2588
9821,0.2641
9822,0.2718
9823,0.2334
9824,0.1197
9825,0.0599
9826,0.052
9827,0.0595
9828,0.0672
9829,0.0732
9830,0.0752
9831,0.095
9832,0.1514
9833,0.2213
9834,0.2881
9835,0.338
9836,0.3674
9837,0.3839
9838,0.3905
9839,0.3908
9840,0.3904
9841,0.3938
9842,0.3947
9843,0.3831
9844,0.3714
9845,0.369
9846,0.3729
9847,0.3267
9848,0.1846
9849,0.1082
9850,0.1022
9851,0.1464
9852,0.1495
9853,0.1408
9854,0.1239
9855,0.1629
9856,0.264
9857,0.3788
9858,0.453
9859,0.4808
9860,0.4819
9861,0.4704
9862,0.4557
9863,0.4424
9864,0.4318
9865,0.4189
9866,0.3994
9867,0.3821
9868,0.3633
9869,0.3357
9870,0.3007
9871,0.2438
9872,0.1512
9873,0.1126
9874,0.1267
9875,0.1163
9876,0.1079
9877,0.0942
9878,0.0805
9879,0.0941
9880,0.1409
9881,0.2024
9882,0.2666
9883,0.3174
9884,0.3471
9885,0.3577
9886,0.357
9887,0.3505
9888,0.345
9889,0.3485
9890,0.3626
9891,0.3797
9892,0.3903
9893,0.3886
9894,0.3886
9895,0.3471
9896,0.2505
9897,0.2237
9898,0.3126
9899,0.3366
9900,0.3614
9901,0.3507
9902,0.3099
9903,0.3528
9904,0.4522
9905,0.5171
9906,0.5186
9907,0.5038
9908,0.4832
9909,0.463
9910,0.4391
9911,0.4167
9912,0.4021
9913,0.3968
9914,0.3917
9915,0.3807
9916,0.363
9917,0.3372
9918,0.3073
9919,0.2364
9920,0.1534
9921,0.1364
9922,0.1529
9923,0.1705
9924,0.1882
9925,0.1951
9926,0.1945
9927,0.2012
9928,0.265
9929,0.3352
9930,0.3632
9931,0.3573
9932,0.3395
9933,0.3164
9934,0.2807
9935,0.2448
9936,0.2123
9937,0.1939
9938,0.187
9939,0.1823
9940,0.1779
9941,0.1784
9942,0.1797
9943,0.1973
9944,0.2377
9945,0.2827
9946,0.3048
9947,0.3145
9948,0.3233
9949,0.3257
9950,0.3086
9951,0.2568
9952,0.2419
9953,0.2493
9954,0.2509
9955,0.2475
9956,0.2381
9957,0.2409
9958,0.2462
9959,0.2444
9960,0.2399
9961,0.2387
9962,0.2367
9963,0.2343
9964,0.2255
9965,0.1966
9966,0.1644
9967,0.1455
9968,0.1401
9969,0.1503
9970,0.1698
9971,0.1721
9972,0.1806
9973,0.1962
9974,0.1993
9975,0.1689
9976,0.1718
9977,0.2052
9978,0.2487
9979,0.2883
9980,0.3173
9981,0.3417
9982,0.3514
9983,0.3303
9984,0.2906
9985,0.2469
9986,0.217
9987,0.2041
9988,0.1899
9989,0.1765
9990,0.1655
9991,0.1425
9992,0.1277
9993,0.1472
9994,0.1831
9995,0.1864
9996,0.1923
9997,0.199
9998,0.1975
9999,0.1841
10000,0.2019
10001,0.2211
10002,0.2117
10003,0.1849
10004,0.1548
10005,0.1394
10006,0.1416
10007,0.1386
10008,0.1155
10009,0.0838
10010,0.0585
10011,0.0396
10012,0.0259
10013,0.0165
10014,0.0112
10015,0.0064
10016,0.0039
10017,0.004
10018,0.0105
10019,0.0211
10020,0.0352
10021,0.0444
10022,0.0531
10023,0.0634
10024,0.0923
10025,0.1331
10026,0.1662
10027,0.1915
10028,0.2187
10029,0.2555
10030,0.2908
10031,0.3103
10032,0.3105
10033,0.2933
10034,0.2682
10035,0.2407
10036,0.2267
10037,0.2205
10038,0.212
10039,0.1466
10040,0.0779
10041,0.1019
10042,0.1044
10043,0.0922
10044,0.0874
10045,0.0875
10046,0.0959
10047,0.1136
10048,0.1939
10049,0.3121
10050,0.3726
10051,0.3754
10052,0.355
10053,0.3202
10054,0.2848
10055,0.2516
10056,0.2243
10057,0.2055
10058,0.195
10059,0.2045
10060,0.2152
10061,0.2086
10062,0.1846
10063,0.1132
10064,0.0454
10065,0.0292
10066,0.0381
10067,0.0276
10068,0.0166
10069,0.0094
10070,0.0086
10071,0.0155
10072,0.0391
10073,0.0815
10074,0.1281
10075,0.1584
10076,0.1713
10077,0.1801
10078,0.1857
10079,0.1834
10080,0.178
10081,0.1699
10082,0.1613
10083,0.156
10084,0.152
10085,0.1451
10086,0.1396
10087,0.1226
10088,0.0543
10089,0.0144
10090,0.0113
10091,0.0213
10092,0.0273
10093,0.0298
10094,0.0256
10095,0.0214
10096,0.0283
10097,0.0525
10098,0.0924
10099,0.1365
10100,0.1722
10101,0.1988
10102,0.2248
10103,0.2524
10104,0.2775
10105,0.2889
10106,0.2778
10107,0.2453
10108,0.2011
10109,0.1547
10110,0.1214
10111,0.0936
10112,0.0397
10113,0.0138
10114,0.0103
10115,0.0218
10116,0.0284
10117,0.0301
10118,0.029
10119,0.0311
10120,0.0431
10121,0.0644
10122,0.0939
10123,0.1288
10124,0.1639
10125,0.1903
10126,0.2136
10127,0.2395
10128,0.2709
10129,0.3107
10130,0.3483
10131,0.369
10132,0.3717
10133,0.3628
10134,0.3426
10135,0.2337
10136,0.1054
10137,0.0645
10138,0.0701
10139,0.0677
10140,0.0664
10141,0.066
10142,0.0662
10143,0.0746
10144,0.099
10145,0.118
10146,0.1303
10147,0.1361
10148,0.1376
10149,0.1444
10150,0.1563
10151,0.1664
10152,0.1709
10153,0.1733
10154,0.182
10155,0.1832
10156,0.1883
10157,0.2109
10158,0.2332
10159,0.1936
10160,0.1744
10161,0.2703
10162,0.4205
10163,0.5496
10164,0.6289
10165,0.6539
10166,0.6277
10167,0.529
10168,0.503
10169,0.5344
10170,0.5326
10171,0.5043
10172,0.4765
10173,0.4129
10174,0.3712
10175,0.3278
10176,0.2948
10177,0.2753
10178,0.2684
10179,0.2599
10180,0.2599
10181,0.2525
10182,0.2547
10183,0.2399
10184,0.2343
10185,0.2264
10186,0.2049
10187,0.1773
10188,0.1609
10189,0.1584
10190,0.1594
10191,0.1315
10192,0.0971
10193,0.0888
10194,0.0753
10195,0.0572
10196,0.0449
10197,0.0491
10198,0.0785
10199,0.119
10200,0.1484
10201,0.1691
10202,0.1903
10203,0.1913
10204,0.1897
10205,0.1959
10206,0.2059
10207,0.2206
10208,0.2143
10209,0.2807
10210,0.3269
10211,0.3282
10212,0.3381
10213,0.3678
10214,0.3988
10215,0.4338
10216,0.4675
10217,0.5158
10218,0.5115
10219,0.5071
10220,0.5147
10221,0.5299
10222,0.5731
10223,0.5986
10224,0.5969
10225,0.5944
10226,0.6179
10227,0.6464
10228,0.6583
10229,0.6918
10230,0.7057
10231,0.7454
10232,0.7772
10233,0.7881
10234,0.7816
10235,0.7806
10236,0.7968
10237,0.8113
10238,0.7926
10239,0.7707
10240,0.7973
10241,0.8455
10242,0.8835
10243,0.9039
10244,0.924
10245,0.9266
10246,0.9122
10247,0.905
10248,0.9004
10249,0.8982
10250,0.8842
10251,0.8772
10252,0.8858
10253,0.9051
10254,0.9162
10255,0.8978
10256,0.8632
10257,0.8046
10258,0.758
10259,0.7507
10260,0.7483
10261,0.764
10262,0.7747
10263,0.746
10264,0.704
10265,0.7169
10266,0.7608
10267,0.7896
10268,0.778
10269,0.7587
10270,0.719
10271,0.6599
10272,0.6302
10273,0.6129
10274,0.6097
10275,0.604
10276,0.546
10277,0.4886
10278,0.4354
10279,0.3774
10280,0.3991
10281,0.3998
10282,0.4044
10283,0.4154
10284,0.4283
10285,0.4168
10286,0.379
10287,0.31
10288,0.2774
10289,0.3143
10290,0.3279
10291,0.3107
10292,0.3218
10293,0.3312
10294,0.3373
10295,0.3375
10296,0.3582
10297,0.3912
10298,0.4092
10299,0.4195
10300,0.4836
10301,0.585
10302,0.6775
10303,0.6899
10304,0.6644
10305,0.6589
10306,0.646
10307,0.6131
10308,0.6156
10309,0.6448
10310,0.6892
10311,0.7075
10312,0.6894
10313,0.6536
10314,0.6209
10315,0.5964
10316,0.5834
10317,0.5981
10318,0.6136
10319,0.5738
10320,0.4899
10321,0.4095
10322,0.4035
10323,0.5034
10324,0.6016
10325,0.6878
10326,0.7072
10327,0.6809
10328,0.6958
10329,0.7771
10330,0.8169
10331,0.8495
10332,0.8746
10333,0.8873
10334,0.8887
10335,0.8767
10336,0.872
10337,0.874
10338,0.8787
10339,0.8841
10340,0.8864
10341,0.8847
10342,0.8648
10343,0.8162
10344,0.7374
10345,0.6331
10346,0.5265
10347,0.4347
10348,0.3636
10349,0.2942
10350,0.2373
10351,0.1798
10352,0.2086
10353,0.2135
10354,0.2131
10355,0.2158
10356,0.2519
10357,0.3374
10358,0.4232
10359,0.4067
10360,0.3876
10361,0.4141
10362,0.4266
10363,0.4469
10364,0.507
10365,0.6124
10366,0.7366
10367,0.8041
10368,0.8381
10369,0.8184
10370,0.7383
10371,0.6734
10372,0.6095
10373,0.5654
10374,0.5212
10375,0.5384
10376,0.6012
10377,0.6221
10378,0.7024
10379,0.8019
10380,0.8789
10381,0.9085
10382,0.9121
10383,0.8996
10384,0.8601
10385,0.778
10386,0.6917
10387,0.6068
10388,0.4896
10389,0.4183
10390,0.3311
10391,0.2529
10392,0.2058
10393,0.1574
10394,0.1271
10395,0.1468
10396,0.2452
10397,0.4476
10398,0.6469
10399,0.8074
10400,0.9137
10401,0.965
10402,0.9764
10403,0.9728
10404,0.9678
10405,0.964
10406,0.96
10407,0.9576
10408,0.9495
10409,0.9039
10410,0.8546
10411,0.809
10412,0.756
10413,0.716
10414,0.686
10415,0.6561
10416,0.6695
10417,0.7038
10418,0.7464
10419,0.7471
10420,0.7414
10421,0.7428
10422,0.7482
10423,0.7517
10424,0.7662
10425,0.8006
10426,0.8061
10427,0.7828
10428,0.7657
10429,0.7565
10430,0.7354
10431,0.6733
10432,0.5387
10433,0.4588
10434,0.4154
10435,0.3598
10436,0.3124
10437,0.3263
10438,0.3567
10439,0.3421
10440,0.3255
10441,0.3318
10442,0.3511
10443,0.3779
10444,0.4321
10445,0.4762
10446,0.5125
10447,0.5332
10448,0.6359
10449,0.8152
10450,0.8668
10451,0.9034
10452,0.9155
10453,0.9204
10454,0.9232
10455,0.927
10456,0.9361
10457,0.9186
10458,0.8883
10459,0.8357
10460,0.7744
10461,0.7317
10462,0.7319
10463,0.751
10464,0.801
10465,0.824
10466,0.8379
10467,0.8387
10468,0.8374
10469,0.833
10470,0.8313
10471,0.84
10472,0.8504
10473,0.8666
10474,0.8794
10475,0.8825
10476,0.8703
10477,0.8477
10478,0.8161
10479,0.7877
10480,0.7579
10481,0.7426
10482,0.7136
10483,0.6696
10484,0.6176
10485,0.5836
10486,0.5414
10487,0.482
10488,0.4463
10489,0.413
10490,0.4205
10491,0.4209
10492,0.4568
10493,0.528
10494,0.6163
10495,0.7299
10496,0.8304
10497,0.8974
10498,0.9304
10499,0.9343
10500,0.9277
10501,0.9164
10502,0.8947
10503,0.8635
10504,0.8005
10505,0.7124
10506,0.6315
10507,0.5606
10508,0.5265
10509,0.4701
10510,0.4273
10511,0.4116
10512,0.3977
10513,0.379
10514,0.3365
10515,0.2932
10516,0.3504
10517,0.4838
10518,0.6366
10519,0.7559
10520,0.8124
10521,0.8521
10522,0.8796
10523,0.8838
10524,0.8878
10525,0.885
10526,0.8867
10527,0.8847
10528,0.868
10529,0.8401
10530,0.8041
10531,0.7459
10532,0.6986
10533,0.6556
10534,0.5971
10535,0.5804
10536,0.5499
10537,0.5009
10538,0.4819
10539,0.5099
10540,0.5979
10541,0.7129
10542,0.7894
10543,0.8019
10544,0.8251
10545,0.8864
10546,0.9087
10547,0.9167
10548,0.9185
10549,0.9119
10550,0.8985
10551,0.8815
10552,0.8526
10553,0.8297
10554,0.8125
10555,0.8053
10556,0.8108
10557,0.8208
10558,0.833
10559,0.844
10560,0.85
10561,0.8518
10562,0.8445
10563,0.8147
10564,0.7412
10565,0.611
10566,0.4667
10567,0.4014
10568,0.4691
10569,0.5275
10570,0.5801
10571,0.6184
10572,0.6408
10573,0.6488
10574,0.6297
10575,0.5564
10576,0.4486
10577,0.3788
10578,0.3672
10579,0.3933
10580,0.4047
10581,0.3594
10582,0.332
10583,0.3153
10584,0.2835
10585,0.2427
10586,0.2192
10587,0.2038
10588,0.1777
10589,0.1579
10590,0.133
10591,0.1199
10592,0.1402
10593,0.1445
10594,0.1493
10595,0.1597
10596,0.1749
10597,0.1826
10598,0.1736
10599,0.1479
10600,0.1067
10601,0.0874
10602,0.0648
10603,0.0385
10604,0.0189
10605,0.0093
10606,0.0066
10607,0.0079
10608,0.0112
10609,0.0152
10610,0.0193
10611,0.023
10612,0.0284
10613,0.0401
10614,0.0561
10615,0.0429
10616,0.0272
10617,0.0284
10618,0.0333
10619,0.0376
10620,0.0409
10621,0.0409
10622,0.038
10623,0.0356
10624,0.0346
10625,0.0373
10626,0.0406
10627,0.0503
10628,0.0674
10629,0.0871
10630,0.109
10631,0.1281
10632,0.1358
10633,0.1381
10634,0.1448
10635,0.1495
10636,0.1522
10637,0.1521
10638,0.1361
10639,0.0799
10640,0.0575
10641,0.0634
10642,0.0695
10643,0.0707
10644,0.0648
10645,0.0556
10646,0.0458
10647,0.0361
10648,0.0292
10649,0.0275
10650,0.0251
10651,0.0245
10652,0.0253
10653,0.027
10654,0.0281
10655,0.027
10656,0.0247
10657,0.0237
10658,0.0243
10659,0.027
10660,0.0328
10661,0.0374
10662,0.0348
10663,0.0187
10664,0.0104
10665,0.0131
10666,0.012
10667,0.0083
10668,0.0061
10669,0.0053
10670,0.0065
10671,0.0106
10672,0.0219
10673,0.0578
10674,0.107
10675,0.1517
10676,0.1785
10677,0.1804
10678,0.1621
10679,0.1293
10680,0.0969
10681,0.0749
10682,0.0676
10683,0.0701
10684,0.0767
10685,0.0886
10686,0.0949
10687,0.053
10688,0.0232
10689,0.0425
10690,0.0553
10691,0.0573
10692,0.0583
10693,0.0609
10694,0.0643
10695,0.0652
10696,0.0689
10697,0.0892
10698,0.1097
10699,0.1299
10700,0.1424
10701,0.1376
10702,0.1075
10703,0.0653
10704,0.0345
10705,0.0242
10706,0.0276
10707,0.0333
10708,0.0325
10709,0.0331
10710,0.0327
10711,0.0265
10712,0.0217
10713,0.0204
10714,0.0263
10715,0.0353
10716,0.0483
10717,0.0687
10718,0.0949
10719,0.1194
10720,0.1313
10721,0.16
10722,0.2078
10723,0.2287
10724,0.2295
10725,0.2127
10726,0.2024
10727,0.1864
10728,0.1662
10729,0.146
10730,0.1272
10731,0.1141
10732,0.0957
10733,0.0758
10734,0.0516
10735,0.0335
10736,0.0247
10737,0.0303
10738,0.0526
10739,0.0848
10740,0.1154
10741,0.1274
10742,0.1227
10743,0.1204
10744,0.1205
10745,0.1496
10746,0.1847
10747,0.1836
10748,0.1741
10749,0.1927
10750,0.25
10751,0.3156
10752,0.3814
10753,0.403
10754,0.4086
10755,0.4223
10756,0.4383
10757,0.4074
10758,0.3578
10759,0.4989
10760,0.6633
10761,0.7135
10762,0.7316
10763,0.7318
10764,0.7265
10765,0.7296
10766,0.7336
10767,0.7116
10768,0.6108
10769,0.4987
10770,0.4706
10771,0.4482
10772,0.3989
10773,0.3455
10774,0.3121
10775,0.2652
10776,0.2284
10777,0.1918
10778,0.1708
10779,0.1589
10780,0.1467
10781,0.1341
10782,0.0945
10783,0.0905
10784,0.088
10785,0.0721
10786,0.0657
10787,0.0742
10788,0.0945
10789,0.1153
10790,0.1269
10791,0.1316
10792,0.1304
10793,0.1415
10794,0.1612
10795,0.1468
10796,0.1213
10797,0.0942
10798,0.0692
10799,0.0518
10800,0.0426
10801,0.0339
10802,0.0231
10803,0.0149
10804,0.0102
10805,0.0076
10806,0.0049
10807,0.0037
10808,0.0093
10809,0.0113
10810,0.0112
10811,0.0124
10812,0.015
10813,0.0196
10814,0.025
10815,0.0318
10816,0.044
10817,0.0728
10818,0.112
10819,0.1325
10820,0.1312
10821,0.1137
10822,0.0908
10823,0.0699
10824,0.0533
10825,0.041
10826,0.0335
10827,0.0314
10828,0.032
10829,0.0329
10830,0.0252
10831,0.0187
10832,0.0232
10833,0.0174
10834,0.0128
10835,0.0105
10836,0.0098
10837,0.0114
10838,0.0157
10839,0.0226
10840,0.0338
10841,0.0692
10842,0.1284
10843,0.1763
10844,0.1978
10845,0.197
10846,0.1872
10847,0.1763
10848,0.1648
10849,0.1533
10850,0.1423
10851,0.1379
10852,0.1368
10853,0.1302
10854,0.082
10855,0.0291
10856,0.0229
10857,0.0225
10858,0.0284
10859,0.0396
10860,0.052
10861,0.0648
10862,0.0768
10863,0.0824
10864,0.0748
10865,0.0824
10866,0.1039
10867,0.1328
10868,0.1648
10869,0.2049
10870,0.2442
10871,0.2698
10872,0.2831
10873,0.2807
10874,0.2704
10875,0.2574
10876,0.2505
10877,0.2447
10878,0.1735
10879,0.0904
10880,0.076
10881,0.1042
10882,0.1057
10883,0.1056
10884,0.1064
10885,0.1025
10886,0.0905
10887,0.0709
10888,0.0481
10889,0.0402
10890,0.0445
10891,0.0596
10892,0.0832
10893,0.1033
10894,0.1138
10895,0.1198
10896,0.1199
10897,0.1189
10898,0.1184
10899,0.1162
10900,0.1234
10901,0.1431
10902,0.1583
10903,0.1794
10904,0.2423
10905,0.2816
10906,0.2923
10907,0.2927
10908,0.2853
10909,0.2754
10910,0.275
10911,0.2966
10912,0.3171
10913,0.3502
10914,0.4018
10915,0.409
10916,0.4234
10917,0.3982
10918,0.3742
10919,0.3566
10920,0.3484
10921,0.3375
10922,0.3071
10923,0.2793
10924,0.2516
10925,0.224
10926,0.1698
10927,0.1472
10928,0.1274
10929,0.1245
10930,0.1155
10931,0.0965
10932,0.0775
10933,0.0633
10934,0.0558
10935,0.057
10936,0.0689
10937,0.1222
10938,0.1984
10939,0.2576
10940,0.2909
10941,0.3246
10942,0.3649
10943,0.3952
10944,0.4086
10945,0.4044
10946,0.3827
10947,0.3485
10948,0.3185
10949,0.2957
10950,0.2403
10951,0.209
10952,0.2109
10953,0.2524
10954,0.3282
10955,0.3966
10956,0.4476
10957,0.4947
10958,0.5264
10959,0.4608
10960,0.4146
10961,0.3985
10962,0.3289
10963,0.252
10964,0.1911
10965,0.1635
10966,0.1548
10967,0.1439
10968,0.1306
10969,0.1112
10970,0.0927
10971,0.0759
10972,0.0716
10973,0.0739
10974,0.0792
10975,0.1023
10976,0.1539
10977,0.1957
10978,0.2011
10979,0.196
10980,0.1979
10981,0.2025
10982,0.1971
10983,0.1785
10984,0.1329
10985,0.1105
10986,0.1275
10987,0.157
10988,0.1952
10989,0.1899
10990,0.1565
10991,0.1496
10992,0.1223
10993,0.1092
10994,0.0818
10995,0.0728
10996,0.0639
10997,0.0527
10998,0.0462
10999,0.0366
11000,0.027
11001,0.022
11002,0.0232
11003,0.0285
11004,0.0314
11005,0.0332
11006,0.0341
11007,0.0368
11008,0.0424
11009,0.0597
11010,0.0961
11011,0.1387
11012,0.1768
11013,0.1802
11014,0.1736
11015,0.1624
11016,0.1571
11017,0.1519
11018,0.1389
11019,0.1279
11020,0.1236
11021,0.1214
11022,0.076
11023,0.0305
11024,0.0601
11025,0.0871
11026,0.0952
11027,0.101
11028,0.1069
11029,0.1069
11030,0.1036
11031,0.1073
11032,0.1212
11033,0.1611
11034,0.2227
11035,0.2256
11036,0.1901
11037,0.1653
11038,0.1507
11039,0.1415
11040,0.1383
11041,0.1244
11042,0.1032
11043,0.0845
11044,0.0725
11045,0.0644
11046,0.0428
11047,0.0391
11048,0.054
11049,0.0675
11050,0.0673
11051,0.0601
11052,0.0518
11053,0.0409
11054,0.0312
11055,0.0351
11056,0.0567
11057,0.0864
11058,0.1058
11059,0.1098
11060,0.1033
11061,0.0954
11062,0.0859
11063,0.0719
11064,0.0586
11065,0.0503
11066,0.0463
11067,0.0415
11068,0.0373
11069,0.0367
11070,0.0266
11071,0.0165
11072,0.0184
11073,0.0286
11074,0.0398
11075,0.0459
11076,0.0462
11077,0.0429
11078,0.0386
11079,0.0366
11080,0.0409
11081,0.0629
11082,0.0877
11083,0.0932
11084,0.0877
11085,0.0785
11086,0.0693
11087,0.0626
11088,0.0589
11089,0.0566
11090,0.0529
11091,0.0467
11092,0.0426
11093,0.0423
11094,0.0335
11095,0.029
11096,0.0266
11097,0.0196
11098,0.0123
11099,0.0087
11100,0.0064
11101,0.0047
11102,0.0036
11103,0.003
11104,0.0057
11105,0.0195
11106,0.0406
11107,0.0553
11108,0.0613
11109,0.0557
11110,0.0466
11111,0.0401
11112,0.0354
11113,0.0316
11114,0.0308
11115,0.0372
11116,0.0482
11117,0.06
11118,0.0541
11119,0.0597
11120,0.0729
11121,0.0874
11122,0.102
11123,0.1156
11124,0.1291
11125,0.14
11126,0.1417
11127,0.1284
11128,0.1201
11129,0.1579
11130,0.2183
11131,0.2503
11132,0.272
11133,0.256
11134,0.2596
11135,0.2785
11136,0.2781
11137,0.2854
11138,0.2848
11139,0.2743
11140,0.2609
11141,0.2503
11142,0.2759
11143,0.3196
11144,0.3558
11145,0.3868
11146,0.3757
11147,0.3484
11148,0.3368
11149,0.3439
11150,0.3674
11151,0.4026
11152,0.4232
11153,0.4129
11154,0.4648
11155,0.4748
11156,0.4299
11157,0.4098
11158,0.3815
11159,0.3456
11160,0.321
11161,0.3016
11162,0.2876
11163,0.2746
11164,0.249
11165,0.2008
11166,0.1354
11167,0.1377
11168,0.1731
11169,0.1528
11170,0.1367
11171,0.1422
11172,0.1573
11173,0.1738
11174,0.1895
11175,0.2113
11176,0.2284
11177,0.2487
11178,0.345
11179,0.3862
11180,0.3605
11181,0.322
11182,0.2944
11183,0.2705
11184,0.2484
11185,0.2349
11186,0.2209
11187,0.2031
11188,0.1881
11189,0.1674
11190,0.0895
11191,0.1412
11192,0.2106
11193,0.1987
11194,0.1752
11195,0.1632
11196,0.1644
11197,0.1749
11198,0.1886
11199,0.2026
11200,0.2135
11201,0.2097
11202,0.243
11203,0.2658
11204,0.2523
11205,0.2332
11206,0.2225
11207,0.206
11208,0.1979
11209,0.1947
11210,0.1919
11211,0.1917
11212,0.1895
11213,0.1637
11214,0.1302
11215,0.1976
11216,0.2348
11217,0.2181
11218,0.1983
11219,0.1921
11220,0.1901
11221,0.1865
11222,0.1853
11223,0.1866
11224,0.1801
11225,0.1529
11226,0.1626
11227,0.1741
11228,0.1696
11229,0.1699
11230,0.1808
11231,0.1805
11232,0.1695
11233,0.1583
11234,0.1465
11235,0.1223
11236,0.0869
11237,0.0563
11238,0.0627
11239,0.0949
11240,0.1277
11241,0.1478
11242,0.1573
11243,0.1623
11244,0.1618
11245,0.1647
11246,0.1718
11247,0.1568
11248,0.1296
11249,0.1335
11250,0.2181
11251,0.3222
11252,0.3673
11253,0.357
11254,0.3346
11255,0.2981
11256,0.2582
11257,0.2247
11258,0.2044
11259,0.1907
11260,0.1637
11261,0.1138
11262,0.0669
11263,0.0867
11264,0.1172
11265,0.1374
11266,0.1677
11267,0.211
11268,0.2511
11269,0.2802
11270,0.3002
11271,0.3135
11272,0.301
11273,0.3164
11274,0.4099
11275,0.4765
11276,0.4939
11277,0.4959
11278,0.4894
11279,0.4627
11280,0.4277
11281,0.3969
11282,0.3741
11283,0.35
11284,0.3318
11285,0.2722
11286,0.1506
11287,0.1185
11288,0.1361
11289,0.1407
11290,0.1518
11291,0.1571
11292,0.1525
11293,0.1452
11294,0.1405
11295,0.1361
11296,0.1223
11297,0.1246
11298,0.1369
11299,0.1377
11300,0.1306
11301,0.1196
11302,0.105
11303,0.0927
11304,0.0793
11305,0.0641
11306,0.05
11307,0.0393
11308,0.0316
11309,0.0267
11310,0.0179
11311,0.021
11312,0.0279
11313,0.0311
11314,0.0309
11315,0.0269
11316,0.0194
11317,0.0131
11318,0.0105
11319,0.0147
11320,0.0254
11321,0.0451
11322,0.1
11323,0.1763
11324,0.2447
11325,0.2927
11326,0.318
11327,0.3196
11328,0.3247
11329,0.3265
11330,0.3252
11331,0.3225
11332,0.32
11333,0.2782
11334,0.1856
11335,0.1451
11336,0.2087
11337,0.28
11338,0.3049
11339,0.2984
11340,0.2788
11341,0.2536
11342,0.2318
11343,0.2231
11344,0.198
11345,0.2375
11346,0.3275
11347,0.3826
11348,0.3823
11349,0.3645
11350,0.3552
11351,0.3496
11352,0.3477
11353,0.3469
11354,0.3444
11355,0.3224
11356,0.2997
11357,0.2529
11358,0.1405
11359,0.0855
11360,0.1004
11361,0.1318
11362,0.1371
11363,0.1261
11364,0.1038
11365,0.0811
11366,0.0665
11367,0.0666
11368,0.0826
11369,0.1269
11370,0.1975
11371,0.2462
11372,0.2526
11373,0.2463
11374,0.2359
11375,0.2192
11376,0.1995
11377,0.1796
11378,0.1592
11379,0.1277
11380,0.0957
11381,0.0771
11382,0.0508
11383,0.0263
11384,0.0273
11385,0.0622
11386,0.0804
11387,0.0786
11388,0.0766
11389,0.0816
11390,0.0967
11391,0.1255
11392,0.1629
11393,0.2617
11394,0.3899
11395,0.4505
11396,0.446
11397,0.4133
11398,0.3666
11399,0.3184
11400,0.2752
11401,0.239
11402,0.2099
11403,0.1805
11404,0.1527
11405,0.1201
11406,0.0628
11407,0.0316
11408,0.0311
11409,0.0516
11410,0.0546
11411,0.0462
11412,0.0385
11413,0.0357
11414,0.0376
11415,0.0455
11416,0.0629
11417,0.1003
11418,0.174
11419,0.2419
11420,0.2733
11421,0.2843
11422,0.2874
11423,0.2901
11424,0.2872
11425,0.2841
11426,0.2858
11427,0.2907
11428,0.3005
11429,0.2807
11430,0.1694
11431,0.1048
11432,0.1135
11433,0.2147
11434,0.2549
11435,0.2536
11436,0.2433
11437,0.237
11438,0.2337
11439,0.2142
11440,0.2155
11441,0.2762
11442,0.3694
11443,0.4547
11444,0.5024
11445,0.5281
11446,0.5285
11447,0.5192
11448,0.5032
11449,0.4708
11450,0.4408
11451,0.3975
11452,0.3715
11453,0.2967
11454,0.1861
11455,0.1811
11456,0.1877
11457,0.1978
11458,0.2109
11459,0.2107
11460,0.1968
11461,0.1762
11462,0.1539
11463,0.1379
11464,0.1087
11465,0.0988
11466,0.1382
11467,0.2031
11468,0.2525
11469,0.2804
11470,0.2911
11471,0.3007
11472,0.3013
11473,0.3109
11474,0.3266
11475,0.3415
11476,0.3665
11477,0.3393
11478,0.2769
11479,0.4356
11480,0.5927
11481,0.6433
11482,0.6973
11483,0.7446
11484,0.7939
11485,0.8021
11486,0.7222
11487,0.5786
11488,0.4073
11489,0.2925
11490,0.2868
11491,0.2664
11492,0.2492
11493,0.2623
11494,0.2884
11495,0.3176
11496,0.3816
11497,0.4075
11498,0.457
11499,0.5229
11500,0.539
11501,0.5187
11502,0.5114
11503,0.6066
11504,0.7008
11505,0.6911
11506,0.6568
11507,0.6452
11508,0.6425
11509,0.6304
11510,0.5691
11511,0.453
11512,0.2848
11513,0.1963
11514,0.1728
11515,0.1338
11516,0.1533
11517,0.1516
11518,0.1311
11519,0.1555
11520,0.175
11521,0.195
11522,0.2063
11523,0.1728
11524,0.15
11525,0.1253
11526,0.1086
11527,0.0905
11528,0.0822
11529,0.0897
11530,0.1065
11531,0.1172
11532,0.1273
11533,0.1439
11534,0.1642
11535,0.1886
11536,0.2068
11537,0.2015
11538,0.2484
11539,0.325
11540,0.353
11541,0.3337
11542,0.3042
11543,0.2906
11544,0.283
11545,0.2876
11546,0.3081
11547,0.3889
11548,0.4532
11549,0.4738
11550,0.5175
11551,0.599
11552,0.6248
11553,0.651
11554,0.682
11555,0.7104
11556,0.7294
11557,0.7399
11558,0.7379
11559,0.7143
11560,0.6373
11561,0.5236
11562,0.4524
11563,0.4211
11564,0.3673
11565,0.3149
11566,0.3123
11567,0.3077
11568,0.2965
11569,0.2685
11570,0.2404
11571,0.2245
11572,0.2146
11573,0.2078
11574,0.2196
11575,0.1998
11576,0.1607
11577,0.1245
11578,0.1002
11579,0.0829
11580,0.067
11581,0.0526
11582,0.0427
11583,0.0391
11584,0.0384
11585,0.032
11586,0.0286
11587,0.0252
11588,0.0195
11589,0.0148
11590,0.0101
11591,0.0059
11592,0.0029
11593,0.0013
11594,0.0005
11595,0.0002
11596,0.0002
11597,0.0004
11598,0.0001
11599,0.0004
11600,0.002
11601,0.0034
11602,0.0059
11603,0.0121
11604,0.0246
11605,0.0439
11606,0.0705
11607,0.0995
11608,0.1266
11609,0.1663
11610,0.2258
11611,0.277
11612,0.2744
11613,0.2464
11614,0.2202
11615,0.2004
11616,0.1697
11617,0.137
11618,0.1133
11619,0.0966
11620,0.0789
11621,0.0555
11622,0.052
11623,0.0571
11624,0.0645
11625,0.0694
11626,0.0721
11627,0.0738
11628,0.074
11629,0.072
11630,0.0695
11631,0.0734
11632,0.0828
11633,0.0976
11634,0.1385
11635,0.1832
11636,0.1863
11637,0.1614
11638,0.1302
11639,0.0982
11640,0.0696
11641,0.0445
11642,0.0252
11643,0.0144
11644,0.009
11645,0.0043
11646,0.001
11647,0.0003
11648,0.0002
11649,0.0001
11650,0.0001
11651,0.0003
11652,0.0023
11653,0.0101
11654,0.0209
11655,0.0325
11656,0.0453
11657,0.0654
11658,0.0994
11659,0.1217
11660,0.1079
11661,0.0812
11662,0.0588
11663,0.046
11664,0.0426
11665,0.0429
11666,0.038
11667,0.0289
11668,0.0256
11669,0.0283
11670,0.0281
11671,0.0308
11672,0.0414
11673,0.0609
11674,0.0915
11675,0.1288
11676,0.1585
11677,0.177
11678,0.1836
11679,0.1803
11680,0.1726
11681,0.1455
11682,0.135
11683,0.1311
11684,0.114
11685,0.1001
11686,0.0962
11687,0.094
11688,0.0878
11689,0.0809
11690,0.077
11691,0.0746
11692,0.0665
11693,0.0458
11694,0.0392
11695,0.0309
11696,0.0301
11697,0.0333
11698,0.0403
11699,0.0517
11700,0.0637
11701,0.0738
11702,0.0812
11703,0.0853
11704,0.0836
11705,0.0683
11706,0.0514
11707,0.0431
11708,0.0399
11709,0.0504
11710,0.0785
11711,0.1092
11712,0.132
11713,0.1424
11714,0.1376
11715,0.1301
11716,0.1227
11717,0.119
11718,0.1331
11719,0.2099
11720,0.277
11721,0.333
11722,0.3919
11723,0.4531
11724,0.5053
11725,0.5456
11726,0.5684
11727,0.5629
11728,0.5305
11729,0.4463
11730,0.3735
11731,0.3544
11732,0.3186
11733,0.2873
11734,0.2684
11735,0.2471
11736,0.2282
11737,0.214
11738,0.2105
11739,0.2062
11740,0.197
11741,0.1604
11742,0.1752
11743,0.2942
11744,0.3448
11745,0.3411
11746,0.3286
11747,0.3204
11748,0.318
11749,0.3195
11750,0.3261
11751,0.3309
11752,0.3283
11753,0.2912
11754,0.2327
11755,0.2317
11756,0.2113
11757,0.1713
11758,0.1322
11759,0.1038
11760,0.0905
11761,0.0897
11762,0.1
11763,0.1182
11764,0.134
11765,0.1107
11766,0.0867
11767,0.1165
11768,0.1563
11769,0.1801
11770,0.2061
11771,0.236
11772,0.2698
11773,0.2925
11774,0.286
11775,0.2594
11776,0.2156
11777,0.1548
11778,0.1247
11779,0.1169
11780,0.099
11781,0.0852
11782,0.0741
11783,0.0651
11784,0.0581
11785,0.0458
11786,0.0296
11787,0.0182
11788,0.017
11789,0.0258
11790,0.0224
11791,0.0233
11792,0.0322
11793,0.041
11794,0.0436
11795,0.0414
11796,0.0381
11797,0.0392
11798,0.0411
11799,0.0389
11800,0.0356
11801,0.0287
11802,0.0368
11803,0.0774
11804,0.1403
11805,0.1997
11806,0.2497
11807,0.2988
11808,0.3196
11809,0.3113
11810,0.2796
11811,0.2497
11812,0.2361
11813,0.2231
11814,0.2167
11815,0.256
11816,0.3281
11817,0.388
11818,0.3887
11819,0.332
11820,0.3329
11821,0.3316
11822,0.3331
11823,0.36
11824,0.3163
11825,0.2438
11826,0.2142
11827,0.2446
11828,0.2985
11829,0.3344
11830,0.3416
11831,0.344
11832,0.3343
11833,0.3295
11834,0.2958
11835,0.2608
11836,0.2154
11837,0.1699
11838,0.1487
11839,0.0856
11840,0.0361
11841,0.017
11842,0.0247
11843,0.06
11844,0.1182
11845,0.1764
11846,0.23
11847,0.2901
11848,0.31
11849,0.264
11850,0.2951
11851,0.3623
11852,0.3761
11853,0.3948
11854,0.3794
11855,0.373
11856,0.3644
11857,0.3075
11858,0.2449
11859,0.1894
11860,0.1374
11861,0.0891
11862,0.0717
11863,0.0633
11864,0.0703
11865,0.0861
11866,0.1007
11867,0.1049
11868,0.0948
11869,0.0758
11870,0.0577
11871,0.0376
11872,0.0177
11873,0.0046
11874,0.0103
11875,0.0512
11876,0.1009
11877,0.13
11878,0.1464
11879,0.1428
11880,0.1366
11881,0.1347
11882,0.1409
11883,0.1529
11884,0.1511
11885,0.1238
11886,0.1184
11887,0.1537
11888,0.2109
11889,0.2652
11890,0.3072
11891,0.3398
11892,0.3691
11893,0.3922
11894,0.4056
11895,0.403
11896,0.3759
11897,0.326
11898,0.2846
11899,0.3235
11900,0.3195
11901,0.2857
11902,0.2665
11903,0.2488
11904,0.2206
11905,0.1867
11906,0.1615
11907,0.1416
11908,0.1278
11909,0.0974
11910,0.1388
11911,0.1593
11912,0.156
11913,0.1523
11914,0.148
11915,0.1489
11916,0.1554
11917,0.1662
11918,0.1916
11919,0.2219
11920,0.2484
11921,0.2817
11922,0.2625
11923,0.3179
11924,0.3519
11925,0.3444
11926,0.333
11927,0.3205
11928,0.2998
11929,0.2746
11930,0.2592
11931,0.232
11932,0.1977
11933,0.0985
11934,0.1124
11935,0.1443
11936,0.1457
11937,0.1495
11938,0.1503
11939,0.1598
11940,0.186
11941,0.2219
11942,0.2544
11943,0.2755
11944,0.2846
11945,0.2593
11946,0.27
11947,0.3664
11948,0.413
11949,0.4062
11950,0.3952
11951,0.359
11952,0.3367
11953,0.312
11954,0.2889
11955,0.2626
11956,0.2187
11957,0.1233
11958,0.1569
11959,0.1768
11960,0.2075
11961,0.2313
11962,0.2407
11963,0.2499
11964,0.2665
11965,0.2587
11966,0.242
11967,0.2394
11968,0.2463
11969,0.228
11970,0.242
11971,0.32
11972,0.353
11973,0.3491
11974,0.3261
11975,0.2934
11976,0.2569
11977,0.2251
11978,0.1857
11979,0.1492
11980,0.1163
11981,0.0569
11982,0.0268
11983,0.069
11984,0.1129
11985,0.1338
11986,0.1487
11987,0.1653
11988,0.1833
11989,0.2006
11990,0.2136
11991,0.2267
11992,0.232
11993,0.2034
11994,0.2024
11995,0.2682
11996,0.3125
11997,0.3334
11998,0.3293
11999,0.3027
12000,0.272
12001,0.2388
12002,0.21
12003,0.1734
12004,0.1327
12005,0.0698
12006,0.0606
12007,0.1083
12008,0.1323
12009,0.1292
12010,0.1206
12011,0.1169
12012,0.1184
12013,0.1247
12014,0.1369
12015,0.1558
12016,0.178
12017,0.1926
12018,0.2136
12019,0.248
12020,0.2433
12021,0.212
12022,0.1739
12023,0.1423
12024,0.1161
12025,0.0987
12026,0.09
12027,0.0837
12028,0.0734
12029,0.0563
12030,0.0602
12031,0.063
12032,0.0555
12033,0.0437
12034,0.0323
12035,0.0241
12036,0.0178
12037,0.0129
12038,0.0099
12039,0.0083
12040,0.008
12041,0.0106
12042,0.0241
12043,0.0516
12044,0.0717
12045,0.0756
12046,0.0705
12047,0.059
12048,0.0451
12049,0.0352
12050,0.0289
12051,0.0245
12052,0.0211
12053,0.013
12054,0.0054
12055,0.0043
12056,0.0043
12057,0.006
12058,0.007
12059,0.0058
12060,0.003
12061,0.002
12062,0.0035
12063,0.0073
12064,0.0136
12065,0.0248
12066,0.0481
12067,0.0796
12068,0.1051
12069,0.1122
12070,0.1087
12071,0.0994
12072,0.0852
12073,0.0738
12074,0.0725
12075,0.0768
12076,0.0796
12077,0.0661
12078,0.0586
12079,0.0632
12080,0.0787
12081,0.0945
12082,0.0994
12083,0.097
12084,0.0924
12085,0.091
12086,0.096
12087,0.1134
12088,0.1427
12089,0.1694
12090,0.1844
12091,0.1775
12092,0.1642
12093,0.1541
12094,0.1355
12095,0.1255
12096,0.1243
12097,0.1227
12098,0.1199
12099,0.1173
12100,0.1072
12101,0.089
12102,0.0904
12103,0.1032
12104,0.1108
12105,0.1195
12106,0.1313
12107,0.1563
12108,0.1946
12109,0.2354
12110,0.2639
12111,0.271
12112,0.2682
12113,0.2631
12114,0.2451
12115,0.2293
12116,0.2215
12117,0.2219
12118,0.2238
12119,0.2312
12120,0.2426
12121,0.248
12122,0.2674
12123,0.2779
12124,0.2631
12125,0.2527
12126,0.2874
12127,0.3373
12128,0.3755
12129,0.4008
12130,0.4182
12131,0.4222
12132,0.4142
12133,0.399
12134,0.3791
12135,0.3497
12136,0.3025
12137,0.2265
12138,0.1637
12139,0.137
12140,0.115
12141,0.1011
12142,0.0936
12143,0.0796
12144,0.0646
12145,0.0503
12146,0.0382
12147,0.0317
12148,0.0246
12149,0.0156
12150,0.0111
12151,0.0135
12152,0.0255
12153,0.0426
12154,0.0586
12155,0.072
12156,0.0816
12157,0.0863
12158,0.084
12159,0.0744
12160,0.0605
12161,0.0469
12162,0.0418
12163,0.0346
12164,0.0249
12165,0.0196
12166,0.0201
12167,0.0278
12168,0.0417
12169,0.059
12170,0.0774
12171,0.0983
12172,0.1208
12173,0.0948
12174,0.0468
12175,0.0563
12176,0.0657
12177,0.0722
12178,0.0723
12179,0.0678
12180,0.0596
12181,0.0513
12182,0.0462
12183,0.0442
12184,0.0402
12185,0.0341
12186,0.0359
12187,0.041
12188,0.0475
12189,0.0546
12190,0.0576
12191,0.0582
12192,0.0598
12193,0.0628
12194,0.0634
12195,0.0649
12196,0.0671
12197,0.0426
12198,0.0271
12199,0.0355
12200,0.0425
12201,0.048
12202,0.0546
12203,0.0675
12204,0.0835
12205,0.0979
12206,0.1108
12207,0.1282
12208,0.1527
12209,0.1759
12210,0.1905
12211,0.2004
12212,0.1708
12213,0.1243
12214,0.0903
12215,0.0677
12216,0.0537
12217,0.0454
12218,0.0387
12219,0.03
12220,0.0195
12221,0.0072
12222,0.0033
12223,0.0044
12224,0.009
12225,0.0151
12226,0.0247
12227,0.0332
12228,0.0404
12229,0.0486
12230,0.0544
12231,0.0538
12232,0.0451
12233,0.0314
12234,0.0237
12235,0.0283
12236,0.0446
12237,0.073
12238,0.1108
12239,0.1491
12240,0.1782
12241,0.1941
12242,0.2045
12243,0.2149
12244,0.2054
12245,0.1643
12246,0.1779
12247,0.2378
12248,0.285
12249,0.3072
12250,0.3237
12251,0.3462
12252,0.3713
12253,0.3967
12254,0.4128
12255,0.4318
12256,0.4507
12257,0.4446
12258,0.4219
12259,0.4008
12260,0.3887
12261,0.3626
12262,0.3252
12263,0.2768
12264,0.226
12265,0.1633
12266,0.1414
12267,0.1315
12268,0.0897
12269,0.0418
12270,0.0303
12271,0.0302
12272,0.0402
12273,0.0549
12274,0.0736
12275,0.1019
12276,0.1366
12277,0.1701
12278,0.2001
12279,0.2171
12280,0.2123
12281,0.1976
12282,0.1855
12283,0.2059
12284,0.2066
12285,0.1808
12286,0.1518
12287,0.1391
12288,0.1248
12289,0.1195
12290,0.1161
12291,0.1155
12292,0.0982
12293,0.0699
12294,0.0773
12295,0.0897
12296,0.1036
12297,0.1127
12298,0.1195
12299,0.1258
12300,0.1335
12301,0.1419
12302,0.1479
12303,0.1447
12304,0.1331
12305,0.1088
12306,0.1025
12307,0.1387
12308,0.1635
12309,0.1592
12310,0.1375
12311,0.1109
12312,0.085
12313,0.0604
12314,0.0427
12315,0.0347
12316,0.0309
12317,0.0145
12318,0.0098
12319,0.0064
12320,0.0076
12321,0.0116
12322,0.018
12323,0.0276
12324,0.0403
12325,0.0573
12326,0.0786
12327,0.0992
12328,0.1171
12329,0.1165
12330,0.1186
12331,0.1453
12332,0.1827
12333,0.217
12334,0.2419
12335,0.258
12336,0.2731
12337,0.2857
12338,0.3118
12339,0.3242
12340,0.2915
12341,0.2553
12342,0.3193
12343,0.3524
12344,0.3476
12345,0.3399
12346,0.3292
12347,0.3327
12348,0.3402
12349,0.3364
12350,0.3256
12351,0.3107
12352,0.2877
12353,0.2482
12354,0.2066
12355,0.2247
12356,0.2488
12357,0.2479
12358,0.2326
12359,0.2141
12360,0.2046
12361,0.1895
12362,0.179
12363,0.1694
12364,0.141
12365,0.0869
12366,0.0908
12367,0.1064
12368,0.1184
12369,0.125
12370,0.125
12371,0.1194
12372,0.1115
12373,0.1052
12374,0.1004
12375,0.0924
12376,0.081
12377,0.0662
12378,0.0467
12379,0.0301
12380,0.0154
12381,0.0136
12382,0.0282
12383,0.0567
12384,0.0873
12385,0.1111
12386,0.1284
12387,0.1351
12388,0.1228
12389,0.0619
12390,0.0312
12391,0.029
12392,0.0246
12393,0.0245
12394,0.025
12395,0.024
12396,0.023
12397,0.0239
12398,0.0256
12399,0.0262
12400,0.0243
12401,0.0213
12402,0.0211
12403,0.0216
12404,0.0303
12405,0.05
12406,0.0841
12407,0.1334
12408,0.197
12409,0.2669
12410,0.3236
12411,0.3482
12412,0.3137
12413,0.1944
12414,0.1232
12415,0.1522
12416,0.2361
12417,0.2822
12418,0.3273
12419,0.3815
12420,0.4209
12421,0.4515
12422,0.4688
12423,0.4517
12424,0.3709
12425,0.2905
12426,0.2476
12427,0.2095
12428,0.1935
12429,0.2103
12430,0.2314
12431,0.1713
12432,0.094
12433,0.0475
12434,0.043
12435,0.0531
12436,0.0523
12437,0.039
12438,0.0461
12439,0.0663
12440,0.0948
12441,0.1256
12442,0.1704
12443,0.2038
12444,0.1811
12445,0.1271
12446,0.0976
12447,0.0935
12448,0.0893
12449,0.0736
12450,0.0529
12451,0.0405
12452,0.0264
12453,0.0181
12454,0.0122
12455,0.0077
12456,0.006
12457,0.0086
12458,0.019
12459,0.0449
12460,0.0853
12461,0.077
12462,0.0838
12463,0.1202
12464,0.1369
12465,0.1732
12466,0.2204
12467,0.274
12468,0.3336
12469,0.3732
12470,0.3654
12471,0.317
12472,0.2888
12473,0.2956
12474,0.3307
12475,0.3731
12476,0.3715
12477,0.3277
12478,0.2627
12479,0.1837
12480,0.1345
12481,0.1027
12482,0.0982
12483,0.129
12484,0.1273
12485,0.1496
12486,0.1907
12487,0.1554
12488,0.0829
12489,0.036
12490,0.0149
12491,0.0146
12492,0.0207
12493,0.0262
12494,0.0355
12495,0.058
12496,0.0859
12497,0.1213
12498,0.158
12499,0.1768
12500,0.1844
12501,0.2481
12502,0.325
12503,0.4164
12504,0.397
12505,0.3435
12506,0.3473
12507,0.3228
12508,0.2899
12509,0.3255
12510,0.4078
12511,0.352
12512,0.2664
12513,0.1905
12514,0.1345
12515,0.099
12516,0.0809
12517,0.0747
12518,0.0723
12519,0.063
12520,0.0529
12521,0.0414
12522,0.035
12523,0.0602
12524,0.1157
12525,0.1614
12526,0.1894
12527,0.2163
12528,0.2497
12529,0.2812
12530,0.3079
12531,0.3116
12532,0.2798
12533,0.2179
12534,0.4009
12535,0.5267
12536,0.5764
12537,0.608
12538,0.6483
12539,0.6842
12540,0.7206
12541,0.7455
12542,0.6945
12543,0.6267
12544,0.6255
12545,0.6913
12546,0.7841
12547,0.8457
12548,0.8881
12549,0.9063
12550,0.9148
12551,0.9205
12552,0.9245
12553,0.9285
12554,0.9309
12555,0.9251
12556,0.915
12557,0.9109
12558,0.9164
12559,0.9225
12560,0.9219
12561,0.9161
12562,0.9095
12563,0.902
12564,0.886
12565,0.8592
12566,0.8236
12567,0.7841
12568,0.7338
12569,0.6393
12570,0.5044
12571,0.3983
12572,0.3288
12573,0.2782
12574,0.2401
12575,0.2003
12576,0.1625
12577,0.1271
12578,0.1097
12579,0.101
12580,0.0855
12581,0.0471
12582,0.026
12583,0.021
12584,0.0196
12585,0.0172
12586,0.0141
12587,0.0104
12588,0.0084
12589,0.0089
12590,0.0079
12591,0.0034
12592,0.0058
12593,0.0249
12594,0.0793
12595,0.1856
12596,0.2633
12597,0.2481
12598,0.2083
12599,0.178
12600,0.1607
12601,0.1499
12602,0.1257
12603,0.0982
12604,0.0727
12605,0.0445
12606,0.029
12607,0.0347
12608,0.0367
12609,0.0431
12610,0.063
12611,0.0836
12612,0.1159
12613,0.1291
12614,0.1392
12615,0.1311
12616,0.1233
12617,0.1302
12618,0.122
12619,0.1567
12620,0.1832
12621,0.1866
12622,0.2022
12623,0.166
12624,0.1226
12625,0.0968
12626,0.0764
12627,0.0628
12628,0.0467
12629,0.0371
12630,0.0369
12631,0.0381
12632,0.0483
12633,0.0546
12634,0.0513
12635,0.0431
12636,0.032
12637,0.0191
12638,0.0088
12639,0.0033
12640,0.0015
12641,0.0022
12642,0.0041
12643,0.0116
12644,0.0305
12645,0.0587
12646,0.0799
12647,0.0945
12648,0.1014
12649,0.0918
12650,0.0798
12651,0.0729
12652,0.0698
12653,0.0564
12654,0.0558
12655,0.0639
12656,0.0728
12657,0.0979
12658,0.1316
12659,0.1669
12660,0.1914
12661,0.1831
12662,0.1717
12663,0.1595
12664,0.1526
12665,0.1297
12666,0.1167
12667,0.1563
12668,0.2075
12669,0.2407
12670,0.2827
12671,0.3252
12672,0.3368
12673,0.3422
12674,0.3462
12675,0.3527
12676,0.331
12677,0.3551
12678,0.4696
12679,0.5131
12680,0.5365
12681,0.549
12682,0.5706
12683,0.5905
12684,0.5951
12685,0.593
12686,0.5842
12687,0.5749
12688,0.4879
12689,0.2961
12690,0.1934
12691,0.2048
12692,0.2515
12693,0.2517
12694,0.2254
12695,0.2105
12696,0.1885
12697,0.1613
12698,0.1456
12699,0.1598
12700,0.1284
12701,0.0973
12702,0.0601
12703,0.0491
12704,0.0592
12705,0.0767
12706,0.1007
12707,0.1339
12708,0.1538
12709,0.1358
12710,0.0873
12711,0.047
12712,0.0206
12713,0.0076
12714,0.0158
12715,0.0476
12716,0.0897
12717,0.1006
12718,0.0884
12719,0.0752
12720,0.0652
12721,0.0646
12722,0.0618
12723,0.0585
12724,0.061
12725,0.063
12726,0.0981
12727,0.1425
12728,0.1702
12729,0.1665
12730,0.1379
12731,0.1161
12732,0.1219
12733,0.1526
12734,0.1903
12735,0.1961
12736,0.1782
12737,0.1322
12738,0.0915
12739,0.0836
12740,0.0699
12741,0.0789
12742,0.1188
12743,0.1785
12744,0.2283
12745,0.2546
12746,0.2647
12747,0.2558
12748,0.1899
12749,0.1379
12750,0.191
12751,0.2099
12752,0.219
12753,0.2137
12754,0.204
12755,0.1949
12756,0.1903
12757,0.1862
12758,0.1747
12759,0.1545
12760,0.1257
12761,0.0897
12762,0.052
12763,0.0316
12764,0.0166
12765,0.011
12766,0.0118
12767,0.0186
12768,0.0355
12769,0.0653
12770,0.1019
12771,0.1351
12772,0.1448
12773,0.0774
12774,0.04
12775,0.0534
12776,0.0534
12777,0.0485
12778,0.0419
12779,0.0367
12780,0.0341
12781,0.0325
12782,0.0295
12783,0.0246
12784,0.0198
12785,0.0166
12786,0.0175
12787,0.026
12788,0.0322
12789,0.0387
12790,0.0483
12791,0.0575
12792,0.0608
12793,0.0567
12794,0.0468
12795,0.0335
12796,0.0216
12797,0.008
12798,0.0028
12799,0.0057
12800,0.006
12801,0.0054
12802,0.004
12803,0.0026
12804,0.0023
12805,0.0024
12806,0.0033
12807,0.0088
12808,0.0208
12809,0.0364
12810,0.0506
12811,0.0618
12812,0.0709
12813,0.0788
12814,0.0926
12815,0.117
12816,0.1551
12817,0.2012
12818,0.2455
12819,0.2637
12820,0.2191
12821,0.1174
12822,0.09
12823,0.2055
12824,0.3531
12825,0.3167
12826,0.226
12827,0.2716
12828,0.3424
12829,0.3666
12830,0.3499
12831,0.3136
12832,0.2516
12833,0.1694
12834,0.121
12835,0.1089
12836,0.1124
12837,0.1196
12838,0.1353
12839,0.1453
12840,0.15
12841,0.1452
12842,0.1454
12843,0.1482
12844,0.12
12845,0.1029
12846,0.1049
12847,0.1116
12848,0.1342
12849,0.1575
12850,0.1795
12851,0.2028
12852,0.2203
12853,0.227
12854,0.2203
12855,0.2117
12856,0.2032
12857,0.1885
12858,0.1669
12859,0.182
12860,0.2103
12861,0.2099
12862,0.197
12863,0.1769
12864,0.1568
12865,0.1447
12866,0.1401
12867,0.1464
12868,0.1177
12869,0.0823
12870,0.102
12871,0.1176
12872,0.1237
12873,0.1183
12874,0.1021
12875,0.0838
12876,0.07
12877,0.0622
12878,0.0591
12879,0.062
12880,0.0715
12881,0.089
12882,0.1198
12883,0.1798
12884,0.2176
12885,0.2159
12886,0.198
12887,0.1785
12888,0.1721
12889,0.1757
12890,0.1798
12891,0.1754
12892,0.1154
12893,0.0442
12894,0.0531
12895,0.0665
12896,0.0597
12897,0.0559
12898,0.0526
12899,0.0487
12900,0.0453
12901,0.0424
12902,0.0405
12903,0.0417
12904,0.0483
12905,0.0657
12906,0.1068
12907,0.1871
12908,0.2489
12909,0.2572
12910,0.2377
12911,0.2078
12912,0.1749
12913,0.1477
12914,0.134
12915,0.1271
12916,0.0993
12917,0.0416
12918,0.027
12919,0.0471
12920,0.0719
12921,0.1053
12922,0.1411
12923,0.1658
12924,0.1779
12925,0.1756
12926,0.1635
12927,0.1545
12928,0.1408
12929,0.1258
12930,0.1359
12931,0.1826
12932,0.2249
12933,0.2464
12934,0.2586
12935,0.2703
12936,0.2848
12937,0.3031
12938,0.3232
12939,0.3256
12940,0.248
12941,0.1346
12942,0.1263
12943,0.1726
12944,0.1794
12945,0.1629
12946,0.1188
12947,0.0685
12948,0.0318
12949,0.0137
12950,0.0097
12951,0.0121
12952,0.0166
12953,0.0308
12954,0.0548
12955,0.0898
12956,0.1025
12957,0.1182
12958,0.1374
12959,0.1524
12960,0.1589
12961,0.1742
12962,0.2096
12963,0.2364
12964,0.2252
12965,0.1605
12966,0.1057
12967,0.1276
12968,0.1365
12969,0.1349
12970,0.1317
12971,0.1303
12972,0.1288
12973,0.1252
12974,0.1173
12975,0.1061
12976,0.0986
12977,0.1038
12978,0.1317
12979,0.16
12980,0.1695
12981,0.1519
12982,0.1251
12983,0.104
12984,0.0884
12985,0.0775
12986,0.0709
12987,0.064
12988,0.042
12989,0.0311
12990,0.03
12991,0.0341
12992,0.0402
12993,0.0469
12994,0.0535
12995,0.061
12996,0.0764
12997,0.1049
12998,0.1437
12999,0.1856
13000,0.2355
13001,0.2885
13002,0.3357
13003,0.3777
13004,0.3912
13005,0.3767
13006,0.3533
13007,0.3245
13008,0.2996
13009,0.2859
13010,0.2811
13011,0.269
13012,0.2721
13013,0.3058
13014,0.2836
13015,0.2544
13016,0.2276
13017,0.2117
13018,0.2048
13019,0.2042
13020,0.21
13021,0.2202
13022,0.2313
13023,0.244
13024,0.2576
13025,0.2648
13026,0.2884
13027,0.3563
13028,0.395
13029,0.3681
13030,0.3313
13031,0.295
13032,0.2655
13033,0.2408
13034,0.2197
13035,0.2011
13036,0.1419
13037,0.1251
13038,0.1247
13039,0.1121
13040,0.0975
13041,0.0857
13042,0.0753
13043,0.0688
13044,0.0689
13045,0.0777
13046,0.0922
13047,0.1085
13048,0.1201
13049,0.1238
13050,0.1605
13051,0.2561
13052,0.3388
13053,0.3669
13054,0.361
13055,0.3428
13056,0.323
13057,0.3088
13058,0.2984
13059,0.2948
13060,0.2513
13061,0.1239
13062,0.0492
13063,0.0376
13064,0.0448
13065,0.0433
13066,0.0421
13067,0.0415
13068,0.041
13069,0.0421
13070,0.0457
13071,0.0558
13072,0.0748
13073,0.0931
13074,0.1099
13075,0.1689
13076,0.2635
13077,0.3757
13078,0.4695
13079,0.5123
13080,0.4972
13081,0.4502
13082,0.399
13083,0.3457
13084,0.2663
13085,0.172
13086,0.1955
13087,0.2151
13088,0.2091
13089,0.1718
13090,0.1401
13091,0.1783
13092,0.215
13093,0.1421
13094,0.0682
13095,0.1134
13096,0.1785
13097,0.1808
13098,0.1589
13099,0.1671
13100,0.1841
13101,0.1737
13102,0.158
13103,0.1461
13104,0.135
13105,0.1258
13106,0.126
13107,0.1306
13108,0.1116
13109,0.1048
13110,0.1211
13111,0.1437
13112,0.1656
13113,0.1809
13114,0.1996
13115,0.2188
13116,0.2377
13117,0.2477
13118,0.2421
13119,0.2313
13120,0.2145
13121,0.1914
13122,0.1623
13123,0.1597
13124,0.1619
13125,0.1443
13126,0.1224
13127,0.0977
13128,0.0696
13129,0.0519
13130,0.0461
13131,0.0489
13132,0.0447
13133,0.0266
13134,0.0257
13135,0.0214
13136,0.0204
13137,0.0219
13138,0.0244
13139,0.0283
13140,0.0329
13141,0.0394
13142,0.0477
13143,0.0606
13144,0.083
13145,0.1215
13146,0.1779
13147,0.2557
13148,0.3047
13149,0.2951
13150,0.2711
13151,0.2539
13152,0.2437
13153,0.2221
13154,0.1999
13155,0.182
13156,0.1287
13157,0.1036
13158,0.1165
13159,0.1026
13160,0.0917
13161,0.0912
13162,0.0974
13163,0.106
13164,0.1176
13165,0.1337
13166,0.154
13167,0.1791
13168,0.2118
13169,0.248
13170,0.2782
13171,0.3233
13172,0.3526
13173,0.3186
13174,0.2862
13175,0.2556
13176,0.228
13177,0.2079
13178,0.1911
13179,0.1713
13180,0.1077
13181,0.061
13182,0.0613
13183,0.0373
13184,0.0249
13185,0.0195
13186,0.0163
13187,0.0134
13188,0.0121
13189,0.0127
13190,0.0144
13191,0.0161
13192,0.0196
13193,0.0301
13194,0.0677
13195,0.1281
13196,0.1471
13197,0.1286
13198,0.1015
13199,0.0745
13200,0.0538
13201,0.0449
13202,0.0444
13203,0.0474
13204,0.0463
13205,0.0279
13206,0.0227
13207,0.0283
13208,0.0422
13209,0.0575
13210,0.071
13211,0.086
13212,0.1042
13213,0.1207
13214,0.1281
13215,0.1265
13216,0.1184
13217,0.1068
13218,0.1011
13219,0.1042
13220,0.0912
13221,0.0624
13222,0.034
13223,0.017
13224,0.0179
13225,0.0363
13226,0.0742
13227,0.1198
13228,0.1364
13229,0.0933
13230,0.0797
13231,0.0965
13232,0.1123
13233,0.1294
13234,0.1399
13235,0.1456
13236,0.1534
13237,0.165
13238,0.1798
13239,0.1937
13240,0.1949
13241,0.1808
13242,0.1564
13243,0.1408
13244,0.1273
13245,0.1054
13246,0.0888
13247,0.0788
13248,0.0738
13249,0.0695
13250,0.067
13251,0.0651
13252,0.0552
13253,0.0458
13254,0.0372
13255,0.0324
13256,0.0395
13257,0.0542
13258,0.0674
13259,0.0811
13260,0.0987
13261,0.1183
13262,0.1371
13263,0.1551
13264,0.1735
13265,0.1906
13266,0.1996
13267,0.2249
13268,0.2457
13269,0.2205
13270,0.1935
13271,0.1651
13272,0.138
13273,0.1123
13274,0.0915
13275,0.0784
13276,0.0577
13277,0.0396
13278,0.0557
13279,0.0662
13280,0.0885
13281,0.1207
13282,0.159
13283,0.1937
13284,0.2113
13285,0.2113
13286,0.2097
13287,0.2143
13288,0.2075
13289,0.1848
13290,0.1599
13291,0.1702
13292,0.1903
13293,0.1861
13294,0.1831
13295,0.1669
13296,0.1452
13297,0.1295
13298,0.1114
13299,0.0844
13300,0.0505
13301,0.034
13302,0.0469
13303,0.044
13304,0.0437
13305,0.0448
13306,0.0443
13307,0.0427
13308,0.0408
13309,0.0441
13310,0.0559
13311,0.073
13312,0.0858
13313,0.0925
13314,0.1023
13315,0.14
13316,0.1695
13317,0.1652
13318,0.1466
13319,0.1274
13320,0.1053
13321,0.0796
13322,0.0592
13323,0.0483
13324,0.0389
13325,0.0178
13326,0.0091
13327,0.0043
13328,0.0038
13329,0.0046
13330,0.007
13331,0.0112
13332,0.0171
13333,0.0236
13334,0.0287
13335,0.0309
13336,0.0279
13337,0.022
13338,0.0164
13339,0.0156
13340,0.035
13341,0.0539
13342,0.0595
13343,0.0646
13344,0.0722
13345,0.0827
13346,0.0979
13347,0.1224
13348,0.1405
13349,0.125
13350,0.0866
13351,0.068
13352,0.0802
13353,0.0973
13354,0.115
13355,0.134
13356,0.1537
13357,0.1724
13358,0.1843
13359,0.1809
13360,0.1633
13361,0.1289
13362,0.0998
13363,0.0949
13364,0.0777
13365,0.0536
13366,0.0327
13367,0.025
13368,0.0286
13369,0.0384
13370,0.06
13371,0.0835
13372,0.0868
13373,0.058
13374,0.0614
13375,0.0835
13376,0.1086
13377,0.1478
13378,0.1983
13379,0.2551
13380,0.3176
13381,0.3547
13382,0.3643
13383,0.3488
13384,0.324
13385,0.2794
13386,0.2061
13387,0.1647
13388,0.1497
13389,0.1407
13390,0.1498
13391,0.1543
13392,0.1574
13393,0.1639
13394,0.1668
13395,0.1666
13396,0.1429
13397,0.1085
13398,0.1104
13399,0.1013
13400,0.1107
13401,0.1306
13402,0.15
13403,0.1721
13404,0.1911
13405,0.2085
13406,0.2289
13407,0.2503
13408,0.259
13409,0.2438
13410,0.2105
13411,0.1819
13412,0.1684
13413,0.162
13414,0.1523
13415,0.146
13416,0.1383
13417,0.1353
13418,0.1372
13419,0.1428
13420,0.1161
13421,0.1395
13422,0.1488
13423,0.1386
13424,0.1393
13425,0.1427
13426,0.1488
13427,0.1608
13428,0.1748
13429,0.1879
13430,0.2004
13431,0.2134
13432,0.2239
13433,0.2196
13434,0.1927
13435,0.186
13436,0.1886
13437,0.1801
13438,0.1784
13439,0.1725
13440,0.1673
13441,0.1525
13442,0.1338
13443,0.1128
13444,0.0769
13445,0.0553
13446,0.0499
13447,0.0408
13448,0.0415
13449,0.0475
13450,0.055
13451,0.0656
13452,0.0787
13453,0.092
13454,0.1032
13455,0.1114
13456,0.1176
13457,0.1194
13458,0.118
13459,0.1362
13460,0.1542
13461,0.1418
13462,0.1279
13463,0.111
13464,0.09
13465,0.0687
13466,0.049
13467,0.032
13468,0.0172
13469,0.0063
13470,0.0014
13471,0.0008
13472,0.0015
13473,0.0031
13474,0.0053
13475,0.0087
13476,0.0127
13477,0.0146
13478,0.0141
13479,0.0133
13480,0.0135
13481,0.0155
13482,0.026
13483,0.0498
13484,0.0652
13485,0.0761
13486,0.0848
13487,0.084
13488,0.0746
13489,0.0601
13490,0.0452
13491,0.0313
13492,0.0206
13493,0.0069
13494,0.0025
13495,0.0016
13496,0.0008
13497,0.0006
13498,0.0005
13499,0.0012
13500,0.0025
13501,0.0041
13502,0.0051
13503,0.0053
13504,0.0054
13505,0.0065
13506,0.0128
13507,0.0262
13508,0.0421
13509,0.0563
13510,0.0661
13511,0.0756
13512,0.0804
13513,0.0762
13514,0.0744
13515,0.0891
13516,0.0993
13517,0.0658
13518,0.0702
13519,0.0949
13520,0.1351
13521,0.1784
13522,0.2208
13523,0.2607
13524,0.2813
13525,0.2751
13526,0.2595
13527,0.2523
13528,0.2473
13529,0.2157
13530,0.1589
13531,0.1345
13532,0.1343
13533,0.1456
13534,0.1438
13535,0.136
13536,0.1268
13537,0.1239
13538,0.1245
13539,0.1247
13540,0.1029
13541,0.0647
13542,0.0629
13543,0.0677
13544,0.0741
13545,0.0863
13546,0.1056
13547,0.1233
13548,0.1338
13549,0.1374
13550,0.1373
13551,0.1286
13552,0.1117
13553,0.0828
13554,0.0546
13555,0.0459
13556,0.0624
13557,0.104
13558,0.157
13559,0.2144
13560,0.2635
13561,0.2905
13562,0.3014
13563,0.3086
13564,0.2972
13565,0.2278
13566,0.2348
13567,0.2972
13568,0.2806
13569,0.2738
13570,0.322
13571,0.4059
13572,0.4856
13573,0.546
13574,0.5661
13575,0.5512
13576,0.5144
13577,0.4446
13578,0.3607
13579,0.3195
13580,0.2835
13581,0.2603
13582,0.2526
13583,0.2336
13584,0.2143
13585,0.1842
13586,0.1571
13587,0.1457
13588,0.1118
13589,0.0614
13590,0.0506
13591,0.0608
13592,0.0831
13593,0.0967
13594,0.1039
13595,0.1148
13596,0.1252
13597,0.121
13598,0.1113
13599,0.1081
13600,0.0997
13601,0.0759
13602,0.0666
13603,0.0753
13604,0.0664
13605,0.0464
13606,0.0288
13607,0.0177
13608,0.0137
13609,0.0229
13610,0.0505
13611,0.097
13612,0.1347
13613,0.1094
13614,0.0915
13615,0.1562
13616,0.1879
13617,0.1797
13618,0.1524
13619,0.1236
13620,0.0978
13621,0.0766
13622,0.0601
13623,0.049
13624,0.0401
13625,0.0323
13626,0.0288
13627,0.0289
13628,0.0272
13629,0.0273
13630,0.0304
13631,0.0357
13632,0.0462
13633,0.0623
13634,0.0786
13635,0.0959
13636,0.1132
13637,0.0895
13638,0.0366
13639,0.0386
13640,0.0459
13641,0.037
13642,0.0295
13643,0.0231
13644,0.0176
13645,0.0134
13646,0.0109
13647,0.0108
13648,0.014
13649,0.0231
13650,0.0458
13651,0.0891
13652,0.1353
13653,0.1835
13654,0.2248
13655,0.2672
13656,0.3209
13657,0.3782
13658,0.4325
13659,0.4534
13660,0.4263
13661,0.2766
13662,0.1282
13663,0.0746
13664,0.0877
13665,0.0769
13666,0.0619
13667,0.0583
13668,0.0634
13669,0.0722
13670,0.0805
13671,0.0886
13672,0.0962
13673,0.1035
13674,0.1241
13675,0.1522
13676,0.1587
13677,0.1456
13678,0.1291
13679,0.1251
13680,0.1339
13681,0.1492
13682,0.167
13683,0.1935
13684,0.2099
13685,0.1554
13686,0.0965
13687,0.0817
13688,0.098
13689,0.0984
13690,0.0897
13691,0.076
13692,0.0617
13693,0.0493
13694,0.0412
13695,0.0419
13696,0.0487
13697,0.0474
13698,0.0775
13699,0.1656
13700,0.2887
13701,0.4016
13702,0.4457
13703,0.4329
13704,0.3956
13705,0.342
13706,0.2833
13707,0.2114
13708,0.1544
13709,0.0917
13710,0.0291
13711,0.0215
13712,0.0289
13713,0.0304
13714,0.031
13715,0.0336
13716,0.0416
13717,0.0549
13718,0.0921
13719,0.1796
13720,0.2812
13721,0.3332
13722,0.3223
13723,0.277
13724,0.2231
13725,0.1698
13726,0.1312
13727,0.1001
13728,0.0787
13729,0.0721
13730,0.08
13731,0.0962
13732,0.0988
13733,0.0765
13734,0.0685
13735,0.0642
13736,0.0594
13737,0.0526
13738,0.0455
13739,0.036
13740,0.028
13741,0.0267
13742,0.0325
13743,0.0505
13744,0.0811
13745,0.1077
13746,0.1183
13747,0.1325
13748,0.1572
13749,0.1659
13750,0.1709
13751,0.1711
13752,0.1741
13753,0.1831
13754,0.2033
13755,0.2181
13756,0.2189
13757,0.2117
13758,0.23
13759,0.2381
13760,0.2424
13761,0.2481
13762,0.2501
13763,0.2579
13764,0.2712
13765,0.2896
13766,0.3066
13767,0.3024
13768,0.2796
13769,0.2185
13770,0.1442
13771,0.1247
13772,0.1251
13773,0.1332
13774,0.1447
13775,0.1499
13776,0.1455
13777,0.1421
13778,0.1435
13779,0.1455
13780,0.1346
13781,0.0721
13782,0.0524
13783,0.0534
13784,0.0438
13785,0.0375
13786,0.0339
13787,0.0292
13788,0.0228
13789,0.0161
13790,0.0095
13791,0.0043
13792,0.002
13793,0.0019
13794,0.0065
13795,0.0196
13796,0.0423
13797,0.082
13798,0.1405
13799,0.2037
13800,0.2569
13801,0.2996
13802,0.3227
13803,0.3203
13804,0.2951
13805,0.1841
13806,0.1494
13807,0.2098
13808,0.2579
13809,0.3152
13810,0.3745
13811,0.4241
13812,0.4587
13813,0.4755
13814,0.4701
13815,0.4528
13816,0.4307
13817,0.379
13818,0.2998
13819,0.2721
13820,0.2794
13821,0.2863
13822,0.2945
13823,0.2878
13824,0.2828
13825,0.2773
13826,0.2755
13827,0.2806
13828,0.2711
13829,0.2893
13830,0.4112
13831,0.4508
13832,0.4534
13833,0.452
13834,0.4544
13835,0.4504
13836,0.4353
13837,0.4119
13838,0.3799
13839,0.3436
13840,0.3097
13841,0.2659
13842,0.2066
13843,0.1758
13844,0.1577
13845,0.1551
13846,0.1644
13847,0.1828
13848,0.2016
13849,0.2179
13850,0.2339
13851,0.2416
13852,0.2211
13853,0.1314
13854,0.1402
13855,0.1632
13856,0.1761
13857,0.1768
13858,0.1523
13859,0.127
13860,0.1242
13861,0.1225
13862,0.1117
13863,0.1017
13864,0.0898
13865,0.075
13866,0.0701
13867,0.0762
13868,0.0679
13869,0.0553
13870,0.0453
13871,0.0407
13872,0.0407
13873,0.0433
13874,0.0474
13875,0.0547
13876,0.0617
13877,0.046
13878,0.0513
13879,0.0811
13880,0.1189
13881,0.1618
13882,0.2123
13883,0.2695
13884,0.321
13885,0.3582
13886,0.3837
13887,0.3983
13888,0.4013
13889,0.3768
13890,0.3096
13891,0.2697
13892,0.245
13893,0.2227
13894,0.214
13895,0.2069
13896,0.206
13897,0.198
13898,0.1862
13899,0.1689
13900,0.1418
13901,0.0829
13902,0.0668
13903,0.0435
13904,0.0291
13905,0.0234
13906,0.0237
13907,0.0282
13908,0.0339
13909,0.0378
13910,0.0391
13911,0.0377
13912,0.0361
13913,0.0383
13914,0.0541
13915,0.0863
13916,0.1117
13917,0.1224
13918,0.1221
13919,0.1194
13920,0.1144
13921,0.11
13922,0.1096
13923,0.1079
13924,0.1
13925,0.0517
13926,0.0285
13927,0.0182
13928,0.0135
13929,0.016
13930,0.0163
13931,0.0138
13932,0.0115
13933,0.01
13934,0.0099
13935,0.0088
13936,0.0068
13937,0.0053
13938,0.0085
13939,0.0174
13940,0.0264
13941,0.0285
13942,0.0275
13943,0.0296
13944,0.0615
13945,0.0942
13946,0.1071
13947,0.1194
13948,0.1371
13949,0.1277
13950,0.1433
13951,0.1786
13952,0.2058
13953,0.2275
13954,0.2458
13955,0.2555
13956,0.2535
13957,0.2569
13958,0.2634
13959,0.2766
13960,0.2812
13961,0.2508
13962,0.1945
13963,0.1675
13964,0.1549
13965,0.1453
13966,0.1391
13967,0.1434
13968,0.1559
13969,0.1582
13970,0.155
13971,0.1476
13972,0.1289
13973,0.0905
13974,0.0922
13975,0.1107
13976,0.131
13977,0.1493
13978,0.1537
13979,0.152
13980,0.157
13981,0.1661
13982,0.1739
13983,0.1888
13984,0.1971
13985,0.169
13986,0.1456
13987,0.1599
13988,0.1623
13989,0.1623
13990,0.1665
13991,0.1665
13992,0.1696
13993,0.1755
13994,0.1844
13995,0.193
13996,0.1875
13997,0.1391
13998,0.1825
13999,0.2117
14000,0.2329
14001,0.2561
14002,0.2799
14003,0.2997
14004,0.3134
14005,0.3309
14006,0.3475
14007,0.3428
14008,0.322
14009,0.2943
14010,0.2522
14011,0.245
14012,0.2422
14013,0.2393
14014,0.2391
14015,0.2406
14016,0.2399
14017,0.2313
14018,0.2215
14019,0.2119
14020,0.1908
14021,0.1285
14022,0.1214
14023,0.1513
14024,0.176
14025,0.1902
14026,0.1945
14027,0.1945
14028,0.1747
14029,0.1472
14030,0.1029
14031,0.0643
14032,0.0369
14033,0.0145
14034,0.0026
14035,0.0156
14036,0.0688
14037,0.1526
14038,0.2313
14039,0.2743
14040,0.2896
14041,0.2949
14042,0.2894
14043,0.2881
14044,0.3119
14045,0.3366
14046,0.3135
14047,0.3256
14048,0.3566
14049,0.3474
14050,0.3095
14051,0.2881
14052,0.2754
14053,0.2721
14054,0.2919
14055,0.3051
14056,0.3098
14057,0.3245
14058,0.3709
14059,0.418
14060,0.4594
14061,0.4829
14062,0.5204
14063,0.5796
14064,0.6026
14065,0.6112
14066,0.6294
14067,0.648
14068,0.6623
14069,0.6816
14070,0.8002
14071,0.8507
14072,0.8522
14073,0.8463
14074,0.844
14075,0.8461
14076,0.8519
14077,0.8565
14078,0.8516
14079,0.8279
14080,0.7784
14081,0.6905
14082,0.5647
14083,0.4835
14084,0.4212
14085,0.3795
14086,0.3663
14087,0.3345
14088,0.2882
14089,0.2684
14090,0.26
14091,0.2438
14092,0.2256
14093,0.1679
14094,0.1973
14095,0.2845
14096,0.2853
14097,0.2823
14098,0.2751
14099,0.3027
14100,0.3324
14101,0.3289
14102,0.3094
14103,0.2788
14104,0.2753
14105,0.2714
14106,0.2381
14107,0.2296
14108,0.2176
14109,0.2308
14110,0.2381
14111,0.2374
14112,0.2318
14113,0.2276
14114,0.2263
14115,0.223
14116,0.2142
14117,0.1358
14118,0.1198
14119,0.1448
14120,0.1492
14121,0.159
14122,0.1763
14123,0.193
14124,0.1967
14125,0.1895
14126,0.1697
14127,0.1448
14128,0.1171
14129,0.082
14130,0.0778
14131,0.1084
14132,0.1421
14133,0.1648
14134,0.183
14135,0.1905
14136,0.1962
14137,0.2045
14138,0.1999
14139,0.1946
14140,0.1915
14141,0.1644
14142,0.1369
14143,0.1676
14144,0.2326
14145,0.2716
14146,0.2848
14147,0.3068
14148,0.3122
14149,0.2834
14150,0.2508
14151,0.2241
14152,0.1934
14153,0.1439
14154,0.1146
14155,0.1402
14156,0.1611
14157,0.1761
14158,0.187
14159,0.1861
14160,0.1739
14161,0.1601
14162,0.1529
14163,0.1507
14164,0.1563
14165,0.1233
14166,0.0932
14167,0.1065
14168,0.1104
14169,0.1229
14170,0.1461
14171,0.1771
14172,0.1958
14173,0.2015
14174,0.2131
14175,0.2353
14176,0.2398
14177,0.1962
14178,0.1977
14179,0.2467
14180,0.2881
14181,0.2911
14182,0.3088
14183,0.3492
14184,0.3958
14185,0.4003
14186,0.3927
14187,0.3712
14188,0.3614
14189,0.3656
14190,0.3585
14191,0.4616
14192,0.5242
14193,0.5328
14194,0.5345
14195,0.5343
14196,0.5397
14197,0.5399
14198,0.5185
14199,0.4963
14200,0.4552
14201,0.3123
14202,0.26
14203,0.2814
14204,0.2613
14205,0.2119
14206,0.1599
14207,0.1283
14208,0.1178
14209,0.1252
14210,0.1424
14211,0.1525
14212,0.1562
14213,0.1168
14214,0.0869
14215,0.1028
14216,0.142
14217,0.19
14218,0.2149
14219,0.2284
14220,0.2395
14221,0.2482
14222,0.2475
14223,0.2096
14224,0.1418
14225,0.1117
14226,0.1464
14227,0.2336
14228,0.3209
14229,0.3542
14230,0.3358
14231,0.3181
14232,0.3208
14233,0.3166
14234,0.3332
14235,0.3494
14236,0.3628
14237,0.3688
14238,0.3999
14239,0.4637
14240,0.4899
14241,0.498
14242,0.4899
14243,0.4827
14244,0.4814
14245,0.4309
14246,0.3788
14247,0.3648
14248,0.3084
14249,0.2347
14250,0.2376
14251,0.2107
14252,0.1781
14253,0.1549
14254,0.138
14255,0.1202
14256,0.1029
14257,0.1044
14258,0.113
14259,0.1012
14260,0.0979
14261,0.0993
14262,0.0967
14263,0.0927
14264,0.1311
14265,0.1995
14266,0.2624
14267,0.3056
14268,0.3403
14269,0.3712
14270,0.3952
14271,0.3971
14272,0.3764
14273,0.3462
14274,0.3378
14275,0.3288
14276,0.3008
14277,0.2935
14278,0.3051
14279,0.3138
14280,0.3048
14281,0.2866
14282,0.2779
14283,0.2798
14284,0.2862
14285,0.2359
14286,0.2184
14287,0.3223
14288,0.3694
14289,0.4055
14290,0.4278
14291,0.4456
14292,0.4447
14293,0.4126
14294,0.3707
14295,0.3491
14296,0.3338
14297,0.2966
14298,0.2681
14299,0.25
14300,0.2294
14301,0.2197
14302,0.2169
14303,0.2043
14304,0.1948
14305,0.1883
14306,0.1823
14307,0.177
14308,0.1762
14309,0.134
14310,0.0664
14311,0.0866
14312,0.1108
14313,0.1363
14314,0.1592
14315,0.1736
14316,0.18
14317,0.176
14318,0.166
14319,0.1545
14320,0.1418
14321,0.1236
14322,0.1314
14323,0.1427
14324,0.1413
14325,0.1265
14326,0.1049
14327,0.0846
14328,0.0648
14329,0.045
14330,0.031
14331,0.0281
14332,0.0343
14333,0.0431
14334,0.0242
14335,0.0144
14336,0.0111
14337,0.0076
14338,0.0056
14339,0.004
14340,0.0023
14341,0.001
14342,0.0004
14343,0.0012
14344,0.0039
14345,0.0151
14346,0.0381
14347,0.059
14348,0.0737
14349,0.0831
14350,0.0863
14351,0.085
14352,0.0807
14353,0.0823
14354,0.0883
14355,0.0916
14356,0.0927
14357,0.0829
14358,0.0415
14359,0.0226
14360,0.0281
14361,0.0306
14362,0.0326
14363,0.0347
14364,0.0368
14365,0.039
14366,0.0392
14367,0.0381
14368,0.0372
14369,0.0479
14370,0.067
14371,0.0706
14372,0.0651
14373,0.0592
14374,0.0504
14375,0.0368
14376,0.0258
14377,0.0209
14378,0.0212
14379,0.0249
14380,0.0332
14381,0.0406
14382,0.0204
14383,0.0086
14384,0.0162
14385,0.0141
14386,0.0123
14387,0.0117
14388,0.0127
14389,0.0156
14390,0.0212
14391,0.03
14392,0.0455
14393,0.0842
14394,0.1662
14395,0.25
14396,0.2999
14397,0.3142
14398,0.3022
14399,0.2754
14400,0.2391
14401,0.2015
14402,0.1676
14403,0.1356
14404,0.1153
14405,0.1054
14406,0.0615
14407,0.0237
14408,0.0295
14409,0.0464
14410,0.0475
14411,0.0412
14412,0.0325
14413,0.0248
14414,0.0195
14415,0.0169
14416,0.0177
14417,0.0216
14418,0.0332
14419,0.0514
14420,0.069
14421,0.0827
14422,0.0923
14423,0.0982
14424,0.1025
14425,0.1063
14426,0.1102
14427,0.1147
14428,0.1169
14429,0.1134
14430,0.0646
14431,0.0197
14432,0.0113
14433,0.0161
14434,0.0166
14435,0.0125
14436,0.0083
14437,0.0052
14438,0.003
14439,0.0021
14440,0.0064
14441,0.0245
14442,0.0628
14443,0.1039
14444,0.135
14445,0.1519
14446,0.1514
14447,0.1383
14448,0.1151
14449,0.086
14450,0.0585
14451,0.0372
14452,0.0238
14453,0.0159
14454,0.0058
14455,0.0008
14456,0.003
14457,0.0123
14458,0.0131
14459,0.0106
14460,0.0073
14461,0.0045
14462,0.0029
14463,0.0035
14464,0.0086
14465,0.0272
14466,0.0683
14467,0.1104
14468,0.1358
14469,0.1444
14470,0.1356
14471,0.1189
14472,0.101
14473,0.0873
14474,0.0791
14475,0.0755
14476,0.0759
14477,0.0795
14478,0.049
14479,0.0178
14480,0.0151
14481,0.0186
14482,0.0192
14483,0.0206
14484,0.0224
14485,0.0232
14486,0.0226
14487,0.0219
14488,0.021
14489,0.0211
14490,0.0199
14491,0.0189
14492,0.0227
14493,0.0354
14494,0.0647
14495,0.1124
14496,0.1632
14497,0.1951
14498,0.1944
14499,0.1745
14500,0.1534
14501,0.1206
14502,0.0692
14503,0.0636
14504,0.0853
14505,0.0984
14506,0.1018
14507,0.0979
14508,0.0915
14509,0.0853
14510,0.0793
14511,0.0658
14512,0.0492
14513,0.0368
14514,0.0309
14515,0.0344
14516,0.0473
14517,0.0598
14518,0.0707
14519,0.0746
14520,0.0655
14521,0.0613
14522,0.0721
14523,0.0784
14524,0.0744
14525,0.0601
14526,0.0469
14527,0.0647
14528,0.0741
14529,0.085
14530,0.1029
14531,0.1229
14532,0.1383
14533,0.1397
14534,0.1255
14535,0.1047
14536,0.0836
14537,0.0734
14538,0.0929
14539,0.1146
14540,0.1189
14541,0.1089
14542,0.0871
14543,0.0602
14544,0.0405
14545,0.0308
14546,0.0308
14547,0.0351
14548,0.0404
14549,0.0441
14550,0.0261
14551,0.0214
14552,0.0224
14553,0.0226
14554,0.0246
14555,0.0276
14556,0.0299
14557,0.0311
14558,0.0299
14559,0.0253
14560,0.0197
14561,0.02
14562,0.018
14563,0.0127
14564,0.0142
14565,0.0288
14566,0.0529
14567,0.0821
14568,0.1053
14569,0.1182
14570,0.1289
14571,0.1477
14572,0.1772
14573,0.2053
14574,0.1457
14575,0.0617
14576,0.0765
14577,0.1311
14578,0.1704
14579,0.2146
14580,0.2558
14581,0.2895
14582,0.3167
14583,0.3366
14584,0.3632
14585,0.4139
14586,0.4258
14587,0.3763
14588,0.3033
14589,0.2298
14590,0.1757
14591,0.1524
14592,0.1477
14593,0.1414
14594,0.133
14595,0.1212
14596,0.1149
14597,0.1067
14598,0.0814
14599,0.0849
14600,0.0866
14601,0.0835
14602,0.0786
14603,0.0816
14604,0.0936
14605,0.1115
14606,0.1296
14607,0.143
14608,0.1485
14609,0.1443
14610,0.1603
14611,0.1545
14612,0.1232
14613,0.0915
14614,0.0754
14615,0.0749
14616,0.085
14617,0.0884
14618,0.0834
14619,0.0689
14620,0.0505
14621,0.0432
14622,0.0277
14623,0.0309
14624,0.0487
14625,0.0675
14626,0.0742
14627,0.0773
14628,0.0805
14629,0.0856
14630,0.0896
14631,0.0883
14632,0.0875
14633,0.0962
14634,0.1165
14635,0.13
14636,0.1446
14637,0.1545
14638,0.1518
14639,0.1542
14640,0.1662
14641,0.1809
14642,0.1981
14643,0.2131
14644,0.2258
14645,0.212
14646,0.1448
14647,0.2264
14648,0.2573
14649,0.2576
14650,0.2436
14651,0.228
14652,0.2156
14653,0.2054
14654,0.1914
14655,0.1719
14656,0.1528
14657,0.1284
14658,0.1248
14659,0.1319
14660,0.1276
14661,0.128
14662,0.132
14663,0.1331
14664,0.1379
14665,0.1488
14666,0.1668
14667,0.1889
14668,0.2251
14669,0.2398
14670,0.2294
14671,0.3619
14672,0.4323
14673,0.4593
14674,0.4808
14675,0.5062
14676,0.5197
14677,0.5035
14678,0.4634
14679,0.4206
14680,0.3657
14681,0.2922
14682,0.3024
14683,0.3266
14684,0.3394
14685,0.3492
14686,0.3572
14687,0.3535
14688,0.3529
14689,0.3493
14690,0.3216
14691,0.2965
14692,0.2867
14693,0.2654
14694,0.2147
14695,0.2998
14696,0.3198
14697,0.3307
14698,0.3459
14699,0.3616
14700,0.3612
14701,0.3559
14702,0.3483
14703,0.3308
14704,0.2951
14705,0.2292
14706,0.1832
14707,0.155
14708,0.1166
14709,0.0759
14710,0.0454
14711,0.0378
14712,0.0473
14713,0.0687
14714,0.0992
14715,0.1282
14716,0.1471
14717,0.1557
14718,0.1033
14719,0.0994
14720,0.1272
14721,0.1613
14722,0.1925
14723,0.2237
14724,0.256
14725,0.2832
14726,0.2948
14727,0.2893
14728,0.2466
14729,0.2066
14730,0.2089
14731,0.1971
14732,0.187
14733,0.1752
14734,0.1676
14735,0.1518
14736,0.1417
14737,0.1297
14738,0.1198
14739,0.1104
14740,0.1019
14741,0.0914
14742,0.0637
14743,0.0603
14744,0.0681
14745,0.0765
14746,0.0942
14747,0.1185
14748,0.1421
14749,0.1687
14750,0.2019
14751,0.2286
14752,0.2207
14753,0.1897
14754,0.2046
14755,0.2088
14756,0.207
14757,0.1964
14758,0.2008
14759,0.2084
14760,0.2134
14761,0.2069
14762,0.1959
14763,0.1716
14764,0.157
14765,0.1504
14766,0.1204
14767,0.125
14768,0.1573
14769,0.1506
14770,0.1388
14771,0.1246
14772,0.1134
14773,0.1143
14774,0.1196
14775,0.1215
14776,0.1186
14777,0.1084
14778,0.125
14779,0.1259
14780,0.1108
14781,0.088
14782,0.0674
14783,0.0523
14784,0.0484
14785,0.0599
14786,0.0808
14787,0.0944
14788,0.0915
14789,0.0827
14790,0.0504
14791,0.0292
14792,0.0343
14793,0.0443
14794,0.0528
14795,0.0632
14796,0.0743
14797,0.0801
14798,0.073
14799,0.0558
14800,0.0345
14801,0.0221
14802,0.0201
14803,0.0285
14804,0.0417
14805,0.0539
14806,0.0612
14807,0.0648
14808,0.0655
14809,0.0637
14810,0.0593
14811,0.0511
14812,0.0432
14813,0.0358
14814,0.0201
14815,0.001
14816,0.0006
14817,0.0006
14818,0.0004
14819,0.0032
14820,0.0107
14821,0.0215
14822,0.0301
14823,0.0314
14824,0.0319
14825,0.0547
14826,0.0835
14827,0.0931
14828,0.0635
14829,0.0327
14830,0.0226
14831,0.0309
14832,0.0518
14833,0.0818
14834,0.116
14835,0.1467
14836,0.1793
14837,0.2082
14838,0.1724
14839,0.1412
14840,0.1726
14841,0.3092
14842,0.4117
14843,0.456
14844,0.4796
14845,0.4982
14846,0.5035
14847,0.4722
14848,0.3902
14849,0.3615
14850,0.3988
14851,0.4174
14852,0.393
14853,0.3683
14854,0.354
14855,0.3198
14856,0.2831
14857,0.267
14858,0.2637
14859,0.2588
14860,0.2496
14861,0.2336
14862,0.1708
14863,0.166
14864,0.219
14865,0.2511
14866,0.2653
14867,0.2593
14868,0.2501
14869,0.2432
14870,0.2431
14871,0.2563
14872,0.2679
14873,0.2572
14874,0.2665
14875,0.2696
14876,0.2644
14877,0.2501
14878,0.248
14879,0.2425
14880,0.238
14881,0.2216
14882,0.2064
14883,0.203
14884,0.1988
14885,0.1765
14886,0.1003
14887,0.0663
14888,0.0447
14889,0.0414
14890,0.0459
14891,0.0472
14892,0.0461
14893,0.0495
14894,0.0589
14895,0.0729
14896,0.0893
14897,0.1307
14898,0.2092
14899,0.2334
14900,0.2184
14901,0.2071
14902,0.2053
14903,0.199
14904,0.1902
14905,0.1824
14906,0.1778
14907,0.1686
14908,0.1637
14909,0.162
14910,0.0887
14911,0.038
14912,0.0532
14913,0.0319
14914,0.0178
14915,0.0173
14916,0.0199
14917,0.02
14918,0.019
14919,0.0207
14920,0.0324
14921,0.0768
14922,0.1203
14923,0.1315
14924,0.1251
14925,0.1092
14926,0.0851
14927,0.0662
14928,0.0625
14929,0.0715
14930,0.0844
14931,0.0932
14932,0.103
14933,0.12
14934,0.1051
14935,0.0461
14936,0.04
14937,0.0533
14938,0.0498
14939,0.0525
14940,0.0598
14941,0.0669
14942,0.0706
14943,0.0749
14944,0.0796
14945,0.0963
14946,0.108
14947,0.1042
14948,0.0854
14949,0.0537
14950,0.027
14951,0.0132
14952,0.0076
14953,0.0087
14954,0.0149
14955,0.0243
14956,0.0405
14957,0.0586
14958,0.0502
14959,0.0334
14960,0.043
14961,0.0643
14962,0.0865
14963,0.1098
14964,0.1407
14965,0.1765
14966,0.1907
14967,0.169
14968,0.1212
14969,0.086
14970,0.0875
14971,0.0862
14972,0.0744
14973,0.0659
14974,0.0676
14975,0.0702
14976,0.0645
14977,0.0554
14978,0.0471
14979,0.0396
14980,0.0369
14981,0.0442
14982,0.0409
14983,0.0443
14984,0.0627
14985,0.0812
14986,0.1114
14987,0.1499
14988,0.1904
14989,0.229
14990,0.2659
14991,0.3049
14992,0.3233
14993,0.3009
14994,0.2868
14995,0.2677
14996,0.2516
14997,0.2109
14998,0.1787
14999,0.1524
15000,0.1314
15001,0.1177
15002,0.1122
15003,0.1138
15004,0.1061
15005,0.0898
15006,0.0528
15007,0.0444
15008,0.0887
15009,0.0788
15010,0.0733
15011,0.0822
15012,0.0995
15013,0.1229
15014,0.1511
15015,0.1793
15016,0.2102
15017,0.2503
15018,0.3007
15019,0.2906
15020,0.2587
15021,0.2294
15022,0.2048
15023,0.1841
15024,0.165
15025,0.1461
15026,0.1263
15027,0.1052
15028,0.0863
15029,0.0762
15030,0.0465
15031,0.0413
15032,0.095
15033,0.0969
15034,0.0877
15035,0.0976
15036,0.1088
15037,0.1082
15038,0.1105
15039,0.123
15040,0.1376
15041,0.1719
15042,0.2282
15043,0.2447
15044,0.2419
15045,0.2321
15046,0.219
15047,0.2038
15048,0.1878
15049,0.1714
15050,0.1573
15051,0.1476
15052,0.1447
15053,0.1482
15054,0.1074
15055,0.0448
15056,0.0852
15057,0.1181
15058,0.1236
15059,0.1333
15060,0.1474
15061,0.1644
15062,0.1867
15063,0.2119
15064,0.2218
15065,0.3087
15066,0.415
15067,0.4211
15068,0.3919
15069,0.3617
15070,0.3432
15071,0.3393
15072,0.338
15073,0.3356
15074,0.3348
15075,0.3391
15076,0.3429
15077,0.3467
15078,0.2665
15079,0.1823
15080,0.2687
15081,0.2671
15082,0.2439
15083,0.2357
15084,0.2257
15085,0.2105
15086,0.1994
15087,0.1948
15088,0.1969
15089,0.315
15090,0.4501
15091,0.4807
15092,0.4829
15093,0.4715
15094,0.4683
15095,0.4617
15096,0.4352
15097,0.4376
15098,0.4148
15099,0.3887
15100,0.36
15101,0.3479
15102,0.2915
15103,0.2222
15104,0.286
15105,0.3269
15106,0.3484
15107,0.3527
15108,0.3317
15109,0.3055
15110,0.2848
15111,0.2632
15112,0.2387
15113,0.2358
15114,0.2253
15115,0.2121
15116,0.1818
15117,0.1458
15118,0.1315
15119,0.1601
15120,0.1945
15121,0.1614
15122,0.1751
15123,0.2068
15124,0.2144
15125,0.2186
15126,0.1888
15127,0.149
15128,0.1709
15129,0.1709
15130,0.1701
15131,0.1835
15132,0.1872
15133,0.1654
15134,0.1391
15135,0.1239
15136,0.1052
15137,0.1023
15138,0.1296
15139,0.1882
15140,0.248
15141,0.282
15142,0.2966
15143,0.2996
15144,0.2861
15145,0.2749
15146,0.2745
15147,0.2918
15148,0.2855
15149,0.2787
15150,0.2756
15151,0.256
15152,0.307
15153,0.4177
15154,0.5147
15155,0.5426
15156,0.5331
15157,0.502
15158,0.4563
15159,0.3699
15160,0.2793
15161,0.286
15162,0.2717
15163,0.2574
15164,0.2565
15165,0.2777
15166,0.29
15167,0.2856
15168,0.2888
15169,0.2878
15170,0.2869
15171,0.274
15172,0.2653
15173,0.2934
15174,0.298
15175,0.2934
15176,0.4359
15177,0.5073
15178,0.5269
15179,0.5153
15180,0.4991
15181,0.486
15182,0.4608
15183,0.3998
15184,0.3297
15185,0.371
15186,0.3885
15187,0.3746
15188,0.3422
15189,0.3306
15190,0.3234
15191,0.3325
15192,0.321
15193,0.2869
15194,0.2826
15195,0.2754
15196,0.2875
15197,0.3013
15198,0.299
15199,0.2887
15200,0.3533
15201,0.4714
15202,0.4991
15203,0.5525
15204,0.5951
15205,0.6192
15206,0.6076
15207,0.5251
15208,0.4718
15209,0.4806
15210,0.4203
15211,0.3803
15212,0.3557
15213,0.3271
15214,0.3049
15215,0.2791
15216,0.2631
15217,0.2503
15218,0.2373
15219,0.2548
15220,0.279
15221,0.2985
15222,0.2865
15223,0.2595
15224,0.3923
15225,0.4926
15226,0.5496
15227,0.5805
15228,0.6037
15229,0.6206
15230,0.6328
15231,0.6026
15232,0.5213
15233,0.5214
15234,0.5523
15235,0.553
15236,0.561
15237,0.5582
15238,0.5548
15239,0.5661
15240,0.5379
15241,0.5089
15242,0.4974
15243,0.4849
15244,0.4933
15245,0.4969
15246,0.4853
15247,0.476
15248,0.6004
15249,0.7139
15250,0.7445
15251,0.7523
15252,0.7527
15253,0.7379
15254,0.7104
15255,0.6616
15256,0.5679
15257,0.5254
15258,0.4801
15259,0.4085
15260,0.3838
15261,0.3521
15262,0.3101
15263,0.3053
15264,0.3536
15265,0.412
15266,0.455
15267,0.5463
15268,0.5872
15269,0.6712
15270,0.7142
15271,0.7463
15272,0.8104
15273,0.8398
15274,0.8491
15275,0.8636
15276,0.8689
15277,0.8632
15278,0.8397
15279,0.805
15280,0.8012
15281,0.8245
15282,0.8452
15283,0.836
15284,0.8245
15285,0.8225
15286,0.8267
15287,0.8087
15288,0.7573
15289,0.6926
15290,0.6187
15291,0.5632
15292,0.4954
15293,0.4411
15294,0.3863
15295,0.317
15296,0.3566
15297,0.3431
15298,0.3001
15299,0.2729
15300,0.2594
15301,0.2424
15302,0.2278
15303,0.2062
15304,0.1583
15305,0.155
15306,0.1938
15307,0.2456
15308,0.298
15309,0.3745
15310,0.4594
15311,0.5703
15312,0.6183
15313,0.6028
15314,0.5688
15315,0.5472
15316,0.5552
15317,0.5544
15318,0.4714
15319,0.36
15320,0.3213
15321,0.3952
15322,0.4523
15323,0.4727
15324,0.4785
15325,0.4555
15326,0.3776
15327,0.3062
15328,0.2577
15329,0.2759
15330,0.2825
15331,0.2557
15332,0.2254
15333,0.1982
15334,0.2011
15335,0.2418
15336,0.3241
15337,0.3909
15338,0.4333
15339,0.4062
15340,0.3268
15341,0.2592
15342,0.1965
15343,0.1504
15344,0.2428
15345,0.3132
15346,0.3555
15347,0.4036
15348,0.4502
15349,0.4808
15350,0.4846
15351,0.454
15352,0.3251
15353,0.2534
15354,0.2676
15355,0.2852
15356,0.2827
15357,0.2706
15358,0.2428
15359,0.211
15360,0.1819
15361,0.1649
15362,0.1625
15363,0.1727
15364,0.1864
15365,0.1979
15366,0.1983
15367,0.1525
15368,0.1408
15369,0.1539
15370,0.1251
15371,0.0942
15372,0.0789
15373,0.0755
15374,0.0759
15375,0.0717
15376,0.0684
15377,0.0817
15378,0.1126
15379,0.1655
15380,0.219
15381,0.2574
15382,0.2838
15383,0.2945
15384,0.3176
15385,0.3585
15386,0.4036
15387,0.446
15388,0.4666
15389,0.4838
15390,0.5025
15391,0.5165
15392,0.5192
15393,0.5825
15394,0.6046
15395,0.6162
15396,0.6177
15397,0.613
15398,0.5695
15399,0.4116
15400,0.3075
15401,0.316
15402,0.3101
15403,0.2949
15404,0.2411
15405,0.222
15406,0.2013
15407,0.1739
15408,0.1402
15409,0.122
15410,0.1119
15411,0.105
15412,0.0984
15413,0.0911
15414,0.0851
15415,0.0745
15416,0.0632
15417,0.054
15418,0.0456
15419,0.0404
15420,0.0403
15421,0.0435
15422,0.0495
15423,0.0574
15424,0.0735
15425,0.1279
15426,0.1903
15427,0.2272
15428,0.2362
15429,0.2327
15430,0.2254
15431,0.2176
15432,0.2114
15433,0.2027
15434,0.1839
15435,0.1769
15436,0.1757
15437,0.201
15438,0.2192
15439,0.2216
15440,0.217
15441,0.2531
15442,0.2992
15443,0.3417
15444,0.3808
15445,0.4213
15446,0.4713
15447,0.433
15448,0.3537
15449,0.3291
15450,0.2736
15451,0.2249
15452,0.1742
15453,0.1256
15454,0.081
15455,0.0807
15456,0.0841
15457,0.0875
15458,0.0892
15459,0.0745
15460,0.071
15461,0.072
15462,0.0618
15463,0.0328
15464,0.0246
15465,0.024
15466,0.0222
15467,0.0249
15468,0.0362
15469,0.0538
15470,0.0684
15471,0.0762
15472,0.0917
15473,0.163
15474,0.2509
15475,0.2993
15476,0.3267
15477,0.3406
15478,0.3668
15479,0.41
15480,0.4477
15481,0.4639
15482,0.4563
15483,0.4501
15484,0.4111
15485,0.3604
15486,0.3103
15487,0.2343
15488,0.1661
15489,0.1595
15490,0.1881
15491,0.243
15492,0.2599
15493,0.2738
15494,0.314
15495,0.3115
15496,0.3285
15497,0.3906
15498,0.412
15499,0.4151
15500,0.4062
15501,0.4011
15502,0.41
15503,0.4166
15504,0.4032
15505,0.3847
15506,0.3671
15507,0.3576
15508,0.3452
15509,0.3413
15510,0.3492
15511,0.3163
15512,0.3543
15513,0.4975
15514,0.5921
15515,0.6554
15516,0.6442
15517,0.6153
15518,0.594
15519,0.5763
15520,0.5643
15521,0.5404
15522,0.5017
15523,0.4826
15524,0.4701
15525,0.4753
15526,0.4494
15527,0.4332
15528,0.4328
15529,0.4529
15530,0.4228
15531,0.3895
15532,0.3844
15533,0.3836
15534,0.3752
15535,0.3639
15536,0.4189
15537,0.5159
15538,0.5608
15539,0.5677
15540,0.5578
15541,0.5369
15542,0.5112
15543,0.4596
15544,0.4144
15545,0.4624
15546,0.4677
15547,0.475
15548,0.4986
15549,0.4887
15550,0.4317
15551,0.4293
15552,0.4368
15553,0.4448
15554,0.4508
15555,0.4574
15556,0.471
15557,0.4748
15558,0.4892
15559,0.4878
15560,0.5404
15561,0.6774
15562,0.7399
15563,0.7744
15564,0.7986
15565,0.7945
15566,0.7517
15567,0.6969
15568,0.6584
15569,0.6506
15570,0.6411
15571,0.5976
15572,0.5803
15573,0.5429
15574,0.4963
15575,0.4743
15576,0.4702
15577,0.4593
15578,0.4431
15579,0.4293
15580,0.4256
15581,0.4248
15582,0.4005
15583,0.3584
15584,0.4027
15585,0.4236
15586,0.3941
15587,0.3799
15588,0.3776
15589,0.3443
15590,0.2798
15591,0.1977
15592,0.1711
15593,0.1897
15594,0.2022
15595,0.198
15596,0.2165
15597,0.2521
15598,0.2826
15599,0.3108
15600,0.328
15601,0.3458
15602,0.3508
15603,0.3432
15604,0.3494
15605,0.3527
15606,0.3662
15607,0.3661
15608,0.3704
15609,0.526
15610,0.6541
15611,0.7113
15612,0.7211
15613,0.7065
15614,0.673
15615,0.5765
15616,0.4837
15617,0.4583
15618,0.3845
15619,0.3224
15620,0.2606
15621,0.2026
15622,0.1421
15623,0.0916
15624,0.0624
15625,0.0447
15626,0.0247
15627,0.0111
15628,0.0264
15629,0.0823
15630,0.1588
15631,0.1909
15632,0.1903
15633,0.2325
15634,0.2907
15635,0.3065
15636,0.2994
15637,0.294
15638,0.2657
15639,0.184
15640,0.1863
15641,0.3319
15642,0.4591
15643,0.4763
15644,0.4209
15645,0.3646
15646,0.4176
15647,0.4053
15648,0.3596
15649,0.3273
15650,0.2612
15651,0.1828
15652,0.1473
15653,0.1461
15654,0.1122
15655,0.061
15656,0.0381
15657,0.0473
15658,0.0663
15659,0.0827
15660,0.1339
15661,0.1617
15662,0.1599
15663,0.1437
15664,0.1844
15665,0.2039
15666,0.2365
15667,0.2759
15668,0.2794
15669,0.283
15670,0.2902
15671,0.276
15672,0.2733
15673,0.2759
15674,0.2795
15675,0.2873
15676,0.2985
15677,0.322
15678,0.3623
15679,0.3867
15680,0.4827
15681,0.5888
15682,0.6416
15683,0.6599
15684,0.6474
15685,0.6275
15686,0.6106
15687,0.6101
15688,0.6211
15689,0.6361
15690,0.6426
15691,0.6235
15692,0.5706
15693,0.5258
15694,0.497
15695,0.4766
15696,0.4291
15697,0.373
15698,0.3325
15699,0.2783
15700,0.2394
15701,0.2232
15702,0.2196
15703,0.1579
15704,0.1354
15705,0.1653
15706,0.1821
15707,0.2067
15708,0.227
15709,0.2345
15710,0.2271
15711,0.1871
15712,0.2026
15713,0.2886
15714,0.3185
15715,0.3388
15716,0.3597
15717,0.382
15718,0.4048
15719,0.3783
15720,0.3546
15721,0.3638
15722,0.3708
15723,0.3952
15724,0.4488
15725,0.5467
15726,0.624
15727,0.6955
15728,0.7597
15729,0.7954
15730,0.7957
15731,0.7827
15732,0.7546
15733,0.7138
15734,0.6642
15735,0.5992
15736,0.5479
15737,0.5504
15738,0.5174
15739,0.5175
15740,0.4991
15741,0.4688
15742,0.3851
15743,0.3569
15744,0.3786
15745,0.4061
15746,0.3834
15747,0.3446
15748,0.3804
15749,0.4425
15750,0.4272
15751,0.3584
15752,0.3401
15753,0.3642
15754,0.3494
15755,0.3274
15756,0.3148
15757,0.284
15758,0.227
15759,0.18
15760,0.1844
15761,0.2147
15762,0.2156
15763,0.1977
15764,0.1675
15765,0.1519
15766,0.1339
15767,0.1128
15768,0.1114
15769,0.1166
15770,0.1026
15771,0.0725
15772,0.0413
15773,0.0219
15774,0.0145
15775,0.0128
15776,0.0179
15777,0.0284
15778,0.0585
15779,0.1211
15780,0.1955
15781,0.2205
15782,0.2014
15783,0.2016
15784,0.2605
15785,0.3261
15786,0.2717
15787,0.2936
15788,0.3341
15789,0.3574
15790,0.3337
15791,0.3614
15792,0.2989
15793,0.2392
15794,0.1959
15795,0.1848
15796,0.1855
15797,0.2049
15798,0.2324
15799,0.2523
15800,0.2965
15801,0.411
15802,0.4694
15803,0.4793
15804,0.4122
15805,0.3393
15806,0.2587
15807,0.1962
15808,0.2012
15809,0.2425
15810,0.2483
15811,0.2296
15812,0.2178
15813,0.2104
15814,0.2054
15815,0.1953
15816,0.1755
15817,0.1636
15818,0.1748
15819,0.1524
15820,0.1317
15821,0.1313
15822,0.1397
15823,0.1062
15824,0.0633
15825,0.0419
15826,0.0361
15827,0.0251
15828,0.0181
15829,0.01
15830,0.0045
15831,0.0023
15832,0.0055
15833,0.0168
15834,0.034
15835,0.0466
15836,0.0586
15837,0.0688
15838,0.0718
15839,0.0834
15840,0.1112
15841,0.1412
15842,0.1573
15843,0.1504
15844,0.1403
15845,0.1469
15846,0.1703
15847,0.1503
15848,0.1209
15849,0.1313
15850,0.1441
15851,0.123
15852,0.0865
15853,0.0674
15854,0.0798
15855,0.1037
15856,0.1464
15857,0.1836
15858,0.1931
15859,0.2036
15860,0.2164
15861,0.2227
15862,0.2097
15863,0.1548
15864,0.1376
15865,0.2036
15866,0.2498
15867,0.2549
15868,0.2797
15869,0.308
15870,0.3338
15871,0.3211
15872,0.3194
15873,0.3338
15874,0.465
15875,0.592
15876,0.6721
15877,0.6717
15878,0.6386
15879,0.6001
15880,0.5479
15881,0.5197
15882,0.4826
15883,0.4386
15884,0.3904
15885,0.3621
15886,0.3482
15887,0.3449
15888,0.2967
15889,0.2777
15890,0.2994
15891,0.3042
15892,0.3025
15893,0.309
15894,0.3135
15895,0.2792
15896,0.2716
15897,0.3657
15898,0.4288
15899,0.4854
15900,0.5347
15901,0.5716
15902,0.5795
15903,0.5486
15904,0.5385
15905,0.5262
15906,0.5289
15907,0.5521
15908,0.5682
15909,0.5967
15910,0.626
15911,0.6195
15912,0.6205
15913,0.6203
15914,0.6412
15915,0.6298
15916,0.6049
15917,0.5894
15918,0.5702
15919,0.5353
15920,0.4902
15921,0.6154
15922,0.6728
15923,0.6993
15924,0.7249
15925,0.7322
15926,0.7303
15927,0.7237
15928,0.7289
15929,0.7227
15930,0.7216
15931,0.7234
15932,0.677
15933,0.6199
15934,0.5458
15935,0.4674
15936,0.3886
15937,0.3037
15938,0.2552
15939,0.2214
15940,0.1855
15941,0.1496
15942,0.1101
15943,0.0823
15944,0.0656
15945,0.0547
15946,0.0482
15947,0.0475
15948,0.0492
15949,0.0509
15950,0.0527
15951,0.0572
15952,0.0735
15953,0.0879
15954,0.0906
15955,0.0842
15956,0.0715
15957,0.0592
15958,0.0506
15959,0.0415
15960,0.0328
15961,0.0263
15962,0.0219
15963,0.0185
15964,0.0161
15965,0.014
15966,0.0129
15967,0.0116
15968,0.0091
15969,0.0109
15970,0.0267
15971,0.0331
15972,0.0399
15973,0.051
15974,0.0613
15975,0.0732
15976,0.108
15977,0.1396
15978,0.1505
15979,0.1468
15980,0.1384
15981,0.1314
15982,0.1306
15983,0.1382
15984,0.1457
15985,0.1483
15986,0.1437
15987,0.1516
15988,0.1672
15989,0.1712
15990,0.1563
15991,0.1273
15992,0.1083
15993,0.1614
15994,0.2038
15995,0.1913
15996,0.1721
15997,0.1666
15998,0.1788
15999,0.1871
16000,0.2667
16001,0.357
16002,0.3698
16003,0.3502
16004,0.3298
16005,0.3019
16006,0.2738
16007,0.2444
16008,0.2281
16009,0.2162
16010,0.2097
16011,0.2041
16012,0.196
16013,0.1872
16014,0.1792
16015,0.1576
16016,0.1213
16017,0.1313
16018,0.1763
16019,0.209
16020,0.2187
16021,0.2145
16022,0.1982
16023,0.167
16024,0.2264
16025,0.3228
16026,0.339
16027,0.3168
16028,0.2943
16029,0.2768
16030,0.2667
16031,0.2593
16032,0.2532
16033,0.2426
16034,0.228
16035,0.2202
16036,0.2134
16037,0.2104
16038,0.2168
16039,0.1924
16040,0.1201
16041,0.1379
16042,0.1684
16043,0.1684
16044,0.1554
16045,0.1297
16046,0.1052
16047,0.1105
16048,0.172
16049,0.2469
16050,0.2835
16051,0.2884
16052,0.2669
16053,0.2329
16054,0.2189
16055,0.2113
16056,0.1906
16057,0.1812
16058,0.1811
16059,0.1778
16060,0.1741
16061,0.1885
16062,0.2059
16063,0.2225
16064,0.2355
16065,0.2559
16066,0.2689
16067,0.3185
16068,0.3467
16069,0.4209
16070,0.4729
16071,0.4936
16072,0.5138
16073,0.4814
16074,0.4431
16075,0.4387
16076,0.4479
16077,0.474
16078,0.4922
16079,0.5252
16080,0.5648
16081,0.5969
16082,0.6386
16083,0.6597
16084,0.6643
16085,0.6616
16086,0.6413
16087,0.5967
16088,0.5693
16089,0.6176
16090,0.7218
16091,0.8031
16092,0.8574
16093,0.8878
16094,0.8915
16095,0.8772
16096,0.8573
16097,0.829
16098,0.7894
16099,0.7246
16100,0.6547
16101,0.6129
16102,0.5839
16103,0.563
16104,0.5266
16105,0.4933
16106,0.4586
16107,0.3991
16108,0.3267
16109,0.2639
16110,0.2142
16111,0.1654
16112,0.1183
16113,0.1038
16114,0.1151
16115,0.1185
16116,0.1064
16117,0.1126
16118,0.1028
16119,0.111
16120,0.1525
16121,0.1734
16122,0.1838
16123,0.1963
16124,0.2064
16125,0.2257
16126,0.2585
16127,0.3108
16128,0.3741
16129,0.4207
16130,0.4366
16131,0.4225
16132,0.3587
16133,0.3212
16134,0.3023
16135,0.2917
16136,0.2781
16137,0.2673
16138,0.3161
16139,0.3846
16140,0.4119
16141,0.3919
16142,0.3162
16143,0.2628
16144,0.2822
16145,0.3028
16146,0.3217
16147,0.3312
16148,0.3311
16149,0.3375
16150,0.3427
16151,0.3312
16152,0.3263
16153,0.2904
16154,0.2616
16155,0.2305
16156,0.2023
16157,0.1819
16158,0.161
16159,0.1338
16160,0.1064
16161,0.0762
16162,0.0597
16163,0.0433
16164,0.0291
16165,0.0201
16166,0.0154
16167,0.0159
16168,0.0186
16169,0.0221
16170,0.0277
16171,0.0379
16172,0.052
16173,0.0672
16174,0.0808
16175,0.0921
16176,0.1035
16177,0.1139
16178,0.1165
16179,0.1108
16180,0.1004
16181,0.0928
16182,0.0802
16183,0.0599
16184,0.033
16185,0.0238
16186,0.0225
16187,0.0207
16188,0.0254
16189,0.0346
16190,0.0426
16191,0.0545
16192,0.0651
16193,0.054
16194,0.0324
16195,0.0245
16196,0.0462
16197,0.0965
16198,0.1516
16199,0.1946
16200,0.2168
16201,0.2207
16202,0.235
16203,0.2645
16204,0.3309
16205,0.3924
16206,0.4396
16207,0.453
16208,0.4456
16209,0.4063
16210,0.3989
16211,0.4375
16212,0.4845
16213,0.5623
16214,0.599
16215,0.5382
16216,0.4433
16217,0.3622
16218,0.3557
16219,0.3354
16220,0.3288
16221,0.3202
16222,0.2994
16223,0.2822
16224,0.2552
16225,0.2192
16226,0.1901
16227,0.1746
16228,0.1705
16229,0.1563
16230,0.1394
16231,0.1202
16232,0.0828
16233,0.0631
16234,0.0413
16235,0.0208
16236,0.0112
16237,0.0086
16238,0.0091
16239,0.0193
16240,0.0414
16241,0.0678
16242,0.097
16243,0.131
16244,0.1685
16245,0.1928
16246,0.2013
16247,0.1988
16248,0.1807
16249,0.1628
16250,0.1639
16251,0.1921
16252,0.2346
16253,0.2516
16254,0.2614
16255,0.2451
16256,0.2031
16257,0.1756
16258,0.1817
16259,0.1899
16260,0.1925
16261,0.1919
16262,0.1892
16263,0.1595
16264,0.1933
16265,0.2359
16266,0.256
16267,0.2597
16268,0.2516
16269,0.223
16270,0.187
16271,0.1569
16272,0.1259
16273,0.1007
16274,0.0873
16275,0.0925
16276,0.1012
16277,0.0976
16278,0.0887
16279,0.0791
16280,0.059
16281,0.0427
16282,0.0385
16283,0.0351
16284,0.0234
16285,0.0128
16286,0.0073
16287,0.0126
16288,0.0261
16289,0.0421
16290,0.0718
16291,0.1559
16292,0.2751
16293,0.2869
16294,0.266
16295,0.2541
16296,0.2339
16297,0.2262
16298,0.2397
16299,0.2714
16300,0.3276
16301,0.4055
16302,0.4642
16303,0.4978
16304,0.5572
16305,0.6434
16306,0.6856
16307,0.7005
16308,0.6405
16309,0.5495
16310,0.4607
16311,0.3934
16312,0.3545
16313,0.3323
16314,0.317
16315,0.3213
16316,0.3222
16317,0.3173
16318,0.3157
16319,0.3197
16320,0.3155
16321,0.2846
16322,0.2946
16323,0.2723
16324,0.2894
16325,0.3004
16326,0.3314
16327,0.3558
16328,0.3296
16329,0.3257
16330,0.3324
16331,0.3696
16332,0.3885
16333,0.3816
16334,0.3573
16335,0.3906
16336,0.4211
16337,0.4024
16338,0.4048
16339,0.3995
16340,0.4019
16341,0.4183
16342,0.4041
16343,0.379
16344,0.3282
16345,0.2961
16346,0.2657
16347,0.2545
16348,0.25
16349,0.2508
16350,0.2509
16351,0.2534
16352,0.2252
16353,0.185
16354,0.1661
16355,0.1755
16356,0.1783
16357,0.1662
16358,0.1518
16359,0.197
16360,0.2714
16361,0.292
16362,0.2963
16363,0.3058
16364,0.3158
16365,0.3277
16366,0.3568
16367,0.3717
16368,0.3878
16369,0.4057
16370,0.4256
16371,0.4408
16372,0.4434
16373,0.4346
16374,0.462
16375,0.4293
16376,0.3729
16377,0.3234
16378,0.2841
16379,0.2279
16380,0.1571
16381,0.0977
16382,0.0735
16383,0.0655
16384,0.0541
16385,0.0482
16386,0.0477
16387,0.0574
16388,0.0754
16389,0.0959
16390,0.1339
16391,0.1832
16392,0.2111
16393,0.2158
16394,0.2133
16395,0.1734
16396,0.1831
16397,0.1857
16398,0.1883
16399,0.1839
16400,0.1694
16401,0.167
16402,0.1665
16403,0.1688
16404,0.1671
16405,0.1626
16406,0.1556
16407,0.177
16408,0.2302
16409,0.2774
16410,0.2831
16411,0.2628
16412,0.2226
16413,0.1655
16414,0.1325
16415,0.1252
16416,0.1299
16417,0.1288
16418,0.1164
16419,0.1029
16420,0.0939
16421,0.0907
16422,0.094
16423,0.1045
16424,0.0972
16425,0.0674
16426,0.071
16427,0.1373
16428,0.1812
16429,0.1895
16430,0.1518
16431,0.1382
16432,0.1692
16433,0.2034
16434,0.2337
16435,0.2396
16436,0.2267
16437,0.2145
16438,0.2079
16439,0.1894
16440,0.1779
16441,0.1699
16442,0.1299
16443,0.0935
16444,0.0629
16445,0.0439
16446,0.0259
16447,0.0135
16448,0.0131
16449,0.0073
16450,0.006
16451,0.0161
16452,0.0337
16453,0.0597
16454,0.0877
16455,0.1316
16456,0.1698
16457,0.1777
16458,0.1772
16459,0.187
16460,0.1947
16461,0.1859
16462,0.1711
16463,0.161
16464,0.1545
16465,0.137
16466,0.1309
16467,0.1183
16468,0.1159
16469,0.1173
16470,0.1236
16471,0.1325
16472,0.1246
16473,0.1065
16474,0.1048
16475,0.1191
16476,0.1405
16477,0.1566
16478,0.186
16479,0.2308
16480,0.2791
16481,0.303
16482,0.3269
16483,0.3348
16484,0.3595
16485,0.3584
16486,0.358
16487,0.3488
16488,0.3334
16489,0.3041
16490,0.2831
16491,0.2566
16492,0.2274
16493,0.2068
16494,0.2008
16495,0.1938
16496,0.156
16497,0.1016
16498,0.0754
16499,0.071
16500,0.0678
16501,0.0581
16502,0.0425
16503,0.0348
16504,0.0298
16505,0.035
16506,0.0533
16507,0.0828
16508,0.1136
16509,0.1282
16510,0.123
16511,0.1098
16512,0.0991
16513,0.0981
16514,0.1069
16515,0.1273
16516,0.1532
16517,0.1726
16518,0.1826
16519,0.1781
16520,0.1183
16521,0.0624
16522,0.066
16523,0.0879
16524,0.0933
16525,0.1072
16526,0.1226
16527,0.1914
16528,0.3018
16529,0.3556
16530,0.3475
16531,0.3177
16532,0.2677
16533,0.2264
16534,0.1971
16535,0.1766
16536,0.171
16537,0.1715
16538,0.1691
16539,0.1593
16540,0.1461
16541,0.1355
16542,0.13
16543,0.1267
16544,0.1149
16545,0.1044
16546,0.102
16547,0.1079
16548,0.1108
16549,0.1131
16550,0.1249
16551,0.1869
16552,0.2768
16553,0.3184
16554,0.3212
16555,0.3111
16556,0.3148
16557,0.3068
16558,0.3394
16559,0.3499
16560,0.397
16561,0.4029
16562,0.3937
16563,0.3758
16564,0.3602
16565,0.3576
16566,0.3736
16567,0.362
16568,0.3262
16569,0.3061
16570,0.3404
16571,0.3449
16572,0.3331
16573,0.3102
16574,0.3081
16575,0.3769
16576,0.4423
16577,0.4655
16578,0.4799
16579,0.4874
16580,0.4985
16581,0.5579
16582,0.585
16583,0.5702
16584,0.5493
16585,0.5209
16586,0.4862
16587,0.4491
16588,0.3874
16589,0.3358
16590,0.302
16591,0.3172
16592,0.2752
16593,0.2144
16594,0.1778
16595,0.1319
16596,0.1048
16597,0.0968
16598,0.1072
16599,0.1623
16600,0.2393
16601,0.2533
16602,0.225
16603,0.1997
16604,0.1863
16605,0.1744
16606,0.1651
16607,0.1581
16608,0.1501
16609,0.1346
16610,0.1237
16611,0.1193
16612,0.114
16613,0.1082
16614,0.1003
16615,0.0918
16616,0.0782
16617,0.0561
16618,0.0399
16619,0.0365
16620,0.0355
16621,0.0349
16622,0.0421
16623,0.0696
16624,0.1064
16625,0.149
16626,0.183
16627,0.1959
16628,0.186
16629,0.1709
16630,0.1643
16631,0.1518
16632,0.1451
16633,0.15
16634,0.1623
16635,0.1656
16636,0.1625
16637,0.1522
16638,0.1477
16639,0.1431
16640,0.1344
16641,0.1127
16642,0.1343
16643,0.157
16644,0.1638
16645,0.1611
16646,0.1572
16647,0.2171
16648,0.3141
16649,0.3471
16650,0.3529
16651,0.3312
16652,0.3257
16653,0.3231
16654,0.3075
16655,0.2968
16656,0.3018
16657,0.2877
16658,0.2682
16659,0.2647
16660,0.2623
16661,0.2743
16662,0.2943
16663,0.3036
16664,0.3082
16665,0.3231
16666,0.3513
16667,0.4488
16668,0.4693
16669,0.4703
16670,0.4932
16671,0.5247
16672,0.5245
16673,0.4975
16674,0.4478
16675,0.3988
16676,0.3687
16677,0.3779
16678,0.3851
16679,0.3775
16680,0.3582
16681,0.3893
16682,0.4874
16683,0.5595
16684,0.6037
16685,0.6515
16686,0.6587
16687,0.6769
16688,0.7234
16689,0.729
16690,0.7195
16691,0.7124
16692,0.6979
16693,0.6472
16694,0.6488
16695,0.709
16696,0.7685
16697,0.8192
16698,0.8562
16699,0.8783
16700,0.8892
16701,0.8799
16702,0.8679
16703,0.8479
16704,0.8263
16705,0.8022
16706,0.7962
16707,0.8013
16708,0.7907
16709,0.7754
16710,0.7669
16711,0.7446
16712,0.7211
16713,0.7024
16714,0.6905
16715,0.6809
16716,0.6642
16717,0.6292
16718,0.5924
16719,0.5474
16720,0.4835
16721,0.4033
16722,0.3509
16723,0.2976
16724,0.2447
16725,0.2154
16726,0.2027
16727,0.1723
16728,0.1481
16729,0.1329
16730,0.1217
16731,0.1152
16732,0.1103
16733,0.1101
16734,0.113
16735,0.1146
16736,0.1114
16737,0.0886
16738,0.0862
16739,0.1139
16740,0.1366
16741,0.1413
16742,0.1246
16743,0.1434
16744,0.1633
16745,0.1566
16746,0.133
16747,0.109
16748,0.0892
16749,0.0723
16750,0.0544
16751,0.0343
16752,0.0186
16753,0.0088
16754,0.0056
16755,0.0067
16756,0.0103
16757,0.0169
16758,0.0219
16759,0.0233
16760,0.0228
16761,0.0213
16762,0.0199
16763,0.0212
16764,0.0285
16765,0.0369
16766,0.0542
16767,0.1136
16768,0.213
16769,0.2919
16770,0.3081
16771,0.2858
16772,0.2623
16773,0.2439
16774,0.235
16775,0.2223
16776,0.2186
16777,0.2238
16778,0.2226
16779,0.23
16780,0.2436
16781,0.2524
16782,0.2448
16783,0.2287
16784,0.2228
16785,0.1983
16786,0.1856
16787,0.1787
16788,0.1671
16789,0.1537
16790,0.1582
16791,0.1908
16792,0.2184
16793,0.217
16794,0.1987
16795,0.1575
16796,0.1099
16797,0.0826
16798,0.066
16799,0.0625
16800,0.0623
16801,0.0598
16802,0.0523
16803,0.0489
16804,0.0506
16805,0.0506
16806,0.0582
16807,0.0797
16808,0.098
16809,0.0935
16810,0.0854
16811,0.0865
16812,0.1002
16813,0.1089
16814,0.1183
16815,0.1503
16816,0.1634
16817,0.1562
16818,0.1579
16819,0.1548
16820,0.1443
16821,0.1211
16822,0.1018
16823,0.0789
16824,0.0566
16825,0.043
16826,0.0349
16827,0.0265
16828,0.0228
16829,0.034
16830,0.0499
16831,0.0548
16832,0.0473
16833,0.04
16834,0.0443
16835,0.0631
16836,0.0615
16837,0.0534
16838,0.052
16839,0.0623
16840,0.0807
16841,0.107
16842,0.1322
16843,0.1441
16844,0.1311
16845,0.1055
16846,0.0879
16847,0.0762
16848,0.0668
16849,0.0578
16850,0.0544
16851,0.0591
16852,0.0668
16853,0.0732
16854,0.0787
16855,0.0783
16856,0.065
16857,0.0386
16858,0.034
16859,0.0377
16860,0.0365
16861,0.0273
16862,0.024
16863,0.0282
16864,0.0397
16865,0.0524
16866,0.0623
16867,0.0703
16868,0.0812
16869,0.1013
16870,0.1275
16871,0.1543
16872,0.1763
16873,0.178
16874,0.1422
16875,0.1078
16876,0.0843
16877,0.0696
16878,0.0635
16879,0.0659
16880,0.0721
16881,0.0791
16882,0.1068
16883,0.13
16884,0.1463
16885,0.1581
16886,0.1784
16887,0.2613
16888,0.3318
16889,0.3405
16890,0.3504
16891,0.374
16892,0.4338
16893,0.4453
16894,0.4671
16895,0.4996
16896,0.5072
16897,0.5221
16898,0.5328
16899,0.5427
16900,0.5671
16901,0.6159
16902,0.6278
16903,0.6313
16904,0.6409
16905,0.667
16906,0.6851
16907,0.7039
16908,0.7402
16909,0.752
16910,0.7358
16911,0.757
16912,0.769
16913,0.793
16914,0.8033
16915,0.7862
16916,0.7631
16917,0.7483
16918,0.7034
16919,0.6348
16920,0.5715
16921,0.5065
16922,0.4601
16923,0.4181
16924,0.3956
16925,0.3705
16926,0.3606
16927,0.3397
16928,0.314
16929,0.2676
16930,0.2348
16931,0.2348
16932,0.275
16933,0.2771
16934,0.2869
16935,0.355
16936,0.3873
16937,0.3908
16938,0.4131
16939,0.4376
16940,0.4775
16941,0.4927
16942,0.5487
16943,0.5743
16944,0.6304
16945,0.6989
16946,0.7469
16947,0.8295
16948,0.8722
16949,0.8947
16950,0.9079
16951,0.9122
16952,0.8835
16953,0.8401
16954,0.7867
16955,0.7448
16956,0.7196
16957,0.7028
16958,0.7053
16959,0.7327
16960,0.7638
16961,0.7784
16962,0.7855
16963,0.7978
16964,0.7943
16965,0.7745
16966,0.7627
16967,0.7694
16968,0.7703
16969,0.78
16970,0.7802
16971,0.7698
16972,0.7574
16973,0.7315
16974,0.6716
16975,0.583
16976,0.4844
16977,0.4341
16978,0.507
16979,0.6101
16980,0.6806
16981,0.7222
16982,0.7494
16983,0.7629
16984,0.7484
16985,0.709
16986,0.6353
16987,0.5665
16988,0.49
16989,0.3947
16990,0.3259
16991,0.2681
16992,0.2191
16993,0.1717
16994,0.1379
16995,0.1463
16996,0.144
16997,0.1899
16998,0.2356
16999,0.2351
17000,0.2568
17001,0.2895
17002,0.3756
17003,0.4503
17004,0.5106
17005,0.5788
17006,0.6426
17007,0.6998
17008,0.7441
17009,0.794
17010,0.84
17011,0.8458
17012,0.8501
17013,0.8437
17014,0.8293
17015,0.8005
17016,0.7449
17017,0.6334
17018,0.5138
17019,0.3943
17020,0.3363
17021,0.297
17022,0.2624
17023,0.2383
17024,0.2237
17025,0.2069
17026,0.1784
17027,0.1561
17028,0.1468
17029,0.146
17030,0.1762
17031,0.232
17032,0.2647
17033,0.2803
17034,0.29
17035,0.3001
17036,0.2989
17037,0.2947
17038,0.2854
17039,0.2548
17040,0.2292
17041,0.2126
17042,0.2118
17043,0.2098
17044,0.2034
17045,0.1942
17046,0.2093
17047,0.2296
17048,0.2325
17049,0.2586
17050,0.3568
17051,0.458
17052,0.5638
17053,0.6373
17054,0.6621
17055,0.7204
17056,0.7671
17057,0.7973
17058,0.8317
17059,0.8561
17060,0.8585
17061,0.8472
17062,0.8051
17063,0.729
17064,0.6088
17065,0.4962
17066,0.4629
17067,0.4405
17068,0.4139
17069,0.3542
17070,0.3719
17071,0.4021
17072,0.4518
17073,0.5083
17074,0.5579
17075,0.607
17076,0.6381
17077,0.6461
17078,0.6274
17079,0.5925
17080,0.5556
17081,0.5386
17082,0.5566
17083,0.5769
17084,0.5861
17085,0.575
17086,0.5492
17087,0.5187
17088,0.4887
17089,0.4507
17090,0.4124
17091,0.4379
17092,0.5493
17093,0.6072
17094,0.6511
17095,0.7143
17096,0.7755
17097,0.798
17098,0.8164
17099,0.8557
17100,0.8779
17101,0.8638
17102,0.8312
17103,0.8161
17104,0.8036
17105,0.7571
17106,0.6686
17107,0.5144
17108,0.3912
17109,0.3598
17110,0.3766
17111,0.4267
17112,0.5009
17113,0.5672
17114,0.6695
17115,0.8406
17116,0.8763
17117,0.838
17118,0.7928
17119,0.7302
17120,0.6426
17121,0.5598
17122,0.5416
17123,0.6405
17124,0.6998
17125,0.6978
17126,0.6697
17127,0.6369
17128,0.5511
17129,0.4661
17130,0.4294
17131,0.4247
17132,0.4115
17133,0.3816
17134,0.3403
17135,0.3278
17136,0.2922
17137,0.2859
17138,0.2886
17139,0.2894
17140,0.2874
17141,0.2872
17142,0.279
17143,0.2671
17144,0.2463
17145,0.2071
17146,0.1542
17147,0.1128
17148,0.0935
17149,0.0943
17150,0.1169
17151,0.1462
17152,0.1697
17153,0.1887
17154,0.1973
17155,0.2081
17156,0.2183
17157,0.2471
17158,0.2993
17159,0.3476
17160,0.4002
17161,0.4175
17162,0.4323
17163,0.4657
17164,0.5001
17165,0.5504
17166,0.5251
17167,0.5087
17168,0.5303
17169,0.5697
17170,0.5578
17171,0.5825
17172,0.6435
17173,0.6765
17174,0.6716
17175,0.5936
17176,0.4849
17177,0.3821
17178,0.3152
17179,0.3117
17180,0.2658
17181,0.2094
17182,0.1957
17183,0.197
17184,0.1839
17185,0.1607
17186,0.1551
17187,0.1591
17188,0.1671
17189,0.1834
17190,0.1896
17191,0.1921
17192,0.1846
17193,0.1659
17194,0.1461
17195,0.1338
17196,0.1253
17197,0.1119
17198,0.1261
17199,0.2386
17200,0.3616
17201,0.4237
17202,0.4659
17203,0.4967
17204,0.5077
17205,0.5053
17206,0.5191
17207,0.5552
17208,0.5576
17209,0.5571
17210,0.5414
17211,0.5494
17212,0.5457
17213,0.5372
17214,0.5301
17215,0.541
17216,0.5096
17217,0.4814
17218,0.4486
17219,0.4318
17220,0.4582
17221,0.493
17222,0.5418
17223,0.6177
17224,0.6551
17225,0.6502
17226,0.6425
17227,0.6842
17228,0.7148
17229,0.6891
17230,0.6387
17231,0.5818
17232,0.5744
17233,0.6593
17234,0.7428
17235,0.8023
17236,0.8286
17237,0.8477
17238,0.8674
17239,0.8739
17240,0.8779
17241,0.8786
17242,0.8469
17243,0.7914
17244,0.7527
17245,0.6363
17246,0.5759
17247,0.5903
17248,0.6059
17249,0.603
17250,0.6212
17251,0.6222
17252,0.5931
17253,0.5353
17254,0.4989
17255,0.4515
17256,0.3829
17257,0.3274
17258,0.3058
17259,0.2942
17260,0.3
17261,0.3136
17262,0.3275
17263,0.3996
17264,0.4529
17265,0.482
17266,0.4958
17267,0.5567
17268,0.5613
17269,0.5231
17270,0.4798
17271,0.4822
17272,0.5386
17273,0.5408
17274,0.5199
17275,0.5496
17276,0.5384
17277,0.5171
17278,0.4925
17279,0.4817
17280,0.4614
17281,0.4428
17282,0.4387
17283,0.42
17284,0.365
17285,0.3166
17286,0.2846
17287,0.2638
17288,0.2536
17289,0.2651
17290,0.3368
17291,0.4851
17292,0.5971
17293,0.6657
17294,0.6946
17295,0.6948
17296,0.647
17297,0.5803
17298,0.5196
17299,0.4634
17300,0.4082
17301,0.3681
17302,0.3553
17303,0.3723
17304,0.4108
17305,0.4725
17306,0.4939
17307,0.4833
17308,0.4529
17309,0.4157
17310,0.4138
17311,0.4039
17312,0.3955
17313,0.3885
17314,0.3958
17315,0.4739
17316,0.503
17317,0.5033
17318,0.4784
17319,0.4786
17320,0.4579
17321,0.4178
17322,0.3874
17323,0.3441
17324,0.3079
17325,0.2936
17326,0.2596
17327,0.2698
17328,0.2701
17329,0.244
17330,0.2378
17331,0.2475
17332,0.3466
17333,0.5053
17334,0.6281
17335,0.6493
17336,0.6851
17337,0.7312
17338,0.7836
17339,0.7944
17340,0.806
17341,0.8011
17342,0.7819
17343,0.7605
17344,0.7287
17345,0.6889
17346,0.575
17347,0.5058
17348,0.5074
17349,0.5028
17350,0.4724
17351,0.4132
17352,0.3798
17353,0.3743
17354,0.3931
17355,0.4346
17356,0.447
17357,0.4683
17358,0.4566
17359,0.4291
17360,0.3756
17361,0.311
17362,0.2847
17363,0.2802
17364,0.2496
17365,0.2019
17366,0.1655
17367,0.1619
17368,0.1352
17369,0.093
17370,0.0513
17371,0.0238
17372,0.0159
17373,0.0201
17374,0.0258
17375,0.0285
17376,0.0273
17377,0.0253
17378,0.0309
17379,0.0433
17380,0.0632
17381,0.0863
17382,0.1072
17383,0.1232
17384,0.1372
17385,0.1537
17386,0.1772
17387,0.21
17388,0.223
17389,0.2439
17390,0.2851
17391,0.3433
17392,0.3762
17393,0.388
17394,0.358
17395,0.3352
17396,0.3239
17397,0.3138
17398,0.2823
17399,0.2169
17400,0.1593
17401,0.1078
17402,0.076
17403,0.0582
17404,0.0598
17405,0.0697
17406,0.0867
17407,0.0996
17408,0.102
17409,0.0833
17410,0.0626
17411,0.047
17412,0.0398
17413,0.0398
17414,0.0437
17415,0.0605
17416,0.0814
17417,0.0931
17418,0.0916
17419,0.0845
17420,0.0718
17421,0.0559
17422,0.0441
17423,0.0405
17424,0.0405
17425,0.0363
17426,0.0303
17427,0.0294
17428,0.0305
17429,0.0374
17430,0.0487
17431,0.0593
17432,0.071
17433,0.0666
17434,0.0476
17435,0.0406
17436,0.0408
17437,0.0341
17438,0.0338
17439,0.0557
17440,0.1196
17441,0.2171
17442,0.2559
17443,0.2232
17444,0.1902
17445,0.1694
17446,0.1833
17447,0.2211
17448,0.2458
17449,0.2217
17450,0.1874
17451,0.1493
17452,0.1316
17453,0.1396
17454,0.1433
17455,0.143
17456,0.1282
17457,0.0931
17458,0.0811
17459,0.0804
17460,0.0874
17461,0.0921
17462,0.124
17463,0.2023
17464,0.2785
17465,0.3272
17466,0.3499
17467,0.3549
17468,0.354
17469,0.3573
17470,0.3619
17471,0.36
17472,0.3531
17473,0.3506
17474,0.3553
17475,0.3594
17476,0.3591
17477,0.3585
17478,0.3593
17479,0.3611
17480,0.3289
17481,0.2533
17482,0.2144
17483,0.2051
17484,0.2188
17485,0.2673
17486,0.3724
17487,0.4972
17488,0.5231
17489,0.4913
17490,0.4582
17491,0.4203
17492,0.383
17493,0.355
17494,0.3366
17495,0.3049
17496,0.2606
17497,0.2182
17498,0.1809
17499,0.1477
17500,0.1058
17501,0.0615
17502,0.034
17503,0.0203
17504,0.0143
17505,0.0135
17506,0.0133
17507,0.0123
17508,0.0155
17509,0.0247
17510,0.0506
17511,0.1069
17512,0.182
17513,0.2476
17514,0.2751
17515,0.2557
17516,0.2186
17517,0.1743
17518,0.1387
17519,0.1207
