0,0.2379
1,0.2399
2,0.2394
3,0.2393
4,0.2415
5,0.2417
6,0.2369
7,0.2284
8,0.2012
9,0.129
10,0.0773
11,0.0702
12,0.0685
13,0.0664
14,0.065
15,0.0684
16,0.0976
17,0.1278
18,0.1442
19,0.1596
20,0.1798
21,0.2029
22,0.2273
23,0.2499
24,0.2664
25,0.2822
26,0.2983
27,0.3187
28,0.3381
29,0.3526
30,0.3571
31,0.3601
32,0.3438
33,0.3122
34,0.3221
35,0.3213
36,0.3186
37,0.3162
38,0.3158
39,0.3063
40,0.3341
41,0.3745
42,0.3812
43,0.3804
44,0.3752
45,0.3617
46,0.3387
47,0.3194
48,0.3019
49,0.2898
50,0.2754
51,0.2575
52,0.2454
53,0.2429
54,0.2471
55,0.2493
56,0.2193
57,0.1418
58,0.1275
59,0.1274
60,0.1166
61,0.11
62,0.1056
63,0.1083
64,0.1389
65,0.1725
66,0.1916
67,0.2074
68,0.2213
69,0.2336
70,0.2383
71,0.2296
72,0.2146
73,0.2079
74,0.2057
75,0.2011
76,0.1984
77,0.1976
78,0.1946
79,0.1926
80,0.1785
81,0.126
82,0.1004
83,0.0958
84,0.0914
85,0.092
86,0.0962
87,0.111
88,0.1562
89,0.1872
90,0.19
91,0.1808
92,0.171
93,0.1653
94,0.1659
95,0.172
96,0.1847
97,0.2027
98,0.2185
99,0.2218
100,0.2189
101,0.2187
102,0.221
103,0.2264
104,0.2143
105,0.1489
106,0.1117
107,0.1165
108,0.13
109,0.141
110,0.1461
111,0.1704
112,0.2398
113,0.3014
114,0.3375
115,0.3537
116,0.3602
117,0.3648
118,0.3691
119,0.3711
120,0.3698
121,0.3724
122,0.3792
123,0.3879
124,0.391
125,0.3889
126,0.3851
127,0.3809
128,0.3449
129,0.2556
130,0.2009
131,0.204
132,0.2154
133,0.2224
134,0.2214
135,0.2298
136,0.2999
137,0.3634
138,0.3919
139,0.4018
140,0.4013
141,0.394
142,0.3875
143,0.3804
144,0.377
145,0.3732
146,0.3652
147,0.3529
148,0.3409
149,0.3311
150,0.3206
151,0.3167
152,0.2961
153,0.2666
154,0.2688
155,0.2717
156,0.2706
157,0.2696
158,0.2643
159,0.2514
160,0.2779
161,0.3207
162,0.3261
163,0.3262
164,0.3206
165,0.3091
166,0.2974
167,0.2805
168,0.2677
169,0.2602
170,0.2562
171,0.2545
172,0.2569
173,0.264
174,0.271
175,0.2738
176,0.2517
177,0.2071
178,0.1989
179,0.2027
180,0.212
181,0.229
182,0.2422
183,0.2376
184,0.2676
185,0.314
186,0.3398
187,0.3536
188,0.3547
189,0.3569
190,0.3537
191,0.3504
192,0.3468
193,0.3487
194,0.345
195,0.3386
196,0.3475
197,0.3631
198,0.3689
199,0.3748
200,0.3637
201,0.3612
202,0.3853
203,0.3942
204,0.4066
205,0.4313
206,0.4537
207,0.4513
208,0.4496
209,0.4881
210,0.5077
211,0.5124
212,0.506
213,0.4811
214,0.4569
215,0.4398
216,0.4289
217,0.4283
218,0.4294
219,0.4306
220,0.4366
221,0.4383
222,0.4376
223,0.4317
224,0.407
225,0.4636
226,0.5071
227,0.4922
228,0.4582
229,0.4346
230,0.4232
231,0.4078
232,0.3913
233,0.4069
234,0.4185
235,0.4199
236,0.4164
237,0.4136
238,0.4066
239,0.4021
240,0.4046
241,0.4024
242,0.3991
243,0.3952
244,0.3937
245,0.3973
246,0.3967
247,0.3941
248,0.3584
249,0.3836
250,0.3999
251,0.3835
252,0.3682
253,0.3605
254,0.3525
255,0.3277
256,0.3009
257,0.3242
258,0.3337
259,0.3311
260,0.3222
261,0.3118
262,0.3029
263,0.2961
264,0.2892
265,0.2811
266,0.2705
267,0.2627
268,0.2568
269,0.2525
270,0.2516
271,0.2524
272,0.2214
273,0.2101
274,0.2228
275,0.2316
276,0.2541
277,0.2821
278,0.2967
279,0.2776
280,0.257
281,0.2745
282,0.2867
283,0.2911
284,0.295
285,0.3121
286,0.3308
287,0.3328
288,0.3229
289,0.3155
290,0.3194
291,0.3231
292,0.3165
293,0.3035
294,0.2916
295,0.2774
296,0.2384
297,0.2091
298,0.2246
299,0.2276
300,0.2266
301,0.2241
302,0.2154
303,0.1964
304,0.2017
305,0.2386
306,0.2612
307,0.2702
308,0.271
309,0.2673
310,0.266
311,0.2726
312,0.2795
313,0.2859
314,0.294
315,0.3013
316,0.306
317,0.3059
318,0.3026
319,0.2968
320,0.2776
321,0.2694
322,0.2965
323,0.3031
324,0.2965
325,0.2847
326,0.266
327,0.2394
328,0.2355
329,0.2616
330,0.2734
331,0.2798
332,0.2759
333,0.2627
334,0.2402
335,0.218
336,0.2001
337,0.1864
338,0.1722
339,0.1619
340,0.1583
341,0.1537
342,0.1484
343,0.1405
344,0.1198
345,0.0744
346,0.0564
347,0.0441
348,0.0358
349,0.0319
350,0.0294
351,0.0293
352,0.0427
353,0.0533
354,0.0611
355,0.0733
356,0.0966
357,0.1272
358,0.1519
359,0.1628
360,0.1691
361,0.1706
362,0.1692
363,0.1636
364,0.1593
365,0.157
366,0.1603
367,0.1603
368,0.1365
369,0.087
370,0.1038
371,0.1201
372,0.1277
373,0.1272
374,0.1189
375,0.1024
376,0.106
377,0.1278
378,0.1393
379,0.1484
380,0.1567
381,0.1638
382,0.1672
383,0.1747
384,0.1827
385,0.1875
386,0.1893
387,0.1848
388,0.1828
389,0.1852
390,0.1849
391,0.1804
392,0.1618
393,0.1727
394,0.1935
395,0.1956
396,0.1947
397,0.1976
398,0.1989
399,0.1823
400,0.165
401,0.1856
402,0.1967
403,0.2019
404,0.2051
405,0.2082
406,0.2046
407,0.1961
408,0.1869
409,0.1778
410,0.1657
411,0.151
412,0.1361
413,0.123
414,0.1089
415,0.1
416,0.0904
417,0.0851
418,0.0966
419,0.1208
420,0.1526
421,0.1792
422,0.1932
423,0.1683
424,0.1446
425,0.1569
426,0.164
427,0.1724
428,0.1801
429,0.1906
430,0.2009
431,0.2158
432,0.2273
433,0.2311
434,0.2281
435,0.217
436,0.2101
437,0.2059
438,0.2031
439,0.2027
440,0.1792
441,0.1751
442,0.1939
443,0.2209
444,0.2459
445,0.2659
446,0.2751
447,0.264
448,0.2599
449,0.3036
450,0.349
451,0.3705
452,0.3796
453,0.3723
454,0.3607
455,0.3499
456,0.3569
457,0.3774
458,0.3886
459,0.402
460,0.4229
461,0.4221
462,0.4177
463,0.4158
464,0.392
465,0.4306
466,0.5119
467,0.5548
468,0.5785
469,0.5871
470,0.5726
471,0.5257
472,0.4488
473,0.4539
474,0.4544
475,0.4342
476,0.4147
477,0.4046
478,0.3924
479,0.3776
480,0.362
481,0.3504
482,0.3496
483,0.35
484,0.3467
485,0.3387
486,0.3341
487,0.3323
488,0.3135
489,0.3701
490,0.4114
491,0.4045
492,0.3901
493,0.379
494,0.3666
495,0.3426
496,0.3056
497,0.319
498,0.3269
499,0.3285
500,0.3193
501,0.2984
502,0.2679
503,0.237
504,0.2256
505,0.2304
506,0.2436
507,0.2564
508,0.2716
509,0.2953
510,0.3172
511,0.3318
512,0.3036
513,0.3304
514,0.4109
515,0.4697
516,0.5066
517,0.5158
518,0.51
519,0.4901
520,0.4814
521,0.4826
522,0.4934
523,0.5112
524,0.5364
525,0.5622
526,0.5862
527,0.6086
528,0.6302
529,0.6503
530,0.6689
531,0.7
532,0.7257
533,0.7463
534,0.7659
535,0.7828
536,0.7949
537,0.8106
538,0.8301
539,0.8423
540,0.843
541,0.8428
542,0.8351
543,0.8199
544,0.8117
545,0.809
546,0.8032
547,0.7929
548,0.7766
549,0.7518
550,0.7204
551,0.7032
552,0.6845
553,0.6683
554,0.6571
555,0.6579
556,0.649
557,0.6236
558,0.5962
559,0.5827
560,0.5669
561,0.5973
562,0.6282
563,0.639
564,0.6399
565,0.635
566,0.6199
567,0.5838
568,0.5349
569,0.5181
570,0.5064
571,0.4886
572,0.47
573,0.4522
574,0.4381
575,0.4341
576,0.432
577,0.4405
578,0.4521
579,0.4687
580,0.4792
581,0.4899
582,0.4976
583,0.4984
584,0.4775
585,0.5219
586,0.5554
587,0.5449
588,0.5192
589,0.494
590,0.4733
591,0.4497
592,0.4098
593,0.4244
594,0.4414
595,0.4408
596,0.425
597,0.4004
598,0.3665
599,0.3309
600,0.303
601,0.2763
602,0.2482
603,0.2224
604,0.1992
605,0.1779
606,0.1558
607,0.1395
608,0.1023
609,0.0756
610,0.0715
611,0.0811
612,0.0961
613,0.1156
614,0.1352
615,0.1318
616,0.1418
617,0.1773
618,0.2022
619,0.2355
620,0.2896
621,0.3549
622,0.4124
623,0.4447
624,0.4581
625,0.4669
626,0.4783
627,0.4842
628,0.4966
629,0.528
630,0.5559
631,0.5719
632,0.5705
633,0.6549
634,0.7336
635,0.7654
636,0.7642
637,0.7547
638,0.7389
639,0.7185
640,0.6601
641,0.6288
642,0.6108
643,0.5833
644,0.5477
645,0.5184
646,0.4966
647,0.4923
648,0.5039
649,0.518
650,0.5309
651,0.5508
652,0.5713
653,0.5915
654,0.6129
655,0.618
656,0.5988
657,0.6458
658,0.7002
659,0.7383
660,0.7643
661,0.77
662,0.7608
663,0.7336
664,0.672
665,0.6301
666,0.5972
667,0.5572
668,0.5081
669,0.4852
670,0.4548
671,0.4198
672,0.3903
673,0.3649
674,0.358
675,0.3519
676,0.3427
677,0.3492
678,0.3752
679,0.3975
680,0.4256
681,0.5051
682,0.5895
683,0.6516
684,0.7076
685,0.7506
686,0.7674
687,0.7567
688,0.7287
689,0.7171
690,0.7024
691,0.6814
692,0.6602
693,0.6375
694,0.5938
695,0.5632
696,0.5321
697,0.5
698,0.4776
699,0.4501
700,0.4266
701,0.3959
702,0.3761
703,0.3548
704,0.3272
705,0.3665
706,0.4138
707,0.452
708,0.4917
709,0.5272
710,0.5435
711,0.527
712,0.4815
713,0.4678
714,0.4834
715,0.5114
716,0.5371
717,0.5559
718,0.5726
719,0.5911
720,0.615
721,0.6451
722,0.6678
723,0.6645
724,0.6655
725,0.6777
726,0.6817
727,0.6918
728,0.7006
729,0.7224
730,0.7629
731,0.7868
732,0.7991
733,0.8035
734,0.7894
735,0.7699
736,0.7411
737,0.7284
738,0.7361
739,0.7474
740,0.7488
741,0.7426
742,0.7392
743,0.7384
744,0.7377
745,0.74
746,0.7299
747,0.7327
748,0.7459
749,0.7536
750,0.7354
751,0.7131
752,0.6873
753,0.7387
754,0.7885
755,0.8109
756,0.8433
757,0.8649
758,0.8681
759,0.8467
760,0.8174
761,0.8031
762,0.8056
763,0.7976
764,0.775
765,0.7578
766,0.7354
767,0.7205
768,0.7169
769,0.7248
770,0.7417
771,0.756
772,0.7699
773,0.7772
774,0.7815
775,0.782
776,0.7717
777,0.7898
778,0.8077
779,0.813
780,0.8122
781,0.8045
782,0.7949
783,0.7704
784,0.7211
785,0.6917
786,0.6722
787,0.6548
788,0.6441
789,0.6396
790,0.6301
791,0.6126
792,0.5931
793,0.5775
794,0.5686
795,0.5548
796,0.5332
797,0.5138
798,0.5045
799,0.4844
800,0.4709
801,0.5457
802,0.578
803,0.5776
804,0.5698
805,0.5586
806,0.5379
807,0.5029
808,0.4411
809,0.4004
810,0.3902
811,0.3874
812,0.3791
813,0.3629
814,0.3495
815,0.337
816,0.3217
817,0.3082
818,0.3077
819,0.2974
820,0.2952
821,0.2916
822,0.2923
823,0.2824
824,0.2129
825,0.1754
826,0.1766
827,0.1839
828,0.1775
829,0.1625
830,0.1457
831,0.1236
832,0.1335
833,0.1698
834,0.1973
835,0.2086
836,0.2135
837,0.2233
838,0.2301
839,0.2307
840,0.2309
841,0.2302
842,0.2304
843,0.2289
844,0.2245
845,0.2155
846,0.2101
847,0.1988
848,0.1499
849,0.1208
850,0.1226
851,0.1214
852,0.1191
853,0.1152
854,0.109
855,0.1005
856,0.0956
857,0.1119
858,0.1202
859,0.1234
860,0.1244
861,0.1292
862,0.1295
863,0.1231
864,0.1177
865,0.1147
866,0.1154
867,0.1133
868,0.1111
869,0.1126
870,0.1137
871,0.1117
872,0.087
873,0.0623
874,0.0663
875,0.0849
876,0.1018
877,0.1166
878,0.1304
879,0.1339
880,0.1368
881,0.159
882,0.1712
883,0.1875
884,0.2088
885,0.2251
886,0.2357
887,0.2456
888,0.2579
889,0.2565
890,0.2471
891,0.2369
892,0.2256
893,0.2156
894,0.2056
895,0.1872
896,0.1229
897,0.085
898,0.089
899,0.1002
900,0.1089
901,0.1171
902,0.1214
903,0.1187
904,0.1168
905,0.1359
906,0.1377
907,0.1217
908,0.1076
909,0.109
910,0.112
911,0.1201
912,0.1415
913,0.1705
914,0.1868
915,0.1937
916,0.1968
917,0.1967
918,0.1971
919,0.2066
920,0.1739
921,0.1812
922,0.2428
923,0.2745
924,0.2997
925,0.3192
926,0.3277
927,0.3222
928,0.3063
929,0.3318
930,0.3476
931,0.3478
932,0.3445
933,0.3349
934,0.3251
935,0.3117
936,0.2945
937,0.2725
938,0.2521
939,0.2349
940,0.2209
941,0.2147
942,0.2119
943,0.1958
944,0.1461
945,0.1354
946,0.1639
947,0.1991
948,0.2454
949,0.2859
950,0.3179
951,0.3327
952,0.3394
953,0.3692
954,0.3917
955,0.4125
956,0.4253
957,0.449
958,0.4686
959,0.4892
960,0.5025
961,0.5111
962,0.525
963,0.5265
964,0.5227
965,0.5158
966,0.5112
967,0.4955
968,0.4691
969,0.5401
970,0.6007
971,0.6139
972,0.6049
973,0.5802
974,0.5411
975,0.4843
976,0.4172
977,0.3956
978,0.3989
979,0.3927
980,0.369
981,0.3411
982,0.3257
983,0.3242
984,0.3159
985,0.2937
986,0.279
987,0.2565
988,0.2342
989,0.2168
990,0.2081
991,0.1941
992,0.1654
993,0.1799
994,0.181
995,0.1904
996,0.2024
997,0.2125
998,0.2238
999,0.2303
1000,0.2124
1001,0.2287
1002,0.259
1003,0.2651
1004,0.2628
1005,0.2512
1006,0.2324
1007,0.2158
1008,0.1996
1009,0.1884
1010,0.1832
1011,0.1838
1012,0.184
1013,0.1836
1014,0.1802
1015,0.172
1016,0.1286
1017,0.1182
1018,0.119
1019,0.1161
1020,0.1104
1021,0.1055
1022,0.1037
1023,0.1015
1024,0.109
1025,0.1359
1026,0.1503
1027,0.1507
1028,0.1431
1029,0.1386
1030,0.1387
1031,0.1421
1032,0.147
1033,0.1523
1034,0.1568
1035,0.1587
1036,0.1586
1037,0.1582
1038,0.1566
1039,0.1511
1040,0.1088
1041,0.0687
1042,0.0701
1043,0.0796
1044,0.0882
1045,0.0997
1046,0.1166
1047,0.1344
1048,0.1588
1049,0.1975
1050,0.2098
1051,0.206
1052,0.2049
1053,0.2128
1054,0.2304
1055,0.2583
1056,0.2852
1057,0.3001
1058,0.3051
1059,0.3029
1060,0.3061
1061,0.3159
1062,0.3287
1063,0.3313
1064,0.2821
1065,0.2668
1066,0.3
1067,0.3161
1068,0.3139
1069,0.3007
1070,0.2845
1071,0.2657
1072,0.2605
1073,0.3151
1074,0.3531
1075,0.365
1076,0.3647
1077,0.3642
1078,0.3593
1079,0.3395
1080,0.3204
1081,0.3001
1082,0.2783
1083,0.2517
1084,0.2245
1085,0.2027
1086,0.1906
1087,0.1759
1088,0.1351
1089,0.1197
1090,0.1231
1091,0.1282
1092,0.1315
1093,0.1297
1094,0.1281
1095,0.1317
1096,0.149
1097,0.1874
1098,0.2053
1099,0.2016
1100,0.1927
1101,0.1858
1102,0.1806
1103,0.1743
1104,0.1733
1105,0.1768
1106,0.1836
1107,0.1867
1108,0.1931
1109,0.2034
1110,0.2196
1111,0.2321
1112,0.2001
1113,0.2049
1114,0.2697
1115,0.3145
1116,0.3423
1117,0.3616
1118,0.3759
1119,0.3732
1120,0.3569
1121,0.3909
1122,0.4123
1123,0.4089
1124,0.404
1125,0.4023
1126,0.3934
1127,0.3786
1128,0.3634
1129,0.3528
1130,0.3466
1131,0.3393
1132,0.3304
1133,0.3204
1134,0.3107
1135,0.2876
1136,0.2054
1137,0.2055
1138,0.2487
1139,0.2572
1140,0.2652
1141,0.2704
1142,0.2717
1143,0.2682
1144,0.266
1145,0.3106
1146,0.3368
1147,0.3365
1148,0.3304
1149,0.3198
1150,0.3062
1151,0.2887
1152,0.2734
1153,0.2639
1154,0.2504
1155,0.2374
1156,0.2305
1157,0.2263
1158,0.22
1159,0.2006
1160,0.1657
1161,0.1846
1162,0.2045
1163,0.2099
1164,0.2081
1165,0.2002
1166,0.1888
1167,0.1751
1168,0.1636
1169,0.1807
1170,0.1891
1171,0.1765
1172,0.158
1173,0.1425
1174,0.1247
1175,0.1055
1176,0.0904
1177,0.0766
1178,0.0667
1179,0.0586
1180,0.0526
1181,0.0473
1182,0.0422
1183,0.0352
1184,0.0221
1185,0.0139
1186,0.0111
1187,0.013
1188,0.0189
1189,0.0266
1190,0.0342
1191,0.0393
1192,0.0512
1193,0.0812
1194,0.0935
1195,0.0899
1196,0.0847
1197,0.0833
1198,0.0847
1199,0.0971
1200,0.1203
1201,0.1384
1202,0.1435
1203,0.1364
1204,0.1275
1205,0.1228
1206,0.1182
1207,0.1126
1208,0.0912
1209,0.1034
1210,0.1224
1211,0.1318
1212,0.1358
1213,0.1313
1214,0.1238
1215,0.115
1216,0.1137
1217,0.1387
1218,0.1508
1219,0.1604
1220,0.1714
1221,0.1714
1222,0.1641
1223,0.155
1224,0.1548
1225,0.1607
1226,0.1684
1227,0.1727
1228,0.1734
1229,0.1751
1230,0.1802
1231,0.1792
1232,0.1458
1233,0.1466
1234,0.1793
1235,0.1889
1236,0.1921
1237,0.1884
1238,0.1848
1239,0.1748
1240,0.175
1241,0.2063
1242,0.2201
1243,0.212
1244,0.1975
1245,0.1897
1246,0.1792
1247,0.1716
1248,0.1688
1249,0.1713
1250,0.1782
1251,0.1838
1252,0.1916
1253,0.2004
1254,0.2103
1255,0.2113
1256,0.1579
1257,0.1139
1258,0.1249
1259,0.1455
1260,0.1515
1261,0.1465
1262,0.1353
1263,0.1215
1264,0.1142
1265,0.133
1266,0.1575
1267,0.1883
1268,0.2252
1269,0.2643
1270,0.291
1271,0.3039
1272,0.3091
1273,0.3091
1274,0.3077
1275,0.3024
1276,0.2951
1277,0.2899
1278,0.285
1279,0.2619
1280,0.152
1281,0.0876
1282,0.1069
1283,0.1177
1284,0.1345
1285,0.1591
1286,0.1861
1287,0.1929
1288,0.1918
1289,0.2327
1290,0.2728
1291,0.2899
1292,0.2937
1293,0.2991
1294,0.3009
1295,0.2944
1296,0.2848
1297,0.2768
1298,0.2696
1299,0.2605
1300,0.2522
1301,0.2422
1302,0.2281
1303,0.196
1304,0.1365
1305,0.1159
1306,0.1196
1307,0.1204
1308,0.1205
1309,0.124
1310,0.1312
1311,0.1383
1312,0.1561
1313,0.2065
1314,0.2363
1315,0.2285
1316,0.2051
1317,0.1821
1318,0.1681
1319,0.1632
1320,0.1625
1321,0.1637
1322,0.1651
1323,0.1662
1324,0.1694
1325,0.1743
1326,0.1783
1327,0.1721
1328,0.1314
1329,0.11
1330,0.1109
1331,0.1111
1332,0.1061
1333,0.1007
1334,0.0986
1335,0.1035
1336,0.1235
1337,0.1577
1338,0.1746
1339,0.1781
1340,0.1784
1341,0.1734
1342,0.1662
1343,0.1632
1344,0.1638
1345,0.1675
1346,0.1726
1347,0.1777
1348,0.1858
1349,0.1985
1350,0.2152
1351,0.221
1352,0.1666
1353,0.1629
1354,0.2138
1355,0.239
1356,0.2478
1357,0.2504
1358,0.2508
1359,0.2361
1360,0.2097
1361,0.2149
1362,0.2249
1363,0.2344
1364,0.2428
1365,0.2548
1366,0.2652
1367,0.2717
1368,0.2802
1369,0.2885
1370,0.2965
1371,0.3056
1372,0.3033
1373,0.2946
1374,0.2853
1375,0.2558
1376,0.1659
1377,0.1246
1378,0.1503
1379,0.1597
1380,0.1653
1381,0.1677
1382,0.1707
1383,0.1614
1384,0.1338
1385,0.1418
1386,0.1567
1387,0.1683
1388,0.1858
1389,0.2023
1390,0.2131
1391,0.2211
1392,0.2281
1393,0.2364
1394,0.2484
1395,0.2575
1396,0.2606
1397,0.2501
1398,0.2306
1399,0.1912
1400,0.1371
1401,0.1093
1402,0.0966
1403,0.0919
1404,0.093
1405,0.0996
1406,0.1098
1407,0.1219
1408,0.1344
1409,0.1676
1410,0.2044
1411,0.2064
1412,0.1889
1413,0.167
1414,0.1517
1415,0.1436
1416,0.1378
1417,0.1336
1418,0.1298
1419,0.1268
1420,0.1258
1421,0.1267
1422,0.1209
1423,0.0996
1424,0.067
1425,0.057
1426,0.0604
1427,0.0743
1428,0.0967
1429,0.1265
1430,0.1533
1431,0.1667
1432,0.1656
1433,0.1903
1434,0.2194
1435,0.2191
1436,0.2135
1437,0.2135
1438,0.2203
1439,0.2255
1440,0.226
1441,0.2211
1442,0.2201
1443,0.2158
1444,0.2094
1445,0.2024
1446,0.1953
1447,0.1626
1448,0.1427
1449,0.1549
1450,0.1678
1451,0.1844
1452,0.2052
1453,0.2261
1454,0.2419
1455,0.2448
1456,0.2184
1457,0.2119
1458,0.2218
1459,0.215
1460,0.2066
1461,0.1999
1462,0.1972
1463,0.1991
1464,0.2037
1465,0.2108
1466,0.2169
1467,0.2267
1468,0.2457
1469,0.2625
1470,0.2805
1471,0.2841
1472,0.2558
1473,0.3274
1474,0.4255
1475,0.476
1476,0.5042
1477,0.5187
1478,0.5195
1479,0.5178
1480,0.5248
1481,0.5577
1482,0.5875
1483,0.594
1484,0.5876
1485,0.5745
1486,0.5619
1487,0.5592
1488,0.5607
1489,0.5486
1490,0.5284
1491,0.5072
1492,0.4912
1493,0.4762
1494,0.4581
1495,0.4071
1496,0.45
1497,0.5143
1498,0.5078
1499,0.4925
1500,0.4798
1501,0.4695
1502,0.4477
1503,0.415
1504,0.3655
1505,0.3119
1506,0.2922
1507,0.2665
1508,0.2401
1509,0.22
1510,0.2136
1511,0.2138
1512,0.2158
1513,0.2145
1514,0.2112
1515,0.1991
1516,0.186
1517,0.1736
1518,0.1704
1519,0.1623
1520,0.1872
1521,0.2624
1522,0.3508
1523,0.4222
1524,0.4822
1525,0.5236
1526,0.5432
1527,0.5456
1528,0.5256
1529,0.5046
1530,0.507
1531,0.5019
1532,0.4973
1533,0.5005
1534,0.5124
1535,0.5228
1536,0.5348
1537,0.5486
1538,0.5606
1539,0.5721
1540,0.5779
1541,0.5852
1542,0.5943
1543,0.5941
1544,0.6215
1545,0.7138
1546,0.7923
1547,0.8358
1548,0.8663
1549,0.8833
1550,0.8882
1551,0.8858
1552,0.8689
1553,0.8287
1554,0.7845
1555,0.7484
1556,0.718
1557,0.6854
1558,0.658
1559,0.6197
1560,0.5752
1561,0.5231
1562,0.4724
1563,0.4156
1564,0.3442
1565,0.304
1566,0.2795
1567,0.2636
1568,0.2873
1569,0.2984
1570,0.3061
1571,0.3021
1572,0.2985
1573,0.2915
1574,0.2768
1575,0.2614
1576,0.2348
1577,0.2065
1578,0.2133
1579,0.2302
1580,0.2496
1581,0.2478
1582,0.2315
1583,0.2198
1584,0.2134
1585,0.2164
1586,0.2136
1587,0.1964
1588,0.1829
1589,0.1755
1590,0.1637
1591,0.1246
1592,0.1252
1593,0.1345
1594,0.1192
1595,0.0966
1596,0.0866
1597,0.085
1598,0.0812
1599,0.0758
1600,0.0696
1601,0.0696
1602,0.0793
1603,0.0742
1604,0.0755
1605,0.0812
1606,0.0893
1607,0.0986
1608,0.1127
1609,0.1296
1610,0.1427
1611,0.1496
1612,0.1565
1613,0.1676
1614,0.1785
1615,0.143
1616,0.0884
1617,0.0914
1618,0.0976
1619,0.1022
1620,0.1037
1621,0.1036
1622,0.1014
1623,0.0953
1624,0.0861
1625,0.0887
1626,0.1017
1627,0.1058
1628,0.1121
1629,0.1209
1630,0.1412
1631,0.1693
1632,0.1953
1633,0.2146
1634,0.2226
1635,0.2259
1636,0.2153
1637,0.2034
1638,0.1957
1639,0.1475
1640,0.1093
1641,0.1252
1642,0.1237
1643,0.1267
1644,0.1399
1645,0.1594
1646,0.1788
1647,0.1961
1648,0.1998
1649,0.2027
1650,0.231
1651,0.2461
1652,0.2521
1653,0.249
1654,0.2451
1655,0.2399
1656,0.2336
1657,0.227
1658,0.2371
1659,0.2493
1660,0.263
1661,0.2764
1662,0.273
1663,0.257
1664,0.2421
1665,0.2053
1666,0.1595
1667,0.1206
1668,0.0972
1669,0.0853
1670,0.0767
1671,0.0713
1672,0.0687
1673,0.083
1674,0.112
1675,0.1161
1676,0.1084
1677,0.11
1678,0.1299
1679,0.1586
1680,0.1877
1681,0.2184
1682,0.2373
1683,0.2375
1684,0.2345
1685,0.2316
1686,0.236
1687,0.2065
1688,0.1624
1689,0.2286
1690,0.3093
1691,0.3436
1692,0.3619
1693,0.382
1694,0.3865
1695,0.3827
1696,0.3564
1697,0.3122
1698,0.3258
1699,0.3502
1700,0.3627
1701,0.3723
1702,0.379
1703,0.3767
1704,0.384
1705,0.3885
1706,0.3924
1707,0.3837
1708,0.3698
1709,0.3542
1710,0.3435
1711,0.3303
1712,0.4048
1713,0.4619
1714,0.4785
1715,0.4828
1716,0.4935
1717,0.5053
1718,0.5066
1719,0.5007
1720,0.4806
1721,0.4175
1722,0.4048
1723,0.405
1724,0.3837
1725,0.3447
1726,0.3145
1727,0.2892
1728,0.2733
1729,0.2635
1730,0.26
1731,0.2538
1732,0.2467
1733,0.2404
1734,0.2308
1735,0.2087
1736,0.2154
1737,0.2112
1738,0.2089
1739,0.2189
1740,0.2367
1741,0.2569
1742,0.2719
1743,0.2784
1744,0.2673
1745,0.238
1746,0.2497
1747,0.2639
1748,0.2727
1749,0.2807
1750,0.2855
1751,0.2854
1752,0.2773
1753,0.263
1754,0.2479
1755,0.2341
1756,0.2216
1757,0.2119
1758,0.2034
1759,0.1701
1760,0.1439
1761,0.1409
1762,0.1367
1763,0.133
1764,0.1346
1765,0.1386
1766,0.1407
1767,0.1405
1768,0.1371
1769,0.1422
1770,0.1566
1771,0.1472
1772,0.1328
1773,0.1239
1774,0.1179
1775,0.1163
1776,0.1193
1777,0.1254
1778,0.1366
1779,0.1471
1780,0.1584
1781,0.1743
1782,0.1902
1783,0.1677
1784,0.0945
1785,0.0987
1786,0.1754
1787,0.2377
1788,0.2775
1789,0.2928
1790,0.2928
1791,0.279
1792,0.2513
1793,0.2585
1794,0.295
1795,0.3067
1796,0.3057
1797,0.3144
1798,0.3326
1799,0.3556
1800,0.3699
1801,0.3711
1802,0.3632
1803,0.3278
1804,0.2981
1805,0.2859
1806,0.276
1807,0.2082
1808,0.2296
1809,0.3236
1810,0.37
1811,0.3988
1812,0.4197
1813,0.4312
1814,0.4324
1815,0.4456
1816,0.4692
1817,0.4821
1818,0.4949
1819,0.4805
1820,0.4611
1821,0.4395
1822,0.424
1823,0.403
1824,0.3779
1825,0.3496
1826,0.3219
1827,0.3018
1828,0.2918
1829,0.2793
1830,0.2545
1831,0.258
1832,0.2787
1833,0.2438
1834,0.2173
1835,0.2092
1836,0.2118
1837,0.211
1838,0.2239
1839,0.2541
1840,0.2716
1841,0.2647
1842,0.2774
1843,0.285
1844,0.2697
1845,0.2459
1846,0.2254
1847,0.2097
1848,0.2031
1849,0.2006
1850,0.2079
1851,0.2149
1852,0.2301
1853,0.247
1854,0.2566
1855,0.2812
1856,0.3641
1857,0.3954
1858,0.4008
1859,0.4062
1860,0.4113
1861,0.4135
1862,0.4178
1863,0.4241
1864,0.4253
1865,0.3888
1866,0.3588
1867,0.3504
1868,0.3408
1869,0.3309
1870,0.3203
1871,0.3049
1872,0.2853
1873,0.2745
1874,0.2647
1875,0.2588
1876,0.2567
1877,0.2571
1878,0.259
1879,0.2596
1880,0.2877
1881,0.2866
1882,0.2783
1883,0.2754
1884,0.2758
1885,0.2844
1886,0.3013
1887,0.3167
1888,0.326
1889,0.3281
1890,0.3593
1891,0.3769
1892,0.3645
1893,0.3434
1894,0.3188
1895,0.2907
1896,0.2632
1897,0.2427
1898,0.2273
1899,0.216
1900,0.2104
1901,0.2112
1902,0.2079
1903,0.1631
1904,0.184
1905,0.207
1906,0.2016
1907,0.1945
1908,0.1885
1909,0.1848
1910,0.1868
1911,0.1933
1912,0.1983
1913,0.2055
1914,0.2339
1915,0.2376
1916,0.2221
1917,0.2001
1918,0.1799
1919,0.1714
1920,0.1743
1921,0.1874
1922,0.2046
1923,0.2176
1924,0.229
1925,0.2404
1926,0.2446
1927,0.1806
1928,0.1636
1929,0.1887
1930,0.1803
1931,0.1729
1932,0.1714
1933,0.1728
1934,0.1742
1935,0.1783
1936,0.1821
1937,0.1841
1938,0.2006
1939,0.201
1940,0.1864
1941,0.177
1942,0.1682
1943,0.1602
1944,0.1589
1945,0.1621
1946,0.1699
1947,0.1804
1948,0.1938
1949,0.2051
1950,0.2102
1951,0.1643
1952,0.1719
1953,0.2115
1954,0.2347
1955,0.2484
1956,0.2557
1957,0.2579
1958,0.2578
1959,0.2554
1960,0.2532
1961,0.2456
1962,0.2565
1963,0.2641
1964,0.2555
1965,0.2454
1966,0.231
1967,0.2191
1968,0.2135
1969,0.2116
1970,0.2081
1971,0.203
1972,0.1973
1973,0.1975
1974,0.1984
1975,0.1567
1976,0.1594
1977,0.2033
1978,0.2243
1979,0.2369
1980,0.2461
1981,0.2526
1982,0.2613
1983,0.2773
1984,0.2993
1985,0.3207
1986,0.3624
1987,0.3718
1988,0.3498
1989,0.3243
1990,0.3071
1991,0.2936
1992,0.2811
1993,0.2785
1994,0.2857
1995,0.3092
1996,0.3316
1997,0.3453
1998,0.356
1999,0.3464
2000,0.37
2001,0.396
2002,0.3887
2003,0.3902
2004,0.4044
2005,0.4281
2006,0.4565
2007,0.483
2008,0.5028
2009,0.5097
2010,0.5262
2011,0.5277
2012,0.5132
2013,0.4937
2014,0.4825
2015,0.4784
2016,0.4695
2017,0.4646
2018,0.4707
2019,0.4788
2020,0.4835
2021,0.4822
2022,0.4684
2023,0.4373
2024,0.502
2025,0.5321
2026,0.5442
2027,0.5568
2028,0.5685
2029,0.5745
2030,0.5762
2031,0.5794
2032,0.5791
2033,0.5649
2034,0.5674
2035,0.54
2036,0.4921
2037,0.4469
2038,0.4197
2039,0.4067
2040,0.3959
2041,0.3776
2042,0.355
2043,0.342
2044,0.3427
2045,0.3464
2046,0.3332
2047,0.2626
2048,0.3057
2049,0.3361
2050,0.3298
2051,0.3203
2052,0.3192
2053,0.3312
2054,0.3542
2055,0.3786
2056,0.3982
2057,0.4073
2058,0.4386
2059,0.4423
2060,0.4209
2061,0.3948
2062,0.3597
2063,0.3305
2064,0.3087
2065,0.29
2066,0.2737
2067,0.2658
2068,0.2602
2069,0.2549
2070,0.242
2071,0.1936
2072,0.2041
2073,0.2268
2074,0.2326
2075,0.2417
2076,0.2535
2077,0.2669
2078,0.2819
2079,0.2976
2080,0.3189
2081,0.3463
2082,0.3921
2083,0.3932
2084,0.3583
2085,0.3217
2086,0.2916
2087,0.2636
2088,0.2448
2089,0.238
2090,0.2374
2091,0.2316
2092,0.2244
2093,0.2223
2094,0.2233
2095,0.1842
2096,0.2357
2097,0.257
2098,0.2628
2099,0.263
2100,0.2579
2101,0.247
2102,0.2363
2103,0.2338
2104,0.2454
2105,0.2731
2106,0.3333
2107,0.3676
2108,0.3659
2109,0.3553
2110,0.3466
2111,0.3271
2112,0.3096
2113,0.2889
2114,0.273
2115,0.2531
2116,0.2358
2117,0.2254
2118,0.212
2119,0.1679
2120,0.1725
2121,0.1631
2122,0.1499
2123,0.1422
2124,0.1374
2125,0.1333
2126,0.1301
2127,0.1298
2128,0.1392
2129,0.1618
2130,0.2099
2131,0.2389
2132,0.2417
2133,0.2325
2134,0.2201
2135,0.2101
2136,0.2017
2137,0.1901
2138,0.1759
2139,0.167
2140,0.161
2141,0.156
2142,0.151
2143,0.116
2144,0.1012
2145,0.119
2146,0.1371
2147,0.1554
2148,0.1725
2149,0.1821
2150,0.1862
2151,0.1885
2152,0.1811
2153,0.1539
2154,0.1473
2155,0.1526
2156,0.1476
2157,0.1391
2158,0.128
2159,0.114
2160,0.0998
2161,0.0881
2162,0.0777
2163,0.0745
2164,0.0759
2165,0.0792
2166,0.0749
2167,0.0545
2168,0.0464
2169,0.0499
2170,0.054
2171,0.0595
2172,0.0683
2173,0.0768
2174,0.0834
2175,0.0879
2176,0.0875
2177,0.0812
2178,0.0931
2179,0.1004
2180,0.0958
2181,0.0921
2182,0.0897
2183,0.0879
2184,0.0907
2185,0.0975
2186,0.1046
2187,0.1067
2188,0.1074
2189,0.1085
2190,0.1002
2191,0.069
2192,0.0709
2193,0.0618
2194,0.0582
2195,0.0647
2196,0.0794
2197,0.0988
2198,0.1209
2199,0.1443
2200,0.1639
2201,0.1612
2202,0.1714
2203,0.187
2204,0.1906
2205,0.1879
2206,0.1751
2207,0.1659
2208,0.1677
2209,0.1733
2210,0.1769
2211,0.1856
2212,0.192
2213,0.1944
2214,0.185
2215,0.181
2216,0.2913
2217,0.3687
2218,0.4116
2219,0.4553
2220,0.4983
2221,0.5406
2222,0.5825
2223,0.6114
2224,0.6131
2225,0.5497
2226,0.4417
2227,0.4021
2228,0.3675
2229,0.3517
2230,0.3442
2231,0.3416
2232,0.3387
2233,0.3406
2234,0.3433
2235,0.3183
2236,0.285
2237,0.2558
2238,0.2079
2239,0.2018
2240,0.2002
2241,0.1938
2242,0.2047
2243,0.2263
2244,0.2597
2245,0.2993
2246,0.3344
2247,0.3523
2248,0.3508
2249,0.3264
2250,0.3046
2251,0.2957
2252,0.2929
2253,0.3065
2254,0.3162
2255,0.3192
2256,0.3208
2257,0.3285
2258,0.333
2259,0.3261
2260,0.3224
2261,0.3237
2262,0.3049
2263,0.3349
2264,0.3844
2265,0.3937
2266,0.4036
2267,0.4322
2268,0.4649
2269,0.4925
2270,0.5
2271,0.4889
2272,0.464
2273,0.4089
2274,0.3549
2275,0.3505
2276,0.3543
2277,0.3688
2278,0.3866
2279,0.399
2280,0.4056
2281,0.4202
2282,0.4297
2283,0.4358
2284,0.4392
2285,0.441
2286,0.4488
2287,0.5143
2288,0.5904
2289,0.6169
2290,0.6264
2291,0.6404
2292,0.651
2293,0.6559
2294,0.6509
2295,0.6278
2296,0.5767
2297,0.472
2298,0.4081
2299,0.4032
2300,0.4029
2301,0.4178
2302,0.4247
2303,0.4234
2304,0.4287
2305,0.4254
2306,0.4182
2307,0.4069
2308,0.3988
2309,0.3906
2310,0.3752
2311,0.4047
2312,0.4578
2313,0.4593
2314,0.4318
2315,0.4089
2316,0.3966
2317,0.3892
2318,0.3856
2319,0.3849
2320,0.3773
2321,0.3347
2322,0.2844
2323,0.2611
2324,0.2451
2325,0.2604
2326,0.2894
2327,0.3092
2328,0.3226
2329,0.3261
2330,0.3318
2331,0.3286
2332,0.3183
2333,0.3001
2334,0.27
2335,0.2767
2336,0.349
2337,0.3904
2338,0.3977
2339,0.401
2340,0.4068
2341,0.4148
2342,0.4226
2343,0.4221
2344,0.3957
2345,0.3469
2346,0.3216
2347,0.3402
2348,0.3499
2349,0.3565
2350,0.3536
2351,0.3568
2352,0.3667
2353,0.372
2354,0.3799
2355,0.3875
2356,0.3892
2357,0.3931
2358,0.3697
2359,0.4229
2360,0.5193
2361,0.5416
2362,0.5387
2363,0.5342
2364,0.537
2365,0.5385
2366,0.536
2367,0.5236
2368,0.4993
2369,0.4378
2370,0.3868
2371,0.3809
2372,0.3843
2373,0.4012
2374,0.4219
2375,0.4297
2376,0.4203
2377,0.4091
2378,0.3948
2379,0.3683
2380,0.3397
2381,0.3115
2382,0.2815
2383,0.2917
2384,0.3196
2385,0.3284
2386,0.3291
2387,0.3264
2388,0.333
2389,0.3524
2390,0.3805
2391,0.4095
2392,0.4243
2393,0.3916
2394,0.3441
2395,0.3429
2396,0.3472
2397,0.3466
2398,0.3443
2399,0.3358
2400,0.3243
2401,0.3138
2402,0.2999
2403,0.2807
2404,0.2651
2405,0.2503
2406,0.2266
2407,0.2378
2408,0.2549
2409,0.2601
2410,0.2687
2411,0.2838
2412,0.3067
2413,0.3352
2414,0.3665
2415,0.3881
2416,0.396
2417,0.3748
2418,0.338
2419,0.3458
2420,0.347
2421,0.3462
2422,0.3402
2423,0.3288
2424,0.3129
2425,0.3014
2426,0.2867
2427,0.2695
2428,0.2552
2429,0.2429
2430,0.2169
2431,0.1935
2432,0.1774
2433,0.1552
2434,0.1431
2435,0.1418
2436,0.1451
2437,0.152
2438,0.1635
2439,0.1776
2440,0.1881
2441,0.1844
2442,0.2018
2443,0.2271
2444,0.2168
2445,0.2009
2446,0.1863
2447,0.1753
2448,0.164
2449,0.1556
2450,0.1522
2451,0.1522
2452,0.1599
2453,0.1691
2454,0.1516
2455,0.0883
2456,0.0671
2457,0.0589
2458,0.0505
2459,0.0518
2460,0.062
2461,0.0785
2462,0.0994
2463,0.1168
2464,0.1259
2465,0.1266
2466,0.1508
2467,0.1682
2468,0.1689
2469,0.1755
2470,0.1897
2471,0.2162
2472,0.2417
2473,0.2574
2474,0.2655
2475,0.2555
2476,0.2402
2477,0.2325
2478,0.1936
2479,0.1188
2480,0.132
2481,0.1352
2482,0.1413
2483,0.1516
2484,0.158
2485,0.1562
2486,0.1491
2487,0.1395
2488,0.1236
2489,0.1027
2490,0.1065
2491,0.115
2492,0.1113
2493,0.1062
2494,0.108
2495,0.1159
2496,0.1263
2497,0.1417
2498,0.1598
2499,0.1745
2500,0.201
2501,0.2279
2502,0.2387
2503,0.2386
2504,0.3253
2505,0.4247
2506,0.4757
2507,0.5089
2508,0.5392
2509,0.5664
2510,0.5824
2511,0.5631
2512,0.5199
2513,0.4452
2514,0.3557
2515,0.3043
2516,0.2665
2517,0.2372
2518,0.209
2519,0.1821
2520,0.1648
2521,0.1589
2522,0.1492
2523,0.1461
2524,0.1385
2525,0.1272
2526,0.1004
2527,0.0781
2528,0.0683
2529,0.0606
2530,0.0558
2531,0.0579
2532,0.0681
2533,0.0842
2534,0.0997
2535,0.1174
2536,0.1432
2537,0.1761
2538,0.2273
2539,0.2673
2540,0.2951
2541,0.3169
2542,0.3408
2543,0.3682
2544,0.3862
2545,0.3943
2546,0.3968
2547,0.3862
2548,0.3817
2549,0.3858
2550,0.3752
2551,0.3844
2552,0.4539
2553,0.5211
2554,0.5641
2555,0.5772
2556,0.5734
2557,0.5614
2558,0.5406
2559,0.509
2560,0.4693
2561,0.4196
2562,0.3937
2563,0.3794
2564,0.3383
2565,0.3135
2566,0.3112
2567,0.3066
2568,0.2912
2569,0.2628
2570,0.2313
2571,0.1904
2572,0.1784
2573,0.1565
2574,0.1321
2575,0.146
2576,0.1731
2577,0.1907
2578,0.2117
2579,0.2322
2580,0.2569
2581,0.2813
2582,0.2922
2583,0.2918
2584,0.2866
2585,0.2776
2586,0.2752
2587,0.2848
2588,0.2909
2589,0.2967
2590,0.3171
2591,0.3304
2592,0.3412
2593,0.3445
2594,0.336
2595,0.3067
2596,0.2807
2597,0.2617
2598,0.2425
2599,0.2388
2600,0.2691
2601,0.3071
2602,0.3525
2603,0.397
2604,0.4333
2605,0.4694
2606,0.4964
2607,0.4973
2608,0.4786
2609,0.441
2610,0.4272
2611,0.4303
2612,0.4224
2613,0.4188
2614,0.4204
2615,0.4185
2616,0.4167
2617,0.4217
2618,0.4287
2619,0.4285
2620,0.4344
2621,0.4483
2622,0.4393
2623,0.4224
2624,0.492
2625,0.535
2626,0.5658
2627,0.5826
2628,0.5901
2629,0.5893
2630,0.5844
2631,0.5786
2632,0.5606
2633,0.5161
2634,0.4533
2635,0.4137
2636,0.3806
2637,0.3442
2638,0.3158
2639,0.2825
2640,0.254
2641,0.2417
2642,0.2548
2643,0.2723
2644,0.2868
2645,0.2914
2646,0.2586
2647,0.2882
2648,0.3674
2649,0.3875
2650,0.3838
2651,0.3757
2652,0.3688
2653,0.3633
2654,0.3557
2655,0.3464
2656,0.3247
2657,0.2784
2658,0.2329
2659,0.2246
2660,0.2128
2661,0.1963
2662,0.1827
2663,0.1719
2664,0.1631
2665,0.1578
2666,0.1531
2667,0.1482
2668,0.1474
2669,0.1501
2670,0.1242
2671,0.1025
2672,0.1209
2673,0.1346
2674,0.1564
2675,0.1841
2676,0.2111
2677,0.2359
2678,0.2582
2679,0.2732
2680,0.2755
2681,0.2705
2682,0.2762
2683,0.2879
2684,0.2817
2685,0.2818
2686,0.2905
2687,0.3133
2688,0.3339
2689,0.3294
2690,0.3064
2691,0.2847
2692,0.2738
2693,0.2739
2694,0.2552
2695,0.2868
2696,0.3361
2697,0.3606
2698,0.3954
2699,0.4395
2700,0.4748
2701,0.5031
2702,0.5352
2703,0.5492
2704,0.5339
2705,0.486
2706,0.408
2707,0.3571
2708,0.3433
2709,0.3547
2710,0.3699
2711,0.3902
2712,0.4062
2713,0.4045
2714,0.3945
2715,0.3755
2716,0.3632
2717,0.364
2718,0.4005
2719,0.5029
2720,0.5938
2721,0.6653
2722,0.7344
2723,0.8072
2724,0.8462
2725,0.8539
2726,0.855
2727,0.8375
2728,0.7911
2729,0.7352
2730,0.6831
2731,0.6619
2732,0.6592
2733,0.6637
2734,0.6636
2735,0.6569
2736,0.665
2737,0.6615
2738,0.6475
2739,0.6303
2740,0.6022
2741,0.5682
2742,0.5285
2743,0.561
2744,0.611
2745,0.6412
2746,0.6784
2747,0.7188
2748,0.762
2749,0.7882
2750,0.79
2751,0.7838
2752,0.7716
2753,0.7203
2754,0.6477
2755,0.6014
2756,0.5812
2757,0.566
2758,0.5484
2759,0.5336
2760,0.5138
2761,0.489
2762,0.4668
2763,0.4388
2764,0.4124
2765,0.3786
2766,0.3164
2767,0.3718
2768,0.3869
2769,0.3366
2770,0.2795
2771,0.24
2772,0.2151
2773,0.2026
2774,0.1992
2775,0.2018
2776,0.2036
2777,0.1922
2778,0.1701
2779,0.177
2780,0.17
2781,0.1589
2782,0.1528
2783,0.1508
2784,0.1536
2785,0.1548
2786,0.157
2787,0.1544
2788,0.1508
2789,0.1421
2790,0.1108
2791,0.0904
2792,0.1007
2793,0.104
2794,0.1038
2795,0.1092
2796,0.1209
2797,0.1362
2798,0.1517
2799,0.1653
2800,0.1766
2801,0.1872
2802,0.1977
2803,0.231
2804,0.2457
2805,0.2361
2806,0.2264
2807,0.2194
2808,0.2161
2809,0.21
2810,0.2085
2811,0.2072
2812,0.2049
2813,0.2023
2814,0.1767
2815,0.1534
2816,0.1635
2817,0.1644
2818,0.1573
2819,0.15
2820,0.1463
2821,0.1469
2822,0.1535
2823,0.1644
2824,0.1782
2825,0.1949
2826,0.2217
2827,0.2623
2828,0.2565
2829,0.2351
2830,0.2126
2831,0.1926
2832,0.179
2833,0.1658
2834,0.1552
2835,0.1489
2836,0.1473
2837,0.1424
2838,0.108
2839,0.0734
2840,0.0694
2841,0.0656
2842,0.0633
2843,0.0611
2844,0.0635
2845,0.0706
2846,0.0824
2847,0.0946
2848,0.1078
2849,0.1232
2850,0.1469
2851,0.1828
2852,0.1911
2853,0.1896
2854,0.1832
2855,0.1699
2856,0.1537
2857,0.1375
2858,0.1238
2859,0.1102
2860,0.1014
2861,0.0978
2862,0.0742
2863,0.0646
2864,0.0704
2865,0.0703
2866,0.0665
2867,0.064
2868,0.067
2869,0.0748
2870,0.0868
2871,0.1009
2872,0.1149
2873,0.1325
2874,0.1712
2875,0.2243
2876,0.2345
2877,0.2231
2878,0.2121
2879,0.1994
2880,0.1872
2881,0.1717
2882,0.159
2883,0.1435
2884,0.1306
2885,0.1231
2886,0.0994
2887,0.0874
2888,0.0899
2889,0.0859
2890,0.0854
2891,0.0925
2892,0.1062
2893,0.1253
2894,0.1508
2895,0.1885
2896,0.2406
2897,0.3016
2898,0.3431
2899,0.3573
2900,0.3479
2901,0.3231
2902,0.2963
2903,0.2819
2904,0.2752
2905,0.2727
2906,0.2711
2907,0.2776
2908,0.2921
2909,0.3061
2910,0.3005
2911,0.3142
2912,0.3152
2913,0.2911
2914,0.2568
2915,0.2307
2916,0.2241
2917,0.2265
2918,0.2303
2919,0.2358
2920,0.2477
2921,0.2804
2922,0.3256
2923,0.3513
2924,0.3244
2925,0.2773
2926,0.2438
2927,0.2225
2928,0.2115
2929,0.2
2930,0.19
2931,0.1759
2932,0.1699
2933,0.1681
2934,0.1654
2935,0.2038
2936,0.2341
2937,0.2483
2938,0.2568
2939,0.2701
2940,0.2899
2941,0.315
2942,0.3402
2943,0.3598
2944,0.3705
2945,0.3666
2946,0.3318
2947,0.3244
2948,0.3107
2949,0.2731
2950,0.2356
2951,0.2097
2952,0.1942
2953,0.1815
2954,0.1768
2955,0.1701
2956,0.1669
2957,0.1634
2958,0.1475
2959,0.1345
2960,0.1384
2961,0.1488
2962,0.1638
2963,0.1878
2964,0.2245
2965,0.2718
2966,0.3287
2967,0.3817
2968,0.4208
2969,0.4353
2970,0.4258
2971,0.4352
2972,0.4438
2973,0.4352
2974,0.4366
2975,0.4343
2976,0.4189
2977,0.3925
2978,0.3673
2979,0.3232
2980,0.2909
2981,0.2648
2982,0.2573
2983,0.2607
2984,0.2455
2985,0.2336
2986,0.226
2987,0.2215
2988,0.2267
2989,0.2409
2990,0.2615
2991,0.2789
2992,0.2861
2993,0.2757
2994,0.2543
2995,0.2811
2996,0.2768
2997,0.2466
2998,0.2168
2999,0.1919
3000,0.1678
3001,0.1459
3002,0.1301
3003,0.118
3004,0.1069
3005,0.0954
3006,0.0549
3007,0.0316
3008,0.0417
3009,0.0644
3010,0.0828
3011,0.103
3012,0.1266
3013,0.1509
3014,0.1748
3015,0.1868
3016,0.1775
3017,0.1508
3018,0.1425
3019,0.1438
3020,0.1222
3021,0.1045
3022,0.096
3023,0.0961
3024,0.1057
3025,0.1117
3026,0.1116
3027,0.111
3028,0.1166
3029,0.1275
3030,0.1129
3031,0.1069
3032,0.1702
3033,0.2415
3034,0.2848
3035,0.313
3036,0.338
3037,0.3786
3038,0.4168
3039,0.4349
3040,0.4443
3041,0.434
3042,0.4074
3043,0.4224
3044,0.4408
3045,0.4584
3046,0.4623
3047,0.4578
3048,0.4521
3049,0.4505
3050,0.4582
3051,0.4724
3052,0.4826
3053,0.4865
3054,0.5139
3055,0.6028
3056,0.7049
3057,0.762
3058,0.7801
3059,0.7978
3060,0.8221
3061,0.8406
3062,0.844
3063,0.8409
3064,0.8308
3065,0.7998
3066,0.7358
3067,0.656
3068,0.5982
3069,0.5641
3070,0.5411
3071,0.522
3072,0.4986
3073,0.4687
3074,0.4397
3075,0.4066
3076,0.3702
3077,0.3321
3078,0.3312
3079,0.3662
3080,0.3556
3081,0.3345
3082,0.3196
3083,0.3349
3084,0.3688
3085,0.4021
3086,0.4368
3087,0.4652
3088,0.4801
3089,0.4689
3090,0.4323
3091,0.4174
3092,0.4093
3093,0.4133
3094,0.4159
3095,0.4172
3096,0.426
3097,0.4265
3098,0.4297
3099,0.4045
3100,0.3774
3101,0.3556
3102,0.3421
3103,0.4058
3104,0.44
3105,0.4376
3106,0.4321
3107,0.4316
3108,0.4294
3109,0.4195
3110,0.4019
3111,0.3878
3112,0.3637
3113,0.3183
3114,0.2509
3115,0.2441
3116,0.2403
3117,0.2345
3118,0.2343
3119,0.2396
3120,0.2506
3121,0.2508
3122,0.2508
3123,0.2398
3124,0.2308
3125,0.2226
3126,0.195
3127,0.1773
3128,0.1745
3129,0.1844
3130,0.1988
3131,0.2094
3132,0.2206
3133,0.2387
3134,0.2542
3135,0.2643
3136,0.2817
3137,0.3027
3138,0.3217
3139,0.353
3140,0.3717
3141,0.379
3142,0.3804
3143,0.3732
3144,0.3676
3145,0.3624
3146,0.3679
3147,0.3606
3148,0.3442
3149,0.3331
3150,0.303
3151,0.2996
3152,0.2917
3153,0.2804
3154,0.2751
3155,0.2764
3156,0.2842
3157,0.2977
3158,0.3137
3159,0.326
3160,0.3435
3161,0.3615
3162,0.3633
3163,0.3995
3164,0.4097
3165,0.3887
3166,0.3655
3167,0.3535
3168,0.3492
3169,0.3455
3170,0.3417
3171,0.3429
3172,0.3428
3173,0.3226
3174,0.2385
3175,0.2465
3176,0.2663
3177,0.2788
3178,0.2921
3179,0.3072
3180,0.3186
3181,0.3269
3182,0.334
3183,0.3449
3184,0.3632
3185,0.391
3186,0.4153
3187,0.4443
3188,0.4343
3189,0.398
3190,0.3679
3191,0.348
3192,0.3236
3193,0.2956
3194,0.2723
3195,0.2545
3196,0.2395
3197,0.2212
3198,0.1576
3199,0.1408
3200,0.1343
3201,0.1196
3202,0.107
3203,0.097
3204,0.0925
3205,0.095
3206,0.1041
3207,0.1163
3208,0.1321
3209,0.1515
3210,0.1777
3211,0.2193
3212,0.2287
3213,0.2169
3214,0.2012
3215,0.1823
3216,0.1636
3217,0.1487
3218,0.1414
3219,0.1418
3220,0.154
3221,0.171
3222,0.1382
3223,0.11
3224,0.137
3225,0.1424
3226,0.1321
3227,0.1293
3228,0.1417
3229,0.1643
3230,0.1933
3231,0.2256
3232,0.2501
3233,0.2585
3234,0.264
3235,0.2939
3236,0.2989
3237,0.2731
3238,0.2357
3239,0.2049
3240,0.1776
3241,0.1545
3242,0.1334
3243,0.1186
3244,0.1101
3245,0.1069
3246,0.0948
3247,0.0948
3248,0.1078
3249,0.1254
3250,0.152
3251,0.197
3252,0.2572
3253,0.3204
3254,0.3847
3255,0.4455
3256,0.4985
3257,0.5347
3258,0.5289
3259,0.5261
3260,0.5005
3261,0.4781
3262,0.502
3263,0.5487
3264,0.5589
3265,0.5549
3266,0.5608
3267,0.5688
3268,0.5724
3269,0.57
3270,0.6138
3271,0.6692
3272,0.7012
3273,0.7126
3274,0.7084
3275,0.6914
3276,0.6737
3277,0.6608
3278,0.6555
3279,0.644
3280,0.6238
3281,0.5852
3282,0.4931
3283,0.4027
3284,0.3557
3285,0.3203
3286,0.2883
3287,0.2653
3288,0.2595
3289,0.2635
3290,0.2695
3291,0.2552
3292,0.2307
3293,0.2087
3294,0.2089
3295,0.2285
3296,0.2486
3297,0.2821
3298,0.3139
3299,0.3416
3300,0.3668
3301,0.3908
3302,0.4064
3303,0.4081
3304,0.399
3305,0.3779
3306,0.3183
3307,0.2724
3308,0.2637
3309,0.2619
3310,0.2649
3311,0.2611
3312,0.257
3313,0.2456
3314,0.2436
3315,0.2307
3316,0.2214
3317,0.2131
3318,0.2201
3319,0.2435
3320,0.2508
3321,0.2479
3322,0.2509
3323,0.2613
3324,0.2779
3325,0.294
3326,0.3061
3327,0.3143
3328,0.3129
3329,0.2978
3330,0.2626
3331,0.2487
3332,0.2494
3333,0.2307
3334,0.2084
3335,0.186
3336,0.1669
3337,0.1515
3338,0.1397
3339,0.1289
3340,0.1223
3341,0.114
3342,0.0989
3343,0.0862
3344,0.0806
3345,0.0736
3346,0.0688
3347,0.0689
3348,0.0739
3349,0.0845
3350,0.1003
3351,0.1146
3352,0.1295
3353,0.1452
3354,0.1606
3355,0.1833
3356,0.1712
3357,0.1434
3358,0.1314
3359,0.128
3360,0.1229
3361,0.1153
3362,0.1097
3363,0.1065
3364,0.1043
3365,0.098
3366,0.0771
3367,0.0687
3368,0.0548
3369,0.0415
3370,0.0372
3371,0.0415
3372,0.0529
3373,0.0685
3374,0.0872
3375,0.105
3376,0.122
3377,0.1428
3378,0.166
3379,0.2217
3380,0.2476
3381,0.2275
3382,0.2012
3383,0.1735
3384,0.1506
3385,0.1312
3386,0.1168
3387,0.106
3388,0.0988
3389,0.0896
3390,0.0545
3391,0.0373
3392,0.0322
3393,0.0314
3394,0.0332
3395,0.0371
3396,0.0412
3397,0.0452
3398,0.0489
3399,0.0546
3400,0.0601
3401,0.0699
3402,0.0921
3403,0.1301
3404,0.1393
3405,0.1288
3406,0.1166
3407,0.106
3408,0.0981
3409,0.0897
3410,0.081
3411,0.0703
3412,0.0604
3413,0.0527
3414,0.0354
3415,0.03
3416,0.0342
3417,0.0418
3418,0.0561
3419,0.0777
3420,0.1
3421,0.1168
3422,0.1293
3423,0.1456
3424,0.1662
3425,0.1968
3426,0.2267
3427,0.2493
3428,0.258
3429,0.2493
3430,0.2365
3431,0.2156
3432,0.205
3433,0.201
3434,0.1962
3435,0.1972
3436,0.2066
3437,0.2221
3438,0.2503
3439,0.2877
3440,0.3296
3441,0.3503
3442,0.3471
3443,0.3504
3444,0.3654
3445,0.3861
3446,0.4051
3447,0.4207
3448,0.4236
3449,0.4225
3450,0.4043
3451,0.3658
3452,0.3577
3453,0.3549
3454,0.3517
3455,0.3485
3456,0.3476
3457,0.3469
3458,0.3522
3459,0.3518
3460,0.3554
3461,0.3493
3462,0.3825
3463,0.4143
3464,0.4025
3465,0.3846
3466,0.3721
3467,0.3608
3468,0.3505
3469,0.3422
3470,0.3369
3471,0.3377
3472,0.3414
3473,0.3416
3474,0.3296
3475,0.3173
3476,0.3172
3477,0.3094
3478,0.3052
3479,0.2928
3480,0.2877
3481,0.2803
3482,0.2723
3483,0.254
3484,0.2379
3485,0.233
3486,0.2385
3487,0.2328
3488,0.2308
3489,0.2427
3490,0.2579
3491,0.272
3492,0.2842
3493,0.2955
3494,0.3077
3495,0.3182
3496,0.3232
3497,0.3197
3498,0.2916
3499,0.2606
3500,0.2436
3501,0.2231
3502,0.2083
3503,0.1947
3504,0.182
3505,0.1703
3506,0.1641
3507,0.1562
3508,0.1539
3509,0.1541
3510,0.1393
3511,0.1383
3512,0.1533
3513,0.1736
3514,0.1881
3515,0.2053
3516,0.2323
3517,0.2674
3518,0.3046
3519,0.3394
3520,0.3683
3521,0.3891
3522,0.3921
3523,0.3878
3524,0.389
3525,0.3794
3526,0.3543
3527,0.3264
3528,0.3031
3529,0.2834
3530,0.2664
3531,0.2435
3532,0.2375
3533,0.2323
3534,0.2585
3535,0.2849
3536,0.2942
3537,0.3075
3538,0.319
3539,0.3289
3540,0.3465
3541,0.3729
3542,0.4035
3543,0.4307
3544,0.4412
3545,0.4389
3546,0.4157
3547,0.3697
3548,0.3482
3549,0.3275
3550,0.315
3551,0.2962
3552,0.2839
3553,0.2853
3554,0.2946
3555,0.2983
3556,0.3034
3557,0.3013
3558,0.3479
3559,0.3712
3560,0.3586
3561,0.3454
3562,0.3417
3563,0.3444
3564,0.3469
3565,0.3516
3566,0.3576
3567,0.3651
3568,0.3684
3569,0.3625
3570,0.3366
3571,0.3248
3572,0.3443
3573,0.3331
3574,0.3093
3575,0.2863
3576,0.2626
3577,0.241
3578,0.2231
3579,0.2064
3580,0.1964
3581,0.1751
3582,0.1309
3583,0.1331
3584,0.1397
3585,0.1429
3586,0.1446
3587,0.1474
3588,0.1539
3589,0.165
3590,0.18
3591,0.1979
3592,0.2178
3593,0.2414
3594,0.2742
3595,0.3393
3596,0.3626
3597,0.3374
3598,0.3079
3599,0.2776
3600,0.2547
3601,0.236
3602,0.2165
3603,0.1985
3604,0.182
3605,0.1649
3606,0.1175
3607,0.1146
3608,0.1274
3609,0.1327
3610,0.1339
3611,0.1314
3612,0.1281
3613,0.1274
3614,0.1287
3615,0.1326
3616,0.1404
3617,0.156
3618,0.1942
3619,0.2409
3620,0.246
3621,0.2232
3622,0.197
3623,0.1807
3624,0.1755
3625,0.1762
3626,0.1787
3627,0.1783
3628,0.1801
3629,0.178
3630,0.1373
3631,0.1267
3632,0.1335
3633,0.1363
3634,0.1355
3635,0.134
3636,0.1326
3637,0.1339
3638,0.1401
3639,0.1454
3640,0.15
3641,0.1626
3642,0.1922
3643,0.2352
3644,0.2487
3645,0.2369
3646,0.2211
3647,0.2082
3648,0.2008
3649,0.1947
3650,0.1868
3651,0.1731
3652,0.1592
3653,0.1432
3654,0.0954
3655,0.0863
3656,0.0988
3657,0.1148
3658,0.1329
3659,0.1485
3660,0.1574
3661,0.1582
3662,0.1552
3663,0.149
3664,0.1469
3665,0.1525
3666,0.175
3667,0.2092
3668,0.2042
3669,0.1792
3670,0.1619
3671,0.1516
3672,0.1432
3673,0.1385
3674,0.131
3675,0.1248
3676,0.1205
3677,0.1076
3678,0.0749
3679,0.0714
3680,0.0881
3681,0.1066
3682,0.1287
3683,0.153
3684,0.1785
3685,0.2032
3686,0.2257
3687,0.2408
3688,0.2477
3689,0.2485
3690,0.2448
3691,0.2528
3692,0.2456
3693,0.2369
3694,0.2361
3695,0.236
3696,0.2314
3697,0.2242
3698,0.224
3699,0.2262
3700,0.229
3701,0.2137
3702,0.1944
3703,0.2532
3704,0.3337
3705,0.3785
3706,0.3922
3707,0.4064
3708,0.4236
3709,0.4364
3710,0.4435
3711,0.4436
3712,0.4307
3713,0.4114
3714,0.3675
3715,0.3253
3716,0.3
3717,0.2663
3718,0.2382
3719,0.2206
3720,0.2137
3721,0.2216
3722,0.2342
3723,0.2461
3724,0.2647
3725,0.2956
3726,0.3687
3727,0.4337
3728,0.4781
3729,0.5035
3730,0.5243
3731,0.5398
3732,0.5441
3733,0.5333
3734,0.5087
3735,0.4648
3736,0.409
3737,0.347
3738,0.2805
3739,0.241
3740,0.2261
3741,0.203
3742,0.1795
3743,0.1624
3744,0.145
3745,0.1256
3746,0.1078
3747,0.0954
3748,0.082
3749,0.0687
3750,0.0666
3751,0.1138
3752,0.184
3753,0.2671
3754,0.3584
3755,0.4488
3756,0.5346
3757,0.6158
3758,0.6733
3759,0.7002
3760,0.7159
3761,0.7164
3762,0.6789
3763,0.6323
3764,0.6075
3765,0.594
3766,0.5834
3767,0.5676
3768,0.5509
3769,0.5235
3770,0.5037
3771,0.4854
3772,0.4594
3773,0.4291
3774,0.4642
3775,0.4832
3776,0.4518
3777,0.4117
3778,0.3756
3779,0.345
3780,0.3214
3781,0.2983
3782,0.27
3783,0.2389
3784,0.2084
3785,0.1789
3786,0.1554
3787,0.1702
3788,0.186
3789,0.1787
3790,0.1716
3791,0.1712
3792,0.1725
3793,0.1775
3794,0.1865
3795,0.1947
3796,0.201
3797,0.1804
3798,0.1471
3799,0.1591
3800,0.1621
3801,0.1621
3802,0.167
3803,0.1746
3804,0.1853
3805,0.2011
3806,0.2209
3807,0.2347
3808,0.2368
3809,0.2387
3810,0.2392
3811,0.2443
3812,0.2372
3813,0.2131
3814,0.19
3815,0.1648
3816,0.1398
3817,0.1236
3818,0.1092
3819,0.1018
3820,0.0905
3821,0.076
3822,0.0702
3823,0.0811
3824,0.0934
3825,0.1011
3826,0.1067
3827,0.1186
3828,0.1384
3829,0.1633
3830,0.1884
3831,0.2108
3832,0.2376
3833,0.272
3834,0.3079
3835,0.3269
3836,0.3391
3837,0.3468
3838,0.3573
3839,0.3631
3840,0.3582
3841,0.3394
3842,0.3208
3843,0.2968
3844,0.2653
3845,0.2381
3846,0.2001
3847,0.1852
3848,0.1532
3849,0.135
3850,0.139
3851,0.1569
3852,0.1821
3853,0.2101
3854,0.235
3855,0.2575
3856,0.2779
3857,0.2942
3858,0.2913
3859,0.2722
3860,0.2528
3861,0.231
3862,0.209
3863,0.1907
3864,0.1732
3865,0.1645
3866,0.1643
3867,0.1637
3868,0.1602
3869,0.1552
3870,0.1738
3871,0.2284
3872,0.2758
3873,0.3147
3874,0.347
3875,0.3769
3876,0.4013
3877,0.4166
3878,0.4197
3879,0.4107
3880,0.3972
3881,0.3802
3882,0.3438
3883,0.2857
3884,0.266
3885,0.2365
3886,0.2077
3887,0.184
3888,0.1693
3889,0.1633
3890,0.1551
3891,0.1462
3892,0.1407
3893,0.1305
3894,0.1239
3895,0.1288
3896,0.1177
3897,0.1117
3898,0.1108
3899,0.116
3900,0.1202
3901,0.1203
3902,0.1189
3903,0.117
3904,0.1238
3905,0.1398
3906,0.1771
3907,0.2344
3908,0.2634
3909,0.2462
3910,0.2311
3911,0.22
3912,0.2103
3913,0.1975
3914,0.1864
3915,0.1703
3916,0.1634
3917,0.1493
3918,0.1669
3919,0.1632
3920,0.163
3921,0.1815
3922,0.2049
3923,0.2223
3924,0.2347
3925,0.2413
3926,0.24
3927,0.23
3928,0.2154
3929,0.2023
3930,0.2209
3931,0.2553
3932,0.2483
3933,0.2133
3934,0.1878
3935,0.1688
3936,0.1566
3937,0.144
3938,0.1394
3939,0.1447
3940,0.149
3941,0.1407
3942,0.1182
3943,0.1395
3944,0.157
3945,0.1715
3946,0.1883
3947,0.2104
3948,0.2434
3949,0.2869
3950,0.3327
3951,0.3641
3952,0.3871
3953,0.3963
3954,0.376
3955,0.3578
3956,0.3462
3957,0.325
3958,0.3109
3959,0.2954
3960,0.2837
3961,0.2702
3962,0.258
3963,0.2377
3964,0.2144
3965,0.1843
3966,0.172
3967,0.1602
3968,0.1378
3969,0.1217
3970,0.1091
3971,0.1062
3972,0.1119
3973,0.1222
3974,0.1325
3975,0.1375
3976,0.1387
3977,0.137
3978,0.1377
3979,0.1414
3980,0.1522
3981,0.1566
3982,0.1508
3983,0.1423
3984,0.1336
3985,0.1301
3986,0.1288
3987,0.1259
3988,0.1236
3989,0.1058
3990,0.071
3991,0.0731
3992,0.0759
3993,0.0719
3994,0.0703
3995,0.0716
3996,0.076
3997,0.0804
3998,0.0837
3999,0.0911
4000,0.1064
4001,0.1266
4002,0.1513
4003,0.1771
4004,0.1718
4005,0.1499
4006,0.1328
4007,0.1207
4008,0.1108
4009,0.1014
4010,0.0909
4011,0.0824
4012,0.0798
4013,0.0758
4014,0.0408
4015,0.0306
4016,0.0496
4017,0.0715
4018,0.0951
4019,0.1169
4020,0.1328
4021,0.147
4022,0.1557
4023,0.157
4024,0.1545
4025,0.1596
4026,0.1678
4027,0.1818
4028,0.1831
4029,0.1895
4030,0.185
4031,0.161
4032,0.1372
4033,0.1342
4034,0.148
4035,0.171
4036,0.1884
4037,0.1841
4038,0.1317
4039,0.1706
4040,0.276
4041,0.3432
4042,0.4049
4043,0.464
4044,0.5139
4045,0.545
4046,0.5609
4047,0.559
4048,0.5393
4049,0.4993
4050,0.4111
4051,0.3376
4052,0.3018
4053,0.2751
4054,0.2612
4055,0.2436
4056,0.2329
4057,0.2276
4058,0.2252
4059,0.2247
4060,0.2253
4061,0.1852
4062,0.1794
4063,0.1952
4064,0.1953
4065,0.1839
4066,0.174
4067,0.179
4068,0.194
4069,0.2079
4070,0.2151
4071,0.2145
4072,0.2084
4073,0.1977
4074,0.177
4075,0.1696
4076,0.1735
4077,0.1732
4078,0.1676
4079,0.1651
4080,0.1638
4081,0.16
4082,0.1605
4083,0.1572
4084,0.1502
4085,0.1324
4086,0.1033
4087,0.0891
4088,0.0775
4089,0.0689
4090,0.0709
4091,0.0783
4092,0.0861
4093,0.1001
4094,0.1227
4095,0.1484
4096,0.1808
4097,0.2118
4098,0.2279
4099,0.2288
4100,0.2319
4101,0.2175
4102,0.1989
4103,0.1828
4104,0.1665
4105,0.1556
4106,0.1524
4107,0.1526
4108,0.1511
4109,0.1421
4110,0.1403
4111,0.1408
4112,0.1272
4113,0.111
4114,0.0988
4115,0.0946
4116,0.097
4117,0.1012
4118,0.1062
4119,0.1165
4120,0.129
4121,0.1472
4122,0.177
4123,0.2132
4124,0.2402
4125,0.2352
4126,0.221
4127,0.2004
4128,0.1816
4129,0.1699
4130,0.1628
4131,0.1509
4132,0.137
4133,0.1129
4134,0.0906
4135,0.0929
4136,0.1098
4137,0.1252
4138,0.1382
4139,0.1513
4140,0.1602
4141,0.1667
4142,0.1738
4143,0.1738
4144,0.1707
4145,0.1689
4146,0.1807
4147,0.1975
4148,0.1994
4149,0.1896
4150,0.1998
4151,0.2293
4152,0.2574
4153,0.2744
4154,0.2626
4155,0.2426
4156,0.2119
4157,0.1639
4158,0.1179
4159,0.1233
4160,0.1443
4161,0.1765
4162,0.2015
4163,0.2151
4164,0.2185
4165,0.2184
4166,0.2204
4167,0.2225
4168,0.2129
4169,0.1999
4170,0.1866
4171,0.188
4172,0.1941
4173,0.1875
4174,0.1843
4175,0.1665
4176,0.1504
4177,0.1431
4178,0.14
4179,0.1345
4180,0.1256
4181,0.0976
4182,0.0799
4183,0.0939
4184,0.0914
4185,0.0952
4186,0.1041
4187,0.1116
4188,0.127
4189,0.1487
4190,0.1722
4191,0.1825
4192,0.1717
4193,0.1541
4194,0.1315
4195,0.1206
4196,0.1127
4197,0.0982
4198,0.0889
4199,0.0845
4200,0.081
4201,0.0765
4202,0.0723
4203,0.0709
4204,0.0729
4205,0.0658
4206,0.0528
4207,0.0545
4208,0.0599
4209,0.0686
4210,0.0835
4211,0.1069
4212,0.1376
4213,0.1702
4214,0.2044
4215,0.231
4216,0.2462
4217,0.2491
4218,0.2436
4219,0.2484
4220,0.2446
4221,0.2341
4222,0.2333
4223,0.2307
4224,0.2252
4225,0.2165
4226,0.2108
4227,0.2088
4228,0.207
4229,0.1888
4230,0.1787
4231,0.2152
4232,0.2604
4233,0.3036
4234,0.3458
4235,0.3873
4236,0.4232
4237,0.4505
4238,0.4671
4239,0.462
4240,0.4366
4241,0.3985
4242,0.3435
4243,0.3076
4244,0.2876
4245,0.2647
4246,0.2502
4247,0.2372
4248,0.2293
4249,0.2277
4250,0.2326
4251,0.2258
4252,0.2204
4253,0.2065
4254,0.1841
4255,0.2344
4256,0.3228
4257,0.4147
4258,0.4714
4259,0.5014
4260,0.5165
4261,0.5182
4262,0.5091
4263,0.4917
4264,0.4592
4265,0.4058
4266,0.3325
4267,0.3078
4268,0.2879
4269,0.2499
4270,0.2024
4271,0.1546
4272,0.122
4273,0.1069
4274,0.1018
4275,0.0983
4276,0.1012
4277,0.0992
4278,0.0622
4279,0.0627
4280,0.0935
4281,0.1286
4282,0.167
4283,0.1994
4284,0.2208
4285,0.2362
4286,0.2487
4287,0.2563
4288,0.2606
4289,0.2606
4290,0.2623
4291,0.2802
4292,0.2738
4293,0.2432
4294,0.2098
4295,0.1854
4296,0.1698
4297,0.1527
4298,0.1384
4299,0.1238
4300,0.1121
4301,0.1009
4302,0.063
4303,0.0447
4304,0.0816
4305,0.1091
4306,0.1236
4307,0.129
4308,0.1327
4309,0.1353
4310,0.1304
4311,0.1259
4312,0.1408
4313,0.1862
4314,0.241
4315,0.2793
4316,0.2646
4317,0.2339
4318,0.2098
4319,0.1898
4320,0.1726
4321,0.159
4322,0.1489
4323,0.1364
4324,0.1248
4325,0.1053
4326,0.0717
4327,0.0595
4328,0.0705
4329,0.0895
4330,0.1167
4331,0.1466
4332,0.1731
4333,0.1964
4334,0.2193
4335,0.2368
4336,0.2493
4337,0.2639
4338,0.2685
4339,0.2723
4340,0.2575
4341,0.2429
4342,0.2302
4343,0.2144
4344,0.1972
4345,0.1798
4346,0.1656
4347,0.1609
4348,0.1544
4349,0.1448
4350,0.1357
4351,0.1248
4352,0.1142
4353,0.1053
4354,0.1043
4355,0.1128
4356,0.1337
4357,0.1657
4358,0.201
4359,0.2315
4360,0.2549
4361,0.282
4362,0.3214
4363,0.3327
4364,0.3135
4365,0.2844
4366,0.2598
4367,0.2481
4368,0.2363
4369,0.2324
4370,0.2329
4371,0.2239
4372,0.2169
4373,0.2081
4374,0.2014
4375,0.1762
4376,0.1446
4377,0.1228
4378,0.1084
4379,0.1008
4380,0.0991
4381,0.1038
4382,0.1154
4383,0.1341
4384,0.1624
4385,0.2015
4386,0.2491
4387,0.281
4388,0.2773
4389,0.2392
4390,0.1969
4391,0.1673
4392,0.1472
4393,0.1339
4394,0.1254
4395,0.1214
4396,0.122
4397,0.1098
4398,0.103
4399,0.1198
4400,0.1305
4401,0.133
4402,0.1347
4403,0.1358
4404,0.1369
4405,0.14
4406,0.1469
4407,0.1606
4408,0.1822
4409,0.2143
4410,0.2409
4411,0.2646
4412,0.2696
4413,0.2403
4414,0.2136
4415,0.1952
4416,0.1801
4417,0.1636
4418,0.1551
4419,0.1458
4420,0.1392
4421,0.121
4422,0.0887
4423,0.1057
4424,0.131
4425,0.1456
4426,0.153
4427,0.1594
4428,0.1668
4429,0.1712
4430,0.1774
4431,0.1869
4432,0.196
4433,0.2051
4434,0.2091
4435,0.2178
4436,0.2193
4437,0.2041
4438,0.1893
4439,0.1736
4440,0.1592
4441,0.1545
4442,0.15
4443,0.1349
4444,0.1195
4445,0.0954
4446,0.0721
4447,0.0723
4448,0.0775
4449,0.0842
4450,0.0986
4451,0.1233
4452,0.1496
4453,0.1751
4454,0.1967
4455,0.2097
4456,0.2123
4457,0.2064
4458,0.1849
4459,0.1895
4460,0.1888
4461,0.1772
4462,0.1656
4463,0.1574
4464,0.1484
4465,0.1416
4466,0.137
4467,0.1246
4468,0.1067
4469,0.0815
4470,0.0391
4471,0.0404
4472,0.0645
4473,0.0986
4474,0.1426
4475,0.1969
4476,0.244
4477,0.2827
4478,0.3136
4479,0.3192
4480,0.3071
4481,0.2852
4482,0.2682
4483,0.3058
4484,0.286
4485,0.2561
4486,0.2408
4487,0.225
4488,0.2185
4489,0.2085
4490,0.1917
4491,0.1714
4492,0.1509
4493,0.1243
4494,0.095
4495,0.0955
4496,0.1038
4497,0.1123
4498,0.1333
4499,0.1614
4500,0.1907
4501,0.2201
4502,0.2424
4503,0.2447
4504,0.2402
4505,0.2416
4506,0.2729
4507,0.3083
4508,0.3108
4509,0.3059
4510,0.3028
4511,0.2882
4512,0.2644
4513,0.2366
4514,0.2122
4515,0.1806
4516,0.1585
4517,0.1408
4518,0.1358
4519,0.1452
4520,0.1433
4521,0.1402
4522,0.1446
4523,0.1603
4524,0.183
4525,0.2209
4526,0.2724
4527,0.3103
4528,0.3358
4529,0.3391
4530,0.324
4531,0.297
4532,0.268
4533,0.221
4534,0.182
4535,0.1616
4536,0.1517
4537,0.1482
4538,0.1489
4539,0.1498
4540,0.1556
4541,0.146
4542,0.1319
4543,0.1326
4544,0.143
4545,0.1611
4546,0.1782
4547,0.196
4548,0.2129
4549,0.2278
4550,0.2378
4551,0.2465
4552,0.253
4553,0.2558
4554,0.2512
4555,0.231
4556,0.235
4557,0.2285
4558,0.2187
4559,0.2133
4560,0.2074
4561,0.1989
4562,0.1883
4563,0.1804
4564,0.1742
4565,0.1474
4566,0.1146
4567,0.1026
4568,0.0947
4569,0.0845
4570,0.0765
4571,0.0729
4572,0.0719
4573,0.0746
4574,0.0809
4575,0.0915
4576,0.1023
4577,0.1176
4578,0.1459
4579,0.1884
4580,0.2006
4581,0.1808
4582,0.159
4583,0.14
4584,0.124
4585,0.111
4586,0.0993
4587,0.0895
4588,0.0842
4589,0.0766
4590,0.0507
4591,0.0556
4592,0.0773
4593,0.0943
4594,0.1039
4595,0.1124
4596,0.1208
4597,0.1299
4598,0.1373
4599,0.1439
4600,0.1491
4601,0.1535
4602,0.1583
4603,0.1736
4604,0.1809
4605,0.1672
4606,0.1519
4607,0.141
4608,0.1316
4609,0.1252
4610,0.1214
4611,0.1183
4612,0.1144
4613,0.0997
4614,0.055
4615,0.0464
4616,0.0547
4617,0.0597
4618,0.0728
4619,0.0836
4620,0.0927
4621,0.1072
4622,0.1204
4623,0.1397
4624,0.1644
4625,0.1829
4626,0.1986
4627,0.214
4628,0.1962
4629,0.1683
4630,0.1821
4631,0.2195
4632,0.2232
4633,0.2094
4634,0.2046
4635,0.2087
4636,0.2343
4637,0.232
4638,0.2069
4639,0.1952
4640,0.1732
4641,0.1707
4642,0.1799
4643,0.1988
4644,0.2207
4645,0.2471
4646,0.2717
4647,0.2911
4648,0.3026
4649,0.3092
4650,0.3299
4651,0.3092
4652,0.2829
4653,0.2726
4654,0.2671
4655,0.2556
4656,0.2435
4657,0.2327
4658,0.22
4659,0.2053
4660,0.194
4661,0.1817
4662,0.1836
4663,0.2033
4664,0.1927
4665,0.1818
4666,0.1793
4667,0.1851
4668,0.2015
4669,0.2211
4670,0.2404
4671,0.2549
4672,0.2644
4673,0.2686
4674,0.2597
4675,0.2469
4676,0.2476
4677,0.2339
4678,0.2243
4679,0.2131
4680,0.21
4681,0.2084
4682,0.2055
4683,0.1977
4684,0.189
4685,0.163
4686,0.1359
4687,0.1456
4688,0.1509
4689,0.1547
4690,0.1607
4691,0.1731
4692,0.1909
4693,0.2107
4694,0.228
4695,0.2431
4696,0.2501
4697,0.2481
4698,0.2396
4699,0.251
4700,0.2664
4701,0.2586
4702,0.2457
4703,0.227
4704,0.2078
4705,0.191
4706,0.1786
4707,0.1697
4708,0.1657
4709,0.1466
4710,0.1199
4711,0.1184
4712,0.1036
4713,0.0918
4714,0.0845
4715,0.0864
4716,0.0948
4717,0.1096
4718,0.1288
4719,0.1574
4720,0.1967
4721,0.2466
4722,0.2997
4723,0.3206
4724,0.3039
4725,0.2709
4726,0.2342
4727,0.2111
4728,0.1957
4729,0.1827
4730,0.1733
4731,0.162
4732,0.145
4733,0.1262
4734,0.1209
4735,0.1097
4736,0.0896
4737,0.0763
4738,0.0706
4739,0.0748
4740,0.0873
4741,0.1058
4742,0.1338
4743,0.1629
4744,0.1845
4745,0.1986
4746,0.2165
4747,0.2233
4748,0.2262
4749,0.2162
4750,0.2002
4751,0.1815
4752,0.1652
4753,0.1569
4754,0.1561
4755,0.1548
4756,0.1479
4757,0.1369
4758,0.1278
4759,0.1059
4760,0.0851
4761,0.0638
4762,0.0511
4763,0.0496
4764,0.0565
4765,0.068
4766,0.0809
4767,0.0963
4768,0.1133
4769,0.1363
4770,0.1748
4771,0.2282
4772,0.2451
4773,0.2212
4774,0.2009
4775,0.1845
4776,0.1726
4777,0.1668
4778,0.1599
4779,0.1456
4780,0.1332
4781,0.1118
4782,0.0722
4783,0.0692
4784,0.0838
4785,0.102
4786,0.1221
4787,0.1426
4788,0.1621
4789,0.1777
4790,0.1922
4791,0.1992
4792,0.1997
4793,0.2073
4794,0.2194
4795,0.2334
4796,0.2333
4797,0.2177
4798,0.2099
4799,0.2033
4800,0.1903
4801,0.1751
4802,0.1634
4803,0.155
4804,0.1489
4805,0.1282
4806,0.0953
4807,0.0905
4808,0.0699
4809,0.0589
4810,0.0609
4811,0.0713
4812,0.0846
4813,0.0999
4814,0.1233
4815,0.1497
4816,0.1769
4817,0.2153
4818,0.2601
4819,0.2823
4820,0.2802
4821,0.2621
4822,0.2375
4823,0.2087
4824,0.1864
4825,0.174
4826,0.1647
4827,0.1568
4828,0.1493
4829,0.1299
4830,0.099
4831,0.0925
4832,0.0843
4833,0.0842
4834,0.0908
4835,0.1008
4836,0.1101
4837,0.123
4838,0.1401
4839,0.1585
4840,0.1768
4841,0.2054
4842,0.2476
4843,0.2855
4844,0.2904
4845,0.2675
4846,0.2394
4847,0.2223
4848,0.2076
4849,0.1939
4850,0.1854
4851,0.1747
4852,0.1639
4853,0.1475
4854,0.1205
4855,0.1404
4856,0.1614
4857,0.176
4858,0.188
4859,0.1993
4860,0.2132
4861,0.2294
4862,0.2461
4863,0.2672
4864,0.2927
4865,0.3086
4866,0.3
4867,0.3062
4868,0.3044
4869,0.2764
4870,0.2576
4871,0.2578
4872,0.2504
4873,0.2375
4874,0.2262
4875,0.2238
4876,0.224
4877,0.2154
4878,0.154
4879,0.1693
4880,0.2062
4881,0.2197
4882,0.2423
4883,0.2734
4884,0.2994
4885,0.3171
4886,0.3255
4887,0.32
4888,0.3032
4889,0.2703
4890,0.2247
4891,0.2206
4892,0.2059
4893,0.1898
4894,0.1853
4895,0.1892
4896,0.1772
4897,0.1574
4898,0.1448
4899,0.1261
4900,0.1148
4901,0.1079
4902,0.0674
4903,0.075
4904,0.1213
4905,0.1568
4906,0.1882
4907,0.2159
4908,0.2425
4909,0.2645
4910,0.2783
4911,0.2872
4912,0.2895
4913,0.2803
4914,0.2568
4915,0.2755
4916,0.2854
4917,0.2799
4918,0.2743
4919,0.2608
4920,0.2428
4921,0.2225
4922,0.2038
4923,0.1898
4924,0.1826
4925,0.1679
4926,0.1271
4927,0.1449
4928,0.1712
4929,0.1978
4930,0.2204
4931,0.2405
4932,0.2587
4933,0.2726
4934,0.2786
4935,0.2814
4936,0.2842
4937,0.2832
4938,0.2757
4939,0.2691
4940,0.2377
4941,0.2072
4942,0.1877
4943,0.1771
4944,0.1662
4945,0.1607
4946,0.1627
4947,0.1636
4948,0.1593
4949,0.1486
4950,0.1366
4951,0.134
4952,0.116
4953,0.111
4954,0.1178
4955,0.1354
4956,0.1601
4957,0.1886
4958,0.2225
4959,0.2521
4960,0.2779
4961,0.2996
4962,0.301
4963,0.289
4964,0.2828
4965,0.2595
4966,0.2453
4967,0.2389
4968,0.2332
4969,0.2244
4970,0.2108
4971,0.2009
4972,0.1837
4973,0.1691
4974,0.1623
4975,0.191
4976,0.2321
4977,0.2696
4978,0.3157
4979,0.3728
4980,0.4291
4981,0.4745
4982,0.5117
4983,0.5418
4984,0.5565
4985,0.5513
4986,0.5188
4987,0.4504
4988,0.3937
4989,0.3488
4990,0.3181
4991,0.2864
4992,0.2537
4993,0.2263
4994,0.2004
4995,0.1804
4996,0.1655
4997,0.1525
4998,0.1497
4999,0.1243
5000,0.0921
5001,0.0713
5002,0.0615
5003,0.0638
5004,0.0752
5005,0.0882
5006,0.0998
5007,0.1091
5008,0.1144
5009,0.1152
5010,0.1156
5011,0.1239
5012,0.1214
5013,0.1228
5014,0.1281
5015,0.1321
5016,0.1354
5017,0.1408
5018,0.156
5019,0.1652
5020,0.1789
5021,0.1799
5022,0.1375
5023,0.149
5024,0.1804
5025,0.2121
5026,0.238
5027,0.2591
5028,0.2734
5029,0.2806
5030,0.2834
5031,0.2869
5032,0.29
5033,0.2977
5034,0.3082
5035,0.3216
5036,0.3155
5037,0.306
5038,0.3096
5039,0.3131
5040,0.3098
5041,0.3024
5042,0.2908
5043,0.2753
5044,0.2622
5045,0.2437
5046,0.2219
5047,0.1896
5048,0.1463
5049,0.1168
5050,0.1071
5051,0.108
5052,0.1164
5053,0.1298
5054,0.1488
5055,0.1684
5056,0.1906
5057,0.2164
5058,0.2562
5059,0.2852
5060,0.2937
5061,0.2876
5062,0.2767
5063,0.2598
5064,0.2449
5065,0.2342
5066,0.2235
5067,0.2152
5068,0.2113
5069,0.2079
5070,0.2155
5071,0.2269
5072,0.2171
5073,0.199
5074,0.1867
5075,0.1806
5076,0.1795
5077,0.1852
5078,0.1966
5079,0.2173
5080,0.2462
5081,0.2864
5082,0.3175
5083,0.3258
5084,0.3112
5085,0.2816
5086,0.2485
5087,0.2167
5088,0.1913
5089,0.1744
5090,0.1596
5091,0.1413
5092,0.1241
5093,0.1079
5094,0.086
5095,0.0752
5096,0.0683
5097,0.0666
5098,0.0686
5099,0.0768
5100,0.0885
5101,0.0991
5102,0.1088
5103,0.1175
5104,0.1316
5105,0.1561
5106,0.1905
5107,0.2246
5108,0.2302
5109,0.2213
5110,0.2031
5111,0.1822
5112,0.1623
5113,0.1506
5114,0.1476
5115,0.1446
5116,0.1373
5117,0.125
5118,0.096
5119,0.0742
5120,0.053
5121,0.0368
5122,0.0306
5123,0.0318
5124,0.0386
5125,0.0491
5126,0.0632
5127,0.0794
5128,0.1025
5129,0.1338
5130,0.1741
5131,0.2156
5132,0.2175
5133,0.1868
5134,0.1645
5135,0.1464
5136,0.1317
5137,0.1199
5138,0.109
5139,0.0993
5140,0.0903
5141,0.0777
5142,0.0433
5143,0.0322
5144,0.0346
5145,0.0407
5146,0.0512
5147,0.0656
5148,0.0792
5149,0.092
5150,0.1032
5151,0.1124
5152,0.1214
5153,0.1377
5154,0.1697
5155,0.1976
5156,0.1791
5157,0.1514
5158,0.1393
5159,0.1325
5160,0.1232
5161,0.1157
5162,0.112
5163,0.1056
5164,0.0977
5165,0.088
5166,0.0546
5167,0.031
5168,0.0283
5169,0.0363
5170,0.0552
5171,0.0785
5172,0.1014
5173,0.1211
5174,0.1361
5175,0.1481
5176,0.1555
5177,0.1639
5178,0.1823
5179,0.1927
5180,0.1744
5181,0.15
5182,0.1393
5183,0.128
5184,0.1158
5185,0.1035
5186,0.0914
5187,0.0813
5188,0.0742
5189,0.0667
5190,0.0379
5191,0.0204
5192,0.0171
5193,0.0219
5194,0.0327
5195,0.049
5196,0.0697
5197,0.0902
5198,0.1106
5199,0.1286
5200,0.144
5201,0.1621
5202,0.1897
5203,0.2064
5204,0.1937
5205,0.1631
5206,0.1429
5207,0.1241
5208,0.105
5209,0.0906
5210,0.0835
5211,0.0835
5212,0.0893
5213,0.0927
5214,0.0649
5215,0.0492
5216,0.0753
5217,0.0956
5218,0.1113
5219,0.1286
5220,0.1515
5221,0.1748
5222,0.1963
5223,0.2128
5224,0.2213
5225,0.2213
5226,0.223
5227,0.2272
5228,0.2097
5229,0.2004
5230,0.1937
5231,0.1898
5232,0.1818
5233,0.1793
5234,0.175
5235,0.1644
5236,0.1487
5237,0.1372
5238,0.1022
5239,0.0962
5240,0.137
5241,0.1506
5242,0.1661
5243,0.1878
5244,0.212
5245,0.2356
5246,0.2551
5247,0.2711
5248,0.2774
5249,0.2661
5250,0.2392
5251,0.2282
5252,0.2161
5253,0.2045
5254,0.2045
5255,0.2157
5256,0.2359
5257,0.254
5258,0.2679
5259,0.2673
5260,0.2554
5261,0.234
5262,0.2078
5263,0.234
5264,0.2632
5265,0.2805
5266,0.2902
5267,0.3069
5268,0.3334
5269,0.3657
5270,0.4033
5271,0.4357
5272,0.4577
5273,0.463
5274,0.4334
5275,0.4114
5276,0.3917
5277,0.3819
5278,0.3683
5279,0.3607
5280,0.3583
5281,0.3619
5282,0.3691
5283,0.3791
5284,0.3936
5285,0.3944
5286,0.3657
5287,0.4373
5288,0.5053
5289,0.5288
5290,0.5415
5291,0.5599
5292,0.578
5293,0.5873
5294,0.5881
5295,0.582
5296,0.5625
5297,0.5203
5298,0.4235
5299,0.339
5300,0.2908
5301,0.2605
5302,0.2382
5303,0.2168
5304,0.2001
5305,0.1894
5306,0.182
5307,0.1752
5308,0.1653
5309,0.1464
5310,0.1084
5311,0.1088
5312,0.0957
5313,0.086
5314,0.0901
5315,0.1041
5316,0.1231
5317,0.1437
5318,0.1594
5319,0.1712
5320,0.1824
5321,0.1882
5322,0.191
5323,0.1866
5324,0.1582
5325,0.138
5326,0.1309
5327,0.1293
5328,0.1241
5329,0.1181
5330,0.1207
5331,0.1216
5332,0.113
5333,0.1027
5334,0.0859
5335,0.0783
5336,0.0966
5337,0.1337
5338,0.1781
5339,0.2229
5340,0.2639
5341,0.2959
5342,0.3178
5343,0.3267
5344,0.3307
5345,0.338
5346,0.3282
5347,0.328
5348,0.3249
5349,0.3144
5350,0.303
5351,0.2968
5352,0.2825
5353,0.2707
5354,0.2635
5355,0.272
5356,0.2822
5357,0.2825
5358,0.2722
5359,0.2781
5360,0.2622
5361,0.2353
5362,0.2111
5363,0.2023
5364,0.2104
5365,0.2273
5366,0.2416
5367,0.2507
5368,0.2573
5369,0.2777
5370,0.3138
5371,0.335
5372,0.3502
5373,0.3461
5374,0.3244
5375,0.2933
5376,0.269
5377,0.2518
5378,0.2411
5379,0.2353
5380,0.2203
5381,0.2007
5382,0.1834
5383,0.1621
5384,0.1198
5385,0.0884
5386,0.0747
5387,0.0776
5388,0.0893
5389,0.1046
5390,0.119
5391,0.1298
5392,0.14
5393,0.1462
5394,0.1581
5395,0.1798
5396,0.186
5397,0.1779
5398,0.1645
5399,0.1498
5400,0.1393
5401,0.1359
5402,0.1373
5403,0.1329
5404,0.1255
5405,0.1231
5406,0.0962
5407,0.0772
5408,0.0921
5409,0.1086
5410,0.1182
5411,0.1261
5412,0.133
5413,0.1375
5414,0.1412
5415,0.1424
5416,0.1406
5417,0.1421
5418,0.1563
5419,0.1764
5420,0.1782
5421,0.1616
5422,0.1464
5423,0.1351
5424,0.1311
5425,0.1327
5426,0.1354
5427,0.1385
5428,0.1396
5429,0.1384
5430,0.1255
5431,0.1119
5432,0.0834
5433,0.0611
5434,0.0537
5435,0.0558
5436,0.0669
5437,0.0853
5438,0.1079
5439,0.1303
5440,0.1499
5441,0.1689
5442,0.2102
5443,0.24
5444,0.2338
5445,0.2124
5446,0.1958
5447,0.1757
5448,0.1581
5449,0.1436
5450,0.1291
5451,0.1101
5452,0.0948
5453,0.0852
5454,0.0599
5455,0.0382
5456,0.0341
5457,0.0397
5458,0.0496
5459,0.0616
5460,0.0765
5461,0.0939
5462,0.1088
5463,0.1177
5464,0.1229
5465,0.1328
5466,0.1492
5467,0.1692
5468,0.1588
5469,0.1409
5470,0.1326
5471,0.1243
5472,0.1161
5473,0.1092
5474,0.0982
5475,0.0883
5476,0.0866
5477,0.0909
5478,0.0781
5479,0.0613
5480,0.0848
5481,0.1185
5482,0.1401
5483,0.1563
5484,0.1688
5485,0.1798
5486,0.1922
5487,0.2025
5488,0.2103
5489,0.2112
5490,0.2106
5491,0.2136
5492,0.2076
5493,0.2078
5494,0.2116
5495,0.2077
5496,0.1986
5497,0.1882
5498,0.1789
5499,0.1731
5500,0.1714
5501,0.1677
5502,0.1289
5503,0.1037
5504,0.1314
5505,0.1601
5506,0.1795
5507,0.1941
5508,0.2046
5509,0.2182
5510,0.2393
5511,0.2591
5512,0.281
5513,0.3035
5514,0.3143
5515,0.3281
5516,0.3149
5517,0.2997
5518,0.2869
5519,0.272
5520,0.2584
5521,0.2489
5522,0.2386
5523,0.224
5524,0.2097
5525,0.2004
5526,0.1876
5527,0.1631
5528,0.1351
5529,0.1101
5530,0.0982
5531,0.1013
5532,0.1201
5533,0.1526
5534,0.1941
5535,0.2303
5536,0.2579
5537,0.2834
5538,0.3077
5539,0.3094
5540,0.2889
5541,0.2683
5542,0.2606
5543,0.2572
5544,0.2436
5545,0.2309
5546,0.2246
5547,0.2111
5548,0.1998
5549,0.1947
5550,0.1952
5551,0.2249
5552,0.226
5553,0.2156
5554,0.2039
5555,0.1935
5556,0.1881
5557,0.1872
5558,0.1955
5559,0.2145
5560,0.2564
5561,0.3135
5562,0.3546
5563,0.3771
5564,0.3726
5565,0.3467
5566,0.3136
5567,0.2803
5568,0.2432
5569,0.2177
5570,0.1958
5571,0.1793
5572,0.1724
5573,0.1695
5574,0.1762
5575,0.191
5576,0.184
5577,0.1629
5578,0.1415
5579,0.1249
5580,0.1141
5581,0.111
5582,0.1143
5583,0.1234
5584,0.1385
5585,0.1614
5586,0.2018
5587,0.2541
5588,0.2752
5589,0.2753
5590,0.2601
5591,0.2396
5592,0.218
5593,0.206
5594,0.1985
5595,0.1964
5596,0.1987
5597,0.203
5598,0.169
5599,0.1494
5600,0.1667
5601,0.1638
5602,0.1528
5603,0.1465
5604,0.1467
5605,0.1527
5606,0.1627
5607,0.1716
5608,0.1819
5609,0.2061
5610,0.2722
5611,0.3309
5612,0.3239
5613,0.2928
5614,0.2684
5615,0.2508
5616,0.235
5617,0.2245
5618,0.2161
5619,0.204
5620,0.1973
5621,0.2038
5622,0.1793
5623,0.1512
5624,0.1651
5625,0.166
5626,0.149
5627,0.1327
5628,0.1199
5629,0.1104
5630,0.1072
5631,0.1083
5632,0.1144
5633,0.1348
5634,0.1745
5635,0.2017
5636,0.1958
5637,0.1785
5638,0.1628
5639,0.1503
5640,0.1369
5641,0.1269
5642,0.1221
5643,0.1211
5644,0.1217
5645,0.1224
5646,0.1093
5647,0.088
5648,0.0925
5649,0.0979
5650,0.0956
5651,0.0927
5652,0.0893
5653,0.0869
5654,0.0883
5655,0.0917
5656,0.1019
5657,0.1271
5658,0.1803
5659,0.2351
5660,0.2413
5661,0.2269
5662,0.2137
5663,0.1983
5664,0.1799
5665,0.1647
5666,0.1556
5667,0.1482
5668,0.1429
5669,0.1389
5670,0.1153
5671,0.1119
5672,0.1408
5673,0.1455
5674,0.1426
5675,0.1455
5676,0.1558
5677,0.1751
5678,0.206
5679,0.2485
5680,0.2938
5681,0.3311
5682,0.3458
5683,0.3457
5684,0.3147
5685,0.2798
5686,0.2513
5687,0.2286
5688,0.2048
5689,0.1838
5690,0.1716
5691,0.1609
5692,0.1492
5693,0.1457
5694,0.1397
5695,0.1688
5696,0.2066
5697,0.2255
5698,0.2309
5699,0.2298
5700,0.2309
5701,0.2343
5702,0.2315
5703,0.2186
5704,0.1959
5705,0.1615
5706,0.1376
5707,0.1233
5708,0.1051
5709,0.0933
5710,0.0914
5711,0.0931
5712,0.0918
5713,0.0843
5714,0.0817
5715,0.0807
5716,0.072
5717,0.0633
5718,0.0507
5719,0.0456
5720,0.0438
5721,0.0433
5722,0.0408
5723,0.0378
5724,0.0371
5725,0.0404
5726,0.0472
5727,0.0539
5728,0.0576
5729,0.0592
5730,0.0654
5731,0.0738
5732,0.0681
5733,0.0623
5734,0.0598
5735,0.0572
5736,0.0546
5737,0.0531
5738,0.0531
5739,0.0543
5740,0.0603
5741,0.0701
5742,0.0624
5743,0.0357
5744,0.0307
5745,0.029
5746,0.0267
5747,0.0253
5748,0.0273
5749,0.0306
5750,0.0328
5751,0.0347
5752,0.0395
5753,0.0543
5754,0.0918
5755,0.1259
5756,0.1331
5757,0.1285
5758,0.1213
5759,0.1172
5760,0.1158
5761,0.1103
5762,0.1055
5763,0.1008
5764,0.0934
5765,0.0881
5766,0.0703
5767,0.0502
5768,0.0602
5769,0.0711
5770,0.0732
5771,0.0743
5772,0.0754
5773,0.0768
5774,0.0799
5775,0.0888
5776,0.1011
5777,0.1241
5778,0.1629
5779,0.1829
5780,0.1761
5781,0.1628
5782,0.1518
5783,0.1409
5784,0.1274
5785,0.1139
5786,0.1026
5787,0.0897
5788,0.0809
5789,0.0763
5790,0.063
5791,0.047
5792,0.052
5793,0.0589
5794,0.0676
5795,0.071
5796,0.0736
5797,0.0764
5798,0.0794
5799,0.0821
5800,0.0847
5801,0.0952
5802,0.12
5803,0.1319
5804,0.1187
5805,0.1025
5806,0.0884
5807,0.0761
5808,0.0677
5809,0.0659
5810,0.0697
5811,0.0757
5812,0.0827
5813,0.0882
5814,0.0776
5815,0.0468
5816,0.0476
5817,0.0507
5818,0.052
5819,0.0563
5820,0.0608
5821,0.0638
5822,0.0682
5823,0.0747
5824,0.0795
5825,0.0897
5826,0.1194
5827,0.1443
5828,0.1485
5829,0.1448
5830,0.1332
5831,0.123
5832,0.1183
5833,0.1207
5834,0.1262
5835,0.1255
5836,0.1211
5837,0.1215
5838,0.1169
5839,0.1169
5840,0.1265
5841,0.1231
5842,0.1219
5843,0.1314
5844,0.1522
5845,0.1789
5846,0.2094
5847,0.2332
5848,0.263
5849,0.3065
5850,0.3461
5851,0.3697
5852,0.38
5853,0.3741
5854,0.3666
5855,0.3622
5856,0.3653
5857,0.3621
5858,0.3576
5859,0.3573
5860,0.3535
5861,0.3477
5862,0.364
5863,0.3814
5864,0.3546
5865,0.3175
5866,0.2783
5867,0.2499
5868,0.2386
5869,0.2437
5870,0.2577
5871,0.2738
5872,0.2922
5873,0.3273
5874,0.3712
5875,0.3949
5876,0.3761
5877,0.3371
5878,0.304
5879,0.2767
5880,0.2542
5881,0.2347
5882,0.215
5883,0.2003
5884,0.192
5885,0.1858
5886,0.1536
5887,0.1275
5888,0.1365
5889,0.1275
5890,0.1108
5891,0.102
5892,0.0981
5893,0.0975
5894,0.0988
5895,0.1052
5896,0.1181
5897,0.143
5898,0.2054
5899,0.2493
5900,0.2351
5901,0.2073
5902,0.1783
5903,0.1537
5904,0.1301
5905,0.1093
5906,0.0943
5907,0.0831
5908,0.0762
5909,0.0752
5910,0.0704
5911,0.0601
5912,0.0712
5913,0.0747
5914,0.0822
5915,0.0935
5916,0.1112
5917,0.1393
5918,0.1787
5919,0.2274
5920,0.2784
5921,0.3352
5922,0.3804
5923,0.394
5924,0.4064
5925,0.4098
5926,0.4058
5927,0.4045
5928,0.4048
5929,0.4072
5930,0.4105
5931,0.4175
5932,0.4216
5933,0.4199
5934,0.4324
5935,0.4622
5936,0.4451
5937,0.4156
5938,0.4017
5939,0.4026
5940,0.4108
5941,0.4145
5942,0.4159
5943,0.4242
5944,0.4349
5945,0.4464
5946,0.4502
5947,0.4368
5948,0.4099
5949,0.3827
5950,0.3632
5951,0.3555
5952,0.3596
5953,0.3534
5954,0.3523
5955,0.348
5956,0.3393
5957,0.3253
5958,0.3116
5959,0.3476
5960,0.3571
5961,0.3299
5962,0.3034
5963,0.2882
5964,0.2859
5965,0.2928
5966,0.3085
5967,0.3324
5968,0.3649
5969,0.4036
5970,0.4378
5971,0.4528
5972,0.4448
5973,0.4256
5974,0.4059
5975,0.3886
5976,0.3797
5977,0.3723
5978,0.3638
5979,0.3492
5980,0.3276
5981,0.3049
5982,0.2646
5983,0.2662
5984,0.2628
5985,0.2335
5986,0.2137
5987,0.2091
5988,0.2149
5989,0.2252
5990,0.2379
5991,0.2555
5992,0.2839
5993,0.3285
5994,0.3653
5995,0.3806
5996,0.3596
5997,0.3293
5998,0.2985
5999,0.2683
6000,0.2473
6001,0.2337
6002,0.2235
6003,0.2095
6004,0.193
6005,0.1795
6006,0.1615
6007,0.1608
6008,0.1568
6009,0.1415
6010,0.1331
6011,0.1329
6012,0.1381
6013,0.1388
6014,0.134
6015,0.128
6016,0.1304
6017,0.1453
6018,0.1857
6019,0.2169
6020,0.2057
6021,0.1922
6022,0.1764
6023,0.1595
6024,0.138
6025,0.121
6026,0.1051
6027,0.0917
6028,0.0821
6029,0.0787
6030,0.0717
6031,0.0531
6032,0.0619
6033,0.101
6034,0.1388
6035,0.178
6036,0.2136
6037,0.2499
6038,0.2841
6039,0.3111
6040,0.3277
6041,0.3345
6042,0.3548
6043,0.3783
6044,0.374
6045,0.3671
6046,0.3486
6047,0.3467
6048,0.3787
6049,0.4146
6050,0.4464
6051,0.4626
6052,0.4642
6053,0.4669
6054,0.4553
6055,0.5354
6056,0.6345
6057,0.6737
6058,0.6957
6059,0.7135
6060,0.7168
6061,0.7161
6062,0.7158
6063,0.7105
6064,0.6909
6065,0.6511
6066,0.5748
6067,0.5296
6068,0.5127
6069,0.516
6070,0.5275
6071,0.541
6072,0.551
6073,0.5498
6074,0.5582
6075,0.5559
6076,0.5447
6077,0.5426
6078,0.5446
6079,0.5954
6080,0.643
6081,0.6402
6082,0.622
6083,0.6039
6084,0.5903
6085,0.5786
6086,0.5669
6087,0.5567
6088,0.5441
6089,0.5047
6090,0.4384
6091,0.3923
6092,0.3501
6093,0.3323
6094,0.3307
6095,0.3271
6096,0.3252
6097,0.3207
6098,0.3248
6099,0.3319
6100,0.3383
6101,0.3395
6102,0.3204
6103,0.2767
6104,0.3101
6105,0.3292
6106,0.3243
6107,0.3195
6108,0.3214
6109,0.3276
6110,0.3426
6111,0.3645
6112,0.3863
6113,0.3875
6114,0.3857
6115,0.3741
6116,0.3512
6117,0.3334
6118,0.3178
6119,0.3133
6120,0.3185
6121,0.3297
6122,0.3491
6123,0.363
6124,0.3611
6125,0.3661
6126,0.3571
6127,0.316
6128,0.3897
6129,0.4575
6130,0.5077
6131,0.5467
6132,0.5687
6133,0.5752
6134,0.581
6135,0.5699
6136,0.5302
6137,0.4524
6138,0.3744
6139,0.3577
6140,0.351
6141,0.3369
6142,0.3168
6143,0.3067
6144,0.2854
6145,0.2544
6146,0.2356
6147,0.2273
6148,0.2381
6149,0.2401
6150,0.2365
6151,0.1985
6152,0.2509
6153,0.3261
6154,0.3656
6155,0.3896
6156,0.4074
6157,0.4149
6158,0.4154
6159,0.4072
6160,0.3811
6161,0.3166
6162,0.2731
6163,0.2754
6164,0.2764
6165,0.2678
6166,0.2471
6167,0.2316
6168,0.2141
6169,0.2002
6170,0.1927
6171,0.1906
6172,0.1945
6173,0.2053
6174,0.1976
6175,0.1675
6176,0.1986
6177,0.2123
6178,0.2095
6179,0.2074
6180,0.2103
6181,0.2141
6182,0.2119
6183,0.2055
6184,0.1862
6185,0.1594
6186,0.1468
6187,0.1494
6188,0.1514
6189,0.1564
6190,0.1607
6191,0.1525
6192,0.1438
6193,0.1353
6194,0.1255
6195,0.1101
6196,0.0971
6197,0.0876
6198,0.0774
6199,0.0491
6200,0.0488
6201,0.0533
6202,0.0599
6203,0.0691
6204,0.0765
6205,0.0784
6206,0.0748
6207,0.0705
6208,0.0649
6209,0.0587
6210,0.0554
6211,0.0544
6212,0.0577
6213,0.0645
6214,0.0686
6215,0.067
6216,0.065
6217,0.0614
6218,0.059
6219,0.0585
6220,0.0621
6221,0.0693
6222,0.0727
6223,0.0481
6224,0.0433
6225,0.0501
6226,0.0501
6227,0.0469
6228,0.0426
6229,0.0393
6230,0.0414
6231,0.0464
6232,0.0521
6233,0.0638
6234,0.0834
6235,0.0972
6236,0.0974
6237,0.0884
6238,0.0787
6239,0.0735
6240,0.0702
6241,0.0674
6242,0.0671
6243,0.0679
6244,0.0693
6245,0.0701
6246,0.066
6247,0.0369
6248,0.0207
6249,0.0216
6250,0.0244
6251,0.0284
6252,0.0344
6253,0.041
6254,0.0465
6255,0.0524
6256,0.0602
6257,0.0775
6258,0.1089
6259,0.1312
6260,0.1338
6261,0.1266
6262,0.1154
6263,0.1058
6264,0.0959
6265,0.088
6266,0.0809
6267,0.0749
6268,0.0696
6269,0.0655
6270,0.061
6271,0.0365
6272,0.0269
6273,0.0278
6274,0.0288
6275,0.0318
6276,0.0371
6277,0.0441
6278,0.0515
6279,0.0581
6280,0.0712
6281,0.1059
6282,0.1565
6283,0.1762
6284,0.1713
6285,0.1604
6286,0.1521
6287,0.1495
6288,0.1538
6289,0.1616
6290,0.175
6291,0.1855
6292,0.1946
6293,0.2014
6294,0.1946
6295,0.1806
6296,0.2148
6297,0.24
6298,0.2521
6299,0.2667
6300,0.2848
6301,0.3023
6302,0.3179
6303,0.334
6304,0.3327
6305,0.3043
6306,0.2807
6307,0.2678
6308,0.2564
6309,0.2476
6310,0.248
6311,0.2598
6312,0.2627
6313,0.2576
6314,0.2365
6315,0.2239
6316,0.2092
6317,0.2068
6318,0.2001
6319,0.1858
6320,0.2374
6321,0.3121
6322,0.3579
6323,0.3921
6324,0.4124
6325,0.4241
6326,0.427
6327,0.4046
6328,0.3623
6329,0.3088
6330,0.2883
6331,0.2948
6332,0.302
6333,0.3091
6334,0.3219
6335,0.3245
6336,0.3156
6337,0.3049
6338,0.2891
6339,0.2758
6340,0.2579
6341,0.2422
6342,0.2186
6343,0.2259
6344,0.2869
6345,0.3159
6346,0.3231
6347,0.3231
6348,0.3201
6349,0.3172
6350,0.3066
6351,0.2947
6352,0.2767
6353,0.2433
6354,0.2406
6355,0.2426
6356,0.2287
6357,0.2035
6358,0.1815
6359,0.1638
6360,0.1492
6361,0.1568
6362,0.1672
6363,0.1641
6364,0.1619
6365,0.16
6366,0.1624
6367,0.1274
6368,0.1277
6369,0.1796
6370,0.2055
6371,0.2216
6372,0.2346
6373,0.2431
6374,0.2497
6375,0.2517
6376,0.24
6377,0.2149
6378,0.2151
6379,0.2218
6380,0.2268
6381,0.237
6382,0.2605
6383,0.2916
6384,0.3182
6385,0.3422
6386,0.3574
6387,0.3579
6388,0.3525
6389,0.3414
6390,0.321
6391,0.2504
6392,0.3088
6393,0.367
6394,0.3711
6395,0.3639
6396,0.3655
6397,0.3824
6398,0.4064
6399,0.421
6400,0.4062
6401,0.3505
6402,0.3365
6403,0.3334
6404,0.3285
6405,0.3196
6406,0.3136
6407,0.3026
6408,0.2832
6409,0.2664
6410,0.2487
6411,0.2275
6412,0.2119
6413,0.1982
6414,0.1803
6415,0.1552
6416,0.153
6417,0.147
6418,0.1493
6419,0.1562
6420,0.1662
6421,0.1768
6422,0.182
6423,0.1755
6424,0.1566
6425,0.1331
6426,0.1276
6427,0.1213
6428,0.1091
6429,0.0984
6430,0.0908
6431,0.0847
6432,0.0811
6433,0.0789
6434,0.0782
6435,0.0755
6436,0.0733
6437,0.0734
6438,0.0754
6439,0.0512
6440,0.0555
6441,0.0763
6442,0.0898
6443,0.1019
6444,0.1127
6445,0.1218
6446,0.1273
6447,0.1304
6448,0.1314
6449,0.1324
6450,0.1368
6451,0.1265
6452,0.1168
6453,0.1111
6454,0.1083
6455,0.1049
6456,0.1034
6457,0.1031
6458,0.1054
6459,0.1023
6460,0.1071
6461,0.1121
6462,0.1205
6463,0.0885
6464,0.0515
6465,0.0684
6466,0.093
6467,0.1218
6468,0.1442
6469,0.1593
6470,0.165
6471,0.1596
6472,0.1462
6473,0.1395
6474,0.1481
6475,0.1471
6476,0.1331
6477,0.1207
6478,0.1128
6479,0.1068
6480,0.1027
6481,0.0998
6482,0.0956
6483,0.0902
6484,0.0851
6485,0.0771
6486,0.0684
6487,0.043
6488,0.0203
6489,0.0156
6490,0.022
6491,0.0319
6492,0.0462
6493,0.0643
6494,0.0821
6495,0.0979
6496,0.109
6497,0.1171
6498,0.1302
6499,0.1235
6500,0.1234
6501,0.1432
6502,0.1626
6503,0.1878
6504,0.2079
6505,0.2209
6506,0.2249
6507,0.2263
6508,0.2325
6509,0.2396
6510,0.2451
6511,0.199
6512,0.1544
6513,0.194
6514,0.2328
6515,0.2301
6516,0.2189
6517,0.2062
6518,0.1919
6519,0.1798
6520,0.1525
6521,0.1367
6522,0.1533
6523,0.1613
6524,0.1614
6525,0.1543
6526,0.1432
6527,0.1305
6528,0.1146
6529,0.0994
6530,0.0885
6531,0.0835
6532,0.0795
6533,0.0759
6534,0.0741
6535,0.0551
6536,0.0271
6537,0.0345
6538,0.0543
6539,0.0677
6540,0.0846
6541,0.1065
6542,0.1246
6543,0.1391
6544,0.1459
6545,0.1457
6546,0.1452
6547,0.1385
6548,0.1405
6549,0.1541
6550,0.166
6551,0.1767
6552,0.1836
6553,0.1943
6554,0.2065
6555,0.2137
6556,0.2194
6557,0.2246
6558,0.2287
6559,0.184
6560,0.1726
6561,0.2532
6562,0.292
6563,0.3184
6564,0.3425
6565,0.369
6566,0.3953
6567,0.4197
6568,0.433
6569,0.4177
6570,0.4383
6571,0.4455
6572,0.4311
6573,0.4114
6574,0.3943
6575,0.3846
6576,0.3738
6577,0.3548
6578,0.333
6579,0.2987
6580,0.2755
6581,0.2709
6582,0.2754
6583,0.2629
6584,0.3021
6585,0.3255
6586,0.3407
6587,0.3593
6588,0.3717
6589,0.3748
6590,0.3696
6591,0.3583
6592,0.3392
6593,0.3092
6594,0.3112
6595,0.3081
6596,0.2854
6597,0.2588
6598,0.2256
6599,0.1962
6600,0.1715
6601,0.1578
6602,0.152
6603,0.1443
6604,0.1412
6605,0.148
6606,0.1616
6607,0.1414
6608,0.1303
6609,0.1594
6610,0.1668
6611,0.164
6612,0.1673
6613,0.1817
6614,0.2026
6615,0.22
6616,0.2119
6617,0.1838
6618,0.1904
6619,0.1837
6620,0.173
6621,0.1657
6622,0.159
6623,0.1503
6624,0.1399
6625,0.1313
6626,0.1239
6627,0.1136
6628,0.1043
6629,0.0974
6630,0.0896
6631,0.0621
6632,0.0346
6633,0.025
6634,0.0233
6635,0.0303
6636,0.0426
6637,0.0589
6638,0.0763
6639,0.0918
6640,0.1061
6641,0.1324
6642,0.1672
6643,0.1656
6644,0.1571
6645,0.1549
6646,0.1583
6647,0.1614
6648,0.1541
6649,0.1424
6650,0.1302
6651,0.1164
6652,0.1049
6653,0.095
6654,0.0846
6655,0.0629
6656,0.0475
6657,0.0413
6658,0.041
6659,0.0432
6660,0.048
6661,0.0554
6662,0.0656
6663,0.0799
6664,0.092
6665,0.1139
6666,0.1399
6667,0.1328
6668,0.1245
6669,0.1245
6670,0.1281
6671,0.1262
6672,0.122
6673,0.1187
6674,0.116
6675,0.1119
6676,0.1112
6677,0.1133
6678,0.117
6679,0.0995
6680,0.0827
6681,0.0817
6682,0.0904
6683,0.1022
6684,0.1139
6685,0.1304
6686,0.1504
6687,0.1723
6688,0.1824
6689,0.195
6690,0.2284
6691,0.233
6692,0.2187
6693,0.2097
6694,0.2085
6695,0.2056
6696,0.2001
6697,0.1878
6698,0.1754
6699,0.1646
6700,0.1548
6701,0.1503
6702,0.1517
6703,0.1371
6704,0.1169
6705,0.1366
6706,0.1593
6707,0.1761
6708,0.1899
6709,0.2012
6710,0.2084
6711,0.2064
6712,0.1869
6713,0.1583
6714,0.1576
6715,0.1429
6716,0.1244
6717,0.1125
6718,0.1055
6719,0.1039
6720,0.103
6721,0.1034
6722,0.1063
6723,0.1108
6724,0.1162
6725,0.1225
6726,0.129
6727,0.125
6728,0.1145
6729,0.1199
6730,0.1276
6731,0.125
6732,0.1211
6733,0.1184
6734,0.1138
6735,0.1122
6736,0.1206
6737,0.1571
6738,0.1878
6739,0.1824
6740,0.1694
6741,0.163
6742,0.1609
6743,0.152
6744,0.1432
6745,0.1391
6746,0.1435
6747,0.1499
6748,0.1538
6749,0.1567
6750,0.1568
6751,0.1443
6752,0.1454
6753,0.1362
6754,0.122
6755,0.1184
6756,0.1194
6757,0.1225
6758,0.1267
6759,0.133
6760,0.1469
6761,0.1801
6762,0.2412
6763,0.2539
6764,0.2457
6765,0.2365
6766,0.2194
6767,0.2009
6768,0.187
6769,0.1824
6770,0.1832
6771,0.1801
6772,0.1774
6773,0.18
6774,0.1813
6775,0.1771
6776,0.1783
6777,0.168
6778,0.1444
6779,0.1221
6780,0.1072
6781,0.1002
6782,0.0996
6783,0.1034
6784,0.1159
6785,0.1513
6786,0.1824
6787,0.1831
6788,0.1814
6789,0.1816
6790,0.1857
6791,0.1981
6792,0.2182
6793,0.2468
6794,0.2712
6795,0.2785
6796,0.2824
6797,0.285
6798,0.2776
6799,0.2391
6800,0.1848
6801,0.1963
6802,0.2374
6803,0.2608
6804,0.2783
6805,0.2939
6806,0.3029
6807,0.3051
6808,0.292
6809,0.2974
6810,0.3146
6811,0.2982
6812,0.2786
6813,0.2734
6814,0.2716
6815,0.2814
6816,0.2934
6817,0.3001
6818,0.303
6819,0.287
6820,0.2779
6821,0.2702
6822,0.2677
6823,0.2383
6824,0.2274
6825,0.3321
6826,0.3867
6827,0.4135
6828,0.4263
6829,0.4294
6830,0.43
6831,0.4349
6832,0.4382
6833,0.4354
6834,0.4359
6835,0.4217
6836,0.4085
6837,0.401
6838,0.4017
6839,0.4006
6840,0.404
6841,0.4016
6842,0.403
6843,0.3906
6844,0.3698
6845,0.3404
6846,0.3159
6847,0.2894
6848,0.3103
6849,0.3459
6850,0.3695
6851,0.3828
6852,0.3966
6853,0.4066
6854,0.4057
6855,0.3895
6856,0.3475
6857,0.3145
6858,0.3256
6859,0.3289
6860,0.3348
6861,0.3583
6862,0.3789
6863,0.3952
6864,0.4088
6865,0.4345
6866,0.4496
6867,0.4415
6868,0.4197
6869,0.4148
6870,0.4085
6871,0.3747
6872,0.4288
6873,0.5187
6874,0.572
6875,0.6061
6876,0.6308
6877,0.6493
6878,0.649
6879,0.6374
6880,0.5912
6881,0.513
6882,0.4684
6883,0.4645
6884,0.4561
6885,0.458
6886,0.4712
6887,0.4839
6888,0.4727
6889,0.4591
6890,0.4454
6891,0.4224
6892,0.4009
6893,0.3853
6894,0.3617
6895,0.3234
6896,0.3512
6897,0.3484
6898,0.3398
6899,0.3482
6900,0.3487
6901,0.3403
6902,0.3228
6903,0.3095
6904,0.2946
6905,0.2841
6906,0.2926
6907,0.2975
6908,0.3061
6909,0.3075
6910,0.3112
6911,0.3157
6912,0.3181
6913,0.3164
6914,0.3184
6915,0.3234
6916,0.3315
6917,0.3387
6918,0.3448
6919,0.3301
6920,0.3577
6921,0.397
6922,0.4019
6923,0.3887
6924,0.3748
6925,0.3652
6926,0.3562
6927,0.3569
6928,0.3381
6929,0.3084
6930,0.3015
6931,0.3005
6932,0.3011
6933,0.307
6934,0.309
6935,0.3025
6936,0.2975
6937,0.2915
6938,0.2855
6939,0.2774
6940,0.2736
6941,0.2749
6942,0.2733
6943,0.2475
6944,0.2081
6945,0.2534
6946,0.2843
6947,0.2963
6948,0.3102
6949,0.3257
6950,0.3319
6951,0.3124
6952,0.2629
6953,0.2275
6954,0.2464
6955,0.2627
6956,0.2743
6957,0.278
6958,0.2768
6959,0.2692
6960,0.2649
6961,0.2582
6962,0.2475
6963,0.2284
6964,0.2143
6965,0.1999
6966,0.1836
6967,0.1405
6968,0.1199
6969,0.1497
6970,0.1892
6971,0.2125
6972,0.2234
6973,0.2281
6974,0.2339
6975,0.2314
6976,0.2047
6977,0.1891
6978,0.2029
6979,0.2138
6980,0.2343
6981,0.2587
6982,0.2742
6983,0.2736
6984,0.2635
6985,0.2534
6986,0.251
6987,0.2399
6988,0.2252
6989,0.2166
6990,0.219
6991,0.2074
6992,0.2573
6993,0.3225
6994,0.3781
6995,0.432
6996,0.4833
6997,0.5224
6998,0.5482
6999,0.5545
7000,0.5192
7001,0.4635
7002,0.4273
7003,0.4098
7004,0.4213
7005,0.4281
7006,0.4222
7007,0.4125
7008,0.4006
7009,0.3752
7010,0.333
7011,0.3059
7012,0.2823
7013,0.2659
7014,0.2514
7015,0.2364
7016,0.2607
7017,0.2856
7018,0.2823
7019,0.2801
7020,0.2895
7021,0.2999
7022,0.2971
7023,0.2745
7024,0.2345
7025,0.1864
7026,0.1662
7027,0.1522
7028,0.1395
7029,0.1297
7030,0.122
7031,0.1133
7032,0.1061
7033,0.1005
7034,0.0945
7035,0.0886
7036,0.0858
7037,0.0864
7038,0.0876
7039,0.076
7040,0.0487
7041,0.0312
7042,0.0192
7043,0.0128
7044,0.0118
7045,0.0146
7046,0.0191
7047,0.0263
7048,0.0364
7049,0.0595
7050,0.0923
7051,0.1244
7052,0.1499
7053,0.1664
7054,0.1814
7055,0.1932
7056,0.1924
7057,0.1765
7058,0.1629
7059,0.1542
7060,0.1577
7061,0.1673
7062,0.1778
7063,0.1846
7064,0.1954
7065,0.2392
7066,0.303
7067,0.3639
7068,0.409
7069,0.4459
7070,0.4728
7071,0.4463
7072,0.3816
7073,0.345
7074,0.3323
7075,0.3219
7076,0.3141
7077,0.2871
7078,0.2761
7079,0.2754
7080,0.291
7081,0.2664
7082,0.2614
7083,0.2522
7084,0.2459
7085,0.2411
7086,0.2276
7087,0.209
7088,0.2015
7089,0.2644
7090,0.2992
7091,0.3119
7092,0.3087
7093,0.305
7094,0.3054
7095,0.3052
7096,0.2796
7097,0.2562
7098,0.2673
7099,0.2824
7100,0.2976
7101,0.31
7102,0.3256
7103,0.3369
7104,0.335
7105,0.3232
7106,0.3151
7107,0.2965
7108,0.2814
7109,0.2759
7110,0.28
7111,0.2841
7112,0.2929
7113,0.337
7114,0.3618
7115,0.384
7116,0.4046
7117,0.4023
7118,0.3769
7119,0.3238
7120,0.2537
7121,0.2418
7122,0.261
7123,0.2645
7124,0.2589
7125,0.2563
7126,0.252
7127,0.2482
7128,0.2445
7129,0.2376
7130,0.23
7131,0.2249
7132,0.2253
7133,0.2208
7134,0.2182
7135,0.2018
7136,0.149
7137,0.1379
7138,0.1558
7139,0.1598
7140,0.1584
7141,0.1549
7142,0.1475
7143,0.1342
7144,0.116
7145,0.1224
7146,0.1302
7147,0.1373
7148,0.1543
7149,0.1757
7150,0.2004
7151,0.2206
7152,0.2334
7153,0.2417
7154,0.2443
7155,0.2388
7156,0.2323
7157,0.2265
7158,0.2236
7159,0.2128
7160,0.1507
7161,0.1191
7162,0.1598
7163,0.1769
7164,0.1732
7165,0.1616
7166,0.1486
7167,0.1352
7168,0.1356
7169,0.1606
7170,0.1695
7171,0.1671
7172,0.1668
7173,0.171
7174,0.174
7175,0.1735
7176,0.1697
7177,0.165
7178,0.1596
7179,0.1544
7180,0.1481
7181,0.1447
7182,0.1457
7183,0.1441
7184,0.1102
7185,0.0811
7186,0.0755
7187,0.0795
7188,0.0855
7189,0.0759
7190,0.0661
7191,0.0627
7192,0.0776
7193,0.1066
7194,0.1231
7195,0.1347
7196,0.1444
7197,0.1518
7198,0.1569
7199,0.1618
7200,0.1658
7201,0.1702
7202,0.176
7203,0.1842
7204,0.1895
7205,0.19
7206,0.1819
7207,0.163
7208,0.1201
7209,0.0918
7210,0.0977
7211,0.1117
7212,0.12
7213,0.1199
7214,0.1142
7215,0.1001
7216,0.0899
7217,0.1047
7218,0.1212
7219,0.1324
7220,0.1441
7221,0.1501
7222,0.1562
7223,0.162
7224,0.1697
7225,0.1727
7226,0.1797
7227,0.1859
7228,0.1855
7229,0.1814
7230,0.1762
7231,0.159
7232,0.1047
7233,0.1023
7234,0.102
7235,0.0995
7236,0.1022
7237,0.103
7238,0.1037
7239,0.0983
7240,0.0943
7241,0.1114
7242,0.1326
7243,0.1495
7244,0.1605
7245,0.1623
7246,0.1568
7247,0.1583
7248,0.1741
7249,0.1913
7250,0.2005
7251,0.2019
7252,0.1984
7253,0.1934
7254,0.1862
7255,0.1739
7256,0.1288
7257,0.1202
7258,0.1348
7259,0.1491
7260,0.1675
7261,0.1759
7262,0.1738
7263,0.1619
7264,0.1674
7265,0.2022
7266,0.2325
7267,0.2473
7268,0.259
7269,0.2711
7270,0.2774
7271,0.2748
7272,0.2777
7273,0.2811
7274,0.27
7275,0.2564
7276,0.2453
7277,0.2346
7278,0.2256
7279,0.2056
7280,0.1752
7281,0.2159
7282,0.2622
7283,0.3088
7284,0.3507
7285,0.3736
7286,0.3746
7287,0.3557
7288,0.2989
7289,0.268
7290,0.2644
7291,0.2634
7292,0.2693
7293,0.2808
7294,0.3007
7295,0.3255
7296,0.3533
7297,0.3655
7298,0.3744
7299,0.3653
7300,0.3616
7301,0.3617
7302,0.368
7303,0.364
7304,0.365
7305,0.4387
7306,0.4887
7307,0.5275
7308,0.5683
7309,0.5888
7310,0.5994
7311,0.5913
7312,0.5547
7313,0.5381
7314,0.5445
7315,0.556
7316,0.5549
7317,0.5505
7318,0.5508
7319,0.5467
7320,0.5388
7321,0.5296
7322,0.5184
7323,0.5061
7324,0.495
7325,0.4789
7326,0.4618
7327,0.4375
7328,0.4319
7329,0.5248
7330,0.5754
7331,0.608
7332,0.6246
7333,0.6449
7334,0.6506
7335,0.6304
7336,0.6081
7337,0.6088
7338,0.6326
7339,0.6712
7340,0.7129
7341,0.7469
7342,0.7685
7343,0.7852
7344,0.8079
7345,0.8255
7346,0.8302
7347,0.8283
7348,0.8191
7349,0.8056
7350,0.791
7351,0.7739
7352,0.7723
7353,0.8061
7354,0.8209
7355,0.8223
7356,0.8177
7357,0.8124
7358,0.7996
7359,0.7733
7360,0.7179
7361,0.6795
7362,0.6677
7363,0.6622
7364,0.6655
7365,0.6762
7366,0.6908
7367,0.6987
7368,0.7012
7369,0.6976
7370,0.6911
7371,0.6748
7372,0.6684
7373,0.674
7374,0.679
7375,0.6664
7376,0.6728
7377,0.7442
7378,0.7926
7379,0.8088
7380,0.8167
7381,0.8171
7382,0.7988
7383,0.7442
7384,0.6694
7385,0.624
7386,0.6063
7387,0.6064
7388,0.6084
7389,0.6202
7390,0.6325
7391,0.6355
7392,0.6377
7393,0.6439
7394,0.6474
7395,0.6318
7396,0.6166
7397,0.6196
7398,0.6327
7399,0.6353
7400,0.6514
7401,0.7138
7402,0.7388
7403,0.749
7404,0.7597
7405,0.7678
7406,0.7591
7407,0.7229
7408,0.6646
7409,0.6187
7410,0.5942
7411,0.5737
7412,0.5548
7413,0.5415
7414,0.5246
7415,0.4969
7416,0.4704
7417,0.4483
7418,0.4255
7419,0.4028
7420,0.3882
7421,0.3705
7422,0.3539
7423,0.3324
7424,0.3084
7425,0.3447
7426,0.3665
7427,0.371
7428,0.381
7429,0.3875
7430,0.3866
7431,0.3588
7432,0.3038
7433,0.3018
7434,0.3332
7435,0.3581
7436,0.3829
7437,0.4001
7438,0.3936
7439,0.406
7440,0.4068
7441,0.3944
7442,0.3903
7443,0.3909
7444,0.3951
7445,0.3838
7446,0.3792
7447,0.3853
7448,0.3874
7449,0.4888
7450,0.5567
7451,0.5885
7452,0.6016
7453,0.6064
7454,0.6042
7455,0.5797
7456,0.5254
7457,0.4983
7458,0.5045
7459,0.5151
7460,0.5175
7461,0.5159
7462,0.5149
7463,0.5134
7464,0.5136
7465,0.5114
7466,0.5225
7467,0.5269
7468,0.5269
7469,0.5395
7470,0.5515
7471,0.5539
7472,0.5868
7473,0.6484
7474,0.7048
7475,0.7389
7476,0.7422
7477,0.7312
7478,0.7107
7479,0.6747
7480,0.606
7481,0.5635
7482,0.5486
7483,0.5355
7484,0.5237
7485,0.5279
7486,0.5219
7487,0.5035
7488,0.4783
7489,0.4512
7490,0.4285
7491,0.3985
7492,0.3763
7493,0.3708
7494,0.3685
7495,0.3765
7496,0.358
7497,0.3777
7498,0.4029
7499,0.4303
7500,0.4695
7501,0.516
7502,0.5443
7503,0.529
7504,0.4955
7505,0.4943
7506,0.4989
7507,0.4985
7508,0.5015
7509,0.5367
7510,0.5703
7511,0.587
7512,0.5876
7513,0.5792
7514,0.5694
7515,0.5626
7516,0.5469
7517,0.5211
7518,0.5143
7519,0.5229
7520,0.5559
7521,0.6178
7522,0.6707
7523,0.6924
7524,0.7042
7525,0.6915
7526,0.6654
7527,0.6006
7528,0.4957
7529,0.4474
7530,0.4376
7531,0.4205
7532,0.3853
7533,0.3634
7534,0.3803
7535,0.3772
7536,0.3697
7537,0.3476
7538,0.3481
7539,0.3402
7540,0.3383
7541,0.344
7542,0.3441
7543,0.3488
7544,0.3387
7545,0.3599
7546,0.4147
7547,0.4791
7548,0.526
7549,0.5608
7550,0.5815
7551,0.5878
7552,0.5352
7553,0.4983
7554,0.4751
7555,0.4527
7556,0.4271
7557,0.4085
7558,0.3936
7559,0.3685
7560,0.3457
7561,0.3195
7562,0.3065
7563,0.2922
7564,0.2801
7565,0.2732
7566,0.2778
7567,0.2769
7568,0.2461
7569,0.2969
7570,0.3495
7571,0.3841
7572,0.4121
7573,0.4438
7574,0.4593
7575,0.4617
7576,0.4245
7577,0.4282
7578,0.447
7579,0.4645
7580,0.4881
7581,0.5041
7582,0.5029
7583,0.476
7584,0.456
7585,0.4662
7586,0.4637
7587,0.4472
7588,0.4335
7589,0.4346
7590,0.448
7591,0.4488
7592,0.4287
7593,0.4476
7594,0.4562
7595,0.4531
7596,0.463
7597,0.4684
7598,0.4583
7599,0.4262
7600,0.3697
7601,0.3727
7602,0.3853
7603,0.3966
7604,0.4222
7605,0.4725
7606,0.5197
7607,0.5566
7608,0.5746
7609,0.5644
7610,0.549
7611,0.5152
7612,0.4941
7613,0.4976
7614,0.4946
7615,0.4801
7616,0.4875
7617,0.5668
7618,0.6456
7619,0.691
7620,0.7108
7621,0.7221
7622,0.7272
7623,0.7009
7624,0.649
7625,0.63
7626,0.6479
7627,0.6338
7628,0.5845
7629,0.5356
7630,0.5115
7631,0.4976
7632,0.4888
7633,0.4825
7634,0.4754
7635,0.4842
7636,0.4931
7637,0.4998
7638,0.508
7639,0.5076
7640,0.5014
7641,0.5212
7642,0.5356
7643,0.5379
7644,0.5222
7645,0.493
7646,0.4451
7647,0.3822
7648,0.3227
7649,0.3181
7650,0.3249
7651,0.3227
7652,0.3129
7653,0.3073
7654,0.3026
7655,0.3038
7656,0.2956
7657,0.2852
7658,0.2702
7659,0.2646
7660,0.26
7661,0.2557
7662,0.254
7663,0.2567
7664,0.2419
7665,0.2381
7666,0.2549
7667,0.2858
7668,0.3248
7669,0.3651
7670,0.3944
7671,0.3876
7672,0.3541
7673,0.3648
7674,0.3666
7675,0.3666
7676,0.3673
7677,0.3663
7678,0.3647
7679,0.3674
7680,0.3663
7681,0.3668
7682,0.364
7683,0.3668
7684,0.3617
7685,0.3553
7686,0.3577
7687,0.3587
7688,0.3352
7689,0.3894
7690,0.452
7691,0.5086
7692,0.5606
7693,0.5862
7694,0.5796
7695,0.5198
7696,0.4465
7697,0.4186
7698,0.3984
7699,0.3914
7700,0.3907
7701,0.3966
7702,0.4018
7703,0.3982
7704,0.3856
7705,0.3737
7706,0.3676
7707,0.3703
7708,0.3649
7709,0.363
7710,0.3614
7711,0.3547
7712,0.3473
7713,0.3871
7714,0.4216
7715,0.4241
7716,0.4116
7717,0.3818
7718,0.342
7719,0.3061
7720,0.256
7721,0.2658
7722,0.2775
7723,0.2732
7724,0.2647
7725,0.2496
7726,0.2367
7727,0.2292
7728,0.2212
7729,0.206
7730,0.1988
7731,0.1945
7732,0.1921
7733,0.1863
7734,0.1801
7735,0.1763
7736,0.1445
7737,0.1303
7738,0.1396
7739,0.1436
7740,0.1424
7741,0.132
7742,0.1132
7743,0.0925
7744,0.0848
7745,0.0899
7746,0.0866
7747,0.0929
7748,0.1106
7749,0.1334
7750,0.1529
7751,0.164
7752,0.1696
7753,0.1688
7754,0.1632
7755,0.1555
7756,0.1482
7757,0.1474
7758,0.1565
7759,0.1731
7760,0.1681
7761,0.1752
7762,0.2173
7763,0.2454
7764,0.2658
7765,0.2809
7766,0.2823
7767,0.267
7768,0.2555
7769,0.253
7770,0.2504
7771,0.2524
7772,0.2545
7773,0.2682
7774,0.2776
7775,0.2894
7776,0.2969
7777,0.2981
7778,0.3031
7779,0.3128
7780,0.3068
7781,0.2916
7782,0.2785
7783,0.2693
7784,0.2435
7785,0.2257
7786,0.2622
7787,0.2916
7788,0.3092
7789,0.3061
7790,0.2771
7791,0.2129
7792,0.1683
7793,0.1714
7794,0.1831
7795,0.1945
7796,0.207
7797,0.2166
7798,0.2242
7799,0.2396
7800,0.2548
7801,0.2751
7802,0.3078
7803,0.3497
7804,0.4016
7805,0.4498
7806,0.4759
7807,0.517
7808,0.5516
7809,0.5974
7810,0.6496
7811,0.7249
7812,0.7782
7813,0.8054
7814,0.8165
7815,0.8236
7816,0.8254
7817,0.8262
7818,0.8142
7819,0.7964
7820,0.7815
7821,0.7713
7822,0.7712
7823,0.7677
7824,0.763
7825,0.7548
7826,0.7556
7827,0.7589
7828,0.765
7829,0.7678
7830,0.7652
7831,0.7555
7832,0.7425
7833,0.7702
7834,0.8002
7835,0.8104
7836,0.8069
7837,0.7921
7838,0.7749
7839,0.7372
7840,0.6749
7841,0.6485
7842,0.6267
7843,0.6026
7844,0.5808
7845,0.5707
7846,0.5533
7847,0.5264
7848,0.4995
7849,0.476
7850,0.4646
7851,0.4501
7852,0.439
7853,0.4209
7854,0.4034
7855,0.3906
7856,0.3677
7857,0.3979
7858,0.4384
7859,0.4488
7860,0.46
7861,0.4651
7862,0.467
7863,0.4562
7864,0.4346
7865,0.4673
7866,0.5001
7867,0.527
7868,0.5458
7869,0.5445
7870,0.5307
7871,0.5262
7872,0.5262
7873,0.5259
7874,0.5165
7875,0.5112
7876,0.4963
7877,0.4802
7878,0.4609
7879,0.4419
7880,0.3974
7881,0.3709
7882,0.434
7883,0.4692
7884,0.4673
7885,0.4381
7886,0.3944
7887,0.3378
7888,0.2994
7889,0.3026
7890,0.3173
7891,0.3275
7892,0.3378
7893,0.3529
7894,0.3795
7895,0.4037
7896,0.4145
7897,0.4183
7898,0.421
7899,0.4247
7900,0.429
7901,0.4251
7902,0.4133
7903,0.4199
7904,0.4116
7905,0.4474
7906,0.4983
7907,0.5377
7908,0.5777
7909,0.6144
7910,0.6317
7911,0.6252
7912,0.6203
7913,0.6379
7914,0.6476
7915,0.6482
7916,0.6533
7917,0.6654
7918,0.6731
7919,0.6749
7920,0.6834
7921,0.6918
7922,0.693
7923,0.6852
7924,0.6712
7925,0.6502
7926,0.6133
7927,0.5656
7928,0.5045
7929,0.5091
7930,0.5468
7931,0.5551
7932,0.5558
7933,0.5434
7934,0.5151
7935,0.4733
7936,0.4452
7937,0.448
7938,0.4468
7939,0.4519
7940,0.4697
7941,0.4832
7942,0.4992
7943,0.5117
7944,0.5202
7945,0.515
7946,0.5005
7947,0.4866
7948,0.4684
7949,0.439
7950,0.4076
7951,0.3823
7952,0.3613
7953,0.3727
7954,0.4089
7955,0.4508
7956,0.4911
7957,0.5062
7958,0.4826
7959,0.4312
7960,0.3985
7961,0.3935
7962,0.3946
7963,0.4051
7964,0.4052
7965,0.4004
7966,0.3941
7967,0.3821
7968,0.3538
7969,0.3285
7970,0.3139
7971,0.3009
7972,0.2791
7973,0.2563
7974,0.2338
7975,0.206
7976,0.1628
7977,0.1322
7978,0.1625
7979,0.1698
7980,0.1607
7981,0.1506
7982,0.1358
7983,0.109
7984,0.1033
7985,0.1275
7986,0.1472
7987,0.1614
7988,0.1692
7989,0.1839
7990,0.2071
7991,0.2366
7992,0.2622
7993,0.2871
7994,0.3032
7995,0.3176
7996,0.3227
7997,0.33
7998,0.327
7999,0.3264
8000,0.3063
8001,0.3037
8002,0.3415
8003,0.3842
8004,0.4097
8005,0.4134
8006,0.383
8007,0.3251
8008,0.3008
8009,0.3179
8010,0.3248
8011,0.3284
8012,0.3244
8013,0.3107
8014,0.2958
8015,0.2819
8016,0.2643
8017,0.2507
8018,0.2313
8019,0.2166
8020,0.2084
8021,0.1986
8022,0.1848
8023,0.171
8024,0.1401
8025,0.1237
8026,0.133
8027,0.1646
8028,0.1892
8029,0.2077
8030,0.2197
8031,0.2074
8032,0.2008
8033,0.2234
8034,0.2374
8035,0.2533
8036,0.2765
8037,0.3012
8038,0.3172
8039,0.3254
8040,0.3194
8041,0.3244
8042,0.3419
8043,0.3496
8044,0.3596
8045,0.3719
8046,0.3853
8047,0.3937
8048,0.3906
8049,0.4098
8050,0.4671
8051,0.4896
8052,0.4975
8053,0.517
8054,0.5303
8055,0.5094
8056,0.4735
8057,0.4863
8058,0.4773
8059,0.4769
8060,0.4598
8061,0.4387
8062,0.4253
8063,0.4125
8064,0.3987
8065,0.3873
8066,0.3777
8067,0.3702
8068,0.3702
8069,0.3759
8070,0.3703
8071,0.3597
8072,0.3398
8073,0.3413
8074,0.3312
8075,0.3015
8076,0.2677
8077,0.2415
8078,0.2235
8079,0.2034
8080,0.1907
8081,0.2192
8082,0.2428
8083,0.2479
8084,0.2489
8085,0.2471
8086,0.2422
8087,0.2382
8088,0.2332
8089,0.2344
8090,0.2362
8091,0.2376
8092,0.24
8093,0.2514
8094,0.2685
8095,0.2786
8096,0.2637
8097,0.2386
8098,0.2375
8099,0.2519
8100,0.2855
8101,0.3192
8102,0.3449
8103,0.3547
8104,0.3746
8105,0.4119
8106,0.4053
8107,0.3886
8108,0.3702
8109,0.3491
8110,0.3365
8111,0.3197
8112,0.3066
8113,0.2956
8114,0.2926
8115,0.2903
8116,0.2915
8117,0.2928
8118,0.3003
8119,0.3014
8120,0.2802
8121,0.2814
8122,0.3137
8123,0.3108
8124,0.2936
8125,0.279
8126,0.2673
8127,0.2438
8128,0.2317
8129,0.2616
8130,0.2659
8131,0.2618
8132,0.2494
8133,0.2243
8134,0.1984
8135,0.1775
8136,0.1618
8137,0.1489
8138,0.1391
8139,0.1334
8140,0.1315
8141,0.1339
8142,0.1367
8143,0.1395
8144,0.1315
8145,0.1192
8146,0.1218
8147,0.1189
8148,0.1065
8149,0.0929
8150,0.0818
8151,0.0748
8152,0.079
8153,0.0939
8154,0.1079
8155,0.1136
8156,0.1154
8157,0.1162
8158,0.1176
8159,0.1227
8160,0.1308
8161,0.1405
8162,0.1454
8163,0.1496
8164,0.1504
8165,0.147
8166,0.1399
8167,0.1327
8168,0.1139
8169,0.0728
8170,0.0525
8171,0.042
8172,0.0354
8173,0.0327
8174,0.0292
8175,0.0334
8176,0.0476
8177,0.0586
8178,0.0648
8179,0.0741
8180,0.0851
8181,0.0959
8182,0.1063
8183,0.1253
8184,0.1508
8185,0.1788
8186,0.2003
8187,0.2193
8188,0.2376
8189,0.2483
8190,0.2454
8191,0.2433
8192,0.2118
8193,0.1549
8194,0.1437
8195,0.16
8196,0.186
8197,0.2144
8198,0.233
8199,0.2236
8200,0.2398
8201,0.2837
8202,0.2975
8203,0.3076
8204,0.3008
8205,0.282
8206,0.2755
8207,0.2758
8208,0.2881
8209,0.3089
8210,0.3224
8211,0.3372
8212,0.3472
8213,0.3552
8214,0.3506
8215,0.3528
8216,0.3403
8217,0.3321
8218,0.3769
8219,0.4346
8220,0.4625
8221,0.4683
8222,0.4574
8223,0.4116
8224,0.3705
8225,0.3539
8226,0.3319
8227,0.312
8228,0.2985
8229,0.305
8230,0.3219
8231,0.3288
8232,0.3239
8233,0.3114
8234,0.3013
8235,0.2898
8236,0.2841
8237,0.2782
8238,0.2613
8239,0.2506
8240,0.2253
8241,0.1685
8242,0.1423
8243,0.1358
8244,0.1318
8245,0.1353
8246,0.1348
8247,0.1467
8248,0.201
8249,0.2547
8250,0.2871
8251,0.299
8252,0.3104
8253,0.318
8254,0.3235
8255,0.3286
8256,0.3301
8257,0.3266
8258,0.3273
8259,0.332
8260,0.3363
8261,0.3313
8262,0.334
8263,0.3505
8264,0.349
8265,0.353
8266,0.4649
8267,0.5835
8268,0.663
8269,0.6881
8270,0.6732
8271,0.6137
8272,0.5661
8273,0.5554
8274,0.5383
8275,0.5285
8276,0.53
8277,0.5472
8278,0.561
8279,0.5557
8280,0.5396
8281,0.5264
8282,0.5089
8283,0.4951
8284,0.4957
8285,0.5095
8286,0.5372
8287,0.5645
8288,0.5729
8289,0.5745
8290,0.6426
8291,0.7281
8292,0.7733
8293,0.7854
8294,0.7925
8295,0.7931
8296,0.8
8297,0.8102
8298,0.8175
8299,0.8174
8300,0.8151
8301,0.8256
8302,0.8404
8303,0.8497
8304,0.8633
8305,0.8707
8306,0.8684
8307,0.8657
8308,0.8626
8309,0.8603
8310,0.8574
8311,0.8525
8312,0.8414
8313,0.8323
8314,0.8408
8315,0.8437
8316,0.8408
8317,0.8339
8318,0.8212
8319,0.8038
8320,0.7835
8321,0.7727
8322,0.7556
8323,0.7378
8324,0.7193
8325,0.7022
8326,0.6888
8327,0.6804
8328,0.669
8329,0.6491
8330,0.6244
8331,0.5979
8332,0.5679
8333,0.5413
8334,0.5196
8335,0.5047
8336,0.4802
8337,0.4632
8338,0.4788
8339,0.4759
8340,0.4707
8341,0.4696
8342,0.4686
8343,0.4526
8344,0.4275
8345,0.4388
8346,0.4528
8347,0.4673
8348,0.4848
8349,0.4819
8350,0.4587
8351,0.4368
8352,0.4204
8353,0.4025
8354,0.3883
8355,0.3802
8356,0.374
8357,0.3675
8358,0.3605
8359,0.355
8360,0.3291
8361,0.3211
8362,0.335
8363,0.3343
8364,0.3269
8365,0.3165
8366,0.2944
8367,0.2673
8368,0.2646
8369,0.27
8370,0.2696
8371,0.2675
8372,0.2726
8373,0.2716
8374,0.2796
8375,0.2906
8376,0.3005
8377,0.3153
8378,0.3301
8379,0.3467
8380,0.3566
8381,0.3702
8382,0.3903
8383,0.403
8384,0.406
8385,0.3977
8386,0.442
8387,0.4994
8388,0.5285
8389,0.5389
8390,0.5397
8391,0.5354
8392,0.5426
8393,0.5485
8394,0.5401
8395,0.5297
8396,0.5053
8397,0.4787
8398,0.4432
8399,0.3999
8400,0.3427
8401,0.2745
8402,0.2276
8403,0.2086
8404,0.1984
8405,0.1824
8406,0.1752
8407,0.1674
8408,0.1539
8409,0.1391
8410,0.1328
8411,0.1187
8412,0.1122
8413,0.1136
8414,0.1181
8415,0.1177
8416,0.126
8417,0.1497
8418,0.1711
8419,0.1904
8420,0.2063
8421,0.2166
8422,0.232
8423,0.275
8424,0.3008
8425,0.2942
8426,0.2997
8427,0.3141
8428,0.3238
8429,0.3288
8430,0.3484
8431,0.3734
8432,0.381
8433,0.3753
8434,0.4179
8435,0.447
8436,0.4678
8437,0.4847
8438,0.4943
8439,0.4829
8440,0.4801
8441,0.4876
8442,0.4853
8443,0.4923
8444,0.5084
8445,0.521
8446,0.5314
8447,0.5389
8448,0.5476
8449,0.5541
8450,0.5612
8451,0.5741
8452,0.5981
8453,0.6209
8454,0.6369
8455,0.6546
8456,0.6518
8457,0.6297
8458,0.6565
8459,0.7053
8460,0.735
8461,0.7415
8462,0.7358
8463,0.7254
8464,0.7307
8465,0.735
8466,0.728
8467,0.7259
8468,0.7306
8469,0.7534
8470,0.7746
8471,0.7776
8472,0.7696
8473,0.7787
8474,0.7829
8475,0.7829
8476,0.7764
8477,0.7654
8478,0.7523
8479,0.7476
8480,0.7348
8481,0.7225
8482,0.7411
8483,0.7673
8484,0.7741
8485,0.7437
8486,0.6955
8487,0.6766
8488,0.6783
8489,0.681
8490,0.6799
8491,0.6772
8492,0.6684
8493,0.6689
8494,0.6671
8495,0.6675
8496,0.6741
8497,0.6637
8498,0.6569
8499,0.6462
8500,0.6164
8501,0.5978
8502,0.6172
8503,0.6792
8504,0.749
8505,0.7968
8506,0.8368
8507,0.8763
8508,0.8878
8509,0.8913
8510,0.8965
8511,0.911
8512,0.9256
8513,0.9358
8514,0.933
8515,0.926
8516,0.9218
8517,0.9131
8518,0.9079
8519,0.8955
8520,0.8835
8521,0.8773
8522,0.8692
8523,0.8593
8524,0.8527
8525,0.839
8526,0.8258
8527,0.8058
8528,0.7819
8529,0.7762
8530,0.7913
8531,0.8077
8532,0.8189
8533,0.8298
8534,0.8237
8535,0.8057
8536,0.7775
8537,0.7523
8538,0.7322
8539,0.7042
8540,0.6701
8541,0.6397
8542,0.6114
8543,0.577
8544,0.5386
8545,0.4895
8546,0.4402
8547,0.3965
8548,0.3572
8549,0.3263
8550,0.3065
8551,0.3051
8552,0.2844
8553,0.2665
8554,0.2944
8555,0.3249
8556,0.3489
8557,0.3547
8558,0.3369
8559,0.2834
8560,0.2831
8561,0.3183
8562,0.3443
8563,0.3729
8564,0.3962
8565,0.409
8566,0.4164
8567,0.4227
8568,0.4186
8569,0.4117
8570,0.4112
8571,0.3963
8572,0.3709
8573,0.3447
8574,0.3178
8575,0.2913
8576,0.2462
8577,0.1816
8578,0.159
8579,0.1539
8580,0.1448
8581,0.13
8582,0.1077
8583,0.0848
8584,0.0794
8585,0.0827
8586,0.0909
8587,0.1044
8588,0.1192
8589,0.1301
8590,0.1366
8591,0.1435
8592,0.1511
8593,0.1558
8594,0.1591
8595,0.1661
8596,0.175
8597,0.1815
8598,0.1867
8599,0.1903
8600,0.1821
8601,0.1391
8602,0.0999
8603,0.0927
8604,0.0997
8605,0.1052
8606,0.1131
8607,0.1292
8608,0.1592
8609,0.1939
8610,0.2346
8611,0.2817
8612,0.3236
8613,0.3518
8614,0.3763
8615,0.3844
8616,0.3786
8617,0.3667
8618,0.3552
8619,0.3353
8620,0.3057
8621,0.2768
8622,0.2591
8623,0.2372
8624,0.1977
8625,0.1516
8626,0.1495
8627,0.1502
8628,0.1386
8629,0.1272
8630,0.1198
8631,0.1188
8632,0.1403
8633,0.1652
8634,0.184
8635,0.1925
8636,0.1852
8637,0.1797
8638,0.1834
8639,0.1895
8640,0.1963
8641,0.2054
8642,0.209
8643,0.2023
8644,0.1959
8645,0.1924
8646,0.1898
8647,0.1867
8648,0.168
8649,0.1233
8650,0.1015
8651,0.0923
8652,0.0832
8653,0.0787
8654,0.0779
8655,0.0891
8656,0.1207
8657,0.1552
8658,0.1855
8659,0.207
8660,0.2135
8661,0.2123
8662,0.214
8663,0.2082
8664,0.1927
8665,0.1811
8666,0.1802
8667,0.1837
8668,0.1915
8669,0.1962
8670,0.1961
8671,0.19
8672,0.1726
8673,0.1315
8674,0.0934
8675,0.0718
8676,0.066
8677,0.066
8678,0.0678
8679,0.0747
8680,0.0888
8681,0.1041
8682,0.1153
8683,0.1205
8684,0.1232
8685,0.128
8686,0.134
8687,0.1407
8688,0.1478
8689,0.1552
8690,0.1595
8691,0.1598
8692,0.16
8693,0.1586
8694,0.1563
8695,0.1547
8696,0.1468
8697,0.1259
8698,0.1055
8699,0.087
8700,0.0746
8701,0.07
8702,0.0672
8703,0.066
8704,0.0669
8705,0.0696
8706,0.0743
8707,0.0784
8708,0.0807
8709,0.0827
8710,0.0847
8711,0.0893
8712,0.0932
8713,0.0963
8714,0.0995
8715,0.0995
8716,0.0986
8717,0.099
8718,0.1003
8719,0.1024
8720,0.1032
8721,0.0928
8722,0.0811
8723,0.0677
8724,0.0593
8725,0.0547
8726,0.0531
8727,0.0549
8728,0.0615
8729,0.066
8730,0.071
8731,0.0773
8732,0.0825
8733,0.0828
8734,0.0796
8735,0.077
8736,0.0737
8737,0.0722
8738,0.0712
8739,0.069
8740,0.0669
8741,0.0659
8742,0.0658
8743,0.0657
8744,0.0629
8745,0.0498
8746,0.0445
8747,0.0468
8748,0.0464
8749,0.0466
8750,0.0476
8751,0.0498
8752,0.056
8753,0.0596
8754,0.0602
8755,0.0628
8756,0.0671
8757,0.0711
8758,0.0716
8759,0.0714
