0,0.196
1,0.2039
2,0.226
3,0.2434
4,0.2416
5,0.2338
6,0.2474
7,0.2635
8,0.2711
9,0.2839
10,0.3027
11,0.3225
12,0.3187
13,0.3128
14,0.316
15,0.3272
16,0.362
17,0.3732
18,0.3885
19,0.4067
20,0.4119
21,0.4158
22,0.4209
23,0.4154
24,0.4252
25,0.447
26,0.4529
27,0.4344
28,0.4294
29,0.4442
30,0.4387
31,0.4313
32,0.4027
33,0.322
34,0.2665
35,0.3531
36,0.3806
37,0.3219
38,0.2511
39,0.2732
40,0.2954
41,0.2777
42,0.2465
43,0.2102
44,0.1778
45,0.1471
46,0.1211
47,0.1009
48,0.0916
49,0.0829
50,0.0811
51,0.084
52,0.0916
53,0.0989
54,0.1015
55,0.0943
56,0.0891
57,0.0717
58,0.0631
59,0.0864
60,0.1052
61,0.1008
62,0.095
63,0.1308
64,0.1602
65,0.1704
66,0.169
67,0.1546
68,0.1192
69,0.0885
70,0.0882
71,0.0937
72,0.0772
73,0.0574
74,0.0435
75,0.0472
76,0.0554
77,0.0677
78,0.087
79,0.104
80,0.1113
81,0.0979
82,0.1011
83,0.1631
84,0.2035
85,0.2082
86,0.199
87,0.1983
88,0.2002
89,0.2086
90,0.2225
91,0.2089
92,0.205
93,0.2048
94,0.2028
95,0.2091
96,0.2121
97,0.2162
98,0.2235
99,0.2409
100,0.2646
101,0.2779
102,0.291
103,0.305
104,0.3053
105,0.3057
106,0.2939
107,0.316
108,0.3347
109,0.3135
110,0.3105
111,0.3277
112,0.3253
113,0.3022
114,0.2839
115,0.2685
116,0.268
117,0.261
118,0.2429
119,0.2373
120,0.2295
121,0.2263
122,0.2253
123,0.2199
124,0.2147
125,0.1957
126,0.1731
127,0.1532
128,0.1356
129,0.1008
130,0.0709
131,0.0696
132,0.0707
133,0.0634
134,0.0623
135,0.0829
136,0.0937
137,0.0917
138,0.087
139,0.081
140,0.0664
141,0.0497
142,0.0419
143,0.0356
144,0.0314
145,0.0329
146,0.0348
147,0.0326
148,0.0291
149,0.0357
150,0.0603
151,0.0964
152,0.1247
153,0.1254
154,0.1249
155,0.1531
156,0.1878
157,0.2298
158,0.2772
159,0.3731
160,0.4518
161,0.5156
162,0.5754
163,0.6168
164,0.6453
165,0.6784
166,0.6937
167,0.6876
168,0.6619
169,0.6658
170,0.6568
171,0.6167
172,0.6185
173,0.6434
174,0.6604
175,0.6525
176,0.6462
177,0.6558
178,0.6967
179,0.7495
180,0.7902
181,0.8122
182,0.8031
183,0.7775
184,0.7611
185,0.7442
186,0.7206
187,0.6706
188,0.6175
189,0.6041
190,0.6016
191,0.5953
192,0.6197
193,0.6173
194,0.6078
195,0.6077
196,0.57
197,0.5301
198,0.5031
199,0.4622
200,0.4179
201,0.3963
202,0.4107
203,0.498
204,0.5244
205,0.4949
206,0.4523
207,0.4564
208,0.4439
209,0.4328
210,0.4161
211,0.3997
212,0.3925
213,0.3875
214,0.3452
215,0.2736
216,0.2247
217,0.1895
218,0.1641
219,0.1519
220,0.1413
221,0.1169
222,0.0941
223,0.0764
224,0.0598
225,0.0436
226,0.0345
227,0.0327
228,0.0396
229,0.0399
230,0.037
231,0.0436
232,0.0503
233,0.0526
234,0.0502
235,0.0487
236,0.0555
237,0.0708
238,0.0919
239,0.1133
240,0.1297
241,0.1436
242,0.1547
243,0.1572
244,0.1531
245,0.1513
246,0.1465
247,0.1487
248,0.1414
249,0.1197
250,0.1102
251,0.1428
252,0.2001
253,0.2438
254,0.2631
255,0.2921
256,0.2959
257,0.3078
258,0.3117
259,0.3021
260,0.2943
261,0.2759
262,0.2657
263,0.2398
264,0.2313
265,0.2367
266,0.2427
267,0.2475
268,0.2613
269,0.2975
270,0.3213
271,0.3625
272,0.388
273,0.445
274,0.508
275,0.5799
276,0.5815
277,0.5807
278,0.5887
279,0.5821
280,0.5763
281,0.5535
282,0.5187
283,0.5047
284,0.466
285,0.4255
286,0.3835
287,0.3393
288,0.3377
289,0.3737
290,0.4043
291,0.401
292,0.4483
293,0.4766
294,0.5353
295,0.558
296,0.5724
297,0.607
298,0.6419
299,0.6701
300,0.7025
301,0.7164
302,0.7504
303,0.7701
304,0.7673
305,0.7704
306,0.7705
307,0.7763
308,0.7628
309,0.7422
310,0.7054
311,0.6787
312,0.661
313,0.6125
314,0.5705
315,0.5513
316,0.5365
317,0.5192
318,0.5012
319,0.4894
320,0.4443
321,0.3904
322,0.3511
323,0.3759
324,0.3589
325,0.3148
326,0.2598
327,0.256
328,0.2552
329,0.2259
330,0.1905
331,0.162
332,0.1406
333,0.1193
334,0.108
335,0.1224
336,0.1532
337,0.1855
338,0.2205
339,0.2405
340,0.2565
341,0.2749
342,0.302
343,0.31
344,0.2908
345,0.2709
346,0.2978
347,0.3759
348,0.4515
349,0.4341
350,0.3922
351,0.3984
352,0.4287
353,0.4333
354,0.4222
355,0.4231
356,0.4343
357,0.4099
358,0.4104
359,0.3971
360,0.3644
361,0.3577
362,0.3552
363,0.3588
364,0.3727
365,0.3808
366,0.3893
367,0.3934
368,0.3834
369,0.3667
370,0.4172
371,0.4811
372,0.4842
373,0.4761
374,0.4789
375,0.5073
376,0.5425
377,0.5697
378,0.6123
379,0.6257
380,0.6253
381,0.6034
382,0.5757
383,0.5103
384,0.4259
385,0.3485
386,0.2975
387,0.2684
388,0.2498
389,0.2465
390,0.2659
391,0.323
392,0.397
393,0.4512
394,0.4671
395,0.5438
396,0.5834
397,0.5876
398,0.5669
399,0.5591
400,0.5485
401,0.5201
402,0.4816
403,0.4474
404,0.3812
405,0.3541
406,0.3098
407,0.2548
408,0.1933
409,0.1381
410,0.0811
411,0.0367
412,0.0143
413,0.0073
414,0.0076
415,0.0169
416,0.0308
417,0.032
418,0.0296
419,0.0331
420,0.0372
421,0.0401
422,0.0469
423,0.0673
424,0.0974
425,0.1291
426,0.1594
427,0.1807
428,0.188
429,0.187
430,0.1861
431,0.1857
432,0.1885
433,0.2003
434,0.2135
435,0.2201
436,0.225
437,0.2287
438,0.229
439,0.2268
440,0.176
441,0.151
442,0.2158
443,0.2356
444,0.2102
445,0.1703
446,0.1358
447,0.1747
448,0.2428
449,0.2803
450,0.2743
451,0.2481
452,0.2195
453,0.202
454,0.1917
455,0.1821
456,0.1698
457,0.1595
458,0.1504
459,0.1401
460,0.1297
461,0.1211
462,0.1113
463,0.1016
464,0.0662
465,0.0427
466,0.0447
467,0.0493
468,0.0556
469,0.0665
470,0.0815
471,0.13
472,0.1805
473,0.1933
474,0.1724
475,0.1361
476,0.099
477,0.0692
478,0.0457
479,0.0267
480,0.0141
481,0.0086
482,0.0059
483,0.0054
484,0.0066
485,0.0078
486,0.0078
487,0.0067
488,0.0059
489,0.0045
490,0.0036
491,0.0036
492,0.0066
493,0.0118
494,0.0226
495,0.0362
496,0.05
497,0.0709
498,0.1038
499,0.1507
500,0.2077
501,0.2552
502,0.2961
503,0.3326
504,0.3502
505,0.353
506,0.3515
507,0.3534
508,0.3789
509,0.4116
510,0.4494
511,0.4802
512,0.4945
513,0.5037
514,0.5193
515,0.4965
516,0.4365
517,0.3598
518,0.2982
519,0.2661
520,0.2514
521,0.2626
522,0.2498
523,0.2418
524,0.234
525,0.234
526,0.2385
527,0.2503
528,0.2603
529,0.2682
530,0.2608
531,0.2371
532,0.2056
533,0.1784
534,0.1554
535,0.1317
536,0.0981
537,0.0679
538,0.0664
539,0.0947
540,0.1218
541,0.1333
542,0.1245
543,0.1333
544,0.1635
545,0.1589
546,0.14
547,0.1184
548,0.0923
549,0.0678
550,0.0471
551,0.0342
552,0.0325
553,0.0367
554,0.0367
555,0.031
556,0.0269
557,0.0233
558,0.0162
559,0.0081
560,0.0048
561,0.0064
562,0.0085
563,0.0137
564,0.0242
565,0.0363
566,0.0425
567,0.0478
568,0.0559
569,0.0582
570,0.0553
571,0.0577
572,0.0661
573,0.0643
574,0.0561
575,0.049
576,0.044
577,0.0439
578,0.0497
579,0.052
580,0.0538
581,0.0633
582,0.0842
583,0.1122
584,0.111
585,0.1117
586,0.1552
587,0.227
588,0.3046
589,0.3375
590,0.375
591,0.4008
592,0.4143
593,0.4169
594,0.4253
595,0.4193
596,0.4189
597,0.4179
598,0.4075
599,0.3946
600,0.3902
601,0.3807
602,0.3806
603,0.3826
604,0.3945
605,0.4206
606,0.4459
607,0.4457
608,0.44
609,0.4222
610,0.3961
611,0.4067
612,0.4187
613,0.4548
614,0.5401
615,0.5951
616,0.6264
617,0.6527
618,0.6876
619,0.7257
620,0.7448
621,0.7648
622,0.7602
623,0.7454
624,0.7594
625,0.7395
626,0.7382
627,0.7166
628,0.6989
629,0.6724
630,0.5843
631,0.5181
632,0.4375
633,0.3888
634,0.397
635,0.3977
636,0.426
637,0.488
638,0.5186
639,0.5131
640,0.4931
641,0.5202
642,0.5482
643,0.5859
644,0.6162
645,0.6673
646,0.7045
647,0.741
648,0.7761
649,0.7915
650,0.7887
651,0.7761
652,0.7644
653,0.7533
654,0.7347
655,0.7098
656,0.6689
657,0.6315
658,0.6311
659,0.6466
660,0.6191
661,0.5911
662,0.5664
663,0.5229
664,0.4627
665,0.4301
666,0.3974
667,0.3632
668,0.3346
669,0.3113
670,0.2855
671,0.2602
672,0.2255
673,0.1969
674,0.1729
675,0.1679
676,0.1782
677,0.1918
678,0.2031
679,0.2024
680,0.1609
681,0.1529
682,0.2238
683,0.2692
684,0.2917
685,0.3054
686,0.2796
687,0.274
688,0.3168
689,0.3145
690,0.3002
691,0.2875
692,0.2798
693,0.2642
694,0.2504
695,0.2377
696,0.2165
697,0.186
698,0.1475
699,0.1211
700,0.1097
701,0.0993
702,0.0806
703,0.0638
704,0.0544
705,0.0527
706,0.073
707,0.1192
708,0.1572
709,0.1616
710,0.1584
711,0.189
712,0.2315
713,0.2225
714,0.1957
715,0.1701
716,0.1465
717,0.1361
718,0.1267
719,0.1133
720,0.0931
721,0.0709
722,0.0476
723,0.03
724,0.022
725,0.0195
726,0.0203
727,0.0211
728,0.0198
729,0.0237
730,0.0323
731,0.044
732,0.0606
733,0.0814
734,0.1008
735,0.1347
736,0.2509
737,0.3372
738,0.374
739,0.3968
740,0.4095
741,0.4053
742,0.4022
743,0.3954
744,0.3764
745,0.3322
746,0.2847
747,0.2552
748,0.2466
749,0.2195
750,0.1776
751,0.1559
752,0.1382
753,0.1339
754,0.1443
755,0.1602
756,0.1568
757,0.135
758,0.114
759,0.1183
760,0.1193
761,0.1102
762,0.102
763,0.0978
764,0.0859
765,0.0639
766,0.0476
767,0.0434
768,0.0428
769,0.0489
770,0.0615
771,0.0692
772,0.0733
773,0.0854
774,0.1006
775,0.1049
776,0.0919
777,0.0893
778,0.0998
779,0.1177
780,0.1329
781,0.1442
782,0.1562
783,0.1714
784,0.2004
785,0.2037
786,0.1875
787,0.1746
788,0.1614
789,0.1596
790,0.1651
791,0.178
792,0.1998
793,0.2155
794,0.2259
795,0.2291
796,0.2266
797,0.2297
798,0.2181
799,0.1993
800,0.1555
801,0.1319
802,0.163
803,0.1675
804,0.1682
805,0.158
806,0.1216
807,0.1132
808,0.1053
809,0.1051
810,0.1283
811,0.1739
812,0.2254
813,0.2538
814,0.258
815,0.2674
816,0.2884
817,0.3061
818,0.3198
819,0.3193
820,0.3188
821,0.3288
822,0.3515
823,0.3974
824,0.4376
825,0.4679
826,0.513
827,0.5504
828,0.5582
829,0.558
830,0.5612
831,0.5717
832,0.629
833,0.6053
834,0.5874
835,0.5685
836,0.5387
837,0.4927
838,0.4378
839,0.3793
840,0.3318
841,0.293
842,0.2618
843,0.235
844,0.2105
845,0.193
846,0.185
847,0.1711
848,0.127
849,0.0946
850,0.0906
851,0.0894
852,0.0842
853,0.0747
854,0.0731
855,0.1087
856,0.2032
857,0.3192
858,0.3883
859,0.4156
860,0.4277
861,0.4206
862,0.4099
863,0.4018
864,0.4025
865,0.4054
866,0.3993
867,0.3886
868,0.3872
869,0.3883
870,0.4002
871,0.3935
872,0.3586
873,0.3491
874,0.3768
875,0.3725
876,0.3528
877,0.3416
878,0.32
879,0.342
880,0.3676
881,0.3623
882,0.3689
883,0.395
884,0.4274
885,0.471
886,0.5012
887,0.5318
888,0.5773
889,0.6088
890,0.6236
891,0.6636
892,0.6675
893,0.7141
894,0.7284
895,0.721
896,0.697
897,0.6818
898,0.7325
899,0.7734
900,0.7914
901,0.7878
902,0.7602
903,0.7394
904,0.7322
905,0.6922
906,0.6263
907,0.5755
908,0.5305
909,0.4962
910,0.4605
911,0.428
912,0.4179
913,0.3885
914,0.3839
915,0.3927
916,0.421
917,0.4668
918,0.5164
919,0.553
920,0.5748
921,0.6614
922,0.7475
923,0.7905
924,0.8181
925,0.8399
926,0.8597
927,0.8768
928,0.8917
929,0.9061
930,0.9163
931,0.9214
932,0.9218
933,0.9237
934,0.9116
935,0.8791
936,0.8435
937,0.8269
938,0.8498
939,0.8682
940,0.8678
941,0.8513
942,0.8479
943,0.8544
944,0.8637
945,0.8807
946,0.8947
947,0.8979
948,0.8928
949,0.8845
950,0.866
951,0.8364
952,0.8029
953,0.7701
954,0.7406
955,0.6858
956,0.5865
957,0.5313
958,0.5131
959,0.4674
960,0.4002
961,0.4497
962,0.598
963,0.7554
964,0.8202
965,0.8358
966,0.81
967,0.7692
968,0.7141
969,0.668
970,0.6482
971,0.6396
972,0.6139
973,0.5863
974,0.545
975,0.6048
976,0.7259
977,0.7832
978,0.7865
979,0.7848
980,0.7725
981,0.7417
982,0.6833
983,0.6058
984,0.4995
985,0.4353
986,0.3748
987,0.3303
988,0.2709
989,0.2348
990,0.2087
991,0.1854
992,0.1606
993,0.1878
994,0.229
995,0.2535
996,0.2715
997,0.2767
998,0.2356
999,0.1782
1000,0.2207
1001,0.2671
1002,0.2254
1003,0.156
1004,0.0958
1005,0.0641
1006,0.061
1007,0.0662
1008,0.0681
1009,0.0669
1010,0.0744
1011,0.0776
1012,0.0714
1013,0.0695
1014,0.0778
1015,0.0824
1016,0.082
1017,0.0894
1018,0.1095
1019,0.1366
1020,0.1559
1021,0.1586
1022,0.1457
1023,0.1451
1024,0.2186
1025,0.3015
1026,0.335
1027,0.331
1028,0.3199
1029,0.3056
1030,0.2928
1031,0.2835
1032,0.2728
1033,0.2656
1034,0.261
1035,0.2606
1036,0.2588
1037,0.252
1038,0.2198
1039,0.1632
1040,0.1115
1041,0.1196
1042,0.1318
1043,0.1275
1044,0.1131
1045,0.0983
1046,0.0884
1047,0.0928
1048,0.136
1049,0.1867
1050,0.2282
1051,0.2547
1052,0.267
1053,0.2686
1054,0.2712
1055,0.2726
1056,0.2693
1057,0.264
1058,0.2569
1059,0.2559
1060,0.2588
1061,0.2641
1062,0.2718
1063,0.2334
1064,0.1197
1065,0.0599
1066,0.052
1067,0.0595
1068,0.0672
1069,0.0732
1070,0.0752
1071,0.095
1072,0.1514
1073,0.2213
1074,0.2881
1075,0.338
1076,0.3674
1077,0.3839
1078,0.3905
1079,0.3908
1080,0.3904
1081,0.3938
1082,0.3947
1083,0.3831
1084,0.3714
1085,0.369
1086,0.3729
1087,0.3267
1088,0.1846
1089,0.1082
1090,0.1022
1091,0.1464
1092,0.1495
1093,0.1408
1094,0.1239
1095,0.1629
1096,0.264
1097,0.3788
1098,0.453
1099,0.4808
1100,0.4819
1101,0.4704
1102,0.4557
1103,0.4424
1104,0.4318
1105,0.4189
1106,0.3994
1107,0.3821
1108,0.3633
1109,0.3357
1110,0.3007
1111,0.2438
1112,0.1512
1113,0.1126
1114,0.1267
1115,0.1163
1116,0.1079
1117,0.0942
1118,0.0805
1119,0.0941
1120,0.1409
1121,0.2024
1122,0.2666
1123,0.3174
1124,0.3471
1125,0.3577
1126,0.357
1127,0.3505
1128,0.345
1129,0.3485
1130,0.3626
1131,0.3797
1132,0.3903
1133,0.3886
1134,0.3886
1135,0.3471
1136,0.2505
1137,0.2237
1138,0.3126
1139,0.3366
1140,0.3614
1141,0.3507
1142,0.3099
1143,0.3528
1144,0.4522
1145,0.5171
1146,0.5186
1147,0.5038
1148,0.4832
1149,0.463
1150,0.4391
1151,0.4167
1152,0.4021
1153,0.3968
1154,0.3917
1155,0.3807
1156,0.363
1157,0.3372
1158,0.3073
1159,0.2364
1160,0.1534
1161,0.1364
1162,0.1529
1163,0.1705
1164,0.1882
1165,0.1951
1166,0.1945
1167,0.2012
1168,0.265
1169,0.3352
1170,0.3632
1171,0.3573
1172,0.3395
1173,0.3164
1174,0.2807
1175,0.2448
1176,0.2123
1177,0.1939
1178,0.187
1179,0.1823
1180,0.1779
1181,0.1784
1182,0.1797
1183,0.1973
1184,0.2377
1185,0.2827
1186,0.3048
1187,0.3145
1188,0.3233
1189,0.3257
1190,0.3086
1191,0.2568
1192,0.2419
1193,0.2493
1194,0.2509
1195,0.2475
1196,0.2381
1197,0.2409
1198,0.2462
1199,0.2444
1200,0.2399
1201,0.2387
1202,0.2367
1203,0.2343
1204,0.2255
1205,0.1966
1206,0.1644
1207,0.1455
1208,0.1401
1209,0.1503
1210,0.1698
1211,0.1721
1212,0.1806
1213,0.1962
1214,0.1993
1215,0.1689
1216,0.1718
1217,0.2052
1218,0.2487
1219,0.2883
1220,0.3173
1221,0.3417
1222,0.3514
1223,0.3303
1224,0.2906
1225,0.2469
1226,0.217
1227,0.2041
1228,0.1899
1229,0.1765
1230,0.1655
1231,0.1425
1232,0.1277
1233,0.1472
1234,0.1831
1235,0.1864
1236,0.1923
1237,0.199
1238,0.1975
1239,0.1841
1240,0.2019
1241,0.2211
1242,0.2117
1243,0.1849
1244,0.1548
1245,0.1394
1246,0.1416
1247,0.1386
1248,0.1155
1249,0.0838
1250,0.0585
1251,0.0396
1252,0.0259
1253,0.0165
1254,0.0112
1255,0.0064
1256,0.0039
1257,0.004
1258,0.0105
1259,0.0211
1260,0.0352
1261,0.0444
1262,0.0531
1263,0.0634
1264,0.0923
1265,0.1331
1266,0.1662
1267,0.1915
1268,0.2187
1269,0.2555
1270,0.2908
1271,0.3103
1272,0.3105
1273,0.2933
1274,0.2682
1275,0.2407
1276,0.2267
1277,0.2205
1278,0.212
1279,0.1466
1280,0.0779
1281,0.1019
1282,0.1044
1283,0.0922
1284,0.0874
1285,0.0875
1286,0.0959
1287,0.1136
1288,0.1939
1289,0.3121
1290,0.3726
1291,0.3754
1292,0.355
1293,0.3202
1294,0.2848
1295,0.2516
1296,0.2243
1297,0.2055
1298,0.195
1299,0.2045
1300,0.2152
1301,0.2086
1302,0.1846
1303,0.1132
1304,0.0454
1305,0.0292
1306,0.0381
1307,0.0276
1308,0.0166
1309,0.0094
1310,0.0086
1311,0.0155
1312,0.0391
1313,0.0815
1314,0.1281
1315,0.1584
1316,0.1713
1317,0.1801
1318,0.1857
1319,0.1834
1320,0.178
1321,0.1699
1322,0.1613
1323,0.156
1324,0.152
1325,0.1451
1326,0.1396
1327,0.1226
1328,0.0543
1329,0.0144
1330,0.0113
1331,0.0213
1332,0.0273
1333,0.0298
1334,0.0256
1335,0.0214
1336,0.0283
1337,0.0525
1338,0.0924
1339,0.1365
1340,0.1722
1341,0.1988
1342,0.2248
1343,0.2524
1344,0.2775
1345,0.2889
1346,0.2778
1347,0.2453
1348,0.2011
1349,0.1547
1350,0.1214
1351,0.0936
1352,0.0397
1353,0.0138
1354,0.0103
1355,0.0218
1356,0.0284
1357,0.0301
1358,0.029
1359,0.0311
1360,0.0431
1361,0.0644
1362,0.0939
1363,0.1288
1364,0.1639
1365,0.1903
1366,0.2136
1367,0.2395
1368,0.2709
1369,0.3107
1370,0.3483
1371,0.369
1372,0.3717
1373,0.3628
1374,0.3426
1375,0.2337
1376,0.1054
1377,0.0645
1378,0.0701
1379,0.0677
1380,0.0664
1381,0.066
1382,0.0662
1383,0.0746
1384,0.099
1385,0.118
1386,0.1303
1387,0.1361
1388,0.1376
1389,0.1444
1390,0.1563
1391,0.1664
1392,0.1709
1393,0.1733
1394,0.182
1395,0.1832
1396,0.1883
1397,0.2109
1398,0.2332
1399,0.1936
1400,0.1744
1401,0.2703
1402,0.4205
1403,0.5496
1404,0.6289
1405,0.6539
1406,0.6277
1407,0.529
1408,0.503
1409,0.5344
1410,0.5326
1411,0.5043
1412,0.4765
1413,0.4129
1414,0.3712
1415,0.3278
1416,0.2948
1417,0.2753
1418,0.2684
1419,0.2599
1420,0.2599
1421,0.2525
1422,0.2547
1423,0.2399
1424,0.2343
1425,0.2264
1426,0.2049
1427,0.1773
1428,0.1609
1429,0.1584
1430,0.1594
1431,0.1315
1432,0.0971
1433,0.0888
1434,0.0753
1435,0.0572
1436,0.0449
1437,0.0491
1438,0.0785
1439,0.119
1440,0.1484
1441,0.1691
1442,0.1903
1443,0.1913
1444,0.1897
1445,0.1959
1446,0.2059
1447,0.2206
1448,0.2143
1449,0.2807
1450,0.3269
1451,0.3282
1452,0.3381
1453,0.3678
1454,0.3988
1455,0.4338
1456,0.4675
1457,0.5158
1458,0.5115
1459,0.5071
1460,0.5147
1461,0.5299
1462,0.5731
1463,0.5986
1464,0.5969
1465,0.5944
1466,0.6179
1467,0.6464
1468,0.6583
1469,0.6918
1470,0.7057
1471,0.7454
1472,0.7772
1473,0.7881
1474,0.7816
1475,0.7806
1476,0.7968
1477,0.8113
1478,0.7926
1479,0.7707
1480,0.7973
1481,0.8455
1482,0.8835
1483,0.9039
1484,0.924
1485,0.9266
1486,0.9122
1487,0.905
1488,0.9004
1489,0.8982
1490,0.8842
1491,0.8772
1492,0.8858
1493,0.9051
1494,0.9162
1495,0.8978
1496,0.8632
1497,0.8046
1498,0.758
1499,0.7507
1500,0.7483
1501,0.764
1502,0.7747
1503,0.746
1504,0.704
1505,0.7169
1506,0.7608
1507,0.7896
1508,0.778
1509,0.7587
1510,0.719
1511,0.6599
1512,0.6302
1513,0.6129
1514,0.6097
1515,0.604
1516,0.546
1517,0.4886
1518,0.4354
1519,0.3774
1520,0.3991
1521,0.3998
1522,0.4044
1523,0.4154
1524,0.4283
1525,0.4168
1526,0.379
1527,0.31
1528,0.2774
1529,0.3143
1530,0.3279
1531,0.3107
1532,0.3218
1533,0.3312
1534,0.3373
1535,0.3375
1536,0.3582
1537,0.3912
1538,0.4092
1539,0.4195
1540,0.4836
1541,0.585
1542,0.6775
1543,0.6899
1544,0.6644
1545,0.6589
1546,0.646
1547,0.6131
1548,0.6156
1549,0.6448
1550,0.6892
1551,0.7075
1552,0.6894
1553,0.6536
1554,0.6209
1555,0.5964
1556,0.5834
1557,0.5981
1558,0.6136
1559,0.5738
1560,0.4899
1561,0.4095
1562,0.4035
1563,0.5034
1564,0.6016
1565,0.6878
1566,0.7072
1567,0.6809
1568,0.6958
1569,0.7771
1570,0.8169
1571,0.8495
1572,0.8746
1573,0.8873
1574,0.8887
1575,0.8767
1576,0.872
1577,0.874
1578,0.8787
1579,0.8841
1580,0.8864
1581,0.8847
1582,0.8648
1583,0.8162
1584,0.7374
1585,0.6331
1586,0.5265
1587,0.4347
1588,0.3636
1589,0.2942
1590,0.2373
1591,0.1798
1592,0.2086
1593,0.2135
1594,0.2131
1595,0.2158
1596,0.2519
1597,0.3374
1598,0.4232
1599,0.4067
1600,0.3876
1601,0.4141
1602,0.4266
1603,0.4469
1604,0.507
1605,0.6124
1606,0.7366
1607,0.8041
1608,0.8381
1609,0.8184
1610,0.7383
1611,0.6734
1612,0.6095
1613,0.5654
1614,0.5212
1615,0.5384
1616,0.6012
1617,0.6221
1618,0.7024
1619,0.8019
1620,0.8789
1621,0.9085
1622,0.9121
1623,0.8996
1624,0.8601
1625,0.778
1626,0.6917
1627,0.6068
1628,0.4896
1629,0.4183
1630,0.3311
1631,0.2529
1632,0.2058
1633,0.1574
1634,0.1271
1635,0.1468
1636,0.2452
1637,0.4476
1638,0.6469
1639,0.8074
1640,0.9137
1641,0.965
1642,0.9764
1643,0.9728
1644,0.9678
1645,0.964
1646,0.96
1647,0.9576
1648,0.9495
1649,0.9039
1650,0.8546
1651,0.809
1652,0.756
1653,0.716
1654,0.686
1655,0.6561
1656,0.6695
1657,0.7038
1658,0.7464
1659,0.7471
1660,0.7414
1661,0.7428
1662,0.7482
1663,0.7517
1664,0.7662
1665,0.8006
1666,0.8061
1667,0.7828
1668,0.7657
1669,0.7565
1670,0.7354
1671,0.6733
1672,0.5387
1673,0.4588
1674,0.4154
1675,0.3598
1676,0.3124
1677,0.3263
1678,0.3567
1679,0.3421
1680,0.3255
1681,0.3318
1682,0.3511
1683,0.3779
1684,0.4321
1685,0.4762
1686,0.5125
1687,0.5332
1688,0.6359
1689,0.8152
1690,0.8668
1691,0.9034
1692,0.9155
1693,0.9204
1694,0.9232
1695,0.927
1696,0.9361
1697,0.9186
1698,0.8883
1699,0.8357
1700,0.7744
1701,0.7317
1702,0.7319
1703,0.751
1704,0.801
1705,0.824
1706,0.8379
1707,0.8387
1708,0.8374
1709,0.833
1710,0.8313
1711,0.84
1712,0.8504
1713,0.8666
1714,0.8794
1715,0.8825
1716,0.8703
1717,0.8477
1718,0.8161
1719,0.7877
1720,0.7579
1721,0.7426
1722,0.7136
1723,0.6696
1724,0.6176
1725,0.5836
1726,0.5414
1727,0.482
1728,0.4463
1729,0.413
1730,0.4205
1731,0.4209
1732,0.4568
1733,0.528
1734,0.6163
1735,0.7299
1736,0.8304
1737,0.8974
1738,0.9304
1739,0.9343
1740,0.9277
1741,0.9164
1742,0.8947
1743,0.8635
1744,0.8005
1745,0.7124
1746,0.6315
1747,0.5606
1748,0.5265
1749,0.4701
1750,0.4273
1751,0.4116
1752,0.3977
1753,0.379
1754,0.3365
1755,0.2932
1756,0.3504
1757,0.4838
1758,0.6366
1759,0.7559
1760,0.8124
1761,0.8521
1762,0.8796
1763,0.8838
1764,0.8878
1765,0.885
1766,0.8867
1767,0.8847
1768,0.868
1769,0.8401
1770,0.8041
1771,0.7459
1772,0.6986
1773,0.6556
1774,0.5971
1775,0.5804
1776,0.5499
1777,0.5009
1778,0.4819
1779,0.5099
1780,0.5979
1781,0.7129
1782,0.7894
1783,0.8019
1784,0.8251
1785,0.8864
1786,0.9087
1787,0.9167
1788,0.9185
1789,0.9119
1790,0.8985
1791,0.8815
1792,0.8526
1793,0.8297
1794,0.8125
1795,0.8053
1796,0.8108
1797,0.8208
1798,0.833
1799,0.844
1800,0.85
1801,0.8518
1802,0.8445
1803,0.8147
1804,0.7412
1805,0.611
1806,0.4667
1807,0.4014
1808,0.4691
1809,0.5275
1810,0.5801
1811,0.6184
1812,0.6408
1813,0.6488
1814,0.6297
1815,0.5564
1816,0.4486
1817,0.3788
1818,0.3672
1819,0.3933
1820,0.4047
1821,0.3594
1822,0.332
1823,0.3153
1824,0.2835
1825,0.2427
1826,0.2192
1827,0.2038
1828,0.1777
1829,0.1579
1830,0.133
1831,0.1199
1832,0.1402
1833,0.1445
1834,0.1493
1835,0.1597
1836,0.1749
1837,0.1826
1838,0.1736
1839,0.1479
1840,0.1067
1841,0.0874
1842,0.0648
1843,0.0385
1844,0.0189
1845,0.0093
1846,0.0066
1847,0.0079
1848,0.0112
1849,0.0152
1850,0.0193
1851,0.023
1852,0.0284
1853,0.0401
1854,0.0561
1855,0.0429
1856,0.0272
1857,0.0284
1858,0.0333
1859,0.0376
1860,0.0409
1861,0.0409
1862,0.038
1863,0.0356
1864,0.0346
1865,0.0373
1866,0.0406
1867,0.0503
1868,0.0674
1869,0.0871
1870,0.109
1871,0.1281
1872,0.1358
1873,0.1381
1874,0.1448
1875,0.1495
1876,0.1522
1877,0.1521
1878,0.1361
1879,0.0799
1880,0.0575
1881,0.0634
1882,0.0695
1883,0.0707
1884,0.0648
1885,0.0556
1886,0.0458
1887,0.0361
1888,0.0292
1889,0.0275
1890,0.0251
1891,0.0245
1892,0.0253
1893,0.027
1894,0.0281
1895,0.027
1896,0.0247
1897,0.0237
1898,0.0243
1899,0.027
1900,0.0328
1901,0.0374
1902,0.0348
1903,0.0187
1904,0.0104
1905,0.0131
1906,0.012
1907,0.0083
1908,0.0061
1909,0.0053
1910,0.0065
1911,0.0106
1912,0.0219
1913,0.0578
1914,0.107
1915,0.1517
1916,0.1785
1917,0.1804
1918,0.1621
1919,0.1293
1920,0.0969
1921,0.0749
1922,0.0676
1923,0.0701
1924,0.0767
1925,0.0886
1926,0.0949
1927,0.053
1928,0.0232
1929,0.0425
1930,0.0553
1931,0.0573
1932,0.0583
1933,0.0609
1934,0.0643
1935,0.0652
1936,0.0689
1937,0.0892
1938,0.1097
1939,0.1299
1940,0.1424
1941,0.1376
1942,0.1075
1943,0.0653
1944,0.0345
1945,0.0242
1946,0.0276
1947,0.0333
1948,0.0325
1949,0.0331
1950,0.0327
1951,0.0265
1952,0.0217
1953,0.0204
1954,0.0263
1955,0.0353
1956,0.0483
1957,0.0687
1958,0.0949
1959,0.1194
1960,0.1313
1961,0.16
1962,0.2078
1963,0.2287
1964,0.2295
1965,0.2127
1966,0.2024
1967,0.1864
1968,0.1662
1969,0.146
1970,0.1272
1971,0.1141
1972,0.0957
1973,0.0758
1974,0.0516
1975,0.0335
1976,0.0247
1977,0.0303
1978,0.0526
1979,0.0848
1980,0.1154
1981,0.1274
1982,0.1227
1983,0.1204
1984,0.1205
1985,0.1496
1986,0.1847
1987,0.1836
1988,0.1741
1989,0.1927
1990,0.25
1991,0.3156
1992,0.3814
1993,0.403
1994,0.4086
1995,0.4223
1996,0.4383
1997,0.4074
1998,0.3578
1999,0.4989
2000,0.6633
2001,0.7135
2002,0.7316
2003,0.7318
2004,0.7265
2005,0.7296
2006,0.7336
2007,0.7116
2008,0.6108
2009,0.4987
2010,0.4706
2011,0.4482
2012,0.3989
2013,0.3455
2014,0.3121
2015,0.2652
2016,0.2284
2017,0.1918
2018,0.1708
2019,0.1589
2020,0.1467
2021,0.1341
2022,0.0945
2023,0.0905
2024,0.088
2025,0.0721
2026,0.0657
2027,0.0742
2028,0.0945
2029,0.1153
2030,0.1269
2031,0.1316
2032,0.1304
2033,0.1415
2034,0.1612
2035,0.1468
2036,0.1213
2037,0.0942
2038,0.0692
2039,0.0518
2040,0.0426
2041,0.0339
2042,0.0231
2043,0.0149
2044,0.0102
2045,0.0076
2046,0.0049
2047,0.0037
2048,0.0093
2049,0.0113
2050,0.0112
2051,0.0124
2052,0.015
2053,0.0196
2054,0.025
2055,0.0318
2056,0.044
2057,0.0728
2058,0.112
2059,0.1325
2060,0.1312
2061,0.1137
2062,0.0908
2063,0.0699
2064,0.0533
2065,0.041
2066,0.0335
2067,0.0314
2068,0.032
2069,0.0329
2070,0.0252
2071,0.0187
2072,0.0232
2073,0.0174
2074,0.0128
2075,0.0105
2076,0.0098
2077,0.0114
2078,0.0157
2079,0.0226
2080,0.0338
2081,0.0692
2082,0.1284
2083,0.1763
2084,0.1978
2085,0.197
2086,0.1872
2087,0.1763
2088,0.1648
2089,0.1533
2090,0.1423
2091,0.1379
2092,0.1368
2093,0.1302
2094,0.082
2095,0.0291
2096,0.0229
2097,0.0225
2098,0.0284
2099,0.0396
2100,0.052
2101,0.0648
2102,0.0768
2103,0.0824
2104,0.0748
2105,0.0824
2106,0.1039
2107,0.1328
2108,0.1648
2109,0.2049
2110,0.2442
2111,0.2698
2112,0.2831
2113,0.2807
2114,0.2704
2115,0.2574
2116,0.2505
2117,0.2447
2118,0.1735
2119,0.0904
2120,0.076
2121,0.1042
2122,0.1057
2123,0.1056
2124,0.1064
2125,0.1025
2126,0.0905
2127,0.0709
2128,0.0481
2129,0.0402
2130,0.0445
2131,0.0596
2132,0.0832
2133,0.1033
2134,0.1138
2135,0.1198
2136,0.1199
2137,0.1189
2138,0.1184
2139,0.1162
2140,0.1234
2141,0.1431
2142,0.1583
2143,0.1794
2144,0.2423
2145,0.2816
2146,0.2923
2147,0.2927
2148,0.2853
2149,0.2754
2150,0.275
2151,0.2966
2152,0.3171
2153,0.3502
2154,0.4018
2155,0.409
2156,0.4234
2157,0.3982
2158,0.3742
2159,0.3566
2160,0.3484
2161,0.3375
2162,0.3071
2163,0.2793
2164,0.2516
2165,0.224
2166,0.1698
2167,0.1472
2168,0.1274
2169,0.1245
2170,0.1155
2171,0.0965
2172,0.0775
2173,0.0633
2174,0.0558
2175,0.057
2176,0.0689
2177,0.1222
2178,0.1984
2179,0.2576
2180,0.2909
2181,0.3246
2182,0.3649
2183,0.3952
2184,0.4086
2185,0.4044
2186,0.3827
2187,0.3485
2188,0.3185
2189,0.2957
2190,0.2403
2191,0.209
2192,0.2109
2193,0.2524
2194,0.3282
2195,0.3966
2196,0.4476
2197,0.4947
2198,0.5264
2199,0.4608
2200,0.4146
2201,0.3985
2202,0.3289
2203,0.252
2204,0.1911
2205,0.1635
2206,0.1548
2207,0.1439
2208,0.1306
2209,0.1112
2210,0.0927
2211,0.0759
2212,0.0716
2213,0.0739
2214,0.0792
2215,0.1023
2216,0.1539
2217,0.1957
2218,0.2011
2219,0.196
2220,0.1979
2221,0.2025
2222,0.1971
2223,0.1785
2224,0.1329
2225,0.1105
2226,0.1275
2227,0.157
2228,0.1952
2229,0.1899
2230,0.1565
2231,0.1496
2232,0.1223
2233,0.1092
2234,0.0818
2235,0.0728
2236,0.0639
2237,0.0527
2238,0.0462
2239,0.0366
2240,0.027
2241,0.022
2242,0.0232
2243,0.0285
2244,0.0314
2245,0.0332
2246,0.0341
2247,0.0368
2248,0.0424
2249,0.0597
2250,0.0961
2251,0.1387
2252,0.1768
2253,0.1802
2254,0.1736
2255,0.1624
2256,0.1571
2257,0.1519
2258,0.1389
2259,0.1279
2260,0.1236
2261,0.1214
2262,0.076
2263,0.0305
2264,0.0601
2265,0.0871
2266,0.0952
2267,0.101
2268,0.1069
2269,0.1069
2270,0.1036
2271,0.1073
2272,0.1212
2273,0.1611
2274,0.2227
2275,0.2256
2276,0.1901
2277,0.1653
2278,0.1507
2279,0.1415
2280,0.1383
2281,0.1244
2282,0.1032
2283,0.0845
2284,0.0725
2285,0.0644
2286,0.0428
2287,0.0391
2288,0.054
2289,0.0675
2290,0.0673
2291,0.0601
2292,0.0518
2293,0.0409
2294,0.0312
2295,0.0351
2296,0.0567
2297,0.0864
2298,0.1058
2299,0.1098
2300,0.1033
2301,0.0954
2302,0.0859
2303,0.0719
2304,0.0586
2305,0.0503
2306,0.0463
2307,0.0415
2308,0.0373
2309,0.0367
2310,0.0266
2311,0.0165
2312,0.0184
2313,0.0286
2314,0.0398
2315,0.0459
2316,0.0462
2317,0.0429
2318,0.0386
2319,0.0366
2320,0.0409
2321,0.0629
2322,0.0877
2323,0.0932
2324,0.0877
2325,0.0785
2326,0.0693
2327,0.0626
2328,0.0589
2329,0.0566
2330,0.0529
2331,0.0467
2332,0.0426
2333,0.0423
2334,0.0335
2335,0.029
2336,0.0266
2337,0.0196
2338,0.0123
2339,0.0087
2340,0.0064
2341,0.0047
2342,0.0036
2343,0.003
2344,0.0057
2345,0.0195
2346,0.0406
2347,0.0553
2348,0.0613
2349,0.0557
2350,0.0466
2351,0.0401
2352,0.0354
2353,0.0316
2354,0.0308
2355,0.0372
2356,0.0482
2357,0.06
2358,0.0541
2359,0.0597
2360,0.0729
2361,0.0874
2362,0.102
2363,0.1156
2364,0.1291
2365,0.14
2366,0.1417
2367,0.1284
2368,0.1201
2369,0.1579
2370,0.2183
2371,0.2503
2372,0.272
2373,0.256
2374,0.2596
2375,0.2785
2376,0.2781
2377,0.2854
2378,0.2848
2379,0.2743
2380,0.2609
2381,0.2503
2382,0.2759
2383,0.3196
2384,0.3558
2385,0.3868
2386,0.3757
2387,0.3484
2388,0.3368
2389,0.3439
2390,0.3674
2391,0.4026
2392,0.4232
2393,0.4129
2394,0.4648
2395,0.4748
2396,0.4299
2397,0.4098
2398,0.3815
2399,0.3456
2400,0.321
2401,0.3016
2402,0.2876
2403,0.2746
2404,0.249
2405,0.2008
2406,0.1354
2407,0.1377
2408,0.1731
2409,0.1528
2410,0.1367
2411,0.1422
2412,0.1573
2413,0.1738
2414,0.1895
2415,0.2113
2416,0.2284
2417,0.2487
2418,0.345
2419,0.3862
2420,0.3605
2421,0.322
2422,0.2944
2423,0.2705
2424,0.2484
2425,0.2349
2426,0.2209
2427,0.2031
2428,0.1881
2429,0.1674
2430,0.0895
2431,0.1412
2432,0.2106
2433,0.1987
2434,0.1752
2435,0.1632
2436,0.1644
2437,0.1749
2438,0.1886
2439,0.2026
2440,0.2135
2441,0.2097
2442,0.243
2443,0.2658
2444,0.2523
2445,0.2332
2446,0.2225
2447,0.206
2448,0.1979
2449,0.1947
2450,0.1919
2451,0.1917
2452,0.1895
2453,0.1637
2454,0.1302
2455,0.1976
2456,0.2348
2457,0.2181
2458,0.1983
2459,0.1921
2460,0.1901
2461,0.1865
2462,0.1853
2463,0.1866
2464,0.1801
2465,0.1529
2466,0.1626
2467,0.1741
2468,0.1696
2469,0.1699
2470,0.1808
2471,0.1805
2472,0.1695
2473,0.1583
2474,0.1465
2475,0.1223
2476,0.0869
2477,0.0563
2478,0.0627
2479,0.0949
2480,0.1277
2481,0.1478
2482,0.1573
2483,0.1623
2484,0.1618
2485,0.1647
2486,0.1718
2487,0.1568
2488,0.1296
2489,0.1335
2490,0.2181
2491,0.3222
2492,0.3673
2493,0.357
2494,0.3346
2495,0.2981
2496,0.2582
2497,0.2247
2498,0.2044
2499,0.1907
2500,0.1637
2501,0.1138
2502,0.0669
2503,0.0867
2504,0.1172
2505,0.1374
2506,0.1677
2507,0.211
2508,0.2511
2509,0.2802
2510,0.3002
2511,0.3135
2512,0.301
2513,0.3164
2514,0.4099
2515,0.4765
2516,0.4939
2517,0.4959
2518,0.4894
2519,0.4627
2520,0.4277
2521,0.3969
2522,0.3741
2523,0.35
2524,0.3318
2525,0.2722
2526,0.1506
2527,0.1185
2528,0.1361
2529,0.1407
2530,0.1518
2531,0.1571
2532,0.1525
2533,0.1452
2534,0.1405
2535,0.1361
2536,0.1223
2537,0.1246
2538,0.1369
2539,0.1377
2540,0.1306
2541,0.1196
2542,0.105
2543,0.0927
2544,0.0793
2545,0.0641
2546,0.05
2547,0.0393
2548,0.0316
2549,0.0267
2550,0.0179
2551,0.021
2552,0.0279
2553,0.0311
2554,0.0309
2555,0.0269
2556,0.0194
2557,0.0131
2558,0.0105
2559,0.0147
2560,0.0254
2561,0.0451
2562,0.1
2563,0.1763
2564,0.2447
2565,0.2927
2566,0.318
2567,0.3196
2568,0.3247
2569,0.3265
2570,0.3252
2571,0.3225
2572,0.32
2573,0.2782
2574,0.1856
2575,0.1451
2576,0.2087
2577,0.28
2578,0.3049
2579,0.2984
2580,0.2788
2581,0.2536
2582,0.2318
2583,0.2231
2584,0.198
2585,0.2375
2586,0.3275
2587,0.3826
2588,0.3823
2589,0.3645
2590,0.3552
2591,0.3496
2592,0.3477
2593,0.3469
2594,0.3444
2595,0.3224
2596,0.2997
2597,0.2529
2598,0.1405
2599,0.0855
2600,0.1004
2601,0.1318
2602,0.1371
2603,0.1261
2604,0.1038
2605,0.0811
2606,0.0665
2607,0.0666
2608,0.0826
2609,0.1269
2610,0.1975
2611,0.2462
2612,0.2526
2613,0.2463
2614,0.2359
2615,0.2192
2616,0.1995
2617,0.1796
2618,0.1592
2619,0.1277
2620,0.0957
2621,0.0771
2622,0.0508
2623,0.0263
2624,0.0273
2625,0.0622
2626,0.0804
2627,0.0786
2628,0.0766
2629,0.0816
2630,0.0967
2631,0.1255
2632,0.1629
2633,0.2617
2634,0.3899
2635,0.4505
2636,0.446
2637,0.4133
2638,0.3666
2639,0.3184
2640,0.2752
2641,0.239
2642,0.2099
2643,0.1805
2644,0.1527
2645,0.1201
2646,0.0628
2647,0.0316
2648,0.0311
2649,0.0516
2650,0.0546
2651,0.0462
2652,0.0385
2653,0.0357
2654,0.0376
2655,0.0455
2656,0.0629
2657,0.1003
2658,0.174
2659,0.2419
2660,0.2733
2661,0.2843
2662,0.2874
2663,0.2901
2664,0.2872
2665,0.2841
2666,0.2858
2667,0.2907
2668,0.3005
2669,0.2807
2670,0.1694
2671,0.1048
2672,0.1135
2673,0.2147
2674,0.2549
2675,0.2536
2676,0.2433
2677,0.237
2678,0.2337
2679,0.2142
2680,0.2155
2681,0.2762
2682,0.3694
2683,0.4547
2684,0.5024
2685,0.5281
2686,0.5285
2687,0.5192
2688,0.5032
2689,0.4708
2690,0.4408
2691,0.3975
2692,0.3715
2693,0.2967
2694,0.1861
2695,0.1811
2696,0.1877
2697,0.1978
2698,0.2109
2699,0.2107
2700,0.1968
2701,0.1762
2702,0.1539
2703,0.1379
2704,0.1087
2705,0.0988
2706,0.1382
2707,0.2031
2708,0.2525
2709,0.2804
2710,0.2911
2711,0.3007
2712,0.3013
2713,0.3109
2714,0.3266
2715,0.3415
2716,0.3665
2717,0.3393
2718,0.2769
2719,0.4356
2720,0.5927
2721,0.6433
2722,0.6973
2723,0.7446
2724,0.7939
2725,0.8021
2726,0.7222
2727,0.5786
2728,0.4073
2729,0.2925
2730,0.2868
2731,0.2664
2732,0.2492
2733,0.2623
2734,0.2884
2735,0.3176
2736,0.3816
2737,0.4075
2738,0.457
2739,0.5229
2740,0.539
2741,0.5187
2742,0.5114
2743,0.6066
2744,0.7008
2745,0.6911
2746,0.6568
2747,0.6452
2748,0.6425
2749,0.6304
2750,0.5691
2751,0.453
2752,0.2848
2753,0.1963
2754,0.1728
2755,0.1338
2756,0.1533
2757,0.1516
2758,0.1311
2759,0.1555
2760,0.175
2761,0.195
2762,0.2063
2763,0.1728
2764,0.15
2765,0.1253
2766,0.1086
2767,0.0905
2768,0.0822
2769,0.0897
2770,0.1065
2771,0.1172
2772,0.1273
2773,0.1439
2774,0.1642
2775,0.1886
2776,0.2068
2777,0.2015
2778,0.2484
2779,0.325
2780,0.353
2781,0.3337
2782,0.3042
2783,0.2906
2784,0.283
2785,0.2876
2786,0.3081
2787,0.3889
2788,0.4532
2789,0.4738
2790,0.5175
2791,0.599
2792,0.6248
2793,0.651
2794,0.682
2795,0.7104
2796,0.7294
2797,0.7399
2798,0.7379
2799,0.7143
2800,0.6373
2801,0.5236
2802,0.4524
2803,0.4211
2804,0.3673
2805,0.3149
2806,0.3123
2807,0.3077
2808,0.2965
2809,0.2685
2810,0.2404
2811,0.2245
2812,0.2146
2813,0.2078
2814,0.2196
2815,0.1998
2816,0.1607
2817,0.1245
2818,0.1002
2819,0.0829
2820,0.067
2821,0.0526
2822,0.0427
2823,0.0391
2824,0.0384
2825,0.032
2826,0.0286
2827,0.0252
2828,0.0195
2829,0.0148
2830,0.0101
2831,0.0059
2832,0.0029
2833,0.0013
2834,0.0005
2835,0.0002
2836,0.0002
2837,0.0004
2838,0.0001
2839,0.0004
2840,0.002
2841,0.0034
2842,0.0059
2843,0.0121
2844,0.0246
2845,0.0439
2846,0.0705
2847,0.0995
2848,0.1266
2849,0.1663
2850,0.2258
2851,0.277
2852,0.2744
2853,0.2464
2854,0.2202
2855,0.2004
2856,0.1697
2857,0.137
2858,0.1133
2859,0.0966
2860,0.0789
2861,0.0555
2862,0.052
2863,0.0571
2864,0.0645
2865,0.0694
2866,0.0721
2867,0.0738
2868,0.074
2869,0.072
2870,0.0695
2871,0.0734
2872,0.0828
2873,0.0976
2874,0.1385
2875,0.1832
2876,0.1863
2877,0.1614
2878,0.1302
2879,0.0982
2880,0.0696
2881,0.0445
2882,0.0252
2883,0.0144
2884,0.009
2885,0.0043
2886,0.001
2887,0.0003
2888,0.0002
2889,0.0001
2890,0.0001
2891,0.0003
2892,0.0023
2893,0.0101
2894,0.0209
2895,0.0325
2896,0.0453
2897,0.0654
2898,0.0994
2899,0.1217
2900,0.1079
2901,0.0812
2902,0.0588
2903,0.046
2904,0.0426
2905,0.0429
2906,0.038
2907,0.0289
2908,0.0256
2909,0.0283
2910,0.0281
2911,0.0308
2912,0.0414
2913,0.0609
2914,0.0915
2915,0.1288
2916,0.1585
2917,0.177
2918,0.1836
2919,0.1803
2920,0.1726
2921,0.1455
2922,0.135
2923,0.1311
2924,0.114
2925,0.1001
2926,0.0962
2927,0.094
2928,0.0878
2929,0.0809
2930,0.077
2931,0.0746
2932,0.0665
2933,0.0458
2934,0.0392
2935,0.0309
2936,0.0301
2937,0.0333
2938,0.0403
2939,0.0517
2940,0.0637
2941,0.0738
2942,0.0812
2943,0.0853
2944,0.0836
2945,0.0683
2946,0.0514
2947,0.0431
2948,0.0399
2949,0.0504
2950,0.0785
2951,0.1092
2952,0.132
2953,0.1424
2954,0.1376
2955,0.1301
2956,0.1227
2957,0.119
2958,0.1331
2959,0.2099
2960,0.277
2961,0.333
2962,0.3919
2963,0.4531
2964,0.5053
2965,0.5456
2966,0.5684
2967,0.5629
2968,0.5305
2969,0.4463
2970,0.3735
2971,0.3544
2972,0.3186
2973,0.2873
2974,0.2684
2975,0.2471
2976,0.2282
2977,0.214
2978,0.2105
2979,0.2062
2980,0.197
2981,0.1604
2982,0.1752
2983,0.2942
2984,0.3448
2985,0.3411
2986,0.3286
2987,0.3204
2988,0.318
2989,0.3195
2990,0.3261
2991,0.3309
2992,0.3283
2993,0.2912
2994,0.2327
2995,0.2317
2996,0.2113
2997,0.1713
2998,0.1322
2999,0.1038
3000,0.0905
3001,0.0897
3002,0.1
3003,0.1182
3004,0.134
3005,0.1107
3006,0.0867
3007,0.1165
3008,0.1563
3009,0.1801
3010,0.2061
3011,0.236
3012,0.2698
3013,0.2925
3014,0.286
3015,0.2594
3016,0.2156
3017,0.1548
3018,0.1247
3019,0.1169
3020,0.099
3021,0.0852
3022,0.0741
3023,0.0651
3024,0.0581
3025,0.0458
3026,0.0296
3027,0.0182
3028,0.017
3029,0.0258
3030,0.0224
3031,0.0233
3032,0.0322
3033,0.041
3034,0.0436
3035,0.0414
3036,0.0381
3037,0.0392
3038,0.0411
3039,0.0389
3040,0.0356
3041,0.0287
3042,0.0368
3043,0.0774
3044,0.1403
3045,0.1997
3046,0.2497
3047,0.2988
3048,0.3196
3049,0.3113
3050,0.2796
3051,0.2497
3052,0.2361
3053,0.2231
3054,0.2167
3055,0.256
3056,0.3281
3057,0.388
3058,0.3887
3059,0.332
3060,0.3329
3061,0.3316
3062,0.3331
3063,0.36
3064,0.3163
3065,0.2438
3066,0.2142
3067,0.2446
3068,0.2985
3069,0.3344
3070,0.3416
3071,0.344
3072,0.3343
3073,0.3295
3074,0.2958
3075,0.2608
3076,0.2154
3077,0.1699
3078,0.1487
3079,0.0856
3080,0.0361
3081,0.017
3082,0.0247
3083,0.06
3084,0.1182
3085,0.1764
3086,0.23
3087,0.2901
3088,0.31
3089,0.264
3090,0.2951
3091,0.3623
3092,0.3761
3093,0.3948
3094,0.3794
3095,0.373
3096,0.3644
3097,0.3075
3098,0.2449
3099,0.1894
3100,0.1374
3101,0.0891
3102,0.0717
3103,0.0633
3104,0.0703
3105,0.0861
3106,0.1007
3107,0.1049
3108,0.0948
3109,0.0758
3110,0.0577
3111,0.0376
3112,0.0177
3113,0.0046
3114,0.0103
3115,0.0512
3116,0.1009
3117,0.13
3118,0.1464
3119,0.1428
3120,0.1366
3121,0.1347
3122,0.1409
3123,0.1529
3124,0.1511
3125,0.1238
3126,0.1184
3127,0.1537
3128,0.2109
3129,0.2652
3130,0.3072
3131,0.3398
3132,0.3691
3133,0.3922
3134,0.4056
3135,0.403
3136,0.3759
3137,0.326
3138,0.2846
3139,0.3235
3140,0.3195
3141,0.2857
3142,0.2665
3143,0.2488
3144,0.2206
3145,0.1867
3146,0.1615
3147,0.1416
3148,0.1278
3149,0.0974
3150,0.1388
3151,0.1593
3152,0.156
3153,0.1523
3154,0.148
3155,0.1489
3156,0.1554
3157,0.1662
3158,0.1916
3159,0.2219
3160,0.2484
3161,0.2817
3162,0.2625
3163,0.3179
3164,0.3519
3165,0.3444
3166,0.333
3167,0.3205
3168,0.2998
3169,0.2746
3170,0.2592
3171,0.232
3172,0.1977
3173,0.0985
3174,0.1124
3175,0.1443
3176,0.1457
3177,0.1495
3178,0.1503
3179,0.1598
3180,0.186
3181,0.2219
3182,0.2544
3183,0.2755
3184,0.2846
3185,0.2593
3186,0.27
3187,0.3664
3188,0.413
3189,0.4062
3190,0.3952
3191,0.359
3192,0.3367
3193,0.312
3194,0.2889
3195,0.2626
3196,0.2187
3197,0.1233
3198,0.1569
3199,0.1768
3200,0.2075
3201,0.2313
3202,0.2407
3203,0.2499
3204,0.2665
3205,0.2587
3206,0.242
3207,0.2394
3208,0.2463
3209,0.228
3210,0.242
3211,0.32
3212,0.353
3213,0.3491
3214,0.3261
3215,0.2934
3216,0.2569
3217,0.2251
3218,0.1857
3219,0.1492
3220,0.1163
3221,0.0569
3222,0.0268
3223,0.069
3224,0.1129
3225,0.1338
3226,0.1487
3227,0.1653
3228,0.1833
3229,0.2006
3230,0.2136
3231,0.2267
3232,0.232
3233,0.2034
3234,0.2024
3235,0.2682
3236,0.3125
3237,0.3334
3238,0.3293
3239,0.3027
3240,0.272
3241,0.2388
3242,0.21
3243,0.1734
3244,0.1327
3245,0.0698
3246,0.0606
3247,0.1083
3248,0.1323
3249,0.1292
3250,0.1206
3251,0.1169
3252,0.1184
3253,0.1247
3254,0.1369
3255,0.1558
3256,0.178
3257,0.1926
3258,0.2136
3259,0.248
3260,0.2433
3261,0.212
3262,0.1739
3263,0.1423
3264,0.1161
3265,0.0987
3266,0.09
3267,0.0837
3268,0.0734
3269,0.0563
3270,0.0602
3271,0.063
3272,0.0555
3273,0.0437
3274,0.0323
3275,0.0241
3276,0.0178
3277,0.0129
3278,0.0099
3279,0.0083
3280,0.008
3281,0.0106
3282,0.0241
3283,0.0516
3284,0.0717
3285,0.0756
3286,0.0705
3287,0.059
3288,0.0451
3289,0.0352
3290,0.0289
3291,0.0245
3292,0.0211
3293,0.013
3294,0.0054
3295,0.0043
3296,0.0043
3297,0.006
3298,0.007
3299,0.0058
3300,0.003
3301,0.002
3302,0.0035
3303,0.0073
3304,0.0136
3305,0.0248
3306,0.0481
3307,0.0796
3308,0.1051
3309,0.1122
3310,0.1087
3311,0.0994
3312,0.0852
3313,0.0738
3314,0.0725
3315,0.0768
3316,0.0796
3317,0.0661
3318,0.0586
3319,0.0632
3320,0.0787
3321,0.0945
3322,0.0994
3323,0.097
3324,0.0924
3325,0.091
3326,0.096
3327,0.1134
3328,0.1427
3329,0.1694
3330,0.1844
3331,0.1775
3332,0.1642
3333,0.1541
3334,0.1355
3335,0.1255
3336,0.1243
3337,0.1227
3338,0.1199
3339,0.1173
3340,0.1072
3341,0.089
3342,0.0904
3343,0.1032
3344,0.1108
3345,0.1195
3346,0.1313
3347,0.1563
3348,0.1946
3349,0.2354
3350,0.2639
3351,0.271
3352,0.2682
3353,0.2631
3354,0.2451
3355,0.2293
3356,0.2215
3357,0.2219
3358,0.2238
3359,0.2312
3360,0.2426
3361,0.248
3362,0.2674
3363,0.2779
3364,0.2631
3365,0.2527
3366,0.2874
3367,0.3373
3368,0.3755
3369,0.4008
3370,0.4182
3371,0.4222
3372,0.4142
3373,0.399
3374,0.3791
3375,0.3497
3376,0.3025
3377,0.2265
3378,0.1637
3379,0.137
3380,0.115
3381,0.1011
3382,0.0936
3383,0.0796
3384,0.0646
3385,0.0503
3386,0.0382
3387,0.0317
3388,0.0246
3389,0.0156
3390,0.0111
3391,0.0135
3392,0.0255
3393,0.0426
3394,0.0586
3395,0.072
3396,0.0816
3397,0.0863
3398,0.084
3399,0.0744
3400,0.0605
3401,0.0469
3402,0.0418
3403,0.0346
3404,0.0249
3405,0.0196
3406,0.0201
3407,0.0278
3408,0.0417
3409,0.059
3410,0.0774
3411,0.0983
3412,0.1208
3413,0.0948
3414,0.0468
3415,0.0563
3416,0.0657
3417,0.0722
3418,0.0723
3419,0.0678
3420,0.0596
3421,0.0513
3422,0.0462
3423,0.0442
3424,0.0402
3425,0.0341
3426,0.0359
3427,0.041
3428,0.0475
3429,0.0546
3430,0.0576
3431,0.0582
3432,0.0598
3433,0.0628
3434,0.0634
3435,0.0649
3436,0.0671
3437,0.0426
3438,0.0271
3439,0.0355
3440,0.0425
3441,0.048
3442,0.0546
3443,0.0675
3444,0.0835
3445,0.0979
3446,0.1108
3447,0.1282
3448,0.1527
3449,0.1759
3450,0.1905
3451,0.2004
3452,0.1708
3453,0.1243
3454,0.0903
3455,0.0677
3456,0.0537
3457,0.0454
3458,0.0387
3459,0.03
3460,0.0195
3461,0.0072
3462,0.0033
3463,0.0044
3464,0.009
3465,0.0151
3466,0.0247
3467,0.0332
3468,0.0404
3469,0.0486
3470,0.0544
3471,0.0538
3472,0.0451
3473,0.0314
3474,0.0237
3475,0.0283
3476,0.0446
3477,0.073
3478,0.1108
3479,0.1491
3480,0.1782
3481,0.1941
3482,0.2045
3483,0.2149
3484,0.2054
3485,0.1643
3486,0.1779
3487,0.2378
3488,0.285
3489,0.3072
3490,0.3237
3491,0.3462
3492,0.3713
3493,0.3967
3494,0.4128
3495,0.4318
3496,0.4507
3497,0.4446
3498,0.4219
3499,0.4008
3500,0.3887
3501,0.3626
3502,0.3252
3503,0.2768
3504,0.226
3505,0.1633
3506,0.1414
3507,0.1315
3508,0.0897
3509,0.0418
3510,0.0303
3511,0.0302
3512,0.0402
3513,0.0549
3514,0.0736
3515,0.1019
3516,0.1366
3517,0.1701
3518,0.2001
3519,0.2171
3520,0.2123
3521,0.1976
3522,0.1855
3523,0.2059
3524,0.2066
3525,0.1808
3526,0.1518
3527,0.1391
3528,0.1248
3529,0.1195
3530,0.1161
3531,0.1155
3532,0.0982
3533,0.0699
3534,0.0773
3535,0.0897
3536,0.1036
3537,0.1127
3538,0.1195
3539,0.1258
3540,0.1335
3541,0.1419
3542,0.1479
3543,0.1447
3544,0.1331
3545,0.1088
3546,0.1025
3547,0.1387
3548,0.1635
3549,0.1592
3550,0.1375
3551,0.1109
3552,0.085
3553,0.0604
3554,0.0427
3555,0.0347
3556,0.0309
3557,0.0145
3558,0.0098
3559,0.0064
3560,0.0076
3561,0.0116
3562,0.018
3563,0.0276
3564,0.0403
3565,0.0573
3566,0.0786
3567,0.0992
3568,0.1171
3569,0.1165
3570,0.1186
3571,0.1453
3572,0.1827
3573,0.217
3574,0.2419
3575,0.258
3576,0.2731
3577,0.2857
3578,0.3118
3579,0.3242
3580,0.2915
3581,0.2553
3582,0.3193
3583,0.3524
3584,0.3476
3585,0.3399
3586,0.3292
3587,0.3327
3588,0.3402
3589,0.3364
3590,0.3256
3591,0.3107
3592,0.2877
3593,0.2482
3594,0.2066
3595,0.2247
3596,0.2488
3597,0.2479
3598,0.2326
3599,0.2141
3600,0.2046
3601,0.1895
3602,0.179
3603,0.1694
3604,0.141
3605,0.0869
3606,0.0908
3607,0.1064
3608,0.1184
3609,0.125
3610,0.125
3611,0.1194
3612,0.1115
3613,0.1052
3614,0.1004
3615,0.0924
3616,0.081
3617,0.0662
3618,0.0467
3619,0.0301
3620,0.0154
3621,0.0136
3622,0.0282
3623,0.0567
3624,0.0873
3625,0.1111
3626,0.1284
3627,0.1351
3628,0.1228
3629,0.0619
3630,0.0312
3631,0.029
3632,0.0246
3633,0.0245
3634,0.025
3635,0.024
3636,0.023
3637,0.0239
3638,0.0256
3639,0.0262
3640,0.0243
3641,0.0213
3642,0.0211
3643,0.0216
3644,0.0303
3645,0.05
3646,0.0841
3647,0.1334
3648,0.197
3649,0.2669
3650,0.3236
3651,0.3482
3652,0.3137
3653,0.1944
3654,0.1232
3655,0.1522
3656,0.2361
3657,0.2822
3658,0.3273
3659,0.3815
3660,0.4209
3661,0.4515
3662,0.4688
3663,0.4517
3664,0.3709
3665,0.2905
3666,0.2476
3667,0.2095
3668,0.1935
3669,0.2103
3670,0.2314
3671,0.1713
3672,0.094
3673,0.0475
3674,0.043
3675,0.0531
3676,0.0523
3677,0.039
3678,0.0461
3679,0.0663
3680,0.0948
3681,0.1256
3682,0.1704
3683,0.2038
3684,0.1811
3685,0.1271
3686,0.0976
3687,0.0935
3688,0.0893
3689,0.0736
3690,0.0529
3691,0.0405
3692,0.0264
3693,0.0181
3694,0.0122
3695,0.0077
3696,0.006
3697,0.0086
3698,0.019
3699,0.0449
3700,0.0853
3701,0.077
3702,0.0838
3703,0.1202
3704,0.1369
3705,0.1732
3706,0.2204
3707,0.274
3708,0.3336
3709,0.3732
3710,0.3654
3711,0.317
3712,0.2888
3713,0.2956
3714,0.3307
3715,0.3731
3716,0.3715
3717,0.3277
3718,0.2627
3719,0.1837
3720,0.1345
3721,0.1027
3722,0.0982
3723,0.129
3724,0.1273
3725,0.1496
3726,0.1907
3727,0.1554
3728,0.0829
3729,0.036
3730,0.0149
3731,0.0146
3732,0.0207
3733,0.0262
3734,0.0355
3735,0.058
3736,0.0859
3737,0.1213
3738,0.158
3739,0.1768
3740,0.1844
3741,0.2481
3742,0.325
3743,0.4164
3744,0.397
3745,0.3435
3746,0.3473
3747,0.3228
3748,0.2899
3749,0.3255
3750,0.4078
3751,0.352
3752,0.2664
3753,0.1905
3754,0.1345
3755,0.099
3756,0.0809
3757,0.0747
3758,0.0723
3759,0.063
3760,0.0529
3761,0.0414
3762,0.035
3763,0.0602
3764,0.1157
3765,0.1614
3766,0.1894
3767,0.2163
3768,0.2497
3769,0.2812
3770,0.3079
3771,0.3116
3772,0.2798
3773,0.2179
3774,0.4009
3775,0.5267
3776,0.5764
3777,0.608
3778,0.6483
3779,0.6842
3780,0.7206
3781,0.7455
3782,0.6945
3783,0.6267
3784,0.6255
3785,0.6913
3786,0.7841
3787,0.8457
3788,0.8881
3789,0.9063
3790,0.9148
3791,0.9205
3792,0.9245
3793,0.9285
3794,0.9309
3795,0.9251
3796,0.915
3797,0.9109
3798,0.9164
3799,0.9225
3800,0.9219
3801,0.9161
3802,0.9095
3803,0.902
3804,0.886
3805,0.8592
3806,0.8236
3807,0.7841
3808,0.7338
3809,0.6393
3810,0.5044
3811,0.3983
3812,0.3288
3813,0.2782
3814,0.2401
3815,0.2003
3816,0.1625
3817,0.1271
3818,0.1097
3819,0.101
3820,0.0855
3821,0.0471
3822,0.026
3823,0.021
3824,0.0196
3825,0.0172
3826,0.0141
3827,0.0104
3828,0.0084
3829,0.0089
3830,0.0079
3831,0.0034
3832,0.0058
3833,0.0249
3834,0.0793
3835,0.1856
3836,0.2633
3837,0.2481
3838,0.2083
3839,0.178
3840,0.1607
3841,0.1499
3842,0.1257
3843,0.0982
3844,0.0727
3845,0.0445
3846,0.029
3847,0.0347
3848,0.0367
3849,0.0431
3850,0.063
3851,0.0836
3852,0.1159
3853,0.1291
3854,0.1392
3855,0.1311
3856,0.1233
3857,0.1302
3858,0.122
3859,0.1567
3860,0.1832
3861,0.1866
3862,0.2022
3863,0.166
3864,0.1226
3865,0.0968
3866,0.0764
3867,0.0628
3868,0.0467
3869,0.0371
3870,0.0369
3871,0.0381
3872,0.0483
3873,0.0546
3874,0.0513
3875,0.0431
3876,0.032
3877,0.0191
3878,0.0088
3879,0.0033
3880,0.0015
3881,0.0022
3882,0.0041
3883,0.0116
3884,0.0305
3885,0.0587
3886,0.0799
3887,0.0945
3888,0.1014
3889,0.0918
3890,0.0798
3891,0.0729
3892,0.0698
3893,0.0564
3894,0.0558
3895,0.0639
3896,0.0728
3897,0.0979
3898,0.1316
3899,0.1669
3900,0.1914
3901,0.1831
3902,0.1717
3903,0.1595
3904,0.1526
3905,0.1297
3906,0.1167
3907,0.1563
3908,0.2075
3909,0.2407
3910,0.2827
3911,0.3252
3912,0.3368
3913,0.3422
3914,0.3462
3915,0.3527
3916,0.331
3917,0.3551
3918,0.4696
3919,0.5131
3920,0.5365
3921,0.549
3922,0.5706
3923,0.5905
3924,0.5951
3925,0.593
3926,0.5842
3927,0.5749
3928,0.4879
3929,0.2961
3930,0.1934
3931,0.2048
3932,0.2515
3933,0.2517
3934,0.2254
3935,0.2105
3936,0.1885
3937,0.1613
3938,0.1456
3939,0.1598
3940,0.1284
3941,0.0973
3942,0.0601
3943,0.0491
3944,0.0592
3945,0.0767
3946,0.1007
3947,0.1339
3948,0.1538
3949,0.1358
3950,0.0873
3951,0.047
3952,0.0206
3953,0.0076
3954,0.0158
3955,0.0476
3956,0.0897
3957,0.1006
3958,0.0884
3959,0.0752
3960,0.0652
3961,0.0646
3962,0.0618
3963,0.0585
3964,0.061
3965,0.063
3966,0.0981
3967,0.1425
3968,0.1702
3969,0.1665
3970,0.1379
3971,0.1161
3972,0.1219
3973,0.1526
3974,0.1903
3975,0.1961
3976,0.1782
3977,0.1322
3978,0.0915
3979,0.0836
3980,0.0699
3981,0.0789
3982,0.1188
3983,0.1785
3984,0.2283
3985,0.2546
3986,0.2647
3987,0.2558
3988,0.1899
3989,0.1379
3990,0.191
3991,0.2099
3992,0.219
3993,0.2137
3994,0.204
3995,0.1949
3996,0.1903
3997,0.1862
3998,0.1747
3999,0.1545
4000,0.1257
4001,0.0897
4002,0.052
4003,0.0316
4004,0.0166
4005,0.011
4006,0.0118
4007,0.0186
4008,0.0355
4009,0.0653
4010,0.1019
4011,0.1351
4012,0.1448
4013,0.0774
4014,0.04
4015,0.0534
4016,0.0534
4017,0.0485
4018,0.0419
4019,0.0367
4020,0.0341
4021,0.0325
4022,0.0295
4023,0.0246
4024,0.0198
4025,0.0166
4026,0.0175
4027,0.026
4028,0.0322
4029,0.0387
4030,0.0483
4031,0.0575
4032,0.0608
4033,0.0567
4034,0.0468
4035,0.0335
4036,0.0216
4037,0.008
4038,0.0028
4039,0.0057
4040,0.006
4041,0.0054
4042,0.004
4043,0.0026
4044,0.0023
4045,0.0024
4046,0.0033
4047,0.0088
4048,0.0208
4049,0.0364
4050,0.0506
4051,0.0618
4052,0.0709
4053,0.0788
4054,0.0926
4055,0.117
4056,0.1551
4057,0.2012
4058,0.2455
4059,0.2637
4060,0.2191
4061,0.1174
4062,0.09
4063,0.2055
4064,0.3531
4065,0.3167
4066,0.226
4067,0.2716
4068,0.3424
4069,0.3666
4070,0.3499
4071,0.3136
4072,0.2516
4073,0.1694
4074,0.121
4075,0.1089
4076,0.1124
4077,0.1196
4078,0.1353
4079,0.1453
4080,0.15
4081,0.1452
4082,0.1454
4083,0.1482
4084,0.12
4085,0.1029
4086,0.1049
4087,0.1116
4088,0.1342
4089,0.1575
4090,0.1795
4091,0.2028
4092,0.2203
4093,0.227
4094,0.2203
4095,0.2117
4096,0.2032
4097,0.1885
4098,0.1669
4099,0.182
4100,0.2103
4101,0.2099
4102,0.197
4103,0.1769
4104,0.1568
4105,0.1447
4106,0.1401
4107,0.1464
4108,0.1177
4109,0.0823
4110,0.102
4111,0.1176
4112,0.1237
4113,0.1183
4114,0.1021
4115,0.0838
4116,0.07
4117,0.0622
4118,0.0591
4119,0.062
4120,0.0715
4121,0.089
4122,0.1198
4123,0.1798
4124,0.2176
4125,0.2159
4126,0.198
4127,0.1785
4128,0.1721
4129,0.1757
4130,0.1798
4131,0.1754
4132,0.1154
4133,0.0442
4134,0.0531
4135,0.0665
4136,0.0597
4137,0.0559
4138,0.0526
4139,0.0487
4140,0.0453
4141,0.0424
4142,0.0405
4143,0.0417
4144,0.0483
4145,0.0657
4146,0.1068
4147,0.1871
4148,0.2489
4149,0.2572
4150,0.2377
4151,0.2078
4152,0.1749
4153,0.1477
4154,0.134
4155,0.1271
4156,0.0993
4157,0.0416
4158,0.027
4159,0.0471
4160,0.0719
4161,0.1053
4162,0.1411
4163,0.1658
4164,0.1779
4165,0.1756
4166,0.1635
4167,0.1545
4168,0.1408
4169,0.1258
4170,0.1359
4171,0.1826
4172,0.2249
4173,0.2464
4174,0.2586
4175,0.2703
4176,0.2848
4177,0.3031
4178,0.3232
4179,0.3256
4180,0.248
4181,0.1346
4182,0.1263
4183,0.1726
4184,0.1794
4185,0.1629
4186,0.1188
4187,0.0685
4188,0.0318
4189,0.0137
4190,0.0097
4191,0.0121
4192,0.0166
4193,0.0308
4194,0.0548
4195,0.0898
4196,0.1025
4197,0.1182
4198,0.1374
4199,0.1524
4200,0.1589
4201,0.1742
4202,0.2096
4203,0.2364
4204,0.2252
4205,0.1605
4206,0.1057
4207,0.1276
4208,0.1365
4209,0.1349
4210,0.1317
4211,0.1303
4212,0.1288
4213,0.1252
4214,0.1173
4215,0.1061
4216,0.0986
4217,0.1038
4218,0.1317
4219,0.16
4220,0.1695
4221,0.1519
4222,0.1251
4223,0.104
4224,0.0884
4225,0.0775
4226,0.0709
4227,0.064
4228,0.042
4229,0.0311
4230,0.03
4231,0.0341
4232,0.0402
4233,0.0469
4234,0.0535
4235,0.061
4236,0.0764
4237,0.1049
4238,0.1437
4239,0.1856
4240,0.2355
4241,0.2885
4242,0.3357
4243,0.3777
4244,0.3912
4245,0.3767
4246,0.3533
4247,0.3245
4248,0.2996
4249,0.2859
4250,0.2811
4251,0.269
4252,0.2721
4253,0.3058
4254,0.2836
4255,0.2544
4256,0.2276
4257,0.2117
4258,0.2048
4259,0.2042
4260,0.21
4261,0.2202
4262,0.2313
4263,0.244
4264,0.2576
4265,0.2648
4266,0.2884
4267,0.3563
4268,0.395
4269,0.3681
4270,0.3313
4271,0.295
4272,0.2655
4273,0.2408
4274,0.2197
4275,0.2011
4276,0.1419
4277,0.1251
4278,0.1247
4279,0.1121
4280,0.0975
4281,0.0857
4282,0.0753
4283,0.0688
4284,0.0689
4285,0.0777
4286,0.0922
4287,0.1085
4288,0.1201
4289,0.1238
4290,0.1605
4291,0.2561
4292,0.3388
4293,0.3669
4294,0.361
4295,0.3428
4296,0.323
4297,0.3088
4298,0.2984
4299,0.2948
4300,0.2513
4301,0.1239
4302,0.0492
4303,0.0376
4304,0.0448
4305,0.0433
4306,0.0421
4307,0.0415
4308,0.041
4309,0.0421
4310,0.0457
4311,0.0558
4312,0.0748
4313,0.0931
4314,0.1099
4315,0.1689
4316,0.2635
4317,0.3757
4318,0.4695
4319,0.5123
4320,0.4972
4321,0.4502
4322,0.399
4323,0.3457
4324,0.2663
4325,0.172
4326,0.1955
4327,0.2151
4328,0.2091
4329,0.1718
4330,0.1401
4331,0.1783
4332,0.215
4333,0.1421
4334,0.0682
4335,0.1134
4336,0.1785
4337,0.1808
4338,0.1589
4339,0.1671
4340,0.1841
4341,0.1737
4342,0.158
4343,0.1461
4344,0.135
4345,0.1258
4346,0.126
4347,0.1306
4348,0.1116
4349,0.1048
4350,0.1211
4351,0.1437
4352,0.1656
4353,0.1809
4354,0.1996
4355,0.2188
4356,0.2377
4357,0.2477
4358,0.2421
4359,0.2313
4360,0.2145
4361,0.1914
4362,0.1623
4363,0.1597
4364,0.1619
4365,0.1443
4366,0.1224
4367,0.0977
4368,0.0696
4369,0.0519
4370,0.0461
4371,0.0489
4372,0.0447
4373,0.0266
4374,0.0257
4375,0.0214
4376,0.0204
4377,0.0219
4378,0.0244
4379,0.0283
4380,0.0329
4381,0.0394
4382,0.0477
4383,0.0606
4384,0.083
4385,0.1215
4386,0.1779
4387,0.2557
4388,0.3047
4389,0.2951
4390,0.2711
4391,0.2539
4392,0.2437
4393,0.2221
4394,0.1999
4395,0.182
4396,0.1287
4397,0.1036
4398,0.1165
4399,0.1026
4400,0.0917
4401,0.0912
4402,0.0974
4403,0.106
4404,0.1176
4405,0.1337
4406,0.154
4407,0.1791
4408,0.2118
4409,0.248
4410,0.2782
4411,0.3233
4412,0.3526
4413,0.3186
4414,0.2862
4415,0.2556
4416,0.228
4417,0.2079
4418,0.1911
4419,0.1713
4420,0.1077
4421,0.061
4422,0.0613
4423,0.0373
4424,0.0249
4425,0.0195
4426,0.0163
4427,0.0134
4428,0.0121
4429,0.0127
4430,0.0144
4431,0.0161
4432,0.0196
4433,0.0301
4434,0.0677
4435,0.1281
4436,0.1471
4437,0.1286
4438,0.1015
4439,0.0745
4440,0.0538
4441,0.0449
4442,0.0444
4443,0.0474
4444,0.0463
4445,0.0279
4446,0.0227
4447,0.0283
4448,0.0422
4449,0.0575
4450,0.071
4451,0.086
4452,0.1042
4453,0.1207
4454,0.1281
4455,0.1265
4456,0.1184
4457,0.1068
4458,0.1011
4459,0.1042
4460,0.0912
4461,0.0624
4462,0.034
4463,0.017
4464,0.0179
4465,0.0363
4466,0.0742
4467,0.1198
4468,0.1364
4469,0.0933
4470,0.0797
4471,0.0965
4472,0.1123
4473,0.1294
4474,0.1399
4475,0.1456
4476,0.1534
4477,0.165
4478,0.1798
4479,0.1937
4480,0.1949
4481,0.1808
4482,0.1564
4483,0.1408
4484,0.1273
4485,0.1054
4486,0.0888
4487,0.0788
4488,0.0738
4489,0.0695
4490,0.067
4491,0.0651
4492,0.0552
4493,0.0458
4494,0.0372
4495,0.0324
4496,0.0395
4497,0.0542
4498,0.0674
4499,0.0811
4500,0.0987
4501,0.1183
4502,0.1371
4503,0.1551
4504,0.1735
4505,0.1906
4506,0.1996
4507,0.2249
4508,0.2457
4509,0.2205
4510,0.1935
4511,0.1651
4512,0.138
4513,0.1123
4514,0.0915
4515,0.0784
4516,0.0577
4517,0.0396
4518,0.0557
4519,0.0662
4520,0.0885
4521,0.1207
4522,0.159
4523,0.1937
4524,0.2113
4525,0.2113
4526,0.2097
4527,0.2143
4528,0.2075
4529,0.1848
4530,0.1599
4531,0.1702
4532,0.1903
4533,0.1861
4534,0.1831
4535,0.1669
4536,0.1452
4537,0.1295
4538,0.1114
4539,0.0844
4540,0.0505
4541,0.034
4542,0.0469
4543,0.044
4544,0.0437
4545,0.0448
4546,0.0443
4547,0.0427
4548,0.0408
4549,0.0441
4550,0.0559
4551,0.073
4552,0.0858
4553,0.0925
4554,0.1023
4555,0.14
4556,0.1695
4557,0.1652
4558,0.1466
4559,0.1274
4560,0.1053
4561,0.0796
4562,0.0592
4563,0.0483
4564,0.0389
4565,0.0178
4566,0.0091
4567,0.0043
4568,0.0038
4569,0.0046
4570,0.007
4571,0.0112
4572,0.0171
4573,0.0236
4574,0.0287
4575,0.0309
4576,0.0279
4577,0.022
4578,0.0164
4579,0.0156
4580,0.035
4581,0.0539
4582,0.0595
4583,0.0646
4584,0.0722
4585,0.0827
4586,0.0979
4587,0.1224
4588,0.1405
4589,0.125
4590,0.0866
4591,0.068
4592,0.0802
4593,0.0973
4594,0.115
4595,0.134
4596,0.1537
4597,0.1724
4598,0.1843
4599,0.1809
4600,0.1633
4601,0.1289
4602,0.0998
4603,0.0949
4604,0.0777
4605,0.0536
4606,0.0327
4607,0.025
4608,0.0286
4609,0.0384
4610,0.06
4611,0.0835
4612,0.0868
4613,0.058
4614,0.0614
4615,0.0835
4616,0.1086
4617,0.1478
4618,0.1983
4619,0.2551
4620,0.3176
4621,0.3547
4622,0.3643
4623,0.3488
4624,0.324
4625,0.2794
4626,0.2061
4627,0.1647
4628,0.1497
4629,0.1407
4630,0.1498
4631,0.1543
4632,0.1574
4633,0.1639
4634,0.1668
4635,0.1666
4636,0.1429
4637,0.1085
4638,0.1104
4639,0.1013
4640,0.1107
4641,0.1306
4642,0.15
4643,0.1721
4644,0.1911
4645,0.2085
4646,0.2289
4647,0.2503
4648,0.259
4649,0.2438
4650,0.2105
4651,0.1819
4652,0.1684
4653,0.162
4654,0.1523
4655,0.146
4656,0.1383
4657,0.1353
4658,0.1372
4659,0.1428
4660,0.1161
4661,0.1395
4662,0.1488
4663,0.1386
4664,0.1393
4665,0.1427
4666,0.1488
4667,0.1608
4668,0.1748
4669,0.1879
4670,0.2004
4671,0.2134
4672,0.2239
4673,0.2196
4674,0.1927
4675,0.186
4676,0.1886
4677,0.1801
4678,0.1784
4679,0.1725
4680,0.1673
4681,0.1525
4682,0.1338
4683,0.1128
4684,0.0769
4685,0.0553
4686,0.0499
4687,0.0408
4688,0.0415
4689,0.0475
4690,0.055
4691,0.0656
4692,0.0787
4693,0.092
4694,0.1032
4695,0.1114
4696,0.1176
4697,0.1194
4698,0.118
4699,0.1362
4700,0.1542
4701,0.1418
4702,0.1279
4703,0.111
4704,0.09
4705,0.0687
4706,0.049
4707,0.032
4708,0.0172
4709,0.0063
4710,0.0014
4711,0.0008
4712,0.0015
4713,0.0031
4714,0.0053
4715,0.0087
4716,0.0127
4717,0.0146
4718,0.0141
4719,0.0133
4720,0.0135
4721,0.0155
4722,0.026
4723,0.0498
4724,0.0652
4725,0.0761
4726,0.0848
4727,0.084
4728,0.0746
4729,0.0601
4730,0.0452
4731,0.0313
4732,0.0206
4733,0.0069
4734,0.0025
4735,0.0016
4736,0.0008
4737,0.0006
4738,0.0005
4739,0.0012
4740,0.0025
4741,0.0041
4742,0.0051
4743,0.0053
4744,0.0054
4745,0.0065
4746,0.0128
4747,0.0262
4748,0.0421
4749,0.0563
4750,0.0661
4751,0.0756
4752,0.0804
4753,0.0762
4754,0.0744
4755,0.0891
4756,0.0993
4757,0.0658
4758,0.0702
4759,0.0949
4760,0.1351
4761,0.1784
4762,0.2208
4763,0.2607
4764,0.2813
4765,0.2751
4766,0.2595
4767,0.2523
4768,0.2473
4769,0.2157
4770,0.1589
4771,0.1345
4772,0.1343
4773,0.1456
4774,0.1438
4775,0.136
4776,0.1268
4777,0.1239
4778,0.1245
4779,0.1247
4780,0.1029
4781,0.0647
4782,0.0629
4783,0.0677
4784,0.0741
4785,0.0863
4786,0.1056
4787,0.1233
4788,0.1338
4789,0.1374
4790,0.1373
4791,0.1286
4792,0.1117
4793,0.0828
4794,0.0546
4795,0.0459
4796,0.0624
4797,0.104
4798,0.157
4799,0.2144
4800,0.2635
4801,0.2905
4802,0.3014
4803,0.3086
4804,0.2972
4805,0.2278
4806,0.2348
4807,0.2972
4808,0.2806
4809,0.2738
4810,0.322
4811,0.4059
4812,0.4856
4813,0.546
4814,0.5661
4815,0.5512
4816,0.5144
4817,0.4446
4818,0.3607
4819,0.3195
4820,0.2835
4821,0.2603
4822,0.2526
4823,0.2336
4824,0.2143
4825,0.1842
4826,0.1571
4827,0.1457
4828,0.1118
4829,0.0614
4830,0.0506
4831,0.0608
4832,0.0831
4833,0.0967
4834,0.1039
4835,0.1148
4836,0.1252
4837,0.121
4838,0.1113
4839,0.1081
4840,0.0997
4841,0.0759
4842,0.0666
4843,0.0753
4844,0.0664
4845,0.0464
4846,0.0288
4847,0.0177
4848,0.0137
4849,0.0229
4850,0.0505
4851,0.097
4852,0.1347
4853,0.1094
4854,0.0915
4855,0.1562
4856,0.1879
4857,0.1797
4858,0.1524
4859,0.1236
4860,0.0978
4861,0.0766
4862,0.0601
4863,0.049
4864,0.0401
4865,0.0323
4866,0.0288
4867,0.0289
4868,0.0272
4869,0.0273
4870,0.0304
4871,0.0357
4872,0.0462
4873,0.0623
4874,0.0786
4875,0.0959
4876,0.1132
4877,0.0895
4878,0.0366
4879,0.0386
4880,0.0459
4881,0.037
4882,0.0295
4883,0.0231
4884,0.0176
4885,0.0134
4886,0.0109
4887,0.0108
4888,0.014
4889,0.0231
4890,0.0458
4891,0.0891
4892,0.1353
4893,0.1835
4894,0.2248
4895,0.2672
4896,0.3209
4897,0.3782
4898,0.4325
4899,0.4534
4900,0.4263
4901,0.2766
4902,0.1282
4903,0.0746
4904,0.0877
4905,0.0769
4906,0.0619
4907,0.0583
4908,0.0634
4909,0.0722
4910,0.0805
4911,0.0886
4912,0.0962
4913,0.1035
4914,0.1241
4915,0.1522
4916,0.1587
4917,0.1456
4918,0.1291
4919,0.1251
4920,0.1339
4921,0.1492
4922,0.167
4923,0.1935
4924,0.2099
4925,0.1554
4926,0.0965
4927,0.0817
4928,0.098
4929,0.0984
4930,0.0897
4931,0.076
4932,0.0617
4933,0.0493
4934,0.0412
4935,0.0419
4936,0.0487
4937,0.0474
4938,0.0775
4939,0.1656
4940,0.2887
4941,0.4016
4942,0.4457
4943,0.4329
4944,0.3956
4945,0.342
4946,0.2833
4947,0.2114
4948,0.1544
4949,0.0917
4950,0.0291
4951,0.0215
4952,0.0289
4953,0.0304
4954,0.031
4955,0.0336
4956,0.0416
4957,0.0549
4958,0.0921
4959,0.1796
4960,0.2812
4961,0.3332
4962,0.3223
4963,0.277
4964,0.2231
4965,0.1698
4966,0.1312
4967,0.1001
4968,0.0787
4969,0.0721
4970,0.08
4971,0.0962
4972,0.0988
4973,0.0765
4974,0.0685
4975,0.0642
4976,0.0594
4977,0.0526
4978,0.0455
4979,0.036
4980,0.028
4981,0.0267
4982,0.0325
4983,0.0505
4984,0.0811
4985,0.1077
4986,0.1183
4987,0.1325
4988,0.1572
4989,0.1659
4990,0.1709
4991,0.1711
4992,0.1741
4993,0.1831
4994,0.2033
4995,0.2181
4996,0.2189
4997,0.2117
4998,0.23
4999,0.2381
5000,0.2424
5001,0.2481
5002,0.2501
5003,0.2579
5004,0.2712
5005,0.2896
5006,0.3066
5007,0.3024
5008,0.2796
5009,0.2185
5010,0.1442
5011,0.1247
5012,0.1251
5013,0.1332
5014,0.1447
5015,0.1499
5016,0.1455
5017,0.1421
5018,0.1435
5019,0.1455
5020,0.1346
5021,0.0721
5022,0.0524
5023,0.0534
5024,0.0438
5025,0.0375
5026,0.0339
5027,0.0292
5028,0.0228
5029,0.0161
5030,0.0095
5031,0.0043
5032,0.002
5033,0.0019
5034,0.0065
5035,0.0196
5036,0.0423
5037,0.082
5038,0.1405
5039,0.2037
5040,0.2569
5041,0.2996
5042,0.3227
5043,0.3203
5044,0.2951
5045,0.1841
5046,0.1494
5047,0.2098
5048,0.2579
5049,0.3152
5050,0.3745
5051,0.4241
5052,0.4587
5053,0.4755
5054,0.4701
5055,0.4528
5056,0.4307
5057,0.379
5058,0.2998
5059,0.2721
5060,0.2794
5061,0.2863
5062,0.2945
5063,0.2878
5064,0.2828
5065,0.2773
5066,0.2755
5067,0.2806
5068,0.2711
5069,0.2893
5070,0.4112
5071,0.4508
5072,0.4534
5073,0.452
5074,0.4544
5075,0.4504
5076,0.4353
5077,0.4119
5078,0.3799
5079,0.3436
5080,0.3097
5081,0.2659
5082,0.2066
5083,0.1758
5084,0.1577
5085,0.1551
5086,0.1644
5087,0.1828
5088,0.2016
5089,0.2179
5090,0.2339
5091,0.2416
5092,0.2211
5093,0.1314
5094,0.1402
5095,0.1632
5096,0.1761
5097,0.1768
5098,0.1523
5099,0.127
5100,0.1242
5101,0.1225
5102,0.1117
5103,0.1017
5104,0.0898
5105,0.075
5106,0.0701
5107,0.0762
5108,0.0679
5109,0.0553
5110,0.0453
5111,0.0407
5112,0.0407
5113,0.0433
5114,0.0474
5115,0.0547
5116,0.0617
5117,0.046
5118,0.0513
5119,0.0811
5120,0.1189
5121,0.1618
5122,0.2123
5123,0.2695
5124,0.321
5125,0.3582
5126,0.3837
5127,0.3983
5128,0.4013
5129,0.3768
5130,0.3096
5131,0.2697
5132,0.245
5133,0.2227
5134,0.214
5135,0.2069
5136,0.206
5137,0.198
5138,0.1862
5139,0.1689
5140,0.1418
5141,0.0829
5142,0.0668
5143,0.0435
5144,0.0291
5145,0.0234
5146,0.0237
5147,0.0282
5148,0.0339
5149,0.0378
5150,0.0391
5151,0.0377
5152,0.0361
5153,0.0383
5154,0.0541
5155,0.0863
5156,0.1117
5157,0.1224
5158,0.1221
5159,0.1194
5160,0.1144
5161,0.11
5162,0.1096
5163,0.1079
5164,0.1
5165,0.0517
5166,0.0285
5167,0.0182
5168,0.0135
5169,0.016
5170,0.0163
5171,0.0138
5172,0.0115
5173,0.01
5174,0.0099
5175,0.0088
5176,0.0068
5177,0.0053
5178,0.0085
5179,0.0174
5180,0.0264
5181,0.0285
5182,0.0275
5183,0.0296
5184,0.0615
5185,0.0942
5186,0.1071
5187,0.1194
5188,0.1371
5189,0.1277
5190,0.1433
5191,0.1786
5192,0.2058
5193,0.2275
5194,0.2458
5195,0.2555
5196,0.2535
5197,0.2569
5198,0.2634
5199,0.2766
5200,0.2812
5201,0.2508
5202,0.1945
5203,0.1675
5204,0.1549
5205,0.1453
5206,0.1391
5207,0.1434
5208,0.1559
5209,0.1582
5210,0.155
5211,0.1476
5212,0.1289
5213,0.0905
5214,0.0922
5215,0.1107
5216,0.131
5217,0.1493
5218,0.1537
5219,0.152
5220,0.157
5221,0.1661
5222,0.1739
5223,0.1888
5224,0.1971
5225,0.169
5226,0.1456
5227,0.1599
5228,0.1623
5229,0.1623
5230,0.1665
5231,0.1665
5232,0.1696
5233,0.1755
5234,0.1844
5235,0.193
5236,0.1875
5237,0.1391
5238,0.1825
5239,0.2117
5240,0.2329
5241,0.2561
5242,0.2799
5243,0.2997
5244,0.3134
5245,0.3309
5246,0.3475
5247,0.3428
5248,0.322
5249,0.2943
5250,0.2522
5251,0.245
5252,0.2422
5253,0.2393
5254,0.2391
5255,0.2406
5256,0.2399
5257,0.2313
5258,0.2215
5259,0.2119
5260,0.1908
5261,0.1285
5262,0.1214
5263,0.1513
5264,0.176
5265,0.1902
5266,0.1945
5267,0.1945
5268,0.1747
5269,0.1472
5270,0.1029
5271,0.0643
5272,0.0369
5273,0.0145
5274,0.0026
5275,0.0156
5276,0.0688
5277,0.1526
5278,0.2313
5279,0.2743
5280,0.2896
5281,0.2949
5282,0.2894
5283,0.2881
5284,0.3119
5285,0.3366
5286,0.3135
5287,0.3256
5288,0.3566
5289,0.3474
5290,0.3095
5291,0.2881
5292,0.2754
5293,0.2721
5294,0.2919
5295,0.3051
5296,0.3098
5297,0.3245
5298,0.3709
5299,0.418
5300,0.4594
5301,0.4829
5302,0.5204
5303,0.5796
5304,0.6026
5305,0.6112
5306,0.6294
5307,0.648
5308,0.6623
5309,0.6816
5310,0.8002
5311,0.8507
5312,0.8522
5313,0.8463
5314,0.844
5315,0.8461
5316,0.8519
5317,0.8565
5318,0.8516
5319,0.8279
5320,0.7784
5321,0.6905
5322,0.5647
5323,0.4835
5324,0.4212
5325,0.3795
5326,0.3663
5327,0.3345
5328,0.2882
5329,0.2684
5330,0.26
5331,0.2438
5332,0.2256
5333,0.1679
5334,0.1973
5335,0.2845
5336,0.2853
5337,0.2823
5338,0.2751
5339,0.3027
5340,0.3324
5341,0.3289
5342,0.3094
5343,0.2788
5344,0.2753
5345,0.2714
5346,0.2381
5347,0.2296
5348,0.2176
5349,0.2308
5350,0.2381
5351,0.2374
5352,0.2318
5353,0.2276
5354,0.2263
5355,0.223
5356,0.2142
5357,0.1358
5358,0.1198
5359,0.1448
5360,0.1492
5361,0.159
5362,0.1763
5363,0.193
5364,0.1967
5365,0.1895
5366,0.1697
5367,0.1448
5368,0.1171
5369,0.082
5370,0.0778
5371,0.1084
5372,0.1421
5373,0.1648
5374,0.183
5375,0.1905
5376,0.1962
5377,0.2045
5378,0.1999
5379,0.1946
5380,0.1915
5381,0.1644
5382,0.1369
5383,0.1676
5384,0.2326
5385,0.2716
5386,0.2848
5387,0.3068
5388,0.3122
5389,0.2834
5390,0.2508
5391,0.2241
5392,0.1934
5393,0.1439
5394,0.1146
5395,0.1402
5396,0.1611
5397,0.1761
5398,0.187
5399,0.1861
5400,0.1739
5401,0.1601
5402,0.1529
5403,0.1507
5404,0.1563
5405,0.1233
5406,0.0932
5407,0.1065
5408,0.1104
5409,0.1229
5410,0.1461
5411,0.1771
5412,0.1958
5413,0.2015
5414,0.2131
5415,0.2353
5416,0.2398
5417,0.1962
5418,0.1977
5419,0.2467
5420,0.2881
5421,0.2911
5422,0.3088
5423,0.3492
5424,0.3958
5425,0.4003
5426,0.3927
5427,0.3712
5428,0.3614
5429,0.3656
5430,0.3585
5431,0.4616
5432,0.5242
5433,0.5328
5434,0.5345
5435,0.5343
5436,0.5397
5437,0.5399
5438,0.5185
5439,0.4963
5440,0.4552
5441,0.3123
5442,0.26
5443,0.2814
5444,0.2613
5445,0.2119
5446,0.1599
5447,0.1283
5448,0.1178
5449,0.1252
5450,0.1424
5451,0.1525
5452,0.1562
5453,0.1168
5454,0.0869
5455,0.1028
5456,0.142
5457,0.19
5458,0.2149
5459,0.2284
5460,0.2395
5461,0.2482
5462,0.2475
5463,0.2096
5464,0.1418
5465,0.1117
5466,0.1464
5467,0.2336
5468,0.3209
5469,0.3542
5470,0.3358
5471,0.3181
5472,0.3208
5473,0.3166
5474,0.3332
5475,0.3494
5476,0.3628
5477,0.3688
5478,0.3999
5479,0.4637
5480,0.4899
5481,0.498
5482,0.4899
5483,0.4827
5484,0.4814
5485,0.4309
5486,0.3788
5487,0.3648
5488,0.3084
5489,0.2347
5490,0.2376
5491,0.2107
5492,0.1781
5493,0.1549
5494,0.138
5495,0.1202
5496,0.1029
5497,0.1044
5498,0.113
5499,0.1012
5500,0.0979
5501,0.0993
5502,0.0967
5503,0.0927
5504,0.1311
5505,0.1995
5506,0.2624
5507,0.3056
5508,0.3403
5509,0.3712
5510,0.3952
5511,0.3971
5512,0.3764
5513,0.3462
5514,0.3378
5515,0.3288
5516,0.3008
5517,0.2935
5518,0.3051
5519,0.3138
5520,0.3048
5521,0.2866
5522,0.2779
5523,0.2798
5524,0.2862
5525,0.2359
5526,0.2184
5527,0.3223
5528,0.3694
5529,0.4055
5530,0.4278
5531,0.4456
5532,0.4447
5533,0.4126
5534,0.3707
5535,0.3491
5536,0.3338
5537,0.2966
5538,0.2681
5539,0.25
5540,0.2294
5541,0.2197
5542,0.2169
5543,0.2043
5544,0.1948
5545,0.1883
5546,0.1823
5547,0.177
5548,0.1762
5549,0.134
5550,0.0664
5551,0.0866
5552,0.1108
5553,0.1363
5554,0.1592
5555,0.1736
5556,0.18
5557,0.176
5558,0.166
5559,0.1545
5560,0.1418
5561,0.1236
5562,0.1314
5563,0.1427
5564,0.1413
5565,0.1265
5566,0.1049
5567,0.0846
5568,0.0648
5569,0.045
5570,0.031
5571,0.0281
5572,0.0343
5573,0.0431
5574,0.0242
5575,0.0144
5576,0.0111
5577,0.0076
5578,0.0056
5579,0.004
5580,0.0023
5581,0.001
5582,0.0004
5583,0.0012
5584,0.0039
5585,0.0151
5586,0.0381
5587,0.059
5588,0.0737
5589,0.0831
5590,0.0863
5591,0.085
5592,0.0807
5593,0.0823
5594,0.0883
5595,0.0916
5596,0.0927
5597,0.0829
5598,0.0415
5599,0.0226
5600,0.0281
5601,0.0306
5602,0.0326
5603,0.0347
5604,0.0368
5605,0.039
5606,0.0392
5607,0.0381
5608,0.0372
5609,0.0479
5610,0.067
5611,0.0706
5612,0.0651
5613,0.0592
5614,0.0504
5615,0.0368
5616,0.0258
5617,0.0209
5618,0.0212
5619,0.0249
5620,0.0332
5621,0.0406
5622,0.0204
5623,0.0086
5624,0.0162
5625,0.0141
5626,0.0123
5627,0.0117
5628,0.0127
5629,0.0156
5630,0.0212
5631,0.03
5632,0.0455
5633,0.0842
5634,0.1662
5635,0.25
5636,0.2999
5637,0.3142
5638,0.3022
5639,0.2754
5640,0.2391
5641,0.2015
5642,0.1676
5643,0.1356
5644,0.1153
5645,0.1054
5646,0.0615
5647,0.0237
5648,0.0295
5649,0.0464
5650,0.0475
5651,0.0412
5652,0.0325
5653,0.0248
5654,0.0195
5655,0.0169
5656,0.0177
5657,0.0216
5658,0.0332
5659,0.0514
5660,0.069
5661,0.0827
5662,0.0923
5663,0.0982
5664,0.1025
5665,0.1063
5666,0.1102
5667,0.1147
5668,0.1169
5669,0.1134
5670,0.0646
5671,0.0197
5672,0.0113
5673,0.0161
5674,0.0166
5675,0.0125
5676,0.0083
5677,0.0052
5678,0.003
5679,0.0021
5680,0.0064
5681,0.0245
5682,0.0628
5683,0.1039
5684,0.135
5685,0.1519
5686,0.1514
5687,0.1383
5688,0.1151
5689,0.086
5690,0.0585
5691,0.0372
5692,0.0238
5693,0.0159
5694,0.0058
5695,0.0008
5696,0.003
5697,0.0123
5698,0.0131
5699,0.0106
5700,0.0073
5701,0.0045
5702,0.0029
5703,0.0035
5704,0.0086
5705,0.0272
5706,0.0683
5707,0.1104
5708,0.1358
5709,0.1444
5710,0.1356
5711,0.1189
5712,0.101
5713,0.0873
5714,0.0791
5715,0.0755
5716,0.0759
5717,0.0795
5718,0.049
5719,0.0178
5720,0.0151
5721,0.0186
5722,0.0192
5723,0.0206
5724,0.0224
5725,0.0232
5726,0.0226
5727,0.0219
5728,0.021
5729,0.0211
5730,0.0199
5731,0.0189
5732,0.0227
5733,0.0354
5734,0.0647
5735,0.1124
5736,0.1632
5737,0.1951
5738,0.1944
5739,0.1745
5740,0.1534
5741,0.1206
5742,0.0692
5743,0.0636
5744,0.0853
5745,0.0984
5746,0.1018
5747,0.0979
5748,0.0915
5749,0.0853
5750,0.0793
5751,0.0658
5752,0.0492
5753,0.0368
5754,0.0309
5755,0.0344
5756,0.0473
5757,0.0598
5758,0.0707
5759,0.0746
5760,0.0655
5761,0.0613
5762,0.0721
5763,0.0784
5764,0.0744
5765,0.0601
5766,0.0469
5767,0.0647
5768,0.0741
5769,0.085
5770,0.1029
5771,0.1229
5772,0.1383
5773,0.1397
5774,0.1255
5775,0.1047
5776,0.0836
5777,0.0734
5778,0.0929
5779,0.1146
5780,0.1189
5781,0.1089
5782,0.0871
5783,0.0602
5784,0.0405
5785,0.0308
5786,0.0308
5787,0.0351
5788,0.0404
5789,0.0441
5790,0.0261
5791,0.0214
5792,0.0224
5793,0.0226
5794,0.0246
5795,0.0276
5796,0.0299
5797,0.0311
5798,0.0299
5799,0.0253
5800,0.0197
5801,0.02
5802,0.018
5803,0.0127
5804,0.0142
5805,0.0288
5806,0.0529
5807,0.0821
5808,0.1053
5809,0.1182
5810,0.1289
5811,0.1477
5812,0.1772
5813,0.2053
5814,0.1457
5815,0.0617
5816,0.0765
5817,0.1311
5818,0.1704
5819,0.2146
5820,0.2558
5821,0.2895
5822,0.3167
5823,0.3366
5824,0.3632
5825,0.4139
5826,0.4258
5827,0.3763
5828,0.3033
5829,0.2298
5830,0.1757
5831,0.1524
5832,0.1477
5833,0.1414
5834,0.133
5835,0.1212
5836,0.1149
5837,0.1067
5838,0.0814
5839,0.0849
5840,0.0866
5841,0.0835
5842,0.0786
5843,0.0816
5844,0.0936
5845,0.1115
5846,0.1296
5847,0.143
5848,0.1485
5849,0.1443
5850,0.1603
5851,0.1545
5852,0.1232
5853,0.0915
5854,0.0754
5855,0.0749
5856,0.085
5857,0.0884
5858,0.0834
5859,0.0689
5860,0.0505
5861,0.0432
5862,0.0277
5863,0.0309
5864,0.0487
5865,0.0675
5866,0.0742
5867,0.0773
5868,0.0805
5869,0.0856
5870,0.0896
5871,0.0883
5872,0.0875
5873,0.0962
5874,0.1165
5875,0.13
5876,0.1446
5877,0.1545
5878,0.1518
5879,0.1542
5880,0.1662
5881,0.1809
5882,0.1981
5883,0.2131
5884,0.2258
5885,0.212
5886,0.1448
5887,0.2264
5888,0.2573
5889,0.2576
5890,0.2436
5891,0.228
5892,0.2156
5893,0.2054
5894,0.1914
5895,0.1719
5896,0.1528
5897,0.1284
5898,0.1248
5899,0.1319
5900,0.1276
5901,0.128
5902,0.132
5903,0.1331
5904,0.1379
5905,0.1488
5906,0.1668
5907,0.1889
5908,0.2251
5909,0.2398
5910,0.2294
5911,0.3619
5912,0.4323
5913,0.4593
5914,0.4808
5915,0.5062
5916,0.5197
5917,0.5035
5918,0.4634
5919,0.4206
5920,0.3657
5921,0.2922
5922,0.3024
5923,0.3266
5924,0.3394
5925,0.3492
5926,0.3572
5927,0.3535
5928,0.3529
5929,0.3493
5930,0.3216
5931,0.2965
5932,0.2867
5933,0.2654
5934,0.2147
5935,0.2998
5936,0.3198
5937,0.3307
5938,0.3459
5939,0.3616
5940,0.3612
5941,0.3559
5942,0.3483
5943,0.3308
5944,0.2951
5945,0.2292
5946,0.1832
5947,0.155
5948,0.1166
5949,0.0759
5950,0.0454
5951,0.0378
5952,0.0473
5953,0.0687
5954,0.0992
5955,0.1282
5956,0.1471
5957,0.1557
5958,0.1033
5959,0.0994
5960,0.1272
5961,0.1613
5962,0.1925
5963,0.2237
5964,0.256
5965,0.2832
5966,0.2948
5967,0.2893
5968,0.2466
5969,0.2066
5970,0.2089
5971,0.1971
5972,0.187
5973,0.1752
5974,0.1676
5975,0.1518
5976,0.1417
5977,0.1297
5978,0.1198
5979,0.1104
5980,0.1019
5981,0.0914
5982,0.0637
5983,0.0603
5984,0.0681
5985,0.0765
5986,0.0942
5987,0.1185
5988,0.1421
5989,0.1687
5990,0.2019
5991,0.2286
5992,0.2207
5993,0.1897
5994,0.2046
5995,0.2088
5996,0.207
5997,0.1964
5998,0.2008
5999,0.2084
6000,0.2134
6001,0.2069
6002,0.1959
6003,0.1716
6004,0.157
6005,0.1504
6006,0.1204
6007,0.125
6008,0.1573
6009,0.1506
6010,0.1388
6011,0.1246
6012,0.1134
6013,0.1143
6014,0.1196
6015,0.1215
6016,0.1186
6017,0.1084
6018,0.125
6019,0.1259
6020,0.1108
6021,0.088
6022,0.0674
6023,0.0523
6024,0.0484
6025,0.0599
6026,0.0808
6027,0.0944
6028,0.0915
6029,0.0827
6030,0.0504
6031,0.0292
6032,0.0343
6033,0.0443
6034,0.0528
6035,0.0632
6036,0.0743
6037,0.0801
6038,0.073
6039,0.0558
6040,0.0345
6041,0.0221
6042,0.0201
6043,0.0285
6044,0.0417
6045,0.0539
6046,0.0612
6047,0.0648
6048,0.0655
6049,0.0637
6050,0.0593
6051,0.0511
6052,0.0432
6053,0.0358
6054,0.0201
6055,0.001
6056,0.0006
6057,0.0006
6058,0.0004
6059,0.0032
6060,0.0107
6061,0.0215
6062,0.0301
6063,0.0314
6064,0.0319
6065,0.0547
6066,0.0835
6067,0.0931
6068,0.0635
6069,0.0327
6070,0.0226
6071,0.0309
6072,0.0518
6073,0.0818
6074,0.116
6075,0.1467
6076,0.1793
6077,0.2082
6078,0.1724
6079,0.1412
6080,0.1726
6081,0.3092
6082,0.4117
6083,0.456
6084,0.4796
6085,0.4982
6086,0.5035
6087,0.4722
6088,0.3902
6089,0.3615
6090,0.3988
6091,0.4174
6092,0.393
6093,0.3683
6094,0.354
6095,0.3198
6096,0.2831
6097,0.267
6098,0.2637
6099,0.2588
6100,0.2496
6101,0.2336
6102,0.1708
6103,0.166
6104,0.219
6105,0.2511
6106,0.2653
6107,0.2593
6108,0.2501
6109,0.2432
6110,0.2431
6111,0.2563
6112,0.2679
6113,0.2572
6114,0.2665
6115,0.2696
6116,0.2644
6117,0.2501
6118,0.248
6119,0.2425
6120,0.238
6121,0.2216
6122,0.2064
6123,0.203
6124,0.1988
6125,0.1765
6126,0.1003
6127,0.0663
6128,0.0447
6129,0.0414
6130,0.0459
6131,0.0472
6132,0.0461
6133,0.0495
6134,0.0589
6135,0.0729
6136,0.0893
6137,0.1307
6138,0.2092
6139,0.2334
6140,0.2184
6141,0.2071
6142,0.2053
6143,0.199
6144,0.1902
6145,0.1824
6146,0.1778
6147,0.1686
6148,0.1637
6149,0.162
6150,0.0887
6151,0.038
6152,0.0532
6153,0.0319
6154,0.0178
6155,0.0173
6156,0.0199
6157,0.02
6158,0.019
6159,0.0207
6160,0.0324
6161,0.0768
6162,0.1203
6163,0.1315
6164,0.1251
6165,0.1092
6166,0.0851
6167,0.0662
6168,0.0625
6169,0.0715
6170,0.0844
6171,0.0932
6172,0.103
6173,0.12
6174,0.1051
6175,0.0461
6176,0.04
6177,0.0533
6178,0.0498
6179,0.0525
6180,0.0598
6181,0.0669
6182,0.0706
6183,0.0749
6184,0.0796
6185,0.0963
6186,0.108
6187,0.1042
6188,0.0854
6189,0.0537
6190,0.027
6191,0.0132
6192,0.0076
6193,0.0087
6194,0.0149
6195,0.0243
6196,0.0405
6197,0.0586
6198,0.0502
6199,0.0334
6200,0.043
6201,0.0643
6202,0.0865
6203,0.1098
6204,0.1407
6205,0.1765
6206,0.1907
6207,0.169
6208,0.1212
6209,0.086
6210,0.0875
6211,0.0862
6212,0.0744
6213,0.0659
6214,0.0676
6215,0.0702
6216,0.0645
6217,0.0554
6218,0.0471
6219,0.0396
6220,0.0369
6221,0.0442
6222,0.0409
6223,0.0443
6224,0.0627
6225,0.0812
6226,0.1114
6227,0.1499
6228,0.1904
6229,0.229
6230,0.2659
6231,0.3049
6232,0.3233
6233,0.3009
6234,0.2868
6235,0.2677
6236,0.2516
6237,0.2109
6238,0.1787
6239,0.1524
6240,0.1314
6241,0.1177
6242,0.1122
6243,0.1138
6244,0.1061
6245,0.0898
6246,0.0528
6247,0.0444
6248,0.0887
6249,0.0788
6250,0.0733
6251,0.0822
6252,0.0995
6253,0.1229
6254,0.1511
6255,0.1793
6256,0.2102
6257,0.2503
6258,0.3007
6259,0.2906
6260,0.2587
6261,0.2294
6262,0.2048
6263,0.1841
6264,0.165
6265,0.1461
6266,0.1263
6267,0.1052
6268,0.0863
6269,0.0762
6270,0.0465
6271,0.0413
6272,0.095
6273,0.0969
6274,0.0877
6275,0.0976
6276,0.1088
6277,0.1082
6278,0.1105
6279,0.123
6280,0.1376
6281,0.1719
6282,0.2282
6283,0.2447
6284,0.2419
6285,0.2321
6286,0.219
6287,0.2038
6288,0.1878
6289,0.1714
6290,0.1573
6291,0.1476
6292,0.1447
6293,0.1482
6294,0.1074
6295,0.0448
6296,0.0852
6297,0.1181
6298,0.1236
6299,0.1333
6300,0.1474
6301,0.1644
6302,0.1867
6303,0.2119
6304,0.2218
6305,0.3087
6306,0.415
6307,0.4211
6308,0.3919
6309,0.3617
6310,0.3432
6311,0.3393
6312,0.338
6313,0.3356
6314,0.3348
6315,0.3391
6316,0.3429
6317,0.3467
6318,0.2665
6319,0.1823
6320,0.2687
6321,0.2671
6322,0.2439
6323,0.2357
6324,0.2257
6325,0.2105
6326,0.1994
6327,0.1948
6328,0.1969
6329,0.315
6330,0.4501
6331,0.4807
6332,0.4829
6333,0.4715
6334,0.4683
6335,0.4617
6336,0.4352
6337,0.4376
6338,0.4148
6339,0.3887
6340,0.36
6341,0.3479
6342,0.2915
6343,0.2222
6344,0.286
6345,0.3269
6346,0.3484
6347,0.3527
6348,0.3317
6349,0.3055
6350,0.2848
6351,0.2632
6352,0.2387
6353,0.2358
6354,0.2253
6355,0.2121
6356,0.1818
6357,0.1458
6358,0.1315
6359,0.1601
6360,0.1945
6361,0.1614
6362,0.1751
6363,0.2068
6364,0.2144
6365,0.2186
6366,0.1888
6367,0.149
6368,0.1709
6369,0.1709
6370,0.1701
6371,0.1835
6372,0.1872
6373,0.1654
6374,0.1391
6375,0.1239
6376,0.1052
6377,0.1023
6378,0.1296
6379,0.1882
6380,0.248
6381,0.282
6382,0.2966
6383,0.2996
6384,0.2861
6385,0.2749
6386,0.2745
6387,0.2918
6388,0.2855
6389,0.2787
6390,0.2756
6391,0.256
6392,0.307
6393,0.4177
6394,0.5147
6395,0.5426
6396,0.5331
6397,0.502
6398,0.4563
6399,0.3699
6400,0.2793
6401,0.286
6402,0.2717
6403,0.2574
6404,0.2565
6405,0.2777
6406,0.29
6407,0.2856
6408,0.2888
6409,0.2878
6410,0.2869
6411,0.274
6412,0.2653
6413,0.2934
6414,0.298
6415,0.2934
6416,0.4359
6417,0.5073
6418,0.5269
6419,0.5153
6420,0.4991
6421,0.486
6422,0.4608
6423,0.3998
6424,0.3297
6425,0.371
6426,0.3885
6427,0.3746
6428,0.3422
6429,0.3306
6430,0.3234
6431,0.3325
6432,0.321
6433,0.2869
6434,0.2826
6435,0.2754
6436,0.2875
6437,0.3013
6438,0.299
6439,0.2887
6440,0.3533
6441,0.4714
6442,0.4991
6443,0.5525
6444,0.5951
6445,0.6192
6446,0.6076
6447,0.5251
6448,0.4718
6449,0.4806
6450,0.4203
6451,0.3803
6452,0.3557
6453,0.3271
6454,0.3049
6455,0.2791
6456,0.2631
6457,0.2503
6458,0.2373
6459,0.2548
6460,0.279
6461,0.2985
6462,0.2865
6463,0.2595
6464,0.3923
6465,0.4926
6466,0.5496
6467,0.5805
6468,0.6037
6469,0.6206
6470,0.6328
6471,0.6026
6472,0.5213
6473,0.5214
6474,0.5523
6475,0.553
6476,0.561
6477,0.5582
6478,0.5548
6479,0.5661
6480,0.5379
6481,0.5089
6482,0.4974
6483,0.4849
6484,0.4933
6485,0.4969
6486,0.4853
6487,0.476
6488,0.6004
6489,0.7139
6490,0.7445
6491,0.7523
6492,0.7527
6493,0.7379
6494,0.7104
6495,0.6616
6496,0.5679
6497,0.5254
6498,0.4801
6499,0.4085
6500,0.3838
6501,0.3521
6502,0.3101
6503,0.3053
6504,0.3536
6505,0.412
6506,0.455
6507,0.5463
6508,0.5872
6509,0.6712
6510,0.7142
6511,0.7463
6512,0.8104
6513,0.8398
6514,0.8491
6515,0.8636
6516,0.8689
6517,0.8632
6518,0.8397
6519,0.805
6520,0.8012
6521,0.8245
6522,0.8452
6523,0.836
6524,0.8245
6525,0.8225
6526,0.8267
6527,0.8087
6528,0.7573
6529,0.6926
6530,0.6187
6531,0.5632
6532,0.4954
6533,0.4411
6534,0.3863
6535,0.317
6536,0.3566
6537,0.3431
6538,0.3001
6539,0.2729
6540,0.2594
6541,0.2424
6542,0.2278
6543,0.2062
6544,0.1583
6545,0.155
6546,0.1938
6547,0.2456
6548,0.298
6549,0.3745
6550,0.4594
6551,0.5703
6552,0.6183
6553,0.6028
6554,0.5688
6555,0.5472
6556,0.5552
6557,0.5544
6558,0.4714
6559,0.36
6560,0.3213
6561,0.3952
6562,0.4523
6563,0.4727
6564,0.4785
6565,0.4555
6566,0.3776
6567,0.3062
6568,0.2577
6569,0.2759
6570,0.2825
6571,0.2557
6572,0.2254
6573,0.1982
6574,0.2011
6575,0.2418
6576,0.3241
6577,0.3909
6578,0.4333
6579,0.4062
6580,0.3268
6581,0.2592
6582,0.1965
6583,0.1504
6584,0.2428
6585,0.3132
6586,0.3555
6587,0.4036
6588,0.4502
6589,0.4808
6590,0.4846
6591,0.454
6592,0.3251
6593,0.2534
6594,0.2676
6595,0.2852
6596,0.2827
6597,0.2706
6598,0.2428
6599,0.211
6600,0.1819
6601,0.1649
6602,0.1625
6603,0.1727
6604,0.1864
6605,0.1979
6606,0.1983
6607,0.1525
6608,0.1408
6609,0.1539
6610,0.1251
6611,0.0942
6612,0.0789
6613,0.0755
6614,0.0759
6615,0.0717
6616,0.0684
6617,0.0817
6618,0.1126
6619,0.1655
6620,0.219
6621,0.2574
6622,0.2838
6623,0.2945
6624,0.3176
6625,0.3585
6626,0.4036
6627,0.446
6628,0.4666
6629,0.4838
6630,0.5025
6631,0.5165
6632,0.5192
6633,0.5825
6634,0.6046
6635,0.6162
6636,0.6177
6637,0.613
6638,0.5695
6639,0.4116
6640,0.3075
6641,0.316
6642,0.3101
6643,0.2949
6644,0.2411
6645,0.222
6646,0.2013
6647,0.1739
6648,0.1402
6649,0.122
6650,0.1119
6651,0.105
6652,0.0984
6653,0.0911
6654,0.0851
6655,0.0745
6656,0.0632
6657,0.054
6658,0.0456
6659,0.0404
6660,0.0403
6661,0.0435
6662,0.0495
6663,0.0574
6664,0.0735
6665,0.1279
6666,0.1903
6667,0.2272
6668,0.2362
6669,0.2327
6670,0.2254
6671,0.2176
6672,0.2114
6673,0.2027
6674,0.1839
6675,0.1769
6676,0.1757
6677,0.201
6678,0.2192
6679,0.2216
6680,0.217
6681,0.2531
6682,0.2992
6683,0.3417
6684,0.3808
6685,0.4213
6686,0.4713
6687,0.433
6688,0.3537
6689,0.3291
6690,0.2736
6691,0.2249
6692,0.1742
6693,0.1256
6694,0.081
6695,0.0807
6696,0.0841
6697,0.0875
6698,0.0892
6699,0.0745
6700,0.071
6701,0.072
6702,0.0618
6703,0.0328
6704,0.0246
6705,0.024
6706,0.0222
6707,0.0249
6708,0.0362
6709,0.0538
6710,0.0684
6711,0.0762
6712,0.0917
6713,0.163
6714,0.2509
6715,0.2993
6716,0.3267
6717,0.3406
6718,0.3668
6719,0.41
6720,0.4477
6721,0.4639
6722,0.4563
6723,0.4501
6724,0.4111
6725,0.3604
6726,0.3103
6727,0.2343
6728,0.1661
6729,0.1595
6730,0.1881
6731,0.243
6732,0.2599
6733,0.2738
6734,0.314
6735,0.3115
6736,0.3285
6737,0.3906
6738,0.412
6739,0.4151
6740,0.4062
6741,0.4011
6742,0.41
6743,0.4166
6744,0.4032
6745,0.3847
6746,0.3671
6747,0.3576
6748,0.3452
6749,0.3413
6750,0.3492
6751,0.3163
6752,0.3543
6753,0.4975
6754,0.5921
6755,0.6554
6756,0.6442
6757,0.6153
6758,0.594
6759,0.5763
6760,0.5643
6761,0.5404
6762,0.5017
6763,0.4826
6764,0.4701
6765,0.4753
6766,0.4494
6767,0.4332
6768,0.4328
6769,0.4529
6770,0.4228
6771,0.3895
6772,0.3844
6773,0.3836
6774,0.3752
6775,0.3639
6776,0.4189
6777,0.5159
6778,0.5608
6779,0.5677
6780,0.5578
6781,0.5369
6782,0.5112
6783,0.4596
6784,0.4144
6785,0.4624
6786,0.4677
6787,0.475
6788,0.4986
6789,0.4887
6790,0.4317
6791,0.4293
6792,0.4368
6793,0.4448
6794,0.4508
6795,0.4574
6796,0.471
6797,0.4748
6798,0.4892
6799,0.4878
6800,0.5404
6801,0.6774
6802,0.7399
6803,0.7744
6804,0.7986
6805,0.7945
6806,0.7517
6807,0.6969
6808,0.6584
6809,0.6506
6810,0.6411
6811,0.5976
6812,0.5803
6813,0.5429
6814,0.4963
6815,0.4743
6816,0.4702
6817,0.4593
6818,0.4431
6819,0.4293
6820,0.4256
6821,0.4248
6822,0.4005
6823,0.3584
6824,0.4027
6825,0.4236
6826,0.3941
6827,0.3799
6828,0.3776
6829,0.3443
6830,0.2798
6831,0.1977
6832,0.1711
6833,0.1897
6834,0.2022
6835,0.198
6836,0.2165
6837,0.2521
6838,0.2826
6839,0.3108
6840,0.328
6841,0.3458
6842,0.3508
6843,0.3432
6844,0.3494
6845,0.3527
6846,0.3662
6847,0.3661
6848,0.3704
6849,0.526
6850,0.6541
6851,0.7113
6852,0.7211
6853,0.7065
6854,0.673
6855,0.5765
6856,0.4837
6857,0.4583
6858,0.3845
6859,0.3224
6860,0.2606
6861,0.2026
6862,0.1421
6863,0.0916
6864,0.0624
6865,0.0447
6866,0.0247
6867,0.0111
6868,0.0264
6869,0.0823
6870,0.1588
6871,0.1909
6872,0.1903
6873,0.2325
6874,0.2907
6875,0.3065
6876,0.2994
6877,0.294
6878,0.2657
6879,0.184
6880,0.1863
6881,0.3319
6882,0.4591
6883,0.4763
6884,0.4209
6885,0.3646
6886,0.4176
6887,0.4053
6888,0.3596
6889,0.3273
6890,0.2612
6891,0.1828
6892,0.1473
6893,0.1461
6894,0.1122
6895,0.061
6896,0.0381
6897,0.0473
6898,0.0663
6899,0.0827
6900,0.1339
6901,0.1617
6902,0.1599
6903,0.1437
6904,0.1844
6905,0.2039
6906,0.2365
6907,0.2759
6908,0.2794
6909,0.283
6910,0.2902
6911,0.276
6912,0.2733
6913,0.2759
6914,0.2795
6915,0.2873
6916,0.2985
6917,0.322
6918,0.3623
6919,0.3867
6920,0.4827
6921,0.5888
6922,0.6416
6923,0.6599
6924,0.6474
6925,0.6275
6926,0.6106
6927,0.6101
6928,0.6211
6929,0.6361
6930,0.6426
6931,0.6235
6932,0.5706
6933,0.5258
6934,0.497
6935,0.4766
6936,0.4291
6937,0.373
6938,0.3325
6939,0.2783
6940,0.2394
6941,0.2232
6942,0.2196
6943,0.1579
6944,0.1354
6945,0.1653
6946,0.1821
6947,0.2067
6948,0.227
6949,0.2345
6950,0.2271
6951,0.1871
6952,0.2026
6953,0.2886
6954,0.3185
6955,0.3388
6956,0.3597
6957,0.382
6958,0.4048
6959,0.3783
6960,0.3546
6961,0.3638
6962,0.3708
6963,0.3952
6964,0.4488
6965,0.5467
6966,0.624
6967,0.6955
6968,0.7597
6969,0.7954
6970,0.7957
6971,0.7827
6972,0.7546
6973,0.7138
6974,0.6642
6975,0.5992
6976,0.5479
6977,0.5504
6978,0.5174
6979,0.5175
6980,0.4991
6981,0.4688
6982,0.3851
6983,0.3569
6984,0.3786
6985,0.4061
6986,0.3834
6987,0.3446
6988,0.3804
6989,0.4425
6990,0.4272
6991,0.3584
6992,0.3401
6993,0.3642
6994,0.3494
6995,0.3274
6996,0.3148
6997,0.284
6998,0.227
6999,0.18
7000,0.1844
7001,0.2147
7002,0.2156
7003,0.1977
7004,0.1675
7005,0.1519
7006,0.1339
7007,0.1128
7008,0.1114
7009,0.1166
7010,0.1026
7011,0.0725
7012,0.0413
7013,0.0219
7014,0.0145
7015,0.0128
7016,0.0179
7017,0.0284
7018,0.0585
7019,0.1211
7020,0.1955
7021,0.2205
7022,0.2014
7023,0.2016
7024,0.2605
7025,0.3261
7026,0.2717
7027,0.2936
7028,0.3341
7029,0.3574
7030,0.3337
7031,0.3614
7032,0.2989
7033,0.2392
7034,0.1959
7035,0.1848
7036,0.1855
7037,0.2049
7038,0.2324
7039,0.2523
7040,0.2965
7041,0.411
7042,0.4694
7043,0.4793
7044,0.4122
7045,0.3393
7046,0.2587
7047,0.1962
7048,0.2012
7049,0.2425
7050,0.2483
7051,0.2296
7052,0.2178
7053,0.2104
7054,0.2054
7055,0.1953
7056,0.1755
7057,0.1636
7058,0.1748
7059,0.1524
7060,0.1317
7061,0.1313
7062,0.1397
7063,0.1062
7064,0.0633
7065,0.0419
7066,0.0361
7067,0.0251
7068,0.0181
7069,0.01
7070,0.0045
7071,0.0023
7072,0.0055
7073,0.0168
7074,0.034
7075,0.0466
7076,0.0586
7077,0.0688
7078,0.0718
7079,0.0834
7080,0.1112
7081,0.1412
7082,0.1573
7083,0.1504
7084,0.1403
7085,0.1469
7086,0.1703
7087,0.1503
7088,0.1209
7089,0.1313
7090,0.1441
7091,0.123
7092,0.0865
7093,0.0674
7094,0.0798
7095,0.1037
7096,0.1464
7097,0.1836
7098,0.1931
7099,0.2036
7100,0.2164
7101,0.2227
7102,0.2097
7103,0.1548
7104,0.1376
7105,0.2036
7106,0.2498
7107,0.2549
7108,0.2797
7109,0.308
7110,0.3338
7111,0.3211
7112,0.3194
7113,0.3338
7114,0.465
7115,0.592
7116,0.6721
7117,0.6717
7118,0.6386
7119,0.6001
7120,0.5479
7121,0.5197
7122,0.4826
7123,0.4386
7124,0.3904
7125,0.3621
7126,0.3482
7127,0.3449
7128,0.2967
7129,0.2777
7130,0.2994
7131,0.3042
7132,0.3025
7133,0.309
7134,0.3135
7135,0.2792
7136,0.2716
7137,0.3657
7138,0.4288
7139,0.4854
7140,0.5347
7141,0.5716
7142,0.5795
7143,0.5486
7144,0.5385
7145,0.5262
7146,0.5289
7147,0.5521
7148,0.5682
7149,0.5967
7150,0.626
7151,0.6195
7152,0.6205
7153,0.6203
7154,0.6412
7155,0.6298
7156,0.6049
7157,0.5894
7158,0.5702
7159,0.5353
7160,0.4902
7161,0.6154
7162,0.6728
7163,0.6993
7164,0.7249
7165,0.7322
7166,0.7303
7167,0.7237
7168,0.7289
7169,0.7227
7170,0.7216
7171,0.7234
7172,0.677
7173,0.6199
7174,0.5458
7175,0.4674
7176,0.3886
7177,0.3037
7178,0.2552
7179,0.2214
7180,0.1855
7181,0.1496
7182,0.1101
7183,0.0823
7184,0.0656
7185,0.0547
7186,0.0482
7187,0.0475
7188,0.0492
7189,0.0509
7190,0.0527
7191,0.0572
7192,0.0735
7193,0.0879
7194,0.0906
7195,0.0842
7196,0.0715
7197,0.0592
7198,0.0506
7199,0.0415
7200,0.0328
7201,0.0263
7202,0.0219
7203,0.0185
7204,0.0161
7205,0.014
7206,0.0129
7207,0.0116
7208,0.0091
7209,0.0109
7210,0.0267
7211,0.0331
7212,0.0399
7213,0.051
7214,0.0613
7215,0.0732
7216,0.108
7217,0.1396
7218,0.1505
7219,0.1468
7220,0.1384
7221,0.1314
7222,0.1306
7223,0.1382
7224,0.1457
7225,0.1483
7226,0.1437
7227,0.1516
7228,0.1672
7229,0.1712
7230,0.1563
7231,0.1273
7232,0.1083
7233,0.1614
7234,0.2038
7235,0.1913
7236,0.1721
7237,0.1666
7238,0.1788
7239,0.1871
7240,0.2667
7241,0.357
7242,0.3698
7243,0.3502
7244,0.3298
7245,0.3019
7246,0.2738
7247,0.2444
7248,0.2281
7249,0.2162
7250,0.2097
7251,0.2041
7252,0.196
7253,0.1872
7254,0.1792
7255,0.1576
7256,0.1213
7257,0.1313
7258,0.1763
7259,0.209
7260,0.2187
7261,0.2145
7262,0.1982
7263,0.167
7264,0.2264
7265,0.3228
7266,0.339
7267,0.3168
7268,0.2943
7269,0.2768
7270,0.2667
7271,0.2593
7272,0.2532
7273,0.2426
7274,0.228
7275,0.2202
7276,0.2134
7277,0.2104
7278,0.2168
7279,0.1924
7280,0.1201
7281,0.1379
7282,0.1684
7283,0.1684
7284,0.1554
7285,0.1297
7286,0.1052
7287,0.1105
7288,0.172
7289,0.2469
7290,0.2835
7291,0.2884
7292,0.2669
7293,0.2329
7294,0.2189
7295,0.2113
7296,0.1906
7297,0.1812
7298,0.1811
7299,0.1778
7300,0.1741
7301,0.1885
7302,0.2059
7303,0.2225
7304,0.2355
7305,0.2559
7306,0.2689
7307,0.3185
7308,0.3467
7309,0.4209
7310,0.4729
7311,0.4936
7312,0.5138
7313,0.4814
7314,0.4431
7315,0.4387
7316,0.4479
7317,0.474
7318,0.4922
7319,0.5252
7320,0.5648
7321,0.5969
7322,0.6386
7323,0.6597
7324,0.6643
7325,0.6616
7326,0.6413
7327,0.5967
7328,0.5693
7329,0.6176
7330,0.7218
7331,0.8031
7332,0.8574
7333,0.8878
7334,0.8915
7335,0.8772
7336,0.8573
7337,0.829
7338,0.7894
7339,0.7246
7340,0.6547
7341,0.6129
7342,0.5839
7343,0.563
7344,0.5266
7345,0.4933
7346,0.4586
7347,0.3991
7348,0.3267
7349,0.2639
7350,0.2142
7351,0.1654
7352,0.1183
7353,0.1038
7354,0.1151
7355,0.1185
7356,0.1064
7357,0.1126
7358,0.1028
7359,0.111
7360,0.1525
7361,0.1734
7362,0.1838
7363,0.1963
7364,0.2064
7365,0.2257
7366,0.2585
7367,0.3108
7368,0.3741
7369,0.4207
7370,0.4366
7371,0.4225
7372,0.3587
7373,0.3212
7374,0.3023
7375,0.2917
7376,0.2781
7377,0.2673
7378,0.3161
7379,0.3846
7380,0.4119
7381,0.3919
7382,0.3162
7383,0.2628
7384,0.2822
7385,0.3028
7386,0.3217
7387,0.3312
7388,0.3311
7389,0.3375
7390,0.3427
7391,0.3312
7392,0.3263
7393,0.2904
7394,0.2616
7395,0.2305
7396,0.2023
7397,0.1819
7398,0.161
7399,0.1338
7400,0.1064
7401,0.0762
7402,0.0597
7403,0.0433
7404,0.0291
7405,0.0201
7406,0.0154
7407,0.0159
7408,0.0186
7409,0.0221
7410,0.0277
7411,0.0379
7412,0.052
7413,0.0672
7414,0.0808
7415,0.0921
7416,0.1035
7417,0.1139
7418,0.1165
7419,0.1108
7420,0.1004
7421,0.0928
7422,0.0802
7423,0.0599
7424,0.033
7425,0.0238
7426,0.0225
7427,0.0207
7428,0.0254
7429,0.0346
7430,0.0426
7431,0.0545
7432,0.0651
7433,0.054
7434,0.0324
7435,0.0245
7436,0.0462
7437,0.0965
7438,0.1516
7439,0.1946
7440,0.2168
7441,0.2207
7442,0.235
7443,0.2645
7444,0.3309
7445,0.3924
7446,0.4396
7447,0.453
7448,0.4456
7449,0.4063
7450,0.3989
7451,0.4375
7452,0.4845
7453,0.5623
7454,0.599
7455,0.5382
7456,0.4433
7457,0.3622
7458,0.3557
7459,0.3354
7460,0.3288
7461,0.3202
7462,0.2994
7463,0.2822
7464,0.2552
7465,0.2192
7466,0.1901
7467,0.1746
7468,0.1705
7469,0.1563
7470,0.1394
7471,0.1202
7472,0.0828
7473,0.0631
7474,0.0413
7475,0.0208
7476,0.0112
7477,0.0086
7478,0.0091
7479,0.0193
7480,0.0414
7481,0.0678
7482,0.097
7483,0.131
7484,0.1685
7485,0.1928
7486,0.2013
7487,0.1988
7488,0.1807
7489,0.1628
7490,0.1639
7491,0.1921
7492,0.2346
7493,0.2516
7494,0.2614
7495,0.2451
7496,0.2031
7497,0.1756
7498,0.1817
7499,0.1899
7500,0.1925
7501,0.1919
7502,0.1892
7503,0.1595
7504,0.1933
7505,0.2359
7506,0.256
7507,0.2597
7508,0.2516
7509,0.223
7510,0.187
7511,0.1569
7512,0.1259
7513,0.1007
7514,0.0873
7515,0.0925
7516,0.1012
7517,0.0976
7518,0.0887
7519,0.0791
7520,0.059
7521,0.0427
7522,0.0385
7523,0.0351
7524,0.0234
7525,0.0128
7526,0.0073
7527,0.0126
7528,0.0261
7529,0.0421
7530,0.0718
7531,0.1559
7532,0.2751
7533,0.2869
7534,0.266
7535,0.2541
7536,0.2339
7537,0.2262
7538,0.2397
7539,0.2714
7540,0.3276
7541,0.4055
7542,0.4642
7543,0.4978
7544,0.5572
7545,0.6434
7546,0.6856
7547,0.7005
7548,0.6405
7549,0.5495
7550,0.4607
7551,0.3934
7552,0.3545
7553,0.3323
7554,0.317
7555,0.3213
7556,0.3222
7557,0.3173
7558,0.3157
7559,0.3197
7560,0.3155
7561,0.2846
7562,0.2946
7563,0.2723
7564,0.2894
7565,0.3004
7566,0.3314
7567,0.3558
7568,0.3296
7569,0.3257
7570,0.3324
7571,0.3696
7572,0.3885
7573,0.3816
7574,0.3573
7575,0.3906
7576,0.4211
7577,0.4024
7578,0.4048
7579,0.3995
7580,0.4019
7581,0.4183
7582,0.4041
7583,0.379
7584,0.3282
7585,0.2961
7586,0.2657
7587,0.2545
7588,0.25
7589,0.2508
7590,0.2509
7591,0.2534
7592,0.2252
7593,0.185
7594,0.1661
7595,0.1755
7596,0.1783
7597,0.1662
7598,0.1518
7599,0.197
7600,0.2714
7601,0.292
7602,0.2963
7603,0.3058
7604,0.3158
7605,0.3277
7606,0.3568
7607,0.3717
7608,0.3878
7609,0.4057
7610,0.4256
7611,0.4408
7612,0.4434
7613,0.4346
7614,0.462
7615,0.4293
7616,0.3729
7617,0.3234
7618,0.2841
7619,0.2279
7620,0.1571
7621,0.0977
7622,0.0735
7623,0.0655
7624,0.0541
7625,0.0482
7626,0.0477
7627,0.0574
7628,0.0754
7629,0.0959
7630,0.1339
7631,0.1832
7632,0.2111
7633,0.2158
7634,0.2133
7635,0.1734
7636,0.1831
7637,0.1857
7638,0.1883
7639,0.1839
7640,0.1694
7641,0.167
7642,0.1665
7643,0.1688
7644,0.1671
7645,0.1626
7646,0.1556
7647,0.177
7648,0.2302
7649,0.2774
7650,0.2831
7651,0.2628
7652,0.2226
7653,0.1655
7654,0.1325
7655,0.1252
7656,0.1299
7657,0.1288
7658,0.1164
7659,0.1029
7660,0.0939
7661,0.0907
7662,0.094
7663,0.1045
7664,0.0972
7665,0.0674
7666,0.071
7667,0.1373
7668,0.1812
7669,0.1895
7670,0.1518
7671,0.1382
7672,0.1692
7673,0.2034
7674,0.2337
7675,0.2396
7676,0.2267
7677,0.2145
7678,0.2079
7679,0.1894
7680,0.1779
7681,0.1699
7682,0.1299
7683,0.0935
7684,0.0629
7685,0.0439
7686,0.0259
7687,0.0135
7688,0.0131
7689,0.0073
7690,0.006
7691,0.0161
7692,0.0337
7693,0.0597
7694,0.0877
7695,0.1316
7696,0.1698
7697,0.1777
7698,0.1772
7699,0.187
7700,0.1947
7701,0.1859
7702,0.1711
7703,0.161
7704,0.1545
7705,0.137
7706,0.1309
7707,0.1183
7708,0.1159
7709,0.1173
7710,0.1236
7711,0.1325
7712,0.1246
7713,0.1065
7714,0.1048
7715,0.1191
7716,0.1405
7717,0.1566
7718,0.186
7719,0.2308
7720,0.2791
7721,0.303
7722,0.3269
7723,0.3348
7724,0.3595
7725,0.3584
7726,0.358
7727,0.3488
7728,0.3334
7729,0.3041
7730,0.2831
7731,0.2566
7732,0.2274
7733,0.2068
7734,0.2008
7735,0.1938
7736,0.156
7737,0.1016
7738,0.0754
7739,0.071
7740,0.0678
7741,0.0581
7742,0.0425
7743,0.0348
7744,0.0298
7745,0.035
7746,0.0533
7747,0.0828
7748,0.1136
7749,0.1282
7750,0.123
7751,0.1098
7752,0.0991
7753,0.0981
7754,0.1069
7755,0.1273
7756,0.1532
7757,0.1726
7758,0.1826
7759,0.1781
7760,0.1183
7761,0.0624
7762,0.066
7763,0.0879
7764,0.0933
7765,0.1072
7766,0.1226
7767,0.1914
7768,0.3018
7769,0.3556
7770,0.3475
7771,0.3177
7772,0.2677
7773,0.2264
7774,0.1971
7775,0.1766
7776,0.171
7777,0.1715
7778,0.1691
7779,0.1593
7780,0.1461
7781,0.1355
7782,0.13
7783,0.1267
7784,0.1149
7785,0.1044
7786,0.102
7787,0.1079
7788,0.1108
7789,0.1131
7790,0.1249
7791,0.1869
7792,0.2768
7793,0.3184
7794,0.3212
7795,0.3111
7796,0.3148
7797,0.3068
7798,0.3394
7799,0.3499
7800,0.397
7801,0.4029
7802,0.3937
7803,0.3758
7804,0.3602
7805,0.3576
7806,0.3736
7807,0.362
7808,0.3262
7809,0.3061
7810,0.3404
7811,0.3449
7812,0.3331
7813,0.3102
7814,0.3081
7815,0.3769
7816,0.4423
7817,0.4655
7818,0.4799
7819,0.4874
7820,0.4985
7821,0.5579
7822,0.585
7823,0.5702
7824,0.5493
7825,0.5209
7826,0.4862
7827,0.4491
7828,0.3874
7829,0.3358
7830,0.302
7831,0.3172
7832,0.2752
7833,0.2144
7834,0.1778
7835,0.1319
7836,0.1048
7837,0.0968
7838,0.1072
7839,0.1623
7840,0.2393
7841,0.2533
7842,0.225
7843,0.1997
7844,0.1863
7845,0.1744
7846,0.1651
7847,0.1581
7848,0.1501
7849,0.1346
7850,0.1237
7851,0.1193
7852,0.114
7853,0.1082
7854,0.1003
7855,0.0918
7856,0.0782
7857,0.0561
7858,0.0399
7859,0.0365
7860,0.0355
7861,0.0349
7862,0.0421
7863,0.0696
7864,0.1064
7865,0.149
7866,0.183
7867,0.1959
7868,0.186
7869,0.1709
7870,0.1643
7871,0.1518
7872,0.1451
7873,0.15
7874,0.1623
7875,0.1656
7876,0.1625
7877,0.1522
7878,0.1477
7879,0.1431
7880,0.1344
7881,0.1127
7882,0.1343
7883,0.157
7884,0.1638
7885,0.1611
7886,0.1572
7887,0.2171
7888,0.3141
7889,0.3471
7890,0.3529
7891,0.3312
7892,0.3257
7893,0.3231
7894,0.3075
7895,0.2968
7896,0.3018
7897,0.2877
7898,0.2682
7899,0.2647
7900,0.2623
7901,0.2743
7902,0.2943
7903,0.3036
7904,0.3082
7905,0.3231
7906,0.3513
7907,0.4488
7908,0.4693
7909,0.4703
7910,0.4932
7911,0.5247
7912,0.5245
7913,0.4975
7914,0.4478
7915,0.3988
7916,0.3687
7917,0.3779
7918,0.3851
7919,0.3775
7920,0.3582
7921,0.3893
7922,0.4874
7923,0.5595
7924,0.6037
7925,0.6515
7926,0.6587
7927,0.6769
7928,0.7234
7929,0.729
7930,0.7195
7931,0.7124
7932,0.6979
7933,0.6472
7934,0.6488
7935,0.709
7936,0.7685
7937,0.8192
7938,0.8562
7939,0.8783
7940,0.8892
7941,0.8799
7942,0.8679
7943,0.8479
7944,0.8263
7945,0.8022
7946,0.7962
7947,0.8013
7948,0.7907
7949,0.7754
7950,0.7669
7951,0.7446
7952,0.7211
7953,0.7024
7954,0.6905
7955,0.6809
7956,0.6642
7957,0.6292
7958,0.5924
7959,0.5474
7960,0.4835
7961,0.4033
7962,0.3509
7963,0.2976
7964,0.2447
7965,0.2154
7966,0.2027
7967,0.1723
7968,0.1481
7969,0.1329
7970,0.1217
7971,0.1152
7972,0.1103
7973,0.1101
7974,0.113
7975,0.1146
7976,0.1114
7977,0.0886
7978,0.0862
7979,0.1139
7980,0.1366
7981,0.1413
7982,0.1246
7983,0.1434
7984,0.1633
7985,0.1566
7986,0.133
7987,0.109
7988,0.0892
7989,0.0723
7990,0.0544
7991,0.0343
7992,0.0186
7993,0.0088
7994,0.0056
7995,0.0067
7996,0.0103
7997,0.0169
7998,0.0219
7999,0.0233
8000,0.0228
8001,0.0213
8002,0.0199
8003,0.0212
8004,0.0285
8005,0.0369
8006,0.0542
8007,0.1136
8008,0.213
8009,0.2919
8010,0.3081
8011,0.2858
8012,0.2623
8013,0.2439
8014,0.235
8015,0.2223
8016,0.2186
8017,0.2238
8018,0.2226
8019,0.23
8020,0.2436
8021,0.2524
8022,0.2448
8023,0.2287
8024,0.2228
8025,0.1983
8026,0.1856
8027,0.1787
8028,0.1671
8029,0.1537
8030,0.1582
8031,0.1908
8032,0.2184
8033,0.217
8034,0.1987
8035,0.1575
8036,0.1099
8037,0.0826
8038,0.066
8039,0.0625
8040,0.0623
8041,0.0598
8042,0.0523
8043,0.0489
8044,0.0506
8045,0.0506
8046,0.0582
8047,0.0797
8048,0.098
8049,0.0935
8050,0.0854
8051,0.0865
8052,0.1002
8053,0.1089
8054,0.1183
8055,0.1503
8056,0.1634
8057,0.1562
8058,0.1579
8059,0.1548
8060,0.1443
8061,0.1211
8062,0.1018
8063,0.0789
8064,0.0566
8065,0.043
8066,0.0349
8067,0.0265
8068,0.0228
8069,0.034
8070,0.0499
8071,0.0548
8072,0.0473
8073,0.04
8074,0.0443
8075,0.0631
8076,0.0615
8077,0.0534
8078,0.052
8079,0.0623
8080,0.0807
8081,0.107
8082,0.1322
8083,0.1441
8084,0.1311
8085,0.1055
8086,0.0879
8087,0.0762
8088,0.0668
8089,0.0578
8090,0.0544
8091,0.0591
8092,0.0668
8093,0.0732
8094,0.0787
8095,0.0783
8096,0.065
8097,0.0386
8098,0.034
8099,0.0377
8100,0.0365
8101,0.0273
8102,0.024
8103,0.0282
8104,0.0397
8105,0.0524
8106,0.0623
8107,0.0703
8108,0.0812
8109,0.1013
8110,0.1275
8111,0.1543
8112,0.1763
8113,0.178
8114,0.1422
8115,0.1078
8116,0.0843
8117,0.0696
8118,0.0635
8119,0.0659
8120,0.0721
8121,0.0791
8122,0.1068
8123,0.13
8124,0.1463
8125,0.1581
8126,0.1784
8127,0.2613
8128,0.3318
8129,0.3405
8130,0.3504
8131,0.374
8132,0.4338
8133,0.4453
8134,0.4671
8135,0.4996
8136,0.5072
8137,0.5221
8138,0.5328
8139,0.5427
8140,0.5671
8141,0.6159
8142,0.6278
8143,0.6313
8144,0.6409
8145,0.667
8146,0.6851
8147,0.7039
8148,0.7402
8149,0.752
8150,0.7358
8151,0.757
8152,0.769
8153,0.793
8154,0.8033
8155,0.7862
8156,0.7631
8157,0.7483
8158,0.7034
8159,0.6348
8160,0.5715
8161,0.5065
8162,0.4601
8163,0.4181
8164,0.3956
8165,0.3705
8166,0.3606
8167,0.3397
8168,0.314
8169,0.2676
8170,0.2348
8171,0.2348
8172,0.275
8173,0.2771
8174,0.2869
8175,0.355
8176,0.3873
8177,0.3908
8178,0.4131
8179,0.4376
8180,0.4775
8181,0.4927
8182,0.5487
8183,0.5743
8184,0.6304
8185,0.6989
8186,0.7469
8187,0.8295
8188,0.8722
8189,0.8947
8190,0.9079
8191,0.9122
8192,0.8835
8193,0.8401
8194,0.7867
8195,0.7448
8196,0.7196
8197,0.7028
8198,0.7053
8199,0.7327
8200,0.7638
8201,0.7784
8202,0.7855
8203,0.7978
8204,0.7943
8205,0.7745
8206,0.7627
8207,0.7694
8208,0.7703
8209,0.78
8210,0.7802
8211,0.7698
8212,0.7574
8213,0.7315
8214,0.6716
8215,0.583
8216,0.4844
8217,0.4341
8218,0.507
8219,0.6101
8220,0.6806
8221,0.7222
8222,0.7494
8223,0.7629
8224,0.7484
8225,0.709
8226,0.6353
8227,0.5665
8228,0.49
8229,0.3947
8230,0.3259
8231,0.2681
8232,0.2191
8233,0.1717
8234,0.1379
8235,0.1463
8236,0.144
8237,0.1899
8238,0.2356
8239,0.2351
8240,0.2568
8241,0.2895
8242,0.3756
8243,0.4503
8244,0.5106
8245,0.5788
8246,0.6426
8247,0.6998
8248,0.7441
8249,0.794
8250,0.84
8251,0.8458
8252,0.8501
8253,0.8437
8254,0.8293
8255,0.8005
8256,0.7449
8257,0.6334
8258,0.5138
8259,0.3943
8260,0.3363
8261,0.297
8262,0.2624
8263,0.2383
8264,0.2237
8265,0.2069
8266,0.1784
8267,0.1561
8268,0.1468
8269,0.146
8270,0.1762
8271,0.232
8272,0.2647
8273,0.2803
8274,0.29
8275,0.3001
8276,0.2989
8277,0.2947
8278,0.2854
8279,0.2548
8280,0.2292
8281,0.2126
8282,0.2118
8283,0.2098
8284,0.2034
8285,0.1942
8286,0.2093
8287,0.2296
8288,0.2325
8289,0.2586
8290,0.3568
8291,0.458
8292,0.5638
8293,0.6373
8294,0.6621
8295,0.7204
8296,0.7671
8297,0.7973
8298,0.8317
8299,0.8561
8300,0.8585
8301,0.8472
8302,0.8051
8303,0.729
8304,0.6088
8305,0.4962
8306,0.4629
8307,0.4405
8308,0.4139
8309,0.3542
8310,0.3719
8311,0.4021
8312,0.4518
8313,0.5083
8314,0.5579
8315,0.607
8316,0.6381
8317,0.6461
8318,0.6274
8319,0.5925
8320,0.5556
8321,0.5386
8322,0.5566
8323,0.5769
8324,0.5861
8325,0.575
8326,0.5492
8327,0.5187
8328,0.4887
8329,0.4507
8330,0.4124
8331,0.4379
8332,0.5493
8333,0.6072
8334,0.6511
8335,0.7143
8336,0.7755
8337,0.798
8338,0.8164
8339,0.8557
8340,0.8779
8341,0.8638
8342,0.8312
8343,0.8161
8344,0.8036
8345,0.7571
8346,0.6686
8347,0.5144
8348,0.3912
8349,0.3598
8350,0.3766
8351,0.4267
8352,0.5009
8353,0.5672
8354,0.6695
8355,0.8406
8356,0.8763
8357,0.838
8358,0.7928
8359,0.7302
8360,0.6426
8361,0.5598
8362,0.5416
8363,0.6405
8364,0.6998
8365,0.6978
8366,0.6697
8367,0.6369
8368,0.5511
8369,0.4661
8370,0.4294
8371,0.4247
8372,0.4115
8373,0.3816
8374,0.3403
8375,0.3278
8376,0.2922
8377,0.2859
8378,0.2886
8379,0.2894
8380,0.2874
8381,0.2872
8382,0.279
8383,0.2671
8384,0.2463
8385,0.2071
8386,0.1542
8387,0.1128
8388,0.0935
8389,0.0943
8390,0.1169
8391,0.1462
8392,0.1697
8393,0.1887
8394,0.1973
8395,0.2081
8396,0.2183
8397,0.2471
8398,0.2993
8399,0.3476
8400,0.4002
8401,0.4175
8402,0.4323
8403,0.4657
8404,0.5001
8405,0.5504
8406,0.5251
8407,0.5087
8408,0.5303
8409,0.5697
8410,0.5578
8411,0.5825
8412,0.6435
8413,0.6765
8414,0.6716
8415,0.5936
8416,0.4849
8417,0.3821
8418,0.3152
8419,0.3117
8420,0.2658
8421,0.2094
8422,0.1957
8423,0.197
8424,0.1839
8425,0.1607
8426,0.1551
8427,0.1591
8428,0.1671
8429,0.1834
8430,0.1896
8431,0.1921
8432,0.1846
8433,0.1659
8434,0.1461
8435,0.1338
8436,0.1253
8437,0.1119
8438,0.1261
8439,0.2386
8440,0.3616
8441,0.4237
8442,0.4659
8443,0.4967
8444,0.5077
8445,0.5053
8446,0.5191
8447,0.5552
8448,0.5576
8449,0.5571
8450,0.5414
8451,0.5494
8452,0.5457
8453,0.5372
8454,0.5301
8455,0.541
8456,0.5096
8457,0.4814
8458,0.4486
8459,0.4318
8460,0.4582
8461,0.493
8462,0.5418
8463,0.6177
8464,0.6551
8465,0.6502
8466,0.6425
8467,0.6842
8468,0.7148
8469,0.6891
8470,0.6387
8471,0.5818
8472,0.5744
8473,0.6593
8474,0.7428
8475,0.8023
8476,0.8286
8477,0.8477
8478,0.8674
8479,0.8739
8480,0.8779
8481,0.8786
8482,0.8469
8483,0.7914
8484,0.7527
8485,0.6363
8486,0.5759
8487,0.5903
8488,0.6059
8489,0.603
8490,0.6212
8491,0.6222
8492,0.5931
8493,0.5353
8494,0.4989
8495,0.4515
8496,0.3829
8497,0.3274
8498,0.3058
8499,0.2942
8500,0.3
8501,0.3136
8502,0.3275
8503,0.3996
8504,0.4529
8505,0.482
8506,0.4958
8507,0.5567
8508,0.5613
8509,0.5231
8510,0.4798
8511,0.4822
8512,0.5386
8513,0.5408
8514,0.5199
8515,0.5496
8516,0.5384
8517,0.5171
8518,0.4925
8519,0.4817
8520,0.4614
8521,0.4428
8522,0.4387
8523,0.42
8524,0.365
8525,0.3166
8526,0.2846
8527,0.2638
8528,0.2536
8529,0.2651
8530,0.3368
8531,0.4851
8532,0.5971
8533,0.6657
8534,0.6946
8535,0.6948
8536,0.647
8537,0.5803
8538,0.5196
8539,0.4634
8540,0.4082
8541,0.3681
8542,0.3553
8543,0.3723
8544,0.4108
8545,0.4725
8546,0.4939
8547,0.4833
8548,0.4529
8549,0.4157
8550,0.4138
8551,0.4039
8552,0.3955
8553,0.3885
8554,0.3958
8555,0.4739
8556,0.503
8557,0.5033
8558,0.4784
8559,0.4786
8560,0.4579
8561,0.4178
8562,0.3874
8563,0.3441
8564,0.3079
8565,0.2936
8566,0.2596
8567,0.2698
8568,0.2701
8569,0.244
8570,0.2378
8571,0.2475
8572,0.3466
8573,0.5053
8574,0.6281
8575,0.6493
8576,0.6851
8577,0.7312
8578,0.7836
8579,0.7944
8580,0.806
8581,0.8011
8582,0.7819
8583,0.7605
8584,0.7287
8585,0.6889
8586,0.575
8587,0.5058
8588,0.5074
8589,0.5028
8590,0.4724
8591,0.4132
8592,0.3798
8593,0.3743
8594,0.3931
8595,0.4346
8596,0.447
8597,0.4683
8598,0.4566
8599,0.4291
8600,0.3756
8601,0.311
8602,0.2847
8603,0.2802
8604,0.2496
8605,0.2019
8606,0.1655
8607,0.1619
8608,0.1352
8609,0.093
8610,0.0513
8611,0.0238
8612,0.0159
8613,0.0201
8614,0.0258
8615,0.0285
8616,0.0273
8617,0.0253
8618,0.0309
8619,0.0433
8620,0.0632
8621,0.0863
8622,0.1072
8623,0.1232
8624,0.1372
8625,0.1537
8626,0.1772
8627,0.21
8628,0.223
8629,0.2439
8630,0.2851
8631,0.3433
8632,0.3762
8633,0.388
8634,0.358
8635,0.3352
8636,0.3239
8637,0.3138
8638,0.2823
8639,0.2169
8640,0.1593
8641,0.1078
8642,0.076
8643,0.0582
8644,0.0598
8645,0.0697
8646,0.0867
8647,0.0996
8648,0.102
8649,0.0833
8650,0.0626
8651,0.047
8652,0.0398
8653,0.0398
8654,0.0437
8655,0.0605
8656,0.0814
8657,0.0931
8658,0.0916
8659,0.0845
8660,0.0718
8661,0.0559
8662,0.0441
8663,0.0405
8664,0.0405
8665,0.0363
8666,0.0303
8667,0.0294
8668,0.0305
8669,0.0374
8670,0.0487
8671,0.0593
8672,0.071
8673,0.0666
8674,0.0476
8675,0.0406
8676,0.0408
8677,0.0341
8678,0.0338
8679,0.0557
8680,0.1196
8681,0.2171
8682,0.2559
8683,0.2232
8684,0.1902
8685,0.1694
8686,0.1833
8687,0.2211
8688,0.2458
8689,0.2217
8690,0.1874
8691,0.1493
8692,0.1316
8693,0.1396
8694,0.1433
8695,0.143
8696,0.1282
8697,0.0931
8698,0.0811
8699,0.0804
8700,0.0874
8701,0.0921
8702,0.124
8703,0.2023
8704,0.2785
8705,0.3272
8706,0.3499
8707,0.3549
8708,0.354
8709,0.3573
8710,0.3619
8711,0.36
8712,0.3531
8713,0.3506
8714,0.3553
8715,0.3594
8716,0.3591
8717,0.3585
8718,0.3593
8719,0.3611
8720,0.3289
8721,0.2533
8722,0.2144
8723,0.2051
8724,0.2188
8725,0.2673
8726,0.3724
8727,0.4972
8728,0.5231
8729,0.4913
8730,0.4582
8731,0.4203
8732,0.383
8733,0.355
8734,0.3366
8735,0.3049
8736,0.2606
8737,0.2182
8738,0.1809
8739,0.1477
8740,0.1058
8741,0.0615
8742,0.034
8743,0.0203
8744,0.0143
8745,0.0135
8746,0.0133
8747,0.0123
8748,0.0155
8749,0.0247
8750,0.0506
8751,0.1069
8752,0.182
8753,0.2476
8754,0.2751
8755,0.2557
8756,0.2186
8757,0.1743
8758,0.1387
8759,0.1207
