timestamp,facteur_charge
2019-01-01 01:00:00,1.374
2019-01-01 02:00:00,1.395
2019-01-01 03:00:00,1.391
2019-01-01 04:00:00,1.444
2019-01-01 05:00:00,1.501
2019-01-01 06:00:00,1.535
2019-01-01 07:00:00,1.545
2019-01-01 08:00:00,1.548
2019-01-01 09:00:00,1.445
2019-01-01 10:00:00,1.2810000000000001
2019-01-01 11:00:00,1.278
2019-01-01 12:00:00,1.392
2019-01-01 13:00:00,1.503
2019-01-01 14:00:00,1.6139999999999999
2019-01-01 15:00:00,1.74
2019-01-01 16:00:00,2.09
2019-01-01 17:00:00,2.591
2019-01-01 18:00:00,2.923
2019-01-01 19:00:00,3.075
2019-01-01 20:00:00,3.161
2019-01-01 21:00:00,3.322
2019-01-01 22:00:00,3.505
2019-01-01 23:00:00,3.663
2019-01-02 00:00:00,3.769
2019-01-02 01:00:00,3.783
2019-01-02 02:00:00,3.8979999999999997
2019-01-02 03:00:00,4.082
2019-01-02 04:00:00,4.246
2019-01-02 05:00:00,4.364
2019-01-02 06:00:00,4.4190000000000005
2019-01-02 07:00:00,4.4190000000000005
2019-01-02 08:00:00,4.476
2019-01-02 09:00:00,4.186
2019-01-02 10:00:00,3.646
2019-01-02 11:00:00,3.987
2019-01-02 12:00:00,4.536
2019-01-02 13:00:00,4.671
2019-01-02 14:00:00,4.58
2019-01-02 15:00:00,4.366
2019-01-02 16:00:00,4.536
2019-01-02 17:00:00,5.116
2019-01-02 18:00:00,5.297
2019-01-02 19:00:00,5.156
2019-01-02 20:00:00,4.8469999999999995
2019-01-02 21:00:00,4.409
2019-01-02 22:00:00,3.901
2019-01-02 23:00:00,3.4
2019-01-03 00:00:00,2.918
2019-01-03 01:00:00,2.597
2019-01-03 02:00:00,2.301
2019-01-03 03:00:00,2.041
2019-01-03 04:00:00,1.948
2019-01-03 05:00:00,1.979
2019-01-03 06:00:00,1.963
2019-01-03 07:00:00,1.909
2019-01-03 08:00:00,1.8339999999999999
2019-01-03 09:00:00,1.695
2019-01-03 10:00:00,1.54
2019-01-03 11:00:00,1.567
2019-01-03 12:00:00,1.736
2019-01-03 13:00:00,2.038
2019-01-03 14:00:00,2.213
2019-01-03 15:00:00,2.209
2019-01-03 16:00:00,2.482
2019-01-03 17:00:00,3.043
2019-01-03 18:00:00,3.234
2019-01-03 19:00:00,3.19
2019-01-03 20:00:00,3.078
2019-01-03 21:00:00,2.902
2019-01-03 22:00:00,2.719
2019-01-03 23:00:00,2.468
2019-01-04 00:00:00,2.147
2019-01-04 01:00:00,1.9280000000000002
2019-01-04 02:00:00,1.714
2019-01-04 03:00:00,1.602
2019-01-04 04:00:00,1.541
2019-01-04 05:00:00,1.5719999999999998
2019-01-04 06:00:00,1.592
2019-01-04 07:00:00,1.608
2019-01-04 08:00:00,1.661
2019-01-04 09:00:00,1.6380000000000001
2019-01-04 10:00:00,1.558
2019-01-04 11:00:00,1.467
2019-01-04 12:00:00,1.408
2019-01-04 13:00:00,1.466
2019-01-04 14:00:00,1.539
2019-01-04 15:00:00,1.565
2019-01-04 16:00:00,1.696
2019-01-04 17:00:00,2.084
2019-01-04 18:00:00,2.282
2019-01-04 19:00:00,2.3249999999999997
2019-01-04 20:00:00,2.307
2019-01-04 21:00:00,2.237
2019-01-04 22:00:00,2.234
2019-01-04 23:00:00,2.299
2019-01-05 00:00:00,2.325
2019-01-05 01:00:00,2.362
2019-01-05 02:00:00,2.383
2019-01-05 03:00:00,2.434
2019-01-05 04:00:00,2.458
2019-01-05 05:00:00,2.479
2019-01-05 06:00:00,2.465
2019-01-05 07:00:00,2.498
2019-01-05 08:00:00,2.513
2019-01-05 09:00:00,2.385
2019-01-05 10:00:00,2.1630000000000003
2019-01-05 11:00:00,2.142
2019-01-05 12:00:00,2.316
2019-01-05 13:00:00,2.505
2019-01-05 14:00:00,2.706
2019-01-05 15:00:00,2.825
2019-01-05 16:00:00,3.192
2019-01-05 17:00:00,3.705
2019-01-05 18:00:00,3.9050000000000002
2019-01-05 19:00:00,3.831
2019-01-05 20:00:00,3.714
2019-01-05 21:00:00,3.567
2019-01-05 22:00:00,3.4130000000000003
2019-01-05 23:00:00,3.27
2019-01-06 00:00:00,3.189
2019-01-06 01:00:00,3.057
2019-01-06 02:00:00,2.9139999999999997
2019-01-06 03:00:00,2.763
2019-01-06 04:00:00,2.646
2019-01-06 05:00:00,2.5460000000000003
2019-01-06 06:00:00,2.472
2019-01-06 07:00:00,2.3970000000000002
2019-01-06 08:00:00,2.3449999999999998
2019-01-06 09:00:00,2.168
2019-01-06 10:00:00,2.026
2019-01-06 11:00:00,2.02
2019-01-06 12:00:00,2.0300000000000002
2019-01-06 13:00:00,2.015
2019-01-06 14:00:00,2.012
2019-01-06 15:00:00,2.031
2019-01-06 16:00:00,2.289
2019-01-06 17:00:00,2.694
2019-01-06 18:00:00,2.8609999999999998
2019-01-06 19:00:00,2.887
2019-01-06 20:00:00,2.8609999999999998
2019-01-06 21:00:00,2.724
2019-01-06 22:00:00,2.589
2019-01-06 23:00:00,2.431
2019-01-07 00:00:00,2.253
2019-01-07 01:00:00,2.065
2019-01-07 02:00:00,1.8719999999999999
2019-01-07 03:00:00,1.716
2019-01-07 04:00:00,1.579
2019-01-07 05:00:00,1.49
2019-01-07 06:00:00,1.499
2019-01-07 07:00:00,1.563
2019-01-07 08:00:00,1.645
2019-01-07 09:00:00,1.5699999999999998
2019-01-07 10:00:00,1.4220000000000002
2019-01-07 11:00:00,1.289
2019-01-07 12:00:00,1.374
2019-01-07 13:00:00,1.573
2019-01-07 14:00:00,1.664
2019-01-07 15:00:00,1.664
2019-01-07 16:00:00,2.06
2019-01-07 17:00:00,2.694
2019-01-07 18:00:00,3.051
2019-01-07 19:00:00,3.204
2019-01-07 20:00:00,3.294
2019-01-07 21:00:00,3.505
2019-01-07 22:00:00,3.73
2019-01-07 23:00:00,3.923
2019-01-08 00:00:00,4.14
2019-01-08 01:00:00,4.202
2019-01-08 02:00:00,4.617
2019-01-08 03:00:00,4.817
2019-01-08 04:00:00,5.0969999999999995
2019-01-08 05:00:00,5.1419999999999995
2019-01-08 06:00:00,5.1290000000000004
2019-01-08 07:00:00,5.0649999999999995
2019-01-08 08:00:00,4.849
2019-01-08 09:00:00,4.619
2019-01-08 10:00:00,4.359
2019-01-08 11:00:00,4.394
2019-01-08 12:00:00,4.944
2019-01-08 13:00:00,5.449
2019-01-08 14:00:00,5.73
2019-01-08 15:00:00,5.73
2019-01-08 16:00:00,5.757
2019-01-08 17:00:00,6.03
2019-01-08 18:00:00,6.127
2019-01-08 19:00:00,6.07
2019-01-08 20:00:00,5.84
2019-01-08 21:00:00,5.601
2019-01-08 22:00:00,5.321
2019-01-08 23:00:00,5.099
2019-01-09 00:00:00,5.034
2019-01-09 01:00:00,5.121
2019-01-09 02:00:00,5.159
2019-01-09 03:00:00,5.267
2019-01-09 04:00:00,5.3660000000000005
2019-01-09 05:00:00,5.4430000000000005
2019-01-09 06:00:00,5.351
2019-01-09 07:00:00,5.3549999999999995
2019-01-09 08:00:00,5.43
2019-01-09 09:00:00,5.289
2019-01-09 10:00:00,5.073
2019-01-09 11:00:00,5.68
2019-01-09 12:00:00,6.451
2019-01-09 13:00:00,6.769
2019-01-09 14:00:00,6.776
2019-01-09 15:00:00,6.239
2019-01-09 16:00:00,5.922
2019-01-09 17:00:00,6.0600000000000005
2019-01-09 18:00:00,6.024
2019-01-09 19:00:00,5.994
2019-01-09 20:00:00,5.787
2019-01-09 21:00:00,5.596
2019-01-09 22:00:00,5.515000000000001
2019-01-09 23:00:00,5.315
2019-01-10 00:00:00,5.188
2019-01-10 01:00:00,4.953
2019-01-10 02:00:00,4.6370000000000005
2019-01-10 03:00:00,4.342
2019-01-10 04:00:00,4.168
2019-01-10 05:00:00,3.903
2019-01-10 06:00:00,3.6630000000000003
2019-01-10 07:00:00,3.4690000000000003
2019-01-10 08:00:00,3.178
2019-01-10 09:00:00,2.789
2019-01-10 10:00:00,2.432
2019-01-10 11:00:00,2.43
2019-01-10 12:00:00,2.533
2019-01-10 13:00:00,2.6630000000000003
2019-01-10 14:00:00,2.812
2019-01-10 15:00:00,2.819
2019-01-10 16:00:00,2.91
2019-01-10 17:00:00,3.2969999999999997
2019-01-10 18:00:00,3.427
2019-01-10 19:00:00,3.354
2019-01-10 20:00:00,3.128
2019-01-10 21:00:00,2.76
2019-01-10 22:00:00,2.356
2019-01-10 23:00:00,1.988
2019-01-11 00:00:00,1.725
2019-01-11 01:00:00,1.556
2019-01-11 02:00:00,1.502
2019-01-11 03:00:00,1.472
2019-01-11 04:00:00,1.498
2019-01-11 05:00:00,1.633
2019-01-11 06:00:00,1.806
2019-01-11 07:00:00,1.978
2019-01-11 08:00:00,2.137
2019-01-11 09:00:00,2.108
2019-01-11 10:00:00,1.925
2019-01-11 11:00:00,1.647
2019-01-11 12:00:00,1.647
2019-01-11 13:00:00,1.814
2019-01-11 14:00:00,1.925
2019-01-11 15:00:00,1.9629999999999999
2019-01-11 16:00:00,2.216
2019-01-11 17:00:00,2.656
2019-01-11 18:00:00,2.811
2019-01-11 19:00:00,2.715
2019-01-11 20:00:00,2.512
2019-01-11 21:00:00,2.384
2019-01-11 22:00:00,2.271
2019-01-11 23:00:00,2.133
2019-01-12 00:00:00,2.036
2019-01-12 01:00:00,2.004
2019-01-12 02:00:00,1.9989999999999999
2019-01-12 03:00:00,2.04
2019-01-12 04:00:00,2.199
2019-01-12 05:00:00,2.433
2019-01-12 06:00:00,2.608
2019-01-12 07:00:00,2.824
2019-01-12 08:00:00,3.136
2019-01-12 09:00:00,3.175
2019-01-12 10:00:00,3.087
2019-01-12 11:00:00,3.167
2019-01-12 12:00:00,3.621
2019-01-12 13:00:00,4.061999999999999
2019-01-12 14:00:00,4.413
2019-01-12 15:00:00,4.747
2019-01-12 16:00:00,5.1129999999999995
2019-01-12 17:00:00,5.4350000000000005
2019-01-12 18:00:00,5.566
2019-01-12 19:00:00,5.516
2019-01-12 20:00:00,5.616
2019-01-12 21:00:00,5.709
2019-01-12 22:00:00,5.687
2019-01-12 23:00:00,5.72
2019-01-13 00:00:00,5.895
2019-01-13 01:00:00,6.227
2019-01-13 02:00:00,6.33
2019-01-13 03:00:00,6.411
2019-01-13 04:00:00,6.289
2019-01-13 05:00:00,6.01
2019-01-13 06:00:00,5.802
2019-01-13 07:00:00,5.8420000000000005
2019-01-13 08:00:00,5.852
2019-01-13 09:00:00,5.752
2019-01-13 10:00:00,5.72
2019-01-13 11:00:00,5.825
2019-01-13 12:00:00,6.383
2019-01-13 13:00:00,6.883
2019-01-13 14:00:00,6.998
2019-01-13 15:00:00,7.091
2019-01-13 16:00:00,7.351
2019-01-13 17:00:00,7.559
2019-01-13 18:00:00,7.595000000000001
2019-01-13 19:00:00,7.618
2019-01-13 20:00:00,7.693
2019-01-13 21:00:00,7.639
2019-01-13 22:00:00,7.568
2019-01-13 23:00:00,7.559
2019-01-14 00:00:00,7.7940000000000005
2019-01-14 01:00:00,7.968999999999999
2019-01-14 02:00:00,8.046
2019-01-14 03:00:00,7.9959999999999996
2019-01-14 04:00:00,7.793
2019-01-14 05:00:00,7.522
2019-01-14 06:00:00,7.193
2019-01-14 07:00:00,6.939
2019-01-14 08:00:00,6.601
2019-01-14 09:00:00,5.889
2019-01-14 10:00:00,5.244
2019-01-14 11:00:00,5.484
2019-01-14 12:00:00,5.601
2019-01-14 13:00:00,5.29
2019-01-14 14:00:00,4.83
2019-01-14 15:00:00,4.071
2019-01-14 16:00:00,3.766
2019-01-14 17:00:00,3.896
2019-01-14 18:00:00,3.755
2019-01-14 19:00:00,3.461
2019-01-14 20:00:00,3.136
2019-01-14 21:00:00,2.809
2019-01-14 22:00:00,2.489
2019-01-14 23:00:00,2.262
2019-01-15 00:00:00,2.125
2019-01-15 01:00:00,2.061
2019-01-15 02:00:00,2.015
2019-01-15 03:00:00,1.991
2019-01-15 04:00:00,2.005
2019-01-15 05:00:00,2.0140000000000002
2019-01-15 06:00:00,2.005
2019-01-15 07:00:00,1.98
2019-01-15 08:00:00,1.932
2019-01-15 09:00:00,1.633
2019-01-15 10:00:00,1.211
2019-01-15 11:00:00,1.1239999999999999
2019-01-15 12:00:00,1.3499999999999999
2019-01-15 13:00:00,1.396
2019-01-15 14:00:00,1.323
2019-01-15 15:00:00,1.28
2019-01-15 16:00:00,1.437
2019-01-15 17:00:00,1.685
2019-01-15 18:00:00,1.802
2019-01-15 19:00:00,1.836
2019-01-15 20:00:00,1.905
2019-01-15 21:00:00,1.986
2019-01-15 22:00:00,2.116
2019-01-15 23:00:00,2.218
2019-01-16 00:00:00,2.234
2019-01-16 01:00:00,2.274
2019-01-16 02:00:00,2.339
2019-01-16 03:00:00,2.411
2019-01-16 04:00:00,2.525
2019-01-16 05:00:00,2.669
2019-01-16 06:00:00,2.822
2019-01-16 07:00:00,2.947
2019-01-16 08:00:00,2.969
2019-01-16 09:00:00,2.678
2019-01-16 10:00:00,2.333
2019-01-16 11:00:00,2.6229999999999998
2019-01-16 12:00:00,2.984
2019-01-16 13:00:00,3.1790000000000003
2019-01-16 14:00:00,3.292
2019-01-16 15:00:00,3.576
2019-01-16 16:00:00,4.08
2019-01-16 17:00:00,4.7299999999999995
2019-01-16 18:00:00,5.013
2019-01-16 19:00:00,5.24
2019-01-16 20:00:00,5.261
2019-01-16 21:00:00,5.222
2019-01-16 22:00:00,5.059
2019-01-16 23:00:00,4.769
2019-01-17 00:00:00,4.585
2019-01-17 01:00:00,4.344
2019-01-17 02:00:00,4.314
2019-01-17 03:00:00,4.353
2019-01-17 04:00:00,4.507
2019-01-17 05:00:00,4.694
2019-01-17 06:00:00,4.82
2019-01-17 07:00:00,4.867
2019-01-17 08:00:00,4.934
2019-01-17 09:00:00,4.453
2019-01-17 10:00:00,3.844
2019-01-17 11:00:00,4.133
2019-01-17 12:00:00,4.868
2019-01-17 13:00:00,5.334
2019-01-17 14:00:00,5.318
2019-01-17 15:00:00,4.726
2019-01-17 16:00:00,4.144
2019-01-17 17:00:00,4.245
2019-01-17 18:00:00,4.272
2019-01-17 19:00:00,4.066
2019-01-17 20:00:00,3.779
2019-01-17 21:00:00,3.458
2019-01-17 22:00:00,3.23
2019-01-17 23:00:00,3.0
2019-01-18 00:00:00,2.8179999999999996
2019-01-18 01:00:00,2.731
2019-01-18 02:00:00,2.634
2019-01-18 03:00:00,2.55
2019-01-18 04:00:00,2.519
2019-01-18 05:00:00,2.477
2019-01-18 06:00:00,2.358
2019-01-18 07:00:00,2.242
2019-01-18 08:00:00,2.153
2019-01-18 09:00:00,2.02
2019-01-18 10:00:00,1.871
2019-01-18 11:00:00,1.8410000000000002
2019-01-18 12:00:00,2.046
2019-01-18 13:00:00,2.133
2019-01-18 14:00:00,2.197
2019-01-18 15:00:00,2.186
2019-01-18 16:00:00,2.34
2019-01-18 17:00:00,2.85
2019-01-18 18:00:00,3.136
2019-01-18 19:00:00,3.2430000000000003
2019-01-18 20:00:00,3.254
2019-01-18 21:00:00,3.2600000000000002
2019-01-18 22:00:00,3.178
2019-01-18 23:00:00,3.101
2019-01-19 00:00:00,2.938
2019-01-19 01:00:00,2.785
2019-01-19 02:00:00,2.629
2019-01-19 03:00:00,2.491
2019-01-19 04:00:00,2.362
2019-01-19 05:00:00,2.28
2019-01-19 06:00:00,2.238
2019-01-19 07:00:00,2.2359999999999998
2019-01-19 08:00:00,2.321
2019-01-19 09:00:00,2.093
2019-01-19 10:00:00,1.778
2019-01-19 11:00:00,1.898
2019-01-19 12:00:00,1.955
2019-01-19 13:00:00,1.834
2019-01-19 14:00:00,1.585
2019-01-19 15:00:00,1.311
2019-01-19 16:00:00,1.42
2019-01-19 17:00:00,1.774
2019-01-19 18:00:00,1.977
2019-01-19 19:00:00,2.07
2019-01-19 20:00:00,2.116
2019-01-19 21:00:00,2.035
2019-01-19 22:00:00,1.884
2019-01-19 23:00:00,1.704
2019-01-20 00:00:00,1.506
2019-01-20 01:00:00,1.329
2019-01-20 02:00:00,1.207
2019-01-20 03:00:00,1.129
2019-01-20 04:00:00,1.099
2019-01-20 05:00:00,1.102
2019-01-20 06:00:00,1.115
2019-01-20 07:00:00,1.148
2019-01-20 08:00:00,1.168
2019-01-20 09:00:00,1.011
2019-01-20 10:00:00,0.793
2019-01-20 11:00:00,0.833
2019-01-20 12:00:00,0.925
2019-01-20 13:00:00,1.057
2019-01-20 14:00:00,1.226
2019-01-20 15:00:00,1.39
2019-01-20 16:00:00,1.568
2019-01-20 17:00:00,2.034
2019-01-20 18:00:00,2.366
2019-01-20 19:00:00,2.424
2019-01-20 20:00:00,2.394
2019-01-20 21:00:00,2.306
2019-01-20 22:00:00,2.193
2019-01-20 23:00:00,2.036
2019-01-21 00:00:00,1.827
2019-01-21 01:00:00,1.664
2019-01-21 02:00:00,1.584
2019-01-21 03:00:00,1.544
2019-01-21 04:00:00,1.51
2019-01-21 05:00:00,1.45
2019-01-21 06:00:00,1.392
2019-01-21 07:00:00,1.313
2019-01-21 08:00:00,1.21
2019-01-21 09:00:00,1.053
2019-01-21 10:00:00,0.962
2019-01-21 11:00:00,1.022
2019-01-21 12:00:00,1.101
2019-01-21 13:00:00,1.178
2019-01-21 14:00:00,1.278
2019-01-21 15:00:00,1.39
2019-01-21 16:00:00,1.508
2019-01-21 17:00:00,1.806
2019-01-21 18:00:00,2.085
2019-01-21 19:00:00,2.302
2019-01-21 20:00:00,2.565
2019-01-21 21:00:00,2.882
2019-01-21 22:00:00,3.085
2019-01-21 23:00:00,3.1550000000000002
2019-01-22 00:00:00,3.2640000000000002
2019-01-22 01:00:00,3.354
2019-01-22 02:00:00,3.461
2019-01-22 03:00:00,3.814
2019-01-22 04:00:00,3.965
2019-01-22 05:00:00,3.734
2019-01-22 06:00:00,3.479
2019-01-22 07:00:00,3.3120000000000003
2019-01-22 08:00:00,3.275
2019-01-22 09:00:00,3.0460000000000003
2019-01-22 10:00:00,2.655
2019-01-22 11:00:00,2.253
2019-01-22 12:00:00,2.234
2019-01-22 13:00:00,2.158
2019-01-22 14:00:00,2.177
2019-01-22 15:00:00,2.153
2019-01-22 16:00:00,2.3890000000000002
2019-01-22 17:00:00,2.9459999999999997
2019-01-22 18:00:00,3.157
2019-01-22 19:00:00,3.0140000000000002
2019-01-22 20:00:00,2.964
2019-01-22 21:00:00,3.021
2019-01-22 22:00:00,3.094
2019-01-22 23:00:00,3.04
2019-01-23 00:00:00,2.915
2019-01-23 01:00:00,2.898
2019-01-23 02:00:00,2.985
2019-01-23 03:00:00,3.116
2019-01-23 04:00:00,3.331
2019-01-23 05:00:00,3.404
2019-01-23 06:00:00,3.23
2019-01-23 07:00:00,3.1270000000000002
2019-01-23 08:00:00,3.14
2019-01-23 09:00:00,3.07
2019-01-23 10:00:00,3.129
2019-01-23 11:00:00,3.684
2019-01-23 12:00:00,4.533
2019-01-23 13:00:00,5.199
2019-01-23 14:00:00,5.575
2019-01-23 15:00:00,5.477
2019-01-23 16:00:00,5.376
2019-01-23 17:00:00,5.52
2019-01-23 18:00:00,5.436
2019-01-23 19:00:00,5.065
2019-01-23 20:00:00,4.904
2019-01-23 21:00:00,4.704
2019-01-23 22:00:00,4.4190000000000005
2019-01-23 23:00:00,4.063
2019-01-24 00:00:00,3.766
2019-01-24 01:00:00,3.58
2019-01-24 02:00:00,3.379
2019-01-24 03:00:00,3.126
2019-01-24 04:00:00,2.934
2019-01-24 05:00:00,2.767
2019-01-24 06:00:00,2.722
2019-01-24 07:00:00,2.76
2019-01-24 08:00:00,2.814
2019-01-24 09:00:00,2.812
2019-01-24 10:00:00,2.931
2019-01-24 11:00:00,2.939
2019-01-24 12:00:00,2.985
2019-01-24 13:00:00,3.1149999999999998
2019-01-24 14:00:00,3.277
2019-01-24 15:00:00,3.355
2019-01-24 16:00:00,3.363
2019-01-24 17:00:00,3.517
2019-01-24 18:00:00,3.605
2019-01-24 19:00:00,3.602
2019-01-24 20:00:00,3.5389999999999997
2019-01-24 21:00:00,3.364
2019-01-24 22:00:00,3.149
2019-01-24 23:00:00,3.0140000000000002
2019-01-25 00:00:00,2.9370000000000003
2019-01-25 01:00:00,2.878
2019-01-25 02:00:00,2.8680000000000003
2019-01-25 03:00:00,2.777
2019-01-25 04:00:00,2.523
2019-01-25 05:00:00,2.316
2019-01-25 06:00:00,2.233
2019-01-25 07:00:00,2.241
2019-01-25 08:00:00,2.2960000000000003
2019-01-25 09:00:00,2.157
2019-01-25 10:00:00,2.069
2019-01-25 11:00:00,2.104
2019-01-25 12:00:00,2.294
2019-01-25 13:00:00,2.4610000000000003
2019-01-25 14:00:00,2.635
2019-01-25 15:00:00,2.8369999999999997
2019-01-25 16:00:00,3.209
2019-01-25 17:00:00,3.797
2019-01-25 18:00:00,4.102
2019-01-25 19:00:00,4.204
2019-01-25 20:00:00,4.177
2019-01-25 21:00:00,4.014
2019-01-25 22:00:00,3.863
2019-01-25 23:00:00,3.675
2019-01-26 00:00:00,3.527
2019-01-26 01:00:00,3.4379999999999997
2019-01-26 02:00:00,3.48
2019-01-26 03:00:00,3.5860000000000003
2019-01-26 04:00:00,3.698
2019-01-26 05:00:00,3.799
2019-01-26 06:00:00,3.898
2019-01-26 07:00:00,4.037
2019-01-26 08:00:00,4.17
2019-01-26 09:00:00,3.937
2019-01-26 10:00:00,3.7279999999999998
2019-01-26 11:00:00,3.835
2019-01-26 12:00:00,4.329
2019-01-26 13:00:00,4.704
2019-01-26 14:00:00,4.834
2019-01-26 15:00:00,5.027
2019-01-26 16:00:00,5.482
2019-01-26 17:00:00,5.957
2019-01-26 18:00:00,6.258
2019-01-26 19:00:00,6.615
2019-01-26 20:00:00,6.995
2019-01-26 21:00:00,7.289
2019-01-26 22:00:00,7.569
2019-01-26 23:00:00,7.794
2019-01-27 00:00:00,8.145999999999999
2019-01-27 01:00:00,8.346
2019-01-27 02:00:00,8.509
2019-01-27 03:00:00,8.749
2019-01-27 04:00:00,8.792
2019-01-27 05:00:00,8.85
2019-01-27 06:00:00,8.846
2019-01-27 07:00:00,8.705
2019-01-27 08:00:00,8.593
2019-01-27 09:00:00,8.413
2019-01-27 10:00:00,8.571
2019-01-27 11:00:00,9.444
2019-01-27 12:00:00,10.312
2019-01-27 13:00:00,10.243
2019-01-27 14:00:00,9.888
2019-01-27 15:00:00,9.786
2019-01-27 16:00:00,9.943
2019-01-27 17:00:00,9.936
2019-01-27 18:00:00,9.72
2019-01-27 19:00:00,9.585
2019-01-27 20:00:00,9.308
2019-01-27 21:00:00,8.853
2019-01-27 22:00:00,8.288
2019-01-27 23:00:00,7.771
2019-01-28 00:00:00,7.399
2019-01-28 01:00:00,6.933
2019-01-28 02:00:00,6.596
2019-01-28 03:00:00,6.3469999999999995
2019-01-28 04:00:00,6.102
2019-01-28 05:00:00,6.024
2019-01-28 06:00:00,6.106
2019-01-28 07:00:00,6.11
2019-01-28 08:00:00,5.924
2019-01-28 09:00:00,5.396
2019-01-28 10:00:00,5.248
2019-01-28 11:00:00,6.032
2019-01-28 12:00:00,6.3180000000000005
2019-01-28 13:00:00,6.465
2019-01-28 14:00:00,6.496
2019-01-28 15:00:00,6.141
2019-01-28 16:00:00,5.437
2019-01-28 17:00:00,5.3759999999999994
2019-01-28 18:00:00,5.112
2019-01-28 19:00:00,4.641
2019-01-28 20:00:00,4.248
2019-01-28 21:00:00,3.976
2019-01-28 22:00:00,3.6260000000000003
2019-01-28 23:00:00,3.2750000000000004
2019-01-29 00:00:00,2.885
2019-01-29 01:00:00,2.588
2019-01-29 02:00:00,2.42
2019-01-29 03:00:00,2.3529999999999998
2019-01-29 04:00:00,2.393
2019-01-29 05:00:00,2.425
2019-01-29 06:00:00,2.423
2019-01-29 07:00:00,2.4539999999999997
2019-01-29 08:00:00,2.518
2019-01-29 09:00:00,2.476
2019-01-29 10:00:00,2.669
2019-01-29 11:00:00,3.307
2019-01-29 12:00:00,3.9130000000000003
2019-01-29 13:00:00,4.345
2019-01-29 14:00:00,4.52
2019-01-29 15:00:00,4.439
2019-01-29 16:00:00,4.787
2019-01-29 17:00:00,6.036
2019-01-29 18:00:00,7.011
2019-01-29 19:00:00,7.183
2019-01-29 20:00:00,7.184
2019-01-29 21:00:00,6.992
2019-01-29 22:00:00,6.802
2019-01-29 23:00:00,6.862
2019-01-30 00:00:00,6.96
2019-01-30 01:00:00,6.913
2019-01-30 02:00:00,7.077
2019-01-30 03:00:00,7.102
2019-01-30 04:00:00,6.878
2019-01-30 05:00:00,6.679
2019-01-30 06:00:00,6.564
2019-01-30 07:00:00,6.431
2019-01-30 08:00:00,6.373
2019-01-30 09:00:00,5.975
2019-01-30 10:00:00,5.6259999999999994
2019-01-30 11:00:00,5.58
2019-01-30 12:00:00,5.675
2019-01-30 13:00:00,5.545
2019-01-30 14:00:00,5.2669999999999995
2019-01-30 15:00:00,4.676
2019-01-30 16:00:00,4.420999999999999
2019-01-30 17:00:00,4.451
2019-01-30 18:00:00,4.158
2019-01-30 19:00:00,3.7640000000000002
2019-01-30 20:00:00,3.416
2019-01-30 21:00:00,2.9859999999999998
2019-01-30 22:00:00,2.696
2019-01-30 23:00:00,2.5509999999999997
2019-01-31 00:00:00,2.437
2019-01-31 01:00:00,2.308
2019-01-31 02:00:00,2.156
2019-01-31 03:00:00,2.056
2019-01-31 04:00:00,1.829
2019-01-31 05:00:00,1.651
2019-01-31 06:00:00,1.661
2019-01-31 07:00:00,1.9629999999999999
2019-01-31 08:00:00,2.388
2019-01-31 09:00:00,2.766
2019-01-31 10:00:00,3.327
2019-01-31 11:00:00,3.847
2019-01-31 12:00:00,4.333
2019-01-31 13:00:00,4.677
2019-01-31 14:00:00,4.7780000000000005
2019-01-31 15:00:00,5.075
2019-01-31 16:00:00,5.476
2019-01-31 17:00:00,5.977
2019-01-31 18:00:00,5.815
2019-01-31 19:00:00,5.519
2019-01-31 20:00:00,5.534
2019-01-31 21:00:00,5.519
2019-01-31 22:00:00,5.48
2019-01-31 23:00:00,5.244
2019-02-01 00:00:00,5.06
2019-02-01 01:00:00,4.846
2019-02-01 02:00:00,4.699
2019-02-01 03:00:00,4.453
2019-02-01 04:00:00,4.243
2019-02-01 05:00:00,3.912
2019-02-01 06:00:00,3.71
2019-02-01 07:00:00,3.6020000000000003
2019-02-01 08:00:00,3.591
2019-02-01 09:00:00,3.4400000000000004
2019-02-01 10:00:00,3.109
2019-02-01 11:00:00,2.972
2019-02-01 12:00:00,2.918
2019-02-01 13:00:00,2.762
2019-02-01 14:00:00,2.431
2019-02-01 15:00:00,2.0380000000000003
2019-02-01 16:00:00,1.881
2019-02-01 17:00:00,1.964
2019-02-01 18:00:00,2.0380000000000003
2019-02-01 19:00:00,1.959
2019-02-01 20:00:00,1.818
2019-02-01 21:00:00,1.7959999999999998
2019-02-01 22:00:00,1.862
2019-02-01 23:00:00,2.086
2019-02-02 00:00:00,2.436
2019-02-02 01:00:00,2.861
2019-02-02 02:00:00,3.183
2019-02-02 03:00:00,3.621
2019-02-02 04:00:00,3.808
2019-02-02 05:00:00,3.913
2019-02-02 06:00:00,3.994
2019-02-02 07:00:00,4.063000000000001
2019-02-02 08:00:00,4.279
2019-02-02 09:00:00,4.437
2019-02-02 10:00:00,4.725
2019-02-02 11:00:00,5.489
2019-02-02 12:00:00,5.849
2019-02-02 13:00:00,6.049
2019-02-02 14:00:00,6.155
2019-02-02 15:00:00,6.171
2019-02-02 16:00:00,6.057
2019-02-02 17:00:00,5.99
2019-02-02 18:00:00,6.022
2019-02-02 19:00:00,6.019
2019-02-02 20:00:00,6.037
2019-02-02 21:00:00,6.023
2019-02-02 22:00:00,6.114
2019-02-02 23:00:00,6.099
2019-02-03 00:00:00,6.0329999999999995
2019-02-03 01:00:00,6.047
2019-02-03 02:00:00,6.122
2019-02-03 03:00:00,6.016
2019-02-03 04:00:00,5.933
2019-02-03 05:00:00,5.937
2019-02-03 06:00:00,5.93
2019-02-03 07:00:00,5.719
2019-02-03 08:00:00,5.207
2019-02-03 09:00:00,4.645
2019-02-03 10:00:00,4.8260000000000005
2019-02-03 11:00:00,4.931
2019-02-03 12:00:00,4.731
2019-02-03 13:00:00,4.616
2019-02-03 14:00:00,4.508
2019-02-03 15:00:00,4.193
2019-02-03 16:00:00,3.786
2019-02-03 17:00:00,3.572
2019-02-03 18:00:00,3.518
2019-02-03 19:00:00,3.516
2019-02-03 20:00:00,3.557
2019-02-03 21:00:00,3.667
2019-02-03 22:00:00,3.849
2019-02-03 23:00:00,4.054
2019-02-04 00:00:00,4.139
2019-02-04 01:00:00,4.119
2019-02-04 02:00:00,4.0969999999999995
2019-02-04 03:00:00,4.109
2019-02-04 04:00:00,4.085
2019-02-04 05:00:00,4.091
2019-02-04 06:00:00,4.047
2019-02-04 07:00:00,4.018
2019-02-04 08:00:00,4.025
2019-02-04 09:00:00,3.822
2019-02-04 10:00:00,3.618
2019-02-04 11:00:00,3.577
2019-02-04 12:00:00,3.665
2019-02-04 13:00:00,3.77
2019-02-04 14:00:00,3.7720000000000002
2019-02-04 15:00:00,3.608
2019-02-04 16:00:00,3.624
2019-02-04 17:00:00,3.618
2019-02-04 18:00:00,3.272
2019-02-04 19:00:00,2.982
2019-02-04 20:00:00,2.805
2019-02-04 21:00:00,2.581
2019-02-04 22:00:00,2.367
2019-02-04 23:00:00,2.209
2019-02-05 00:00:00,2.092
2019-02-05 01:00:00,1.917
2019-02-05 02:00:00,1.827
2019-02-05 03:00:00,1.7690000000000001
2019-02-05 04:00:00,1.6560000000000001
2019-02-05 05:00:00,1.53
2019-02-05 06:00:00,1.46
2019-02-05 07:00:00,1.455
2019-02-05 08:00:00,1.453
2019-02-05 09:00:00,1.177
2019-02-05 10:00:00,1.026
2019-02-05 11:00:00,1.123
2019-02-05 12:00:00,1.15
2019-02-05 13:00:00,1.145
2019-02-05 14:00:00,1.147
2019-02-05 15:00:00,1.218
2019-02-05 16:00:00,1.438
2019-02-05 17:00:00,1.957
2019-02-05 18:00:00,2.447
2019-02-05 19:00:00,2.6630000000000003
2019-02-05 20:00:00,2.804
2019-02-05 21:00:00,2.896
2019-02-05 22:00:00,2.904
2019-02-05 23:00:00,2.8770000000000002
2019-02-06 00:00:00,2.854
2019-02-06 01:00:00,2.809
2019-02-06 02:00:00,2.695
2019-02-06 03:00:00,2.6109999999999998
2019-02-06 04:00:00,2.485
2019-02-06 05:00:00,2.511
2019-02-06 06:00:00,2.485
2019-02-06 07:00:00,2.4939999999999998
2019-02-06 08:00:00,2.533
2019-02-06 09:00:00,2.37
2019-02-06 10:00:00,2.2769999999999997
2019-02-06 11:00:00,2.142
2019-02-06 12:00:00,2.019
2019-02-06 13:00:00,2.075
2019-02-06 14:00:00,2.114
2019-02-06 15:00:00,2.259
2019-02-06 16:00:00,2.547
2019-02-06 17:00:00,3.101
2019-02-06 18:00:00,3.613
2019-02-06 19:00:00,3.794
2019-02-06 20:00:00,3.949
2019-02-06 21:00:00,4.277
2019-02-06 22:00:00,4.499
2019-02-06 23:00:00,4.579
2019-02-07 00:00:00,4.7540000000000004
2019-02-07 01:00:00,4.641
2019-02-07 02:00:00,4.5440000000000005
2019-02-07 03:00:00,4.62
2019-02-07 04:00:00,4.978
2019-02-07 05:00:00,5.1450000000000005
2019-02-07 06:00:00,5.125
2019-02-07 07:00:00,4.826
2019-02-07 08:00:00,4.293
2019-02-07 09:00:00,3.622
2019-02-07 10:00:00,3.725
2019-02-07 11:00:00,4.772
2019-02-07 12:00:00,5.435
2019-02-07 13:00:00,5.708
2019-02-07 14:00:00,5.869000000000001
2019-02-07 15:00:00,5.782
2019-02-07 16:00:00,5.377
2019-02-07 17:00:00,5.275
2019-02-07 18:00:00,4.981
2019-02-07 19:00:00,4.787
2019-02-07 20:00:00,4.695
2019-02-07 21:00:00,4.651
2019-02-07 22:00:00,4.6610000000000005
2019-02-07 23:00:00,4.6259999999999994
2019-02-08 00:00:00,4.607
2019-02-08 01:00:00,4.541
2019-02-08 02:00:00,4.547
2019-02-08 03:00:00,4.567
2019-02-08 04:00:00,4.505
2019-02-08 05:00:00,4.474
2019-02-08 06:00:00,4.505
2019-02-08 07:00:00,4.631
2019-02-08 08:00:00,4.755
2019-02-08 09:00:00,4.652
2019-02-08 10:00:00,4.829
2019-02-08 11:00:00,5.4719999999999995
2019-02-08 12:00:00,5.839
2019-02-08 13:00:00,6.109
2019-02-08 14:00:00,6.248
2019-02-08 15:00:00,6.303
2019-02-08 16:00:00,6.471
2019-02-08 17:00:00,6.837
2019-02-08 18:00:00,7.1899999999999995
2019-02-08 19:00:00,7.392
2019-02-08 20:00:00,7.4879999999999995
2019-02-08 21:00:00,7.5729999999999995
2019-02-08 22:00:00,7.685
2019-02-08 23:00:00,7.768
2019-02-09 00:00:00,7.766
2019-02-09 01:00:00,7.712
2019-02-09 02:00:00,7.684
2019-02-09 03:00:00,7.519
2019-02-09 04:00:00,7.168
2019-02-09 05:00:00,6.854
2019-02-09 06:00:00,6.552
2019-02-09 07:00:00,6.298
2019-02-09 08:00:00,6.048
2019-02-09 09:00:00,5.668
2019-02-09 10:00:00,5.585
2019-02-09 11:00:00,6.178
2019-02-09 12:00:00,6.467
2019-02-09 13:00:00,6.374
2019-02-09 14:00:00,6.057
2019-02-09 15:00:00,5.4430000000000005
2019-02-09 16:00:00,4.883
2019-02-09 17:00:00,4.835
2019-02-09 18:00:00,4.995
2019-02-09 19:00:00,5.439
2019-02-09 20:00:00,5.74
2019-02-09 21:00:00,5.942
2019-02-09 22:00:00,6.146
2019-02-09 23:00:00,6.5809999999999995
2019-02-10 00:00:00,6.931
2019-02-10 01:00:00,7.3629999999999995
2019-02-10 02:00:00,7.807
2019-02-10 03:00:00,8.131
2019-02-10 04:00:00,8.169
2019-02-10 05:00:00,8.238
2019-02-10 06:00:00,8.139
2019-02-10 07:00:00,8.116
2019-02-10 08:00:00,8.298
2019-02-10 09:00:00,8.49
2019-02-10 10:00:00,8.726
2019-02-10 11:00:00,9.081
2019-02-10 12:00:00,9.953
2019-02-10 13:00:00,10.671
2019-02-10 14:00:00,10.611
2019-02-10 15:00:00,10.25
2019-02-10 16:00:00,10.043
2019-02-10 17:00:00,9.819
2019-02-10 18:00:00,9.511
2019-02-10 19:00:00,9.002
2019-02-10 20:00:00,8.48
2019-02-10 21:00:00,7.886
2019-02-10 22:00:00,7.413
2019-02-10 23:00:00,7.289
2019-02-11 00:00:00,7.258
2019-02-11 01:00:00,7.095
2019-02-11 02:00:00,6.939
2019-02-11 03:00:00,6.662
2019-02-11 04:00:00,6.356
2019-02-11 05:00:00,6.033
2019-02-11 06:00:00,5.697
2019-02-11 07:00:00,5.359
2019-02-11 08:00:00,5.091
2019-02-11 09:00:00,4.747
2019-02-11 10:00:00,4.992
2019-02-11 11:00:00,5.3020000000000005
2019-02-11 12:00:00,5.279
2019-02-11 13:00:00,4.965
2019-02-11 14:00:00,4.655
2019-02-11 15:00:00,4.249
2019-02-11 16:00:00,3.661
2019-02-11 17:00:00,3.557
2019-02-11 18:00:00,3.5340000000000003
2019-02-11 19:00:00,3.2960000000000003
2019-02-11 20:00:00,3.019
2019-02-11 21:00:00,2.739
2019-02-11 22:00:00,2.458
2019-02-11 23:00:00,2.22
2019-02-12 00:00:00,2.065
2019-02-12 01:00:00,1.9849999999999999
2019-02-12 02:00:00,1.915
2019-02-12 03:00:00,1.8399999999999999
2019-02-12 04:00:00,1.77
2019-02-12 05:00:00,1.681
2019-02-12 06:00:00,1.526
2019-02-12 07:00:00,1.388
2019-02-12 08:00:00,1.21
2019-02-12 09:00:00,0.938
2019-02-12 10:00:00,0.808
2019-02-12 11:00:00,0.7829999999999999
2019-02-12 12:00:00,0.819
2019-02-12 13:00:00,0.944
2019-02-12 14:00:00,1.08
2019-02-12 15:00:00,1.184
2019-02-12 16:00:00,1.286
2019-02-12 17:00:00,1.621
2019-02-12 18:00:00,1.941
2019-02-12 19:00:00,2.072
2019-02-12 20:00:00,2.134
2019-02-12 21:00:00,2.193
2019-02-12 22:00:00,2.2729999999999997
2019-02-12 23:00:00,2.347
2019-02-13 00:00:00,2.422
2019-02-13 01:00:00,2.467
2019-02-13 02:00:00,2.481
2019-02-13 03:00:00,2.475
2019-02-13 04:00:00,2.461
2019-02-13 05:00:00,2.43
2019-02-13 06:00:00,2.417
2019-02-13 07:00:00,2.386
2019-02-13 08:00:00,2.076
2019-02-13 09:00:00,1.326
2019-02-13 10:00:00,1.238
2019-02-13 11:00:00,1.697
2019-02-13 12:00:00,1.65
2019-02-13 13:00:00,1.45
2019-02-13 14:00:00,1.354
2019-02-13 15:00:00,1.367
2019-02-13 16:00:00,1.445
2019-02-13 17:00:00,1.984
2019-02-13 18:00:00,2.741
2019-02-13 19:00:00,3.314
2019-02-13 20:00:00,3.607
2019-02-13 21:00:00,3.697
2019-02-13 22:00:00,3.701
2019-02-13 23:00:00,3.642
2019-02-14 00:00:00,3.499
2019-02-14 01:00:00,3.294
2019-02-14 02:00:00,3.138
2019-02-14 03:00:00,2.928
2019-02-14 04:00:00,2.759
2019-02-14 05:00:00,2.595
2019-02-14 06:00:00,2.4530000000000003
2019-02-14 07:00:00,2.379
2019-02-14 08:00:00,2.176
2019-02-14 09:00:00,1.684
2019-02-14 10:00:00,1.459
2019-02-14 11:00:00,1.432
2019-02-14 12:00:00,1.338
2019-02-14 13:00:00,1.29
2019-02-14 14:00:00,1.267
2019-02-14 15:00:00,1.313
2019-02-14 16:00:00,1.502
2019-02-14 17:00:00,2.166
2019-02-14 18:00:00,3.0100000000000002
2019-02-14 19:00:00,3.527
2019-02-14 20:00:00,3.7
2019-02-14 21:00:00,3.713
2019-02-14 22:00:00,3.609
2019-02-14 23:00:00,3.452
2019-02-15 00:00:00,3.326
2019-02-15 01:00:00,3.227
2019-02-15 02:00:00,3.112
2019-02-15 03:00:00,2.961
2019-02-15 04:00:00,2.764
2019-02-15 05:00:00,2.586
2019-02-15 06:00:00,2.462
2019-02-15 07:00:00,2.362
2019-02-15 08:00:00,2.087
2019-02-15 09:00:00,1.306
2019-02-15 10:00:00,0.897
2019-02-15 11:00:00,0.919
2019-02-15 12:00:00,0.995
2019-02-15 13:00:00,1.036
2019-02-15 14:00:00,1.1219999999999999
2019-02-15 15:00:00,1.125
2019-02-15 16:00:00,1.252
2019-02-15 17:00:00,1.706
2019-02-15 18:00:00,2.2110000000000003
2019-02-15 19:00:00,2.573
2019-02-15 20:00:00,2.767
2019-02-15 21:00:00,2.87
2019-02-15 22:00:00,2.954
2019-02-15 23:00:00,2.968
2019-02-16 00:00:00,2.936
2019-02-16 01:00:00,2.88
2019-02-16 02:00:00,2.813
2019-02-16 03:00:00,2.746
2019-02-16 04:00:00,2.712
2019-02-16 05:00:00,2.759
2019-02-16 06:00:00,2.771
2019-02-16 07:00:00,2.747
2019-02-16 08:00:00,2.467
2019-02-16 09:00:00,1.566
2019-02-16 10:00:00,1.139
2019-02-16 11:00:00,1.207
2019-02-16 12:00:00,1.298
2019-02-16 13:00:00,1.301
2019-02-16 14:00:00,1.272
2019-02-16 15:00:00,1.274
2019-02-16 16:00:00,1.462
2019-02-16 17:00:00,2.127
2019-02-16 18:00:00,2.939
2019-02-16 19:00:00,3.5300000000000002
2019-02-16 20:00:00,3.914
2019-02-16 21:00:00,4.12
2019-02-16 22:00:00,4.2299999999999995
2019-02-16 23:00:00,4.275
2019-02-17 00:00:00,4.311
2019-02-17 01:00:00,4.384
2019-02-17 02:00:00,4.367
2019-02-17 03:00:00,4.349
2019-02-17 04:00:00,4.43
2019-02-17 05:00:00,4.524
2019-02-17 06:00:00,4.589
2019-02-17 07:00:00,4.559
2019-02-17 08:00:00,4.052
2019-02-17 09:00:00,3.013
2019-02-17 10:00:00,2.917
2019-02-17 11:00:00,3.758
2019-02-17 12:00:00,3.846
2019-02-17 13:00:00,3.736
2019-02-17 14:00:00,3.449
2019-02-17 15:00:00,3.1109999999999998
2019-02-17 16:00:00,3.007
2019-02-17 17:00:00,3.533
2019-02-17 18:00:00,4.1690000000000005
2019-02-17 19:00:00,4.473
2019-02-17 20:00:00,4.496
2019-02-17 21:00:00,4.427
2019-02-17 22:00:00,4.357
2019-02-17 23:00:00,4.373
2019-02-18 00:00:00,4.292
2019-02-18 01:00:00,4.143
2019-02-18 02:00:00,3.902
2019-02-18 03:00:00,3.613
2019-02-18 04:00:00,3.272
2019-02-18 05:00:00,2.984
2019-02-18 06:00:00,2.714
2019-02-18 07:00:00,2.641
2019-02-18 08:00:00,2.583
2019-02-18 09:00:00,2.359
2019-02-18 10:00:00,2.765
2019-02-18 11:00:00,2.815
2019-02-18 12:00:00,2.686
2019-02-18 13:00:00,2.603
2019-02-18 14:00:00,2.582
2019-02-18 15:00:00,2.539
2019-02-18 16:00:00,2.364
2019-02-18 17:00:00,2.475
2019-02-18 18:00:00,2.733
2019-02-18 19:00:00,2.7680000000000002
2019-02-18 20:00:00,2.71
2019-02-18 21:00:00,2.57
2019-02-18 22:00:00,2.424
2019-02-18 23:00:00,2.327
2019-02-19 00:00:00,2.23
2019-02-19 01:00:00,2.097
2019-02-19 02:00:00,1.943
2019-02-19 03:00:00,1.709
2019-02-19 04:00:00,1.465
2019-02-19 05:00:00,1.256
2019-02-19 06:00:00,1.0959999999999999
2019-02-19 07:00:00,0.996
2019-02-19 08:00:00,0.868
2019-02-19 09:00:00,0.707
2019-02-19 10:00:00,0.716
2019-02-19 11:00:00,0.725
2019-02-19 12:00:00,0.738
2019-02-19 13:00:00,0.78
2019-02-19 14:00:00,0.8150000000000001
2019-02-19 15:00:00,0.801
2019-02-19 16:00:00,0.744
2019-02-19 17:00:00,0.798
2019-02-19 18:00:00,0.9600000000000001
2019-02-19 19:00:00,1.069
2019-02-19 20:00:00,1.086
2019-02-19 21:00:00,1.052
2019-02-19 22:00:00,1.058
2019-02-19 23:00:00,1.117
2019-02-20 00:00:00,1.184
2019-02-20 01:00:00,1.284
2019-02-20 02:00:00,1.408
2019-02-20 03:00:00,1.402
2019-02-20 04:00:00,1.204
2019-02-20 05:00:00,1.042
2019-02-20 06:00:00,0.973
2019-02-20 07:00:00,0.9349999999999999
2019-02-20 08:00:00,0.88
2019-02-20 09:00:00,0.82
2019-02-20 10:00:00,0.84
2019-02-20 11:00:00,0.917
2019-02-20 12:00:00,1.004
2019-02-20 13:00:00,1.087
2019-02-20 14:00:00,1.145
2019-02-20 15:00:00,1.162
2019-02-20 16:00:00,1.087
2019-02-20 17:00:00,1.133
2019-02-20 18:00:00,1.3010000000000002
2019-02-20 19:00:00,1.393
2019-02-20 20:00:00,1.394
2019-02-20 21:00:00,1.373
2019-02-20 22:00:00,1.388
2019-02-20 23:00:00,1.3960000000000001
2019-02-21 00:00:00,1.4
2019-02-21 01:00:00,1.424
2019-02-21 02:00:00,1.452
2019-02-21 03:00:00,1.385
2019-02-21 04:00:00,1.2590000000000001
2019-02-21 05:00:00,1.086
2019-02-21 06:00:00,0.9610000000000001
2019-02-21 07:00:00,0.9
2019-02-21 08:00:00,0.8150000000000001
2019-02-21 09:00:00,0.668
2019-02-21 10:00:00,0.681
2019-02-21 11:00:00,0.688
2019-02-21 12:00:00,0.676
2019-02-21 13:00:00,0.698
2019-02-21 14:00:00,0.718
2019-02-21 15:00:00,0.692
2019-02-21 16:00:00,0.656
2019-02-21 17:00:00,0.805
2019-02-21 18:00:00,1.033
2019-02-21 19:00:00,1.277
2019-02-21 20:00:00,1.388
2019-02-21 21:00:00,1.3699999999999999
2019-02-21 22:00:00,1.364
2019-02-21 23:00:00,1.36
2019-02-22 00:00:00,1.362
2019-02-22 01:00:00,1.419
2019-02-22 02:00:00,1.455
2019-02-22 03:00:00,1.446
2019-02-22 04:00:00,1.4569999999999999
2019-02-22 05:00:00,1.508
2019-02-22 06:00:00,1.589
2019-02-22 07:00:00,1.669
2019-02-22 08:00:00,1.5819999999999999
2019-02-22 09:00:00,1.163
2019-02-22 10:00:00,1.05
2019-02-22 11:00:00,1.269
2019-02-22 12:00:00,1.482
2019-02-22 13:00:00,1.633
2019-02-22 14:00:00,1.714
2019-02-22 15:00:00,1.732
2019-02-22 16:00:00,1.747
2019-02-22 17:00:00,2.232
2019-02-22 18:00:00,3.036
2019-02-22 19:00:00,3.724
2019-02-22 20:00:00,4.176
2019-02-22 21:00:00,4.413
2019-02-22 22:00:00,4.4670000000000005
2019-02-22 23:00:00,4.364
2019-02-23 00:00:00,4.13
2019-02-23 01:00:00,3.824
2019-02-23 02:00:00,3.56
2019-02-23 03:00:00,3.377
2019-02-23 04:00:00,3.0709999999999997
2019-02-23 05:00:00,2.769
2019-02-23 06:00:00,2.524
2019-02-23 07:00:00,2.501
2019-02-23 08:00:00,2.586
2019-02-23 09:00:00,2.529
2019-02-23 10:00:00,2.739
2019-02-23 11:00:00,2.98
2019-02-23 12:00:00,2.949
2019-02-23 13:00:00,2.877
2019-02-23 14:00:00,2.834
2019-02-23 15:00:00,2.822
2019-02-23 16:00:00,2.851
2019-02-23 17:00:00,3.369
2019-02-23 18:00:00,4.134
2019-02-23 19:00:00,4.547
2019-02-23 20:00:00,4.558
2019-02-23 21:00:00,4.3919999999999995
2019-02-23 22:00:00,4.236
2019-02-23 23:00:00,4.116
2019-02-24 00:00:00,4.036
2019-02-24 01:00:00,3.951
2019-02-24 02:00:00,3.871
2019-02-24 03:00:00,3.795
2019-02-24 04:00:00,3.707
2019-02-24 05:00:00,3.569
2019-02-24 06:00:00,3.382
2019-02-24 07:00:00,3.148
2019-02-24 08:00:00,2.589
2019-02-24 09:00:00,1.9249999999999998
2019-02-24 10:00:00,1.683
2019-02-24 11:00:00,1.651
2019-02-24 12:00:00,1.606
2019-02-24 13:00:00,1.576
2019-02-24 14:00:00,1.5899999999999999
2019-02-24 15:00:00,1.6560000000000001
2019-02-24 16:00:00,1.7329999999999999
2019-02-24 17:00:00,2.152
2019-02-24 18:00:00,2.763
2019-02-24 19:00:00,3.106
2019-02-24 20:00:00,3.15
2019-02-24 21:00:00,2.959
2019-02-24 22:00:00,2.753
2019-02-24 23:00:00,2.611
2019-02-25 00:00:00,2.541
2019-02-25 01:00:00,2.555
2019-02-25 02:00:00,2.575
2019-02-25 03:00:00,2.512
2019-02-25 04:00:00,2.441
2019-02-25 05:00:00,2.417
2019-02-25 06:00:00,2.427
2019-02-25 07:00:00,2.468
2019-02-25 08:00:00,2.102
2019-02-25 09:00:00,1.3880000000000001
2019-02-25 10:00:00,1.172
2019-02-25 11:00:00,1.235
2019-02-25 12:00:00,1.412
2019-02-25 13:00:00,1.477
2019-02-25 14:00:00,1.524
2019-02-25 15:00:00,1.561
2019-02-25 16:00:00,1.628
2019-02-25 17:00:00,2.149
2019-02-25 18:00:00,2.975
2019-02-25 19:00:00,3.681
2019-02-25 20:00:00,4.102
2019-02-25 21:00:00,4.244
2019-02-25 22:00:00,4.227
2019-02-25 23:00:00,4.058
2019-02-26 00:00:00,3.775
2019-02-26 01:00:00,3.489
2019-02-26 02:00:00,3.148
2019-02-26 03:00:00,2.775
2019-02-26 04:00:00,2.419
2019-02-26 05:00:00,2.09
2019-02-26 06:00:00,1.723
2019-02-26 07:00:00,1.445
2019-02-26 08:00:00,1.202
2019-02-26 09:00:00,0.8089999999999999
2019-02-26 10:00:00,0.6709999999999999
2019-02-26 11:00:00,0.753
2019-02-26 12:00:00,0.959
2019-02-26 13:00:00,1.102
2019-02-26 14:00:00,1.132
2019-02-26 15:00:00,1.103
2019-02-26 16:00:00,1.072
2019-02-26 17:00:00,1.31
2019-02-26 18:00:00,1.667
2019-02-26 19:00:00,2.025
2019-02-26 20:00:00,2.294
2019-02-26 21:00:00,2.451
2019-02-26 22:00:00,2.516
2019-02-26 23:00:00,2.53
2019-02-27 00:00:00,2.525
2019-02-27 01:00:00,2.495
2019-02-27 02:00:00,2.393
2019-02-27 03:00:00,2.248
2019-02-27 04:00:00,2.11
2019-02-27 05:00:00,2.011
2019-02-27 06:00:00,1.8940000000000001
2019-02-27 07:00:00,1.7510000000000001
2019-02-27 08:00:00,1.487
2019-02-27 09:00:00,0.88
2019-02-27 10:00:00,0.528
2019-02-27 11:00:00,0.451
2019-02-27 12:00:00,0.522
2019-02-27 13:00:00,0.641
2019-02-27 14:00:00,0.659
2019-02-27 15:00:00,0.643
2019-02-27 16:00:00,0.639
2019-02-27 17:00:00,0.718
2019-02-27 18:00:00,0.873
2019-02-27 19:00:00,1.064
2019-02-27 20:00:00,1.235
2019-02-27 21:00:00,1.567
2019-02-27 22:00:00,2.063
2019-02-27 23:00:00,2.581
2019-02-28 00:00:00,3.116
2019-02-28 01:00:00,3.482
2019-02-28 02:00:00,3.682
2019-02-28 03:00:00,3.793
2019-02-28 04:00:00,3.773
2019-02-28 05:00:00,3.789
2019-02-28 06:00:00,3.953
2019-02-28 07:00:00,3.97
2019-02-28 08:00:00,3.423
2019-02-28 09:00:00,3.323
2019-02-28 10:00:00,4.683
2019-02-28 11:00:00,5.832
2019-02-28 12:00:00,6.562
2019-02-28 13:00:00,7.046
2019-02-28 14:00:00,7.3149999999999995
2019-02-28 15:00:00,7.303
2019-02-28 16:00:00,6.776
2019-02-28 17:00:00,6.287
2019-02-28 18:00:00,6.194
2019-02-28 19:00:00,6.068
2019-02-28 20:00:00,5.909
2019-02-28 21:00:00,5.646
2019-02-28 22:00:00,5.6209999999999996
2019-02-28 23:00:00,5.422
2019-03-01 00:00:00,5.306
2019-03-01 01:00:00,5.332
2019-03-01 02:00:00,5.506
2019-03-01 03:00:00,5.462
2019-03-01 04:00:00,5.265
2019-03-01 05:00:00,5.21
2019-03-01 06:00:00,5.148
2019-03-01 07:00:00,4.854
2019-03-01 08:00:00,4.295
2019-03-01 09:00:00,4.051
2019-03-01 10:00:00,4.1850000000000005
2019-03-01 11:00:00,3.989
2019-03-01 12:00:00,3.776
2019-03-01 13:00:00,3.703
2019-03-01 14:00:00,3.671
2019-03-01 15:00:00,3.541
2019-03-01 16:00:00,3.246
2019-03-01 17:00:00,3.0860000000000003
2019-03-01 18:00:00,3.387
2019-03-01 19:00:00,3.534
2019-03-01 20:00:00,3.395
2019-03-01 21:00:00,3.257
2019-03-01 22:00:00,3.233
2019-03-01 23:00:00,3.367
2019-03-02 00:00:00,3.61
2019-03-02 01:00:00,3.699
2019-03-02 02:00:00,3.8200000000000003
2019-03-02 03:00:00,3.957
2019-03-02 04:00:00,4.035
2019-03-02 05:00:00,4.047
2019-03-02 06:00:00,4.141
2019-03-02 07:00:00,4.083
2019-03-02 08:00:00,3.8
2019-03-02 09:00:00,3.809
2019-03-02 10:00:00,4.4879999999999995
2019-03-02 11:00:00,4.968
2019-03-02 12:00:00,5.127
2019-03-02 13:00:00,5.242
2019-03-02 14:00:00,5.464
2019-03-02 15:00:00,5.628
2019-03-02 16:00:00,5.441
2019-03-02 17:00:00,4.989
2019-03-02 18:00:00,5.289
2019-03-02 19:00:00,5.6290000000000004
2019-03-02 20:00:00,5.747
2019-03-02 21:00:00,5.809
2019-03-02 22:00:00,5.688000000000001
2019-03-02 23:00:00,5.633
2019-03-03 00:00:00,5.602
2019-03-03 01:00:00,5.622
2019-03-03 02:00:00,5.659
2019-03-03 03:00:00,5.645
2019-03-03 04:00:00,5.572
2019-03-03 05:00:00,5.531
2019-03-03 06:00:00,5.696
2019-03-03 07:00:00,5.687
2019-03-03 08:00:00,5.575
2019-03-03 09:00:00,5.5
2019-03-03 10:00:00,5.956
2019-03-03 11:00:00,6.595
2019-03-03 12:00:00,6.83
2019-03-03 13:00:00,6.959
2019-03-03 14:00:00,6.9910000000000005
2019-03-03 15:00:00,6.908
2019-03-03 16:00:00,6.771
2019-03-03 17:00:00,7.024
2019-03-03 18:00:00,7.465
2019-03-03 19:00:00,7.687
2019-03-03 20:00:00,7.866
2019-03-03 21:00:00,8.153
2019-03-03 22:00:00,8.345
2019-03-03 23:00:00,8.625
2019-03-04 00:00:00,8.824
2019-03-04 01:00:00,8.915000000000001
2019-03-04 02:00:00,9.02
2019-03-04 03:00:00,9.145
2019-03-04 04:00:00,9.165
2019-03-04 05:00:00,9.369
2019-03-04 06:00:00,9.593
2019-03-04 07:00:00,9.419
2019-03-04 08:00:00,9.111
2019-03-04 09:00:00,8.97
2019-03-04 10:00:00,9.257
2019-03-04 11:00:00,9.726
2019-03-04 12:00:00,10.126
2019-03-04 13:00:00,10.372
2019-03-04 14:00:00,10.37
2019-03-04 15:00:00,10.06
2019-03-04 16:00:00,9.315
2019-03-04 17:00:00,8.172
2019-03-04 18:00:00,7.264
2019-03-04 19:00:00,6.456
2019-03-04 20:00:00,5.945
2019-03-04 21:00:00,5.803
2019-03-04 22:00:00,5.7010000000000005
2019-03-04 23:00:00,5.699
2019-03-05 00:00:00,5.676
2019-03-05 01:00:00,5.5840000000000005
2019-03-05 02:00:00,5.662
2019-03-05 03:00:00,5.631
2019-03-05 04:00:00,5.572
2019-03-05 05:00:00,5.478
2019-03-05 06:00:00,5.433
2019-03-05 07:00:00,5.34
2019-03-05 08:00:00,4.981
2019-03-05 09:00:00,5.072
2019-03-05 10:00:00,5.787
2019-03-05 11:00:00,5.964
2019-03-05 12:00:00,5.698
2019-03-05 13:00:00,5.343
2019-03-05 14:00:00,4.97
2019-03-05 15:00:00,4.575
2019-03-05 16:00:00,4.035
2019-03-05 17:00:00,3.772
2019-03-05 18:00:00,4.335
2019-03-05 19:00:00,4.507
2019-03-05 20:00:00,4.574
2019-03-05 21:00:00,4.869
2019-03-05 22:00:00,5.062
2019-03-05 23:00:00,5.409
2019-03-06 00:00:00,5.871
2019-03-06 01:00:00,5.939
2019-03-06 02:00:00,5.925
2019-03-06 03:00:00,6.223
2019-03-06 04:00:00,6.475
2019-03-06 05:00:00,6.892
2019-03-06 06:00:00,7.064
2019-03-06 07:00:00,7.019
2019-03-06 08:00:00,6.848
2019-03-06 09:00:00,7.091
2019-03-06 10:00:00,7.825
2019-03-06 11:00:00,8.238
2019-03-06 12:00:00,8.661999999999999
2019-03-06 13:00:00,8.807
2019-03-06 14:00:00,8.332
2019-03-06 15:00:00,7.746
2019-03-06 16:00:00,7.419
2019-03-06 17:00:00,7.255
2019-03-06 18:00:00,7.557
2019-03-06 19:00:00,7.814
2019-03-06 20:00:00,7.602
2019-03-06 21:00:00,7.107
2019-03-06 22:00:00,7.085
2019-03-06 23:00:00,7.07
2019-03-07 00:00:00,7.626
2019-03-07 01:00:00,8.107
2019-03-07 02:00:00,8.261
2019-03-07 03:00:00,8.138
2019-03-07 04:00:00,7.786
2019-03-07 05:00:00,7.356
2019-03-07 06:00:00,7.193
2019-03-07 07:00:00,7.1240000000000006
2019-03-07 08:00:00,6.771
2019-03-07 09:00:00,7.3100000000000005
2019-03-07 10:00:00,8.241
2019-03-07 11:00:00,8.421
2019-03-07 12:00:00,8.257
2019-03-07 13:00:00,8.057
2019-03-07 14:00:00,7.822
2019-03-07 15:00:00,7.471
2019-03-07 16:00:00,6.8950000000000005
2019-03-07 17:00:00,6.211
2019-03-07 18:00:00,5.948
2019-03-07 19:00:00,5.705
2019-03-07 20:00:00,5.436
2019-03-07 21:00:00,5.326
2019-03-07 22:00:00,5.228
2019-03-07 23:00:00,5.139
2019-03-08 00:00:00,4.766
2019-03-08 01:00:00,4.155
2019-03-08 02:00:00,3.616
2019-03-08 03:00:00,3.214
2019-03-08 04:00:00,2.84
2019-03-08 05:00:00,2.5109999999999997
2019-03-08 06:00:00,2.295
2019-03-08 07:00:00,2.075
2019-03-08 08:00:00,1.82
2019-03-08 09:00:00,1.924
2019-03-08 10:00:00,2.253
2019-03-08 11:00:00,2.561
2019-03-08 12:00:00,2.933
2019-03-08 13:00:00,3.468
2019-03-08 14:00:00,3.963
2019-03-08 15:00:00,4.168
2019-03-08 16:00:00,4.204
2019-03-08 17:00:00,4.1
2019-03-08 18:00:00,4.523
2019-03-08 19:00:00,4.986
2019-03-08 20:00:00,5.491
2019-03-08 21:00:00,5.992
2019-03-08 22:00:00,6.343
2019-03-08 23:00:00,6.549
2019-03-09 00:00:00,6.586
2019-03-09 01:00:00,6.257
2019-03-09 02:00:00,5.832
2019-03-09 03:00:00,5.42
2019-03-09 04:00:00,5.239
2019-03-09 05:00:00,5.4910000000000005
2019-03-09 06:00:00,5.457
2019-03-09 07:00:00,5.293
2019-03-09 08:00:00,5.072
2019-03-09 09:00:00,5.189
2019-03-09 10:00:00,5.729
2019-03-09 11:00:00,6.264
2019-03-09 12:00:00,6.698
2019-03-09 13:00:00,7.089
2019-03-09 14:00:00,7.175
2019-03-09 15:00:00,6.785
2019-03-09 16:00:00,6.015
2019-03-09 17:00:00,5.216
2019-03-09 18:00:00,5.129
2019-03-09 19:00:00,5.127
2019-03-09 20:00:00,4.794
2019-03-09 21:00:00,4.775
2019-03-09 22:00:00,4.891
2019-03-09 23:00:00,5.063
2019-03-10 00:00:00,5.412
2019-03-10 01:00:00,5.944
2019-03-10 02:00:00,6.601
2019-03-10 03:00:00,7.105
2019-03-10 04:00:00,7.473
2019-03-10 05:00:00,8.056
2019-03-10 06:00:00,8.913
2019-03-10 07:00:00,9.256
2019-03-10 08:00:00,9.369
2019-03-10 09:00:00,9.674
2019-03-10 10:00:00,10.116
2019-03-10 11:00:00,10.496
2019-03-10 12:00:00,10.79
2019-03-10 13:00:00,10.906
2019-03-10 14:00:00,10.836
2019-03-10 15:00:00,10.575
2019-03-10 16:00:00,10.033
2019-03-10 17:00:00,9.103
2019-03-10 18:00:00,8.282
2019-03-10 19:00:00,7.809
2019-03-10 20:00:00,7.359999999999999
2019-03-10 21:00:00,6.999
2019-03-10 22:00:00,6.862
2019-03-10 23:00:00,6.882
2019-03-11 00:00:00,6.85
2019-03-11 01:00:00,6.801
2019-03-11 02:00:00,7.007
2019-03-11 03:00:00,7.172000000000001
2019-03-11 04:00:00,7.159
2019-03-11 05:00:00,7.114
2019-03-11 06:00:00,7.136
2019-03-11 07:00:00,7.026
2019-03-11 08:00:00,6.755
2019-03-11 09:00:00,7.45
2019-03-11 10:00:00,8.362
2019-03-11 11:00:00,8.237
2019-03-11 12:00:00,7.899
2019-03-11 13:00:00,7.628
2019-03-11 14:00:00,7.4239999999999995
2019-03-11 15:00:00,7.209
2019-03-11 16:00:00,6.702
2019-03-11 17:00:00,5.629
2019-03-11 18:00:00,5.015
2019-03-11 19:00:00,4.728
2019-03-11 20:00:00,4.317
2019-03-11 21:00:00,4.039
2019-03-11 22:00:00,4.071
2019-03-11 23:00:00,4.214
2019-03-12 00:00:00,4.272
2019-03-12 01:00:00,4.319
2019-03-12 02:00:00,4.312
2019-03-12 03:00:00,4.296
2019-03-12 04:00:00,4.373
2019-03-12 05:00:00,4.476
2019-03-12 06:00:00,4.5440000000000005
2019-03-12 07:00:00,4.453
2019-03-12 08:00:00,4.176
2019-03-12 09:00:00,4.852
2019-03-12 10:00:00,6.15
2019-03-12 11:00:00,6.52
2019-03-12 12:00:00,6.825
2019-03-12 13:00:00,7.328
2019-03-12 14:00:00,7.747
2019-03-12 15:00:00,7.8580000000000005
2019-03-12 16:00:00,7.79
2019-03-12 17:00:00,7.797
2019-03-12 18:00:00,7.543
2019-03-12 19:00:00,7.463
2019-03-12 20:00:00,7.117
2019-03-12 21:00:00,6.83
2019-03-12 22:00:00,7.03
2019-03-12 23:00:00,6.987
2019-03-13 00:00:00,6.753
2019-03-13 01:00:00,6.61
2019-03-13 02:00:00,6.264
2019-03-13 03:00:00,6.185
2019-03-13 04:00:00,6.497
2019-03-13 05:00:00,6.735
2019-03-13 06:00:00,6.862
2019-03-13 07:00:00,6.87
2019-03-13 08:00:00,6.72
2019-03-13 09:00:00,7.789
2019-03-13 10:00:00,8.961
2019-03-13 11:00:00,9.362
2019-03-13 12:00:00,9.585
2019-03-13 13:00:00,9.771
2019-03-13 14:00:00,9.864
2019-03-13 15:00:00,9.849
2019-03-13 16:00:00,9.629
2019-03-13 17:00:00,8.905
2019-03-13 18:00:00,8.347
2019-03-13 19:00:00,7.997
2019-03-13 20:00:00,7.515
2019-03-13 21:00:00,6.753
2019-03-13 22:00:00,6.335
2019-03-13 23:00:00,6.117
2019-03-14 00:00:00,5.964
2019-03-14 01:00:00,5.813000000000001
2019-03-14 02:00:00,5.736000000000001
2019-03-14 03:00:00,5.732
2019-03-14 04:00:00,5.7749999999999995
2019-03-14 05:00:00,5.9510000000000005
2019-03-14 06:00:00,6.337
2019-03-14 07:00:00,6.668
2019-03-14 08:00:00,7.305
2019-03-14 09:00:00,8.353
2019-03-14 10:00:00,9.545
2019-03-14 11:00:00,10.092
2019-03-14 12:00:00,10.379
2019-03-14 13:00:00,10.614
2019-03-14 14:00:00,10.831
2019-03-14 15:00:00,10.915
2019-03-14 16:00:00,10.814
2019-03-14 17:00:00,10.507
2019-03-14 18:00:00,10.162
2019-03-14 19:00:00,9.759
2019-03-14 20:00:00,9.224
2019-03-14 21:00:00,8.843
2019-03-14 22:00:00,8.557
2019-03-14 23:00:00,8.353
2019-03-15 00:00:00,8.28
2019-03-15 01:00:00,8.202
2019-03-15 02:00:00,8.186
2019-03-15 03:00:00,8.291
2019-03-15 04:00:00,8.372
2019-03-15 05:00:00,8.279
2019-03-15 06:00:00,8.336
2019-03-15 07:00:00,8.158
2019-03-15 08:00:00,8.112
2019-03-15 09:00:00,8.379
2019-03-15 10:00:00,8.919
2019-03-15 11:00:00,9.082
2019-03-15 12:00:00,9.098
2019-03-15 13:00:00,9.128
2019-03-15 14:00:00,9.073
2019-03-15 15:00:00,8.769
2019-03-15 16:00:00,8.254999999999999
2019-03-15 17:00:00,7.684
2019-03-15 18:00:00,7.319
2019-03-15 19:00:00,7.202
2019-03-15 20:00:00,7.1080000000000005
2019-03-15 21:00:00,6.836
2019-03-15 22:00:00,6.625
2019-03-15 23:00:00,6.521
2019-03-16 00:00:00,6.414
2019-03-16 01:00:00,6.135
2019-03-16 02:00:00,5.966
2019-03-16 03:00:00,5.849
2019-03-16 04:00:00,5.7540000000000004
2019-03-16 05:00:00,5.567
2019-03-16 06:00:00,5.505
2019-03-16 07:00:00,5.448
2019-03-16 08:00:00,5.422
2019-03-16 09:00:00,6.182
2019-03-16 10:00:00,6.605
2019-03-16 11:00:00,6.6899999999999995
2019-03-16 12:00:00,6.7
2019-03-16 13:00:00,6.673
2019-03-16 14:00:00,6.634
2019-03-16 15:00:00,6.5440000000000005
2019-03-16 16:00:00,6.415
2019-03-16 17:00:00,6.166
2019-03-16 18:00:00,6.127
2019-03-16 19:00:00,6.213
2019-03-16 20:00:00,6.332
2019-03-16 21:00:00,6.46
2019-03-16 22:00:00,6.653
2019-03-16 23:00:00,6.844
2019-03-17 00:00:00,6.8020000000000005
2019-03-17 01:00:00,6.735
2019-03-17 02:00:00,6.962
2019-03-17 03:00:00,6.917
2019-03-17 04:00:00,6.513
2019-03-17 05:00:00,6.144
2019-03-17 06:00:00,5.631
2019-03-17 07:00:00,5.056
2019-03-17 08:00:00,4.828
2019-03-17 09:00:00,5.904
2019-03-17 10:00:00,6.725
2019-03-17 11:00:00,7.097
2019-03-17 12:00:00,7.171
2019-03-17 13:00:00,7.157
2019-03-17 14:00:00,7.224
2019-03-17 15:00:00,7.204
2019-03-17 16:00:00,6.913
2019-03-17 17:00:00,6.084
2019-03-17 18:00:00,5.475
2019-03-17 19:00:00,5.2829999999999995
2019-03-17 20:00:00,5.075
2019-03-17 21:00:00,4.866
2019-03-17 22:00:00,4.708
2019-03-17 23:00:00,4.712
2019-03-18 00:00:00,4.727
2019-03-18 01:00:00,4.747
2019-03-18 02:00:00,4.615
2019-03-18 03:00:00,4.436
2019-03-18 04:00:00,4.357
2019-03-18 05:00:00,4.062
2019-03-18 06:00:00,3.849
2019-03-18 07:00:00,3.5469999999999997
2019-03-18 08:00:00,3.209
2019-03-18 09:00:00,3.37
2019-03-18 10:00:00,3.377
2019-03-18 11:00:00,3.3
2019-03-18 12:00:00,3.311
2019-03-18 13:00:00,3.4160000000000004
2019-03-18 14:00:00,3.5780000000000003
2019-03-18 15:00:00,3.657
2019-03-18 16:00:00,3.541
2019-03-18 17:00:00,3.116
2019-03-18 18:00:00,2.847
2019-03-18 19:00:00,2.7960000000000003
2019-03-18 20:00:00,2.665
2019-03-18 21:00:00,2.535
2019-03-18 22:00:00,2.46
2019-03-18 23:00:00,2.333
2019-03-19 00:00:00,2.161
2019-03-19 01:00:00,1.97
2019-03-19 02:00:00,1.712
2019-03-19 03:00:00,1.452
2019-03-19 04:00:00,1.2309999999999999
2019-03-19 05:00:00,1.1560000000000001
2019-03-19 06:00:00,1.167
2019-03-19 07:00:00,1.133
2019-03-19 08:00:00,1.045
2019-03-19 09:00:00,1.165
2019-03-19 10:00:00,1.243
2019-03-19 11:00:00,1.196
2019-03-19 12:00:00,1.202
2019-03-19 13:00:00,1.276
2019-03-19 14:00:00,1.394
2019-03-19 15:00:00,1.496
2019-03-19 16:00:00,1.572
2019-03-19 17:00:00,1.5859999999999999
2019-03-19 18:00:00,1.756
2019-03-19 19:00:00,2.056
2019-03-19 20:00:00,2.165
2019-03-19 21:00:00,2.169
2019-03-19 22:00:00,2.105
2019-03-19 23:00:00,2.0300000000000002
2019-03-20 00:00:00,1.917
2019-03-20 01:00:00,1.834
2019-03-20 02:00:00,1.7429999999999999
2019-03-20 03:00:00,1.724
2019-03-20 04:00:00,1.783
2019-03-20 05:00:00,1.8559999999999999
2019-03-20 06:00:00,1.893
2019-03-20 07:00:00,1.771
2019-03-20 08:00:00,1.438
2019-03-20 09:00:00,1.5810000000000002
2019-03-20 10:00:00,1.941
2019-03-20 11:00:00,1.7950000000000002
2019-03-20 12:00:00,1.681
2019-03-20 13:00:00,1.6540000000000001
2019-03-20 14:00:00,1.689
2019-03-20 15:00:00,1.765
2019-03-20 16:00:00,1.871
2019-03-20 17:00:00,1.95
2019-03-20 18:00:00,2.316
2019-03-20 19:00:00,2.677
2019-03-20 20:00:00,2.761
2019-03-20 21:00:00,2.701
2019-03-20 22:00:00,2.54
2019-03-20 23:00:00,2.3810000000000002
2019-03-21 00:00:00,2.283
2019-03-21 01:00:00,2.266
2019-03-21 02:00:00,2.342
2019-03-21 03:00:00,2.431
2019-03-21 04:00:00,2.428
2019-03-21 05:00:00,2.354
2019-03-21 06:00:00,2.319
2019-03-21 07:00:00,2.106
2019-03-21 08:00:00,1.538
2019-03-21 09:00:00,1.6019999999999999
2019-03-21 10:00:00,1.895
2019-03-21 11:00:00,1.827
2019-03-21 12:00:00,1.733
2019-03-21 13:00:00,1.661
2019-03-21 14:00:00,1.605
2019-03-21 15:00:00,1.611
2019-03-21 16:00:00,1.6420000000000001
2019-03-21 17:00:00,1.6039999999999999
2019-03-21 18:00:00,1.876
2019-03-21 19:00:00,2.307
2019-03-21 20:00:00,2.599
2019-03-21 21:00:00,2.74
2019-03-21 22:00:00,2.7199999999999998
2019-03-21 23:00:00,2.52
2019-03-22 00:00:00,2.2840000000000003
2019-03-22 01:00:00,2.019
2019-03-22 02:00:00,1.678
2019-03-22 03:00:00,1.338
2019-03-22 04:00:00,1.117
2019-03-22 05:00:00,1.042
2019-03-22 06:00:00,1.047
2019-03-22 07:00:00,0.9750000000000001
2019-03-22 08:00:00,0.652
2019-03-22 09:00:00,0.507
2019-03-22 10:00:00,0.514
2019-03-22 11:00:00,0.463
2019-03-22 12:00:00,0.41
2019-03-22 13:00:00,0.38
2019-03-22 14:00:00,0.381
2019-03-22 15:00:00,0.394
2019-03-22 16:00:00,0.41000000000000003
2019-03-22 17:00:00,0.464
2019-03-22 18:00:00,0.567
2019-03-22 19:00:00,0.661
2019-03-22 20:00:00,0.776
2019-03-22 21:00:00,0.877
2019-03-22 22:00:00,0.906
2019-03-22 23:00:00,0.86
2019-03-23 00:00:00,0.786
2019-03-23 01:00:00,0.722
2019-03-23 02:00:00,0.698
2019-03-23 03:00:00,0.741
2019-03-23 04:00:00,0.8150000000000001
2019-03-23 05:00:00,0.862
2019-03-23 06:00:00,0.909
2019-03-23 07:00:00,0.9
2019-03-23 08:00:00,0.653
2019-03-23 09:00:00,0.519
2019-03-23 10:00:00,0.5920000000000001
2019-03-23 11:00:00,0.638
2019-03-23 12:00:00,0.6719999999999999
2019-03-23 13:00:00,0.748
2019-03-23 14:00:00,0.852
2019-03-23 15:00:00,0.9770000000000001
2019-03-23 16:00:00,1.131
2019-03-23 17:00:00,1.371
2019-03-23 18:00:00,2.041
2019-03-23 19:00:00,2.898
2019-03-23 20:00:00,3.355
2019-03-23 21:00:00,3.343
2019-03-23 22:00:00,3.043
2019-03-23 23:00:00,2.657
2019-03-24 00:00:00,2.287
2019-03-24 01:00:00,1.944
2019-03-24 02:00:00,1.624
2019-03-24 03:00:00,1.356
2019-03-24 04:00:00,1.199
2019-03-24 05:00:00,1.079
2019-03-24 06:00:00,0.991
2019-03-24 07:00:00,0.867
2019-03-24 08:00:00,0.634
2019-03-24 09:00:00,0.602
2019-03-24 10:00:00,0.792
2019-03-24 11:00:00,1.006
2019-03-24 12:00:00,1.2389999999999999
2019-03-24 13:00:00,1.577
2019-03-24 14:00:00,1.913
2019-03-24 15:00:00,2.187
2019-03-24 16:00:00,2.362
2019-03-24 17:00:00,2.476
2019-03-24 18:00:00,2.938
2019-03-24 19:00:00,3.633
2019-03-24 20:00:00,3.742
2019-03-24 21:00:00,3.641
2019-03-24 22:00:00,3.53
2019-03-24 23:00:00,3.345
2019-03-25 00:00:00,3.27
2019-03-25 01:00:00,3.259
2019-03-25 02:00:00,3.195
2019-03-25 03:00:00,3.085
2019-03-25 04:00:00,3.118
2019-03-25 05:00:00,3.225
2019-03-25 06:00:00,3.329
2019-03-25 07:00:00,3.1550000000000002
2019-03-25 08:00:00,3.483
2019-03-25 09:00:00,4.758
2019-03-25 10:00:00,5.37
2019-03-25 11:00:00,5.607
2019-03-25 12:00:00,5.78
2019-03-25 13:00:00,5.974
2019-03-25 14:00:00,6.278
2019-03-25 15:00:00,6.642
2019-03-25 16:00:00,6.87
2019-03-25 17:00:00,6.679
2019-03-25 18:00:00,6.23
2019-03-25 19:00:00,6.407
2019-03-25 20:00:00,6.328
2019-03-25 21:00:00,6.031
2019-03-25 22:00:00,5.632
2019-03-25 23:00:00,5.25
2019-03-26 00:00:00,5.0
2019-03-26 01:00:00,4.831
2019-03-26 02:00:00,4.636
2019-03-26 03:00:00,4.482
2019-03-26 04:00:00,4.321
2019-03-26 05:00:00,4.082
2019-03-26 06:00:00,3.736
2019-03-26 07:00:00,3.338
2019-03-26 08:00:00,3.0860000000000003
2019-03-26 09:00:00,3.409
2019-03-26 10:00:00,3.366
2019-03-26 11:00:00,3.318
2019-03-26 12:00:00,3.3569999999999998
2019-03-26 13:00:00,3.468
2019-03-26 14:00:00,3.637
2019-03-26 15:00:00,3.886
2019-03-26 16:00:00,4.159
2019-03-26 17:00:00,4.225
2019-03-26 18:00:00,4.311
2019-03-26 19:00:00,4.724
2019-03-26 20:00:00,4.8469999999999995
2019-03-26 21:00:00,4.595
2019-03-26 22:00:00,4.219
2019-03-26 23:00:00,3.839
2019-03-27 00:00:00,3.5140000000000002
2019-03-27 01:00:00,3.253
2019-03-27 02:00:00,3.105
2019-03-27 03:00:00,2.979
2019-03-27 04:00:00,2.8200000000000003
2019-03-27 05:00:00,2.677
2019-03-27 06:00:00,2.468
2019-03-27 07:00:00,2.004
2019-03-27 08:00:00,1.746
2019-03-27 09:00:00,2.271
2019-03-27 10:00:00,2.754
2019-03-27 11:00:00,2.794
2019-03-27 12:00:00,2.825
2019-03-27 13:00:00,2.913
2019-03-27 14:00:00,3.017
2019-03-27 15:00:00,3.116
2019-03-27 16:00:00,3.2070000000000003
2019-03-27 17:00:00,3.18
2019-03-27 18:00:00,3.34
2019-03-27 19:00:00,3.885
2019-03-27 20:00:00,4.078
2019-03-27 21:00:00,4.043
2019-03-27 22:00:00,3.823
2019-03-27 23:00:00,3.561
2019-03-28 00:00:00,3.3160000000000003
2019-03-28 01:00:00,3.111
2019-03-28 02:00:00,2.905
2019-03-28 03:00:00,2.698
2019-03-28 04:00:00,2.551
2019-03-28 05:00:00,2.44
2019-03-28 06:00:00,2.38
2019-03-28 07:00:00,1.987
2019-03-28 08:00:00,1.655
2019-03-28 09:00:00,2.105
2019-03-28 10:00:00,2.189
2019-03-28 11:00:00,2.054
2019-03-28 12:00:00,2.033
2019-03-28 13:00:00,2.115
2019-03-28 14:00:00,2.223
2019-03-28 15:00:00,2.326
2019-03-28 16:00:00,2.432
2019-03-28 17:00:00,2.428
2019-03-28 18:00:00,2.7680000000000002
2019-03-28 19:00:00,3.532
2019-03-28 20:00:00,3.931
2019-03-28 21:00:00,3.923
2019-03-28 22:00:00,3.712
2019-03-28 23:00:00,3.491
2019-03-29 00:00:00,3.276
2019-03-29 01:00:00,3.033
2019-03-29 02:00:00,2.755
2019-03-29 03:00:00,2.434
2019-03-29 04:00:00,2.177
2019-03-29 05:00:00,1.884
2019-03-29 06:00:00,1.611
2019-03-29 07:00:00,1.334
2019-03-29 08:00:00,1.178
2019-03-29 09:00:00,1.366
2019-03-29 10:00:00,1.514
2019-03-29 11:00:00,1.707
2019-03-29 12:00:00,1.776
2019-03-29 13:00:00,1.768
2019-03-29 14:00:00,1.693
2019-03-29 15:00:00,1.615
2019-03-29 16:00:00,1.586
2019-03-29 17:00:00,1.588
2019-03-29 18:00:00,1.738
2019-03-29 19:00:00,2.045
2019-03-29 20:00:00,2.177
2019-03-29 21:00:00,2.166
2019-03-29 22:00:00,2.2
2019-03-29 23:00:00,2.252
2019-03-30 00:00:00,2.317
2019-03-30 01:00:00,2.449
2019-03-30 02:00:00,2.584
2019-03-30 03:00:00,2.6310000000000002
2019-03-30 04:00:00,2.607
2019-03-30 05:00:00,2.553
2019-03-30 06:00:00,2.487
2019-03-30 07:00:00,2.083
2019-03-30 08:00:00,1.242
2019-03-30 09:00:00,1.31
2019-03-30 10:00:00,1.4400000000000002
2019-03-30 11:00:00,1.308
2019-03-30 12:00:00,1.327
2019-03-30 13:00:00,1.394
2019-03-30 14:00:00,1.416
2019-03-30 15:00:00,1.3739999999999999
2019-03-30 16:00:00,1.304
2019-03-30 17:00:00,1.19
2019-03-30 18:00:00,1.2349999999999999
2019-03-30 19:00:00,1.3559999999999999
2019-03-30 20:00:00,1.433
2019-03-30 21:00:00,1.435
2019-03-30 22:00:00,1.476
2019-03-30 23:00:00,1.543
2019-03-31 00:00:00,1.591
2019-03-31 01:00:00,1.608
2019-03-31 03:00:00,1.613
2019-03-31 04:00:00,1.614
2019-03-31 05:00:00,1.633
2019-03-31 06:00:00,1.684
2019-03-31 07:00:00,1.722
2019-03-31 08:00:00,1.6119999999999999
2019-03-31 09:00:00,1.121
2019-03-31 10:00:00,1.008
2019-03-31 11:00:00,1.286
2019-03-31 12:00:00,1.457
2019-03-31 13:00:00,1.576
2019-03-31 14:00:00,1.686
2019-03-31 15:00:00,1.772
2019-03-31 16:00:00,1.883
2019-03-31 17:00:00,2.053
2019-03-31 18:00:00,2.217
2019-03-31 19:00:00,2.9459999999999997
2019-03-31 20:00:00,3.948
2019-03-31 21:00:00,4.345
2019-03-31 22:00:00,4.319999999999999
2019-03-31 23:00:00,4.071
2019-04-01 00:00:00,3.779
2019-04-01 01:00:00,3.499
2019-04-01 02:00:00,3.287
2019-04-01 03:00:00,3.114
2019-04-01 04:00:00,2.781
2019-04-01 05:00:00,2.388
2019-04-01 06:00:00,2.073
2019-04-01 07:00:00,1.846
2019-04-01 08:00:00,1.53
2019-04-01 09:00:00,1.301
2019-04-01 10:00:00,1.186
2019-04-01 11:00:00,1.158
2019-04-01 12:00:00,1.136
2019-04-01 13:00:00,1.094
2019-04-01 14:00:00,1.023
2019-04-01 15:00:00,0.94
2019-04-01 16:00:00,0.872
2019-04-01 17:00:00,0.825
2019-04-01 18:00:00,0.849
2019-04-01 19:00:00,1.063
2019-04-01 20:00:00,1.351
2019-04-01 21:00:00,1.553
2019-04-01 22:00:00,1.661
2019-04-01 23:00:00,1.8259999999999998
2019-04-02 00:00:00,2.011
2019-04-02 01:00:00,2.195
2019-04-02 02:00:00,2.276
2019-04-02 03:00:00,2.284
2019-04-02 04:00:00,2.369
2019-04-02 05:00:00,2.523
2019-04-02 06:00:00,2.642
2019-04-02 07:00:00,2.648
2019-04-02 08:00:00,2.318
2019-04-02 09:00:00,2.0380000000000003
2019-04-02 10:00:00,2.616
2019-04-02 11:00:00,3.351
2019-04-02 12:00:00,4.127
2019-04-02 13:00:00,4.925
2019-04-02 14:00:00,5.565
2019-04-02 15:00:00,5.929
2019-04-02 16:00:00,5.884
2019-04-02 17:00:00,5.301
2019-04-02 18:00:00,4.616
2019-04-02 19:00:00,3.707
2019-04-02 20:00:00,3.18
2019-04-02 21:00:00,3.017
2019-04-02 22:00:00,2.982
2019-04-02 23:00:00,2.907
2019-04-03 00:00:00,2.77
2019-04-03 01:00:00,2.629
2019-04-03 02:00:00,2.489
2019-04-03 03:00:00,2.427
2019-04-03 04:00:00,2.418
2019-04-03 05:00:00,2.288
2019-04-03 06:00:00,2.1149999999999998
2019-04-03 07:00:00,1.955
2019-04-03 08:00:00,1.824
2019-04-03 09:00:00,1.8860000000000001
2019-04-03 10:00:00,2.102
2019-04-03 11:00:00,2.317
2019-04-03 12:00:00,2.464
2019-04-03 13:00:00,2.5629999999999997
2019-04-03 14:00:00,2.6
2019-04-03 15:00:00,2.628
2019-04-03 16:00:00,2.6319999999999997
2019-04-03 17:00:00,2.46
2019-04-03 18:00:00,2.03
2019-04-03 19:00:00,1.533
2019-04-03 20:00:00,1.419
2019-04-03 21:00:00,1.565
2019-04-03 22:00:00,1.814
2019-04-03 23:00:00,2.055
2019-04-04 00:00:00,2.187
2019-04-04 01:00:00,2.3
2019-04-04 02:00:00,2.232
2019-04-04 03:00:00,2.0309999999999997
2019-04-04 04:00:00,1.9180000000000001
2019-04-04 05:00:00,1.8639999999999999
2019-04-04 06:00:00,1.808
2019-04-04 07:00:00,1.7650000000000001
2019-04-04 08:00:00,1.7309999999999999
2019-04-04 09:00:00,1.903
2019-04-04 10:00:00,2.269
2019-04-04 11:00:00,2.534
2019-04-04 12:00:00,2.791
2019-04-04 13:00:00,3.185
2019-04-04 14:00:00,3.536
2019-04-04 15:00:00,3.644
2019-04-04 16:00:00,3.5829999999999997
2019-04-04 17:00:00,3.528
2019-04-04 18:00:00,3.469
2019-04-04 19:00:00,3.365
2019-04-04 20:00:00,3.693
2019-04-04 21:00:00,4.008
2019-04-04 22:00:00,4.313
2019-04-04 23:00:00,4.585
2019-04-05 00:00:00,4.781
2019-04-05 01:00:00,4.748
2019-04-05 02:00:00,4.7
2019-04-05 03:00:00,4.519
2019-04-05 04:00:00,4.296
2019-04-05 05:00:00,4.097
2019-04-05 06:00:00,3.894
2019-04-05 07:00:00,3.693
2019-04-05 08:00:00,3.0749999999999997
2019-04-05 09:00:00,2.565
2019-04-05 10:00:00,3.019
2019-04-05 11:00:00,3.4099999999999997
2019-04-05 12:00:00,3.336
2019-04-05 13:00:00,3.156
2019-04-05 14:00:00,2.951
2019-04-05 15:00:00,2.753
2019-04-05 16:00:00,2.5
2019-04-05 17:00:00,2.138
2019-04-05 18:00:00,1.8399999999999999
2019-04-05 19:00:00,1.915
2019-04-05 20:00:00,2.221
2019-04-05 21:00:00,2.592
2019-04-05 22:00:00,2.879
2019-04-05 23:00:00,3.089
2019-04-06 00:00:00,3.181
2019-04-06 01:00:00,3.195
2019-04-06 02:00:00,3.185
2019-04-06 03:00:00,3.214
2019-04-06 04:00:00,3.146
2019-04-06 05:00:00,2.966
2019-04-06 06:00:00,2.7880000000000003
2019-04-06 07:00:00,2.678
2019-04-06 08:00:00,2.403
2019-04-06 09:00:00,2.183
2019-04-06 10:00:00,2.418
2019-04-06 11:00:00,2.955
2019-04-06 12:00:00,3.351
2019-04-06 13:00:00,3.612
2019-04-06 14:00:00,3.698
2019-04-06 15:00:00,3.658
2019-04-06 16:00:00,3.435
2019-04-06 17:00:00,3.085
2019-04-06 18:00:00,2.735
2019-04-06 19:00:00,2.702
2019-04-06 20:00:00,3.172
2019-04-06 21:00:00,3.412
2019-04-06 22:00:00,3.1879999999999997
2019-04-06 23:00:00,2.89
2019-04-07 00:00:00,2.684
2019-04-07 01:00:00,2.568
2019-04-07 02:00:00,2.365
2019-04-07 03:00:00,2.213
2019-04-07 04:00:00,2.076
2019-04-07 05:00:00,1.956
2019-04-07 06:00:00,1.807
2019-04-07 07:00:00,1.559
2019-04-07 08:00:00,1.21
2019-04-07 09:00:00,0.891
2019-04-07 10:00:00,0.959
2019-04-07 11:00:00,1.007
2019-04-07 12:00:00,1.024
2019-04-07 13:00:00,1.1019999999999999
2019-04-07 14:00:00,1.192
2019-04-07 15:00:00,1.2770000000000001
2019-04-07 16:00:00,1.32
2019-04-07 17:00:00,1.343
2019-04-07 18:00:00,1.344
2019-04-07 19:00:00,1.387
2019-04-07 20:00:00,1.561
2019-04-07 21:00:00,1.5130000000000001
2019-04-07 22:00:00,1.387
2019-04-07 23:00:00,1.31
2019-04-08 00:00:00,1.317
2019-04-08 01:00:00,1.402
2019-04-08 02:00:00,1.529
2019-04-08 03:00:00,1.573
2019-04-08 04:00:00,1.563
2019-04-08 05:00:00,1.599
2019-04-08 06:00:00,1.6219999999999999
2019-04-08 07:00:00,1.566
2019-04-08 08:00:00,1.22
2019-04-08 09:00:00,1.027
2019-04-08 10:00:00,1.103
2019-04-08 11:00:00,1.211
2019-04-08 12:00:00,1.203
2019-04-08 13:00:00,1.147
2019-04-08 14:00:00,1.14
2019-04-08 15:00:00,1.17
2019-04-08 16:00:00,1.207
2019-04-08 17:00:00,1.196
2019-04-08 18:00:00,1.117
2019-04-08 19:00:00,1.145
2019-04-08 20:00:00,1.344
2019-04-08 21:00:00,1.448
2019-04-08 22:00:00,1.445
2019-04-08 23:00:00,1.332
2019-04-09 00:00:00,1.157
2019-04-09 01:00:00,0.957
2019-04-09 02:00:00,0.787
2019-04-09 03:00:00,0.679
2019-04-09 04:00:00,0.628
2019-04-09 05:00:00,0.575
2019-04-09 06:00:00,0.548
2019-04-09 07:00:00,0.544
2019-04-09 08:00:00,0.435
2019-04-09 09:00:00,0.304
2019-04-09 10:00:00,0.348
2019-04-09 11:00:00,0.368
2019-04-09 12:00:00,0.356
2019-04-09 13:00:00,0.359
2019-04-09 14:00:00,0.372
2019-04-09 15:00:00,0.423
2019-04-09 16:00:00,0.529
2019-04-09 17:00:00,0.67
2019-04-09 18:00:00,0.825
2019-04-09 19:00:00,1.176
2019-04-09 20:00:00,1.721
2019-04-09 21:00:00,2.099
2019-04-09 22:00:00,2.234
2019-04-09 23:00:00,2.219
2019-04-10 00:00:00,2.1390000000000002
2019-04-10 01:00:00,1.976
2019-04-10 02:00:00,1.817
2019-04-10 03:00:00,1.714
2019-04-10 04:00:00,1.6099999999999999
2019-04-10 05:00:00,1.551
2019-04-10 06:00:00,1.555
2019-04-10 07:00:00,1.643
2019-04-10 08:00:00,1.689
2019-04-10 09:00:00,1.775
2019-04-10 10:00:00,2.019
2019-04-10 11:00:00,2.172
2019-04-10 12:00:00,2.269
2019-04-10 13:00:00,2.458
2019-04-10 14:00:00,2.759
2019-04-10 15:00:00,3.16
2019-04-10 16:00:00,3.549
2019-04-10 17:00:00,3.813
2019-04-10 18:00:00,3.779
2019-04-10 19:00:00,3.775
2019-04-10 20:00:00,4.325
2019-04-10 21:00:00,4.5169999999999995
2019-04-10 22:00:00,4.279
2019-04-10 23:00:00,4.28
2019-04-11 00:00:00,4.17
2019-04-11 01:00:00,4.018
2019-04-11 02:00:00,3.826
2019-04-11 03:00:00,3.663
2019-04-11 04:00:00,3.536
2019-04-11 05:00:00,3.373
2019-04-11 06:00:00,3.249
2019-04-11 07:00:00,3.097
2019-04-11 08:00:00,2.878
2019-04-11 09:00:00,3.08
2019-04-11 10:00:00,3.419
2019-04-11 11:00:00,3.717
2019-04-11 12:00:00,3.639
2019-04-11 13:00:00,3.596
2019-04-11 14:00:00,3.685
2019-04-11 15:00:00,3.91
2019-04-11 16:00:00,4.193
2019-04-11 17:00:00,4.414
2019-04-11 18:00:00,4.431
2019-04-11 19:00:00,4.305
2019-04-11 20:00:00,4.885
2019-04-11 21:00:00,5.256
2019-04-11 22:00:00,4.985
2019-04-11 23:00:00,4.627
2019-04-12 00:00:00,4.248
2019-04-12 01:00:00,3.899
2019-04-12 02:00:00,3.57
2019-04-12 03:00:00,3.289
2019-04-12 04:00:00,3.067
2019-04-12 05:00:00,2.786
2019-04-12 06:00:00,2.638
2019-04-12 07:00:00,2.456
2019-04-12 08:00:00,1.8
2019-04-12 09:00:00,1.724
2019-04-12 10:00:00,2.384
2019-04-12 11:00:00,2.211
2019-04-12 12:00:00,2.003
2019-04-12 13:00:00,1.996
2019-04-12 14:00:00,2.146
2019-04-12 15:00:00,2.356
2019-04-12 16:00:00,2.561
2019-04-12 17:00:00,2.722
2019-04-12 18:00:00,2.802
2019-04-12 19:00:00,2.893
2019-04-12 20:00:00,3.6390000000000002
2019-04-12 21:00:00,4.193
2019-04-12 22:00:00,4.289
2019-04-12 23:00:00,4.182
2019-04-13 00:00:00,3.958
2019-04-13 01:00:00,3.709
2019-04-13 02:00:00,3.462
2019-04-13 03:00:00,3.231
2019-04-13 04:00:00,3.076
2019-04-13 05:00:00,2.9859999999999998
2019-04-13 06:00:00,2.9819999999999998
2019-04-13 07:00:00,2.91
2019-04-13 08:00:00,2.072
2019-04-13 09:00:00,2.004
2019-04-13 10:00:00,2.539
2019-04-13 11:00:00,2.4050000000000002
2019-04-13 12:00:00,2.226
2019-04-13 13:00:00,2.076
2019-04-13 14:00:00,2.055
2019-04-13 15:00:00,2.198
2019-04-13 16:00:00,2.458
2019-04-13 17:00:00,2.813
2019-04-13 18:00:00,3.149
2019-04-13 19:00:00,3.324
2019-04-13 20:00:00,3.872
2019-04-13 21:00:00,4.274
2019-04-13 22:00:00,4.161
2019-04-13 23:00:00,3.807
2019-04-14 00:00:00,3.5220000000000002
2019-04-14 01:00:00,3.3520000000000003
2019-04-14 02:00:00,3.2039999999999997
2019-04-14 03:00:00,3.068
2019-04-14 04:00:00,2.88
2019-04-14 05:00:00,2.717
2019-04-14 06:00:00,2.628
2019-04-14 07:00:00,2.502
2019-04-14 08:00:00,2.1559999999999997
2019-04-14 09:00:00,2.425
2019-04-14 10:00:00,2.782
2019-04-14 11:00:00,2.791
2019-04-14 12:00:00,2.745
2019-04-14 13:00:00,2.802
2019-04-14 14:00:00,2.908
2019-04-14 15:00:00,2.98
2019-04-14 16:00:00,2.853
2019-04-14 17:00:00,2.7889999999999997
2019-04-14 18:00:00,3.048
2019-04-14 19:00:00,3.278
2019-04-14 20:00:00,4.128
2019-04-14 21:00:00,4.862
2019-04-14 22:00:00,4.886
2019-04-14 23:00:00,4.598
2019-04-15 00:00:00,4.277
2019-04-15 01:00:00,3.915
2019-04-15 02:00:00,3.713
2019-04-15 03:00:00,3.578
2019-04-15 04:00:00,3.521
2019-04-15 05:00:00,3.519
2019-04-15 06:00:00,3.538
2019-04-15 07:00:00,3.251
2019-04-15 08:00:00,2.4610000000000003
2019-04-15 09:00:00,2.628
2019-04-15 10:00:00,4.3709999999999996
2019-04-15 11:00:00,4.848
2019-04-15 12:00:00,5.116
2019-04-15 13:00:00,5.333
2019-04-15 14:00:00,5.452
2019-04-15 15:00:00,5.431
2019-04-15 16:00:00,5.267
2019-04-15 17:00:00,4.959
2019-04-15 18:00:00,4.329
2019-04-15 19:00:00,3.969
2019-04-15 20:00:00,4.182
2019-04-15 21:00:00,4.23
2019-04-15 22:00:00,3.959
2019-04-15 23:00:00,3.772
2019-04-16 00:00:00,3.442
2019-04-16 01:00:00,3.402
2019-04-16 02:00:00,3.518
2019-04-16 03:00:00,3.3760000000000003
2019-04-16 04:00:00,3.165
2019-04-16 05:00:00,3.027
2019-04-16 06:00:00,2.824
2019-04-16 07:00:00,2.472
2019-04-16 08:00:00,1.727
2019-04-16 09:00:00,1.543
2019-04-16 10:00:00,1.759
2019-04-16 11:00:00,1.794
2019-04-16 12:00:00,1.795
2019-04-16 13:00:00,1.779
2019-04-16 14:00:00,1.7489999999999999
2019-04-16 15:00:00,1.677
2019-04-16 16:00:00,1.547
2019-04-16 17:00:00,1.324
2019-04-16 18:00:00,1.053
2019-04-16 19:00:00,0.926
2019-04-16 20:00:00,1.049
2019-04-16 21:00:00,1.195
2019-04-16 22:00:00,1.247
2019-04-16 23:00:00,1.286
2019-04-17 00:00:00,1.328
2019-04-17 01:00:00,1.3519999999999999
2019-04-17 02:00:00,1.397
2019-04-17 03:00:00,1.48
2019-04-17 04:00:00,1.6260000000000001
2019-04-17 05:00:00,1.716
2019-04-17 06:00:00,1.7469999999999999
2019-04-17 07:00:00,1.811
2019-04-17 08:00:00,1.55
2019-04-17 09:00:00,1.562
2019-04-17 10:00:00,1.957
2019-04-17 11:00:00,2.3
2019-04-17 12:00:00,2.3560000000000003
2019-04-17 13:00:00,2.399
2019-04-17 14:00:00,2.493
2019-04-17 15:00:00,2.624
2019-04-17 16:00:00,2.791
2019-04-17 17:00:00,2.911
2019-04-17 18:00:00,3.0149999999999997
2019-04-17 19:00:00,3.3169999999999997
2019-04-17 20:00:00,4.16
2019-04-17 21:00:00,4.847
2019-04-17 22:00:00,4.944
2019-04-17 23:00:00,4.777
2019-04-18 00:00:00,4.457
2019-04-18 01:00:00,4.1129999999999995
2019-04-18 02:00:00,3.817
2019-04-18 03:00:00,3.652
2019-04-18 04:00:00,3.643
2019-04-18 05:00:00,3.435
2019-04-18 06:00:00,3.272
2019-04-18 07:00:00,3.124
2019-04-18 08:00:00,2.509
2019-04-18 09:00:00,2.438
2019-04-18 10:00:00,3.113
2019-04-18 11:00:00,3.569
2019-04-18 12:00:00,3.849
2019-04-18 13:00:00,3.972
2019-04-18 14:00:00,3.997
2019-04-18 15:00:00,3.936
2019-04-18 16:00:00,3.8
2019-04-18 17:00:00,3.6029999999999998
2019-04-18 18:00:00,3.36
2019-04-18 19:00:00,3.678
2019-04-18 20:00:00,4.468
2019-04-18 21:00:00,4.924
2019-04-18 22:00:00,4.9559999999999995
2019-04-18 23:00:00,4.777
2019-04-19 00:00:00,4.392
2019-04-19 01:00:00,4.13
2019-04-19 02:00:00,3.945
2019-04-19 03:00:00,3.729
2019-04-19 04:00:00,3.519
2019-04-19 05:00:00,3.423
2019-04-19 06:00:00,3.309
2019-04-19 07:00:00,3.164
2019-04-19 08:00:00,2.489
2019-04-19 09:00:00,2.2760000000000002
2019-04-19 10:00:00,2.76
2019-04-19 11:00:00,3.0460000000000003
2019-04-19 12:00:00,3.084
2019-04-19 13:00:00,3.0380000000000003
2019-04-19 14:00:00,2.95
2019-04-19 15:00:00,2.843
2019-04-19 16:00:00,2.753
2019-04-19 17:00:00,2.661
2019-04-19 18:00:00,2.511
2019-04-19 19:00:00,2.728
2019-04-19 20:00:00,3.34
2019-04-19 21:00:00,3.815
2019-04-19 22:00:00,3.886
2019-04-19 23:00:00,3.796
2019-04-20 00:00:00,3.669
2019-04-20 01:00:00,3.55
2019-04-20 02:00:00,3.418
2019-04-20 03:00:00,3.274
2019-04-20 04:00:00,3.106
2019-04-20 05:00:00,2.904
2019-04-20 06:00:00,2.688
2019-04-20 07:00:00,2.468
2019-04-20 08:00:00,1.716
2019-04-20 09:00:00,1.349
2019-04-20 10:00:00,1.892
2019-04-20 11:00:00,2.449
2019-04-20 12:00:00,2.8609999999999998
2019-04-20 13:00:00,3.212
2019-04-20 14:00:00,3.54
2019-04-20 15:00:00,3.866
2019-04-20 16:00:00,4.115
2019-04-20 17:00:00,4.165
2019-04-20 18:00:00,3.817
2019-04-20 19:00:00,3.8440000000000003
2019-04-20 20:00:00,4.39
2019-04-20 21:00:00,4.789
2019-04-20 22:00:00,4.7989999999999995
2019-04-20 23:00:00,4.5409999999999995
2019-04-21 00:00:00,4.314
2019-04-21 01:00:00,4.094
2019-04-21 02:00:00,3.953
2019-04-21 03:00:00,3.854
2019-04-21 04:00:00,3.808
2019-04-21 05:00:00,3.769
2019-04-21 06:00:00,3.7350000000000003
2019-04-21 07:00:00,3.4139999999999997
2019-04-21 08:00:00,2.459
2019-04-21 09:00:00,2.1319999999999997
2019-04-21 10:00:00,2.403
2019-04-21 11:00:00,2.798
2019-04-21 12:00:00,3.205
2019-04-21 13:00:00,3.2910000000000004
2019-04-21 14:00:00,3.2840000000000003
2019-04-21 15:00:00,3.2960000000000003
2019-04-21 16:00:00,3.254
2019-04-21 17:00:00,3.126
2019-04-21 18:00:00,2.9269999999999996
2019-04-21 19:00:00,2.923
2019-04-21 20:00:00,3.174
2019-04-21 21:00:00,3.355
2019-04-21 22:00:00,3.3770000000000002
2019-04-21 23:00:00,3.364
2019-04-22 00:00:00,3.384
2019-04-22 01:00:00,3.398
2019-04-22 02:00:00,3.463
2019-04-22 03:00:00,3.479
2019-04-22 04:00:00,3.4189999999999996
2019-04-22 05:00:00,3.3289999999999997
2019-04-22 06:00:00,3.268
2019-04-22 07:00:00,3.219
2019-04-22 08:00:00,2.862
2019-04-22 09:00:00,2.6109999999999998
2019-04-22 10:00:00,2.831
2019-04-22 11:00:00,3.3049999999999997
2019-04-22 12:00:00,3.911
2019-04-22 13:00:00,4.417
2019-04-22 14:00:00,4.582
2019-04-22 15:00:00,4.532
2019-04-22 16:00:00,4.444
2019-04-22 17:00:00,4.271
2019-04-22 18:00:00,3.964
2019-04-22 19:00:00,4.023
2019-04-22 20:00:00,4.462
2019-04-22 21:00:00,4.905
2019-04-22 22:00:00,5.042
2019-04-22 23:00:00,4.96
2019-04-23 00:00:00,4.764
2019-04-23 01:00:00,4.342
2019-04-23 02:00:00,3.824
2019-04-23 03:00:00,3.521
2019-04-23 04:00:00,3.435
2019-04-23 05:00:00,3.423
2019-04-23 06:00:00,3.393
2019-04-23 07:00:00,3.208
2019-04-23 08:00:00,2.641
2019-04-23 09:00:00,2.558
2019-04-23 10:00:00,3.117
2019-04-23 11:00:00,3.262
2019-04-23 12:00:00,3.072
2019-04-23 13:00:00,2.82
2019-04-23 14:00:00,2.61
2019-04-23 15:00:00,2.452
2019-04-23 16:00:00,2.298
2019-04-23 17:00:00,2.172
2019-04-23 18:00:00,2.069
2019-04-23 19:00:00,1.993
2019-04-23 20:00:00,2.144
2019-04-23 21:00:00,2.409
2019-04-23 22:00:00,2.611
2019-04-23 23:00:00,2.748
2019-04-24 00:00:00,2.831
2019-04-24 01:00:00,3.083
2019-04-24 02:00:00,3.58
2019-04-24 03:00:00,4.068
2019-04-24 04:00:00,4.3260000000000005
2019-04-24 05:00:00,4.469
2019-04-24 06:00:00,4.673
2019-04-24 07:00:00,4.605
2019-04-24 08:00:00,4.392
2019-04-24 09:00:00,4.909
2019-04-24 10:00:00,5.7
2019-04-24 11:00:00,6.181
2019-04-24 12:00:00,6.462
2019-04-24 13:00:00,6.594
2019-04-24 14:00:00,6.769
2019-04-24 15:00:00,7.12
2019-04-24 16:00:00,7.391
2019-04-24 17:00:00,7.291
2019-04-24 18:00:00,6.744
2019-04-24 19:00:00,5.894
2019-04-24 20:00:00,5.7010000000000005
2019-04-24 21:00:00,5.963
2019-04-24 22:00:00,6.386
2019-04-24 23:00:00,6.601
2019-04-25 00:00:00,6.691
2019-04-25 01:00:00,6.523
2019-04-25 02:00:00,6.32
2019-04-25 03:00:00,6.083
2019-04-25 04:00:00,5.828
2019-04-25 05:00:00,5.725
2019-04-25 06:00:00,5.636
2019-04-25 07:00:00,5.333
2019-04-25 08:00:00,4.862
2019-04-25 09:00:00,5.169
2019-04-25 10:00:00,5.7620000000000005
2019-04-25 11:00:00,6.267
2019-04-25 12:00:00,6.819
2019-04-25 13:00:00,7.006
2019-04-25 14:00:00,6.958
2019-04-25 15:00:00,6.934
2019-04-25 16:00:00,6.663
2019-04-25 17:00:00,6.075
2019-04-25 18:00:00,5.216
2019-04-25 19:00:00,3.831
2019-04-25 20:00:00,2.94
2019-04-25 21:00:00,2.803
2019-04-25 22:00:00,2.917
2019-04-25 23:00:00,2.901
2019-04-26 00:00:00,2.969
2019-04-26 01:00:00,3.06
2019-04-26 02:00:00,2.964
2019-04-26 03:00:00,2.886
2019-04-26 04:00:00,2.79
2019-04-26 05:00:00,2.444
2019-04-26 06:00:00,2.089
2019-04-26 07:00:00,1.95
2019-04-26 08:00:00,1.8239999999999998
2019-04-26 09:00:00,2.43
2019-04-26 10:00:00,3.208
2019-04-26 11:00:00,3.563
2019-04-26 12:00:00,3.852
2019-04-26 13:00:00,4.148
2019-04-26 14:00:00,4.356
2019-04-26 15:00:00,4.569
2019-04-26 16:00:00,4.814
2019-04-26 17:00:00,5.052
2019-04-26 18:00:00,5.073
2019-04-26 19:00:00,4.591
2019-04-26 20:00:00,4.438000000000001
2019-04-26 21:00:00,4.547
2019-04-26 22:00:00,4.771
2019-04-26 23:00:00,5.191
2019-04-27 00:00:00,5.601
2019-04-27 01:00:00,5.814
2019-04-27 02:00:00,6.048
2019-04-27 03:00:00,5.971
2019-04-27 04:00:00,5.981
2019-04-27 05:00:00,6.0
2019-04-27 06:00:00,5.788
2019-04-27 07:00:00,5.344
2019-04-27 08:00:00,5.161
2019-04-27 09:00:00,6.537
2019-04-27 10:00:00,7.3629999999999995
2019-04-27 11:00:00,7.513
2019-04-27 12:00:00,7.634
2019-04-27 13:00:00,7.812
2019-04-27 14:00:00,8.052999999999999
2019-04-27 15:00:00,8.269
2019-04-27 16:00:00,8.427
2019-04-27 17:00:00,8.434000000000001
2019-04-27 18:00:00,8.061
2019-04-27 19:00:00,7.141
2019-04-27 20:00:00,6.178
2019-04-27 21:00:00,5.737
2019-04-27 22:00:00,5.396
2019-04-27 23:00:00,5.131
2019-04-28 00:00:00,4.979
2019-04-28 01:00:00,4.894
2019-04-28 02:00:00,4.966
2019-04-28 03:00:00,4.813000000000001
2019-04-28 04:00:00,4.657
2019-04-28 05:00:00,4.599
2019-04-28 06:00:00,4.407
2019-04-28 07:00:00,4.115
2019-04-28 08:00:00,4.016
2019-04-28 09:00:00,4.449
2019-04-28 10:00:00,4.819
2019-04-28 11:00:00,4.845
2019-04-28 12:00:00,4.829
2019-04-28 13:00:00,4.868
2019-04-28 14:00:00,4.8919999999999995
2019-04-28 15:00:00,4.853
2019-04-28 16:00:00,4.703
2019-04-28 17:00:00,4.465
2019-04-28 18:00:00,3.999
2019-04-28 19:00:00,3.142
2019-04-28 20:00:00,2.5380000000000003
2019-04-28 21:00:00,2.372
2019-04-28 22:00:00,2.2199999999999998
2019-04-28 23:00:00,2.153
2019-04-29 00:00:00,2.126
2019-04-29 01:00:00,2.091
2019-04-29 02:00:00,2.018
2019-04-29 03:00:00,1.911
2019-04-29 04:00:00,1.786
2019-04-29 05:00:00,1.6440000000000001
2019-04-29 06:00:00,1.522
2019-04-29 07:00:00,1.422
2019-04-29 08:00:00,1.37
2019-04-29 09:00:00,1.443
2019-04-29 10:00:00,1.518
2019-04-29 11:00:00,1.581
2019-04-29 12:00:00,1.5939999999999999
2019-04-29 13:00:00,1.621
2019-04-29 14:00:00,1.6920000000000002
2019-04-29 15:00:00,1.801
2019-04-29 16:00:00,1.967
2019-04-29 17:00:00,2.14
2019-04-29 18:00:00,2.275
2019-04-29 19:00:00,2.354
2019-04-29 20:00:00,2.7270000000000003
2019-04-29 21:00:00,3.14
2019-04-29 22:00:00,3.1310000000000002
2019-04-29 23:00:00,2.95
2019-04-30 00:00:00,2.678
2019-04-30 01:00:00,2.4619999999999997
2019-04-30 02:00:00,2.398
2019-04-30 03:00:00,2.431
2019-04-30 04:00:00,2.427
2019-04-30 05:00:00,2.291
2019-04-30 06:00:00,2.075
2019-04-30 07:00:00,1.633
2019-04-30 08:00:00,1.068
2019-04-30 09:00:00,1.141
2019-04-30 10:00:00,1.423
2019-04-30 11:00:00,1.3960000000000001
2019-04-30 12:00:00,1.366
2019-04-30 13:00:00,1.383
2019-04-30 14:00:00,1.416
2019-04-30 15:00:00,1.439
2019-04-30 16:00:00,1.449
2019-04-30 17:00:00,1.498
2019-04-30 18:00:00,1.558
2019-04-30 19:00:00,1.604
2019-04-30 20:00:00,1.991
2019-04-30 21:00:00,2.451
2019-04-30 22:00:00,2.569
2019-04-30 23:00:00,2.448
2019-05-01 00:00:00,2.2359999999999998
2019-05-01 01:00:00,1.979
2019-05-01 02:00:00,1.689
2019-05-01 03:00:00,1.419
2019-05-01 04:00:00,1.201
2019-05-01 05:00:00,1.026
2019-05-01 06:00:00,0.878
2019-05-01 07:00:00,0.727
2019-05-01 08:00:00,0.417
2019-05-01 09:00:00,0.269
2019-05-01 10:00:00,0.22
2019-05-01 11:00:00,0.20400000000000001
2019-05-01 12:00:00,0.21
2019-05-01 13:00:00,0.24
2019-05-01 14:00:00,0.274
2019-05-01 15:00:00,0.34299999999999997
2019-05-01 16:00:00,0.484
2019-05-01 17:00:00,0.6839999999999999
2019-05-01 18:00:00,0.914
2019-05-01 19:00:00,1.211
2019-05-01 20:00:00,1.603
2019-05-01 21:00:00,1.8780000000000001
2019-05-01 22:00:00,1.966
2019-05-01 23:00:00,2.046
2019-05-02 00:00:00,2.072
2019-05-02 01:00:00,1.9989999999999999
2019-05-02 02:00:00,1.9500000000000002
2019-05-02 03:00:00,1.954
2019-05-02 04:00:00,1.9140000000000001
2019-05-02 05:00:00,1.883
2019-05-02 06:00:00,1.867
2019-05-02 07:00:00,1.7069999999999999
2019-05-02 08:00:00,1.293
2019-05-02 09:00:00,1.35
2019-05-02 10:00:00,1.439
2019-05-02 11:00:00,1.536
2019-05-02 12:00:00,1.705
2019-05-02 13:00:00,1.936
2019-05-02 14:00:00,2.285
2019-05-02 15:00:00,2.67
2019-05-02 16:00:00,2.927
2019-05-02 17:00:00,2.999
2019-05-02 18:00:00,2.875
2019-05-02 19:00:00,2.601
2019-05-02 20:00:00,2.597
2019-05-02 21:00:00,2.762
2019-05-02 22:00:00,2.747
2019-05-02 23:00:00,2.725
2019-05-03 00:00:00,2.665
2019-05-03 01:00:00,2.484
2019-05-03 02:00:00,2.309
2019-05-03 03:00:00,2.166
2019-05-03 04:00:00,1.996
2019-05-03 05:00:00,1.8039999999999998
2019-05-03 06:00:00,1.6179999999999999
2019-05-03 07:00:00,1.31
2019-05-03 08:00:00,1.137
2019-05-03 09:00:00,1.1949999999999998
2019-05-03 10:00:00,1.2189999999999999
2019-05-03 11:00:00,1.2029999999999998
2019-05-03 12:00:00,1.175
2019-05-03 13:00:00,1.218
2019-05-03 14:00:00,1.341
2019-05-03 15:00:00,1.546
2019-05-03 16:00:00,1.787
2019-05-03 17:00:00,2.085
2019-05-03 18:00:00,2.3729999999999998
2019-05-03 19:00:00,2.3649999999999998
2019-05-03 20:00:00,2.484
2019-05-03 21:00:00,2.806
2019-05-03 22:00:00,2.788
2019-05-03 23:00:00,2.678
2019-05-04 00:00:00,2.548
2019-05-04 01:00:00,2.568
2019-05-04 02:00:00,2.751
2019-05-04 03:00:00,2.807
2019-05-04 04:00:00,2.722
2019-05-04 05:00:00,2.5700000000000003
2019-05-04 06:00:00,2.471
2019-05-04 07:00:00,2.337
2019-05-04 08:00:00,2.557
2019-05-04 09:00:00,3.387
2019-05-04 10:00:00,4.031
2019-05-04 11:00:00,4.58
2019-05-04 12:00:00,5.091
2019-05-04 13:00:00,5.64
2019-05-04 14:00:00,6.188
2019-05-04 15:00:00,6.728
2019-05-04 16:00:00,7.162
2019-05-04 17:00:00,7.409
2019-05-04 18:00:00,7.389
2019-05-04 19:00:00,6.923
2019-05-04 20:00:00,6.172000000000001
2019-05-04 21:00:00,5.796
2019-05-04 22:00:00,5.5120000000000005
2019-05-04 23:00:00,5.441
2019-05-05 00:00:00,5.438
2019-05-05 01:00:00,5.366
2019-05-05 02:00:00,5.383
2019-05-05 03:00:00,5.369
2019-05-05 04:00:00,5.2459999999999996
2019-05-05 05:00:00,5.172
2019-05-05 06:00:00,5.089
2019-05-05 07:00:00,4.93
2019-05-05 08:00:00,4.822
2019-05-05 09:00:00,5.511
2019-05-05 10:00:00,5.807
2019-05-05 11:00:00,5.8100000000000005
2019-05-05 12:00:00,5.776
2019-05-05 13:00:00,5.7379999999999995
2019-05-05 14:00:00,5.737
2019-05-05 15:00:00,5.703
2019-05-05 16:00:00,5.63
2019-05-05 17:00:00,5.486
2019-05-05 18:00:00,5.2490000000000006
2019-05-05 19:00:00,4.7219999999999995
2019-05-05 20:00:00,4.263
2019-05-05 21:00:00,4.461
2019-05-05 22:00:00,4.399
2019-05-05 23:00:00,4.12
2019-05-06 00:00:00,3.7489999999999997
2019-05-06 01:00:00,3.4210000000000003
2019-05-06 02:00:00,3.1799999999999997
2019-05-06 03:00:00,2.94
2019-05-06 04:00:00,2.755
2019-05-06 05:00:00,2.5869999999999997
2019-05-06 06:00:00,2.471
2019-05-06 07:00:00,2.1950000000000003
2019-05-06 08:00:00,1.697
2019-05-06 09:00:00,1.763
2019-05-06 10:00:00,1.847
2019-05-06 11:00:00,1.722
2019-05-06 12:00:00,1.645
2019-05-06 13:00:00,1.625
2019-05-06 14:00:00,1.627
2019-05-06 15:00:00,1.646
2019-05-06 16:00:00,1.6640000000000001
2019-05-06 17:00:00,1.674
2019-05-06 18:00:00,1.6640000000000001
2019-05-06 19:00:00,1.603
2019-05-06 20:00:00,1.674
2019-05-06 21:00:00,1.846
2019-05-06 22:00:00,1.987
2019-05-06 23:00:00,1.956
2019-05-07 00:00:00,1.813
2019-05-07 01:00:00,1.661
2019-05-07 02:00:00,1.544
2019-05-07 03:00:00,1.4989999999999999
2019-05-07 04:00:00,1.606
2019-05-07 05:00:00,1.698
2019-05-07 06:00:00,1.814
2019-05-07 07:00:00,1.711
2019-05-07 08:00:00,0.992
2019-05-07 09:00:00,0.827
2019-05-07 10:00:00,0.894
2019-05-07 11:00:00,1.024
2019-05-07 12:00:00,1.068
2019-05-07 13:00:00,1.137
2019-05-07 14:00:00,1.206
2019-05-07 15:00:00,1.339
2019-05-07 16:00:00,1.487
2019-05-07 17:00:00,1.63
2019-05-07 18:00:00,1.599
2019-05-07 19:00:00,1.6680000000000001
2019-05-07 20:00:00,2.308
2019-05-07 21:00:00,3.088
2019-05-07 22:00:00,3.5340000000000003
2019-05-07 23:00:00,3.623
2019-05-08 00:00:00,3.726
2019-05-08 01:00:00,3.963
2019-05-08 02:00:00,4.424
2019-05-08 03:00:00,4.697
2019-05-08 04:00:00,4.795
2019-05-08 05:00:00,4.929
2019-05-08 06:00:00,5.251
2019-05-08 07:00:00,5.155
2019-05-08 08:00:00,5.264
2019-05-08 09:00:00,5.6370000000000005
2019-05-08 10:00:00,6.569
2019-05-08 11:00:00,6.997
2019-05-08 12:00:00,7.308
2019-05-08 13:00:00,7.218999999999999
2019-05-08 14:00:00,7.247
2019-05-08 15:00:00,7.4
2019-05-08 16:00:00,7.418
2019-05-08 17:00:00,7.232
2019-05-08 18:00:00,6.611
2019-05-08 19:00:00,5.641
2019-05-08 20:00:00,5.243
2019-05-08 21:00:00,5.361
2019-05-08 22:00:00,5.438
2019-05-08 23:00:00,5.568
2019-05-09 00:00:00,5.675
2019-05-09 01:00:00,5.997
2019-05-09 02:00:00,6.13
2019-05-09 03:00:00,6.191
2019-05-09 04:00:00,6.111
2019-05-09 05:00:00,5.8260000000000005
2019-05-09 06:00:00,5.952
2019-05-09 07:00:00,5.794
2019-05-09 08:00:00,5.649
2019-05-09 09:00:00,6.923
2019-05-09 10:00:00,7.557
2019-05-09 11:00:00,7.555
2019-05-09 12:00:00,7.45
2019-05-09 13:00:00,7.36
2019-05-09 14:00:00,7.207
2019-05-09 15:00:00,7.101
2019-05-09 16:00:00,6.921
2019-05-09 17:00:00,6.437
2019-05-09 18:00:00,5.596
2019-05-09 19:00:00,4.46
2019-05-09 20:00:00,3.777
2019-05-09 21:00:00,3.444
2019-05-09 22:00:00,3.092
2019-05-09 23:00:00,2.877
2019-05-10 00:00:00,2.742
2019-05-10 01:00:00,2.568
2019-05-10 02:00:00,2.379
2019-05-10 03:00:00,2.051
2019-05-10 04:00:00,1.791
2019-05-10 05:00:00,1.522
2019-05-10 06:00:00,1.31
2019-05-10 07:00:00,1.04
2019-05-10 08:00:00,0.8130000000000001
2019-05-10 09:00:00,0.843
2019-05-10 10:00:00,0.978
2019-05-10 11:00:00,1.099
2019-05-10 12:00:00,1.242
2019-05-10 13:00:00,1.395
2019-05-10 14:00:00,1.514
2019-05-10 15:00:00,1.544
2019-05-10 16:00:00,1.5330000000000001
2019-05-10 17:00:00,1.504
2019-05-10 18:00:00,1.426
2019-05-10 19:00:00,1.355
2019-05-10 20:00:00,1.453
2019-05-10 21:00:00,1.931
2019-05-10 22:00:00,2.524
2019-05-10 23:00:00,3.023
2019-05-11 00:00:00,3.469
2019-05-11 01:00:00,3.448
2019-05-11 02:00:00,3.428
2019-05-11 03:00:00,3.459
2019-05-11 04:00:00,3.541
2019-05-11 05:00:00,3.621
2019-05-11 06:00:00,3.742
2019-05-11 07:00:00,3.588
2019-05-11 08:00:00,3.634
2019-05-11 09:00:00,4.455
2019-05-11 10:00:00,5.022
2019-05-11 11:00:00,5.238
2019-05-11 12:00:00,5.418
2019-05-11 13:00:00,5.648
2019-05-11 14:00:00,5.907
2019-05-11 15:00:00,5.95
2019-05-11 16:00:00,5.781000000000001
2019-05-11 17:00:00,5.592
2019-05-11 18:00:00,5.374
2019-05-11 19:00:00,4.523
2019-05-11 20:00:00,4.0809999999999995
2019-05-11 21:00:00,4.314
2019-05-11 22:00:00,4.458
2019-05-11 23:00:00,4.385
2019-05-12 00:00:00,4.235
2019-05-12 01:00:00,4.07
2019-05-12 02:00:00,3.72
2019-05-12 03:00:00,3.3850000000000002
2019-05-12 04:00:00,3.12
2019-05-12 05:00:00,2.941
2019-05-12 06:00:00,2.886
2019-05-12 07:00:00,2.766
2019-05-12 08:00:00,2.984
2019-05-12 09:00:00,3.564
2019-05-12 10:00:00,4.079
2019-05-12 11:00:00,4.429
2019-05-12 12:00:00,4.595
2019-05-12 13:00:00,4.724
2019-05-12 14:00:00,4.895
2019-05-12 15:00:00,5.186
2019-05-12 16:00:00,5.4559999999999995
2019-05-12 17:00:00,5.785
2019-05-12 18:00:00,6.1
2019-05-12 19:00:00,6.054
2019-05-12 20:00:00,5.852
2019-05-12 21:00:00,6.389
2019-05-12 22:00:00,6.471
2019-05-12 23:00:00,6.199
2019-05-13 00:00:00,5.987
2019-05-13 01:00:00,5.83
2019-05-13 02:00:00,5.689
2019-05-13 03:00:00,5.556
2019-05-13 04:00:00,5.498
2019-05-13 05:00:00,5.233
2019-05-13 06:00:00,4.946
2019-05-13 07:00:00,4.141
2019-05-13 08:00:00,3.791
2019-05-13 09:00:00,4.871
2019-05-13 10:00:00,5.636
2019-05-13 11:00:00,5.855
2019-05-13 12:00:00,6.027
2019-05-13 13:00:00,6.243
2019-05-13 14:00:00,6.476
2019-05-13 15:00:00,6.731
2019-05-13 16:00:00,6.904
2019-05-13 17:00:00,7.004
2019-05-13 18:00:00,6.965
2019-05-13 19:00:00,6.4799999999999995
2019-05-13 20:00:00,6.293
2019-05-13 21:00:00,6.812
2019-05-13 22:00:00,6.689
2019-05-13 23:00:00,6.275
2019-05-14 00:00:00,5.997
2019-05-14 01:00:00,5.63
2019-05-14 02:00:00,5.212
2019-05-14 03:00:00,4.8469999999999995
2019-05-14 04:00:00,4.657
2019-05-14 05:00:00,4.506
2019-05-14 06:00:00,4.2620000000000005
2019-05-14 07:00:00,3.307
2019-05-14 08:00:00,2.754
2019-05-14 09:00:00,3.744
2019-05-14 10:00:00,4.79
2019-05-14 11:00:00,5.088
2019-05-14 12:00:00,5.24
2019-05-14 13:00:00,5.396
2019-05-14 14:00:00,5.596
2019-05-14 15:00:00,5.78
2019-05-14 16:00:00,5.906
2019-05-14 17:00:00,5.9079999999999995
2019-05-14 18:00:00,5.712
2019-05-14 19:00:00,5.134
2019-05-14 20:00:00,5.003
2019-05-14 21:00:00,5.536
2019-05-14 22:00:00,5.584
2019-05-14 23:00:00,5.312
2019-05-15 00:00:00,5.08
2019-05-15 01:00:00,4.725
2019-05-15 02:00:00,4.54
2019-05-15 03:00:00,4.404
2019-05-15 04:00:00,4.282
2019-05-15 05:00:00,4.247
2019-05-15 06:00:00,4.12
2019-05-15 07:00:00,3.354
2019-05-15 08:00:00,3.178
2019-05-15 09:00:00,4.184
2019-05-15 10:00:00,4.833
2019-05-15 11:00:00,4.666
2019-05-15 12:00:00,4.362
2019-05-15 13:00:00,4.1209999999999996
2019-05-15 14:00:00,3.997
2019-05-15 15:00:00,3.968
2019-05-15 16:00:00,4.001
2019-05-15 17:00:00,4.065
2019-05-15 18:00:00,4.044
2019-05-15 19:00:00,3.684
2019-05-15 20:00:00,3.679
2019-05-15 21:00:00,4.112
2019-05-15 22:00:00,4.2
2019-05-15 23:00:00,4.163
2019-05-16 00:00:00,3.981
2019-05-16 01:00:00,3.611
2019-05-16 02:00:00,3.269
2019-05-16 03:00:00,2.975
2019-05-16 04:00:00,2.705
2019-05-16 05:00:00,2.459
2019-05-16 06:00:00,2.274
2019-05-16 07:00:00,1.563
2019-05-16 08:00:00,0.9410000000000001
2019-05-16 09:00:00,1.138
2019-05-16 10:00:00,1.545
2019-05-16 11:00:00,1.72
2019-05-16 12:00:00,1.825
2019-05-16 13:00:00,1.883
2019-05-16 14:00:00,1.903
2019-05-16 15:00:00,1.8960000000000001
2019-05-16 16:00:00,1.8359999999999999
2019-05-16 17:00:00,1.6920000000000002
2019-05-16 18:00:00,1.611
2019-05-16 19:00:00,1.61
2019-05-16 20:00:00,1.966
2019-05-16 21:00:00,2.599
2019-05-16 22:00:00,2.924
2019-05-16 23:00:00,2.888
2019-05-17 00:00:00,2.765
2019-05-17 01:00:00,2.655
2019-05-17 02:00:00,2.53
2019-05-17 03:00:00,2.402
2019-05-17 04:00:00,2.27
2019-05-17 05:00:00,2.182
2019-05-17 06:00:00,2.124
2019-05-17 07:00:00,1.756
2019-05-17 08:00:00,1.673
2019-05-17 09:00:00,2.1029999999999998
2019-05-17 10:00:00,2.621
2019-05-17 11:00:00,2.623
2019-05-17 12:00:00,2.349
2019-05-17 13:00:00,2.142
2019-05-17 14:00:00,2.042
2019-05-17 15:00:00,2.118
2019-05-17 16:00:00,2.2560000000000002
2019-05-17 17:00:00,2.392
2019-05-17 18:00:00,2.443
2019-05-17 19:00:00,2.377
2019-05-17 20:00:00,2.5060000000000002
2019-05-17 21:00:00,2.722
2019-05-17 22:00:00,2.7190000000000003
2019-05-17 23:00:00,2.601
2019-05-18 00:00:00,2.382
2019-05-18 01:00:00,2.088
2019-05-18 02:00:00,1.841
2019-05-18 03:00:00,1.674
2019-05-18 04:00:00,1.4889999999999999
2019-05-18 05:00:00,1.346
2019-05-18 06:00:00,1.203
2019-05-18 07:00:00,0.964
2019-05-18 08:00:00,0.865
2019-05-18 09:00:00,1.002
2019-05-18 10:00:00,1.0350000000000001
2019-05-18 11:00:00,1.066
2019-05-18 12:00:00,1.1179999999999999
2019-05-18 13:00:00,1.22
2019-05-18 14:00:00,1.339
2019-05-18 15:00:00,1.444
2019-05-18 16:00:00,1.542
2019-05-18 17:00:00,1.574
2019-05-18 18:00:00,1.551
2019-05-18 19:00:00,1.531
2019-05-18 20:00:00,1.651
2019-05-18 21:00:00,1.9380000000000002
2019-05-18 22:00:00,2.076
2019-05-18 23:00:00,2.122
2019-05-19 00:00:00,2.122
2019-05-19 01:00:00,2.069
2019-05-19 02:00:00,1.995
2019-05-19 03:00:00,1.955
2019-05-19 04:00:00,1.8900000000000001
2019-05-19 05:00:00,1.827
2019-05-19 06:00:00,1.722
2019-05-19 07:00:00,1.441
2019-05-19 08:00:00,1.258
2019-05-19 09:00:00,1.385
2019-05-19 10:00:00,1.487
2019-05-19 11:00:00,1.575
2019-05-19 12:00:00,1.671
2019-05-19 13:00:00,1.813
2019-05-19 14:00:00,2.033
2019-05-19 15:00:00,2.263
2019-05-19 16:00:00,2.448
2019-05-19 17:00:00,2.633
2019-05-19 18:00:00,2.686
2019-05-19 19:00:00,2.4939999999999998
2019-05-19 20:00:00,2.531
2019-05-19 21:00:00,2.952
2019-05-19 22:00:00,3.258
2019-05-19 23:00:00,3.311
2019-05-20 00:00:00,3.27
2019-05-20 01:00:00,3.21
2019-05-20 02:00:00,3.127
2019-05-20 03:00:00,3.06
2019-05-20 04:00:00,3.059
2019-05-20 05:00:00,3.0020000000000002
2019-05-20 06:00:00,2.955
2019-05-20 07:00:00,2.613
2019-05-20 08:00:00,2.4050000000000002
2019-05-20 09:00:00,2.581
2019-05-20 10:00:00,2.685
2019-05-20 11:00:00,2.71
2019-05-20 12:00:00,2.753
2019-05-20 13:00:00,2.8529999999999998
2019-05-20 14:00:00,2.959
2019-05-20 15:00:00,3.0140000000000002
2019-05-20 16:00:00,3.011
2019-05-20 17:00:00,3.036
2019-05-20 18:00:00,3.027
2019-05-20 19:00:00,2.8609999999999998
2019-05-20 20:00:00,2.768
2019-05-20 21:00:00,3.126
2019-05-20 22:00:00,3.3329999999999997
2019-05-20 23:00:00,3.3659999999999997
2019-05-21 00:00:00,3.3609999999999998
2019-05-21 01:00:00,3.362
2019-05-21 02:00:00,3.309
2019-05-21 03:00:00,3.227
2019-05-21 04:00:00,3.097
2019-05-21 05:00:00,2.9610000000000003
2019-05-21 06:00:00,2.794
2019-05-21 07:00:00,2.312
2019-05-21 08:00:00,2.189
2019-05-21 09:00:00,2.553
2019-05-21 10:00:00,2.723
2019-05-21 11:00:00,2.802
2019-05-21 12:00:00,2.81
2019-05-21 13:00:00,2.776
2019-05-21 14:00:00,2.743
2019-05-21 15:00:00,2.717
2019-05-21 16:00:00,2.6879999999999997
2019-05-21 17:00:00,2.655
2019-05-21 18:00:00,2.59
2019-05-21 19:00:00,2.388
2019-05-21 20:00:00,2.384
2019-05-21 21:00:00,2.71
2019-05-21 22:00:00,2.809
2019-05-21 23:00:00,2.749
2019-05-22 00:00:00,2.599
2019-05-22 01:00:00,2.363
2019-05-22 02:00:00,2.08
2019-05-22 03:00:00,1.817
2019-05-22 04:00:00,1.638
2019-05-22 05:00:00,1.473
2019-05-22 06:00:00,1.334
2019-05-22 07:00:00,1.046
2019-05-22 08:00:00,0.696
2019-05-22 09:00:00,0.75
2019-05-22 10:00:00,0.849
2019-05-22 11:00:00,0.84
2019-05-22 12:00:00,0.8200000000000001
2019-05-22 13:00:00,0.8130000000000001
2019-05-22 14:00:00,0.834
2019-05-22 15:00:00,0.86
2019-05-22 16:00:00,0.878
2019-05-22 17:00:00,0.889
2019-05-22 18:00:00,0.903
2019-05-22 19:00:00,0.904
2019-05-22 20:00:00,1.063
2019-05-22 21:00:00,1.336
2019-05-22 22:00:00,1.482
2019-05-22 23:00:00,1.513
2019-05-23 00:00:00,1.447
2019-05-23 01:00:00,1.412
2019-05-23 02:00:00,1.417
2019-05-23 03:00:00,1.464
2019-05-23 04:00:00,1.537
2019-05-23 05:00:00,1.584
2019-05-23 06:00:00,1.612
2019-05-23 07:00:00,1.293
2019-05-23 08:00:00,0.6719999999999999
2019-05-23 09:00:00,0.517
2019-05-23 10:00:00,0.546
2019-05-23 11:00:00,0.544
2019-05-23 12:00:00,0.564
2019-05-23 13:00:00,0.575
2019-05-23 14:00:00,0.595
2019-05-23 15:00:00,0.658
2019-05-23 16:00:00,0.768
2019-05-23 17:00:00,0.888
2019-05-23 18:00:00,0.999
2019-05-23 19:00:00,1.159
2019-05-23 20:00:00,1.458
2019-05-23 21:00:00,1.532
2019-05-23 22:00:00,1.375
2019-05-23 23:00:00,1.244
2019-05-24 00:00:00,1.177
2019-05-24 01:00:00,1.155
2019-05-24 02:00:00,1.183
2019-05-24 03:00:00,1.251
2019-05-24 04:00:00,1.303
2019-05-24 05:00:00,1.304
2019-05-24 06:00:00,1.285
2019-05-24 07:00:00,1.026
2019-05-24 08:00:00,0.798
2019-05-24 09:00:00,0.925
2019-05-24 10:00:00,0.986
2019-05-24 11:00:00,1.006
2019-05-24 12:00:00,1.056
2019-05-24 13:00:00,1.142
2019-05-24 14:00:00,1.287
2019-05-24 15:00:00,1.462
2019-05-24 16:00:00,1.605
2019-05-24 17:00:00,1.666
2019-05-24 18:00:00,1.675
2019-05-24 19:00:00,1.741
2019-05-24 20:00:00,2.009
2019-05-24 21:00:00,2.572
2019-05-24 22:00:00,2.919
2019-05-24 23:00:00,2.897
2019-05-25 00:00:00,2.749
2019-05-25 01:00:00,2.52
2019-05-25 02:00:00,2.278
2019-05-25 03:00:00,2.085
2019-05-25 04:00:00,1.92
2019-05-25 05:00:00,1.813
2019-05-25 06:00:00,1.718
2019-05-25 07:00:00,1.301
2019-05-25 08:00:00,1.024
2019-05-25 09:00:00,1.14
2019-05-25 10:00:00,1.246
2019-05-25 11:00:00,1.423
2019-05-25 12:00:00,1.615
2019-05-25 13:00:00,1.782
2019-05-25 14:00:00,1.905
2019-05-25 15:00:00,2.028
2019-05-25 16:00:00,2.124
2019-05-25 17:00:00,2.215
2019-05-25 18:00:00,2.258
2019-05-25 19:00:00,2.186
2019-05-25 20:00:00,2.213
2019-05-25 21:00:00,2.459
2019-05-25 22:00:00,2.531
2019-05-25 23:00:00,2.475
2019-05-26 00:00:00,2.423
2019-05-26 01:00:00,2.382
2019-05-26 02:00:00,2.319
2019-05-26 03:00:00,2.245
2019-05-26 04:00:00,2.149
2019-05-26 05:00:00,2.069
2019-05-26 06:00:00,1.963
2019-05-26 07:00:00,1.505
2019-05-26 08:00:00,1.441
2019-05-26 09:00:00,1.657
2019-05-26 10:00:00,1.913
2019-05-26 11:00:00,2.092
2019-05-26 12:00:00,2.206
2019-05-26 13:00:00,2.278
2019-05-26 14:00:00,2.34
2019-05-26 15:00:00,2.3970000000000002
2019-05-26 16:00:00,2.449
2019-05-26 17:00:00,2.572
2019-05-26 18:00:00,2.739
2019-05-26 19:00:00,2.784
2019-05-26 20:00:00,2.705
2019-05-26 21:00:00,2.8609999999999998
2019-05-26 22:00:00,3.0140000000000002
2019-05-26 23:00:00,3.112
2019-05-27 00:00:00,3.169
2019-05-27 01:00:00,3.027
2019-05-27 02:00:00,2.803
2019-05-27 03:00:00,2.51
2019-05-27 04:00:00,2.342
2019-05-27 05:00:00,2.185
2019-05-27 06:00:00,2.049
2019-05-27 07:00:00,1.696
2019-05-27 08:00:00,1.6800000000000002
2019-05-27 09:00:00,1.733
2019-05-27 10:00:00,1.783
2019-05-27 11:00:00,1.8599999999999999
2019-05-27 12:00:00,1.927
2019-05-27 13:00:00,2.001
2019-05-27 14:00:00,2.133
2019-05-27 15:00:00,2.409
2019-05-27 16:00:00,2.779
2019-05-27 17:00:00,3.172
2019-05-27 18:00:00,3.645
2019-05-27 19:00:00,3.901
2019-05-27 20:00:00,3.7649999999999997
2019-05-27 21:00:00,3.956
2019-05-27 22:00:00,3.895
2019-05-27 23:00:00,3.803
2019-05-28 00:00:00,3.801
2019-05-28 01:00:00,3.8470000000000004
2019-05-28 02:00:00,3.807
2019-05-28 03:00:00,3.751
2019-05-28 04:00:00,3.743
2019-05-28 05:00:00,3.763
2019-05-28 06:00:00,3.578
2019-05-28 07:00:00,3.153
2019-05-28 08:00:00,3.684
2019-05-28 09:00:00,4.506
2019-05-28 10:00:00,4.799
2019-05-28 11:00:00,5.038
2019-05-28 12:00:00,5.245
2019-05-28 13:00:00,5.406
2019-05-28 14:00:00,5.59
2019-05-28 15:00:00,5.725
2019-05-28 16:00:00,5.793
2019-05-28 17:00:00,5.665
2019-05-28 18:00:00,5.3260000000000005
2019-05-28 19:00:00,4.823
2019-05-28 20:00:00,4.2170000000000005
2019-05-28 21:00:00,4.253
2019-05-28 22:00:00,4.389
2019-05-28 23:00:00,4.38
2019-05-29 00:00:00,4.2540000000000004
2019-05-29 01:00:00,4.015
2019-05-29 02:00:00,3.681
2019-05-29 03:00:00,3.326
2019-05-29 04:00:00,3.01
2019-05-29 05:00:00,2.739
2019-05-29 06:00:00,2.541
2019-05-29 07:00:00,2.15
2019-05-29 08:00:00,2.265
2019-05-29 09:00:00,2.5549999999999997
2019-05-29 10:00:00,2.743
2019-05-29 11:00:00,2.873
2019-05-29 12:00:00,2.962
2019-05-29 13:00:00,3.029
2019-05-29 14:00:00,3.138
2019-05-29 15:00:00,3.2720000000000002
2019-05-29 16:00:00,3.379
2019-05-29 17:00:00,3.502
2019-05-29 18:00:00,3.588
2019-05-29 19:00:00,3.45
2019-05-29 20:00:00,3.269
2019-05-29 21:00:00,3.388
2019-05-29 22:00:00,3.404
2019-05-29 23:00:00,3.253
2019-05-30 00:00:00,3.093
2019-05-30 01:00:00,2.95
2019-05-30 02:00:00,2.724
2019-05-30 03:00:00,2.518
2019-05-30 04:00:00,2.463
2019-05-30 05:00:00,2.4290000000000003
2019-05-30 06:00:00,2.339
2019-05-30 07:00:00,1.794
2019-05-30 08:00:00,1.709
2019-05-30 09:00:00,1.875
2019-05-30 10:00:00,1.868
2019-05-30 11:00:00,1.773
2019-05-30 12:00:00,1.6709999999999998
2019-05-30 13:00:00,1.651
2019-05-30 14:00:00,1.674
2019-05-30 15:00:00,1.687
2019-05-30 16:00:00,1.695
2019-05-30 17:00:00,1.692
2019-05-30 18:00:00,1.667
2019-05-30 19:00:00,1.599
2019-05-30 20:00:00,1.535
2019-05-30 21:00:00,1.755
2019-05-30 22:00:00,1.856
2019-05-30 23:00:00,1.754
2019-05-31 00:00:00,1.614
2019-05-31 01:00:00,1.405
2019-05-31 02:00:00,1.215
2019-05-31 03:00:00,1.0879999999999999
2019-05-31 04:00:00,1.0
2019-05-31 05:00:00,0.9470000000000001
2019-05-31 06:00:00,0.887
2019-05-31 07:00:00,0.582
2019-05-31 08:00:00,0.444
2019-05-31 09:00:00,0.466
2019-05-31 10:00:00,0.478
2019-05-31 11:00:00,0.489
2019-05-31 12:00:00,0.488
2019-05-31 13:00:00,0.483
2019-05-31 14:00:00,0.477
2019-05-31 15:00:00,0.485
2019-05-31 16:00:00,0.496
2019-05-31 17:00:00,0.492
2019-05-31 18:00:00,0.486
2019-05-31 19:00:00,0.498
2019-05-31 20:00:00,0.565
2019-05-31 21:00:00,0.6829999999999999
2019-05-31 22:00:00,0.808
2019-05-31 23:00:00,0.909
2019-06-01 00:00:00,0.999
2019-06-01 01:00:00,1.078
2019-06-01 02:00:00,1.124
2019-06-01 03:00:00,1.202
2019-06-01 04:00:00,1.363
2019-06-01 05:00:00,1.547
2019-06-01 06:00:00,1.681
2019-06-01 07:00:00,1.306
2019-06-01 08:00:00,0.585
2019-06-01 09:00:00,0.46
2019-06-01 10:00:00,0.625
2019-06-01 11:00:00,0.649
2019-06-01 12:00:00,0.653
2019-06-01 13:00:00,0.668
2019-06-01 14:00:00,0.6990000000000001
2019-06-01 15:00:00,0.754
2019-06-01 16:00:00,0.812
2019-06-01 17:00:00,0.85
2019-06-01 18:00:00,0.886
2019-06-01 19:00:00,1.0090000000000001
2019-06-01 20:00:00,1.284
2019-06-01 21:00:00,1.647
2019-06-01 22:00:00,1.95
2019-06-01 23:00:00,2.243
2019-06-02 00:00:00,2.529
2019-06-02 01:00:00,2.81
2019-06-02 02:00:00,3.024
2019-06-02 03:00:00,3.152
2019-06-02 04:00:00,3.172
2019-06-02 05:00:00,3.115
2019-06-02 06:00:00,2.938
2019-06-02 07:00:00,2.057
2019-06-02 08:00:00,1.234
2019-06-02 09:00:00,1.175
2019-06-02 10:00:00,1.537
2019-06-02 11:00:00,1.8800000000000001
2019-06-02 12:00:00,2.2070000000000003
2019-06-02 13:00:00,2.524
2019-06-02 14:00:00,2.688
2019-06-02 15:00:00,2.74
2019-06-02 16:00:00,2.818
2019-06-02 17:00:00,2.644
2019-06-02 18:00:00,2.279
2019-06-02 19:00:00,2.284
2019-06-02 20:00:00,2.343
2019-06-02 21:00:00,2.4779999999999998
2019-06-02 22:00:00,2.628
2019-06-02 23:00:00,2.673
2019-06-03 00:00:00,2.5060000000000002
2019-06-03 01:00:00,2.195
2019-06-03 02:00:00,2.043
2019-06-03 03:00:00,1.939
2019-06-03 04:00:00,1.87
2019-06-03 05:00:00,1.859
2019-06-03 06:00:00,1.714
2019-06-03 07:00:00,1.136
2019-06-03 08:00:00,0.88
2019-06-03 09:00:00,1.078
2019-06-03 10:00:00,1.451
2019-06-03 11:00:00,1.4889999999999999
2019-06-03 12:00:00,1.33
2019-06-03 13:00:00,1.3679999999999999
2019-06-03 14:00:00,1.556
2019-06-03 15:00:00,1.651
2019-06-03 16:00:00,1.592
2019-06-03 17:00:00,1.444
2019-06-03 18:00:00,1.262
2019-06-03 19:00:00,1.043
2019-06-03 20:00:00,0.9319999999999999
2019-06-03 21:00:00,1.049
2019-06-03 22:00:00,1.0699999999999998
2019-06-03 23:00:00,1.065
2019-06-04 00:00:00,1.227
2019-06-04 01:00:00,1.459
2019-06-04 02:00:00,1.658
2019-06-04 03:00:00,1.7890000000000001
2019-06-04 04:00:00,1.931
2019-06-04 05:00:00,2.189
2019-06-04 06:00:00,2.385
2019-06-04 07:00:00,1.87
2019-06-04 08:00:00,1.6320000000000001
2019-06-04 09:00:00,2.1390000000000002
2019-06-04 10:00:00,2.611
2019-06-04 11:00:00,3.078
2019-06-04 12:00:00,3.504
2019-06-04 13:00:00,4.022
2019-06-04 14:00:00,4.563
2019-06-04 15:00:00,4.945
2019-06-04 16:00:00,5.152
2019-06-04 17:00:00,5.223
2019-06-04 18:00:00,5.118
2019-06-04 19:00:00,4.779
2019-06-04 20:00:00,4.263
2019-06-04 21:00:00,3.981
2019-06-04 22:00:00,3.686
2019-06-04 23:00:00,3.391
2019-06-05 00:00:00,3.195
2019-06-05 01:00:00,2.899
2019-06-05 02:00:00,2.741
2019-06-05 03:00:00,2.872
2019-06-05 04:00:00,2.813
2019-06-05 05:00:00,2.633
2019-06-05 06:00:00,2.372
2019-06-05 07:00:00,1.8820000000000001
2019-06-05 08:00:00,1.714
2019-06-05 09:00:00,1.948
2019-06-05 10:00:00,2.266
2019-06-05 11:00:00,2.461
2019-06-05 12:00:00,2.608
2019-06-05 13:00:00,2.981
2019-06-05 14:00:00,3.5540000000000003
2019-06-05 15:00:00,3.84
2019-06-05 16:00:00,3.916
2019-06-05 17:00:00,3.917
2019-06-05 18:00:00,3.739
2019-06-05 19:00:00,3.425
2019-06-05 20:00:00,3.132
2019-06-05 21:00:00,2.96
2019-06-05 22:00:00,2.838
2019-06-05 23:00:00,2.867
2019-06-06 00:00:00,2.867
2019-06-06 01:00:00,2.686
2019-06-06 02:00:00,2.528
2019-06-06 03:00:00,2.425
2019-06-06 04:00:00,2.3970000000000002
2019-06-06 05:00:00,2.164
2019-06-06 06:00:00,1.915
2019-06-06 07:00:00,1.657
2019-06-06 08:00:00,1.5619999999999998
2019-06-06 09:00:00,1.4929999999999999
2019-06-06 10:00:00,1.392
2019-06-06 11:00:00,1.294
2019-06-06 12:00:00,1.213
2019-06-06 13:00:00,1.203
2019-06-06 14:00:00,1.267
2019-06-06 15:00:00,1.284
2019-06-06 16:00:00,1.334
2019-06-06 17:00:00,1.426
2019-06-06 18:00:00,1.6800000000000002
2019-06-06 19:00:00,2.0300000000000002
2019-06-06 20:00:00,2.626
2019-06-06 21:00:00,3.623
2019-06-06 22:00:00,4.5440000000000005
2019-06-06 23:00:00,4.965
2019-06-07 00:00:00,5.177
2019-06-07 01:00:00,5.305
2019-06-07 02:00:00,5.459
2019-06-07 03:00:00,5.601
2019-06-07 04:00:00,5.91
2019-06-07 05:00:00,6.1049999999999995
2019-06-07 06:00:00,5.951
2019-06-07 07:00:00,5.429
2019-06-07 08:00:00,5.774
2019-06-07 09:00:00,6.662
2019-06-07 10:00:00,7.457
2019-06-07 11:00:00,8.215
2019-06-07 12:00:00,8.654
2019-06-07 13:00:00,8.825
2019-06-07 14:00:00,9.117
2019-06-07 15:00:00,9.125
2019-06-07 16:00:00,8.916
2019-06-07 17:00:00,8.875
2019-06-07 18:00:00,8.645
2019-06-07 19:00:00,8.262
2019-06-07 20:00:00,7.947
2019-06-07 21:00:00,7.615
2019-06-07 22:00:00,7.338
2019-06-07 23:00:00,7.244
2019-06-08 00:00:00,7.245
2019-06-08 01:00:00,7.128
2019-06-08 02:00:00,6.916
2019-06-08 03:00:00,6.663
2019-06-08 04:00:00,6.459
2019-06-08 05:00:00,6.130999999999999
2019-06-08 06:00:00,5.622
2019-06-08 07:00:00,5.128
2019-06-08 08:00:00,5.358
2019-06-08 09:00:00,5.587
2019-06-08 10:00:00,5.429
2019-06-08 11:00:00,5.25
2019-06-08 12:00:00,5.05
2019-06-08 13:00:00,4.848
2019-06-08 14:00:00,4.574
2019-06-08 15:00:00,4.166
2019-06-08 16:00:00,3.718
2019-06-08 17:00:00,3.262
2019-06-08 18:00:00,2.791
2019-06-08 19:00:00,2.318
2019-06-08 20:00:00,2.083
2019-06-08 21:00:00,2.106
2019-06-08 22:00:00,2.02
2019-06-08 23:00:00,1.845
2019-06-09 00:00:00,1.631
2019-06-09 01:00:00,1.529
2019-06-09 02:00:00,1.548
2019-06-09 03:00:00,1.698
2019-06-09 04:00:00,1.834
2019-06-09 05:00:00,1.9529999999999998
2019-06-09 06:00:00,2.025
2019-06-09 07:00:00,1.8230000000000002
2019-06-09 08:00:00,1.506
2019-06-09 09:00:00,1.473
2019-06-09 10:00:00,1.442
2019-06-09 11:00:00,1.3719999999999999
2019-06-09 12:00:00,1.4969999999999999
2019-06-09 13:00:00,1.6360000000000001
2019-06-09 14:00:00,1.623
2019-06-09 15:00:00,1.566
2019-06-09 16:00:00,1.5539999999999998
2019-06-09 17:00:00,1.604
2019-06-09 18:00:00,1.6709999999999998
2019-06-09 19:00:00,1.766
2019-06-09 20:00:00,1.992
2019-06-09 21:00:00,2.363
2019-06-09 22:00:00,2.498
2019-06-09 23:00:00,2.299
2019-06-10 00:00:00,2.06
2019-06-10 01:00:00,1.873
2019-06-10 02:00:00,1.766
2019-06-10 03:00:00,1.723
2019-06-10 04:00:00,1.787
2019-06-10 05:00:00,1.77
2019-06-10 06:00:00,1.748
2019-06-10 07:00:00,1.557
2019-06-10 08:00:00,1.49
2019-06-10 09:00:00,1.592
2019-06-10 10:00:00,1.735
2019-06-10 11:00:00,1.877
2019-06-10 12:00:00,2.0220000000000002
2019-06-10 13:00:00,2.213
2019-06-10 14:00:00,2.37
2019-06-10 15:00:00,2.529
2019-06-10 16:00:00,2.814
2019-06-10 17:00:00,2.827
2019-06-10 18:00:00,2.827
2019-06-10 19:00:00,2.69
2019-06-10 20:00:00,2.3449999999999998
2019-06-10 21:00:00,2.356
2019-06-10 22:00:00,2.362
2019-06-10 23:00:00,2.339
2019-06-11 00:00:00,2.277
2019-06-11 01:00:00,2.132
2019-06-11 02:00:00,1.994
2019-06-11 03:00:00,1.863
2019-06-11 04:00:00,1.677
2019-06-11 05:00:00,1.405
2019-06-11 06:00:00,1.158
2019-06-11 07:00:00,0.875
2019-06-11 08:00:00,0.8300000000000001
2019-06-11 09:00:00,0.928
2019-06-11 10:00:00,1.045
2019-06-11 11:00:00,1.112
2019-06-11 12:00:00,1.135
2019-06-11 13:00:00,1.169
2019-06-11 14:00:00,1.208
2019-06-11 15:00:00,1.274
2019-06-11 16:00:00,1.351
2019-06-11 17:00:00,1.424
2019-06-11 18:00:00,1.475
2019-06-11 19:00:00,1.467
2019-06-11 20:00:00,1.513
2019-06-11 21:00:00,1.6720000000000002
2019-06-11 22:00:00,1.771
2019-06-11 23:00:00,1.882
2019-06-12 00:00:00,1.946
2019-06-12 01:00:00,1.994
2019-06-12 02:00:00,2.052
2019-06-12 03:00:00,2.179
2019-06-12 04:00:00,2.185
2019-06-12 05:00:00,2.067
2019-06-12 06:00:00,1.842
2019-06-12 07:00:00,1.483
2019-06-12 08:00:00,1.58
2019-06-12 09:00:00,1.893
2019-06-12 10:00:00,2.134
2019-06-12 11:00:00,2.245
2019-06-12 12:00:00,2.281
2019-06-12 13:00:00,2.386
2019-06-12 14:00:00,2.495
2019-06-12 15:00:00,2.552
2019-06-12 16:00:00,2.539
2019-06-12 17:00:00,2.475
2019-06-12 18:00:00,2.317
2019-06-12 19:00:00,2.0700000000000003
2019-06-12 20:00:00,1.916
2019-06-12 21:00:00,2.152
2019-06-12 22:00:00,2.461
2019-06-12 23:00:00,2.598
2019-06-13 00:00:00,2.6029999999999998
2019-06-13 01:00:00,2.599
2019-06-13 02:00:00,2.6470000000000002
2019-06-13 03:00:00,2.675
2019-06-13 04:00:00,2.684
2019-06-13 05:00:00,2.636
2019-06-13 06:00:00,2.55
2019-06-13 07:00:00,2.258
2019-06-13 08:00:00,2.528
2019-06-13 09:00:00,2.942
2019-06-13 10:00:00,3.212
2019-06-13 11:00:00,3.4699999999999998
2019-06-13 12:00:00,3.81
2019-06-13 13:00:00,4.1690000000000005
2019-06-13 14:00:00,4.38
2019-06-13 15:00:00,4.385
2019-06-13 16:00:00,4.126
2019-06-13 17:00:00,3.915
2019-06-13 18:00:00,3.612
2019-06-13 19:00:00,3.195
2019-06-13 20:00:00,2.981
2019-06-13 21:00:00,3.261
2019-06-13 22:00:00,3.352
2019-06-13 23:00:00,3.257
2019-06-14 00:00:00,3.154
2019-06-14 01:00:00,3.002
2019-06-14 02:00:00,2.852
2019-06-14 03:00:00,3.096
2019-06-14 04:00:00,3.389
2019-06-14 05:00:00,3.473
2019-06-14 06:00:00,3.26
2019-06-14 07:00:00,2.7640000000000002
2019-06-14 08:00:00,2.5549999999999997
2019-06-14 09:00:00,2.7119999999999997
2019-06-14 10:00:00,2.9160000000000004
2019-06-14 11:00:00,2.935
2019-06-14 12:00:00,2.892
2019-06-14 13:00:00,2.8600000000000003
2019-06-14 14:00:00,2.72
2019-06-14 15:00:00,2.42
2019-06-14 16:00:00,1.995
2019-06-14 17:00:00,2.081
2019-06-14 18:00:00,2.21
2019-06-14 19:00:00,2.124
2019-06-14 20:00:00,1.9220000000000002
2019-06-14 21:00:00,1.937
2019-06-14 22:00:00,1.956
2019-06-14 23:00:00,1.8479999999999999
2019-06-15 00:00:00,1.799
2019-06-15 01:00:00,1.835
2019-06-15 02:00:00,1.733
2019-06-15 03:00:00,1.666
2019-06-15 04:00:00,1.863
2019-06-15 05:00:00,2.044
2019-06-15 06:00:00,2.094
2019-06-15 07:00:00,1.756
2019-06-15 08:00:00,1.849
2019-06-15 09:00:00,2.177
2019-06-15 10:00:00,2.422
2019-06-15 11:00:00,2.668
2019-06-15 12:00:00,2.91
2019-06-15 13:00:00,3.137
2019-06-15 14:00:00,3.315
2019-06-15 15:00:00,3.439
2019-06-15 16:00:00,3.553
2019-06-15 17:00:00,3.659
2019-06-15 18:00:00,3.799
2019-06-15 19:00:00,3.593
2019-06-15 20:00:00,2.951
2019-06-15 21:00:00,2.873
2019-06-15 22:00:00,2.993
2019-06-15 23:00:00,3.126
2019-06-16 00:00:00,3.202
2019-06-16 01:00:00,3.1790000000000003
2019-06-16 02:00:00,3.145
2019-06-16 03:00:00,3.0940000000000003
2019-06-16 04:00:00,2.976
2019-06-16 05:00:00,2.83
2019-06-16 06:00:00,2.6189999999999998
2019-06-16 07:00:00,2.11
2019-06-16 08:00:00,2.335
2019-06-16 09:00:00,2.392
2019-06-16 10:00:00,2.292
2019-06-16 11:00:00,2.2110000000000003
2019-06-16 12:00:00,2.178
2019-06-16 13:00:00,2.177
2019-06-16 14:00:00,2.147
2019-06-16 15:00:00,2.042
2019-06-16 16:00:00,1.851
2019-06-16 17:00:00,1.652
2019-06-16 18:00:00,1.495
2019-06-16 19:00:00,1.391
2019-06-16 20:00:00,1.433
2019-06-16 21:00:00,1.763
2019-06-16 22:00:00,1.983
2019-06-16 23:00:00,1.99
2019-06-17 00:00:00,1.934
2019-06-17 01:00:00,1.836
2019-06-17 02:00:00,1.768
2019-06-17 03:00:00,1.7029999999999998
2019-06-17 04:00:00,1.623
2019-06-17 05:00:00,1.506
2019-06-17 06:00:00,1.341
2019-06-17 07:00:00,0.7889999999999999
2019-06-17 08:00:00,0.459
2019-06-17 09:00:00,0.639
2019-06-17 10:00:00,0.6659999999999999
2019-06-17 11:00:00,0.619
2019-06-17 12:00:00,0.5650000000000001
2019-06-17 13:00:00,0.533
2019-06-17 14:00:00,0.499
2019-06-17 15:00:00,0.46199999999999997
2019-06-17 16:00:00,0.436
2019-06-17 17:00:00,0.41200000000000003
2019-06-17 18:00:00,0.405
2019-06-17 19:00:00,0.474
2019-06-17 20:00:00,0.713
2019-06-17 21:00:00,1.218
2019-06-17 22:00:00,1.74
2019-06-17 23:00:00,2.052
2019-06-18 00:00:00,2.2159999999999997
2019-06-18 01:00:00,2.141
2019-06-18 02:00:00,1.922
2019-06-18 03:00:00,1.731
2019-06-18 04:00:00,1.534
2019-06-18 05:00:00,1.4649999999999999
2019-06-18 06:00:00,1.498
2019-06-18 07:00:00,1.312
2019-06-18 08:00:00,0.927
2019-06-18 09:00:00,0.9079999999999999
2019-06-18 10:00:00,1.182
2019-06-18 11:00:00,1.358
2019-06-18 12:00:00,1.478
2019-06-18 13:00:00,1.562
2019-06-18 14:00:00,1.601
2019-06-18 15:00:00,1.622
2019-06-18 16:00:00,1.647
2019-06-18 17:00:00,1.66
2019-06-18 18:00:00,1.6
2019-06-18 19:00:00,1.532
2019-06-18 20:00:00,1.776
2019-06-18 21:00:00,2.354
2019-06-18 22:00:00,2.669
2019-06-18 23:00:00,2.673
2019-06-19 00:00:00,2.658
2019-06-19 01:00:00,2.701
2019-06-19 02:00:00,2.846
2019-06-19 03:00:00,3.109
2019-06-19 04:00:00,3.331
2019-06-19 05:00:00,3.247
2019-06-19 06:00:00,2.79
2019-06-19 07:00:00,1.872
2019-06-19 08:00:00,1.59
2019-06-19 09:00:00,2.432
2019-06-19 10:00:00,2.882
2019-06-19 11:00:00,3.089
2019-06-19 12:00:00,3.506
2019-06-19 13:00:00,3.769
2019-06-19 14:00:00,3.8320000000000003
2019-06-19 15:00:00,3.763
2019-06-19 16:00:00,3.563
2019-06-19 17:00:00,3.233
2019-06-19 18:00:00,2.842
2019-06-19 19:00:00,2.3890000000000002
2019-06-19 20:00:00,1.974
2019-06-19 21:00:00,1.885
2019-06-19 22:00:00,1.916
2019-06-19 23:00:00,1.8760000000000001
2019-06-20 00:00:00,1.812
2019-06-20 01:00:00,1.749
2019-06-20 02:00:00,1.729
2019-06-20 03:00:00,1.729
2019-06-20 04:00:00,1.738
2019-06-20 05:00:00,1.687
2019-06-20 06:00:00,1.5
2019-06-20 07:00:00,1.246
2019-06-20 08:00:00,1.311
2019-06-20 09:00:00,1.262
2019-06-20 10:00:00,1.253
2019-06-20 11:00:00,1.311
2019-06-20 12:00:00,1.454
2019-06-20 13:00:00,1.6400000000000001
2019-06-20 14:00:00,1.792
2019-06-20 15:00:00,1.851
2019-06-20 16:00:00,1.867
2019-06-20 17:00:00,1.858
2019-06-20 18:00:00,1.838
2019-06-20 19:00:00,1.8090000000000002
2019-06-20 20:00:00,1.807
2019-06-20 21:00:00,1.972
2019-06-20 22:00:00,2.154
2019-06-20 23:00:00,2.188
2019-06-21 00:00:00,2.152
2019-06-21 01:00:00,2.019
2019-06-21 02:00:00,1.877
2019-06-21 03:00:00,1.819
2019-06-21 04:00:00,1.777
2019-06-21 05:00:00,1.706
2019-06-21 06:00:00,1.571
2019-06-21 07:00:00,1.139
2019-06-21 08:00:00,1.189
2019-06-21 09:00:00,1.291
2019-06-21 10:00:00,1.3
2019-06-21 11:00:00,1.19
2019-06-21 12:00:00,1.008
2019-06-21 13:00:00,0.871
2019-06-21 14:00:00,0.869
2019-06-21 15:00:00,0.95
2019-06-21 16:00:00,1.058
2019-06-21 17:00:00,1.211
2019-06-21 18:00:00,1.355
2019-06-21 19:00:00,1.5939999999999999
2019-06-21 20:00:00,2.048
2019-06-21 21:00:00,2.7199999999999998
2019-06-21 22:00:00,3.167
2019-06-21 23:00:00,3.115
2019-06-22 00:00:00,2.923
2019-06-22 01:00:00,2.827
2019-06-22 02:00:00,2.877
2019-06-22 03:00:00,2.8
2019-06-22 04:00:00,2.581
2019-06-22 05:00:00,2.453
2019-06-22 06:00:00,2.193
2019-06-22 07:00:00,1.471
2019-06-22 08:00:00,1.106
2019-06-22 09:00:00,1.204
2019-06-22 10:00:00,1.146
2019-06-22 11:00:00,1.031
2019-06-22 12:00:00,1.022
2019-06-22 13:00:00,1.06
2019-06-22 14:00:00,1.111
2019-06-22 15:00:00,1.15
2019-06-22 16:00:00,1.2
2019-06-22 17:00:00,1.276
2019-06-22 18:00:00,1.3659999999999999
2019-06-22 19:00:00,1.455
2019-06-22 20:00:00,1.649
2019-06-22 21:00:00,2.219
2019-06-22 22:00:00,2.757
2019-06-22 23:00:00,3.04
2019-06-23 00:00:00,3.031
2019-06-23 01:00:00,2.832
2019-06-23 02:00:00,2.683
2019-06-23 03:00:00,2.619
2019-06-23 04:00:00,2.541
2019-06-23 05:00:00,2.56
2019-06-23 06:00:00,2.323
2019-06-23 07:00:00,1.583
2019-06-23 08:00:00,1.205
2019-06-23 09:00:00,1.469
2019-06-23 10:00:00,1.774
2019-06-23 11:00:00,1.932
2019-06-23 12:00:00,2.009
2019-06-23 13:00:00,1.985
2019-06-23 14:00:00,1.842
2019-06-23 15:00:00,1.653
2019-06-23 16:00:00,1.615
2019-06-23 17:00:00,1.706
2019-06-23 18:00:00,1.679
2019-06-23 19:00:00,1.57
2019-06-23 20:00:00,1.857
2019-06-23 21:00:00,2.413
2019-06-23 22:00:00,2.779
2019-06-23 23:00:00,2.852
2019-06-24 00:00:00,2.778
2019-06-24 01:00:00,2.69
2019-06-24 02:00:00,2.646
2019-06-24 03:00:00,2.486
2019-06-24 04:00:00,2.278
2019-06-24 05:00:00,2.214
2019-06-24 06:00:00,2.178
2019-06-24 07:00:00,1.696
2019-06-24 08:00:00,1.401
2019-06-24 09:00:00,1.533
2019-06-24 10:00:00,1.419
2019-06-24 11:00:00,1.177
2019-06-24 12:00:00,1.069
2019-06-24 13:00:00,1.045
2019-06-24 14:00:00,1.124
2019-06-24 15:00:00,1.2970000000000002
2019-06-24 16:00:00,1.551
2019-06-24 17:00:00,1.849
2019-06-24 18:00:00,2.145
2019-06-24 19:00:00,2.4219999999999997
2019-06-24 20:00:00,2.816
2019-06-24 21:00:00,3.197
2019-06-24 22:00:00,3.33
2019-06-24 23:00:00,3.227
2019-06-25 00:00:00,2.943
2019-06-25 01:00:00,2.626
2019-06-25 02:00:00,2.391
2019-06-25 03:00:00,2.282
2019-06-25 04:00:00,2.302
2019-06-25 05:00:00,2.309
2019-06-25 06:00:00,2.217
2019-06-25 07:00:00,1.65
2019-06-25 08:00:00,1.396
2019-06-25 09:00:00,1.788
2019-06-25 10:00:00,2.097
2019-06-25 11:00:00,2.166
2019-06-25 12:00:00,2.076
2019-06-25 13:00:00,1.924
2019-06-25 14:00:00,1.7240000000000002
2019-06-25 15:00:00,1.5190000000000001
2019-06-25 16:00:00,1.353
2019-06-25 17:00:00,1.29
2019-06-25 18:00:00,1.331
2019-06-25 19:00:00,1.361
2019-06-25 20:00:00,1.575
2019-06-25 21:00:00,2.113
2019-06-25 22:00:00,2.435
2019-06-25 23:00:00,2.444
2019-06-26 00:00:00,2.456
2019-06-26 01:00:00,2.499
2019-06-26 02:00:00,2.584
2019-06-26 03:00:00,2.668
2019-06-26 04:00:00,2.715
2019-06-26 05:00:00,2.737
2019-06-26 06:00:00,2.693
2019-06-26 07:00:00,2.167
2019-06-26 08:00:00,2.009
2019-06-26 09:00:00,2.623
2019-06-26 10:00:00,3.051
2019-06-26 11:00:00,3.253
2019-06-26 12:00:00,3.368
2019-06-26 13:00:00,3.427
2019-06-26 14:00:00,3.4450000000000003
2019-06-26 15:00:00,3.43
2019-06-26 16:00:00,3.39
2019-06-26 17:00:00,3.304
2019-06-26 18:00:00,3.1769999999999996
2019-06-26 19:00:00,3.127
2019-06-26 20:00:00,3.328
2019-06-26 21:00:00,3.611
2019-06-26 22:00:00,3.904
2019-06-26 23:00:00,4.032
2019-06-27 00:00:00,4.095
2019-06-27 01:00:00,4.031
2019-06-27 02:00:00,3.859
2019-06-27 03:00:00,3.722
2019-06-27 04:00:00,3.632
2019-06-27 05:00:00,3.484
2019-06-27 06:00:00,3.158
2019-06-27 07:00:00,2.609
2019-06-27 08:00:00,2.429
2019-06-27 09:00:00,2.1750000000000003
2019-06-27 10:00:00,2.053
2019-06-27 11:00:00,2.003
2019-06-27 12:00:00,2.057
2019-06-27 13:00:00,2.276
2019-06-27 14:00:00,2.543
2019-06-27 15:00:00,2.787
2019-06-27 16:00:00,2.984
2019-06-27 17:00:00,3.117
2019-06-27 18:00:00,3.183
2019-06-27 19:00:00,3.344
2019-06-27 20:00:00,3.951
2019-06-27 21:00:00,4.836
2019-06-27 22:00:00,5.145
2019-06-27 23:00:00,4.893
2019-06-28 00:00:00,4.58
2019-06-28 01:00:00,4.242
2019-06-28 02:00:00,3.8609999999999998
2019-06-28 03:00:00,3.456
2019-06-28 04:00:00,3.132
2019-06-28 05:00:00,2.972
2019-06-28 06:00:00,2.706
2019-06-28 07:00:00,2.1229999999999998
2019-06-28 08:00:00,1.818
2019-06-28 09:00:00,2.026
2019-06-28 10:00:00,1.985
2019-06-28 11:00:00,1.947
2019-06-28 12:00:00,1.937
2019-06-28 13:00:00,1.911
2019-06-28 14:00:00,1.861
2019-06-28 15:00:00,1.829
2019-06-28 16:00:00,1.812
2019-06-28 17:00:00,1.797
2019-06-28 18:00:00,1.811
2019-06-28 19:00:00,1.828
2019-06-28 20:00:00,2.149
2019-06-28 21:00:00,2.8249999999999997
2019-06-28 22:00:00,3.1590000000000003
2019-06-28 23:00:00,3.079
2019-06-29 00:00:00,2.821
2019-06-29 01:00:00,2.5429999999999997
2019-06-29 02:00:00,2.3249999999999997
2019-06-29 03:00:00,2.194
2019-06-29 04:00:00,2.11
2019-06-29 05:00:00,2.06
2019-06-29 06:00:00,1.919
2019-06-29 07:00:00,1.234
2019-06-29 08:00:00,0.875
2019-06-29 09:00:00,0.969
2019-06-29 10:00:00,1.2530000000000001
2019-06-29 11:00:00,1.453
2019-06-29 12:00:00,1.507
2019-06-29 13:00:00,1.525
2019-06-29 14:00:00,1.509
2019-06-29 15:00:00,1.504
2019-06-29 16:00:00,1.499
2019-06-29 17:00:00,1.524
2019-06-29 18:00:00,1.544
2019-06-29 19:00:00,1.561
2019-06-29 20:00:00,1.734
2019-06-29 21:00:00,1.994
2019-06-29 22:00:00,2.247
2019-06-29 23:00:00,2.513
2019-06-30 00:00:00,2.845
2019-06-30 01:00:00,2.984
2019-06-30 02:00:00,2.92
2019-06-30 03:00:00,2.823
2019-06-30 04:00:00,2.664
2019-06-30 05:00:00,2.394
2019-06-30 06:00:00,1.9929999999999999
2019-06-30 07:00:00,1.591
2019-06-30 08:00:00,1.442
2019-06-30 09:00:00,1.238
2019-06-30 10:00:00,0.968
2019-06-30 11:00:00,0.829
2019-06-30 12:00:00,0.796
2019-06-30 13:00:00,0.8320000000000001
2019-06-30 14:00:00,0.792
2019-06-30 15:00:00,0.895
2019-06-30 16:00:00,1.145
2019-06-30 17:00:00,1.239
2019-06-30 18:00:00,1.2959999999999998
2019-06-30 19:00:00,1.463
2019-06-30 20:00:00,1.8780000000000001
2019-06-30 21:00:00,2.366
2019-06-30 22:00:00,2.491
2019-06-30 23:00:00,2.301
2019-07-01 00:00:00,2.174
2019-07-01 01:00:00,2.041
2019-07-01 02:00:00,1.882
2019-07-01 03:00:00,1.681
2019-07-01 04:00:00,1.566
2019-07-01 05:00:00,1.664
2019-07-01 06:00:00,1.585
2019-07-01 07:00:00,1.32
2019-07-01 08:00:00,1.424
2019-07-01 09:00:00,1.28
2019-07-01 10:00:00,1.08
2019-07-01 11:00:00,0.912
2019-07-01 12:00:00,0.886
2019-07-01 13:00:00,1.016
2019-07-01 14:00:00,1.189
2019-07-01 15:00:00,1.3499999999999999
2019-07-01 16:00:00,1.504
2019-07-01 17:00:00,1.661
2019-07-01 18:00:00,1.834
2019-07-01 19:00:00,1.984
2019-07-01 20:00:00,2.172
2019-07-01 21:00:00,2.626
2019-07-01 22:00:00,3.105
2019-07-01 23:00:00,2.845
2019-07-02 00:00:00,2.433
2019-07-02 01:00:00,2.033
2019-07-02 02:00:00,1.782
2019-07-02 03:00:00,1.678
2019-07-02 04:00:00,1.611
2019-07-02 05:00:00,1.609
2019-07-02 06:00:00,1.477
2019-07-02 07:00:00,1.073
2019-07-02 08:00:00,1.15
2019-07-02 09:00:00,1.127
2019-07-02 10:00:00,0.955
2019-07-02 11:00:00,0.868
2019-07-02 12:00:00,0.879
2019-07-02 13:00:00,0.971
2019-07-02 14:00:00,1.115
2019-07-02 15:00:00,1.284
2019-07-02 16:00:00,1.449
2019-07-02 17:00:00,1.605
2019-07-02 18:00:00,1.818
2019-07-02 19:00:00,2.132
2019-07-02 20:00:00,2.5180000000000002
2019-07-02 21:00:00,3.247
2019-07-02 22:00:00,3.723
2019-07-02 23:00:00,3.638
2019-07-03 00:00:00,3.398
2019-07-03 01:00:00,3.216
2019-07-03 02:00:00,3.0749999999999997
2019-07-03 03:00:00,2.969
2019-07-03 04:00:00,2.845
2019-07-03 05:00:00,2.7079999999999997
2019-07-03 06:00:00,2.405
2019-07-03 07:00:00,1.9409999999999998
2019-07-03 08:00:00,2.113
2019-07-03 09:00:00,2.339
2019-07-03 10:00:00,2.387
2019-07-03 11:00:00,2.293
2019-07-03 12:00:00,2.214
2019-07-03 13:00:00,2.178
2019-07-03 14:00:00,2.168
2019-07-03 15:00:00,2.199
2019-07-03 16:00:00,2.29
2019-07-03 17:00:00,2.439
2019-07-03 18:00:00,2.6830000000000003
2019-07-03 19:00:00,2.952
2019-07-03 20:00:00,3.344
2019-07-03 21:00:00,4.038
2019-07-03 22:00:00,4.406
2019-07-03 23:00:00,4.177
2019-07-04 00:00:00,3.925
2019-07-04 01:00:00,3.795
2019-07-04 02:00:00,3.527
2019-07-04 03:00:00,3.442
2019-07-04 04:00:00,3.238
2019-07-04 05:00:00,3.022
2019-07-04 06:00:00,2.583
2019-07-04 07:00:00,1.804
2019-07-04 08:00:00,1.94
2019-07-04 09:00:00,1.8519999999999999
2019-07-04 10:00:00,1.841
2019-07-04 11:00:00,1.849
2019-07-04 12:00:00,1.7309999999999999
2019-07-04 13:00:00,1.548
2019-07-04 14:00:00,1.367
2019-07-04 15:00:00,1.241
2019-07-04 16:00:00,1.188
2019-07-04 17:00:00,1.202
2019-07-04 18:00:00,1.31
2019-07-04 19:00:00,1.5150000000000001
2019-07-04 20:00:00,2.102
2019-07-04 21:00:00,2.9899999999999998
2019-07-04 22:00:00,3.3920000000000003
2019-07-04 23:00:00,3.239
2019-07-05 00:00:00,2.953
2019-07-05 01:00:00,2.633
2019-07-05 02:00:00,2.367
2019-07-05 03:00:00,2.133
2019-07-05 04:00:00,1.944
2019-07-05 05:00:00,1.748
2019-07-05 06:00:00,1.592
2019-07-05 07:00:00,1.0310000000000001
2019-07-05 08:00:00,0.603
2019-07-05 09:00:00,0.619
2019-07-05 10:00:00,0.748
2019-07-05 11:00:00,0.598
2019-07-05 12:00:00,0.462
2019-07-05 13:00:00,0.428
2019-07-05 14:00:00,0.472
2019-07-05 15:00:00,0.569
2019-07-05 16:00:00,0.6779999999999999
2019-07-05 17:00:00,0.745
2019-07-05 18:00:00,0.827
2019-07-05 19:00:00,1.038
2019-07-05 20:00:00,1.441
2019-07-05 21:00:00,1.8639999999999999
2019-07-05 22:00:00,1.98
2019-07-05 23:00:00,1.919
2019-07-06 00:00:00,1.849
2019-07-06 01:00:00,1.736
2019-07-06 02:00:00,1.627
2019-07-06 03:00:00,1.511
2019-07-06 04:00:00,1.349
2019-07-06 05:00:00,1.158
2019-07-06 06:00:00,0.983
2019-07-06 07:00:00,0.657
2019-07-06 08:00:00,0.464
2019-07-06 09:00:00,0.446
2019-07-06 10:00:00,0.574
2019-07-06 11:00:00,0.677
2019-07-06 12:00:00,0.751
2019-07-06 13:00:00,0.885
2019-07-06 14:00:00,1.0939999999999999
2019-07-06 15:00:00,1.279
2019-07-06 16:00:00,1.475
2019-07-06 17:00:00,1.709
2019-07-06 18:00:00,1.883
2019-07-06 19:00:00,1.9749999999999999
2019-07-06 20:00:00,2.156
2019-07-06 21:00:00,2.335
2019-07-06 22:00:00,2.294
2019-07-06 23:00:00,2.0
2019-07-07 00:00:00,1.677
2019-07-07 01:00:00,1.452
2019-07-07 02:00:00,1.336
2019-07-07 03:00:00,1.295
2019-07-07 04:00:00,1.296
2019-07-07 05:00:00,1.217
2019-07-07 06:00:00,0.991
2019-07-07 07:00:00,0.622
2019-07-07 08:00:00,0.442
2019-07-07 09:00:00,0.39899999999999997
2019-07-07 10:00:00,0.503
2019-07-07 11:00:00,0.654
2019-07-07 12:00:00,0.782
2019-07-07 13:00:00,0.9299999999999999
2019-07-07 14:00:00,1.115
2019-07-07 15:00:00,1.2970000000000002
2019-07-07 16:00:00,1.479
2019-07-07 17:00:00,1.671
2019-07-07 18:00:00,1.87
2019-07-07 19:00:00,2.14
2019-07-07 20:00:00,2.529
2019-07-07 21:00:00,3.051
2019-07-07 22:00:00,3.225
2019-07-07 23:00:00,2.938
2019-07-08 00:00:00,2.621
2019-07-08 01:00:00,2.315
2019-07-08 02:00:00,2.105
2019-07-08 03:00:00,1.968
2019-07-08 04:00:00,1.895
2019-07-08 05:00:00,1.8
2019-07-08 06:00:00,1.539
2019-07-08 07:00:00,1.218
2019-07-08 08:00:00,1.429
2019-07-08 09:00:00,1.555
2019-07-08 10:00:00,1.651
2019-07-08 11:00:00,1.646
2019-07-08 12:00:00,1.495
2019-07-08 13:00:00,1.438
2019-07-08 14:00:00,1.533
2019-07-08 15:00:00,1.695
2019-07-08 16:00:00,1.915
2019-07-08 17:00:00,2.079
2019-07-08 18:00:00,2.065
2019-07-08 19:00:00,2.114
2019-07-08 20:00:00,2.3529999999999998
2019-07-08 21:00:00,3.231
2019-07-08 22:00:00,3.9170000000000003
2019-07-08 23:00:00,3.735
2019-07-09 00:00:00,3.472
2019-07-09 01:00:00,3.283
2019-07-09 02:00:00,3.096
2019-07-09 03:00:00,2.875
2019-07-09 04:00:00,2.67
2019-07-09 05:00:00,2.543
2019-07-09 06:00:00,2.259
2019-07-09 07:00:00,2.231
2019-07-09 08:00:00,2.232
2019-07-09 09:00:00,2.698
2019-07-09 10:00:00,2.667
2019-07-09 11:00:00,2.681
2019-07-09 12:00:00,2.566
2019-07-09 13:00:00,2.496
2019-07-09 14:00:00,2.491
2019-07-09 15:00:00,2.525
2019-07-09 16:00:00,2.665
2019-07-09 17:00:00,2.848
2019-07-09 18:00:00,3.068
2019-07-09 19:00:00,3.25
2019-07-09 20:00:00,3.3649999999999998
2019-07-09 21:00:00,3.983
2019-07-09 22:00:00,4.371
2019-07-09 23:00:00,4.174
2019-07-10 00:00:00,3.83
2019-07-10 01:00:00,3.503
2019-07-10 02:00:00,3.259
2019-07-10 03:00:00,3.03
2019-07-10 04:00:00,2.843
2019-07-10 05:00:00,2.629
2019-07-10 06:00:00,2.307
2019-07-10 07:00:00,1.603
2019-07-10 08:00:00,1.492
2019-07-10 09:00:00,1.6280000000000001
2019-07-10 10:00:00,1.561
2019-07-10 11:00:00,1.4769999999999999
2019-07-10 12:00:00,1.432
2019-07-10 13:00:00,1.441
2019-07-10 14:00:00,1.497
2019-07-10 15:00:00,1.55
2019-07-10 16:00:00,1.542
2019-07-10 17:00:00,1.45
2019-07-10 18:00:00,1.3780000000000001
2019-07-10 19:00:00,1.36
2019-07-10 20:00:00,1.463
2019-07-10 21:00:00,1.737
2019-07-10 22:00:00,1.765
2019-07-10 23:00:00,1.514
2019-07-11 00:00:00,1.201
2019-07-11 01:00:00,1.02
2019-07-11 02:00:00,0.9259999999999999
2019-07-11 03:00:00,0.854
2019-07-11 04:00:00,0.828
2019-07-11 05:00:00,0.798
2019-07-11 06:00:00,0.752
2019-07-11 07:00:00,0.639
2019-07-11 08:00:00,0.476
2019-07-11 09:00:00,0.497
2019-07-11 10:00:00,0.665
2019-07-11 11:00:00,0.85
2019-07-11 12:00:00,0.957
2019-07-11 13:00:00,1.098
2019-07-11 14:00:00,1.306
2019-07-11 15:00:00,1.492
2019-07-11 16:00:00,1.649
2019-07-11 17:00:00,1.768
2019-07-11 18:00:00,1.819
2019-07-11 19:00:00,1.789
2019-07-11 20:00:00,1.705
2019-07-11 21:00:00,1.914
2019-07-11 22:00:00,2.2
2019-07-11 23:00:00,2.289
2019-07-12 00:00:00,2.318
2019-07-12 01:00:00,2.324
2019-07-12 02:00:00,2.245
2019-07-12 03:00:00,2.168
2019-07-12 04:00:00,2.141
2019-07-12 05:00:00,2.093
2019-07-12 06:00:00,1.8780000000000001
2019-07-12 07:00:00,1.2750000000000001
2019-07-12 08:00:00,1.291
2019-07-12 09:00:00,1.537
2019-07-12 10:00:00,1.698
2019-07-12 11:00:00,1.889
2019-07-12 12:00:00,2.165
2019-07-12 13:00:00,2.533
2019-07-12 14:00:00,2.859
2019-07-12 15:00:00,3.2
2019-07-12 16:00:00,3.389
2019-07-12 17:00:00,3.522
2019-07-12 18:00:00,3.6
2019-07-12 19:00:00,3.537
2019-07-12 20:00:00,3.25
2019-07-12 21:00:00,3.175
2019-07-12 22:00:00,3.268
2019-07-12 23:00:00,3.214
2019-07-13 00:00:00,3.091
2019-07-13 01:00:00,2.931
2019-07-13 02:00:00,2.852
2019-07-13 03:00:00,2.826
2019-07-13 04:00:00,2.763
2019-07-13 05:00:00,2.667
2019-07-13 06:00:00,2.487
2019-07-13 07:00:00,1.798
2019-07-13 08:00:00,2.002
2019-07-13 09:00:00,2.149
2019-07-13 10:00:00,2.242
2019-07-13 11:00:00,2.215
2019-07-13 12:00:00,2.2199999999999998
2019-07-13 13:00:00,2.299
2019-07-13 14:00:00,2.3810000000000002
2019-07-13 15:00:00,2.479
2019-07-13 16:00:00,2.634
2019-07-13 17:00:00,2.842
2019-07-13 18:00:00,3.077
2019-07-13 19:00:00,3.297
2019-07-13 20:00:00,3.496
2019-07-13 21:00:00,3.8899999999999997
2019-07-13 22:00:00,4.042
2019-07-13 23:00:00,3.691
2019-07-14 00:00:00,3.434
2019-07-14 01:00:00,3.191
2019-07-14 02:00:00,2.957
2019-07-14 03:00:00,2.794
2019-07-14 04:00:00,2.714
2019-07-14 05:00:00,2.653
2019-07-14 06:00:00,2.412
2019-07-14 07:00:00,1.949
2019-07-14 08:00:00,2.202
2019-07-14 09:00:00,2.408
2019-07-14 10:00:00,2.567
2019-07-14 11:00:00,2.713
2019-07-14 12:00:00,2.832
2019-07-14 13:00:00,3.024
2019-07-14 14:00:00,3.266
2019-07-14 15:00:00,3.56
2019-07-14 16:00:00,3.846
2019-07-14 17:00:00,4.114
2019-07-14 18:00:00,4.3790000000000004
2019-07-14 19:00:00,4.577
2019-07-14 20:00:00,4.448
2019-07-14 21:00:00,4.451
2019-07-14 22:00:00,4.545
2019-07-14 23:00:00,4.388
2019-07-15 00:00:00,4.218
2019-07-15 01:00:00,4.065
2019-07-15 02:00:00,3.864
2019-07-15 03:00:00,3.675
2019-07-15 04:00:00,3.591
2019-07-15 05:00:00,3.465
2019-07-15 06:00:00,3.21
2019-07-15 07:00:00,2.795
2019-07-15 08:00:00,3.073
2019-07-15 09:00:00,3.026
2019-07-15 10:00:00,2.984
2019-07-15 11:00:00,2.94
2019-07-15 12:00:00,2.9290000000000003
2019-07-15 13:00:00,2.939
2019-07-15 14:00:00,2.988
2019-07-15 15:00:00,3.0709999999999997
2019-07-15 16:00:00,3.081
2019-07-15 17:00:00,3.069
2019-07-15 18:00:00,3.065
2019-07-15 19:00:00,3.047
2019-07-15 20:00:00,2.758
2019-07-15 21:00:00,2.939
2019-07-15 22:00:00,3.209
2019-07-15 23:00:00,3.3040000000000003
2019-07-16 00:00:00,3.324
2019-07-16 01:00:00,3.1790000000000003
2019-07-16 02:00:00,2.902
2019-07-16 03:00:00,2.638
2019-07-16 04:00:00,2.423
2019-07-16 05:00:00,2.226
2019-07-16 06:00:00,1.873
2019-07-16 07:00:00,1.123
2019-07-16 08:00:00,0.73
2019-07-16 09:00:00,0.594
2019-07-16 10:00:00,0.491
2019-07-16 11:00:00,0.452
2019-07-16 12:00:00,0.432
2019-07-16 13:00:00,0.431
2019-07-16 14:00:00,0.459
2019-07-16 15:00:00,0.516
2019-07-16 16:00:00,0.586
2019-07-16 17:00:00,0.657
2019-07-16 18:00:00,0.737
2019-07-16 19:00:00,0.897
2019-07-16 20:00:00,1.381
2019-07-16 21:00:00,1.988
2019-07-16 22:00:00,2.144
2019-07-16 23:00:00,2.0460000000000003
2019-07-17 00:00:00,1.901
2019-07-17 01:00:00,1.716
2019-07-17 02:00:00,1.518
2019-07-17 03:00:00,1.337
2019-07-17 04:00:00,1.167
2019-07-17 05:00:00,0.981
2019-07-17 06:00:00,0.802
2019-07-17 07:00:00,0.444
2019-07-17 08:00:00,0.211
2019-07-17 09:00:00,0.218
2019-07-17 10:00:00,0.269
2019-07-17 11:00:00,0.359
2019-07-17 12:00:00,0.511
2019-07-17 13:00:00,0.681
2019-07-17 14:00:00,0.862
2019-07-17 15:00:00,1.048
2019-07-17 16:00:00,1.219
2019-07-17 17:00:00,1.3820000000000001
2019-07-17 18:00:00,1.529
2019-07-17 19:00:00,1.711
2019-07-17 20:00:00,1.985
2019-07-17 21:00:00,2.257
2019-07-17 22:00:00,2.268
2019-07-17 23:00:00,2.216
2019-07-18 00:00:00,2.024
2019-07-18 01:00:00,1.846
2019-07-18 02:00:00,1.742
2019-07-18 03:00:00,1.651
2019-07-18 04:00:00,1.664
2019-07-18 05:00:00,1.772
2019-07-18 06:00:00,1.8359999999999999
2019-07-18 07:00:00,1.4529999999999998
2019-07-18 08:00:00,1.593
2019-07-18 09:00:00,1.899
2019-07-18 10:00:00,2.229
2019-07-18 11:00:00,2.5060000000000002
2019-07-18 12:00:00,2.735
2019-07-18 13:00:00,2.878
2019-07-18 14:00:00,2.935
2019-07-18 15:00:00,2.977
2019-07-18 16:00:00,3.036
2019-07-18 17:00:00,3.081
2019-07-18 18:00:00,3.06
2019-07-18 19:00:00,2.868
2019-07-18 20:00:00,2.544
2019-07-18 21:00:00,2.3200000000000003
2019-07-18 22:00:00,2.162
2019-07-18 23:00:00,2.027
2019-07-19 00:00:00,1.847
2019-07-19 01:00:00,1.6840000000000002
2019-07-19 02:00:00,1.585
2019-07-19 03:00:00,1.551
2019-07-19 04:00:00,1.538
2019-07-19 05:00:00,1.4420000000000002
2019-07-19 06:00:00,1.29
2019-07-19 07:00:00,0.874
2019-07-19 08:00:00,0.846
2019-07-19 09:00:00,0.978
2019-07-19 10:00:00,1.1
2019-07-19 11:00:00,1.185
2019-07-19 12:00:00,1.277
2019-07-19 13:00:00,1.362
2019-07-19 14:00:00,1.421
2019-07-19 15:00:00,1.432
2019-07-19 16:00:00,1.359
2019-07-19 17:00:00,1.228
2019-07-19 18:00:00,1.064
2019-07-19 19:00:00,0.872
2019-07-19 20:00:00,0.839
2019-07-19 21:00:00,1.006
2019-07-19 22:00:00,1.239
2019-07-19 23:00:00,1.498
2019-07-20 00:00:00,1.7610000000000001
2019-07-20 01:00:00,2.11
2019-07-20 02:00:00,2.449
2019-07-20 03:00:00,2.719
2019-07-20 04:00:00,2.881
2019-07-20 05:00:00,2.878
2019-07-20 06:00:00,2.777
2019-07-20 07:00:00,2.153
2019-07-20 08:00:00,2.321
2019-07-20 09:00:00,2.967
2019-07-20 10:00:00,3.293
2019-07-20 11:00:00,3.565
2019-07-20 12:00:00,3.878
2019-07-20 13:00:00,4.194
2019-07-20 14:00:00,4.2139999999999995
2019-07-20 15:00:00,4.092
2019-07-20 16:00:00,4.001
2019-07-20 17:00:00,3.938
2019-07-20 18:00:00,3.703
2019-07-20 19:00:00,3.257
2019-07-20 20:00:00,2.745
2019-07-20 21:00:00,2.534
2019-07-20 22:00:00,2.45
2019-07-20 23:00:00,2.359
2019-07-21 00:00:00,2.186
2019-07-21 01:00:00,1.961
2019-07-21 02:00:00,1.736
2019-07-21 03:00:00,1.522
2019-07-21 04:00:00,1.3
2019-07-21 05:00:00,1.107
2019-07-21 06:00:00,0.9390000000000001
2019-07-21 07:00:00,0.579
2019-07-21 08:00:00,0.447
2019-07-21 09:00:00,0.445
2019-07-21 10:00:00,0.509
2019-07-21 11:00:00,0.568
2019-07-21 12:00:00,0.617
2019-07-21 13:00:00,0.668
2019-07-21 14:00:00,0.6910000000000001
2019-07-21 15:00:00,0.699
2019-07-21 16:00:00,0.732
2019-07-21 17:00:00,0.7670000000000001
2019-07-21 18:00:00,0.786
2019-07-21 19:00:00,0.846
2019-07-21 20:00:00,1.215
2019-07-21 21:00:00,1.691
2019-07-21 22:00:00,1.825
2019-07-21 23:00:00,1.703
2019-07-22 00:00:00,1.51
2019-07-22 01:00:00,1.289
2019-07-22 02:00:00,1.116
2019-07-22 03:00:00,1.006
2019-07-22 04:00:00,0.9460000000000001
2019-07-22 05:00:00,0.921
2019-07-22 06:00:00,0.892
2019-07-22 07:00:00,0.61
2019-07-22 08:00:00,0.319
2019-07-22 09:00:00,0.394
2019-07-22 10:00:00,0.442
2019-07-22 11:00:00,0.435
2019-07-22 12:00:00,0.394
2019-07-22 13:00:00,0.403
2019-07-22 14:00:00,0.40700000000000003
2019-07-22 15:00:00,0.405
2019-07-22 16:00:00,0.40499999999999997
2019-07-22 17:00:00,0.40900000000000003
2019-07-22 18:00:00,0.447
2019-07-22 19:00:00,0.56
2019-07-22 20:00:00,0.896
2019-07-22 21:00:00,1.449
2019-07-22 22:00:00,1.898
2019-07-22 23:00:00,2.1630000000000003
2019-07-23 00:00:00,2.286
2019-07-23 01:00:00,2.315
2019-07-23 02:00:00,2.315
2019-07-23 03:00:00,2.2880000000000003
2019-07-23 04:00:00,2.365
2019-07-23 05:00:00,2.482
2019-07-23 06:00:00,2.549
2019-07-23 07:00:00,1.922
2019-07-23 08:00:00,1.131
2019-07-23 09:00:00,0.9420000000000001
2019-07-23 10:00:00,1.222
2019-07-23 11:00:00,1.427
2019-07-23 12:00:00,1.413
2019-07-23 13:00:00,1.333
2019-07-23 14:00:00,1.298
2019-07-23 15:00:00,1.313
2019-07-23 16:00:00,1.363
2019-07-23 17:00:00,1.401
2019-07-23 18:00:00,1.402
2019-07-23 19:00:00,1.571
2019-07-23 20:00:00,2.208
2019-07-23 21:00:00,2.938
2019-07-23 22:00:00,3.202
2019-07-23 23:00:00,3.241
2019-07-24 00:00:00,3.1959999999999997
2019-07-24 01:00:00,3.066
2019-07-24 02:00:00,2.951
2019-07-24 03:00:00,2.806
2019-07-24 04:00:00,2.684
2019-07-24 05:00:00,2.626
2019-07-24 06:00:00,2.402
2019-07-24 07:00:00,1.5110000000000001
2019-07-24 08:00:00,0.763
2019-07-24 09:00:00,0.529
2019-07-24 10:00:00,0.512
2019-07-24 11:00:00,0.554
2019-07-24 12:00:00,0.573
2019-07-24 13:00:00,0.615
2019-07-24 14:00:00,0.666
2019-07-24 15:00:00,0.712
2019-07-24 16:00:00,0.754
2019-07-24 17:00:00,0.768
2019-07-24 18:00:00,0.788
2019-07-24 19:00:00,0.833
2019-07-24 20:00:00,1.046
2019-07-24 21:00:00,1.499
2019-07-24 22:00:00,1.822
2019-07-24 23:00:00,2.141
2019-07-25 00:00:00,2.414
2019-07-25 01:00:00,2.54
2019-07-25 02:00:00,2.569
2019-07-25 03:00:00,2.562
2019-07-25 04:00:00,2.537
2019-07-25 05:00:00,2.463
2019-07-25 06:00:00,2.405
2019-07-25 07:00:00,2.091
2019-07-25 08:00:00,1.558
2019-07-25 09:00:00,1.43
2019-07-25 10:00:00,1.716
2019-07-25 11:00:00,2.03
2019-07-25 12:00:00,2.1029999999999998
2019-07-25 13:00:00,2.099
2019-07-25 14:00:00,2.104
2019-07-25 15:00:00,2.128
2019-07-25 16:00:00,2.174
2019-07-25 17:00:00,2.295
2019-07-25 18:00:00,2.502
2019-07-25 19:00:00,2.668
2019-07-25 20:00:00,2.995
2019-07-25 21:00:00,3.344
2019-07-25 22:00:00,3.252
2019-07-25 23:00:00,2.899
2019-07-26 00:00:00,2.504
2019-07-26 01:00:00,2.28
2019-07-26 02:00:00,2.228
2019-07-26 03:00:00,2.301
2019-07-26 04:00:00,2.369
2019-07-26 05:00:00,2.1919999999999997
2019-07-26 06:00:00,1.903
2019-07-26 07:00:00,1.553
2019-07-26 08:00:00,1.5290000000000001
2019-07-26 09:00:00,1.632
2019-07-26 10:00:00,1.4549999999999998
2019-07-26 11:00:00,1.217
2019-07-26 12:00:00,1.05
2019-07-26 13:00:00,1.0230000000000001
2019-07-26 14:00:00,1.178
2019-07-26 15:00:00,1.284
2019-07-26 16:00:00,1.307
2019-07-26 17:00:00,1.401
2019-07-26 18:00:00,1.563
2019-07-26 19:00:00,1.651
2019-07-26 20:00:00,1.699
2019-07-26 21:00:00,1.759
2019-07-26 22:00:00,1.79
2019-07-26 23:00:00,1.65
2019-07-27 00:00:00,1.518
2019-07-27 01:00:00,1.412
2019-07-27 02:00:00,1.431
2019-07-27 03:00:00,1.564
2019-07-27 04:00:00,1.619
2019-07-27 05:00:00,1.6179999999999999
2019-07-27 06:00:00,1.549
2019-07-27 07:00:00,1.284
2019-07-27 08:00:00,1.277
2019-07-27 09:00:00,1.446
2019-07-27 10:00:00,1.545
2019-07-27 11:00:00,1.564
2019-07-27 12:00:00,1.582
2019-07-27 13:00:00,1.653
2019-07-27 14:00:00,1.804
2019-07-27 15:00:00,2.16
2019-07-27 16:00:00,2.638
2019-07-27 17:00:00,3.0589999999999997
2019-07-27 18:00:00,3.382
2019-07-27 19:00:00,3.569
2019-07-27 20:00:00,3.551
2019-07-27 21:00:00,3.707
2019-07-27 22:00:00,3.828
2019-07-27 23:00:00,3.9000000000000004
2019-07-28 00:00:00,3.9370000000000003
2019-07-28 01:00:00,3.891
2019-07-28 02:00:00,3.834
2019-07-28 03:00:00,3.979
2019-07-28 04:00:00,4.277
2019-07-28 05:00:00,4.375
2019-07-28 06:00:00,4.402
2019-07-28 07:00:00,4.119
2019-07-28 08:00:00,4.402
2019-07-28 09:00:00,4.736
2019-07-28 10:00:00,4.841
2019-07-28 11:00:00,4.853
2019-07-28 12:00:00,4.777
2019-07-28 13:00:00,4.732
2019-07-28 14:00:00,4.737
2019-07-28 15:00:00,4.716
2019-07-28 16:00:00,4.587
2019-07-28 17:00:00,4.372
2019-07-28 18:00:00,4.034
2019-07-28 19:00:00,3.54
2019-07-28 20:00:00,3.133
2019-07-28 21:00:00,3.0010000000000003
2019-07-28 22:00:00,2.824
2019-07-28 23:00:00,2.588
2019-07-29 00:00:00,2.3899999999999997
2019-07-29 01:00:00,2.288
2019-07-29 02:00:00,2.256
2019-07-29 03:00:00,2.213
2019-07-29 04:00:00,2.25
2019-07-29 05:00:00,2.34
2019-07-29 06:00:00,2.503
2019-07-29 07:00:00,2.248
2019-07-29 08:00:00,1.986
2019-07-29 09:00:00,2.404
2019-07-29 10:00:00,2.499
2019-07-29 11:00:00,2.427
2019-07-29 12:00:00,2.35
2019-07-29 13:00:00,2.372
2019-07-29 14:00:00,2.516
2019-07-29 15:00:00,2.721
2019-07-29 16:00:00,2.941
2019-07-29 17:00:00,3.108
2019-07-29 18:00:00,3.152
2019-07-29 19:00:00,3.114
2019-07-29 20:00:00,3.118
2019-07-29 21:00:00,3.3360000000000003
2019-07-29 22:00:00,3.544
2019-07-29 23:00:00,3.848
2019-07-30 00:00:00,4.02
2019-07-30 01:00:00,4.017
2019-07-30 02:00:00,4.0
2019-07-30 03:00:00,3.998
2019-07-30 04:00:00,4.0280000000000005
2019-07-30 05:00:00,4.088
2019-07-30 06:00:00,4.091
2019-07-30 07:00:00,3.622
2019-07-30 08:00:00,4.384
2019-07-30 09:00:00,5.077
2019-07-30 10:00:00,5.2379999999999995
2019-07-30 11:00:00,5.397
2019-07-30 12:00:00,5.571
2019-07-30 13:00:00,5.728
2019-07-30 14:00:00,5.827
2019-07-30 15:00:00,5.888
2019-07-30 16:00:00,5.873
2019-07-30 17:00:00,5.765
2019-07-30 18:00:00,5.57
2019-07-30 19:00:00,5.192
2019-07-30 20:00:00,4.557
2019-07-30 21:00:00,4.248
2019-07-30 22:00:00,4.0169999999999995
2019-07-30 23:00:00,3.892
2019-07-31 00:00:00,3.863
2019-07-31 01:00:00,3.774
2019-07-31 02:00:00,3.691
2019-07-31 03:00:00,3.534
2019-07-31 04:00:00,3.387
2019-07-31 05:00:00,3.185
2019-07-31 06:00:00,3.016
2019-07-31 07:00:00,2.613
2019-07-31 08:00:00,2.8369999999999997
2019-07-31 09:00:00,2.987
2019-07-31 10:00:00,2.956
2019-07-31 11:00:00,2.892
2019-07-31 12:00:00,2.83
2019-07-31 13:00:00,2.793
2019-07-31 14:00:00,2.747
2019-07-31 15:00:00,2.683
2019-07-31 16:00:00,2.595
2019-07-31 17:00:00,2.4610000000000003
2019-07-31 18:00:00,2.303
2019-07-31 19:00:00,2.0380000000000003
2019-07-31 20:00:00,1.821
2019-07-31 21:00:00,1.821
2019-07-31 22:00:00,1.731
2019-07-31 23:00:00,1.646
2019-08-01 00:00:00,1.5750000000000002
2019-08-01 01:00:00,1.484
2019-08-01 02:00:00,1.414
2019-08-01 03:00:00,1.3479999999999999
2019-08-01 04:00:00,1.2429999999999999
2019-08-01 05:00:00,1.096
2019-08-01 06:00:00,1.0030000000000001
2019-08-01 07:00:00,0.752
2019-08-01 08:00:00,0.47800000000000004
2019-08-01 09:00:00,0.54
2019-08-01 10:00:00,0.552
2019-08-01 11:00:00,0.605
2019-08-01 12:00:00,0.758
2019-08-01 13:00:00,0.7989999999999999
2019-08-01 14:00:00,0.7769999999999999
2019-08-01 15:00:00,0.672
2019-08-01 16:00:00,0.616
2019-08-01 17:00:00,0.746
2019-08-01 18:00:00,0.875
2019-08-01 19:00:00,0.952
2019-08-01 20:00:00,1.176
2019-08-01 21:00:00,1.543
2019-08-01 22:00:00,1.681
2019-08-01 23:00:00,1.663
2019-08-02 00:00:00,1.609
2019-08-02 01:00:00,1.5010000000000001
2019-08-02 02:00:00,1.403
2019-08-02 03:00:00,1.349
2019-08-02 04:00:00,1.365
2019-08-02 05:00:00,1.369
2019-08-02 06:00:00,1.343
2019-08-02 07:00:00,1.037
2019-08-02 08:00:00,0.712
2019-08-02 09:00:00,0.753
2019-08-02 10:00:00,0.856
2019-08-02 11:00:00,0.974
2019-08-02 12:00:00,1.157
2019-08-02 13:00:00,1.3780000000000001
2019-08-02 14:00:00,1.6099999999999999
2019-08-02 15:00:00,1.842
2019-08-02 16:00:00,2.0620000000000003
2019-08-02 17:00:00,2.252
2019-08-02 18:00:00,2.411
2019-08-02 19:00:00,2.536
2019-08-02 20:00:00,2.733
2019-08-02 21:00:00,3.14
2019-08-02 22:00:00,3.233
2019-08-02 23:00:00,3.09
2019-08-03 00:00:00,2.894
2019-08-03 01:00:00,2.655
2019-08-03 02:00:00,2.399
2019-08-03 03:00:00,2.166
2019-08-03 04:00:00,1.974
2019-08-03 05:00:00,1.817
2019-08-03 06:00:00,1.707
2019-08-03 07:00:00,1.241
2019-08-03 08:00:00,0.914
2019-08-03 09:00:00,0.902
2019-08-03 10:00:00,0.892
2019-08-03 11:00:00,0.8220000000000001
2019-08-03 12:00:00,0.742
2019-08-03 13:00:00,0.706
2019-08-03 14:00:00,0.733
2019-08-03 15:00:00,0.7829999999999999
2019-08-03 16:00:00,0.806
2019-08-03 17:00:00,0.839
2019-08-03 18:00:00,0.899
2019-08-03 19:00:00,1.0659999999999998
2019-08-03 20:00:00,1.542
2019-08-03 21:00:00,2.114
2019-08-03 22:00:00,2.244
2019-08-03 23:00:00,2.144
2019-08-04 00:00:00,1.971
2019-08-04 01:00:00,1.779
2019-08-04 02:00:00,1.573
2019-08-04 03:00:00,1.367
2019-08-04 04:00:00,1.227
2019-08-04 05:00:00,1.1380000000000001
2019-08-04 06:00:00,1.094
2019-08-04 07:00:00,0.817
2019-08-04 08:00:00,0.455
2019-08-04 09:00:00,0.446
2019-08-04 10:00:00,0.529
2019-08-04 11:00:00,0.5549999999999999
2019-08-04 12:00:00,0.583
2019-08-04 13:00:00,0.648
2019-08-04 14:00:00,0.729
2019-08-04 15:00:00,0.825
2019-08-04 16:00:00,1.0
2019-08-04 17:00:00,1.181
2019-08-04 18:00:00,1.19
2019-08-04 19:00:00,1.189
2019-08-04 20:00:00,1.419
2019-08-04 21:00:00,1.711
2019-08-04 22:00:00,1.814
2019-08-04 23:00:00,1.8090000000000002
2019-08-05 00:00:00,1.645
2019-08-05 01:00:00,1.656
2019-08-05 02:00:00,1.701
2019-08-05 03:00:00,1.558
2019-08-05 04:00:00,1.482
2019-08-05 05:00:00,1.267
2019-08-05 06:00:00,1.274
2019-08-05 07:00:00,1.105
2019-08-05 08:00:00,1.1179999999999999
2019-08-05 09:00:00,1.4200000000000002
2019-08-05 10:00:00,1.714
2019-08-05 11:00:00,2.0020000000000002
2019-08-05 12:00:00,2.25
2019-08-05 13:00:00,2.463
2019-08-05 14:00:00,2.648
2019-08-05 15:00:00,2.789
2019-08-05 16:00:00,2.824
2019-08-05 17:00:00,2.786
2019-08-05 18:00:00,2.63
2019-08-05 19:00:00,2.339
2019-08-05 20:00:00,2.077
2019-08-05 21:00:00,1.962
2019-08-05 22:00:00,1.818
2019-08-05 23:00:00,1.658
2019-08-06 00:00:00,1.492
2019-08-06 01:00:00,1.3820000000000001
2019-08-06 02:00:00,1.296
2019-08-06 03:00:00,1.211
2019-08-06 04:00:00,1.173
2019-08-06 05:00:00,1.14
2019-08-06 06:00:00,1.033
2019-08-06 07:00:00,0.7849999999999999
2019-08-06 08:00:00,0.5569999999999999
2019-08-06 09:00:00,0.6749999999999999
2019-08-06 10:00:00,0.825
2019-08-06 11:00:00,0.997
2019-08-06 12:00:00,1.172
2019-08-06 13:00:00,1.385
2019-08-06 14:00:00,1.698
2019-08-06 15:00:00,2.027
2019-08-06 16:00:00,2.2359999999999998
2019-08-06 17:00:00,2.288
2019-08-06 18:00:00,2.148
2019-08-06 19:00:00,1.836
2019-08-06 20:00:00,1.57
2019-08-06 21:00:00,1.53
2019-08-06 22:00:00,1.509
2019-08-06 23:00:00,1.437
2019-08-07 00:00:00,1.4120000000000001
2019-08-07 01:00:00,1.425
2019-08-07 02:00:00,1.427
2019-08-07 03:00:00,1.379
2019-08-07 04:00:00,1.337
2019-08-07 05:00:00,1.309
2019-08-07 06:00:00,1.23
2019-08-07 07:00:00,0.998
2019-08-07 08:00:00,0.892
2019-08-07 09:00:00,1.067
2019-08-07 10:00:00,1.308
2019-08-07 11:00:00,1.518
2019-08-07 12:00:00,1.719
2019-08-07 13:00:00,1.93
2019-08-07 14:00:00,2.193
2019-08-07 15:00:00,2.404
2019-08-07 16:00:00,2.514
2019-08-07 17:00:00,2.518
2019-08-07 18:00:00,2.372
2019-08-07 19:00:00,2.056
2019-08-07 20:00:00,1.7269999999999999
2019-08-07 21:00:00,1.57
2019-08-07 22:00:00,1.405
2019-08-07 23:00:00,1.321
2019-08-08 00:00:00,1.239
2019-08-08 01:00:00,1.151
2019-08-08 02:00:00,1.083
2019-08-08 03:00:00,1.072
2019-08-08 04:00:00,1.156
2019-08-08 05:00:00,1.169
2019-08-08 06:00:00,1.077
2019-08-08 07:00:00,0.896
2019-08-08 08:00:00,0.6
2019-08-08 09:00:00,0.655
2019-08-08 10:00:00,0.76
2019-08-08 11:00:00,0.8200000000000001
2019-08-08 12:00:00,0.911
2019-08-08 13:00:00,1.004
2019-08-08 14:00:00,1.045
2019-08-08 15:00:00,1.087
2019-08-08 16:00:00,1.1340000000000001
2019-08-08 17:00:00,1.1520000000000001
2019-08-08 18:00:00,1.096
2019-08-08 19:00:00,0.955
2019-08-08 20:00:00,0.935
2019-08-08 21:00:00,1.227
2019-08-08 22:00:00,1.761
2019-08-08 23:00:00,2.453
2019-08-09 00:00:00,3.027
2019-08-09 01:00:00,3.478
2019-08-09 02:00:00,3.8209999999999997
2019-08-09 03:00:00,3.974
2019-08-09 04:00:00,3.958
2019-08-09 05:00:00,3.7960000000000003
2019-08-09 06:00:00,3.584
2019-08-09 07:00:00,2.919
2019-08-09 08:00:00,2.324
2019-08-09 09:00:00,2.843
2019-08-09 10:00:00,3.455
2019-08-09 11:00:00,3.968
2019-08-09 12:00:00,4.437
2019-08-09 13:00:00,5.001
2019-08-09 14:00:00,5.468999999999999
2019-08-09 15:00:00,5.664
2019-08-09 16:00:00,5.701
2019-08-09 17:00:00,5.73
2019-08-09 18:00:00,5.665
2019-08-09 19:00:00,5.622
2019-08-09 20:00:00,5.562
2019-08-09 21:00:00,5.35
2019-08-09 22:00:00,5.097
2019-08-09 23:00:00,5.072
2019-08-10 00:00:00,5.211
2019-08-10 01:00:00,5.274
2019-08-10 02:00:00,5.321
2019-08-10 03:00:00,5.367
2019-08-10 04:00:00,5.348
2019-08-10 05:00:00,5.112
2019-08-10 06:00:00,4.856
2019-08-10 07:00:00,4.45
2019-08-10 08:00:00,4.711
2019-08-10 09:00:00,5.169
2019-08-10 10:00:00,5.43
2019-08-10 11:00:00,5.582
2019-08-10 12:00:00,5.701
2019-08-10 13:00:00,5.835
2019-08-10 14:00:00,5.932
2019-08-10 15:00:00,5.9350000000000005
2019-08-10 16:00:00,5.821
2019-08-10 17:00:00,5.587
2019-08-10 18:00:00,5.264
2019-08-10 19:00:00,4.739
2019-08-10 20:00:00,4.093999999999999
2019-08-10 21:00:00,3.652
2019-08-10 22:00:00,3.282
2019-08-10 23:00:00,3.057
2019-08-11 00:00:00,2.891
2019-08-11 01:00:00,2.788
2019-08-11 02:00:00,2.652
2019-08-11 03:00:00,2.519
2019-08-11 04:00:00,2.285
2019-08-11 05:00:00,1.998
2019-08-11 06:00:00,1.833
2019-08-11 07:00:00,1.474
2019-08-11 08:00:00,1.149
2019-08-11 09:00:00,1.47
2019-08-11 10:00:00,1.659
2019-08-11 11:00:00,1.81
2019-08-11 12:00:00,2.084
2019-08-11 13:00:00,2.425
2019-08-11 14:00:00,2.639
2019-08-11 15:00:00,2.734
2019-08-11 16:00:00,2.911
2019-08-11 17:00:00,3.08
2019-08-11 18:00:00,2.991
2019-08-11 19:00:00,2.6
2019-08-11 20:00:00,2.154
2019-08-11 21:00:00,2.016
2019-08-11 22:00:00,1.935
2019-08-11 23:00:00,1.895
2019-08-12 00:00:00,1.853
2019-08-12 01:00:00,1.828
2019-08-12 02:00:00,1.849
2019-08-12 03:00:00,1.925
2019-08-12 04:00:00,1.9909999999999999
2019-08-12 05:00:00,1.9689999999999999
2019-08-12 06:00:00,1.887
2019-08-12 07:00:00,1.513
2019-08-12 08:00:00,1.104
2019-08-12 09:00:00,1.333
2019-08-12 10:00:00,1.567
2019-08-12 11:00:00,1.8399999999999999
2019-08-12 12:00:00,2.195
2019-08-12 13:00:00,2.593
2019-08-12 14:00:00,3.091
2019-08-12 15:00:00,3.248
2019-08-12 16:00:00,3.505
2019-08-12 17:00:00,3.5380000000000003
2019-08-12 18:00:00,3.494
2019-08-12 19:00:00,3.372
2019-08-12 20:00:00,3.204
2019-08-12 21:00:00,3.379
2019-08-12 22:00:00,3.428
2019-08-12 23:00:00,3.351
2019-08-13 00:00:00,3.302
2019-08-13 01:00:00,3.2110000000000003
2019-08-13 02:00:00,3.082
2019-08-13 03:00:00,2.914
2019-08-13 04:00:00,2.763
2019-08-13 05:00:00,2.686
2019-08-13 06:00:00,2.641
2019-08-13 07:00:00,2.29
2019-08-13 08:00:00,2.097
2019-08-13 09:00:00,2.55
2019-08-13 10:00:00,2.783
2019-08-13 11:00:00,2.879
2019-08-13 12:00:00,2.985
2019-08-13 13:00:00,3.142
2019-08-13 14:00:00,3.287
2019-08-13 15:00:00,3.348
2019-08-13 16:00:00,3.379
2019-08-13 17:00:00,3.332
2019-08-13 18:00:00,3.222
2019-08-13 19:00:00,2.966
2019-08-13 20:00:00,2.819
2019-08-13 21:00:00,2.939
2019-08-13 22:00:00,2.929
2019-08-13 23:00:00,2.873
2019-08-14 00:00:00,2.7359999999999998
2019-08-14 01:00:00,2.545
2019-08-14 02:00:00,2.37
2019-08-14 03:00:00,2.224
2019-08-14 04:00:00,2.124
2019-08-14 05:00:00,2.115
2019-08-14 06:00:00,2.152
2019-08-14 07:00:00,2.036
2019-08-14 08:00:00,1.632
2019-08-14 09:00:00,1.934
2019-08-14 10:00:00,2.263
2019-08-14 11:00:00,2.548
2019-08-14 12:00:00,2.815
2019-08-14 13:00:00,3.036
2019-08-14 14:00:00,3.2119999999999997
2019-08-14 15:00:00,3.397
2019-08-14 16:00:00,3.5869999999999997
2019-08-14 17:00:00,3.675
2019-08-14 18:00:00,3.578
2019-08-14 19:00:00,3.263
2019-08-14 20:00:00,3.1029999999999998
2019-08-14 21:00:00,3.207
2019-08-14 22:00:00,3.221
2019-08-14 23:00:00,3.404
2019-08-15 00:00:00,3.705
2019-08-15 01:00:00,3.7520000000000002
2019-08-15 02:00:00,3.742
2019-08-15 03:00:00,3.597
2019-08-15 04:00:00,3.431
2019-08-15 05:00:00,3.343
2019-08-15 06:00:00,3.398
2019-08-15 07:00:00,3.275
2019-08-15 08:00:00,3.216
2019-08-15 09:00:00,3.941
2019-08-15 10:00:00,4.243
2019-08-15 11:00:00,4.351
2019-08-15 12:00:00,4.518
2019-08-15 13:00:00,4.763
2019-08-15 14:00:00,5.044
2019-08-15 15:00:00,5.2459999999999996
2019-08-15 16:00:00,5.295
2019-08-15 17:00:00,5.104
2019-08-15 18:00:00,4.756
2019-08-15 19:00:00,4.143000000000001
2019-08-15 20:00:00,3.669
2019-08-15 21:00:00,3.5820000000000003
2019-08-15 22:00:00,3.3209999999999997
2019-08-15 23:00:00,3.032
2019-08-16 00:00:00,2.764
2019-08-16 01:00:00,2.384
2019-08-16 02:00:00,2.017
2019-08-16 03:00:00,1.714
2019-08-16 04:00:00,1.544
2019-08-16 05:00:00,1.439
2019-08-16 06:00:00,1.4209999999999998
2019-08-16 07:00:00,1.377
2019-08-16 08:00:00,1.068
2019-08-16 09:00:00,1.241
2019-08-16 10:00:00,1.6600000000000001
2019-08-16 11:00:00,1.978
2019-08-16 12:00:00,2.175
2019-08-16 13:00:00,2.314
2019-08-16 14:00:00,2.458
2019-08-16 15:00:00,2.602
2019-08-16 16:00:00,2.644
2019-08-16 17:00:00,2.523
2019-08-16 18:00:00,2.3729999999999998
2019-08-16 19:00:00,2.371
2019-08-16 20:00:00,2.577
2019-08-16 21:00:00,2.838
2019-08-16 22:00:00,2.913
2019-08-16 23:00:00,3.0500000000000003
2019-08-17 00:00:00,3.251
2019-08-17 01:00:00,3.451
2019-08-17 02:00:00,3.474
2019-08-17 03:00:00,3.534
2019-08-17 04:00:00,3.496
2019-08-17 05:00:00,3.428
2019-08-17 06:00:00,3.401
2019-08-17 07:00:00,3.182
2019-08-17 08:00:00,2.654
2019-08-17 09:00:00,2.571
2019-08-17 10:00:00,2.966
2019-08-17 11:00:00,3.37
2019-08-17 12:00:00,3.57
2019-08-17 13:00:00,3.615
2019-08-17 14:00:00,3.606
2019-08-17 15:00:00,3.477
2019-08-17 16:00:00,3.2960000000000003
2019-08-17 17:00:00,3.132
2019-08-17 18:00:00,2.596
2019-08-17 19:00:00,1.956
2019-08-17 20:00:00,1.731
2019-08-17 21:00:00,1.643
2019-08-17 22:00:00,1.666
2019-08-17 23:00:00,1.83
2019-08-18 00:00:00,2.033
2019-08-18 01:00:00,2.314
2019-08-18 02:00:00,2.715
2019-08-18 03:00:00,3.032
2019-08-18 04:00:00,3.35
2019-08-18 05:00:00,3.647
2019-08-18 06:00:00,3.786
2019-08-18 07:00:00,3.634
2019-08-18 08:00:00,3.449
2019-08-18 09:00:00,4.159
2019-08-18 10:00:00,4.323
2019-08-18 11:00:00,4.25
2019-08-18 12:00:00,4.125
2019-08-18 13:00:00,4.039
2019-08-18 14:00:00,4.046
2019-08-18 15:00:00,4.014
2019-08-18 16:00:00,3.9610000000000003
2019-08-18 17:00:00,3.9810000000000003
2019-08-18 18:00:00,3.9
2019-08-18 19:00:00,3.542
2019-08-18 20:00:00,3.037
2019-08-18 21:00:00,2.746
2019-08-18 22:00:00,2.673
2019-08-18 23:00:00,2.67
2019-08-19 00:00:00,2.702
2019-08-19 01:00:00,2.666
2019-08-19 02:00:00,2.579
2019-08-19 03:00:00,2.412
2019-08-19 04:00:00,2.259
2019-08-19 05:00:00,2.059
2019-08-19 06:00:00,1.915
2019-08-19 07:00:00,1.72
2019-08-19 08:00:00,1.246
2019-08-19 09:00:00,1.607
2019-08-19 10:00:00,1.795
2019-08-19 11:00:00,1.891
2019-08-19 12:00:00,1.978
2019-08-19 13:00:00,2.07
2019-08-19 14:00:00,2.092
2019-08-19 15:00:00,2.06
2019-08-19 16:00:00,1.982
2019-08-19 17:00:00,1.884
2019-08-19 18:00:00,1.784
2019-08-19 19:00:00,1.678
2019-08-19 20:00:00,1.733
2019-08-19 21:00:00,1.895
2019-08-19 22:00:00,1.926
2019-08-19 23:00:00,1.905
2019-08-20 00:00:00,1.889
2019-08-20 01:00:00,1.863
2019-08-20 02:00:00,1.768
2019-08-20 03:00:00,1.708
2019-08-20 04:00:00,1.686
2019-08-20 05:00:00,1.562
2019-08-20 06:00:00,1.471
2019-08-20 07:00:00,1.3639999999999999
2019-08-20 08:00:00,0.926
2019-08-20 09:00:00,0.868
2019-08-20 10:00:00,0.853
2019-08-20 11:00:00,0.907
2019-08-20 12:00:00,1.022
2019-08-20 13:00:00,1.193
2019-08-20 14:00:00,1.366
2019-08-20 15:00:00,1.4969999999999999
2019-08-20 16:00:00,1.5830000000000002
2019-08-20 17:00:00,1.629
2019-08-20 18:00:00,1.668
2019-08-20 19:00:00,1.795
2019-08-20 20:00:00,2.29
2019-08-20 21:00:00,2.819
2019-08-20 22:00:00,2.954
2019-08-20 23:00:00,2.894
2019-08-21 00:00:00,2.803
2019-08-21 01:00:00,2.6390000000000002
2019-08-21 02:00:00,2.442
2019-08-21 03:00:00,2.238
2019-08-21 04:00:00,2.036
2019-08-21 05:00:00,1.936
2019-08-21 06:00:00,1.8820000000000001
2019-08-21 07:00:00,1.674
2019-08-21 08:00:00,1.049
2019-08-21 09:00:00,0.986
2019-08-21 10:00:00,1.223
2019-08-21 11:00:00,1.295
2019-08-21 12:00:00,1.25
2019-08-21 13:00:00,1.242
2019-08-21 14:00:00,1.241
2019-08-21 15:00:00,1.2510000000000001
2019-08-21 16:00:00,1.268
2019-08-21 17:00:00,1.301
2019-08-21 18:00:00,1.334
2019-08-21 19:00:00,1.504
2019-08-21 20:00:00,2.111
2019-08-21 21:00:00,2.633
2019-08-21 22:00:00,2.699
2019-08-21 23:00:00,2.518
2019-08-22 00:00:00,2.295
2019-08-22 01:00:00,2.125
2019-08-22 02:00:00,2.021
2019-08-22 03:00:00,1.915
2019-08-22 04:00:00,1.8090000000000002
2019-08-22 05:00:00,1.69
2019-08-22 06:00:00,1.579
2019-08-22 07:00:00,1.297
2019-08-22 08:00:00,0.762
2019-08-22 09:00:00,0.634
2019-08-22 10:00:00,0.861
2019-08-22 11:00:00,0.9380000000000001
2019-08-22 12:00:00,0.904
2019-08-22 13:00:00,0.856
2019-08-22 14:00:00,0.813
2019-08-22 15:00:00,0.792
2019-08-22 16:00:00,0.8240000000000001
2019-08-22 17:00:00,0.845
2019-08-22 18:00:00,0.923
2019-08-22 19:00:00,1.169
2019-08-22 20:00:00,1.766
2019-08-22 21:00:00,2.304
2019-08-22 22:00:00,2.487
2019-08-22 23:00:00,2.585
2019-08-23 00:00:00,2.641
2019-08-23 01:00:00,2.555
2019-08-23 02:00:00,2.392
2019-08-23 03:00:00,2.237
2019-08-23 04:00:00,2.125
2019-08-23 05:00:00,2.04
2019-08-23 06:00:00,2.006
2019-08-23 07:00:00,1.824
2019-08-23 08:00:00,1.053
2019-08-23 09:00:00,0.852
2019-08-23 10:00:00,1.1059999999999999
2019-08-23 11:00:00,1.329
2019-08-23 12:00:00,1.267
2019-08-23 13:00:00,1.154
2019-08-23 14:00:00,1.073
2019-08-23 15:00:00,0.998
2019-08-23 16:00:00,0.939
2019-08-23 17:00:00,0.921
2019-08-23 18:00:00,0.958
2019-08-23 19:00:00,1.194
2019-08-23 20:00:00,1.794
2019-08-23 21:00:00,2.364
2019-08-23 22:00:00,2.681
2019-08-23 23:00:00,2.836
2019-08-24 00:00:00,2.842
2019-08-24 01:00:00,2.695
2019-08-24 02:00:00,2.511
2019-08-24 03:00:00,2.375
2019-08-24 04:00:00,2.285
2019-08-24 05:00:00,2.095
2019-08-24 06:00:00,1.933
2019-08-24 07:00:00,1.79
2019-08-24 08:00:00,1.1179999999999999
2019-08-24 09:00:00,0.656
2019-08-24 10:00:00,0.578
2019-08-24 11:00:00,0.59
2019-08-24 12:00:00,0.6020000000000001
2019-08-24 13:00:00,0.578
2019-08-24 14:00:00,0.569
2019-08-24 15:00:00,0.5670000000000001
2019-08-24 16:00:00,0.565
2019-08-24 17:00:00,0.579
2019-08-24 18:00:00,0.636
2019-08-24 19:00:00,0.855
2019-08-24 20:00:00,1.205
2019-08-24 21:00:00,1.418
2019-08-24 22:00:00,1.473
2019-08-24 23:00:00,1.462
2019-08-25 00:00:00,1.371
2019-08-25 01:00:00,1.2550000000000001
2019-08-25 02:00:00,1.145
2019-08-25 03:00:00,1.042
2019-08-25 04:00:00,0.9490000000000001
2019-08-25 05:00:00,0.8220000000000001
2019-08-25 06:00:00,0.6779999999999999
2019-08-25 07:00:00,0.5449999999999999
2019-08-25 08:00:00,0.314
2019-08-25 09:00:00,0.164
2019-08-25 10:00:00,0.13999999999999999
2019-08-25 11:00:00,0.165
2019-08-25 12:00:00,0.17099999999999999
2019-08-25 13:00:00,0.18
2019-08-25 14:00:00,0.195
2019-08-25 15:00:00,0.23199999999999998
2019-08-25 16:00:00,0.292
2019-08-25 17:00:00,0.387
2019-08-25 18:00:00,0.53
2019-08-25 19:00:00,0.8240000000000001
2019-08-25 20:00:00,1.306
2019-08-25 21:00:00,1.569
2019-08-25 22:00:00,1.585
2019-08-25 23:00:00,1.498
2019-08-26 00:00:00,1.395
2019-08-26 01:00:00,1.256
2019-08-26 02:00:00,1.097
2019-08-26 03:00:00,0.9430000000000001
2019-08-26 04:00:00,0.8
2019-08-26 05:00:00,0.656
2019-08-26 06:00:00,0.555
2019-08-26 07:00:00,0.493
2019-08-26 08:00:00,0.286
2019-08-26 09:00:00,0.166
2019-08-26 10:00:00,0.183
2019-08-26 11:00:00,0.237
2019-08-26 12:00:00,0.305
2019-08-26 13:00:00,0.348
2019-08-26 14:00:00,0.374
2019-08-26 15:00:00,0.393
2019-08-26 16:00:00,0.43
2019-08-26 17:00:00,0.522
2019-08-26 18:00:00,0.768
2019-08-26 19:00:00,1.302
2019-08-26 20:00:00,2.0020000000000002
2019-08-26 21:00:00,2.307
2019-08-26 22:00:00,2.209
2019-08-26 23:00:00,2.041
2019-08-27 00:00:00,1.871
2019-08-27 01:00:00,1.701
2019-08-27 02:00:00,1.578
2019-08-27 03:00:00,1.466
2019-08-27 04:00:00,1.409
2019-08-27 05:00:00,1.357
2019-08-27 06:00:00,1.281
2019-08-27 07:00:00,1.229
2019-08-27 08:00:00,0.866
2019-08-27 09:00:00,0.514
2019-08-27 10:00:00,0.461
2019-08-27 11:00:00,0.553
2019-08-27 12:00:00,0.655
2019-08-27 13:00:00,0.766
2019-08-27 14:00:00,0.884
2019-08-27 15:00:00,0.996
2019-08-27 16:00:00,1.111
2019-08-27 17:00:00,1.183
2019-08-27 18:00:00,1.246
2019-08-27 19:00:00,1.357
2019-08-27 20:00:00,1.523
2019-08-27 21:00:00,1.4949999999999999
2019-08-27 22:00:00,1.328
2019-08-27 23:00:00,1.256
2019-08-28 00:00:00,1.2690000000000001
2019-08-28 01:00:00,1.275
2019-08-28 02:00:00,1.267
2019-08-28 03:00:00,1.207
2019-08-28 04:00:00,1.148
2019-08-28 05:00:00,1.064
2019-08-28 06:00:00,0.99
2019-08-28 07:00:00,0.9420000000000001
2019-08-28 08:00:00,0.693
2019-08-28 09:00:00,0.604
2019-08-28 10:00:00,0.663
2019-08-28 11:00:00,0.734
2019-08-28 12:00:00,0.808
2019-08-28 13:00:00,0.888
2019-08-28 14:00:00,1.016
2019-08-28 15:00:00,1.173
2019-08-28 16:00:00,1.335
2019-08-28 17:00:00,1.457
2019-08-28 18:00:00,1.442
2019-08-28 19:00:00,1.343
2019-08-28 20:00:00,1.305
2019-08-28 21:00:00,1.273
2019-08-28 22:00:00,1.177
2019-08-28 23:00:00,1.123
2019-08-29 00:00:00,1.135
2019-08-29 01:00:00,1.172
2019-08-29 02:00:00,1.253
2019-08-29 03:00:00,1.355
2019-08-29 04:00:00,1.446
2019-08-29 05:00:00,1.45
2019-08-29 06:00:00,1.421
2019-08-29 07:00:00,1.317
2019-08-29 08:00:00,0.895
2019-08-29 09:00:00,0.801
2019-08-29 10:00:00,0.669
2019-08-29 11:00:00,0.586
2019-08-29 12:00:00,0.5740000000000001
2019-08-29 13:00:00,0.619
2019-08-29 14:00:00,0.6970000000000001
2019-08-29 15:00:00,0.757
2019-08-29 16:00:00,0.79
2019-08-29 17:00:00,0.7829999999999999
2019-08-29 18:00:00,0.806
2019-08-29 19:00:00,1.032
2019-08-29 20:00:00,1.678
2019-08-29 21:00:00,2.209
2019-08-29 22:00:00,2.318
2019-08-29 23:00:00,2.161
2019-08-30 00:00:00,1.931
2019-08-30 01:00:00,1.688
2019-08-30 02:00:00,1.505
2019-08-30 03:00:00,1.386
2019-08-30 04:00:00,1.289
2019-08-30 05:00:00,1.179
2019-08-30 06:00:00,1.1139999999999999
2019-08-30 07:00:00,1.055
2019-08-30 08:00:00,0.654
2019-08-30 09:00:00,0.421
2019-08-30 10:00:00,0.396
2019-08-30 11:00:00,0.366
2019-08-30 12:00:00,0.353
2019-08-30 13:00:00,0.34299999999999997
2019-08-30 14:00:00,0.329
2019-08-30 15:00:00,0.3
2019-08-30 16:00:00,0.272
2019-08-30 17:00:00,0.273
2019-08-30 18:00:00,0.324
2019-08-30 19:00:00,0.587
2019-08-30 20:00:00,1.215
2019-08-30 21:00:00,1.724
2019-08-30 22:00:00,1.909
2019-08-30 23:00:00,1.9000000000000001
2019-08-31 00:00:00,1.839
2019-08-31 01:00:00,1.787
2019-08-31 02:00:00,1.7
2019-08-31 03:00:00,1.649
2019-08-31 04:00:00,1.658
2019-08-31 05:00:00,1.733
2019-08-31 06:00:00,1.8820000000000001
2019-08-31 07:00:00,1.934
2019-08-31 08:00:00,1.2930000000000001
2019-08-31 09:00:00,0.937
2019-08-31 10:00:00,1.094
2019-08-31 11:00:00,1.445
2019-08-31 12:00:00,1.7510000000000001
2019-08-31 13:00:00,2.085
2019-08-31 14:00:00,2.41
2019-08-31 15:00:00,2.731
2019-08-31 16:00:00,3.094
2019-08-31 17:00:00,3.321
2019-08-31 18:00:00,3.338
2019-08-31 19:00:00,3.19
2019-08-31 20:00:00,3.059
2019-08-31 21:00:00,2.981
2019-08-31 22:00:00,2.905
2019-08-31 23:00:00,2.795
2019-09-01 00:00:00,2.525
2019-09-01 01:00:00,2.204
2019-09-01 02:00:00,1.994
2019-09-01 03:00:00,1.829
2019-09-01 04:00:00,1.71
2019-09-01 05:00:00,1.585
2019-09-01 06:00:00,1.4869999999999999
2019-09-01 07:00:00,1.281
2019-09-01 08:00:00,0.942
2019-09-01 09:00:00,0.9480000000000001
2019-09-01 10:00:00,0.9339999999999999
2019-09-01 11:00:00,0.905
2019-09-01 12:00:00,0.904
2019-09-01 13:00:00,1.0
2019-09-01 14:00:00,1.18
2019-09-01 15:00:00,1.428
2019-09-01 16:00:00,1.737
2019-09-01 17:00:00,2.078
2019-09-01 18:00:00,2.44
2019-09-01 19:00:00,2.781
2019-09-01 20:00:00,3.206
2019-09-01 21:00:00,3.537
2019-09-01 22:00:00,3.559
2019-09-01 23:00:00,3.487
2019-09-02 00:00:00,3.351
2019-09-02 01:00:00,3.2409999999999997
2019-09-02 02:00:00,3.201
2019-09-02 03:00:00,3.169
2019-09-02 04:00:00,3.082
2019-09-02 05:00:00,2.896
2019-09-02 06:00:00,2.718
2019-09-02 07:00:00,2.521
2019-09-02 08:00:00,1.972
2019-09-02 09:00:00,2.009
2019-09-02 10:00:00,2.133
2019-09-02 11:00:00,2.078
2019-09-02 12:00:00,2.021
2019-09-02 13:00:00,2.054
2019-09-02 14:00:00,2.169
2019-09-02 15:00:00,2.362
2019-09-02 16:00:00,2.584
2019-09-02 17:00:00,2.765
2019-09-02 18:00:00,2.923
2019-09-02 19:00:00,3.038
2019-09-02 20:00:00,3.397
2019-09-02 21:00:00,3.618
2019-09-02 22:00:00,3.521
2019-09-02 23:00:00,3.348
2019-09-03 00:00:00,3.106
2019-09-03 01:00:00,2.778
2019-09-03 02:00:00,2.456
2019-09-03 03:00:00,2.205
2019-09-03 04:00:00,2.024
2019-09-03 05:00:00,1.868
2019-09-03 06:00:00,1.7469999999999999
2019-09-03 07:00:00,1.64
2019-09-03 08:00:00,1.055
2019-09-03 09:00:00,0.917
2019-09-03 10:00:00,1.183
2019-09-03 11:00:00,1.252
2019-09-03 12:00:00,1.207
2019-09-03 13:00:00,1.182
2019-09-03 14:00:00,1.174
2019-09-03 15:00:00,1.179
2019-09-03 16:00:00,1.175
2019-09-03 17:00:00,1.1480000000000001
2019-09-03 18:00:00,1.1280000000000001
2019-09-03 19:00:00,1.24
2019-09-03 20:00:00,1.681
2019-09-03 21:00:00,1.992
2019-09-03 22:00:00,1.968
2019-09-03 23:00:00,1.8739999999999999
2019-09-04 00:00:00,1.727
2019-09-04 01:00:00,1.549
2019-09-04 02:00:00,1.389
2019-09-04 03:00:00,1.305
2019-09-04 04:00:00,1.295
2019-09-04 05:00:00,1.321
2019-09-04 06:00:00,1.392
2019-09-04 07:00:00,1.505
2019-09-04 08:00:00,1.2910000000000001
2019-09-04 09:00:00,1.494
2019-09-04 10:00:00,1.9989999999999999
2019-09-04 11:00:00,2.23
2019-09-04 12:00:00,2.432
2019-09-04 13:00:00,2.686
2019-09-04 14:00:00,2.9810000000000003
2019-09-04 15:00:00,3.3
2019-09-04 16:00:00,3.6029999999999998
2019-09-04 17:00:00,3.75
2019-09-04 18:00:00,3.798
2019-09-04 19:00:00,3.8240000000000003
2019-09-04 20:00:00,4.027
2019-09-04 21:00:00,4.048
2019-09-04 22:00:00,3.805
2019-09-04 23:00:00,3.622
2019-09-05 00:00:00,3.632
2019-09-05 01:00:00,3.642
2019-09-05 02:00:00,3.58
2019-09-05 03:00:00,3.622
2019-09-05 04:00:00,3.712
2019-09-05 05:00:00,3.7640000000000002
2019-09-05 06:00:00,3.785
2019-09-05 07:00:00,3.7039999999999997
2019-09-05 08:00:00,3.1310000000000002
2019-09-05 09:00:00,3.5860000000000003
2019-09-05 10:00:00,3.715
2019-09-05 11:00:00,3.676
2019-09-05 12:00:00,3.651
2019-09-05 13:00:00,3.723
2019-09-05 14:00:00,3.785
2019-09-05 15:00:00,3.863
2019-09-05 16:00:00,3.999
2019-09-05 17:00:00,4.2379999999999995
2019-09-05 18:00:00,4.514
2019-09-05 19:00:00,4.618
2019-09-05 20:00:00,4.727
2019-09-05 21:00:00,4.865
2019-09-05 22:00:00,4.705
2019-09-05 23:00:00,4.415
2019-09-06 00:00:00,4.049
2019-09-06 01:00:00,3.677
2019-09-06 02:00:00,3.34
2019-09-06 03:00:00,3.018
2019-09-06 04:00:00,2.785
2019-09-06 05:00:00,2.608
2019-09-06 06:00:00,2.544
2019-09-06 07:00:00,2.559
2019-09-06 08:00:00,2.245
2019-09-06 09:00:00,2.217
2019-09-06 10:00:00,2.552
2019-09-06 11:00:00,2.872
2019-09-06 12:00:00,3.13
2019-09-06 13:00:00,3.3449999999999998
2019-09-06 14:00:00,3.533
2019-09-06 15:00:00,3.651
2019-09-06 16:00:00,3.682
2019-09-06 17:00:00,3.707
2019-09-06 18:00:00,3.641
2019-09-06 19:00:00,3.394
2019-09-06 20:00:00,3.471
2019-09-06 21:00:00,3.508
2019-09-06 22:00:00,3.326
2019-09-06 23:00:00,3.113
2019-09-07 00:00:00,2.896
2019-09-07 01:00:00,2.676
2019-09-07 02:00:00,2.51
2019-09-07 03:00:00,2.479
2019-09-07 04:00:00,2.49
2019-09-07 05:00:00,2.4779999999999998
2019-09-07 06:00:00,2.404
2019-09-07 07:00:00,2.317
2019-09-07 08:00:00,1.814
2019-09-07 09:00:00,1.653
2019-09-07 10:00:00,1.716
2019-09-07 11:00:00,1.802
2019-09-07 12:00:00,1.975
2019-09-07 13:00:00,2.222
2019-09-07 14:00:00,2.482
2019-09-07 15:00:00,2.778
2019-09-07 16:00:00,3.093
2019-09-07 17:00:00,3.375
2019-09-07 18:00:00,3.5309999999999997
2019-09-07 19:00:00,3.387
2019-09-07 20:00:00,3.463
2019-09-07 21:00:00,3.588
2019-09-07 22:00:00,3.418
2019-09-07 23:00:00,3.278
2019-09-08 00:00:00,3.271
2019-09-08 01:00:00,3.274
2019-09-08 02:00:00,3.2640000000000002
2019-09-08 03:00:00,3.3129999999999997
2019-09-08 04:00:00,3.387
2019-09-08 05:00:00,3.299
2019-09-08 06:00:00,3.199
2019-09-08 07:00:00,3.073
2019-09-08 08:00:00,2.685
2019-09-08 09:00:00,2.7199999999999998
2019-09-08 10:00:00,3.043
2019-09-08 11:00:00,3.019
2019-09-08 12:00:00,2.9290000000000003
2019-09-08 13:00:00,2.908
2019-09-08 14:00:00,2.922
2019-09-08 15:00:00,2.996
2019-09-08 16:00:00,3.0540000000000003
2019-09-08 17:00:00,3.09
2019-09-08 18:00:00,3.06
2019-09-08 19:00:00,3.0220000000000002
2019-09-08 20:00:00,3.346
2019-09-08 21:00:00,3.426
2019-09-08 22:00:00,3.174
2019-09-08 23:00:00,2.834
2019-09-09 00:00:00,2.553
2019-09-09 01:00:00,2.332
2019-09-09 02:00:00,2.143
2019-09-09 03:00:00,2.021
2019-09-09 04:00:00,1.98
2019-09-09 05:00:00,1.965
2019-09-09 06:00:00,1.94
2019-09-09 07:00:00,1.943
2019-09-09 08:00:00,1.759
2019-09-09 09:00:00,1.525
2019-09-09 10:00:00,1.679
2019-09-09 11:00:00,1.805
2019-09-09 12:00:00,1.827
2019-09-09 13:00:00,1.8900000000000001
2019-09-09 14:00:00,1.964
2019-09-09 15:00:00,2.02
2019-09-09 16:00:00,2.011
2019-09-09 17:00:00,1.9100000000000001
2019-09-09 18:00:00,1.652
2019-09-09 19:00:00,1.412
2019-09-09 20:00:00,1.35
2019-09-09 21:00:00,1.312
2019-09-09 22:00:00,1.248
2019-09-09 23:00:00,1.2269999999999999
2019-09-10 00:00:00,1.216
2019-09-10 01:00:00,1.154
2019-09-10 02:00:00,1.104
2019-09-10 03:00:00,1.163
2019-09-10 04:00:00,1.47
2019-09-10 05:00:00,1.805
2019-09-10 06:00:00,1.8359999999999999
2019-09-10 07:00:00,2.027
2019-09-10 08:00:00,1.81
2019-09-10 09:00:00,1.545
2019-09-10 10:00:00,1.9060000000000001
2019-09-10 11:00:00,1.931
2019-09-10 12:00:00,1.605
2019-09-10 13:00:00,1.468
2019-09-10 14:00:00,1.623
2019-09-10 15:00:00,1.927
2019-09-10 16:00:00,2.1390000000000002
2019-09-10 17:00:00,2.218
2019-09-10 18:00:00,2.231
2019-09-10 19:00:00,2.57
2019-09-10 20:00:00,3.3360000000000003
2019-09-10 21:00:00,3.742
2019-09-10 22:00:00,3.695
2019-09-10 23:00:00,3.512
2019-09-11 00:00:00,3.2409999999999997
2019-09-11 01:00:00,2.91
2019-09-11 02:00:00,2.742
2019-09-11 03:00:00,2.699
2019-09-11 04:00:00,2.742
2019-09-11 05:00:00,2.652
2019-09-11 06:00:00,2.448
2019-09-11 07:00:00,2.273
2019-09-11 08:00:00,1.75
2019-09-11 09:00:00,1.2530000000000001
2019-09-11 10:00:00,1.367
2019-09-11 11:00:00,1.616
2019-09-11 12:00:00,1.776
2019-09-11 13:00:00,1.927
2019-09-11 14:00:00,2.073
2019-09-11 15:00:00,2.221
2019-09-11 16:00:00,2.368
2019-09-11 17:00:00,2.4770000000000003
2019-09-11 18:00:00,2.463
2019-09-11 19:00:00,2.5
2019-09-11 20:00:00,2.855
2019-09-11 21:00:00,3.0100000000000002
2019-09-11 22:00:00,2.949
2019-09-11 23:00:00,2.886
2019-09-12 00:00:00,2.877
2019-09-12 01:00:00,2.668
2019-09-12 02:00:00,2.404
2019-09-12 03:00:00,2.261
2019-09-12 04:00:00,2.216
2019-09-12 05:00:00,2.219
2019-09-12 06:00:00,2.169
2019-09-12 07:00:00,2.069
2019-09-12 08:00:00,1.487
2019-09-12 09:00:00,1.088
2019-09-12 10:00:00,1.204
2019-09-12 11:00:00,1.181
2019-09-12 12:00:00,1.108
2019-09-12 13:00:00,1.037
2019-09-12 14:00:00,0.999
2019-09-12 15:00:00,1.011
2019-09-12 16:00:00,1.034
2019-09-12 17:00:00,1.093
2019-09-12 18:00:00,1.144
2019-09-12 19:00:00,1.259
2019-09-12 20:00:00,1.553
2019-09-12 21:00:00,1.7189999999999999
2019-09-12 22:00:00,1.696
2019-09-12 23:00:00,1.649
2019-09-13 00:00:00,1.6560000000000001
2019-09-13 01:00:00,1.6320000000000001
2019-09-13 02:00:00,1.6
2019-09-13 03:00:00,1.56
2019-09-13 04:00:00,1.514
2019-09-13 05:00:00,1.491
2019-09-13 06:00:00,1.514
2019-09-13 07:00:00,1.532
2019-09-13 08:00:00,1.212
2019-09-13 09:00:00,0.928
2019-09-13 10:00:00,0.97
2019-09-13 11:00:00,0.889
2019-09-13 12:00:00,0.826
2019-09-13 13:00:00,0.781
2019-09-13 14:00:00,0.781
2019-09-13 15:00:00,0.835
2019-09-13 16:00:00,0.971
2019-09-13 17:00:00,1.216
2019-09-13 18:00:00,1.548
2019-09-13 19:00:00,2.1109999999999998
2019-09-13 20:00:00,3.11
2019-09-13 21:00:00,3.385
2019-09-13 22:00:00,3.208
2019-09-13 23:00:00,3.008
2019-09-14 00:00:00,2.881
2019-09-14 01:00:00,2.775
2019-09-14 02:00:00,2.733
2019-09-14 03:00:00,2.673
2019-09-14 04:00:00,2.569
2019-09-14 05:00:00,2.396
2019-09-14 06:00:00,2.231
2019-09-14 07:00:00,2.145
2019-09-14 08:00:00,1.674
2019-09-14 09:00:00,1.27
2019-09-14 10:00:00,1.41
2019-09-14 11:00:00,1.475
2019-09-14 12:00:00,1.347
2019-09-14 13:00:00,1.193
2019-09-14 14:00:00,1.061
2019-09-14 15:00:00,0.972
2019-09-14 16:00:00,0.9460000000000001
2019-09-14 17:00:00,0.978
2019-09-14 18:00:00,1.086
2019-09-14 19:00:00,1.544
2019-09-14 20:00:00,2.313
2019-09-14 21:00:00,2.681
2019-09-14 22:00:00,2.587
2019-09-14 23:00:00,2.341
2019-09-15 00:00:00,2.067
2019-09-15 01:00:00,1.801
2019-09-15 02:00:00,1.56
2019-09-15 03:00:00,1.3679999999999999
2019-09-15 04:00:00,1.2730000000000001
2019-09-15 05:00:00,1.246
2019-09-15 06:00:00,1.248
2019-09-15 07:00:00,1.246
2019-09-15 08:00:00,1.041
2019-09-15 09:00:00,0.65
2019-09-15 10:00:00,0.761
2019-09-15 11:00:00,0.77
2019-09-15 12:00:00,0.61
2019-09-15 13:00:00,0.515
2019-09-15 14:00:00,0.468
2019-09-15 15:00:00,0.46299999999999997
2019-09-15 16:00:00,0.516
2019-09-15 17:00:00,0.619
2019-09-15 18:00:00,0.803
2019-09-15 19:00:00,1.388
2019-09-15 20:00:00,2.055
2019-09-15 21:00:00,2.255
2019-09-15 22:00:00,2.128
2019-09-15 23:00:00,1.925
2019-09-16 00:00:00,1.707
2019-09-16 01:00:00,1.482
2019-09-16 02:00:00,1.269
2019-09-16 03:00:00,1.107
2019-09-16 04:00:00,1.032
2019-09-16 05:00:00,0.989
2019-09-16 06:00:00,0.994
2019-09-16 07:00:00,1.057
2019-09-16 08:00:00,0.8839999999999999
2019-09-16 09:00:00,0.494
2019-09-16 10:00:00,0.451
2019-09-16 11:00:00,0.509
2019-09-16 12:00:00,0.522
2019-09-16 13:00:00,0.578
2019-09-16 14:00:00,0.688
2019-09-16 15:00:00,0.8420000000000001
2019-09-16 16:00:00,0.995
2019-09-16 17:00:00,1.149
2019-09-16 18:00:00,1.361
2019-09-16 19:00:00,1.959
2019-09-16 20:00:00,2.666
2019-09-16 21:00:00,2.7199999999999998
2019-09-16 22:00:00,2.519
2019-09-16 23:00:00,2.318
2019-09-17 00:00:00,2.191
2019-09-17 01:00:00,2.083
2019-09-17 02:00:00,1.961
2019-09-17 03:00:00,1.873
2019-09-17 04:00:00,1.808
2019-09-17 05:00:00,1.727
2019-09-17 06:00:00,1.615
2019-09-17 07:00:00,1.515
2019-09-17 08:00:00,1.115
2019-09-17 09:00:00,0.844
2019-09-17 10:00:00,0.929
2019-09-17 11:00:00,1.038
2019-09-17 12:00:00,1.163
2019-09-17 13:00:00,1.272
2019-09-17 14:00:00,1.43
2019-09-17 15:00:00,1.677
2019-09-17 16:00:00,1.957
2019-09-17 17:00:00,2.301
2019-09-17 18:00:00,2.723
2019-09-17 19:00:00,3.152
2019-09-17 20:00:00,3.842
2019-09-17 21:00:00,4.037
2019-09-17 22:00:00,3.906
2019-09-17 23:00:00,3.874
2019-09-18 00:00:00,3.8409999999999997
2019-09-18 01:00:00,3.75
2019-09-18 02:00:00,3.681
2019-09-18 03:00:00,3.632
2019-09-18 04:00:00,3.517
2019-09-18 05:00:00,3.346
2019-09-18 06:00:00,3.185
2019-09-18 07:00:00,3.066
2019-09-18 08:00:00,2.662
2019-09-18 09:00:00,3.149
2019-09-18 10:00:00,3.737
2019-09-18 11:00:00,3.797
2019-09-18 12:00:00,3.803
2019-09-18 13:00:00,3.781
2019-09-18 14:00:00,3.773
2019-09-18 15:00:00,3.833
2019-09-18 16:00:00,3.985
2019-09-18 17:00:00,4.223
2019-09-18 18:00:00,4.386
2019-09-18 19:00:00,4.388
2019-09-18 20:00:00,4.7299999999999995
2019-09-18 21:00:00,4.711
2019-09-18 22:00:00,4.587
2019-09-18 23:00:00,4.474
2019-09-19 00:00:00,4.402
2019-09-19 01:00:00,4.312
2019-09-19 02:00:00,4.148
2019-09-19 03:00:00,3.997
2019-09-19 04:00:00,3.847
2019-09-19 05:00:00,3.612
2019-09-19 06:00:00,3.381
2019-09-19 07:00:00,3.213
2019-09-19 08:00:00,2.637
2019-09-19 09:00:00,2.593
2019-09-19 10:00:00,3.694
2019-09-19 11:00:00,4.09
2019-09-19 12:00:00,4.228
2019-09-19 13:00:00,4.321
2019-09-19 14:00:00,4.372
2019-09-19 15:00:00,4.37
2019-09-19 16:00:00,4.402
2019-09-19 17:00:00,4.504
2019-09-19 18:00:00,4.442
2019-09-19 19:00:00,4.162
2019-09-19 20:00:00,4.583
2019-09-19 21:00:00,4.599
2019-09-19 22:00:00,4.393
2019-09-19 23:00:00,4.201
2019-09-20 00:00:00,4.134
2019-09-20 01:00:00,4.087
2019-09-20 02:00:00,4.051
2019-09-20 03:00:00,4.007
2019-09-20 04:00:00,3.975
2019-09-20 05:00:00,3.886
2019-09-20 06:00:00,3.732
2019-09-20 07:00:00,3.6710000000000003
2019-09-20 08:00:00,3.173
2019-09-20 09:00:00,2.875
2019-09-20 10:00:00,4.03
2019-09-20 11:00:00,4.5809999999999995
2019-09-20 12:00:00,4.486
2019-09-20 13:00:00,4.315
2019-09-20 14:00:00,4.15
2019-09-20 15:00:00,4.021
2019-09-20 16:00:00,3.987
2019-09-20 17:00:00,4.079
2019-09-20 18:00:00,4.089
2019-09-20 19:00:00,4.77
2019-09-20 20:00:00,5.876
2019-09-20 21:00:00,6.161
2019-09-20 22:00:00,5.9350000000000005
2019-09-20 23:00:00,5.65
2019-09-21 00:00:00,5.456
2019-09-21 01:00:00,5.329
2019-09-21 02:00:00,5.297
2019-09-21 03:00:00,5.279
2019-09-21 04:00:00,5.2250000000000005
2019-09-21 05:00:00,5.15
2019-09-21 06:00:00,4.837
2019-09-21 07:00:00,4.746
2019-09-21 08:00:00,4.117
2019-09-21 09:00:00,3.409
2019-09-21 10:00:00,4.03
2019-09-21 11:00:00,4.389
2019-09-21 12:00:00,4.554
2019-09-21 13:00:00,4.808
2019-09-21 14:00:00,5.082
2019-09-21 15:00:00,5.189
2019-09-21 16:00:00,5.107
2019-09-21 17:00:00,4.86
2019-09-21 18:00:00,4.326
2019-09-21 19:00:00,4.184
2019-09-21 20:00:00,4.437
2019-09-21 21:00:00,4.902
2019-09-21 22:00:00,5.3260000000000005
2019-09-21 23:00:00,5.617
2019-09-22 00:00:00,5.724
2019-09-22 01:00:00,5.684
2019-09-22 02:00:00,5.493
2019-09-22 03:00:00,5.146
2019-09-22 04:00:00,4.828
2019-09-22 05:00:00,4.466
2019-09-22 06:00:00,4.31
2019-09-22 07:00:00,4.177
2019-09-22 08:00:00,3.793
2019-09-22 09:00:00,3.5709999999999997
2019-09-22 10:00:00,4.598
2019-09-22 11:00:00,5.2490000000000006
2019-09-22 12:00:00,5.392
2019-09-22 13:00:00,5.389
2019-09-22 14:00:00,5.327
2019-09-22 15:00:00,5.232
2019-09-22 16:00:00,5.024
2019-09-22 17:00:00,4.602
2019-09-22 18:00:00,3.949
2019-09-22 19:00:00,3.56
2019-09-22 20:00:00,3.617
2019-09-22 21:00:00,3.476
2019-09-22 22:00:00,3.156
2019-09-22 23:00:00,2.938
2019-09-23 00:00:00,2.903
2019-09-23 01:00:00,3.065
2019-09-23 02:00:00,3.566
2019-09-23 03:00:00,3.646
2019-09-23 04:00:00,3.4139999999999997
2019-09-23 05:00:00,3.046
2019-09-23 06:00:00,2.933
2019-09-23 07:00:00,3.01
2019-09-23 08:00:00,2.819
2019-09-23 09:00:00,2.56
2019-09-23 10:00:00,2.984
2019-09-23 11:00:00,3.383
2019-09-23 12:00:00,3.543
2019-09-23 13:00:00,3.6999999999999997
2019-09-23 14:00:00,3.839
2019-09-23 15:00:00,3.909
2019-09-23 16:00:00,3.94
2019-09-23 17:00:00,3.856
2019-09-23 18:00:00,3.5549999999999997
2019-09-23 19:00:00,3.529
2019-09-23 20:00:00,3.77
2019-09-23 21:00:00,3.853
2019-09-23 22:00:00,3.8970000000000002
2019-09-23 23:00:00,3.953
2019-09-24 00:00:00,3.966
2019-09-24 01:00:00,4.013
2019-09-24 02:00:00,3.9320000000000004
2019-09-24 03:00:00,3.9370000000000003
2019-09-24 04:00:00,3.976
2019-09-24 05:00:00,4.197
2019-09-24 06:00:00,4.299
2019-09-24 07:00:00,4.309
2019-09-24 08:00:00,4.181
2019-09-24 09:00:00,3.911
2019-09-24 10:00:00,4.0
2019-09-24 11:00:00,4.65
2019-09-24 12:00:00,5.219
2019-09-24 13:00:00,5.564
2019-09-24 14:00:00,5.828
2019-09-24 15:00:00,6.031
2019-09-24 16:00:00,5.9990000000000006
2019-09-24 17:00:00,5.647
2019-09-24 18:00:00,4.912
2019-09-24 19:00:00,4.357
2019-09-24 20:00:00,4.304
2019-09-24 21:00:00,4.23
2019-09-24 22:00:00,4.28
2019-09-24 23:00:00,4.3
2019-09-25 00:00:00,4.337
2019-09-25 01:00:00,4.3709999999999996
2019-09-25 02:00:00,4.357
2019-09-25 03:00:00,4.35
2019-09-25 04:00:00,4.427
2019-09-25 05:00:00,4.491
2019-09-25 06:00:00,4.652
2019-09-25 07:00:00,4.782
2019-09-25 08:00:00,4.436
2019-09-25 09:00:00,4.242
2019-09-25 10:00:00,5.267
2019-09-25 11:00:00,5.986
2019-09-25 12:00:00,6.235
2019-09-25 13:00:00,6.286
2019-09-25 14:00:00,6.349
2019-09-25 15:00:00,6.446
2019-09-25 16:00:00,6.283
2019-09-25 17:00:00,5.808
2019-09-25 18:00:00,4.855
2019-09-25 19:00:00,4.285
2019-09-25 20:00:00,4.277
2019-09-25 21:00:00,4.273
2019-09-25 22:00:00,4.287
2019-09-25 23:00:00,4.325
2019-09-26 00:00:00,4.473
2019-09-26 01:00:00,4.524
2019-09-26 02:00:00,4.544
2019-09-26 03:00:00,4.592
2019-09-26 04:00:00,4.695
2019-09-26 05:00:00,4.726
2019-09-26 06:00:00,4.833
2019-09-26 07:00:00,4.833
2019-09-26 08:00:00,4.713
2019-09-26 09:00:00,4.6049999999999995
2019-09-26 10:00:00,5.007
2019-09-26 11:00:00,5.708
2019-09-26 12:00:00,6.054
2019-09-26 13:00:00,6.2379999999999995
2019-09-26 14:00:00,6.259
2019-09-26 15:00:00,6.188
2019-09-26 16:00:00,5.96
2019-09-26 17:00:00,5.535
2019-09-26 18:00:00,5.183
2019-09-26 19:00:00,5.087
2019-09-26 20:00:00,4.808
2019-09-26 21:00:00,4.525
2019-09-26 22:00:00,4.304
2019-09-26 23:00:00,4.13
2019-09-27 00:00:00,4.042
2019-09-27 01:00:00,3.852
2019-09-27 02:00:00,3.645
2019-09-27 03:00:00,3.472
2019-09-27 04:00:00,3.39
2019-09-27 05:00:00,3.408
2019-09-27 06:00:00,3.493
2019-09-27 07:00:00,3.567
2019-09-27 08:00:00,3.439
2019-09-27 09:00:00,2.959
2019-09-27 10:00:00,3.802
2019-09-27 11:00:00,4.646
2019-09-27 12:00:00,5.155
2019-09-27 13:00:00,5.496
2019-09-27 14:00:00,5.787
2019-09-27 15:00:00,5.964
2019-09-27 16:00:00,5.8870000000000005
2019-09-27 17:00:00,5.5169999999999995
2019-09-27 18:00:00,4.974
2019-09-27 19:00:00,4.608
2019-09-27 20:00:00,4.633
2019-09-27 21:00:00,4.506
2019-09-27 22:00:00,4.421
2019-09-27 23:00:00,4.32
2019-09-28 00:00:00,4.314
2019-09-28 01:00:00,4.223
2019-09-28 02:00:00,4.216
2019-09-28 03:00:00,4.137
2019-09-28 04:00:00,4.019
2019-09-28 05:00:00,3.9730000000000003
2019-09-28 06:00:00,3.998
2019-09-28 07:00:00,3.978
2019-09-28 08:00:00,3.708
2019-09-28 09:00:00,3.471
2019-09-28 10:00:00,4.192
2019-09-28 11:00:00,4.714
2019-09-28 12:00:00,5.042
2019-09-28 13:00:00,5.227
2019-09-28 14:00:00,5.286
2019-09-28 15:00:00,5.258
2019-09-28 16:00:00,5.098
2019-09-28 17:00:00,4.73
2019-09-28 18:00:00,4.102
2019-09-28 19:00:00,3.7140000000000004
2019-09-28 20:00:00,3.524
2019-09-28 21:00:00,3.407
2019-09-28 22:00:00,3.423
2019-09-28 23:00:00,3.52
2019-09-29 00:00:00,3.923
2019-09-29 01:00:00,4.255
2019-09-29 02:00:00,4.589
2019-09-29 03:00:00,4.855
2019-09-29 04:00:00,5.1
2019-09-29 05:00:00,5.461
2019-09-29 06:00:00,5.67
2019-09-29 07:00:00,5.8759999999999994
2019-09-29 08:00:00,5.777
2019-09-29 09:00:00,5.422
2019-09-29 10:00:00,6.006
2019-09-29 11:00:00,6.947
2019-09-29 12:00:00,7.463
2019-09-29 13:00:00,7.792
2019-09-29 14:00:00,8.02
2019-09-29 15:00:00,8.218
2019-09-29 16:00:00,8.336
2019-09-29 17:00:00,8.267
2019-09-29 18:00:00,7.988
2019-09-29 19:00:00,7.619
2019-09-29 20:00:00,7.273
2019-09-29 21:00:00,6.914
2019-09-29 22:00:00,6.631
2019-09-29 23:00:00,6.389
2019-09-30 00:00:00,5.8999999999999995
2019-09-30 01:00:00,5.195
2019-09-30 02:00:00,4.593
2019-09-30 03:00:00,4.188
2019-09-30 04:00:00,3.895
2019-09-30 05:00:00,3.635
2019-09-30 06:00:00,3.417
2019-09-30 07:00:00,3.154
2019-09-30 08:00:00,2.6959999999999997
2019-09-30 09:00:00,2.313
2019-09-30 10:00:00,2.6
2019-09-30 11:00:00,2.657
2019-09-30 12:00:00,2.679
2019-09-30 13:00:00,2.789
2019-09-30 14:00:00,2.9290000000000003
2019-09-30 15:00:00,3.057
2019-09-30 16:00:00,3.099
2019-09-30 17:00:00,3.048
2019-09-30 18:00:00,2.715
2019-09-30 19:00:00,2.7960000000000003
2019-09-30 20:00:00,3.2920000000000003
2019-09-30 21:00:00,3.534
2019-09-30 22:00:00,3.643
2019-09-30 23:00:00,4.042
2019-10-01 00:00:00,4.425
2019-10-01 01:00:00,4.482
2019-10-01 02:00:00,4.394
2019-10-01 03:00:00,4.479
2019-10-01 04:00:00,4.514
2019-10-01 05:00:00,4.443
2019-10-01 06:00:00,4.446
2019-10-01 07:00:00,4.296
2019-10-01 08:00:00,3.923
2019-10-01 09:00:00,3.391
2019-10-01 10:00:00,3.692
2019-10-01 11:00:00,4.306
2019-10-01 12:00:00,4.938
2019-10-01 13:00:00,5.57
2019-10-01 14:00:00,5.9799999999999995
2019-10-01 15:00:00,6.123
2019-10-01 16:00:00,6.0520000000000005
2019-10-01 17:00:00,5.636
2019-10-01 18:00:00,4.9350000000000005
2019-10-01 19:00:00,4.529
2019-10-01 20:00:00,4.407
2019-10-01 21:00:00,4.289
2019-10-01 22:00:00,4.058
2019-10-01 23:00:00,4.018
2019-10-02 00:00:00,4.198
2019-10-02 01:00:00,4.424
2019-10-02 02:00:00,4.632
2019-10-02 03:00:00,4.917
2019-10-02 04:00:00,5.053
2019-10-02 05:00:00,4.725
2019-10-02 06:00:00,4.461
2019-10-02 07:00:00,4.179
2019-10-02 08:00:00,3.812
2019-10-02 09:00:00,3.543
2019-10-02 10:00:00,4.2700000000000005
2019-10-02 11:00:00,4.7989999999999995
2019-10-02 12:00:00,4.955
2019-10-02 13:00:00,5.162
2019-10-02 14:00:00,5.275
2019-10-02 15:00:00,5.152
2019-10-02 16:00:00,5.016
2019-10-02 17:00:00,4.948
2019-10-02 18:00:00,4.7
2019-10-02 19:00:00,4.5440000000000005
2019-10-02 20:00:00,4.584
2019-10-02 21:00:00,4.2620000000000005
2019-10-02 22:00:00,3.8129999999999997
2019-10-02 23:00:00,3.434
2019-10-03 00:00:00,3.113
2019-10-03 01:00:00,2.824
2019-10-03 02:00:00,2.56
2019-10-03 03:00:00,2.339
2019-10-03 04:00:00,2.191
2019-10-03 05:00:00,2.072
2019-10-03 06:00:00,2.04
2019-10-03 07:00:00,2.021
2019-10-03 08:00:00,1.896
2019-10-03 09:00:00,1.5070000000000001
2019-10-03 10:00:00,1.365
2019-10-03 11:00:00,1.236
2019-10-03 12:00:00,1.155
2019-10-03 13:00:00,1.205
2019-10-03 14:00:00,1.334
2019-10-03 15:00:00,1.495
2019-10-03 16:00:00,1.726
2019-10-03 17:00:00,2.003
2019-10-03 18:00:00,2.143
2019-10-03 19:00:00,2.3930000000000002
2019-10-03 20:00:00,2.903
2019-10-03 21:00:00,3.25
2019-10-03 22:00:00,3.527
2019-10-03 23:00:00,3.625
2019-10-04 00:00:00,3.747
2019-10-04 01:00:00,3.858
2019-10-04 02:00:00,4.072
2019-10-04 03:00:00,4.272
2019-10-04 04:00:00,4.396
2019-10-04 05:00:00,4.298
2019-10-04 06:00:00,4.259
2019-10-04 07:00:00,4.183
2019-10-04 08:00:00,4.104
2019-10-04 09:00:00,3.627
2019-10-04 10:00:00,3.61
2019-10-04 11:00:00,4.3069999999999995
2019-10-04 12:00:00,4.8309999999999995
2019-10-04 13:00:00,5.122
2019-10-04 14:00:00,5.461
2019-10-04 15:00:00,5.674
2019-10-04 16:00:00,5.732
2019-10-04 17:00:00,5.4830000000000005
2019-10-04 18:00:00,4.9110000000000005
2019-10-04 19:00:00,4.758
2019-10-04 20:00:00,4.855
2019-10-04 21:00:00,4.727
2019-10-04 22:00:00,4.547000000000001
2019-10-04 23:00:00,4.571
2019-10-05 00:00:00,4.686
2019-10-05 01:00:00,4.5969999999999995
2019-10-05 02:00:00,4.412
2019-10-05 03:00:00,4.207
2019-10-05 04:00:00,4.107
2019-10-05 05:00:00,3.903
2019-10-05 06:00:00,3.7199999999999998
2019-10-05 07:00:00,3.554
2019-10-05 08:00:00,3.243
2019-10-05 09:00:00,2.68
2019-10-05 10:00:00,2.636
2019-10-05 11:00:00,2.677
2019-10-05 12:00:00,2.538
2019-10-05 13:00:00,2.4139999999999997
2019-10-05 14:00:00,2.3440000000000003
2019-10-05 15:00:00,2.2889999999999997
2019-10-05 16:00:00,2.253
2019-10-05 17:00:00,2.287
2019-10-05 18:00:00,2.2439999999999998
2019-10-05 19:00:00,2.313
2019-10-05 20:00:00,2.457
2019-10-05 21:00:00,2.398
2019-10-05 22:00:00,2.261
2019-10-05 23:00:00,2.2
2019-10-06 00:00:00,2.235
2019-10-06 01:00:00,2.36
2019-10-06 02:00:00,2.535
2019-10-06 03:00:00,2.781
2019-10-06 04:00:00,2.9459999999999997
2019-10-06 05:00:00,3.056
2019-10-06 06:00:00,3.177
2019-10-06 07:00:00,3.464
2019-10-06 08:00:00,3.5420000000000003
2019-10-06 09:00:00,3.323
2019-10-06 10:00:00,3.685
2019-10-06 11:00:00,4.258
2019-10-06 12:00:00,4.738
2019-10-06 13:00:00,5.231
2019-10-06 14:00:00,5.696
2019-10-06 15:00:00,5.886
2019-10-06 16:00:00,5.865
2019-10-06 17:00:00,5.681
2019-10-06 18:00:00,5.26
2019-10-06 19:00:00,5.021
2019-10-06 20:00:00,4.942
2019-10-06 21:00:00,4.813
2019-10-06 22:00:00,4.866
2019-10-06 23:00:00,5.088
2019-10-07 00:00:00,5.0120000000000005
2019-10-07 01:00:00,4.753
2019-10-07 02:00:00,4.447
2019-10-07 03:00:00,4.111
2019-10-07 04:00:00,3.957
2019-10-07 05:00:00,3.722
2019-10-07 06:00:00,3.485
2019-10-07 07:00:00,3.116
2019-10-07 08:00:00,2.798
2019-10-07 09:00:00,2.471
2019-10-07 10:00:00,2.463
2019-10-07 11:00:00,2.725
2019-10-07 12:00:00,2.83
2019-10-07 13:00:00,2.721
2019-10-07 14:00:00,2.7439999999999998
2019-10-07 15:00:00,2.975
2019-10-07 16:00:00,3.293
2019-10-07 17:00:00,3.588
2019-10-07 18:00:00,3.6100000000000003
2019-10-07 19:00:00,3.8
2019-10-07 20:00:00,3.9859999999999998
2019-10-07 21:00:00,3.888
2019-10-07 22:00:00,3.739
2019-10-07 23:00:00,3.721
2019-10-08 00:00:00,3.7070000000000003
2019-10-08 01:00:00,3.875
2019-10-08 02:00:00,3.8890000000000002
2019-10-08 03:00:00,3.705
2019-10-08 04:00:00,3.675
2019-10-08 05:00:00,3.575
2019-10-08 06:00:00,3.2640000000000002
2019-10-08 07:00:00,3.14
2019-10-08 08:00:00,3.049
2019-10-08 09:00:00,2.545
2019-10-08 10:00:00,2.365
2019-10-08 11:00:00,2.601
2019-10-08 12:00:00,2.803
2019-10-08 13:00:00,2.91
2019-10-08 14:00:00,3.1220000000000003
2019-10-08 15:00:00,3.491
2019-10-08 16:00:00,3.7920000000000003
2019-10-08 17:00:00,3.863
2019-10-08 18:00:00,3.935
2019-10-08 19:00:00,4.134
2019-10-08 20:00:00,4.123
2019-10-08 21:00:00,3.955
2019-10-08 22:00:00,3.827
2019-10-08 23:00:00,3.726
2019-10-09 00:00:00,3.6350000000000002
2019-10-09 01:00:00,3.413
2019-10-09 02:00:00,3.17
2019-10-09 03:00:00,3.112
2019-10-09 04:00:00,3.025
2019-10-09 05:00:00,2.958
2019-10-09 06:00:00,3.094
2019-10-09 07:00:00,3.26
2019-10-09 08:00:00,3.418
2019-10-09 09:00:00,3.391
2019-10-09 10:00:00,3.691
2019-10-09 11:00:00,5.079
2019-10-09 12:00:00,6.016
2019-10-09 13:00:00,6.509
2019-10-09 14:00:00,6.79
2019-10-09 15:00:00,6.882
2019-10-09 16:00:00,6.7940000000000005
2019-10-09 17:00:00,6.385
2019-10-09 18:00:00,5.665
2019-10-09 19:00:00,5.586
2019-10-09 20:00:00,5.702
2019-10-09 21:00:00,5.824
2019-10-09 22:00:00,5.897
2019-10-09 23:00:00,5.958
2019-10-10 00:00:00,5.999
2019-10-10 01:00:00,5.811
2019-10-10 02:00:00,5.517
2019-10-10 03:00:00,5.247
2019-10-10 04:00:00,5.0280000000000005
2019-10-10 05:00:00,4.854
2019-10-10 06:00:00,4.697
2019-10-10 07:00:00,4.533
2019-10-10 08:00:00,4.29
2019-10-10 09:00:00,3.699
2019-10-10 10:00:00,3.8339999999999996
2019-10-10 11:00:00,4.418
2019-10-10 12:00:00,4.568
2019-10-10 13:00:00,4.609
2019-10-10 14:00:00,4.638
2019-10-10 15:00:00,4.606999999999999
2019-10-10 16:00:00,4.508
2019-10-10 17:00:00,4.196
2019-10-10 18:00:00,3.636
2019-10-10 19:00:00,3.559
2019-10-10 20:00:00,3.574
2019-10-10 21:00:00,3.541
2019-10-10 22:00:00,3.448
2019-10-10 23:00:00,3.375
2019-10-11 00:00:00,3.437
2019-10-11 01:00:00,3.588
2019-10-11 02:00:00,3.695
2019-10-11 03:00:00,3.781
2019-10-11 04:00:00,3.7680000000000002
2019-10-11 05:00:00,3.732
2019-10-11 06:00:00,3.705
2019-10-11 07:00:00,3.6630000000000003
2019-10-11 08:00:00,3.721
2019-10-11 09:00:00,3.473
2019-10-11 10:00:00,3.768
2019-10-11 11:00:00,4.817
2019-10-11 12:00:00,5.235
2019-10-11 13:00:00,5.3629999999999995
2019-10-11 14:00:00,5.312
2019-10-11 15:00:00,5.162
2019-10-11 16:00:00,4.885
2019-10-11 17:00:00,4.399
2019-10-11 18:00:00,4.23
2019-10-11 19:00:00,4.525
2019-10-11 20:00:00,4.513
2019-10-11 21:00:00,4.457
2019-10-11 22:00:00,4.47
2019-10-11 23:00:00,4.584
2019-10-12 00:00:00,4.628
2019-10-12 01:00:00,4.621
2019-10-12 02:00:00,4.64
2019-10-12 03:00:00,4.6610000000000005
2019-10-12 04:00:00,4.599
2019-10-12 05:00:00,4.489
2019-10-12 06:00:00,4.319
2019-10-12 07:00:00,4.106
2019-10-12 08:00:00,3.958
2019-10-12 09:00:00,3.379
2019-10-12 10:00:00,3.2670000000000003
2019-10-12 11:00:00,4.219
2019-10-12 12:00:00,4.501
2019-10-12 13:00:00,4.193
2019-10-12 14:00:00,4.039
2019-10-12 15:00:00,3.963
2019-10-12 16:00:00,4.107
2019-10-12 17:00:00,3.8729999999999998
2019-10-12 18:00:00,3.679
2019-10-12 19:00:00,4.091
2019-10-12 20:00:00,4.422000000000001
2019-10-12 21:00:00,4.43
2019-10-12 22:00:00,4.4
2019-10-12 23:00:00,4.521
2019-10-13 00:00:00,4.725
2019-10-13 01:00:00,4.8790000000000004
2019-10-13 02:00:00,4.85
2019-10-13 03:00:00,4.983
2019-10-13 04:00:00,5.166
2019-10-13 05:00:00,5.566
2019-10-13 06:00:00,5.867
2019-10-13 07:00:00,5.961
2019-10-13 08:00:00,6.198
2019-10-13 09:00:00,5.9959999999999996
2019-10-13 10:00:00,6.348000000000001
2019-10-13 11:00:00,7.356999999999999
2019-10-13 12:00:00,7.751
2019-10-13 13:00:00,7.979
2019-10-13 14:00:00,7.821
2019-10-13 15:00:00,7.375
2019-10-13 16:00:00,6.709
2019-10-13 17:00:00,5.6899999999999995
2019-10-13 18:00:00,4.77
2019-10-13 19:00:00,4.493
2019-10-13 20:00:00,4.013
2019-10-13 21:00:00,3.5629999999999997
2019-10-13 22:00:00,3.2880000000000003
2019-10-13 23:00:00,3.136
2019-10-14 00:00:00,3.107
2019-10-14 01:00:00,3.127
2019-10-14 02:00:00,3.407
2019-10-14 03:00:00,3.6639999999999997
2019-10-14 04:00:00,3.981
2019-10-14 05:00:00,4.224
2019-10-14 06:00:00,4.507
2019-10-14 07:00:00,4.885
2019-10-14 08:00:00,4.91
2019-10-14 09:00:00,4.415
2019-10-14 10:00:00,4.591
2019-10-14 11:00:00,5.3870000000000005
2019-10-14 12:00:00,5.785
2019-10-14 13:00:00,5.761
2019-10-14 14:00:00,5.567
2019-10-14 15:00:00,5.246
2019-10-14 16:00:00,4.932
2019-10-14 17:00:00,4.983
2019-10-14 18:00:00,5.611
2019-10-14 19:00:00,6.086
2019-10-14 20:00:00,6.2540000000000004
2019-10-14 21:00:00,5.925
2019-10-14 22:00:00,5.408
2019-10-14 23:00:00,4.83
2019-10-15 00:00:00,4.62
2019-10-15 01:00:00,4.89
2019-10-15 02:00:00,4.836
2019-10-15 03:00:00,4.623
2019-10-15 04:00:00,4.433
2019-10-15 05:00:00,4.557
2019-10-15 06:00:00,4.517
2019-10-15 07:00:00,4.2780000000000005
2019-10-15 08:00:00,3.8369999999999997
2019-10-15 09:00:00,3.681
2019-10-15 10:00:00,4.194
2019-10-15 11:00:00,5.045
2019-10-15 12:00:00,5.323
2019-10-15 13:00:00,5.262
2019-10-15 14:00:00,5.383
2019-10-15 15:00:00,5.5329999999999995
2019-10-15 16:00:00,5.621
2019-10-15 17:00:00,5.2940000000000005
2019-10-15 18:00:00,4.492
2019-10-15 19:00:00,4.372999999999999
2019-10-15 20:00:00,4.58
2019-10-15 21:00:00,4.772
2019-10-15 22:00:00,4.878
2019-10-15 23:00:00,4.952999999999999
2019-10-16 00:00:00,5.131
2019-10-16 01:00:00,5.253
2019-10-16 02:00:00,5.337
2019-10-16 03:00:00,5.454
2019-10-16 04:00:00,5.493
2019-10-16 05:00:00,5.595
2019-10-16 06:00:00,5.677
2019-10-16 07:00:00,5.744
2019-10-16 08:00:00,5.868
2019-10-16 09:00:00,5.65
2019-10-16 10:00:00,5.72
2019-10-16 11:00:00,6.213
2019-10-16 12:00:00,6.453
2019-10-16 13:00:00,6.423
2019-10-16 14:00:00,6.183
2019-10-16 15:00:00,5.795
2019-10-16 16:00:00,5.346
2019-10-16 17:00:00,4.724
2019-10-16 18:00:00,4.363
2019-10-16 19:00:00,4.288
2019-10-16 20:00:00,4.2379999999999995
2019-10-16 21:00:00,4.045
2019-10-16 22:00:00,3.923
2019-10-16 23:00:00,3.713
2019-10-17 00:00:00,3.691
2019-10-17 01:00:00,3.5700000000000003
2019-10-17 02:00:00,3.282
2019-10-17 03:00:00,3.048
2019-10-17 04:00:00,2.84
2019-10-17 05:00:00,2.63
2019-10-17 06:00:00,2.581
2019-10-17 07:00:00,2.619
2019-10-17 08:00:00,2.635
2019-10-17 09:00:00,2.37
2019-10-17 10:00:00,2.335
2019-10-17 11:00:00,2.789
2019-10-17 12:00:00,3.307
2019-10-17 13:00:00,3.83
2019-10-17 14:00:00,4.165
2019-10-17 15:00:00,4.228
2019-10-17 16:00:00,4.101
2019-10-17 17:00:00,3.6639999999999997
2019-10-17 18:00:00,3.322
2019-10-17 19:00:00,3.737
2019-10-17 20:00:00,4.091
2019-10-17 21:00:00,4.194
2019-10-17 22:00:00,4.203
2019-10-17 23:00:00,4.326
2019-10-18 00:00:00,4.668
2019-10-18 01:00:00,4.732
2019-10-18 02:00:00,4.953
2019-10-18 03:00:00,5.224
2019-10-18 04:00:00,5.304
2019-10-18 05:00:00,5.394
2019-10-18 06:00:00,5.499
2019-10-18 07:00:00,5.45
2019-10-18 08:00:00,5.458
2019-10-18 09:00:00,5.1850000000000005
2019-10-18 10:00:00,4.816
2019-10-18 11:00:00,5.319
2019-10-18 12:00:00,5.819
2019-10-18 13:00:00,5.9590000000000005
2019-10-18 14:00:00,5.852
2019-10-18 15:00:00,5.594
2019-10-18 16:00:00,5.117
2019-10-18 17:00:00,4.384
2019-10-18 18:00:00,3.894
2019-10-18 19:00:00,3.9130000000000003
2019-10-18 20:00:00,3.838
2019-10-18 21:00:00,3.789
2019-10-18 22:00:00,3.74
2019-10-18 23:00:00,3.7880000000000003
2019-10-19 00:00:00,3.835
2019-10-19 01:00:00,3.8689999999999998
2019-10-19 02:00:00,4.217
2019-10-19 03:00:00,4.3100000000000005
2019-10-19 04:00:00,4.252
2019-10-19 05:00:00,4.132
2019-10-19 06:00:00,3.694
2019-10-19 07:00:00,3.321
2019-10-19 08:00:00,3.0549999999999997
2019-10-19 09:00:00,2.6550000000000002
2019-10-19 10:00:00,2.308
2019-10-19 11:00:00,2.183
2019-10-19 12:00:00,2.292
2019-10-19 13:00:00,2.354
2019-10-19 14:00:00,2.418
2019-10-19 15:00:00,2.399
2019-10-19 16:00:00,2.259
2019-10-19 17:00:00,2.11
2019-10-19 18:00:00,2.162
2019-10-19 19:00:00,2.475
2019-10-19 20:00:00,2.728
2019-10-19 21:00:00,2.81
2019-10-19 22:00:00,2.816
2019-10-19 23:00:00,2.934
2019-10-20 00:00:00,3.15
2019-10-20 01:00:00,3.259
2019-10-20 02:00:00,3.364
2019-10-20 03:00:00,3.668
2019-10-20 04:00:00,3.916
2019-10-20 05:00:00,4.301
2019-10-20 06:00:00,4.425
2019-10-20 07:00:00,4.7
2019-10-20 08:00:00,4.699
2019-10-20 09:00:00,4.492
2019-10-20 10:00:00,4.155
2019-10-20 11:00:00,4.242
2019-10-20 12:00:00,4.568
2019-10-20 13:00:00,4.705
2019-10-20 14:00:00,4.835
2019-10-20 15:00:00,4.661
2019-10-20 16:00:00,4.567
2019-10-20 17:00:00,4.606
2019-10-20 18:00:00,4.871
2019-10-20 19:00:00,5.269
2019-10-20 20:00:00,5.308
2019-10-20 21:00:00,5.039
2019-10-20 22:00:00,4.304
2019-10-20 23:00:00,3.718
2019-10-21 00:00:00,3.383
2019-10-21 01:00:00,3.1470000000000002
2019-10-21 02:00:00,2.935
2019-10-21 03:00:00,2.8360000000000003
2019-10-21 04:00:00,2.694
2019-10-21 05:00:00,2.333
2019-10-21 06:00:00,2.008
2019-10-21 07:00:00,1.886
2019-10-21 08:00:00,1.809
2019-10-21 09:00:00,1.687
2019-10-21 10:00:00,1.529
2019-10-21 11:00:00,1.603
2019-10-21 12:00:00,1.516
2019-10-21 13:00:00,1.425
2019-10-21 14:00:00,1.377
2019-10-21 15:00:00,1.2349999999999999
2019-10-21 16:00:00,0.994
2019-10-21 17:00:00,0.806
2019-10-21 18:00:00,0.821
2019-10-21 19:00:00,0.877
2019-10-21 20:00:00,0.942
2019-10-21 21:00:00,1.0190000000000001
2019-10-21 22:00:00,1.093
2019-10-21 23:00:00,1.206
2019-10-22 00:00:00,1.277
2019-10-22 01:00:00,1.2229999999999999
2019-10-22 02:00:00,1.081
2019-10-22 03:00:00,1.0779999999999998
2019-10-22 04:00:00,1.113
2019-10-22 05:00:00,1.1199999999999999
2019-10-22 06:00:00,1.281
2019-10-22 07:00:00,1.501
2019-10-22 08:00:00,1.5859999999999999
2019-10-22 09:00:00,1.653
2019-10-22 10:00:00,1.645
2019-10-22 11:00:00,1.6880000000000002
2019-10-22 12:00:00,1.843
2019-10-22 13:00:00,2.0940000000000003
2019-10-22 14:00:00,2.436
2019-10-22 15:00:00,2.7889999999999997
2019-10-22 16:00:00,3.138
2019-10-22 17:00:00,3.3049999999999997
2019-10-22 18:00:00,3.548
2019-10-22 19:00:00,4.039
2019-10-22 20:00:00,4.172
2019-10-22 21:00:00,4.244
2019-10-22 22:00:00,4.354
2019-10-22 23:00:00,4.364
2019-10-23 00:00:00,4.231
2019-10-23 01:00:00,4.182
2019-10-23 02:00:00,4.304
2019-10-23 03:00:00,4.448
2019-10-23 04:00:00,4.585
2019-10-23 05:00:00,4.776
2019-10-23 06:00:00,4.776
2019-10-23 07:00:00,4.818
2019-10-23 08:00:00,4.861
2019-10-23 09:00:00,4.835
2019-10-23 10:00:00,4.606
2019-10-23 11:00:00,4.470000000000001
2019-10-23 12:00:00,4.201
2019-10-23 13:00:00,3.757
2019-10-23 14:00:00,3.4210000000000003
2019-10-23 15:00:00,3.193
2019-10-23 16:00:00,3.0
2019-10-23 17:00:00,2.729
2019-10-23 18:00:00,2.7910000000000004
2019-10-23 19:00:00,2.998
2019-10-23 20:00:00,3.125
2019-10-23 21:00:00,3.085
2019-10-23 22:00:00,3.044
2019-10-23 23:00:00,2.862
2019-10-24 00:00:00,2.398
2019-10-24 01:00:00,2.215
2019-10-24 02:00:00,2.513
2019-10-24 03:00:00,2.839
2019-10-24 04:00:00,2.673
2019-10-24 05:00:00,2.705
2019-10-24 06:00:00,2.856
2019-10-24 07:00:00,3.007
2019-10-24 08:00:00,3.0909999999999997
2019-10-24 09:00:00,2.927
2019-10-24 10:00:00,2.771
2019-10-24 11:00:00,3.209
2019-10-24 12:00:00,3.7270000000000003
2019-10-24 13:00:00,3.939
2019-10-24 14:00:00,4.013
2019-10-24 15:00:00,4.002
2019-10-24 16:00:00,3.823
2019-10-24 17:00:00,3.291
2019-10-24 18:00:00,3.085
2019-10-24 19:00:00,3.4699999999999998
2019-10-24 20:00:00,3.743
2019-10-24 21:00:00,3.716
2019-10-24 22:00:00,3.596
2019-10-24 23:00:00,3.65
2019-10-25 00:00:00,3.724
2019-10-25 01:00:00,3.694
2019-10-25 02:00:00,3.7039999999999997
2019-10-25 03:00:00,3.731
2019-10-25 04:00:00,3.636
2019-10-25 05:00:00,3.532
2019-10-25 06:00:00,3.4219999999999997
2019-10-25 07:00:00,3.346
2019-10-25 08:00:00,3.354
2019-10-25 09:00:00,3.0460000000000003
2019-10-25 10:00:00,2.5869999999999997
2019-10-25 11:00:00,3.076
2019-10-25 12:00:00,3.677
2019-10-25 13:00:00,3.945
2019-10-25 14:00:00,4.1129999999999995
2019-10-25 15:00:00,4.186
2019-10-25 16:00:00,4.061
2019-10-25 17:00:00,3.7359999999999998
2019-10-25 18:00:00,3.625
2019-10-25 19:00:00,3.972
2019-10-25 20:00:00,4.125
2019-10-25 21:00:00,4.056
2019-10-25 22:00:00,4.023
2019-10-25 23:00:00,4.09
2019-10-26 00:00:00,4.093
2019-10-26 01:00:00,4.043
2019-10-26 02:00:00,4.062
2019-10-26 03:00:00,4.118
2019-10-26 04:00:00,4.204
2019-10-26 05:00:00,4.3
2019-10-26 06:00:00,4.322
2019-10-26 07:00:00,4.335
2019-10-26 08:00:00,4.367
2019-10-26 09:00:00,4.038
2019-10-26 10:00:00,3.366
2019-10-26 11:00:00,3.604
2019-10-26 12:00:00,4.727
2019-10-26 13:00:00,5.112
2019-10-26 14:00:00,5.312
2019-10-26 15:00:00,5.355
2019-10-26 16:00:00,5.115
2019-10-26 17:00:00,4.8660000000000005
2019-10-26 18:00:00,5.067
2019-10-26 19:00:00,5.341
2019-10-26 20:00:00,5.313
2019-10-26 21:00:00,5.103
2019-10-26 22:00:00,4.59
2019-10-26 23:00:00,4.194
2019-10-27 00:00:00,3.699
2019-10-27 01:00:00,3.368
2019-10-27 02:00:00,6.588
2019-10-27 03:00:00,3.302
2019-10-27 04:00:00,3.12
2019-10-27 05:00:00,2.898
2019-10-27 06:00:00,2.806
2019-10-27 07:00:00,2.717
2019-10-27 08:00:00,2.424
2019-10-27 09:00:00,2.063
2019-10-27 10:00:00,2.124
2019-10-27 11:00:00,2.022
2019-10-27 12:00:00,1.802
2019-10-27 13:00:00,1.6
2019-10-27 14:00:00,1.454
2019-10-27 15:00:00,1.338
2019-10-27 16:00:00,1.294
2019-10-27 17:00:00,1.373
2019-10-27 18:00:00,1.666
2019-10-27 19:00:00,1.91
2019-10-27 20:00:00,2.052
2019-10-27 21:00:00,2.033
2019-10-27 22:00:00,2.019
2019-10-27 23:00:00,1.983
2019-10-28 00:00:00,1.98
2019-10-28 01:00:00,1.991
2019-10-28 02:00:00,2.032
2019-10-28 03:00:00,2.113
2019-10-28 04:00:00,2.0949999999999998
2019-10-28 05:00:00,2.079
2019-10-28 06:00:00,2.072
2019-10-28 07:00:00,1.998
2019-10-28 08:00:00,1.939
2019-10-28 09:00:00,1.806
2019-10-28 10:00:00,1.7730000000000001
2019-10-28 11:00:00,1.774
2019-10-28 12:00:00,1.713
2019-10-28 13:00:00,1.633
2019-10-28 14:00:00,1.642
2019-10-28 15:00:00,1.702
2019-10-28 16:00:00,1.755
2019-10-28 17:00:00,2.051
2019-10-28 18:00:00,2.525
2019-10-28 19:00:00,2.589
2019-10-28 20:00:00,2.499
2019-10-28 21:00:00,2.44
2019-10-28 22:00:00,2.362
2019-10-28 23:00:00,2.221
2019-10-29 00:00:00,2.0909999999999997
2019-10-29 01:00:00,1.9880000000000002
2019-10-29 02:00:00,1.96
2019-10-29 03:00:00,1.981
2019-10-29 04:00:00,1.99
2019-10-29 05:00:00,1.998
2019-10-29 06:00:00,2.056
2019-10-29 07:00:00,2.135
2019-10-29 08:00:00,2.149
2019-10-29 09:00:00,2.1
2019-10-29 10:00:00,2.1189999999999998
2019-10-29 11:00:00,2.307
2019-10-29 12:00:00,2.327
2019-10-29 13:00:00,2.216
2019-10-29 14:00:00,2.141
2019-10-29 15:00:00,2.202
2019-10-29 16:00:00,2.209
2019-10-29 17:00:00,2.413
2019-10-29 18:00:00,2.77
2019-10-29 19:00:00,2.785
2019-10-29 20:00:00,2.641
2019-10-29 21:00:00,2.433
2019-10-29 22:00:00,2.301
2019-10-29 23:00:00,2.319
2019-10-30 00:00:00,2.323
2019-10-30 01:00:00,2.213
2019-10-30 02:00:00,2.064
2019-10-30 03:00:00,1.962
2019-10-30 04:00:00,1.853
2019-10-30 05:00:00,1.701
2019-10-30 06:00:00,1.559
2019-10-30 07:00:00,1.433
2019-10-30 08:00:00,1.321
2019-10-30 09:00:00,1.164
2019-10-30 10:00:00,1.017
2019-10-30 11:00:00,0.998
2019-10-30 12:00:00,1.0499999999999998
2019-10-30 13:00:00,1.0839999999999999
2019-10-30 14:00:00,1.116
2019-10-30 15:00:00,1.159
2019-10-30 16:00:00,1.29
2019-10-30 17:00:00,1.777
2019-10-30 18:00:00,2.254
2019-10-30 19:00:00,2.321
2019-10-30 20:00:00,2.29
2019-10-30 21:00:00,2.249
2019-10-30 22:00:00,2.209
2019-10-30 23:00:00,2.142
2019-10-31 00:00:00,1.9949999999999999
2019-10-31 01:00:00,1.965
2019-10-31 02:00:00,1.979
2019-10-31 03:00:00,2.034
2019-10-31 04:00:00,2.095
2019-10-31 05:00:00,2.181
2019-10-31 06:00:00,2.231
2019-10-31 07:00:00,2.269
2019-10-31 08:00:00,2.1350000000000002
2019-10-31 09:00:00,1.728
2019-10-31 10:00:00,1.778
2019-10-31 11:00:00,1.922
2019-10-31 12:00:00,2.011
2019-10-31 13:00:00,2.034
2019-10-31 14:00:00,1.951
2019-10-31 15:00:00,1.798
2019-10-31 16:00:00,1.459
2019-10-31 17:00:00,1.34
2019-10-31 18:00:00,1.4540000000000002
2019-10-31 19:00:00,1.468
2019-10-31 20:00:00,1.566
2019-10-31 21:00:00,1.692
2019-10-31 22:00:00,1.884
2019-10-31 23:00:00,2.149
2019-11-01 00:00:00,2.328
2019-11-01 01:00:00,2.4250000000000003
2019-11-01 02:00:00,2.511
2019-11-01 03:00:00,2.683
2019-11-01 04:00:00,3.068
2019-11-01 05:00:00,3.337
2019-11-01 06:00:00,3.586
2019-11-01 07:00:00,3.8539999999999996
2019-11-01 08:00:00,4.066
2019-11-01 09:00:00,4.12
2019-11-01 10:00:00,4.1
2019-11-01 11:00:00,4.272
2019-11-01 12:00:00,4.716
2019-11-01 13:00:00,4.963
2019-11-01 14:00:00,4.796
2019-11-01 15:00:00,4.661
2019-11-01 16:00:00,5.061
2019-11-01 17:00:00,5.614
2019-11-01 18:00:00,5.926
2019-11-01 19:00:00,6.0809999999999995
2019-11-01 20:00:00,6.237
2019-11-01 21:00:00,6.313
2019-11-01 22:00:00,6.492
2019-11-01 23:00:00,6.689
2019-11-02 00:00:00,6.609999999999999
2019-11-02 01:00:00,6.529999999999999
2019-11-02 02:00:00,6.713
2019-11-02 03:00:00,6.726999999999999
2019-11-02 04:00:00,6.851
2019-11-02 05:00:00,6.9270000000000005
2019-11-02 06:00:00,6.956
2019-11-02 07:00:00,6.9079999999999995
2019-11-02 08:00:00,6.694
2019-11-02 09:00:00,6.593
2019-11-02 10:00:00,6.899
2019-11-02 11:00:00,7.495
2019-11-02 12:00:00,7.746
2019-11-02 13:00:00,7.651
2019-11-02 14:00:00,7.404
2019-11-02 15:00:00,6.832
2019-11-02 16:00:00,6.4239999999999995
2019-11-02 17:00:00,6.345
2019-11-02 18:00:00,6.244
2019-11-02 19:00:00,6.195
2019-11-02 20:00:00,6.267
2019-11-02 21:00:00,6.0889999999999995
2019-11-02 22:00:00,5.833
2019-11-02 23:00:00,5.794
2019-11-03 00:00:00,5.945
2019-11-03 01:00:00,6.265
2019-11-03 02:00:00,6.409
2019-11-03 03:00:00,6.441
2019-11-03 04:00:00,6.245
2019-11-03 05:00:00,6.352
2019-11-03 06:00:00,7.066
2019-11-03 07:00:00,7.799
2019-11-03 08:00:00,7.8260000000000005
2019-11-03 09:00:00,7.542
2019-11-03 10:00:00,7.413
2019-11-03 11:00:00,7.765
2019-11-03 12:00:00,8.085
2019-11-03 13:00:00,8.247
2019-11-03 14:00:00,8.214
2019-11-03 15:00:00,7.9030000000000005
2019-11-03 16:00:00,7.659
2019-11-03 17:00:00,7.783
2019-11-03 18:00:00,7.749
2019-11-03 19:00:00,7.405
2019-11-03 20:00:00,7.243
2019-11-03 21:00:00,7.291
2019-11-03 22:00:00,7.316
2019-11-03 23:00:00,7.321
2019-11-04 00:00:00,7.253
2019-11-04 01:00:00,7.277
2019-11-04 02:00:00,7.401
2019-11-04 03:00:00,7.321
2019-11-04 04:00:00,7.23
2019-11-04 05:00:00,6.813
2019-11-04 06:00:00,6.668
2019-11-04 07:00:00,6.77
2019-11-04 08:00:00,6.844
2019-11-04 09:00:00,6.601
2019-11-04 10:00:00,7.082
2019-11-04 11:00:00,7.907
2019-11-04 12:00:00,8.567
2019-11-04 13:00:00,8.6
2019-11-04 14:00:00,8.171
2019-11-04 15:00:00,7.514
2019-11-04 16:00:00,6.962
2019-11-04 17:00:00,6.81
2019-11-04 18:00:00,6.746
2019-11-04 19:00:00,6.529
2019-11-04 20:00:00,6.258
2019-11-04 21:00:00,6.0760000000000005
2019-11-04 22:00:00,6.036
2019-11-04 23:00:00,5.857
2019-11-05 00:00:00,5.572
2019-11-05 01:00:00,5.277
2019-11-05 02:00:00,4.969
2019-11-05 03:00:00,4.694
2019-11-05 04:00:00,4.45
2019-11-05 05:00:00,4.221
2019-11-05 06:00:00,4.147
2019-11-05 07:00:00,4.0680000000000005
2019-11-05 08:00:00,3.826
2019-11-05 09:00:00,3.4379999999999997
2019-11-05 10:00:00,3.382
2019-11-05 11:00:00,3.514
2019-11-05 12:00:00,3.776
2019-11-05 13:00:00,3.8129999999999997
2019-11-05 14:00:00,3.654
2019-11-05 15:00:00,3.507
2019-11-05 16:00:00,3.425
2019-11-05 17:00:00,3.573
2019-11-05 18:00:00,3.7560000000000002
2019-11-05 19:00:00,3.72
2019-11-05 20:00:00,3.634
2019-11-05 21:00:00,3.552
2019-11-05 22:00:00,3.521
2019-11-05 23:00:00,3.582
2019-11-06 00:00:00,3.648
2019-11-06 01:00:00,3.523
2019-11-06 02:00:00,3.464
2019-11-06 03:00:00,3.3609999999999998
2019-11-06 04:00:00,3.17
2019-11-06 05:00:00,3.059
2019-11-06 06:00:00,2.985
2019-11-06 07:00:00,2.923
2019-11-06 08:00:00,2.786
2019-11-06 09:00:00,2.448
2019-11-06 10:00:00,2.4779999999999998
2019-11-06 11:00:00,2.738
2019-11-06 12:00:00,2.958
2019-11-06 13:00:00,3.135
2019-11-06 14:00:00,3.133
2019-11-06 15:00:00,2.939
2019-11-06 16:00:00,2.688
2019-11-06 17:00:00,2.926
2019-11-06 18:00:00,3.239
2019-11-06 19:00:00,3.386
2019-11-06 20:00:00,3.541
2019-11-06 21:00:00,3.88
2019-11-06 22:00:00,4.265
2019-11-06 23:00:00,4.508
2019-11-07 00:00:00,4.644
2019-11-07 01:00:00,5.329
2019-11-07 02:00:00,5.655
2019-11-07 03:00:00,5.841
2019-11-07 04:00:00,5.84
2019-11-07 05:00:00,5.576
2019-11-07 06:00:00,5.32
2019-11-07 07:00:00,5.261
2019-11-07 08:00:00,4.8999999999999995
2019-11-07 09:00:00,4.5520000000000005
2019-11-07 10:00:00,4.415
2019-11-07 11:00:00,4.905
2019-11-07 12:00:00,5.425
2019-11-07 13:00:00,5.317
2019-11-07 14:00:00,4.914
2019-11-07 15:00:00,4.332
2019-11-07 16:00:00,3.618
2019-11-07 17:00:00,3.49
2019-11-07 18:00:00,3.629
2019-11-07 19:00:00,3.734
2019-11-07 20:00:00,3.773
2019-11-07 21:00:00,3.69
2019-11-07 22:00:00,3.488
2019-11-07 23:00:00,3.2640000000000002
2019-11-08 00:00:00,2.914
2019-11-08 01:00:00,2.653
2019-11-08 02:00:00,2.52
2019-11-08 03:00:00,2.616
2019-11-08 04:00:00,2.733
2019-11-08 05:00:00,2.747
2019-11-08 06:00:00,2.728
2019-11-08 07:00:00,2.737
2019-11-08 08:00:00,2.757
2019-11-08 09:00:00,2.597
2019-11-08 10:00:00,2.54
2019-11-08 11:00:00,2.677
2019-11-08 12:00:00,2.966
2019-11-08 13:00:00,3.0469999999999997
2019-11-08 14:00:00,3.041
2019-11-08 15:00:00,2.781
2019-11-08 16:00:00,2.399
2019-11-08 17:00:00,2.334
2019-11-08 18:00:00,2.566
2019-11-08 19:00:00,2.8049999999999997
2019-11-08 20:00:00,2.894
2019-11-08 21:00:00,2.792
2019-11-08 22:00:00,2.648
2019-11-08 23:00:00,2.46
2019-11-09 00:00:00,2.318
2019-11-09 01:00:00,2.291
2019-11-09 02:00:00,2.2560000000000002
2019-11-09 03:00:00,2.216
2019-11-09 04:00:00,2.157
2019-11-09 05:00:00,2.1159999999999997
2019-11-09 06:00:00,2.101
2019-11-09 07:00:00,2.162
2019-11-09 08:00:00,2.241
2019-11-09 09:00:00,2.118
2019-11-09 10:00:00,2.1630000000000003
2019-11-09 11:00:00,2.6109999999999998
2019-11-09 12:00:00,3.142
2019-11-09 13:00:00,3.49
2019-11-09 14:00:00,3.629
2019-11-09 15:00:00,3.371
2019-11-09 16:00:00,3.004
2019-11-09 17:00:00,3.457
2019-11-09 18:00:00,3.987
2019-11-09 19:00:00,4.276
2019-11-09 20:00:00,4.402
2019-11-09 21:00:00,4.398
2019-11-09 22:00:00,4.229
2019-11-09 23:00:00,4.054
2019-11-10 00:00:00,3.851
2019-11-10 01:00:00,3.668
2019-11-10 02:00:00,3.626
2019-11-10 03:00:00,3.4859999999999998
2019-11-10 04:00:00,3.141
2019-11-10 05:00:00,2.833
2019-11-10 06:00:00,2.596
2019-11-10 07:00:00,2.362
2019-11-10 08:00:00,2.17
2019-11-10 09:00:00,1.792
2019-11-10 10:00:00,1.564
2019-11-10 11:00:00,1.564
2019-11-10 12:00:00,1.57
2019-11-10 13:00:00,1.535
2019-11-10 14:00:00,1.557
2019-11-10 15:00:00,1.664
2019-11-10 16:00:00,1.806
2019-11-10 17:00:00,2.103
2019-11-10 18:00:00,2.262
2019-11-10 19:00:00,2.423
2019-11-10 20:00:00,2.668
2019-11-10 21:00:00,2.876
2019-11-10 22:00:00,3.308
2019-11-10 23:00:00,3.444
2019-11-11 00:00:00,3.485
2019-11-11 01:00:00,3.245
2019-11-11 02:00:00,3.019
2019-11-11 03:00:00,2.9080000000000004
2019-11-11 04:00:00,2.935
2019-11-11 05:00:00,3.072
2019-11-11 06:00:00,3.237
2019-11-11 07:00:00,3.45
2019-11-11 08:00:00,3.53
2019-11-11 09:00:00,3.8600000000000003
2019-11-11 10:00:00,4.133
2019-11-11 11:00:00,4.464
2019-11-11 12:00:00,4.697
2019-11-11 13:00:00,4.5120000000000005
2019-11-11 14:00:00,4.483
2019-11-11 15:00:00,4.484999999999999
2019-11-11 16:00:00,4.47
2019-11-11 17:00:00,4.658
2019-11-11 18:00:00,4.849
2019-11-11 19:00:00,4.867
2019-11-11 20:00:00,4.96
2019-11-11 21:00:00,4.78
2019-11-11 22:00:00,4.527
2019-11-11 23:00:00,4.541
2019-11-12 00:00:00,4.465
2019-11-12 01:00:00,4.371
2019-11-12 02:00:00,4.515
2019-11-12 03:00:00,4.532
2019-11-12 04:00:00,4.5440000000000005
2019-11-12 05:00:00,4.542
2019-11-12 06:00:00,4.538
2019-11-12 07:00:00,4.516
2019-11-12 08:00:00,4.537
2019-11-12 09:00:00,4.283
2019-11-12 10:00:00,4.184
2019-11-12 11:00:00,4.603
2019-11-12 12:00:00,5.465
2019-11-12 13:00:00,6.0
2019-11-12 14:00:00,5.9190000000000005
2019-11-12 15:00:00,5.233
2019-11-12 16:00:00,4.721
2019-11-12 17:00:00,4.9190000000000005
2019-11-12 18:00:00,4.983
2019-11-12 19:00:00,4.774
2019-11-12 20:00:00,4.448
2019-11-12 21:00:00,4.105
2019-11-12 22:00:00,3.844
2019-11-12 23:00:00,3.642
2019-11-13 00:00:00,3.513
2019-11-13 01:00:00,3.5140000000000002
2019-11-13 02:00:00,3.54
2019-11-13 03:00:00,3.521
2019-11-13 04:00:00,3.372
2019-11-13 05:00:00,3.3040000000000003
2019-11-13 06:00:00,3.289
2019-11-13 07:00:00,3.315
2019-11-13 08:00:00,3.2030000000000003
2019-11-13 09:00:00,2.848
2019-11-13 10:00:00,2.552
2019-11-13 11:00:00,2.724
2019-11-13 12:00:00,3.027
2019-11-13 13:00:00,3.314
2019-11-13 14:00:00,3.629
2019-11-13 15:00:00,3.7199999999999998
2019-11-13 16:00:00,3.784
2019-11-13 17:00:00,4.259
2019-11-13 18:00:00,4.5280000000000005
2019-11-13 19:00:00,4.675
2019-11-13 20:00:00,4.817
2019-11-13 21:00:00,4.829
2019-11-13 22:00:00,4.786
2019-11-13 23:00:00,4.704
2019-11-14 00:00:00,4.633
2019-11-14 01:00:00,4.422
2019-11-14 02:00:00,4.157
2019-11-14 03:00:00,3.618
2019-11-14 04:00:00,3.23
2019-11-14 05:00:00,3.045
2019-11-14 06:00:00,2.921
2019-11-14 07:00:00,2.98
2019-11-14 08:00:00,2.856
2019-11-14 09:00:00,2.593
2019-11-14 10:00:00,2.458
2019-11-14 11:00:00,2.375
2019-11-14 12:00:00,2.213
2019-11-14 13:00:00,2.044
2019-11-14 14:00:00,1.9740000000000002
2019-11-14 15:00:00,2.078
2019-11-14 16:00:00,2.2649999999999997
2019-11-14 17:00:00,2.5789999999999997
2019-11-14 18:00:00,2.685
2019-11-14 19:00:00,2.7190000000000003
2019-11-14 20:00:00,2.859
2019-11-14 21:00:00,2.972
2019-11-14 22:00:00,3.042
2019-11-14 23:00:00,2.9939999999999998
2019-11-15 00:00:00,2.815
2019-11-15 01:00:00,2.577
2019-11-15 02:00:00,2.311
2019-11-15 03:00:00,2.15
2019-11-15 04:00:00,1.944
2019-11-15 05:00:00,1.786
2019-11-15 06:00:00,1.69
2019-11-15 07:00:00,1.729
2019-11-15 08:00:00,1.81
2019-11-15 09:00:00,1.7650000000000001
2019-11-15 10:00:00,1.794
2019-11-15 11:00:00,1.745
2019-11-15 12:00:00,1.655
2019-11-15 13:00:00,1.694
2019-11-15 14:00:00,1.81
2019-11-15 15:00:00,1.942
2019-11-15 16:00:00,2.019
2019-11-15 17:00:00,2.213
2019-11-15 18:00:00,2.424
2019-11-15 19:00:00,2.5260000000000002
2019-11-15 20:00:00,2.678
2019-11-15 21:00:00,2.826
2019-11-15 22:00:00,2.931
2019-11-15 23:00:00,2.94
2019-11-16 00:00:00,2.931
2019-11-16 01:00:00,2.777
2019-11-16 02:00:00,2.618
2019-11-16 03:00:00,2.458
2019-11-16 04:00:00,2.395
2019-11-16 05:00:00,2.375
2019-11-16 06:00:00,2.332
2019-11-16 07:00:00,2.289
2019-11-16 08:00:00,2.231
2019-11-16 09:00:00,1.969
2019-11-16 10:00:00,1.659
2019-11-16 11:00:00,1.613
2019-11-16 12:00:00,1.709
2019-11-16 13:00:00,1.803
2019-11-16 14:00:00,1.859
2019-11-16 15:00:00,1.77
2019-11-16 16:00:00,1.786
2019-11-16 17:00:00,2.004
2019-11-16 18:00:00,2.011
2019-11-16 19:00:00,1.891
2019-11-16 20:00:00,1.906
2019-11-16 21:00:00,1.953
2019-11-16 22:00:00,1.905
2019-11-16 23:00:00,1.861
2019-11-17 00:00:00,1.823
2019-11-17 01:00:00,1.805
2019-11-17 02:00:00,1.7890000000000001
2019-11-17 03:00:00,1.744
2019-11-17 04:00:00,1.707
2019-11-17 05:00:00,1.743
2019-11-17 06:00:00,1.801
2019-11-17 07:00:00,1.759
2019-11-17 08:00:00,1.7750000000000001
2019-11-17 09:00:00,1.841
2019-11-17 10:00:00,1.8330000000000002
2019-11-17 11:00:00,1.843
2019-11-17 12:00:00,1.9060000000000001
2019-11-17 13:00:00,2.031
2019-11-17 14:00:00,2.049
2019-11-17 15:00:00,1.9180000000000001
2019-11-17 16:00:00,1.944
2019-11-17 17:00:00,2.215
2019-11-17 18:00:00,2.45
2019-11-17 19:00:00,2.547
2019-11-17 20:00:00,2.519
2019-11-17 21:00:00,2.399
2019-11-17 22:00:00,2.298
2019-11-17 23:00:00,2.157
2019-11-18 00:00:00,2.036
2019-11-18 01:00:00,1.877
2019-11-18 02:00:00,1.746
2019-11-18 03:00:00,1.738
2019-11-18 04:00:00,1.714
2019-11-18 05:00:00,1.6320000000000001
2019-11-18 06:00:00,1.56
2019-11-18 07:00:00,1.5710000000000002
2019-11-18 08:00:00,1.726
2019-11-18 09:00:00,1.849
2019-11-18 10:00:00,1.8499999999999999
2019-11-18 11:00:00,2.041
2019-11-18 12:00:00,2.349
2019-11-18 13:00:00,2.578
2019-11-18 14:00:00,2.658
2019-11-18 15:00:00,2.785
2019-11-18 16:00:00,3.067
2019-11-18 17:00:00,3.45
2019-11-18 18:00:00,3.638
2019-11-18 19:00:00,3.546
2019-11-18 20:00:00,3.396
2019-11-18 21:00:00,3.252
2019-11-18 22:00:00,3.167
2019-11-18 23:00:00,3.0789999999999997
2019-11-19 00:00:00,2.999
2019-11-19 01:00:00,2.8089999999999997
2019-11-19 02:00:00,2.5860000000000003
2019-11-19 03:00:00,2.365
2019-11-19 04:00:00,2.248
2019-11-19 05:00:00,2.18
2019-11-19 06:00:00,2.154
2019-11-19 07:00:00,2.165
2019-11-19 08:00:00,2.081
2019-11-19 09:00:00,1.7810000000000001
2019-11-19 10:00:00,1.536
2019-11-19 11:00:00,1.464
2019-11-19 12:00:00,1.481
2019-11-19 13:00:00,1.48
2019-11-19 14:00:00,1.442
2019-11-19 15:00:00,1.357
2019-11-19 16:00:00,1.542
2019-11-19 17:00:00,2.085
2019-11-19 18:00:00,2.532
2019-11-19 19:00:00,2.684
2019-11-19 20:00:00,2.667
2019-11-19 21:00:00,2.674
2019-11-19 22:00:00,2.595
2019-11-19 23:00:00,2.547
2019-11-20 00:00:00,2.487
2019-11-20 01:00:00,2.426
2019-11-20 02:00:00,2.4130000000000003
2019-11-20 03:00:00,2.441
2019-11-20 04:00:00,2.492
2019-11-20 05:00:00,2.5180000000000002
2019-11-20 06:00:00,2.441
2019-11-20 07:00:00,2.234
2019-11-20 08:00:00,2.073
2019-11-20 09:00:00,1.82
2019-11-20 10:00:00,1.695
2019-11-20 11:00:00,1.877
2019-11-20 12:00:00,2.036
2019-11-20 13:00:00,2.099
2019-11-20 14:00:00,2.124
2019-11-20 15:00:00,2.115
2019-11-20 16:00:00,2.274
2019-11-20 17:00:00,3.238
2019-11-20 18:00:00,3.85
2019-11-20 19:00:00,3.905
2019-11-20 20:00:00,3.687
2019-11-20 21:00:00,3.347
2019-11-20 22:00:00,3.042
2019-11-20 23:00:00,2.802
2019-11-21 00:00:00,2.686
2019-11-21 01:00:00,2.687
2019-11-21 02:00:00,2.651
2019-11-21 03:00:00,2.63
2019-11-21 04:00:00,2.559
2019-11-21 05:00:00,2.452
2019-11-21 06:00:00,2.4059999999999997
2019-11-21 07:00:00,2.3890000000000002
2019-11-21 08:00:00,2.488
2019-11-21 09:00:00,2.557
2019-11-21 10:00:00,2.523
2019-11-21 11:00:00,2.576
2019-11-21 12:00:00,2.643
2019-11-21 13:00:00,2.686
2019-11-21 14:00:00,2.717
2019-11-21 15:00:00,2.693
2019-11-21 16:00:00,2.99
2019-11-21 17:00:00,3.5060000000000002
2019-11-21 18:00:00,3.6870000000000003
2019-11-21 19:00:00,3.77
2019-11-21 20:00:00,3.871
2019-11-21 21:00:00,3.954
2019-11-21 22:00:00,4.037
2019-11-21 23:00:00,4.066
2019-11-22 00:00:00,4.018
2019-11-22 01:00:00,3.968
2019-11-22 02:00:00,3.9619999999999997
2019-11-22 03:00:00,3.996
2019-11-22 04:00:00,3.999
2019-11-22 05:00:00,3.887
2019-11-22 06:00:00,3.975
2019-11-22 07:00:00,4.018
2019-11-22 08:00:00,4.137
2019-11-22 09:00:00,4.367
2019-11-22 10:00:00,4.799
2019-11-22 11:00:00,5.438
2019-11-22 12:00:00,6.0280000000000005
2019-11-22 13:00:00,6.499
2019-11-22 14:00:00,6.839
2019-11-22 15:00:00,6.9799999999999995
2019-11-22 16:00:00,7.509
2019-11-22 17:00:00,7.86
2019-11-22 18:00:00,7.943
2019-11-22 19:00:00,8.011
2019-11-22 20:00:00,8.177
2019-11-22 21:00:00,8.192
2019-11-22 22:00:00,8.144
2019-11-22 23:00:00,7.88
2019-11-23 00:00:00,7.493
2019-11-23 01:00:00,7.147
2019-11-23 02:00:00,6.789
2019-11-23 03:00:00,6.399
2019-11-23 04:00:00,6.0120000000000005
2019-11-23 05:00:00,5.766
2019-11-23 06:00:00,5.454000000000001
2019-11-23 07:00:00,5.205
2019-11-23 08:00:00,4.851
2019-11-23 09:00:00,4.036
2019-11-23 10:00:00,3.528
2019-11-23 11:00:00,3.2939999999999996
2019-11-23 12:00:00,3.17
2019-11-23 13:00:00,3.12
2019-11-23 14:00:00,3.216
2019-11-23 15:00:00,3.443
2019-11-23 16:00:00,3.92
2019-11-23 17:00:00,4.088
2019-11-23 18:00:00,3.906
2019-11-23 19:00:00,3.706
2019-11-23 20:00:00,3.5020000000000002
2019-11-23 21:00:00,3.279
2019-11-23 22:00:00,3.015
2019-11-23 23:00:00,2.738
2019-11-24 00:00:00,2.487
2019-11-24 01:00:00,2.299
2019-11-24 02:00:00,2.144
2019-11-24 03:00:00,2.025
2019-11-24 04:00:00,1.955
2019-11-24 05:00:00,1.879
2019-11-24 06:00:00,1.831
2019-11-24 07:00:00,1.871
2019-11-24 08:00:00,1.929
2019-11-24 09:00:00,1.831
2019-11-24 10:00:00,1.61
2019-11-24 11:00:00,1.504
2019-11-24 12:00:00,1.657
2019-11-24 13:00:00,1.703
2019-11-24 14:00:00,1.646
2019-11-24 15:00:00,1.612
2019-11-24 16:00:00,1.826
2019-11-24 17:00:00,2.324
2019-11-24 18:00:00,2.695
2019-11-24 19:00:00,2.876
2019-11-24 20:00:00,2.98
2019-11-24 21:00:00,3.0780000000000003
2019-11-24 22:00:00,3.298
2019-11-24 23:00:00,3.471
2019-11-25 00:00:00,3.383
2019-11-25 01:00:00,3.4610000000000003
2019-11-25 02:00:00,3.549
2019-11-25 03:00:00,3.649
2019-11-25 04:00:00,3.653
2019-11-25 05:00:00,3.64
2019-11-25 06:00:00,3.564
2019-11-25 07:00:00,3.382
2019-11-25 08:00:00,3.1590000000000003
2019-11-25 09:00:00,2.786
2019-11-25 10:00:00,2.4699999999999998
2019-11-25 11:00:00,2.509
2019-11-25 12:00:00,2.846
2019-11-25 13:00:00,2.955
2019-11-25 14:00:00,2.8209999999999997
2019-11-25 15:00:00,2.656
2019-11-25 16:00:00,2.846
2019-11-25 17:00:00,3.134
2019-11-25 18:00:00,3.245
2019-11-25 19:00:00,3.238
2019-11-25 20:00:00,3.232
2019-11-25 21:00:00,3.06
2019-11-25 22:00:00,2.976
2019-11-25 23:00:00,2.964
2019-11-26 00:00:00,2.94
2019-11-26 01:00:00,3.0
2019-11-26 02:00:00,3.125
2019-11-26 03:00:00,3.301
2019-11-26 04:00:00,3.501
2019-11-26 05:00:00,3.801
2019-11-26 06:00:00,4.2379999999999995
2019-11-26 07:00:00,4.629
2019-11-26 08:00:00,4.902
2019-11-26 09:00:00,4.732
2019-11-26 10:00:00,4.566
2019-11-26 11:00:00,4.596
2019-11-26 12:00:00,4.759
2019-11-26 13:00:00,4.815
2019-11-26 14:00:00,4.75
2019-11-26 15:00:00,4.537
2019-11-26 16:00:00,4.712
2019-11-26 17:00:00,4.978
2019-11-26 18:00:00,4.924
2019-11-26 19:00:00,4.979
2019-11-26 20:00:00,5.444
2019-11-26 21:00:00,5.805
2019-11-26 22:00:00,6.208
2019-11-26 23:00:00,6.474
2019-11-27 00:00:00,6.665
2019-11-27 01:00:00,7.334
2019-11-27 02:00:00,7.639
2019-11-27 03:00:00,8.086
2019-11-27 04:00:00,8.541
2019-11-27 05:00:00,8.384
2019-11-27 06:00:00,7.747
2019-11-27 07:00:00,7.522
2019-11-27 08:00:00,7.754
2019-11-27 09:00:00,7.874
2019-11-27 10:00:00,7.983
2019-11-27 11:00:00,8.43
2019-11-27 12:00:00,9.145
2019-11-27 13:00:00,9.411
2019-11-27 14:00:00,9.138
2019-11-27 15:00:00,8.767
2019-11-27 16:00:00,8.58
2019-11-27 17:00:00,8.561
2019-11-27 18:00:00,8.514
2019-11-27 19:00:00,8.414
2019-11-27 20:00:00,8.254
2019-11-27 21:00:00,7.975
2019-11-27 22:00:00,7.607
2019-11-27 23:00:00,7.385
2019-11-28 00:00:00,7.179
2019-11-28 01:00:00,6.934
2019-11-28 02:00:00,6.763
2019-11-28 03:00:00,6.721
2019-11-28 04:00:00,6.69
2019-11-28 05:00:00,6.768
2019-11-28 06:00:00,6.904
2019-11-28 07:00:00,6.912
2019-11-28 08:00:00,6.696000000000001
2019-11-28 09:00:00,6.277
2019-11-28 10:00:00,5.9319999999999995
2019-11-28 11:00:00,6.576
2019-11-28 12:00:00,7.3389999999999995
2019-11-28 13:00:00,7.489
2019-11-28 14:00:00,7.152
2019-11-28 15:00:00,6.519
2019-11-28 16:00:00,6.256
2019-11-28 17:00:00,6.088
2019-11-28 18:00:00,5.74
2019-11-28 19:00:00,5.394
2019-11-28 20:00:00,5.163
2019-11-28 21:00:00,4.984
2019-11-28 22:00:00,4.805
2019-11-28 23:00:00,4.492
2019-11-29 00:00:00,4.144
2019-11-29 01:00:00,3.835
2019-11-29 02:00:00,3.593
2019-11-29 03:00:00,3.482
2019-11-29 04:00:00,3.554
2019-11-29 05:00:00,3.565
2019-11-29 06:00:00,3.57
2019-11-29 07:00:00,3.63
2019-11-29 08:00:00,3.5949999999999998
2019-11-29 09:00:00,3.222
2019-11-29 10:00:00,2.802
2019-11-29 11:00:00,2.993
2019-11-29 12:00:00,3.108
2019-11-29 13:00:00,2.972
2019-11-29 14:00:00,2.8259999999999996
2019-11-29 15:00:00,2.539
2019-11-29 16:00:00,2.371
2019-11-29 17:00:00,2.403
2019-11-29 18:00:00,2.315
2019-11-29 19:00:00,2.166
2019-11-29 20:00:00,2.0460000000000003
2019-11-29 21:00:00,1.98
2019-11-29 22:00:00,2.044
2019-11-29 23:00:00,2.251
2019-11-30 00:00:00,2.468
2019-11-30 01:00:00,2.607
2019-11-30 02:00:00,2.62
2019-11-30 03:00:00,2.683
2019-11-30 04:00:00,2.7809999999999997
2019-11-30 05:00:00,2.939
2019-11-30 06:00:00,2.9290000000000003
2019-11-30 07:00:00,2.919
2019-11-30 08:00:00,2.91
2019-11-30 09:00:00,2.8649999999999998
2019-11-30 10:00:00,2.94
2019-11-30 11:00:00,3.108
2019-11-30 12:00:00,3.1229999999999998
2019-11-30 13:00:00,3.071
2019-11-30 14:00:00,3.082
2019-11-30 15:00:00,3.09
2019-11-30 16:00:00,3.3480000000000003
2019-11-30 17:00:00,3.6590000000000003
2019-11-30 18:00:00,3.6109999999999998
2019-11-30 19:00:00,3.479
2019-11-30 20:00:00,3.505
2019-11-30 21:00:00,3.535
2019-11-30 22:00:00,3.304
2019-11-30 23:00:00,3.17
2019-12-01 00:00:00,2.993
2019-12-01 01:00:00,2.761
2019-12-01 02:00:00,2.573
2019-12-01 03:00:00,2.508
2019-12-01 04:00:00,2.523
2019-12-01 05:00:00,2.54
2019-12-01 06:00:00,2.455
2019-12-01 07:00:00,2.365
2019-12-01 08:00:00,2.287
2019-12-01 09:00:00,2.216
2019-12-01 10:00:00,2.158
2019-12-01 11:00:00,2.143
2019-12-01 12:00:00,2.206
2019-12-01 13:00:00,2.226
2019-12-01 14:00:00,2.245
2019-12-01 15:00:00,2.2520000000000002
2019-12-01 16:00:00,2.295
2019-12-01 17:00:00,2.656
2019-12-01 18:00:00,2.985
2019-12-01 19:00:00,3.125
2019-12-01 20:00:00,3.093
2019-12-01 21:00:00,3.073
2019-12-01 22:00:00,3.1430000000000002
2019-12-01 23:00:00,3.179
2019-12-02 00:00:00,3.124
2019-12-02 01:00:00,2.991
2019-12-02 02:00:00,2.9339999999999997
2019-12-02 03:00:00,2.9
2019-12-02 04:00:00,2.823
2019-12-02 05:00:00,2.749
2019-12-02 06:00:00,2.774
2019-12-02 07:00:00,2.589
2019-12-02 08:00:00,2.495
2019-12-02 09:00:00,2.491
2019-12-02 10:00:00,2.412
2019-12-02 11:00:00,2.633
2019-12-02 12:00:00,2.94
2019-12-02 13:00:00,3.219
2019-12-02 14:00:00,3.409
2019-12-02 15:00:00,3.455
2019-12-02 16:00:00,3.465
2019-12-02 17:00:00,3.7590000000000003
2019-12-02 18:00:00,3.8289999999999997
2019-12-02 19:00:00,3.653
2019-12-02 20:00:00,3.299
2019-12-02 21:00:00,2.914
2019-12-02 22:00:00,2.544
2019-12-02 23:00:00,2.267
2019-12-03 00:00:00,1.9889999999999999
2019-12-03 01:00:00,1.804
2019-12-03 02:00:00,1.666
2019-12-03 03:00:00,1.534
2019-12-03 04:00:00,1.465
2019-12-03 05:00:00,1.482
2019-12-03 06:00:00,1.495
2019-12-03 07:00:00,1.5879999999999999
2019-12-03 08:00:00,1.687
2019-12-03 09:00:00,1.7169999999999999
2019-12-03 10:00:00,1.823
2019-12-03 11:00:00,1.911
2019-12-03 12:00:00,1.953
2019-12-03 13:00:00,2.057
2019-12-03 14:00:00,2.195
2019-12-03 15:00:00,2.255
2019-12-03 16:00:00,2.428
2019-12-03 17:00:00,3.029
2019-12-03 18:00:00,3.56
2019-12-03 19:00:00,3.8209999999999997
2019-12-03 20:00:00,3.772
2019-12-03 21:00:00,3.436
2019-12-03 22:00:00,3.1310000000000002
2019-12-03 23:00:00,3.039
2019-12-04 00:00:00,3.007
2019-12-04 01:00:00,2.948
2019-12-04 02:00:00,2.874
2019-12-04 03:00:00,2.822
2019-12-04 04:00:00,2.7270000000000003
2019-12-04 05:00:00,2.716
2019-12-04 06:00:00,2.696
2019-12-04 07:00:00,2.6959999999999997
2019-12-04 08:00:00,2.661
2019-12-04 09:00:00,2.512
2019-12-04 10:00:00,2.323
2019-12-04 11:00:00,2.166
2019-12-04 12:00:00,2.087
2019-12-04 13:00:00,2.0
2019-12-04 14:00:00,1.893
2019-12-04 15:00:00,1.8170000000000002
2019-12-04 16:00:00,1.947
2019-12-04 17:00:00,2.2800000000000002
2019-12-04 18:00:00,2.482
2019-12-04 19:00:00,2.591
2019-12-04 20:00:00,2.636
2019-12-04 21:00:00,2.588
2019-12-04 22:00:00,2.541
2019-12-04 23:00:00,2.441
2019-12-05 00:00:00,2.277
2019-12-05 01:00:00,2.148
2019-12-05 02:00:00,2.028
2019-12-05 03:00:00,1.875
2019-12-05 04:00:00,1.714
2019-12-05 05:00:00,1.5219999999999998
2019-12-05 06:00:00,1.3439999999999999
2019-12-05 07:00:00,1.199
2019-12-05 08:00:00,1.076
2019-12-05 09:00:00,1.002
2019-12-05 10:00:00,0.913
2019-12-05 11:00:00,0.893
2019-12-05 12:00:00,0.931
2019-12-05 13:00:00,0.907
2019-12-05 14:00:00,0.869
2019-12-05 15:00:00,0.877
2019-12-05 16:00:00,1.025
2019-12-05 17:00:00,1.25
2019-12-05 18:00:00,1.462
2019-12-05 19:00:00,1.688
2019-12-05 20:00:00,1.857
2019-12-05 21:00:00,2.0
2019-12-05 22:00:00,2.025
2019-12-05 23:00:00,2.036
2019-12-06 00:00:00,2.1470000000000002
2019-12-06 01:00:00,2.318
2019-12-06 02:00:00,2.553
2019-12-06 03:00:00,2.754
2019-12-06 04:00:00,2.959
2019-12-06 05:00:00,3.144
2019-12-06 06:00:00,3.3569999999999998
2019-12-06 07:00:00,3.573
2019-12-06 08:00:00,3.795
2019-12-06 09:00:00,3.705
2019-12-06 10:00:00,3.593
2019-12-06 11:00:00,3.699
2019-12-06 12:00:00,3.9459999999999997
2019-12-06 13:00:00,4.359
2019-12-06 14:00:00,4.7299999999999995
2019-12-06 15:00:00,4.955
2019-12-06 16:00:00,5.228
2019-12-06 17:00:00,5.398
2019-12-06 18:00:00,5.5649999999999995
2019-12-06 19:00:00,5.759
2019-12-06 20:00:00,5.708
2019-12-06 21:00:00,5.507
2019-12-06 22:00:00,5.291
2019-12-06 23:00:00,5.08
2019-12-07 00:00:00,4.854
2019-12-07 01:00:00,4.632
2019-12-07 02:00:00,4.349
2019-12-07 03:00:00,4.099
2019-12-07 04:00:00,3.823
2019-12-07 05:00:00,3.517
2019-12-07 06:00:00,3.371
2019-12-07 07:00:00,3.141
2019-12-07 08:00:00,2.979
2019-12-07 09:00:00,2.628
2019-12-07 10:00:00,2.1270000000000002
2019-12-07 11:00:00,1.781
2019-12-07 12:00:00,1.778
2019-12-07 13:00:00,1.843
2019-12-07 14:00:00,1.911
2019-12-07 15:00:00,2.06
2019-12-07 16:00:00,2.575
2019-12-07 17:00:00,3.239
2019-12-07 18:00:00,3.472
2019-12-07 19:00:00,3.4410000000000003
2019-12-07 20:00:00,3.499
2019-12-07 21:00:00,3.6750000000000003
2019-12-07 22:00:00,3.902
2019-12-07 23:00:00,4.336
2019-12-08 00:00:00,4.653
2019-12-08 01:00:00,5.036
2019-12-08 02:00:00,5.418
2019-12-08 03:00:00,5.76
2019-12-08 04:00:00,6.163
2019-12-08 05:00:00,6.238
2019-12-08 06:00:00,6.3260000000000005
2019-12-08 07:00:00,6.335
2019-12-08 08:00:00,6.257
2019-12-08 09:00:00,5.911
2019-12-08 10:00:00,5.739
2019-12-08 11:00:00,5.69
2019-12-08 12:00:00,5.781000000000001
2019-12-08 13:00:00,6.023000000000001
2019-12-08 14:00:00,6.286
2019-12-08 15:00:00,6.523
2019-12-08 16:00:00,6.984
2019-12-08 17:00:00,7.296
2019-12-08 18:00:00,7.539
2019-12-08 19:00:00,7.7219999999999995
2019-12-08 20:00:00,7.719
2019-12-08 21:00:00,7.671
2019-12-08 22:00:00,7.94
2019-12-08 23:00:00,8.272
2019-12-09 00:00:00,8.601
2019-12-09 01:00:00,9.07
2019-12-09 02:00:00,9.621
2019-12-09 03:00:00,9.983
2019-12-09 04:00:00,10.100999999999999
2019-12-09 05:00:00,10.087
2019-12-09 06:00:00,10.193999999999999
2019-12-09 07:00:00,10.242
2019-12-09 08:00:00,10.211
2019-12-09 09:00:00,10.148
2019-12-09 10:00:00,10.173
2019-12-09 11:00:00,10.453
2019-12-09 12:00:00,10.757
2019-12-09 13:00:00,10.822000000000001
2019-12-09 14:00:00,10.562
2019-12-09 15:00:00,10.136
2019-12-09 16:00:00,9.668
2019-12-09 17:00:00,9.347
2019-12-09 18:00:00,8.767
2019-12-09 19:00:00,7.958
2019-12-09 20:00:00,7.265
2019-12-09 21:00:00,6.719
2019-12-09 22:00:00,6.053
2019-12-09 23:00:00,5.232
2019-12-10 00:00:00,4.35
2019-12-10 01:00:00,3.484
2019-12-10 02:00:00,2.973
2019-12-10 03:00:00,2.804
2019-12-10 04:00:00,3.057
2019-12-10 05:00:00,3.419
2019-12-10 06:00:00,3.71
2019-12-10 07:00:00,3.8
2019-12-10 08:00:00,3.872
2019-12-10 09:00:00,3.995
2019-12-10 10:00:00,4.044
2019-12-10 11:00:00,4.303
2019-12-10 12:00:00,4.5969999999999995
2019-12-10 13:00:00,4.62
2019-12-10 14:00:00,4.743
2019-12-10 15:00:00,4.894
2019-12-10 16:00:00,5.209
2019-12-10 17:00:00,5.504
2019-12-10 18:00:00,5.585
2019-12-10 19:00:00,5.65
2019-12-10 20:00:00,5.6690000000000005
2019-12-10 21:00:00,5.765000000000001
2019-12-10 22:00:00,5.573
2019-12-10 23:00:00,5.207
2019-12-11 00:00:00,4.793
2019-12-11 01:00:00,4.327
2019-12-11 02:00:00,3.855
2019-12-11 03:00:00,3.395
2019-12-11 04:00:00,2.968
2019-12-11 05:00:00,2.6069999999999998
2019-12-11 06:00:00,2.4610000000000003
2019-12-11 07:00:00,2.471
2019-12-11 08:00:00,2.6470000000000002
2019-12-11 09:00:00,2.522
2019-12-11 10:00:00,2.41
2019-12-11 11:00:00,2.491
2019-12-11 12:00:00,3.2030000000000003
2019-12-11 13:00:00,4.215
2019-12-11 14:00:00,4.562
2019-12-11 15:00:00,4.542
2019-12-11 16:00:00,4.673
2019-12-11 17:00:00,4.867
2019-12-11 18:00:00,5.049
2019-12-11 19:00:00,5.259
2019-12-11 20:00:00,5.473
2019-12-11 21:00:00,5.862
2019-12-11 22:00:00,5.998
2019-12-11 23:00:00,5.799
2019-12-12 00:00:00,5.452
2019-12-12 01:00:00,5.233
2019-12-12 02:00:00,5.1370000000000005
2019-12-12 03:00:00,5.027
2019-12-12 04:00:00,4.819
2019-12-12 05:00:00,4.631
2019-12-12 06:00:00,4.59
2019-12-12 07:00:00,4.65
2019-12-12 08:00:00,5.008
2019-12-12 09:00:00,5.397
2019-12-12 10:00:00,5.712
2019-12-12 11:00:00,6.155
2019-12-12 12:00:00,6.708
2019-12-12 13:00:00,7.057
2019-12-12 14:00:00,7.083
2019-12-12 15:00:00,7.305
2019-12-12 16:00:00,7.7780000000000005
2019-12-12 17:00:00,7.994
2019-12-12 18:00:00,7.82
2019-12-12 19:00:00,7.695
2019-12-12 20:00:00,7.742
2019-12-12 21:00:00,7.893000000000001
2019-12-12 22:00:00,8.0
2019-12-12 23:00:00,8.016
2019-12-13 00:00:00,8.301
2019-12-13 01:00:00,8.744
2019-12-13 02:00:00,9.147
2019-12-13 03:00:00,9.716
2019-12-13 04:00:00,9.986
2019-12-13 05:00:00,10.219
2019-12-13 06:00:00,10.615
2019-12-13 07:00:00,10.754
2019-12-13 08:00:00,10.886
2019-12-13 09:00:00,10.95
2019-12-13 10:00:00,11.074
2019-12-13 11:00:00,11.275
2019-12-13 12:00:00,11.423
2019-12-13 13:00:00,11.442
2019-12-13 14:00:00,11.251
2019-12-13 15:00:00,10.863
2019-12-13 16:00:00,10.413
2019-12-13 17:00:00,9.979
2019-12-13 18:00:00,9.491999999999999
2019-12-13 19:00:00,9.166
2019-12-13 20:00:00,9.046
2019-12-13 21:00:00,8.686
2019-12-13 22:00:00,8.435
2019-12-13 23:00:00,8.965
2019-12-14 00:00:00,9.441
2019-12-14 01:00:00,9.926
2019-12-14 02:00:00,10.143
2019-12-14 03:00:00,10.568
2019-12-14 04:00:00,10.696
2019-12-14 05:00:00,10.68
2019-12-14 06:00:00,10.513
2019-12-14 07:00:00,9.975
2019-12-14 08:00:00,9.463
2019-12-14 09:00:00,8.844
2019-12-14 10:00:00,8.161
2019-12-14 11:00:00,7.944
2019-12-14 12:00:00,8.473
2019-12-14 13:00:00,8.516
2019-12-14 14:00:00,8.02
2019-12-14 15:00:00,7.32
2019-12-14 16:00:00,6.715
2019-12-14 17:00:00,6.106
2019-12-14 18:00:00,5.702
2019-12-14 19:00:00,5.409
2019-12-14 20:00:00,5.402
2019-12-14 21:00:00,5.678
2019-12-14 22:00:00,6.039
2019-12-14 23:00:00,6.684
2019-12-15 00:00:00,7.245
2019-12-15 01:00:00,7.792
2019-12-15 02:00:00,7.9190000000000005
2019-12-15 03:00:00,7.96
2019-12-15 04:00:00,7.613
2019-12-15 05:00:00,6.924
2019-12-15 06:00:00,6.245
2019-12-15 07:00:00,5.675
2019-12-15 08:00:00,5.345
2019-12-15 09:00:00,4.875
2019-12-15 10:00:00,4.111
2019-12-15 11:00:00,3.641
2019-12-15 12:00:00,4.065
2019-12-15 13:00:00,4.456
2019-12-15 14:00:00,4.276
2019-12-15 15:00:00,4.087
2019-12-15 16:00:00,4.183
2019-12-15 17:00:00,4.335
2019-12-15 18:00:00,4.473
2019-12-15 19:00:00,4.551
2019-12-15 20:00:00,4.565
2019-12-15 21:00:00,4.49
2019-12-15 22:00:00,4.476
2019-12-15 23:00:00,4.473
2019-12-16 00:00:00,4.519
2019-12-16 01:00:00,4.604
2019-12-16 02:00:00,4.609
2019-12-16 03:00:00,4.523
2019-12-16 04:00:00,4.434
2019-12-16 05:00:00,4.389
2019-12-16 06:00:00,4.369
2019-12-16 07:00:00,4.409
2019-12-16 08:00:00,4.499
2019-12-16 09:00:00,4.391
2019-12-16 10:00:00,4.166
2019-12-16 11:00:00,4.088
2019-12-16 12:00:00,4.115
2019-12-16 13:00:00,4.208
2019-12-16 14:00:00,4.448
2019-12-16 15:00:00,4.846
2019-12-16 16:00:00,5.465
2019-12-16 17:00:00,6.023
2019-12-16 18:00:00,6.361
2019-12-16 19:00:00,6.588
2019-12-16 20:00:00,6.62
2019-12-16 21:00:00,6.657
2019-12-16 22:00:00,6.693
2019-12-16 23:00:00,6.657
2019-12-17 00:00:00,6.809
2019-12-17 01:00:00,6.949
2019-12-17 02:00:00,7.059
2019-12-17 03:00:00,6.873
2019-12-17 04:00:00,6.66
2019-12-17 05:00:00,6.641
2019-12-17 06:00:00,6.758
2019-12-17 07:00:00,6.6370000000000005
2019-12-17 08:00:00,6.543
2019-12-17 09:00:00,6.027
2019-12-17 10:00:00,5.275
2019-12-17 11:00:00,4.983
2019-12-17 12:00:00,4.96
2019-12-17 13:00:00,4.79
2019-12-17 14:00:00,4.4190000000000005
2019-12-17 15:00:00,4.154
2019-12-17 16:00:00,4.145
2019-12-17 17:00:00,4.193
2019-12-17 18:00:00,4.206
2019-12-17 19:00:00,4.372
2019-12-17 20:00:00,4.4
2019-12-17 21:00:00,4.359
2019-12-17 22:00:00,4.2780000000000005
2019-12-17 23:00:00,4.138
2019-12-18 00:00:00,3.975
2019-12-18 01:00:00,3.71
2019-12-18 02:00:00,3.457
2019-12-18 03:00:00,3.2030000000000003
2019-12-18 04:00:00,3.129
2019-12-18 05:00:00,3.183
2019-12-18 06:00:00,3.1719999999999997
2019-12-18 07:00:00,3.042
2019-12-18 08:00:00,2.926
2019-12-18 09:00:00,3.067
2019-12-18 10:00:00,2.979
2019-12-18 11:00:00,3.03
2019-12-18 12:00:00,3.4459999999999997
2019-12-18 13:00:00,3.683
2019-12-18 14:00:00,3.893
2019-12-18 15:00:00,4.398
2019-12-18 16:00:00,5.387
2019-12-18 17:00:00,6.23
2019-12-18 18:00:00,6.673
2019-12-18 19:00:00,6.948
2019-12-18 20:00:00,6.964
2019-12-18 21:00:00,6.988
2019-12-18 22:00:00,6.975
2019-12-18 23:00:00,6.958
2019-12-19 00:00:00,6.708
2019-12-19 01:00:00,6.44
2019-12-19 02:00:00,6.43
2019-12-19 03:00:00,6.463
2019-12-19 04:00:00,6.522
2019-12-19 05:00:00,6.711
2019-12-19 06:00:00,6.8839999999999995
2019-12-19 07:00:00,6.945
2019-12-19 08:00:00,6.883
2019-12-19 09:00:00,6.608
2019-12-19 10:00:00,6.202
2019-12-19 11:00:00,6.442
2019-12-19 12:00:00,6.785
2019-12-19 13:00:00,7.138
2019-12-19 14:00:00,7.419
2019-12-19 15:00:00,7.566
2019-12-19 16:00:00,7.499
2019-12-19 17:00:00,7.546
2019-12-19 18:00:00,7.603
2019-12-19 19:00:00,7.558
2019-12-19 20:00:00,7.596
2019-12-19 21:00:00,7.771
2019-12-19 22:00:00,8.144
2019-12-19 23:00:00,8.657
2019-12-20 00:00:00,9.349
2019-12-20 01:00:00,9.724
2019-12-20 02:00:00,9.693
2019-12-20 03:00:00,9.341
2019-12-20 04:00:00,8.967
2019-12-20 05:00:00,8.772
2019-12-20 06:00:00,8.868
2019-12-20 07:00:00,8.892
2019-12-20 08:00:00,8.769
2019-12-20 09:00:00,8.874
2019-12-20 10:00:00,8.778
2019-12-20 11:00:00,8.487
2019-12-20 12:00:00,8.65
2019-12-20 13:00:00,8.314
2019-12-20 14:00:00,7.803
2019-12-20 15:00:00,6.959
2019-12-20 16:00:00,6.307
2019-12-20 17:00:00,5.964
2019-12-20 18:00:00,5.577
2019-12-20 19:00:00,5.538
2019-12-20 20:00:00,5.299
2019-12-20 21:00:00,5.106
2019-12-20 22:00:00,4.777
2019-12-20 23:00:00,4.59
2019-12-21 00:00:00,4.58
2019-12-21 01:00:00,4.611
2019-12-21 02:00:00,4.628
2019-12-21 03:00:00,4.789
2019-12-21 04:00:00,5.02
2019-12-21 05:00:00,5.188
2019-12-21 06:00:00,5.143
2019-12-21 07:00:00,4.999
2019-12-21 08:00:00,4.932
2019-12-21 09:00:00,4.839
2019-12-21 10:00:00,4.611
2019-12-21 11:00:00,5.14
2019-12-21 12:00:00,5.846
2019-12-21 13:00:00,6.42
2019-12-21 14:00:00,6.808
2019-12-21 15:00:00,7.3069999999999995
2019-12-21 16:00:00,7.8660000000000005
2019-12-21 17:00:00,8.354
2019-12-21 18:00:00,8.623
2019-12-21 19:00:00,9.144
2019-12-21 20:00:00,9.53
2019-12-21 21:00:00,9.559
2019-12-21 22:00:00,9.29
2019-12-21 23:00:00,9.3
2019-12-22 00:00:00,9.071
2019-12-22 01:00:00,9.146
2019-12-22 02:00:00,9.054
2019-12-22 03:00:00,9.083
2019-12-22 04:00:00,9.616
2019-12-22 05:00:00,10.034
2019-12-22 06:00:00,10.417
2019-12-22 07:00:00,10.645
2019-12-22 08:00:00,10.705
2019-12-22 09:00:00,10.573
2019-12-22 10:00:00,10.427
2019-12-22 11:00:00,10.38
2019-12-22 12:00:00,10.363
2019-12-22 13:00:00,10.142
2019-12-22 14:00:00,9.848
2019-12-22 15:00:00,9.454
2019-12-22 16:00:00,9.028
2019-12-22 17:00:00,8.629999999999999
2019-12-22 18:00:00,8.449
2019-12-22 19:00:00,8.384
2019-12-22 20:00:00,8.458
2019-12-22 21:00:00,8.544
2019-12-22 22:00:00,8.774000000000001
2019-12-22 23:00:00,8.99
2019-12-23 00:00:00,9.213
2019-12-23 01:00:00,9.451
2019-12-23 02:00:00,9.569
2019-12-23 03:00:00,9.509
2019-12-23 04:00:00,9.235
2019-12-23 05:00:00,8.846
2019-12-23 06:00:00,8.338
2019-12-23 07:00:00,7.996
2019-12-23 08:00:00,7.832
2019-12-23 09:00:00,7.493
2019-12-23 10:00:00,6.95
2019-12-23 11:00:00,6.968
2019-12-23 12:00:00,7.357
2019-12-23 13:00:00,7.347
2019-12-23 14:00:00,6.833
2019-12-23 15:00:00,5.936999999999999
2019-12-23 16:00:00,5.631
2019-12-23 17:00:00,5.493
2019-12-23 18:00:00,5.378
2019-12-23 19:00:00,5.392
2019-12-23 20:00:00,5.4559999999999995
2019-12-23 21:00:00,5.432
2019-12-23 22:00:00,5.323
2019-12-23 23:00:00,5.376
2019-12-24 00:00:00,5.274
2019-12-24 01:00:00,5.498
2019-12-24 02:00:00,5.36
2019-12-24 03:00:00,5.585
2019-12-24 04:00:00,6.067
2019-12-24 05:00:00,6.469
2019-12-24 06:00:00,6.555
2019-12-24 07:00:00,6.572
2019-12-24 08:00:00,6.587
2019-12-24 09:00:00,6.617
2019-12-24 10:00:00,6.416
2019-12-24 11:00:00,6.477
2019-12-24 12:00:00,6.928
2019-12-24 13:00:00,7.378
2019-12-24 14:00:00,7.558
2019-12-24 15:00:00,7.313
2019-12-24 16:00:00,7.247
2019-12-24 17:00:00,7.352
2019-12-24 18:00:00,7.284
2019-12-24 19:00:00,7.171
2019-12-24 20:00:00,7.008
2019-12-24 21:00:00,6.7989999999999995
2019-12-24 22:00:00,6.5760000000000005
2019-12-24 23:00:00,6.248
2019-12-25 00:00:00,5.917
2019-12-25 01:00:00,5.595
2019-12-25 02:00:00,5.263
2019-12-25 03:00:00,4.987
2019-12-25 04:00:00,4.654
2019-12-25 05:00:00,4.242
2019-12-25 06:00:00,3.8040000000000003
2019-12-25 07:00:00,3.372
2019-12-25 08:00:00,3.073
2019-12-25 09:00:00,2.67
2019-12-25 10:00:00,2.112
2019-12-25 11:00:00,2.026
2019-12-25 12:00:00,1.992
2019-12-25 13:00:00,1.961
2019-12-25 14:00:00,1.849
2019-12-25 15:00:00,1.7770000000000001
2019-12-25 16:00:00,2.018
2019-12-25 17:00:00,2.42
2019-12-25 18:00:00,2.607
2019-12-25 19:00:00,2.672
2019-12-25 20:00:00,2.615
2019-12-25 21:00:00,2.5469999999999997
2019-12-25 22:00:00,2.548
2019-12-25 23:00:00,2.669
2019-12-26 00:00:00,2.747
2019-12-26 01:00:00,2.697
2019-12-26 02:00:00,2.536
2019-12-26 03:00:00,2.3209999999999997
2019-12-26 04:00:00,2.131
2019-12-26 05:00:00,2.104
2019-12-26 06:00:00,2.36
2019-12-26 07:00:00,3.061
2019-12-26 08:00:00,3.597
2019-12-26 09:00:00,3.712
2019-12-26 10:00:00,3.4410000000000003
2019-12-26 11:00:00,3.343
2019-12-26 12:00:00,3.61
2019-12-26 13:00:00,3.954
2019-12-26 14:00:00,4.134
2019-12-26 15:00:00,4.213
2019-12-26 16:00:00,4.756
2019-12-26 17:00:00,5.106
2019-12-26 18:00:00,5.25
2019-12-26 19:00:00,5.3309999999999995
2019-12-26 20:00:00,5.182
2019-12-26 21:00:00,5.107
2019-12-26 22:00:00,5.123
2019-12-26 23:00:00,5.109
2019-12-27 00:00:00,5.2
2019-12-27 01:00:00,5.368
2019-12-27 02:00:00,5.485
2019-12-27 03:00:00,5.521
2019-12-27 04:00:00,5.377
2019-12-27 05:00:00,4.986
2019-12-27 06:00:00,4.525
2019-12-27 07:00:00,4.069
2019-12-27 08:00:00,3.766
2019-12-27 09:00:00,3.289
2019-12-27 10:00:00,2.652
2019-12-27 11:00:00,2.539
2019-12-27 12:00:00,2.495
2019-12-27 13:00:00,2.257
2019-12-27 14:00:00,2.1
2019-12-27 15:00:00,1.8719999999999999
2019-12-27 16:00:00,1.939
2019-12-27 17:00:00,2.095
2019-12-27 18:00:00,2.096
2019-12-27 19:00:00,2.005
2019-12-27 20:00:00,1.896
2019-12-27 21:00:00,1.775
2019-12-27 22:00:00,1.6709999999999998
2019-12-27 23:00:00,1.585
2019-12-28 00:00:00,1.514
2019-12-28 01:00:00,1.432
2019-12-28 02:00:00,1.357
2019-12-28 03:00:00,1.376
2019-12-28 04:00:00,1.416
2019-12-28 05:00:00,1.476
2019-12-28 06:00:00,1.569
2019-12-28 07:00:00,1.661
2019-12-28 08:00:00,1.769
2019-12-28 09:00:00,1.683
2019-12-28 10:00:00,1.409
2019-12-28 11:00:00,1.413
2019-12-28 12:00:00,1.41
2019-12-28 13:00:00,1.249
2019-12-28 14:00:00,1.1179999999999999
2019-12-28 15:00:00,1.173
2019-12-28 16:00:00,1.649
2019-12-28 17:00:00,2.372
2019-12-28 18:00:00,2.913
2019-12-28 19:00:00,2.967
2019-12-28 20:00:00,2.64
2019-12-28 21:00:00,2.356
2019-12-28 22:00:00,2.323
2019-12-28 23:00:00,2.349
2019-12-29 00:00:00,2.364
2019-12-29 01:00:00,2.248
2019-12-29 02:00:00,2.059
2019-12-29 03:00:00,1.959
2019-12-29 04:00:00,1.81
2019-12-29 05:00:00,1.631
2019-12-29 06:00:00,1.663
2019-12-29 07:00:00,1.679
2019-12-29 08:00:00,1.614
2019-12-29 09:00:00,1.41
2019-12-29 10:00:00,0.968
2019-12-29 11:00:00,0.779
2019-12-29 12:00:00,0.79
2019-12-29 13:00:00,0.902
2019-12-29 14:00:00,0.873
2019-12-29 15:00:00,0.9369999999999999
2019-12-29 16:00:00,1.282
2019-12-29 17:00:00,1.7289999999999999
2019-12-29 18:00:00,2.153
2019-12-29 19:00:00,2.441
2019-12-29 20:00:00,2.6
2019-12-29 21:00:00,2.606
2019-12-29 22:00:00,2.5869999999999997
2019-12-29 23:00:00,2.522
2019-12-30 00:00:00,2.374
2019-12-30 01:00:00,2.205
2019-12-30 02:00:00,2.117
2019-12-30 03:00:00,2.075
2019-12-30 04:00:00,2.078
2019-12-30 05:00:00,2.097
2019-12-30 06:00:00,2.108
2019-12-30 07:00:00,2.157
2019-12-30 08:00:00,2.184
2019-12-30 09:00:00,2.0020000000000002
2019-12-30 10:00:00,1.435
2019-12-30 11:00:00,1.052
2019-12-30 12:00:00,0.87
2019-12-30 13:00:00,0.803
2019-12-30 14:00:00,0.839
2019-12-30 15:00:00,1.069
2019-12-30 16:00:00,1.565
2019-12-30 17:00:00,2.053
2019-12-30 18:00:00,2.3770000000000002
2019-12-30 19:00:00,2.593
2019-12-30 20:00:00,2.723
2019-12-30 21:00:00,2.726
2019-12-30 22:00:00,2.701
2019-12-30 23:00:00,2.664
2019-12-31 00:00:00,2.471
2019-12-31 01:00:00,2.064
2019-12-31 02:00:00,1.684
2019-12-31 03:00:00,1.427
2019-12-31 04:00:00,1.234
2019-12-31 05:00:00,1.104
2019-12-31 06:00:00,1.0190000000000001
2019-12-31 07:00:00,0.921
2019-12-31 08:00:00,0.824
2019-12-31 09:00:00,0.673
2019-12-31 10:00:00,0.5529999999999999
2019-12-31 11:00:00,0.502
2019-12-31 12:00:00,0.502
2019-12-31 13:00:00,0.553
2019-12-31 14:00:00,0.633
2019-12-31 15:00:00,0.7909999999999999
2019-12-31 16:00:00,1.059
2019-12-31 17:00:00,1.302
2019-12-31 18:00:00,1.445
2019-12-31 19:00:00,1.518
2019-12-31 20:00:00,1.528
2019-12-31 21:00:00,1.462
2019-12-31 22:00:00,1.369
2019-12-31 23:00:00,1.337
2020-01-01 00:00:00,1.367
