0,41.46075
1,39.92175
2,39.0995
3,38.88625
4,38.427
5,37.861
6,38.52875
7,39.32425
8,41.834
9,44.526
10,47.48825
11,48.7685
12,48.485
13,48.19725
14,48.5155
15,50.351
16,53.5405
17,54.26475
18,53.312
19,51.0795
20,49.48025
21,48.481
22,45.72075
23,43.717
24,42.06
25,41.64925
26,42.17625
27,43.62675
28,46.70075
29,52.40075
30,57.82125
31,61.17075
32,62.99475
33,64.15125
34,65.44875
35,65.738
36,65.04325
37,63.82125
38,63.7035
39,64.892
40,68.083
41,67.8295
42,66.04825
43,62.33475
44,59.2115
45,57.28775
46,53.623
47,50.67975
48,49.72275
49,49.43575
50,49.3265
51,50.1115
52,52.73075
53,57.519
54,61.89925
55,64.42275
56,65.78775
57,66.44575
58,67.42775
59,67.643
60,66.43675
61,65.57275
62,64.92075
63,66.1705
64,69.23675
65,68.93425
66,66.97425
67,63.26725
68,60.31025
69,58.09625
70,54.81825
71,51.65625
72,49.75225
73,49.19175
74,49.64975
75,50.69675
76,53.115
77,58.033
78,63.3895
79,66.5355
80,68.18525
81,68.94275
82,69.47725
83,69.76925
84,68.7125
85,66.939
86,66.187
87,67.52725
88,69.556
89,68.88875
90,66.871
91,62.9245
92,59.97725
93,58.1435
94,54.2175
95,51.1655
96,48.99075
97,47.77
98,47.28825
99,47.41925
100,47.49325
101,48.13125
102,50.5425
103,54.06225
104,57.309
105,59.4325
106,60.59075
107,60.486
108,59.2525
109,58.077
110,57.65825
111,58.7145
112,61.54425
113,61.60975
114,59.74275
115,56.01875
116,53.67175
117,52.65325
118,49.61475
119,46.3345
120,44.299
121,42.9385
122,42.7595
123,42.80575
124,42.258
125,41.86725
126,42.9725
127,45.61975
128,49.12275
129,52.0695
130,54.65475
131,55.1175
132,53.694
133,53.159
134,52.365
135,54.09625
136,57.5665
137,58.478
138,56.97575
139,54.68275
140,53.00525
141,52.449
142,49.63575
143,46.66225
144,45.06125
145,44.59025
146,45.26775
147,47.129
148,51.33775
149,60.01425
150,66.29975
151,69.05325
152,69.327
153,70.64075
154,71.641
155,71.501
156,71.49325
157,71.22875
158,71.07325
159,72.04975
160,74.34925
161,73.4355
162,71.57425
163,68.2305
164,65.16275
165,61.98
166,57.99575
167,54.15725
168,52.28925
169,51.5555
170,52.124
171,53.63225
172,57.13725
173,64.54675
174,70.71075
175,73.21625
176,73.342
177,73.8575
178,74.47775
179,74.29175
180,74.0215
181,73.26
182,72.88075
183,73.59825
184,75.44975
185,74.9305
186,73.15525
187,69.25975
188,65.694
189,62.6315
190,58.90025
191,55.04275
192,53.312
193,52.389
194,52.896
195,54.37675
196,57.35375
197,64.547
198,71.07575
199,73.8315
200,74.392
201,75.18725
202,76.105
203,75.54
204,75.21825
205,74.516
206,73.83125
207,74.24225
208,76.5435
209,75.68875
210,73.7505
211,69.66925
212,66.12
213,63.11525
214,58.559
215,55.9035
216,53.5765
217,52.58425
218,52.699
219,53.4475
220,56.19925
221,63.1655
222,69.16875
223,71.70275
224,71.71825
225,72.818
226,73.31575
227,72.918
228,72.43975
229,71.358
230,70.98525
231,71.35825
232,73.71725
233,72.98075
234,71.405
235,67.9805
236,64.309
237,62.1925
238,58.51675
239,56.365
240,54.29525
241,53.76575
242,54.268
243,55.524
244,58.38675
245,65.97725
246,72.1455
247,74.53175
248,75.0325
249,75.6405
250,76.33525
251,75.6955
252,74.519
253,72.80025
254,71.81875
255,72.20525
256,74.26425
257,73.1955
258,71.352
259,67.01325
260,63.36775
261,60.9595
262,57.238
263,53.11275
264,50.671
265,48.94425
266,48.2315
267,48.477
268,48.955
269,50.436
270,53.618
271,57.0955
272,60.54225
273,63.097
274,64.50425
275,64.17275
276,62.56275
277,61.405
278,60.9705
279,62.00225
280,64.63025
281,64.37225
282,62.19875
283,58.74925
284,55.952
285,54.719
286,52.1345
287,48.6565
288,46.423
289,45.0945
290,44.4545
291,44.31725
292,44.0165
293,43.4885
294,45.58275
295,49.26625
296,53.337
297,56.53075
298,59.6385
299,59.81225
300,58.683
301,57.726
302,57.356
303,58.331
304,61.21575
305,62.109
306,60.602
307,57.768
308,56.31575
309,56.01775
310,53.36325
311,50.8105
312,48.657
313,47.96975
314,48.504
315,50.24625
316,54.71475
317,63.14375
318,70.07675
319,72.55675
320,72.745
321,72.9895
322,73.6805
323,73.3935
324,73.337
325,72.668
326,71.8675
327,71.557
328,74.777
329,74.1565
330,72.218
331,68.27
332,64.82975
333,61.76675
334,57.63875
335,55.035
336,53.29125
337,52.6205
338,52.77025
339,53.8185
340,57.21
341,64.1735
342,70.7735
343,73.2785
344,73.3085
345,74.2345
346,74.58175
347,73.961
348,74.08875
349,73.6625
350,73.13075
351,72.94375
352,74.88925
353,74.223
354,72.5495
355,68.693
356,65.3065
357,62.30675
358,58.1035
359,54.6735
360,52.54075
361,51.41775
362,51.59925
363,53.173
364,56.46475
365,64.4935
366,71.42125
367,73.558
368,73.61425
369,74.134
370,74.6475
371,74.38675
372,74.23875
373,72.8835
374,72.37175
375,72.20175
376,75.19175
377,74.71325
378,72.9845
379,68.778
380,65.418
381,62.48675
382,58.66775
383,55.764
384,53.886
385,52.6755
386,52.73975
387,54.3435
388,57.561
389,64.99825
390,71.928
391,74.21025
392,74.071
393,74.67575
394,75.598
395,75.5845
396,75.252
397,74.237
398,73.2165
399,72.9305
400,75.6985
401,75.56025
402,73.52225
403,70.0165
404,66.09775
405,62.90825
406,58.4835
407,56.03
408,53.71275
409,52.3325
410,52.57775
411,53.9835
412,56.60825
413,63.783
414,70.1035
415,72.3025
416,72.06575
417,71.8235
418,72.11275
419,71.325
420,69.86575
421,68.74225
422,67.96425
423,68.21425
424,71.5755
425,71.3275
426,69.33325
427,65.3395
428,62.3465
429,60.03575
430,57.3435
431,54.7655
432,52.62875
433,51.13375
434,50.48625
435,50.17775
436,50.06225
437,50.726
438,53.431
439,56.973
440,60.0765
441,61.59225
442,62.086
443,60.9995
444,58.8945
445,57.3225
446,57.1165
447,58.2795
448,62.47825
449,63.178
450,61.32775
451,57.638
452,55.33625
453,54.70675
454,52.627
455,50.244
456,48.34275
457,47.27375
458,46.6315
459,46.26025
460,45.804
461,45.1225
462,46.81275
463,50.08225
464,53.4585
465,55.3
466,57.03175
467,56.81875
468,55.18675
469,53.69775
470,53.3905
471,54.715
472,59.23875
473,61.03575
474,59.8255
475,57.33475
476,55.872
477,56.39575
478,54.3185
479,52.72425
480,51.08575
481,50.4095
482,50.705
483,52.27725
484,56.29175
485,64.74675
486,71.53075
487,73.45
488,73.62525
489,73.60825
490,73.88075
491,73.33925
492,72.89825
493,71.87725
494,71.27025
495,71.4145
496,74.8735
497,75.018
498,73.6075
499,70.05
500,66.7135
501,64.21975
502,60.29725
503,57.5275
504,55.99375
505,54.818
506,54.651
507,55.808
508,59.09
509,66.49225
510,72.99625
511,75.023
512,75.6285
513,75.7905
514,76.142
515,75.58475
516,74.99925
517,74.38475
518,73.747
519,73.67
520,76.57275
521,76.48625
522,74.926
523,71.0875
524,67.48675
525,64.753
526,61.18775
527,58.7145
528,56.8075
529,56.01025
530,56.03125
531,56.83325
532,59.79075
533,66.755
534,73.222
535,75.0335
536,75.388
537,75.79675
538,76.04375
539,75.507
540,74.92775
541,74.03825
542,73.18025
543,72.9265
544,75.59925
545,75.68775
546,74.00275
547,70.349
548,67.2585
549,64.83975
550,61.008
551,58.713
552,56.7
553,54.99375
554,54.852
555,55.46875
556,58.5315
557,65.16925
558,71.338
559,73.7225
560,74.28525
561,75.20575
562,75.63825
563,75.00425
564,74.7185
565,73.85
566,73.46825
567,73.163
568,75.6005
569,75.19475
570,73.4025
571,69.3935
572,65.96875
573,63.3465
574,59.6825
575,57.3345
576,55.604
577,54.77525
578,54.533
579,55.65075
580,58.69275
581,65.4585
582,71.97725
583,74.34825
584,74.83675
585,75.2285
586,75.367
587,74.49825
588,73.08025
589,71.93475
590,70.99025
591,71.1165
592,73.95775
593,74.05425
594,72.3655
595,68.40525
596,65.57425
597,63.698
598,60.24675
599,57.42125
600,54.87025
601,53.35825
602,52.57375
603,52.34725
604,52.10275
605,52.7945
606,55.785
607,59.398
608,62.482
609,64.301
610,64.86975
611,64.29525
612,62.26925
613,61.04575
614,60.42525
615,60.544
616,63.651
617,64.35425
618,62.16175
619,58.497
620,56.62175
621,55.35275
622,52.3665
623,49.77425
624,47.7595
625,46.34375
626,46.01125
627,46.001
628,45.56775
629,44.7665
630,46.993
631,49.6335
632,53.12425
633,55.5965
634,58.22225
635,58.07
636,55.67125
637,54.27275
638,53.67425
639,54.34
640,58.3645
641,60.0435
642,59.2265
643,56.929
644,55.54475
645,55.713
646,52.699
647,50.35475
648,48.68875
649,48.29375
650,48.80825
651,50.56675
652,54.15975
653,63.03775
654,70.02225
655,72.54425
656,73.43025
657,74.14875
658,74.7635
659,74.842
660,74.6965
661,73.942
662,73.3395
663,72.841
664,74.96425
665,74.836
666,72.55725
667,68.661
668,65.1715
669,62.68275
670,58.581
671,55.42525
672,53.676
673,52.73425
674,53.13125
675,54.44725
676,58.0875
677,65.63775
678,71.573
679,73.5045
680,73.79625
681,73.77975
682,73.9585
683,73.09775
684,72.57325
685,71.6485
686,70.975
687,70.0675
688,73.066
689,74.203
690,72.41075
691,68.96525
692,65.26275
693,62.82025
694,58.85525
695,56.33025
696,54.819
697,53.8565
698,53.8675
699,54.95425
700,58.554
701,65.8385
702,71.2245
703,72.81125
704,72.77625
705,74.69925
706,75.4375
707,74.99975
708,74.80775
709,73.6235
710,72.47725
711,71.7955
712,74.335
713,74.75975
714,73.0875
715,69.35475
716,65.95325
717,63.5065
718,59.551
719,56.68725
720,54.82625
721,53.8105
722,53.8135
723,54.9625
724,57.92525
725,64.5145
726,70.5285
727,72.341
728,72.433
729,73.194
730,73.38175
731,72.37675
732,71.7165
733,70.54075
734,69.9385
735,69.71
736,72.81475
737,73.6305
738,72.201
739,68.863
740,65.74875
741,63.6955
742,60.1075
743,57.49275
744,55.75125
745,55.1735
746,55.2385
747,56.0945
748,59.278
749,65.99275
750,71.87425
751,73.82675
752,74.53925
753,75.10475
754,75.2745
755,74.2325
756,72.55075
757,70.661
758,69.58525
759,69.10425
760,71.4845
761,72.11625
762,70.21225
763,66.2195
764,62.252
765,60.06525
766,56.19475
767,53.67525
768,51.70275
769,50.11575
770,49.98075
771,49.91325
772,49.967
773,50.69125
774,53.84675
775,57.4635
776,60.50075
777,62.1275
778,62.95975
779,62.07825
780,60.0995
781,59.2225
782,58.536
783,58.62925
784,61.747
785,63.38225
786,61.291
787,57.702
788,55.2685
789,54.6715
790,52.45675
791,50.0135
792,48.01775
793,46.569
794,45.7845
795,46.10325
796,45.7905
797,45.3895
798,46.83975
799,50.35675
800,54.153
801,56.64875
802,58.51375
803,58.3195
804,56.48275
805,55.261
806,54.55
807,54.901
808,58.17525
809,61.41475
810,60.40175
811,57.72
812,56.016
813,56.2605
814,53.903
815,51.6965
816,50.26575
817,49.7295
818,49.74675
819,51.47425
820,55.62225
821,63.61725
822,70.4685
823,72.47825
824,72.624
825,73.02375
826,73.4445
827,72.5825
828,72.07825
829,71.156
830,70.9605
831,70.93025
832,73.70225
833,75.543
834,74.051
835,69.968
836,66.226
837,63.791
838,60.1105
839,56.99275
840,54.81225
841,53.6825
842,53.89175
843,55.18625
844,58.27525
845,65.64
846,71.769
847,73.754
848,73.7485
849,74.107
850,74.77775
851,74.3975
852,73.5895
853,72.3575
854,71.346
855,70.4925
856,73.27475
857,74.93375
858,73.4235
859,69.72
860,66.358
861,63.547
862,59.8875
863,56.94625
864,54.7055
865,53.837
866,54.55575
867,55.96125
868,59.58375
869,66.40675
870,72.133
871,73.67675
872,73.801
873,74.0415
874,74.39075
875,73.8185
876,73.0945
877,71.72025
878,70.63975
879,69.998
880,72.72625
881,74.5535
882,73.14525
883,69.28475
884,65.57075
885,62.77575
886,59.29075
887,55.26625
888,53.07625
889,51.911
890,52.77825
891,54.2585
892,57.9625
893,65.46925
894,71.813
895,74.195
896,74.903
897,75.67875
898,76.53375
899,75.80425
900,75.15275
901,74.00625
902,72.75625
903,71.74125
904,73.78225
905,75.51175
906,73.54975
907,69.773
908,66.29275
909,63.76725
910,59.48775
911,56.2935
912,54.1645
913,53.309
914,53.39325
915,54.5275
916,57.961
917,65.33875
918,71.6525
919,73.27925
920,73.175
921,73.3315
922,73.56725
923,72.8495
924,71.342
925,69.93775
926,69.5575
927,69.2355
928,71.741
929,72.7655
930,70.876
931,67.13625
932,63.40725
933,61.26825
934,57.66075
935,53.91275
936,51.733
937,50.283
938,50.0565
939,50.20125
940,50.19175
941,51.01975
942,54.1925
943,58.18625
944,61.0875
945,62.565
946,63.82025
947,62.68075
948,60.96375
949,59.448
950,58.77625
951,58.3845
952,61.144
953,63.664
954,61.21025
955,57.5285
956,54.931
957,53.5495
958,50.60075
959,46.43025
960,44.07125
961,44.038
962,44.01425
963,44.48975
964,44.215
965,43.953
966,45.8225
967,49.03675
968,52.47325
969,54.78025
970,57.30175
971,57.23625
972,55.10175
973,53.9995
974,53.78675
975,54.0735
976,57.18125
977,60.0505
978,59.13725
979,56.80425
980,55.2545
981,54.93925
982,51.806
983,49.893
984,48.51825
985,48.0675
986,48.8475
987,50.847
988,54.99875
989,63.14325
990,69.79475
991,72.415
992,73.0575
993,73.76925
994,75.04725
995,74.30625
996,73.318
997,72.07325
998,71.15
999,69.8905
1000,71.63475
1001,73.79
1002,72.455
1003,68.505
1004,64.97375
1005,61.96425
1006,57.8985
1007,54.8155
1008,53.11925
1009,52.05925
1010,52.4645
1011,53.616
1012,56.84175
1013,64.325
1014,69.8835
1015,71.76525
1016,71.87025
1017,72.69875
1018,74.018
1019,73.6655
1020,72.8985
1021,71.463
1022,70.19425
1023,69.108
1024,71.1755
1025,73.896
1026,72.2605
1027,68.3755
1028,65.242
1029,62.86425
1030,58.92125
1031,55.66025
1032,53.9545
1033,53.39825
1034,53.80175
1035,54.8775
1036,58.0575
1037,65.87925
1038,71.38575
1039,72.845
1040,72.919
1041,73.2875
1042,73.42275
1043,72.53975
1044,71.8035
1045,70.61325
1046,69.8565
1047,69.23275
1048,71.34975
1049,74.148
1050,72.5665
1051,68.58125
1052,65.362
1053,62.38
1054,58.3105
1055,55.18625
1056,53.30425
1057,52.2865
1058,52.6885
1059,54.2925
1060,58.098
1061,65.2485
1062,70.65625
1063,71.98225
1064,71.46825
1065,71.19075
1066,71.502
1067,71.065
1068,69.9655
1069,68.66325
1070,67.75825
1071,66.94
1072,68.95025
1073,72.2925
1074,70.91125
1075,67.23425
1076,63.883
1077,61.16425
1078,57.256
1079,54.2315
1080,52.53675
1081,51.78675
1082,52.0795
1083,53.58225
1084,57.0175
1085,64.2775
1086,69.81775
1087,70.9715
1088,70.78575
1089,71.003
1090,70.90375
1091,69.4895
1092,67.71
1093,65.71325
1094,64.69175
1095,64.2755
1096,66.7125
1097,70.59375
1098,69.55575
1099,65.578
1100,61.968
1101,59.23925
1102,55.45025
1103,51.9035
1104,49.8025
1105,48.79325
1106,48.56175
1107,48.3955
1108,48.53475
1109,50.49775
1110,53.4045
1111,56.84875
1112,58.65025
1113,59.038
1114,59.52
1115,58.75975
1116,56.59275
1117,54.947
1118,53.90825
1119,53.923
1120,57.367
1121,61.9375
1122,60.40975
1123,57.16875
1124,54.17325
1125,52.5695
1126,49.4235
1127,46.3665
1128,44.5135
1129,43.7975
1130,43.7125
1131,43.96225
1132,43.64175
1133,43.2935
1134,44.7355
1135,47.88325
1136,50.8295
1137,52.635
1138,54.2945
1139,53.40275
1140,51.1905
1141,49.5725
1142,48.6725
1143,49.1815
1144,53.1245
1145,58.613
1146,57.6535
1147,54.9285
1148,53.133
1149,53.29875
1150,50.257
1151,47.99175
1152,46.45925
1153,45.919
1154,46.611
1155,48.5235
1156,52.9585
1157,62.11525
1158,67.675
1159,69.11975
1160,69.0345
1161,69.1215
1162,69.74
1163,68.61675
1164,67.552
1165,66.2105
1166,65.36575
1167,64.653
1168,66.95675
1169,70.769
1170,69.4065
1171,65.52975
1172,61.9125
1173,58.9725
1174,54.59025
1175,51.8335
1176,50.34575
1177,49.9145
1178,50.4955
1179,51.74975
1180,55.37
1181,64.0715
1182,70.28675
1183,72.2755
1184,72.39425
1185,72.6905
1186,73.09475
1187,72.189
1188,71.39025
1189,70.25175
1190,69.7625
1191,68.77125
1192,70.426
1193,73.79175
1194,72.3335
1195,67.99275
1196,64.27475
1197,61.041
1198,56.9675
1199,53.72575
1200,51.95375
1201,50.8255
1202,51.3285
1203,52.5865
1204,56.59675
1205,64.3635
1206,69.9225
1207,71.30775
1208,70.91025
1209,70.68
1210,71.2615
1211,70.63375
1212,69.91375
1213,68.42575
1214,67.61325
1215,66.63525
1216,68.53425
1217,72.15
1218,70.7965
1219,66.7375
1220,63.21875
1221,60.077
1222,55.982
1223,52.64975
1224,51.091
1225,50.342
1226,50.896
1227,52.376
1228,55.9065
1229,64.00925
1230,69.03825
1231,70.89
1232,71.351
1233,71.976
1234,72.08875
1235,70.66325
1236,69.7305
1237,69.092
1238,68.8815
1239,67.83775
1240,69.1405
1241,71.774
1242,70.77775
1243,66.38525
1244,62.489
1245,59.68225
1246,55.42025
1247,52.1545
1248,49.907
1249,48.94975
1250,49.65825
1251,51.27425
1252,55.21475
1253,62.877
1254,68.166
1255,70.2565
1256,71.04625
1257,71.4615
1258,71.6825
1259,70.805
1260,68.955
1261,67.0645
1262,65.86375
1263,65.0515
1264,66.1045
1265,69.20675
1266,68.00475
1267,64.04275
1268,60.82475
1269,58.5105
1270,54.849
1271,51.252
1272,49.56475
1273,48.22875
1274,48.221
1275,48.24725
1276,48.53375
1277,49.64875
1278,52.205
1279,56.267
1280,58.7465
1281,59.4935
1282,59.66375
1283,58.261
1284,56.498
1285,54.88525
1286,53.8975
1287,53.807
1288,55.99825
1289,60.312
1290,59.36075
1291,56.18875
1292,53.86925
1293,52.78025
1294,49.7695
1295,46.484
1296,44.35725
1297,43.58225
1298,43.2995
1299,43.50925
1300,43.1435
1301,42.7695
1302,44.25475
1303,47.5745
1304,50.18575
1305,51.941
1306,53.497
1307,52.626
1308,50.45475
1309,49.08675
1310,48.213
1311,48.45
1312,51.49475
1313,57.124
1314,56.566
1315,54.044
1316,52.29775
1317,51.9785
1318,48.95425
1319,46.80925
1320,45.6955
1321,45.26925
1322,45.88375
1323,47.9325
1324,52.3955
1325,61.151
1326,66.37275
1327,68.19275
1328,67.89625
1329,68.30575
1330,68.705
1331,68.02025
1332,67.41925
1333,66.27225
1334,65.11375
1335,64.33125
1336,65.79275
1337,69.9165
1338,69.41275
1339,65.29425
1340,61.86175
1341,58.88075
1342,54.78775
1343,50.91475
1344,49.12975
1345,48.53225
1346,49.2365
1347,50.4565
1348,54.2325
1349,62.36875
1350,67.15
1351,68.41875
1352,68.14075
1353,68.3445
1354,68.80125
1355,67.767
1356,66.99225
1357,65.96275
1358,65.10925
1359,64.115
1360,65.439
1361,69.3645
1362,68.92
1363,65.02125
1364,61.1705
1365,57.95325
1366,53.826
1367,50.76175
1368,49.24775
1369,48.7715
1370,49.83125
1371,51.5725
1372,55.174
1373,62.8165
1374,67.507
1375,69.17775
1376,68.904
1377,69.42525
1378,69.44
1379,68.24825
1380,67.409
1381,66.23075
1382,65.008
1383,64.15775
1384,65.67975
1385,70.3285
1386,70.3755
1387,66.8385
1388,62.497
1389,59.1775
1390,55.48775
1391,52.13675
1392,50.1875
1393,49.5135
1394,50.1925
1395,51.5405
1396,54.48
1397,61.8775
1398,66.98175
1399,68.674
1400,68.73575
1401,68.6715
1402,69.14275
1403,68.0905
1404,66.924
1405,65.887
1406,66.10125
1407,65.62575
1408,67.1255
1409,70.1355
1410,69.3795
1411,65.14525
1412,61.33625
1413,57.887
1414,53.49925
1415,50.333
1416,48.79175
1417,47.9415
1418,48.141
1419,49.841
1420,53.52675
1421,61.09625
1422,66.3115
1423,69.142
1424,70.1395
1425,71.4825
1426,72.31225
1427,71.3845
1428,69.869
1429,68.067
1430,66.98925
1431,66.07375
1432,66.73475
1433,68.3055
1434,66.94025
1435,62.59375
1436,59.162
1437,56.49925
1438,52.71425
1439,49.9615
1440,47.678
1441,46.78525
1442,46.4885
1443,46.45825
1444,46.622
1445,47.91525
1446,50.97975
1447,55.296
1448,58.36125
1449,59.813
1450,60.3765
1451,59.085
1452,56.91875
1453,55.10525
1454,54.6915
1455,54.7435
1456,56.90625
1457,60.40175
1458,59.96675
1459,55.83925
1460,52.72075
1461,51.17675
1462,48.2045
1463,45.47525
1464,43.24125
1465,42.40375
1466,42.50075
1467,43.1455
1468,43.3165
1469,43.44975
1470,44.8455
1471,48.5415
1472,51.443
1473,53.5745
1474,55.554
1475,54.79625
1476,52.34825
1477,50.9215
1478,50.683
1479,50.899
1480,52.766
1481,56.69125
1482,56.71275
1483,53.88675
1484,52.18
1485,51.69825
1486,48.876
1487,47.20125
1488,45.50175
1489,45.028
1490,46.14075
1491,47.8495
1492,51.47825
1493,59.12125
1494,64.32975
1495,67.69825
1496,68.7455
1497,69.524
1498,70.85025
1499,69.58375
1500,68.28475
1501,67.096
1502,66.7875
1503,65.7895
1504,66.947
1505,69.83475
1506,69.55275
1507,65.12175
1508,61.46825
1509,58.6855
1510,54.67125
1511,51.8445
1512,50.50675
1513,49.72075
1514,50.12125
1515,51.379
1516,54.883
1517,61.31775
1518,66.22225
1519,69.1265
1520,70.054
1521,71.01
1522,71.63675
1523,71.073
1524,69.8125
1525,68.47575
1526,67.425
1527,66.494
1528,67.26
1529,70.1075
1530,69.78425
1531,65.9245
1532,62.13775
1533,59.264
1534,54.8375
1535,51.21975
1536,49.101
1537,48.54175
1538,49.21925
1539,51.0635
1540,54.50775
1541,61.331
1542,66.32325
1543,68.6975
1544,69.22725
1545,69.14975
1546,70.241
1547,69.85275
1548,69.399
1549,68.42825
1550,68.26375
1551,66.913
1552,67.9895
1553,71.53225
1554,71.32
1555,67.17675
1556,62.5875
1557,59.25925
1558,55.004
1559,52.112
1560,49.88425
1561,48.53275
1562,48.64475
1563,49.9085
1564,53.666
1565,61.25675
1566,66.416
1567,69.17175
1568,69.99225
1569,71.44125
1570,71.63075
1571,71.283
1572,70.47175
1573,69.51425
1574,68.86325
1575,67.6505
1576,67.95875
1577,71.01175
1578,71.583
1579,67.5195
1580,63.4655
1581,60.09975
1582,56.26275
1583,53.0645
1584,50.72275
1585,49.825
1586,50.827
1587,52.30525
1588,55.5295
1589,62.153
1590,66.554
1591,69.18525
1592,69.9915
1593,70.6255
1594,71.2125
1595,70.1665
1596,68.46025
1597,66.2985
1598,65.09925
1599,64.055
1600,64.74175
1601,67.19825
1602,67.09375
1603,63.067
1604,59.4175
1605,56.54025
1606,52.8205
1607,50.21825
1608,48.1665
1609,46.95375
1610,47.2515
1611,47.8175
1612,48.50975
1613,49.74825
1614,52.4285
1615,55.7825
1616,58.4365
1617,60.04725
1618,60.94775
1619,59.66225
1620,58.3
1621,56.86125
1622,56.05325
1623,56.0705
1624,57.01475
1625,59.85125
1626,59.68225
1627,56.04675
1628,53.14025
1629,51.06575
1630,48.26175
1631,45.642
1632,43.2275
1633,42.5495
1634,41.99425
1635,41.8125
1636,41.62075
1637,41.33275
1638,42.73775
1639,46.40825
1640,50.40325
1641,53.2725
1642,55.21775
1643,54.62225
1644,53.20175
1645,52.74425
1646,52.41725
1647,51.784
1648,53.0075
1649,56.69125
1650,57.161
1651,54.90375
1652,53.43375
1653,53.01975
1654,50.12475
1655,48.45025
1656,46.80525
1657,46.437
1658,46.922
1659,48.74225
1660,52.54725
1661,60.84925
1662,66.3385
1663,69.3355
1664,70.08075
1665,71.20175
1666,71.91625
1667,71.6765
1668,70.85225
1669,69.30925
1670,68.2405
1671,67
1672,67.786
1673,70.076
1674,70.60925
1675,66.17025
1676,62.16675
1677,59.36275
1678,55.10975
1679,52.08925
1680,49.9945
1681,49.1055
1682,50.1305
1683,51.7855
1684,55.202
1685,62.50825
1686,67.3015
1687,69.4575
1688,69.778
1689,70.2595
1690,70.74325
1691,70.1145
1692,70.17
1693,69.383
1694,68.97625
1695,67.5695
1696,68.6895
1697,71.60075
1698,72.058
1699,67.77875
1700,63.69225
1701,60.481
1702,56.50475
1703,52.8955
1704,51.0315
1705,50.62325
1706,51.353
1707,53.17775
1708,56.49375
1709,63.9245
1710,68.7125
1711,70.5815
1712,71.39425
1713,72.49475
1714,72.6895
1715,72.68875
1716,72.34925
1717,70.892
1718,70.229
1719,69.311
1720,69.678
1721,71.67025
1722,72.09575
1723,67.852
1724,64.0365
1725,60.69525
1726,56.7885
1727,53.652
1728,51.51275
1729,50.61625
1730,51.07725
1731,52.3875
1732,55.9535
1733,63.0305
1734,68.1045
1735,70.79625
1736,72.009
1737,73.0965
1738,74.013
1739,73.87175
1740,73.25125
1741,71.78725
1742,70.8855
1743,69.834
1744,70.09
1745,71.43175
1746,71.3335
1747,67.005
1748,63.111
1749,60.20375
1750,56.20025
1751,52.77425
1752,50.73825
1753,49.96575
1754,50.53575
1755,52.00475
1756,55.105
1757,61.92575
1758,67.175
1759,69.8595
1760,70.799
1761,72.01375
1762,73.21425
1763,72.989
1764,71.95025
1765,70.1825
1766,69.148
1767,68.4085
1768,68.45425
1769,69.34525
1770,69.438
1771,64.56925
1772,60.94575
1773,58.07675
1774,54.493
1775,51.244
1776,48.9305
1777,47.47625
1778,47.12025
1779,47.4165
1780,47.448
1781,48.0765
1782,50.68
1783,54.34275
1784,57.313
1785,59.1135
1786,60.12075
1787,59.251
1788,58.01975
1789,57.06075
1790,56.251
1791,55.63875
1792,56.37725
1793,58.8685
1794,59.7795
1795,56.13775
1796,53.52375
1797,51.84825
1798,48.71375
1799,45.5865
1800,43.81325
1801,42.9675
1802,42.88875
1803,43.31725
1804,43.18125
1805,42.99525
1806,44.98575
1807,48.059
1808,51.1395
1809,53.04175
1810,55.52875
1811,54.4605
1812,53.36175
1813,52.2245
1814,51.55825
1815,52.1015
1816,53.3405
1817,55.9695
1818,57.31275
1819,54.79825
1820,53.09425
1821,53.3355
1822,50.49425
1823,48.02175
1824,47.004
1825,46.51075
1826,47.31325
1827,49.03625
1828,52.50325
1829,60.131
1830,65.817
1831,68.54225
1832,68.782
1833,69.404
1834,70.7085
1835,70.369
1836,69.18875
1837,67.6945
1838,67.17125
1839,65.7045
1840,66.01975
1841,67.89575
1842,69.84675
1843,65.69425
1844,62.02
1845,58.54325
1846,54.1815
1847,51.50325
1848,50.15025
1849,49.445
1850,50.0795
1851,51.93325
1852,55.81125
1853,62.81325
1854,67.24
1855,68.54725
1856,68.4165
1857,69.452
1858,70.418
1859,69.29325
1860,68.45175
1861,67.7805
1862,66.7475
1863,65.64525
1864,66.14025
1865,68.166
1866,70.263
1867,66.326
1868,62.52975
1869,59.62175
1870,55.83925
1871,52.6665
1872,51.09675
1873,50.44
1874,51.01875
1875,52.57775
1876,56.661
1877,63.2565
1878,67.71525
1879,69.548
1880,69.542
1881,69.58175
1882,69.7275
1883,69.353
1884,69.2045
1885,67.871
1886,66.436
1887,65.28325
1888,65.841
1889,68.15425
1890,70.315
1891,66.32775
1892,62.5365
1893,59.29275
1894,54.6235
1895,51.24
1896,49.38475
1897,48.533
1898,49.61425
1899,51.00525
1900,55.27975
1901,62.44275
1902,67.332
1903,69.327
1904,69.19325
1905,69.20375
1906,70.30725
1907,70.0905
1908,69.181
1909,67.54925
1910,66.2405
1911,64.532
1912,65.46775
1913,67.89075
1914,70.2255
1915,66.184
1916,61.9985
1917,58.411
1918,54.11425
1919,50.5535
1920,48.79675
1921,47.78875
1922,48.36075
1923,49.95825
1924,54.14875
1925,61.10125
1926,65.95525
1927,67.91475
1928,67.8315
1929,68.034
1930,68.1415
1931,67.1745
1932,65.9655
1933,64.3255
1934,63.2255
1935,61.776
1936,62.56
1937,64.29625
1938,66.2815
1939,62.71425
1940,58.8495
1941,55.59425
1942,51.74075
1943,48.44975
1944,46.06875
1945,44.8395
1946,45.0045
1947,45.29525
1948,45.9095
1949,46.66625
1950,49.94575
1951,53.6475
1952,56.2705
1953,57.02225
1954,57.16175
1955,56.46375
1956,54.715
1957,53.2205
1958,52.566
1959,51.54975
1960,52.9635
1961,55.6855
1962,57.4625
1963,54.121
1964,50.9095
1965,49.41175
1966,46.028
1967,43.1015
1968,41.40875
1969,40.3685
1970,40.571
1971,41.26
1972,41.34975
1973,40.5505
1974,42.9635
1975,46.2295
1976,48.9765
1977,50.561
1978,52.18525
1979,51.79625
1980,50.2435
1981,48.63925
1982,47.9895
1983,48.3935
1984,50.01575
1985,53.36475
1986,56.26
1987,54.0535
1988,52.07575
1989,51.82325
1990,48.9315
1991,46.25375
1992,45.08575
1993,44.68425
1994,45.333
1995,47.67475
1996,51.57425
1997,58.50075
1998,64.248
1999,67.41225
2000,68.46425
2001,69.75775
2002,70.838
2003,69.949
2004,69.64275
2005,68.5285
2006,68.10375
2007,66.51475
2008,66.0535
2009,67.38925
2010,69.21625
2011,65.727
2012,61.426
2013,57.979
2014,53.286
2015,50.898
2016,49.3815
2017,49.16375
2018,50.1065
2019,51.41
2020,54.604
2021,61.245
2022,66.278
2023,68.83575
2024,69.16225
2025,70.15925
2026,71.05925
2027,69.8735
2028,69.1685
2029,68.20725
2030,67.099
2031,66.18275
2032,66.3015
2033,67.5765
2034,68.7595
2035,65.085
2036,61.15675
2037,57.962
2038,53.64525
2039,50.275
2040,48.52225
2041,47.9205
2042,48.397
2043,50.0615
2044,54.0235
2045,61.12525
2046,66.28075
2047,68.56275
2048,68.83575
2049,69.61725
2050,70.90775
2051,69.77025
2052,68.82475
2053,67.69775
2054,66.89625
2055,65.678
2056,66.0615
2057,67.6215
2058,69.4265
2059,65.66875
2060,61.4055
2061,57.85825
2062,53.061
2063,49.5155
2064,48.036
2065,46.9575
2066,47.6175
2067,48.958
2068,53.06225
2069,59.91525
2070,64.852
2071,67.03025
2072,67.23325
2073,67.90775
2074,68.99775
2075,68.18175
2076,67.7885
2077,66.7735
2078,65.8055
2079,64.59425
2080,64.91725
2081,66.1235
2082,67.7405
2083,64.472
2084,60.829
2085,57.4225
2086,52.8555
2087,49.1805
2088,47.004
2089,46.0235
2090,46.8285
2091,48.83825
2092,52.85
2093,59.33675
2094,64.3325
2095,66.53325
2096,66.41425
2097,67.13025
2098,67.5025
2099,66.2805
2100,64.5025
2101,63.06075
2102,61.84125
2103,60.7865
2104,61.02175
2105,62.38325
2106,64.6575
2107,61.4075
2108,57.79875
2109,54.2915
2110,50.03625
2111,46.782
2112,44.9085
2113,43.94275
2114,43.95775
2115,44.5025
2116,44.963
2117,45.3105
2118,48.39775
2119,52.56325
2120,54.48425
2121,54.79025
2122,54.769
2123,53.97575
2124,52.33425
2125,50.687
2126,50.11425
2127,49.295
2128,50.29175
2129,52.5485
2130,54.96825
2131,52.23525
2132,49.10125
2133,47.5785
2134,44.45125
2135,42.6015
2136,38.07675
2137,40.17875
2138,40.22225
2139,40.8115
2140,41.03875
2141,41.71925
2142,44.6255
2143,48.22725
2144,50.99025
2145,52.993
2146,52.8085
2147,50.9255
2148,49.19
2149,47.881
2150,47.6125
2151,48.47075
2152,49.715
2153,50.9725
2154,52.61975
2155,51.089
2156,50.282
2157,47.1745
2158,43.97
2159,42.34625
2160,41.85125
2161,42.525
2162,44.8
2163,49.15375
2164,58.076
2165,63.2415
2166,65.76525
2167,66.2115
2168,66.751
2169,67.147
2170,66.1685
2171,65.7185
2172,64.665
2173,63.53175
2174,61.776
2175,61.341
2176,62.0635
2177,63.30075
2178,63.88575
2179,61.009
2180,57.5075
2181,53.1265
2182,50.49775
2183,48.7905
2184,47.8735
2185,48.57825
2186,49.97975
2187,53.848
2188,61.64775
2189,66.02475
2190,67.9795
2191,68.13
2192,68.59775
2193,68.95
2194,68.516
2195,68.4465
2196,67.53175
2197,66.61475
2198,65.15625
2199,64.6225
2200,64.7805
2201,64.9415
2202,65.29925
2203,62.13975
2204,57.86325
2205,53.09175
2206,49.64775
2207,47.5935
2208,46.94375
2209,47.11175
2210,48.353
2211,52.704
2212,60.921
2213,65.45375
2214,67.3995
2215,67.80025
2216,68.94275
2217,69.96075
2218,69.1965
2219,68.9105
2220,67.983
2221,66.7665
2222,65.6035
2223,65.563
2224,65.144
2225,65.78075
2226,65.12125
2227,61.674
2228,57.663
2229,53.0615
2230,50.23825
2231,48.36775
2232,47.396
2233,47.71925
2234,49.373
2235,53.05025
2236,60.665
2237,65.74525
2238,68.16
2239,68.231
2240,69.3165
2241,70.085
2242,69.83825
2243,69.07725
2244,68.10175
2245,67.059
2246,65.503
2247,65.23675
2248,65.055
2249,65.20975
2250,64.7225
2251,61.69875
2252,58.33175
2253,53.87975
2254,50.64625
2255,48.516
2256,47.40525
2257,47.71875
2258,49.2745
2259,52.7895
2260,60.369
2261,65.77675
2262,68.7445
2263,69.417
2264,69.86225
2265,70.17075
2266,69.30725
2267,68.234
2268,66.23175
2269,64.84175
2270,63.5225
2271,63.4965
2272,63.23025
2273,63.09725
2274,61.97025
2275,58.417
2276,54.81475
2277,51.04375
2278,47.5615
2279,45.4735
2280,44.501
2281,44.27625
2282,44.44925
2283,45.023
2284,46.30225
2285,48.8495
2286,52.7765
2287,55.41925
2288,56.05925
2289,55.6175
2290,55.16225
2291,53.9535
2292,52.3505
2293,51.41675
2294,50.463
2295,50.3275
2296,51.25025
2297,51.3065
2298,51.74525
2299,50.607
2300,48.861
2301,45.48625
2302,42.1645
2303,40.027
2304,38.89525
2305,38.83725
2306,39.26675
2307,39.686
2308,39.56875
2309,41.21375
2310,44.9875
2311,47.9225
2312,49.58775
2313,51.23675
2314,50.7365
2315,48.51125
2316,47.09275
2317,46.496
2318,46.185
2319,47.2995
2320,48.6445
2321,49.73625
2322,50.94275
2323,49.5535
2324,48.5585
2325,45.49725
2326,42.47025
2327,41.23075
2328,40.80875
2329,41.4945
2330,43.4985
2331,48.3435
2332,57.51225
2333,63.176
2334,65.96
2335,66.1175
2336,66.99625
2337,67.46825
2338,67.19275
2339,66.7245
2340,65.58125
2341,64.70975
2342,63.023
2343,62.45775
2344,62.857
2345,62.9395
2346,62.771
2347,60.05625
2348,56.1685
2349,51.258
2350,48.7625
2351,46.81225
2352,45.98025
2353,46.37125
2354,47.9435
2355,51.767
2356,59.69625
2357,64.35025
2358,66.8945
2359,67.2885
2360,68.391
2361,69.05025
2362,68.3405
2363,67.633
2364,66.26575
2365,65.002
2366,63.98825
2367,64.1545
2368,64.4565
2369,64.663
2370,64.17975
2371,60.9415
2372,56.98225
2373,52.25175
2374,49.13075
2375,47.51975
2376,46.6795
2377,47.71275
2378,49.3415
2379,53.07825
2380,60.341
2381,64.8705
2382,67.141
2383,67.4065
2384,68.1785
2385,68.432
2386,67.66175
2387,67.0835
2388,65.946
2389,65.00375
2390,63.6445
2391,63.3635
2392,63.5485
2393,63.4655
2394,63.167
2395,60.537
2396,56.639
2397,52.5605
2398,49.2485
2399,47.7465
2400,47.021
2401,47.50375
2402,49.045
2403,52.07075
2404,59.33525
2405,64.02525
2406,66.22875
2407,65.89775
2408,66.606
2409,67.42525
2410,67.21225
2411,66.28775
2412,64.54175
2413,64.2235
2414,62.881
2415,62.94725
2416,63.082
2417,63.27
2418,63.28
2419,60.70075
2420,57.1275
2421,52.582
2422,49.53275
2423,48.24125
2424,47.5185
2425,48.047
2426,49.4385
2427,52.5885
2428,59.586
2429,64.849
2430,67.771
2431,67.82775
2432,68.267
2433,68.5955
2434,67.255
2435,66.169
2436,64.678
2437,63.598
2438,62.5315
2439,62.59375
2440,62.617
2441,62.2945
2442,61.91925
2443,59.3355
2444,56.35625
2445,52.47625
2446,49.00675
2447,46.66975
2448,45.38675
2449,45.27375
2450,45.58525
2451,45.90275
2452,47.192
2453,49.9405
2454,53.62575
2455,56.40225
2456,58.013
2457,58.589
2458,57.89775
2459,56.097
2460,54.35275
2461,53.8415
2462,53.48775
2463,53.82325
2464,54.80825
2465,54.70275
2466,54.3575
2467,52.7735
2468,51.01375
2469,47.551
2470,45.14825
2471,43.20025
2472,41.90075
2473,41.757
2474,42.04725
2475,42.06425
2476,41.86775
2477,43.4755
2478,46.699
2479,49.8685
2480,52.00025
2481,53.9635
2482,53.706
2483,51.91275
2484,49.9055
2485,48.852
2486,48.63675
2487,49.94575
2488,51.24475
2489,51.5675
2490,52.07125
2491,51.45225
2492,50.71425
2493,47.7075
2494,45.30675
2495,44.1915
2496,43.54775
2497,43.7995
2498,45.70625
2499,49.9395
2500,57.158
2501,62.5865
2502,65.478
2503,66.54475
2504,66.91825
2505,67.2565
2506,66.17475
2507,65.2835
2508,64.2265
2509,63.27575
2510,62.11875
2511,62.2065
2512,62.412
2513,62.67375
2514,62.5495
2515,60.52775
2516,56.981
2517,53.12175
2518,49.7475
2519,48.2985
2520,47.62175
2521,48.116
2522,49.724
2523,53.70325
2524,60.2
2525,64.8405
2526,67.1645
2527,67.8815
2528,67.59725
2529,67.8295
2530,67.296
2531,66.184
2532,64.94225
2533,64.26725
2534,63.21875
2535,63.29125
2536,63.51625
2537,63.05325
2538,63.08275
2539,61.24675
2540,57.488
2541,53.2745
2542,49.67125
2543,47.55325
2544,46.965
2545,47.0325
2546,48.668
2547,52.42275
2548,58.89175
2549,64.014
2550,66.814
2551,67.104
2552,68.06975
2553,68.59375
2554,67.0625
2555,65.894
2556,64.791
2557,63.24975
2558,61.82575
2559,61.39675
2560,61.407
2561,61.9775
2562,61.9005
2563,59.91975
2564,56.394
2565,52.552
2566,49.0365
2567,47.0765
2568,46.29025
2569,46.19525
2570,47.662
2571,51.33475
2572,57.05175
2573,61.905
2574,64.46825
2575,65.006
2576,65.45325
2577,64.832
2578,64.3965
2579,64.07775
2580,62.27675
2581,61.115
2582,59.81875
2583,59.53225
2584,58.704
2585,58.53425
2586,58.046
2587,55.80975
2588,52.2115
2589,47.754
2590,44.10875
2591,41.89675
2592,40.6285
2593,40.209
2594,40.04175
2595,39.83225
2596,39.13525
2597,41.27725
2598,44.74475
2599,47.4325
2600,48.9535
2601,50.639
2602,49.89975
2603,48.1
2604,46.68875
2605,45.3295
2606,44.3335
2607,45.158
2608,46.351
2609,46.97125
2610,47.23525
2611,46.77075
2612,44.83325
2613,41.4
2614,38.69025
2615,36.88575
2616,35.80825
2617,35.61225
2618,36.57025
2619,38.157
2620,39.3925
2621,42.51125
2622,46.1715
2623,49.169
2624,49.98925
2625,50.496
2626,50.13725
2627,48.9325
2628,47.689
2629,46.62125
2630,45.865
2631,47.11875
2632,47.644
2633,47.6245
2634,46.917
2635,46.1855
2636,43.825
2637,40.6375
2638,37.7565
2639,35.377
2640,34.308
2641,33.9435
2642,34.53525
2643,35.14775
2644,35.3295
2645,37.301
2646,41.10125
2647,43.641
2648,44.591
2649,45.30375
2650,44.3955
2651,42.563
2652,41.02475
2653,39.91875
2654,39.64925
2655,40.65775
2656,41.91575
2657,42.6675
2658,43.74875
2659,43.8295
2660,42.03575
2661,38.983
2662,36.20825
2663,34.858
2664,34.05675
2665,34.035
2666,34.5915
2667,35.33325
2668,35.70425
2669,38.005
2670,41.35325
2671,44.28075
2672,46.16975
2673,48.06
2674,47.59875
2675,46.44875
2676,44.708
2677,44.2705
2678,43.85625
2679,44.86225
2680,46.525
2681,46.9045
2682,47.311
2683,47.54825
2684,46.02725
2685,42.78575
2686,40.08575
2687,38.1765
2688,37.4355
2689,37.71825
2690,39.60275
2691,44.834
2692,52.56225
2693,59.38575
2694,63.214
2695,64.352
2696,65.2425
2697,66.2565
2698,65.87875
2699,65.30975
2700,63.99525
2701,62.9925
2702,61.88875
2703,61.5555
2704,61.6505
2705,60.92875
2706,59.79975
2707,57.497
2708,52.957
2709,48.65875
2710,45.65425
2711,44.12225
2712,43.3785
2713,43.94875
2714,45.17875
2715,48.7155
2716,55.3405
2717,60.8675
2718,63.939
2719,64.976
2720,66.49775
2721,67.17075
2722,66.43725
2723,65.86775
2724,64.8145
2725,63.534
2726,61.97775
2727,61.21125
2728,61.294
2729,61.50875
2730,60.502
2731,59.00475
2732,54.97475
2733,50.3715
2734,46.85375
2735,44.59575
2736,43.15175
2737,43.56675
2738,45.39225
2739,49.224
2740,55.74625
2741,60.81675
2742,63.9395
2743,65.27925
2744,66.4625
2745,67.5175
2746,67.48625
2747,65.72775
2748,64.42175
2749,63.5665
2750,62.40725
2751,61.939
2752,61.06425
2753,60.63
2754,59.39475
2755,58.17575
2756,54.31125
2757,50.3
2758,47.46375
2759,44.64725
2760,43.13225
2761,43.3455
2762,45.1535
2763,48.727
2764,55.55425
2765,61.1625
2766,64.72075
2767,66.09175
2768,67.47625
2769,68.26375
2770,67.306
2771,65.46125
2772,63.782
2773,61.8325
2774,60.5325
2775,60.61275
2776,60.692
2777,59.8005
2778,58.03325
2779,55.8625
2780,52.68275
2781,48.88425
2782,44.68825
2783,42.692
2784,42.03475
2785,42.162
2786,42.70925
2787,43.0335
2788,43.64825
2789,46.8125
2790,50.89125
2791,53.73875
2792,55.8205
2793,56.38975
2794,55.50875
2795,53.86175
2796,51.60825
2797,51.153
2798,50.94675
2799,51.50675
2800,52.50925
2801,51.552
2802,50.5925
2803,49.444
2804,47.2145
2805,43.13025
2806,40.6635
2807,39.0235
2808,38.1045
2809,37.85825
2810,38.127
2811,38.31175
2812,38.302
2813,40.2755
2814,43.12
2815,46.505
2816,48.86675
2817,51.05575
2818,50.994
2819,49.183
2820,48.01775
2821,46.6705
2822,46.20625
2823,47.6305
2824,49.03875
2825,49.63075
2826,49.597
2827,50.18475
2828,49.2075
2829,45.817
2830,43.4435
2831,42.05375
2832,41.65825
2833,42.43925
2834,44.17425
2835,48.7405
2836,56.1655
2837,61.78225
2838,64.28525
2839,64.85425
2840,65.80625
2841,67.05125
2842,66.92175
2843,66.419
2844,65.25125
2845,64.832
2846,63.79625
2847,63.62675
2848,63.4255
2849,62.802
2850,61.099
2851,58.806
2852,55.02525
2853,50.403
2854,46.93075
2855,45.51725
2856,44.67575
2857,45.188
2858,46.83975
2859,50.416
2860,57.4445
2861,62.699
2862,65.34625
2863,65.6245
2864,65.6645
2865,65.95275
2866,65.4215
2867,64.64575
2868,63.1075
2869,61.879
2870,60.24325
2871,59.5255
2872,59.17
2873,58.8715
2874,57.383
2875,55.89825
2876,51.887
2877,47.79875
2878,44.4415
2879,42.31075
2880,40.6755
2881,40.29425
2882,40.14625
2883,39.584
2884,38.39575
2885,40.60625
2886,44.15225
2887,47.10225
2888,49.3135
2889,50.676
2890,49.658
2891,47.6075
2892,45.99725
2893,45.754
2894,45.1875
2895,45.67575
2896,47.031
2897,47.904
2898,47.87075
2899,47.99
2900,47.08425
2901,43.2905
2902,40.77975
2903,39.70475
2904,39.59275
2905,40.25225
2906,42.2395
2907,46.53725
2908,54.839
2909,60.8365
2910,63.5975
2911,64.49
2912,65.52625
2913,66.3
2914,65.667
2915,64.937
2916,63.98175
2917,63.9665
2918,63.24375
2919,63.02325
2920,62.843
2921,62.1845
2922,60.4705
2923,58.81725
2924,55.21625
2925,51.153
2926,47.49275
2927,45.743
2928,44.48475
2929,44.904
2930,46.303
2931,50.3505
2932,57.0535
2933,61.8745
2934,64.6775
2935,65.9395
2936,66.59675
2937,67.27425
2938,66.08775
2939,64.922
2940,63.61525
2941,63.01875
2942,61.80525
2943,61.43875
2944,60.85025
2945,60.40275
2946,58.70125
2947,57.286
2948,54.131
2949,50.23675
2950,46.38325
2951,44.295
2952,43.25375
2953,42.9545
2954,43.72325
2955,44.0915
2956,45.1445
2957,48.112
2958,52.314
2959,55.4735
2960,57.326
2961,57.76775
2962,57.0675
2963,55.793
2964,54.17225
2965,53.38575
2966,52.473
2967,52.93525
2968,53.57475
2969,52.47275
2970,50.67875
2971,50.184
2972,48.66725
2973,45.60575
2974,42.45425
2975,40.431
2976,39.58875
2977,39.5115
2978,39.4765
2979,39.2
2980,38.9535
2981,41.06625
2982,44.36425
2983,47.39875
2984,49.768
2985,51.97775
2986,52.07525
2987,50.17975
2988,48.30925
2989,47.766
2990,47.83825
2991,49.0965
2992,50.56375
2993,50.69575
2994,50.5305
2995,51.28425
2996,50.516
2997,47.1565
2998,44.72
2999,43.14175
3000,42.88575
3001,43.82375
3002,45.90425
3003,50.1565
3004,57.433
3005,63.25075
3006,65.853
3007,66.246
3008,67.55525
3009,69.09375
3010,68.65625
3011,67.76975
3012,66.177
3013,65.525
3014,64.1505
3015,64.33025
3016,64.30625
3017,64.12575
3018,62.12625
3019,60.0695
3020,56.48575
3021,52.4085
3022,49.5395
3023,47.80675
3024,46.89825
3025,47.796
3026,49.473
3027,52.66225
3028,59.0825
3029,63.874
3030,66.2655
3031,66.6085
3032,66.77175
3033,68.60375
3034,67.96425
3035,67.03325
3036,65.92825
3037,64.91425
3038,63.191
3039,62.97275
3040,62.64125
3041,62.54125
3042,61.41275
3043,59.80975
3044,55.9385
3045,51.7395
3046,48.36
3047,46.63325
3048,45.975
3049,46.6795
3050,48.73775
3051,51.864
3052,58.51175
3053,63.765
3054,66.27175
3055,66.73375
3056,67.6975
3057,68.6005
3058,67.97
3059,67.55525
3060,67.36525
3061,67.38375
3062,65.994
3063,65.983
3064,65.57625
3065,64.7805
3066,62.31375
3067,60.05775
3068,57.0485
3069,52.155
3070,48.62325
3071,46.3805
3072,45.655
3073,45.9855
3074,47.5465
3075,51.41525
3076,58.293
3077,63.35375
3078,65.99
3079,66.6925
3080,67.38675
3081,67.94175
3082,66.8795
3083,66.356
3084,65.6875
3085,65.06575
3086,63.3975
3087,63.2555
3088,63.428
3089,62.96375
3090,61.89575
3091,59.95175
3092,56.4425
3093,51.81175
3094,47.9385
3095,46.26925
3096,45.83625
3097,46.16475
3098,47.874
3099,51.203
3100,57.91
3101,63.735
3102,66.389
3103,66.6085
3104,67.7635
3105,68.43
3106,67.33675
3107,66.03625
3108,64.0185
3109,62.62075
3110,61.411
3111,61.114
3112,61.14625
3113,60.8225
3114,58.9165
3115,57.2185
3116,54.342
3117,50.454
3118,46.95375
3119,44.00375
3120,42.5655
3121,42.1755
3122,42.46575
3123,42.78625
3124,44.09275
3125,47.36375
3126,51.25
3127,53.76275
3128,56
3129,56.7995
3130,56.18625
3131,54.6145
3132,52.35625
3133,52.19625
3134,51.516
3135,52.1045
3136,52.9275
3137,52.81775
3138,51.36075
3139,50.08675
3140,48.65175
3141,45.50225
3142,41.89425
3143,39.941
3144,39.228
3145,39.0005
3146,39.24675
3147,38.904
3148,38.97275
3149,41.009
3150,44.52775
3151,47.4765
3152,49.37225
3153,50.794
3154,50.48525
3155,48.12075
3156,46.8045
3157,46.223
3158,45.6025
3159,46.79325
3160,48.3155
3161,48.8
3162,48.53025
3163,48.68875
3164,48.3015
3165,44.8215
3166,42.812
3167,41.59825
3168,40.69175
3169,41.5505
3170,43.84975
3171,48.05175
3172,55.6145
3173,61.36575
3174,64.493
3175,64.85925
3176,65.72825
3177,66.856
3178,65.9795
3179,65.11125
3180,64.0845
3181,63.32825
3182,62.215
3183,61.7885
3184,61.37475
3185,61.186
3186,60.0105
3187,58.43175
3188,55.0205
3189,50.45
3190,47.48275
3191,45.64125
3192,44.86525
3193,45.341
3194,47.44575
3195,50.63075
3196,57.3045
3197,62.57375
3198,64.9735
3199,65.1435
3200,65.978
3201,67.42525
3202,65.93925
3203,65.16725
3204,64.33
3205,63.58775
3206,62.027
3207,62.02925
3208,62.0895
3209,61.87475
3210,60.56025
3211,58.80275
3212,55.5425
3213,51.111
3214,47.9805
3215,46.06125
3216,45.43175
3217,46.08725
3218,47.8085
3219,50.987
3220,58.116
3221,63.4355
3222,66.085
3223,66.31775
3224,66.709
3225,68.1785
3226,67.87125
3227,66.78125
3228,65.9585
3229,65.24725
3230,63.9125
3231,64.07575
3232,64.05625
3233,63.8785
3234,61.754
3235,59.92475
3236,56.51025
3237,52.03275
3238,48.83575
3239,47.172
3240,46.6745
3241,47.117
3242,48.5815
3243,51.81275
3244,58.7845
3245,64.242
3246,66.7635
3247,67.5575
3248,68.5185
3249,69.546
3250,68.51625
3251,67.99825
3252,66.88075
3253,66.23425
3254,65.453
3255,65.64375
3256,65.24775
3257,64.70425
3258,62.7885
3259,60.7325
3260,57.1925
3261,52.425
3262,48.91525
3263,47.2525
3264,46.2085
3265,46.64
3266,48.19125
3267,51.11775
3268,58.2045
3269,63.5495
3270,66.2405
3271,66.32325
3272,67.08775
3273,68.04675
3274,67.23575
3275,65.74925
3276,64.1295
3277,63.02375
3278,61.94625
3279,61.102
3280,60.63725
3281,59.8025
3282,57.93625
3283,56.018
3284,53.28575
3285,48.8645
3286,44.8105
3287,43.00375
3288,41.8615
3289,41.56775
3290,41.9035
3291,41.88925
3292,43.18625
3293,46.53025
3294,50.335
3295,52.66925
3296,54.3235
3297,54.869
3298,54.32725
3299,52.611
3300,51.108
3301,50.46975
3302,49.5665
3303,49.884
3304,50.46725
3305,50.22475
3306,48.7515
3307,48.078
3308,46.9785
3309,43.808
3310,40.67525
3311,38.37025
3312,37.2585
3313,36.89875
3314,36.83
3315,36.7425
3316,37.189
3317,39.57775
3318,43.2185
3319,46.0375
3320,47.9885
3321,50.1405
3322,50.07775
3323,48.2035
3324,46.74275
3325,46.43475
3326,46.48225
3327,48.0335
3328,49.4975
3329,49.75725
3330,49.603
3331,49.1605
3332,48.57475
3333,44.664
3334,41.82175
3335,40.5025
3336,40.10125
3337,40.656
3338,42.3155
3339,46.3315
3340,55.1735
3341,61.376
3342,64.736
3343,65.71775
3344,67
3345,68.1315
3346,67.9545
3347,67.79025
3348,66.6285
3349,65.70775
3350,64.55625
3351,64.725
3352,64.423
3353,63.814
3354,61.7245
3355,59.059
3356,55.554
3357,51.27425
3358,47.999
3359,46.3075
3360,45.38025
3361,45.86275
3362,47.41725
3363,50.83125
3364,58.297
3365,63.93775
3366,67.39925
3367,68.01225
3368,69.0275
3369,70.64175
3370,70.14325
3371,69.21875
3372,68.0705
3373,67.22975
3374,66.11775
3375,65.7785
3376,65.2325
3377,64.37925
3378,62.19625
3379,59.897
3380,56.5755
3381,51.79775
3382,48.46575
3383,46.362
3384,45.427
3385,45.45925
3386,46.8245
3387,50.38875
3388,58.129
3389,64.26425
3390,67.11375
3391,67.51575
3392,68.2315
3393,68.862
3394,67.695
3395,66.82625
3396,65.87075
3397,64.4495
3398,62.648
3399,62.88625
3400,62.813
3401,62.66125
3402,60.907
3403,58.98425
3404,55.80525
3405,51.05125
3406,47.47275
3407,46.1395
3408,45.564
3409,45.86725
3410,47.4255
3411,50.4695
3412,57.7605
3413,62.971
3414,65.7835
3415,66.244
3416,66.38375
3417,66.99275
3418,66.488
3419,65.77775
3420,64.6125
3421,63.6675
3422,62.75225
3423,62.657
3424,62.833
3425,62.338
3426,60.3615
3427,58.724
3428,55.765
3429,50.90725
3430,47.774
3431,45.28825
3432,44.35325
3433,44.812
3434,46.34075
3435,49.35675
3436,56.71675
3437,62.06975
3438,65.0305
3439,65.73875
3440,66.495
3441,67.108
3442,66.67625
3443,65.3895
3444,63.2905
3445,62.4265
3446,60.9745
3447,60.90125
3448,60.63225
3449,59.90925
3450,57.8615
3451,55.705
3452,52.76175
3453,48.1485
3454,45.1465
3455,42.586
3456,41.31325
3457,40.9045
3458,40.993
3459,40.9975
3460,42.948
3461,46.404
3462,50.36675
3463,53.00425
3464,54.35175
3465,54.95
3466,54.3465
3467,52.406
3468,50.658
3469,50.3155
3470,49.23725
3471,50.03575
3472,50.57775
3473,50.359
3474,48.9435
3475,47.85525
3476,46.74025
3477,43.404
3478,40.375
3479,38.399
3480,37.33125
3481,37.44125
3482,37.7345
3483,37.49775
3484,37.97425
3485,40.38375
3486,43.58675
3487,46.644
3488,48.41475
3489,50.607
3490,50.75
3491,49.0065
3492,47.316
3493,46.72425
3494,46.7945
3495,47.84425
3496,48.91475
3497,49.2
3498,48.40825
3499,48.352
3500,47.97325
3501,44.7925
3502,43.0065
3503,41.65225
3504,40.77325
3505,40.6935
3506,42.14875
3507,45.869
3508,54.50325
3509,60.639
3510,63.7435
3511,64.832
3512,66.25975
3513,67.36425
3514,66.83825
3515,66.57775
3516,65.2455
3517,64.192
3518,63.44325
3519,63.045
3520,62.18125
3521,61.659
3522,59.49975
3523,57.5595
3524,54.47475
3525,49.876
3526,46.6825
3527,44.7375
3528,43.548
3529,43.9505
3530,45.7415
3531,48.767
3532,56.127
3533,61.74125
3534,64.53175
3535,64.99875
3536,65.888
3537,67.13925
3538,66.39275
3539,65.624
3540,64.288
3541,63.23925
3542,62.4725
3543,62.59525
3544,62.5005
3545,61.439
3546,59.38575
3547,57.2435
3548,54.21775
3549,49.458
3550,46.4585
3551,44.89975
3552,44.27575
3553,44.89225
3554,46.142
3555,48.84225
3556,55.794
3557,61.0515
3558,63.75975
3559,64.44725
3560,65.189
3561,65.82025
3562,64.97225
3563,64.12375
3564,62.73775
3565,61.32075
3566,59.7745
3567,59.39075
3568,58.69375
3569,58.3945
3570,56.37425
3571,54.26925
3572,51.511
3573,47.372
3574,45.025
3575,42.752
3576,41.3285
3577,41.20725
3578,41.04575
3579,40.51275
3580,40.02275
3581,42.35325
3582,45.67825
3583,47.99575
3584,49.3925
3585,50.7095
3586,50.96025
3587,49.436
3588,47.838
3589,46.85425
3590,46.16925
3591,47.05425
3592,47.9605
3593,48.201
3594,47.598
3595,47.16025
3596,46.39875
3597,42.92475
3598,40.17075
3599,39.0215
3600,38.417
3601,38.41725
3602,38.89725
3603,41.08775
3604,46.63725
3605,51.9245
3606,55.389
3607,56.35775
3608,56.88125
3609,57.988
3610,58.2745
3611,57.01775
3612,55.697
3613,54.4705
3614,53.61225
3615,54.05025
3616,53.9305
3617,53.19575
3618,51.4795
3619,50.13375
3620,48.6825
3621,45.085
3622,42.0805
3623,39.77125
3624,38.73475
3625,38.27825
3626,38.53525
3627,38.65225
3628,40.9015
3629,44.1185
3630,48.33575
3631,51.52825
3632,53.2915
3633,53.8385
3634,53.3935
3635,52.12
3636,50.9035
3637,49.99975
3638,49.5595
3639,49.75625
3640,50.05425
3641,49.496
3642,48.01975
3643,46.86625
3644,45.93425
3645,42.85175
3646,40.04525
3647,38.116
3648,36.676
3649,36.22675
3650,36.05425
3651,35.54325
3652,36.63375
3653,39.15525
3654,43.13225
3655,46.22475
3656,47.891
3657,49.2335
3658,48.9255
3659,47.56075
3660,46.325
3661,45.71825
3662,45.742
3663,47.02325
3664,48.14425
3665,48.7595
3666,48.60225
3667,47.7125
3668,47.91175
3669,44.98
3670,43.00375
3671,41.25625
3672,40.53725
3673,40.16775
3674,40.34375
3675,43.9215
3676,53.088
3677,59.851
3678,63.396
3679,64.627
3680,66.22725
3681,67.84475
3682,67.50575
3683,66.56825
3684,65.77175
3685,65.69725
3686,64.21525
3687,63.8165
3688,63.254
3689,62.56325
3690,60.23525
3691,57.99975
3692,54.623
3693,50.38175
3694,47.213
3695,45.7065
3696,44.66575
3697,44.8215
3698,45.72875
3699,48.815
3700,56.3565
3701,62.48725
3702,65.475
3703,66.32
3704,67.50875
3705,68.4205
3706,67.94775
3707,67.51775
3708,66.55775
3709,65.39075
3710,64.1155
3711,63.8635
3712,63.3085
3713,62.68
3714,61.0125
3715,58.5955
3716,56.02825
3717,52.062
3718,48.84
3719,47.013
3720,45.5815
3721,45.4165
3722,46.30275
3723,48.81925
3724,56.526
3725,62.8275
3726,65.603
3727,66.41425
3728,67.7385
3729,68.88625
3730,68.042
3731,67.853
3732,66.5305
3733,65.53925
3734,64.546
3735,64.20475
3736,63.6135
3737,62.773
3738,60.275
3739,57.4365
3740,55.02125
3741,50.9145
3742,48.5075
3743,47.07475
3744,46.0115
3745,46.483
3746,46.811
3747,49.75525
3748,56.42175
3749,62.57575
3750,65.527
3751,66.3485
3752,67.95875
3753,68.99275
3754,68.3205
3755,67.527
3756,65.4325
3757,63.85225
3758,62.30475
3759,62.0965
3760,61.2475
3761,60.1505
3762,57.2775
3763,55.22375
3764,52.771
3765,48.696
3766,45.89425
3767,44.15075
3768,43.095
3769,43.418
3770,44.479
3771,47.11675
3772,53.8355
3773,59.43
3774,62.76425
3775,63.42625
3776,64.58875
3777,65.6925
3778,65.50175
3779,64.6965
3780,63.12025
3781,62.25425
3782,61.37125
3783,60.78025
3784,59.451
3785,58.2675
3786,56.234
3787,53.608
3788,51.12825
3789,47.477
3790,44.58625
3791,43.07575
3792,42.158
3793,41.2685
3794,41.26575
3795,41.35525
3796,43.3455
3797,46.6635
3798,50.00075
3799,52.81525
3800,54.264
3801,55.46175
3802,53.9985
3803,52.409
3804,50.436
3805,49.25575
3806,49.2325
3807,50.00975
3808,49.273
3809,48.36025
3810,46.46325
3811,45.10025
3812,44.41375
3813,41.649
3814,39.19425
3815,37.24325
3816,36.046
3817,35.62725
3818,35.5725
3819,34.7505
3820,35.4995
3821,37.56375
3822,41.0015
3823,43.738
3824,45.45825
3825,47.14275
3826,46.7035
3827,44.63175
3828,43.1205
3829,42.25325
3830,41.98425
3831,42.5645
3832,43.682
3833,44.058
3834,43.414
3835,42.69725
3836,42.16525
3837,39.419
3838,37.22275
3839,35.678
3840,35.07575
3841,34.46675
3842,34.496
3843,34.884
3844,35.8315
3845,38.228
3846,41.5275
3847,44.1995
3848,45.82575
3849,47.736
3850,48.9795
3851,47.85675
3852,46.64025
3853,46.21
3854,46.0165
3855,47.26225
3856,48.16
3857,47.98525
3858,46.63975
3859,46.35725
3860,45.56925
3861,42.18675
3862,40.3005
3863,39.178
3864,38.536
3865,38.55025
3866,40.077
3867,44.013
3868,52.621
3869,58.63475
3870,61.237
3871,63.16375
3872,65.06775
3873,66.7385
3874,66.62375
3875,65.685
3876,64.4095
3877,64.06325
3878,62.57375
3879,61.9595
3880,61.97775
3881,61.06725
3882,58.736
3883,56.512
3884,54.06875
3885,50.23275
3886,46.90275
3887,45.305
3888,44.58275
3889,44.61375
3890,44.9395
3891,48.44275
3892,56.4525
3893,61.97175
3894,65.0315
3895,66.35525
3896,68.09775
3897,69.522
3898,68.837
3899,67.48325
3900,66.25675
3901,64.6075
3902,63.02875
3903,62.764
3904,62.4335
3905,61.21425
3906,58.969
3907,56.57325
3908,54.2745
3909,50.40725
3910,46.55575
3911,44.496
3912,43.4725
3913,43.901
3914,45.16125
3915,47.72075
3916,55.06925
3917,60.92925
3918,63.69975
3919,64.7795
3920,65.755
3921,67.41275
3922,67.109
3923,66.28725
3924,65.26875
3925,63.77925
3926,62.2315
3927,61.8085
3928,61.24
3929,60.2815
3930,58.0605
3931,55.78575
3932,53.973
3933,50.3205
3934,47.14725
3935,45.5405
3936,44.3995
3937,44.163
3938,44.689
3939,47.18075
3940,54.495
3941,60.0525
3942,63.65
3943,64.79625
3944,66.1945
3945,66.883
3946,65.8965
3947,64.407
3948,63.455
3949,62.7825
3950,61.45525
3951,61.226
3952,60.72025
3953,59.889
3954,57.227
3955,54.82725
3956,52.97425
3957,49.363
3958,45.96375
3959,43.6375
3960,42.094
3961,41.7305
3962,41.11775
3963,40.3605
3964,43.16125
3965,47.33825
3966,50.432
3967,53.7915
3968,56.39925
3969,56.759
3970,55.317
3971,52.987
3972,51.1205
3973,50.5915
3974,50.99475
3975,51.5295
3976,51.09875
3977,50.591
3978,48.04075
3979,46.29525
3980,45.6205
3981,42.47875
3982,39.54825
3983,37.71
3984,37.116
3985,36.813
3986,36.999
3987,37.04225
3988,37.84275
3989,40.20225
3990,43.2815
3991,45.697
3992,47.6275
3993,50.09875
3994,50.0015
3995,48.387
3996,47.06875
3997,46.59625
3998,46.1665
3999,46.91325
4000,48.09275
4001,48.0955
4002,47.4805
4003,46.6375
4004,47.1715
4005,44.377
4006,42.08375
4007,40.7505
4008,39.82525
4009,40.1745
4010,41.8825
4011,45.19
4012,53.22075
4013,59.56225
4014,63.11725
4015,64.05725
4016,65.2165
4017,66.4505
4018,66.21225
4019,65.796
4020,64.6215
4021,63.41425
4022,62.268
4023,62.07125
4024,61.79
4025,61.22075
4026,58.90675
4027,56.4825
4028,54.2175
4029,50.369
4030,46.859
4031,45.29825
4032,44.50125
4033,44.5925
4034,45.3565
4035,47.8935
4036,55.45925
4037,61.4905
4038,64.8175
4039,66.09125
4040,67.34125
4041,68.91525
4042,68.16525
4043,67.30625
4044,66.49975
4045,65.76025
4046,64.67
4047,64.3505
4048,63.6425
4049,62.7715
4050,60.30275
4051,57.74775
4052,55.37625
4053,51.2175
4054,47.9685
4055,46.1845
4056,44.9195
4057,44.96325
4058,45.5785
4059,47.903
4060,55.5075
4061,61.2165
4062,64.52275
4063,65.776
4064,67.518
4065,68.88475
4066,69.0015
4067,68.2795
4068,67.129
4069,65.73225
4070,64.224
4071,64.236
4072,63.5405
4073,62.10475
4074,59.3585
4075,56.24575
4076,53.4985
4077,48.57725
4078,45.791
4079,43.756
4080,43.2485
4081,43.16975
4082,42.83325
4083,42.58025
4084,44.45475
4085,48.214
4086,50.67775
4087,52.286
4088,54.104
4089,56.00475
4090,56.07475
4091,54.759
4092,53.50775
4093,52.50975
4094,51.50025
4095,51.91325
4096,52.814
4097,52.069
4098,50.664
4099,49.489
4100,48.801
4101,45.2595
4102,42.6495
4103,40.77825
4104,40.3255
4105,40.16025
4106,40.99325
4107,43.01925
4108,49.00225
4109,54.07025
4110,57.29675
4111,58.74375
4112,60.22475
4113,61.359
4114,61.034
4115,60.26525
4116,58.99375
4117,58.029
4118,56.7645
4119,56.157
4120,56.02025
4121,55.1
4122,52.834
4123,50.273
4124,48.87575
4125,45.474
4126,42.6245
4127,40.632
4128,39.29625
4129,38.76175
4130,38.9695
4131,39.119
4132,41.40825
4133,44.7145
4134,48.3515
4135,51.42175
4136,53.095
4137,54.0005
4138,53.70625
4139,52.117
4140,50.955
4141,50.43875
4142,49.77325
4143,50.00425
4144,50.132
4145,49.168
4146,47.04975
4147,45.6095
4148,44.8605
4149,42.4175
4150,39.26525
4151,37.4935
4152,36.63075
4153,36.38975
4154,35.6515
4155,35.09025
4156,36.48125
4157,38.9815
4158,42.23875
4159,44.981
4160,47.0725
4161,48.762
4162,49.05
4163,47.4355
4164,46.1045
4165,45.60525
4166,45.9275
4167,46.773
4168,47.879
4169,48.203
4170,47.64825
4171,46.9845
4172,47.51075
4173,44.4785
4174,42.162
4175,40.6895
4176,39.97975
4177,40.2575
4178,41.8265
4179,44.93275
4180,53.60975
4181,60.401
4182,64.04375
4183,65.3325
4184,66.75475
4185,68.04475
4186,67.92
4187,67.5295
4188,66.73125
4189,65.88375
4190,65.01225
4191,64.7145
4192,64.19925
4193,63.38025
4194,61.22725
4195,58.45275
4196,56.24325
4197,51.855
4198,48.73
4199,47.02825
4200,46.007
4201,45.70375
4202,46.4785
4203,49.40175
4204,56.7025
4205,62.832
4206,65.9675
4207,67.40325
4208,68.88675
4209,69.92925
4210,69.79625
4211,69.27225
4212,68.1555
4213,67.21375
4214,66.19975
4215,65.55525
4216,64.592
4217,64.374
4218,61.74025
4219,59.32375
4220,57.1795
4221,53.137
4222,49.6945
4223,47.54875
4224,46.36275
4225,46.1735
4226,47.059
4227,49.69125
4228,57.46575
4229,63.94375
4230,67.41825
4231,68.568
4232,70.07375
4233,70.88175
4234,70.23725
4235,69.79825
4236,68.774
4237,68.04275
4238,66.68425
4239,66.20875
4240,65.352
4241,64.341
4242,61.858
4243,59.287
4244,57.16575
4245,53.22125
4246,49.97475
4247,48.2015
4248,47.25375
4249,46.907
4250,47.567
4251,49.7735
4252,56.61475
4253,62.597
4254,65.71725
4255,66.706
4256,68.561
4257,69.3335
4258,68.9555
4259,68.25475
4260,67.044
4261,65.71425
4262,64.551
4263,64.20475
4264,63.34525
4265,62.403
4266,59.8965
4267,57.1935
4268,55.18175
4269,51.4035
4270,47.8
4271,45.994
4272,45.04675
4273,45.0115
4274,45.82625
4275,47.98775
4276,55.17825
4277,60.89675
4278,63.81325
4279,64.5295
4280,65.59275
4281,66.45425
4282,65.746
4283,64.36325
4284,62.87975
4285,61.6695
4286,61.19575
4287,60.9555
4288,60.2115
4289,59.2495
4290,56.70625
4291,54.16725
4292,52.2565
4293,48.82475
4294,45.12975
4295,43.073
4296,41.7585
4297,41.223
4298,40.91475
4299,40.767
4300,42.86525
4301,46.6095
4302,50.53975
4303,53.5155
4304,54.928
4305,55.41925
4306,54.9665
4307,53.70975
4308,52.4215
4309,51.85025
4310,51.28175
4311,51.57475
4312,51.796
4313,51.004
4314,48.93175
4315,46.985
4316,46.37725
4317,43.711
4318,40.9065
4319,38.975
4320,37.88975
4321,37.10825
4322,36.955
4323,36.69825
4324,37.95075
4325,40.553
4326,44.3905
4327,47.26425
4328,49.4305
4329,51.09325
4330,50.72075
4331,49.42125
4332,48.27075
4333,48.063
4334,48.23575
4335,49.32375
4336,49.83975
4337,50.45025
4338,50.13025
4339,49.385
4340,50.1575
4341,47.118
4342,46.07575
4343,44.24625
4344,43.39075
4345,43.421
4346,44.108
4347,47.479
4348,56.03425
4349,62.13
4350,65.7655
4351,67.2185
4352,69.52425
4353,71.1835
4354,71.01025
4355,70.755
4356,70.18275
4357,69.626
4358,67.50825
4359,66.5775
4360,66.217
4361,65.8225
4362,62.544
4363,59.4745
4364,56.74875
4365,52.518
4366,49.47225
4367,47.71525
4368,46.662
4369,46.76125
4370,47.78575
4371,50.348
4372,57.45675
4373,63.0565
4374,66.536
4375,67.23225
4376,68.3245
4377,69.53725
4378,69.33975
4379,68.9355
4380,67.788
4381,66.41475
4382,65.08
4383,64.69025
4384,63.98125
4385,62.841
4386,60.23925
4387,57.37
4388,54.77
4389,51.0105
4390,47.82325
4391,46.253
4392,45.608
4393,45.74575
4394,46.5705
4395,49.09575
4396,56.31425
4397,61.82425
4398,65.64325
4399,66.82525
4400,68.22875
4401,69.57575
4402,68.69825
4403,67.72175
4404,66.21125
4405,65.6095
4406,64.1665
4407,64.18775
4408,63.5
4409,62.2105
4410,60.04425
4411,57.80375
4412,56.09225
4413,51.77975
4414,48.17325
4415,46.682
4416,45.5165
4417,45.65925
4418,46.55475
4419,49.21975
4420,56.1285
4421,61.7615
4422,65.32325
4423,66.494
4424,67.6615
4425,69.243
4426,68.8665
4427,68.34375
4428,67.3685
4429,66.50825
4430,65.29375
4431,64.868
4432,64.13075
4433,63.3795
4434,60.862
4435,58.38975
4436,56.3355
4437,52.567
4438,49.3035
4439,47.589
4440,46.7825
4441,46.7715
4442,47.573
4443,49.835
4444,57.13275
4445,62.837
4446,66.079
4447,67.5485
4448,68.22925
4449,68.75225
4450,67.88525
4451,66.8895
4452,65.687
4453,64.1165
4454,62.96575
4455,62.2855
4456,61.62775
4457,59.862
4458,56.88525
4459,54.60625
4460,52.813
4461,49.28325
4462,46.552
4463,44.1595
4464,42.397
4465,41.8465
4466,41.58925
4467,41.5705
4468,43.3675
4469,46.62375
4470,50.70475
4471,54.05225
4472,55.9275
4473,56.83575
4474,56.67425
4475,55.64975
4476,54.561
4477,53.69
4478,53.089
4479,52.94675
4480,53.10975
4481,52.592
4482,50.174
4483,48.8045
4484,48.13275
4485,45.29775
4486,42.51825
4487,40.6455
4488,39.479
4489,38.891
4490,38.6765
4491,38.38975
4492,39.61
4493,41.61775
4494,44.4495
4495,47.4975
4496,49.5535
4497,51.233
4498,51.80675
4499,50.15025
4500,49.40875
4501,48.63975
4502,48.715
4503,49.4525
4504,49.38225
4505,49.20175
4506,48.249
4507,47.39575
4508,47.61075
4509,44.9325
4510,43.18125
4511,41.5455
4512,40.30025
4513,40.62975
4514,41.869
4515,45.346
4516,53.467
4517,59.78475
4518,62.53925
4519,64.1505
4520,66.21175
4521,67.44925
4522,67.815
4523,67.204
4524,65.88575
4525,64.7075
4526,63.22625
4527,62.95575
4528,62.15475
4529,60.892
4530,58.43925
4531,56.24425
4532,54.02375
4533,49.8195
4534,47.05125
4535,45.4835
4536,44.92175
4537,45.054
4538,45.88975
4539,48.18225
4540,55.443
4541,60.9355
4542,63.167
4543,64.25825
4544,65.9745
4545,67.8565
4546,67.0065
4547,66.55275
4548,65.60675
4549,64.47475
4550,63.24575
4551,62.8475
4552,62.2805
4553,61.36225
4554,58.7965
4555,56.384
4556,54.0605
4557,50.26175
4558,47.28425
4559,45.45775
4560,44.32175
4561,44.58825
4562,45.5515
4563,47.947
4564,55.02975
4565,60.53525
4566,62.803
4567,63.658
4568,64.9665
4569,66.83175
4570,66.7215
4571,66.451
4572,65.65175
4573,64.61325
4574,62.83325
4575,62.417
4576,62.41775
4577,61.49225
4578,58.638
4579,56.53425
4580,53.932
4581,49.596
4582,47.05925
4583,45.5135
4584,44.28975
4585,44.43
4586,45.344
4587,48.06675
4588,54.763
4589,60.39625
4590,63.631
4591,64.879
4592,66.43975
4593,67.7665
4594,67.19625
4595,66.507
4596,64.9395
4597,63.76425
4598,62.766
4599,62.4435
4600,61.9665
4601,61.11075
4602,58.63425
4603,56.1815
4604,53.37025
4605,49.4685
4606,46.6365
4607,45.1165
4608,44.09775
4609,44.3355
4610,45.49825
4611,48.1945
4612,55.18575
4613,60.776
4614,64.404
4615,65.82725
4616,67.25125
4617,67.927
4618,66.625
4619,64.91
4620,63.5905
4621,62.95075
4622,61.9125
4623,61.30075
4624,60.50525
4625,58.96875
4626,55.98475
4627,53.66575
4628,51.054
4629,47.97725
4630,45.224
4631,43.00875
4632,41.65275
4633,41.42975
4634,41.3455
4635,41.47175
4636,43.23725
4637,46.2915
4638,49.82475
4639,52.925
4640,54.98475
4641,56.0665
4642,54.93025
4643,53.3765
4644,51.864
4645,51.36325
4646,50.955
4647,51.6085
4648,51.43375
4649,50.43375
4650,48.18175
4651,46.8525
4652,45.62675
4653,42.9075
4654,40.47
4655,38.566
4656,37.2825
4657,36.902
4658,36.60125
4659,36.52575
4660,37.4585
4661,39.00675
4662,41.968
4663,44.95725
4664,47.528
4665,49.6995
4666,49.3955
4667,48.019
4668,47.00425
4669,46.5305
4670,46.48175
4671,47.172
4672,48.0205
4673,47.75575
4674,47.05475
4675,46.6905
4676,46.36925
4677,43.39775
4678,40.994
4679,39.47125
4680,38.6535
4681,39.279
4682,40.9925
4683,44.523
4684,52.565
4685,58.61875
4686,62.1165
4687,63.287
4688,65.20425
4689,66.70825
4690,66.3935
4691,65.72875
4692,64.63425
4693,63.4665
4694,62.43525
4695,62.3025
4696,61.8095
4697,60.7135
4698,58.362
4699,56.215
4700,53.79425
4701,49.63025
4702,46.11
4703,44.656
4704,43.67375
4705,43.66425
4706,44.70375
4707,47.75175
4708,54.4505
4709,60.314
4710,64.0575
4711,65.4675
4712,66.95175
4713,67.47425
4714,66.8475
4715,66.18525
4716,65.43775
4717,64.18025
4718,62.93625
4719,62.65725
4720,62.23425
4721,61.308
4722,58.54875
4723,56.48875
4724,54.14875
4725,50.305
4726,47.063
4727,45.10775
4728,43.68
4729,43.526
4730,44.544
4731,47.13625
4732,53.94225
4733,59.41475
4734,62.7635
4735,63.80925
4736,65.1495
4737,66.20525
4738,65.70525
4739,65.01225
4740,63.801
4741,63.018
4742,61.5145
4743,61.1705
4744,60.6865
4745,59.4305
4746,57.216
4747,55.38175
4748,53.0895
4749,48.756
4750,45.696
4751,43.99
4752,42.98475
4753,43.175
4754,43.98375
4755,46.7655
4756,53.55225
4757,59.09725
4758,62.551
4759,63.71425
4760,64.9035
4761,66.3825
4762,65.97375
4763,65.364
4764,64.53775
4765,63.7175
4766,62.1785
4767,62.13025
4768,61.5395
4769,60.673
4770,58.147
4771,56.1935
4772,53.5475
4773,49.65375
4774,46.99275
4775,45.25075
4776,44.3205
4777,44.306
4778,45.1725
4779,47.796
4780,54.483
4781,59.9505
4782,63.20325
4783,64.3485
4784,65.69775
4785,66.91125
4786,66.4195
4787,64.91025
4788,63.462
4789,62.02025
4790,60.7705
4791,59.826
4792,59.197
4793,57.65675
4794,54.83925
4795,52.87175
4796,50.985
4797,47.49175
4798,44.704
4799,42.57425
4800,40.958
4801,40.36275
4802,40.1485
4803,40.31225
4804,42.61675
4805,45.9865
4806,50.23425
4807,53.35975
4808,55.34125
4809,56.49875
4810,56.66525
4811,54.866
4812,52.51025
4813,52.142
4814,52.05625
4815,51.38425
4816,52.172
4817,51.18425
4818,49.2565
4819,47.841
4820,46.62925
4821,43.662
4822,40.57025
4823,38.774
4824,37.88
4825,37.145
4826,37.02375
4827,37.208
4828,37.78825
4829,39.654
4830,42.663
4831,45.46475
4832,48.05875
4833,50.8845
4834,51.09575
4835,49.608
4836,48.69575
4837,47.871
4838,47.47075
4839,47.969
4840,48.53675
4841,48.31675
4842,47.661
4843,47.5485
4844,47.372
4845,44.65025
4846,42.0325
4847,40.044
4848,39.18225
4849,39.45575
4850,40.79225
4851,44.4605
4852,51.96225
4853,58.298
4854,62.1225
4855,63.5305
4856,65.14075
4857,66.58175
4858,66.58725
4859,66.26275
4860,64.967
4861,64.12975
4862,63.32475
4863,62.98775
4864,62.14275
4865,60.80725
4866,58.07525
4867,56.0465
4868,53.77675
4869,49.664
4870,46.86125
4871,45.18275
4872,43.9835
4873,43.96075
4874,44.581
4875,47.18475
4876,53.88475
4877,59.70275
4878,63.31
4879,65.08775
4880,66.919
4881,68.2465
4882,67.532
4883,67.09425
4884,66.26025
4885,65.1335
4886,63.87525
4887,63.554
4888,62.75075
4889,61.80125
4890,59.329
4891,57.55475
4892,54.958
4893,50.754
4894,47.77175
4895,46.44575
4896,45.456
4897,45.49
4898,46.2735
4899,48.91275
4900,55.359
4901,61.02375
4902,64.501
4903,66.10725
4904,68.06225
4905,69.266
4906,68.559
4907,67.8995
4908,67.188
4909,66.003
4910,64.65375
4911,63.75225
4912,62.87
4913,61.88175
4914,59.72525
4915,58.09125
4916,55.858
4917,52.231
4918,49.505
4919,47.93775
4920,46.7415
4921,46.40975
4922,47.05575
4923,49.5145
4924,55.2545
4925,61.03225
4926,64.47175
4927,66.16575
4928,68.1345
4929,69.42875
4930,68.7425
4931,68.1545
4932,67.01925
4933,65.9175
4934,64.52375
4935,64.24675
4936,63.61225
4937,62.602
4938,60.7455
4939,59.38125
4940,56.77575
4941,52.7695
4942,49.18675
4943,47.3805
4944,46.6115
4945,46.4305
4946,47.54
4947,50.10775
4948,56.183
4949,61.355
4950,64.91525
4951,66.7965
4952,68.423
4953,69.307
4954,68.27425
4955,67.0525
4956,65.92175
4957,64.7935
4958,64.33725
4959,64.0755
4960,63.0845
4961,61.6035
4962,58.852
4963,56.9675
4964,54.8905
4965,50.716
4966,47.423
4967,44.734
4968,43.4105
4969,42.992
4970,42.3795
4971,42.3895
4972,44.207
4973,47.217
4974,50.69425
4975,53.8405
4976,55.89
4977,57.5685
4978,57.062
4979,55.354
4980,54.4965
4981,53.6405
4982,53.10375
4983,53.413
4984,53.32775
4985,52.336
4986,50.2815
4987,49.20525
4988,47.9525
4989,45.09775
4990,42.4925
4991,40.546
4992,39.68975
4993,39.134
4994,38.80025
4995,38.72825
4996,39.104
4997,40.7525
4998,43.7335
4999,46.2215
5000,48.478
5001,50.3065
5002,50.2625
5003,49.164
5004,48.09275
5005,47.754
5006,47.56775
5007,48.40425
5008,49.34175
5009,49.5775
5010,48.488
5011,48.726
5012,47.90025
5013,44.9515
5014,42.099
5015,41.048
5016,40.68275
5017,40.55375
5018,41.7145
5019,44.97625
5020,52.69625
5021,59.095
5022,62.70675
5023,63.97675
5024,65.9
5025,66.52725
5026,65.89325
5027,65.2035
5028,64.0275
5029,63.33575
5030,61.993
5031,61.6245
5032,60.94425
5033,59.92175
5034,57.519
5035,55.87775
5036,53.3735
5037,49.2515
5038,46.0825
5039,44.52325
5040,43.6615
5041,43.50875
5042,44.6915
5043,47.40475
5044,53.7045
5045,59.39225
5046,62.702
5047,64.55975
5048,66.232
5049,67.674
5050,67.0065
5051,66.70075
5052,66.17325
5053,65.16925
5054,64.1245
5055,63.2765
5056,63.0755
5057,61.836
5058,59.29175
5059,57.81
5060,54.7935
5061,50.47575
5062,47.243
5063,45.5945
5064,44.67275
5065,44.418
5066,45.41625
5067,48.42925
5068,55.02875
5069,60.5445
5070,63.39675
5071,64.0495
5072,65.6975
5073,67.5775
5074,66.536
5075,65.5185
5076,64.293
5077,63.4655
5078,62.499
5079,61.982
5080,61.69375
5081,60.5655
5082,58.01575
5083,56.145
5084,52.96825
5085,48.8525
5086,45.96825
5087,44.36825
5088,43.608
5089,43.4905
5090,44.66125
5091,47.31275
5092,53.2485
5093,58.45475
5094,61.41175
5095,62.807
5096,64.316
5097,65.54475
5098,65.229
5099,64.547
5100,63.53525
5101,62.3625
5102,61.045
5103,60.415
5104,60.155
5105,58.94675
5106,56.51125
5107,55.0995
5108,52.396
5109,48.36875
5110,45.613
5111,43.7605
5112,42.86175
5113,42.99475
5114,43.9375
5115,46.77
5116,52.7485
5117,58.224
5118,61.54375
5119,62.97825
5120,64.48075
5121,65.52
5122,64.55225
5123,62.891
5124,61.3395
5125,60.57075
5126,59.61025
5127,59.64825
5128,58.607
5129,56.9495
5130,54.5135
5131,52.636
5132,49.67125
5133,46.06275
5134,42.88825
5135,41.36425
5136,39.92
5137,39.6065
5138,39.582
5139,39.87175
5140,41.3645
5141,44.61325
5142,48.2085
5143,51.1305
5144,53.23325
5145,53.98575
5146,53.5025
5147,51.99775
5148,50.1255
5149,49.448
5150,48.9105
5151,49.49225
5152,49.26775
5153,48.44025
5154,46.471
5155,45.81425
5156,44.193
5157,41.2915
5158,38.8415
5159,37.51675
5160,36.49525
5161,36.147
5162,36.07725
5163,36.213
5164,36.53725
5165,38.35625
5166,41.49325
5167,44.28775
5168,46.42525
5169,48.5125
5170,47.8385
5171,46.8165
5172,45.91575
5173,45.2205
5174,45.09175
5175,45.54475
5176,46.08625
5177,45.75725
5178,45.2185
5179,45.50575
5180,44.39375
5181,41.232
5182,39.56575
5183,38.509
5184,37.48275
5185,37.44775
5186,38.76825
5187,42.55775
5188,49.682
5189,55.28125
5190,59.3
5191,61.085
5192,62.657
5193,64.0795
5194,63.2515
5195,62.88725
5196,62.38225
5197,61.67225
5198,60.11125
5199,59.751
5200,59.1815
5201,58.28775
5202,55.9565
5203,54.36625
5204,50.7545
5205,47.01425
5206,44.98325
5207,43.086
5208,42.1825
5209,42.1055
5210,43.2755
5211,46.1255
5212,52.49825
5213,58.0285
5214,61.63025
5215,63.18325
5216,64.8635
5217,66.59375
5218,65.791
5219,64.88125
5220,63.9045
5221,62.36925
5222,61.03975
5223,61.23975
5224,60.17075
5225,58.4845
5226,56.1065
5227,54.9785
5228,51.109
5229,47.39575
5230,44.662
5231,42.9225
5232,42.28625
5233,42.6495
5234,43.81825
5235,46.72125
5236,52.93525
5237,58.37125
5238,61.28425
5239,63.062
5240,65.146
5241,66.6255
5242,65.875
5243,65.27825
5244,63.78925
5245,62.392
5246,61.232
5247,61.06075
5248,60.32225
5249,59.09625
5250,57.0125
5251,55.58125
5252,51.87025
5253,48.154
5254,45.32175
5255,43.6095
5256,42.8945
5257,43.078
5258,44.115
5259,47.369
5260,53.0405
5261,58.3895
5262,61.9125
5263,63.476
5264,65.174
5265,66.968
5266,66.87625
5267,65.8895
5268,64.71525
5269,64.15825
5270,62.65225
5271,61.78175
5272,61.16925
5273,59.9535
5274,57.32475
5275,56.10275
5276,52.91125
5277,48.75275
5278,45.828
5279,44.0735
5280,43.14475
5281,43.2015
5282,44.1625
5283,47.16375
5284,53.026
5285,58.36175
5286,61.786
5287,63.41775
5288,64.886
5289,66.07575
5290,65.7995
5291,64.68675
5292,63.06875
5293,61.485
5294,61.29325
5295,61.4035
5296,60.5025
5297,58.756
5298,56.685
5299,54.774
5300,51.65325
5301,48.118
5302,45.72425
5303,43.6365
5304,42.09175
5305,41.458
5306,41.59325
5307,42.1295
5308,43.748
5309,47.304
5310,50.71725
5311,54.49725
5312,56.20225
5313,57.36175
5314,57.05575
5315,55.51375
5316,53.851
5317,53.3305
5318,53.306
5319,53.51225
5320,53.40075
5321,52.0805
5322,49.777
5323,48.5075
5324,46.379
5325,43.8755
5326,41.9175
5327,40.1665
5328,39.00375
5329,38.47625
5330,38.30825
5331,38.628
5332,39.20325
5333,41.3635
5334,44.33725
5335,47.32175
5336,49.777
5337,52.17575
5338,51.45675
5339,49.66775
5340,48.61775
5341,47.8985
5342,46.5735
5343,46.5885
5344,47.91425
5345,47.4715
5346,47.22
5347,47.125
5348,45.39075
5349,42.84525
5350,41.06375
5351,40.017
5352,39.40575
5353,39.1445
5354,40.383
5355,44.52075
5356,51.627
5357,57.4555
5358,61.09875
5359,62.784
5360,64.70075
5361,66.338
5362,65.08975
5363,64.7205
5364,62.848
5365,61.54725
5366,61.0845
5367,60.7025
5368,59.96725
5369,58.776
5370,56.86025
5371,55.62575
5372,51.7245
5373,47.58725
5374,45.1575
5375,43.1825
5376,42.49175
5377,42.47525
5378,43.571
5379,46.99475
5380,53.30825
5381,58.4215
5382,61.65925
5383,62.879
5384,64.62725
5385,66.37975
5386,66.142
5387,64.79025
5388,63.954
5389,63.18525
5390,61.7115
5391,61.15225
5392,60.57275
5393,59.13975
5394,56.85125
5395,55.82975
5396,51.82075
5397,47.9035
5398,45.5175
5399,43.725
5400,42.82275
5401,43.0985
5402,44.047
5403,46.99825
5404,53.312
5405,58.59075
5406,61.1435
5407,62.24
5408,63.374
5409,65.08975
5410,64.4135
5411,63.65075
5412,62.26225
5413,61.13375
5414,59.43975
5415,59.06225
5416,58.75925
5417,58.16
5418,56.2135
5419,54.7945
5420,50.82725
5421,46.75025
5422,44.1425
5423,42.50175
5424,42.06225
5425,42.38775
5426,43.62775
5427,46.72025
5428,52.3755
5429,56.6675
5430,59.8865
5431,61.53575
5432,63.127
5433,64.85575
5434,64.708
5435,64.09425
5436,63.217
5437,62.64775
5438,61.85875
5439,60.961
5440,60.49625
5441,58.76225
5442,56.68
5443,55.1425
5444,51.3205
5445,47.67325
5446,44.91525
5447,43.46175
5448,42.80975
5449,42.796
5450,43.7165
5451,46.562
5452,52.42225
5453,57.3095
5454,60.261
5455,61.64025
5456,63.34525
5457,64.06325
5458,63.134
5459,61.79125
5460,60.04925
5461,58.314
5462,57.3165
5463,56.8975
5464,56.241
5465,55.37825
5466,53.548
5467,52.21025
5468,48.53075
5469,45.217
5470,43.2465
5471,41.70925
5472,40.97675
5473,40.74175
5474,40.786
5475,41.96425
5476,43.197
5477,46.126
5478,49.319
5479,52.03375
5480,53.63825
5481,54.96875
5482,54.5385
5483,53.13575
5484,52.62225
5485,51.7795
5486,50.94375
5487,51.09275
5488,50.505
5489,49.49125
5490,48.039
5491,47.011
5492,44.6755
5493,41.96975
5494,39.38275
5495,37.38575
5496,36.5375
5497,35.737
5498,35.79575
5499,36.65275
5500,37.238
5501,38.97475
5502,42.124
5503,44.9325
5504,47.60225
5505,49.7645
5506,50.06825
5507,48.864
5508,47.97
5509,47.23125
5510,46.91725
5511,47.13475
5512,47.96575
5513,47.442
5514,47.50825
5515,48.0485
5516,46.70575
5517,43.215
5518,41.704
5519,40.2245
5520,39.5205
5521,39.70675
5522,41.06125
5523,45.265
5524,52.8285
5525,58.6415
5526,62.324
5527,64.083
5528,65.9385
5529,66.9025
5530,67.14325
5531,66.2535
5532,64.6195
5533,63.151
5534,61.0825
5535,60.3535
5536,60.3855
5537,59.26225
5538,57.6655
5539,55.83675
5540,51.2615
5541,46.9925
5542,44.8965
5543,43.57175
5544,42.77575
5545,42.86225
5546,43.9265
5547,47.07425
5548,53.56425
5549,58.2665
5550,61.40525
5551,62.755
5552,64.4675
5553,65.8615
5554,64.86325
5555,64.1655
5556,63.127
5557,61.95375
5558,60.7255
5559,60.50175
5560,60.18275
5561,59.3835
5562,57.801
5563,55.61925
5564,51.21775
5565,47.318
5566,44.72275
5567,43.1975
5568,42.306
5569,42.43825
5570,43.45825
5571,46.95375
5572,53.57
5573,58.814
5574,60.98775
5575,62.253
5576,63.50225
5577,64.8225
5578,64.58675
5579,63.89
5580,62.441
5581,61.32375
5582,59.8985
5583,59.346
5584,58.87725
5585,58.123
5586,56.9935
5587,55.39725
5588,50.50775
5589,46.66525
5590,44.2315
5591,42.87075
5592,41.86725
5593,42.026
5594,43.14625
5595,46.78075
5596,53.28325
5597,58.12775
5598,60.85225
5599,62.03575
5600,63.39
5601,64.7485
5602,64.3225
5603,63.7905
5604,62.599
5605,61.7775
5606,60.46225
5607,60.0215
5608,59.51725
5609,58.666
5610,57.5315
5611,56.13675
5612,51.9385
5613,48.251
5614,45.385
5615,43.9995
5616,42.8065
5617,42.70225
5618,43.7575
5619,46.93725
5620,53.41125
5621,58.317
5622,61.03125
5623,62.43575
5624,64.0305
5625,65.1275
5626,63.81725
5627,62.639
5628,61.208
5629,59.997
5630,59.052
5631,58.663
5632,57.97375
5633,56.82775
5634,55.44225
5635,53.2715
5636,49.06225
5637,45.868
5638,43.15075
5639,41.43
5640,40.0365
5641,39.56675
5642,39.345
5643,40.2255
5644,41.741
5645,44.8475
5646,48.6895
5647,51.54925
5648,53.28075
5649,54.46725
5650,53.9645
5651,52.591
5652,51.13675
5653,50.44975
5654,49.93525
5655,50.17825
5656,50.20375
5657,49.51075
5658,48.49475
5659,47.81225
5660,45.5125
5661,42.7985
5662,40.0685
5663,38.258
5664,37.171
5665,36.68325
5666,36.3875
5667,36.5315
5668,36.987
5669,39.0415
5670,42.13
5671,45.12125
5672,47.3265
5673,49.09475
5674,49.20775
5675,48.048
5676,46.98
5677,46.35975
5678,46.0325
5679,47.24125
5680,48.29425
5681,48.5765
5682,49.2965
5683,49.0675
5684,46.998
5685,43.80575
5686,41.60125
5687,40.23725
5688,39.4425
5689,39.368
5690,40.78775
5691,45.04725
5692,53.12175
5693,58.96525
5694,62.5145
5695,64.45825
5696,66.14325
5697,67.81875
5698,67.52475
5699,67.44925
5700,66.264
5701,65.4585
5702,64.0325
5703,63.78
5704,63.0145
5705,61.5755
5706,60.697
5707,58.18125
5708,53.89875
5709,49.8855
5710,46.99075
5711,45.187
5712,44.60325
5713,44.78175
5714,45.6865
5715,49.45575
5716,56.17925
5717,61.213
5718,64.4445
5719,65.7835
5720,67.54025
5721,69.2135
5722,68.993
5723,68.7385
5724,67.47625
5725,66.845
5726,65.767
5727,65.26425
5728,64.7345
5729,64.09725
5730,62.51175
5731,59.4205
5732,54.55375
5733,50.616
5734,47.61775
5735,46.362
5736,45.53925
5737,45.52775
5738,46.559
5739,49.96175
5740,57.2265
5741,62.23025
5742,65.0135
5743,66.18875
5744,67.86825
5745,69.11
5746,69.13625
5747,68.54025
5748,67.8385
5749,66.37075
5750,64.96625
5751,64.467
5752,64.53125
5753,63.6695
5754,63.0935
5755,59.90325
5756,54.91375
5757,50.7385
5758,47.489
5759,46.1545
5760,45.1735
5761,45.21675
5762,46.0335
5763,49.307
5764,56.625
5765,61.8065
5766,64.80225
5767,65.783
5768,67.28875
5769,68.2635
5770,67.713
5771,67.164
5772,66.01125
5773,64.83875
5774,63.70275
5775,63.25
5776,62.618
5777,61.57225
5778,61.0405
5779,58.154
5780,53.65725
5781,49.47925
5782,46.53525
5783,44.8405
5784,43.78975
5785,43.9005
5786,44.79675
5787,48.2085
5788,55.58525
5789,60.9035
5790,64.29775
5791,65.1115
5792,66.0325
5793,67.0265
5794,66.18425
5795,65.22375
5796,63.93675
5797,62.81325
5798,61.93175
5799,61.206
5800,60.41125
5801,59.33
5802,58.24025
5803,55.4405
5804,50.912
5805,47.317
5806,44.044
5807,42.08825
5808,40.58475
5809,40.0285
5810,39.857
5811,40.83975
5812,42.5755
5813,45.417
5814,49.32575
5815,52.4575
5816,54.071
5817,55.048
5818,55.024
5819,54.24275
5820,53.5485
5821,52.685
5822,51.81425
5823,51.799
5824,51.74075
5825,50.86575
5826,50.4755
5827,48.813
5828,47.1165
5829,45.4615
5830,43.234
5831,40.85575
5832,39.022
5833,38.2615
5834,38.10325
5835,38.218
5836,38.88175
5837,40.21175
5838,42.9895
5839,45.8675
5840,47.9745
5841,49.8785
5842,50.05125
5843,49.23625
5844,47.854
5845,46.364
5846,46.57925
5847,47.551
5848,48.42875
5849,48.202
5850,48.75975
5851,46.868
5852,45.06925
5853,42.2055
5854,40.305
5855,39.3105
5856,38.93575
5857,39.22
5858,41.14325
5859,44.96225
5860,53.15775
5861,58.2575
5862,60.86625
5863,62.03325
5864,63.487
5865,65.5545
5866,65.489
5867,65.29725
5868,64.15775
5869,62.63425
5870,61.37475
5871,60.79475
5872,60.6125
5873,60.514
5874,60.05075
5875,56.86275
5876,52.0055
5877,47.92875
5878,44.71125
5879,43.61925
5880,43.31125
5881,43.592
5882,44.593
5883,48.57475
5884,56.5655
5885,61.39825
5886,63.4285
5887,63.676
5888,65.48675
5889,67.103
5890,67.10925
5891,66.48475
5892,65.49125
5893,64.3545
5894,62.8165
5895,62.368
5896,61.7365
5897,60.82075
5898,60.47475
5899,57.00275
5900,52.46575
5901,48.627
5902,45.59425
5903,44.16525
5904,43.145
5905,43.26
5906,44.265
5907,48.0955
5908,55.64325
5909,60.44525
5910,63.0885
5911,64.07575
5912,65.5885
5913,66.88925
5914,66.3945
5915,65.519
5916,64.657
5917,63.5605
5918,62.14425
5919,61.92325
5920,61.64125
5921,61.3565
5922,60.5125
5923,57.2645
5924,52.68925
5925,49.04325
5926,46.6585
5927,44.92875
5928,44.44925
5929,44.65225
5930,45.76275
5931,49.477
5932,56.9805
5933,61.606
5934,64.3865
5935,65.66225
5936,67.089
5937,68.6945
5938,68.13725
5939,67.7615
5940,66.91825
5941,65.72375
5942,64.23825
5943,63.974
5944,63.609
5945,62.8955
5946,62.035
5947,58.40575
5948,53.4495
5949,49.3965
5950,46.68075
5951,45.5005
5952,44.58825
5953,44.61675
5954,45.952
5955,49.4175
5956,56.43475
5957,61.2725
5958,64.10675
5959,64.6405
5960,65.76425
5961,66.47775
5962,65.86675
5963,64.27025
5964,62.6595
5965,61.46625
5966,60.53075
5967,60.31525
5968,59.64475
5969,59.11475
5970,58.146
5971,54.05
5972,50.159
5973,46.519
5974,43.68825
5975,42.5545
5976,41.628
5977,41.04525
5978,40.7765
5979,41.3335
5980,43.009
5981,45.594
5982,48.66975
5983,51.152
5984,52.8685
5985,54.0955
5986,53.14
5987,51.6335
5988,49.69975
5989,48.75625
5990,48.54025
5991,49.51875
5992,50.40325
5993,50.4755
5994,50.006
5995,47.11725
5996,44.53925
5997,41.73525
5998,39.14825
5999,37.68825
6000,36.7745
6001,36.3845
6002,36.33
6003,36.383
6004,37.5195
6005,39.04475
6006,42.5305
6007,45.71725
6008,47.91625
6009,49.84825
6010,49.508
6011,47.70475
6012,46.50725
6013,46.164
6014,46.0945
6015,47.2325
6016,48.611
6017,49
6018,49.48025
6019,47.0935
6020,45.21225
6021,42.32225
6022,39.787
6023,38.563
6024,38.41275
6025,38.737
6026,40.32975
6027,45.28875
6028,54.68975
6029,60.47825
6030,63.49075
6031,64.42475
6032,65.9635
6033,67.16925
6034,66.27825
6035,65.6075
6036,64.54125
6037,63.458
6038,61.748
6039,61.432
6040,61.46325
6041,61.544
6042,60.86475
6043,56.56175
6044,52.3055
6045,47.85825
6046,44.777
6047,43.44525
6048,42.9225
6049,43.48925
6050,44.889
6051,48.913
6052,57.20275
6053,62.1535
6054,64.68175
6055,65.2295
6056,66.73275
6057,68.21225
6058,67.903
6059,67.03225
6060,65.6595
6061,64.3225
6062,62.65575
6063,62.0755
6064,61.721
6065,61.65775
6066,61.585
6067,57.5595
6068,53.03925
6069,48.71875
6070,45.586
6071,44.05475
6072,43.43
6073,43.5775
6074,44.924
6075,49.0095
6076,58.094
6077,63.027
6078,65.168
6079,65.3355
6080,66.39775
6081,67.487
6082,67.80375
6083,67.44425
6084,66.24225
6085,65.40875
6086,63.76275
6087,63.59525
6088,63.75175
6089,64.242
6090,63.657
6091,59.3475
6092,54.71825
6093,50.475
6094,47.7755
6095,45.839
6096,44.8405
6097,44.69375
6098,45.61525
6099,49.419
6100,58.17825
6101,63.2025
6102,65.37175
6103,65.5955
6104,66.60325
6105,67.53
6106,67.28075
6107,66.8785
6108,65.7325
6109,64.5565
6110,63.26425
6111,62.67625
6112,62.38875
6113,62.60175
6114,62.44075
6115,58.306
6116,53.801
6117,49.78325
6118,46.87
6119,45.94075
6120,45.56575
6121,45.90775
6122,46.80375
6123,50.73925
6124,59.3295
6125,63.862
6126,66.1445
6127,66.87425
6128,68.36275
6129,69.36
6130,67.98725
6131,66.4995
6132,65.00125
6133,63.23025
6134,61.85
6135,61.236
6136,60.48075
6137,60.4415
6138,59.75975
6139,55.50125
6140,51.39525
6141,47.605
6142,44.52525
6143,42.46725
6144,41.02725
6145,40.4925
6146,40.883
6147,41.65575
6148,43.95675
6149,46.392
6150,50.012
6151,52.70725
6152,54.569
6153,55.63625
6154,54.81775
6155,52.90325
6156,51.1695
6157,50.472
6158,50.12675
6159,50.61725
6160,51.1515
6161,51.371
6162,51.2355
6163,48.20875
6164,45.6775
6165,42.771
6166,40.856
6167,39.4075
6168,38.683
6169,38.439
6170,38.3425
6171,39.177
6172,40.15675
6173,42.147
6174,45.65625
6175,48.46475
6176,50.3375
6177,51.84675
6178,51.706
6179,50.396
6180,49.0575
6181,48.215
6182,48.1635
6183,49.55825
6184,50.9315
6185,51.729
6186,52.34575
6187,49.905
6188,47.80975
6189,44.60325
6190,42.27225
6191,41.087
6192,40.19825
6193,40.27525
6194,42.16675
6195,46.87525
6196,56.4925
6197,62.0565
6198,64.42175
6199,64.895
6200,66.2445
6201,67.54225
6202,67.161
6203,66.5905
6204,65.75075
6205,64.842
6206,63.71025
6207,63.46525
6208,63.29425
6209,63.7605
6210,62.442
6211,58.19475
6212,53.785
6213,49.73175
6214,47.47725
6215,45.99125
6216,44.91775
6217,45.20425
6218,46.546
6219,50.5295
6220,59.3525
6221,64.41375
6222,66.624
6223,67.26925
6224,68.49175
6225,70.01925
6226,69.57
6227,68.9025
6228,67.915
6229,67.02025
6230,65.61225
6231,65.285
6232,65.03075
6233,65.8165
6234,65.115
6235,60.66325
6236,55.54125
6237,51.56625
6238,48.4535
6239,46.46475
6240,45.3395
6241,45.56825
6242,46.9085
6243,50.89825
6244,60.00625
6245,64.44525
6246,66.16425
6247,66.52275
6248,67.466
6249,68.20025
6250,67.52775
6251,67.286
6252,66.3105
6253,65.0885
6254,63.809
6255,63.4625
6256,62.94475
6257,63.80125
6258,62.518
6259,58.07275
6260,53.7965
6261,49.669
6262,47.143
6263,45.2255
6264,44.1105
6265,44.2515
6266,45.61075
6267,49.36525
6268,58
6269,62.5155
6270,64.445
6271,64.93075
6272,65.29575
6273,66.68175
6274,66.2695
6275,65.1035
6276,63.932
6277,62.81325
6278,61.40875
6279,61.11575
6280,61.3255
6281,62.52725
6282,61.63575
6283,56.85675
6284,52.53075
6285,48.39775
6286,45.63325
6287,43.8045
6288,43.124
6289,43.688
6290,45.13125
6291,49.3585
6292,57.5425
6293,62.19925
6294,64.648
6295,64.6435
6296,65.5035
6297,66.234
6298,65.13225
6299,63.589
6300,61.824
6301,60.17125
6302,59.762
6303,59.50825
6304,59.69425
6305,60.60225
6306,59.41775
6307,55.245
6308,51.39775
6309,47.56825
6310,44.12375
6311,42.02025
6312,40.92125
6313,40.497
6314,41.01975
6315,41.941
6316,44.0455
6317,46.7235
6318,50.28625
6319,52.704
6320,54.34
6321,54.93425
6322,53.8065
6323,52.50675
6324,50.8035
6325,49.89875
6326,48.98225
6327,49.615
6328,50.8595
6329,51.8655
6330,51.149
6331,47.95325
6332,45.4655
6333,42.33025
6334,39.7005
6335,37.74725
6336,36.701
6337,36.22675
6338,36.72625
6339,37.2615
6340,38.29575
6341,40.381
6342,43.541
6343,46.3535
6344,48.4405
6345,49.671
6346,49.04425
6347,47.60875
6348,46.1805
6349,45.696
6350,45.385
6351,47.385
6352,49.29525
6353,51.567
6354,52.23575
6355,49.8885
6356,48.1745
6357,44.82275
6358,43.009
6359,41.53675
6360,40.94125
6361,41.363
6362,43.4095
6363,47.852
6364,57.57925
6365,63.14075
6366,65.5405
6367,66.189
6368,67.79975
6369,68.7825
6370,68.0915
6371,67.443
6372,65.93825
6373,64.5385
6374,63.28675
6375,63.20125
6376,63.21425
6377,64.4825
6378,62.26925
6379,57.48575
6380,52.992
6381,48.581
6382,45.979
6383,44.428
6384,43.50275
6385,43.824
6386,45.15125
6387,49.17975
6388,57.861
6389,62.76
6390,65.03125
6391,65.862
6392,66.7045
6393,67.53775
6394,67.00525
6395,66.28725
6396,65.433
6397,64.35625
6398,63.02325
6399,63.16475
6400,63.47
6401,65.06675
6402,62.8715
6403,58.35875
6404,53.751
6405,49.16275
6406,46.498
6407,44.82575
6408,43.70375
6409,44.0905
6410,45.36925
6411,49.66425
6412,58.65975
6413,64.06025
6414,65.81725
6415,66.114
6416,67.14925
6417,68.2935
6418,67.76825
6419,66.57975
6420,65.11675
6421,64.27475
6422,62.893
6423,62.71375
6424,63.29225
6425,64.8935
6426,62.2635
6427,57.7475
6428,53.7485
6429,49.39825
6430,46.79075
6431,45.29125
6432,44.3285
6433,44.66475
6434,45.9365
6435,49.957
6436,58.9085
6437,63.783
6438,65.9905
6439,66.538
6440,67.6695
6441,68.8555
6442,68.30425
6443,67.62975
6444,66.27325
6445,65.6485
6446,64.6385
6447,64.6565
6448,64.91025
6449,66.4065
6450,63.752
6451,59.39225
6452,55.015
6453,50.8085
6454,48.07
6455,46.3475
6456,45.65
6457,45.63325
6458,46.619
6459,50.2785
6460,59.068
6461,64.738
6462,67.65075
6463,68.09825
6464,68.7785
6465,69.56725
6466,68.84
6467,66.972
6468,64.72875
6469,63.9645
6470,62.46075
6471,61.92575
6472,61.87775
6473,63.14575
6474,60.9535
6475,56.24725
6476,52.2455
6477,48.212
6478,45.56075
6479,43.596
6480,42.37475
6481,42.12
6482,42.58975
6483,43.15575
6484,45.47475
6485,48.80275
6486,52.788
6487,55.18925
6488,57.85125
6489,58.95175
6490,58.13025
6491,56.16025
6492,54.25025
6493,53.83425
6494,53.28525
6495,53.001
6496,53.93925
6497,55.4865
6498,53.47375
6499,50.35
6500,48.324
6501,45.3475
6502,43.288
6503,41.49775
6504,40.167
6505,39.67075
6506,39.58825
6507,39.5405
6508,40.18125
6509,41.6845
6510,44.99975
6511,48.39575
6512,51.33775
6513,53.701
6514,54.10275
6515,52.7565
6516,51.55475
6517,50.2835
6518,50.253
6519,52.1495
6520,53.65525
6521,54.92425
6522,53.1955
6523,51.4225
6524,49.8985
6525,46.70875
6526,45.14525
6527,43.4825
6528,42.924
6529,44.26
6530,46.47425
6531,51.02925
6532,60.65125
6533,66.21225
6534,68.22725
6535,68.8095
6536,69.9865
6537,71.8745
6538,71.0335
6539,70.28875
6540,68.41475
6541,67.4285
6542,65.4915
6543,64.7025
6544,65.1975
6545,66.8215
6546,63.791
6547,59.277
6548,55.02375
6549,50.50075
6550,47.602
6551,46.051
6552,45.163
6553,45.51175
6554,47.47925
6555,51.5095
6556,59.7715
6557,65.312
6558,67.474
6559,68.1005
6560,69.31525
6561,70.436
6562,70.31925
6563,69.92625
6564,68.3135
6565,66.9725
6566,65.627
6567,65.47925
6568,65.7785
6569,66.85425
6570,63.66825
6571,59.09125
6572,54.637
6573,49.9985
6574,47.01775
6575,45.76625
6576,44.89125
6577,45.26375
6578,46.9025
6579,51.20025
6580,59.90325
6581,65.042
6582,66.9615
6583,67.10625
6584,68.0835
6585,69.15975
6586,69.12525
6587,67.7635
6588,66.17275
6589,64.93625
6590,64.12825
6591,64.24625
6592,64.26575
6593,65.753
6594,63.0555
6595,58.96225
6596,54.86225
6597,50.62225
6598,47.2145
6599,45.20025
6600,43.805
6601,43.49075
6602,43.18075
6603,42.00375
6604,41.76725
6605,43.94075
6606,47.10575
6607,49.81375
6608,51.871
6609,53.4105
6610,52.8235
6611,50.69475
6612,48.772
6613,48.1495
6614,47.70425
6615,49.16625
6616,50.8795
6617,53.10075
6618,51.142
6619,48.7255
6620,46.65125
6621,43.3015
6622,40.56725
6623,38.804
6624,38.236
6625,38.62925
6626,40.04825
6627,43.147
6628,49.93175
6629,54.9465
6630,57.5605
6631,59.15525
6632,60.001
6633,61.3855
6634,61.212
6635,59.86675
6636,58.48475
6637,57.6545
6638,57.432
6639,58.06675
6640,59.0115
6641,60.468
6642,57.448
6643,54.0545
6644,50.662
6645,47.23425
6646,44.80575
6647,43.261
6648,42.12075
6649,42.049
6650,42.7025
6651,43.3145
6652,45.207
6653,47.8855
6654,50.8915
6655,53.78475
6656,55.10675
6657,56.352
6658,55.841
6659,54.00475
6660,52.2705
6661,51.59675
6662,51.08225
6663,51.766
6664,53.049
6665,54.70625
6666,52.196
6667,49.2505
6668,47.205
6669,44.2835
6670,42.108
6671,39.437
6672,38.547
6673,38.7065
6674,38.9645
6675,39.1455
6676,39.43475
6677,40.59425
6678,43.86375
6679,47.203
6680,49.67775
6681,52.20425
6682,52.53175
6683,51.0265
6684,50.33775
6685,49.491
6686,49.635
6687,51.0045
6688,53.14925
6689,54.74725
6690,52.5625
6691,50.242
6692,49.0135
6693,46.101
6694,43.274
6695,41.36425
6696,40.71025
6697,41.0985
6698,42.8755
6699,47.7505
6700,57.3255
6701,63.461
6702,65.91375
6703,66.19475
6704,66.8385
6705,67.4275
6706,67.024
6707,66.3555
6708,64.46375
6709,63.436
6710,62.41625
6711,62.8035
6712,64.388
6713,66.49775
6714,63.1245
6715,59.40175
6716,55.5875
6717,50.9765
6718,47.64125
6719,46.34325
6720,45.59575
6721,46.30775
6722,48.001
6723,52.273
6724,60.44325
6725,66.7655
6726,68.86425
6727,69.52175
6728,69.9045
6729,71.41225
6730,70.82575
6731,70.00275
6732,68.3445
6733,67.13725
6734,65.82725
6735,66.01325
6736,66.92075
6737,68.04775
6738,64.14725
6739,59.95175
6740,56.312
6741,52.30975
6742,49.42675
6743,47.889
6744,46.872
6745,47.52925
6746,49.5645
6747,53.26475
6748,60.89575
6749,66.35975
6750,68.12475
6751,68.49625
6752,69.5925
6753,70.96825
6754,70.0685
6755,69.54025
6756,68.238
6757,66.59925
6758,64.99025
6759,64.874
6760,65.88675
6761,67.11975
6762,63.6395
6763,59.88475
6764,56.1785
6765,51.93225
6766,49.19225
6767,47.661
6768,46.719
6769,47.50375
6770,49.03025
6771,52.731
6772,60.5075
6773,65.92125
6774,67.97975
6775,69.20225
6776,70.0645
6777,71.225
6778,70.486
6779,70.15475
6780,68.94375
6781,67.65775
6782,66.203
6783,66.16525
6784,66.88875
6785,68.42925
6786,65.1975
6787,61.51725
6788,57.93625
6789,54.21425
6790,50.90475
6791,49.17475
6792,48.22875
6793,48.7055
6794,50.14675
6795,53.70575
6796,61.804
6797,67.83275
6798,70.3165
6799,70.717
6800,70.97525
6801,71.369
6802,70.82675
6803,69.92
6804,68.14575
6805,66.7125
6806,65.59475
6807,66.28775
6808,67.618
6809,68.209
6810,63.94875
6811,60.0995
6812,56.751
6813,53.01201621
6814,49.9345
6815,48.0245
6816,46.76575
6817,46.31175
6818,46.32575
6819,47.14875
6820,48.69325
6821,51.3335
6822,54.33175
6823,56.545
6824,58.28875
6825,59.2285
6826,58.43175
6827,56.3045
6828,54.90725
6829,53.4335
6830,53.10775
6831,53.66475
6832,55.7275
6833,56.36075
6834,52.83075
6835,49.882
6836,47.67375
6837,44.5535
6838,41.7805
6839,39.7285
6840,38.2965
6841,37.6315
6842,37.94275
6843,38.593
6844,39.89875
6845,41.69775
6846,44.721
6847,47.865
6848,49.94925
6849,52.0215
6850,51.87175
6851,49.37425
6852,47.84075
6853,47.60325
6854,47.959
6855,50.06375
6856,53.8815
6857,56.72425
6858,55.0735
6859,52.73425
6860,51.4145
6861,48.44
6862,45.9165
6863,44.00625
6864,42.8625
6865,42.57675
6866,44.435
6867,49.37
6868,58.18175
6869,64.5705
6870,66.64625
6871,66.804
6872,67.6115
6873,67.9755
6874,67.303
6875,66.7625
6876,65.16625
6877,63.79
6878,62.39025
6879,63.23025
6880,65.27975
6881,67.608
6882,63.931
6883,59.8705
6884,55.64575
6885,51.2725
6886,48.67775
6887,47.173
6888,46.42825
6889,47.30625
6890,48.881
6891,52.711
6892,60.813
6893,66.20125
6894,67.77775
6895,67.984
6896,68.19775
6897,69.41375
6898,68.9355
6899,67.36075
6900,65.8275
6901,64.94725
6902,64.11
6903,65.1405
6904,67.51025
6905,68.1545
6906,64.10625
6907,59.41
6908,55.048
6909,50.5965
6910,47.582
6911,45.94325
6912,45.4045
6913,45.946
6914,47.50925
6915,51.42675
6916,59.8155
6917,66.1055
6918,68.85725
6919,69.103
6920,70.14225
6921,70.67175
6922,69.87875
6923,69.15425
6924,68.0235
6925,66.9995
6926,65.79475
6927,65.993
6928,67.87525
6929,69.0535
6930,65.84225
6931,61.22175
6932,57.3545
6933,52.7605
6934,49.51575
6935,47.50675
6936,46.48075
6937,46.2695
6938,47.87775
6939,51.428
6940,59.32075
6941,65.82825
6942,67.937
6943,68.39625
6944,69.389
6945,70.29325
6946,69.67825
6947,68.75575
6948,67.3775
6949,66.00225
6950,64.638
6951,64.99325
6952,67.02975
6953,67.323
6954,63.866
6955,59.74675
6956,55.755
6957,51.7325
6958,48.46975
6959,46.47525
6960,45.17825
6961,45.363
6962,46.9705
6963,50.9535
6964,59.43
6965,65.7355
6966,67.98075
6967,69.218
6968,69.70325
6969,70.77375
6970,70.37175
6971,68.3535
6972,66.37125
6973,65.703
6974,65.15125
6975,66.03825
6976,67.97775
6977,68.004
6978,63.37575
6979,58.76525
6980,55.245
6981,51.34575
6982,48.0735
6983,46.1955
6984,44.653
6985,44.25475
6986,45.10275
6987,45.87275
6988,47.83975
6989,50.52625
6990,53.10475
6991,55.94725
6992,57.6225
6993,58.4925
6994,57.4585
6995,55.968
6996,54.45775
6997,53.75375
6998,53.57375
6999,54.93225
7000,58.1645
7001,58.17325
7002,54.4705
7003,51.372
7004,49.08675
7005,45.74375
7006,42.554
7007,40.2395
7008,39.05425
7009,38.51775
7010,38.77425
7011,38.9005
7012,39.451
7013,41.25625
7014,44.304
7015,47.245
7016,49.7105
7017,51.7055
7018,51.48975
7019,49.53175
7020,47.947
7021,47.52375
7022,47.86775
7023,49.917
7024,53.33575
7025,54.1
7026,51.88125
7027,49.59075
7028,47.8135
7029,44.25275
7030,41.93775
7031,40.8535
7032,40.03025
7033,40.44825
7034,42.34325
7035,47.72675
7036,57.646
7037,64.62275
7038,66.9785
7039,67.53875
7040,68.28725
7041,68.5155
7042,68.435
7043,68.66175
7044,66.86
7045,65.3335
7046,63.71225
7047,64.164
7048,66.69075
7049,66.885
7050,63.29875
7051,59.14775
7052,55.70975
7053,51.203
7054,47.7295
7055,46.02425
7056,44.849
7057,45.135
7058,46.6675
7059,50.9795
7060,59.76525
7061,65.863
7062,67.50775
7063,67.4525
7064,68.276
7065,69.15375
7066,68.0385
7067,67.53375
7068,65.89925
7069,65.0135
7070,64.1665
7071,64.71325
7072,67.46075
7073,68.08
7074,64.207
7075,59.91075
7076,55.794
7077,51.15575
7078,47.86225
7079,45.7795
7080,44.82375
7081,45.26675
7082,46.9275
7083,51.01975
7084,59.7235
7085,65.9675
7086,67.67425
7087,67.75275
7088,68.2195
7089,68.971
7090,67.9395
7091,67.18425
7092,65.8545
7093,64.66975
7094,63.7425
7095,64.42025
7096,67.58325
7097,67.92875
7098,64.29725
7099,60.3665
7100,56.5875
7101,51.7445
7102,48.186
7103,46.03975
7104,44.741
7105,45.0115
7106,46.9085
7107,50.74825
7108,59.5685
7109,66.29375
7110,68.58375
7111,68.79925
7112,68.89725
7113,69.269
7114,68.62025
7115,68.17875
7116,66.84825
7117,65.5565
7118,64.51775
7119,65.18725
7120,68.674
7121,68.99175
7122,65.09725
7123,60.89525
7124,56.7305
7125,52.6355
7126,49.1525
7127,47.60425
7128,45.96475
7129,46.24475
7130,48.1785
7131,52.255
7132,60.607
7133,67.28625
7134,69.53875
7135,69.61025
7136,69.991
7137,70.3865
7138,69.23125
7139,66.847
7140,64.9385
7141,63.63875
7142,62.85475
7143,63.78075
7144,66.83
7145,66.77425
7146,63.1025
7147,58.99625
7148,56.24175
7149,51.9695
7150,49.06625
7151,47.17725
7152,45.8575
7153,45.914
7154,46.5135
7155,47.54025
7156,49.5775
7157,52.5385
7158,55.585
7159,57.988
7160,58.95925
7161,59.79825
7162,58.89325
7163,57.32825
7164,55.491
7165,54.237
7166,53.69575
7167,55.5315
7168,59.4015
7169,59.23425
7170,55.6685
7171,52.75875
7172,50.589
7173,47.603
7174,45.1195
7175,43.071
7176,41.8035
7177,41.0765
7178,41.1615
7179,41.621
7180,41.8535
7181,42.94275
7182,45.78275
7183,48.79075
7184,51.424
7185,53.10725
7186,54.4235
7187,54.014
7188,51.966
7189,50.76125
7190,50.09425
7191,51.1845
7192,56.02175
7193,58.01925
7194,55.977
7195,53.3945
7196,51.479
7197,50.3165
7198,47.349
7199,45.72125
7200,45.173
7201,44.89675
7202,45.349
7203,47.23475
7204,52.1525
7205,60.98625
7206,66.59075
7207,67.93625
7208,67.76475
7209,68.56925
7210,69.3635
7211,68.69975
7212,67.82775
7213,66.7165
7214,65.319
7215,64.92175
7216,68.529
7217,69.26
7218,67.18375
7219,63.054
7220,58.7965
7221,55.3945
7222,50.97125
7223,48.61475
7224,47.184
7225,46.803
7226,47.1845
7227,48.97625
7228,52.36625
7229,60.784
7230,66.064
7231,68.181
7232,68.51625
7233,69.08425
7234,69.75325
7235,68.9925
7236,68.31775
7237,67.10075
7238,66.43825
7239,66.12825
7240,69.55225
7241,70.06975
7242,67.88925
7243,63.76325
7244,60.1705
7245,56.6175
7246,52.29875
7247,49.35775
7248,48.2195
7249,47.423
7250,47.87925
7251,49.43275
7252,52.98675
7253,60.958
7254,65.442
7255,67.5855
7256,67.5525
7257,68.1815
7258,68.693
7259,68.19975
7260,67.68025
7261,66.624
7262,65.55875
7263,65.289
7264,68.70925
7265,68.70875
7266,66.9705
7267,63.25
7268,60.16925
7269,56.36825
7270,52.4315
7271,49.1935
7272,47.44875
7273,47.09925
7274,47.53225
7275,48.246
7276,50.42075
7277,55.5945
7278,59.9915
7279,62.73475
7280,63.473
7281,63.9345
7282,64.411
7283,63.26925
7284,62.31025
7285,60.9795
7286,59.88325
7287,59.87225
7288,62.97475
7289,63.258
7290,62.19175
7291,59.149
7292,56.45875
7293,53.65775
7294,49.66925
7295,46.512
7296,44.59525
7297,43.6575
7298,43.935
7299,44.701
7300,45.5545
7301,47.6925
7302,50.525
7303,53.83
7304,55.3565
7305,56.77175
7306,58.2505
7307,58.74025
7308,57.47425
7309,56.32025
7310,56.12275
7311,57.16875
7312,60.599
7313,60.511
7314,58.78425
7315,55.47975
7316,52.76275
7317,50.80875
7318,47.4115
7319,44.5385
7320,42.613
7321,41.70125
7322,41.42325
7323,41.9725
7324,43.27875
7325,45.48
7326,48.14875
7327,52.15475
7328,54.5075
7329,55.444
7330,56.93875
7331,57.0035
7332,56.08475
7333,54.572
7334,53.812
7335,54.55825
7336,58.61375
7337,59.39275
7338,56.951
7339,53.47025
7340,51.1495
7341,49.8185
7342,46.48025
7343,42.93275
7344,41.00425
7345,40.12225
7346,39.67275
7347,39.96975
7348,39.8305
7349,39.79075
7350,41.3545
7351,44.767
7352,47.60375
7353,50.09525
7354,52.52775
7355,52.3185
7356,50.505
7357,49.07825
7358,49.06075
7359,50.046
7360,54.09075
7361,54.96325
7362,53.2815
7363,50.90825
7364,48.812
7365,47.46175
7366,44.7415
7367,42.667
7368,41.829
7369,41.34925
7370,42.394
7371,44.49575
7372,48.6455
7373,58.3265
7374,64.332
7375,66.66625
7376,67.028
7377,68.25125
7378,68.35
7379,67.968
7380,67.5175
7381,66.563
7382,66.10475
7383,65.98775
7384,69.05275
7385,69.07175
7386,67.3935
7387,63.5245
7388,59.71625
7389,56.08425
7390,51.514
7391,48.94875
7392,46.907
7393,46.614
7394,47.02325
7395,48.64375
7396,52.637
7397,60.75525
7398,66.64575
7399,68.37325
7400,68.5375
7401,69.34
7402,70.1565
7403,69.52225
7404,69.04275
7405,67.65425
7406,67.177
7407,67.22625
7408,70.5625
7409,70.2645
7410,68.17925
7411,64.46225
7412,60.18825
7413,56.34925
7414,52.13275
7415,48.97
7416,47.852
7417,47.17875
7418,48.08625
7419,49.6285
7420,53.07125
7421,61.6545
7422,67.04475
7423,69.01325
7424,69.18375
7425,69.6315
7426,70.36475
7427,69.93975
7428,69.43375
7429,68.6075
7430,68.08275
7431,67.839
7432,70.73
7433,70.031
7434,67.74825
7435,63.69775
7436,60.12325
7437,56.75
7438,52.48225
7439,49.2225
7440,47.68525
7441,46.9955
7442,47.71475
7443,49.199
7444,52.96
7445,61.59225
7446,67.3865
7447,69.1995
7448,69.48725
7449,70.10075
7450,71.11775
7451,70.41725
7452,70.23875
7453,69.30525
7454,69.2485
7455,69.45225
7456,72.313
7457,71.951
7458,70.07975
7459,65.46375
7460,61.4955
7461,57.93725
7462,53.643
7463,50.1465
7464,49.005
7465,48.46025
7466,48.98625
7467,50.11675
7468,53.4635
7469,61.75975
7470,67.0025
7471,69.2325
7472,69.138
7473,69.43625
7474,70.12875
7475,68.82475
7476,67.9575
7477,66.78775
7478,66.056
7479,66.4685
7480,68.5285
7481,67.4905
7482,64.9595
7483,61.07
7484,57.79275
7485,54.72275
7486,50.66
7487,47.722
7488,45.85225
7489,44.50625
7490,44.32575
7491,44.573
7492,45.10875
7493,46.8135
7494,50.0175
7495,53.89925
7496,56.71225
7497,58.3335
7498,59.17625
7499,58.54075
7500,56.7095
7501,55.50525
7502,55.3445
7503,56.1895
7504,60.18275
7505,60.2155
7506,58.41725
7507,54.816
7508,52.265
7509,50.822
7510,47.49225
7511,45.4975
7512,43.68025
7513,42.58275
7514,42.03675
7515,42.32375
7516,42.23175
7517,41.86475
7518,43.41825
7519,46.74225
7520,50.03225
7521,52.04125
7522,53.91325
7523,53.0555
7524,51.6185
7525,50.30875
7526,50.44925
7527,52.35275
7528,56.779
7529,57.4415
7530,55.8975
7531,53.6005
7532,52.138
7533,51.625
7534,48.23275
7535,46.298
7536,44.9115
7537,44.46675
7538,45.18875
7539,47.2105
7540,51.5735
7541,60.665
7542,67.52075
7543,70.01925
7544,71.07325
7545,71.65925
7546,71.9125
7547,71.90525
7548,71.8625
7549,71.3175
7550,71.1355
7551,71.63
7552,74.17325
7553,73.5925
7554,72
7555,68.03675
7556,64.068
7557,60.5905
7558,56.45525
7559,52.937
7560,51.17025
7561,50.359
7562,50.70925
7563,52.21225
7564,55.8185
7565,63.731
7566,69.43675
7567,71.7585
7568,72.19425
7569,72.93025
7570,73.55025
7571,73.0365
7572,72.38775
7573,71.33775
7574,70.7895
7575,71.01225
7576,73.76325
7577,73.206
7578,71.44475
7579,67.15525
7580,63.063
7581,59.7555
7582,55.59425
7583,52.43725
7584,50.7585
7585,49.59575
7586,50.1145
7587,51.81325
7588,55.1295
7589,62.38975
7590,68.32875
7591,70.18875
7592,69.9575
7593,70.386
7594,71.48375
7595,71.1485
7596,70.715
7597,69.1905
7598,68.83825
7599,69.712
7600,71.9855
7601,71.11025
7602,69.216
7603,65.248
7604,61.38175
7605,57.92925
7606,53.824
7607,50.9185
7608,49.22225
7609,48.18775
7610,48.6775
7611,50.356
7612,53.68775
7613,61.73575
7614,67.4815
7615,69.17425
7616,69.226
7617,69.9395
7618,70.203
7619,70.164
7620,68.99075
7621,67.97775
7622,67.76125
7623,69.02925
7624,72.3245
7625,71.7305
7626,70.32425
7627,66.494
7628,63.05275
7629,60.2085
7630,56.66225
7631,53.23575
7632,51.79725
7633,50.65525
7634,51.241
7635,53.29225
7636,56.975
7637,64.231
7638,70.26775
7639,72.9745
7640,73.1155
7641,72.9005
7642,72.05475
7643,72.20875
7644,70.45525
7645,68.95625
7646,68.38
7647,68.88725
7648,71.0085
7649,70.01225
7650,67.29425
7651,62.82375
7652,59.45475
7653,56.45225
7654,52.76475
7655,49.44225
7656,47.481
7657,46.2005
7658,46.076
7659,46.34375
7660,46.27825
7661,48.094
7662,51.2735
7663,55.094
7664,58.6305
7665,59.95075
7666,60.4835
7667,60.3505
7668,58.803
7669,57.62125
7670,57.718
7671,59.195
7672,62.57975
7673,62.71425
7674,61.10375
7675,57.4945
7676,54.94525
7677,53.05725
7678,49.57275
7679,46.6985
7680,45.05425
7681,43.96575
7682,43.48875
7683,43.2145
7684,42.828
7685,42.5435
7686,44.401
7687,47.47775
7688,50.917
7689,53.21675
7690,55.5935
7691,55.85625
7692,54.52475
7693,53.61
7694,53.67275
7695,55.763
7696,59.45075
7697,60.043
7698,58.4345
7699,55.87425
7700,54.17775
7701,53.493
7702,50.4455
7703,47.638
7704,45.98925
7705,45.8865
7706,45.87625
7707,47.73025
7708,52.01
7709,61.64375
7710,67.86675
7711,70.24875
7712,70.76375
7713,71.6825
7714,72.1225
7715,71.81525
7716,72.005
7717,71.1275
7718,70.29925
7719,70.978
7720,73.271
7721,73.299
7722,71.8975
7723,68.28625
7724,64.96825
7725,61.583
7726,57.07075
7727,54.31325
7728,52.73725
7729,52.036
7730,52.6065
7731,54.3615
7732,58.36175
7733,66.3725
7734,72.2005
7735,74.2035
7736,74.262
7737,74.28525
7738,74.941
7739,74.056
7740,73.16025
7741,71.7275
7742,70.295
7743,70.47275
7744,73.3515
7745,72.29925
7746,69.93
7747,66.22325
7748,62.228
7749,58.9015
7750,54.68425
7751,51.807
7752,49.89325
7753,49.018
7754,49.3735
7755,50.661
7756,53.824
7757,61.11025
7758,67.484
7759,69.64175
7760,70.218
7761,71.16225
7762,71.84225
7763,71.33925
7764,70.74675
7765,69.66
7766,69.34575
7767,69.80925
7768,71.8815
7769,71.13425
7770,69.202
7771,65.34175
7772,61.78475
7773,58.68625
7774,54.88525
7775,51.96325
7776,50.2085
7777,49.2715
7778,49.804
7779,51.02375
7780,54.71775
7781,62.59925
7782,68.3855
7783,70.53275
7784,70.69775
7785,71.22025
7786,71.5815
7787,70.8225
7788,70.452
7789,69.63225
7790,69.77075
7791,70.874
7792,73.2155
7793,72.23
7794,70.32225
7795,66.5405
7796,62.93925
7797,59.87625
7798,56.1495
7799,53.0885
7800,51.139
7801,50.389
7802,50.3625
7803,51.9705
7804,55.55125
7805,63.27325
7806,69.59575
7807,71.695
7808,71.91
7809,72.125
7810,71.9715
7811,71.05125
7812,69.6225
7813,68.199
7814,67.671
7815,69.04775
7816,71.439
7817,70.5605
7818,68.30675
7819,64.10125
7820,61.22875
7821,57.994
7822,54.6765
7823,51.89025
7824,49.50825
7825,48.52925
7826,48.47275
7827,48.5415
7828,48.92375
7829,50.423
7830,53.846
7831,57.188
7832,59.89475
7833,61.03275
7834,61.404
7835,60.6995
7836,58.65175
7837,57.3505
7838,57.66725
7839,60.20725
7840,62.69975
7841,62.55075
7842,60.521
7843,56.6675
7844,54.02925
7845,52.84825
7846,49.933
7847,47.07525
7848,44.964
7849,44.191
7850,43.95975
7851,44.32725
7852,43.44725
7853,43.28375
7854,45.14975
7855,48.59675
7856,51.401
7857,53.57125
7858,55.36
7859,54.45575
7860,52.5335
7861,51.786
7862,51.69075
7863,54.1295
7864,58.1445
7865,58.48575
7866,56.69375
7867,54.0745
7868,52.27
7869,51.3605
7870,48.282
7871,45.9885
7872,44.77
7873,44.29475
7874,44.84425
7875,46.8415
7876,51.0275
7877,59.89475
7878,67.0885
7879,69.6565
7880,70.09975
7881,70.93075
7882,71.63475
7883,71.302
7884,70.96575
7885,69.90425
7886,69.6585
7887,70.326
7888,71.88
7889,71.17725
7890,69.19625
7891,65.58175
7892,61.96275
7893,58.62225
7894,54.29525
7895,51.3055
7896,49.3505
7897,48.54775
7898,49.2325
7899,50.7585
7900,54.4425
7901,63.05625
7902,69.4965
7903,71.2275
7904,71.109
7905,71.66025
7906,72.3375
7907,71.9615
7908,71.2515
7909,70.5385
7910,69.991
7911,71.2745
7912,73.22825
7913,72.81375
7914,70.94325
7915,67.5815
7916,63.85375
7917,59.73575
7918,54.976
7919,51.81625
7920,49.46925
7921,48.86925
7922,49.683
7923,51.21425
7924,55.1255
7925,63.31775
7926,70.1695
7927,73.15825
7928,74.26425
7929,75.08975
7930,75.57375
7931,74.79675
7932,74.572
7933,73.59975
7934,72.70125
7935,73.6845
7936,75.44275
7937,74.90075
7938,72.79975
7939,68.60975
7940,64.49175
7941,61.381
7942,56.88825
7943,53.31575
7944,51.7
7945,50.9955
7946,51.4995
7947,53.32725
7948,57.56475
7949,65.5355
7950,71.4945
7951,73.303
7952,73.1885
7953,74.23825
7954,75.0515
7955,74.613
7956,74.3935
7957,73.50625
7958,73.1675
7959,73.7675
7960,75.121
7961,74.0005
7962,72.24225
7963,68.75375
7964,64.14975
7965,61.1495
7966,57.451
7967,53.68475
7968,51.595
7969,50.6355
7970,51.08825
7971,53.042
7972,56.868
7973,64.6095
7974,70.80825
7975,72.276
7976,72.2655
7977,73.00075
7978,72.564
7979,71.4455
7980,70.77575
7981,69.19775
7982,68.20625
7983,69.3455
7984,71.384
7985,70.0035
7986,68.0585
7987,64.49325
7988,60.97025
7989,58.02775
7990,53.81525
7991,50.6895
7992,49.02775
7993,47.3795
7994,47.03625
7995,47.07375
7996,47.202
7997,48.17125
7998,51.35175
7999,54.7345
8000,57.14425
8001,57.73725
8002,57.85775
8003,57.24125
8004,55.8485
8005,54.72125
8006,54.5455
8007,57.1535
8008,60.13425
8009,59.48675
8010,57.95475
8011,54.77775
8012,52.40675
8013,51.0735
8014,48.198
8015,45.71125
8016,43.72175
8017,42.68625
8018,42.284
8019,42.501
8020,43.3355
8021,47.1645
8022,47.4215
8023,50.58225
8024,52.659
8025,53.86
8026,55.76
8027,55.56525
8028,53.87475
8029,52.784
8030,52.9175
8031,54.966
8032,57.745
8033,58.305
8034,57.19675
8035,54.73775
8036,53.1815
8037,52.50575
8038,49.62725
8039,46.16825
8040,45.083
8041,44.48475
8042,44.793
8043,46.4865
8044,50.347
8045,59.64975
8046,67.10275
8047,68.81475
8048,69.5535
8049,70.42575
8050,71.16025
8051,71.2985
8052,71.052
8053,70.34575
8054,69.83575
8055,70.53275
8056,71.9665
8057,70.87925
8058,69.18375
8059,65.06075
8060,61.61025
8061,58.4565
8062,53.846
8063,53.12275
8064,50.81125
8065,50.045
8066,50.397
8067,51.765
8068,55.14625
8069,63.3095
8070,69.55525
8071,71.70025
8072,71.677
8073,71.76525
8074,72.209
8075,71.99975
8076,71.459
8077,70.76125
8078,70.742
8079,72.31525
8080,74.892
8081,73.9795
8082,72.6035
8083,68.86025
8084,65.297
8085,61.83575
8086,57.4075
8087,54.55
8088,52.77075
8089,51.46325
8090,51.893
8091,53.609
8092,57.07725
8093,65.093
8094,71.40525
8095,72.2165
8096,72.1595
8097,72.019
8098,72.34375
8099,71.923
8100,71.35525
8101,70.22925
8102,70.3695
8103,71.53075
8104,74.213
8105,73.79325
8106,71.90225
8107,68.0225
8108,64.80225
8109,61.95975
8110,57.9685
8111,55.23475
8112,53.343
8113,52.417
8114,52.50225
8115,53.70525
8116,57.35475
8117,65.36125
8118,71.8075
8119,73.771
8120,73.722
8121,73.4565
8122,73.2815
8123,72.58475
8124,72.01925
8125,71.484
8126,72.216
8127,74.323
8128,76.73475
8129,75.96075
8130,74.35
8131,69.87575
8132,66.39875
8133,63.86375
8134,60.001
8135,57.2115
8136,55.47375
8137,54.6575
8138,54.936
8139,55.717
8140,59.038
8141,66.6715
8142,73.015
8143,75.0175
8144,74.98775
8145,75.34475
8146,75.37475
8147,74.36425
8148,73.269
8149,72.2685
8150,72.12325
8151,73.83325
8152,74.725
8153,73.61
8154,71.29025
8155,67.55875
8156,64.27825
8157,61.043
8158,57.75875
8159,55.17325
8160,52.93925
8161,51.25375
8162,50.49775
8163,50.5925
8164,51.08875
8165,52.43075
8166,55.58975
8167,58.33175
8168,61.31125
8169,62.85775
8170,63.782
8171,62.93275
8172,61.30475
8173,59.34
8174,59.3245
8175,61.1085
8176,63.205
8177,63.11
8178,61.25625
8179,57.42625
8180,55.237
8181,53.43325
8182,50.00275
8183,46.75225
8184,44.94475
8185,43.9635
8186,43.86875
8187,45.352
8188,45.917
8189,46.50625
8190,48.895
8191,52.15525
8192,55.4095
8193,58.4525
8194,60.426
8195,60.70425
8196,59.14525
8197,57.7995
8198,57.128
8199,58.65275
8200,61.16325
8201,61.2365
8202,59.93525
8203,57.191
8204,55.74525
8205,54.8375
8206,51.414
8207,50.039
8208,48.8105
8209,48.348
8210,48.90425
8211,50.69175
8212,54.55625
8213,63.43075
8214,70.21175
8215,72.47025
8216,71.91425
8217,72.9595
8218,73.1645
8219,72.7
8220,72.13175
8221,71.45425
8222,71.209
8223,72.163
8224,74.0915
8225,73.30775
8226,71.23625
8227,67.698
8228,63.9975
8229,60.73175
8230,56.67225
8231,54.6455
8232,52.86175
8233,51.516
8234,51.5525
8235,53.48675
8236,56.925
8237,64.03475
8238,69.93775
8239,71.8295
8240,71.72975
8241,71.586
8242,71.07275
8243,70.7785
8244,70.4865
8245,70.23925
8246,70.19075
8247,72.697
8248,75.43975
8249,75.328
8250,73.9375
8251,70.50525
8252,67.14325
8253,63.7125
8254,59.802
8255,56.545
8256,54.61075
8257,53.79525
8258,54.25825
8259,55.10725
8260,58.40675
8261,66.02475
8262,72.5865
8263,74.57875
8264,74.43975
8265,74.78675
8266,74.861
8267,74.164
8268,73.48025
8269,72.636
8270,72.51075
8271,73.44125
8272,74.43425
8273,73.36275
8274,71.4825
8275,67.7195
8276,63.73925
8277,60.70925
8278,56.00875
8279,53.0785
8280,51.36125
8281,50.78675
8282,50.807
8283,52.20125
8284,55.75025
8285,63.778
8286,70.1345
8287,72.4295
8288,72.7865
8289,73.30475
8290,73.53
8291,72.721
8292,72.32025
8293,71.21625
8294,70.94025
8295,72.25525
8296,73.96125
8297,73.49775
8298,72.08575
8299,68.65075
8300,65.082
8301,62.4195
8302,58.37325
8303,55.2985
8304,53.74825
8305,52.71225
8306,53.595
8307,54.4675
8308,57.629
8309,64.9795
8310,71.733
8311,73.90775
8312,73.99925
8313,74.3965
8314,74.014
8315,72.197
8316,70.8055
8317,69.1685
8318,68.54775
8319,69.972
8320,70.8615
8321,69.4345
8322,67.17625
8323,63.30675
8324,60.11525
8325,57.54175
8326,53.8965
8327,50.446
8328,48.20875
8329,47.0755
8330,46.992
8331,47.85925
8332,48.3465
8333,49.155
8334,52.701
8335,56.62825
8336,59.73175
8337,61.607
8338,62.75325
8339,62.55675
8340,61.6925
8341,60.874
8342,60.553
8343,62.57825
8344,64.706
8345,64.14375
8346,62.0825
8347,58.6165
8348,56.4065
8349,55.8105
8350,52.77175
8351,48.83525
8352,46.09
8353,44.734
8354,44.38775
8355,45.32725
8356,45.522
8357,45.89425
8358,48.717
8359,52.0855
8360,54.8115
8361,56.815
8362,59.07875
8363,58.6315
8364,56.743
8365,55.337
8366,55.44175
8367,57.582
8368,60.81825
8369,60.759
8370,59.53475
8371,57.27775
8372,55.25025
8373,54.5665
8374,50.90775
8375,47.85175
8376,46.126
8377,45.38425
8378,45.692
8379,47.5485
8380,51.845
8381,60.52075
8382,67.43975
8383,70.1385
8384,70.5635
8385,70.85025
8386,70.911
8387,70.62925
8388,70.23325
8389,68.686
8390,67.9655
8391,69.5085
8392,70.88075
8393,70.14325
8394,68.35575
8395,64.5295
8396,60.78375
8397,57.30225
8398,52.959
8399,49.41225
8400,46.817
8401,46.26275
8402,47.24725
8403,48.35725
8404,52.63825
8405,60.751
8406,67.56425
8407,69.694
8408,69.67275
8409,69.2495
8410,69.54775
8411,68.76025
8412,67.965
8413,67.0695
8414,67.097
8415,68.92775
8416,71.503
8417,70.99925
8418,69.734
8419,65.3285
8420,60.85325
8421,58.023
8422,54.468
8423,51.2365
8424,48.90925
8425,47.7575
8426,47.91775
8427,49.2825
8428,53.34675
8429,61.31075
8430,67.37475
8431,69.227
8432,69.1325
8433,69.26025
8434,69.5055
8435,68.604
8436,67.1475
8437,65.87575
8438,65.354
8439,66.842
8440,69.4925
8441,68.92775
8442,66.59275
8443,63.235
8444,60.027
8445,56.67325
8446,52.45
8447,49.2265
8448,47.75625
8449,47.36575
8450,47.89875
8451,49.39275
8452,52.80725
8453,60.005
8454,66.484
8455,68.8355
8456,68.92375
8457,68.335
8458,67.45925
8459,66.46025
8460,65.399
8461,64.56925
8462,64.48425
8463,66.65125
8464,68.99975
8465,68.14575
8466,66.43375
8467,62.2785
8468,58.59075
8469,55.8195
8470,51.68075
8471,48.16775
8472,46.1945
8473,45.10175
8474,45.71825
8475,47.308
8476,50.583
8477,56.78775
8478,63.06075
8479,65.478
8480,65.511
8481,65.4115
8482,64.93025
8483,64.681
8484,62.9285
8485,61.985
8486,62.177
8487,63.82475
8488,64.887
8489,63.77225
8490,61.73275
8491,58.0745
8492,54.93575
8493,52.63325
8494,48.5815
8495,45.47925
8496,43.74625
8497,42.5605
8498,42.3745
8499,43.118
8500,43.5925
8501,44.604
8502,47.75675
8503,51.17
8504,54.112
8505,55.4855
8506,55.90925
8507,55.81925
8508,54.5165
8509,53.27675
8510,53.76725
8511,55.87825
8512,58.15225
8513,58.319
8514,56.876
8515,53.61475
8516,50.947
8517,49.113
8518,45.92675
8519,43.92875
8520,42.16275
8521,41.58975
8522,41.085
8523,41.033
8524,40.9085
8525,40.2515
8526,41.9255
8527,45.43475
8528,48.65275
8529,50.994
8530,53.30625
8531,53.37575
8532,51.78275
8533,50.551
8534,50.6415
8535,52.62975
8536,54.82725
8537,55.35425
8538,54.01375
8539,51.59575
8540,49.9715
8541,48.975
8542,45.813
8543,43.23325
8544,41.03875
8545,40.0115
8546,40.26225
8547,41.7055
8548,43.909
8549,46.929
8550,50.9735
8551,54.52825
8552,56.24025
8553,57.06175
8554,58.33675
8555,58.48925
8556,57.55375
8557,56.49975
8558,56.286
8559,58.10975
8560,60.22975
8561,59.72625
8562,57.86675
8563,54.9245
8564,52.099
8565,49.8525
8566,46.0255
8567,42.89825
8568,40.45475
8569,39.933
8570,39.55175
8571,40.2805
8572,41.1765
8573,41.989
8574,44.621
8575,47.9955
8576,51.20975
8577,53.441
8578,54.355
8579,53.8725
8580,52.7215
8581,50.553
8582,49.8665
8583,51.14125
8584,52.908
8585,51.36825
8586,48.6695
8587,46.063
8588,45.18225
8589,44.6545
8590,42.567
8591,40.48425
8592,38.31
8593,36.83
8594,36.555
8595,36.71425
8596,37.0775
8597,36.941
8598,38.376
8599,41.77925
8600,46.10225
8601,49.0515
8602,51.36225
8603,50.55725
8604,47.73575
8605,46.286
8606,46.09275
8607,47.02025
8608,49.324
8609,49.8835
8610,48.95725
8611,47.12325
8612,45.79775
8613,45.28325
8614,42.79075
8615,39.981
8616,38.277
8617,37.33175
8618,37.2065
8619,37.48
8620,37.40025
8621,37.1685
8622,38.74475
8623,41.403
8624,44.688
8625,46.9985
8626,49.065
8627,48.97725
8628,47.5075
8629,46.117
8630,45.76025
8631,47.2705
8632,49.3325
8633,49.75875
8634,48.77725
8635,46.91125
8636,45.96725
8637,45.28775
8638,42.5515
8639,39.86625
8640,38.359
8641,37.60625
8642,37.61475
8643,38.6015
8644,39.79225
8645,42.542
8646,46.2815
8647,49.487
8648,51.87625
8649,53.2015
8650,53.93275
8651,54.24925
8652,53.625
8653,52.7205
8654,52.716
8655,54.68625
8656,57.33925
8657,57.20025
8658,55.42725
8659,51.9085
8660,49.732
8661,48.403
8662,45.2945
8663,42.32775
8664,40.5965
8665,40.103
8666,40.143
8667,40.62225
8668,40.98925
8669,41.3415
8670,43.6705
8671,46.4
8672,49.14075
8673,50.51125
8674,51.68225
8675,51.9855
8676,50.9845
8677,50.13775
8678,50.424
8679,52.55775
8680,55.8145
8681,55.931
8682,54.3415
8683,51.44075
8684,49.5785
8685,48.762
8686,45.8325
8687,42.97975
8688,41.20325
8689,40.47425
8690,40.1685
8691,40.15675
8692,40.12925
8693,39.48725
8694,40.70475
8695,42.9665
8696,46.13025
8697,47.89525
8698,49.94975
8699,50.45225
8700,48.91625
8701,47.71125
8702,47.673
8703,50.08675
8704,53.5045
8705,54.224
8706,53.12675
8707,51.09175
8708,49.73375
8709,49.3405
8710,46.4335
8711,44.41925
8712,42.58025
8713,41.98825
8714,42.0545
8715,43.07675
8716,44.4155
8717,46.8205
8718,50.43325
8719,53.2915
8720,55.24125
8721,55.38
8722,55.82125
8723,56.00125
8724,54.735
8725,54.1185
8726,54.30275
8727,56.47825
8728,60.13175
8729,60.5245
8730,58.7815
8731,55.6645
8732,53.4145
8733,51.821
8734,48.366
8735,45.08975
8736,43.20075
8737,42.2405
8738,42.0585
8739,42.57375
8740,42.84425
8741,43.28875
8742,45.507
8743,48.1815
8744,50.92975
8745,52.6155
8746,53.574
8747,53.538
8748,52.3555
8749,50.9645
8750,50.5375
8751,52.31825
8752,54.886
8753,54.20375
8754,51.5675
8755,48.5915
8756,46.884
8757,46.44
8758,44.595
8759,43.214
