0,60.301
1,58.54
2,55.144
3,52.978
4,52.584
5,52.881
6,53.173
7,52.929
8,53.83
9,55.677
10,57.722
11,60.387
12,60.029
13,57.977
14,56.719
15,56.642
16,59.439
17,62.69
18,63.741
19,62.36
20,60.16
21,60.983
22,61.763
23,59.306
24,56.993
25,55.713
26,53.472
27,53.103
28,55.361
29,59.308
30,63.485
31,66.769
32,68.375
33,69.164
34,69.929
35,71.349
36,70.323
37,68.572
38,66.816
39,66.648
40,69.886
41,73.776
42,74.391
43,71.105
44,68.056
45,68.727
46,69.839
47,67.684
48,65.391
49,64.179
50,61.822
51,61.255
52,63.822
53,68.352
54,72.742
55,75.911
56,76.845
57,76.941
58,76.824
59,76.666
60,74.618
61,72.433
62,70.453
63,70.357
64,74.18
65,78.349
66,78.676
67,75.424
68,72.057
69,72.536
70,73.389
71,71.259
72,69.124
73,67.95
74,65.782
75,65.032
76,67.478
77,71.628
78,76.3
79,79.41
80,80.549
81,80.666
82,80.445
83,79.807
84,77.464
85,75.13
86,72.94
87,72.506
88,75.834
89,79.502
90,79.325
91,75.996
92,73.235
93,73.455
94,74.478
95,71.564
96,69.193
97,67.678
98,64.664
99,63.204
100,63.825
101,65.527
102,67.662
103,69.706
104,71.656
105,72.747
106,73.262
107,74.71
108,73.275
109,70.462
110,68.354
111,67.679
112,70.309
113,73.722
114,74.167
115,71.578
116,69.314
117,69.962
118,71.312
119,69.302
120,66.762
121,65.008
122,61.893
123,59.881
124,60.027
125,60.969
126,62.216
127,63.796
128,66.23
129,68.861
130,70.727
131,73.255
132,71.44
133,68.189
134,66.372
135,65.624
136,68.407
137,72.902
138,74.316
139,72.178
140,69.308
141,69.405
142,70.283
143,67.742
144,65.52
145,64.364
146,61.783
147,61.178
148,64.087
149,69.731
150,75.894
151,78.211
152,78.481
153,78.622
154,79.219
155,79.524
156,78.174
157,76.363
158,74.409
159,73.906
160,76.31
161,79.64
162,79.271
163,75.061
164,71.18
165,70.714
166,71.179
167,68.095
168,65.531
169,64.06
170,61.367
171,60.623
172,63.169
173,68.969
174,75.067
175,77.212
176,77.083
177,77.02
178,76.922
179,76.998
180,75.636
181,74.132
182,72.422
183,71.941
184,74.514
185,78.287
186,78.34
187,74.397
188,70.649
189,70.374
190,70.903
191,67.973
192,65.407
193,63.969
194,61.624
195,61.025
196,63.95
197,69.716
198,75.599
199,78.571
200,78.96
201,78.395
202,78.405
203,78.481
204,77.422
205,76.006
206,74.486
207,74.434
208,77.04
209,81.337
210,81.633
211,77.816
212,73.946
213,73.805
214,74.406
215,71.8
216,69.701
217,68.288
218,66.198
219,65.623
220,68.394
221,74.754
222,81.504
223,83.847
224,83.63
225,82.994
226,82.51
227,82.035
228,80.585
229,78.603
230,77.049
231,76.77
232,80.102
233,84.633
234,84.512
235,80.169
236,75.106
237,75.801
238,76.47
239,73.44
240,71.151
241,69.777
242,67.404
243,66.682
244,69.405
245,75.332
246,81.098
247,83.08
248,83.052
249,82.31
250,81.89
251,81.412
252,79.462
253,77.037
254,75.188
255,74.427
256,76.965
257,80.584
258,79.999
259,76.357
260,73.125
261,73.372
262,73.728
263,70.471
264,68.166
265,65.976
266,62.897
267,61.508
268,61.977
269,63.762
270,66.039
271,68.499
272,70.77
273,71.503
274,71.653
275,72.905
276,70.942
277,68.341
278,66.385
279,65.577
280,67.623
281,71.15
282,71.391
283,68.515
284,65.737
285,66.478
286,67.777
287,64.838
288,62.139
289,60.39
290,56.951
291,54.907
292,54.923
293,55.73
294,56.894
295,58.303
296,60.902
297,63.341
298,64.827
299,66.797
300,64.666
301,61.67
302,59.536
303,58.774
304,61.315
305,65.789
306,66.994
307,64.49
308,61.957
309,62.133
310,63.266
311,61.173
312,58.662
313,57.475
314,54.961
315,54.297
316,57.411
317,63.659
318,70.065
319,72.548
320,72.763
321,72.299
322,72.421
323,72.512
324,71.591
325,70.174
326,68.713
327,68.349
328,70.78
329,75.259
330,75.512
331,71.235
332,67.141
333,67.25
334,68.069
335,65.151
336,62.819
337,61.289
338,59.074
339,58.529
340,61.501
341,67.925
342,74.661
343,76.657
344,76.469
345,75.225
346,74.777
347,74.358
348,72.77
349,70.731
350,68.955
351,68.481
352,71.278
353,76.108
354,76.643
355,73.018
356,69.218
357,69.505
358,70.597
359,67.772
360,65.488
361,64.354
362,62.296
363,61.68
364,64.694
365,70.93
366,77.19
367,79.899
368,79.68
369,78.601
370,78.077
371,77.369
372,75.248
373,73.034
374,71.037
375,70.626
376,72.972
377,77.216
378,77.214
379,72.854
380,68.644
381,68.306
382,68.87
383,65.93
384,63.566
385,62.258
386,59.59
387,58.684
388,61.311
389,67.584
390,73.907
391,75.656
392,75.587
393,75.387
394,75.302
395,74.838
396,72.916
397,71.245
398,69.914
399,69.418
400,72.379
401,77.752
402,78.311
403,74.669
404,71.262
405,71.536
406,72.587
407,70.133
408,67.794
409,66.566
410,64.248
411,64.074
412,67.029
413,73.32
414,80.024
415,82.495
416,82.35
417,81.293
418,80.27
419,79.199
420,76.967
421,74.479
422,72.283
423,71.595
424,74.704
425,79.448
426,79.436
427,75.954
428,73.103
429,73.735
430,74.556
431,71.439
432,68.758
433,67.319
434,64.411
435,63.023
436,63.944
437,65.803
438,68.363
439,71.214
440,73.5
441,74.383
442,74.162
443,74.784
444,72.383
445,69.022
446,66.646
447,65.876
448,68.29
449,73.01
450,73.737
451,71.269
452,68.812
453,69.74
454,71.201
455,68.971
456,66.354
457,64.438
458,61.19
459,59.57
460,59.752
461,60.494
462,61.82
463,63.688
464,66.551
465,69.15
466,70.508
467,72.28
468,69.803
469,66.633
470,64.538
471,63.796
472,66.282
473,71.608
474,73.426
475,71.454
476,69.159
477,69.796
478,70.887
479,69.075
480,67.287
481,66.316
482,64.089
483,63.859
484,67.21
485,73.841
486,80.5
487,83.437
488,83.769
489,83.33
490,82.665
491,81.924
492,80.009
493,77.732
494,75.701
495,75.238
496,78.19
497,84.244
498,84.742
499,80.626
500,76.627
501,76.545
502,77.173
503,74.578
504,72.85
505,71.591
506,68.981
507,68.426
508,71.022
509,76.959
510,82.906
511,84.847
512,85.054
513,84.791
514,84.573
515,84.285
516,82.183
517,80.291
518,78.286
519,77.834
520,80.165
521,84.906
522,84.633
523,80.01
524,75.839
525,75.781
526,76.434
527,73.273
528,71.434
529,70.04
530,67.325
531,66.486
532,69.067
533,74.307
534,79.439
535,82.058
536,83.135
537,83.463
538,83.978
539,84.017
540,82.576
541,81.129
542,79.593
543,79.212
544,80.999
545,85.632
546,85.677
547,81.06
548,77.009
549,76.75
550,77.485
551,75.07
552,73.602
553,72.307
554,69.661
555,68.929
556,71.632
557,77.712
558,83.671
559,85.813
560,86.202
561,85.759
562,85.491
563,85.169
564,83.68
565,81.63
566,79.771
567,79.15
568,81.22
569,86.112
570,86.341
571,81.643
572,77.303
573,77.097
574,77.795
575,74.928
576,73.075
577,71.601
578,69.006
579,68.181
580,70.725
581,76.283
582,82.145
583,83.819
584,83.84
585,83.48
586,83.047
587,82.427
588,80.298
589,77.907
590,75.877
591,74.798
592,76.44
593,80.601
594,80.233
595,76.341
596,73.012
597,73.051
598,73.557
599,70.235
600,67.651
601,65.714
602,62.552
603,60.919
604,61.372
605,62.919
606,65.182
607,67.652
608,69.935
609,70.457
610,70.455
611,71.32
612,69.389
613,66.656
614,64.364
615,63.383
616,64.971
617,69.433
618,70.113
619,67.636
620,65.146
621,66.218
622,67.787
623,65.359
624,62.847
625,61.011
626,57.827
627,56.218
628,56.227
629,56.96
630,58.286
631,59.895
632,62.941
633,65.246
634,66.477
635,68.569
636,66.481
637,63.779
638,62.034
639,61.446
640,63.771
641,69.977
642,72.185
643,70.391
644,67.704
645,68.132
646,68.993
647,66.86
648,65.011
649,64.003
650,61.569
651,61.017
652,64.189
653,70.324
654,76.669
655,79.036
656,79.612
657,79.042
658,78.307
659,77.89
660,76.864
661,74.881
662,73.215
663,72.589
664,74.459
665,80.325
666,81.093
667,77.015
668,73.272
669,73.252
670,74.028
671,71.626
672,69.578
673,68.345
674,65.875
675,65.245
676,68.09
677,73.955
678,79.94
679,81.426
680,81.436
681,80.887
682,80.733
683,80.654
684,79.447
685,77.956
686,76.489
687,76.002
688,77.535
689,82.142
690,82.568
691,78.513
692,74.867
693,74.621
694,75.365
695,72.384
696,70.76
697,69.378
698,66.721
699,65.675
700,68.136
701,73.436
702,78.416
703,80.922
704,81.917
705,81.962
706,82.134
707,81.707
708,79.212
709,78.462
710,76.877
711,76.532
712,77.964
713,83.047
714,83.522
715,79.203
716,75.208
717,75.097
718,75.921
719,73.522
720,72.093
721,70.892
722,68.21
723,67.368
724,69.853
725,75.741
726,81.907
727,83.691
728,84.399
729,84.426
730,84.389
731,83.923
732,82.489
733,80.676
734,78.687
735,77.563
736,78.462
737,82.718
738,82.708
739,78.131
740,73.881
741,73.292
742,73.587
743,70.921
744,68.338
745,66.962
746,64.386
747,63.351
748,65.813
749,71.175
750,77.331
751,79.024
752,79.628
753,79.558
754,79.659
755,79.553
756,77.923
757,75.748
758,73.562
759,72.333
760,73.258
761,77.543
762,77.552
763,73.835
764,70.52
765,70.925
766,71.567
767,68.534
768,65.766
769,63.875
770,61.078
771,59.804
772,60.472
773,62.277
774,64.694
775,67.148
776,70.316
777,71.791
778,72.664
779,74.252
780,72.746
781,70.415
782,68.584
783,67.543
784,68.693
785,73.191
786,74.158
787,71.598
788,69.278
789,70.385
790,71.705
791,69.762
792,67.594
793,65.904
794,62.964
795,61.46
796,61.736
797,62.956
798,64.237
799,65.895
800,68.62
801,70.12
802,70.861
803,72.08
804,69.754
805,66.24
806,64.046
807,62.967
808,64.84
809,71.821
810,75.331
811,73.85
812,71.583
813,72.289
814,73.552
815,71.564
816,70.033
817,69.025
818,66.652
819,66.08
820,69.323
821,75.346
822,81.529
823,83.711
824,84.211
825,83.689
826,83.72
827,83.641
828,82.088
829,80.113
830,78.032
831,77.127
832,78.217
833,83.294
834,84.273
835,80.029
836,75.568
837,75.285
838,75.998
839,73.109
840,70.606
841,69.163
842,66.531
843,65.79
844,68.551
845,74.582
846,80.58
847,82.037
848,81.942
849,81.088
850,80.637
851,79.799
852,77.694
853,75.048
854,72.637
855,71.564
856,72.722
857,78.534
858,80.009
859,76.085
860,72.32
861,72.23
862,72.794
863,69.946
864,67.382
865,65.958
866,63.266
867,62.489
868,65.131
869,70.894
870,76.537
871,78.273
872,78.406
873,77.781
874,77.393
875,76.764
876,74.714
877,72.426
878,70.109
879,68.877
880,69.755
881,75.297
882,76.556
883,72.337
884,68.487
885,68.454
886,69.12
887,66.539
888,64.157
889,63.012
890,60.387
891,59.331
892,62.038
893,68.146
894,74.248
895,75.612
896,75.77
897,74.694
898,74.029
899,73.564
900,72.171
901,70.075
902,68.23
903,67.364
904,68.468
905,74.475
906,75.91
907,71.876
908,68.159
909,67.97
910,69.023
911,66.282
912,63.892
913,62.473
914,60.115
915,59.519
916,62.045
917,67.994
918,74.016
919,75.414
920,75.368
921,74.391
922,73.814
923,73.272
924,71.242
925,69.185
926,67.367
927,66.227
928,67.513
929,72.163
930,72.988
931,69.658
932,66.546
933,66.786
934,67.594
935,64.68
936,61.848
937,60.197
938,57.215
939,55.92
940,56.584
941,58.53
942,60.641
943,62.62
944,64.642
945,64.612
946,64.323
947,65.128
948,62.945
949,60.282
950,58.268
951,57.281
952,58.217
953,63.6
954,65.164
955,62.796
956,60.283
957,61.024
958,62.699
959,60.406
960,57.867
961,56.184
962,53.031
963,51.138
964,51.081
965,51.953
966,53.082
967,54.487
968,57.744
969,60.293
970,62.1
971,64.173
972,62.278
973,59.537
974,57.884
975,57.035
976,57.925
977,63.607
978,66.793
979,64.831
980,63.018
981,63.867
982,65.119
983,63.134
984,61.219
985,60.121
986,57.665
987,57.355
988,60.783
989,66.79
990,72.544
991,74.689
992,75.303
993,74.746
994,74.616
995,74.558
996,73.05
997,70.924
998,68.733
999,67.693
1000,68.323
1001,74.099
1002,76.623
1003,72.836
1004,69.24
1005,69.777
1006,70.907
1007,68.49
1008,66.165
1009,65.27
1010,63.14
1011,62.773
1012,65.939
1013,72.038
1014,78.162
1015,79.943
1016,79.868
1017,78.125
1018,76.732
1019,75.231
1020,72.716
1021,70.149
1022,67.612
1023,66.324
1024,67.182
1025,73.489
1026,76.622
1027,73.301
1028,70.012
1029,70.471
1030,71.62
1031,69.24
1032,67.007
1033,66.018
1034,64.022
1035,63.587
1036,66.53
1037,72.426
1038,78.177
1039,80.246
1040,80.406
1041,78.681
1042,76.915
1043,75.3
1044,72.48
1045,69.348
1046,66.43
1047,64.978
1048,65.679
1049,72.238
1050,75.698
1051,72.296
1052,69.039
1053,69.657
1054,70.914
1055,68.39
1056,66.555
1057,65.549
1058,63.142
1059,62.694
1060,65.739
1061,71.615
1062,77.661
1063,79.102
1064,78.352
1065,76.052
1066,74.337
1067,72.467
1068,69.65
1069,66.679
1070,63.788
1071,62.039
1072,62.804
1073,68.939
1074,72.388
1075,69.061
1076,66.118
1077,66.638
1078,68.058
1079,65.809
1080,63.745
1081,62.913
1082,60.719
1083,60.358
1084,63.254
1085,69.094
1086,74.716
1087,76.128
1088,75.55
1089,73.161
1090,71.105
1091,69.372
1092,66.298
1093,63.149
1094,60.211
1095,58.372
1096,59.03
1097,64.808
1098,68.183
1099,65.806
1100,63.3
1101,64.226
1102,65.707
1103,63.238
1104,61
1105,59.774
1106,57.409
1107,56.385
1108,57.542
1109,59.882
1110,62.167
1111,64.264
1112,65.48
1113,64.252
1114,62.924
1115,62.502
1116,59.292
1117,55.68
1118,52.812
1119,51.228
1120,52.297
1121,58.36
1122,62.21
1123,60.221
1124,58.246
1125,59.702
1126,61.731
1127,59.505
1128,57.575
1129,56.114
1130,53.476
1131,52.211
1132,52.716
1133,54.102
1134,55.127
1135,56.421
1136,58.058
1137,58.162
1138,57.516
1139,57.725
1140,54.62
1141,50.832
1142,48.396
1143,47.26
1144,48.866
1145,55.678
1146,60.564
1147,59.215
1148,57.397
1149,58.374
1150,60.073
1151,57.051
1152,56.149
1153,55.098
1154,53.028
1155,52.904
1156,56.192
1157,62.033
1158,67.183
1159,69.071
1160,69.114
1161,67.815
1162,66.874
1163,66.238
1164,64.4
1165,62.263
1166,59.936
1167,58.818
1168,59.532
1169,65.27
1170,68.622
1171,65.312
1172,62.134
1173,62.552
1174,63.534
1175,61.461
1176,59.204
1177,57.966
1178,55.589
1179,55.072
1180,57.896
1181,63.325
1182,68.519
1183,70.573
1184,71.182
1185,70.628
1186,70.2
1187,69.444
1188,67.275
1189,64.936
1190,62.589
1191,61.053
1192,61.508
1193,66.947
1194,70.994
1195,67.677
1196,64.366
1197,65.031
1198,66.126
1199,63.384
1200,61.503
1201,60.3
1202,58.147
1203,57.754
1204,60.428
1205,66.074
1206,71.17
1207,73.475
1208,73.53
1209,72.065
1210,70.791
1211,69.462
1212,66.882
1213,64.126
1214,61.453
1215,59.915
1216,60.264
1217,66.04
1218,70.217
1219,66.982
1220,63.731
1221,64.021
1222,65.319
1223,62.995
1224,60.936
1225,59.874
1226,57.589
1227,57.074
1228,59.935
1229,65.398
1230,70.579
1231,72.544
1232,72.268
1233,70.657
1234,69.27
1235,67.916
1236,65.311
1237,62.702
1238,60.072
1239,58.625
1240,58.905
1241,64.623
1242,68.965
1243,65.894
1244,62.83
1245,63.183
1246,64.269
1247,61.875
1248,59.847
1249,58.749
1250,56.456
1251,56.203
1252,58.911
1253,64.371
1254,69.419
1255,71.269
1256,70.974
1257,68.744
1258,67.182
1259,65.665
1260,62.898
1261,60.034
1262,57.165
1263,55.243
1264,55.305
1265,60.114
1266,63.838
1267,61.045
1268,58.303
1269,59.09
1270,60.465
1271,57.837
1272,55.278
1273,53.757
1274,51.114
1275,50.162
1276,51.096
1277,53.578
1278,55.527
1279,57.573
1280,58.658
1281,57.789
1282,56.732
1283,57.105
1284,54.772
1285,51.739
1286,49.369
1287,48.174
1288,48.752
1289,53.898
1290,58.319
1291,56.629
1292,54.804
1293,56.412
1294,58.329
1295,56.531
1296,54.54
1297,53.116
1298,50.701
1299,49.446
1300,50.077
1301,51.572
1302,52.612
1303,54.339
1304,55.963
1305,56.07
1306,55.75
1307,56.293
1308,53.303
1309,49.722
1310,47.333
1311,45.786
1312,46.815
1313,52.883
1314,58.706
1315,57.509
1316,55.963
1317,57.016
1318,58.526
1319,56.962
1320,55.437
1321,54.616
1322,52.496
1323,52.381
1324,55.706
1325,62.034
1326,67.422
1327,68.922
1328,68.336
1329,66.461
1330,65.103
1331,63.98
1332,61.886
1333,59.163
1334,56.554
1335,54.819
1336,54.784
1337,60.047
1338,64.963
1339,61.742
1340,58.419
1341,58.955
1342,60.344
1343,58.21
1344,56.199
1345,55.105
1346,53.061
1347,52.79
1348,55.888
1349,61.949
1350,66.71
1351,68.086
1352,67.025
1353,65.02
1354,63.564
1355,62.211
1356,60.082
1357,57.562
1358,55.358
1359,53.777
1360,53.729
1361,58.538
1362,63.483
1363,60.506
1364,57.485
1365,57.902
1366,59.068
1367,56.62
1368,55.175
1369,54.027
1370,51.836
1371,51.653
1372,54.546
1373,60.318
1374,65.121
1375,66.871
1376,65.839
1377,63.864
1378,62.616
1379,61.633
1380,59.367
1381,57.121
1382,54.821
1383,53.369
1384,53.075
1385,57.812
1386,62.851
1387,59.832
1388,56.723
1389,57.255
1390,58.2
1391,55.813
1392,53.987
1393,52.595
1394,50.1
1395,49.259
1396,51.957
1397,57.542
1398,61.975
1399,63.305
1400,63.291
1401,62.618
1402,62.49
1403,62.164
1404,60.367
1405,58.705
1406,57.182
1407,56.093
1408,56.332
1409,60.415
1410,64.272
1411,60.905
1412,57.38
1413,57.269
1414,58.313
1415,55.569
1416,53.043
1417,51.484
1418,49.228
1419,48.424
1420,50.835
1421,56.269
1422,60.536
1423,62.57
1424,63.734
1425,63.845
1426,63.979
1427,64.14
1428,62.722
1429,61.067
1430,59.16
1431,57.753
1432,58.038
1433,61.679
1434,64.603
1435,61.263
1436,58.151
1437,58.609
1438,59.55
1439,56.561
1440,54.348
1441,52.212
1442,49.343
1443,48.055
1444,48.663
1445,50.515
1446,51.922
1447,54.336
1448,56.494
1449,56.869
1450,56.974
1451,58.064
1452,56.243
1453,53.541
1454,51.731
1455,50.307
1456,50.556
1457,54.504
1458,58.713
1459,56.462
1460,54.349
1461,55.541
1462,57.123
1463,54.734
1464,52.5
1465,50.922
1466,48.054
1467,46.333
1468,46.5
1469,47.534
1470,47.899
1471,49.564
1472,51.841
1473,52.982
1474,53.643
1475,54.863
1476,52.328
1477,49.207
1478,47.418
1479,46.192
1480,47.001
1481,51.65
1482,56.842
1483,55.385
1484,53.215
1485,54.099
1486,55.496
1487,53.096
1488,51.259
1489,49.9
1490,47.483
1491,47.134
1492,50.429
1493,56.426
1494,61.062
1495,63.431
1496,65.064
1497,65.388
1498,65.241
1499,65.216
1500,63.988
1501,62.264
1502,60.601
1503,59.209
1504,59.366
1505,63.901
1506,68.245
1507,64.639
1508,61.129
1509,61.194
1510,62.133
1511,59.548
1512,57.15
1513,55.948
1514,53.549
1515,53.016
1516,55.483
1517,61.443
1518,66.037
1519,67.47
1520,67.412
1521,66.364
1522,65.66
1523,65.103
1524,63.703
1525,61.463
1526,59.343
1527,57.982
1528,58.131
1529,62.277
1530,66.751
1531,63.332
1532,59.792
1533,59.829
1534,60.655
1535,57.839
1536,55.502
1537,54.13
1538,51.84
1539,51.204
1540,53.649
1541,58.793
1542,62.596
1543,64.979
1544,66.186
1545,66.094
1546,66.179
1547,66.496
1548,65
1549,63.73
1550,62.077
1551,60.723
1552,60.774
1553,64.244
1554,67.243
1555,63.374
1556,59.711
1557,59.382
1558,60.196
1559,57.445
1560,55.024
1561,53.606
1562,51.378
1563,50.451
1564,53.358
1565,59.162
1566,63.508
1567,65.051
1568,65.031
1569,64.512
1570,64.223
1571,64.043
1572,62.588
1573,60.992
1574,58.933
1575,57.755
1576,58.008
1577,62.401
1578,67.235
1579,64.156
1580,60.705
1581,60.868
1582,61.876
1583,59.479
1584,57.094
1585,55.697
1586,53.679
1587,53.195
1588,55.88
1589,61.86
1590,66.462
1591,67.919
1592,67.656
1593,66.056
1594,64.891
1595,64.299
1596,62.262
1597,60.394
1598,58.374
1599,57.353
1600,57.949
1601,61.577
1602,65.404
1603,62.307
1604,59.147
1605,59.633
1606,60.864
1607,57.783
1608,54.91
1609,53.075
1610,49.99
1611,48.553
1612,49.335
1613,51.295
1614,52.289
1615,54.634
1616,56.791
1617,57.041
1618,57.615
1619,59.066
1620,57.327
1621,54.502
1622,52.409
1623,51.233
1624,51.571
1625,54.788
1626,58.683
1627,56.341
1628,53.932
1629,54.891
1630,56.433
1631,53.835
1632,51.125
1633,48.841
1634,45.491
1635,43.748
1636,44.134
1637,45.35
1638,45.586
1639,47.781
1640,50.481
1641,51.991
1642,53.069
1643,54.398
1644,52.063
1645,48.949
1646,47.193
1647,46.18
1648,46.847
1649,51.499
1650,57.655
1651,56.596
1652,54.465
1653,55.309
1654,56.755
1655,54.871
1656,53.161
1657,51.997
1658,49.697
1659,49.514
1660,52.955
1661,59.318
1662,63.93
1663,65.827
1664,65.979
1665,65.229
1666,64.814
1667,64.734
1668,63.257
1669,61.36
1670,59.46
1671,57.98
1672,58.155
1673,62.422
1674,68.036
1675,65.22
1676,61.817
1677,62.447
1678,63.553
1679,60.874
1680,59.382
1681,58.102
1682,55.668
1683,55.203
1684,58.243
1685,64.377
1686,68.915
1687,69.84
1688,69.014
1689,67.343
1690,66.338
1691,65.744
1692,64.212
1693,62.491
1694,60.826
1695,59.879
1696,60.311
1697,64.568
1698,69.241
1699,65.685
1700,62.111
1701,62.028
1702,62.919
1703,60.332
1704,57.959
1705,56.718
1706,54.424
1707,53.912
1708,56.795
1709,62.523
1710,66.65
1711,68.727
1712,68.546
1713,67.521
1714,67.155
1715,67.267
1716,65.922
1717,64.149
1718,62.245
1719,61.24
1720,61.435
1721,65.512
1722,70.137
1723,66.886
1724,62.998
1725,63.025
1726,63.677
1727,60.908
1728,58.643
1729,57.016
1730,54.518
1731,53.643
1732,56.229
1733,61.944
1734,66.367
1735,68.498
1736,69.09
1737,68.971
1738,69.417
1739,69.645
1740,68.693
1741,67.351
1742,65.509
1743,64.413
1744,64.394
1745,67.329
1746,70.501
1747,66.506
1748,62.408
1749,62.045
1750,62.513
1751,59.409
1752,56.671
1753,55.106
1754,52.452
1755,51.692
1756,54.109
1757,59.663
1758,63.882
1759,65.582
1760,65.798
1761,65.656
1762,65.682
1763,65.723
1764,64.236
1765,62.509
1766,60.538
1767,59.017
1768,59.042
1769,61.801
1770,65.012
1771,62.108
1772,58.727
1773,59.1
1774,60.025
1775,56.673
1776,53.876
1777,51.943
1778,48.903
1779,47.606
1780,48.502
1781,50.591
1782,51.591
1783,54.199
1784,56.012
1785,56.099
1786,55.981
1787,56.848
1788,54.518
1789,51.453
1790,48.875
1791,47.166
1792,47.29
1793,50.281
1794,55.771
1795,54.385
1796,52.271
1797,53.701
1798,55.638
1799,53.793
1800,51.495
1801,49.592
1802,46.433
1803,45.273
1804,45.529
1805,46.428
1806,46.627
1807,48.922
1808,51.271
1809,52.276
1810,53.399
1811,55.324
1812,53.45
1813,50.845
1814,49.085
1815,48.13
1816,48.668
1817,52.971
1818,59.646
1819,58.99
1820,56.786
1821,57.889
1822,59.322
1823,57.191
1824,55.464
1825,54.522
1826,52.015
1827,51.673
1828,55.024
1829,61.041
1830,65.968
1831,67.626
1832,67.178
1833,65.968
1834,65.73
1835,65.741
1836,64.3
1837,62.445
1838,60.782
1839,59.667
1840,60.135
1841,64.353
1842,69.54
1843,66.382
1844,62.597
1845,62.986
1846,64.046
1847,61.197
1848,58.931
1849,57.554
1850,55.353
1851,54.87
1852,57.961
1853,63.913
1854,68.155
1855,69.434
1856,68.627
1857,66.783
1858,66.119
1859,65.838
1860,64.398
1861,62.371
1862,60.215
1863,58.783
1864,58.785
1865,61.884
1866,67.208
1867,64.905
1868,61.474
1869,61.915
1870,63.059
1871,60.558
1872,59.061
1873,57.856
1874,55.788
1875,55.463
1876,58.606
1877,64.208
1878,68.079
1879,69.206
1880,68.042
1881,65.981
1882,64.749
1883,64.182
1884,62.219
1885,60.153
1886,58.049
1887,56.741
1888,56.559
1889,59.966
1890,65.636
1891,63.355
1892,59.967
1893,60.18
1894,61.517
1895,59.079
1896,57.536
1897,56.382
1898,54.029
1899,53.593
1900,56.591
1901,62.457
1902,66.531
1903,67.042
1904,65.603
1905,63.621
1906,62.466
1907,61.973
1908,60.112
1909,58.116
1910,55.929
1911,54.222
1912,54.018
1913,57.377
1914,62.775
1915,61.041
1916,57.787
1917,58.134
1918,59.568
1919,57.122
1920,55.738
1921,54.476
1922,52.465
1923,52.113
1924,55.293
1925,61.198
1926,65.538
1927,65.944
1928,64.851
1929,62.889
1930,61.344
1931,60.345
1932,58.026
1933,55.503
1934,53.214
1935,51.28
1936,50.999
1937,53.519
1938,58.683
1939,57.798
1940,55.262
1941,56.001
1942,57.113
1943,54.593
1944,52.632
1945,51.036
1946,48.56
1947,47.675
1948,48.758
1949,50.617
1950,52.123
1951,54.173
1952,55.11
1953,54.267
1954,53.708
1955,54.478
1956,52.162
1957,49.192
1958,47.024
1959,45.347
1960,45.564
1961,48.341
1962,53.195
1963,52.321
1964,50.414
1965,51.806
1966,53.778
1967,51.773
1968,49.595
1969,47.999
1970,45.412
1971,44.165
1972,44.626
1973,45.394
1974,46.06
1975,47.788
1976,49.639
1977,50.245
1978,50.552
1979,51.825
1980,49.052
1981,46.05
1982,44.265
1983,42.855
1984,43.571
1985,47.236
1986,53.204
1987,53.183
1988,51.449
1989,52.219
1990,54.079
1991,52.26
1992,50.372
1993,49.408
1994,47.202
1995,47.018
1996,50.433
1997,56.085
1998,60.502
1999,61.757
2000,61.344
2001,60.538
2002,60.24
2003,60.17
2004,59.001
2005,57.254
2006,55.536
2007,54.259
2008,54.269
2009,57.754
2010,63.056
2011,61.258
2012,57.984
2013,58.368
2014,59.461
2015,56.903
2016,54.729
2017,53.611
2018,51.73
2019,51.552
2020,54.611
2021,60.025
2022,64.445
2023,65.21
2024,64.337
2025,63.087
2026,62.497
2027,61.957
2028,60.082
2029,57.94
2030,56.075
2031,54.557
2032,54.304
2033,57.393
2034,62.747
2035,61.416
2036,58.117
2037,58.616
2038,59.813
2039,57.033
2040,55.48
2041,54.417
2042,52.29
2043,52.094
2044,55.09
2045,60.222
2046,63.931
2047,64.943
2048,64.3
2049,62.509
2050,61.851
2051,61.762
2052,60.011
2053,58.037
2054,55.944
2055,54.553
2056,54.237
2057,57.282
2058,62.294
2059,60.769
2060,57.395
2061,57.686
2062,58.777
2063,56.42
2064,54.863
2065,53.536
2066,51.436
2067,51.105
2068,53.996
2069,59.193
2070,63.099
2071,63.661
2072,62.657
2073,61.222
2074,60.384
2075,59.962
2076,58.469
2077,56.748
2078,54.731
2079,53.303
2080,53.233
2081,56.057
2082,60.962
2083,59.562
2084,56.286
2085,56.486
2086,57.765
2087,55.266
2088,53.694
2089,52.524
2090,50.378
2091,50.178
2092,53.094
2093,58.316
2094,62.223
2095,62.735
2096,61.444
2097,59.674
2098,58.537
2099,57.995
2100,56.046
2101,54.121
2102,51.948
2103,50.301
2104,50.069
2105,52.473
2106,57.009
2107,56.558
2108,53.948
2109,54.333
2110,55.586
2111,52.667
2112,50.597
2113,48.874
2114,46.287
2115,45.481
2116,46.538
2117,47.944
2118,49.56
2119,51.219
2120,51.983
2121,51.257
2122,50.713
2123,51.525
2124,49.498
2125,46.978
2126,44.909
2127,43.481
2128,43.415
2129,45.93
2130,50.786
2131,50.99
2132,49.108
2133,50.494
2134,52.565
2135,50.28
2136,48.149
2137,47.227
2138,44.088
2139,43.549
2140,43.987
2141,44.434
2142,45.549
2143,47.303
2144,47.965
2145,48.106
2146,49.228
2147,47.141
2148,44.057
2149,42.026
2150,40.297
2151,40.172
2152,42.482
2153,45.952
2154,48.562
2155,48.724
2156,49.287
2157,50.768
2158,48.537
2159,46.679
2160,44.564
2161,42.582
2162,42.194
2163,45.055
2164,50.976
2165,56.484
2166,58.836
2167,59.293
2168,58.257
2169,57.579
2170,57.472
2171,56.038
2172,54.119
2173,52.105
2174,50.492
2175,49.688
2176,51.501
2177,53.51
2178,54.05
2179,52.74
2180,52.589
2181,53.76
2182,50.87
2183,48.368
2184,46.9
2185,44.5
2186,43.949
2187,46.143
2188,51.728
2189,56.989
2190,58.959
2191,59.446
2192,58.744
2193,58.307
2194,58.172
2195,57.11
2196,55.92
2197,54.426
2198,53.101
2199,53.145
2200,55.359
2201,57.545
2202,57.551
2203,56.001
2204,56.072
2205,57.029
2206,54.071
2207,51.326
2208,49.962
2209,47.88
2210,47.434
2211,49.916
2212,55.391
2213,60.7
2214,63.704
2215,64.876
2216,64.967
2217,65.282
2218,65.586
2219,64.454
2220,63.058
2221,61.461
2222,60.106
2223,59.496
2224,61.474
2225,63.169
2226,62.719
2227,61.371
2228,61.358
2229,62.486
2230,59.712
2231,57.329
2232,55.878
2233,53.544
2234,53.024
2235,55.759
2236,61.778
2237,67.485
2238,69.214
2239,69.058
2240,67.745
2241,66.744
2242,66.011
2243,64.154
2244,62.039
2245,59.387
2246,57.459
2247,56.892
2248,58.763
2249,60.766
2250,61.536
2251,60.698
2252,60.879
2253,61.87
2254,58.997
2255,56.575
2256,55.508
2257,53.427
2258,52.893
2259,55.536
2260,61.468
2261,66.39
2262,68.104
2263,67.974
2264,66.517
2265,65.438
2266,64.575
2267,62.312
2268,59.949
2269,57.489
2270,55.553
2271,55.518
2272,57.085
2273,58.367
2274,58.795
2275,58.224
2276,58.583
2277,59.52
2278,56.343
2279,53.576
2280,51.868
2281,49.322
2282,48.036
2283,48.814
2284,50.82
2285,52.443
2286,55.072
2287,57.758
2288,58.088
2289,57.869
2290,59.154
2291,57.453
2292,54.831
2293,52.539
2294,50.835
2295,50.74
2296,52.263
2297,53.943
2298,54.537
2299,54.256
2300,55.343
2301,57.179
2302,54.645
2303,52.245
2304,50.388
2305,47.666
2306,46.3
2307,46.532
2308,47.709
2309,48.276
2310,50.211
2311,52.763
2312,53.83
2313,54.241
2314,55.551
2315,53.002
2316,49.926
2317,47.411
2318,46.195
2319,46.375
2320,48.597
2321,51.445
2322,53.205
2323,53.584
2324,54.208
2325,56.03
2326,53.639
2327,51.434
2328,50.313
2329,48.095
2330,47.882
2331,50.936
2332,56.791
2333,61.544
2334,63.93
2335,64.02
2336,62.942
2337,62.312
2338,62.14
2339,60.591
2340,58.731
2341,56.613
2342,54.959
2343,54.224
2344,56.012
2345,57.976
2346,57.724
2347,56.635
2348,56.828
2349,57.813
2350,55.162
2351,52.717
2352,51.472
2353,49.294
2354,48.904
2355,51.341
2356,56.901
2357,61.619
2358,63.9
2359,64.155
2360,63.265
2361,62.461
2362,61.962
2363,60.353
2364,58.552
2365,56.19
2366,54.45
2367,53.62
2368,55.145
2369,56.94
2370,56.883
2371,56.115
2372,56.22
2373,57.279
2374,54.289
2375,51.668
2376,50.386
2377,48.108
2378,47.402
2379,49.634
2380,54.804
2381,59.197
2382,61.905
2383,62.93
2384,62.729
2385,62.74
2386,63.022
2387,61.551
2388,59.705
2389,57.675
2390,56.188
2391,55.691
2392,57.383
2393,58.859
2394,57.984
2395,57.022
2396,57.046
2397,58.226
2398,55.091
2399,52.596
2400,51.311
2401,49.04
2402,48.606
2403,51.051
2404,56.603
2405,61.197
2406,63.679
2407,64.286
2408,63.32
2409,62.649
2410,62.123
2411,60.606
2412,58.362
2413,56.145
2414,54.386
2415,53.835
2416,55.377
2417,57.024
2418,56.92
2419,56.781
2420,57.201
2421,58.32
2422,55.581
2423,53.257
2424,52.278
2425,50.307
2426,49.954
2427,52.745
2428,58.388
2429,62.937
2430,65.042
2431,65.226
2432,63.608
2433,62.225
2434,61.84
2435,59.968
2436,57.503
2437,55.193
2438,53.214
2439,52.716
2440,54.133
2441,55.346
2442,55.875
2443,56.291
2444,57.275
2445,58.643
2446,55.948
2447,53.472
2448,52.165
2449,49.882
2450,48.917
2451,49.954
2452,52.109
2453,53.737
2454,56.215
2455,57.669
2456,56.817
2457,56.122
2458,56.94
2459,54.896
2460,52.241
2461,49.987
2462,48.191
2463,47.599
2464,49.332
2465,51.539
2466,52.658
2467,53.749
2468,55.492
2469,57.522
2470,55.366
2471,53.257
2472,51.866
2473,49.458
2474,48.312
2475,48.851
2476,50.019
2477,50.632
2478,52.689
2479,54.718
2480,55.225
2481,55.301
2482,56.523
2483,53.894
2484,50.596
2485,48.467
2486,47.02
2487,46.888
2488,49.15
2489,52.283
2490,54.097
2491,55.404
2492,56.511
2493,57.932
2494,55.493
2495,53.364
2496,52.368
2497,50.392
2498,50.168
2499,53.18
2500,58.734
2501,62.785
2502,65.225
2503,65.31
2504,63.819
2505,62.4402912
2506,61.55218764
2507,60.564
2508,58.296
2509,55.89
2510,54.104
2511,53.263
2512,55.124
2513,57.183
2514,56.598
2515,56.342
2516,56.65
2517,57.511
2518,54.425
2519,51.691
2520,50.337
2521,47.818
2522,47.102
2523,49.53
2524,54.226
2525,58.163
2526,61.244
2527,62.453
2528,62.177
2529,62.344
2530,62.35
2531,60.828
2532,59.176
2533,57.128
2534,55.681
2535,54.892
2536,56.261
2537,57.58
2538,56.543
2539,56.335
2540,56.524
2541,57.533
2542,54.332
2543,51.904
2544,50.528
2545,48.198
2546,47.643
2547,50.011
2548,54.713
2549,54.713
2550,60.907
2551,60.926
2552,59.985
2553,59.231
2554,58.829
2555,57.113
2556,55.234
2557,52.979
2558,51.137
2559,50.27
2560,51.51
2561,53.151
2562,52.8
2563,52.721
2564,52.91
2565,54.033
2566,51.11
2567,48.505
2568,46.913
2569,44.501
2570,43.76
2571,46.038
2572,50.548
2573,54.229
2574,56.525
2575,56.959
2576,56.334
2577,56.12
2578,56.17
2579,54.924
2580,53.33
2581,51.346
2582,49.763
2583,48.981
2584,50.212
2585,51.323
2586,50.793
2587,50.651
2588,51.113
2589,52.035
2590,49.002
2591,46.167
2592,44.708
2593,42.275
2594,41.457
2595,43.31
2596,47.43
2597,50.884
2598,50.884
2599,54.384
2600,53.873
2601,53.777
2602,54.223
2603,52.923
2604,51.457
2605,49.605
2606,47.903
2607,47.18
2608,48.065
2609,48.288
2610,47.805
2611,48.558
2612,49.298
2613,50.293
2614,47.057
2615,44.074
2616,42.245
2617,39.672
2618,38.397
2619,38.846
2620,40.193
2621,41.134
2622,43.601
2623,45.685
2624,46.193
2625,46.401
2626,47.677
2627,46.173
2628,44.546
2629,42.835
2630,41.397
2631,41.194
2632,42.262
2633,43.345
2634,43.118
2635,44.216
2636,45.565
2637,47.135
2638,44.384
2639,41.711
2640,39.874
2641,37.213
2642,35.729
2643,35.749
2644,36.141
2645,36.626
2646,38.979
2647,41.751
2648,43.357
2649,44.057
2650,45.41
2651,43.645
2652,41.13
2653,39.676
2654,38.548
2655,38.331
2656,39.585
2657,41.438
2658,42.471
2659,43.836
2660,45.188
2661,46.737
2662,43.753
2663,41.135
2664,39.291
2665,36.902
2666,36.902
2667,36.084
2668,36.876
2669,37.152
2670,39.19
2671,41.724
2672,43.489
2673,44.67
2674,46.434
2675,44.759
2676,42.518
2677,41.01
2678,39.858
2679,39.775
2680,41.571
2681,43.588
2682,43.747
2683,44.616
2684,45.436
2685,46.407
2686,43.594
2687,41.003
2688,39.511
2689,37.129
2690,36.462
2691,39.017
2692,43.49
2693,47.588
2694,50.883
2695,52.746
2696,53.396
2697,53.944
2698,54.638
2699,53.814
2700,52.904
2701,51.158
2702,49.749
2703,48.992
2704,50.298
2705,51.512
2706,50.131
2707,49.291
2708,49.319
2709,49.964
2710,46.572
2711,43.903
2712,42.35
2713,39.896
2714,39.157
2715,41.09
2716,45.111
2717,48.867
2718,52.158
2719,53.744
2720,54.407
2721,54.983
2722,55.494
2723,54.492
2724,53.158
2725,51.327
2726,50.215
2727,49.386
2728,50.809
2729,51.899
2730,50.418
2731,50.247
2732,50.722
2733,51.504
2734,48.173
2735,45.498
2736,43.936
2737,41.461
2738,40.896
2739,42.866
2740,46.903
2741,51.175
2742,53.939
2743,55.196
2744,55.602
2745,56.232
2746,56.889
2747,56.153
2748,54.937
2749,52.97
2750,51.44
2751,50.923
2752,52.533
2753,53.661
2754,52.071
2755,51.577
2756,51.936
2757,53.075
2758,49.887
2759,47.152
2760,45.832
2761,43.616
2762,43.109
2763,45.461
2764,49.661
2765,53.67
2766,56.289
2767,57.01
2768,56.81
2769,56.564
2770,56.515
2771,55.273
2772,53.422
2773,51.4
2774,49.418
2775,48.756
2776,49.754
2777,50.648
2778,49.976
2779,50.488
2780,51.297
2781,52.296
2782,48.937
2783,45.895
2784,44.038
2785,41.455
2786,40.347
2787,40.839
2788,41.976
2789,43.442
2790,46.005
2791,48.418
2792,49.304
2793,49.568
2794,51.168
2795,49.439
2796,47.283
2797,45.519
2798,44.106
2799,43.983
2800,45.389
2801,47.006
2802,46.867
2803,48.144
2804,49.716
2805,51.426
2806,48.768
2807,46.331
2808,44.596
2809,41.908
2810,40.624
2811,40.726
2812,41.08
2813,41.578
2814,43.617
2815,45.906
2816,47.437
2817,48.832
2818,50.839
2819,48.944
2820,46.472
2821,44.75
2822,43.597
2823,43.935
2824,46.221
2825,48.557
2826,48.986
2827,50.123
2828,51.304
2829,52.516
2830,49.937
2831,47.655
2832,46.266
2833,44.131
2834,43.877
2835,46.828
2836,51.711
2837,56.269
2838,58.539
2839,58.804
2840,58.086
2841,57.872
2842,57.959
2843,56.546
2844,54.718
2845,52.729
2846,50.782
2847,49.9
2848,51.072
2849,52.502
2850,51.16
2851,51.319
2852,51.996
2853,53.246
2854,50.325
2855,47.857
2856,46.412
2857,44.472
2858,44.137
2859,46.643
2860,51.355
2861,55.69
2862,57.486
2863,57.499
2864,56.745
2865,56.622
2866,56.728
2867,55.449
2868,55.449
2869,51.641
2870,49.703
2871,48.438
2872,49.057
2873,49.984
2874,48.979
2875,49.204
2876,50.055
2877,51.018
2878,47.831
2879,45.091
2880,43.399
2881,40.904
2882,39.503
2883,39.676
2884,40.065
2885,40.889
2886,42.355
2887,44.071
2888,44.615
2889,45.024
2890,46.693
2891,44.936
2892,42.323
2893,40.288
2894,38.812
2895,38.88
2896,41.088
2897,43.518
2898,43.572
2899,44.526
2900,45.887
2901,47.234
2902,44.756
2903,42.542
2904,41.202
2905,39.084
2906,38.881
2907,42.015
2908,46.673
2909,51.179
2910,54.084
2911,55.253
2912,55.387
2913,55.694
2914,56.217
2915,55.098
2916,53.744
2917,52.182
2918,50.828
2919,50.157
2920,51.523
2921,52.814
2922,51.341
2923,51.027
2924,51.855
2925,52.635
2926,49.43
2927,46.807
2928,45.125
2929,42.93
2930,42.393
2931,44.811
2932,49.194
2933,53.647
2934,56.405
2935,57.402
2936,57.077
2937,56.971
2938,57.206
2939,55.596
2940,53.845
2941,51.894
2942,50.004
2943,49.646
2944,50.858
2945,51.684
2946,50.6
2947,50.707
2948,51.745
2949,52.825
2950,49.504
2951,46.683
2952,44.862
2953,42.372
2954,41.477
2955,42.068
2956,43.177
2957,44.838
2958,47.749
2959,50.464
2960,51.604
2961,52.428
2962,54.289
2963,52.757
2964,50.506
2965,48.34
2966,47.185
2967,46.981
2968,48.507
2969,49.809
2970,49.529
2971,50.785
2972,52.969
2973,54.697
2974,52.022
2975,49.541
2976,47.943
2977,45.391
2978,44.333
2979,44.732
2980,44.917
2981,45.893
2982,47.627
2983,49.516
2984,50.742
2985,51.769
2986,53.285
2987,51.167
2988,48.219
2989,46.056
2990,44.692
2991,44.815
2992,46.995
2993,49.641
2994,50.098
2995,51.599
2996,53.433
2997,54.942
2998,52.684
2999,50.642
3000,49.602
3001,47.646
3002,47.627
3003,50.639
3004,55.636
3005,55.636
3006,61.958
3007,61.728
3008,60.452
3009,60.091
3010,60.089
3011,58.659
3012,56.776
3013,54.718
3014,53.158
3015,52.369
3016,54.089
3017,55.741
3018,54.628
3019,54.395
3020,55.28
3021,56.422
3022,53.599
3023,51.14
3024,49.929
3025,47.946
3026,47.686
3027,50.066
3028,54.607
3029,59.184
3030,60.403
3031,59.925
3032,58.493
3033,57.753
3034,57.674
3035,56.347
3036,54.416
3037,52.336
3038,50.939
3039,50.698
3040,52.108
3041,53.552
3042,52.683
3043,51.744
3044,52.132
3045,52.99
3046,49.649
3047,46.752
3048,45.041
3049,42.39
3050,41.052
3051,41.12
3052,41.417
3053,42.536
3054,44.901
3055,47.288
3056,49.176
3057,50.816
3058,52.743
3059,50.796
3060,48.651
3061,47.19
3062,46.226
3063,46.202
3064,48.51
3065,50.266
3066,49.447
3067,49.112
3068,50.179
3069,51.598
3070,49.035
3071,46.588
3072,45.099
3073,42.749
3074,42.289
3075,44.815
3076,49.234
3077,53.884
3078,56.605
3079,57.482
3080,57.212
3081,57.321
3082,57.551
3083,56.284
3084,54.721
3085,53.049
3086,51.706
3087,51.287
3088,52.878
3089,54.068
3090,52.39
3091,51.693
3092,52.569
3093,53.628
3094,50.644
3095,47.957
3096,46.508
3097,44.368
3098,43.827
3099,45.95
3100,50.119
3101,54.954
3102,56.963
3103,57.283
3104,56.591
3105,56.229
3106,56.392
3107,55.217
3108,53.525
3109,51.677
3110,50.119
3111,49.901
3112,51.544
3113,52.497
3114,51.268
3115,50.442
3116,51.373
3117,52.104
3118,48.722
3119,45.498
3120,43.507
3121,40.953
3122,39.787
3123,40.127
3124,40.756
3125,42.383
3126,45.33
3127,47.808
3128,48.826
3129,49.368
3130,50.663
3131,48.787
3132,46.855
3133,44.886
3134,43.527
3135,43.252
3136,44.724
3137,46.102
3138,45.54
3139,45.677
3140,47.819
3141,49.756
3142,47.242
3143,44.667
3144,42.985
3145,40.587
3146,39.33
3147,39.337
3148,39.231
3149,40.245
3150,41.901
3151,43.636
3152,44.564
3153,45.481
3154,47.273
3155,45.278
3156,42.816
3157,41.089
3158,39.629
3159,39.717
3160,41.834
3161,44.223
3162,44.52
3163,45.567
3164,47.51
3165,49.071
3166,46.538
3167,44.393
3168,43.031
3169,41.144
3170,41.16
3171,43.993
3172,48.53
3173,53.335
3174,55.156
3175,55.1
3176,54.294
3177,54.062
3178,54.3
3179,53.597
3180,52.057
3181,50.349
3182,48.806
3183,47.936
3184,49.201
3185,50.417
3186,48.925
3187,48.571
3188,49.983
3189,51.003
3190,47.881
3191,45.371
3192,44.085
3193,42.118
3194,41.683
3195,43.85
3196,47.95
3197,52.662
3198,54.193
3199,54.271
3200,53.47
3201,53.303
3202,53.545
3203,52.598
3204,51.196
3205,49.905
3206,48.389
3207,47.704
3208,48.811
3209,49.899
3210,48.44
3211,48.063
3212,49.497
3213,50.446
3214,47.373
3215,44.758
3216,43.397
3217,41.544
3218,41.049
3219,43.13
3220,46.967
3221,51.31
3222,53.607
3223,54.092
3224,53.833
3225,53.841
3226,54.334
3227,53.282
3228,52.046
3229,50.289
3230,48.93
3231,48.062
3232,49.257
3233,50.345
3234,48.645
3235,48.353
3236,49.667
3237,50.583
3238,47.503
3239,45.059
3240,43.658
3241,41.569
3242,41.039
3243,43.097
3244,47.13
3245,51.755
3246,53.607
3247,53.834
3248,53.512
3249,53.481
3250,53.761
3251,52.985
3252,51.713
3253,50.159
3254,48.761
3255,48.39
3256,49.626
3257,50.819
3258,48.923
3259,48.265
3260,49.228
3261,50.061
3262,47.007
3263,44.365
3264,43.08
3265,41.045
3266,40.546
3267,42.378
3268,46.383
3269,51.107
3270,53.523
3271,54.597
3272,54.841
3273,55.06
3274,55.445
3275,54.204
3276,52.718
3277,51.047
3278,49.637
3279,49.634
3280,50.747
3281,51.192
3282,49.556
3283,48.882
3284,50.033
3285,51.024
3286,47.459
3287,44.47
3288,42.705
3289,40.263
3290,39.022
3291,39.117
3292,39.745
3293,41.41
3294,44.054
3295,46.51
3296,47.527
3297,48.193
3298,49.716
3299,48.197
3300,46.136
3301,44.609
3302,43.309
3303,43.375
3304,44.771
3305,45.994
3306,45.209
3307,45.031
3308,46.863
3309,48.425
3310,45.743
3311,42.953
3312,41.064
3313,38.499
3314,37.006
3315,36.593
3316,36.38
3317,37.468
3318,39.522
3319,42.026
3320,43.753
3321,45.45
3322,47.663
3323,45.724
3324,43.372
3325,41.849
3326,41.158
3327,41.55
3328,43.688
3329,45.928
3330,45.404
3331,45.339
3332,46.643
3333,47.812
3334,45.054
3335,42.683
3336,41.157
3337,39.119
3338,38.663
3339,40.896
3340,45.155
3341,50.37
3342,53.876
3343,55.122
3344,55.203
3345,55.318
3346,55.493
3347,54.345
3348,52.761
3349,51.304
3350,49.901
3351,49.369
3352,50.969
3353,51.782
3354,49.578
3355,48.365
3356,49.369
3357,50.456
3358,47.173
3359,44.444
3360,42.767
3361,40.71
3362,40.159
3363,41.984
3364,46.285
3365,51.113
3366,53.473
3367,54.134
3368,53.793
3369,53.947
3370,54.311
3371,53.466
3372,51.991
3373,50.385
3374,48.876
3375,48.128
3376,49.182
3377,49.984
3378,48.239
3379,47.547
3380,48.933
3381,49.919
3382,46.485
3383,43.726
3384,42.318
3385,40.381
3386,39.828
3387,41.656
3388,45.262
3389,49.466
3390,51.869
3391,52.86
3392,52.845
3393,53.306
3394,53.821
3395,52.904
3396,51.65
3397,49.987
3398,48.77
3399,47.986
3400,49.007
3401,49.892
3402,47.924
3403,47.226
3404,48.493
3405,49.547
3406,46.204
3407,43.455
3408,42.019
3409,39.751
3410,38.893
3411,40.588
3412,44.348
3413,48.882
3414,50.962
3415,51.732
3416,51.87
3417,52.324
3418,52.84
3419,52.237
3420,51.212
3421,49.792
3422,48.44
3423,47.765
3424,48.947
3425,49.769
3426,47.828
3427,47.01
3428,48.135
3429,48.824
3430,45.392
3431,42.635
3432,40.913
3433,38.706
3434,37.882
3435,39.433
3436,43.03
3437,47.757
3438,50.571
3439,51.815
3440,51.966
3441,52.21
3442,52.582
3443,51.622
3444,50.464
3445,48.927
3446,47.436
3447,46.754
3448,47.401
3449,47.579
3450,45.732
3451,45.079
3452,46.817
3453,47.79
3454,44.175
3455,40.983
3456,39.275
3457,36.825
3458,35.793
3459,35.681
3460,36.002
3461,37.725
3462,40.444
3463,43.118
3464,44.221
3465,45.108
3466,46.875
3467,45.529
3468,43.739
3469,42.164
3470,40.983
3471,40.806
3472,41.958
3473,42.693
3474,41.689
3475,41.52
3476,43.631
3477,45.345
3478,42.409
3479,39.674
3480,37.788
3481,35.229
3482,33.882
3483,33.339
3484,33.03
3485,34.327
3486,36.555
3487,39.177
3488,40.945
3489,42.058
3490,43.585
3491,41.9
3492,39.876
3493,38.669
3494,37.546
3495,37.779
3496,39.64
3497,41.443
3498,41.304
3499,42.039
3500,43.871
3501,45.058
3502,41.991
3503,39.425
3504,37.947
3505,36.001
3506,35.577
3507,37.44
3508,41.155
3509,46.149
3510,49.278
3511,50.703
3512,51.286
3513,51.818
3514,52.57
3515,51.623
3516,50.623
3517,49.22
3518,47.823
3519,46.968
3520,48.215
3521,48.919
3522,46.722
3523,45.734
3524,47.121
3525,48.04
3526,44.614
3527,41.776
3528,40.338
3529,38.175
3530,37.531
3531,39.011
3532,42.643
3533,47.557
3534,50.254
3535,51.612
3536,51.982
3537,52.524
3538,53.108
3539,52.213
3540,51.252
3541,49.743
3542,48.455
3543,47.882
3544,48.896
3545,49.638
3546,47.638
3547,46.758
3548,48.461
3549,49.307
3550,45.843
3551,42.988
3552,41.531
3553,39.372
3554,39.03
3555,40.631
3556,44.183
3557,48.751
3558,51.622
3559,52.889
3560,53.27
3561,53.448
3562,53.9
3563,53.053
3564,52.013
3565,50.277
3566,48.778
3567,47.797
3568,48.377
3569,48.73
3570,47.111
3571,46.639
3572,48.258
3573,49.032
3574,45.122
3575,42.128
3576,40.28
3577,37.729
3578,36.33
3579,35.805
3580,35.887
3581,37.156
3582,39.16
3583,41.451
3584,42.82
3585,43.812
3586,45.771
3587,44.442
3588,42.435
3589,40.998
3590,39.899
3591,39.708
3592,41.11
3593,42.415
3594,41.965
3595,42.181
3596,44.439
3597,45.757
3598,42.858
3599,40.245
3600,38.517
3601,36.441
3602,35.676
3603,36.291
3604,38.315
3605,40.893
3606,43.647
3607,45.916
3608,46.803
3609,47.703
3610,49.145
3611,48.152
3612,46.928
3613,45.481
3614,44.251
3615,43.956
3616,44.84
3617,45.09
3618,43.645
3619,43.226
3620,45.394
3621,46.585
3622,43.098
3623,40.088
3624,38.179
3625,35.536
3626,34.386
3627,34.333
3628,34.574
3629,36.086
3630,38.606
3631,41.36
3632,42.668
3633,43.652
3634,45.455
3635,44.509
3636,43.34
3637,42.282
3638,41.21
3639,41.142
3640,41.996
3641,42.201
3642,41.023
3643,40.801
3644,43.266
3645,44.783
3646,41.435
3647,38.384
3648,36.457
3649,33.79
3650,32.489
3651,31.773
3652,31.317
3653,32.414
3654,34.632
3655,37.359
3656,39.112
3657,40.321
3658,42.277
3659,41.035
3660,39.686
3661,38.551
3662,37.615
3663,37.949
3664,39.364
3665,40.903
3666,40.682
3667,40.973
3668,43.149
3669,44.19
3670,40.752
3671,37.946
3672,36.295
3673,34.196
3674,33.798
3675,35.467
3676,39.357
3677,44.39
3678,47.512
3679,49.476
3680,50.251
3681,51.047
3682,52.13
3683,51.355
3684,50.817
3685,49.528
3686,48.295
3687,47.579
3688,48.335
3689,48.959
3690,46.599
3691,45.555
3692,47.15
3693,47.797
3694,43.962
3695,40.99
3696,39.234
3697,37.015
3698,36.343
3699,37.593
3700,40.699
3701,45.615
3702,48.843
3703,50.456
3704,51.322
3705,52.116
3706,52.858
3707,52.196
3708,51.422
3709,50.04
3710,48.981
3711,48.039
3712,48.386
3713,48.462
3714,45.913
3715,44.622
3716,46.786
3717,47.472
3718,43.61
3719,40.542
3720,39.024
3721,36.953
3722,36.3
3723,37.513
3724,40.711
3725,45.624
3726,48.997
3727,51.021
3728,52.113
3729,53.192
3730,54.053
3731,53.194
3732,52.268
3733,50.929
3734,49.567
3735,48.624
3736,49.476
3737,49.571
3738,46.794
3739,45.018
3740,46.652
3741,47.51
3742,43.972
3743,41.049
3744,39.64
3745,37.467
3746,36.948
3747,38.293
3748,41.88
3749,46.87
3750,49.702
3751,51.274
3752,51.571
3753,52.255
3754,52.735
3755,51.749
3756,50.824
3757,49.576
3758,48.326
3759,47.437
3760,47.982
3761,48.493
3762,46.104
3763,44.55
3764,46.375
3765,47.323
3766,43.667
3767,40.847
3768,39.245
3769,37.236
3770,36.713
3771,37.928
3772,41.374
3773,45.913
3774,48.799
3775,50.483
3776,51.195
3777,51.792
3778,52.702
3779,51.298
3780,50.333
3781,49.178
3782,47.526
3783,46.941
3784,47.466
3785,47.48
3786,45.365
3787,44.197
3788,46.656
3789,47.527
3790,43.734
3791,40.508
3792,38.829
3793,36.685
3794,35.595
3795,35.515
3796,36.08
3797,37.528
3798,40.094
3799,42.762
3800,43.826
3801,44.608
3802,46.239
3803,44.881
3804,43.16
3805,41.641
3806,40.241
3807,40.033
3808,41.079
3809,41.664
3810,40.827
3811,40.769
3812,43.694
3813,45.357
3814,42.154
3815,39.269
3816,37.237
3817,34.629
3818,33.218
3819,32.631
3820,32.226
3821,33.361
3822,35.694
3823,38.387
3824,40.269
3825,41.561
3826,43.737
3827,42.4
3828,40.515
3829,39.03
3830,37.856
3831,37.973
3832,39.328
3833,40.865
3834,40.404
3835,40.331
3836,43.224
3837,44.704
3838,41.501
3839,38.685
3840,36.899
3841,34.335
3842,33.395
3843,33.425
3844,34.01
3845,35.792
3846,38.539
3847,41.441
3848,43.634
3849,45.313
3850,47.143
3851,45.487
3852,43.622
3853,42.279
3854,41.223
3855,41.247
3856,42.987
3857,44.416
3858,42.993
3859,42.37
3860,44.826
3861,45.932
3862,42.547
3863,40.009
3864,38.577
3865,36.366
3866,36.008
3867,38.283
3868,42.436
3869,47.633
3870,50.735
3871,52.342
3872,52.882
3873,53.537
3874,54.187
3875,53.338
3876,52.353
3877,50.954
3878,49.575
3879,48.947
3880,50.094
3881,50.956
3882,48.378
3883,46.633
3884,48.191
3885,48.948
3886,45.07
3887,42.201
3888,40.735
3889,38.728
3890,38.092
3891,39.596
3892,43.07
3893,47.727
3894,51.107
3895,52.806
3896,53.111
3897,53.536
3898,53.934
3899,53.327
3900,51.869
3901,50.215
3902,48.612
3903,47.867
3904,48.897
3905,49.47
3906,46.91
3907,45.547
3908,47.82
3909,48.628
3910,45.208
3911,42.238
3912,40.821
3913,38.58
3914,37.827
3915,39.262
3916,43.136
3917,47.947
3918,50.63
3919,51.849
3920,52.043
3921,52.645
3922,53.026
3923,52.16
3924,51.122
3925,49.667
3926,48.474
3927,48.188
3928,49.004
3929,49.393
3930,47.111
3931,45.593
3932,47.741
3933,48.83
3934,45.201
3935,42.291
3936,40.682
3937,38.314
3938,37.559
3939,39.002
3940,42.543
3941,47.571
3942,50.631
3943,52.004
3944,52.599
3945,53.323
3946,53.853
3947,52.521
3948,51.347
3949,49.831
3950,48.215
3951,47.812
3952,48.375
3953,48.107
3954,45.964
3955,44.842
3956,47.206
3957,48.228
3958,44.417
3959,41.188
3960,39.17
3961,36.491
3962,35.25
3963,35.041
3964,35.557
3965,37.36
3966,40.203
3967,43.026
3968,44.235
3969,44.985
3970,46.762
3971,45.68
3972,43.985
3973,42.52
3974,41.189
3975,40.763
3976,41.507
3977,41.823
3978,40.606
3979,40.057
3980,43.059
3981,44.56
3982,41.509
3983,38.654
3984,36.735
3985,34.184
3986,32.925
3987,32.434
3988,32.16
3989,33.419
3990,35.708
3991,38.433
3992,40.557
3993,42.15
3994,44.274
3995,42.529
3996,40.471
3997,39.03
3998,37.98
3999,37.975
4000,39.5
4001,41.346
4002,40.951
4003,40.891
4004,43.693
4005,45.061
4006,41.556
4007,38.724
4008,37.003
4009,34.696
4010,34.233
4011,36.154
4012,39.978
4013,44.905
4014,48.143
4015,50.192
4016,51.041
4017,52.182
4018,53.309
4019,52.784
4020,52.15
4021,51.019
4022,49.85
4023,48.962
4024,49.608
4025,49.86
4026,46.976
4027,45.245
4028,47.3
4029,48.046
4030,44.07
4031,40.979
4032,39.442
4033,37.28
4034,36.552
4035,37.929
4036,41.465
4037,46.353
4038,49.431
4039,51.051
4040,52.049
4041,52.997
4042,53.934
4043,53.616
4044,53.366
4045,51.927
4046,50.604
4047,50.054
4048,50.614
4049,50.296
4050,47.642
4051,45.727
4052,47.846
4053,48.515
4054,44.32
4055,40.583
4056,38.922
4057,36.944
4058,36.474
4059,37.735
4060,40.71
4061,45.34
4062,49.108
4063,51.099
4064,52.477
4065,53.588
4066,54.133
4067,53.068
4068,52.318
4069,51.07
4070,49.817
4071,49.117
4072,49.818
4073,49.825
4074,46.883
4075,45.146
4076,46.978
4077,47.912
4078,44.402
4079,41.479
4080,39.722
4081,37.492
4082,36.857
4083,38.247
4084,41.568
4085,46.117
4086,49.096
4087,50.753
4088,51.533
4089,52.313
4090,53.033
4091,52.233
4092,51.509
4093,50.16
4094,48.85
4095,48.368
4096,49.142
4097,49.338
4098,46.647
4099,45.167
4100,47.204
4101,48.196
4102,44.427
4103,41.469
4104,40.058
4105,37.79
4106,36.956
4107,38.208
4108,41.485
4109,46.154
4110,49.263
4111,51
4112,51.722
4113,52.595
4114,53.366
4115,52.311
4116,51.378
4117,49.802
4118,48.18
4119,47.565
4120,47.82
4121,47.172
4122,44.516
4123,43.253
4124,45.77
4125,47.275
4126,43.506
4127,40.19
4128,38.365
4129,36.015
4130,34.806
4131,34.637
4132,35.081
4133,36.902
4134,39.779
4135,42.473
4136,43.728
4137,44.812
4138,46.81
4139,45.762
4140,44.27
4141,42.625
4142,41.449
4143,41.156
4144,41.982
4145,42.117
4146,40.678
4147,39.988
4148,43.098
4149,44.856
4150,41.386
4151,38.439
4152,36.447
4153,33.959
4154,32.681
4155,32.079
4156,31.727
4157,32.862
4158,35.314
4159,38.154
4160,40.103
4161,41.676
4162,43.578
4163,42.311
4164,40.844
4165,39.808
4166,38.88
4167,39.294
4168,40.563
4169,42.023
4170,41.625
4171,41.553
4172,44.547
4173,45.682
4174,41.952
4175,39.064
4176,37.582
4177,35.478
4178,35.135
4179,37.154
4180,40.591
4181,45.285
4182,49.126
4183,51.543
4184,53.263
4185,54.406
4186,55.283
4187,54.792
4188,54.34
4189,53.2
4190,52.079
4191,51.46
4192,51.944
4193,51.973
4194,49.126
4195,47.189
4196,49.109
4197,49.645
4198,45.429
4199,42.568
4200,41.023
4201,38.819
4202,38.069
4203,39.511
4204,42.918
4205,47.481
4206,50.54
4207,52.563
4208,53.98
4209,55.234
4210,56.294
4211,55.823
4212,55.635
4213,54.739
4214,53.789
4215,53.373
4216,53.629
4217,53.273
4218,50.841
4219,49.092
4220,51.056
4221,51.16
4222,46.644
4223,43.467
4224,41.603
4225,39.454
4226,38.836
4227,40.137
4228,43.079
4229,47.45
4230,51.206
4231,53.974
4232,55.194
4233,56.611
4234,57.993
4235,57.301
4236,56.686
4237,55.782
4238,54.926
4239,54.294
4240,54.511
4241,54.09
4242,51.457
4243,49.691
4244,51.586
4245,51.883
4246,47.389
4247,44.264
4248,42.507
4249,40.299
4250,39.542
4251,40.734
4252,44.038
4253,48.394
4254,51.641
4255,54.007
4256,55.99
4257,57.3
4258,58.521
4259,57.976
4260,57.56
4261,56.584
4262,55.779
4263,55.124
4264,54.994
4265,54.299
4266,51.909
4267,50.147
4268,51.962
4269,51.87
4270,47.107
4271,44.024
4272,42.341
4273,40.105
4274,39.316
4275,40.561
4276,43.573
4277,47.936
4278,51.541
4279,54.036
4280,55.401
4281,56.403
4282,57.621
4283,56.984
4284,56.474
4285,55.492
4286,54.198
4287,53.679
4288,53.627
4289,52.66
4290,50.455
4291,48.686
4292,50.775
4293,51.235
4294,46.483
4295,43.038
4296,40.927
4297,38.586
4298,37.433
4299,37.149
4300,37.516
4301,39.524
4302,42.759
4303,45.976
4304,48.028
4305,49.612
4306,51.587
4307,50.851
4308,49.94
4309,48.997
4310,48.254
4311,48.1
4312,48.493
4313,48.229
4314,46.407
4315,45.267
4316,47.777
4317,48.419
4318,44.191
4319,41.266
4320,39.56
4321,37.145
4322,35.86
4323,35.163
4324,34.826
4325,36.032
4326,38.319
4327,41.325
4328,43.531
4329,45.194
4330,47.516
4331,46.643
4332,45.334
4333,44.4
4334,43.435
4335,43.448
4336,44.389
4337,45.257
4338,44.662
4339,44.447
4340,47.095
4341,47.532
4342,43.283
4343,40.256
4344,38.694
4345,36.808
4346,36.705
4347,38.894
4348,42.023
4349,46.665
4350,50.135
4351,52.797
4352,54.145
4353,55.224
4354,56.247
4355,55.675
4356,55.184
4357,54.134
4358,52.917
4359,52.12
4360,52.09
4361,51.989
4362,49.204
4363,47.38
4364,49.046
4365,49.132
4366,44.908
4367,42.129
4368,40.782
4369,38.897
4370,38.438
4371,39.822
4372,42.833
4373,47.087
4374,50.457
4375,52.449
4376,53.809
4377,55.089
4378,56.092
4379,55.417
4380,54.979
4381,53.962
4382,53.108
4383,52.452
4384,52.453
4385,52.13
4386,49.254
4387,47.531
4388,49.625
4389,49.961
4390,45.433
4391,42.477
4392,40.939
4393,39.072
4394,38.587
4395,39.886
4396,42.654
4397,46.747
4398,50.108
4399,52.095
4400,53.637
4401,54.752
4402,55.873
4403,55.629
4404,55.285
4405,54.426
4406,53.27
4407,52.2
4408,52.365
4409,52.25
4410,49.444
4411,47.565
4412,49.464
4413,49.964
4414,45.424
4415,42.528
4416,40.914
4417,38.877
4418,38.325
4419,39.672
4420,42.54
4421,46.954
4422,50.239
4423,52.565
4424,53.946
4425,55.153
4426,56.132
4427,55.818
4428,55.753
4429,54.861
4430,53.708
4431,53.195
4432,53.486
4433,53.05
4434,50.468
4435,48.583
4436,50.385
4437,50.733
4438,46.365
4439,43.346
4440,41.836
4441,39.907
4442,39.366
4443,40.675
4444,43.637
4445,47.726
4446,51.054
4447,53.538
4448,55.012
4449,56.175
4450,57.253
4451,56.568
4452,56.184
4453,55.292
4454,54.035
4455,53.445
4456,53.32
4457,52.25
4458,49.545
4459,47.979
4460,50.41
4461,50.779
4462,46.105
4463,42.834
4464,40.925
4465,38.586
4466,37.457
4467,37.301
4468,37.444
4469,39.138
4470,42.076
4471,45.055
4472,46.908
4473,48.384
4474,50.197
4475,49.206
4476,48.209
4477,47.357
4478,46.368
4479,46.196
4480,46.467
4481,46.158
4482,44.36
4483,43.328
4484,46.083
4485,47.001
4486,43.075
4487,40.096
4488,38.307
4489,35.98
4490,34.799
4491,34.444
4492,34.128
4493,35.152
4494,37.288
4495,39.868
4496,42.046
4497,43.754
4498,46.036
4499,44.979
4500,43.696
4501,42.629
4502,41.82
4503,41.89
4504,42.961
4505,44.008
4506,43.568
4507,43.435
4508,46.119
4509,46.441
4510,42.4
4511,39.553
4512,37.948
4513,36.225
4514,36.162
4515,38.143
4516,41.096
4517,45.174
4518,48.843
4519,51.234
4520,52.574
4521,53.933
4522,55.232
4523,54.985
4524,54.79
4525,53.533
4526,52.184
4527,51.018
4528,50.982
4529,51.013
4530,48.481
4531,46.848
4532,48.797
4533,48.956
4534,44.527
4535,41.719
4536,40.134
4537,38.142
4538,37.74
4539,39.139
4540,41.669
4541,45.565
4542,48.849
4543,48.849
4544,51.885
4545,52.916
4546,53.5
4547,53.018
4548,52.657
4549,51.564
4550,50.346
4551,49.442
4552,49.788
4553,49.689
4554,47.592
4555,46
4556,48.062
4557,48.287
4558,44.098
4559,41.216
4560,39.799
4561,37.893
4562,37.663
4563,38.984
4564,41.548
4565,45.428
4566,48.882
4567,51.057
4568,52.293
4569,53.376
4570,54.486
4571,54.036
4572,53.771
4573,52.654
4574,51.621
4575,51.087
4576,51.582
4577,51.456
4578,48.95
4579,47.297
4580,49.532
4581,49.811
4582,45.53
4583,42.533
4584,40.905
4585,38.869
4586,38.358
4587,39.824
4588,42.379
4589,46.241
4590,49.589
4591,51.84
4592,53.184
4593,54.449
4594,55.506
4595,54.985
4596,54.285
4597,53.597
4598,52.187
4599,51.191
4600,51.397
4601,51.08
4602,48.788
4603,47.325
4604,49.706
4605,49.835
4606,45.456
4607,42.342
4608,40.769
4609,38.797
4610,38.335
4611,39.866
4612,42.376
4613,46.101
4614,49.469
4615,51.632
4616,52.987
4617,53.95
4618,54.904
4619,53.869
4620,53.273
4621,51.894
4622,50.703
4623,50.129
4624,50.273
4625,49.708
4626,47.562
4627,46.303
4628,48.85
4629,49.16
4630,44.883
4631,41.684
4632,39.845
4633,37.496
4634,36.407
4635,36.42
4636,36.687
4637,38.274
4638,41.08
4639,43.903
4640,45.572
4641,46.769
4642,48.226
4643,47.172
4644,45.932
4645,44.793
4646,43.715
4647,43.477
4648,43.943
4649,43.874
4650,42.222
4651,41.275
4652,43.908
4653,44.783
4654,41.505
4655,38.676
4656,36.98
4657,34.843
4658,33.851
4659,33.457
4660,32.991
4661,33.923
4662,36.081
4663,38.795
4664,40.836
4665,42.239
4666,44.142
4667,42.98
4668,41.575
4669,40.514
4670,39.692
4671,39.762
4672,40.684
4673,41.752
4674,41.189
4675,41.119
4676,43.629
4677,44.434
4678,41.026
4679,38.393
4680,37.002
4681,35.285
4682,35.174
4683,37.117
4684,39.524
4685,43.354
4686,47.219
4687,49.361
4688,50.804
4689,52.237
4690,53.103
4691,52.474
4692,51.991
4693,50.88
4694,49.653
4695,48.727
4696,49.117
4697,49.507
4698,47.625
4699,46.041
4700,48.157
4701,48.356
4702,44.167
4703,41.602
4704,40.242
4705,38.408
4706,37.858
4707,39.356
4708,41.691
4709,45.276
4710,48.68
4711,51.083
4712,52.403
4713,53.65
4714,54.761
4715,54.222
4716,53.833
4717,52.747
4718,51.596
4719,50.571
4720,50.855
4721,50.735
4722,48.401
4723,46.864
4724,49.025
4725,49.193
4726,44.874
4727,42.054
4728,40.477
4729,38.673
4730,38.118
4731,39.592
4732,41.981
4733,45.491
4734,49.038
4735,51.392
4736,52.899
4737,54.284
4738,55.033
4739,54.419
4740,54.11
4741,52.997
4742,51.932
4743,51.095
4744,51.366
4745,50.983
4746,48.451
4747,47.132
4748,49.391
4749,49.508
4750,45.2
4751,42.292
4752,40.907
4753,38.864
4754,38.277
4755,39.727
4756,42.105
4757,45.489
4758,48.904
4759,51.149
4760,52.341
4761,52.341
4762,54.278
4763,53.65
4764,53.262
4765,52.212
4766,51.068
4767,50.427
4768,50.829
4769,50.788
4770,48.488
4771,47.23
4772,49.225
4773,49.562
4774,45.34
4775,42.254
4776,40.962
4777,39.002
4778,38.389
4779,39.84
4780,42.182
4781,45.725
4782,49.193
4783,51.577
4784,52.831
4785,53.856
4786,54.32
4787,53.502
4788,53.159
4789,52.11
4790,50.873
4791,50.201
4792,50.614
4793,50.191
4794,47.916
4795,46.73
4796,49.024
4797,49.319
4798,44.946
4799,41.635
4800,39.534
4801,37.287
4802,36.16
4803,36.194
4804,36.651
4805,38.129
4806,40.687
4807,43.524
4808,45.037
4809,46.238
4810,47.678
4811,46.48
4812,45.241
4813,44.398
4814,43.688
4815,43.471
4816,44.011
4817,44.036
4818,42.562
4819,42.242
4820,44.874
4821,45.511
4822,41.953
4823,39.426
4824,37.799
4825,35.594
4826,34.575
4827,34.425
4828,33.95
4829,34.67
4830,36.938
4831,39.625
4832,41.686
4833,43.159
4834,45.095
4835,44.031
4836,42.726
4837,41.869
4838,41.209
4839,41.546
4840,42.691
4841,43.753
4842,43.257
4843,43.463
4844,45.97
4845,46.316
4846,42.509
4847,39.801
4848,38.221
4849,36.521
4850,36.432
4851,38.479
4852,41.221
4853,44.726
4854,48.526
4855,51.46
4856,53.343
4857,54.985
4858,56.362
4859,56.158
4860,55.888
4861,54.782
4862,53.827
4863,53.161
4864,53.402
4865,53.286
4866,51.072
4867,49.476
4868,51.191
4869,50.86
4870,46.351
4871,43.374
4872,41.768
4873,39.745
4874,39.32
4875,40.971
4876,43.333
4877,46.786
4878,50.665
4879,53.648
4880,55.622
4881,57.172
4882,58.54
4883,58.108
4884,57.866
4885,56.812
4886,55.649
4887,55.029
4888,55.13
4889,54.564
4890,52.21
4891,50.656
4892,52.362
4893,51.863
4894,47.08
4895,44.044
4896,42.392
4897,40.386
4898,39.898
4899,41.6
4900,44.06
4901,47.428
4902,51.252
4903,54.346
4904,56.3
4905,57.923
4906,59.09
4907,58.718
4908,58.536
4909,57.517
4910,56.436
4911,55.623
4912,55.564
4913,54.909
4914,52.723
4915,51.324
4916,52.964
4917,52.443
4918,47.734
4919,44.831
4920,43.52938617
4921,40.96941957
4922,40.01188058
4923,41.26628782
4924,43.83347174
4925,47.718
4926,51.498
4927,54.911
4928,56.694
4929,58.338
4930,59.112
4931,58.45
4932,58.179
4933,56.968
4934,55.754
4935,54.863
4936,54.716
4937,53.877
4938,51.219
4939,49.845
4940,51.582
4941,51.298
4942,46.583
4943,43.694
4944,42.154
4945,40.096
4946,39.414
4947,41.102
4948,43.199
4949,46.371
4950,49.871
4951,52.493
4952,53.916
4953,55.189
4954,56.054
4955,54.977
4956,54.617
4957,53.238
4958,51.777
4959,50.756
4960,50.449
4961,49.159
4962,46.662
4963,45.534
4964,47.445
4965,47.323
4966,43.16
4967,40.295
4968,38.648
4969,36.721
4970,35.896
4971,36.288
4972,36.488
4973,37.594
4974,39.763
4975,42.154
4976,43.711
4977,44.87
4978,46.477
4979,45.269
4980,44.09
4981,42.828
4982,41.348
4983,40.955
4984,41.537
4985,41.774
4986,40.307
4987,39.91
4988,42.111
4989,42.583
4990,39.027
4991,36.273
4992,34.796
4993,32.902
4994,32.082
4995,32.027
4996,31.636
4997,32.288
4998,34.24
4999,36.636
5000,38.403
5001,39.988
5002,41.946
5003,40.636
5004,39.164
5005,38.03
5006,37.144
5007,37.132
5008,38.076
5009,39.376
5010,39.129
5011,39.603
5012,42.323
5013,42.64
5014,38.868
5015,36.365
5016,35.079
5017,33.411
5018,33.346
5019,35.33
5020,37.753
5021,40.838
5022,44.233
5023,46.913
5024,48.359
5025,49.662
5026,50.859
5027,50.436
5028,49.904
5029,48.84
5030,47.5
5031,46.861
5032,47.45
5033,47.605
5034,45.609
5035,44.696
5036,46.521
5037,46.202
5038,42.143
5039,39.412
5040,38.022
5041,36.117
5042,35.482
5043,36.918
5044,39.071
5045,42.313
5046,45.476
5047,47.772
5048,49.197
5049,50.194
5050,51.128
5051,50.162
5052,49.755
5053,48.39
5054,47.22
5055,46.502
5056,46.686
5057,46.94
5058,44.772
5059,44.066
5060,45.64
5061,45.814
5062,41.825
5063,39.224
5064,37.767
5065,35.933
5066,35.503
5067,37.017
5068,39.165
5069,42.137
5070,45.243
5071,47.454
5072,48.858
5073,49.834
5074,50.603
5075,49.78
5076,49.153
5077,47.863
5078,46.848
5079,46.243
5080,46.707
5081,47.098
5082,45.11
5083,44.513
5084,46.31
5085,46.505
5086,42.467
5087,39.745
5088,38.294
5089,36.356
5090,35.702
5091,37.135
5092,39.158
5093,42
5094,45.259
5095,47.744
5096,49.161
5097,50.287
5098,51.326
5099,50.375
5100,49.764
5101,48.549
5102,47.501
5103,46.957
5104,47.467
5105,47.392
5106,45.142
5107,44.416
5108,46.014
5109,46.252
5110,42.223
5111,39.666
5112,38.225
5113,36.108
5114,35.464
5115,36.833
5116,38.768
5117,41.725
5118,44.872
5119,47.171
5120,48.579
5121,49.586
5122,50.788
5123,49.788
5124,48.9
5125,47.755
5126,46.463
5127,45.974
5128,46.362
5129,45.925
5130,43.876
5131,43.432
5132,45.284
5133,45.549
5134,41.583
5135,38.771
5136,37.082
5137,34.901
5138,34.057
5139,34.275
5140,34.419
5141,35.498
5142,37.962
5143,40.71
5144,42.449
5145,43.647
5146,45.502
5147,44.802
5148,43.735
5149,42.767
5150,41.938
5151,41.708
5152,42.325
5153,42.473
5154,40.886
5155,40.766
5156,42.757
5157,43.167
5158,39.706
5159,37.189
5160,35.686
5161,33.524
5162,32.622
5163,32.489
5164,32.159
5165,32.701
5166,34.781
5167,37.437
5168,39.448
5169,40.943
5170,42.86
5171,41.955
5172,40.632
5173,39.666
5174,38.79
5175,38.945
5176,40.024
5177,41.214
5178,40.845
5179,41.52
5180,43.414
5181,43.438
5182,39.478
5183,36.89
5184,35.505
5185,33.6
5186,33.283
5187,34.68
5188,36.559
5189,39.12
5190,42.392
5191,45.068
5192,46.751
5193,47.869
5194,49.235
5195,48.686
5196,48.211
5197,47.124
5198,46.084
5199,45.551
5200,46.161
5201,46.384
5202,44.434
5203,43.92
5204,45.408
5205,45.292
5206,41.297
5207,38.716
5208,37.341
5209,35.427
5210,34.799
5211,36.14
5212,37.858
5213,40.269
5214,43.405
5215,45.906
5216,47.25
5217,48.438
5218,49.626
5219,48.657
5220,48.011
5221,47.037
5222,46.111
5223,45.366
5224,45.761
5225,46.086
5226,44.076
5227,43.711
5228,44.891
5229,44.75
5230,40.843
5231,38.291
5232,36.956
5233,34.974
5234,34.433
5235,35.665
5236,37.557
5237,39.852
5238,43.148
5239,45.608
5240,46.869
5241,47.821
5242,48.914
5243,47.586
5244,46.938
5245,46.107
5246,45.137
5247,44.58
5248,45.214
5249,45.38
5250,43.386
5251,43.021
5252,44.476
5253,44.477
5254,40.799
5255,38.354
5256,36.912
5257,35.045
5258,34.441
5259,35.619
5260,37.531
5261,39.799
5262,42.892
5263,45.438
5264,47.211
5265,48.6
5266,49.983
5267,49.309
5268,48.921
5269,48.088
5270,47.022
5271,46.676
5272,47.284
5273,47.149
5274,45.172
5275,44.705
5276,45.781
5277,45.652
5278,41.598
5279,38.785
5280,37.163
5281,35.122
5282,34.711
5283,35.913
5284,37.794
5285,40.2
5286,43.481
5287,46.454
5288,48.142
5289,49.539
5290,51.181
5291,50.056
5292,49.244
5293,47.666
5294,46.219
5295,45.395
5296,45.571
5297,45.167
5298,43.35
5299,43.102
5300,44.194
5301,44.099
5302,39.948
5303,37.215
5304,35.404
5305,33.336
5306,32.431
5307,32.74
5308,32.943
5309,33.59
5310,35.883
5311,38.664
5312,40.235
5313,41.296
5314,43.168
5315,42.449
5316,41.435
5317,40.481
5318,39.525
5319,39.507
5320,40.313
5321,40.679
5322,39.562
5323,40
5324,41.574
5325,42.015
5326,38.611
5327,36.061
5328,34.432
5329,32.222
5330,31.278
5331,31.196
5332,31.183
5333,31.76
5334,33.812
5335,36.36
5336,38.353
5337,39.926
5338,41.861
5339,40.498
5340,38.805
5341,37.525
5342,36.551
5343,36.658
5344,37.94
5345,38.942
5346,38.565
5347,39.465
5348,41.017
5349,41.211
5350,37.671
5351,35.286
5352,33.882
5353,31.984
5354,31.654
5355,33.109
5356,35.156
5357,37.326
5358,40.256
5359,42.738
5360,43.97
5361,45.117
5362,46.401
5363,45.13
5364,44.253
5365,43.112
5366,42.017
5367,41.678
5368,42.139
5369,42.856
5370,41.229
5371,41.292
5372,42.5
5373,42.621
5374,38.838
5375,36.317
5376,34.956
5377,33.003
5378,32.486
5379,33.711
5380,35.545
5381,37.47
5382,40.415
5383,42.711
5384,43.902
5385,44.778
5386,46.156
5387,45.22
5388,44.455
5389,43.294
5390,42.354
5391,41.965
5392,42.888
5393,43.317
5394,41.86
5395,42.044
5396,43.095
5397,43.228
5398,39.771
5399,37.265
5400,35.846
5401,33.973
5402,33.342
5403,34.435
5404,36.335
5405,38.237
5406,41.053
5407,43.307
5408,44.519
5409,45.553
5410,46.982
5411,46.106
5412,45.25
5413,43.984
5414,42.787
5415,42.207
5416,42.713
5417,43.025
5418,41.458
5419,41.599
5420,42.634
5421,42.895
5422,39.364
5423,36.773
5424,35.075
5425,32.854
5426,31.696
5427,31.784
5428,32.17
5429,32.666
5430,34.796
5431,37.175
5432,38.962
5433,40.053
5434,42
5435,40.645
5436,38.899
5437,38.05
5438,37.268
5439,37.102
5440,38.119
5441,39.268
5442,38.799
5443,39.621
5444,40.951
5445,41.557
5446,38.318
5447,35.835
5448,34.452
5449,32.578
5450,32.153
5451,33.222
5452,34.893
5453,36.337
5454,39.04
5455,41.517
5456,42.892
5457,44.018
5458,45.653
5459,44.438
5460,43.434
5461,42.349
5462,41.491
5463,41.348
5464,42.184
5465,42.49
5466,41.125
5467,41.454
5468,42.3
5469,42.601
5470,39.008
5471,36.326
5472,34.765
5473,32.632
5474,31.667
5475,32.022
5476,32.612
5477,33.183
5478,35.342
5479,37.999
5480,39.875
5481,41.358
5482,43.422
5483,42.515
5484,41.359
5485,40.259
5486,39.378
5487,39.271
5488,40.293
5489,40.962
5490,40.118
5491,40.487
5492,41.463
5493,41.949
5494,38.562
5495,36.084
5496,34.476
5497,32.266
5498,31.232
5499,31.306
5500,31.404
5501,31.512
5502,33.399
5503,36.009
5504,38.024
5505,39.428
5506,41.72
5507,40.536
5508,38.886
5509,37.602
5510,36.763
5511,36.885
5512,38.321
5513,39.647
5514,39.489
5515,40.427
5516,41.709
5517,42.041
5518,38.552
5519,35.97
5520,34.67
5521,32.89
5522,32.55
5523,34.05
5524,36.527
5525,38.727
5526,41.911
5527,44.526
5528,45.967
5529,47.193
5530,48.612
5531,47.583
5532,46.775
5533,45.428
5534,44.238
5535,43.637
5536,44.494
5537,45.152
5538,43.621
5539,43.54
5540,44.2
5541,44.422
5542,40.874
5543,38.431
5544,37.06
5545,34.976
5546,34.417
5547,35.762
5548,38.086
5549,40.27
5550,43.371
5551,45.733
5552,47.02
5553,48.247
5554,49.488
5555,48.391
5556,47.577
5557,46.06
5558,44.871
5559,44.041
5560,44.654
5561,45.032
5562,43.361
5563,43.336
5564,43.706
5565,44.043
5566,40.471
5567,37.918
5568,36.583
5569,34.646
5570,34.162
5571,35.684
5572,38.194
5573,40.243
5574,43.154
5575,45.57
5576,46.833
5577,47.816
5578,49.134
5579,48.467
5580,47.735
5581,46.502
5582,45.34
5583,44.685
5584,45.295
5585,45.689
5586,44.23
5587,44.27
5588,44.673
5589,44.863
5590,41.312
5591,38.846
5592,37.346
5593,35.25
5594,34.752
5595,36.006
5596,38.399
5597,40.551
5598,43.52
5599,45.949
5600,47.264
5601,48.451
5602,49.914
5603,48.731
5604,48.305
5605,47.284
5606,46.304
5607,45.661
5608,46.248
5609,46.224
5610,44.382
5611,44.321
5612,44.761
5613,45.005
5614,41.377
5615,38.772
5616,37.319
5617,35.207
5618,34.753
5619,36.075
5620,38.413
5621,40.461
5622,43.577
5623,46.206
5624,47.791
5625,48.941
5626,50.44
5627,49.715
5628,49.176
5629,47.947
5630,46.599
5631,45.911
5632,46.436
5633,46.156
5634,44.408
5635,44.611
5636,44.919
5637,45.186
5638,41.297
5639,38.497
5640,36.793
5641,34.598
5642,33.75
5643,34.069
5644,34.796
5645,35.22
5646,37.357
5647,40.252
5648,42.284
5649,43.771
5650,45.784
5651,45.127
5652,44.122
5653,43.219
5654,42.208
5655,42.058
5656,42.617
5657,42.795
5658,41.615
5659,42.322
5660,43.131
5661,43.643
5662,40.044
5663,37.385
5664,35.756
5665,33.521
5666,32.325
5667,32.202
5668,32.501
5669,32.529
5670,34.484
5671,37.258
5672,39.63
5673,41.284
5674,43.58
5675,42.571
5676,41.26
5677,40.317
5678,39.435
5679,39.585
5680,40.692
5681,41.969
5682,41.947
5683,43.07
5684,43.6
5685,43.832
5686,39.895
5687,37.175
5688,35.716
5689,33.933
5690,33.851
5691,35.877
5692,39.149
5693,41.995
5694,45.502
5695,48.34
5696,50.247
5697,52.037
5698,53.672
5699,53.406
5700,53.14
5701,52.175
5702,51.096
5703,50.202
5704,50.414
5705,50.333
5706,48.376
5707,47.965
5708,47.895
5709,47.718
5710,43.351
5711,40.66
5712,39.229
5713,37.12
5714,36.605
5715,38.235
5716,41.231
5717,44.032
5718,47.311
5719,49.893
5720,51.344
5721,52.866
5722,54.214
5723,53.747
5724,53.476
5725,52.338
5726,51.312
5727,50.335
5728,50.482
5729,50.19
5730,48.475
5731,47.8
5732,47.722
5733,47.781
5734,43.797
5735,41.122
5736,39.6
5737,37.6
5738,36.955
5739,38.671
5740,41.954
5741,44.679
5742,48.153
5743,50.701
5744,52.307
5745,53.629
5746,54.577
5747,53.918
5748,53.489
5749,52.489
5750,51.596
5751,50.603
5752,50.963
5753,50.831
5754,49.172
5755,48.741
5756,48.675
5757,48.395
5758,44.223
5759,41.431
5760,39.978
5761,37.889
5762,37.362
5763,38.844
5764,42.18
5765,45.144
5766,48.411
5767,50.63
5768,52.089
5769,53.556
5770,54.574
5771,53.943
5772,53.521
5773,52.339
5774,51.17
5775,50.29
5776,50.568
5777,50.492
5778,49.047
5779,48.415
5780,48.046
5781,47.951
5782,43.88
5783,41.316
5784,39.827
5785,37.847
5786,37.298
5787,38.927
5788,42.038
5789,44.679
5790,47.869
5791,50.435
5792,51.979
5793,53.39
5794,54.571
5795,54.079
5796,53.74
5797,52.563
5798,51.146
5799,50.486
5800,50.468
5801,49.706
5802,48.049
5803,47.704
5804,47.68
5805,47.577
5806,43.385
5807,40.25
5808,38.378
5809,36.095
5810,35.089
5811,35.231
5812,36.217
5813,36.638
5814,38.943
5815,41.89
5816,43.788
5817,45.354
5818,47.475
5819,46.523
5820,45.334
5821,44.375
5822,43.411
5823,43.25
5824,43.635
5825,43.419
5826,42.927
5827,42.894
5828,43.483
5829,44.293
5830,40.673
5831,38.034
5832,36.388
5833,34.198
5834,33.16
5835,33.109
5836,33.587
5837,33.47
5838,35.379
5839,38.111
5840,40.162
5841,42.036
5842,44.454
5843,43.027
5844,41.045
5845,39.711
5846,38.876
5847,38.874
5848,40.419
5849,41.984
5850,42.108
5851,42.29
5852,42.504
5853,42.996
5854,39.53
5855,37.137
5856,35.725
5857,33.921
5858,33.858
5859,36.26
5860,40.471
5861,44.289
5862,46.746
5863,48.587
5864,49.884
5865,51.066
5866,52.21
5867,51.532
5868,50.75
5869,49.574
5870,48.296
5871,47.39
5872,48.186
5873,48.942
5874,47.395
5875,46.44
5876,45.917
5877,46.14
5878,42.277
5879,39.735
5880,38.413
5881,36.599
5882,36.17
5883,37.947
5884,42.285
5885,46.138
5886,48.415
5887,50.191
5888,51.082
5889,52.021
5890,53.087
5891,52.291
5892,51.694
5893,50.518
5894,49.373
5895,48.788
5896,49.647
5897,49.939
5898,48.284
5899,47.169
5900,46.677
5901,46.785
5902,42.717
5903,40.084
5904,38.947
5905,37.079
5906,36.623
5907,38.368
5908,42.585
5909,45.859
5910,48.64
5911,50.447
5912,51.413
5913,52.573
5914,53.626
5915,52.766
5916,52.149
5917,50.956
5918,49.552
5919,48.64
5920,49.411
5921,49.747
5922,48.774
5923,47.332
5924,46.47
5925,46.655
5926,42.891
5927,40.236
5928,38.931
5929,37.032
5930,36.445
5931,38.119
5932,42.828
5933,46.695
5934,49.124
5935,50.806
5936,51.243
5937,52.041
5938,52.388
5939,51.265
5940,50.559
5941,49.155
5942,47.849
5943,47.159
5944,48.304
5945,48.912
5946,47.706
5947,46.423
5948,45.981
5949,46.369
5950,42.678
5951,40.061
5952,38.875
5953,37.112
5954,36.708
5955,38.586
5956,43.066
5957,47.076
5958,49.324
5959,50.803
5960,51.167
5961,51.451
5962,51.886
5963,50.86
5964,49.641
5965,48.271
5966,46.889
5967,46.484
5968,47.109
5969,47.355
5970,47.099
5971,45.831
5972,45.775
5973,46.087
5974,42.405
5975,39.556
5976,37.943
5977,35.766
5978,34.724
5979,35.013
5980,36.398
5981,37.174
5982,39.76
5983,42.397
5984,43.682
5985,44.667
5986,46.446
5987,44.952
5988,43.15
5989,41.783
5990,40.719
5991,40.561
5992,41.603
5993,42.602
5994,42.811
5995,42.278
5996,42.817
5997,43.753
5998,40.522
5999,37.898
6000,36.318
6001,34.031
6002,32.911
6003,32.97
6004,33.586
6005,33.895
6006,35.729
6007,38.541
6008,40.68
6009,42.404
6010,44.655
6011,42.955
6012,40.555
6013,39.106
6014,37.987
6015,38.209
6016,40.205
6017,42.575
6018,43.416
6019,42.79
6020,42.91
6021,43.764
6022,40.777
6023,38.403
6024,37.222
6025,35.364
6026,35.13
6027,37.764
6028,42.943
6029,47.212
6030,49.547
6031,50.961
6032,51.413
6033,51.958
6034,52.588
6035,51.845
6036,50.822
6037,49.413
6038,48.249
6039,47.925
6040,49.459
6041,50.846
6042,49.918
6043,47.563
6044,47.196
6045,47.312
6046,43.591
6047,40.972
6048,39.685
6049,37.892
6050,37.526
6051,39.37
6052,44.582
6053,49.084
6054,51.042
6055,52.173
6056,52.57
6057,52.823
6058,53.019
6059,51.91
6060,51.13
6061,49.88
6062,48.444
6063,47.82
6064,48.88
6065,50.061
6066,49.547
6067,47.572
6068,47.137
6069,47.31
6070,43.698
6071,41.097
6072,39.855
6073,37.924
6074,37.337
6075,39.19
6076,43.862
6077,47.743
6078,50.367
6079,52.008
6080,52.32
6081,52.844
6082,53.358
6083,52.271
6084,51.62
6085,50.268
6086,48.861
6087,48.342
6088,49.622
6089,50.487
6090,49.962
6091,47.877
6092,47.269
6093,47.573
6094,44.103
6095,41.26
6096,39.874
6097,37.861
6098,37.05
6099,38.834
6100,43.929
6101,48.354
6102,50.356
6103,51.713
6104,52.217
6105,52.851
6106,53.47
6107,52.829
6108,52.196
6109,50.879
6110,49.538
6111,48.9
6112,49.917
6113,50.667
6114,49.87
6115,47.715
6116,47.006
6117,47.385
6118,43.534
6119,40.843
6120,39.723
6121,37.687
6122,37.068
6123,38.865
6124,43.461
6125,47.665
6126,49.675
6127,51.218
6128,52.102
6129,52.932
6130,53.652
6131,52.52
6132,51.537
6133,50.197
6134,48.705
6135,48.076
6136,48.449
6137,48.358
6138,48.265
6139,46.458
6140,46.228
6141,46.492
6142,42.296
6143,39.335
6144,37.546
6145,35.367
6146,34.261
6147,34.648
6148,36.293
6149,37.178
6150,39.565
6151,42.389
6152,43.947
6153,44.992
6154,46.856
6155,45.824
6156,44.465
6157,43.347
6158,42.091
6159,41.913
6160,42.86
6161,43.513
6162,43.823
6163,42.452
6164,43.051
6165,44.22
6166,40.969
6167,38.479
6168,36.991
6169,34.633
6170,33.43
6171,33.364
6172,34.258
6173,34.376
6174,36
6175,38.673
6176,40.817
6177,42.405
6178,44.776
6179,43.309
6180,41.513
6181,40.26
6182,39.252
6183,39.518
6184,41.143
6185,42.748
6186,43.824
6187,42.703
6188,42.834
6189,43.616
6190,40.495
6191,37.953
6192,36.67
6193,34.787
6194,34.586
6195,36.798
6196,42.022
6197,46.556
6198,48.63
6199,50.319
6200,51.168
6201,52.182
6202,53.073
6203,52.513
6204,52.121
6205,51.033
6206,49.792
6207,49.137
6208,50.229
6209,50.826
6210,50.117
6211,47.059
6212,46.645
6213,46.747
6214,42.844
6215,40.192
6216,38.818
6217,36.938
6218,36.413
6219,38.322
6220,43.221
6221,47.614
6222,49.622
6223,51.188
6224,51.989
6225,52.938
6226,53.676
6227,52.778
6228,52.349
6229,51.172
6230,49.833
6231,48.975
6232,49.433
6233,50.038
6234,49.515
6235,46.825
6236,46.154
6237,46.359
6238,42.598
6239,39.961
6240,38.526
6241,36.595
6242,36.172
6243,38.124
6244,42.814
6245,46.765
6246,49.233
6247,50.793
6248,51.295
6249,51.851
6250,52.758
6251,51.744
6252,51.273
6253,50.071
6254,48.796
6255,48.042
6256,49.11
6257,50.118
6258,49.642
6259,46.795
6260,46.414
6261,46.749
6262,43.041
6263,40.434
6264,38.948
6265,36.781
6266,36.198
6267,38.046
6268,43.076
6269,47.534
6270,49.542
6271,50.759
6272,51.154
6273,51.718
6274,52.23
6275,51.247
6276,50.537
6277,49.502
6278,49.502
6279,47.342
6280,48.422
6281,49.651
6282,49.491
6283,46.458
6284,46.203
6285,46.479
6286,42.842
6287,40.274
6288,38.898
6289,36.878
6290,36.424
6291,38.263
6292,43.055
6293,47.902
6294,49.572
6295,50.914
6296,51.146
6297,51.594
6298,52.346
6299,51.189
6300,50.179
6301,48.715
6302,47.216
6303,46.767
6304,47.388
6305,47.821
6306,47.97
6307,45.574
6308,45.519
6309,45.913
6310,42.115
6311,39.16
6312,37.579
6313,35.327
6314,34.296
6315,34.657
6316,36.321
6317,37.617
6318,39.819
6319,42.579
6320,44.005
6321,45.097
6322,47.048
6323,45.678
6324,43.843
6325,42.243
6326,41.395
6327,41.319
6328,42.39
6329,43.314
6330,43.562
6331,41.708
6332,42.068
6333,43.019
6334,39.98
6335,37.287
6336,35.511
6337,33.269
6338,32.072
6339,31.978
6340,32.677
6341,33.181
6342,34.795
6343,37.7
6344,39.891
6345,41.746
6346,44.204
6347,42.492
6348,40.304
6349,38.677
6350,37.899
6351,38.407
6352,40.49
6353,42.994
6354,43.485
6355,41.479
6356,41.782
6357,42.538
6358,39.363
6359,36.763
6360,35.377
6361,33.374
6362,33.019
6363,35.447
6364,40.968
6365,45.797
6366,47.63
6367,49.168
6368,49.971
6369,50.832
6370,51.672
6371,50.764
6372,49.936
6373,48.755
6374,47.602
6375,46.938
6376,48.236
6377,49.957
6378,49.055
6379,45.451
6380,45.006
6381,45.594
6382,42.132
6383,39.533
6384,38.103
6385,36.265
6386,35.774
6387,37.483
6388,42.263
6389,47.067
6390,49.33
6391,50.851
6392,51.414
6393,52.156
6394,53.079
6395,51.79
6396,50.779
6397,49.43
6398,48.36
6399,47.808
6400,49.084
6401,50.419
6402,49.653
6403,46.434
6404,45.668
6405,46.006
6406,42.343
6407,39.811
6408,38.36
6409,36.248
6410,35.704
6411,37.572
6412,42.327
6413,46.95
6414,49.425
6415,51.24
6416,51.996
6417,52.818
6418,53.279
6419,52.34
6420,51.463
6421,50.046
6422,48.83
6423,48.384
6424,50.141
6425,52.01
6426,50.412
6427,46.775
6428,46.475
6429,47.03
6430,43.546
6431,41.05
6432,39.667
6433,37.384
6434,36.711
6435,38.451
6436,43.258
6437,48.433
6438,50.35
6439,51.471
6440,52.01
6441,52.732
6442,53.032
6443,51.943
6444,51.244
6445,49.848
6446,48.724
6447,48.242
6448,49.488
6449,51.007
6450,49.869
6451,46.715
6452,46.251
6453,46.545
6454,43.112
6455,40.577
6456,39.064
6457,37.006
6458,36.459
6459,38.282
6460,43.269
6461,48.354
6462,49.783
6463,50.995
6464,51.307
6465,51.638
6466,52.048
6467,50.773
6468,49.625
6469,48.18
6470,46.864
6471,46.73
6472,47.435
6473,48.836
6474,48.611
6475,45.859
6476,45.598
6477,46.214
6478,42.383
6479,39.417
6480,37.692
6481,35.381
6482,34.304
6483,34.662
6484,36.387
6485,37.912
6486,39.657
6487,42.267
6488,43.523
6489,44.616
6490,46.354
6491,45.095
6492,43.278
6493,41.706
6494,40.448
6495,40.311
6496,41.64
6497,43.643
6498,44.103
6499,41.844
6500,42.324
6501,43.536
6502,40.513
6503,37.915
6504,36.031
6505,33.587
6506,32.404
6507,32.354
6508,33.377
6509,34.226
6510,35.516
6511,38.382
6512,40.7
6513,42.57
6514,44.768
6515,43.227
6516,40.788
6517,39.422
6518,38.397
6519,38.814
6520,40.927
6521,43.966
6522,44.652
6523,42.516
6524,42.696
6525,43.56
6526,40.54
6527,38
6528,36.586
6529,34.536
6530,34.31
6531,36.876
6532,42.417
6533,47.816
6534,49.635
6535,50.829
6536,51.289
6537,51.722
6538,52.173
6539,51.224
6540,50.637
6541,49.318
6542,47.841
6543,47.326
6544,48.794
6545,51.505
6546,50.426
6547,46.571
6548,46.064
6549,46.615
6550,43.062
6551,40.483
6552,39.207
6553,37.004
6554,36.399
6555,38.389
6556,43.517
6557,48.771
6558,50.205
6559,51.508
6560,52.105
6561,52.735
6562,53.168
6563,52.196
6564,51.271
6565,50.037
6566,48.991
6567,48.606
6568,49.81
6569,51.914
6570,50.337
6571,46.797
6572,46.559
6573,46.992
6574,43.276
6575,40.636
6576,39.276
6577,37.152
6578,36.507
6579,38.383
6580,43.342
6581,48.084
6582,50.244
6583,51.618
6584,52.192
6585,53.002
6586,53.625
6587,52.679
6588,51.395
6589,50.126
6590,48.788
6591,47.992
6592,49.74
6593,52.496
6594,51.446
6595,48.019
6596,47.862
6597,48.375
6598,45.062
6599,42.475
6600,41.252
6601,39.095
6602,38.632
6603,40.839
6604,46.511
6605,52.244
6606,53.865
6607,54.543
6608,54.493
6609,54.575
6610,54.619
6611,53.524
6612,52.456
6613,50.817
6614,49.515
6615,49.141
6616,50.97
6617,54.19
6618,52.915
6619,49.209
6620,48.804
6621,49.438
6622,45.741
6623,42.899
6624,41.431
6625,39.231
6626,38.704
6627,40.667
6628,45.746
6629,51.284
6630,53.044
6631,53.992
6632,54.068
6633,54.44
6634,54.581
6635,53.252
6636,51.795
6637,50.248
6638,48.803
6639,48.373
6640,49.81
6641,52.312
6642,51.384
6643,48.279
6644,48.155
6645,48.65
6646,44.814
6647,41.625
6648,40.027
6649,37.599
6650,36.447
6651,36.87
6652,38.696
6653,40.743
6654,42.683
6655,45.26
6656,46.394
6657,47.243
6658,49.248
6659,47.821
6660,45.783
6661,44.193
6662,42.982
6663,42.829
6664,44.448
6665,47.409
6666,46.615
6667,44.176
6668,44.718
6669,45.855
6670,42.746
6671,40.096
6672,38.241
6673,35.594
6674,34.26
6675,34.326
6676,35.205
6677,36.147
6678,37.391
6679,40.363
6680,42.49
6681,44.25
6682,46.478
6683,44.466
6684,42.031
6685,40.508
6686,39.489
6687,39.842
6688,42.442
6689,46.491
6690,46.488
6691,44.225
6692,44.36
6693,45.403
6694,42.326
6695,40.108
6696,38.752
6697,36.6
6698,36.414
6699,39.005
6700,44.896
6701,50.835
6702,52.646
6703,53.651
6704,54.163
6705,54.722
6706,54.98
6707,53.964
6708,52.636
6709,50.909
6710,49.62
6711,49.055
6712,51.136
6713,54.624
6714,52.437
6715,47.674
6716,47.744
6717,48.26
6718,44.937
6719,42.368
6720,41.088
6721,38.827
6722,38.335
6723,40.4
6724,45.927
6725,51.699
6726,53.326
6727,54.077
6728,54.346
6729,54.722
6730,55.089
6731,53.972
6732,52.726
6733,51.257
6734,49.629
6735,49.319
6736,50.89
6737,54.39
6738,52.591
6739,48.754
6740,48.088
6741,48.496
6742,44.912
6743,42.226
6744,40.952
6745,38.91
6746,38.337
6747,40.309
6748,45.309
6749,50.806
6750,53.062
6751,54.341
6752,54.584
6753,55.014
6754,55.56
6755,54.315
6756,52.993
6757,51.337
6758,49.976
6759,49.153
6760,51.162
6761,54.915
6762,52.932
6763,49.289
6764,48.87
6765,49.44
6766,46.094
6767,43.357
6768,41.84
6769,39.77
6770,39.136
6771,41.122
6772,46.666
6773,52.646
6774,53.919
6775,54.462
6776,54.311
6777,54.52
6778,54.88
6779,53.559
6780,52.122
6781,50.373
6782,48.957
6783,48.473
6784,50.591
6785,54.588
6786,52.539
6787,49.009
6788,48.895
6789,49.531
6790,46.12
6791,43.49
6792,41.938
6793,39.735
6794,39.359
6795,41.494
6796,46.861
6797,52.459
6798,53.81
6799,54.121
6800,53.95
6801,53.854
6802,54.23
6803,52.691
6804,51.11
6805,49.46
6806,47.727
6807,47.22
6808,48.695
6809,52.052
6810,50.268
6811,47.153
6812,47.138
6813,48.075
6814,44.333
6815,41.135
6816,39.259
6817,36.83
6818,35.725
6819,36.413
6820,38.25
6821,40.411
6822,42.221
6823,44.602
6824,45.626
6825,46.555
6826,48.529
6827,47.063
6828,45.122
6829,43.464
6830,41.809
6831,41.445
6832,42.811
6833,46.011
6834,44.724
6835,42.209
6836,42.928
6837,44.757
6838,42.015
6839,39.416
6840,37.473
6841,34.806
6842,33.6
6843,33.53
6844,34.621
6845,35.763
6846,36.979
6847,39.541
6848,41.501
6849,43.178
6850,45.487
6851,43.739
6852,41.533
6853,40.004
6854,39.097
6855,39.306
6856,41.586
6857,46.196
6858,45.396
6859,43.077
6860,43.155
6861,44.298
6862,41.431
6863,39.017
6864,37.651
6865,35.555
6866,35.21
6867,37.603
6868,42.935
6869,48.631
6870,50.004
6871,51.053
6872,51.535
6873,52.141
6874,52.872
6875,52.073
6876,51.131
6877,49.954
6878,48.605
6879,48.187
6880,50.021
6881,53.254
6882,50.332
6883,47.025
6884,46.989
6885,47.77
6886,44.199
6887,41.528
6888,39.976
6889,37.893
6890,37.278
6891,39.179
6892,44.653
6893,50.584
6894,52.279
6895,53.261
6896,53.499
6897,53.662
6898,53.883
6899,53.41
6900,52.297
6901,51.023
6902,49.345
6903,48.75
6904,50.763
6905,54.767
6906,51.773
6907,48.019
6908,47.715
6909,48.476
6910,45.052
6911,42.463
6912,41.042
6913,39.003
6914,38.581
6915,40.714
6916,45.497
6917,50.83
6918,52.806
6919,53.726
6920,53.878
6921,54.499
6922,55.159
6923,54.031
6924,52.884
6925,51.095
6926,49.915
6927,49.704
6928,52.105
6929,55.902
6930,52.754
6931,49
6932,48.735
6933,49.505
6934,45.887
6935,43.168
6936,41.77
6937,39.553
6938,38.932
6939,40.966
6940,46.504
6941,52.742
6942,54.482
6943,54.985
6944,55.111
6945,55.111
6946,55.562
6947,55.515
6948,52.904
6949,51.399
6950,50.13
6951,49.754
6952,52.055
6953,55.763
6954,52.526
6955,49.033
6956,48.81
6957,49.242
6958,45.719
6959,43.118
6960,41.527
6961,39.438
6962,38.797
6963,40.781
6964,45.939
6965,51.942
6966,53.861
6967,54.727
6968,54.765
6969,54.862
6970,54.958
6971,53.315
6972,51.546
6973,50.046
6974,48.486
6975,48.481
6976,50.437
6977,53.672
6978,51.329
6979,48.291
6980,48.286
6981,49.066
6982,45.456
6983,42.251
6984,40.588
6985,38.165
6986,37.044
6987,37.444
6988,39.094
6989,41.208
6990,43.037
6991,45.687
6992,46.931
6993,47.999
6994,49.993
6995,48.301
6996,46.161
6997,44.376
6998,43.208
6999,43.208
7000,45.844
7001,49.633
7002,47.708
7003,45.211
7004,45.964
7005,47.329
7006,44.467
7007,41.798
7008,39.667
7009,37.008
7010,35.76
7011,35.822
7012,36.7
7013,38.24
7014,39.471
7015,42.171
7016,44.536
7017,46.589
7018,49.02
7019,46.816
7020,44.112
7021,42.325
7022,41.334
7023,41.883
7024,44.991
7025,49.335
7026,47.721
7027,45.371
7028,46.227
7029,47.15
7030,44.242
7031,41.621
7032,40.075
7033,37.993
7034,37.674
7035,40.282
7036,45.28
7037,50.854
7038,54.121
7039,55.835
7040,56.554
7041,57.221
7042,57.624
7043,56.18
7044,54.941
7045,53.181
7046,51.552
7047,51.144
7048,53.711
7049,57.819
7050,54.874
7051,51.385
7052,51.449
7053,52.103
7054,48.885
7055,46.153
7056,44.777
7057,42.628
7058,42.155
7059,44.253
7060,49.286
7061,54.862
7062,57.747
7063,58.774
7064,59.264
7065,59.996
7066,59.93
7067,58.443
7068,56.866
7069,54.786
7070,53.348
7071,53.018
7072,55.524
7073,59.403
7074,55.895
7075,51.843
7076,51.854
7077,52.28
7078,48.865
7079,46.026
7080,44.294
7081,41.894
7082,41.173
7083,43.086
7084,47.854
7085,52.92
7086,55.595
7087,56.913
7088,57.761
7089,58.597
7090,59.221
7091,57.696
7092,55.967
7093,54.291
7094,52.959
7095,52.315
7096,54.993
7097,58.552
7098,55.215
7099,51.397
7100,51.005
7101,51.363
7102,47.928
7103,45.145
7104,43.395
7105,41.002
7106,40.349
7107,42.307
7108,46.971
7109,52.113
7110,54.544
7111,55.187
7112,55.452
7113,55.784
7114,56.099
7115,54.781
7116,53.444
7117,51.836
7118,50.676
7119,50.48
7120,53.157
7121,57.036
7122,53.851
7123,50.411
7124,50.403
7125,51.068
7126,47.686
7127,44.981
7128,43.485
7129,41.21
7130,40.543
7131,42.687
7132,47.451
7133,52.632
7134,55.204
7135,55.914
7136,55.848
7137,55.785
7138,55.957
7139,54.411
7140,52.875
7141,50.655
7142,48.906
7143,48.642
7144,51.237
7145,54.783
7146,52.066
7147,49.197
7148,49.429
7149,50.218
7150,47.102
7151,44.025
7152,42.147
7153,39.498
7154,38.279
7155,38.833
7156,40.713
7157,42.958
7158,44.752
7159,46.753
7160,47.674
7161,47.552
7162,48.798
7163,46.992
7164,44.64
7165,42.577
7166,41.053
7167,41.374
7168,44.115
7169,48.388
7170,46.136
7171,43.977
7172,44.907
7173,46.529
7174,43.781
7175,41.223
7176,39.49413441
7177,37.558
7178,34.959
7179,34.881
7180,35.893
7181,37.62
7182,38.783
7183,41.016
7184,43.658
7185,45.529
7186,47.118
7187,49.183
7188,47.007
7189,44.555
7190,43.25
7191,42.582
7192,44.619
7193,49.833
7194,50.919
7195,48.578
7196,46.491
7197,47.254
7198,48.613
7199,45.819
7200,43.293
7201,41.669
7202,39.74
7203,39.627
7204,42.59
7205,47.795
7206,52.293
7207,55.442
7208,57.122
7209,57.34
7210,57.613
7211,58.011
7212,57.288
7213,56.198
7214,54.647
7215,54.072
7216,55.506
7217,60.015
7218,60.132
7219,55.663
7220,52
7221,52.021
7222,52.77
7223,49.632
7224,46.92
7225,45.274
7226,42.867
7227,42.464
7228,44.99
7229,49.965
7230,54.197
7231,56.837
7232,58.346
7233,58.591
7234,59.094
7235,59.79
7236,58.851
7237,57.415
7238,55.956
7239,55.049
7240,56.416
7241,60.909
7242,60.753
7243,56.474
7244,52.782
7245,52.929
7246,53.534
7247,50.324
7248,47.536
7249,45.939
7250,43.519
7251,43.103
7252,45.342
7253,50.254
7254,54.312
7255,57.041
7256,58.764
7257,59.298
7258,59.748
7259,60.348
7260,59.225
7261,58.146
7262,56.478
7263,55.534
7264,56.964
7265,61.098
7266,61.14
7267,57.095
7268,53.453
7269,53.501
7270,54.129
7271,50.761
7272,47.795
7273,46.104
7274,43.664
7275,43.092
7276,45.263
7277,49.69
7278,53.686
7279,56.373
7280,58.126
7281,58.524
7282,59.001
7283,59.62
7284,58.529
7285,57.091
7286,55.269
7287,54.107
7288,54.959
7289,58.23
7290,57.794
7291,54.152
7292,51.037
7293,51.188
7294,51.785
7295,48.559
7296,45.435
7297,44.576
7298,41.692
7299,40.257
7300,40.597
7301,42.103
7302,42.956
7303,44.474
7304,46.735
7305,48.103
7306,49.589
7307,51.956
7308,50.434
7309,48.091
7310,46.422
7311,45.56
7312,47.427
7313,51.115
7314,51.271
7315,48.51
7316,46.315
7317,47.057
7318,48.192
7319,45.26
7320,42.426
7321,40.679
7322,38.215
7323,37.102
7324,38.043
7325,39.826
7326,40.861
7327,43.004
7328,45.706
7329,47.288
7330,48.283
7331,50.246
7332,49.103
7333,47.33
7334,46.008
7335,45.566
7336,47.681
7337,51.404
7338,51.39
7339,48.485
7340,46.566
7341,47.775
7342,49.051
7343,46.071
7344,43.658
7345,42.087
7346,39.437
7347,38.25
7348,38.475
7349,39.681
7350,40.5
7351,42.33
7352,45.205
7353,47.102
7354,48.849
7355,51.329
7356,49.206
7357,47.085
7358,45.851
7359,44.918
7360,47.126
7361,52.219
7362,53.138
7363,50.749
7364,48.709
7365,48.992
7366,50.022
7367,47.54
7368,45.298
7369,43.997
7370,41.798
7371,41.637
7372,44.173
7373,49.995
7374,55.115
7375,56.871
7376,57.804
7377,58.07
7378,58.458
7379,58.758
7380,58.064
7381,56.732
7382,55.54
7383,55.153
7384,56.966
7385,61.715
7386,61.767
7387,57.63
7388,54.102
7389,54.179
7390,54.787
7391,51.569
7392,48.979
7393,47.727
7394,45.676
7395,45.381
7396,47.961
7397,53.709
7398,59.015
7399,60.323
7400,60.862
7401,60.635
7402,60.928
7403,61.289
7404,60.009
7405,59.042
7406,57.491
7407,57.184
7408,59.714
7409,64.217
7410,64.398
7411,60.242
7412,56.598
7413,56.129
7414,56.566
7415,52.947
7416,50.259
7417,48.772
7418,46.653
7419,46.255
7420,48.688
7421,54.31
7422,58.952
7423,60.932
7424,61.908
7425,61.758
7426,62.079
7427,62.533
7428,61.213
7429,60.186
7430,58.939
7431,58.54
7432,60.955
7433,65.486
7434,65.426
7435,60.747
7436,56.929
7437,56.758
7438,57.4
7439,53.844
7440,51.41
7441,50.013
7442,47.804
7443,47.126
7444,49.784
7445,55.861
7446,61.121
7447,62.464
7448,63.021
7449,62.594
7450,62.908
7451,63.372
7452,62.465
7453,61.3
7454,60.383
7455,60.515
7456,63.346
7457,67.675
7458,67.673
7459,63.568
7460,59.917
7461,60.093
7462,60.637
7463,57.358
7464,54.683
7465,53.205
7466,51.346
7467,51.115
7468,53.616
7469,59.722
7470,65.382
7471,66.858
7472,67.41
7473,67.077
7474,66.661
7475,66.463
7476,64.784
7477,63.015
7478,61.134
7479,60.402
7480,63.52
7481,67.875
7482,67.737
7483,63.956
7484,60.697
7485,61.11
7486,61.835
7487,58.58
7488,55.815
7489,54.096
7490,51.496
7491,50.46
7492,51.61
7493,53.751
7494,55.905
7495,57.723
7496,59.522
7497,59.645
7498,59.418
7499,60.725
7500,59.109
7501,56.73
7502,55.405
7503,55.307
7504,58.392
7505,62.294
7506,62.561
7507,59.614
7508,57.238
7509,58.389
7510,59.703
7511,57.416
7512,54.926
7513,53.093
7514,50.247
7515,48.966
7516,49.348
7517,50.633
7518,51.537
7519,52.885
7520,55.656
7521,57.36
7522,58.316
7523,60.283
7524,58.319
7525,55.044
7526,53.619
7527,53.071
7528,55.877
7529,60.013
7530,61.046
7531,59.034
7532,57.063
7533,58.128
7534,59.439
7535,56.892
7536,54.471
7537,52.834
7538,50.21
7539,49.324
7540,50.228
7541,51.715
7542,52.433
7543,53.847
7544,56.635
7545,58.56
7546,59.367
7547,61.267
7548,59.412
7549,56.707
7550,55.062
7551,54.775
7552,58.414
7553,63.364
7554,64.041
7555,61.008
7556,58.506
7557,59.036
7558,60.015
7559,57.168
7560,55.059
7561,53.831
7562,51.653
7563,51.576
7564,55.11
7565,61.569
7566,67.526
7567,69.057
7568,69.264
7569,68.535
7570,68.543
7571,68.502
7572,67.382
7573,65.663
7574,64.464
7575,64.226
7576,67.614
7577,72.146
7578,72.704
7579,68.535
7580,64.718
7581,64.399
7582,64.745
7583,61.774
7584,59.187
7585,57.987
7586,55.625
7587,55.271
7588,58.276
7589,64.084
7590,69.298
7591,71.169
7592,71.525
7593,70.617
7594,70.09
7595,70.183
7596,68.786
7597,67.066
7598,65.684
7599,65.557
7600,68.717
7601,72.996
7602,73.096
7603,68.7
7604,65.116
7605,64.819
7606,65.37
7607,62.619
7608,60.127
7609,58.828
7610,56.488
7611,55.862
7612,58.68
7613,64.883
7614,70.885
7615,72.539
7616,73.42
7617,73.479
7618,73.856
7619,73.881
7620,72.55
7621,71.337
7622,69.846
7623,69.474
7624,72.261
7625,76.066
7626,75.685
7627,71.187
7628,67.255
7629,67.065
7630,67.322
7631,64.105
7632,61.335
7633,59.984
7634,57.911
7635,57.586
7636,60.71
7637,66.923
7638,72.74
7639,74.112
7640,74.714
7641,74.49
7642,74.427
7643,74.348
7644,73.286
7645,71.847
7646,70.441
7647,70.041
7648,72.96
7649,75.942
7650,75.26
7651,71.361
7652,67.955
7653,68.062
7654,68.591
7655,64.919
7656,61.879
7657,59.937
7658,57.299
7659,56.135
7660,56.95
7661,58.852
7662,60.919
7663,63.065
7664,63.065
7665,66.526
7666,66.526
7667,67.929
7668,66.057
7669,63.548
7670,61.842
7671,61.282
7672,64.518
7673,68.169
7674,68.292
7675,65.274
7676,62.83
7677,63.764
7678,65.164
7679,62.68
7680,60.223
7681,58.37
7682,55.386
7683,53.799
7684,53.799
7685,55.409
7686,56.626
7687,57.979
7688,60.725
7689,62.671
7690,63.77
7691,65.357
7692,62.956
7693,59.86
7694,58.236
7695,58.007
7696,61.632
7697,66.012
7698,67.36
7699,65.132
7700,62.814
7701,63.363
7702,64.155
7703,61.804
7704,59.72
7705,58.458
7706,56.16
7707,55.93
7708,59.201
7709,65.628
7710,71.87
7711,73.719
7712,74.428
7713,73.951
7714,73.691
7715,73.957
7716,72.703
7717,71.059
7718,69.355
7719,69.006
7720,72.189
7721,76.279
7722,76.045
7723,71.458
7724,67.696
7725,67.456
7726,67.931
7727,64.86
7728,62.391
7729,61.283
7730,59.024
7731,58.692
7732,61.694
7733,68.267
7734,74.95
7735,75.821
7736,75.656
7737,74.451
7738,73.878
7739,73.316
7740,71.634
7741,69.811
7742,68.158
7743,68.273
7744,72.029
7745,76.198
7746,76.302
7747,72.247
7748,68.539
7749,68.108
7750,68.651
7751,65.875
7752,63.493
7753,62.265
7754,60.117
7755,59.97
7756,63.044
7757,69.156
7758,75.106
7759,76.835
7760,77.091
7761,76.009
7762,75.015
7763,74.369
7764,72.357
7765,70.041
7766,68.385
7767,68.446
7768,72.34
7769,76.911
7770,76.964
7771,72.93
7772,69.283
7773,69.076
7774,69.558
7775,66.239
7776,63.867
7777,62.333
7778,59.979
7779,59.625
7780,62.345
7781,68.271
7782,74.552
7783,75.578
7784,75.712
7785,75.053
7786,74.423
7787,73.79
7788,72.204
7789,70.279
7790,68.849
7791,68.46
7792,71.49
7793,74.712
7794,74.404
7795,69.962
7796,66.253
7797,65.853
7798,66.008
7799,63.088
7800,60.523
7801,59.014
7802,56.619
7803,56.018
7804,58.817
7805,64.953
7806,70.733
7807,71.851
7808,71.76
7809,70.701
7810,69.817
7811,69.65
7812,67.923
7813,66.186
7814,64.668
7815,64.275
7816,67.466
7817,69.871
7818,68.996
7819,65.045
7820,61.553
7821,61.618
7822,62.03
7823,58.78
7824,55.768
7825,53.785
7826,51.013
7827,49.808
7828,50.621
7829,52.895
7830,55.144
7831,57.201
7832,59.78
7833,60.927
7834,61.714
7835,63.538
7836,61.844
7837,59.285
7838,57.566
7839,57.063
7840,59.919
7841,62.765
7842,62.636
7843,59.531
7844,57.213
7845,58.003
7846,59.778
7847,57.477
7848,55.072
7849,53.277
7850,50.419
7851,48.876
7852,49.121
7853,50.28
7854,51.641
7855,53.097
7856,55.915
7857,57.998
7858,59.246
7859,61.084
7860,58.832
7861,55.865
7862,54.166
7863,53.728
7864,57.225
7865,61.094
7866,62.218
7867,59.908
7868,57.564
7869,57.628
7870,58.793
7871,56.29
7872,54.084
7873,52.722
7874,50.374
7875,49.981
7876,53.067
7877,59.32
7878,65.666
7879,67.148
7880,67.584
7881,67.084
7882,66.823
7883,66.774
7884,65.169
7885,63.529
7886,62.067
7887,61.828
7888,64.866
7889,68.18
7890,68.309
7891,63.698
7892,59.824
7893,59.47
7894,60.037
7895,56.904
7896,54.362
7897,53.071
7898,50.641
7899,50.092
7900,52.919
7901,58.99
7902,64.852
7903,66.061
7904,66.007
7905,65.582
7906,65.435
7907,65.273
7908,63.859
7909,62.412
7910,61.036
7911,61.144
7912,64.177
7913,67.335
7914,67.134
7915,62.702
7916,59.02
7917,58.853
7918,59.571
7919,56.021
7920,53.036
7921,51.394
7922,48.876
7923,48.434
7924,51.174
7925,56.905
7926,62.443
7927,64.63
7928,65.122
7929,64.872
7930,65.081
7931,65.168
7932,64.055
7933,62.774
7934,61.352
7935,61.057
7936,64.161
7937,67.57
7938,67.442
7939,63.058
7940,59.241
7941,58.784
7942,59.575
7943,56.574
7944,53.889
7945,52.409
7946,49.88
7947,49.282
7948,51.809
7949,57.972
7950,63.825
7951,64.878
7952,64.855
7953,64.384
7954,64.395
7955,64.498
7956,63.5
7957,62.3
7958,61.292
7959,61.436
7960,64.693
7961,67.933
7962,67.604
7963,63.289
7964,59.453
7965,59.162
7966,59.888
7967,56.874
7968,54.374
7969,52.943
7970,50.47
7971,49.904
7972,52.678
7973,58.901
7974,64.908
7975,66.483
7976,66.372
7977,65.607
7978,65.235
7979,65.031
7980,63.573
7981,62.087
7982,60.596
7983,60.194
7984,64.037
7985,67.01
7986,66.728
7987,63.373
7988,60.733
7989,61.24
7990,62.163
7991,59.035
7992,56.105
7993,54.391
7994,51.776
7995,50.846
7996,51.974
7997,54.151
7998,56.887
7999,59.115
8000,61.42
8001,61.913
8002,61.959
8003,63.38
8004,61.639
8005,59.337
8006,57.935
8007,57.661
8008,61.221
8009,63.994
8010,64.158
8011,61.156
8012,58.762
8013,59.669
8014,60.995
8015,58.55
8016,55.99
8017,53.981
8018,51.077
8019,49.891
8020,50.278
8021,51.457
8022,53.036
8023,54.839
8024,58.179
8025,60.77
8026,62.691
8027,64.976
8028,63.013
8029,60
8030,58.299
8031,58.067
8032,61.393
8033,65.004
8034,66.196
8035,63.966
8036,61.646
8037,62.077
8038,63.266
8039,60.954
8040,59.033
8041,57.727
8042,55.472
8043,55.278
8044,58.85
8045,65.479
8046,72.343
8047,74.19
8048,74.355
8049,73.63
8050,73.411
8051,73.095
8052,71.797
8053,70.057
8054,68.695
8055,68.872
8056,72.939
8057,76.884
8058,77.097
8059,73.104
8060,69.345
8061,69.292
8062,70.073
8063,67.16
8064,64.869
8065,63.788
8066,61.675
8067,61.429
8068,64.78
8069,71.23
8070,77.916
8071,79.416
8072,78.85
8073,78.037
8074,77.418
8075,76.505
8076,74.388
8077,72.316
8078,70.758
8079,71.175
8080,75.796
8081,79.207
8082,79.723
8083,75.923
8084,72.132
8085,71.844
8086,72.433
8087,69.463
8088,66.973
8089,65.738
8090,63.614
8091,63.557
8092,66.67
8093,72.733
8094,78.438
8095,80.568
8096,80.472
8097,79.455
8098,79.349
8099,79.003
8100,76.663
8101,74.212
8102,72.387
8103,72.892
8104,77.015
8105,79.894
8106,79.672
8107,76.01
8108,72.354
8109,72.426
8110,72.963
8111,69.95
8112,68.266
8113,66.951
8114,64.352
8115,63.815
8116,66.322
8117,71.348
8118,75.652
8119,78.167
8120,79.061
8121,78.803
8122,78.69
8123,78.454
8124,76.908
8125,74.933
8126,73.084
8127,73.043
8128,76.237
8129,79.013
8130,78.603
8131,74.569
8132,70.963
8133,70.909
8134,71.702
8135,68.942
8136,67.33
8137,65.793
8138,63.209
8139,62.5
8140,64.953
8141,70.507
8142,76.175
8143,77.756
8144,77.953
8145,77.417
8146,77.037
8147,76.714
8148,75.028
8149,72.736
8150,70.424
8151,69.574
8152,72.15
8153,73.678
8154,72.626
8155,68.773
8156,65.563
8157,65.92
8158,66.745
8159,63.26
8160,60.258
8161,58.407
8162,55.697
8163,54.133
8164,54.59
8165,56.379
8166,58.58
8167,60.388
8168,62.495
8169,63.182
8170,63.291
8171,64.484
8172,62.597
8173,60.017
8174,57.964
8175,57.368
8176,60.499
8177,62.941
8178,63.173
8179,60.654
8180,58.305
8181,59.302
8182,60.81
8183,58.261
8184,55.844
8185,54.254
8186,51.312
8187,49.655
8188,49.895
8189,50.854
8190,52.159
8191,53.557
8192,55.686
8193,57.277
8194,58.281
8195,60.276
8196,58.158
8197,55.259
8198,53.701
8199,53.991
8200,57.784
8201,61.207
8202,62.329
8203,60.339
8204,58.107
8205,58.774
8206,60.119
8207,58.097
8208,55.962
8209,54.917
8210,52.545
8211,51.932
8212,54.989
8213,61.069
8214,66.829
8215,68.844
8216,69.15
8217,69.116
8218,69.557
8219,69.804
8220,68.941
8221,67.547
8222,65.933
8223,66.019
8224,69.505
8225,72.868
8226,73.334
8227,69.307
8228,65.741
8229,65.681
8230,66.825
8231,64.361
8232,62.307
8233,61.039
8234,58.888
8235,58.667
8236,61.496
8237,67.683
8238,73.978
8239,75.68
8240,75.032
8241,73.804
8242,73.176
8243,72.533
8244,70.977
8245,69.359
8246,67.781
8247,68.277
8248,71.959
8249,74.832
8250,74.868
8251,71.3
8252,67.555
8253,67.4
8254,67.826
8255,64.859
8256,62.495
8257,61.044
8258,58.615
8259,57.836
8260,60.41
8261,65.914
8262,71.508
8263,73.832
8264,74.406
8265,74.55
8266,75.088
8267,75.442
8268,74.178
8269,72.645
8270,71.225
8271,71.268
8272,73.765
8273,76.325
8274,75.981
8275,71.822
8276,68.159
8277,67.943
8278,68.496
8279,65.726
8280,63.598
8281,62.307
8282,59.92
8283,59.36
8284,62.121
8285,67.884
8286,73.866
8287,75.635
8288,75.488
8289,75.131
8290,75.561
8291,75.736
8292,74.56
8293,73.299
8294,71.678
8295,71.421
8296,74.431
8297,76.619
8298,76.165
8299,71.614
8300,67.69
8301,67.279
8302,67.6
8303,64.216
8304,61.599
8305,60.052
8306,57.405
8307,56.818
8308,59.169
8309,64.681
8310,70.196
8311,72.04
8312,72.502
8313,72.299
8314,72.345
8315,72.233
8316,70.909
8317,69.404
8318,67.848
8319,67.528
8320,70.594
8321,72.63
8322,71.817
8323,67.832
8324,64.709
8325,64.913
8326,65.614
8327,62.134
8328,62.134
8329,56.566
8330,54.19
8331,52.812
8332,53.399
8333,55.012
8334,57.271
8335,59.445
8336,61.524
8337,62.03
8338,62.342
8339,63.823
8340,61.837
8341,59.063
8342,57.345
8343,57.313
8344,60.633
8345,63.161
8346,63.274
8347,60.435
8348,57.979
8349,58.84
8350,60.368
8351,57.744
8352,55.159
8353,52.996
8354,49.998
8355,48.487
8356,48.805
8357,49.964
8358,51.527
8359,53.117
8360,55.509
8361,57.434
8362,58.457
8363,60.047
8364,57.569
8365,54.962
8366,53.21
8367,53.253
8368,57.211
8369,60.904
8370,62.367
8371,60.004
8372,57.679
8373,58.185
8374,59.088
8375,56.659
8376,54.419
8377,52.869
8378,50.415
8379,49.779
8380,52.806
8381,58.641
8382,64.655
8383,67.065
8384,67.522
8385,67.87
8386,68.493
8387,68.69
8388,67.416
8389,65.669
8390,64.039
8391,63.552
8392,66.453
8393,68.901
8394,68.62
8395,64.256
8396,60.594
8397,60.247
8398,60.76
8399,57.603
8400,54.845
8401,53.051
8402,50.364
8403,49.574
8404,51.861
8405,57.326
8406,63.048
8407,64.878
8408,64.66
8409,64.451
8410,64.789
8411,65.069
8412,63.828
8413,62.543
8414,61.184
8415,61.068
8416,63.932
8417,66.444
8418,66.66
8419,63.052
8420,59.447
8421,59.412
8422,59.969
8423,56.902
8424,54.434
8425,53.158
8426,51.004
8427,50.609
8428,53.331
8429,58.938
8430,64.904
8431,67.461
8432,67.554
8433,67.086
8434,66.67
8435,66.316
8436,64.471
8437,62.581
8438,60.646
8439,60.022
8440,63.429
8441,66.312
8442,66.314
8443,62.411
8444,58.722
8445,58.608
8446,59.283
8447,56.394
8448,53.975
8449,52.313
8450,49.675
8451,48.818
8452,51.329
8453,56.902
8454,62.765
8455,64.186
8456,63.899
8457,63.683
8458,64.035
8459,63.845
8460,62.306
8461,60.761
8462,58.708
8463,58.843
8464,61.747
8465,64.057
8466,63.901
8467,60.439
8468,57.099
8469,57.115
8470,57.976
8471,54.82
8472,52.088
8473,50.58
8474,48.214
8475,47.472
8476,49.616
8477,54.811
8478,60.148
8479,62.251
8480,62.779
8481,62.905
8482,63.013
8483,62.975
8484,61.505
8485,59.576
8486,58.069
8487,57.511
8488,60.71
8489,63.239
8490,62.987
8491,60.095
8492,57.36
8493,57.847
8494,58.737
8495,55.849
8496,53.729
8497,51.194
8498,48.926
8499,48.057
8500,48.922
8501,50.881
8502,53.167
8503,55.717
8504,57.222
8505,57.499
8506,57.612
8507,59.397
8508,58.035
8509,55.938
8510,54.464
8511,54.39
8512,57.815
8513,60.218
8514,60.406
8515,57.826
8516,55.523
8517,56.504
8518,57.602
8519,54.608
8520,52.221
8521,50.579
8522,47.73
8523,46.387
8524,46.771
8525,47.911
8526,49.621
8527,51.405
8528,53.839
8529,55.838
8530,57.069
8531,59.174
8532,57.451
8533,54.878
8534,53.196
8535,52.924
8536,56.367
8537,59.429
8538,60.236
8539,58.371
8540,56.667
8541,57.41
8542,58.277
8543,55.623
8544,53.434
8545,51.908
8546,49.374
8547,48.657
8548,50.709
8549,54.435
8550,58.438
8551,61.498
8552,62.556
8553,62.587
8554,62.584
8555,63.406
8556,62.244
8557,60.485
8558,58.912
8559,58.574
8560,60.694
8561,63.616
8562,63.538
8563,60.692
8564,57.788
8565,58.365
8566,59.245
8567,56.168
8568,53.765
8569,52.023
8570,49.163
8571,48.242
8572,49.372
8573,52.614
8574,55.871
8575,58.367
8576,59.526
8577,59.629
8578,59.234
8579,59.522
8580,57.935
8581,55.761
8582,53.893
8583,53.503
8584,56.238
8585,57.38
8586,55.466
8587,52.597
8588,50.947
8589,52.867
8590,55.237
8591,53.648
8592,51.806
8593,49.968
8594,46.672
8595,44.686
8596,44.752
8597,45.576
8598,46.303
8599,47.053
8600,48.774
8601,50.79
8602,51.714
8603,52.85
8604,50.652
8605,47.875
8606,46.527
8607,46.992
8608,50.651
8609,53.924
8610,55.293
8611,54.858
8612,53.838
8613,55.488
8614,56.934
8615,54.738
8616,52.862
8617,51.804
8618,49.596
8619,48.938
8620,50.577
8621,53.218
8622,56.175
8623,58.547
8624,60.583
8625,62.128
8626,62.521
8627,63.567
8628,61.647
8629,59.509
8630,57.616
8631,57.213
8632,60.064
8633,62.517
8634,62.481
8635,59.346
8636,56.666
8637,57.139
8638,58.063
8639,55.272
8640,52.819
8641,51.397
8642,48.907
8643,48.091
8644,49.483
8645,52.324
8646,55.227
8647,57.71
8648,59.764
8649,61.175
8650,62.162
8651,63.721
8652,62.257
8653,60.138
8654,57.925
8655,57.331
8656,60.279
8657,62.763
8658,62.439
8659,59.63
8660,57.07
8661,57.526
8662,58.563
8663,55.886
8664,53.448
8665,52.063
8666,49.417
8667,48.078
8668,48.748
8669,50.279
8670,52.352
8671,54.548
8672,56.785
8673,58.358
8674,59.086
8675,60.684
8676,59.208
8677,56.995
8678,55.141
8679,54.838
8680,58.552
8681,61.497
8682,62.219
8683,60.173
8684,58.302
8685,59.698
8686,61.205
8687,58.941
8688,56.989
8689,55.613
8690,53.185
8691,52.063
8692,52.623
8693,53.922
8694,55.516
8695,57.181
8696,59.477
8697,61.345
8698,62.061
8699,63.597
8700,61.23
8701,57.943
8702,56.045
8703,55.801
8704,60.039
8705,64.336
8706,65.937
8707,64.448
8708,62.679
8709,63.851
8710,65.287
8711,63.016
8712,61.013
8713,60.068
8714,57.855
8715,57.042
8716,58.918
8717,62.215
8718,65.943
8719,68.803
8720,71.013
8721,70.892
8722,69.948
8723,70.04
8724,67.649
8725,64.612
8726,62.065
8727,61.734
8728,66.019
8729,70.598
8730,71.444
8731,68.576
8732,65.849
8733,66.976
8734,68.149
8735,65.601
8736,63.434
8737,62.189
8738,59.784
8739,58.886
8740,60.457
8741,63.623
8742,67.035
8743,69.717
8744,71.446
8745,71.984
8746,71.587
8747,71.883
8748,69.722
8749,66.952
8750,64.643
8751,64.114
8752,67.344
8753,69.547
8754,68.156
8755,64.771
8756,62.259
8757,63.774
8758,65.865
8759,64.677
