0,8.54275
1,8.0775
2,7.82325
3,7.63625
4,7.61675
5,7.71575
6,7.711
7,7.72325
8,7.82
9,8.19575
10,8.6315
11,8.74
12,8.95425
13,8.78575
14,8.70275
15,8.58475
16,9.1455
17,9.269
18,9.00725
19,8.898
20,8.74925
21,9.04975
22,9.0995
23,8.62925
24,8.22575
25,7.8895
26,7.77425
27,7.80875
28,8.2375
29,8.98125
30,9.7025
31,10.25125
32,10.49175
33,10.83025
34,11.1035
35,11.1975
36,11.11525
37,11.03625
38,11.02825
39,11.1795
40,11.8175
41,11.84025
42,11.52425
43,10.91325
44,10.42175
45,10.58275
46,10.60275
47,10.01875
48,9.54425
49,9.256
50,9
51,9.073
52,9.42475
53,10.24375
54,10.80775
55,11.521
56,11.76075
57,11.93425
58,12.083
59,12.0105
60,11.9245
61,11.78175
62,11.7955
63,11.8525
64,12.374
65,12.35275
66,11.956
67,11.41
68,10.86825
69,11.00225
70,10.9525
71,10.40775
72,9.96375
73,9.60975
74,9.41175
75,9.4495
76,9.747
77,10.48325
78,11.1225
79,11.777
80,11.9545
81,12.09875
82,12.2955
83,12.183
84,12.20225
85,12.055
86,12.0025
87,12.08575
88,12.554
89,12.43825
90,11.8575
91,11.209
92,10.6245
93,10.734
94,10.72175
95,10.194
96,9.73525
97,9.36
98,9.14925
99,8.93625
100,8.92175
101,8.992
102,9.2595
103,9.69675
104,10.3485
105,10.8895
106,11.08025
107,11.12475
108,11.02025
109,10.84075
110,10.75425
111,10.80925
112,11.25625
113,11.2445
114,10.971
115,10.4685
116,9.99125
117,10.07175
118,10.14125
119,9.705
120,9.249
121,8.98
122,8.72225
123,8.5775
124,8.61975
125,8.80425
126,8.91125
127,9.34875
128,9.804
129,10.4715
130,10.75975
131,10.96075
132,10.86325
133,10.592
134,10.49475
135,10.48425
136,11.08625
137,11.18025
138,11.0425
139,10.6925
140,10.243
141,10.21
142,10.08975
143,9.63425
144,9.284
145,8.98325
146,8.88025
147,8.9865
148,9.52425
149,10.76875
150,11.789
151,12.43275
152,12.349
153,12.36125
154,12.506
155,12.2775
156,12.29875
157,12.1345
158,11.992
159,12.0725
160,12.61725
161,12.525
162,11.94975
163,11.349
164,10.74425
165,10.727
166,10.5835
167,9.928
168,9.3465
169,9.11825
170,8.97725
171,9.1275
172,9.658
173,10.77125
174,11.635
175,11.99675
176,12.00575
177,11.992
178,12.008
179,11.66075
180,11.74875
181,11.748
182,11.663
183,11.711
184,12.41775
185,12.5435
186,12.10925
187,11.52925
188,10.86225
189,10.902
190,10.76825
191,10.21025
192,9.7525
193,9.4665
194,9.24975
195,9.2455
196,9.8985
197,10.9765
198,11.9105
199,12.24625
200,12.488
201,12.50575
202,12.47825
203,12.0275
204,11.975
205,11.57925
206,11.73025
207,11.71875
208,12.62175
209,12.83225
210,12.33525
211,11.84375
212,11.331
213,11.298
214,11.074
215,10.672
216,10.2475
217,9.917
218,9.6475
219,9.72325
220,10.126
221,11.30975
222,12.31125
223,12.7475
224,12.7835
225,12.774
226,12.93475
227,12.669
228,12.65475
229,12.5625
230,12.5615
231,12.61375
232,13.176
233,13.19475
234,12.72825
235,12.11725
236,11.56975
237,11.5275
238,11.386
239,10.8385
240,10.378
241,10.0615
242,9.79375
243,9.844
244,10.1745
245,11.38325
246,12.3415
247,12.6945
248,12.819
249,12.7
250,12.79625
251,12.49125
252,12.356
253,12.11675
254,11.913
255,11.896
256,12.56225
257,12.418
258,11.9645
259,11.42225
260,10.91175
261,11.0475
262,11.01125
263,10.4875
264,9.86625
265,9.49325
266,9.1905
267,8.88825
268,9.02625
269,9.30375
270,9.64975
271,10.14475
272,10.554
273,10.852
274,11.02375
275,11.13475
276,10.90125
277,10.71025
278,10.6215
279,10.671
280,11.052
281,11.07375
282,10.56725
283,10.17625
284,9.81475
285,9.90775
286,9.91825
287,9.43025
288,9.00275
289,8.70475
290,8.42925
291,8.3025
292,8.29675
293,8.39775
294,8.538
295,9.05025
296,9.504
297,10.021
298,10.2535
299,10.5285
300,10.4125
301,10.16275
302,10.02375
303,10.114
304,10.6815
305,10.79225
306,10.65125
307,10.24025
308,9.65525
309,9.709
310,9.72075
311,9.28175
312,8.7895
313,8.476
314,8.432
315,8.59825
316,9.08025
317,10.22775
318,11.32775
319,11.78625
320,12.0095
321,12.2605
322,12.17825
323,11.91675
324,11.733
325,11.591
326,11.6825
327,12.0155
328,12.71625
329,12.8
330,12.28675
331,11.73275
332,11.1705
333,11.1815
334,10.97575
335,10.366
336,9.81925
337,9.5145
338,9.35875
339,9.33175
340,9.7475
341,10.8695
342,11.84775
343,12.155
344,12.1275
345,12.0295
346,12.02175
347,11.8645
348,12.0325
349,11.961
350,11.85275
351,11.84825
352,12.41875
353,12.4095
354,11.9605
355,11.41075
356,10.67975
357,10.71625
358,10.5165
359,9.9565
360,9.53975
361,9.1535
362,8.97625
363,9.07625
364,9.62875
365,10.68725
366,11.5845
367,12.0265
368,12.18275
369,12.22725
370,12.39725
371,12.29725
372,12.1795
373,12.1055
374,11.99275
375,11.97025
376,12.5265
377,12.554
378,12.058
379,11.5395
380,11.1495
381,10.87575
382,10.73075
383,10.4095
384,10.01675
385,9.7305
386,9.60725
387,9.41025
388,9.88475
389,10.924
390,11.9665
391,12.24025
392,12.30825
393,12.2505
394,12.39625
395,12.23675
396,12.3525
397,12.1
398,12.095
399,12.099
400,12.66075
401,12.873
402,12.604
403,12.026
404,11.42125
405,11.50925
406,11.594
407,11.03525
408,10.5825
409,10.2755
410,10.04175
411,10.10075
412,10.45825
413,11.65475
414,12.65075
415,12.8985
416,12.9835
417,12.92775
418,12.9845
419,12.67375
420,12.528
421,12.28525
422,12.13025
423,12.1875
424,12.8055
425,12.893
426,12.44125
427,11.91225
428,11.469
429,11.42875
430,11.465
431,10.973
432,10.637
433,10.2715
434,9.95675
435,9.76825
436,9.78325
437,10.054
438,10.3835
439,10.97575
440,11.22275
441,11.319
442,11.35625
443,11.14275
444,10.80675
445,10.559
446,10.60075
447,10.75675
448,11.4405
449,11.819
450,11.4265
451,10.98425
452,10.58525
453,10.7345
454,10.8365
455,10.502
456,10.093
457,9.7
458,9.438
459,9.32425
460,9.39875
461,9.61525
462,9.70575
463,10.16625
464,10.51975
465,10.6545
466,10.87175
467,10.77725
468,10.44
469,10.09125
470,10.03375
471,10.35675
472,11.15525
473,11.73075
474,11.70825
475,11.41725
476,11.0435
477,11.0125
478,11.04875
479,10.72275
480,10.43925
481,10.121
482,9.96475
483,10
484,10.57225
485,11.79375
486,12.781
487,13.1565
488,13.209
489,12.79975
490,12.67025
491,12.354
492,12.23325
493,12.0845
494,12.15375
495,12.365
496,13.1175
497,13.4645
498,13.0025
499,12.3785
500,11.74925
501,11.78775
502,11.6025
503,11.1315
504,10.69725
505,10.38525
506,10.20175
507,10.152
508,10.55725
509,11.63375
510,12.492
511,12.82125
512,12.98375
513,13.11025
514,13.3575
515,13.18475
516,13.21475
517,13.0225
518,12.8805
519,12.89125
520,13.37975
521,13.6165
522,13.13875
523,12.4205
524,11.913
525,11.809
526,11.6735
527,11.238
528,10.8595
529,10.5455
530,10.29225
531,10.1765
532,10.592
533,11.565
534,12.3655
535,12.78975
536,13.04225
537,13.0995
538,12.949
539,12.724
540,12.73025
541,12.60275
542,12.5535
543,12.557
544,12.98
545,13.24975
546,12.8065
547,12.3005
548,11.678
549,11.616
550,11.568
551,11.11575
552,10.7005
553,10.42175
554,10.2335
555,10.20325
556,10.60525
557,11.726
558,12.6025
559,12.9725
560,13.106
561,13.0305
562,13.094
563,12.72425
564,12.67675
565,12.62
566,12.63225
567,12.671
568,13.10275
569,13.2995
570,12.817
571,12.167
572,11.6135
573,11.72375
574,11.71275
575,11.25425
576,10.90075
577,10.496
578,10.2645
579,10.201
580,10.60025
581,11.63375
582,12.509
583,12.844
584,12.94125
585,12.86775
586,12.83625
587,12.58325
588,12.54675
589,12.4615
590,12.3255
591,12.17025
592,12.39575
593,12.44125
594,12.0145
595,11.37025
596,10.77125
597,10.98525
598,10.9595
599,10.3215
600,9.7895
601,9.32075
602,9.022
603,8.78975
604,8.90575
605,9.2045
606,9.47925
607,10.165
608,10.60075
609,11.05775
610,11.23575
611,11.144
612,10.9535
613,10.6855
614,10.58725
615,10.6875
616,10.996
617,11.115
618,10.72675
619,10.21925
620,9.76875
621,9.82625
622,9.96125
623,9.46475
624,9.0145
625,8.70775
626,8.403
627,8.312
628,8.38175
629,8.63425
630,8.69775
631,9.0435
632,9.66575
633,10.28825
634,10.67225
635,10.6865
636,10.43675
637,10.26875
638,10.1015
639,10.069
640,10.586
641,11.08125
642,10.80825
643,10.45975
644,9.9145
645,9.91625
646,9.81825
647,9.44275
648,9.133
649,8.8415
650,8.7195
651,8.69375
652,9.295
653,10.572
654,11.535
655,11.9105
656,12.166
657,12.2565
658,12.1475
659,11.91425
660,11.91575
661,11.90625
662,11.92875
663,12.016
664,12.38875
665,12.77875
666,12.4035
667,11.8565
668,11.1645
669,11.27475
670,11.22675
671,10.77425
672,10.42425
673,10.0695
674,9.931
675,9.8725
676,10.24825
677,11.332
678,12.31575
679,12.5135
680,12.3825
681,12.284
682,12.136
683,11.87125
684,11.91725
685,11.84125
686,11.79925
687,11.83775
688,12.4555
689,12.718
690,12.416
691,11.91275
692,11.33175
693,11.3885
694,11.32825
695,10.80925
696,10.48075
697,10.16925
698,9.946
699,10.02975
700,10.3785
701,11.41225
702,12.3385
703,12.556
704,12.777
705,13.0465
706,13.09375
707,12.85325
708,12.806
709,12.52775
710,12.4055
711,12.287
712,12.7225
713,13.06125
714,12.581
715,11.93
716,11.4265
717,11.60725
718,11.55425
719,11.02325
720,10.6175
721,10.38425
722,10.29075
723,10.31225
724,10.69575
725,11.81375
726,12.72375
727,12.928
728,13.2445
729,13.171
730,13.2555
731,12.96675
732,12.9565
733,12.6575
734,12.5085
735,12.443
736,12.729
737,13.16125
738,12.814
739,12.246
740,11.54575
741,11.60975
742,11.457
743,11.12775
744,10.825
745,10.4295
746,10.219
747,10.07025
748,10.5315
749,11.5455
750,12.3105
751,12.59975
752,12.73225
753,12.69
754,12.71975
755,12.619
756,12.50975
757,12.232
758,12.098
759,12.04775
760,12.3565
761,12.505
762,12.0805
763,11.46025
764,10.94825
765,11.109
766,11.1055
767,10.4925
768,10.12575
769,9.72275
770,9.48725
771,9.38925
772,9.52825
773,9.80475
774,10.14075
775,10.721
776,11.385
777,11.71375
778,11.7755
779,11.8485
780,11.67425
781,11.43975
782,11.44025
783,11.3
784,11.613
785,11.79575
786,11.42925
787,10.9145
788,10.459
789,10.428
790,10.5535
791,10.24675
792,9.79925
793,9.45825
794,9.2165
795,8.956
796,8.96275
797,9.112
798,9.312
799,9.685
800,10.2805
801,10.60625
802,10.7705
803,10.66475
804,10.48075
805,10.17525
806,10.17875
807,10.159
808,10.66975
809,11.3925
810,11.40075
811,11.0735
812,10.59725
813,10.6285
814,10.51975
815,9.881
816,9.63875
817,9.36075
818,9.259
819,9.32275
820,9.88175
821,11.11075
822,11.968
823,12.297
824,12.4195
825,12.447
826,12.3865
827,12.238
828,12.37375
829,12.29825
830,12.15425
831,12.09125
832,12.438
833,12.81075
834,12.488
835,11.86475
836,11.3845
837,11.3355
838,11.216
839,10.7265
840,10.46525
841,10.10975
842,9.9035
843,9.841
844,10.3105
845,11.413
846,12.353
847,12.605
848,12.683
849,12.6705
850,12.71675
851,12.41525
852,12.4615
853,12.2395
854,12.149
855,12.06025
856,12.38475
857,12.797
858,12.37875
859,12.034
860,11.40375
861,11.286
862,11.1945
863,10.699
864,10.2495
865,9.79525
866,9.72775
867,9.77875
868,10.03425
869,11.274
870,12.269
871,12.3635
872,12.527
873,12.65875
874,12.70325
875,12.49225
876,12.406
877,12.29975
878,12.25875
879,12.172
880,12.40725
881,12.6015
882,12.09325
883,11.59175
884,10.83475
885,10.90925
886,10.75675
887,10.215
888,9.78825
889,9.425
890,9.19625
891,9.23325
892,9.70425
893,10.831
894,11.885
895,12.049
896,12.07425
897,11.80125
898,11.6135
899,11.34125
900,11.3725
901,11.46975
902,11.5665
903,11.5595
904,11.7435
905,12.352
906,12.0355
907,11.54225
908,10.98225
909,11.0065
910,10.97175
911,10.3445
912,9.84175
913,9.55725
914,9.35075
915,9.26
916,9.73425
917,10.76625
918,11.694
919,11.88325
920,12.063
921,12.1175
922,12.204
923,11.9795
924,12.0285
925,11.879
926,11.631
927,11.597
928,11.68075
929,11.88175
930,11.54125
931,10.95875
932,10.4425
933,10.62675
934,10.51125
935,9.84825
936,9.4515
937,9.03375
938,8.75875
939,8.6575
940,8.797
941,9.12875
942,9.45125
943,9.968
944,10.507
945,10.7975
946,10.89625
947,10.75875
948,10.558
949,10.27825
950,10.20525
951,10.176
952,10.38625
953,11.10975
954,10.9375
955,10.3935
956,9.856
957,9.914
958,10.017
959,9.2495
960,8.851
961,8.7255
962,8.755
963,8.4185
964,8.312
965,8.601
966,8.6425
967,8.99775
968,9.6095
969,10.30625
970,10.784
971,10.824
972,10.16075
973,10.04
974,9.933
975,9.95075
976,10.3075
977,10.94725
978,10.85175
979,10.35275
980,9.93675
981,9.9505
982,9.876
983,9.5175
984,9.19475
985,8.9885
986,8.9575
987,9.033
988,9.5185
989,10.8425
990,11.85175
991,12.11775
992,12.21175
993,12.2415
994,12.23825
995,11.968
996,11.89625
997,11.723
998,11.73875
999,11.7745
1000,11.99325
1001,12.673
1002,12.36575
1003,11.75275
1004,11.24925
1005,11.382
1006,11.24875
1007,10.6985
1008,10.21
1009,9.96125
1010,9.72775
1011,9.7505
1012,10.20325
1013,11.355
1014,12.37475
1015,12.393
1016,12.5975
1017,12.579
1018,12.561
1019,12.04725
1020,11.77575
1021,11.63825
1022,11.6425
1023,11.60675
1024,11.8495
1025,12.41725
1026,11.99925
1027,11.379
1028,10.76625
1029,10.89525
1030,10.77225
1031,10.08125
1032,9.6185
1033,9.19225
1034,8.9595
1035,8.92575
1036,9.0645
1037,9.84425
1038,10.65025
1039,10.76275
1040,10.91225
1041,10.874
1042,10.827
1043,10.48875
1044,10.37925
1045,10.24875
1046,10.20625
1047,10.17075
1048,10.45325
1049,11.17325
1050,10.93075
1051,10.29825
1052,9.78375
1053,9.90925
1054,9.87225
1055,9.3925
1056,9.09975
1057,8.83025
1058,8.7245
1059,8.83825
1060,9.3575
1061,10.779
1062,11.91275
1063,12.035
1064,12.05775
1065,11.921
1066,11.891
1067,11.393
1068,11.28525
1069,11.10225
1070,11.09375
1071,11.08675
1072,11.41825
1073,12.19475
1074,11.963
1075,11.44325
1076,10.8475
1077,10.81375
1078,10.75825
1079,10.2665
1080,9.93875
1081,9.6405
1082,9.42425
1083,9.4585
1084,9.936
1085,11.0785
1086,11.93625
1087,11.97975
1088,12.04025
1089,11.85425
1090,11.70975
1091,11.17975
1092,11.07125
1093,10.87
1094,10.8105
1095,10.6845
1096,10.92525
1097,11.6025
1098,11.45825
1099,10.96525
1100,10.47375
1101,10.45525
1102,10.33625
1103,9.7955
1104,9.33275
1105,8.98375
1106,8.627
1107,8.6965
1108,8.85325
1109,9.20025
1110,9.649
1111,9.95125
1112,10.2995
1113,10.46175
1114,10.3485
1115,10.1625
1116,9.87375
1117,9.5425
1118,9.504
1119,9.633
1120,10.039
1121,10.83975
1122,10.748
1123,10.24375
1124,9.7595
1125,9.66225
1126,9.66825
1127,9.13325
1128,8.75575
1129,8.4495
1130,8.26125
1131,8.218
1132,8.231
1133,8.50425
1134,8.6455
1135,8.96375
1136,9.502
1137,9.60475
1138,9.62525
1139,9.54525
1140,9.23175
1141,8.81475
1142,8.62675
1143,8.8695
1144,9.34475
1145,10.2165
1146,10.18225
1147,10.02625
1148,9.5805
1149,9.555
1150,9.558
1151,8.951
1152,8.56975
1153,8.4435
1154,8.21375
1155,8.5305
1156,9.112
1157,10.40475
1158,11.4285
1159,11.46575
1160,11.69125
1161,11.61225
1162,11.4255
1163,11.04625
1164,10.9205
1165,10.8015
1166,10.81675
1167,10.90225
1168,11.167
1169,11.85125
1170,11.6505
1171,10.99225
1172,10.50325
1173,10.4145
1174,10.134
1175,9.6115
1176,9.24225
1177,8.8365
1178,8.703
1179,8.7535
1180,9.3265
1181,10.501
1182,11.41875
1183,11.58625
1184,11.5805
1185,11.448
1186,11.2975
1187,10.99625
1188,11.09
1189,10.999
1190,11.00175
1191,11.15875
1192,11.42825
1193,12.091
1194,11.956
1195,11.3155
1196,10.7745
1197,10.71275
1198,10.42775
1199,9.84625
1200,9.4075
1201,9.16925
1202,9.012
1203,9.20025
1204,9.66325
1205,10.8675
1206,11.76825
1207,11.842
1208,12.08825
1209,11.93375
1210,11.67425
1211,11.3025
1212,11.272
1213,11.12325
1214,11.0525
1215,11.0015
1216,11.30575
1217,11.8855
1218,11.82975
1219,11.178
1220,10.661
1221,10.58425
1222,10.28925
1223,9.61875
1224,9.2805
1225,8.9615
1226,8.943
1227,9.09025
1228,9.47125
1229,10.4945
1230,11.52225
1231,11.73675
1232,11.791
1233,11.5835
1234,11.6185
1235,11.1895
1236,11.18325
1237,11.0855
1238,11.168
1239,11.21425
1240,11.379
1241,12.1185
1242,12.043
1243,11.4025
1244,10.955
1245,10.72525
1246,10.46075
1247,9.88125
1248,9.48675
1249,9.203
1250,9.045
1251,9.14475
1252,9.607
1253,10.76825
1254,11.72325
1255,11.946
1256,12.12525
1257,12.12425
1258,12.108
1259,11.85575
1260,11.6565
1261,11.44725
1262,11.31625
1263,11.1755
1264,11.2585
1265,11.67075
1266,11.41875
1267,10.91075
1268,10.33625
1269,10.33325
1270,10.19625
1271,9.6535
1272,9.23875
1273,8.90725
1274,8.82125
1275,8.76525
1276,8.905
1277,9.3715
1278,9.65175
1279,9.93675
1280,10.2825
1281,10.31425
1282,10.123
1283,10.03275
1284,9.69675
1285,9.327
1286,9.27575
1287,9.2585
1288,9.71
1289,10.5335
1290,10.59525
1291,10.15275
1292,9.72325
1293,9.7225
1294,9.6475
1295,9.10425
1296,8.72
1297,8.5695
1298,8.44175
1299,8.5235
1300,8.612
1301,8.9045
1302,9.058
1303,9.39275
1304,9.609
1305,9.62625
1306,9.5925
1307,9.55325
1308,9.19275
1309,8.8875
1310,8.838
1311,8.895
1312,9.34675
1313,10.309
1314,10.64575
1315,10.332
1316,9.774
1317,9.7455
1318,9.61475
1319,9.0585
1320,8.83225
1321,8.5315
1322,8.4095
1323,8.554
1324,9.2835
1325,10.6105
1326,11.575
1327,11.6715
1328,11.61425
1329,11.39275
1330,11.29525
1331,10.898
1332,10.78675
1333,10.66225
1334,10.6215
1335,10.6415
1336,10.88375
1337,11.66575
1338,11.68725
1339,11.02775
1340,10.46325
1341,10.4645
1342,10.22025
1343,9.65725
1344,9.23175
1345,9.0555
1346,9.0865
1347,9.177
1348,9.75625
1349,11.0075
1350,11.7855
1351,11.749
1352,11.691
1353,11.42325
1354,11.25825
1355,10.86475
1356,10.81575
1357,10.68575
1358,10.7215
1359,10.666
1360,10.978
1361,11.66225
1362,11.8045
1363,11.2295
1364,10.58775
1365,10.2735
1366,9.98775
1367,9.46175
1368,9.1575
1369,8.849
1370,8.86775
1371,8.943
1372,9.394
1373,10.70425
1374,11.42625
1375,11.47775
1376,11.415
1377,11.20625
1378,11.03575
1379,10.79975
1380,10.74525
1381,10.6445
1382,10.64675
1383,10.586
1384,10.88575
1385,11.54825
1386,11.67925
1387,11.18925
1388,10.56
1389,10.37525
1390,10.135
1391,9.50375
1392,9.02375
1393,8.7285
1394,8.54775
1395,8.67125
1396,9.24975
1397,10.511
1398,11.2475
1399,11.123
1400,11.53875
1401,11.29475
1402,11.3785
1403,11.20675
1404,11.31075
1405,11.26925
1406,11.22275
1407,11.19925
1408,11.324
1409,11.5385
1410,11.4895
1411,10.90775
1412,10.195
1413,10.25025
1414,10.05375
1415,9.48
1416,9.041
1417,8.7595
1418,8.782
1419,8.79
1420,9.43125
1421,10.572
1422,11.32575
1423,11.62575
1424,11.92825
1425,12.05175
1426,12.1855
1427,11.899
1428,11.92525
1429,11.80175
1430,11.66875
1431,11.54975
1432,11.47525
1433,11.709
1434,11.4975
1435,10.97725
1436,10.413
1437,10.489
1438,10.35175
1439,9.7155
1440,9.2375
1441,8.841
1442,8.6305
1443,8.56175
1444,8.62725
1445,8.88075
1446,9.05975
1447,9.57325
1448,10.2115
1449,10.42325
1450,10.4965
1451,10.624
1452,10.389
1453,10.13675
1454,9.928
1455,9.747
1456,9.999
1457,10.24
1458,10.14675
1459,9.64925
1460,9.224
1461,9.23725
1462,9.08825
1463,8.668
1464,8.275
1465,7.999
1466,7.80725
1467,7.81575
1468,7.8815
1469,8.148
1470,8.251
1471,8.67175
1472,9.2905
1473,9.66675
1474,9.928
1475,10.09075
1476,9.76225
1477,9.40875
1478,9.30075
1479,9.114
1480,9.26725
1481,9.8415
1482,10.05825
1483,9.7685
1484,9.397
1485,9.353
1486,9.1175
1487,8.47825
1488,8.05175
1489,7.86825
1490,7.71875
1491,7.82925
1492,8.50875
1493,9.572
1494,10.18775
1495,10.819
1496,11.13875
1497,11.37375
1498,11.3185
1499,11.00675
1500,10.71825
1501,10.37575
1502,10.5585
1503,10.56375
1504,10.73775
1505,11.0305
1506,11.174
1507,10.672
1508,10.1505
1509,10.09725
1510,10.0005
1511,9.63825
1512,9.16775
1513,8.98125
1514,8.8215
1515,8.73425
1516,9.22125
1517,10.29275
1518,11.0375
1519,11.35625
1520,11.497
1521,11.458
1522,11.3185
1523,10.83775
1524,10.796
1525,10.75975
1526,10.88125
1527,10.821
1528,10.9375
1529,11.50875
1530,11.48125
1531,10.9035
1532,10.408
1533,10.4
1534,10.22375
1535,9.493
1536,9.031
1537,8.7235
1538,8.44675
1539,8.57225
1540,8.949
1541,9.98725
1542,10.678
1543,11.06525
1544,11.3495
1545,11.373
1546,11.577
1547,11.54975
1548,11.502
1549,11.28275
1550,11.2945
1551,11.0575
1552,10.9515
1553,11.1065
1554,11.13375
1555,10.6095
1556,9.995
1557,10.18825
1558,10.067
1559,9.44
1560,8.8085
1561,8.63275
1562,8.66675
1563,8.76325
1564,8.91025
1565,10.09
1566,10.66925
1567,11.07
1568,11.27175
1569,11.296
1570,11.374
1571,11.0725
1572,11.1795
1573,10.97125
1574,11.00875
1575,10.86
1576,10.978
1577,11.17875
1578,11.22375
1579,10.862
1580,10.20675
1581,10.3225
1582,10.1215
1583,9.543
1584,9.0865
1585,8.85925
1586,8.7085
1587,9.09775
1588,9.56675
1589,10.5305
1590,11.115
1591,11.47575
1592,11.59
1593,11.33425
1594,11.287
1595,11.10375
1596,11.10475
1597,10.79125
1598,10.5695
1599,10.69825
1600,10.685
1601,10.9835
1602,10.95525
1603,10.554
1604,10.0335
1605,10.0465
1606,9.859
1607,9.25625
1608,8.718
1609,8.39475
1610,8.23425
1611,8.18325
1612,8.324
1613,8.595
1614,8.64925
1615,9.36
1616,9.72925
1617,9.85325
1618,9.87475
1619,9.837
1620,9.7545
1621,9.4445
1622,9.36225
1623,9.33125
1624,9.65025
1625,10.05975
1626,10.3025
1627,9.9245
1628,9.567
1629,9.6115
1630,9.63325
1631,9.183
1632,8.57
1633,8.38725
1634,8.30625
1635,8.225
1636,8.21275
1637,8.3
1638,8.243
1639,8.07825
1640,8.8555
1641,9.34625
1642,9.74275
1643,9.8905
1644,9.56675
1645,9.1765
1646,8.9925
1647,8.819
1648,9.28475
1649,9.712
1650,10.29475
1651,9.9305
1652,9.48975
1653,9.4845
1654,9.398
1655,9.074
1656,8.736
1657,8.40625
1658,8.23275
1659,8.35025
1660,8.85075
1661,10.16175
1662,10.87225
1663,11.172
1664,11.506
1665,11.4015
1666,11.3955
1667,11.05225
1668,11.01775
1669,10.99675
1670,10.89075
1671,10.83325
1672,11.102
1673,11.47
1674,11.8
1675,11.17775
1676,10.516
1677,10.30625
1678,10.10925
1679,9.34775
1680,9.02875
1681,8.72025
1682,8.562
1683,8.566
1684,8.92225
1685,10.03025
1686,10.61125
1687,10.90225
1688,11.0495
1689,10.91725
1690,10.955
1691,10.80125
1692,10.76875
1693,10.7405
1694,10.7685
1695,10.82825
1696,11.128
1697,11.33125
1698,11.3675
1699,10.9045
1700,10.27075
1701,10.272
1702,10.01675
1703,9.4435
1704,8.94025
1705,8.68175
1706,8.5385
1707,8.67475
1708,9.09475
1709,10.16125
1710,10.8185
1711,11.27825
1712,11.4965
1713,11.58825
1714,11.63625
1715,11.492
1716,11.4625
1717,11.25125
1718,11.14
1719,11.07925
1720,11.201
1721,11.327
1722,11.44575
1723,10.944
1724,10.42575
1725,10.44075
1726,10.21125
1727,9.59325
1728,9.09725
1729,8.82375
1730,8.6605
1731,8.653
1732,9.192
1733,10.24275
1734,10.88425
1735,11.2855
1736,11.668
1737,11.8355
1738,11.942
1739,11.70575
1740,11.6645
1741,11.417
1742,11.07575
1743,10.772
1744,10.9525
1745,11.22875
1746,11.584
1747,11.2145
1748,10.60925
1749,10.40225
1750,10.20375
1751,9.49825
1752,9.13125
1753,8.84225
1754,8.6335
1755,8.85875
1756,9.16225
1757,10.22775
1758,10.8075
1759,11.205
1760,11.5335
1761,11.59725
1762,11.7945
1763,11.581
1764,11.43825
1765,11.241
1766,11.15575
1767,11.0545
1768,11.148
1769,11.294
1770,11.195
1771,10.725
1772,10.092
1773,10.07475
1774,10.08425
1775,9.59975
1776,9.01925
1777,8.743
1778,8.14975
1779,8.18225
1780,8.256
1781,8.54475
1782,8.703
1783,9.3275
1784,9.82075
1785,9.9675
1786,10.129
1787,10.19225
1788,10.04025
1789,9.735
1790,9.599
1791,9.421
1792,9.63325
1793,9.90625
1794,10.246
1795,9.75575
1796,9.23325
1797,9.29375
1798,9.0665
1799,8.62325
1800,8.1875
1801,7.9625
1802,7.78675
1803,7.808
1804,7.9455
1805,8.16575
1806,8.2815
1807,8.70475
1808,8.82075
1809,9.032
1810,9.16025
1811,9.287
1812,9.082
1813,9.1245
1814,8.936
1815,9.142
1816,9.51025
1817,9.9645
1818,10.20975
1819,9.938
1820,9.57825
1821,9.4915
1822,9.4075
1823,8.92075
1824,8.65475
1825,8.385
1826,8.4465
1827,8.72375
1828,9.24475
1829,10.39475
1830,10.995
1831,11.3355
1832,11.49
1833,11.49875
1834,11.36475
1835,11.10325
1836,11.22175
1837,11.10025
1838,10.9225
1839,10.74
1840,11.0345
1841,11.40525
1842,11.79475
1843,11.443
1844,10.84
1845,10.79225
1846,10.582
1847,10.056
1848,9.58275
1849,9.2955
1850,9.2015
1851,9.28
1852,9.77175
1853,10.80725
1854,11.338
1855,11.3495
1856,11.3265
1857,10.9975
1858,10.94575
1859,10.746
1860,10.90075
1861,10.985
1862,11.0385
1863,11.0195
1864,11.23725
1865,11.38975
1866,11.584
1867,11.127
1868,10.4685
1869,10.4285
1870,10.1895
1871,9.5915
1872,9.123
1873,8.81475
1874,8.85525
1875,8.979
1876,9.5665
1877,10.5345
1878,11.1675
1879,11.51875
1880,11.5175
1881,11.439
1882,11.5745
1883,11.2375
1884,11.17625
1885,11.0295
1886,11.03725
1887,10.95625
1888,11.1185
1889,11.31075
1890,11.62375
1891,11.192
1892,10.60025
1893,10.55225
1894,10.30275
1895,9.7025
1896,9.17425
1897,8.794
1898,8.85425
1899,8.9865
1900,9.58675
1901,10.61575
1902,11.188
1903,11.31425
1904,11.2885
1905,11.09725
1906,11.0385
1907,10.85475
1908,10.72675
1909,10.55225
1910,10.5155
1911,10.4635
1912,10.6425
1913,10.907
1914,11.39475
1915,11.04275
1916,10.52475
1917,10.322
1918,10.1545
1919,9.49475
1920,9.07525
1921,8.8185
1922,8.72675
1923,8.8915
1924,9.382
1925,10.44375
1926,11.08325
1927,11.3035
1928,11.31375
1929,11.132
1930,10.77725
1931,10.52075
1932,10.3145
1933,10.07325
1934,10.0835
1935,9.96725
1936,10.145
1937,10.37725
1938,10.721
1939,10.42225
1940,9.95575
1941,10.04025
1942,9.95375
1943,9.3075
1944,8.7795
1945,8.3975
1946,8.177
1947,8.11325
1948,8.3365
1949,8.647
1950,8.91375
1951,9.54575
1952,10.043
1953,10.19
1954,10.28075
1955,10.244
1956,10.07875
1957,9.90225
1958,9.80525
1959,9.84425
1960,9.988
1961,10.1555
1962,10.37575
1963,9.94325
1964,9.4845
1965,9.41675
1966,9.338
1967,8.785
1968,8.39175
1969,8.1485
1970,8.0185
1971,8.05975
1972,8.19575
1973,8.3285
1974,8.43875
1975,8.8665
1976,9.188
1977,9.221
1978,9.33175
1979,9.26475
1980,8.8915
1981,8.6095
1982,8.4675
1983,8.47375
1984,8.80575
1985,9.4145
1986,10.08125
1987,9.91375
1988,9.689
1989,9.41275
1990,9.01525
1991,8.42
1992,7.95375
1993,7.7975
1994,7.69625
1995,7.8615
1996,8.50125
1997,9.57925
1998,10.372
1999,10.69
2000,10.904
2001,10.6695
2002,10.7115
2003,10.356
2004,10.23225
2005,10.3505
2006,10.43525
2007,10.5155
2008,10.78425
2009,11.08825
2010,11.31525
2011,10.90575
2012,10.38125
2013,10.3375
2014,10.03425
2015,9.38475
2016,8.93825
2017,8.78725
2018,8.7175
2019,8.94675
2020,9.41775
2021,10.38325
2022,11
2023,11.27275
2024,11.3535
2025,11.32125
2026,11.4365
2027,11.04
2028,11.041
2029,10.8875
2030,10.89675
2031,10.9145
2032,10.973
2033,11.19225
2034,11.38875
2035,11.067
2036,10.4785
2037,10.35825
2038,10.13825
2039,9.53925
2040,9.04025
2041,8.783
2042,8.75075
2043,8.89475
2044,9.40575
2045,10.34475
2046,10.94275
2047,11.204
2048,11.235
2049,10.94325
2050,11.1315
2051,11.095
2052,11.0525
2053,10.91225
2054,10.954
2055,10.91925
2056,11.09125
2057,11.228
2058,11.41625
2059,11.0565
2060,10.45475
2061,10.36825
2062,10.13975
2063,9.48575
2064,8.93025
2065,8.6225
2066,8.622
2067,8.7425
2068,9.32675
2069,10.35075
2070,11.08475
2071,11.4715
2072,11.708
2073,11.586
2074,11.65325
2075,11.335
2076,11.2825
2077,11.0615
2078,10.98
2079,10.895
2080,11.0475
2081,11.0995
2082,11.393
2083,11.235
2084,10.68625
2085,10.502
2086,10.2395
2087,9.5885
2088,9.0345
2089,8.74775
2090,8.761
2091,8.96875
2092,9.5805
2093,10.56125
2094,11.05625
2095,11.13
2096,11.1045
2097,10.82
2098,10.802
2099,10.5475
2100,10.398
2101,10.22525
2102,10.095
2103,10.00025
2104,10.2275
2105,10.33475
2106,10.6315
2107,10.53625
2108,10.04925
2109,9.942
2110,9.699
2111,9.02575
2112,8.55725
2113,8.251
2114,8.20975
2115,8.124
2116,8.31675
2117,8.466
2118,8.7535
2119,9.3
2120,9.54275
2121,9.52075
2122,9.43825
2123,9.32075
2124,9.13825
2125,8.93775
2126,8.8785
2127,8.941
2128,9.25125
2129,9.5125
2130,9.928
2131,9.818
2132,9.28825
2133,9.0585
2134,9.0125
2135,8.56375
2136,8.06575
2137,7.62525
2138,7.507
2139,7.52575
2140,7.92875
2141,7.81625
2142,8.0345
2143,8.49125
2144,8.73625
2145,8.816
2146,8.84575
2147,8.49475
2148,8.19
2149,8.05225
2150,7.969
2151,8.36525
2152,8.736
2153,9.0385
2154,9.393
2155,9.24675
2156,9.138
2157,8.8205
2158,8.303
2159,7.949
2160,7.7135
2161,7.72175
2162,8.01925
2163,8.6685
2164,9.90225
2165,10.62
2166,10.97
2167,11.1935
2168,10.98725
2169,10.80875
2170,10.41375
2171,10.3425
2172,10.236
2173,10.20475
2174,10.1555
2175,10.30375
2176,10.421
2177,10.38525
2178,10.44675
2179,10.06225
2180,9.801
2181,9.599
2182,8.9105
2183,8.3375
2184,8.04225
2185,8.058
2186,8.1905
2187,8.414
2188,9.6225
2189,10.55225
2190,10.74575
2191,11.0895
2192,11.10825
2193,11.23025
2194,10.80775
2195,10.56625
2196,10.2985
2197,10.13775
2198,10.06525
2199,10.585
2200,10.92725
2201,10.6205
2202,10.7045
2203,10.33725
2204,10.02175
2205,10.04925
2206,9.283
2207,8.856
2208,8.5625
2209,8.475
2210,8.66925
2211,9.22075
2212,10.37675
2213,10.97725
2214,11.315
2215,11.38175
2216,11.41025
2217,11.33075
2218,11.02175
2219,10.8895
2220,10.79225
2221,10.70125
2222,10.71625
2223,10.8475
2224,10.919
2225,10.8195
2226,10.9155
2227,10.681
2228,10.4715
2229,10.29925
2230,9.549
2231,9.0075
2232,8.7585
2233,8.63875
2234,8.79375
2235,9.29675
2236,10.4075
2237,11.1355
2238,11.3695
2239,11.527
2240,11.309
2241,11.192
2242,10.855
2243,10.928
2244,10.8775
2245,10.8105
2246,10.6725
2247,10.72725
2248,10.77875
2249,10.5015
2250,10.69275
2251,10.45275
2252,10.24
2253,10.01575
2254,9.4685
2255,9.029
2256,8.79675
2257,8.761
2258,8.99175
2259,9.60425
2260,10.5725
2261,11.20125
2262,11.34725
2263,11.3555
2264,11.1125
2265,10.9185
2266,10.52175
2267,10.374
2268,10.25175
2269,10.1
2270,10.20675
2271,10.32325
2272,10.36325
2273,10.28025
2274,10.26675
2275,9.9135
2276,9.93
2277,9.8275
2278,9.19125
2279,8.69525
2280,8.42925
2281,8.26875
2282,8.15925
2283,8.2925
2284,8.60675
2285,8.844
2286,9.425
2287,9.88
2288,9.94225
2289,9.8465
2290,9.69775
2291,9.597
2292,9.25175
2293,8.9625
2294,8.9825
2295,9.2445
2296,9.39825
2297,9.4365
2298,9.5615
2299,9.40675
2300,9.38025
2301,9.1625
2302,8.63125
2303,8.172
2304,7.954
2305,7.67425
2306,7.66
2307,7.751
2308,8.11525
2309,8.1395
2310,8.61925
2311,8.89525
2312,9.15525
2313,9.14375
2314,9.09275
2315,8.67775
2316,8.44225
2317,8.20825
2318,8.1735
2319,8.54925
2320,8.97275
2321,9.22925
2322,9.449
2323,9.38675
2324,9.29175
2325,9.0285
2326,8.53375
2327,8.17075
2328,8.0365
2329,7.97325
2330,8.11075
2331,8.7315
2332,9.68575
2333,10.24525
2334,11.0055
2335,11.37375
2336,11.53875
2337,11.718
2338,11.54625
2339,11.328
2340,11.16075
2341,11.06725
2342,10.95825
2343,10.92075
2344,10.974
2345,10.78275
2346,10.776
2347,10.5145
2348,10.353
2349,10.1455
2350,9.508
2351,8.95725
2352,8.6315
2353,8.48575
2354,8.55125
2355,9.02125
2356,9.9395
2357,10.55875
2358,11.01
2359,11.41175
2360,11.631
2361,11.69575
2362,11.51925
2363,11.45825
2364,11.25775
2365,11.11325
2366,10.95475
2367,10.999
2368,11.0335
2369,10.78275
2370,10.56575
2371,10.28425
2372,10.116
2373,9.889
2374,9.12025
2375,8.57875
2376,8.25675
2377,8.17125
2378,8.373
2379,8.87675
2380,9.7295
2381,10.246
2382,10.6575
2383,10.811
2384,10.5765
2385,10.56625
2386,10.24025
2387,10.31075
2388,10.14725
2389,10.00625
2390,9.829
2391,9.91225
2392,9.9155
2393,9.83725
2394,9.867
2395,9.81125
2396,9.8385
2397,9.69525
2398,9.04425
2399,8.51075
2400,8.306
2401,8.28225
2402,8.416
2403,8.911
2404,9.938
2405,10.52175
2406,11.034
2407,11.013
2408,10.9585
2409,10.85725
2410,10.4955
2411,10.396
2412,10.14425
2413,10.05225
2414,9.91725
2415,10.032
2416,10.274
2417,10.124
2418,10.23875
2419,10.1825
2420,10.124
2421,10.0115
2422,9.42525
2423,8.91875
2424,8.56625
2425,8.50975
2426,8.63325
2427,9.27275
2428,10.14275
2429,10.69425
2430,11.2825
2431,11.4095
2432,11.17675
2433,11.26675
2434,11.155
2435,11.08025
2436,10.8055
2437,10.79125
2438,10.63175
2439,10.67775
2440,10.63375
2441,10.36175
2442,10.37475
2443,10.352
2444,10.33825
2445,10.26575
2446,9.4755
2447,9.0455
2448,8.7015
2449,8.486
2450,8.518
2451,8.6475
2452,9.01175
2453,9.07325
2454,9.53725
2455,9.89375
2456,9.82225
2457,9.9165
2458,9.7105
2459,9.39625
2460,9.28025
2461,9.29775
2462,9.10375
2463,9.257
2464,9.1785
2465,9.26175
2466,9.4935
2467,9.6045
2468,9.689
2469,9.50175
2470,9.04825
2471,8.598
2472,8.32075
2473,8.19625
2474,8.2295
2475,8.305
2476,8.4925
2477,8.53675
2478,8.95525
2479,9.386
2480,9.65725
2481,9.79525
2482,9.7895
2483,9.51825
2484,9.18925
2485,8.9625
2486,8.84175
2487,9.04775
2488,9.3975
2489,9.38075
2490,9.317
2491,9.50125
2492,9.559
2493,9.3345
2494,8.96275
2495,8.51325
2496,8.22125
2497,8.15775
2498,8.35875
2499,8.9375
2500,9.81225
2501,10.41875
2502,10.91575
2503,11.10175
2504,10.85325
2505,10.74625
2506,10.52875
2507,10.3725
2508,10.26975
2509,10.11
2510,9.83325
2511,10.0185
2512,10.12875
2513,10.18425
2514,9.921
2515,9.796
2516,9.71675
2517,9.463
2518,8.92
2519,8.498
2520,8.16325
2521,8.0435
2522,8.1265
2523,8.57925
2524,9.51025
2525,10.0775
2526,10.57825
2527,10.70125
2528,10.69275
2529,10.74025
2530,10.456
2531,10.324
2532,10.33975
2533,10.46075
2534,10.2945
2535,10.42025
2536,10.4635
2537,10.4655
2538,10.421
2539,10.37525
2540,10.31625
2541,10.051
2542,9.383
2543,8.86325
2544,8.48825
2545,8.41825
2546,8.44275
2547,8.88475
2548,9.65675
2549,10.2475
2550,10.827
2551,11.1005
2552,11.0815
2553,11.1895
2554,10.97475
2555,10.85875
2556,10.6575
2557,10.66575
2558,10.6005
2559,10.65575
2560,10.6545
2561,10.3505
2562,10.1985
2563,10.16075
2564,10.1015
2565,9.6395
2566,8.8735
2567,8.509
2568,8.20975
2569,8.1465
2570,8.2195
2571,8.70975
2572,9.48825
2573,10.02625
2574,10.3865
2575,10.57625
2576,10.49925
2577,10.50675
2578,10.2395
2579,9.90175
2580,9.562
2581,9.57375
2582,9.49325
2583,9.66875
2584,9.81
2585,9.82225
2586,9.8315
2587,9.846
2588,9.63125
2589,9.2095
2590,8.48375
2591,8.02475
2592,7.853
2593,7.7535
2594,7.9415
2595,8.216
2596,9.07775
2597,9.629
2598,10.10325
2599,10.305
2600,10.385
2601,10.43525
2602,10.0965
2603,9.822
2604,9.655
2605,9.66625
2606,9.62725
2607,9.64875
2608,9.6295
2609,9.53475
2610,9.30775
2611,9.20725
2612,9.113
2613,8.76925
2614,8.17575
2615,7.877
2616,7.6245
2617,7.57525
2618,7.53225
2619,7.7025
2620,7.83775
2621,8.0345
2622,8.54225
2623,8.9535
2624,9.0915
2625,9.1555
2626,9.04325
2627,8.74175
2628,8.532
2629,8.506
2630,8.38575
2631,8.48025
2632,8.5905
2633,8.62825
2634,8.52475
2635,8.681
2636,8.30125
2637,7.994
2638,7.617
2639,7.23
2640,6.94475
2641,6.98525
2642,7.03575
2643,7.2565
2644,7.35675
2645,7.641
2646,8.08425
2647,8.47975
2648,8.5845
2649,8.493
2650,8.33475
2651,8.076
2652,7.8435
2653,7.83675
2654,7.77025
2655,8.0105
2656,8.29775
2657,8.48475
2658,8.551
2659,8.658
2660,8.398
2661,7.9335
2662,7.5375
2663,7.30475
2664,7.14675
2665,6.97125
2666,6.9825
2667,7.03425
2668,7.30675
2669,7.3835
2670,7.73075
2671,8.25825
2672,8.441
2673,8.55675
2674,8.4175
2675,8.02575
2676,7.81725
2677,7.64825
2678,7.7135
2679,8.12025
2680,8.405
2681,8.502
2682,8.6385
2683,8.6915
2684,8.3725
2685,7.918
2686,7.4675
2687,7.1705
2688,6.97175
2689,6.95925
2690,7.0095
2691,7.69225
2692,8.64525
2693,9.68875
2694,10.1895
2695,10.4835
2696,10.44425
2697,10.45225
2698,10.2175
2699,10.21
2700,10.00125
2701,9.9625
2702,9.92525
2703,10.10675
2704,10.32275
2705,10.21025
2706,9.9025
2707,9.83425
2708,9.52475
2709,9.04175
2710,8.392
2711,7.91525
2712,7.69125
2713,7.54575
2714,7.557
2715,8.0115
2716,8.71975
2717,9.49975
2718,9.91225
2719,9.96425
2720,9.9295
2721,9.754
2722,9.468
2723,9.4905
2724,9.5545
2725,9.66125
2726,9.6845
2727,10.25
2728,9.959
2729,10.07775
2730,9.767
2731,9.5305
2732,9.302
2733,8.764
2734,8.142
2735,7.8045
2736,7.62575
2737,7.33875
2738,7.42975
2739,7.73625
2740,8.4915
2741,9.36
2742,9.88825
2743,10.135
2744,9.98725
2745,9.99825
2746,9.98825
2747,10.1405
2748,10.28275
2749,10.25475
2750,10.25375
2751,10.175
2752,10.2635
2753,10.1515
2754,10.054
2755,9.93975
2756,9.84175
2757,9.335
2758,8.80125
2759,8.35425
2760,8.233
2761,8.12575
2762,8.13925
2763,8.58175
2764,9.50825
2765,10.19375
2766,10.6765
2767,10.8925
2768,10.77625
2769,10.71125
2770,10.36775
2771,10.32025
2772,10.38975
2773,9.954
2774,9.772
2775,10.02625
2776,10.1305
2777,9.88525
2778,9.4975
2779,9.472
2780,9.39475
2781,9.0935
2782,8.41175
2783,7.953
2784,7.59025
2785,7.482
2786,7.4055
2787,7.387
2788,7.5295
2789,7.95425
2790,8.584
2791,9.03175
2792,9.10175
2793,9.1205
2794,9.04375
2795,8.57725
2796,8.45875
2797,8.37475
2798,8.31725
2799,8.62525
2800,8.8255
2801,8.9375
2802,8.5435
2803,8.624
2804,8.66725
2805,8.32725
2806,7.881
2807,7.59375
2808,7.389
2809,7.224
2810,7.24525
2811,7.3445
2812,7.475
2813,7.826
2814,8.3495
2815,8.92175
2816,9.265
2817,9.5395
2818,9.606
2819,9.286
2820,8.967
2821,8.844
2822,8.8
2823,8.92525
2824,9.13575
2825,9.28325
2826,9.30975
2827,9.4295
2828,9.275
2829,9.052
2830,8.4935
2831,8.13275
2832,8.011
2833,7.88725
2834,8.069
2835,8.54225
2836,9.5735
2837,10.48425
2838,10.80475
2839,10.925
2840,10.7725
2841,10.82425
2842,10.52475
2843,10.47375
2844,10.35275
2845,10.2435
2846,10.13575
2847,10.17975
2848,10.2775
2849,10.07975
2850,9.82
2851,9.87775
2852,9.7985
2853,9.362
2854,8.775
2855,8.348
2856,8.121
2857,8.03825
2858,8.1065
2859,8.54225
2860,9.4335
2861,10.34975
2862,10.79875
2863,11.0085
2864,11.0375
2865,11.05825
2866,10.702
2867,10.53625
2868,10.31925
2869,10.12325
2870,9.99075
2871,10.10425
2872,10.081
2873,9.85525
2874,9.7285
2875,9.76625
2876,9.749
2877,9.498
2878,8.864
2879,8.3865
2880,8.10175
2881,7.97475
2882,7.91275
2883,7.965
2884,7.95325
2885,8.10925
2886,8.40275
2887,8.714
2888,8.8825
2889,9.1045
2890,8.923
2891,8.511
2892,8.234
2893,8.086
2894,8.0365
2895,8.33975
2896,8.758
2897,8.891
2898,8.827
2899,9.0495
2900,9.2405
2901,8.98775
2902,8.3875
2903,7.94625
2904,7.672
2905,7.639
2906,7.77675
2907,8.32325
2908,9.24775
2909,10.07175
2910,10.571
2911,10.74025
2912,10.65675
2913,10.8515
2914,10.7735
2915,10.7535
2916,10.74225
2917,10.642
2918,10.49075
2919,10.62225
2920,10.63825
2921,10.421
2922,10.0075
2923,9.8665
2924,9.82225
2925,9.50675
2926,8.90625
2927,8.45525
2928,8.222
2929,8.155
2930,8.2345
2931,8.71925
2932,9.5045
2933,10.424
2934,10.8175
2935,11.10425
2936,11.013
2937,11.12525
2938,10.913
2939,10.86375
2940,10.7025
2941,10.54125
2942,10.412
2943,10.4185
2944,10.39875
2945,10.1845
2946,9.987
2947,9.8255
2948,9.74775
2949,9.55325
2950,8.84225
2951,8.32275
2952,7.97425
2953,7.8075
2954,8.00475
2955,8.19125
2956,8.1255
2957,8.38575
2958,8.93125
2959,9.216
2960,9.34475
2961,9.329
2962,9.15125
2963,8.8095
2964,8.515
2965,8.345
2966,8.1535
2967,8.42075
2968,8.70325
2969,8.83575
2970,8.81825
2971,8.85825
2972,8.912
2973,8.922
2974,8.34575
2975,7.971
2976,7.54
2977,7.5145
2978,7.52575
2979,7.55725
2980,7.56075
2981,7.86375
2982,8.25275
2983,8.76275
2984,8.78425
2985,9.2465
2986,9.07575
2987,8.71875
2988,8.41075
2989,8.22675
2990,8.2185
2991,8.52575
2992,8.81325
2993,8.9815
2994,9.083
2995,9.2285
2996,9.402
2997,9.158
2998,8.65975
2999,8.255
3000,8.03325
3001,7.83275
3002,7.9085
3003,8.317
3004,9.36425
3005,10.3525
3006,10.8295
3007,11.13925
3008,11.197
3009,11.072
3010,10.8585
3011,10.8195
3012,10.87125
3013,10.784
3014,10.76075
3015,11.01475
3016,11.06175
3017,10.6975
3018,10.50125
3019,10.237
3020,10.23525
3021,9.956
3022,9.36175
3023,8.8345
3024,8.53025
3025,8.4345
3026,8.63125
3027,9.02975
3028,9.80975
3029,10.5865
3030,10.88075
3031,10.9065
3032,10.718
3033,10.82875
3034,10.65625
3035,10.63825
3036,10.596
3037,10.503
3038,10.365
3039,10.55
3040,10.6405
3041,10.41575
3042,10.261
3043,10.098
3044,10.05825
3045,9.624
3046,8.983
3047,8.562
3048,8.2045
3049,8.17225
3050,8.1595
3051,8.4635
3052,9.282
3053,10.30475
3054,10.65225
3055,10.7925
3056,10.92575
3057,11.1695
3058,10.93925
3059,10.89875
3060,10.6405
3061,10.319
3062,10.344
3063,10.5055
3064,10.56025
3065,10.31075
3066,10.04075
3067,9.85025
3068,9.9335
3069,9.64075
3070,9.08275
3071,8.62775
3072,8.113
3073,8.05975
3074,8.21425
3075,8.56625
3076,9.401
3077,10.159
3078,10.60675
3079,10.73925
3080,10.76575
3081,10.92875
3082,10.71825
3083,10.6955
3084,10.49625
3085,10.2625
3086,10.235
3087,10.52725
3088,10.4835
3089,10.31625
3090,9.94025
3091,9.68325
3092,9.67375
3093,9.39325
3094,8.80475
3095,8.381
3096,8.20725
3097,8.19975
3098,8.33375
3099,8.72575
3100,9.5965
3101,10.443
3102,10.80275
3103,10.9785
3104,10.82875
3105,10.881
3106,10.57475
3107,10.3815
3108,10.21725
3109,10.18125
3110,10.119
3111,10.276
3112,10.2065
3113,10.12775
3114,9.94875
3115,9.7915
3116,9.824
3117,9.55
3118,8.892
3119,8.34825
3120,8.02925
3121,7.958
3122,7.8915
3123,7.89025
3124,8.03475
3125,8.39525
3126,8.93675
3127,9.4035
3128,9.36025
3129,9.3225
3130,9.20975
3131,8.89525
3132,8.60075
3133,8.499
3134,8.5355
3135,8.57325
3136,8.777
3137,8.8275
3138,8.86975
3139,8.977
3140,9.097
3141,8.961
3142,8.5005
3143,8.0915
3144,7.79575
3145,7.6245
3146,7.63325
3147,7.67275
3148,7.79025
3149,7.99375
3150,8.31125
3151,8.67625
3152,8.8405
3153,8.984
3154,8.93625
3155,8.705
3156,8.44675
3157,8.19375
3158,8.16975
3159,8.374
3160,8.66925
3161,8.80775
3162,8.94075
3163,9.06225
3164,9.19525
3165,8.925
3166,8.3435
3167,7.9295
3168,7.73325
3169,7.73525
3170,7.91675
3171,8.3235
3172,9.3405
3173,10.32175
3174,10.5375
3175,10.65425
3176,10.5855
3177,10.53575
3178,10.2605
3179,10.28275
3180,10.0935
3181,10.0435
3182,10.03275
3183,10.19275
3184,10.27425
3185,10.1655
3186,10.05975
3187,9.81825
3188,9.80775
3189,9.4045
3190,8.7825
3191,8.32375
3192,8.16075
3193,8.031
3194,8.14475
3195,8.4195
3196,9.33975
3197,10.11325
3198,10.36675
3199,10.478
3200,10.4195
3201,10.417
3202,10.04925
3203,10.024
3204,9.95225
3205,9.878
3206,9.83575
3207,10.02
3208,10.136
3209,10.074
3210,9.98575
3211,9.90575
3212,9.98475
3213,9.6145
3214,8.8745
3215,8.40025
3216,8.14225
3217,8.0455
3218,8.23975
3219,8.637
3220,9.35725
3221,10.2235
3222,10.63075
3223,10.7155
3224,10.53725
3225,10.48175
3226,10.2705
3227,10.1395
3228,10.003
3229,9.86825
3230,9.67925
3231,9.92875
3232,10.0105
3233,9.871
3234,9.83425
3235,9.707
3236,9.57175
3237,9.322
3238,8.708
3239,8.293
3240,8.0925
3241,7.84425
3242,7.90925
3243,8.30125
3244,9.14175
3245,10.0365
3246,10.37
3247,10.45075
3248,10.31675
3249,10.341
3250,10.123
3251,10.05975
3252,9.8565
3253,9.83225
3254,9.89575
3255,10.0755
3256,10.03375
3257,10.085
3258,9.932
3259,9.74525
3260,9.74275
3261,9.588
3262,8.847
3263,8.44025
3264,8.132
3265,8.004
3266,7.9705
3267,8.33375
3268,9.2025
3269,10.17575
3270,10.596
3271,10.90325
3272,10.92125
3273,11.12225
3274,10.9415
3275,10.88875
3276,10.72875
3277,10.54775
3278,10.4815
3279,10.5805
3280,10.5545
3281,10.272
3282,10.06
3283,9.84825
3284,9.828
3285,9.544
3286,8.89175
3287,8.4475
3288,8.07825
3289,7.91575
3290,7.76
3291,7.8495
3292,7.99175
3293,8.37125
3294,8.895
3295,9.3145
3296,9.459
3297,9.47575
3298,9.3445
3299,9.13
3300,9.0155
3301,9.00975
3302,8.86275
3303,8.942
3304,9.12875
3305,9.1395
3306,8.95675
3307,8.9355
3308,9.0675
3309,8.73575
3310,8.21275
3311,7.84375
3312,7.52325
3313,7.4145
3314,7.341
3315,7.26875
3316,7.29325
3317,7.6255
3318,8.10075
3319,8.6375
3320,8.97925
3321,9.1815
3322,9.1485
3323,8.93925
3324,8.367
3325,8.09325
3326,8.11975
3327,8.4485
3328,8.5545
3329,8.8535
3330,8.9775
3331,8.88
3332,8.895
3333,8.63025
3334,8.109
3335,7.6935
3336,7.49775
3337,7.43275
3338,7.5555
3339,8.09
3340,9.01875
3341,10.02025
3342,10.5995
3343,10.93375
3344,11.015
3345,11.135
3346,10.99425
3347,10.99825
3348,10.899
3349,10.7825
3350,10.62975
3351,10.77125
3352,10.8235
3353,10.52875
3354,10.014
3355,9.73875
3356,9.5815
3357,9.249
3358,8.49975
3359,8.09875
3360,7.8705
3361,7.75725
3362,7.80925
3363,8.17675
3364,9.0305
3365,10.00125
3366,10.51825
3367,10.76225
3368,10.73025
3369,10.696
3370,10.30875
3371,10.21325
3372,9.98775
3373,9.93625
3374,9.92275
3375,10.146
3376,10.204
3377,10.022
3378,9.69975
3379,9.51675
3380,9.66575
3381,9.35275
3382,8.8215
3383,8.39375
3384,8.129
3385,8.05175
3386,8.0625
3387,8.394
3388,9.23375
3389,10.14125
3390,10.565
3391,10.63575
3392,10.49825
3393,10.655
3394,10.44625
3395,10.48975
3396,10.32025
3397,10.19975
3398,10.2195
3399,10.29125
3400,10.3445
3401,10.1795
3402,9.80925
3403,9.57
3404,9.704
3405,9.3485
3406,8.653
3407,8.1865
3408,7.9185
3409,7.835
3410,7.906
3411,8.13025
3412,8.96275
3413,9.83925
3414,10.3045
3415,10.4825
3416,10.4815
3417,10.4405
3418,10.20725
3419,10.17475
3420,10.15525
3421,10.12975
3422,10.18
3423,10.36075
3424,10.435
3425,10.20025
3426,9.955
3427,9.81775
3428,9.84625
3429,9.431
3430,8.67825
3431,8.34
3432,8.05325
3433,7.96
3434,7.979
3435,8.284
3436,8.94975
3437,9.879
3438,10.3055
3439,10.57875
3440,10.52975
3441,10.5805
3442,10.30675
3443,10.2555
3444,10.0955
3445,9.90075
3446,9.88075
3447,9.90725
3448,9.882
3449,9.68575
3450,9.515
3451,9.37625
3452,9.669
3453,9.339
3454,8.59975
3455,8.217
3456,7.959
3457,7.7725
3458,7.656
3459,7.7105
3460,7.75225
3461,8.1725
3462,8.64425
3463,9.151
3464,9.4825
3465,9.63275
3466,9.61925
3467,9.33475
3468,8.93425
3469,8.8295
3470,8.71225
3471,8.8855
3472,8.9795
3473,8.907
3474,8.823
3475,8.71025
3476,8.93175
3477,8.61175
3478,8.0255
3479,7.6775
3480,7.476
3481,7.24675
3482,7.17325
3483,7.01025
3484,7.17725
3485,7.54825
3486,7.756
3487,8.1115
3488,8.138
3489,8.127
3490,8.1475
3491,8.02875
3492,8.08825
3493,7.94975
3494,7.789
3495,8.0355
3496,8.2925
3497,8.538
3498,8.49475
3499,8.62425
3500,8.742
3501,8.26875
3502,7.98875
3503,7.69825
3504,7.47825
3505,7.53575
3506,7.5685
3507,7.9645
3508,8.79475
3509,9.716
3510,10.1325
3511,10.35925
3512,10.4135
3513,10.44375
3514,10.20875
3515,10.1725
3516,10.059
3517,9.98925
3518,9.95475
3519,10.03675
3520,10.1185
3521,9.97625
3522,9.7135
3523,9.38475
3524,9.53825
3525,9.127
3526,8.602
3527,8.21575
3528,7.81025
3529,7.86625
3530,7.8795
3531,8.172
3532,8.9555
3533,9.92375
3534,10.446
3535,10.736
3536,10.61225
3537,10.85025
3538,10.64525
3539,10.4795
3540,10.35225
3541,10.3395
3542,10.183
3543,10.26725
3544,10.42425
3545,10.27
3546,9.8405
3547,9.54875
3548,9.60275
3549,9.252
3550,8.555
3551,8.23075
3552,7.94525
3553,7.97025
3554,8.027
3555,8.34475
3556,9.13725
3557,9.916
3558,10.42825
3559,10.685
3560,10.59725
3561,10.6335
3562,10.3885
3563,10.3065
3564,10.31025
3565,10.24425
3566,9.97075
3567,10.18675
3568,10.1395
3569,9.96475
3570,9.701
3571,9.52375
3572,9.51275
3573,9.056
3574,8.40075
3575,7.95
3576,7.62175
3577,7.49525
3578,7.3265
3579,7.277
3580,7.341
3581,7.602
3582,8.026
3583,8.512
3584,8.665
3585,8.76825
3586,8.8965
3587,8.53225
3588,8.2485
3589,7.88125
3590,7.88475
3591,8.08075
3592,8.31675
3593,8.432
3594,8.439
3595,8.41125
3596,8.6715
3597,8.41225
3598,7.834
3599,7.473
3600,7.239
3601,7.12575
3602,7.18075
3603,7.321
3604,7.7855
3605,8.3935
3606,8.828
3607,9.05725
3608,9.12425
3609,9.285
3610,9.39275
3611,9.298
3612,9.03275
3613,8.88275
3614,9.05
3615,9.097
3616,9.04
3617,9.0815
3618,8.7765
3619,8.678
3620,8.7875
3621,8.59175
3622,8.09275
3623,7.67975
3624,7.42125
3625,7.26325
3626,7.12675
3627,7.056
3628,7.21925
3629,7.5955
3630,8.28125
3631,8.638
3632,8.7805
3633,8.90025
3634,8.80975
3635,8.59075
3636,8.423
3637,8.35875
3638,8.398
3639,8.648
3640,8.73975
3641,8.68725
3642,8.59425
3643,8.48375
3644,8.60625
3645,8.34775
3646,7.847
3647,7.36375
3648,7.00675
3649,6.90575
3650,6.94525
3651,6.758
3652,6.84175
3653,7.222
3654,7.71725
3655,7.9885
3656,8.1795
3657,8.36425
3658,8.0245
3659,7.84975
3660,7.59175
3661,7.32775
3662,7.6335
3663,7.879
3664,8.3485
3665,8.5845
3666,8.76525
3667,8.6495
3668,8.938
3669,8.39025
3670,7.89425
3671,7.6505
3672,7.44875
3673,7.406
3674,7.4065
3675,7.69725
3676,8.5105
3677,9.53375
3678,10.0775
3679,10.38275
3680,10.53675
3681,10.62425
3682,10.533
3683,10.5065
3684,10.469
3685,10.44825
3686,10.26875
3687,10.3315
3688,10.3105
3689,10.05825
3690,9.8415
3691,9.5775
3692,9.599
3693,9.13975
3694,8.42625
3695,8.21375
3696,7.9365
3697,7.89775
3698,7.99125
3699,8.16275
3700,8.936
3701,9.7155
3702,10.08675
3703,10.31125
3704,10.42825
3705,10.5335
3706,10.24825
3707,10.03775
3708,10.0385
3709,10.0625
3710,9.981
3711,10.0375
3712,10.3465
3713,10.1655
3714,9.902
3715,9.169
3716,9.15425
3717,8.62225
3718,8.2755
3719,8.073
3720,7.83675
3721,7.7355
3722,7.77225
3723,7.7785
3724,8.69525
3725,9.7105
3726,10.369
3727,10.813
3728,10.7955
3729,10.89075
3730,10.62375
3731,10.7065
3732,10.428
3733,10.327
3734,10.2465
3735,10.4565
3736,10.38275
3737,9.928
3738,9.50675
3739,9.099
3740,9.23675
3741,8.99025
3742,8.678
3743,8.17325
3744,7.82525
3745,7.9665
3746,7.833
3747,8.06625
3748,8.8905
3749,9.703
3750,10.20375
3751,10.42925
3752,10.40125
3753,10.4625
3754,10.39675
3755,10.40825
3756,10.319
3757,10.19025
3758,10.21675
3759,10.461
3760,10.4385
3761,10.07275
3762,9.8
3763,9.533
3764,9.62525
3765,9.344
3766,8.7015
3767,8.321
3768,8.00775
3769,7.87525
3770,8.06425
3771,8.2465
3772,8.85425
3773,9.756
3774,10.1515
3775,10.42975
3776,10.269
3777,10.22325
3778,10.29075
3779,10.62275
3780,10.09175
3781,9.99125
3782,9.9635
3783,9.9535
3784,9.4905
3785,9.41125
3786,9.22325
3787,8.761
3788,8.94625
3789,8.43975
3790,8.064
3791,7.6465
3792,7.44175
3793,7.242
3794,7.09275
3795,7.01875
3796,7.18575
3797,7.651
3798,8.17675
3799,8.5705
3800,8.87375
3801,9.1075
3802,9.00325
3803,8.71975
3804,8.444
3805,8.24275
3806,8.32925
3807,8.5095
3808,8.575
3809,8.57975
3810,8.57075
3811,8.45425
3812,8.65125
3813,8.435
3814,7.92025
3815,7.60075
3816,7.39775
3817,7.23875
3818,7.2185
3819,7.0775
3820,7.25975
3821,7.5485
3822,7.88225
3823,8.121
3824,8.3385
3825,8.476
3826,8.61575
3827,8.5165
3828,8.3065
3829,8.33925
3830,8.36775
3831,8.5555
3832,8.76375
3833,8.6935
3834,8.5195
3835,8.39475
3836,8.5835
3837,8.28625
3838,7.82225
3839,7.54325
3840,7.206
3841,7.183
3842,7.06625
3843,6.996
3844,7.139
3845,7.427
3846,7.824
3847,8.29275
3848,8.54725
3849,8.70425
3850,8.93175
3851,8.59275
3852,8.26675
3853,8.31275
3854,8.5665
3855,9.01825
3856,9.23125
3857,8.9525
3858,8.8065
3859,8.54675
3860,8.665
3861,8.23825
3862,7.7125
3863,7.50475
3864,7.3755
3865,7.258
3866,7.35325
3867,7.6665
3868,8.53425
3869,9.57625
3870,10.0885
3871,10.307
3872,10.2995
3873,10.458
3874,10.35025
3875,10.27425
3876,10.38375
3877,10.2615
3878,10.2205
3879,10.45825
3880,10.49925
3881,10.26925
3882,9.86875
3883,9.54175
3884,9.62175
3885,9.16775
3886,8.604
3887,8.22475
3888,7.95775
3889,7.9305
3890,7.90525
3891,8.1765
3892,8.989
3893,10.1325
3894,10.79675
3895,11.1585
3896,11.17975
3897,11.34775
3898,11.26375
3899,11.031
3900,10.64025
3901,10.28075
3902,10.25925
3903,10.4475
3904,10.45275
3905,10.16175
3906,9.935
3907,9.517
3908,9.56575
3909,9.17675
3910,8.37875
3911,8.086
3912,7.9215
3913,7.64175
3914,7.7935
3915,7.9955
3916,8.79275
3917,9.639
3918,9.94875
3919,10.1445
3920,10.20275
3921,10.30725
3922,10.28425
3923,10.29625
3924,10.099
3925,10.108
3926,10.317
3927,10.4115
3928,10.47275
3929,10.10225
3930,9.7715
3931,9.4485
3932,9.84275
3933,9.33075
3934,8.74425
3935,8.342
3936,8.17325
3937,8.158
3938,8.014
3939,8.41775
3940,9.27075
3941,10.18075
3942,10.68475
3943,10.7375
3944,10.70175
3945,10.656
3946,10.4645
3947,10.30525
3948,10.04225
3949,9.9655
3950,9.84125
3951,10.0015
3952,9.961
3953,9.7215
3954,9.51025
3955,9.151
3956,9.318
3957,9.10875
3958,8.48675
3959,8.10075
3960,7.8395
3961,7.691
3962,7.4505
3963,7.40025
3964,7.67625
3965,8.25175
3966,8.7375
3967,9.2115
3968,9.403
3969,9.449
3970,9.3105
3971,9.06125
3972,8.8065
3973,8.75075
3974,8.636
3975,8.767
3976,8.95875
3977,8.9385
3978,8.67375
3979,8.56475
3980,8.7605
3981,8.5905
3982,8.03
3983,7.63425
3984,7.34425
3985,7.14875
3986,7.174
3987,7.0585
3988,7.177
3989,7.43
3990,7.87375
3991,8.28425
3992,8.633
3993,8.88375
3994,8.824
3995,8.52525
3996,8.254
3997,8.07425
3998,8.1425
3999,8.3935
4000,8.80725
4001,8.78475
4002,8.68025
4003,8.637
4004,8.80525
4005,8.4695
4006,7.91325
4007,7.61525
4008,7.3525
4009,7.32825
4010,7.339
4011,7.546
4012,8.411
4013,9.32075
4014,9.856
4015,10.1645
4016,10.17975
4017,10.31325
4018,10.17325
4019,10.16875
4020,10.1015
4021,10.07075
4022,10.0715
4023,10.204
4024,10.1805
4025,9.96025
4026,9.71775
4027,9.4045
4028,9.50975
4029,9.12125
4030,8.585
4031,8.26375
4032,8.064
4033,7.97925
4034,8.003
4035,8.14425
4036,8.832
4037,9.702
4038,10.15525
4039,10.40525
4040,10.451
4041,10.52975
4042,10.421
4043,10.48925
4044,10.36875
4045,10.3215
4046,10.30225
4047,10.49425
4048,10.5075
4049,10.25775
4050,9.94825
4051,9.4755
4052,9.73225
4053,9.26625
4054,8.613
4055,8.22175
4056,8.06025
4057,8.05075
4058,8.03675
4059,8.23875
4060,8.8015
4061,9.64525
4062,10.32625
4063,10.64625
4064,10.885
4065,11.288
4066,11.062
4067,10.96675
4068,10.663
4069,10.792
4070,10.619
4071,10.752
4072,10.52
4073,10.34075
4074,10.006
4075,9.59625
4076,9.60225
4077,9.16225
4078,8.59925
4079,8.3085
4080,8.00375
4081,7.85625
4082,7.87525
4083,8.13225
4084,8.835
4085,9.8305
4086,10.289
4087,10.689
4088,10.807
4089,10.88325
4090,10.56575
4091,10.6705
4092,10.445
4093,10.11725
4094,10.083
4095,10.146
4096,10.1355
4097,9.98675
4098,9.70525
4099,9.43725
4100,9.55675
4101,9.106
4102,8.5625
4103,8.24475
4104,7.99575
4105,7.87225
4106,7.96425
4107,8.17075
4108,8.9305
4109,9.884
4110,10.354
4111,10.57525
4112,10.5435
4113,10.6645
4114,10.3915
4115,10.31
4116,10.14725
4117,10.03325
4118,9.907
4119,9.942
4120,9.8375
4121,9.542
4122,9.2965
4123,9.036
4124,9.22375
4125,8.97275
4126,8.43525
4127,8.10925
4128,7.79425
4129,7.64025
4130,7.49225
4131,7.35125
4132,7.59575
4133,8.1085
4134,8.6335
4135,9.038
4136,9.0915
4137,9.14
4138,9.0485
4139,8.8825
4140,8.748
4141,8.60625
4142,8.6695
4143,8.8785
4144,8.91675
4145,8.923
4146,8.7735
4147,8.54875
4148,8.6465
4149,8.29475
4150,7.7145
4151,7.38275
4152,7.284
4153,7.19625
4154,7.1945
4155,7.0615
4156,7.19725
4157,7.5425
4158,7.92575
4159,8.34375
4160,8.5345
4161,8.6355
4162,8.55875
4163,8.3645
4164,8.19675
4165,8.117
4166,8.16775
4167,8.466
4168,8.71925
4169,8.9665
4170,8.8865
4171,8.7475
4172,8.95875
4173,8.667
4174,8.1405
4175,7.75
4176,7.509
4177,7.44275
4178,7.602
4179,7.9885
4180,8.83675
4181,9.79875
4182,10.57225
4183,10.877
4184,10.963
4185,11.00525
4186,10.811
4187,10.825
4188,10.8125
4189,10.689
4190,10.7465
4191,10.991
4192,10.8525
4193,10.62975
4194,10.334
4195,10.053
4196,10.227
4197,9.7425
4198,9.017
4199,8.589
4200,8.16225
4201,8.00525
4202,8.10725
4203,8.52925
4204,9.37725
4205,10.22125
4206,10.86675
4207,11.12375
4208,11.156
4209,11.18575
4210,11.08275
4211,11.11025
4212,10.9675
4213,10.777
4214,10.71425
4215,10.923
4216,10.80925
4217,10.56725
4218,10.30225
4219,9.97575
4220,10.09175
4221,9.76125
4222,9.08975
4223,8.689
4224,8.4035
4225,8.25875
4226,8.2965
4227,8.58625
4228,9.39525
4229,10.20375
4230,10.753
4231,10.915
4232,10.8825
4233,10.96675
4234,10.70975
4235,10.792
4236,10.5865
4237,10.71775
4238,10.75375
4239,10.637
4240,10.46725
4241,10.24425
4242,9.94175
4243,9.6355
4244,9.69825
4245,9.3565
4246,8.71425
4247,8.32675
4248,8.08725
4249,7.898
4250,7.9535
4251,8.19175
4252,8.932
4253,9.75225
4254,10.14325
4255,10.3645
4256,10.41375
4257,10.53025
4258,10.3615
4259,10.4
4260,10.29525
4261,10.3105
4262,10.17875
4263,10.25625
4264,10.28475
4265,10.114
4266,9.708
4267,9.40575
4268,9.491
4269,9.27275
4270,8.673
4271,8.321
4272,8.0555
4273,8.00525
4274,8.0525
4275,8.15625
4276,8.8985
4277,9.799
4278,10.26625
4279,10.51375
4280,10.59125
4281,10.594
4282,10.37175
4283,10.293
4284,10.1505
4285,10.14975
4286,10.179
4287,10.222
4288,10.152
4289,10.014
4290,9.853
4291,9.61275
4292,9.67775
4293,9.2735
4294,8.49875
4295,8.11475
4296,7.8145
4297,7.6205
4298,7.57475
4299,7.46575
4300,7.64425
4301,8.1945
4302,8.73775
4303,9.13625
4304,9.34575
4305,9.4085
4306,9.33875
4307,9.1425
4308,8.885
4309,8.93675
4310,8.919
4311,9.1365
4312,9.159
4313,9.20225
4314,9.00225
4315,8.86975
4316,8.85175
4317,8.703
4318,8.23025
4319,7.9005
4320,7.63475
4321,7.38
4322,7.359
4323,7.23625
4324,7.45775
4325,7.8275
4326,8.2245
4327,8.55475
4328,8.73925
4329,8.72225
4330,8.68025
4331,8.60475
4332,8.3885
4333,8.4065
4334,8.314
4335,8.4815
4336,8.75275
4337,8.9205
4338,8.91725
4339,8.8345
4340,9.02075
4341,8.745
4342,8.29875
4343,7.94325
4344,7.8875
4345,7.76475
4346,7.74875
4347,7.98275
4348,8.775
4349,9.63825
4350,10.3
4351,10.63225
4352,10.5965
4353,10.71275
4354,10.59575
4355,10.53925
4356,10.41
4357,10.27725
4358,10.21
4359,10.23875
4360,10.19375
4361,10.0575
4362,9.7825
4363,9.507
4364,9.64825
4365,9.40375
4366,8.89525
4367,8.52825
4368,8.21575
4369,8.18375
4370,8.2775
4371,8.4635
4372,8.94575
4373,9.757
4374,10.37125
4375,10.664
4376,10.76575
4377,10.90225
4378,10.61325
4379,10.66025
4380,10.625
4381,10.439
4382,10.27475
4383,10.16775
4384,10.02175
4385,9.8435
4386,9.69025
4387,9.42975
4388,9.4555
4389,9.159
4390,8.65875
4391,8.39575
4392,8.1845
4393,8.10325
4394,8.10675
4395,8.24775
4396,8.929
4397,9.6415
4398,10.02225
4399,10.3075
4400,10.35525
4401,10.4885
4402,10.263
4403,10.2065
4404,10.03225
4405,9.97375
4406,9.95175
4407,9.9575
4408,9.94225
4409,9.6925
4410,9.463
4411,9.2525
4412,9.4405
4413,9.07725
4414,8.567
4415,8.20525
4416,7.93575
4417,7.86625
4418,7.974
4419,8.0625
4420,8.685
4421,9.461
4422,9.961
4423,10.192
4424,10.26125
4425,10.2975
4426,10.08425
4427,10.1225
4428,10.0695
4429,10.04875
4430,10.1425
4431,10.2015
4432,10.16075
4433,9.995
4434,9.7575
4435,9.5145
4436,9.7115
4437,9.3585
4438,8.7465
4439,8.5095
4440,8.229
4441,8.155
4442,8.23575
4443,8.29575
4444,8.86675
4445,9.5505
4446,10.04775
4447,10.34975
4448,10.456
4449,10.3715
4450,10.23475
4451,10.172
4452,10.056
4453,10.03875
4454,10.08
4455,10.07875
4456,10.024
4457,9.7905
4458,9.45425
4459,9.14425
4460,9.28875
4461,9.0595
4462,8.46725
4463,8.25575
4464,8.067
4465,7.91975
4466,7.79275
4467,7.69925
4468,7.71075
4469,8.13725
4470,8.56675
4471,8.91025
4472,9.052
4473,9.13725
4474,8.98525
4475,8.91525
4476,8.879
4477,8.87025
4478,8.8165
4479,8.88425
4480,8.83175
4481,8.7285
4482,8.55575
4483,8.51
4484,8.73425
4485,8.48825
4486,7.97025
4487,7.66075
4488,7.31375
4489,7.2775
4490,7.22725
4491,7.083
4492,7.17875
4493,7.40175
4494,7.756
4495,8.06675
4496,8.24575
4497,8.4185
4498,8.527
4499,8.296
4500,8.03525
4501,7.95725
4502,7.87425
4503,8.076
4504,8.29575
4505,8.30675
4506,8.2215
4507,8.181
4508,8.2845
4509,8.05925
4510,7.79675
4511,7.5105
4512,7.33525
4513,7.3525
4514,7.4895
4515,7.7375
4516,8.56125
4517,9.376
4518,9.93225
4519,10.12475
4520,10.25725
4521,10.37
4522,10.2575
4523,10.2155
4524,10.00875
4525,9.91125
4526,9.80525
4527,9.9985
4528,9.95725
4529,9.76225
4530,9.40475
4531,9.19
4532,9.34225
4533,8.978
4534,8.49925
4535,8.21725
4536,7.961
4537,7.98675
4538,8.04675
4539,8.30425
4540,8.879
4541,9.606
4542,9.9905
4543,10.19225
4544,10.21925
4545,10.3135
4546,10.14625
4547,10.09375
4548,9.9835
4549,9.90125
4550,9.8515
4551,10.04225
4552,10.025
4553,9.7855
4554,9.657
4555,9.362
4556,9.5065
4557,9.1395
4558,8.5445
4559,8.20025
4560,8.008
4561,7.862
4562,7.922
4563,8.07925
4564,8.75275
4565,9.5075
4566,10.01225
4567,10.24725
4568,10.272
4569,10.40375
4570,10.236
4571,10.231
4572,10.10275
4573,10.10175
4574,10.15325
4575,10.37725
4576,10.29675
4577,10.09225
4578,9.743
4579,9.513
4580,9.6085
4581,9.22375
4582,8.62475
4583,8.3045
4584,8.0895
4585,7.97625
4586,7.94125
4587,8.166
4588,8.80775
4589,9.61425
4590,10.13175
4591,10.5385
4592,10.629
4593,10.6605
4594,10.42575
4595,10.32875
4596,10.30075
4597,10.1455
4598,9.9205
4599,9.92525
4600,9.98325
4601,9.76275
4602,9.5425
4603,9.29875
4604,9.5255
4605,9.18275
4606,8.7075
4607,8.39375
4608,8.12475
4609,7.9145
4610,8.0715
4611,8.18475
4612,8.5985
4613,9.34825
4614,9.87875
4615,10.087
4616,10.275
4617,10.37375
4618,10.22025
4619,10.07275
4620,10.1105
4621,9.8965
4622,9.7355
4623,9.72975
4624,9.62425
4625,9.44725
4626,9.29775
4627,9.001
4628,9.10875
4629,8.829
4630,8.3385
4631,8.04575
4632,7.822
4633,7.71625
4634,7.6135
4635,7.4655
4636,7.6355
4637,8.0285
4638,8.39475
4639,8.79625
4640,8.9405
4641,9.11775
4642,9.05975
4643,8.882
4644,8.8235
4645,8.67925
4646,8.69375
4647,8.718
4648,8.713
4649,8.455
4650,8.354
4651,8.238
4652,8.329
4653,8.10275
4654,7.791
4655,7.56475
4656,7.36225
4657,7.18075
4658,7.21025
4659,7.12025
4660,7.16075
4661,7.25525
4662,7.6585
4663,8.14025
4664,8.301
4665,8.4745
4666,8.647
4667,8.42425
4668,8.24375
4669,8.2355
4670,8.205
4671,8.42975
4672,8.50675
4673,8.50475
4674,8.4835
4675,8.3835
4676,8.50425
4677,8.2515
4678,7.834
4679,7.6625
4680,7.4295
4681,7.4895
4682,7.62725
4683,7.8765
4684,8.4165
4685,9.2215
4686,9.70275
4687,10.09275
4688,10.24725
4689,10.37125
4690,10.26
4691,10.1865
4692,10.078
4693,9.9655
4694,9.95125
4695,10.121
4696,10.111
4697,9.84625
4698,9.57625
4699,9.2905
4700,9.423
4701,9.0025
4702,8.487
4703,8.165
4704,7.93625
4705,7.85575
4706,7.9355
4707,8.19625
4708,8.65025
4709,9.27225
4710,9.83275
4711,10.18125
4712,10.34575
4713,10.4945
4714,10.30525
4715,10.104
4716,9.797
4717,9.62825
4718,9.651
4719,9.8185
4720,9.89075
4721,9.73275
4722,9.49125
4723,9.22325
4724,9.497
4725,9.1165
4726,8.47475
4727,8.119
4728,7.955
4729,7.89025
4730,7.95
4731,8.1725
4732,8.6375
4733,9.222
4734,9.72625
4735,10.0045
4736,10.05525
4737,10.1375
4738,9.98975
4739,9.8635
4740,9.818
4741,9.76225
4742,9.81075
4743,10.06625
4744,10.1
4745,9.9035
4746,9.6105
4747,9.34175
4748,9.5405
4749,9.178
4750,8.61475
4751,8.2815
4752,8.00575
4753,7.91075
4754,7.9775
4755,8.226
4756,8.63625
4757,9.388
4758,9.9
4759,10.14975
4760,10.10425
4761,10.25575
4762,10.08675
4763,10.04775
4764,10.08575
4765,10.0405
4766,10.1
4767,10.222
4768,10.31225
4769,10.06525
4770,9.7185
4771,9.54925
4772,9.58975
4773,9.20725
4774,8.61975
4775,8.2675
4776,8.04
4777,8.08775
4778,8.11075
4779,8.2385
4780,8.76475
4781,9.35425
4782,9.7905
4783,10.052
4784,10.13725
4785,10.10075
4786,10.0245
4787,9.814
4788,9.702
4789,9.4555
4790,9.472
4791,9.58825
4792,9.5945
4793,9.45975
4794,9.16125
4795,9.09475
4796,9.2395
4797,8.81625
4798,8.19925
4799,7.833
4800,7.5425
4801,7.47325
4802,7.51975
4803,7.41
4804,7.50175
4805,7.82575
4806,8.18
4807,8.84275
4808,8.96925
4809,9.1485
4810,9.07375
4811,9.01725
4812,8.826
4813,8.67175
4814,8.559
4815,8.73275
4816,8.85775
4817,8.654
4818,8.4175
4819,8.22325
4820,8.55125
4821,8.39725
4822,7.99875
4823,7.73425
4824,7.50875
4825,7.31325
4826,7.338
4827,7.2325
4828,7.2325
4829,7.4795
4830,7.696
4831,7.83675
4832,7.904
4833,8.04575
4834,8.095
4835,7.80225
4836,7.6825
4837,7.61325
4838,7.685
4839,7.8605
4840,8.113
4841,8.25175
4842,8.2785
4843,8.2205
4844,8.525
4845,8.1315
4846,7.68025
4847,7.46125
4848,7.25825
4849,7.242
4850,7.27775
4851,7.37375
4852,7.7535
4853,8.3255
4854,8.92425
4855,9.34575
4856,9.469
4857,9.49525
4858,9.51475
4859,9.48925
4860,9.256
4861,9.32875
4862,9.422
4863,9.6785
4864,9.71475
4865,9.5955
4866,9.478
4867,9.27125
4868,9.459
4869,9.047
4870,8.45725
4871,8.17825
4872,7.8805
4873,7.688
4874,7.75825
4875,7.97125
4876,8.33775
4877,8.981
4878,9.465
4879,9.74525
4880,9.86825
4881,9.98675
4882,9.86375
4883,9.77475
4884,9.60425
4885,9.687
4886,9.66675
4887,9.8615
4888,9.8635
4889,9.7725
4890,9.60275
4891,9.35125
4892,9.40225
4893,8.931
4894,8.27375
4895,7.91475
4896,7.58875
4897,7.5105
4898,7.693
4899,7.82725
4900,8.3625
4901,8.98025
4902,9.629
4903,10.01025
4904,10.138
4905,10.19
4906,10.07775
4907,10.02075
4908,10.01175
4909,9.991
4910,9.9995
4911,10.00475
4912,9.954
4913,9.79375
4914,9.70125
4915,9.50225
4916,9.6795
4917,9.2745
4918,8.66825
4919,8.221
4920,8.012
4921,7.873
4922,7.75975
4923,7.93275
4924,8.38975
4925,9.11725
4926,9.5985
4927,10.0135
4928,10.30375
4929,10.3655
4930,10.23825
4931,10.22225
4932,10.12725
4933,10.15725
4934,10.06225
4935,10.09075
4936,10.032
4937,9.68075
4938,9.4025
4939,9.295
4940,9.465
4941,9.1465
4942,8.617
4943,8.23725
4944,8.0365
4945,7.89925
4946,7.85075
4947,7.808
4948,8.44625
4949,9.17875
4950,9.58
4951,10.1045
4952,10.25575
4953,10.3365
4954,10.2645
4955,10.12275
4956,10.01925
4957,9.953
4958,9.88375
4959,9.8615
4960,9.75725
4961,9.37575
4962,9.133
4963,8.85875
4964,9.1115
4965,8.79525
4966,8.47625
4967,8.1535
4968,7.77075
4969,7.59025
4970,7.4355
4971,7.37375
4972,7.56775
4973,7.74625
4974,8.01175
4975,8.5485
4976,8.88275
4977,9.314
4978,9.48525
4979,9.27975
4980,9.0475
4981,8.8795
4982,8.8035
4983,8.93175
4984,8.982
4985,8.7545
4986,8.51825
4987,8.29125
4988,8.30925
4989,7.98825
4990,7.63525
4991,7.41625
4992,7.215
4993,7.0755
4994,7.0325
4995,7.01925
4996,6.94875
4997,7.22525
4998,7.61175
4999,8.03825
5000,8.25725
5001,8.49175
5002,8.57975
5003,8.3165
5004,8.09475
5005,7.9655
5006,7.9035
5007,8.08075
5008,8.292
5009,8.3495
5010,8.2175
5011,8.00525
5012,8.1405
5013,7.8875
5014,7.493
5015,7.20725
5016,7.1
5017,6.949
5018,7.00475
5019,7.27075
5020,7.62375
5021,8.23525
5022,8.88475
5023,9.23075
5024,9.315
5025,9.4115
5026,9.32025
5027,9.25925
5028,9.17975
5029,9.17625
5030,9.11425
5031,9.367
5032,9.4405
5033,9.267
5034,8.9085
5035,8.7875
5036,8.92475
5037,8.34625
5038,7.72525
5039,7.3955
5040,7.2445
5041,7.05
5042,7.05325
5043,7.35525
5044,8.01875
5045,8.69275
5046,9.164
5047,9.45225
5048,9.47875
5049,9.49875
5050,9.4275
5051,9.37825
5052,9.3145
5053,9.24925
5054,9.24325
5055,9.4795
5056,9.286
5057,9.41125
5058,8.938
5059,8.4565
5060,8.95925
5061,8.4505
5062,8.171
5063,7.88075
5064,7.59275
5065,7.37225
5066,7.43175
5067,7.65725
5068,8.055
5069,8.6795
5070,9.09475
5071,9.35175
5072,9.4495
5073,9.45625
5074,9.381
5075,9.411
5076,9.3045
5077,9.3025
5078,9.33375
5079,9.521
5080,9.49675
5081,9.22425
5082,8.90475
5083,8.84775
5084,8.9595
5085,8.53125
5086,8.09525
5087,7.709
5088,7.49575
5089,7.35775
5090,7.41775
5091,7.6525
5092,8.12275
5093,8.6215
5094,9.12625
5095,9.4885
5096,9.564
5097,9.63775
5098,9.59975
5099,9.647
5100,9.627
5101,9.5485
5102,9.45225
5103,9.5345
5104,9.567
5105,9.32875
5106,9.0935
5107,9.022
5108,9.14775
5109,8.67425
5110,8.14725
5111,7.8335
5112,7.594
5113,7.541
5114,7.56675
5115,7.8095
5116,8.2195
5117,8.754
5118,9.0885
5119,9.32475
5120,9.47275
5121,9.56675
5122,9.44775
5123,9.29
5124,9.242
5125,9.1815
5126,9.05075
5127,9.20825
5128,9.19075
5129,9.039
5130,8.7745
5131,8.60725
5132,8.73575
5133,8.36775
5134,7.92475
5135,7.5915
5136,7.353
5137,7.24475
5138,7.14675
5139,7.165
5140,7.19
5141,7.56175
5142,8.0385
5143,8.4835
5144,8.76875
5145,8.87975
5146,8.8755
5147,8.7525
5148,8.4715
5149,8.41125
5150,8.398
5151,8.45525
5152,8.486
5153,8.35825
5154,8.18375
5155,8.16
5156,8.216
5157,7.93475
5158,7.54475
5159,7.25325
5160,7.06
5161,6.955
5162,6.91225
5163,6.97175
5164,6.95125
5165,7.164
5166,7.4635
5167,7.7625
5168,7.943
5169,8.08475
5170,8.0915
5171,7.88
5172,7.71725
5173,7.778
5174,7.86675
5175,8.064
5176,8.31675
5177,8.40775
5178,8.38625
5179,8.46525
5180,8.42925
5181,7.99675
5182,7.49425
5183,7.246
5184,7.25125
5185,7.06125
5186,7.134
5187,7.5115
5188,8.03025
5189,8.887
5190,9.34825
5191,9.499
5192,9.711
5193,9.78125
5194,9.715
5195,9.77425
5196,9.62225
5197,9.538
5198,9.6275
5199,9.82525
5200,9.84625
5201,9.66725
5202,9.4135
5203,9.26625
5204,9.27575
5205,8.83625
5206,8.2665
5207,7.9425
5208,7.66075
5209,7.56425
5210,7.51075
5211,7.88525
5212,8.29175
5213,8.90425
5214,9.546
5215,9.7085
5216,9.9245
5217,9.85825
5218,9.90575
5219,10.02
5220,9.96075
5221,9.88525
5222,9.822
5223,9.95525
5224,9.75075
5225,9.4455
5226,9.30375
5227,9.2255
5228,9.2675
5229,8.7945
5230,8.1645
5231,7.894
5232,7.7475
5233,7.6195
5234,7.60325
5235,7.95825
5236,8.36975
5237,8.97225
5238,9.54575
5239,9.7225
5240,9.8865
5241,9.982
5242,9.89
5243,9.925
5244,9.7035
5245,9.49675
5246,9.56625
5247,9.57875
5248,9.59725
5249,9.4945
5250,9.19925
5251,9.20975
5252,9.19225
5253,8.74325
5254,8.25225
5255,7.86025
5256,7.62925
5257,7.5925
5258,7.501
5259,7.777
5260,8.3
5261,9.044
5262,9.5635
5263,9.86975
5264,9.9345
5265,9.93175
5266,9.81825
5267,9.82825
5268,9.79075
5269,9.8655
5270,9.7845
5271,9.90225
5272,9.8345
5273,9.63725
5274,9.4465
5275,9.41625
5276,9.309
5277,8.72075
5278,8.1425
5279,7.7815
5280,7.595
5281,7.59275
5282,7.724
5283,7.95325
5284,8.46
5285,9.14925
5286,9.61725
5287,9.9545
5288,10.324
5289,10.81775
5290,10.33375
5291,10.32575
5292,9.94325
5293,9.93975
5294,9.90325
5295,9.70375
5296,9.08675
5297,8.98825
5298,8.86225
5299,8.638
5300,8.78475
5301,8.3865
5302,7.85625
5303,7.43225
5304,7.1465
5305,7.09675
5306,7.03525
5307,7.06075
5308,7.039
5309,7.374
5310,7.74275
5311,8.16075
5312,8.40525
5313,8.66375
5314,8.478
5315,8.364
5316,8.0325
5317,7.8805
5318,7.7245
5319,8.0865
5320,8.319
5321,8.38725
5322,8.3075
5323,8.296
5324,8.40575
5325,8.07025
5326,7.74275
5327,7.51275
5328,7.2505
5329,7.0415
5330,6.8235
5331,6.89925
5332,6.8995
5333,7.146
5334,7.565
5335,7.80175
5336,8.19
5337,8.4445
5338,8.367
5339,8.13125
5340,7.9435
5341,7.89325
5342,7.75325
5343,7.9545
5344,8.238
5345,8.34075
5346,8.27725
5347,8.413
5348,8.00075
5349,7.59
5350,7.588
5351,7.2535
5352,7.0675
5353,7.11525
5354,7.23425
5355,7.621
5356,8.237
5357,8.874
5358,9.456
5359,9.72575
5360,9.84825
5361,10.03225
5362,9.9315
5363,10.05275
5364,9.928
5365,9.99525
5366,9.86875
5367,10.0465
5368,9.98375
5369,9.64225
5370,9.42075
5371,9.368
5372,9.1595
5373,8.6115
5374,8.13275
5375,7.8285
5376,7.6975
5377,7.65575
5378,7.658
5379,8.0975
5380,8.64325
5381,9.23575
5382,9.648
5383,9.8045
5384,9.8105
5385,9.8265
5386,9.8025
5387,9.9095
5388,9.752
5389,9.737
5390,9.637
5391,9.759
5392,9.6425
5393,9.499
5394,9.373
5395,9.4645
5396,9.3815
5397,8.90875
5398,8.19125
5399,7.9435
5400,7.66125
5401,7.6685
5402,7.66725
5403,7.9175
5404,8.41775
5405,9.06275
5406,9.62075
5407,9.943
5408,9.85275
5409,9.9185
5410,9.80775
5411,9.676
5412,9.57575
5413,9.606
5414,9.733
5415,9.86875
5416,9.86125
5417,9.641
5418,9.353
5419,9.2775
5420,8.98425
5421,8.47775
5422,7.996
5423,7.779
5424,7.47525
5425,7.34625
5426,7.3305
5427,7.2945
5428,7.245
5429,7.39675
5430,7.763
5431,8.13075
5432,8.14475
5433,8.09225
5434,8.19925
5435,8.0745
5436,7.7545
5437,7.675
5438,7.8935
5439,8.14225
5440,8.53625
5441,8.43225
5442,8.3585
5443,8.51625
5444,8.5675
5445,8.1845
5446,7.64475
5447,7.35225
5448,7.1905
5449,7.152
5450,7.19825
5451,7.39375
5452,7.78425
5453,8.164
5454,8.69175
5455,8.984
5456,9.18125
5457,9.13425
5458,9.13525
5459,9.0595
5460,8.9995
5461,8.896
5462,8.85375
5463,9.01625
5464,9.0645
5465,8.98225
5466,8.79975
5467,8.62375
5468,8.57625
5469,8.11275
5470,7.72275
5471,7.3895
5472,7.15125
5473,6.9525
5474,6.91125
5475,7.00275
5476,7.10175
5477,7.39325
5478,7.86425
5479,8.37225
5480,8.815
5481,8.92075
5482,8.84525
5483,8.7315
5484,8.432
5485,8.37625
5486,8.496
5487,8.664
5488,8.84925
5489,8.726
5490,8.45775
5491,8.42
5492,8.23425
5493,7.92275
5494,7.653
5495,7.30675
5496,7.1975
5497,7.17025
5498,6.9845
5499,7.11175
5500,7.23075
5501,7.36875
5502,7.8455
5503,8.32875
5504,8.636
5505,8.90975
5506,8.89225
5507,8.59
5508,8.348
5509,7.9035
5510,7.83
5511,7.91125
5512,8.1
5513,8.2135
5514,8.23875
5515,8.41875
5516,8.32
5517,7.955
5518,7.57875
5519,7.25075
5520,7.01725
5521,7.11025
5522,7.20725
5523,7.5405
5524,8.43175
5525,9.18325
5526,9.7965
5527,9.949
5528,10.02475
5529,10.057
5530,9.92625
5531,9.9955
5532,9.97275
5533,9.77075
5534,9.58975
5535,9.77525
5536,9.88125
5537,9.74225
5538,9.61475
5539,9.60375
5540,9.22375
5541,8.79
5542,8.186
5543,7.91875
5544,7.71925
5545,7.56775
5546,7.7575
5547,8.11575
5548,8.668
5549,9.40125
5550,9.96175
5551,10.19175
5552,10.244
5553,10.3325
5554,10.17625
5555,9.988
5556,9.92425
5557,9.9095
5558,9.8305
5559,10.01025
5560,9.94725
5561,9.83325
5562,9.6035
5563,9.63625
5564,9.49375
5565,9.04025
5566,8.49075
5567,8.14075
5568,7.9385
5569,7.8525
5570,7.9255
5571,8.30175
5572,8.9325
5573,9.55175
5574,10.0395
5575,10.2645
5576,10.33525
5577,10.34
5578,10.1695
5579,10.07325
5580,9.991
5581,9.93625
5582,9.9365
5583,10.1145
5584,10.1905
5585,9.9785
5586,9.7515
5587,9.80875
5588,9.592
5589,9.0455
5590,8.4755
5591,8.18075
5592,8.00025
5593,7.90125
5594,8.0065
5595,8.344
5596,8.9515
5597,9.55725
5598,10.1
5599,10.33
5600,10.48025
5601,10.434
5602,10.15575
5603,10.116
5604,10.05925
5605,10.0255
5606,10.0575
5607,10.262
5608,10.2355
5609,10.17525
5610,9.8605
5611,9.9665
5612,9.73825
5613,9.28825
5614,8.70825
5615,8.32975
5616,8.105
5617,8.035
5618,8.08725
5619,8.51325
5620,9.07775
5621,9.7545
5622,10.23025
5623,10.4095
5624,10.40875
5625,10.4875
5626,10.272
5627,10.17975
5628,10.023
5629,10.02925
5630,10.04075
5631,10.1205
5632,10.06575
5633,9.862
5634,9.53425
5635,9.4905
5636,9.22475
5637,8.84025
5638,8.26125
5639,7.9
5640,7.6595
5641,7.561
5642,7.53675
5643,7.59625
5644,7.6975
5645,7.9345
5646,8.28275
5647,8.72575
5648,8.91625
5649,9.048
5650,8.91325
5651,8.74825
5652,8.56775
5653,8.5515
5654,8.6305
5655,8.754
5656,8.817
5657,8.847
5658,8.819
5659,8.9855
5660,8.6935
5661,8.3435
5662,7.96725
5663,7.618
5664,7.46
5665,7.36725
5666,7.2895
5667,7.3105
5668,7.356
5669,7.51925
5670,7.84275
5671,8.20825
5672,8.4215
5673,8.5665
5674,8.52575
5675,8.3095
5676,8.1505
5677,8.15425
5678,8.21925
5679,8.4775
5680,8.716
5681,8.899
5682,8.8925
5683,9.1815
5684,9.00475
5685,8.53
5686,7.99825
5687,7.7315
5688,7.57025
5689,7.65175
5690,7.69425
5691,8.114
5692,8.962
5693,9.6545
5694,10.371
5695,10.76025
5696,10.90975
5697,11.0245
5698,10.869
5699,10.85625
5700,10.76625
5701,10.783
5702,10.7105
5703,10.82275
5704,10.83425
5705,10.517
5706,10.2655
5707,10.25475
5708,9.918
5709,9.33
5710,8.7695
5711,8.479
5712,8.36725
5713,8.2415
5714,8.3035
5715,8.6725
5716,9.44275
5717,10.10475
5718,10.72775
5719,11.027
5720,11.1705
5721,11.2665
5722,11.04775
5723,11.04775
5724,10.94225
5725,10.8735
5726,10.88425
5727,10.9575
5728,10.87925
5729,10.6885
5730,10.508
5731,10.473
5732,10.1
5733,9.547
5734,8.85075
5735,8.373
5736,8.05375
5737,8.09725
5738,8.091
5739,8.58325
5740,9.24275
5741,9.765
5742,10.57125
5743,10.977
5744,10.98575
5745,11.129
5746,10.928
5747,10.811
5748,10.643
5749,10.7485
5750,10.80275
5751,10.84975
5752,10.74175
5753,10.3805
5754,10.405
5755,10.2395
5756,9.82425
5757,9.406
5758,8.91275
5759,8.55925
5760,8.3
5761,8.24575
5762,8.348
5763,8.61725
5764,9.3825
5765,10.0615
5766,10.57375
5767,10.863
5768,10.945
5769,11.01575
5770,10.87175
5771,10.671
5772,10.5965
5773,10.45725
5774,10.31175
5775,10.29775
5776,10.33875
5777,10.16975
5778,10.08325
5779,10.059
5780,9.7565
5781,9.28625
5782,8.68575
5783,8.38075
5784,8.194
5785,8.078
5786,8.12425
5787,8.42025
5788,9.13675
5789,9.76575
5790,10.21225
5791,10.36975
5792,10.6625
5793,10.77725
5794,10.549
5795,10.45625
5796,10.38575
5797,10.23175
5798,10.19325
5799,10.25675
5800,10.15175
5801,9.89375
5802,9.78275
5803,9.78725
5804,9.47275
5805,9.02825
5806,8.47075
5807,8.164
5808,7.874
5809,7.641
5810,7.58425
5811,7.61325
5812,7.81625
5813,8.09375
5814,8.515
5815,9.02875
5816,9.274
5817,9.33825
5818,9.29175
5819,9.2085
5820,9.0615
5821,8.95475
5822,9.04875
5823,9.02475
5824,8.84225
5825,8.66275
5826,8.61725
5827,8.92725
5828,8.805
5829,8.29775
5830,7.845
5831,7.446
5832,7.311
5833,7.1895
5834,7.19775
5835,7.25025
5836,7.34925
5837,7.45125
5838,7.87625
5839,8.2825
5840,8.60175
5841,8.84925
5842,8.86775
5843,8.565
5844,8.3055
5845,8.174
5846,8.1235
5847,8.36075
5848,8.6565
5849,8.7065
5850,8.867
5851,9.042
5852,8.804
5853,8.2015
5854,7.62175
5855,7.54625
5856,7.4955
5857,7.39775
5858,7.533
5859,7.966
5860,8.9035
5861,9.71075
5862,10.03275
5863,10.3205
5864,10.46775
5865,10.5645
5866,10.35025
5867,10.33025
5868,10.24575
5869,10.1005
5870,10.04625
5871,10.21725
5872,10.21475
5873,10.1375
5874,10.05425
5875,9.823
5876,9.53275
5877,8.98175
5878,8.48025
5879,8.0625
5880,7.77025
5881,7.69925
5882,7.82975
5883,8.24675
5884,9.07825
5885,9.9595
5886,10.39025
5887,10.731
5888,10.7165
5889,10.9755
5890,10.84275
5891,10.7655
5892,10.7215
5893,10.65725
5894,10.5705
5895,10.79225
5896,10.6125
5897,10.3105
5898,10.268
5899,9.97075
5900,9.53175
5901,9.01925
5902,8.58775
5903,8.23525
5904,8.08875
5905,7.84575
5906,7.954
5907,8.1875
5908,9.2465
5909,9.90725
5910,10.42875
5911,10.50525
5912,10.46725
5913,10.63375
5914,10.56525
5915,10.73125
5916,10.437
5917,10.5755
5918,10.70575
5919,10.7125
5920,10.62175
5921,10.197
5922,10.17275
5923,9.95925
5924,9.45725
5925,8.924
5926,8.33475
5927,8.11225
5928,7.865
5929,7.77925
5930,7.9095
5931,8.299
5932,9.1985
5933,10.029
5934,10.36275
5935,10.67875
5936,10.8305
5937,10.808
5938,10.4835
5939,10.57675
5940,10.37425
5941,10.19575
5942,10.20725
5943,10.275
5944,10.38325
5945,10.176
5946,10.3275
5947,10.041
5948,9.69
5949,9.267
5950,8.68975
5951,8.38775
5952,8.1695
5953,8.08175
5954,8.0545
5955,8.41725
5956,9.1885
5957,9.866
5958,10.2775
5959,10.664
5960,10.635
5961,10.68275
5962,10.36825
5963,10.41975
5964,10.1715
5965,10.01225
5966,9.9805
5967,10.18625
5968,10.3315
5969,10.16925
5970,9.9555
5971,9.66425
5972,9.39525
5973,9.022
5974,8.4645
5975,8.084
5976,7.81225
5977,7.781
5978,7.676
5979,7.74575
5980,7.95725
5981,8.2035
5982,8.8055
5983,9.2425
5984,9.439
5985,9.53625
5986,9.344
5987,9.3055
5988,8.95675
5989,8.80075
5990,8.94975
5991,9.06725
5992,9.26225
5993,9.16175
5994,9.18275
5995,8.93575
5996,8.63325
5997,8.277
5998,8.092
5999,7.727
6000,7.45775
6001,7.383
6002,7.26525
6003,7.3635
6004,7.5275
6005,7.72375
6006,8.14
6007,8.52375
6008,8.813
6009,9.09425
6010,9.1295
6011,8.8055
6012,8.6445
6013,8.42425
6014,8.3775
6015,8.658
6016,8.8995
6017,9.03725
6018,9.28325
6019,9.12575
6020,8.81175
6021,8.453
6022,8.034
6023,7.8725
6024,7.68575
6025,7.5785
6026,7.706
6027,8.17325
6028,9.27175
6029,10.066
6030,10.442
6031,10.64225
6032,10.6975
6033,10.76075
6034,10.51275
6035,10.591
6036,10.55575
6037,10.48025
6038,10.4035
6039,10.66625
6040,10.68875
6041,10.5455
6042,10.38925
6043,9.956
6044,9.52825
6045,9.0355
6046,8.509
6047,8.2295
6048,7.95375
6049,7.86975
6050,7.96225
6051,8.327
6052,9.432
6053,10.16825
6054,10.5035
6055,10.62775
6056,10.6535
6057,10.667
6058,10.42075
6059,10.47175
6060,10.43375
6061,10.37
6062,10.3
6063,10.4775
6064,10.522
6065,10.331
6066,10.36225
6067,9.9825
6068,9.6655
6069,9.1755
6070,8.575
6071,8.23175
6072,7.9375
6073,7.81425
6074,7.91625
6075,8.2935
6076,9.2615
6077,10.035
6078,10.509
6079,11.0225
6080,11.08075
6081,11.2175
6082,10.91675
6083,10.84425
6084,10.79125
6085,10.7015
6086,10.542
6087,10.69225
6088,10.78125
6089,10.4115
6090,10.38
6091,9.98275
6092,9.5935
6093,9.08525
6094,8.6465
6095,8.40925
6096,8.29725
6097,8.1365
6098,8.1175
6099,8.43925
6100,9.5245
6101,10.29825
6102,10.7135
6103,10.9625
6104,10.8955
6105,10.983
6106,10.7595
6107,10.5455
6108,10.525
6109,10.39125
6110,10.45925
6111,10.67875
6112,10.61275
6113,10.3905
6114,10.3625
6115,9.8595
6116,9.49
6117,9.10475
6118,8.55725
6119,8.2005
6120,8.0125
6121,8.16875
6122,8.25225
6123,8.63325
6124,9.5715
6125,10.372
6126,10.8885
6127,11.25475
6128,11.27175
6129,11.29575
6130,10.98375
6131,10.9515
6132,10.6545
6133,10.42475
6134,10.30175
6135,10.40125
6136,10.2215
6137,10.10125
6138,10.07075
6139,9.72575
6140,9.3375
6141,8.92375
6142,8.308
6143,8.01625
6144,7.67325
6145,7.508
6146,7.44025
6147,7.433
6148,7.696
6149,7.9865
6150,8.496
6151,8.903
6152,9.03
6153,9.03025
6154,9.01575
6155,8.82725
6156,8.66025
6157,8.632
6158,8.61125
6159,8.847
6160,9.09
6161,8.99575
6162,9.19475
6163,8.95225
6164,8.57925
6165,8.26975
6166,7.8395
6167,7.53825
6168,7.348
6169,7.206
6170,7.2075
6171,7.2485
6172,7.45775
6173,7.5655
6174,7.86525
6175,8.2425
6176,8.53875
6177,8.67625
6178,8.72225
6179,8.45225
6180,8.212
6181,8.103
6182,8.0675
6183,8.3675
6184,8.712
6185,8.88825
6186,9.26675
6187,8.9545
6188,8.67675
6189,8.266
6190,7.873
6191,7.65
6192,7.4315
6193,7.39025
6194,7.533
6195,8.0055
6196,9.052
6197,9.97425
6198,10.40075
6199,10.8035
6200,10.943
6201,11.0685
6202,10.868
6203,10.82725
6204,10.697
6205,10.6435
6206,10.571
6207,10.85075
6208,10.87775
6209,10.632
6210,10.451
6211,9.88325
6212,9.5755
6213,9.00525
6214,8.50975
6215,8.14025
6216,7.92225
6217,7.81475
6218,7.96425
6219,8.3585
6220,9.4595
6221,10.32225
6222,10.6695
6223,10.85625
6224,10.791
6225,10.86175
6226,10.6535
6227,10.515
6228,10.29175
6229,10.2305
6230,10.137
6231,10.22125
6232,10.195
6233,10.085
6234,10.38025
6235,9.83175
6236,9.4625
6237,9.1105
6238,8.46225
6239,8.23175
6240,7.99425
6241,7.9585
6242,8.075
6243,8.30775
6244,9.38575
6245,10.29
6246,10.62325
6247,10.82875
6248,10.74775
6249,10.8115
6250,10.63725
6251,10.419
6252,10.18975
6253,10.13175
6254,10.152
6255,10.32875
6256,10.41425
6257,10.29075
6258,10.28325
6259,9.709
6260,9.31625
6261,8.88075
6262,8.3465
6263,8.1145
6264,7.93075
6265,7.89825
6266,8.0125
6267,8.45025
6268,9.539
6269,10.39825
6270,10.6205
6271,10.72175
6272,10.708
6273,10.78275
6274,10.5265
6275,10.5275
6276,10.3535
6277,10.2685
6278,10.2345
6279,10.43175
6280,10.4735
6281,10.3415
6282,10.413
6283,9.87675
6284,9.517
6285,9.01
6286,8.44475
6287,8.1495
6288,7.98975
6289,7.93225
6290,7.9395
6291,8.492
6292,9.47975
6293,10.357
6294,10.696
6295,10.86275
6296,10.76175
6297,10.78875
6298,10.488
6299,10.384
6300,10.1585
6301,10.0275
6302,9.91925
6303,10.076
6304,9.988
6305,9.862
6306,9.86975
6307,9.4235
6308,9.20225
6309,8.82525
6310,8.348
6311,8.02575
6312,7.73675
6313,7.60275
6314,7.553
6315,7.5325
6316,7.88775
6317,8.27525
6318,8.82975
6319,9.22625
6320,9.2935
6321,9.31475
6322,9.12325
6323,8.95475
6324,8.694
6325,8.675
6326,8.75325
6327,8.92625
6328,9.04275
6329,8.999
6330,9.05825
6331,8.65375
6332,8.417
6333,8.169
6334,7.80175
6335,7.4695
6336,7.19625
6337,7.02675
6338,6.99875
6339,7.06975
6340,7.18175
6341,7.3655
6342,7.87825
6343,8.3395
6344,8.748
6345,8.82525
6346,8.7065
6347,8.522
6348,8.39925
6349,8.41875
6350,8.35175
6351,8.74525
6352,9.26325
6353,9.4405
6354,9.59225
6355,9.1835
6356,8.70175
6357,8.29075
6358,7.77125
6359,7.503
6360,7.365
6361,7.29325
6362,7.30775
6363,7.7935
6364,8.9905
6365,9.996
6366,10.30575
6367,10.7535
6368,10.82775
6369,10.8395
6370,10.516
6371,10.6055
6372,10.501
6373,10.41025
6374,10.27225
6375,10.51975
6376,10.50975
6377,10.5365
6378,10.4905
6379,9.71675
6380,9.45925
6381,8.95275
6382,8.45975
6383,8.10775
6384,7.80025
6385,7.73625
6386,7.7965
6387,8.13725
6388,9.302
6389,10.184
6390,10.47625
6391,10.67475
6392,10.7765
6393,10.82125
6394,10.627
6395,10.59975
6396,10.52175
6397,10.50075
6398,10.414
6399,10.58025
6400,10.72225
6401,10.5575
6402,10.467
6403,9.79525
6404,9.508
6405,9.048
6406,8.46575
6407,8.11325
6408,7.85375
6409,7.69975
6410,7.75575
6411,8.38475
6412,9.2715
6413,10.2045
6414,10.4445
6415,10.6275
6416,10.48925
6417,10.55825
6418,10.42625
6419,10.37775
6420,10.348
6421,10.4225
6422,10.3165
6423,10.53775
6424,10.50025
6425,10.372
6426,10.41375
6427,9.766
6428,9.47925
6429,9.062
6430,8.507
6431,8.1055
6432,7.8615
6433,7.67925
6434,7.7285
6435,8.13825
6436,9.16075
6437,10.0835
6438,10.483
6439,10.7525
6440,10.80925
6441,11.0025
6442,10.8045
6443,10.65525
6444,10.545
6445,10.53625
6446,10.48925
6447,10.37075
6448,10.37875
6449,10.236
6450,10.0845
6451,9.65525
6452,9.33775
6453,8.94175
6454,8.33675
6455,7.97825
6456,7.85275
6457,7.68575
6458,7.75525
6459,8.1785
6460,9.1555
6461,10.05475
6462,10.27025
6463,10.52725
6464,10.47475
6465,10.599
6466,10.29025
6467,10.202
6468,9.97
6469,9.86175
6470,9.8115
6471,9.95275
6472,9.84875
6473,9.817
6474,9.8
6475,9.22775
6476,8.8195
6477,8.43
6478,7.93025
6479,7.44775
6480,7.21625
6481,7.16375
6482,7.111
6483,7.04725
6484,7.41425
6485,7.811
6486,8.249
6487,8.8185
6488,9.026
6489,8.97175
6490,9.0155
6491,8.936
6492,8.7745
6493,8.58625
6494,8.6265
6495,8.85
6496,9.07925
6497,9.18175
6498,9.10325
6499,8.82475
6500,8.42425
6501,8.204
6502,7.61025
6503,7.266
6504,6.86225
6505,6.6445
6506,6.49075
6507,6.571
6508,6.80975
6509,7.05925
6510,7.539
6511,8.07975
6512,8.43575
6513,8.7995
6514,8.94375
6515,8.75925
6516,8.5115
6517,8.333
6518,8.1895
6519,8.4555
6520,8.72725
6521,8.941
6522,8.97175
6523,8.413
6524,8.08825
6525,7.80425
6526,7.284
6527,7.0575
6528,6.79875
6529,6.802
6530,6.87
6531,7.49625
6532,8.79475
6533,9.88375
6534,10.2755
6535,10.455
6536,10.44075
6537,10.48625
6538,10.364
6539,10.3415
6540,10.225
6541,10.20375
6542,10.17025
6543,10.3915
6544,10.5265
6545,10.59475
6546,10.30575
6547,9.71625
6548,9.06325
6549,8.6175
6550,8.07775
6551,7.79475
6552,7.5685
6553,7.3025
6554,7.406
6555,7.84825
6556,8.896
6557,10.0025
6558,10.56175
6559,10.87275
6560,10.76925
6561,10.807
6562,10.51075
6563,10.72325
6564,10.5775
6565,10.46875
6566,10.1735
6567,10.719
6568,10.52175
6569,10.617
6570,10.24925
6571,9.82
6572,9.1505
6573,9.008
6574,8.3625
6575,7.77425
6576,7.56725
6577,7.52375
6578,7.76
6579,8.35075
6580,9.4205
6581,10.50375
6582,10.77775
6583,10.836
6584,10.82025
6585,10.652
6586,10.665
6587,10.38475
6588,10.3035
6589,10.15975
6590,10.21
6591,10.41375
6592,10.5695
6593,10.8025
6594,10.56275
6595,9.83125
6596,9.57425
6597,9.141
6598,8.577
6599,8.144
6600,7.921
6601,7.85425
6602,7.925
6603,8.371
6604,9.4565
6605,10.485
6606,10.75075
6607,10.8865
6608,10.843
6609,10.74875
6610,10.57275
6611,10.60875
6612,10.55725
6613,10.5355
6614,10.60575
6615,10.795
6616,10.94425
6617,10.98225
6618,10.505
6619,9.825
6620,9.5695
6621,9.1705
6622,8.58075
6623,8.1905
6624,7.723
6625,7.6875
6626,7.7675
6627,8.04475
6628,9.00025
6629,10.095
6630,10.492
6631,10.7835
6632,10.70875
6633,10.56325
6634,10.26875
6635,10.32875
6636,10.4135
6637,10.1925
6638,10.4405
6639,10.576
6640,10.60975
6641,10.58775
6642,10.2115
6643,9.7045
6644,9.50325
6645,9.151
6646,8.52825
6647,8.22
6648,7.8955
6649,7.72575
6650,7.6285
6651,7.7845
6652,8.0385
6653,8.4505
6654,8.958
6655,9.458
6656,9.61925
6657,9.7495
6658,9.7275
6659,9.61025
6660,9.167
6661,9.09975
6662,9.0645
6663,9.2125
6664,9.4
6665,9.70725
6666,9.464
6667,8.9015
6668,8.62525
6669,8.45525
6670,8.1095
6671,7.69075
6672,7.29675
6673,7.02325
6674,7.02075
6675,7.174
6676,7.351
6677,7.5755
6678,8.006
6679,8.543
6680,8.9795
6681,9.182
6682,9.34525
6683,8.9025
6684,8.32275
6685,8.329
6686,8.3315
6687,8.70375
6688,9.15925
6689,9.2515
6690,9.1005
6691,8.89225
6692,8.64725
6693,8.4775
6694,7.96625
6695,7.5185
6696,7.1865
6697,7.382
6698,7.49975
6699,7.997
6700,9.3945
6701,10.43925
6702,10.80475
6703,11.15775
6704,11.21675
6705,11.3665
6706,11.11225
6707,11.04975
6708,10.849
6709,10.754
6710,10.59275
6711,10.7355
6712,10.92025
6713,10.99975
6714,10.5965
6715,9.837
6716,9.49125
6717,9.0935
6718,8.55275
6719,8.00625
6720,7.73925
6721,7.68475
6722,7.82125
6723,8.211
6724,9.3105
6725,10.3825
6726,10.72475
6727,11.042
6728,11.13775
6729,11.1615
6730,10.8375
6731,10.94425
6732,10.79825
6733,10.71225
6734,10.6185
6735,10.80525
6736,10.7485
6737,10.82875
6738,10.5165
6739,9.599
6740,9.386
6741,8.9555
6742,8.41725
6743,7.97125
6744,7.74725
6745,7.70825
6746,7.885
6747,8.38175
6748,9.464
6749,10.486
6750,10.6875
6751,10.92475
6752,10.98275
6753,11.04825
6754,10.771
6755,10.6805
6756,10.428
6757,10.518
6758,10.182
6759,10.41575
6760,10.72475
6761,10.91325
6762,10.2705
6763,9.714
6764,9.3655
6765,9.0815
6766,8.595
6767,7.96225
6768,7.6125
6769,7.6145
6770,7.823
6771,8.2045
6772,9.4155
6773,10.43575
6774,10.7105
6775,10.76025
6776,10.71225
6777,10.58425
6778,10.276
6779,10.18775
6780,10.05825
6781,10.0085
6782,10.03925
6783,10.35825
6784,10.541
6785,10.88025
6786,10.5275
6787,10.019
6788,9.7835
6789,9.3495
6790,8.56225
6791,8.1905
6792,7.812
6793,7.766
6794,7.855
6795,8.2915
6796,9.3385
6797,10.46875
6798,10.625
6799,10.66125
6800,10.64175
6801,10.6455
6802,10.45625
6803,10.5045
6804,10.39975
6805,10.329
6806,10.17925
6807,10.24125
6808,10.18625
6809,10.29
6810,9.79875
6811,9.30625
6812,9.1525
6813,8.9615
6814,8.15275
6815,7.67875
6816,7.63525
6817,7.41725
6818,7.3755
6819,7.449
6820,7.772
6821,8.22125
6822,8.6655
6823,9.12575
6824,9.37475
6825,9.35125
6826,9.3165
6827,9.164
6828,9.08125
6829,9.17675
6830,9.2425
6831,9.371
6832,9.4755
6833,9.739
6834,9.4255
6835,8.9945
6836,8.784
6837,8.58625
6838,8.01325
6839,7.52975
6840,7.32875
6841,7.17775
6842,6.999
6843,7.24
6844,7.61575
6845,7.785
6846,8.1295
6847,8.57625
6848,8.523
6849,8.63625
6850,8.52675
6851,8.1555
6852,7.99775
6853,8.19
6854,8.19725
6855,8.58
6856,8.92975
6857,9.56175
6858,9.2745
6859,8.90825
6860,8.8005
6861,8.542
6862,8.0325
6863,7.72825
6864,7.5115
6865,7.419
6866,7.56075
6867,8.02375
6868,9.33475
6869,10.43375
6870,10.6065
6871,10.81325
6872,10.759
6873,10.5645
6874,10.33275
6875,10.28975
6876,10.2065
6877,10.11825
6878,10.149
6879,10.36925
6880,10.52725
6881,10.674
6882,10.218
6883,9.8155
6884,9.74
6885,9.05475
6886,8.25325
6887,7.8375
6888,7.6825
6889,7.611
6890,7.7565
6891,8.38925
6892,9.4435
6893,10.53625
6894,10.751
6895,11.03025
6896,11.0195
6897,11.129
6898,10.97725
6899,10.9615
6900,10.82725
6901,10.83725
6902,10.70225
6903,10.94725
6904,10.939
6905,11.093
6906,10.60675
6907,10.014
6908,9.66675
6909,9.2025
6910,8.4645
6911,8.085
6912,7.809
6913,7.84875
6914,7.898
6915,8.336
6916,9.38775
6917,10.48225
6918,10.57975
6919,10.79625
6920,10.954
6921,11.1345
6922,10.94175
6923,10.87025
6924,10.57975
6925,10.55825
6926,10.54075
6927,10.6575
6928,10.76525
6929,11.042
6930,10.35875
6931,9.69625
6932,9.48725
6933,9.1345
6934,8.57875
6935,8.072
6936,7.801
6937,7.82775
6938,8.075
6939,8.593
6940,9.74375
6941,10.90475
6942,11.07875
6943,11.05825
6944,11.0685
6945,10.92525
6946,10.7105
6947,10.82125
6948,10.78725
6949,10.671
6950,10.60525
6951,10.723
6952,10.80725
6953,11.08925
6954,10.54025
6955,9.95525
6956,9.63825
6957,9.207
6958,8.6195
6959,8.0815
6960,7.81325
6961,7.84775
6962,7.883
6963,8.32225
6964,9.3345
6965,10.39375
6966,10.73525
6967,10.798
6968,10.702
6969,10.81875
6970,10.445
6971,10.25025
6972,10.0625
6973,10.02775
6974,10.23425
6975,10.317
6976,10.3495
6977,10.531
6978,10.07125
6979,9.51875
6980,9.30625
6981,9.065
6982,8.44575
6983,7.875
6984,7.75225
6985,7.58675
6986,7.47575
6987,7.6765
6988,8.00775
6989,8.26575
6990,8.77275
6991,9.30675
6992,9.5145
6993,9.74725
6994,9.57175
6995,9.546
6996,9.42275
6997,9.34225
6998,9.172
6999,9.27375
7000,9.7165
7001,9.987
7002,9.53
7003,9.0525
7004,8.94225
7005,8.7395
7006,8.21525
7007,7.8345
7008,7.54225
7009,7.5165
7010,7.52825
7011,7.62725
7012,7.799
7013,8.0615
7014,8.41225
7015,9.00975
7016,9.464
7017,9.72825
7018,9.8815
7019,9.49225
7020,9.1505
7021,8.9995
7022,8.9835
7023,9.351
7024,9.783
7025,10.03125
7026,9.64075
7027,9.07675
7028,8.9315
7029,8.75975
7030,8.024
7031,7.67825
7032,7.5865
7033,7.4565
7034,7.66675
7035,8.29475
7036,9.526
7037,10.6895
7038,11.074
7039,11.17225
7040,11.21325
7041,11.1925
7042,10.996
7043,10.79175
7044,10.78325
7045,10.81525
7046,10.80175
7047,11.06175
7048,11.3745
7049,11.3745
7050,10.80425
7051,10.067
7052,9.84125
7053,9.51925
7054,8.842
7055,8.42625
7056,8.1175
7057,8.09325
7058,8.24775
7059,8.729
7060,9.842
7061,10.98525
7062,11.35175
7063,11.42325
7064,11.43925
7065,11.5195
7066,11.23275
7067,11.12925
7068,11.00225
7069,10.891
7070,10.82175
7071,11.0215
7072,11.44825
7073,11.6385
7074,11.06725
7075,10.3815
7076,10.138
7077,9.75575
7078,9.036
7079,8.54975
7080,8.25
7081,8.224
7082,8.27525
7083,8.6955
7084,9.753
7085,10.913
7086,11.16825
7087,11.224
7088,11.156
7089,11.3095
7090,11.03675
7091,11.07875
7092,10.66
7093,10.6085
7094,10.617
7095,10.9285
7096,11.2165
7097,11.32725
7098,10.839
7099,10.1905
7100,9.96925
7101,9.49825
7102,8.8575
7103,8.3545
7104,8.0215
7105,8.03375
7106,7.8985
7107,8.4875
7108,9.71075
7109,10.5075
7110,10.92575
7111,10.8835
7112,10.8615
7113,10.7015
7114,10.302
7115,9.9755
7116,9.9675
7117,10.052
7118,10.08225
7119,10.332
7120,10.688
7121,10.977
7122,10.22775
7123,9.88675
7124,9.644
7125,9.1945
7126,8.61575
7127,8.18775
7128,7.842
7129,7.78675
7130,7.869
7131,8.488
7132,9.337
7133,10.592
7134,10.84625
7135,10.88225
7136,10.8855
7137,10.698
7138,10.38725
7139,10.144
7140,9.95125
7141,9.84175
7142,9.898
7143,10.13675
7144,10.41725
7145,10.3035
7146,9.936
7147,9.303
7148,9.16675
7149,8.867
7150,8.1615
7151,7.71175
7152,7.43425
7153,7.2415
7154,7.286
7155,7.379
7156,7.618
7157,8.135
7158,8.6095
7159,9.006
7160,9.0935
7161,8.96375
7162,8.8685
7163,8.708
7164,8.47775
7165,8.438
7166,8.4435
7167,8.7935
7168,9.3195
7169,9.5175
7170,9.0705
7171,8.68
7172,8.4485
7173,8.34525
7174,7.7485
7175,7.41775
7176,6.85675
7177,7.2805
7178,7.18425
7179,7.32475
7180,7.557
7181,7.973
7182,8.34875
7183,8.84125
7184,9.20025
7185,9.46475
7186,9.688
7187,9.67825
7188,9.327
7189,9.05875
7190,8.86525
7191,8.899
7192,9.6095
7193,10.19125
7194,10.04425
7195,9.734
7196,9.306
7197,9.213
7198,8.959
7199,8.4275
7200,8.176
7201,7.99525
7202,7.9995
7203,8.144
7204,8.666
7205,9.7885
7206,10.61875
7207,10.967
7208,11.06475
7209,10.93175
7210,10.985
7211,10.71625
7212,10.81975
7213,10.731
7214,10.8115
7215,10.9065
7216,11.47725
7217,11.845
7218,11.29775
7219,10.68375
7220,10.09925
7221,9.93525
7222,9.635
7223,8.98575
7224,8.47725
7225,8.3985
7226,8.1735
7227,8.32775
7228,8.81775
7229,9.81425
7230,10.66225
7231,11.052
7232,11.156
7233,11.0085
7234,10.89975
7235,10.6815
7236,10.6325
7237,10.5995
7238,10.57775
7239,10.69275
7240,11.34275
7241,11.648
7242,11.13775
7243,10.5145
7244,9.97925
7245,9.8985
7246,9.691
7247,9.046
7248,8.61
7249,8.26875
7250,8.3645
7251,8.52725
7252,8.98275
7253,9.90475
7254,10.64225
7255,11.0185
7256,11.36925
7257,11.39325
7258,11.51775
7259,11.276
7260,11.1215
7261,10.82575
7262,10.73925
7263,10.78175
7264,11.23575
7265,11.6015
7266,11.34
7267,10.80675
7268,10.25025
7269,10.13975
7270,9.97825
7271,9.47925
7272,9.0505
7273,8.7325
7274,8.59625
7275,8.7115
7276,9.20725
7277,10.11975
7278,10.77575
7279,11.1895
7280,11.2705
7281,11.16575
7282,11.138
7283,10.902
7284,10.7725
7285,10.64675
7286,10.70525
7287,10.883
7288,11.39925
7289,11.5765
7290,11.06575
7291,10.60075
7292,10.202
7293,10.1275
7294,9.87125
7295,9.3515
7296,8.92025
7297,8.5185
7298,8.357
7299,8.213
7300,8.08575
7301,8.27825
7302,8.421
7303,8.80775
7304,9.168
7305,9.48675
7306,9.815
7307,9.75625
7308,9.42625
7309,9.20075
7310,9.2255
7311,9.25
7312,9.69825
7313,9.907
7314,9.5765
7315,9.36625
7316,8.933
7317,8.83175
7318,8.99075
7319,8.42325
7320,8.017
7321,7.5585
7322,7.22475
7323,7.299
7324,7.47475
7325,7.78675
7326,8.09425
7327,8.6365
7328,9.23025
7329,9.29825
7330,9.34575
7331,9.176
7332,9.109
7333,8.9235
7334,9.016
7335,9.16225
7336,9.75775
7337,10.01475
7338,9.68975
7339,9.13625
7340,8.758
7341,8.8025
7342,8.64275
7343,8.04225
7344,7.6165
7345,7.5485
7346,7.399
7347,7.4
7348,7.485
7349,7.873
7350,8.08425
7351,8.39925
7352,8.989
7353,9.466
7354,9.7685
7355,9.9585
7356,9.76325
7357,9.49825
7358,9.42625
7359,9.47925
7360,10.08625
7361,10.32575
7362,10.12575
7363,9.55825
7364,9.08475
7365,9.0335
7366,8.8115
7367,8.23025
7368,8.02075
7369,7.65125
7370,7.6615
7371,7.53175
7372,8.3935
7373,9.6685
7374,10.5025
7375,10.81125
7376,11.15025
7377,11.08025
7378,11.17825
7379,11.11925
7380,11.01875
7381,10.88775
7382,10.917
7383,10.98925
7384,11.56325
7385,11.72975
7386,11.315
7387,10.80025
7388,10.18075
7389,9.94425
7390,9.60575
7391,8.95
7392,8.53125
7393,8.3455
7394,8.34425
7395,8.524
7396,8.94825
7397,10.0935
7398,10.97225
7399,11.25075
7400,11.3675
7401,11.346
7402,11.43425
7403,11.37
7404,11.44125
7405,11.3315
7406,11.2435
7407,11.28475
7408,11.92975
7409,12.103
7410,11.72525
7411,11.1765
7412,10.54025
7413,10.3915
7414,10.0425
7415,9.4055
7416,8.8325
7417,8.58875
7418,8.626
7419,8.64775
7420,9.102
7421,10.20325
7422,11.10475
7423,11.4035
7424,11.67875
7425,11.76075
7426,11.838
7427,11.59875
7428,11.5675
7429,11.41725
7430,11.39825
7431,11.40175
7432,11.93675
7433,12.0475
7434,11.58075
7435,10.99775
7436,10.40075
7437,10.29375
7438,9.97225
7439,9.23475
7440,8.6695
7441,8.3605
7442,8.217
7443,8.149
7444,8.584
7445,9.68825
7446,10.63075
7447,10.72925
7448,11.10225
7449,11.40325
7450,11.58225
7451,10.979
7452,10.63475
7453,10.72625
7454,10.6745
7455,10.746
7456,11.39825
7457,11.688
7458,11.292
7459,10.64875
7460,10.26125
7461,10.2505
7462,10.06325
7463,9.2085
7464,8.67725
7465,8.61375
7466,8.456
7467,8.5085
7468,9.10325
7469,10.23175
7470,11.30125
7471,11.378
7472,11.4415
7473,11.3075
7474,11.323
7475,11.034
7476,11.03425
7477,10.9385
7478,10.84525
7479,10.951
7480,11.636
7481,11.69675
7482,11.1815
7483,10.54025
7484,10.0905
7485,10.09825
7486,9.826
7487,9.234
7488,8.71275
7489,8.31875
7490,8.176
7491,8.0285
7492,8.09475
7493,8.535
7494,8.91625
7495,9.39175
7496,9.78975
7497,10.083
7498,10.04025
7499,9.99425
7500,9.70075
7501,9.59775
7502,9.59125
7503,9.80725
7504,10.6155
7505,10.7265
7506,10.31925
7507,9.84825
7508,9.441
7509,9.39575
7510,9.4655
7511,8.9505
7512,8.57225
7513,8.362
7514,8.2005
7515,8.096
7516,8.10575
7517,8.4315
7518,8.54625
7519,8.87525
7520,9.27875
7521,9.444
7522,9.65625
7523,9.6055
7524,9.39775
7525,9.204
7526,9.17575
7527,9.364
7528,10.1705
7529,10.45025
7530,10.3515
7531,9.84
7532,9.52225
7533,9.4515
7534,9.289
7535,8.5165
7536,8.1805
7537,7.911
7538,7.674
7539,7.4365
7540,7.617
7541,7.973
7542,8.14725
7543,8.2525
7544,8.82125
7545,9.18325
7546,9.57625
7547,9.7685
7548,9.59325
7549,9.43225
7550,9.35675
7551,9.39825
7552,10.0595
7553,10.1505
7554,10.01425
7555,9.719
7556,9.33325
7557,9.382
7558,8.935
7559,8.32275
7560,7.96575
7561,7.809
7562,7.716
7563,7.81325
7564,8.35375
7565,9.684
7566,10.72975
7567,10.76625
7568,11.23175
7569,11.33175
7570,11.37975
7571,11.112
7572,11.01775
7573,10.914
7574,10.86825
7575,10.99775
7576,11.776
7577,11.90325
7578,11.63175
7579,11.03775
7580,10.3365
7581,10.08575
7582,9.86275
7583,9.303
7584,8.91075
7585,8.6595
7586,8.523
7587,8.63125
7588,9.1775
7589,10.2405
7590,11.31175
7591,11.5655
7592,11.72025
7593,11.76225
7594,11.921
7595,11.7445
7596,11.678
7597,11.6245
7598,11.62
7599,11.50175
7600,12.128
7601,11.93675
7602,11.612
7603,10.9755
7604,10.4425
7605,10.23325
7606,9.8885
7607,9.32025
7608,8.87575
7609,8.57725
7610,8.317
7611,8.35725
7612,8.774
7613,9.8235
7614,10.91425
7615,11.2695
7616,11.62825
7617,11.75375
7618,11.80725
7619,11.649
7620,11.7165
7621,11.7945
7622,11.80075
7623,11.87675
7624,12.4765
7625,12.54825
7626,11.99325
7627,11.31525
7628,10.74725
7629,10.59625
7630,10.323
7631,9.68325
7632,9.2
7633,8.8245
7634,8.65575
7635,8.829
7636,9.1895
7637,10.27575
7638,11.3975
7639,11.718
7640,12.1315
7641,12.19825
7642,12.23075
7643,11.89375
7644,11.99975
7645,11.97075
7646,11.89975
7647,11.9655
7648,12.28475
7649,12.07825
7650,11.4915
7651,10.993
7652,10.61225
7653,10.61725
7654,10.419
7655,9.74
7656,9.248
7657,8.988
7658,8.70525
7659,8.6845
7660,8.937
7661,9.174
7662,9.6035
7663,10.09875
7664,10.5815
7665,10.8295
7666,10.95675
7667,10.6545
7668,10.34875
7669,10.14275
7670,10.23625
7671,10.4745
7672,11.1525
7673,11.12375
7674,10.6835
7675,10.087
7676,9.7515
7677,9.674
7678,9.641
7679,9.192
7680,8.80525
7681,8.537
7682,8.31775
7683,8.3555
7684,8.4475
7685,8.6805
7686,8.8565
7687,9.17575
7688,9.5285
7689,9.72125
7690,9.896
7691,9.965
7692,9.793
7693,9.714
7694,9.682
7695,9.807
7696,10.5405
7697,10.75475
7698,10.53775
7699,10.17725
7700,9.8465
7701,9.70075
7702,9.629
7703,9.12025
7704,8.78175
7705,8.494
7706,8.312
7707,8.4565
7708,9.10625
7709,10.35925
7710,11.53675
7711,11.77675
7712,12.109
7713,12.0715
7714,12.2395
7715,12.254
7716,12.33025
7717,12.152
7718,12.0375
7719,12.0265
7720,12.48475
7721,12.4975
7722,11.90825
7723,11.367
7724,10.73975
7725,10.57275
7726,10.418
7727,9.84225
7728,9.346
7729,9.06075
7730,8.829
7731,8.91175
7732,9.5345
7733,10.7635
7734,11.8115
7735,11.89
7736,11.90225
7737,11.79175
7738,11.73875
7739,11.33975
7740,11.48725
7741,11.412
7742,11.50075
7743,11.79275
7744,12.61475
7745,12.61075
7746,12.13
7747,11.5865
7748,11.1295
7749,11.06425
7750,10.973
7751,10.336
7752,9.88325
7753,9.56525
7754,9.464
7755,9.50925
7756,9.9015
7757,10.995
7758,12.001
7759,12.155
7760,12.18625
7761,12.01525
7762,12.04
7763,11.78775
7764,11.7035
7765,11.5715
7766,11.6095
7767,11.85525
7768,12.48
7769,12.54625
7770,12.1665
7771,11.5705
7772,11.0085
7773,11.0845
7774,10.90725
7775,10.20125
7776,9.68725
7777,9.4045
7778,9.339
7779,9.4735
7780,9.97775
7781,11.1505
7782,12.19075
7783,12.2125
7784,12.5015
7785,12.46625
7786,12.59875
7787,12.30975
7788,12.27475
7789,12.005
7790,11.93425
7791,12.00325
7792,12.5655
7793,12.519
7794,11.96325
7795,11.39125
7796,10.9555
7797,10.81425
7798,10.4445
7799,9.85875
7800,9.49225
7801,9.23825
7802,8.92925
7803,8.9795
7804,9.3735
7805,10.42625
7806,11.463
7807,11.72025
7808,11.71575
7809,11.5715
7810,11.44225
7811,11.0225
7812,11.0915
7813,11.0925
7814,10.98725
7815,11.19825
7816,11.6125
7817,11.5545
7818,11.1975
7819,10.66575
7820,10.2235
7821,10.3095
7822,10.0335
7823,9.501
7824,9.0685
7825,8.5875
7826,8.34025
7827,8.43775
7828,8.53125
7829,8.81075
7830,9.39925
7831,9.88425
7832,10.40175
7833,10.794
7834,10.99725
7835,10.951
7836,10.69025
7837,10.49925
7838,10.3825
7839,10.34625
7840,10.939
7841,10.9545
7842,10.39075
7843,9.979
7844,9.54975
7845,9.74425
7846,9.66275
7847,9.1945
7848,8.8915
7849,8.57425
7850,8.40375
7851,8.3745
7852,8.515
7853,8.7335
7854,8.90275
7855,9.22275
7856,9.678
7857,9.88925
7858,10.1645
7859,10.2285
7860,10.06575
7861,9.74675
7862,9.8015
7863,9.99325
7864,10.67075
7865,10.79575
7866,10.588
7867,10.15675
7868,9.65
7869,9.58425
7870,9.42375
7871,8.95775
7872,8.65375
7873,8.33425
7874,8.092
7875,8.2895
7876,8.95675
7877,10.309
7878,11.42925
7879,11.71225
7880,11.629
7881,11.71625
7882,11.6765
7883,11.3975
7884,11.345
7885,11.17575
7886,11.34925
7887,11.5175
7888,12.16775
7889,12.17825
7890,11.70475
7891,11.14025
7892,10.36975
7893,10.40575
7894,10.22575
7895,9.438
7896,9.06875
7897,8.7435
7898,8.57825
7899,8.723
7900,9.138
7901,10.337
7902,11.271
7903,11.639
7904,11.6725
7905,11.75575
7906,11.68625
7907,11.43725
7908,11.572
7909,11.39375
7910,11.37475
7911,11.487
7912,11.89625
7913,11.72625
7914,11.2825
7915,10.789
7916,10.34475
7917,10.1925
7918,10.0205
7919,9.32675
7920,8.739
7921,8.64725
7922,8.408
7923,8.243
7924,8.73225
7925,9.91725
7926,10.839
7927,11.23775
7928,11.3905
7929,11.34275
7930,11.432
7931,11.3575
7932,11.39325
7933,11.281
7934,11.338
7935,11.37825
7936,11.6475
7937,11.6125
7938,11.25225
7939,10.68875
7940,10.168
7941,10.06875
7942,9.79675
7943,9.17025
7944,8.671
7945,8.34525
7946,8.122
7947,8.22075
7948,8.77975
7949,9.97275
7950,10.92675
7951,11.248
7952,11.44125
7953,11.55025
7954,11.78425
7955,11.7215
7956,11.8825
7957,11.7835
7958,11.62525
7959,11.7865
7960,12.27525
7961,12.14775
7962,11.722
7963,11.12525
7964,10.47725
7965,10.60275
7966,10.484
7967,9.7915
7968,9.32175
7969,8.9315
7970,8.77475
7971,8.91375
7972,9.44775
7973,10.496
7974,11.56275
7975,11.9085
7976,11.8225
7977,11.63225
7978,11.67
7979,11.4905
7980,11.3125
7981,11.1425
7982,11.10125
7983,11.32825
7984,11.89425
7985,11.742
7986,11.294
7987,10.8225
7988,10.36625
7989,10.451
7990,10.37675
7991,9.7405
7992,9.237
7993,8.89775
7994,8.71125
7995,8.6665
7996,8.7935
7997,9.1345
7998,9.5625
7999,9.98725
8000,10.357
8001,10.40825
8002,10.3685
8003,10.2255
8004,9.95425
8005,9.74325
8006,9.96325
8007,10.32025
8008,10.89975
8009,10.84025
8010,10.44375
8011,9.902
8012,9.463
8013,9.6415
8014,9.6385
8015,9.216
8016,8.88425
8017,8.48525
8018,8.133
8019,7.98325
8020,8.035
8021,8.20125
8022,8.53125
8023,8.92475
8024,9.4765
8025,9.8715
8026,10.227
8027,10.3435
8028,10.251
8029,10.01175
8030,9.905
8031,9.94025
8032,10.58825
8033,10.77725
8034,10.65025
8035,10.253
8036,9.82475
8037,10.03075
8038,9.99325
8039,9.6555
8040,9.318
8041,9.01225
8042,8.86625
8043,9.04825
8044,9.697
8045,11.00325
8046,12.07
8047,12.2915
8048,12.39325
8049,12.2605
8050,12.36825
8051,12.06125
8052,11.9795
8053,11.9335
8054,11.99375
8055,12.185
8056,12.836
8057,12.789
8058,12.2625
8059,11.67425
8060,11.01775
8061,10.955
8062,10.745
8063,10.172
8064,9.741
8065,9.49675
8066,9.38175
8067,9.43575
8068,9.9715
8069,11.14775
8070,12.121
8071,12.31025
8072,12.38475
8073,12.292
8074,12.27525
8075,11.97
8076,11.7915
8077,11.6385
8078,11.888
8079,12.1555
8080,12.801
8081,12.7005
8082,12.163
8083,11.66525
8084,11.0695
8085,11.13425
8086,11.008
8087,10.4235
8088,10.00875
8089,9.76475
8090,9.61
8091,9.686
8092,10.13425
8093,11.20925
8094,12.24375
8095,12.51775
8096,12.4625
8097,12.2445
8098,12.246
8099,12.01675
8100,11.88175
8101,11.7195
8102,11.849
8103,12.1965
8104,12.83025
8105,12.496
8106,12.44075
8107,11.97
8108,11.29175
8109,11.349
8110,11.0955
8111,10.58125
8112,10.10425
8113,9.85
8114,9.56525
8115,9.632
8116,9.9965
8117,11.2415
8118,12.3195
8119,12.5355
8120,12.584
8121,12.4185
8122,12.40175
8123,12.221
8124,12.27475
8125,12.18125
8126,12.1085
8127,12.3015
8128,12.7485
8129,12.67625
8130,12.24875
8131,11.7
8132,10.98275
8133,10.98475
8134,10.69875
8135,10.14275
8136,9.79925
8137,9.4605
8138,9.29125
8139,9.3285
8140,9.757
8141,10.83075
8142,11.6365
8143,12.073
8144,12.25575
8145,12.2625
8146,12.329
8147,12.188
8148,12.11925
8149,11.90775
8150,11.70625
8151,11.873
8152,12.186
8153,11.9505
8154,11.4205
8155,10.82075
8156,10.3175
8157,10.39325
8158,10.397
8159,9.72225
8160,9.219
8161,8.80225
8162,8.53825
8163,8.4375
8164,8.53675
8165,8.84175
8166,9.25625
8167,9.87325
8168,10.3315
8169,10.795
8170,10.95625
8171,10.85425
8172,10.738
8173,10.4165
8174,10.32975
8175,10.5545
8176,10.99825
8177,10.82075
8178,10.461
8179,9.8025
8180,9.315
8181,9.27075
8182,9.26675
8183,8.8835
8184,8.50875
8185,8.204
8186,7.883
8187,7.84425
8188,7.93325
8189,8.316
8190,8.42025
8191,8.97475
8192,9.44825
8193,9.886
8194,10.16725
8195,10.2735
8196,9.823
8197,9.514
8198,9.367
8199,9.45525
8200,10.1175
8201,10.28075
8202,10.37525
8203,9.99575
8204,9.6405
8205,9.62325
8206,9.5345
8207,9.028
8208,8.65175
8209,8.34925
8210,8.1585
8211,8.28325
8212,8.77025
8213,10.077
8214,11.2815
8215,11.77575
8216,11.84625
8217,11.701
8218,11.76725
8219,11.76625
8220,11.88425
8221,11.8005
8222,11.86275
8223,12.006
8224,12.36375
8225,12.24675
8226,11.71
8227,11.25825
8228,10.793
8229,10.6315
8230,10.63925
8231,10.07525
8232,9.64675
8233,9.34
8234,9.2565
8235,9.263
8236,9.647
8237,10.66475
8238,11.743
8239,11.958
8240,12.0365
8241,11.84775
8242,11.756
8243,11.532
8244,11.3435
8245,11.41525
8246,11.642
8247,11.9635
8248,12.5815
8249,12.5015
8250,11.98675
8251,11.36775
8252,10.80775
8253,10.7735
8254,10.491
8255,9.94625
8256,9.61975
8257,9.11475
8258,9.03175
8259,9.33575
8260,9.7085
8261,10.854
8262,11.82425
8263,12.228
8264,12.33775
8265,12.34975
8266,12.427
8267,12.16875
8268,12.18675
8269,12.036
8270,11.921
8271,11.99725
8272,12.466
8273,12.22175
8274,11.9635
8275,11.185
8276,10.8235
8277,10.7035
8278,10.498
8279,9.941
8280,9.64
8281,9.342
8282,9.1865
8283,9.2175
8284,9.798
8285,10.92525
8286,11.9735
8287,12.12625
8288,11.99525
8289,11.91525
8290,11.89275
8291,11.80075
8292,11.794
8293,11.753
8294,11.83025
8295,12.08475
8296,12.57625
8297,12.398
8298,11.9505
8299,11.42475
8300,10.8745
8301,10.828
8302,10.75825
8303,10.206
8304,9.69575
8305,9.4885
8306,9.36275
8307,9.4425
8308,9.65975
8309,10.775
8310,11.891
8311,12.22675
8312,12.3135
8313,12.00375
8314,12.262
8315,12.3315
8316,12.09675
8317,11.8545
8318,11.70225
8319,11.84
8320,12.20825
8321,11.8905
8322,11.43825
8323,10.98375
8324,10.43325
8325,10.5105
8326,10.36425
8327,9.91275
8328,9.53425
8329,9.07825
8330,8.92975
8331,8.4555
8332,8.583
8333,8.9105
8334,9.27025
8335,9.882
8336,10.28075
8337,10.41525
8338,10.506
8339,10.72925
8340,10.5525
8341,10.4765
8342,10.4745
8343,10.55175
8344,11.13575
8345,11.01925
8346,10.638
8347,10.22575
8348,9.73225
8349,9.58725
8350,9.66175
8351,9.2365
8352,8.772
8353,8.431
8354,8.085
8355,7.959
8356,8.04975
8357,8.309
8358,8.48675
8359,8.97
8360,9.3475
8361,9.44875
8362,9.53425
8363,9.66425
8364,9.5405
8365,9.45475
8366,9.53325
8367,9.9255
8368,10.44475
8369,10.4585
8370,10.37675
8371,10.19875
8372,9.93075
8373,10.005
8374,9.8625
8375,9.32375
8376,9.028
8377,8.69425
8378,8.39775
8379,8.4645
8380,9.075
8381,10.2875
8382,11.3385
8383,11.847
8384,12.18975
8385,12.25775
8386,12.19375
8387,12.13475
8388,12.09275
8389,12.08425
8390,12.02175
8391,12.1955
8392,12.635
8393,12.538
8394,12.037
8395,11.2945
8396,10.72075
8397,10.58375
8398,10.451
8399,9.734
8400,9.15
8401,8.768
8402,8.43875
8403,8.55625
8404,8.9915
8405,10.0685
8406,11.0425
8407,11.49425
8408,11.648
8409,11.6595
8410,11.6035
8411,11.17025
8412,11.26175
8413,11.44675
8414,11.3265
8415,11.5395
8416,12.12575
8417,11.8405
8418,11.43475
8419,10.82275
8420,10.41425
8421,10.4525
8422,10.31025
8423,9.7165
8424,9.1715
8425,8.82675
8426,8.5105
8427,8.38875
8428,9.05425
8429,10.0035
8430,11.256
8431,11.78525
8432,11.67425
8433,11.542
8434,11.563
8435,11.2535
8436,11.30175
8437,11.121
8438,11.315
8439,11.53925
8440,11.99325
8441,11.772
8442,11.312
8443,10.785
8444,10.17175
8445,10.257
8446,10.09225
8447,9.518
8448,9.04525
8449,8.61975
8450,8.39425
8451,8.4815
8452,8.78875
8453,9.87
8454,10.65925
8455,11.27125
8456,11.1615
8457,11.132
8458,11.10525
8459,10.88775
8460,10.87825
8461,10.86
8462,10.97725
8463,11.17475
8464,11.661
8465,11.56225
8466,11.17125
8467,10.405
8468,9.924
8469,9.98875
8470,9.7965
8471,9.2275
8472,8.8125
8473,8.3515
8474,8.283
8475,8.3885
8476,8.744
8477,9.6485
8478,10.53625
8479,11.0655
8480,11.1885
8481,11.1805
8482,11.19675
8483,10.93
8484,10.84425
8485,10.61825
8486,10.45825
8487,10.623
8488,11.18775
8489,10.89275
8490,10.583
8491,10.00325
8492,9.45275
8493,9.621
8494,9.60425
8495,9.14625
8496,8.6515
8497,8.172
8498,7.95175
8499,7.88375
8500,8.03475
8501,8.2965
8502,8.61825
8503,9.194
8504,9.57675
8505,9.65825
8506,9.8695
8507,9.92875
8508,9.8245
8509,9.6925
8510,9.5395
8511,9.79075
8512,10.299
8513,10.20325
8514,9.89325
8515,9.3955
8516,9.01625
8517,9.215
8518,9.09325
8519,8.68975
8520,8.17425
8521,7.859
8522,7.6715
8523,7.5975
8524,7.836
8525,8.02625
8526,8.2865
8527,8.719
8528,9.0985
8529,9.51125
8530,9.73575
8531,9.96
8532,9.7675
8533,9.5205
8534,9.4645
8535,9.617
8536,10.02625
8537,10.01225
8538,9.9245
8539,9.47175
8540,9.10375
8541,9.1625
8542,9.14975
8543,8.60125
8544,8.16275
8545,7.79125
8546,7.61675
8547,7.80775
8548,8.13625
8549,8.89475
8550,9.5955
8551,10.23825
8552,10.481
8553,10.63475
8554,10.61425
8555,10.4775
8556,10.37875
8557,10.29925
8558,10.279
8559,10.34925
8560,10.96375
8561,10.8085
8562,10.37075
8563,9.85525
8564,9.5175
8565,9.49575
8566,9.41875
8567,8.6635
8568,8.17375
8569,7.78975
8570,7.6225
8571,7.598
8572,7.9125
8573,8.337
8574,8.796
8575,9.4955
8576,9.85175
8577,9.93025
8578,9.92725
8579,9.87375
8580,9.729
8581,9.56725
8582,9.56875
8583,9.619
8584,9.89675
8585,9.456
8586,8.9555
8587,8.65425
8588,8.2535
8589,8.63825
8590,8.69075
8591,8.3645
8592,7.7935
8593,7.36925
8594,6.96275
8595,6.83525
8596,6.92425
8597,7.28625
8598,7.34575
8599,7.65
8600,8.0455
8601,8.611
8602,8.92525
8603,9.0905
8604,9.032
8605,8.78025
8606,8.6825
8607,8.7505
8608,9.21425
8609,9.257
8610,9.153
8611,8.94225
8612,8.7755
8613,9.06875
8614,9.169
8615,8.731
8616,8.30775
8617,8.001
8618,7.84075
8619,7.78925
8620,7.9585
8621,8.46625
8622,8.8625
8623,9.452
8624,9.81825
8625,10.0565
8626,10.347
8627,10.43
8628,10.40825
8629,10.1475
8630,10.0675
8631,10.07025
8632,10.5905
8633,10.53275
8634,10.109
8635,9.64
8636,9.25775
8637,9.43525
8638,9.38475
8639,8.89075
8640,8.33225
8641,8.042
8642,7.85475
8643,7.8965
8644,8.2125
8645,8.80625
8646,9.23475
8647,9.7865
8648,10.00575
8649,10.3105
8650,10.5575
8651,10.6435
8652,10.52425
8653,10.374
8654,10.34825
8655,10.51525
8656,11.0055
8657,10.7415
8658,10.3425
8659,9.82075
8660,9.402
8661,9.6065
8662,9.5405
8663,9.01275
8664,8.5085
8665,8.1535
8666,8.01775
8667,7.94475
8668,8.124
8669,8.39175
8670,8.63125
8671,9.08025
8672,9.42075
8673,9.70175
8674,9.79975
8675,9.75975
8676,9.66875
8677,9.49975
8678,9.551
8679,9.766
8680,10.50125
8681,10.41775
8682,10.09125
8683,9.57225
8684,9.22225
8685,9.306
8686,9.39675
8687,9.00725
8688,8.5865
8689,8.27325
8690,8.08625
8691,8.12675
8692,8.19775
8693,8.3445
8694,8.46975
8695,8.84175
8696,9.113
8697,9.24125
8698,9.4975
8699,9.65575
8700,9.6015
8701,9.27375
8702,9.34
8703,9.409
8704,10.002
8705,10.05
8706,9.86125
8707,9.42
8708,9.091
8709,9.06725
8710,8.991
8711,8.59825
8712,8.34625
8713,7.99875
8714,7.759
8715,7.86525
8716,8.111
8717,8.72075
8718,9.039
8719,9.598
8720,9.884
8721,9.818
8722,9.7585
8723,9.64275
8724,9.55775
8725,9.16575
8726,9.24375
8727,9.5355
8728,10.339
8729,10.31925
8730,10.0665
8731,9.76375
8732,9.25425
8733,9.4055
8734,9.48
8735,9.0075
8736,8.63325
8737,8.368
8738,8.16925
8739,8.15925
8740,8.4005
8741,9.03925
8742,9.48375
8743,9.94
8744,10.2605
8745,10.413
8746,10.46875
8747,10.4735
8748,10.3755
8749,10.25275
8750,10.12025
8751,10.08075
8752,10.381
8753,10.05375
8754,9.6395
8755,9.3685
8756,9.1045
8757,9.34575
8758,9.39175
8759,9.069
