0,22.85
1,21.6
2,20.255
3,19.459
4,19.503
5,20.38
6,20.833
7,21.199
8,22.341
9,23.695
10,24.547
11,25.172
12,23.97
13,23.088
14,23.557
15,24.975
16,28.519
17,29.748
18,30.466
19,29.874
20,28.568
21,26.561
22,23.904
23,21.649
24,20.077
25,19.3
26,18.942
27,19.286
28,20.993
29,24.833
30,29.443
31,33.463
32,35.891
33,36.056
34,36.123
35,35.866
36,35.037
37,35.263
38,35.69
39,37.199
40,40.181
41,40.26
42,39.631
43,37.192
44,34.291
45,30.917
46,27.492
47,24.612
48,22.665
49,21.644
50,21.33
51,21.693
52,23.063
53,27.031
54,31.67
55,35.959
56,38.376
57,38.688
58,38.21
59,37.043
60,36.485
61,37.007
62,37.412
63,38.95
64,41.93
65,42.047
66,41.387
67,38.781
68,35.8
69,32.179
70,28.761
71,25.904
72,24.13
73,23.199
74,22.672
75,22.867
76,24.407
77,27.827
78,32.705
79,37.396
80,40.207
81,40.799
82,41.002
83,39.262
84,37.802
85,38.003
86,38.286
87,39.711
88,42.706
89,42.762
90,41.984
91,39.367
92,36.253
93,32.825
94,29.631
95,26.055
96,24.137
97,22.817
98,22.633
99,22.6
100,23.443
101,25.622
102,28.534
103,31.31
104,34
105,34.867
106,34.141
107,32.818
108,31.33
109,30.895
110,31.401
111,32.71
112,36.44
113,37.578
114,37.518
115,35.444
116,32.914
117,30.083
118,27.243
119,24.611
120,22.785
121,21.723
122,21.13
123,21.029
124,21.466
125,22.755
126,24.24
127,26.258
128,28.87
129,30.004
130,30.387
131,30.186
132,27.886
133,27.113
134,27.714
135,29.218
136,33.066
137,34.458
138,35.04
139,34.083
140,32.351
141,29.745
142,26.827
143,23.809
144,22.01
145,21.566
146,21.452
147,21.925
148,24.209
149,30.695
150,38.056
151,43.074
152,45.45
153,45.184
154,44.63
155,42.609
156,42.248
157,43.501
158,44.336
159,45.556
160,47.768
161,46.747
162,45.556
163,42.959
164,39.924
165,35.671
166,31.562
167,28.724
168,26.844
169,25.917
170,25.745
171,25.977
172,27.959
173,33.953
174,40.854
175,45.772
176,47.689
177,47.715
178,47.653
179,44.995
180,44.318
181,45.683
182,46.289
183,47.318
184,48.886
185,47.657
186,46.126
187,43.377
188,40.08
189,35.75
190,31.978
191,28.806
192,26.85
193,25.88
194,25.647
195,26.314
196,28.167
197,33.997
198,41.201
199,46.171
200,48.139
201,47.501
202,46.595
203,44.014
204,44.06
205,45.022
206,45.684
207,46.749
208,48.668
209,47.697
210,46.101
211,43.305
212,39.918
213,35.526
214,31.943
215,28.714
216,27.04
217,26.106
218,25.966
219,26.272
220,27.986
221,33.751
222,41.247
223,46.029
224,47.467
225,47.213
226,47.044
227,44.154
228,44.093
229,44.87
230,45.075
231,46.36
232,48.405
233,47.696
234,46.577
235,43.808
236,40.364
237,36.013
238,32.178
239,29.028
240,27.193
241,26.281
242,26.037
243,26.406
244,28.43
245,34.057
246,41.094
247,45.943
248,48.016
249,47.665
250,46.766
251,43.908
252,42.998
253,44.154
254,44.301
255,45.163
256,47.584
257,47.187
258,45.971
259,42.796
260,39.483
261,35.502
262,32.002
263,29.193
264,27.141
265,25.994
266,25.437
267,25.314
268,26.057
269,28.935
270,33.05
271,36.199
272,38.204
273,38.197
274,36.466
275,34.992
276,33.459
277,33.279
278,32.988
279,34.147
280,38.157
281,39.832
282,39.86
283,37.711
284,34.705
285,31.895
286,29.077
287,26.561
288,24.694
289,23.47
290,22.808
291,22.483
292,23.11
293,24.473
294,25.951
295,27.716
296,30.394
297,31.603
298,31.602
299,31.32
300,30.179
301,29.101
302,29.699
303,30.718
304,34.381
305,35.861
306,36.429
307,35.505
308,33.512
309,30.673
310,27.642
311,24.821
312,23.255
313,22.711
314,22.604
315,23.173
316,25.563
317,32.097
318,39.767
319,44.52
320,46.152
321,46.214
322,46.089
323,43.279
324,42.929
325,44.02
326,44.415
327,45.172
328,47.007
329,46.522
330,45.413
331,42.88
332,39.654
333,35.207
334,31.537
335,28.309
336,26.812
337,26.161
338,25.859
339,26.273
340,28.1
341,34.025
342,41.078
343,46.014
344,47.349
345,46.515
346,45.469
347,42.707
348,42.136
349,43.094
350,44.06
351,45.085
352,47.454
353,47.415
354,46.155
355,43.756
356,40.401
357,36.061
358,32.174
359,28.974
360,27.247
361,26.387
362,25.972
363,26.453
364,28.624
365,34.431
366,41.626
367,46.1
368,47.323
369,46.545
370,45.625
371,42.406
372,42.113
373,43.569
374,44.319
375,45.491
376,47.721
377,47.633
378,46.34
379,43.66
380,40.106
381,35.685
382,32.026
383,28.778
384,27.044
385,26.268
386,25.97
387,26.309
388,28.217
389,34.186
390,40.95
391,45.175
392,46.61
393,46.148
394,45.876
395,43.604
396,43.289
397,44.161
398,44.922
399,46.062
400,47.733
401,47.196
402,45.997
403,43.223
404,39.787
405,35.631
406,31.895
407,28.76
408,27.033
409,26.085
410,25.708
411,26.104
412,28.154
413,33.779
414,40.597
415,45.123
416,46.897
417,46.397
418,45.633
419,43.053
420,42.555
421,44.039
422,44.208
423,44.65
424,46.559
425,46.469
426,45.25
427,42.498
428,39.14
429,35.311
430,31.855
431,28.399
432,26.582
433,25.683
434,25.177
435,25.163
436,25.9
437,28.866
438,32.837
439,35.875
440,38.151
441,37.953
442,36.64
443,35.263
444,33.296
445,33.009
446,33.399
447,34.176
448,37.553
449,39.145
450,39.171
451,36.813
452,34.075
453,31.462
454,28.865
455,26.25
456,24.288
457,23.154
458,22.648
459,22.544
460,23.095
461,24.409
462,25.835
463,27.644
464,29.462
465,30.437
466,30.694
467,30.413
468,28.906
469,28.46
470,28.833
471,29.979
472,33.324
473,35.295
474,36.108
475,34.967
476,33.05
477,30.154
478,27.313
479,24.598
480,23.241
481,22.7
482,22.748
483,23.341
484,25.722
485,32.176
486,39.6
487,44.802
488,46.442
489,46.196
490,45.763
491,43.309
492,43.276
493,44.957
494,45.584
495,46.353
496,47.733
497,47.218
498,46.068
499,43.28
500,40.019
501,35.924
502,32.241
503,29.104
504,27.408
505,26.487
506,26.156
507,26.535
508,28.508
509,34.055
510,41.309
511,46.192
512,47.796
513,47.455
514,47.01
515,43.984
516,43.498
517,44.738
518,45.412
519,46.366
520,48.135
521,47.911
522,46.645
523,43.813
524,40.369
525,36.164
526,32.394
527,29.164
528,27.532
529,26.777
530,26.581
531,27.108
532,28.838
533,34.811
534,41.823
535,46.433
536,48.153
537,47.775
538,47.69
539,45.508
540,45.049
541,45.89
542,46.558
543,47.631
544,48.986
545,48.674
546,47.234
547,44.464
548,40.926
549,36.717
550,33.041
551,29.736
552,27.917
553,26.919
554,26.444
555,26.922
556,28.744
557,34.47
558,41.927
559,46.32
560,48.268
561,48.371
562,47.699
563,45.179
564,45.355
565,46.095
566,46.334
567,46.707
568,48.513
569,48.774
570,47.445
571,44.508
572,41.264
573,36.838
574,33.057
575,29.379
576,27.87
577,26.967
578,26.766
579,27.077
580,29.069
581,34.765
582,42.053
583,46.455
584,48.305
585,48.233
586,47.908
587,45.237
588,44.672
589,45.742
590,45.649
591,45.757
592,47.387
593,47.754
594,46.588
595,43.359
596,40.126
597,35.926
598,32.262
599,29.097
600,27.208
601,25.965
602,25.52
603,25.408
604,26.261
605,29.208
606,32.862
607,36.183
608,38.797
609,38.911
610,37.802
611,36.075
612,34.113
613,33.43
614,33.396
615,34.128
616,37.518
617,39.797
618,39.848
619,37.343
620,34.53
621,31.895
622,29.291
623,26.507
624,24.474
625,23.283
626,22.613
627,22.425
628,23.126
629,24.231
630,25.868
631,27.769
632,30.496
633,32.005
634,32.207
635,32.289
636,30.612
637,30.157
638,30.238
639,30.911
640,33.751
641,35.833
642,36.341
643,35.293
644,33.218
645,30.398
646,27.504
647,24.838
648,23.285
649,22.58
650,22.466
651,23.067
652,25.372
653,32.102
654,39.232
655,44.419
656,45.871
657,46.24
658,46.003
659,43.478
660,43.425
661,44.653
662,44.845
663,45.391
664,46.691
665,46.847
666,45.721
667,42.823
668,39.818
669,35.51
670,31.96
671,28.824
672,27.21
673,26.457
674,26.143
675,26.582
676,28.557
677,34.506
678,41.312
679,46.239
680,47.702
681,47.341
682,46.547
683,43.814
684,43.366
685,44.58
686,44.984
687,45.64
688,47.209
689,47.828
690,46.511
691,43.621
692,40.253
693,35.952
694,31.979
695,28.969
696,27.421
697,26.545
698,26.241
699,26.558
700,28.696
701,34.383
702,41.238
703,45.789
704,47.949
705,47.765
706,47.155
707,45.074
708,44.483
709,45.664
710,46.64
711,47.056
712,47.893
713,48.148
714,46.875
715,43.98
716,40.789
717,36.365
718,32.631
719,29.69
720,28.061
721,27.1
722,26.788
723,26.968
724,28.906
725,34.815
726,41.694
727,46.28
728,48.214
729,48.242
730,47.511
731,44.909
732,44.105
733,45.4
734,46.281
735,47.148
736,48.073
737,48.169
738,46.734
739,43.966
740,40.712
741,36.395
742,32.973
743,29.373
744,27.63
745,26.66
746,26.303
747,26.612
748,28.546
749,34.066
750,40.755
751,45.133
752,47.003
753,47.306
754,47.404
755,45.178
756,44.555
757,45.471
758,45.582
759,46.018
760,46.92
761,46.691
762,45.473
763,42.483
764,39.002
765,35.022
766,31.588
767,28.834
768,26.893
769,25.943
770,25.438
771,25.293
772,26.054
773,28.699
774,31.999
775,34.922
776,37.111
777,37.548
778,37.29
779,35.29
780,33.86
781,33.546
782,33.46
783,34.254
784,36.919
785,38.561
786,38.657
787,36.417
788,33.399
789,30.532
790,28.147
791,25.745
792,23.918
793,22.725
794,22.129
795,21.905
796,22.469
797,23.711
798,25.059
799,27.04
800,29.312
801,30.767
802,31.225
803,31.078
804,29.194
805,28.52
806,28.855
807,29.07
808,31.748
809,34.406
810,35.37
811,34.543
812,32.488
813,29.839
814,26.96
815,24.28
816,22.946
817,22.382
818,22.15
819,22.735
820,25.114
821,31.838
822,38.735
823,43.658
824,45.607
825,45.401
826,44.847
827,42.84
828,42.554
829,44.048
830,44.464
831,44.355
832,45.378
833,46.144
834,45.149
835,42.545
836,39.534
837,35.278
838,31.822
839,28.707
840,26.949
841,26.081
842,25.875
843,26.34
844,28.207
845,34.034
846,40.604
847,45.319
848,47.035
849,46.346
850,45.744
851,43.321
852,42.483
853,43.257
854,43.773
855,43.948
856,45.289
857,46.851
858,46.058
859,43.366
860,39.816
861,35.653
862,32.167
863,29.238
864,27.274
865,26.304
866,26.027
867,26.497
868,28.369
869,34.461
870,41.053
871,45.493
872,46.731
873,45.912
874,45.386
875,42.539
876,42.121
877,42.732
878,43.447
879,43.875
880,45.266
881,47.078
882,46.191
883,43.555
884,40.449
885,35.966
886,32.209
887,29.127
888,27.383
889,26.392
890,26.291
891,26.685
892,28.458
893,34.393
894,40.667
895,44.809
896,46.08
897,45.157
898,44.531
899,42.212
900,42.004
901,42.925
902,43.632
903,44.32
904,45.342
905,46.987
906,46.188
907,43.524
908,40.212
909,35.811
910,32.229
911,29.13
912,27.382
913,26.683
914,26.264
915,26.686
916,28.681
917,34.494
918,40.627
919,45.101
920,46.671
921,45.962
922,44.369
923,41.57
924,41.395
925,42.422
926,42.605
927,43.05
928,44.46
929,46.36
930,45.616
931,42.701
932,39.441
933,35.475
934,31.96
935,29.339
936,27.411
937,26.231
938,25.555
939,25.582
940,26.311
941,29.121
942,32.233
943,35.162
944,36.862
945,36.098
946,34.632
947,32.578
948,31.276
949,30.796
950,31.243
951,32.266
952,35.088
953,38.26
954,38.495
955,36.308
956,33.347
957,30.66
958,28.212
959,25.557
960,24.057
961,22.698
962,22.029
963,21.715
964,22.336
965,23.583
966,24.678
967,26.605
968,28.658
969,29.887
970,30.704
971,30.884
972,29.238
973,28.437
974,28.411
975,29.027
976,31.328
977,34.161
978,34.857
979,33.858
980,31.921
981,29.067
982,26.412
983,23.835
984,22.513
985,22.038
986,21.733
987,22.424
988,24.884
989,31.582
990,38.265
991,43.228
992,44.73
993,44.035
994,43.813
995,41.425
996,41.983
997,43.182
998,43.392
999,43.667
1000,44.034
1001,45.221
1002,44.333
1003,42.082
1004,38.82
1005,34.522
1006,31.025
1007,28.182
1008,26.402
1009,25.631
1010,25.412
1011,25.9
1012,27.996
1013,34.156
1014,40.479
1015,44.66
1016,45.532
1017,45.184
1018,44.619
1019,41.514
1020,41.375
1021,42.688
1022,43.478
1023,43.89
1024,44.541
1025,46.651
1026,46.097
1027,43.517
1028,40.168
1029,35.775
1030,32.093
1031,28.993
1032,27.271
1033,26.403
1034,26.138
1035,26.599
1036,28.688
1037,34.765
1038,40.979
1039,45.387
1040,46.706
1041,45.941
1042,45.089
1043,42.561
1044,41.592
1045,42.453
1046,43.377
1047,43.906
1048,44.976
1049,47.296
1050,46.545
1051,43.838
1052,40.493
1053,35.926
1054,32.24
1055,29.126
1056,27.396
1057,26.44
1058,26.194
1059,26.63
1060,28.544
1061,34.486
1062,40.382
1063,44.461
1064,45.421
1065,44.745
1066,43.907
1067,41.427
1068,41.019
1069,41.857
1070,42.391
1071,43.16
1072,43.939
1073,46.347
1074,45.996
1075,43.123
1076,39.696
1077,35.662
1078,32.244
1079,29.128
1080,27.213
1081,26.158
1082,25.943
1083,26.378
1084,28.373
1085,34.231
1086,39.93
1087,44.134
1088,44.766
1089,43.787
1090,43.196
1091,41.121
1092,40.466
1093,41.469
1094,41.591
1095,42.008
1096,42.584
1097,44.879
1098,44.505
1099,41.701
1100,38.246
1101,34.382
1102,31.102
1103,28.253
1104,26.295
1105,25.028
1106,24.54
1107,24.752
1108,25.533
1109,28.205
1110,31.279
1111,34.32
1112,35.725
1113,35.241
1114,33.98
1115,32.282
1116,30.596
1117,29.848
1118,29.918
1119,30.747
1120,32.956
1121,37.287
1122,37.927
1123,35.728
1124,32.912
1125,30.378
1126,27.932
1127,25.333
1128,23.398
1129,22.395
1130,21.861
1131,21.77
1132,22.393
1133,23.691
1134,24.551
1135,26.712
1136,28.411
1137,28.749
1138,28.744
1139,28.334
1140,26.356
1141,25.916
1142,26.289
1143,27.141
1144,28.994
1145,33.627
1146,34.915
1147,33.963
1148,32.03
1149,29.501
1150,26.675
1151,24.057
1152,22.566
1153,22.118
1154,21.824
1155,22.35
1156,24.988
1157,31.718
1158,37.683
1159,42.304
1160,43.201
1161,42.282
1162,41.671
1163,39.219
1164,38.898
1165,40.263
1166,41.16
1167,41.984
1168,42.329
1169,44.855
1170,44.47
1171,42.066
1172,38.753
1173,34.692
1174,31.202
1175,28.274
1176,26.536
1177,25.614
1178,25.356
1179,25.757
1180,27.966
1181,33.74
1182,39.43
1183,43.564
1184,44.193
1185,43.601
1186,42.965
1187,40.26
1188,39.81
1189,41.086
1190,41.584
1191,42.744
1192,43.198
1193,45.855
1194,45.087
1195,42.671
1196,39.542
1197,35.355
1198,31.543
1199,28.368
1200,26.693
1201,25.8
1202,25.447
1203,25.977
1204,28.102
1205,33.885
1206,39.796
1207,44.133
1208,44.988
1209,44.152
1210,43.245
1211,40.389
1212,40.175
1213,41.358
1214,42.044
1215,42.441
1216,43.084
1217,45.869
1218,45.365
1219,42.695
1220,39.218
1221,35.464
1222,31.75
1223,28.699
1224,26.975
1225,26.054
1226,25.772
1227,26.125
1228,28.097
1229,33.76
1230,39.417
1231,43.494
1232,44.018
1233,43.045
1234,42.207
1235,39.638
1236,39.161
1237,40.604
1238,41.128
1239,41.931
1240,42.539
1241,45.294
1242,44.957
1243,42.569
1244,39.164
1245,34.994
1246,31.218
1247,28.411
1248,26.759
1249,25.919
1250,25.517
1251,25.91
1252,28.018
1253,33.567
1254,39.254
1255,43.585
1256,44.516
1257,43.976
1258,43.3
1259,40.937
1260,40.329
1261,41.131
1262,41.451
1263,41.314
1264,41.625
1265,44.134
1266,44.038
1267,41.383
1268,38.029
1269,34.284
1270,31.162
1271,28.321
1272,26.435
1273,25.193
1274,24.638
1275,24.657
1276,25.329
1277,28.021
1278,31.067
1279,34.28
1280,35.408
1281,35.045
1282,34.93
1283,33.763
1284,32.45
1285,31.733
1286,31.391
1287,31.849
1288,33.563
1289,37.824
1290,38.612
1291,36.197
1292,33.147
1293,30.427
1294,27.962
1295,25.24
1296,23.323
1297,22.346
1298,21.931
1299,21.841
1300,22.407
1301,23.59
1302,24.564
1303,26.733
1304,28.635
1305,29.861
1306,30.157
1307,29.64
1308,27.705
1309,27.368
1310,27.237
1311,27.892
1312,29.454
1313,33.819
1314,35.336
1315,34.269
1316,32.097
1317,29.381
1318,26.326
1319,23.976
1320,22.487
1321,21.749
1322,21.628
1323,22.287
1324,24.878
1325,31.391
1326,37.562
1327,42.622
1328,43.561
1329,42.911
1330,42.42
1331,40.77
1332,40.895
1333,41.474
1334,42.241
1335,42.906
1336,42.731
1337,44.994
1338,44.931
1339,42.328
1340,38.657
1341,34.281
1342,30.621
1343,27.6
1344,25.983
1345,25.115
1346,24.961
1347,25.449
1348,27.554
1349,33.362
1350,39.079
1351,43.34
1352,44.088
1353,43.504
1354,42.711
1355,40.368
1356,39.386
1357,40.86
1358,41.524
1359,42.074
1360,42.48
1361,44.885
1362,44.694
1363,42.223
1364,38.964
1365,34.429
1366,30.797
1367,28.238
1368,26.736
1369,25.703
1370,25.575
1371,25.949
1372,27.961
1373,33.594
1374,39.214
1375,43.082
1376,43.534
1377,42.86
1378,42.167
1379,39.542
1380,39.299
1381,40.509
1382,41.028
1383,41.589
1384,41.528
1385,44.5
1386,44.73
1387,42.594
1388,38.953
1389,34.682
1390,31.091
1391,28.245
1392,26.518
1393,25.675
1394,25.433
1395,25.895
1396,27.833
1397,33.418
1398,38.745
1399,42.837
1400,43.233
1401,42.153
1402,41.091
1403,38.632
1404,38.413
1405,39.541
1406,40.216
1407,40.836
1408,41.035
1409,43.91
1410,44.152
1411,41.762
1412,38.598
1413,34.503
1414,30.928
1415,28.465
1416,26.689
1417,25.712
1418,25.565
1419,25.911
1420,27.945
1421,33.4
1422,38.602
1423,41.923
1424,42.247
1425,41.444
1426,41.489
1427,38.969
1428,38.732
1429,39.833
1430,40.502
1431,41.194
1432,41.516
1433,44.15
1434,44.249
1435,41.613
1436,38.1
1437,34.065
1438,30.979
1439,28.087
1440,26.117
1441,24.979
1442,24.672
1443,24.454
1444,25.237
1445,27.558
1446,30.338
1447,33.588
1448,35.286
1449,34.704
1450,33.405
1451,31.612
1452,29.944
1453,29.308
1454,29.121
1455,29.819
1456,31.472
1457,35.599
1458,36.527
1459,34.442
1460,31.405
1461,28.644
1462,26.388
1463,24.47
1464,22.808
1465,21.796
1466,21.43
1467,21.405
1468,22.218
1469,23.026
1470,23.703
1471,25.696
1472,27.208
1473,27.599
1474,27.299
1475,27.047
1476,25.682
1477,25.386
1478,25.861
1479,26.264
1480,27.533
1481,31.779
1482,33.413
1483,32.496
1484,30.406
1485,27.981
1486,25.332
1487,23.014
1488,21.727
1489,21.14
1490,21.083
1491,21.657
1492,24.021
1493,29.846
1494,35.27
1495,39.963
1496,41.202
1497,41.686
1498,41.343
1499,38.931
1500,39.191
1501,41.342
1502,41.491
1503,41.778
1504,40.989
1505,42.955
1506,42.931
1507,40.63
1508,37.305
1509,33.324
1510,29.987
1511,27.317
1512,25.842
1513,24.852
1514,24.691
1515,25.15
1516,27.137
1517,32.021
1518,37.724
1519,42.408
1520,43.349
1521,42.275
1522,41.666
1523,39.394
1524,38.817
1525,39.722
1526,40.16
1527,40.294
1528,40.251
1529,42.788
1530,43.635
1531,41.204
1532,37.873
1533,33.688
1534,30.208
1535,27.327
1536,25.787
1537,24.971
1538,24.86
1539,25.267
1540,27.248
1541,32.221
1542,37.288
1543,41.039
1544,42.037
1545,41.219
1546,40.626
1547,38.366
1548,37.961
1549,39.567
1550,40.473
1551,40.967
1552,41.231
1553,43.562
1554,43.597
1555,41.349
1556,37.939
1557,33.791
1558,30.562
1559,27.702
1560,26.029
1561,25.088
1562,24.902
1563,25.372
1564,27.222
1565,32.235
1566,37.813
1567,42.23
1568,43.018
1569,42.826
1570,42.446
1571,39.401
1572,38.959
1573,39.476
1574,40.194
1575,40.618
1576,40.44
1577,42.732
1578,42.972
1579,40.427
1580,37.247
1581,33.161
1582,30.39
1583,27.438
1584,25.733
1585,24.91
1586,24.698
1587,25.228
1588,26.867
1589,31.65
1590,36.616
1591,40.572
1592,40.956
1593,40.196
1594,39.338
1595,37.181
1596,36.653
1597,37.557
1598,38.899
1599,39.073
1600,38.982
1601,41.512
1602,42.316
1603,39.459
1604,36.205
1605,32.63
1606,29.668
1607,26.918
1608,25.189
1609,24.396
1610,23.967
1611,23.939
1612,24.692
1613,26.408
1614,28.656
1615,31.214
1616,32.188
1617,31.634
1618,30.628
1619,29.054
1620,27.949
1621,27.351
1622,27.682
1623,28.349
1624,29.502
1625,33.154
1626,35.093
1627,33.169
1628,30.396
1629,28.117
1630,25.893
1631,23.893
1632,22.208
1633,21.396
1634,20.925
1635,20.801
1636,21.328
1637,21.98
1638,22.726
1639,24.258
1640,25.375
1641,26.175
1642,26.463
1643,26.643
1644,25.172
1645,24.475
1646,24.809
1647,26.109
1648,27.42
1649,31.022
1650,32.899
1651,32.019
1652,30.166
1653,27.612
1654,25.062
1655,22.866
1656,21.501
1657,20.928
1658,20.727
1659,21.367
1660,23.578
1661,29.302
1662,34.735
1663,39.149
1664,39.508
1665,39.086
1666,39.19
1667,37.337
1668,37.887
1669,39.509
1670,40.2
1671,40.354
1672,39.822
1673,41.792
1674,42.954
1675,40.408
1676,37.333
1677,33.115
1678,29.903
1679,27.235
1680,25.666
1681,25.005
1682,24.922
1683,25.391
1684,27.478
1685,32.393
1686,38.173
1687,42.45
1688,43.119
1689,42.295
1690,41.236
1691,38.813
1692,38.751
1693,39.745
1694,39.919
1695,40.445
1696,40.123
1697,42.571
1698,43.91
1699,41.588
1700,38.349
1701,34.035
1702,31.127
1703,28.321
1704,26.55
1705,25.592
1706,25.389
1707,25.745
1708,27.833
1709,32.665
1710,38.194
1711,41.994
1712,42.442
1713,41.821
1714,41.733
1715,39.503
1716,39.376
1717,40.001
1718,40.767
1719,41.371
1720,41.371
1721,43.635
1722,44.584
1723,42.081
1724,38.933
1725,34.726
1726,31.21
1727,28.215
1728,26.563
1729,25.691
1730,25.454
1731,25.88
1732,27.751
1733,32.493
1734,38.062
1735,42.149
1736,42.58
1737,41.87
1738,41.256
1739,39.165
1740,39.015
1741,40.168
1742,40.698
1743,41.128
1744,41.16
1745,43.355
1746,44.288
1747,41.822
1748,38.541
1749,34.606
1750,31.048
1751,28.224
1752,26.487
1753,25.406
1754,25.089
1755,25.574
1756,27.472
1757,31.596
1758,36.909
1759,40.572
1760,41.159
1761,40.256
1762,39.897
1763,37.387
1764,37.162
1765,38.149
1766,38.523
1767,38.756
1768,38.595
1769,41.11
1770,42.627
1771,40.399
1772,37.169
1773,33.178
1774,30.18
1775,27.418
1776,25.44
1777,24.399
1778,24.083
1779,24.022
1780,24.736
1781,26.144
1782,28.906
1783,31.093
1784,32.366
1785,31.979
1786,31.201
1787,30.137
1788,28.698
1789,28.38
1790,28.86
1791,28.811
1792,29.723
1793,33.231
1794,35.404
1795,33.357
1796,30.694
1797,28.381
1798,25.98
1799,23.881
1800,22.226
1801,21.321
1802,20.896
1803,20.945
1804,21.645
1805,21.727
1806,22.517
1807,23.972
1808,25.652
1809,26.803
1810,27.073
1811,27.104
1812,25.219
1813,24.738
1814,25.088
1815,25.82
1816,26.973
1817,30.282
1818,32.697
1819,31.686
1820,29.934
1821,27.579
1822,25.026
1823,22.789
1824,21.65
1825,21.138
1826,21.19
1827,21.75
1828,23.843
1829,29.122
1830,35.198
1831,39.412
1832,39.946
1833,40.036
1834,39.998
1835,37.371
1836,37.679
1837,38.884
1838,39.897
1839,40.266
1840,39.953
1841,41.378
1842,42.805
1843,40.42
1844,37.423
1845,33.486
1846,30.234
1847,27.631
1848,26.084
1849,25.28
1850,25.088
1851,25.525
1852,27.46
1853,31.809
1854,37.261
1855,41.333
1856,41.82
1857,41.419
1858,40.985
1859,38.752
1860,38.993
1861,40.852
1862,41.353
1863,41.74
1864,40.96
1865,42.294
1866,43.705
1867,41.175
1868,38.306
1869,34.434
1870,30.85
1871,28.035
1872,26.406
1873,25.551
1874,25.392
1875,25.896
1876,27.85
1877,32.277
1878,38.051
1879,42.474
1880,43.137
1881,42.956
1882,42.505
1883,40.061
1884,39.233
1885,40.457
1886,40.883
1887,41.382
1888,40.876
1889,42.755
1890,44.483
1891,42.003
1892,38.681
1893,34.431
1894,31.02
1895,28.132
1896,26.232
1897,25.17
1898,24.994
1899,25.552
1900,27.377
1901,31.628
1902,37.347
1903,41.262
1904,41.85
1905,41.12
1906,40.553
1907,38.186
1908,37.887
1909,39.308
1910,39.795
1911,40.279
1912,40.028
1913,41.755
1914,43.596
1915,41.128
1916,38.066
1917,33.897
1918,30.577
1919,27.907
1920,26.105
1921,25.285
1922,25.076
1923,25.443
1924,27.314
1925,31.481
1926,36.753
1927,40.153
1928,40.637
1929,40.082
1930,39.311
1931,36.908
1932,36.742
1933,38.051
1934,38.808
1935,39.04
1936,38.642
1937,40.516
1938,42.868
1939,40.175
1940,37.058
1941,33.342
1942,30.371
1943,27.605
1944,25.663
1945,24.655
1946,24.194
1947,24.339
1948,25.016
1949,25.888
1950,29.064
1951,31.744
1952,32.592
1953,31.835
1954,30.795
1955,29.268
1956,28.023
1957,27.791
1958,28.289
1959,28.859
1960,29.63
1961,32.486
1962,35.621
1963,33.693
1964,31.118
1965,28.624
1966,26.17
1967,24.046
1968,22.398
1969,20.114
1970,21.208
1971,21.034
1972,21.497
1973,21.21
1974,22.527
1975,24.493
1976,25.674
1977,26.163
1978,25.967
1979,25.601
1980,24.186
1981,23.728
1982,23.973
1983,24.572
1984,25.694
1985,28.55
1986,32.001
1987,31.231
1988,29.546
1989,27.216
1990,24.829
1991,22.814
1992,21.606
1993,21.072
1994,20.742
1995,21.267
1996,23.336
1997,28.103
1998,33.817
1999,37.582
2000,38.414
2001,38.023
2002,37.531
2003,35.381
2004,35.372
2005,36.667
2006,37.053
2007,37.591
2008,37.4
2009,38.823
2010,41.094
2011,39.781
2012,36.707
2013,32.776
2014,29.399
2015,26.961
2016,25.399
2017,24.57
2018,24.417
2019,24.68
2020,26.17
2021,30.664
2022,36.012
2023,39.836
2024,41.067
2025,40.753
2026,40.542
2027,37.533
2028,37.078
2029,38.118
2030,38.629
2031,39.237
2032,38.917
2033,40.309
2034,42.489
2035,40.839
2036,37.879
2037,33.672
2038,30.381
2039,27.475
2040,25.962
2041,25.005
2042,24.756
2043,25.213
2044,26.737
2045,30.969
2046,36.691
2047,40.281
2048,41.102
2049,40.534
2050,40.341
2051,38.017
2052,37.897
2053,38.21
2054,38.395
2055,39.199
2056,38.971
2057,40.368
2058,42.639
2059,40.847
2060,37.733
2061,33.635
2062,30.3
2063,27.573
2064,25.964
2065,25.144
2066,24.965
2067,25.259
2068,27.013
2069,30.889
2070,36.477
2071,40.059
2072,40.808
2073,40.362
2074,39.683
2075,37.705
2076,37.51
2077,38.351
2078,38.662
2079,39.08
2080,38.597
2081,40.103
2082,42.525
2083,40.754
2084,37.75
2085,33.658
2086,30.405
2087,27.434
2088,25.843
2089,24.909
2090,24.656
2091,25.1
2092,26.851
2093,30.904
2094,36.392
2095,39.788
2096,40.048
2097,39.387
2098,38.826
2099,36.667
2100,36.346
2101,37.123
2102,37.537
2103,37.832
2104,37.6
2105,39.154
2106,41.974
2107,40.071
2108,37.073
2109,33.196
2110,30.381
2111,27.558
2112,25.609
2113,24.455
2114,24.093
2115,24.144
2116,24.596
2117,25.45
2118,28.742
2119,31.029
2120,31.724
2121,31.146
2122,30.211
2123,28.794
2124,27.542
2125,27.383
2126,27.831
2127,28.704
2128,29.654
2129,32.147
2130,35.738
2131,33.788
2132,31.174
2133,28.516
2134,26.217
2135,24.127
2136,22.337
2137,21.582
2138,21.19
2139,21.562
2140,22.291
2141,22.597
2142,24.26
2143,25.498
2144,26.397
2145,26.178
2146,25.737
2147,24.301
2148,23.491
2149,23.573
2150,23.764
2151,24.544
2152,26.119
2153,29.314
2154,31.969
2155,30.57
2156,28.258
2157,25.661
2158,23.574
2159,22.135
2160,21.47
2161,21.346
2162,21.891
2163,23.889
2164,29.738
2165,34.961
2166,39.024
2167,39.428
2168,38.502
2169,37.692
2170,35.221
2171,35.341
2172,36.153
2173,36.494
2174,36.937
2175,36.598
2176,36.692
2177,38.763
2178,40.141
2179,37.445
2180,33.569
2181,30.163
2182,27.602
2183,25.963
2184,25.048
2185,24.657
2186,24.898
2187,26.627
2188,31.747
2189,36.599
2190,40.107
2191,40.685
2192,40.046
2193,39.223
2194,36.871
2195,36.885
2196,38.065
2197,38.439
2198,38.841
2199,38.287
2200,38.261
2201,40.015
2202,40.633
2203,37.817
2204,34.016
2205,30.683
2206,27.917
2207,26.412
2208,25.443
2209,25.143
2210,25.439
2211,27.323
2212,32.056
2213,37.109
2214,40.612
2215,41.688
2216,41.4
2217,41.048
2218,38.81
2219,39.075
2220,40.735
2221,40.79
2222,41.066
2223,39.442
2224,38.998
2225,40.505
2226,40.83
2227,37.92
2228,34.016
2229,30.727
2230,27.856
2231,26.185
2232,25.37
2233,25.181
2234,25.424
2235,26.942
2236,31.874
2237,37.228
2238,40.924
2239,41.958
2240,42.058
2241,42.27
2242,39.52
2243,39.658
2244,40.967
2245,41.297
2246,41.235
2247,40.704
2248,40.311
2249,41.097
2250,40.789
2251,38.138
2252,34.302
2253,31.112
2254,28.115
2255,26.384
2256,25.547
2257,25.168
2258,25.524
2259,27.096
2260,31.731
2261,36.68
2262,40.808
2263,41.753
2264,41.383
2265,40.481
2266,37.632
2267,37.676
2268,38.932
2269,39.215
2270,38.454
2271,37.625
2272,37.393
2273,38.859
2274,39.811
2275,36.936
2276,33.192
2277,30.33
2278,27.68
2279,25.881
2280,24.684
2281,24.169
2282,24.114
2283,24.805
2284,26.897
2285,29.347
2286,32.476
2287,33.853
2288,33.281
2289,31.974
2290,29.931
2291,28.618
2292,27.951
2293,27.758
2294,27.992
2295,28.777
2296,30.45
2297,32.548
2298,33.682
2299,31.24
2300,28.947
2301,26.762
2302,24.655
2303,22.951
2304,21.757
2305,21.202
2306,21.081
2307,21.581
2308,22.161
2309,22.8
2310,24.854
2311,26.52
2312,27.559
2313,28.543
2314,28.372
2315,27.605
2316,26.277
2317,26.068
2318,26.072
2319,25.949
2320,27.454
2321,30.037
2322,32.155
2323,30.69
2324,28.222
2325,25.577
2326,23.331
2327,22.014
2328,21.326
2329,21.255
2330,21.788
2331,23.996
2332,29.767
2333,35.254
2334,39.718
2335,40.158
2336,39.394
2337,38.838
2338,36.633
2339,36.72
2340,37.671
2341,38.463
2342,39.024
2343,38.183
2344,37.374
2345,38.741
2346,39.967
2347,37.545
2348,33.516
2349,30.029
2350,27.367
2351,25.764
2352,24.781
2353,24.413
2354,24.894
2355,26.421
2356,31.304
2357,36.89
2358,41.618
2359,42.949
2360,42.083
2361,40.605
2362,37.926
2363,37.809
2364,39.176
2365,39.249
2366,39.624
2367,38.766
2368,37.924
2369,39.131
2370,40.223
2371,37.551
2372,33.664
2373,30.435
2374,27.452
2375,25.922
2376,24.985
2377,24.89
2378,25.247
2379,26.749
2380,31.359
2381,36.335
2382,40.294
2383,41.027
2384,40.502
2385,40.14
2386,38.064
2387,37.803
2388,39.646
2389,39.795
2390,39.729
2391,38.841
2392,38.621
2393,39.627
2394,40.588
2395,37.842
2396,34.144
2397,30.622
2398,27.64
2399,25.92
2400,24.989
2401,24.625
2402,24.981
2403,26.833
2404,31.635
2405,36.895
2406,41.467
2407,42.885
2408,42.603
2409,41.66
2410,39.575
2411,38.876
2412,39.865
2413,39.745
2414,40.093
2415,39.248
2416,38.8
2417,39.982
2418,40.593
2419,37.62
2420,33.878
2421,30.435
2422,27.533
2423,25.722
2424,24.893
2425,24.577
2426,24.929
2427,26.471
2428,30.633
2429,35.902
2430,40.19
2431,40.995
2432,40.729
2433,40.595
2434,37.944
2435,36.757
2436,37.785
2437,38.368
2438,38.294
2439,37.565
2440,37.04
2441,38.128
2442,38.845
2443,35.859
2444,32.676
2445,29.873
2446,27.114
2447,25.148
2448,23.942
2449,23.546
2450,23.355
2451,24.199
2452,25.89
2453,28.786
2454,31.946
2455,33.246
2456,33.352
2457,32.259
2458,30.941
2459,30.118
2460,29.078
2461,28.371
2462,28.915
2463,29.607
2464,30.771
2465,32.375
2466,33.742
2467,31.645
2468,29.122
2469,26.711
2470,24.725
2471,22.821
2472,21.652
2473,21.035
2474,20.842
2475,21.084
2476,21.5
2477,22.551
2478,24.788
2479,26.461
2480,27.123
2481,27.811
2482,28.059
2483,26.225
2484,25.402
2485,25.258
2486,25.724
2487,26.116
2488,27.556
2489,29.525
2490,31.54
2491,30.378
2492,27.856
2493,25.275
2494,23.136
2495,21.706
2496,21.149
2497,20.933
2498,21.488
2499,23.664
2500,29.286
2501,35.076
2502,40.037
2503,41.269
2504,40.404
2505,39.969
2506,37.447
2507,37.658
2508,38.16
2509,37.962
2510,37.92
2511,37.144
2512,36.523
2513,37.696
2514,39.818
2515,37.573
2516,33.688
2517,30.144
2518,27.159
2519,25.527
2520,24.768
2521,24.533
2522,24.802
2523,26.469
2524,30.58
2525,35.812
2526,39.941
2527,40.58
2528,40.02
2529,39.437
2530,37.029
2531,37.197
2532,38.27
2533,38.415
2534,38.455
2535,37.591
2536,36.966
2537,38.32
2538,39.823
2539,37.145
2540,33.287
2541,29.957
2542,27.166
2543,25.368
2544,24.473
2545,24.248
2546,24.497
2547,26.259
2548,30.539
2549,36.045
2550,39.738
2551,40.24
2552,39.384
2553,38.842
2554,36.383
2555,36.673
2556,37.687
2557,38.06
2558,38.401
2559,37.38
2560,36.827
2561,37.999
2562,39.737
2563,37.564
2564,33.6
2565,30.26
2566,27.271
2567,25.456
2568,24.568
2569,24.34
2570,24.561
2571,26.322
2572,30.223
2573,35.048
2574,39.339
2575,40.094
2576,39.649
2577,38.962
2578,36.648
2579,36.367
2580,37.137
2581,37.319
2582,37.305
2583,36.868
2584,36.572
2585,37.571
2586,39.255
2587,37.024
2588,33.573
2589,30.461
2590,27.387
2591,25.442
2592,24.505
2593,24.244
2594,24.399
2595,25.923
2596,29.261
2597,33.763
2598,37.672
2599,38.46
2600,37.804
2601,37.255
2602,35.115
2603,34.745
2604,34.915
2605,34.682
2606,34.713
2607,34.091
2608,33.986
2609,35.138
2610,36.595
2611,34.521
2612,31.284
2613,28.461
2614,25.71
2615,23.676
2616,22.538
2617,22.082
2618,21.823
2619,22.274
2620,23.069
2621,25.012
2622,27.219
2623,28.06
2624,27.504
2625,26.752
2626,25.806
2627,24.64
2628,24.321
2629,24.311
2630,24.421
2631,25.302
2632,26.771
2633,28.562
2634,30.441
2635,28.623
2636,26.081
2637,23.768
2638,21.527
2639,19.702
2640,18.511
2641,17.992
2642,17.761
2643,18.321
2644,18.103
2645,18.845
2646,20.746
2647,22.238
2648,23.058
2649,23.592
2650,23.192
2651,20.516
2652,18.896
2653,19.327
2654,19.586
2655,20.265
2656,21.36
2657,23.281
2658,25.985
2659,25.768
2660,24.247
2661,22.205
2662,20.023
2663,18.571
2664,17.829
2665,17.551
2666,17.577
2667,18.275
2668,18.382
2669,19.397
2670,21.138
2671,22.567
2672,23.393
2673,23.048
2674,22.666
2675,20.978
2676,20.578
2677,20.383
2678,20.952
2679,22.062
2680,23.469
2681,25.624
2682,27.548
2683,26.74
2684,24.768
2685,22.437
2686,20.409
2687,19.145
2688,18.694
2689,18.561
2690,19.015
2691,20.707
2692,24.649
2693,29.252
2694,34.726
2695,36.933
2696,38.054
2697,38.21
2698,35.846
2699,35.097
2700,35.794
2701,36.128
2702,36.441
2703,34.821
2704,34.029
2705,34.875
2706,35.633
2707,33.09
2708,30.019
2709,26.96
2710,24.594
2711,22.842
2712,21.901
2713,21.581
2714,21.923
2715,23.434
2716,26.765
2717,31.383
2718,36.066
2719,37.656
2720,37.595
2721,37.174
2722,35.022
2723,34.793
2724,35.706
2725,35.442
2726,35.25
2727,34.118
2728,33.697
2729,34.523
2730,35.464
2731,33.416
2732,30.024
2733,27.007
2734,24.724
2735,22.904
2736,21.939
2737,21.355
2738,21.116
2739,21.499
2740,21.294
2741,22.624
2742,24.707
2743,26.089
2744,26.171
2745,26.126
2746,25.59
2747,24.453
2748,24.184
2749,24.277
2750,24.292
2751,24.599
2752,26.011
2753,27.774
2754,29.883
2755,28.831
2756,26.756
2757,24.286
2758,22.172
2759,20.833
2760,20.142
2761,19.742
2762,20.02
2763,21.255
2764,24.137
2765,27.955
2766,31.292
2767,32.787
2768,32.509
2769,32.2
2770,31.221
2771,30.214
2772,30.659
2773,31.41
2774,31.162
2775,31.25
2776,31.683
2777,32.548
2778,33.662
2779,32.362
2780,29.506
2781,26.723
2782,24.026
2783,22.402
2784,21.55
2785,21.166
2786,21.388
2787,22.155
2788,22.883
2789,25.472
2790,27.876
2791,28.579
2792,28.457
2793,27.552
2794,26.474
2795,25.353
2796,25.028
2797,24.988
2798,25.306
2799,25.901
2800,27.283
2801,29.068
2802,30.737
2803,29.677
2804,27.469
2805,25.382
2806,23.237
2807,21.482
2808,20.58
2809,20.088
2810,20.049
2811,20.328
2812,19.776
2813,20.966
2814,22.634
2815,23.589
2816,23.621
2817,24.47
2818,24.696
2819,23.791
2820,24.082
2821,24.026
2822,23.533
2823,24.466
2824,25.553
2825,27.141
2826,29.189
2827,28.699
2828,26.673
2829,24.164
2830,22.021
2831,20.586
2832,20.121
2833,20.073
2834,20.694
2835,22.479
2836,26.814
2837,32.292
2838,36.651
2839,38.192
2840,37.641
2841,37.366
2842,35.312
2843,35.529
2844,36.651
2845,37.073
2846,36.479
2847,35.111
2848,34.869
2849,35.971
2850,37.333
2851,35.691
2852,31.944
2853,28.665
2854,25.685
2855,24.037
2856,23.132
2857,22.767
2858,23.138
2859,24.688
2860,27.789
2861,33.2
2862,37.406
2863,38.22
2864,37.879
2865,36.821
2866,34.42
2867,34.307
2868,35.09
2869,34.862
2870,34.856
2871,34.075
2872,33.76
2873,34.702
2874,35.843
2875,34.262
2876,30.623
2877,27.655
2878,24.751
2879,23.056
2880,21.946
2881,21.136
2882,20.702
2883,20.375
2884,19.168
2885,20.311
2886,21.649
2887,23.028
2888,23.412
2889,23.47
2890,23.166
2891,21.961
2892,21.25
2893,20.773
2894,20.443
2895,21.63
2896,23.116
2897,25.31
2898,27.705
2899,27.852
2900,25.784
2901,23.314
2902,21.539
2903,20.006
2904,19.203
2905,19.13
2906,19.709
2907,21.824
2908,26.492
2909,32.568
2910,36.654
2911,37.643
2912,37.337
2913,36.973
2914,34.963
2915,35.138
2916,36.52
2917,36.953
2918,36.699
2919,35.962
2920,35.755
2921,36.513
2922,37.855
2923,36.212
2924,32.399
2925,29.18
2926,26.18
2927,24.661
2928,23.754
2929,23.661
2930,23.934
2931,25.379
2932,28.73
2933,33.943
2934,37.914
2935,38.897
2936,38.588
2937,38.106
2938,36.218
2939,36.731
2940,37.864
2941,37.84
2942,37.277
2943,36.03
2944,35.97
2945,36.737
2946,37.676
2947,35.844
2948,32.168
2949,29.081
2950,26.377
2951,24.697
2952,23.701
2953,23.323
2954,23.224
2955,23.704
2956,24.491
2957,27.662
2958,30.615
2959,32.354
2960,32.504
2961,31.882
2962,30.883
2963,29.604
2964,28.577
2965,27.769
2966,27.935
2967,28.445
2968,29.586
2969,30.764
2970,31.634
2971,30.279
2972,27.844
2973,25.622
2974,23.575
2975,21.702
2976,20.621
2977,20.14
2978,20.09
2979,20.418
2980,20.042
2981,21.234
2982,23.353
2983,25.166
2984,26.434
2985,27.343
2986,27.317
2987,25.464
2988,24.566
2989,24.175
2990,24.264
2991,24.737
2992,26.456
2993,28.185
2994,29.993
2995,29.657
2996,27.383
2997,24.937
2998,22.729
2999,21.418
3000,20.686
3001,20.657
3002,21.073
3003,22.683
3004,27.094
3005,33.477
3006,38.702
3007,39.481
3008,38.735
3009,37.979
3010,35.78
3011,35.574
3012,37.001
3013,37.654
3014,37.534
3015,36.904
3016,35.778
3017,36.619
3018,37.951
3019,36.786
3020,32.943
3021,29.785
3022,26.841
3023,25.183
3024,24.218
3025,24.165
3026,24.395
3027,25.855
3028,29.487
3029,35.455
3030,39.38
3031,39.814
3032,39.166
3033,38.551
3034,36.741
3035,36.35
3036,37.299
3037,37.705
3038,37.67
3039,36.746
3040,36.272
3041,37.424
3042,38.975
3043,37.766
3044,33.823
3045,30.406
3046,27.271
3047,25.728
3048,24.886
3049,24.65
3050,24.903
3051,26.233
3052,29.81
3053,35.41
3054,39.61
3055,40.589
3056,40.156
3057,40.002
3058,37.471
3059,37.41
3060,38.614
3061,39.099
3062,38.998
3063,38.123
3064,37.833
3065,38.614
3066,39.383
3067,37.494
3068,33.549
3069,30.251
3070,27.242
3071,25.431
3072,24.6
3073,24.398
3074,24.674
3075,25.87
3076,29.635
3077,35.574
3078,39.817
3079,40.947
3080,40.803
3081,40.177
3082,37.329
3083,37.244
3084,38.23
3085,38.521
3086,38.164
3087,37.048
3088,36.399
3089,37.162
3090,38.191
3091,37.059
3092,33.384
3093,30.01
3094,27.302
3095,25.443
3096,24.411
3097,24.257
3098,24.63
3099,25.765
3100,29.267
3101,35.189
3102,38.871
3103,39.472
3104,38.953
3105,38.669
3106,36.31
3107,36.148
3108,37.125
3109,37.095
3110,36.901
3111,35.942
3112,35.607
3113,36.323
3114,37.281
3115,36.198
3116,32.715
3117,29.547
3118,27.025
3119,24.92
3120,23.73
3121,23.22
3122,23.184
3123,23.466
3124,24.163
3125,27.418
3126,30.263
3127,31.944
3128,31.542
3129,30.222
3130,28.651
3131,27.085
3132,27.23
3133,27.334
3134,27.131
3135,28.103
3136,29.524
3137,30.222
3138,31.124
3139,30.098
3140,27.682
3141,25.847
3142,23.705
3143,21.816
3144,20.747
3145,20.233
3146,20.105
3147,20.179
3148,20.033
3149,21.577
3150,23.805
3151,25.811
3152,26.877
3153,27.191
3154,26.221
3155,24.153
3156,23.597
3157,23.992
3158,24.304
3159,24.794
3160,25.753
3161,27.504
3162,29.029
3163,29.113
3164,27.096
3165,24.632
3166,22.481
3167,21.146
3168,20.552
3169,20.319
3170,20.893
3171,22.3
3172,26.92
3173,33.409
3174,37.944
3175,39.214
3176,39.131
3177,38.652
3178,36.956
3179,37.237
3180,38.534
3181,38.541
3182,38.194
3183,36.757
3184,36.332
3185,36.773
3186,37.522
3187,36.259
3188,32.78
3189,29.423
3190,26.876
3191,25.167
3192,24.159
3193,23.828
3194,23.948
3195,25.152
3196,28.536
3197,34.147
3198,38.019
3199,38.997
3200,38.599
3201,38.572
3202,36.729
3203,36.84
3204,38.13
3205,38.146
3206,38.086
3207,36.821
3208,36.4
3209,37.417
3210,37.933
3211,36.591
3212,32.739
3213,29.451
3214,26.708
3215,24.869
3216,24.111
3217,23.922
3218,24.155
3219,25.3
3220,28.84
3221,34.6
3222,38.59
3223,39.706
3224,39.824
3225,39.97
3226,38.071
3227,38.05
3228,38.538
3229,38.002
3230,37.894
3231,37.275
3232,36.672
3233,37.666
3234,38.22
3235,37.326
3236,33.619
3237,30.098
3238,27.214
3239,25.547
3240,24.713
3241,24.387
3242,24.696
3243,25.746
3244,29.443
3245,35.193
3246,39.227
3247,40.289
3248,40.042
3249,39.008
3250,36.101
3251,36.496
3252,37.819
3253,37.797
3254,38.105
3255,37.16
3256,36.675
3257,37.253
3258,37.963
3259,37.011
3260,33.549
3261,30.213
3262,27.539
3263,25.73
3264,24.782
3265,24.496
3266,24.768
3267,25.578
3268,29.179
3269,35.04
3270,38.617
3271,39.452
3272,39.139
3273,38.395
3274,36.533
3275,36.125
3276,37.031
3277,37.079
3278,37.533
3279,36.288
3280,36.056
3281,36.619
3282,36.946
3283,35.699
3284,32.406
3285,29.448
3286,26.568
3287,24.685
3288,23.637
3289,23.24
3290,23.016
3291,23.24
3292,24.208
3293,27.629
3294,30.73
3295,32.547
3296,32.934
3297,31.964
3298,30.359
3299,28.656
3300,28.516
3301,27.592
3302,28.161
3303,28.859
3304,29.281
3305,30.467
3306,30.931
3307,30.015
3308,27.855
3309,25.596
3310,23.39
3311,21.597
3312,20.588
3313,20.064
3314,19.909
3315,19.962
3316,19.641
3317,21.034
3318,23.144
3319,25.377
3320,26.658
3321,27.034
3322,26.635
3323,24.745
3324,24.395
3325,23.813
3326,23.758
3327,24.268
3328,25.454
3329,27.282
3330,28.781
3331,28.987
3332,26.836
3333,24.292
3334,22.116
3335,20.664
3336,20.14
3337,20.015
3338,20.358
3339,21.857
3340,26.556
3341,32.721
3342,37.644
3343,38.987
3344,38.252
3345,38.652
3346,36.342
3347,36.931
3348,38.023
3349,38.566
3350,38.389
3351,36.513
3352,35.885
3353,36.765
3354,37.18
3355,36.285
3356,32.702
3357,29.624
3358,26.95
3359,25.274
3360,24.377
3361,24.124
3362,24.404
3363,25.454
3364,28.983
3365,35.131
3366,39.579
3367,40.75
3368,40.552
3369,40.03
3370,37.69
3371,36.964
3372,38.425
3373,38.208
3374,37.927
3375,37.084
3376,36.846
3377,37.37
3378,37.629
3379,36.981
3380,33.488
3381,30.07
3382,27.327
3383,25.594
3384,24.689
3385,24.407
3386,24.669
3387,25.606
3388,29.175
3389,34.737
3390,38.942
3391,39.8
3392,39.506
3393,39.189
3394,36.821
3395,36.403
3396,37.641
3397,37.783
3398,37.853
3399,36.53
3400,36.142
3401,36.866
3402,37.347
3403,36.808
3404,33.176
3405,30.011
3406,27.158
3407,25.588
3408,24.583
3409,24.19
3410,24.308
3411,25.191
3412,28.718
3413,34.369
3414,38.284
3415,38.953
3416,38.549
3417,38.035
3418,36.255
3419,36.279
3420,37.546
3421,37.246
3422,37.36
3423,36.867
3424,36.3
3425,36.637
3426,36.969
3427,36.584
3428,33.278
3429,30.076
3430,27.121
3431,25.329
3432,24.48
3433,24.14
3434,24.437
3435,25.181
3436,28.701
3437,34.297
3438,38.038
3439,38.68
3440,38.408
3441,38.041
3442,35.906
3443,35.942
3444,37.33
3445,37.634
3446,37.624
3447,36.847
3448,36.343
3449,36.375
3450,36.378
3451,35.754
3452,32.606
3453,29.91
3454,27.112
3455,25.057
3456,23.922
3457,23.414
3458,23.292
3459,23.047
3460,23.77
3461,26.96
3462,29.68
3463,31.175
3464,31.073
3465,30.539
3466,29.046
3467,27.721
3468,27.492
3469,27.613
3470,28.463
3471,28.903
3472,29.553
3473,30.387
3474,30.666
3475,30.034
3476,27.81
3477,25.532
3478,23.657
3479,21.84
3480,20.86
3481,20.379
3482,20.146
3483,20.009
3484,19.864
3485,21.065
3486,22.811
3487,24.646
3488,25.554
3489,25.874
3490,26.144
3491,24.924
3492,24.169
3493,23.894
3494,24.189
3495,24.754
3496,25.746
3497,27.415
3498,28.579
3499,28.984
3500,27.296
3501,24.817
3502,22.724
3503,21.269
3504,20.748
3505,20.415
3506,20.696
3507,22.148
3508,26.437
3509,32.476
3510,37.782
3511,39.251
3512,40.069
3513,40.189
3514,38.638
3515,38.21
3516,38.979
3517,38.807
3518,38.247
3519,37.106
3520,36.556
3521,36.696
3522,36.753
3523,35.792
3524,32.316
3525,29.416
3526,27.052
3527,25.497
3528,24.575
3529,24.368
3530,24.572
3531,25.417
3532,28.929
3533,34.488
3534,38.633
3535,39.653
3536,40.007
3537,40.109
3538,37.983
3539,38.087
3540,38.822
3541,39.134
3542,39.593
3543,38.397
3544,38.102
3545,38.167
3546,37.979
3547,36.855
3548,33.358
3549,30.146
3550,27.45
3551,25.609
3552,24.632
3553,24.418
3554,24.512
3555,25.541
3556,29.211
3557,35.197
3558,39.274
3559,40.69
3560,40.177
3561,39.788
3562,37.553
3563,37.777
3564,38.605
3565,38.641
3566,38.731
3567,37.812
3568,37.464
3569,37.897
3570,37.556
3571,36.898
3572,33.768
3573,30.722
3574,27.599
3575,26.01
3576,25.06
3577,24.531
3578,24.669
3579,25.53
3580,29.149
3581,34.846
3582,39.029
3583,39.776
3584,39.253
3585,39.214
3586,36.972
3587,37.028
3588,37.551
3589,38.392
3590,38.509
3591,37.272
3592,36.394
3593,36.863
3594,36.784
3595,36.444
3596,33.279
3597,30.278
3598,27.329
3599,25.482
3600,24.618
3601,24.313
3602,24.443
3603,25.122
3604,28.498
3605,34.428
3606,38.456
3607,38.874
3608,38.385
3609,38.419
3610,36.547
3611,36.236
3612,37.123
3613,37.212
3614,36.956
3615,36.11
3616,35.703
3617,36.049
3618,35.849
3619,35.489
3620,32.563
3621,29.853
3622,27.089
3623,25.181
3624,24.145
3625,23.576
3626,23.398
3627,22.808
3628,23.54
3629,26.718
3630,29.147
3631,30.22
3632,30.002
3633,29.164
3634,28.333
3635,27.125
3636,26.597
3637,26.162
3638,26.772
3639,27.161
3640,28.635
3641,29.535
3642,29.896
3643,29.884
3644,28.119
3645,26.049
3646,23.929
3647,22.278
3648,21.197
3649,20.483
3650,20.094
3651,19.472
3652,19.248
3653,20.822
3654,22.788
3655,24.268
3656,24.602
3657,24.805
3658,24.448
3659,23.265
3660,22.474
3661,22.616
3662,22.765
3663,23.877
3664,25.263
3665,26.548
3666,27.563
3667,28.595
3668,27.118
3669,24.698
3670,22.322
3671,20.929
3672,20.205
3673,19.971
3674,20.457
3675,21.618
3676,26.25
3677,31.711
3678,36.278
3679,37.731
3680,37.653
3681,37.639
3682,35.852
3683,36.219
3684,37.684
3685,38.228
3686,38.628
3687,38.245
3688,37.552
3689,37.452
3690,37.403
3691,37.016
3692,33.594
3693,30.407
3694,27.742
3695,26.318
3696,25.298
3697,25.011
3698,25.195
3699,25.728
3700,29.223
3701,34.962
3702,39.193
3703,40.237
3704,40.083
3705,40.035
3706,38.377
3707,38.665
3708,40.043
3709,40.836
3710,40.943
3711,39.924
3712,38.717
3713,38.327
3714,38.013
3715,37.566
3716,34.491
3717,31.154
3718,28.423
3719,26.857
3720,25.821
3721,25.533
3722,25.734
3723,26.335
3724,29.967
3725,35.284
3726,39.608
3727,40.797
3728,40.881
3729,40.843
3730,38.914
3731,38.346
3732,39.687
3733,40.374
3734,40.622
3735,39.723
3736,38.755
3737,38.495
3738,38.095
3739,37.761
3740,34.55
3741,31.441
3742,28.626
3743,26.93
3744,26.127
3745,25.688
3746,25.828
3747,26.336
3748,29.717
3749,35.313
3750,39.532
3751,40.899
3752,40.661
3753,40.912
3754,38.672
3755,38.602
3756,39.995
3757,40.964
3758,40.804
3759,39.763
3760,38.577
3761,38.217
3762,37.645
3763,37.288
3764,34.368
3765,31.593
3766,28.831
3767,26.969
3768,25.986
3769,25.531
3770,25.901
3771,26.42
3772,29.871
3773,35.086
3774,39.221
3775,40.637
3776,40.954
3777,40.916
3778,38.853
3779,38.706
3780,39.831
3781,40.094
3782,39.851
3783,39.1
3784,38.689
3785,38.418
3786,37.664
3787,36.956
3788,34.157
3789,31.443
3790,28.871
3791,27.143
3792,26.023
3793,25.525
3794,25.246
3795,24.665
3796,25.557
3797,28.343
3798,31.372
3799,32.541
3800,32.784
3801,32.034
3802,30.8
3803,29.617
3804,29.426
3805,29.461
3806,29.978
3807,30.924
3808,32.009
3809,32.526
3810,32.311
3811,32.364
3812,30.572
3813,28.284
3814,25.881
3815,24.129
3816,23.04
3817,22.496
3818,22.247
3819,21.569
3820,21.476
3821,23.141
3822,24.925
3823,26.056
3824,27.101
3825,26.991
3826,27.345
3827,26.764
3828,26.244
3829,26.001
3830,26.514
3831,27.719
3832,29.092
3833,30.11
3834,30.505
3835,31.268
3836,29.872
3837,27.502
3838,25.07
3839,23.612
3840,22.852
3841,22.667
3842,23.219
3843,24.287
3844,28.673
3845,34.087
3846,39.22
3847,41.177
3848,41.808
3849,42.538
3850,41.236
3851,41.511
3852,42.874
3853,42.736
3854,43.03
3855,42.021
3856,40.93
3857,40.61
3858,39.328
3859,39.064
3860,36.047
3861,32.805
3862,29.868
3863,28.257
3864,27.365
3865,26.981
3866,26.961
3867,27.534
3868,31.088
3869,36.667
3870,41.439
3871,43.31
3872,44.119
3873,44.622
3874,42.907
3875,42.753
3876,44.02
3877,44.526
3878,44.905
3879,43.809
3880,42.85
3881,42.267
3882,41.086
3883,40.383
3884,37.205
3885,33.983
3886,31.132
3887,29.268
3888,28.324
3889,27.855
3890,28.055
3891,28.604
3892,32.018
3893,37.286
3894,42.155
3895,44.242
3896,45.216
3897,45.269
3898,43.548
3899,43.611
3900,44.686
3901,45.081
3902,45.029
3903,44.026
3904,42.441
3905,41.726
3906,40.704
3907,40.127
3908,37.228
3909,34.046
3910,31.288
3911,29.334
3912,28.186
3913,27.794
3914,27.783
3915,28.19
3916,31.451
3917,36.864
3918,41.418
3919,43.085
3920,43.661
3921,43.885
3922,42.109
3923,42.154
3924,43.252
3925,43.679
3926,43.858
3927,43.191
3928,42.311
3929,41.849
3930,40.741
3931,39.942
3932,36.914
3933,33.786
3934,30.909
3935,28.984
3936,27.711
3937,27.208
3938,27.017
3939,27.089
3940,29.979
3941,35.062
3942,39.657
3943,41.652
3944,42.432
3945,42.823
3946,41.314
3947,41.51
3948,42.502
3949,43.085
3950,42.932
3951,42.296
3952,41.08
3953,40.746
3954,39.547
3955,38.535
3956,35.732
3957,32.782
3958,29.911
3959,28.005
3960,26.923
3961,26.305
3962,26.103
3963,25.628
3964,26.997
3965,30.418
3966,33.515
3967,35.601
3968,36.248
3969,36.025
3970,34.726
3971,34.132
3972,33.293
3973,33.271
3974,34.046
3975,35.015
3976,35.75
3977,35.952
3978,35.095
3979,34.823
3980,32.931
3981,30.512
3982,28.088
3983,26.23
3984,24.886
3985,24.143
3986,23.952
3987,23.158
3988,22.956
3989,24.448
3990,26.191
3991,27.604
3992,28.516
3993,28.899
3994,28.989
3995,28.406
3996,27.92
3997,27.922
3998,28.466
3999,29.335
4000,30.536
4001,31.706
4002,32.179
4003,32.983
4004,31.786
4005,29.384
4006,26.882
4007,25.117
4008,24.226
4009,23.766
4010,24.082
4011,25.13
4012,29.554
4013,35.288
4014,40.376
4015,42.528
4016,42.884
4017,43.477
4018,42.152
4019,42.583
4020,44.343
4021,45.218
4022,45.605
4023,44.714
4024,43.514
4025,42.725
4026,41.9
4027,41.495
4028,38.609
4029,35.383
4030,32.338
4031,30.461
4032,29.301
4033,28.863
4034,29.014
4035,29.513
4036,32.963
4037,38.236
4038,43.297
4039,45.366
4040,45.998
4041,46.535
4042,44.928
4043,45.138
4044,46.723
4045,46.893
4046,47.031
4047,46.387
4048,45.193
4049,44.195
4050,42.853
4051,42.235
4052,39.365
4053,36.117
4054,32.741
4055,30.843
4056,29.563
4057,29.043
4058,29.006
4059,29.357
4060,33.02
4061,38.57
4062,43.429
4063,45.626
4064,46.373
4065,46.862
4066,45.431
4067,45.707
4068,46.874
4069,47.783
4070,47.756
4071,46.91
4072,45.707
4073,44.681
4074,43.192
4075,42.504
4076,39.572
4077,36.203
4078,33.136
4079,31.106
4080,29.917
4081,29.382
4082,29.174
4083,29.59
4084,33.076
4085,38.451
4086,43.061
4087,44.958
4088,45.747
4089,46.283
4090,45.173
4091,45.422
4092,46.701
4093,47.155
4094,47.338
4095,46.05
4096,45.107
4097,44.384
4098,42.898
4099,42.283
4100,39.297
4101,36.285
4102,33.118
4103,31.21
4104,29.954
4105,29.439
4106,29.419
4107,29.79
4108,33.178
4109,38.414
4110,43.426
4111,45.668
4112,46.495
4113,46.815
4114,45.531
4115,45.696
4116,46.287
4117,46.692
4118,47.034
4119,45.832
4120,44.891
4121,43.908
4122,42.415
4123,41.618
4124,38.77
4125,35.818
4126,32.92
4127,30.95
4128,29.667
4129,28.919
4130,28.59
4131,28.084
4132,28.895
4133,32.003
4134,35.156
4135,37.192
4136,37.135
4137,37.224
4138,36.587
4139,35.497
4140,34.614
4141,34.289
4142,33.903
4143,34.366
4144,35.008
4145,35.555
4146,34.651
4147,34.47
4148,32.756
4149,30.487
4150,28.283
4151,26.599
4152,25.511
4153,24.871
4154,24.657
4155,23.952
4156,23.882
4157,25.476
4158,27.334
4159,28.685
4160,29.549
4161,29.814
4162,30.055
4163,29.504
4164,28.819
4165,29.107
4166,29.58
4167,30.319
4168,31.342
4169,32.289
4170,32.56
4171,33.458
4172,32.377
4173,30.072
4174,27.523
4175,25.813
4176,24.915
4177,24.494
4178,24.85
4179,25.856
4180,30.197
4181,35.939
4182,41.199
4183,43.476
4184,44.42
4185,45.081
4186,43.646
4187,43.912
4188,45.381
4189,46.189
4190,46.262
4191,45.522
4192,44.242
4193,43.651
4194,42.603
4195,42.16
4196,39.452
4197,36.133
4198,33.106
4199,31.006
4200,29.838
4201,29.303
4202,29.203
4203,29.666
4204,33.231
4205,39.092
4206,44.477
4207,46.87
4208,47.684
4209,48.181
4210,46.799
4211,46.974
4212,48.141
4213,48.529
4214,49.059
4215,48.346
4216,47.363
4217,46.453
4218,45.138
4219,44.55
4220,41.612
4221,38.015
4222,34.704
4223,32.42
4224,31.13
4225,30.409
4226,30.527
4227,30.913
4228,34.522
4229,40.342
4230,45.827
4231,48.461
4232,49.304
4233,50.205
4234,49.168
4235,49.825
4236,50.974
4237,51.061
4238,51.395
4239,50.515
4240,49.215
4241,48.438
4242,47.007
4243,46.271
4244,43.41
4245,39.543
4246,35.962
4247,33.589
4248,32.335
4249,31.622
4250,31.481
4251,31.631
4252,35.003
4253,40.462
4254,45.714
4255,48.599
4256,49.98
4257,50.989
4258,50.138
4259,50.49
4260,51.429
4261,51.727
4262,52.146
4263,51.359
4264,50.228
4265,49.637
4266,48.188
4267,47.9
4268,44.95
4269,41.235
4270,37.513
4271,35.05
4272,33.491
4273,32.624
4274,32.325
4275,32.312
4276,35.518
4277,41.01
4278,46.272
4279,49.283
4280,51.051
4281,52.057
4282,51.509
4283,51.627
4284,52.464
4285,52.247
4286,52.194
4287,51.211
4288,50.02
4289,48.72
4290,47.209
4291,46.391
4292,43.399
4293,40.057
4294,37.488
4295,35.205
4296,33.742
4297,32.594
4298,32.033
4299,31.133
4300,31.636
4301,34.428
4302,37.231
4303,39.077
4304,39.745
4305,39.415
4306,38.933
4307,38.188
4308,37.927
4309,37.893
4310,38.642
4311,39.442
4312,40.299
4313,40.482
4314,39.605
4315,39.469
4316,37.675
4317,35.21
4318,32.57
4319,30.468
4320,28.901
4321,27.934
4322,27.58
4323,26.761
4324,26.445
4325,27.95
4326,29.693
4327,31.198
4328,32.329
4329,32.818
4330,33.504
4331,33.257
4332,33.163
4333,33.393
4334,33.995
4335,34.92
4336,36.006
4337,36.764
4338,37.025
4339,37.852
4340,36.774
4341,34.097
4342,31.135
4343,29.135
4344,28.054
4345,27.365
4346,27.609
4347,28.523
4348,32.566
4349,38.411
4350,43.744
4351,46.565
4352,47.749
4353,48.763
4354,47.937
4355,48.777
4356,50.21
4357,50.665
4358,50.588
4359,49.774
4360,47.923
4361,46.539
4362,45.167
4363,44.713
4364,42.049
4365,38.995
4366,35.656
4367,33.469
4368,32.323
4369,31.553
4370,31.584
4371,31.848
4372,35.196
4373,40.547
4374,45.506
4375,48.057
4376,48.985
4377,50.108
4378,49.214
4379,49.769
4380,50.974
4381,51.442
4382,51.618
4383,50.815
4384,49.628
4385,48.43
4386,47.114
4387,46.206
4388,43.299
4389,39.783
4390,36.248
4391,34.093
4392,32.679
4393,32.044
4394,31.949
4395,32.374
4396,35.733
4397,41.084
4398,46.159
4399,48.838
4400,50.189
4401,51.077
4402,49.924
4403,50.425
4404,51.975
4405,52.973
4406,53.206
4407,52.041
4408,49.858
4409,47.742
4410,45.509
4411,44.356
4412,41.544
4413,38.521
4414,35.27
4415,33.297
4416,32.093
4417,31.344
4418,31.126
4419,31.503
4420,34.616
4421,40.159
4422,44.995
4423,47.486
4424,48.368
4425,49.149
4426,48.194
4427,48.956
4428,50.352
4429,50.872
4430,50.804
4431,49.963
4432,48.791
4433,47.622
4434,46.12
4435,45.421
4436,42.974
4437,39.79
4438,36.363
4439,34.321
4440,32.865
4441,32.144
4442,32.06
4443,32.354
4444,35.545
4445,40.605
4446,45.294
4447,47.798
4448,48.817
4449,49.684
4450,48.752
4451,49.054
4452,50.245
4453,50.586
4454,50.651
4455,49.962
4456,48.95
4457,47.947
4458,46.385
4459,45.636
4460,42.904
4461,39.771
4462,36.691
4463,34.391
4464,32.701
4465,31.839
4466,31.44
4467,30.657
4468,31.266
4469,34.21
4470,37.07
4471,39.013
4472,39.748
4473,39.937
4474,39.542
4475,38.973
4476,38.586
4477,38.61
4478,39.255
4479,39.906
4480,40.732
4481,40.84
4482,39.764
4483,39.256
4484,37.453
4485,35.034
4486,32.652
4487,30.636
4488,29.21
4489,28.381
4490,27.948
4491,27.129
4492,26.496
4493,27.935
4494,29.507
4495,31.001
4496,32.282
4497,33.019
4498,33.245
4499,33.62
4500,33.866
4501,33.35
4502,33.86
4503,34.994
4504,36.287
4505,36.47
4506,36.635
4507,37.522
4508,36.511
4509,34.015
4510,31.471
4511,29.823
4512,28.701
4513,27.955
4514,28.153
4515,29.243
4516,33.127
4517,38.592
4518,44.319
4519,47.25
4520,48.28
4521,49.028
4522,48.569
4523,49.609
4524,50.984
4525,50.991
4526,51.232
4527,50.555
4528,49.382
4529,48.396
4530,47.006
4531,46.464
4532,43.628
4533,40.157
4534,36.803
4535,34.494
4536,33.208
4537,32.559
4538,32.425
4539,33.166
4540,36.396
4541,41.757
4542,46.432
4543,48.682
4544,49.515
4545,50.226
4546,49.392
4547,50.591
4548,51.278
4549,52.272
4550,51.846
4551,50.183
4552,48.16
4553,46.335
4554,44.72
4555,44.09
4556,41.444
4557,38.29
4558,35.256
4559,33.29
4560,32.003
4561,31.414
4562,31.351
4563,32.163
4564,35.313
4565,40.583
4566,45.767
4567,48.04
4568,48.976
4569,49.455
4570,47.932
4571,47.492
4572,48.299
4573,48.414
4574,48.163
4575,47.23
4576,45.445
4577,44.556
4578,43.02
4579,42.281
4580,39.419
4581,36.443
4582,33.348
4583,31.459
4584,30.321
4585,29.763
4586,29.764
4587,30.424
4588,33.595
4589,38.72
4590,43.145
4591,45.149
4592,45.624
4593,46.063
4594,44.583
4595,44.401
4596,45.708
4597,45.946
4598,46.121
4599,45.159
4600,44.067
4601,43.34
4602,42.151
4603,41.526
4604,38.911
4605,36.02
4606,33.204
4607,31.364
4608,30.045
4609,29.534
4610,29.555
4611,30.306
4612,33.46
4613,38.801
4614,43.249
4615,45.262
4616,45.703
4617,46.048
4618,44.426
4619,44.658
4620,45.897
4621,46.359
4622,46.444
4623,45.755
4624,44.484
4625,43.307
4626,41.848
4627,41.172
4628,38.449
4629,35.72
4630,32.932
4631,31.022
4632,29.544
4633,28.865
4634,28.487
4635,28.138
4636,28.943
4637,31.864
4638,34.809
4639,36.616
4640,37.025
4641,36.709
4642,35.58
4643,35.124
4644,34.056
4645,33.785
4646,34.17
4647,34.686
4648,35.62
4649,36.033
4650,35.27
4651,35.159
4652,33.279
4653,30.921
4654,28.595
4655,26.738
4656,25.552
4657,24.839
4658,24.455
4659,23.929
4660,23.286
4661,24.687
4662,26.301
4663,27.715
4664,28.424
4665,28.83
4666,28.988
4667,28.289
4668,28.108
4669,28.493
4670,28.956
4671,29.941
4672,30.783
4673,31.416
4674,31.978
4675,32.811
4676,31.368
4677,29.077
4678,26.919
4679,25.49
4680,24.779
4681,24.523
4682,24.783
4683,26.275
4684,30.585
4685,35.793
4686,40.405
4687,42.605
4688,42.75
4689,42.607
4690,41.221
4691,41.075
4692,41.647
4693,41.269
4694,41.607
4695,41.342
4696,40.11
4697,39.948
4698,39.152
4699,38.607
4700,35.665
4701,32.916
4702,29.892
4703,28.358
4704,27.579
4705,27.222
4706,27.326
4707,28.515
4708,31.601
4709,36.722
4710,41.452
4711,43.349
4712,44.032
4713,44.123
4714,42.537
4715,42.225
4716,42.548
4717,42.702
4718,43.12
4719,43.112
4720,42.014
4721,41.382
4722,40.576
4723,40.136
4724,37.149
4725,34.393
4726,31.269
4727,29.625
4728,28.609
4729,28.061
4730,28.12
4731,28.945
4732,31.957
4733,37.284
4734,41.698
4735,43.513
4736,43.901
4737,44.075
4738,42.361
4739,42.364
4740,43.455
4741,43.979
4742,44.653
4743,44.354
4744,43.327
4745,42.811
4746,41.8
4747,41.159
4748,38.091
4749,35.022
4750,31.972
4751,30.17
4752,29.126
4753,28.597
4754,28.812
4755,29.542
4756,32.784
4757,38.104
4758,42.549
4759,44.465
4760,45.075
4761,45.34
4762,43.398
4763,43.232
4764,44.108
4765,44.676
4766,45.567
4767,44.903
4768,43.62
4769,42.847
4770,41.863
4771,41.256
4772,38.312
4773,35.37
4774,32.614
4775,30.677
4776,29.586
4777,29.093
4778,29.191
4779,30.269
4780,33.415
4781,38.544
4782,43.064
4783,45.062
4784,45.474
4785,45.584
4786,44.047
4787,43.914
4788,45.221
4789,45.786
4790,45.677
4791,45.31
4792,44.29
4793,43.314
4794,42.083
4795,41.292
4796,38.484
4797,35.592
4798,32.629
4799,30.514
4800,29.15
4801,28.394
4802,27.981
4803,27.985
4804,28.614
4805,31.563
4806,34.514
4807,36.227
4808,36.656
4809,36.338
4810,35.226
4811,34.195
4812,33.496
4813,33.761
4814,34.535
4815,35.495
4816,36.464
4817,36.875
4818,36.501
4819,36.32
4820,34.109
4821,31.775
4822,29.471
4823,27.73
4824,26.387
4825,25.671
4826,25.386
4827,25.162
4828,24.757
4829,26.282
4830,27.93
4831,29.173
4832,30.082
4833,30.653
4834,31.002
4835,30.413
4836,30.297
4837,30.571
4838,31.39
4839,32.434
4840,33.566
4841,34.805
4842,35.546
4843,36.456
4844,34.927
4845,32.262
4846,29.655
4847,27.945
4848,26.893
4849,26.376
4850,26.585
4851,28.258
4852,32.235
4853,38.002
4854,43.483
4855,45.851
4856,46.889
4857,47.334
4858,46.563
4859,47.208
4860,48.634
4861,49.423
4862,49.287
4863,48.459
4864,47.258
4865,46.484
4866,45.767
4867,45.336
4868,42.061
4869,38.637
4870,35.346
4871,32.995
4872,31.775
4873,31.105
4874,31.017
4875,31.865
4876,34.632
4877,40.218
4878,45.602
4879,48.229
4880,49.415
4881,49.971
4882,48.805
4883,49.127
4884,50.393
4885,50.864
4886,51.14
4887,50.371
4888,49.392
4889,48.657
4890,47.827
4891,46.995
4892,43.43
4893,39.959
4894,36.507
4895,34.002
4896,32.625
4897,32.016
4898,31.942
4899,32.825
4900,35.797
4901,41.209
4902,46.247
4903,48.967
4904,50.217
4905,51.078
4906,50.009
4907,50.6
4908,51.764
4909,52.253
4910,52.41
4911,51.554
4912,50.343
4913,49.501
4914,48.541
4915,47.681
4916,44.259
4917,40.794
4918,37.465
4919,35.104
4920,33.72
4921,32.819
4922,32.665
4923,33.571
4924,36.537
4925,41.742
4926,46.919
4927,49.776
4928,51.194
4929,52.268
4930,51.402
4931,52.011
4932,53.123
4933,53.376
4934,53.824
4935,52.714
4936,51.411
4937,50.333
4938,49.409
4939,48.621
4940,45.35
4941,41.851
4942,38.19
4943,35.733
4944,34.304
4945,33.479
4946,33.248
4947,33.927
4948,36.797
4949,41.783
4950,46.943
4951,49.74
4952,50.758
4953,51.767
4954,51.009
4955,51.534
4956,52.395
4957,52.622
4958,52.709
4959,51.732
4960,50.381
4961,48.79
4962,47.157
4963,45.82
4964,42.577
4965,39.686
4966,36.87
4967,34.406
4968,32.84
4969,31.909
4970,31.46
4971,31.321
4972,31.494
4973,34.026
4974,36.575
4975,38.803
4976,38.868
4977,39.376
4978,38.205
4979,38.324
4980,38.151
4981,37.865
4982,38.035
4983,37.425
4984,37.771
4985,37.681
4986,37.186
4987,36.507
4988,34.273
4989,31.917
4990,29.969
4991,28.357
4992,27.279
4993,26.382
4994,25.978
4995,25.909
4996,25.372
4997,26.199
4998,27.729
4999,28.984
5000,29.932
5001,30.088
5002,30.456
5003,29.823
5004,29.216
5005,29.365
5006,29.179
5007,29.796
5008,31.14
5009,32.116
5010,32.738
5011,33.398
5012,31.809
5013,29.773
5014,27.347
5015,25.815
5016,25.068
5017,24.741
5018,25.191
5019,26.88
5020,30.599
5021,36.105
5022,41.433
5023,43.861
5024,44.808
5025,44.922
5026,43.608
5027,44.246
5028,45.59
5029,45.959
5030,46.329
5031,45.519
5032,44.44
5033,43.481
5034,42.997
5035,42.337
5036,38.976
5037,36.086
5038,32.651
5039,30.484
5040,29.407
5041,28.75
5042,28.865
5043,29.938
5044,32.662
5045,37.807
5046,42.745
5047,44.897
5048,45.833
5049,46.277
5050,45.319
5051,45.3
5052,46.774
5053,47.167
5054,47.328
5055,46.979
5056,45.654
5057,44.847
5058,44.091
5059,43.184
5060,39.855
5061,36.796
5062,33.892
5063,31.724
5064,30.398
5065,29.795
5066,29.716
5067,30.623
5068,33.611
5069,38.673
5070,43.484
5071,45.916
5072,46.563
5073,47.106
5074,45.946
5075,46.585
5076,47.71
5077,48.127
5078,47.986
5079,46.623
5080,45.502
5081,44.705
5082,44.009
5083,43.241
5084,40.028
5085,36.657
5086,34.411
5087,32.102
5088,30.745
5089,30.119
5090,30.024
5091,30.975
5092,33.257
5093,38.156
5094,42.862
5095,45.12
5096,46.156
5097,46.848
5098,45.922
5099,46.059
5100,47.153
5101,47.61
5102,48.074
5103,47.516
5104,46.434
5105,45.825
5106,45.106
5107,44.256
5108,40.868
5109,37.656
5110,34.373
5111,32.398
5112,31.154
5113,30.448
5114,30.345
5115,31.218
5116,33.905
5117,38.225
5118,42.667
5119,45.353
5120,46.042
5121,46.012
5122,44.687
5123,45.16
5124,45.869
5125,45.292
5126,45.206
5127,44.589
5128,42.835
5129,41.834
5130,40.965
5131,39.986
5132,37.156
5133,34.152
5134,31.485
5135,29.481
5136,28.192
5137,27.349
5138,27.071
5139,27.169
5140,27.036
5141,29.21
5142,31.858
5143,33.799
5144,34.476
5145,34.453
5146,34.149
5147,33.292
5148,32.918
5149,33.016
5150,33.732
5151,34.615
5152,35.273
5153,35.682
5154,35.509
5155,34.851
5156,32.522
5157,30.279
5158,28.288
5159,26.542
5160,25.455
5161,24.645
5162,24.356
5163,24.422
5164,23.594
5165,24.744
5166,26.518
5167,27.738
5168,28.66
5169,29.01
5170,29.288
5171,28.79
5172,28.692
5173,28.779
5174,29.306
5175,30.32
5176,31.236
5177,31.94
5178,33.027
5179,33.534
5180,31.714
5181,29.421
5182,27.22
5183,25.647
5184,24.611
5185,24.121
5186,24.174
5187,25.317
5188,27.791
5189,31.936
5190,36.269
5191,38.55
5192,39.238
5193,39.809
5194,39.266
5195,39.343
5196,39.861
5197,40.455
5198,41.039
5199,40.977
5200,40.137
5201,39.693
5202,39.595
5203,38.856
5204,36.01
5205,33.191
5206,30.405
5207,28.408
5208,27.145
5209,26.541
5210,26.493
5211,27.51
5212,29.522
5213,33.29
5214,37.172
5215,39.668
5216,40.455
5217,40.898
5218,40.475
5219,40.389
5220,41.191
5221,41.612
5222,41.722
5223,41.697
5224,40.985
5225,40.411
5226,40.23
5227,39.061
5228,35.919
5229,32.902
5230,30.169
5231,28.215
5232,26.899
5233,26.213
5234,25.798
5235,27.007
5236,29.063
5237,32.783
5238,36.817
5239,39.13
5240,40.065
5241,40.783
5242,40.339
5243,40.654
5244,40.732
5245,40.978
5246,41.392
5247,40.97
5248,40.353
5249,39.656
5250,39.328
5251,38.069
5252,35.066
5253,32.254
5254,29.646
5255,27.911
5256,26.771
5257,26.093
5258,26.052
5259,26.843
5260,28.635
5261,32.14
5262,35.667
5263,38.119
5264,39.018
5265,39.852
5266,39.894
5267,39.977
5268,40.436
5269,40.518
5270,40.712
5271,40.409
5272,40.183
5273,39.86
5274,39.91
5275,38.895
5276,35.985
5277,33.063
5278,30.37
5279,28.287
5280,26.947
5281,26.264
5282,26.111
5283,27.002
5284,28.629
5285,31.954
5286,35.734
5287,37.937
5288,38.67
5289,39.229
5290,39.159
5291,38.872
5292,39.177
5293,39.402
5294,39.958
5295,39.78
5296,39.472
5297,39.102
5298,39.151
5299,38.141
5300,35.256
5301,32.453
5302,29.973
5303,27.964
5304,26.558
5305,25.664
5306,25.291
5307,25.582
5308,25.572
5309,27.412
5310,29.832
5311,31.813
5312,32.779
5313,33.389
5314,33.92
5315,33.885
5316,33.846
5317,33.922
5318,34.458
5319,35.128
5320,36.075
5321,36.516
5322,36.633
5323,35.626
5324,33.089
5325,30.761
5326,28.348
5327,26.413
5328,25.041
5329,24.246
5330,23.85
5331,23.898
5332,23.067
5333,24.032
5334,25.87
5335,27.571
5336,28.93
5337,29.858
5338,30.803
5339,30.686
5340,30.676
5341,30.941
5342,31.325
5343,32.026
5344,32.868
5345,33.871
5346,35.172
5347,35.158
5348,33.039
5349,30.471
5350,28.862
5351,26.877
5352,25.56
5353,24.843
5354,24.638
5355,25.176
5356,26.101
5357,28.736
5358,31.895
5359,33.862
5360,34.926
5361,35.854
5362,36.702
5363,36.965
5364,36.937
5365,37.456
5366,38.009
5367,38.173
5368,37.625
5369,37.425
5370,37.838
5371,36.638
5372,34.005
5373,31.412
5374,28.803
5375,26.827
5376,25.686
5377,24.943
5378,24.711
5379,25.275
5380,25.959
5381,28.196
5382,31.028
5383,32.969
5384,33.78
5385,34.534
5386,35.36
5387,35.532
5388,36.133
5389,36.298
5390,35.841
5391,36.062
5392,35.984
5393,36.106
5394,36.572
5395,35.464
5396,32.864
5397,30.179
5398,27.053
5399,25.275
5400,24.156
5401,23.613
5402,23.471
5403,24.17
5404,24.779
5405,26.844
5406,29.6
5407,31.063
5408,31.382
5409,31.16
5410,31.074
5411,30.54
5412,30.613
5413,30.858
5414,31.526
5415,32.033
5416,32.182
5417,32.11
5418,32.715
5419,31.642
5420,29.324
5421,27.061
5422,25.008
5423,23.35
5424,22.367
5425,21.722
5426,21.423
5427,21.742
5428,21.254
5429,22.187
5430,23.612
5431,24.688
5432,24.88
5433,24.804
5434,24.613
5435,23.58
5436,23.547
5437,24.024
5438,24.643
5439,25.527
5440,26.328
5441,27.351
5442,29.073
5443,28.948
5444,27.332
5445,25.55
5446,23.883
5447,22.399
5448,21.479
5449,20.983
5450,20.95
5451,21.659
5452,22.268
5453,23.921
5454,26.323
5455,27.785
5456,28.114
5457,28.64
5458,29.032
5459,28.863
5460,28.887
5461,29.145
5462,29.644
5463,30.503
5464,30.884
5465,31.571
5466,32.585
5467,31.497
5468,29.101
5469,26.928
5470,24.793
5471,23.127
5472,22.111
5473,21.561
5474,21.387
5475,21.896
5476,22.13
5477,23.352
5478,25.352
5479,26.833
5480,27.207
5481,27.18
5482,27.578
5483,27.396
5484,27.047
5485,27.424
5486,28.121
5487,29.143
5488,29.948
5489,30.78
5490,31.865
5491,30.751
5492,28.537
5493,26.495
5494,24.437
5495,22.775
5496,21.714
5497,21.088
5498,20.855
5499,21.122
5500,20.674
5501,21.519
5502,23.291
5503,24.796
5504,25.49
5505,25.924
5506,26.218
5507,25.811
5508,25.459
5509,25.928
5510,26.244
5511,27.262
5512,28.445
5513,29.528
5514,31.341
5515,30.699
5516,28.701
5517,26.436
5518,24.391
5519,22.857
5520,21.894
5521,21.438
5522,21.514
5523,22.696
5524,24.377
5525,27.066
5526,30.533
5527,32.74
5528,33.536
5529,33.638
5530,34.196
5531,34.158
5532,34.348
5533,34.759
5534,35.335
5535,35.556
5536,35.619
5537,35.673
5538,36.772
5539,35.336
5540,32.492
5541,29.775
5542,27.429
5543,25.854
5544,24.764
5545,24.2
5546,24.044
5547,25.051
5548,26.723
5549,29.398
5550,32.618
5551,34.654
5552,35.425
5553,36.131
5554,36.221
5555,36.132
5556,36.663
5557,36.753
5558,37.353
5559,37.602
5560,37.679
5561,37.763
5562,38.432
5563,36.638
5564,33.702
5565,31.12
5566,28.558
5567,26.689
5568,25.659
5569,24.988
5570,24.913
5571,25.862
5572,27.481
5573,29.73
5574,32.982
5575,35.174
5576,35.959
5577,36.716
5578,36.691
5579,36.604
5580,36.914
5581,37.46
5582,37.992
5583,38.202
5584,38.078
5585,37.962
5586,38.634
5587,36.842
5588,34.016
5589,31.386
5590,28.751
5591,27.089
5592,25.79
5593,25.279
5594,25.266
5595,26.245
5596,28.079
5597,30.411
5598,33.452
5599,35.66
5600,36.505
5601,36.407
5602,36.41
5603,36.189
5604,37.024
5605,37.868
5606,38.093
5607,37.748
5608,37.257
5609,37.503
5610,38.3
5611,36.423
5612,33.673
5613,31.095
5614,28.742
5615,27.115
5616,26.132
5617,25.513
5618,25.509
5619,26.368
5620,28.306
5621,30.866
5622,33.949
5623,35.729
5624,36.883
5625,38.149
5626,38.185
5627,37.998
5628,37.646
5629,37.673
5630,38.009
5631,37.755
5632,36.962
5633,37.337
5634,37.888
5635,35.64
5636,33.048
5637,30.565
5638,28.314
5639,26.671
5640,25.496
5641,24.765
5642,24.672
5643,25.186
5644,25.858
5645,27.201
5646,29.403
5647,31.242
5648,31.809
5649,32.102
5650,31.88
5651,31.857
5652,31.713
5653,32.306
5654,32.828
5655,33.502
5656,34.127
5657,34.71
5658,35.6
5659,33.541
5660,31.184
5661,29.07
5662,26.891
5663,25.323
5664,24.206
5665,23.594
5666,23.363
5667,23.368
5668,23.184
5669,23.916
5670,25.71
5671,27.291
5672,28.377
5673,29.08
5674,29.746
5675,29.351
5676,29.24
5677,29.603
5678,30.127
5679,30.714
5680,31.395
5681,32.533
5682,34.364
5683,33.231
5684,31.176
5685,28.986
5686,26.851
5687,25.385
5688,24.555
5689,24.032
5690,24.538
5691,26.143
5692,29.483
5693,33.055
5694,38.011
5695,40.612
5696,41.728
5697,42.335
5698,41.847
5699,42.351
5700,43.792
5701,44.372
5702,44.872
5703,44.172
5704,42.856
5705,42.505
5706,43.273
5707,40.926
5708,37.499
5709,34.507
5710,31.745
5711,29.848
5712,28.938
5713,28.33
5714,28.268
5715,29.34
5716,32.048
5717,35.619
5718,40.348
5719,43.019
5720,43.766
5721,44.472
5722,43.707
5723,43.637
5724,44.798
5725,45.398
5726,45.896
5727,45.33
5728,44.18
5729,44.277
5730,44.968
5731,42.386
5732,38.921
5733,35.716
5734,32.687
5735,30.886
5736,29.684
5737,29.226
5738,29.265
5739,30.532
5740,33.382
5741,37.165
5742,42.086
5743,44.184
5744,44.935
5745,45.363
5746,44.311
5747,44.479
5748,46.167
5749,45.892
5750,46.213
5751,45.111
5752,43.562
5753,43.636
5754,43.957
5755,41.126
5756,37.97
5757,35.053
5758,32.446
5759,30.749
5760,29.77
5761,29.21
5762,29.126
5763,30.337
5764,33.2
5765,36.945
5766,41.569
5767,43.682
5768,44.817
5769,45.381
5770,44.4
5771,44.86
5772,45.973
5773,46.677
5774,46.5
5775,45.729
5776,44.449
5777,44.438
5778,45.023
5779,42.162
5780,38.707
5781,35.795
5782,32.385
5783,30.609
5784,29.372
5785,28.785
5786,28.778
5787,30.048
5788,32.892
5789,36.444
5790,41.03
5791,43.609
5792,44.584
5793,44.901
5794,44.161
5795,44.392
5796,45.034
5797,45.779
5798,45.909
5799,44.938
5800,43.728
5801,43.473
5802,43.879
5803,41.039
5804,37.84
5805,35.06
5806,32.774
5807,30.841
5808,29.517
5809,28.664
5810,28.298
5811,28.416
5812,29.165
5813,30.706
5814,33.338
5815,35.289
5816,35.967
5817,36.267
5818,36.038
5819,35.557
5820,35.908
5821,35.61
5822,36
5823,36.427
5824,36.604
5825,37.4
5826,37.985
5827,35.631
5828,33.301
5829,31.125
5830,28.328
5831,26.547
5832,25.46
5833,24.824
5834,24.593
5835,24.768
5836,24.663
5837,24.895
5838,26.295
5839,27.906
5840,28.77
5841,29.737
5842,30.779
5843,30.206
5844,29.964
5845,30.542
5846,30.876
5847,31.716
5848,32.525
5849,34.202
5850,35.539
5851,34.237
5852,32.411
5853,29.857
5854,27.489
5855,25.843
5856,24.892
5857,24.706
5858,25.074
5859,26.837
5860,31.415
5861,35.859
5862,41.362
5863,43.897
5864,44.312
5865,44.622
5866,43.08
5867,43.406
5868,43.726
5869,44.853
5870,45.242
5871,43.561
5872,42.38
5873,42.448
5874,42.765
5875,40.192
5876,36.7
5877,33.749
5878,31.282
5879,29.609
5880,28.545
5881,28.141
5882,28.166
5883,29.656
5884,33.398
5885,37.339
5886,42.314
5887,44.46
5888,45.109
5889,45.192
5890,43.258
5891,43.096
5892,44.568
5893,45.264
5894,45.219
5895,44.235
5896,43.037
5897,43.21
5898,43.429
5899,40.46
5900,36.619
5901,33.434
5902,30.776
5903,29.037
5904,28.081
5905,27.734
5906,27.9
5907,29.3
5908,32.919
5909,36.963
5910,41.85
5911,43.393
5912,43.541
5913,43.628
5914,41.911
5915,42.192
5916,43.06
5917,43.54
5918,43.874
5919,43.301
5920,42.494
5921,42.82
5922,43.207
5923,40.071
5924,36.326
5925,33.406
5926,30.726
5927,28.931
5928,28.136
5929,27.878
5930,27.989
5931,29.37
5932,33.316
5933,37.397
5934,41.971
5935,43.639
5936,43.87
5937,43.712
5938,41.869
5939,42.179
5940,43.415
5941,44.401
5942,44.87
5943,44.079
5944,42.772
5945,43.249
5946,43.023
5947,39.86
5948,36.21
5949,33.47
5950,30.778
5951,29.122
5952,28.055
5953,27.68
5954,27.834
5955,29.291
5956,33.259
5957,37.492
5958,42.401
5959,44.389
5960,45.176
5961,45.195
5962,42.675
5963,42.44
5964,42.694
5965,42.703
5966,42.96
5967,41.752
5968,40.262
5969,40.887
5970,40.638
5971,37.613
5972,34.052
5973,31.579
5974,29.146
5975,27.576
5976,26.44
5977,25.885
5978,25.652
5979,25.949
5980,27.247
5981,28.868
5982,31.639
5983,33.268
5984,33.633
5985,32.74
5986,31.322
5987,29.854
5988,29.934
5989,30.13
5990,30.475
5991,31.262
5992,31.698
5993,33.329
5994,33.852
5995,31.456
5996,29.258
5997,27.054
5998,25.302
5999,23.874
6000,22.799
6001,22.248
6002,22.127
6003,22.396
6004,22.768
6005,23.133
6006,24.582
6007,26.264
6008,27.393
6009,27.816
6010,27.675
6011,26.513
6012,26.284
6013,26.79
6014,26.587
6015,26.996
6016,27.694
6017,30.174
6018,31.201
6019,29.595
6020,27.561
6021,25.303
6022,23.383
6023,22.054
6024,21.479
6025,21.262
6026,21.883
6027,23.805
6028,28.69
6029,33.35
6030,38.122
6031,39.333
6032,39.248
6033,39.561
6034,37.748
6035,38.024
6036,38.776
6037,38.851
6038,39.294
6039,38.463
6040,37.473
6041,38.774
6042,39.301
6043,36.362
6044,32.68
6045,29.813
6046,27.543
6047,26.074
6048,25.33
6049,25.113
6050,25.303
6051,26.785
6052,30.885
6053,35.201
6054,39.784
6055,41.362
6056,41.238
6057,40.923
6058,39.188
6059,38.869
6060,39.992
6061,40.465
6062,41.175
6063,40.296
6064,39.535
6065,40.43
6066,40.377
6067,37.403
6068,33.611
6069,30.797
6070,28.289
6071,26.765
6072,26.013
6073,25.736
6074,25.949
6075,27.37
6076,31.733
6077,35.776
6078,40.257
6079,41.218
6080,41.325
6081,41.696
6082,39.292
6083,39.298
6084,40.803
6085,41.343
6086,42.048
6087,41.15
6088,40.431
6089,41.696
6090,41.875
6091,38.486
6092,34.447
6093,31.469
6094,29.037
6095,27.425
6096,26.584
6097,26.331
6098,26.35
6099,27.952
6100,32.093
6101,36.245
6102,40.503
6103,41.703
6104,41.721
6105,41.975
6106,39.95
6107,40.163
6108,41.348
6109,42.014
6110,42.644
6111,42.072
6112,40.946
6113,42.037
6114,42.022
6115,38.636
6116,34.716
6117,31.876
6118,29.291
6119,27.725
6120,26.761
6121,26.592
6122,26.8
6123,28.321
6124,32.48
6125,36.672
6126,40.856
6127,42.415
6128,42.41
6129,42.38
6130,40.639
6131,40.648
6132,41.68
6133,42.27
6134,42.709
6135,42.128
6136,41.383
6137,42.429
6138,41.815
6139,38.416
6140,34.831
6141,31.952
6142,29.527
6143,27.846
6144,26.744
6145,26.11
6146,25.741
6147,26.256
6148,27.802
6149,29.556
6150,32.506
6151,34.019
6152,34.031
6153,33.524
6154,32.307
6155,30.906
6156,30.37
6157,30.447
6158,31.111
6159,32.308
6160,33.402
6161,35.767
6162,35.371
6163,32.472
6164,30.164
6165,28.074
6166,26.006
6167,24.279
6168,23.274
6169,22.757
6170,22.619
6171,22.878
6172,23.366
6173,23.647
6174,25.632
6175,26.994
6176,27.773
6177,27.815
6178,27.824
6179,26.785
6180,26.507
6181,26.794
6182,27.102
6183,28.233
6184,29.712
6185,32.551
6186,33.373
6187,31.607
6188,29.28
6189,26.754
6190,24.658
6191,23.285
6192,22.696
6193,22.627
6194,23.067
6195,25.278
6196,30.886
6197,35.731
6198,40.065
6199,41.733
6200,41.982
6201,42.296
6202,40.638
6203,40.884
6204,42.389
6205,43.23
6206,43.851
6207,42.872
6208,41.663
6209,43.152
6210,42.502
6211,39.427
6212,35.24
6213,31.995
6214,29.507
6215,27.946
6216,27.071
6217,26.54
6218,26.76
6219,28.212
6220,32.948
6221,37.31
6222,41.612
6223,43.146
6224,43.373
6225,43.252
6226,41.624
6227,41.744
6228,43.016
6229,43.675
6230,44.023
6231,43.514
6232,42.633
6233,44.018
6234,43.063
6235,39.751
6236,35.826
6237,32.498
6238,29.739
6239,28.083
6240,27.135
6241,26.924
6242,27.181
6243,28.816
6244,33.74
6245,37.994
6246,42.476
6247,44.21
6248,44.088
6249,43.934
6250,41.996
6251,41.748
6252,42.877
6253,43.74
6254,44.49
6255,43.54
6256,42.713
6257,44.14
6258,42.72
6259,39.395
6260,35.635
6261,32.508
6262,29.971
6263,28.248
6264,27.396
6265,27.107
6266,27.124
6267,28.497
6268,33.258
6269,37.913
6270,41.746
6271,43.023
6272,42.941
6273,43.163
6274,40.878
6275,40.753
6276,41.756
6277,42.198
6278,42.434
6279,41.943
6280,40.672
6281,42.17
6282,41.1
6283,38.138
6284,34.53
6285,31.665
6286,29.262
6287,27.797
6288,26.973
6289,26.611
6290,26.661
6291,28.061
6292,32.753
6293,37.067
6294,41.077
6295,42.374
6296,41.767
6297,41.25
6298,38.846
6299,38.619
6300,39.686
6301,39.851
6302,40.493
6303,39.902
6304,38.987
6305,40.844
6306,40.133
6307,36.805
6308,33.323
6309,30.588
6310,28.394
6311,26.885
6312,25.797
6313,25.244
6314,25.077
6315,25.473
6316,27.464
6317,29.308
6318,31.868
6319,33.072
6320,32.619
6321,31.732
6322,30.38
6323,29.134
6324,28.613
6325,28.68
6326,29.24
6327,30.615
6328,31.593
6329,34.767
6330,33.945
6331,31.401
6332,28.962
6333,26.995
6334,25.146
6335,23.503
6336,22.577
6337,21.984
6338,21.762
6339,22.094
6340,22.82
6341,23.308
6342,24.952
6343,26.702
6344,27.658
6345,27.927
6346,28.125
6347,27.099
6348,26.034
6349,26.128
6350,26.617
6351,27.157
6352,28.521
6353,32.076
6354,31.917
6355,29.965
6356,27.868
6357,25.563
6358,23.699
6359,22.407
6360,21.818
6361,21.779
6362,22.096
6363,24.179
6364,29.897
6365,35.224
6366,39.612
6367,41.631
6368,41.876
6369,41.698
6370,39.814
6371,39.887
6372,41.655
6373,41.87
6374,41.836
6375,40.4
6376,39.477
6377,41.595
6378,40.453
6379,37.39
6380,33.657
6381,30.713
6382,28.343
6383,26.525
6384,25.784
6385,25.475
6386,25.69
6387,27.241
6388,32.102
6389,36.564
6390,40.929
6391,42.015
6392,41.819
6393,41.668
6394,39.525
6395,39.357
6396,40.56
6397,40.935
6398,41.032
6399,40.295
6400,39.745
6401,41.976
6402,40.856
6403,37.922
6404,34.097
6405,30.858
6406,28.407
6407,27.012
6408,26.122
6409,25.867
6410,25.989
6411,27.395
6412,32.314
6413,36.787
6414,40.883
6415,42.309
6416,42.291
6417,42.118
6418,39.652
6419,40.138
6420,40.806
6421,41.543
6422,42.177
6423,41.196
6424,40.441
6425,42.719
6426,41.007
6427,37.922
6428,34.052
6429,31.078
6430,28.606
6431,26.978
6432,26.204
6433,25.97
6434,26.096
6435,27.542
6436,32.554
6437,36.807
6438,40.837
6439,42.296
6440,42.175
6441,41.745
6442,39.194
6443,39.399
6444,40.217
6445,40.625
6446,41.446
6447,40.637
6448,40.168
6449,42.502
6450,40.997
6451,38.124
6452,34.306
6453,31.198
6454,28.454
6455,26.852
6456,26.077
6457,25.695
6458,25.906
6459,27.294
6460,31.921
6461,36.077
6462,39.871
6463,41.008
6464,41.085
6465,41.002
6466,38.897
6467,39.005
6468,40.179
6469,40.638
6470,40.683
6471,39.864
6472,39.411
6473,41.663
6474,39.896
6475,36.741
6476,33.437
6477,30.779
6478,30.058
6479,28.491
6480,27.219
6481,26.722
6482,26.619
6483,27.119
6484,29.165
6485,31.239
6486,33.314
6487,34.531
6488,34.262
6489,33.615
6490,32.003
6491,30.841
6492,30.18
6493,30.452
6494,31.28
6495,32.313
6496,33.545
6497,36.352
6498,35.135
6499,32.576
6500,30.099
6501,27.853
6502,24.574
6503,23.006
6504,22.154
6505,21.626
6506,21.451
6507,21.807
6508,22.684
6509,22.968
6510,24.717
6511,26.409
6512,26.995
6513,26.895
6514,26.915
6515,26.185
6516,25.536
6517,25.553
6518,25.831
6519,26.823
6520,28.216
6521,31.743
6522,31.38
6523,29.606
6524,27.492
6525,25.228
6526,23.321
6527,21.93
6528,21.485
6529,21.314
6530,21.743
6531,23.581
6532,29.326
6533,34.337
6534,38.327
6535,39.684
6536,39.437
6537,39.318
6538,37.428
6539,37.512
6540,38.83
6541,39.572
6542,39.796
6543,39.067
6544,38.654
6545,41.149
6546,39.528
6547,36.682
6548,33.054
6549,29.966
6550,27.657
6551,26.022
6552,25.244
6553,24.827
6554,25.152
6555,26.798
6556,31.599
6557,36.22
6558,39.847
6559,40.802
6560,41.104
6561,40.864
6562,38.801
6563,38.874
6564,40.044
6565,40.324
6566,41.13
6567,40.399
6568,40.249
6569,42.361
6570,40.371
6571,37.271
6572,33.42
6573,30.582
6574,28.085
6575,26.616
6576,25.769
6577,25.482
6578,25.723
6579,27.219
6580,32.001
6581,36.386
6582,40.026
6583,41.272
6584,40.984
6585,40.791
6586,38.549
6587,38.717
6588,40.169
6589,40.652
6590,40.943
6591,39.86
6592,39.427
6593,41.501
6594,39.472
6595,36.456
6596,32.819
6597,30.089
6598,27.606
6599,26.15
6600,25.328
6601,25.046
6602,25.018
6603,26.492
6604,31.046
6605,35.639
6606,38.966
6607,40.22
6608,39.68
6609,39.072
6610,36.586
6611,36.294
6612,37.996
6613,38.665
6614,38.981
6615,38.1
6616,37.831
6617,40.438
6618,38.548
6619,35.492
6620,31.99
6621,29.283
6622,27.09
6623,25.724
6624,24.879
6625,24.608
6626,24.701
6627,26.123
6628,30.602
6629,34.968
6630,38.778
6631,39.696
6632,39.192
6633,39.128
6634,36.8
6635,36.794
6636,37.796
6637,38.143
6638,37.528
6639,36.924
6640,37.369
6641,39.75
6642,37.734
6643,34.785
6644,31.43
6645,28.832
6646,26.508
6647,25.079
6648,24.262
6649,23.736
6650,23.687
6651,24.168
6652,25.898
6653,27.906
6654,30.351
6655,31.519
6656,31.515
6657,30.89
6658,29.765
6659,28.52
6660,27.872
6661,27.701
6662,27.885
6663,28.748
6664,30.456
6665,33.623
6666,32.069
6667,29.595
6668,27.23
6669,25.202
6670,23.424
6671,21.937
6672,21.019
6673,20.584
6674,20.469
6675,20.883
6676,21.861
6677,22.162
6678,23.692
6679,25.541
6680,26.375
6681,26.759
6682,26.677
6683,25.212
6684,24.831
6685,25.021
6686,25.408
6687,26.015
6688,27.964
6689,30.971
6690,30.225
6691,28.462
6692,26.501
6693,24.353
6694,22.482
6695,21.256
6696,20.67
6697,20.518
6698,20.963
6699,22.828
6700,28.615
6701,33.866
6702,37.668
6703,39.152
6704,38.906
6705,38.566
6706,36.406
6707,36.704
6708,37.57
6709,37.648
6710,37.828
6711,37.193
6712,37.278
6713,39.512
6714,37.875
6715,35.098
6716,31.545
6717,28.777
6718,26.327
6719,24.942
6720,24.21
6721,23.811
6722,24.153
6723,25.752
6724,30.712
6725,35.669
6726,39.352
6727,40.37
6728,40.13
6729,39.357
6730,36.84
6731,36.709
6732,37.717
6733,38.147
6734,38.399
6735,38.163
6736,38.601
6737,41.056
6738,39.144
6739,35.957
6740,32.23
6741,29.304
6742,26.839
6743,25.446
6744,24.629
6745,24.488
6746,24.763
6747,26.319
6748,31.116
6749,36.116
6750,39.849
6751,41.039
6752,41.226
6753,40.598
6754,38.237
6755,38.103
6756,39.331
6757,39.957
6758,40.372
6759,39.935
6760,40.305
6761,41.722
6762,39.678
6763,36.497
6764,32.593
6765,29.553
6766,27.026
6767,25.591
6768,24.942
6769,24.719
6770,25.024
6771,26.323
6772,31.152
6773,36.146
6774,39.454
6775,40.042
6776,39.764
6777,39.461
6778,37.313
6779,37.084
6780,37.787
6781,38.695
6782,39.191
6783,38.614
6784,39.197
6785,41.482
6786,39.479
6787,36.504
6788,32.669
6789,29.578
6790,27.267
6791,25.787
6792,25.013
6793,24.708
6794,25.003
6795,26.395
6796,31.189
6797,36.048
6798,39.821
6799,40.647
6800,40.224
6801,39.661
6802,37.178
6803,36.859
6804,37.651
6805,38.437
6806,38.807
6807,38.301
6808,38.842
6809,41.095
6810,38.926
6811,35.801
6812,32.027
6813,29.295
6814,26.892
6815,25.339
6816,24.313
6817,23.861
6818,23.748
6819,24.25
6820,26.302
6821,28.542
6822,30.517
6823,31.643
6824,30.905
6825,29.702
6826,28.793
6827,27.907
6828,27.401
6829,27.567
6830,28.437
6831,29.373
6832,31.602
6833,34.469
6834,32.603
6835,29.883
6836,27.578
6837,25.5
6838,23.489
6839,22.021
6840,21.154
6841,20.754
6842,20.618
6843,20.926
6844,22.07
6845,22.567
6846,23.844
6847,25.326
6848,25.836
6849,25.882
6850,25.767
6851,24.664
6852,24.069
6853,24.275
6854,24.508
6855,25.559
6856,28.431
6857,31.372
6858,30.556
6859,28.79
6860,26.565
6861,24.289
6862,22.282
6863,21.056
6864,20.542
6865,20.431
6866,20.859
6867,22.868
6868,28.677
6869,34.222
6870,37.94
6871,38.865
6872,38.694
6873,38.338
6874,36.323
6875,36.231
6876,37.488
6877,38.238
6878,38.687
6879,37.924
6880,38.771
6881,40.431
6882,38.372
6883,35.338
6884,31.659
6885,28.778
6886,26.333
6887,24.954
6888,24.203
6889,23.929
6890,24.217
6891,25.727
6892,30.758
6893,36.02
6894,39.788
6895,40.821
6896,40.656
6897,40.511
6898,38.445
6899,38.646
6900,39.205
6901,39.848
6902,40.443
6903,39.449
6904,40.233
6905,41.217
6906,38.954
6907,35.932
6908,32.054
6909,28.996
6910,26.515
6911,25.108
6912,24.335
6913,24.172
6914,24.365
6915,25.873
6916,30.673
6917,35.974
6918,39.402
6919,40.122
6920,39.556
6921,39.343
6922,37.058
6923,37.055
6924,37.346
6925,38.142
6926,38.244
6927,37.969
6928,39.027
6929,40.732
6930,38.586
6931,35.438
6932,31.773
6933,28.963
6934,26.457
6935,24.982
6936,24.207
6937,23.901
6938,24.072
6939,25.773
6940,30.539
6941,35.769
6942,38.826
6943,39.481
6944,38.958
6945,38.593
6946,36.612
6947,36.612
6948,37.732
6949,38.21
6950,38.459
6951,38.131
6952,39.365
6953,40.918
6954,38.525
6955,35.684
6956,32.101
6957,29.139
6958,26.668
6959,25.096
6960,24.418
6961,24.246
6962,24.428
6963,25.814
6964,30.641
6965,35.87
6966,39.215
6967,39.879
6968,39.441
6969,38.806
6970,36.764
6971,36.304
6972,37.586
6973,38.05
6974,38.33
6975,37.961
6976,39.265
6977,40.318
6978,37.903
6979,34.929
6980,31.506
6981,28.788
6982,26.492
6983,24.897
6984,24.01
6985,23.508
6986,23.565
6987,24.068
6988,26.204
6989,28.679
6990,30.832
6991,32.435
6992,32.549
6993,31.84
6994,30.324
6995,28.56
6996,28.115
6997,28.435
6998,28.985
6999,29.738
7000,32.19
7001,34.129
7002,32.119
7003,29.63
7004,27.495
7005,25.503
7006,23.39
7007,21.825
7008,20.877
7009,20.284
7010,20.297
7011,20.579
7012,21.738
7013,22.598
7014,23.505
7015,25.109
7016,25.856
7017,26.201
7018,26.299
7019,24.976
7020,24.371
7021,24.691
7022,25.217
7023,26.234
7024,29.337
7025,31.479
7026,30.569
7027,28.852
7028,26.516
7029,24.232
7030,22.39
7031,21.198
7032,20.656
7033,20.523
7034,21.083
7035,22.926
7036,28.505
7037,33.899
7038,37.803
7039,39.107
7040,39.495
7041,39.338
7042,37.408
7043,37.567
7044,38.431
7045,38.684
7046,38.622
7047,37.89
7048,39.327
7049,40.282
7050,38.13
7051,35.2
7052,31.891
7053,28.949
7054,26.541
7055,25.037
7056,24.181
7057,24.05
7058,24.404
7059,25.89
7060,30.723
7061,36.002
7062,39.27
7063,40.085
7064,39.493
7065,39.028
7066,37.085
7067,37.012
7068,38.292
7069,38.788
7070,39.055
7071,38.505
7072,39.958
7073,40.874
7074,38.761
7075,35.797
7076,32.247
7077,29.295
7078,26.657
7079,25.306
7080,24.578
7081,24.209
7082,24.649
7083,26.187
7084,31.03
7085,36.451
7086,39.511
7087,40.018
7088,39.782
7089,39.205
7090,37.168
7091,37.046
7092,38.006
7093,38.525
7094,38.83
7095,38.418
7096,40.215
7097,41.092
7098,38.635
7099,35.695
7100,32.153
7101,29.375
7102,26.884
7103,25.364
7104,24.541
7105,24.315
7106,24.62
7107,26.077
7108,30.83
7109,36.412
7110,39.56
7111,40.582
7112,40.687
7113,40.358
7114,38.113
7115,38.004
7116,39.043
7117,39.414
7118,39.572
7119,39.18
7120,40.621
7121,40.862
7122,38.388
7123,35.727
7124,32.13
7125,29.294
7126,26.967
7127,25.381
7128,24.624
7129,24.399
7130,24.598
7131,25.966
7132,30.632
7133,35.935
7134,39.07
7135,40.01
7136,40.059
7137,39.524
7138,37.628
7139,36.93
7140,37.514
7141,37.968
7142,37.946
7143,37.506
7144,39.308
7145,40.042
7146,37.796
7147,34.726
7148,31.353
7149,28.654
7150,26.404
7151,24.789
7152,23.729
7153,23.259
7154,23.212
7155,23.617
7156,25.71
7157,28.525
7158,30.47
7159,31.632
7160,31.178
7161,30.148
7162,29.13
7163,27.964
7164,27.623
7165,27.74
7166,28.366
7167,29.279
7168,32.488
7169,33.823
7170,31.948
7171,29.47
7172,27.279
7173,25.262
7174,23.275
7175,21.649
7176,20.745
7177,19.819
7178,19.843
7179,19.891
7180,20.485
7181,21.014
7182,21.85
7183,23.952
7184,24.904
7185,25.35
7186,25.634
7187,25.67
7188,24.554
7189,24.431
7190,24.913
7191,25.404
7192,28.416
7193,30.595
7194,31.021
7195,29.697
7196,27.78
7197,25.662
7198,23.485
7199,21.747
7200,20.699
7201,20.143
7202,20.038
7203,20.519
7204,22.633
7205,27.827
7206,32.789
7207,36.52
7208,37.559
7209,37.563
7210,37.752
7211,36.197
7212,36.576
7213,37.915
7214,38.817
7215,39.125
7216,40.887
7217,40.965
7218,39.771
7219,37.424
7220,34.425
7221,30.974
7222,27.948
7223,25.475
7224,24.321
7225,23.47
7226,23.452
7227,23.72
7228,25.321
7229,29.815
7230,34.559
7231,38.502
7232,39.83
7233,39.817
7234,40.143
7235,38.023
7236,38.12
7237,39.299
7238,40.072
7239,40.7
7240,42.24
7241,42.123
7242,40.927
7243,38.253
7244,35.203
7245,31.416
7246,28.609
7247,25.942
7248,24.624
7249,24.166
7250,23.953
7251,24.194
7252,25.82
7253,30.313
7254,35.296
7255,39.284
7256,40.498
7257,40.084
7258,39.63
7259,37.732
7260,37.505
7261,38.826
7262,39.653
7263,40.437
7264,41.806
7265,41.524
7266,40.487
7267,37.898
7268,34.695
7269,31.221
7270,28.342
7271,26.029
7272,24.437
7273,23.51
7274,23.244
7275,23.567
7276,25.001
7277,29.352
7278,34.211
7279,38.447
7280,39.931
7281,39.59
7282,39.462
7283,37.383
7284,37.269
7285,38.495
7286,38.841
7287,39.38
7288,40.819
7289,40.016
7290,38.523
7291,35.753
7292,32.235
7293,29.047
7294,26.464
7295,23.999
7296,22.421
7297,21.39
7298,20.655
7299,20.33
7300,20.573
7301,21.528
7302,22.474
7303,24.498
7304,25.998
7305,26.237
7306,26.687
7307,26.595
7308,25.404
7309,25.295
7310,25.222
7311,26.093
7312,29.255
7313,30.829
7314,30.936
7315,29.373
7316,27.702
7317,25.48
7318,23.43
7319,21.646
7320,20.307
7321,19.616
7322,19.379
7323,19.472
7324,20.359
7325,22.029
7326,23.599
7327,25.957
7328,27.918
7329,27.964
7330,28.552
7331,28.369
7332,27.176
7333,27.119
7334,27.214
7335,28.309
7336,31.401
7337,32.447
7338,32.483
7339,30.523
7340,28.165
7341,25.994
7342,24.067
7343,21.969
7344,20.509
7345,19.473
7346,19.094
7347,19.31
7348,19.758
7349,20.611
7350,21.337
7351,23.069
7352,25.18
7353,26.662
7354,27.486
7355,27.725
7356,25.775
7357,25.062
7358,25.387
7359,26.081
7360,28.819
7361,30.201
7362,30.608
7363,29.637
7364,27.776
7365,25.557
7366,23.284
7367,21.28
7368,20.028
7369,19.435
7370,19.436
7371,20.008
7372,22.121
7373,27.54
7374,32.798
7375,36.983
7376,38.023
7377,37.341
7378,37.453
7379,35.643
7380,36.118
7381,37.835
7382,38.217
7383,38.851
7384,40.88
7385,40.547
7386,39.747
7387,37.506
7388,34.41
7389,30.905
7390,27.959
7391,25.755
7392,24.319
7393,23.603
7394,23.384
7395,23.7
7396,25.353
7397,30.03
7398,35.14
7399,38.927
7400,40.1
7401,40.077
7402,39.796
7403,37.562
7404,37.726
7405,39.069
7406,39.889
7407,40.853
7408,42.597
7409,42.152
7410,41.035
7411,38.633
7412,35.483
7413,31.728
7414,28.673
7415,26.068
7416,24.663
7417,23.875
7418,23.771
7419,24.164
7420,25.69
7421,30.608
7422,35.394
7423,39.177
7424,40.983
7425,41.011
7426,41.227
7427,39.385
7428,39.488
7429,40.291
7430,40.52
7431,41.006
7432,42.86
7433,41.934
7434,40.926
7435,38.749
7436,35.378
7437,32.023
7438,28.76
7439,26.255
7440,24.848
7441,24.021
7442,23.928
7443,24.206
7444,25.907
7445,30.827
7446,35.904
7447,39.445
7448,40.128
7449,39.818
7450,39.392
7451,37.566
7452,38.072
7453,39.83
7454,40.328
7455,41.311
7456,42.848
7457,42.302
7458,41.362
7459,39.003
7460,36.063
7461,32.263
7462,29.106
7463,26.522
7464,24.802
7465,23.899
7466,23.523
7467,23.944
7468,25.497
7469,30.478
7470,36.028
7471,39.994
7472,41.373
7473,41.366
7474,41.549
7475,39.289
7476,39.243
7477,40.157
7478,40.184
7479,41.098
7480,42.421
7481,41.772
7482,40.972
7483,38.395
7484,35.275
7485,31.718
7486,28.96
7487,26.356
7488,24.594
7489,23.613
7490,23.196
7491,23.25
7492,23.696
7493,25.987
7494,28.392
7495,31.109
7496,32.642
7497,31.802
7498,30.799
7499,30.033
7500,28.539
7501,28.435
7502,29.016
7503,30.348
7504,33.866
7505,34.934
7506,34.775
7507,32.645
7508,30.077
7509,27.54
7510,25.375
7511,23.206
7512,21.735
7513,20.942
7514,20.249
7515,20.234
7516,20.831
7517,21.762
7518,22.417
7519,24.432
7520,25.961
7521,26.198
7522,26.404
7523,26.557
7524,25.458
7525,25.102
7526,25.447
7527,26.91
7528,30.401
7529,31.717
7530,32.34
7531,31.143
7532,29.208
7533,26.821
7534,24.19
7535,22.032
7536,20.787
7537,20.197
7538,20.147
7539,20.615
7540,22.774
7541,28.775
7542,34.376
7543,38.632
7544,40.698
7545,40.994
7546,40.507
7547,38.492
7548,39.097
7549,40.644
7550,41.686
7551,42.548
7552,43.465
7553,42.499
7554,41.367
7555,39.121
7556,36.106
7557,32.321
7558,28.842
7559,26.013
7560,24.254
7561,23.577
7562,23.458
7563,23.826
7564,25.736
7565,30.896
7566,36.841
7567,41.53
7568,43.451
7569,43.37
7570,43.333
7571,41.123
7572,40.833
7573,41.89
7574,42.291
7575,43.25
7576,44.507
7577,43.602
7578,42.632
7579,40.244
7580,37.196
7581,33.157
7582,29.93
7583,27.088
7584,25.24
7585,24.533
7586,24.185
7587,24.646
7588,26.416
7589,31.67
7590,37.176
7591,41.407
7592,42.746
7593,42.585
7594,42.466
7595,39.754
7596,39.247
7597,40.352
7598,40.846
7599,42.084
7600,44.024
7601,43.353
7602,42.558
7603,40.102
7604,36.782
7605,32.904
7606,29.632
7607,26.942
7608,25.428
7609,24.524
7610,24.337
7611,24.85
7612,26.642
7613,31.999
7614,37.422
7615,41.34
7616,42.171
7617,41.453
7618,41.557
7619,39.776
7620,39.43
7621,40.556
7622,41.725
7623,43.06
7624,44.603
7625,43.738
7626,42.807
7627,40.253
7628,37.14
7629,33.181
7630,30.098
7631,27.318
7632,25.588
7633,24.753
7634,24.614
7635,24.848
7636,26.429
7637,31.458
7638,37.312
7639,41.683
7640,42.792
7641,42.761
7642,42.673
7643,40.478
7644,40.333
7645,41.819
7646,42.251
7647,42.909
7648,44.08
7649,42.923
7650,41.963
7651,39.43
7652,36.397
7653,32.628
7654,29.634
7655,27.018
7656,25.604
7657,24.686
7658,24.334
7659,24.291
7660,24.962
7661,27.154
7662,29.613
7663,32.311
7664,34.057
7665,33.657
7666,33.202
7667,32.175
7668,31.073
7669,30.685
7670,31.033
7671,32.393
7672,35.124
7673,35.794
7674,35.55
7675,33.447
7676,31.034
7677,28.542
7678,26.264
7679,24.064
7680,22.297
7681,21.235
7682,20.748
7683,20.651
7684,21.13
7685,22.171
7686,22.992
7687,24.801
7688,27.039
7689,28.548
7690,29.364
7691,30.072
7692,28.434
7693,27.776
7694,27.321
7695,28.339
7696,31.239
7697,32.402
7698,32.999
7699,31.988
7700,30.084
7701,27.846
7702,25.404
7703,23.138
7704,21.803
7705,21.122
7706,21.008
7707,21.513
7708,23.796
7709,29.762
7710,35.935
7711,40.23
7712,41.519
7713,41.538
7714,41.214
7715,39.451
7716,39.111
7717,41.201
7718,42.077
7719,43.579
7720,44.615
7721,43.253
7722,42.273
7723,40.077
7724,37.146
7725,33.143
7726,29.914
7727,27.096
7728,25.549
7729,24.872
7730,24.586
7731,24.91
7732,26.578
7733,32.037
7734,38.353
7735,42.626
7736,44.29
7737,44.614
7738,44.676
7739,42.501
7740,42.33
7741,43.372
7742,43.79
7743,44.777
7744,45.717
7745,44.407
7746,43.016
7747,40.535
7748,37.59
7749,33.452
7750,30.298
7751,27.488
7752,25.745
7753,24.895
7754,24.583
7755,24.95
7756,26.892
7757,32.227
7758,38.124
7759,42.275
7760,43.053
7761,42.578
7762,41.951
7763,39.934
7764,39.998
7765,41.317
7766,41.909
7767,43.199
7768,45.101
7769,44.162
7770,43.114
7771,40.74
7772,37.598
7773,33.605
7774,30.394
7775,27.471
7776,25.805
7777,24.873
7778,24.518
7779,24.902
7780,26.638
7781,31.928
7782,37.664
7783,41.488
7784,42.174
7785,42.056
7786,42.122
7787,40.417
7788,40.37
7789,41.366
7790,42.161
7791,43.338
7792,44.878
7793,44.009
7794,43.055
7795,40.462
7796,37.283
7797,33.398
7798,30.196
7799,27.364
7800,25.56
7801,24.683
7802,24.456
7803,24.821
7804,26.655
7805,32.001
7806,37.857
7807,41.828
7808,43.142
7809,42.966
7810,42.37
7811,40.119
7812,40.096
7813,41.582
7814,42.177
7815,43.371
7816,44.631
7817,43.548
7818,42.325
7819,39.687
7820,36.445
7821,32.932
7822,29.885
7823,26.992
7824,25.019
7825,23.964
7826,23.569
7827,23.502
7828,24.209
7829,26.747
7830,29.842
7831,32.453
7832,34.053
7833,34.328
7834,33.953
7835,32.791
7836,31.526
7837,31.217
7838,31.475
7839,33.203
7840,35.759
7841,36.176
7842,35.789
7843,33.795
7844,31.254
7845,28.938
7846,26.79
7847,24.273
7848,22.601
7849,21.558
7850,21.15
7851,21.076
7852,21.49
7853,22.532
7854,23.503
7855,25.289
7856,27.682
7857,29.438
7858,30.306
7859,30.396
7860,28.865
7861,27.818
7862,27.817
7863,29.234
7864,31.536
7865,32.289
7866,32.746
7867,31.67
7868,29.99
7869,27.666
7870,25.104
7871,22.764
7872,21.441
7873,20.847
7874,20.687
7875,21.264
7876,23.585
7877,29.847
7878,35.885
7879,40.321
7880,41.801
7881,41.56
7882,41.147
7883,39.578
7884,39.373
7885,40.105
7886,40.637
7887,42.164
7888,43.887
7889,42.699
7890,41.746
7891,39.516
7892,36.5
7893,32.741
7894,29.53
7895,26.638
7896,25.132
7897,24.276
7898,24.057
7899,24.353
7900,26.302
7901,31.841
7902,37.768
7903,41.419
7904,41.981
7905,41.287
7906,40.621
7907,38.787
7908,38.938
7909,40.562
7910,41.344
7911,42.83
7912,44.574
7913,43.565
7914,42.59
7915,39.975
7916,36.766
7917,32.845
7918,29.708
7919,26.84
7920,25.115
7921,24.4
7922,24.153
7923,24.598
7924,26.464
7925,31.533
7926,37.75
7927,41.931
7928,43.249
7929,43.3
7930,43.109
7931,40.905
7932,41.187
7933,42.353
7934,42.8
7935,43.83
7936,44.8
7937,43.567
7938,42.677
7939,40.298
7940,37.045
7941,33.08
7942,29.862
7943,27.033
7944,25.431
7945,24.677
7946,24.288
7947,24.545
7948,26.503
7949,31.825
7950,37.491
7951,41.374
7952,42.2
7953,41.733
7954,41.577
7955,39.654
7956,39.839
7957,41.21
7958,41.765
7959,42.945
7960,44.321
7961,43.152
7962,42.223
7963,40.122
7964,36.973
7965,33.159
7966,29.918
7967,27.185
7968,25.644
7969,24.687
7970,24.407
7971,24.877
7972,26.807
7973,32.062
7974,37.899
7975,41.422
7976,41.939
7977,41.381
7978,41.077
7979,39.291
7980,39.147
7981,40.586
7982,41.138
7983,42.381
7984,43.9
7985,42.702
7986,41.725
7987,39.274
7988,36.35
7989,32.775
7990,29.741
7991,26.907
7992,25.137
7993,24.138
7994,23.747
7995,23.68
7996,24.492
7997,27.09
7998,30.125
7999,32.818
8000,34.25
8001,33.739
8002,32.571
8003,30.73
8004,30.016
8005,29.905
8006,30.496
8007,32.249
8008,35.282
8009,35.737
8010,35.783
8011,33.808
8012,31.209
8013,28.734
8014,26.527
8015,24.452
8016,22.609
8017,21.589
8018,20.884
8019,20.748
8020,21.259
8021,22.553
8022,23.683
8023,25.4
8024,27.392
8025,28.27
8026,28.726
8027,28.94
8028,27.657
8029,27.468
8030,27.684
8031,29.338
8032,31.836
8033,32.644
8034,32.951
8035,31.959
8036,30.224
8037,27.577
8038,24.908
8039,22.595
8040,21.202
8041,20.738
8042,20.554
8043,21.11
8044,23.544
8045,29.991
8046,36.467
8047,40.703
8048,42.212
8049,42.196
8050,41.663
8051,39.637
8052,39.647
8053,41.002
8054,41.773
8055,43.316
8056,44.261
8057,42.973
8058,41.934
8059,39.786
8060,36.971
8061,33.015
8062,29.631
8063,26.773
8064,24.987
8065,24.271
8066,24.094
8067,24.605
8068,26.573
8069,32.436
8070,38.594
8071,42.47
8072,43.371
8073,43.206
8074,42.76
8075,40.559
8076,40.633
8077,41.808
8078,42.472
8079,43.886
8080,45.429
8081,44.443
8082,43.361
8083,40.985
8084,37.698
8085,33.59
8086,30.315
8087,27.338
8088,25.746
8089,24.87
8090,24.551
8091,24.979
8092,26.945
8093,33.048
8094,39.323
8095,42.997
8096,43.693
8097,43.183
8098,42.447
8099,40.516
8100,40.541
8101,41.486
8102,42.528
8103,44.493
8104,46.024
8105,44.884
8106,43.783
8107,41.285
8108,38.317
8109,34.239
8110,30.571
8111,27.889
8112,26.077
8113,25.18
8114,24.711
8115,25.074
8116,27.235
8117,33.248
8118,39.549
8119,43.278
8120,44.204
8121,43.607
8122,43.083
8123,40.877
8124,40.885
8125,42.21
8126,43.038
8127,44.754
8128,46.093
8129,44.902
8130,43.786
8131,41.209
8132,38.064
8133,34.218
8134,30.572
8135,27.582
8136,25.865
8137,24.901
8138,24.813
8139,25.167
8140,27.247
8141,32.978
8142,39.112
8143,42.993
8144,44.324
8145,43.447
8146,42.655
8147,40.642
8148,40.392
8149,41.669
8150,42.385
8151,43.749
8152,45.127
8153,44.067
8154,42.664
8155,40.171
8156,36.771
8157,33.048
8158,29.882
8159,27.473
8160,25.696
8161,24.62
8162,24.093
8163,24.135
8164,24.942
8165,27.787
8166,31.024
8167,33.87
8168,35.244
8169,34.507
8170,33.567
8171,31.973
8172,30.834
8173,30.559
8174,30.954
8175,32.781
8176,35.777
8177,36.433
8178,36.261
8179,34.198
8180,31.746
8181,29.208
8182,26.82
8183,24.085
8184,22.198
8185,21.008
8186,20.421
8187,20.269
8188,20.87
8189,22.163
8190,23.448
8191,25.137
8192,26.698
8193,26.927
8194,26.811
8195,26.637
8196,25.323
8197,25.641
8198,26.338
8199,28.106
8200,31.103
8201,32.058
8202,32.408
8203,31.388
8204,29.607
8205,27.193
8206,24.392
8207,22.141
8208,20.641
8209,19.965
8210,19.8
8211,20.569
8212,22.984
8213,29.489
8214,36.351
8215,40.701
8216,42.176
8217,41.971
8218,41.786
8219,39.873
8220,39.898
8221,41.467
8222,42.364
8223,43.92
8224,45.202
8225,43.917
8226,42.863
8227,40.48
8228,37.294
8229,33.297
8230,29.785
8231,27.03
8232,25.229
8233,24.375
8234,24.216
8235,24.63
8236,26.438
8237,32.416
8238,39.354
8239,43.426
8240,44.201
8241,43.785
8242,43.001
8243,40.559
8244,40.787
8245,41.976
8246,42.885
8247,44.744
8248,46.423
8249,45.564
8250,44.649
8251,42.092
8252,38.994
8253,34.836
8254,31.166
8255,28.187
8256,26.489
8257,25.692
8258,25.395
8259,25.874
8260,27.982
8261,33.711
8262,40.742
8263,44.661
8264,45.47
8265,45.065
8266,44.34
8267,42.172
8268,42.083
8269,43.301
8270,44.178
8271,46.107
8272,47.571
8273,46.574
8274,45.284
8275,42.631
8276,39.197
8277,34.926
8278,31.305
8279,28.266
8280,26.613
8281,25.723
8282,25.506
8283,25.87
8284,27.923
8285,33.916
8286,41.156
8287,45.339
8288,46.987
8289,46.772
8290,46.67
8291,44.763
8292,44.425
8293,45.647
8294,45.876
8295,47.316
8296,48.261
8297,47.155
8298,45.824
8299,43.018
8300,39.499
8301,35.292
8302,31.896
8303,28.726
8304,26.93
8305,26.046
8306,25.74
8307,25.962
8308,27.851
8309,33.643
8310,40.806
8311,45.43
8312,46.817
8313,47.384
8314,47.496
8315,45.28
8316,44.614
8317,45.552
8318,45.72
8319,46.859
8320,47.632
8321,46.243
8322,44.686
8323,41.764
8324,38.258
8325,34.578
8326,31.456
8327,28.495
8328,26.257
8329,24.962
8330,24.459
8331,24.633
8332,25.399
8333,28.306
8334,31.927
8335,34.907
8336,36.553
8337,36.07
8338,34.675
8339,33.029
8340,31.357
8341,31.13
8342,31.534
8343,33.455
8344,36.789
8345,37.58
8346,37.464
8347,35.23
8348,32.675
8349,30.073
8350,27.566
8351,24.88
8352,22.96
8353,21.769
8354,21.305
8355,21.116
8356,21.767
8357,23.188
8358,24.712
8359,26.754
8360,28.536
8361,29.409
8362,29.807
8363,29.327
8364,28.548
8365,28.156
8366,28.464
8367,30.15
8368,33.009
8369,33.719
8370,34.049
8371,33.01
8372,31.009
8373,28.558
8374,25.704
8375,23.039
8376,21.477
8377,20.789
8378,20.752
8379,21.327
8380,23.772
8381,30.44
8382,37.505
8383,41.973
8384,43.372
8385,43.056
8386,42.466
8387,40.172
8388,40.375
8389,41.755
8390,42.621
8391,44.162
8392,45.347
8393,43.704
8394,42.64
8395,40.233
8396,36.955
8397,32.914
8398,29.369
8399,26.356
8400,24.695
8401,23.681
8402,23.539
8403,23.846
8404,25.693
8405,31.441
8406,38.326
8407,42.263
8408,43.471
8409,43.228
8410,42.906
8411,40.657
8412,40.356
8413,42.032
8414,42.858
8415,44.531
8416,45.277
8417,43.898
8418,42.673
8419,40.103
8420,36.983
8421,32.844
8422,29.443
8423,26.424
8424,24.603
8425,23.669
8426,23.468
8427,23.875
8428,25.763
8429,31.519
8430,38.29
8431,42.136
8432,43.176
8433,43.153
8434,43.015
8435,40.823
8436,40.642
8437,41.798
8438,42.406
8439,43.687
8440,44.523
8441,43.092
8442,41.873
8443,39.369
8444,36.343
8445,32.477
8446,29.117
8447,25.962
8448,24.219
8449,23.363
8450,23.072
8451,23.436
8452,25.358
8453,30.895
8454,37.574
8455,41.528
8456,42.934
8457,43.001
8458,42.925
8459,40.591
8460,40.325
8461,41.523
8462,41.773
8463,42.792
8464,43.604
8465,42.438
8466,41.244
8467,38.783
8468,35.766
8469,32.047
8470,28.807
8471,25.969
8472,24.039
8473,23.063
8474,22.651
8475,23.003
8476,24.852
8477,30.004
8478,36.013
8479,39.645
8480,40.977
8481,40.679
8482,39.907
8483,37.905
8484,36.904
8485,38.013
8486,38.633
8487,39.701
8488,40.739
8489,39.833
8490,38.788
8491,36.223
8492,33.465
8493,30.381
8494,27.159
8495,24.598
8496,22.75
8497,21.518
8498,21.108
8499,21.117
8500,22.231
8501,24.568
8502,27.714
8503,30.174
8504,32.229
8505,32.234
8506,31.784
8507,30.483
8508,28.907
8509,28.726
8510,29.145
8511,30.362
8512,33.342
8513,33.836
8514,33.865
8515,32.019
8516,29.555
8517,27.279
8518,24.865
8519,22.767
8520,20.901
8521,19.864
8522,19.447
8523,19.378
8524,20.046
8525,21.332
8526,23.012
8527,24.76
8528,26.994
8529,28.314
8530,28.368
8531,28.188
8532,26.812
8533,26.413
8534,26.447
8535,27.706
8536,30.684
8537,31.424
8538,31.48
8539,30.257
8540,28.52
8541,26.217
8542,23.744
8543,21.495
8544,19.743
8545,18.91
8546,18.692
8547,19.044
8548,20.615
8549,24.611
8550,29.511
8551,32.827
8552,33.878
8553,32.79
8554,32.084
8555,31.026
8556,30.516
8557,30.953
8558,31.727
8559,33.398
8560,35.923
8561,35.573
8562,35.066
8563,33.267
8564,30.831
8565,27.732
8566,24.54
8567,21.367
8568,19.546
8569,18.68
8570,18.39
8571,18.59
8572,19.924
8573,22.82
8574,25.865
8575,28.042
8576,29.089
8577,28.593
8578,28.145
8579,27.519
8580,26.391
8581,26.682
8582,27.17
8583,28.734
8584,31.992
8585,32.117
8586,31.192
8587,28.134
8588,25.691
8589,23.874
8590,22.415
8591,20.677
8592,19.468
8593,18.334
8594,17.388
8595,17.113
8596,17.627
8597,18.833
8598,19.888
8599,20.854
8600,22.37
8601,23.389
8602,23.772
8603,22.94
8604,20.574
8605,19.549
8606,20.211
8607,21.862
8608,25.01
8609,25.588
8610,25.894
8611,25.598
8612,24.699
8613,23.36
8614,21.622
8615,19.453
8616,17.985
8617,17.218
8618,17.014
8619,17.05
8620,17.802
8621,19.271
8622,20.307
8623,21.32
8624,22.862
8625,23.607
8626,23.847
8627,23.859
8628,22.654
8629,22.185
8630,22.755
8631,24.078
8632,27.359
8633,28.172
8634,28.66
8635,28.004
8636,26.74
8637,24.732
8638,22.539
8639,20.39
8640,18.753
8641,18.013
8642,17.794
8643,18.022
8644,19.325
8645,22.494
8646,25.827
8647,28.542
8648,30.521
8649,30.376
8650,29.575
8651,28.855
8652,28.291
8653,28.615
8654,29.686
8655,31.493
8656,34.653
8657,34.983
8658,34.618
8659,32.558
8660,30.206
8661,27.266
8662,24.241
8663,21.608
8664,19.707
8665,18.793
8666,18.441
8667,18.556
8668,19.554
8669,21.883
8670,24.358
8671,26.578
8672,28.702
8673,28.796
8674,28.441
8675,27.813
8676,26.931
8677,26.895
8678,27.504
8679,29.008
8680,32.555
8681,33.516
8682,33.528
8683,31.54
8684,29.031
8685,26.555
8686,23.878
8687,21.388
8688,19.692
8689,18.598
8690,18.152
8691,18.172
8692,18.881
8693,20.497
8694,21.915
8695,23.804
8696,26.028
8697,27.158
8698,27.133
8699,27.084
8700,25.967
8701,25.763
8702,26.17
8703,27.253
8704,30.65
8705,31.618
8706,31.908
8707,30.693
8708,28.829
8709,26.171
8710,23.499
8711,21.429
8712,19.771
8713,18.739
8714,18.35
8715,18.617
8716,19.963
8717,23.089
8718,26.72
8719,30.189
8720,32.358
8721,32.775
8722,32.34
8723,31.367
8724,30.664
8725,30.841
8726,31.703
8727,33.04
8728,35.892
8729,36.005
8730,35.663
8731,33.481
8732,31.09
8733,28.054
8734,24.969
8735,22.079
8736,20.136
8737,19.31
8738,19.054
8739,19.273
8740,20.409
8741,23.168
8742,26.216
8743,28.86
8744,30.424
8745,30.061
8746,29.229
8747,28.133
8748,27.223
8749,27.493
8750,28.351
8751,30.08
8752,33.604
8753,33.855
8754,32.606
8755,29.746
8756,27.141
8757,25.337
8758,23.876
8759,22.51
