0,0.163585863
1,0.154487118
2,0.141844651
3,0.141269993
4,0.142227756
5,0.137822048
6,0.150368739
7,0.179772052
8,0.194425821
9,0.194234269
10,0.169619768
11,0.172780385
12,0.165309836
13,0.158126616
14,0.165022507
15,0.249305622
16,0.348338282
17,0.395651757
18,0.413849248
19,0.30811225
20,0.251604252
21,0.218657217
22,0.190977876
23,0.152858922
24,0.13648118
25,0.131021933
26,0.128340197
27,0.133224787
28,0.133320563
29,0.136864285
30,0.195958242
31,0.267886218
32,0.286083708
33,0.269514414
34,0.249018293
35,0.209750024
36,0.188583469
37,0.183219998
38,0.210037353
39,0.287711905
40,0.384924816
41,0.402547649
42,0.361842735
43,0.298438847
44,0.237525141
45,0.208409156
46,0.168566229
47,0.146058807
48,0.138971363
49,0.136576956
50,0.129968394
51,0.135619194
52,0.135810746
53,0.136672732
54,0.205344316
55,0.300737477
56,0.311368643
57,0.274686333
58,0.207451394
59,0.179388947
60,0.167800019
61,0.188583469
62,0.204195
63,0.283497749
64,0.406091371
65,0.444306101
66,0.432046739
67,0.294033139
68,0.226223542
69,0.19471315
70,0.157935064
71,0.152092711
72,0.146825017
73,0.130543051
74,0.12929796
75,0.130255723
76,0.136289627
77,0.162244996
78,0.218752993
79,0.287807681
80,0.285413275
81,0.262235418
82,0.251029595
83,0.240494206
84,0.217507902
85,0.222488267
86,0.22267982
87,0.315774351
88,0.449861124
89,0.478977109
90,0.461162724
91,0.354372187
92,0.269322862
93,0.230341921
94,0.196341347
95,0.199693516
96,0.158509721
97,0.142419308
98,0.140024902
99,0.139641797
100,0.141078441
101,0.142227756
102,0.205344316
103,0.271525716
104,0.285125946
105,0.243942151
106,0.228234843
107,0.196820228
108,0.183698879
109,0.174504358
110,0.185614405
111,0.237525141
112,0.388372761
113,0.47562494
114,0.468154391
115,0.395555981
116,0.286083708
117,0.210037353
118,0.181400249
119,0.143855952
120,0.13724739
121,0.133703668
122,0.129202184
123,0.13159659
124,0.133224787
125,0.141653098
126,0.155157552
127,0.222200939
128,0.231778565
129,0.221817834
130,0.209175366
131,0.180250934
132,0.170577531
133,0.160999904
134,0.175845226
135,0.261756537
136,0.366439996
137,0.363662484
138,0.348721387
139,0.293362705
140,0.233023657
141,0.200651279
142,0.174504358
143,0.1493152
144,0.133895221
145,0.130543051
146,0.13083038
147,0.134661431
148,0.136768509
149,0.183603103
150,0.321616703
151,0.429652332
152,0.393736232
153,0.35121157
154,0.3232449
155,0.218369888
156,0.203141462
157,0.241835073
158,0.287233024
159,0.399387032
160,0.473900967
161,0.466430419
162,0.422947993
163,0.376688057
164,0.263097404
165,0.204003448
166,0.166459151
167,0.187817259
168,0.16109568
169,0.141653098
170,0.139737573
171,0.145771478
172,0.18111292
173,0.287616129
174,0.335408486
175,0.441720142
176,0.432717173
177,0.423235322
178,0.379752897
179,0.287999234
180,0.263001628
181,0.30734604
182,0.392108036
183,0.415190116
184,0.45177665
185,0.429365003
186,0.39354468
187,0.340101523
188,0.237620918
189,0.198735753
190,0.173259266
191,0.144239058
192,0.134278326
193,0.127286658
194,0.123838713
195,0.126520448
196,0.129393736
197,0.191169428
198,0.260990327
199,0.391341825
200,0.431088976
201,0.368068193
202,0.304855857
203,0.219806532
204,0.190882099
205,0.237525141
206,0.304664304
207,0.387606551
208,0.437027105
209,0.384637487
210,0.32554353
211,0.271525716
212,0.217507902
213,0.182262235
214,0.161478786
215,0.146250359
216,0.136098075
217,0.128052868
218,0.127478211
219,0.128914855
220,0.139258692
221,0.171726846
222,0.255722632
223,0.412699933
224,0.44124126
225,0.363662484
226,0.271334163
227,0.21137822
228,0.22267982
229,0.245857676
230,0.289244325
231,0.398046164
232,0.457331673
233,0.468824825
234,0.427928359
235,0.287616129
236,0.224595345
237,0.203811895
238,0.169907097
239,0.184752418
240,0.145484149
241,0.137917824
242,0.135619194
243,0.131979695
244,0.145005268
245,0.171343741
246,0.22421224
247,0.354467963
248,0.401589886
249,0.340005747
250,0.264821377
251,0.211952878
252,0.197394886
253,0.192318743
254,0.223158701
255,0.346231204
256,0.405133608
257,0.429843885
258,0.417297194
259,0.287520352
260,0.235130735
261,0.205344316
262,0.18752993
263,0.189253903
264,0.135523417
265,0.12929796
266,0.12517958
267,0.123934489
268,0.127669763
269,0.149410976
270,0.221626281
271,0.289148549
272,0.282061105
273,0.220860071
274,0.199310411
275,0.16032947
276,0.146920793
277,0.158988603
278,0.175845226
279,0.200555502
280,0.346901638
281,0.401589886
282,0.405133608
283,0.330140791
284,0.234556077
285,0.19394694
286,0.16521406
287,0.152763145
288,0.146250359
289,0.125945791
290,0.117804808
291,0.118379466
292,0.12517958
293,0.138300929
294,0.156211091
295,0.182070683
296,0.190211666
297,0.188870798
298,0.16291543
299,0.169045111
300,0.158988603
301,0.146058807
302,0.158318169
303,0.215400824
304,0.336366248
305,0.416147879
306,0.430514319
307,0.383105067
308,0.317210995
309,0.196054018
310,0.167608467
311,0.158318169
312,0.123742937
313,0.119720333
314,0.116080835
315,0.11646394
316,0.126520448
317,0.163011206
318,0.2457619
319,0.349200268
320,0.385020592
321,0.363566708
322,0.331385883
323,0.26012834
324,0.247581649
325,0.285413275
326,0.316540561
327,0.423331099
328,0.482329279
329,0.480126425
330,0.443061009
331,0.353797529
332,0.245283019
333,0.209271143
334,0.188679245
335,0.152092711
336,0.139067139
337,0.131500814
338,0.127573987
339,0.129872618
340,0.144909491
341,0.169523992
342,0.250263385
343,0.370079494
344,0.419500048
345,0.339239536
346,0.300354372
347,0.225170003
348,0.195096255
349,0.20678096
350,0.283785078
351,0.365003352
352,0.46279092
353,0.470069917
354,0.435590461
355,0.37352744
356,0.275452543
357,0.226798199
358,0.182070683
359,0.146058807
360,0.13648118
361,0.131500814
362,0.124604923
363,0.127286658
364,0.150464515
365,0.224403793
366,0.348529834
367,0.42457619
368,0.413753472
369,0.36069342
370,0.300067043
371,0.248730964
372,0.236567379
373,0.23628005
374,0.278230055
375,0.37122881
376,0.434824251
377,0.441911694
378,0.421319797
379,0.339526865
380,0.266353798
381,0.191360981
382,0.175653673
383,0.1380136
384,0.129585289
385,0.128723302
386,0.122976726
387,0.121923187
388,0.140312231
389,0.180634039
390,0.249976056
391,0.407528015
392,0.408773106
393,0.367206206
394,0.311464419
395,0.246336558
396,0.233502538
397,0.257925486
398,0.318456087
399,0.393448903
400,0.45101044
401,0.453117517
402,0.398429269
403,0.330619672
404,0.232736328
405,0.206589407
406,0.182453788
407,0.143281295
408,0.136864285
409,0.130926156
410,0.125754238
411,0.12699933
412,0.134469878
413,0.172876161
414,0.23704626
415,0.391820707
416,0.443635667
417,0.387989656
418,0.33531271
419,0.254669093
420,0.2457619
421,0.270089072
422,0.309931999
423,0.376304952
424,0.450340006
425,0.463844459
426,0.429556556
427,0.338281774
428,0.243080165
429,0.225265779
430,0.198352648
431,0.154774447
432,0.1493152
433,0.143472847
434,0.135810746
435,0.134469878
436,0.134565655
437,0.15573221
438,0.209175366
439,0.299779715
440,0.365194905
441,0.321042046
442,0.245666124
443,0.245953453
444,0.180825591
445,0.181974907
446,0.192318743
447,0.258691696
448,0.404750503
449,0.434441145
450,0.414902787
451,0.34556077
452,0.288956996
453,0.247581649
454,0.189924337
455,0.139067139
456,0.139162915
457,0.133990997
458,0.129968394
459,0.125945791
460,0.12929796
461,0.140024902
462,0.166842256
463,0.203524567
464,0.211761326
465,0.217412125
466,0.198927306
467,0.170481755
468,0.163011206
469,0.162436548
470,0.163202758
471,0.215688152
472,0.323915334
473,0.400440571
474,0.41250838
475,0.358873671
476,0.292309166
477,0.231778565
478,0.204482329
479,0.161287233
480,0.148740542
481,0.130734604
482,0.126424672
483,0.126041567
484,0.130447275
485,0.158413945
486,0.26731156
487,0.440091945
488,0.458385212
489,0.394981324
490,0.340005747
491,0.252083134
492,0.212814864
493,0.235609616
494,0.292021837
495,0.350924241
496,0.437218657
497,0.456757016
498,0.398525045
499,0.311081314
500,0.242792836
501,0.214826166
502,0.193372282
503,0.152858922
504,0.140312231
505,0.134661431
506,0.128244421
507,0.129202184
508,0.130926156
509,0.185135523
510,0.274590556
511,0.408294225
512,0.419212719
513,0.379274016
514,0.334450723
515,0.257255052
516,0.231682789
517,0.246145005
518,0.288956996
519,0.379465568
520,0.450627335
521,0.486543435
522,0.451872426
523,0.352456661
524,0.255147974
525,0.216071258
526,0.189253903
527,0.171918399
528,0.145292596
529,0.136864285
530,0.131500814
531,0.144526386
532,0.164543626
533,0.244516809
534,0.318647639
535,0.409826645
536,0.447275165
537,0.413466143
538,0.378316253
539,0.333971842
540,0.307058711
541,0.310889762
542,0.342208601
543,0.420553587
544,0.465951537
545,0.470740351
546,0.447754047
547,0.340197299
548,0.266641126
549,0.241164639
550,0.19164831
551,0.186380615
552,0.164352074
553,0.152763145
554,0.149410976
555,0.160233694
556,0.168949334
557,0.250933819
558,0.364524471
559,0.472368547
560,0.499856336
561,0.493535102
562,0.421702902
563,0.341825496
564,0.31912652
565,0.315487022
566,0.367397759
567,0.466334642
568,0.522746863
569,0.542668327
570,0.492577339
571,0.394885547
572,0.312326406
573,0.233789867
574,0.199406187
575,0.177473422
576,0.148357437
577,0.140982664
578,0.136289627
579,0.135331865
580,0.137822048
581,0.189349679
582,0.362130064
583,0.423331099
584,0.398620822
585,0.370366823
586,0.313667273
587,0.257446605
588,0.239057562
589,0.242888612
590,0.26501293
591,0.325447754
592,0.384924816
593,0.399003927
594,0.352265109
595,0.262331194
596,0.211473997
597,0.17881429
598,0.171726846
599,0.163873192
600,0.155253328
601,0.136002299
602,0.134278326
603,0.137343166
604,0.134852983
605,0.140408007
606,0.175079015
607,0.265587587
608,0.29039364
609,0.230150369
610,0.177952303
611,0.151901159
612,0.138300929
613,0.137822048
614,0.155540657
615,0.185422852
616,0.332247869
617,0.442486352
618,0.447945599
619,0.346614309
620,0.235992721
621,0.178622737
622,0.165405612
623,0.144143281
624,0.137917824
625,0.13159659
626,0.128435974
627,0.126233119
628,0.12517958
629,0.124796475
630,0.13954602
631,0.176707212
632,0.18599751
633,0.192127191
634,0.177090317
635,0.180634039
636,0.170481755
637,0.171439517
638,0.171343741
639,0.170481755
640,0.266449574
641,0.379848673
642,0.370941481
643,0.331481659
644,0.243080165
645,0.189732784
646,0.156306867
647,0.140886888
648,0.132745906
649,0.134374102
650,0.127382435
651,0.128723302
652,0.138588258
653,0.161191457
654,0.209175366
655,0.365099128
656,0.375442965
657,0.343070587
658,0.294416244
659,0.222775596
660,0.198448424
661,0.224308016
662,0.247677426
663,0.305047409
664,0.384637487
665,0.405708265
666,0.405229384
667,0.330811225
668,0.248922517
669,0.195096255
670,0.175749449
671,0.160521023
672,0.138396705
673,0.133033234
674,0.131213485
675,0.129489512
676,0.131883919
677,0.143760176
678,0.244804138
679,0.361746959
680,0.365961115
681,0.299109281
682,0.276218753
683,0.233119433
684,0.215592376
685,0.231012355
686,0.301216359
687,0.38712767
688,0.431567857
689,0.447945599
690,0.421798678
691,0.328704147
692,0.239153338
693,0.185710181
694,0.160712575
695,0.152284264
696,0.138300929
697,0.132841682
698,0.130255723
699,0.129968394
700,0.132745906
701,0.147303898
702,0.231012355
703,0.362896274
704,0.405037832
705,0.3837755
706,0.307920697
707,0.224020688
708,0.213772627
709,0.248252083
710,0.263001628
711,0.353127095
712,0.407144909
713,0.408198448
714,0.376496504
715,0.267120008
716,0.219040322
717,0.173546595
718,0.156977301
719,0.15726463
720,0.143568624
721,0.130543051
722,0.126616224
723,0.128340197
724,0.130638828
725,0.156211091
726,0.27449478
727,0.388276985
728,0.41097596
729,0.386457236
730,0.341633943
731,0.238866009
732,0.216645915
733,0.256776171
734,0.330619672
735,0.400057466
736,0.44459343
737,0.442869457
738,0.389713629
739,0.27784695
740,0.250071832
741,0.188966574
742,0.170290202
743,0.157935064
744,0.146346135
745,0.141940427
746,0.139929126
747,0.138875587
748,0.14854899
749,0.165309836
750,0.273058136
751,0.401398333
752,0.427832583
753,0.401015228
754,0.38224308
755,0.306100948
756,0.285509051
757,0.30657983
758,0.333205632
759,0.379848673
760,0.449669572
761,0.465281103
762,0.435686237
763,0.331290106
764,0.288573891
765,0.23704626
766,0.221243176
767,0.212814864
768,0.206493631
769,0.199406187
770,0.198927306
771,0.202471028
772,0.204769658
773,0.208696485
774,0.270280624
775,0.35427641
776,0.348242506
777,0.355425726
778,0.308303802
779,0.269514414
780,0.233502538
781,0.233789867
782,0.246049229
783,0.310219328
784,0.374676755
785,0.434153817
786,0.429173451
787,0.364907576
788,0.322670242
789,0.287233024
790,0.279954027
791,0.269035533
792,0.252466239
793,0.247390097
794,0.240494206
795,0.247773202
796,0.259553683
797,0.264629825
798,0.268173547
799,0.283306197
800,0.291064074
801,0.297289532
802,0.293554257
803,0.27142994
804,0.259457906
805,0.259745235
806,0.26501293
807,0.29221339
808,0.373718992
809,0.428024136
810,0.437601762
811,0.414519682
812,0.345943875
813,0.31606168
814,0.284934393
815,0.269993296
816,0.248252083
817,0.214538837
818,0.214443061
819,0.225840437
820,0.230054592
821,0.294224691
822,0.38147687
823,0.437218657
824,0.442773681
825,0.414423906
826,0.34479456
827,0.276122977
828,0.260702998
829,0.260032564
830,0.296140216
831,0.399387032
832,0.480126425
833,0.499760559
834,0.465568432
835,0.392874246
836,0.317785653
837,0.290776746
838,0.251700029
839,0.231491236
840,0.223062925
841,0.215592376
842,0.215975481
843,0.221817834
844,0.225457332
845,0.249018293
846,0.326213964
847,0.426491715
848,0.420362034
849,0.363087827
850,0.318839192
851,0.2929796
852,0.26654535
853,0.256680395
854,0.274399004
855,0.329757686
856,0.421511349
857,0.458672541
858,0.412987262
859,0.308591131
860,0.281199119
861,0.249497175
862,0.231012355
863,0.201034384
864,0.194042716
865,0.189541232
866,0.1852313
867,0.19394694
868,0.201225936
869,0.231682789
870,0.362130064
871,0.459534527
872,0.409347764
873,0.379369792
874,0.344219902
875,0.262618523
876,0.249018293
877,0.267694665
878,0.291255627
879,0.389522076
880,0.442007471
881,0.495163299
882,0.454362609
883,0.370941481
884,0.34402835
885,0.256488842
886,0.231491236
887,0.218274112
888,0.210707787
889,0.197490662
890,0.192701848
891,0.19394694
892,0.199501963
893,0.280049804
894,0.335121157
895,0.403888516
896,0.385595249
897,0.302557226
898,0.296523322
899,0.240973087
900,0.231874342
901,0.230150369
902,0.255052198
903,0.363470932
904,0.442677904
905,0.474284072
906,0.451106216
907,0.365673786
908,0.309070012
909,0.240015324
910,0.217986783
911,0.210420458
912,0.204578106
913,0.186189062
914,0.181400249
915,0.177952303
916,0.197490662
917,0.281294895
918,0.368547074
919,0.41250838
920,0.377454267
921,0.32094627
922,0.283593526
923,0.233502538
924,0.227851738
925,0.24652811
926,0.26424672
927,0.318839192
928,0.458480988
929,0.496983048
930,0.482712384
931,0.374197874
932,0.286945695
933,0.247102768
934,0.221338952
935,0.26012834
936,0.222392491
937,0.208983814
938,0.20113016
939,0.201417489
940,0.205918973
941,0.246623887
942,0.337994445
943,0.392874246
944,0.371037257
945,0.264725601
946,0.237142036
947,0.20601475
948,0.198735753
949,0.195287808
950,0.212527536
951,0.243271717
952,0.34326214
953,0.426779044
954,0.426491715
955,0.379082463
956,0.267120008
957,0.220668518
958,0.194042716
959,0.197107557
960,0.182453788
961,0.171439517
962,0.161191457
963,0.175557897
964,0.171726846
965,0.186859496
966,0.203333014
967,0.250167608
968,0.246432334
969,0.22267982
970,0.214826166
971,0.192031415
972,0.17728187
973,0.186093286
974,0.18906235
975,0.218657217
976,0.27219615
977,0.425821281
978,0.443731443
979,0.433674935
980,0.400919452
981,0.273824346
982,0.225170003
983,0.185518628
984,0.182166459
985,0.180155158
986,0.169715544
987,0.167800019
988,0.171056412
989,0.192606072
990,0.265970692
991,0.401589886
992,0.348817163
993,0.298821952
994,0.276601858
995,0.253232449
996,0.239536443
997,0.239919548
998,0.258691696
999,0.374964084
1000,0.452255531
1001,0.464993775
1002,0.427736807
1003,0.334642276
1004,0.270759506
1005,0.230341921
1006,0.212527536
1007,0.193372282
1008,0.183124222
1009,0.181304473
1010,0.170481755
1011,0.170002873
1012,0.18111292
1013,0.251700029
1014,0.399578584
1015,0.459534527
1016,0.428981898
1017,0.321904032
1018,0.282156882
1019,0.237333589
1020,0.237716694
1021,0.239919548
1022,0.28014558
1023,0.349296044
1024,0.457427449
1025,0.50512403
1026,0.494971746
1027,0.354563739
1028,0.25936213
1029,0.222775596
1030,0.2098458
1031,0.18676372
1032,0.175653673
1033,0.169811321
1034,0.170769083
1035,0.178431185
1036,0.181591802
1037,0.258117039
1038,0.321904032
1039,0.368451298
1040,0.360597644
1041,0.282061105
1042,0.258787472
1043,0.228905277
1044,0.224786898
1045,0.22344603
1046,0.260319893
1047,0.311272867
1048,0.435111579
1049,0.508859305
1050,0.493056221
1051,0.37352744
1052,0.305143186
1053,0.230437698
1054,0.212719088
1055,0.173450819
1056,0.165692941
1057,0.158413945
1058,0.154391342
1059,0.15161383
1060,0.165597165
1061,0.210803563
1062,0.292500718
1063,0.38224308
1064,0.346805862
1065,0.245091466
1066,0.227085528
1067,0.214634614
1068,0.211857102
1069,0.213868403
1070,0.237429365
1071,0.31606168
1072,0.405516713
1073,0.481371516
1074,0.482137726
1075,0.35992721
1076,0.266736903
1077,0.229288382
1078,0.197490662
1079,0.171343741
1080,0.160137918
1081,0.154582894
1082,0.154678671
1083,0.16368164
1084,0.166076046
1085,0.212910641
1086,0.33837755
1087,0.418350733
1088,0.353701753
1089,0.24729432
1090,0.225840437
1091,0.210133129
1092,0.206110526
1093,0.208600709
1094,0.226415094
1095,0.272100374
1096,0.363375156
1097,0.479168662
1098,0.452638636
1099,0.33119433
1100,0.24269706
1101,0.22191361
1102,0.204003448
1103,0.190498994
1104,0.182358012
1105,0.17728187
1106,0.16674648
1107,0.161478786
1108,0.156019538
1109,0.163777416
1110,0.250454937
1111,0.272004597
1112,0.229479935
1113,0.193084954
1114,0.187146825
1115,0.177952303
1116,0.175079015
1117,0.173355043
1118,0.175270568
1119,0.19883153
1120,0.266641126
1121,0.440187721
1122,0.449478019
1123,0.362034288
1124,0.253615554
1125,0.194425821
1126,0.180921368
1127,0.181687578
1128,0.17469591
1129,0.161957667
1130,0.155444881
1131,0.153242027
1132,0.155636433
1133,0.167033809
1134,0.198639977
1135,0.22497845
1136,0.205056987
1137,0.186189062
1138,0.170577531
1139,0.165405612
1140,0.162723877
1141,0.161670338
1142,0.167608467
1143,0.201800594
1144,0.274303228
1145,0.427736807
1146,0.460204961
1147,0.428119912
1148,0.349391821
1149,0.240781534
1150,0.182358012
1151,0.181591802
1152,0.159275931
1153,0.15573221
1154,0.15314625
1155,0.151901159
1156,0.156977301
1157,0.212431759
1158,0.31041088
1159,0.409635092
1160,0.403409635
1161,0.278708936
1162,0.235896945
1163,0.195862465
1164,0.187434154
1165,0.189253903
1166,0.233215209
1167,0.349870702
1168,0.422181783
1169,0.467196629
1170,0.45101044
1171,0.399961689
1172,0.286849919
1173,0.225170003
1174,0.184560866
1175,0.161383009
1176,0.141844651
1177,0.13724739
1178,0.135523417
1179,0.134565655
1180,0.1380136
1181,0.185614405
1182,0.241547744
1183,0.313667273
1184,0.294607796
1185,0.225170003
1186,0.203237238
1187,0.190690547
1188,0.183411551
1189,0.184752418
1190,0.20831338
1191,0.281965329
1192,0.38147687
1193,0.4309932
1194,0.429748108
1195,0.330045015
1196,0.251029595
1197,0.190403218
1198,0.166171823
1199,0.155157552
1200,0.13877981
1201,0.13494876
1202,0.132554353
1203,0.135331865
1204,0.149410976
1205,0.258883249
1206,0.30399387
1207,0.355138397
1208,0.33196054
1209,0.22267982
1210,0.197107557
1211,0.171343741
1212,0.173259266
1213,0.185518628
1214,0.192318743
1215,0.268269323
1216,0.399387032
1217,0.471602337
1218,0.462312039
1219,0.315870127
1220,0.23216167
1221,0.196054018
1222,0.174504358
1223,0.148836318
1224,0.139067139
1225,0.134469878
1226,0.131213485
1227,0.141653098
1228,0.162436548
1229,0.285509051
1230,0.367589311
1231,0.424863519
1232,0.296714874
1233,0.222200939
1234,0.176994541
1235,0.15879705
1236,0.15573221
1237,0.15573221
1238,0.179197395
1239,0.229767264
1240,0.352169332
1241,0.448999138
1242,0.455416148
1243,0.306675606
1244,0.244421032
1245,0.189637008
1246,0.165501389
1247,0.175941002
1248,0.164352074
1249,0.142610861
1250,0.13724739
1251,0.140024902
1252,0.1682789
1253,0.291351403
1254,0.385212144
1255,0.403505411
1256,0.405133608
1257,0.296140216
1258,0.223062925
1259,0.178526961
1260,0.174217029
1261,0.173546595
1262,0.182358012
1263,0.240781534
1264,0.323628005
1265,0.447179389
1266,0.403122306
1267,0.289052773
1268,0.225840437
1269,0.185614405
1270,0.162053443
1271,0.162532324
1272,0.132650129
1273,0.133799444
1274,0.133990997
1275,0.134278326
1276,0.133799444
1277,0.173259266
1278,0.273153912
1279,0.323915334
1280,0.262426971
1281,0.188200364
1282,0.159180155
1283,0.146920793
1284,0.140216454
1285,0.136098075
1286,0.141748875
1287,0.165022507
1288,0.273920123
1289,0.437505986
1290,0.44535964
1291,0.391150273
1292,0.225457332
1293,0.182932669
1294,0.155157552
1295,0.159180155
1296,0.145101044
1297,0.129968394
1298,0.126424672
1299,0.125658462
1300,0.124892252
1301,0.146058807
1302,0.18034671
1303,0.189445455
1304,0.172205727
1305,0.157168854
1306,0.153816684
1307,0.147208122
1308,0.135810746
1309,0.136289627
1310,0.138875587
1311,0.171726846
1312,0.221051623
1313,0.369025955
1314,0.393161575
1315,0.362513169
1316,0.309070012
1317,0.24346327
1318,0.149794081
1319,0.152092711
1320,0.125754238
1321,0.121252754
1322,0.119720333
1323,0.122018964
1324,0.126712001
1325,0.153050474
1326,0.28321042
1327,0.365290681
1328,0.308303802
1329,0.216837468
1330,0.188200364
1331,0.158701274
1332,0.1493152
1333,0.163873192
1334,0.226893976
1335,0.287807681
1336,0.40379274
1337,0.441432813
1338,0.447849823
1339,0.392778469
1340,0.286275261
1341,0.205918973
1342,0.167129585
1343,0.153720908
1344,0.127573987
1345,0.12364716
1346,0.121156977
1347,0.120486543
1348,0.149123647
1349,0.289531654
1350,0.342687482
1351,0.40379274
1352,0.347380519
1353,0.298726176
1354,0.209462695
1355,0.167895795
1356,0.158222392
1357,0.191265204
1358,0.217699454
1359,0.31376305
1360,0.399674361
1361,0.451393545
1362,0.452638636
1363,0.340197299
1364,0.263384733
1365,0.185901734
1366,0.165501389
1367,0.145484149
1368,0.124892252
1369,0.121156977
1370,0.119624557
1371,0.117325927
1372,0.124221818
1373,0.189732784
1374,0.271334163
1375,0.36557801
1376,0.257446605
1377,0.199980845
1378,0.181304473
1379,0.152667369
1380,0.148932095
1381,0.148261661
1382,0.15573221
1383,0.215305047
1384,0.33914376
1385,0.447083613
1386,0.464419117
1387,0.431088976
1388,0.299779715
1389,0.183028446
1390,0.160808352
1391,0.166842256
1392,0.143089742
1393,0.138300929
1394,0.144047505
1395,0.156594196
1396,0.167800019
1397,0.300450148
1398,0.369121732
1399,0.41097596
1400,0.322766019
1401,0.215879705
1402,0.183507327
1403,0.15879705
1404,0.155061776
1405,0.168087348
1406,0.174983239
1407,0.233023657
1408,0.377550043
1409,0.446221626
1410,0.418446509
1411,0.300545925
1412,0.228426396
1413,0.190977876
1414,0.167033809
1415,0.146058807
1416,0.136193851
1417,0.121061201
1418,0.122689398
1419,0.120103438
1420,0.123742937
1421,0.17804808
1422,0.251125371
1423,0.333876066
1424,0.270184848
1425,0.197299109
1426,0.173067714
1427,0.159754813
1428,0.150656067
1429,0.145005268
1430,0.159371708
1431,0.239919548
1432,0.341538167
1433,0.455990805
1434,0.476870032
1435,0.342017048
1436,0.23781247
1437,0.177377646
1438,0.161766114
1439,0.165788718
1440,0.147591227
1441,0.127478211
1442,0.122785174
1443,0.124892252
1444,0.12929796
1445,0.147208122
1446,0.203333014
1447,0.226798199
1448,0.215879705
1449,0.166554928
1450,0.151518054
1451,0.145292596
1452,0.139737573
1453,0.133320563
1454,0.140503783
1455,0.166938033
1456,0.241643521
1457,0.423139546
1458,0.458002107
1459,0.382913514
1460,0.241068863
1461,0.179963605
1462,0.159084379
1463,0.169619768
1464,0.157935064
1465,0.133607892
1466,0.12853175
1467,0.125275357
1468,0.130543051
1469,0.149602528
1470,0.178335408
1471,0.195000479
1472,0.168949334
1473,0.161766114
1474,0.167416914
1475,0.136960061
1476,0.134661431
1477,0.135906522
1478,0.166171823
1479,0.233310986
1480,0.309740446
1481,0.402356096
1482,0.425917058
1483,0.362704722
1484,0.246719663
1485,0.175845226
1486,0.155061776
1487,0.142227756
1488,0.129202184
1489,0.122018964
1490,0.122976726
1491,0.121923187
1492,0.129202184
1493,0.162244996
1494,0.203045685
1495,0.227851738
1496,0.220955847
1497,0.187242601
1498,0.170290202
1499,0.156019538
1500,0.144143281
1501,0.14519682
1502,0.164160521
1503,0.234268748
1504,0.26166076
1505,0.353318648
1506,0.356191936
1507,0.25064649
1508,0.180059381
1509,0.166650704
1510,0.150943396
1511,0.138396705
1512,0.130159946
1513,0.125850014
1514,0.12441337
1515,0.126520448
1516,0.14443061
1517,0.159275931
1518,0.251604252
1519,0.346518533
1520,0.35762858
1521,0.258787472
1522,0.190020113
1523,0.151805383
1524,0.144622163
1525,0.150560291
1526,0.189445455
1527,0.262522747
1528,0.326501293
1529,0.411837947
1530,0.440283498
1531,0.362992051
1532,0.24269706
1533,0.166842256
1534,0.157935064
1535,0.15391246
1536,0.134852983
1537,0.131405038
1538,0.129681065
1539,0.139067139
1540,0.156689972
1541,0.197969543
1542,0.256393066
1543,0.334163394
1544,0.291255627
1545,0.193372282
1546,0.16751269
1547,0.156594196
1548,0.146920793
1549,0.151326501
1550,0.171247965
1551,0.264725601
1552,0.373144335
1553,0.403218083
1554,0.411167513
1555,0.344698784
1556,0.233981419
1557,0.180634039
1558,0.160137918
1559,0.147687003
1560,0.142706637
1561,0.133990997
1562,0.1323628
1563,0.134757207
1564,0.142515085
1565,0.166650704
1566,0.228809501
1567,0.342783258
1568,0.363662484
1569,0.308016474
1570,0.25447754
1571,0.181304473
1572,0.160712575
1573,0.182549564
1574,0.217891007
1575,0.271908821
1576,0.30964467
1577,0.373910545
1578,0.365386457
1579,0.25782971
1580,0.213102193
1581,0.190498994
1582,0.170194426
1583,0.158892826
1584,0.151996935
1585,0.136768509
1586,0.13571497
1587,0.140312231
1588,0.148836318
1589,0.182836893
1590,0.240206877
1591,0.357532803
1592,0.284263959
1593,0.228139067
1594,0.197777991
1595,0.161478786
1596,0.154582894
1597,0.170002873
1598,0.202758356
1599,0.266928455
1600,0.351115794
1601,0.417009865
1602,0.428598793
1603,0.350924241
1604,0.26501293
1605,0.189924337
1606,0.164543626
1607,0.15956326
1608,0.146537688
1609,0.129872618
1610,0.127478211
1611,0.127669763
1612,0.131213485
1613,0.166650704
1614,0.220285413
1615,0.245857676
1616,0.235418063
1617,0.193084954
1618,0.160712575
1619,0.141078441
1620,0.136193851
1621,0.129010631
1622,0.13571497
1623,0.162340772
1624,0.219423427
1625,0.305526291
1626,0.388468537
1627,0.298055742
1628,0.21396418
1629,0.15649842
1630,0.144143281
1631,0.135331865
1632,0.129106407
1633,0.126233119
1634,0.126233119
1635,0.136768509
1636,0.139258692
1637,0.154774447
1638,0.174983239
1639,0.186189062
1640,0.220764295
1641,0.23781247
1642,0.199118858
1643,0.16598027
1644,0.143281295
1645,0.146250359
1646,0.171247965
1647,0.236663155
1648,0.256680395
1649,0.315870127
1650,0.31041088
1651,0.285700603
1652,0.199118858
1653,0.157360406
1654,0.1436644
1655,0.144813715
1656,0.131979695
1657,0.12776554
1658,0.122593621
1659,0.126520448
1660,0.126712001
1661,0.153816684
1662,0.205918973
1663,0.316157456
1664,0.285987932
1665,0.212623312
1666,0.176994541
1667,0.151518054
1668,0.149985634
1669,0.198065319
1670,0.203141462
1671,0.228139067
1672,0.27066373
1673,0.366535772
1674,0.382434633
1675,0.284072407
1676,0.229575711
1677,0.173450819
1678,0.152092711
1679,0.145388373
1680,0.12699933
1681,0.12441337
1682,0.123934489
1683,0.128244421
1684,0.130734604
1685,0.181783354
1686,0.286179485
1687,0.388085432
1688,0.357053922
1689,0.274686333
1690,0.212814864
1691,0.157551959
1692,0.153337803
1693,0.158988603
1694,0.172684609
1695,0.258212815
1696,0.335695815
1697,0.416530984
1698,0.441815918
1699,0.40532516
1700,0.326884398
1701,0.216358586
1702,0.159946365
1703,0.147399674
1704,0.146825017
1705,0.130351499
1706,0.127095106
1707,0.126616224
1708,0.142610861
1709,0.209558471
1710,0.277751173
1711,0.337132459
1712,0.33914376
1713,0.263576286
1714,0.234077196
1715,0.174791687
1716,0.151422278
1717,0.18752993
1718,0.217412125
1719,0.258787472
1720,0.321520927
1721,0.376400728
1722,0.389330524
1723,0.326788622
1724,0.261277655
1725,0.194425821
1726,0.164352074
1727,0.141269993
1728,0.143760176
1729,0.131692367
1730,0.131021933
1731,0.130638828
1732,0.134469878
1733,0.204961211
1734,0.253807107
1735,0.292404942
1736,0.270089072
1737,0.187338378
1738,0.163394311
1739,0.149219423
1740,0.146154583
1741,0.144717939
1742,0.179293171
1743,0.248156307
1744,0.310889762
1745,0.391916483
1746,0.394502442
1747,0.33914376
1748,0.263576286
1749,0.209271143
1750,0.155061776
1751,0.150943396
1752,0.131979695
1753,0.128819079
1754,0.125562686
1755,0.129106407
1756,0.136576956
1757,0.171152188
1758,0.234939182
1759,0.288478115
1760,0.266736903
1761,0.182741117
1762,0.160616799
1763,0.150656067
1764,0.145675702
1765,0.141653098
1766,0.159084379
1767,0.214921942
1768,0.288956996
1769,0.373048559
1770,0.403122306
1771,0.343357916
1772,0.248635188
1773,0.169236663
1774,0.150464515
1775,0.155253328
1776,0.131309262
1777,0.128244421
1778,0.124030265
1779,0.120103438
1780,0.120678096
1781,0.145579925
1782,0.186476391
1783,0.200172397
1784,0.193372282
1785,0.152667369
1786,0.135236088
1787,0.126616224
1788,0.123072503
1789,0.12441337
1790,0.135523417
1791,0.138684034
1792,0.179772052
1793,0.268269323
1794,0.328225266
1795,0.275644095
1796,0.191935638
1797,0.149506752
1798,0.132841682
1799,0.163202758
1800,0.148357437
1801,0.128627526
1802,0.124317594
1803,0.131500814
1804,0.136002299
1805,0.1493152
1806,0.160521023
1807,0.157647735
1808,0.161670338
1809,0.155253328
1810,0.139450244
1811,0.131021933
1812,0.138588258
1813,0.125850014
1814,0.147303898
1815,0.199118858
1816,0.248347859
1817,0.282061105
1818,0.310315104
1819,0.279570922
1820,0.198448424
1821,0.149027871
1822,0.139833349
1823,0.148357437
1824,0.127286658
1825,0.120965425
1826,0.116942822
1827,0.120007662
1828,0.126807777
1829,0.166459151
1830,0.204099224
1831,0.273824346
1832,0.25371133
1833,0.19318073
1834,0.180250934
1835,0.152092711
1836,0.149889857
1837,0.163968968
1838,0.185327076
1839,0.217603678
1840,0.299492386
1841,0.376688057
1842,0.405612489
1843,0.344890336
1844,0.26884398
1845,0.226606647
1846,0.166938033
1847,0.173833924
1848,0.150560291
1849,0.132267024
1850,0.126903553
1851,0.160137918
1852,0.164735179
1853,0.221338952
1854,0.248443636
1855,0.277559621
1856,0.27526099
1857,0.227755962
1858,0.189541232
1859,0.168949334
1860,0.166650704
1861,0.174600134
1862,0.178335408
1863,0.20601475
1864,0.25447754
1865,0.344603007
1866,0.366918878
1867,0.313571497
1868,0.241260416
1869,0.18982856
1870,0.159084379
1871,0.15238004
1872,0.135331865
1873,0.139450244
1874,0.136672732
1875,0.136960061
1876,0.13724739
1877,0.181208696
1878,0.211473997
1879,0.25629729
1880,0.231970118
1881,0.185710181
1882,0.136864285
1883,0.122402069
1884,0.121061201
1885,0.122497845
1886,0.132171248
1887,0.15649842
1888,0.239727995
1889,0.327171727
1890,0.354467963
1891,0.28014558
1892,0.223350254
1893,0.190786323
1894,0.158222392
1895,0.149602528
1896,0.124126042
1897,0.116942822
1898,0.115601954
1899,0.116847045
1900,0.131979695
1901,0.174312805
1902,0.220955847
1903,0.243271717
1904,0.237142036
1905,0.199789292
1906,0.15726463
1907,0.137917824
1908,0.142036203
1909,0.147782779
1910,0.144047505
1911,0.198544201
1912,0.25064649
1913,0.337036682
1914,0.37199502
1915,0.292883823
1916,0.233885643
1917,0.182932669
1918,0.144813715
1919,0.144239058
1920,0.124988028
1921,0.119049899
1922,0.115889283
1923,0.114356862
1924,0.137438943
1925,0.182358012
1926,0.243654822
1927,0.279187817
1928,0.213772627
1929,0.190020113
1930,0.169428216
1931,0.139354468
1932,0.136002299
1933,0.136098075
1934,0.156977301
1935,0.203716119
1936,0.255147974
1937,0.357053922
1938,0.382147304
1939,0.319605402
1940,0.232832104
1941,0.186955272
1942,0.161478786
1943,0.165405612
1944,0.139641797
1945,0.11493152
1946,0.112824442
1947,0.116272388
1948,0.147782779
1949,0.179867829
1950,0.181208696
1951,0.185614405
1952,0.169236663
1953,0.148165884
1954,0.140024902
1955,0.134278326
1956,0.134852983
1957,0.137343166
1958,0.151422278
1959,0.168087348
1960,0.196724452
1961,0.282539987
1962,0.321042046
1963,0.2873288
1964,0.250167608
1965,0.194521598
1966,0.153433579
1967,0.149410976
1968,0.122402069
1969,0.115889283
1970,0.114739967
1971,0.115314625
1972,0.136289627
1973,0.13724739
1974,0.143568624
1975,0.151901159
1976,0.150751844
1977,0.165692941
1978,0.162436548
1979,0.142802414
1980,0.133799444
1981,0.140503783
1982,0.147974332
1983,0.176611436
1984,0.224116464
1985,0.272770807
1986,0.29939661
1987,0.278038502
1988,0.231587013
1989,0.171918399
1990,0.15573221
1991,0.146825017
1992,0.117709032
1993,0.113590652
1994,0.113303323
1995,0.118187913
1996,0.119145676
1997,0.152475816
1998,0.196628675
1999,0.258691696
2000,0.228713725
2001,0.169619768
2002,0.159946365
2003,0.142706637
2004,0.139450244
2005,0.147303898
2006,0.164352074
2007,0.231491236
2008,0.280624461
2009,0.342687482
2010,0.377166938
2011,0.326597069
2012,0.235322287
2013,0.188966574
2014,0.17316349
2015,0.154008237
2016,0.128914855
2017,0.122593621
2018,0.121635859
2019,0.125466909
2020,0.13494876
2021,0.188008811
2022,0.234172972
2023,0.292692271
2024,0.264150943
2025,0.192989177
2026,0.173355043
2027,0.139450244
2028,0.140120678
2029,0.144047505
2030,0.167895795
2031,0.203620343
2032,0.250933819
2033,0.315774351
2034,0.367780864
2035,0.312901063
2036,0.228426396
2037,0.175270568
2038,0.163298535
2039,0.159946365
2040,0.124604923
2041,0.121827411
2042,0.120773872
2043,0.120773872
2044,0.120486543
2045,0.168566229
2046,0.221243176
2047,0.254190212
2048,0.227468633
2049,0.177760751
2050,0.154774447
2051,0.132745906
2052,0.134661431
2053,0.147112346
2054,0.156306867
2055,0.199789292
2056,0.26884398
2057,0.332822527
2058,0.399865913
2059,0.300354372
2060,0.218944546
2061,0.172971938
2062,0.156977301
2063,0.144334834
2064,0.121827411
2065,0.11569773
2066,0.11416531
2067,0.114835744
2068,0.130926156
2069,0.147303898
2070,0.202183699
2071,0.251700029
2072,0.253424002
2073,0.181687578
2074,0.145388373
2075,0.139067139
2076,0.150368739
2077,0.154008237
2078,0.172971938
2079,0.211665549
2080,0.278134278
2081,0.362321617
2082,0.400153242
2083,0.380902212
2084,0.286658366
2085,0.195000479
2086,0.172014175
2087,0.154295566
2088,0.126520448
2089,0.120773872
2090,0.128723302
2091,0.131788143
2092,0.13724739
2093,0.179963605
2094,0.262043866
2095,0.282156882
2096,0.236088497
2097,0.180634039
2098,0.166076046
2099,0.144334834
2100,0.137917824
2101,0.14443061
2102,0.162723877
2103,0.19241452
2104,0.23292788
2105,0.357724356
2106,0.428119912
2107,0.364332918
2108,0.272004597
2109,0.202087923
2110,0.17728187
2111,0.203333014
2112,0.163490087
2113,0.140312231
2114,0.134469878
2115,0.127382435
2116,0.133703668
2117,0.16444785
2118,0.195670913
2119,0.208121827
2120,0.192606072
2121,0.163298535
2122,0.150560291
2123,0.151230725
2124,0.148165884
2125,0.137726271
2126,0.139737573
2127,0.157935064
2128,0.219710756
2129,0.312230629
2130,0.370654152
2131,0.357820132
2132,0.271621492
2133,0.205344316
2134,0.172780385
2135,0.153720908
2136,0.129585289
2137,0.120007662
2138,0.115985059
2139,0.121635859
2140,0.13494876
2141,0.154582894
2142,0.174025476
2143,0.17239728
2144,0.192318743
2145,0.161574562
2146,0.158988603
2147,0.149889857
2148,0.133224787
2149,0.136960061
2150,0.163011206
2151,0.209366919
2152,0.279762475
2153,0.326884398
2154,0.337132459
2155,0.272483479
2156,0.221338952
2157,0.187051049
2158,0.156594196
2159,0.133129011
2160,0.132171248
2161,0.126616224
2162,0.124700699
2163,0.12288095
2164,0.167704243
2165,0.269705967
2166,0.309261565
2167,0.283114644
2168,0.219806532
2169,0.170769083
2170,0.145771478
2171,0.139737573
2172,0.140886888
2173,0.155636433
2174,0.199501963
2175,0.248539412
2176,0.35044536
2177,0.391437602
2178,0.38300929
2179,0.282061105
2180,0.230725026
2181,0.185614405
2182,0.147878556
2183,0.13648118
2184,0.134757207
2185,0.127669763
2186,0.126520448
2187,0.132745906
2188,0.174600134
2189,0.265491811
2190,0.303898094
2191,0.298247294
2192,0.225170003
2193,0.190594771
2194,0.171247965
2195,0.16751269
2196,0.169619768
2197,0.185710181
2198,0.223637583
2199,0.258787472
2200,0.32094627
2201,0.373623216
2202,0.368163969
2203,0.297289532
2204,0.207164065
2205,0.185805957
2206,0.165309836
2207,0.14519682
2208,0.136576956
2209,0.136672732
2210,0.16444785
2211,0.165884494
2212,0.188487693
2213,0.276889187
2214,0.33349296
2215,0.341633943
2216,0.286466814
2217,0.254669093
2218,0.212814864
2219,0.215305047
2220,0.233119433
2221,0.251508476
2222,0.279283594
2223,0.298247294
2224,0.340388852
2225,0.352073556
2226,0.344315679
2227,0.278325831
2228,0.196820228
2229,0.183124222
2230,0.17804808
2231,0.155253328
2232,0.149027871
2233,0.150560291
2234,0.157073077
2235,0.155349104
2236,0.206302078
2237,0.292788047
2238,0.353127095
2239,0.342687482
2240,0.321137822
2241,0.30734604
2242,0.253424002
2243,0.252370463
2244,0.278517383
2245,0.297385308
2246,0.343549468
2247,0.328608371
2248,0.331768988
2249,0.396417968
2250,0.376304952
2251,0.335216933
2252,0.285700603
2253,0.280241356
2254,0.267407336
2255,0.24911407
2256,0.24499569
2257,0.24911407
2258,0.255052198
2259,0.258117039
2260,0.28962743
2261,0.362130064
2262,0.403888516
2263,0.407144909
2264,0.349200268
2265,0.313475721
2266,0.290585193
2267,0.287616129
2268,0.287137247
2269,0.306388277
2270,0.320084283
2271,0.334354947
2272,0.367685088
2273,0.428503017
2274,0.412891485
2275,0.367493535
2276,0.297672637
2277,0.272483479
2278,0.283689302
2279,0.261852313
2280,0.244612585
2281,0.242409731
2282,0.26348051
2283,0.269035533
2284,0.281869553
2285,0.308686907
2286,0.342112824
2287,0.357915908
2288,0.311560195
2289,0.272387702
2290,0.234556077
2291,0.229671487
2292,0.234939182
2293,0.23857868
2294,0.271046835
2295,0.298055742
2296,0.350541136
2297,0.389809405
2298,0.406282923
2299,0.339335313
2300,0.285509051
2301,0.264438272
2302,0.2401111
2303,0.231108131
2304,0.208026051
2305,0.205918973
2306,0.207451394
2307,0.213581075
2308,0.229767264
2309,0.261852313
2310,0.299683938
2311,0.335695815
2312,0.338185998
2313,0.311464419
2314,0.269514414
2315,0.248060531
2316,0.24911407
2317,0.251987358
2318,0.263959391
2319,0.278325831
2320,0.338473326
2321,0.368834403
2322,0.41739297
2323,0.372857006
2324,0.292021837
2325,0.244133704
2326,0.2401111
2327,0.234460301
2328,0.205535868
2329,0.199023082
2330,0.202279475
2331,0.232353223
2332,0.28962743
2333,0.375730294
2334,0.433387607
2335,0.420362034
2336,0.373240111
2337,0.326213964
2338,0.247773202
2339,0.242026626
2340,0.269322862
2341,0.285700603
2342,0.32247869
2343,0.343549468
2344,0.386744565
2345,0.462982473
2346,0.47485873
2347,0.412221052
2348,0.289818983
2349,0.249688727
2350,0.225648884
2351,0.210420458
2352,0.205440092
2353,0.202854133
2354,0.201609041
2355,0.212335983
2356,0.221817834
2357,0.318168758
2358,0.390479839
2359,0.415381668
2360,0.380519107
2361,0.327075951
2362,0.244899914
2363,0.240494206
2364,0.272675031
2365,0.286275261
2366,0.313954602
2367,0.334833828
2368,0.384637487
2369,0.445168087
2370,0.453117517
2371,0.418063404
2372,0.299588162
2373,0.235705392
2374,0.2211474
2375,0.213581075
2376,0.201992146
2377,0.2098458
2378,0.212431759
2379,0.218178335
2380,0.266258021
2381,0.380136002
2382,0.444976535
2383,0.417871851
2384,0.385691026
2385,0.349583373
2386,0.252562015
2387,0.243942151
2388,0.290585193
2389,0.307537592
2390,0.325447754
2391,0.341250838
2392,0.386936117
2393,0.401877215
2394,0.417680299
2395,0.395460205
2396,0.274207451
2397,0.25294512
2398,0.219998084
2399,0.2098458
2400,0.206685183
2401,0.212527536
2402,0.22574466
2403,0.234077196
2404,0.275835648
2405,0.389330524
2406,0.440187721
2407,0.44382722
2408,0.409539316
2409,0.367780864
2410,0.305238962
2411,0.274590556
2412,0.298343071
2413,0.297193755
2414,0.327075951
2415,0.331577435
2416,0.385691026
2417,0.450244229
2418,0.445072311
2419,0.36557801
2420,0.306100948
2421,0.254381764
2422,0.227660186
2423,0.207355617
2424,0.202758356
2425,0.207068288
2426,0.236663155
2427,0.245857676
2428,0.294895125
2429,0.394693995
2430,0.451297768
2431,0.458672541
2432,0.421894455
2433,0.356479264
2434,0.272100374
2435,0.262905852
2436,0.275165214
2437,0.290968298
2438,0.295374006
2439,0.306388277
2440,0.35762858
2441,0.427545254
2442,0.432812949
2443,0.345752323
2444,0.30964467
2445,0.290010535
2446,0.254956422
2447,0.233502538
2448,0.207738722
2449,0.206206302
2450,0.218178335
2451,0.22756441
2452,0.276218753
2453,0.30964467
2454,0.349104492
2455,0.357915908
2456,0.352169332
2457,0.28886122
2458,0.241547744
2459,0.21779523
2460,0.211186668
2461,0.211569773
2462,0.246623887
2463,0.268748204
2464,0.344411455
2465,0.424863519
2466,0.448616033
2467,0.399291256
2468,0.292309166
2469,0.23474763
2470,0.26089455
2471,0.231108131
2472,0.212335983
2473,0.203811895
2474,0.198448424
2475,0.19959774
2476,0.227372857
2477,0.242601283
2478,0.289340102
2479,0.316253232
2480,0.325735083
2481,0.299971267
2482,0.26731156
2483,0.250071832
2484,0.242409731
2485,0.24729432
2486,0.253519778
2487,0.281294895
2488,0.324681544
2489,0.371899243
2490,0.435782013
2491,0.395268652
2492,0.333301408
2493,0.285987932
2494,0.247581649
2495,0.22574466
2496,0.207164065
2497,0.204961211
2498,0.212910641
2499,0.22421224
2500,0.279570922
2501,0.410784408
2502,0.470740351
2503,0.44382722
2504,0.325926635
2505,0.305238962
2506,0.284934393
2507,0.258787472
2508,0.262810076
2509,0.265300259
2510,0.295469783
2511,0.31041088
2512,0.361363854
2513,0.454554161
2514,0.498611244
2515,0.401206781
2516,0.335695815
2517,0.26731156
2518,0.23551384
2519,0.21319797
2520,0.208409156
2521,0.206876736
2522,0.205918973
2523,0.219806532
2524,0.269993296
2525,0.331002778
2526,0.385691026
2527,0.369983718
2528,0.304376975
2529,0.273632794
2530,0.251604252
2531,0.235992721
2532,0.237620918
2533,0.241451968
2534,0.281773776
2535,0.310602433
2536,0.36711043
2537,0.467867063
2538,0.487501197
2539,0.447945599
2540,0.323532229
2541,0.272770807
2542,0.242409731
2543,0.230150369
2544,0.209271143
2545,0.202279475
2546,0.204482329
2547,0.234172972
2548,0.306100948
2549,0.405133608
2550,0.379082463
2551,0.371420362
2552,0.30399387
2553,0.268269323
2554,0.249592951
2555,0.24269706
2556,0.25064649
2557,0.261086103
2558,0.275165214
2559,0.311081314
2560,0.362130064
2561,0.462695144
2562,0.494971746
2563,0.418446509
2564,0.328416818
2565,0.280432909
2566,0.229958816
2567,0.202949909
2568,0.196820228
2569,0.195958242
2570,0.198448424
2571,0.207259841
2572,0.233981419
2573,0.343070587
2574,0.387702327
2575,0.341825496
2576,0.309070012
2577,0.269227086
2578,0.235992721
2579,0.226702423
2580,0.228426396
2581,0.236950484
2582,0.263097404
2583,0.304472752
2584,0.3535102
2585,0.449094914
2586,0.479647543
2587,0.387510775
2588,0.298343071
2589,0.242601283
2590,0.228713725
2591,0.212144431
2592,0.197873767
2593,0.191360981
2594,0.193468059
2595,0.195766689
2596,0.24652811
2597,0.349870702
2598,0.400919452
2599,0.341155062
2600,0.295852888
2601,0.265587587
2602,0.230054592
2603,0.226223542
2604,0.224691122
2605,0.227181304
2606,0.267503113
2607,0.308686907
2608,0.381285317
2609,0.464993775
2610,0.506848003
2611,0.450052677
2612,0.330045015
2613,0.268556652
2614,0.2760272
2615,0.234364524
2616,0.206493631
2617,0.185805957
2618,0.186955272
2619,0.203333014
2620,0.240206877
2621,0.285509051
2622,0.337515564
2623,0.321904032
2624,0.284455512
2625,0.251508476
2626,0.230341921
2627,0.220860071
2628,0.218178335
2629,0.216645915
2630,0.232736328
2631,0.253998659
2632,0.333205632
2633,0.444114548
2634,0.47562494
2635,0.433100278
2636,0.340197299
2637,0.279762475
2638,0.261373432
2639,0.253136673
2640,0.222392491
2641,0.2154966
2642,0.218178335
2643,0.239249114
2644,0.248922517
2645,0.255435303
2646,0.272675031
2647,0.284551288
2648,0.269227086
2649,0.241164639
2650,0.213293746
2651,0.214634614
2652,0.212623312
2653,0.213293746
2654,0.220955847
2655,0.243559046
2656,0.30399387
2657,0.382626185
2658,0.423331099
2659,0.428215688
2660,0.369600613
2661,0.305526291
2662,0.250359161
2663,0.229192606
2664,0.227468633
2665,0.221530505
2666,0.230246145
2667,0.242505507
2668,0.256105737
2669,0.271142611
2670,0.298534623
2671,0.306771382
2672,0.29757686
2673,0.242026626
2674,0.225457332
2675,0.217507902
2676,0.21856144
2677,0.217220573
2678,0.243175941
2679,0.290489417
2680,0.346518533
2681,0.420553587
2682,0.466238866
2683,0.443922996
2684,0.383967053
2685,0.294128915
2686,0.235034958
2687,0.232353223
2688,0.227851738
2689,0.226127766
2690,0.231012355
2691,0.246911215
2692,0.30092903
2693,0.366248444
2694,0.454362609
2695,0.462982473
2696,0.469782588
2697,0.431855186
2698,0.372090796
2699,0.370941481
2700,0.406761804
2701,0.439804616
2702,0.443348338
2703,0.441815918
2704,0.471219232
2705,0.541519012
2706,0.563930658
2707,0.481754621
2708,0.383488172
2709,0.365673786
2710,0.320563164
2711,0.310889762
2712,0.297481084
2713,0.296906427
2714,0.315678575
2715,0.323723781
2716,0.37352744
2717,0.47409252
2718,0.523513073
2719,0.495259075
2720,0.477732018
2721,0.438655301
2722,0.406282923
2723,0.408006896
2724,0.419404272
2725,0.450818887
2726,0.472751652
2727,0.452830189
2728,0.474475625
2729,0.572358969
2730,0.589598697
2731,0.545733167
2732,0.464706446
2733,0.445072311
2734,0.424480414
2735,0.420840916
2736,0.418063404
2737,0.41097596
2738,0.41892539
2739,0.424288861
2740,0.444401877
2741,0.491044919
2742,0.487405421
2743,0.471315008
2744,0.445742745
2745,0.424288861
2746,0.383488172
2747,0.369504837
2748,0.370462599
2749,0.392874246
2750,0.415381668
2751,0.437218657
2752,0.471698113
2753,0.563643329
2754,0.607317307
2755,0.580595728
2756,0.475433388
2757,0.432142515
2758,0.39660952
2759,0.405516713
2760,0.394119337
2761,0.377645819
2762,0.378507806
2763,0.407432238
2764,0.477540465
2765,0.533569581
2766,0.570060339
2767,0.557034767
2768,0.502154966
2769,0.449382243
2770,0.441145484
2771,0.428598793
2772,0.432334068
2773,0.44765827
2774,0.471985442
2775,0.473996744
2776,0.4971746
2777,0.571401207
2778,0.583660569
2779,0.578584427
2780,0.511157935
2781,0.469782588
2782,0.471698113
2783,0.456852792
2784,0.420362034
2785,0.417967628
2786,0.435782013
2787,0.465185327
2788,0.488842065
2789,0.532228714
2790,0.530504741
2791,0.465759985
2792,0.431184752
2793,0.413466143
2794,0.409539316
2795,0.400536347
2796,0.401877215
2797,0.408198448
2798,0.436069342
2799,0.439900393
2800,0.484627909
2801,0.56977301
2802,0.603869361
2803,0.566229288
2804,0.491044919
2805,0.445838521
2806,0.436739776
2807,0.42610861
2808,0.388276985
2809,0.380423331
2810,0.389330524
2811,0.406378699
2812,0.421415573
2813,0.429173451
2814,0.447370941
2815,0.44459343
2816,0.404271621
2817,0.398237717
2818,0.400440571
2819,0.377166938
2820,0.369792166
2821,0.381093765
2822,0.382626185
2823,0.394502442
2824,0.445742745
2825,0.516904511
2826,0.562972895
2827,0.540657025
2828,0.480701082
2829,0.437984867
2830,0.38636146
2831,0.368163969
2832,0.349104492
2833,0.348625611
2834,0.36557801
2835,0.374676755
2836,0.406761804
2837,0.504262044
2838,0.551958625
2839,0.547936021
2840,0.530983622
2841,0.505411359
2842,0.403122306
2843,0.37659228
2844,0.405804042
2845,0.395747534
2846,0.418254956
2847,0.428694569
2848,0.472272771
2849,0.546786706
2850,0.594195958
2851,0.556938991
2852,0.451106216
2853,0.393161575
2854,0.368451298
2855,0.345273441
2856,0.339335313
2857,0.334450723
2858,0.342687482
2859,0.385212144
2860,0.461737381
2861,0.546212049
2862,0.581361939
2863,0.509817067
2864,0.493918207
2865,0.414615458
2866,0.363854037
2867,0.360789196
2868,0.377933148
2869,0.391629154
2870,0.48357437
2871,0.470357245
2872,0.499569007
2873,0.554257255
2874,0.580499952
2875,0.544966957
2876,0.42227756
2877,0.386074131
2878,0.378028924
2879,0.372665454
2880,0.358969447
2881,0.345273441
2882,0.341633943
2883,0.366248444
2884,0.381955751
2885,0.390000958
2886,0.393927785
2887,0.377454267
2888,0.364907576
2889,0.349104492
2890,0.329949239
2891,0.32554353
2892,0.324202663
2893,0.338569103
2894,0.350349583
2895,0.370462599
2896,0.418350733
2897,0.518245379
2898,0.576381573
2899,0.579159084
2900,0.51795805
2901,0.444114548
2902,0.41739297
2903,0.338281774
2904,0.326692846
2905,0.316923666
2906,0.318551863
2907,0.331673211
2908,0.369313284
2909,0.498611244
2910,0.549659994
2911,0.519394694
2912,0.477540465
2913,0.410688631
2914,0.338760655
2915,0.33531271
2916,0.407719567
2917,0.456182358
2918,0.474954506
2919,0.453979504
2920,0.458768317
2921,0.546403601
2922,0.578871756
2923,0.508667752
2924,0.393257351
2925,0.341442391
2926,0.332152093
2927,0.319796954
2928,0.31452926
2929,0.310889762
2930,0.303419213
2931,0.310793985
2932,0.360501868
2933,0.429843885
2934,0.505986017
2935,0.506752227
2936,0.534240015
2937,0.510391725
2938,0.396226415
2939,0.396513744
2940,0.482137726
2941,0.496121061
2942,0.500143664
2943,0.470069917
2944,0.463365578
2945,0.521405996
2946,0.573604061
2947,0.513169237
2948,0.398046164
2949,0.353797529
2950,0.373144335
2951,0.361555407
2952,0.324585768
2953,0.314146155
2954,0.314433483
2955,0.360789196
2956,0.376113399
2957,0.427928359
2958,0.516329853
2959,0.511253711
2960,0.486543435
2961,0.44124126
2962,0.382338856
2963,0.325926635
2964,0.318168758
2965,0.320275836
2966,0.351307346
2967,0.371611915
2968,0.417488746
2969,0.539124605
2970,0.553299492
2971,0.523704626
2972,0.420553587
2973,0.384829039
2974,0.373048559
2975,0.346518533
2976,0.313571497
2977,0.307537592
2978,0.308399579
2979,0.313475721
2980,0.324202663
2981,0.345943875
2982,0.382913514
2983,0.384445934
2984,0.38224308
2985,0.375155636
2986,0.364907576
2987,0.343070587
2988,0.332535198
2989,0.348625611
2990,0.393065798
2991,0.405420937
2992,0.438655301
2993,0.5084762
2994,0.574082942
2995,0.577435112
2996,0.45407528
2997,0.391533378
2998,0.337132459
2999,0.322287137
3000,0.308208026
3001,0.305909396
3002,0.312805287
3003,0.317689876
3004,0.344315679
3005,0.436260895
3006,0.538933052
3007,0.534527344
3008,0.475337611
3009,0.400632123
3010,0.352456661
3011,0.340771957
3012,0.337802892
3013,0.345848099
3014,0.363854037
3015,0.385403697
3016,0.428024136
3017,0.528493439
3018,0.56029116
3019,0.509529739
3020,0.416243655
3021,0.36222584
3022,0.323723781
3023,0.299683938
3024,0.294224691
3025,0.287903458
3026,0.293075376
3027,0.306675606
3028,0.334929604
3029,0.446317403
3030,0.497845034
3031,0.438463749
3032,0.393832008
3033,0.367014654
3034,0.330715449
3035,0.339431089
3036,0.346422756
3037,0.358682119
3038,0.374868308
3039,0.401206781
3040,0.474762954
3041,0.555598123
3042,0.579733742
3043,0.573508285
3044,0.434632698
3045,0.36711043
3046,0.328512595
3047,0.297481084
3048,0.286179485
3049,0.284359736
3050,0.289818983
3051,0.321329375
3052,0.393353127
3053,0.46049229
3054,0.495163299
3055,0.486543435
3056,0.443444115
3057,0.404175845
3058,0.336174696
3059,0.318168758
3060,0.341921272
3061,0.381093765
3062,0.384445934
3063,0.402739201
3064,0.433674935
3065,0.512019921
3066,0.528780768
3067,0.491332248
3068,0.396226415
3069,0.348529834
3070,0.311368643
3071,0.299875491
3072,0.292309166
3073,0.290968298
3074,0.312996839
3075,0.314050378
3076,0.352935543
3077,0.468345944
3078,0.539699263
3079,0.534431568
3080,0.48769275
3081,0.410688631
3082,0.367589311
3083,0.348721387
3084,0.340867733
3085,0.342304377
3086,0.364141366
3087,0.408198448
3088,0.451201992
3089,0.513648118
3090,0.526482138
3091,0.448232928
3092,0.392012259
3093,0.364428695
3094,0.331768988
3095,0.320084283
3096,0.308591131
3097,0.303610765
3098,0.310315104
3099,0.32401111
3100,0.371516138
3101,0.489704051
3102,0.543721866
3103,0.491619577
3104,0.4556077
3105,0.41020975
3106,0.366056891
3107,0.34967915
3108,0.342879035
3109,0.346901638
3110,0.384062829
3111,0.401015228
3112,0.435303132
3113,0.497366153
3114,0.550330428
3115,0.543817642
3116,0.442390576
3117,0.385403697
3118,0.393832008
3119,0.376113399
3120,0.35762858
3121,0.358011685
3122,0.363087827
3123,0.360884973
3124,0.392012259
3125,0.451489321
3126,0.518628484
3127,0.510870606
3128,0.461737381
3129,0.381859975
3130,0.349296044
3131,0.319988507
3132,0.318264534
3133,0.326501293
3134,0.3478594
3135,0.369792166
3136,0.423618427
3137,0.509625515
3138,0.540465473
3139,0.524183507
3140,0.417201417
3141,0.377933148
3142,0.3648118
3143,0.34249593
3144,0.321137822
3145,0.312805287
3146,0.330811225
3147,0.339431089
3148,0.345369218
3149,0.370079494
3150,0.403888516
3151,0.428598793
3152,0.450531558
3153,0.453213294
3154,0.428981898
3155,0.387319222
3156,0.360310315
3157,0.357532803
3158,0.37352744
3159,0.395939086
3160,0.419116943
3161,0.515946748
3162,0.540082368
3163,0.55952495
3164,0.499090125
3165,0.411550618
3166,0.35839479
3167,0.345273441
3168,0.331768988
3169,0.32171248
3170,0.325447754
3171,0.332918303
3172,0.417009865
3173,0.52284264
3174,0.606838425
3175,0.590939565
3176,0.550043099
3177,0.51795805
3178,0.434728474
3179,0.405229384
3180,0.442199023
3181,0.443061009
3182,0.478689781
3183,0.505507135
3184,0.490853367
3185,0.543530313
3186,0.552724835
3187,0.553586821
3188,0.471698113
3189,0.407719567
3190,0.356479264
3191,0.347284743
3192,0.346614309
3193,0.342879035
3194,0.359256776
3195,0.356191936
3196,0.384254382
3197,0.471219232
3198,0.567378604
3199,0.546595154
3200,0.517862274
3201,0.468537496
3202,0.450723111
3203,0.438463749
3204,0.43894263
3205,0.421990231
3206,0.431855186
3207,0.453021741
3208,0.486639211
3209,0.523800402
3210,0.526961019
3211,0.499377454
3212,0.441432813
3213,0.37582607
3214,0.348721387
3215,0.343549468
3216,0.339431089
3217,0.328033713
3218,0.338185998
3219,0.35762858
3220,0.389330524
3221,0.529355426
3222,0.580691505
3223,0.589311369
3224,0.547936021
3225,0.518053826
3226,0.460013409
3227,0.426970597
3228,0.441049708
3229,0.456661239
3230,0.496025285
3231,0.511445264
3232,0.523513073
3233,0.61210612
3234,0.607604636
3235,0.579829518
3236,0.462407815
3237,0.401781439
3238,0.365482234
3239,0.329183028
3240,0.318551863
3241,0.30964467
3242,0.300737477
3243,0.309453118
3244,0.358586342
3245,0.480126425
3246,0.552150177
3247,0.514893209
3248,0.46997414
3249,0.446508955
3250,0.398237717
3251,0.376400728
3252,0.376688057
3253,0.398908151
3254,0.422469112
3255,0.43252562
3256,0.506752227
3257,0.590748013
3258,0.608083517
3259,0.553491045
3260,0.464514893
3261,0.408102672
3262,0.339047984
3263,0.312613734
3264,0.301216359
3265,0.300737477
3266,0.30169524
3267,0.311368643
3268,0.407815343
3269,0.536634422
3270,0.537687961
3271,0.534048463
3272,0.452830189
3273,0.414136577
3274,0.378795135
3275,0.377837372
3276,0.39660952
3277,0.40149411
3278,0.434345369
3279,0.450340006
3280,0.48845896
3281,0.564792644
3282,0.574753376
3283,0.500718322
3284,0.417680299
3285,0.379082463
3286,0.325160425
3287,0.314912365
3288,0.319413849
3289,0.313475721
3290,0.306292501
3291,0.306388277
3292,0.327459056
3293,0.399961689
3294,0.48127574
3295,0.499281678
3296,0.464706446
3297,0.4196916
3298,0.363470932
3299,0.33042812
3300,0.319892731
3301,0.319892731
3302,0.34709319
3303,0.372378125
3304,0.416818312
3305,0.502154966
3306,0.524470836
3307,0.479934872
3308,0.409156211
3309,0.380806436
3310,0.323340676
3311,0.313284168
3312,0.301791016
3313,0.295374006
3314,0.306675606
3315,0.31529547
3316,0.325830859
3317,0.349008716
3318,0.377645819
3319,0.449956901
3320,0.499185902
3321,0.497749258
3322,0.441145484
3323,0.36940906
3324,0.384445934
3325,0.370941481
3326,0.397184178
3327,0.415573221
3328,0.437505986
3329,0.493822431
3330,0.566995499
3331,0.586150752
3332,0.508571976
3333,0.417776075
3334,0.362992051
3335,0.342017048
3336,0.334067618
3337,0.331673211
3338,0.337228235
3339,0.344507231
3340,0.413178814
3341,0.527344124
3342,0.613830093
3343,0.637007949
3344,0.58107461
3345,0.535293554
3346,0.446604731
3347,0.423426875
3348,0.424767743
3349,0.424001532
3350,0.44382722
3351,0.480126425
3352,0.519107365
3353,0.561153146
3354,0.569677234
3355,0.537496408
3356,0.464036012
3357,0.441145484
3358,0.390384063
3359,0.375730294
3360,0.372378125
3361,0.371611915
3362,0.385307921
3363,0.389617853
3364,0.416435207
3365,0.540752801
3366,0.614117422
3367,0.599463653
3368,0.567187051
3369,0.520927114
3370,0.457235897
3371,0.449478019
3372,0.451393545
3373,0.465759985
3374,0.484149028
3375,0.505219807
3376,0.547361364
3377,0.615937171
3378,0.632602241
3379,0.589311369
3380,0.502346519
3381,0.444018772
3382,0.408006896
3383,0.38712767
3384,0.38147687
3385,0.372952782
3386,0.387223446
3387,0.398525045
3388,0.467388181
3389,0.53385691
3390,0.596590365
3391,0.571592759
3392,0.528397663
3393,0.489799828
3394,0.4309932
3395,0.416052102
3396,0.425629729
3397,0.44535964
3398,0.487405421
3399,0.509625515
3400,0.56182358
3401,0.601091849
3402,0.599367877
3403,0.571880088
3404,0.487788526
3405,0.451585097
3406,0.413753472
3407,0.397279954
3408,0.39095872
3409,0.384062829
3410,0.388755866
3411,0.419595824
3412,0.483382818
3413,0.570922325
3414,0.611627239
3415,0.599176324
3416,0.563356
3417,0.535197778
3418,0.478115123
3419,0.448616033
3420,0.442486352
3421,0.46279092
3422,0.496216837
3423,0.527535677
3424,0.567570156
3425,0.637007949
3426,0.647639115
3427,0.628196533
3428,0.566229288
3429,0.487884302
3430,0.436931328
3431,0.409251987
3432,0.40379274
3433,0.404846279
3434,0.405229384
3435,0.414040801
3436,0.483382818
3437,0.578009769
3438,0.648117996
3439,0.627909204
3440,0.558950292
3441,0.503783163
3442,0.474475625
3443,0.469303707
3444,0.470453022
3445,0.478210899
3446,0.528589216
3447,0.556555885
3448,0.590939565
3449,0.641317881
3450,0.656642084
3451,0.641126329
3452,0.564696868
3453,0.501580308
3454,0.475433388
3455,0.461066948
3456,0.425629729
3457,0.417776075
3458,0.42380998
3459,0.438463749
3460,0.487118092
3461,0.579063308
3462,0.629537401
3463,0.599367877
3464,0.581745044
3465,0.538071066
3466,0.449765348
3467,0.43405804
3468,0.424384637
3469,0.435015803
3470,0.460300737
3471,0.482233503
3472,0.535485107
3473,0.592376209
3474,0.636624844
3475,0.622066852
3476,0.568911024
3477,0.506943779
3478,0.462120487
3479,0.442103247
3480,0.433770712
3481,0.43022699
3482,0.436835552
3483,0.456661239
3484,0.451489321
3485,0.46767551
3486,0.496121061
3487,0.591418447
3488,0.629728953
3489,0.605306005
3490,0.585192989
3491,0.514222776
3492,0.488842065
3493,0.49870702
3494,0.538071066
3495,0.542955656
3496,0.563834882
3497,0.651565942
3498,0.66392108
3499,0.660952016
3500,0.620917537
3501,0.519586247
3502,0.474762954
3503,0.444976535
3504,0.441911694
3505,0.434153817
3506,0.440666603
3507,0.449573796
3508,0.51719184
3509,0.600229863
3510,0.659611148
3511,0.683555215
3512,0.662005555
3513,0.667943684
3514,0.634326214
3515,0.582894359
3516,0.581170386
3517,0.600900297
3518,0.609711713
3519,0.586821186
3520,0.628866967
3521,0.646106695
3522,0.661526674
3523,0.634326214
3524,0.564505316
3525,0.507135332
3526,0.4971746
3527,0.486447658
3528,0.462695144
3529,0.470740351
3530,0.478019347
3531,0.468058615
3532,0.524087731
3533,0.610765252
3534,0.680490374
3535,0.680203046
3536,0.633368451
3537,0.585288765
3538,0.55157552
3539,0.530983622
3540,0.544296523
3541,0.543626089
3542,0.57619002
3543,0.605306005
3544,0.643903841
3545,0.676850876
3546,0.68393832
3547,0.653194138
3548,0.588162053
3549,0.564984197
3550,0.501580308
3551,0.48204195
3552,0.47639115
3553,0.475529164
3554,0.488171631
3555,0.515276315
3556,0.555789675
3557,0.639977014
3558,0.668422565
3559,0.657120965
3560,0.622545733
3561,0.615554066
3562,0.574370271
3563,0.559620726
3564,0.568719471
3565,0.571880088
3566,0.587683172
3567,0.617373815
3568,0.6464898
3569,0.682980557
3570,0.679436836
3571,0.64572359
3572,0.566037736
3573,0.537783737
3574,0.480317977
3575,0.464706446
3576,0.458864093
3577,0.455990805
3578,0.477923571
3579,0.494780193
3580,0.546403601
3581,0.639019251
3582,0.695814577
3583,0.639115027
3584,0.564313763
3585,0.562206685
3586,0.512786132
3587,0.498036587
3588,0.507135332
3589,0.541614788
3590,0.57312518
3591,0.599463653
3592,0.636050187
3593,0.688152476
3594,0.701082272
3595,0.660760464
3596,0.544583852
3597,0.506177569
3598,0.460779619
3599,0.436165118
3600,0.440379274
3601,0.436260895
3602,0.44382722
3603,0.461737381
3604,0.513265013
3605,0.650799732
3606,0.681448137
3607,0.665645053
3608,0.620725984
3609,0.537783737
3610,0.505507135
3611,0.492290011
3612,0.498228139
3613,0.50512403
3614,0.519203141
3615,0.549947323
3616,0.591897328
3617,0.660568911
3618,0.668997222
3619,0.672828273
3620,0.578680203
3621,0.539699263
3622,0.547265588
3623,0.522363758
3624,0.492673116
3625,0.487309645
3626,0.505507135
3627,0.475816493
3628,0.488267407
3629,0.577435112
3630,0.57389139
3631,0.565558855
3632,0.504645149
3633,0.466334642
3634,0.447562494
3635,0.448999138
3636,0.455895029
3637,0.453979504
3638,0.470740351
3639,0.500526769
3640,0.548319127
3641,0.625802126
3642,0.655301216
3643,0.658653386
3644,0.595824155
3645,0.560099607
3646,0.584331003
3647,0.56747438
3648,0.537687961
3649,0.507135332
3650,0.472081218
3651,0.468058615
3652,0.478498228
3653,0.485106791
3654,0.500526769
3655,0.527152572
3656,0.536634422
3657,0.524853941
3658,0.503112729
3659,0.463652907
3660,0.468058615
3661,0.483957475
3662,0.516808735
3663,0.548510679
3664,0.610382147
3665,0.646394024
3666,0.690163777
3667,0.693228618
3668,0.674264917
3669,0.600517192
3670,0.557322096
3671,0.535102002
3672,0.524279284
3673,0.481754621
3674,0.490949143
3675,0.50205919
3676,0.581553491
3677,0.619193564
3678,0.652715257
3679,0.652332152
3680,0.634900872
3681,0.588066277
3682,0.523225745
3683,0.511445264
3684,0.537113303
3685,0.557992529
3686,0.592759314
3687,0.618044249
3688,0.638253041
3689,0.68882291
3690,0.697442774
3691,0.666890145
3692,0.617948472
3693,0.556077004
3694,0.538933052
3695,0.533473805
3696,0.529163873
3697,0.530983622
3698,0.538358395
3699,0.546403601
3700,0.580116847
3701,0.68882291
3702,0.723206589
3703,0.686907384
3704,0.618714683
3705,0.587395843
3706,0.554927689
3707,0.543051432
3708,0.560865817
3709,0.576477349
3710,0.641030553
3711,0.653194138
3712,0.676563548
3713,0.716693803
3714,0.728665837
3715,0.716693803
3716,0.631452926
3717,0.575136481
3718,0.546403601
3719,0.539795039
3720,0.513839671
3721,0.507422661
3722,0.51795805
3723,0.526961019
3724,0.592184657
3725,0.683363662
3726,0.759793123
3727,0.730102481
3728,0.673786036
3729,0.644191169
3730,0.578297098
3731,0.55310794
3732,0.572646298
3733,0.580499952
3734,0.61775692
3735,0.643712288
3736,0.691983526
3737,0.738913897
3738,0.737860358
3739,0.701944258
3740,0.606838425
3741,0.549755771
3742,0.517287616
3743,0.517670721
3744,0.517096064
3745,0.503208505
3746,0.538262619
3747,0.539028829
3748,0.569198353
3749,0.635283977
3750,0.743032277
3751,0.712000766
3752,0.661047792
3753,0.643712288
3754,0.573604061
3755,0.557322096
3756,0.630112058
3757,0.644670051
3758,0.646106695
3759,0.678862178
3760,0.688152476
3761,0.712766976
3762,0.67828752
3763,0.671774734
3764,0.627909204
3765,0.585863423
3766,0.548510679
3767,0.541423235
3768,0.507614213
3769,0.506369122
3770,0.50435782
3771,0.505986017
3772,0.579637966
3773,0.685853845
3774,0.744085816
3775,0.683746768
3776,0.655780098
3777,0.633464228
3778,0.593238196
3779,0.593525524
3780,0.611052581
3781,0.623503496
3782,0.619768221
3783,0.633368451
3784,0.657216742
3785,0.68623695
3786,0.685566517
3787,0.642275644
3788,0.587108515
3789,0.557992529
3790,0.598601667
3791,0.576668901
3792,0.540657025
3793,0.536730198
3794,0.518245379
3795,0.503687386
3796,0.512690355
3797,0.551862848
3798,0.578105545
3799,0.578584427
3800,0.560482712
3801,0.529259649
3802,0.511828369
3803,0.511924145
3804,0.496695719
3805,0.50435782
3806,0.515084762
3807,0.559237621
3808,0.636241739
3809,0.700411838
3810,0.687194713
3811,0.685279188
3812,0.637007949
3813,0.618140025
3814,0.587108515
3815,0.556460109
3816,0.548031798
3817,0.55464036
3818,0.546978259
3819,0.533186476
3820,0.536442869
3821,0.561727804
3822,0.579254861
3823,0.57695623
3824,0.580499952
3825,0.572071641
3826,0.556747438
3827,0.54592472
3828,0.530696293
3829,0.535485107
3830,0.576381573
3831,0.621971076
3832,0.656067426
3833,0.727516521
3834,0.707403505
3835,0.68882291
3836,0.66803946
3837,0.621875299
3838,0.563260224
3839,0.552150177
3840,0.53950771
3841,0.536347093
3842,0.533569581
3843,0.520544009
3844,0.556077004
3845,0.63365578
3846,0.680394598
3847,0.697059669
3848,0.681352361
3849,0.649458864
3850,0.63365578
3851,0.612010344
3852,0.607221531
3853,0.621300642
3854,0.64878843
3855,0.651661718
3856,0.662580213
3857,0.686907384
3858,0.682022795
3859,0.676084666
3860,0.611818791
3861,0.566995499
3862,0.501101427
3863,0.482233503
3864,0.460875395
3865,0.459438751
3866,0.476486927
3867,0.481371516
3868,0.501197203
3869,0.572358969
3870,0.634996648
3871,0.644574274
3872,0.619002011
3873,0.590460684
3874,0.540082368
3875,0.526386361
3876,0.560482712
3877,0.605880663
3878,0.634613543
3879,0.689493344
3880,0.717460013
3881,0.735274399
3882,0.707403505
3883,0.681735466
3884,0.620342879
3885,0.592567762
3886,0.524279284
3887,0.507518437
3888,0.500335217
3889,0.501580308
3890,0.513935447
3891,0.518053826
3892,0.543147208
3893,0.588832487
3894,0.64237142
3895,0.636816397
3896,0.628100757
3897,0.618331577
3898,0.60645532
3899,0.563068672
3900,0.607796188
3901,0.617565367
3902,0.643808064
3903,0.638731922
3904,0.6521406
3905,0.6711043
3906,0.682310124
3907,0.653002586
3908,0.593812853
3909,0.574082942
3910,0.581170386
3911,0.556555885
3912,0.529738531
3913,0.527056795
3914,0.527248348
3915,0.535676659
3916,0.550043099
3917,0.617278039
3918,0.666411263
3919,0.649937745
3920,0.613159659
3921,0.603582032
3922,0.565846183
3923,0.552916387
3924,0.578680203
3925,0.591131118
3926,0.621587971
3927,0.625514797
3928,0.648309549
3929,0.697825879
3930,0.689110238
3931,0.656929413
3932,0.594579063
3933,0.565846183
3934,0.572167417
3935,0.578392874
3936,0.550234652
3937,0.545062733
3938,0.539603486
3939,0.540561249
3940,0.558950292
3941,0.616703381
3942,0.677233981
3943,0.663825304
3944,0.636624844
3945,0.603486256
3946,0.563451777
3947,0.548606455
3948,0.564026434
3949,0.649841969
3950,0.674839575
3951,0.669380328
3952,0.690929988
3953,0.761995977
3954,0.746863327
3955,0.677138205
3956,0.613446988
3957,0.60185806
3958,0.579637966
3959,0.577626664
3960,0.569389905
3961,0.558184082
3962,0.530887846
3963,0.518149603
3964,0.545828944
3965,0.569102576
3966,0.6162245
3967,0.632219136
3968,0.620630208
3969,0.607221531
3970,0.562015133
3971,0.546978259
3972,0.538358395
3973,0.534814673
3974,0.554353031
3975,0.598601667
3976,0.652427928
3977,0.713628963
3978,0.697730102
3979,0.69523992
3980,0.647926444
3981,0.581745044
3982,0.56747438
3983,0.546882483
3984,0.535868212
3985,0.531845609
3986,0.535293554
3987,0.54104013
3988,0.541902117
3989,0.547936021
3990,0.55540657
3991,0.588832487
3992,0.582990135
3993,0.575711139
3994,0.570922325
3995,0.551192415
3996,0.552054401
3997,0.564313763
3998,0.591418447
3999,0.602815822
4000,0.628292309
4001,0.706637295
4002,0.732879992
4003,0.722631932
4004,0.697251221
4005,0.647351786
4006,0.573029403
4007,0.534814673
4008,0.522459535
4009,0.519298918
4010,0.521693324
4011,0.530983622
4012,0.599463653
4013,0.630303611
4014,0.660760464
4015,0.678191744
4016,0.627430323
4017,0.606838425
4018,0.571305431
4019,0.565175749
4020,0.607700412
4021,0.627813428
4022,0.655396993
4023,0.682118571
4024,0.737956134
4025,0.756057849
4026,0.751939469
4027,0.718992434
4028,0.639498132
4029,0.594387511
4030,0.554448808
4031,0.530887846
4032,0.520639785
4033,0.519969352
4034,0.523129968
4035,0.54898956
4036,0.60568911
4037,0.65290681
4038,0.713820515
4039,0.681065032
4040,0.640264342
4041,0.618044249
4042,0.597165023
4043,0.593717077
4044,0.64802222
4045,0.654151901
4046,0.642562973
4047,0.678670625
4048,0.713341634
4049,0.757877598
4050,0.760942438
4051,0.708073939
4052,0.613925869
4053,0.573795613
4054,0.529451202
4055,0.515850972
4056,0.506560674
4057,0.504740925
4058,0.505315583
4059,0.509817067
4060,0.560865817
4061,0.596494589
4062,0.681927018
4063,0.690451106
4064,0.637869936
4065,0.619097788
4066,0.589119816
4067,0.592567762
4068,0.594962168
4069,0.596877694
4070,0.662580213
4071,0.700986496
4072,0.719950196
4073,0.759697347
4074,0.745809788
4075,0.706158414
4076,0.622258404
4077,0.576477349
4078,0.559333397
4079,0.531270951
4080,0.531654056
4081,0.516904511
4082,0.516138301
4083,0.538933052
4084,0.583947898
4085,0.628196533
4086,0.653481467
4087,0.629250072
4088,0.60980749
4089,0.588832487
4090,0.594579063
4091,0.599080548
4092,0.596781917
4093,0.608083517
4094,0.662197108
4095,0.691600421
4096,0.713150081
4097,0.771286275
4098,0.735465952
4099,0.653481467
4100,0.586438081
4101,0.56747438
4102,0.537783737
4103,0.521118667
4104,0.518053826
4105,0.496504166
4106,0.500526769
4107,0.50359161
4108,0.546786706
4109,0.607604636
4110,0.640743224
4111,0.650703956
4112,0.636529068
4113,0.606072215
4114,0.57312518
4115,0.557705201
4116,0.567857485
4117,0.589311369
4118,0.629250072
4119,0.674264917
4120,0.676563548
4121,0.674743798
4122,0.674360693
4123,0.619672445
4124,0.56747438
4125,0.537113303
4126,0.576668901
4127,0.551288191
4128,0.539795039
4129,0.526290585
4130,0.51642563
4131,0.518149603
4132,0.547936021
4133,0.574274495
4134,0.623216167
4135,0.654343454
4136,0.621204865
4137,0.590939565
4138,0.556460109
4139,0.547074035
4140,0.537783737
4141,0.530696293
4142,0.553395269
4143,0.570634997
4144,0.612776554
4145,0.638157265
4146,0.65032085
4147,0.628866967
4148,0.572167417
4149,0.562015133
4150,0.501867637
4151,0.485202567
4152,0.487788526
4153,0.487213868
4154,0.49410976
4155,0.485777224
4156,0.490470261
4157,0.51642563
4158,0.551192415
4159,0.569868787
4160,0.580691505
4161,0.56824059
4162,0.532707595
4163,0.503304281
4164,0.501484532
4165,0.501005651
4166,0.529163873
4167,0.566516617
4168,0.576285796
4169,0.687482042
4170,0.653098362
4171,0.658844938
4172,0.647926444
4173,0.585863423
4174,0.517574945
4175,0.500526769
4176,0.473134757
4177,0.473038981
4178,0.476486927
4179,0.491140695
4180,0.520352457
4181,0.575711139
4182,0.649650417
4183,0.651565942
4184,0.614500527
4185,0.598218561
4186,0.539795039
4187,0.536155541
4188,0.568719471
4189,0.573604061
4190,0.595057945
4191,0.598027009
4192,0.627142994
4193,0.679628388
4194,0.681065032
4195,0.646585576
4196,0.569868787
4197,0.529930083
4198,0.503016952
4199,0.482520831
4200,0.472751652
4201,0.473134757
4202,0.494013983
4203,0.499185902
4204,0.53079207
4205,0.615937171
4206,0.645915142
4207,0.651087061
4208,0.596303036
4209,0.58184082
4210,0.546499377
4211,0.541710564
4212,0.55464036
4213,0.571688536
4214,0.614596303
4215,0.671487405
4216,0.710276793
4217,0.73575328
4218,0.742840724
4219,0.714874054
4220,0.591801552
4221,0.526482138
4222,0.559046068
4223,0.533761134
4224,0.493918207
4225,0.479647543
4226,0.499473231
4227,0.513456565
4228,0.567378604
4229,0.614883632
4230,0.701848482
4231,0.69830476
4232,0.6464898
4233,0.62647256
4234,0.586438081
4235,0.579542189
4236,0.610382147
4237,0.610190595
4238,0.659706925
4239,0.687769371
4240,0.725122115
4241,0.740542094
4242,0.740829422
4243,0.717172685
4244,0.623790825
4245,0.563260224
4246,0.499856336
4247,0.491715353
4248,0.480892635
4249,0.476582703
4250,0.483287041
4251,0.49564218
4252,0.572933627
4253,0.566516617
4254,0.612010344
4255,0.604539795
4256,0.601762283
4257,0.581553491
4258,0.537304856
4259,0.532803371
4260,0.557513648
4261,0.567857485
4262,0.612297673
4263,0.682118571
4264,0.721003735
4265,0.724834786
4266,0.722631932
4267,0.70318935
4268,0.601283402
4269,0.54669093
4270,0.512977684
4271,0.498228139
4272,0.472368547
4273,0.459247199
4274,0.45895987
4275,0.473996744
4276,0.522651087
4277,0.581361939
4278,0.605976439
4279,0.641892539
4280,0.673211378
4281,0.623120391
4282,0.633272675
4283,0.608083517
4284,0.63595441
4285,0.645436261
4286,0.682789005
4287,0.720333301
4288,0.701752706
4289,0.683555215
4290,0.679915717
4291,0.690738435
4292,0.604827124
4293,0.553682597
4294,0.572742075
4295,0.564409539
4296,0.537879513
4297,0.499473231
4298,0.508667752
4299,0.511924145
4300,0.549755771
4301,0.561440475
4302,0.573699837
4303,0.566325065
4304,0.551767072
4305,0.537879513
4306,0.493247773
4307,0.486160329
4308,0.483670147
4309,0.484532133
4310,0.494301312
4311,0.54180634
4312,0.607891964
4313,0.663442199
4314,0.691696198
4315,0.660377358
4316,0.635667082
4317,0.556555885
4318,0.557896753
4319,0.537879513
4320,0.523417297
4321,0.503974715
4322,0.501580308
4323,0.496887271
4324,0.48357437
4325,0.472655876
4326,0.479360215
4327,0.487118092
4328,0.476582703
4329,0.467292405
4330,0.470069917
4331,0.4669093
4332,0.471889666
4333,0.500239441
4334,0.537592185
4335,0.565367302
4336,0.604060914
4337,0.666411263
4338,0.679628388
4339,0.698208984
4340,0.683555215
4341,0.583469016
4342,0.572167417
4343,0.522555311
4344,0.496695719
4345,0.490087156
4346,0.501676085
4347,0.511157935
4348,0.567187051
4349,0.650416627
4350,0.682310124
4351,0.689684896
4352,0.669954985
4353,0.656354755
4354,0.617565367
4355,0.610382147
4356,0.629728953
4357,0.643520736
4358,0.680298822
4359,0.705679533
4360,0.72062063
4361,0.73345465
4362,0.719567091
4363,0.690929988
4364,0.653577244
4365,0.591514223
4366,0.588736711
4367,0.586533857
4368,0.54745714
4369,0.526290585
4370,0.548606455
4371,0.543530313
4372,0.564026434
4373,0.595249497
4374,0.666985921
4375,0.660185806
4376,0.640647448
4377,0.641030553
4378,0.629537401
4379,0.62877119
4380,0.64007279
4381,0.673594483
4382,0.675031127
4383,0.69188775
4384,0.705871085
4385,0.712479648
4386,0.704434441
4387,0.685566517
4388,0.640360119
4389,0.577147783
4390,0.495546404
4391,0.495067522
4392,0.480222201
4393,0.48050953
4394,0.476199598
4395,0.483957475
4396,0.504740925
4397,0.561727804
4398,0.604635571
4399,0.602145388
4400,0.586054976
4401,0.57619002
4402,0.541231683
4403,0.540465473
4404,0.542285222
4405,0.634613543
4406,0.686620056
4407,0.697634326
4408,0.714395173
4409,0.740733646
4410,0.70548798
4411,0.671008524
4412,0.575040705
4413,0.517383392
4414,0.4971746
4415,0.48280816
4416,0.468824825
4417,0.470931903
4418,0.465568432
4419,0.465664208
4420,0.484149028
4421,0.537592185
4422,0.620725984
4423,0.625323245
4424,0.619002011
4425,0.612489225
4426,0.596303036
4427,0.598314338
4428,0.629728953
4429,0.671678958
4430,0.700411838
4431,0.718705105
4432,0.727229193
4433,0.737668806
4434,0.692941289
4435,0.662867541
4436,0.628675414
4437,0.558088306
4438,0.528110334
4439,0.523800402
4440,0.492098458
4441,0.492960444
4442,0.489129394
4443,0.490661814
4444,0.498802797
4445,0.54745714
4446,0.570826549
4447,0.587395843
4448,0.586438081
4449,0.569198353
4450,0.527056795
4451,0.516329853
4452,0.532420266
4453,0.583947898
4454,0.617182262
4455,0.64313763
4456,0.685758069
4457,0.69677234
4458,0.667560578
4459,0.648692654
4460,0.581745044
4461,0.550713533
4462,0.604731348
4463,0.555981228
4464,0.537879513
4465,0.529068097
4466,0.524566612
4467,0.511636816
4468,0.490566038
4469,0.520831338
4470,0.552820611
4471,0.559141845
4472,0.532228714
4473,0.519586247
4474,0.499760559
4475,0.485681448
4476,0.482329279
4477,0.482903936
4478,0.501676085
4479,0.546020496
4480,0.63595441
4481,0.664974619
4482,0.646968681
4483,0.638731922
4484,0.585288765
4485,0.530408965
4486,0.554161479
4487,0.522363758
4488,0.497749258
4489,0.465951537
4490,0.464131788
4491,0.466047313
4492,0.464897998
4493,0.453404846
4494,0.457810555
4495,0.462216263
4496,0.495163299
4497,0.491428024
4498,0.473038981
4499,0.468729049
4500,0.468633273
4501,0.47639115
4502,0.493822431
4503,0.502633847
4504,0.532516043
4505,0.592950867
4506,0.657982952
4507,0.662675989
4508,0.634038885
4509,0.515563643
4510,0.485106791
4511,0.476678479
4512,0.470644574
4513,0.46614309
4514,0.452447084
4515,0.477444689
4516,0.504262044
4517,0.523991955
4518,0.587395843
4519,0.59850589
4520,0.572263193
4521,0.549276889
4522,0.53079207
4523,0.527248348
4524,0.535772436
4525,0.560770041
4526,0.638923475
4527,0.658844938
4528,0.659898477
4529,0.68317211
4530,0.695814577
4531,0.673977588
4532,0.577913993
4533,0.506177569
4534,0.464610669
4535,0.456948568
4536,0.414998563
4537,0.40944354
4538,0.412604157
4539,0.422852217
4540,0.485298343
4541,0.528014558
4542,0.571784312
4543,0.605497558
4544,0.599655205
4545,0.567665932
4546,0.517479169
4547,0.520448233
4548,0.558375635
4549,0.592759314
4550,0.645627813
4551,0.677904415
4552,0.679915717
4553,0.686141174
4554,0.669763433
4555,0.650608179
4556,0.568527919
4557,0.51795805
4558,0.480988411
4559,0.454554161
4560,0.409539316
4561,0.396896849
4562,0.405899818
4563,0.466334642
4564,0.508859305
4565,0.546116272
4566,0.607604636
4567,0.615266737
4568,0.601091849
4569,0.560770041
4570,0.51000862
4571,0.504645149
4572,0.511157935
4573,0.561344699
4574,0.608179293
4575,0.639785461
4576,0.644670051
4577,0.658844938
4578,0.603677809
4579,0.571113878
4580,0.514222776
4581,0.488267407
4582,0.410592855
4583,0.391341825
4584,0.384158605
4585,0.382530409
4586,0.385020592
4587,0.408485777
4588,0.436165118
4589,0.503687386
4590,0.583277464
4591,0.605497558
4592,0.582032372
4593,0.567282827
4594,0.526482138
4595,0.510200172
4596,0.538358395
4597,0.552245953
4598,0.598984772
4599,0.614979408
4600,0.63442199
4601,0.666698592
4602,0.649746193
4603,0.63135715
4604,0.55464036
4605,0.497845034
4606,0.489320946
4607,0.471410784
4608,0.386457236
4609,0.378412029
4610,0.381381094
4611,0.391246049
4612,0.485777224
4613,0.54745714
4614,0.607987741
4615,0.60568911
4616,0.559333397
4617,0.524758165
4618,0.480126425
4619,0.467005076
4620,0.478019347
4621,0.487309645
4622,0.547840245
4623,0.622162628
4624,0.658461833
4625,0.673115602
4626,0.665357724
4627,0.636241739
4628,0.504453596
4629,0.441720142
4630,0.49075759
4631,0.485106791
4632,0.427832583
4633,0.39660952
4634,0.391724931
4635,0.378412029
4636,0.399482808
4637,0.443348338
4638,0.505602912
4639,0.512881908
4640,0.483191265
4641,0.408773106
4642,0.377645819
4643,0.369121732
4644,0.369313284
4645,0.369121732
4646,0.384062829
4647,0.439134183
4648,0.51077483
4649,0.59467484
4650,0.615362513
4651,0.616703381
4652,0.536730198
4653,0.468824825
4654,0.444306101
4655,0.425917058
4656,0.362130064
4657,0.359256776
4658,0.360214539
4659,0.349391821
4660,0.343645245
4661,0.348721387
4662,0.346805862
4663,0.35839479
4664,0.35504262
4665,0.354851068
4666,0.343357916
4667,0.338760655
4668,0.333301408
4669,0.340101523
4670,0.349583373
4671,0.393736232
4672,0.494780193
4673,0.534240015
4674,0.581936596
4675,0.570634997
4676,0.531366727
4677,0.428694569
4678,0.371133033
4679,0.344603007
4680,0.34249593
4681,0.34326214
4682,0.343932574
4683,0.358682119
4684,0.458002107
4685,0.506369122
4686,0.610956805
4687,0.6521406
4688,0.618427354
4689,0.580404176
4690,0.519203141
4691,0.485585672
4692,0.501197203
4693,0.537400632
4694,0.580691505
4695,0.600421416
4696,0.628196533
4697,0.652523705
4698,0.642562973
4699,0.570156115
4700,0.504645149
4701,0.479934872
4702,0.390479839
4703,0.366152667
4704,0.360597644
4705,0.352169332
4706,0.35274399
4707,0.35427641
4708,0.394885547
4709,0.492481563
4710,0.585288765
4711,0.588353606
4712,0.573316732
4713,0.498036587
4714,0.415764773
4715,0.407240686
4716,0.435303132
4717,0.450914663
4718,0.509817067
4719,0.548606455
4720,0.547361364
4721,0.581266162
4722,0.562110909
4723,0.549755771
4724,0.485585672
4725,0.459630304
4726,0.356000383
4727,0.345943875
4728,0.33607892
4729,0.335983143
4730,0.336174696
4731,0.347188967
4732,0.394119337
4733,0.473230533
4734,0.575806915
4735,0.550617757
4736,0.525715928
4737,0.46844172
4738,0.424959295
4739,0.408102672
4740,0.422469112
4741,0.451393545
4742,0.506273345
4743,0.556747438
4744,0.600325639
4745,0.644765827
4746,0.630878268
4747,0.618044249
4748,0.525620151
4749,0.459055646
4750,0.376975385
4751,0.350732688
4752,0.346135428
4753,0.338952208
4754,0.364141366
4755,0.372665454
4756,0.40944354
4757,0.496887271
4758,0.554161479
4759,0.545062733
4760,0.522938416
4761,0.472943205
4762,0.393832008
4763,0.375251413
4764,0.422469112
4765,0.452255531
4766,0.504549373
4767,0.561632028
4768,0.62494014
4769,0.65290681
4770,0.644574274
4771,0.601091849
4772,0.51565942
4773,0.488554736
4774,0.446604731
4775,0.41509434
4776,0.393448903
4777,0.376496504
4778,0.387414999
4779,0.41662676
4780,0.480222201
4781,0.55617278
4782,0.611435686
4783,0.605018676
4784,0.571305431
4785,0.545254286
4786,0.466621971
4787,0.44047505
4788,0.473422086
4789,0.521214443
4790,0.550809309
4791,0.603294704
4792,0.65032085
4793,0.672540944
4794,0.669667656
4795,0.619959774
4796,0.572263193
4797,0.47562494
4798,0.475433388
4799,0.43817642
4800,0.374197874
4801,0.351690451
4802,0.339622642
4803,0.31912652
4804,0.33272675
4805,0.396322191
4806,0.431376305
4807,0.433100278
4808,0.400632123
4809,0.35762858
4810,0.330715449
4811,0.321233598
4812,0.318934968
4813,0.325160425
4814,0.367589311
4815,0.396896849
4816,0.462407815
4817,0.522267982
4818,0.527727229
4819,0.526099033
4820,0.450435782
4821,0.408581553
4822,0.406091371
4823,0.356000383
4824,0.338185998
4825,0.319030744
4826,0.327746384
4827,0.322191361
4828,0.317210995
4829,0.326597069
4830,0.348817163
4831,0.355521502
4832,0.380614884
4833,0.370271047
4834,0.339814194
4835,0.323053347
4836,0.325351978
4837,0.331385883
4838,0.351498899
4839,0.386553012
4840,0.42946078
4841,0.540369696
4842,0.577147783
4843,0.604635571
4844,0.553491045
4845,0.420074705
4846,0.345848099
4847,0.325160425
4848,0.319892731
4849,0.310506656
4850,0.312996839
4851,0.322766019
4852,0.379561345
4853,0.451106216
4854,0.561248923
4855,0.569389905
4856,0.530696293
4857,0.452159755
4858,0.427162149
4859,0.420745139
4860,0.462216263
4861,0.497557705
4862,0.515563643
4863,0.572071641
4864,0.631931807
4865,0.668901446
4866,0.65443923
4867,0.630495163
4868,0.551767072
4869,0.499473231
4870,0.425246624
4871,0.372090796
4872,0.358682119
4873,0.35427641
4874,0.346422756
4875,0.343836797
4876,0.359161
4877,0.472081218
4878,0.546307825
4879,0.550617757
4880,0.516712959
4881,0.499185902
4882,0.437122881
4883,0.430322766
4884,0.465281103
4885,0.488650512
4886,0.507039556
4887,0.543626089
4888,0.585001437
4889,0.616799157
4890,0.621971076
4891,0.599080548
4892,0.519011589
4893,0.457810555
4894,0.431567857
4895,0.386936117
4896,0.33349296
4897,0.330140791
4898,0.327171727
4899,0.333205632
4900,0.40944354
4901,0.476774255
4902,0.553012164
4903,0.544104971
4904,0.521310219
4905,0.529068097
4906,0.476678479
4907,0.502442295
4908,0.528206111
4909,0.502921176
4910,0.557800977
4911,0.598314338
4912,0.633943109
4913,0.666219711
4914,0.64313763
4915,0.616799157
4916,0.541902117
4917,0.465855761
4918,0.44047505
4919,0.397663059
4920,0.377358491
4921,0.332247869
4922,0.332439422
4923,0.351498899
4924,0.409060435
4925,0.489320946
4926,0.51642563
4927,0.522555311
4928,0.485681448
4929,0.484053252
4930,0.457427449
4931,0.486830763
4932,0.503208505
4933,0.547648693
4934,0.589981803
4935,0.639210804
4936,0.654151901
4937,0.667560578
4938,0.652619481
4939,0.609711713
4940,0.560770041
4941,0.49870702
4942,0.408006896
4943,0.377166938
4944,0.376688057
4945,0.350732688
4946,0.365194905
4947,0.379848673
4948,0.407719567
4949,0.441720142
4950,0.489129394
4951,0.515372091
4952,0.512211474
4953,0.503016952
4954,0.477253137
4955,0.482999713
4956,0.514031223
4957,0.523991955
4958,0.549468442
4959,0.564026434
4960,0.568815248
4961,0.574944929
4962,0.569102576
4963,0.542189445
4964,0.512498803
4965,0.473996744
4966,0.498036587
4967,0.444976535
4968,0.403696964
4969,0.403505411
4970,0.401015228
4971,0.378795135
4972,0.37582607
4973,0.439613064
4974,0.495929509
4975,0.49487597
4976,0.481371516
4977,0.470069917
4978,0.421415573
4979,0.35686237
4980,0.364141366
4981,0.421415573
4982,0.476008045
4983,0.522267982
4984,0.581553491
4985,0.596398812
4986,0.61287233
4987,0.614213198
4988,0.549085337
4989,0.462599368
4990,0.471410784
4991,0.451489321
4992,0.41174217
4993,0.386648788
4994,0.398908151
4995,0.405037832
4996,0.401302557
4997,0.413849248
4998,0.430131213
4999,0.44382722
5000,0.439804616
5001,0.4309932
5002,0.421798678
5003,0.407623791
5004,0.417584523
5005,0.427832583
5006,0.435303132
5007,0.461641605
5008,0.477827794
5009,0.523417297
5010,0.545350062
5011,0.568815248
5012,0.528684992
5013,0.474954506
5014,0.398908151
5015,0.374772531
5016,0.369696389
5017,0.354180634
5018,0.35427641
5019,0.366248444
5020,0.388564314
5021,0.439325735
5022,0.532132937
5023,0.553491045
5024,0.526769467
5025,0.509625515
5026,0.449669572
5027,0.454266833
5028,0.469303707
5029,0.500143664
5030,0.527823005
5031,0.571496983
5032,0.597069246
5033,0.603965137
5034,0.61287233
5035,0.602720046
5036,0.510104396
5037,0.477540465
5038,0.36222584
5039,0.341346614
5040,0.335983143
5041,0.332630974
5042,0.331098554
5043,0.346997414
5044,0.370749928
5045,0.473230533
5046,0.530887846
5047,0.519682023
5048,0.50589024
5049,0.475050283
5050,0.386553012
5051,0.380136002
5052,0.431376305
5053,0.471219232
5054,0.523129968
5055,0.581936596
5056,0.59697347
5057,0.624078153
5058,0.62647256
5059,0.603007375
5060,0.50205919
5061,0.423905756
5062,0.455416148
5063,0.415764773
5064,0.370749928
5065,0.330236567
5066,0.338569103
5067,0.345177665
5068,0.439038406
5069,0.538358395
5070,0.603486256
5071,0.585576094
5072,0.538358395
5073,0.516042525
5074,0.478498228
5075,0.456565463
5076,0.494397088
5077,0.529930083
5078,0.565654631
5079,0.603869361
5080,0.625897902
5081,0.659515372
5082,0.664783067
5083,0.652523705
5084,0.599080548
5085,0.520831338
5086,0.465664208
5087,0.40867733
5088,0.323723781
5089,0.313858826
5090,0.32094627
5091,0.323436452
5092,0.340484628
5093,0.411263289
5094,0.485106791
5095,0.519682023
5096,0.50589024
5097,0.494013983
5098,0.442486352
5099,0.415285892
5100,0.438846854
5101,0.462695144
5102,0.529355426
5103,0.56747438
5104,0.594387511
5105,0.649937745
5106,0.633081122
5107,0.588736711
5108,0.520065128
5109,0.446700508
5110,0.362800498
5111,0.347955177
5112,0.321520927
5113,0.316253232
5114,0.316923666
5115,0.339047984
5116,0.419021167
5117,0.457906331
5118,0.496216837
5119,0.492002682
5120,0.477253137
5121,0.465281103
5122,0.453883728
5123,0.443061009
5124,0.473134757
5125,0.457235897
5126,0.506369122
5127,0.548606455
5128,0.594291735
5129,0.613734317
5130,0.622833062
5131,0.600996073
5132,0.526386361
5133,0.457235897
5134,0.472176995
5135,0.414615458
5136,0.37505986
5137,0.342112824
5138,0.335025381
5139,0.347188967
5140,0.346422756
5141,0.35762858
5142,0.356096159
5143,0.353127095
5144,0.343932574
5145,0.337898669
5146,0.321999808
5147,0.318264534
5148,0.31529547
5149,0.311081314
5150,0.341825496
5151,0.385307921
5152,0.419404272
5153,0.522172206
5154,0.510104396
5155,0.497366153
5156,0.434441145
5157,0.364332918
5158,0.372473901
5159,0.340963509
5160,0.330523896
5161,0.323340676
5162,0.323340676
5163,0.335025381
5164,0.329853462
5165,0.339622642
5166,0.338760655
5167,0.322957571
5168,0.346710085
5169,0.33837755
5170,0.329757686
5171,0.292021837
5172,0.289148549
5173,0.30016282
5174,0.344603007
5175,0.370749928
5176,0.450148453
5177,0.505986017
5178,0.539124605
5179,0.554161479
5180,0.521310219
5181,0.427832583
5182,0.362513169
5183,0.331768988
5184,0.303514989
5185,0.296235993
5186,0.295469783
5187,0.299683938
5188,0.367685088
5189,0.387414999
5190,0.432334068
5191,0.443061009
5192,0.41662676
5193,0.408198448
5194,0.368930179
5195,0.344315679
5196,0.356766593
5197,0.39019251
5198,0.461737381
5199,0.50435782
5200,0.580787281
5201,0.616320276
5202,0.627047218
5203,0.616032947
5204,0.547936021
5205,0.496312614
5206,0.421511349
5207,0.342783258
5208,0.314433483
5209,0.308686907
5210,0.31452926
5211,0.325160425
5212,0.400440571
5213,0.435973566
5214,0.459247199
5215,0.444306101
5216,0.407815343
5217,0.376783833
5218,0.351690451
5219,0.345752323
5220,0.373431664
5221,0.401015228
5222,0.457140121
5223,0.48922517
5224,0.536059764
5225,0.562206685
5226,0.572742075
5227,0.547265588
5228,0.483382818
5229,0.427257925
5230,0.425150848
5231,0.374868308
5232,0.326022412
5233,0.319222297
5234,0.3232449
5235,0.362992051
5236,0.428024136
5237,0.462407815
5238,0.524183507
5239,0.519873575
5240,0.508859305
5241,0.491332248
5242,0.467100852
5243,0.44689206
5244,0.476774255
5245,0.491428024
5246,0.505698688
5247,0.553395269
5248,0.591418447
5249,0.636624844
5250,0.621013313
5251,0.594866392
5252,0.518436931
5253,0.430897424
5254,0.377550043
5255,0.355138397
5256,0.345369218
5257,0.340963509
5258,0.349487597
5259,0.349200268
5260,0.369121732
5261,0.403601188
5262,0.51000862
5263,0.524087731
5264,0.501580308
5265,0.48050953
5266,0.435782013
5267,0.426395939
5268,0.433674935
5269,0.444689206
5270,0.470069917
5271,0.507422661
5272,0.584809884
5273,0.608370846
5274,0.613159659
5275,0.579925295
5276,0.48692654
5277,0.435207356
5278,0.442486352
5279,0.360501868
5280,0.330715449
5281,0.321808256
5282,0.322191361
5283,0.338952208
5284,0.426970597
5285,0.452638636
5286,0.47974332
5287,0.481563069
5288,0.442965233
5289,0.417776075
5290,0.381285317
5291,0.370941481
5292,0.408294225
5293,0.457331673
5294,0.492385787
5295,0.544009195
5296,0.597835456
5297,0.63212336
5298,0.6464898
5299,0.618331577
5300,0.53002586
5301,0.437122881
5302,0.464897998
5303,0.396896849
5304,0.36069342
5305,0.342591706
5306,0.329278805
5307,0.326980174
5308,0.333014079
5309,0.359256776
5310,0.384254382
5311,0.385116368
5312,0.383200843
5313,0.362321617
5314,0.330811225
5315,0.319509626
5316,0.319413849
5317,0.337898669
5318,0.383967053
5319,0.439421511
5320,0.566995499
5321,0.630303611
5322,0.646010918
5323,0.62340772
5324,0.539699263
5325,0.466334642
5326,0.439996169
5327,0.376688057
5328,0.33272675
5329,0.320850493
5330,0.334450723
5331,0.350924241
5332,0.337994445
5333,0.329087252
5334,0.335791591
5335,0.344219902
5336,0.387223446
5337,0.3837755
5338,0.375442965
5339,0.351403122
5340,0.374964084
5341,0.408485777
5342,0.453404846
5343,0.486543435
5344,0.502154966
5345,0.581936596
5346,0.593429748
5347,0.600900297
5348,0.557992529
5349,0.4612585
5350,0.422660665
5351,0.341825496
5352,0.316540561
5353,0.310315104
5354,0.312422182
5355,0.313188392
5356,0.379561345
5357,0.43741021
5358,0.445838521
5359,0.464993775
5360,0.454745714
5361,0.438080644
5362,0.427928359
5363,0.434536922
5364,0.461928934
5365,0.485777224
5366,0.509817067
5367,0.552724835
5368,0.589407145
5369,0.622066852
5370,0.625802126
5371,0.572358969
5372,0.50205919
5373,0.459342975
5374,0.406666028
5375,0.36634422
5376,0.343932574
5377,0.319318073
5378,0.320467388
5379,0.34479456
5380,0.366631549
5381,0.391150273
5382,0.405229384
5383,0.405037832
5384,0.394598219
5385,0.379369792
5386,0.375634518
5387,0.342017048
5388,0.352935543
5389,0.408198448
5390,0.473996744
5391,0.495929509
5392,0.55617278
5393,0.577626664
5394,0.574753376
5395,0.553778374
5396,0.456373911
5397,0.383679724
5398,0.398908151
5399,0.343357916
5400,0.319796954
5401,0.314241931
5402,0.31682789
5403,0.321520927
5404,0.345177665
5405,0.382338856
5406,0.417680299
5407,0.385212144
5408,0.399482808
5409,0.35504262
5410,0.323436452
5411,0.306962935
5412,0.31376305
5413,0.353318648
5414,0.377262714
5415,0.402643425
5416,0.502921176
5417,0.548798008
5418,0.569677234
5419,0.542285222
5420,0.423139546
5421,0.359065224
5422,0.368163969
5423,0.338281774
5424,0.295948664
5425,0.283114644
5426,0.290010535
5427,0.351594675
5428,0.343645245
5429,0.344411455
5430,0.337036682
5431,0.331673211
5432,0.301503687
5433,0.290872522
5434,0.27372857
5435,0.268365099
5436,0.261181879
5437,0.266736903
5438,0.289148549
5439,0.334738052
5440,0.443061009
5441,0.515372091
5442,0.566803946
5443,0.537304856
5444,0.481754621
5445,0.433483383
5446,0.339047984
5447,0.286371037
5448,0.278134278
5449,0.272483479
5450,0.271046835
5451,0.27066373
5452,0.296619098
5453,0.34479456
5454,0.402356096
5455,0.405804042
5456,0.323628005
5457,0.313571497
5458,0.288382339
5459,0.287520352
5460,0.282156882
5461,0.289244325
5462,0.368355522
5463,0.437697539
5464,0.503016952
5465,0.577147783
5466,0.594004406
5467,0.544871181
5468,0.45407528
5469,0.416243655
5470,0.407432238
5471,0.353222871
5472,0.276314529
5473,0.270376401
5474,0.269418638
5475,0.269514414
5476,0.303131884
5477,0.315008141
5478,0.343166363
5479,0.317402548
5480,0.300641701
5481,0.28321042
5482,0.263001628
5483,0.253424002
5484,0.250838042
5485,0.258979025
5486,0.312709511
5487,0.380614884
5488,0.467292405
5489,0.540848578
5490,0.560003831
5491,0.532611819
5492,0.474475625
5493,0.408964659
5494,0.387606551
5495,0.345081889
5496,0.313954602
5497,0.268365099
5498,0.268269323
5499,0.302653003
5500,0.309070012
5501,0.2873288
5502,0.291830284
5503,0.293266928
5504,0.285987932
5505,0.278325831
5506,0.261086103
5507,0.26424672
5508,0.265108706
5509,0.276506082
5510,0.351882004
5511,0.370558376
5512,0.450818887
5513,0.518053826
5514,0.570730773
5515,0.565367302
5516,0.503974715
5517,0.407432238
5518,0.368163969
5519,0.328991476
5520,0.302365674
5521,0.270951058
5522,0.271046835
5523,0.326118188
5524,0.358969447
5525,0.395460205
5526,0.44765827
5527,0.441432813
5528,0.4253424
5529,0.38712767
5530,0.348146729
5531,0.33990997
5532,0.34402835
5533,0.370175271
5534,0.416530984
5535,0.490949143
5536,0.545445839
5537,0.572454746
5538,0.571401207
5539,0.519873575
5540,0.479264438
5541,0.443731443
5542,0.390671392
5543,0.353318648
5544,0.336557801
5545,0.326022412
5546,0.321233598
5547,0.329278805
5548,0.353318648
5549,0.390000958
5550,0.40532516
5551,0.40379274
5552,0.392970022
5553,0.376400728
5554,0.365769562
5555,0.361172302
5556,0.365386457
5557,0.374389426
5558,0.394406666
5559,0.455511924
5560,0.539890815
5561,0.568719471
5562,0.579159084
5563,0.561727804
5564,0.478785557
5565,0.434632698
5566,0.422086007
5567,0.375634518
5568,0.335695815
5569,0.310315104
5570,0.318551863
5571,0.345848099
5572,0.404846279
5573,0.432908725
5574,0.458768317
5575,0.437314433
5576,0.408868882
5577,0.369696389
5578,0.325830859
5579,0.32247869
5580,0.379274016
5581,0.396034863
5582,0.45254286
5583,0.522651087
5584,0.565079973
5585,0.593812853
5586,0.595824155
5587,0.566037736
5588,0.51230725
5589,0.458480988
5590,0.370558376
5591,0.337324011
5592,0.310889762
5593,0.306100948
5594,0.308208026
5595,0.31912652
5596,0.421415573
5597,0.439421511
5598,0.463652907
5599,0.457331673
5600,0.429652332
5601,0.400344795
5602,0.355713054
5603,0.35427641
5604,0.391724931
5605,0.448807585
5606,0.494684417
5607,0.535963988
5608,0.562398238
5609,0.593238196
5610,0.604060914
5611,0.557226319
5612,0.455703477
5613,0.415381668
5614,0.392012259
5615,0.342112824
5616,0.315870127
5617,0.301503687
5618,0.297864189
5619,0.303419213
5620,0.371611915
5621,0.410497079
5622,0.463652907
5623,0.471123456
5624,0.44842448
5625,0.40944354
5626,0.375730294
5627,0.370271047
5628,0.404271621
5629,0.413657696
5630,0.406761804
5631,0.499281678
5632,0.570251892
5633,0.603486256
5634,0.603677809
5635,0.547265588
5636,0.439996169
5637,0.39019251
5638,0.414423906
5639,0.391820707
5640,0.307441816
5641,0.297959966
5642,0.301791016
5643,0.318934968
5644,0.35274399
5645,0.374006321
5646,0.407432238
5647,0.384733263
5648,0.34632698
5649,0.332056316
5650,0.308974236
5651,0.306005172
5652,0.325351978
5653,0.337132459
5654,0.350062255
5655,0.420266258
5656,0.461545829
5657,0.545062733
5658,0.575232257
5659,0.516521406
5660,0.435877789
5661,0.373335887
5662,0.366823101
5663,0.307729145
5664,0.293266928
5665,0.281869553
5666,0.283785078
5667,0.295565559
5668,0.300354372
5669,0.320371612
5670,0.336749354
5671,0.331864764
5672,0.324873096
5673,0.305526291
5674,0.297289532
5675,0.29374581
5676,0.293937362
5677,0.299779715
5678,0.333014079
5679,0.387606551
5680,0.479551767
5681,0.582990135
5682,0.602528493
5683,0.559141845
5684,0.486447658
5685,0.36711043
5686,0.336940906
5687,0.294703572
5688,0.282252658
5689,0.276601858
5690,0.306100948
5691,0.321329375
5692,0.424288861
5693,0.438272196
5694,0.48922517
5695,0.481563069
5696,0.455703477
5697,0.4007279
5698,0.360884973
5699,0.36940906
5700,0.423235322
5701,0.439900393
5702,0.481754621
5703,0.531270951
5704,0.593142419
5705,0.634613543
5706,0.632985346
5707,0.586916962
5708,0.527248348
5709,0.459630304
5710,0.392108036
5711,0.356575041
5712,0.336366248
5713,0.329374581
5714,0.337324011
5715,0.341442391
5716,0.397088401
5717,0.441528589
5718,0.503400057
5719,0.480796859
5720,0.466047313
5721,0.439229959
5722,0.377071162
5723,0.374102098
5724,0.40226032
5725,0.408964659
5726,0.470548798
5727,0.530121636
5728,0.580595728
5729,0.606072215
5730,0.618810459
5731,0.588832487
5732,0.48999138
5733,0.416339431
5734,0.334929604
5735,0.315870127
5736,0.304664304
5737,0.30169524
5738,0.309548894
5739,0.313667273
5740,0.327459056
5741,0.379465568
5742,0.469782588
5743,0.461737381
5744,0.440379274
5745,0.422086007
5746,0.389330524
5747,0.391246049
5748,0.41739297
5749,0.452159755
5750,0.510487501
5751,0.553682597
5752,0.561153146
5753,0.581361939
5754,0.579063308
5755,0.534527344
5756,0.427545254
5757,0.37917824
5758,0.340197299
5759,0.325447754
5760,0.319605402
5761,0.305430514
5762,0.285317498
5763,0.308399579
5764,0.358107461
5765,0.397663059
5766,0.456948568
5767,0.478977109
5768,0.453979504
5769,0.418829614
5770,0.37917824
5771,0.363949813
5772,0.390384063
5773,0.419787377
5774,0.477061584
5775,0.530696293
5776,0.546786706
5777,0.567091275
5778,0.552245953
5779,0.497270376
5780,0.416339431
5781,0.380519107
5782,0.329087252
5783,0.317498324
5784,0.290489417
5785,0.260990327
5786,0.266449574
5787,0.310698209
5788,0.339047984
5789,0.378220477
5790,0.477636242
5791,0.480988411
5792,0.463078249
5793,0.422469112
5794,0.3648118
5795,0.351498899
5796,0.397184178
5797,0.426012834
5798,0.484915238
5799,0.543434537
5800,0.567091275
5801,0.567091275
5802,0.564888421
5803,0.519394694
5804,0.415190116
5805,0.379465568
5806,0.432142515
5807,0.391246049
5808,0.360501868
5809,0.327746384
5810,0.319509626
5811,0.333684513
5812,0.347188967
5813,0.382434633
5814,0.425917058
5815,0.406378699
5816,0.386553012
5817,0.292404942
5818,0.268556652
5819,0.258691696
5820,0.254381764
5821,0.260702998
5822,0.325256202
5823,0.393832008
5824,0.488267407
5825,0.510391725
5826,0.53002586
5827,0.478306676
5828,0.412891485
5829,0.365961115
5830,0.368930179
5831,0.322287137
5832,0.295852888
5833,0.273058136
5834,0.281582224
5835,0.284168183
5836,0.287520352
5837,0.295852888
5838,0.310985538
5839,0.318551863
5840,0.316540561
5841,0.298343071
5842,0.343070587
5843,0.341250838
5844,0.342591706
5845,0.337898669
5846,0.349008716
5847,0.37505986
5848,0.448041375
5849,0.54515851
5850,0.570730773
5851,0.536825975
5852,0.468824825
5853,0.396513744
5854,0.322574466
5855,0.304376975
5856,0.266162245
5857,0.259553683
5858,0.275069438
5859,0.276410306
5860,0.330523896
5861,0.436452447
5862,0.506369122
5863,0.522459535
5864,0.51949047
5865,0.48127574
5866,0.413657696
5867,0.408964659
5868,0.440283498
5869,0.469016378
5870,0.487788526
5871,0.508380423
5872,0.529930083
5873,0.554544584
5874,0.548606455
5875,0.483478594
5876,0.373335887
5877,0.335983143
5878,0.305334738
5879,0.276314529
5880,0.260511445
5881,0.257542381
5882,0.255914184
5883,0.260607222
5884,0.329087252
5885,0.366056891
5886,0.474284072
5887,0.458385212
5888,0.407815343
5889,0.387031893
5890,0.29374581
5891,0.287137247
5892,0.296906427
5893,0.358011685
5894,0.399865913
5895,0.433004501
5896,0.457140121
5897,0.520448233
5898,0.517766497
5899,0.438272196
5900,0.337132459
5901,0.310027775
5902,0.276889187
5903,0.268173547
5904,0.263576286
5905,0.257733934
5906,0.253998659
5907,0.26012834
5908,0.283880854
5909,0.331768988
5910,0.424480414
5911,0.400632123
5912,0.361842735
5913,0.305813619
5914,0.264342496
5915,0.255052198
5916,0.269418638
5917,0.321425151
5918,0.365865339
5919,0.431950963
5920,0.448999138
5921,0.507901542
5922,0.489704051
5923,0.438559525
5924,0.348434058
5925,0.31836031
5926,0.295182454
5927,0.26884398
5928,0.2570635
5929,0.248443636
5930,0.249305622
5931,0.259074801
5932,0.312613734
5933,0.377550043
5934,0.437889091
5935,0.421319797
5936,0.366918878
5937,0.327267503
5938,0.286466814
5939,0.277080739
5940,0.288956996
5941,0.336270472
5942,0.391246049
5943,0.451872426
5944,0.482329279
5945,0.542476774
5946,0.538166842
5947,0.491140695
5948,0.385882578
5949,0.346039651
5950,0.306292501
5951,0.277942726
5952,0.258117039
5953,0.258404367
5954,0.256680395
5955,0.260511445
5956,0.305143186
5957,0.375921847
5958,0.463461354
5959,0.466334642
5960,0.449669572
5961,0.4253424
5962,0.334067618
5963,0.331002778
5964,0.380806436
5965,0.427162149
5966,0.47485873
5967,0.516329853
5968,0.482903936
5969,0.514414328
5970,0.475433388
5971,0.403601188
5972,0.366535772
5973,0.339239536
5974,0.316636338
5975,0.300067043
5976,0.276314529
5977,0.27142994
5978,0.284072407
5979,0.284742841
5980,0.310602433
5981,0.348242506
5982,0.391150273
5983,0.396801073
5984,0.347572072
5985,0.299683938
5986,0.285509051
5987,0.262235418
5988,0.255626856
5989,0.265587587
5990,0.291830284
5991,0.344698784
5992,0.432334068
5993,0.485106791
5994,0.489129394
5995,0.424863519
5996,0.361555407
5997,0.299205057
5998,0.296906427
5999,0.26807777
6000,0.252849344
6001,0.234939182
6002,0.238387128
6003,0.246145005
6004,0.259553683
6005,0.270472177
6006,0.312996839
6007,0.353893305
6008,0.359448329
6009,0.321904032
6010,0.300545925
6011,0.288286563
6012,0.288190786
6013,0.29681065
6014,0.320467388
6015,0.35197778
6016,0.404175845
6017,0.514126999
6018,0.507614213
6019,0.458385212
6020,0.430897424
6021,0.376975385
6022,0.322287137
6023,0.286083708
6024,0.283306197
6025,0.270472177
6026,0.297097979
6027,0.298151518
6028,0.336270472
6029,0.389234748
6030,0.439996169
6031,0.438846854
6032,0.431663634
6033,0.407049133
6034,0.32554353
6035,0.321137822
6036,0.31452926
6037,0.322287137
6038,0.383392395
6039,0.416243655
6040,0.470453022
6041,0.568432143
6042,0.569868787
6043,0.42457619
6044,0.355521502
6045,0.327459056
6046,0.281390671
6047,0.274207451
6048,0.270951058
6049,0.263576286
6050,0.274303228
6051,0.291542956
6052,0.327075951
6053,0.433770712
6054,0.483287041
6055,0.466526195
6056,0.392395364
6057,0.357149698
6058,0.279666699
6059,0.276218753
6060,0.296427545
6061,0.363087827
6062,0.439517288
6063,0.457044344
6064,0.529738531
6065,0.543626089
6066,0.561440475
6067,0.422852217
6068,0.331002778
6069,0.315487022
6070,0.281294895
6071,0.262522747
6072,0.256967723
6073,0.254381764
6074,0.261852313
6075,0.269035533
6076,0.328799923
6077,0.373144335
6078,0.446987836
6079,0.418446509
6080,0.334833828
6081,0.303419213
6082,0.257255052
6083,0.258021262
6084,0.268556652
6085,0.309070012
6086,0.379561345
6087,0.399195479
6088,0.475912269
6089,0.51307346
6090,0.504740925
6091,0.382530409
6092,0.308399579
6093,0.287137247
6094,0.26577914
6095,0.246336558
6096,0.233406762
6097,0.230916579
6098,0.237429365
6099,0.254285988
6100,0.332247869
6101,0.405229384
6102,0.456565463
6103,0.398908151
6104,0.324681544
6105,0.291926061
6106,0.253424002
6107,0.251125371
6108,0.25782971
6109,0.295086678
6110,0.371516138
6111,0.457906331
6112,0.488746289
6113,0.535868212
6114,0.508763528
6115,0.392108036
6116,0.307824921
6117,0.263001628
6118,0.239536443
6119,0.22833062
6120,0.223062925
6121,0.219998084
6122,0.217699454
6123,0.217507902
6124,0.31376305
6125,0.380997989
6126,0.434920027
6127,0.414711235
6128,0.324873096
6129,0.275835648
6130,0.224116464
6131,0.221051623
6132,0.238866009
6133,0.279762475
6134,0.344411455
6135,0.440666603
6136,0.498419692
6137,0.562015133
6138,0.543721866
6139,0.4612585
6140,0.382913514
6141,0.319030744
6142,0.278230055
6143,0.262618523
6144,0.243750599
6145,0.233694091
6146,0.231778565
6147,0.236567379
6148,0.285413275
6149,0.32094627
6150,0.389234748
6151,0.366918878
6152,0.294224691
6153,0.26089455
6154,0.22756441
6155,0.222200939
6156,0.219327651
6157,0.224691122
6158,0.243271717
6159,0.314146155
6160,0.413945024
6161,0.541902117
6162,0.498132363
6163,0.410880184
6164,0.284359736
6165,0.253040896
6166,0.313092616
6167,0.268939757
6168,0.247581649
6169,0.22497845
6170,0.224595345
6171,0.223924911
6172,0.235034958
6173,0.246336558
6174,0.263001628
6175,0.273345465
6176,0.271334163
6177,0.258212815
6178,0.238099799
6179,0.21319797
6180,0.210133129
6181,0.220860071
6182,0.23704626
6183,0.292500718
6184,0.433579159
6185,0.53950771
6186,0.575711139
6187,0.515755196
6188,0.414136577
6189,0.32247869
6190,0.244133704
6191,0.238674456
6192,0.223062925
6193,0.221051623
6194,0.223062925
6195,0.231012355
6196,0.342304377
6197,0.419404272
6198,0.531845609
6199,0.505219807
6200,0.410880184
6201,0.399865913
6202,0.324681544
6203,0.300067043
6204,0.313284168
6205,0.420362034
6206,0.49487597
6207,0.521597548
6208,0.55540657
6209,0.574561824
6210,0.569389905
6211,0.524853941
6212,0.378220477
6213,0.291926061
6214,0.2401111
6215,0.226031989
6216,0.216741691
6217,0.212144431
6218,0.209558471
6219,0.222775596
6220,0.309740446
6221,0.372090796
6222,0.422469112
6223,0.424767743
6224,0.377837372
6225,0.277368068
6226,0.24499569
6227,0.240877311
6228,0.262905852
6229,0.326501293
6230,0.455320372
6231,0.521405996
6232,0.56977301
6233,0.590173355
6234,0.559046068
6235,0.482712384
6236,0.342591706
6237,0.29681065
6238,0.24346327
6239,0.223158701
6240,0.212719088
6241,0.205152763
6242,0.206589407
6243,0.225648884
6244,0.365386457
6245,0.419116943
6246,0.498898573
6247,0.525237046
6248,0.478689781
6249,0.444689206
6250,0.372952782
6251,0.359352552
6252,0.397663059
6253,0.430131213
6254,0.483382818
6255,0.512690355
6256,0.553299492
6257,0.566229288
6258,0.552054401
6259,0.493726655
6260,0.413561919
6261,0.348434058
6262,0.260511445
6263,0.219040322
6264,0.207164065
6265,0.20342879
6266,0.201034384
6267,0.216358586
6268,0.371037257
6269,0.464323341
6270,0.474667177
6271,0.47715736
6272,0.449190691
6273,0.417680299
6274,0.360597644
6275,0.337707116
6276,0.34249593
6277,0.360118763
6278,0.445551192
6279,0.510487501
6280,0.523321521
6281,0.538071066
6282,0.511062159
6283,0.45101044
6284,0.358873671
6285,0.312517958
6286,0.238770233
6287,0.2098458
6288,0.200459726
6289,0.193755387
6290,0.191552533
6291,0.200651279
6292,0.324489991
6293,0.404654727
6294,0.466430419
6295,0.430610095
6296,0.348434058
6297,0.3175941
6298,0.257638157
6299,0.252083134
6300,0.31912652
6301,0.312230629
6302,0.375251413
6303,0.429556556
6304,0.481946174
6305,0.529163873
6306,0.503974715
6307,0.385116368
6308,0.271525716
6309,0.240494206
6310,0.256584618
6311,0.239440667
6312,0.198352648
6313,0.185039747
6314,0.185614405
6315,0.191169428
6316,0.233694091
6317,0.282635763
6318,0.324873096
6319,0.304855857
6320,0.22574466
6321,0.213868403
6322,0.193276506
6323,0.185422852
6324,0.186284839
6325,0.192222967
6326,0.215879705
6327,0.266449574
6328,0.363566708
6329,0.485489896
6330,0.476774255
6331,0.363854037
6332,0.274015899
6333,0.241260416
6334,0.23934489
6335,0.221338952
6336,0.177760751
6337,0.168662006
6338,0.167416914
6339,0.165692941
6340,0.187338378
6341,0.204482329
6342,0.219806532
6343,0.249018293
6344,0.294128915
6345,0.272100374
6346,0.253328225
6347,0.190786323
6348,0.184177761
6349,0.189637008
6350,0.238866009
6351,0.258117039
6352,0.306484053
6353,0.463652907
6354,0.48434058
6355,0.383583948
6356,0.289914759
6357,0.227277081
6358,0.19959774
6359,0.18829614
6360,0.179197395
6361,0.178622737
6362,0.188775022
6363,0.182836893
6364,0.225553108
6365,0.361938512
6366,0.479934872
6367,0.484149028
6368,0.452447084
6369,0.412795709
6370,0.346518533
6371,0.342017048
6372,0.400249018
6373,0.420170482
6374,0.447083613
6375,0.47562494
6376,0.500622546
6377,0.552629059
6378,0.528972321
6379,0.360214539
6380,0.28656259
6381,0.263288957
6382,0.228426396
6383,0.208888038
6384,0.193372282
6385,0.191552533
6386,0.198544201
6387,0.212048654
6388,0.309357341
6389,0.391820707
6390,0.487980079
6391,0.46049229
6392,0.426970597
6393,0.345081889
6394,0.251029595
6395,0.23781247
6396,0.296140216
6397,0.342112824
6398,0.349870702
6399,0.390288287
6400,0.477061584
6401,0.507039556
6402,0.508859305
6403,0.437697539
6404,0.36787664
6405,0.257733934
6406,0.220764295
6407,0.192031415
6408,0.178431185
6409,0.173738148
6410,0.173738148
6411,0.183986208
6412,0.310027775
6413,0.370271047
6414,0.429173451
6415,0.410497079
6416,0.397567283
6417,0.36404559
6418,0.267024231
6419,0.266353798
6420,0.298055742
6421,0.326692846
6422,0.406187147
6423,0.42946078
6424,0.466813524
6425,0.502538071
6426,0.470644574
6427,0.378699358
6428,0.250742266
6429,0.226127766
6430,0.195958242
6431,0.17804808
6432,0.16751269
6433,0.16368164
6434,0.164639402
6435,0.165597165
6436,0.264438272
6437,0.388755866
6438,0.434824251
6439,0.467100852
6440,0.435111579
6441,0.374580979
6442,0.242984388
6443,0.216645915
6444,0.21473039
6445,0.247677426
6446,0.369121732
6447,0.408006896
6448,0.455320372
6449,0.511445264
6450,0.493535102
6451,0.411454841
6452,0.340963509
6453,0.246049229
6454,0.200459726
6455,0.1852313
6456,0.179005842
6457,0.172876161
6458,0.169523992
6459,0.175845226
6460,0.30016282
6461,0.376400728
6462,0.396322191
6463,0.426395939
6464,0.391724931
6465,0.324873096
6466,0.284838617
6467,0.277176516
6468,0.313571497
6469,0.356575041
6470,0.39431089
6471,0.432812949
6472,0.499760559
6473,0.544488076
6474,0.514510104
6475,0.407049133
6476,0.351020017
6477,0.307729145
6478,0.277368068
6479,0.253519778
6480,0.208026051
6481,0.193468059
6482,0.188870798
6483,0.209654248
6484,0.256871947
6485,0.354467963
6486,0.388085432
6487,0.375442965
6488,0.245953453
6489,0.20113016
6490,0.178239632
6491,0.174121253
6492,0.17239728
6493,0.172109951
6494,0.183986208
6495,0.245283019
6496,0.392491141
6497,0.456182358
6498,0.441432813
6499,0.348529834
6500,0.22756441
6501,0.195383584
6502,0.178143856
6503,0.167033809
6504,0.154008237
6505,0.148644766
6506,0.145005268
6507,0.145101044
6508,0.16109568
6509,0.179772052
6510,0.207355617
6511,0.2098458
6512,0.217124796
6513,0.208409156
6514,0.17881429
6515,0.163968968
6516,0.161670338
6517,0.156594196
6518,0.157456182
6519,0.187434154
6520,0.284072407
6521,0.446317403
6522,0.431280529
6523,0.340293075
6524,0.219136098
6525,0.182262235
6526,0.157073077
6527,0.149123647
6528,0.148644766
6529,0.148070108
6530,0.147208122
6531,0.147495451
6532,0.197299109
6533,0.343741021
6534,0.443252562
6535,0.404750503
6536,0.345081889
6537,0.294895125
6538,0.19959774
6539,0.195575136
6540,0.236567379
6541,0.306675606
6542,0.353893305
6543,0.414998563
6544,0.467005076
6545,0.509912844
6546,0.481371516
6547,0.396992625
6548,0.334259171
6549,0.229384159
6550,0.183794656
6551,0.171535294
6552,0.16032947
6553,0.155157552
6554,0.153242027
6555,0.167225362
6556,0.269514414
6557,0.359161
6558,0.391054497
6559,0.403218083
6560,0.394885547
6561,0.356575041
6562,0.223350254
6563,0.198544201
6564,0.281869553
6565,0.295757111
6566,0.343357916
6567,0.411071736
6568,0.501867637
6569,0.530217412
6570,0.496599943
6571,0.381189541
6572,0.2401111
6573,0.194042716
6574,0.177569198
6575,0.171535294
6576,0.167321138
6577,0.173642371
6578,0.182358012
6579,0.192127191
6580,0.294703572
6581,0.353127095
6582,0.374006321
6583,0.401206781
6584,0.365290681
6585,0.358682119
6586,0.312230629
6587,0.291542956
6588,0.307058711
6589,0.332822527
6590,0.359352552
6591,0.413274591
6592,0.48280816
6593,0.524566612
6594,0.460971171
6595,0.361363854
6596,0.251508476
6597,0.219998084
6598,0.184752418
6599,0.167129585
6600,0.163298535
6601,0.160521023
6602,0.170385978
6603,0.182070683
6604,0.220955847
6605,0.349966478
6606,0.419787377
6607,0.417009865
6608,0.378220477
6609,0.336749354
6610,0.221338952
6611,0.203907672
6612,0.218369888
6613,0.223254478
6614,0.262522747
6615,0.317019443
6616,0.403122306
6617,0.467483957
6618,0.433100278
6619,0.298151518
6620,0.218752993
6621,0.18187913
6622,0.175557897
6623,0.168470453
6624,0.147016569
6625,0.142227756
6626,0.14443061
6627,0.156211091
6628,0.212910641
6629,0.381859975
6630,0.480413753
6631,0.472368547
6632,0.404463174
6633,0.364620247
6634,0.273153912
6635,0.268556652
6636,0.316444785
6637,0.322382914
6638,0.380519107
6639,0.385691026
6640,0.473230533
6641,0.518532708
6642,0.452159755
6643,0.376688057
6644,0.291734508
6645,0.197682214
6646,0.166076046
6647,0.158413945
6648,0.143281295
6649,0.137438943
6650,0.140408007
6651,0.148644766
6652,0.170673307
6653,0.241356192
6654,0.282731539
6655,0.265396035
6656,0.20342879
6657,0.161861891
6658,0.143760176
6659,0.138684034
6660,0.132745906
6661,0.13083038
6662,0.13724739
6663,0.165022507
6664,0.279092041
6665,0.44047505
6666,0.400632123
6667,0.264725601
6668,0.17239728
6669,0.15238004
6670,0.147974332
6671,0.140024902
6672,0.137726271
6673,0.136098075
6674,0.133320563
6675,0.133799444
6676,0.142036203
6677,0.161478786
6678,0.182836893
6679,0.193468059
6680,0.200076621
6681,0.158413945
6682,0.145005268
6683,0.125466909
6684,0.123838713
6685,0.125371133
6686,0.142419308
6687,0.15726463
6688,0.206206302
6689,0.320180059
6690,0.321808256
6691,0.260415669
6692,0.187146825
6693,0.152188488
6694,0.137917824
6695,0.126233119
6696,0.125466909
6697,0.123359831
6698,0.126520448
6699,0.138875587
6700,0.237908246
6701,0.322574466
6702,0.409347764
6703,0.40532516
6704,0.343836797
6705,0.308686907
6706,0.200842831
6707,0.174887463
6708,0.205727421
6709,0.214443061
6710,0.27066373
6711,0.315965904
6712,0.368163969
6713,0.394502442
6714,0.354755292
6715,0.229671487
6716,0.184081984
6717,0.174600134
6718,0.1493152
6719,0.141748875
6720,0.137917824
6721,0.137917824
6722,0.137343166
6723,0.135906522
6724,0.167321138
6725,0.313092616
6726,0.400249018
6727,0.400919452
6728,0.33684513
6729,0.278996265
6730,0.206397855
6731,0.171056412
6732,0.190115889
6733,0.237525141
6734,0.290106312
6735,0.343070587
6736,0.428790346
6737,0.4915238
6738,0.440666603
6739,0.298438847
6740,0.243846375
6741,0.208121827
6742,0.152188488
6743,0.143568624
6744,0.136864285
6745,0.133224787
6746,0.130543051
6747,0.132267024
6748,0.163394311
6749,0.24729432
6750,0.323340676
6751,0.329566134
6752,0.283497749
6753,0.221530505
6754,0.199980845
6755,0.171439517
6756,0.203524567
6757,0.229958816
6758,0.282348434
6759,0.341442391
6760,0.369792166
6761,0.435973566
6762,0.382721961
6763,0.257733934
6764,0.186859496
6765,0.167321138
6766,0.15391246
6767,0.153242027
6768,0.140886888
6769,0.141078441
6770,0.143089742
6771,0.147687003
6772,0.19241452
6773,0.286849919
6774,0.333684513
6775,0.319796954
6776,0.254956422
6777,0.21061201
6778,0.182549564
6779,0.168374677
6780,0.171152188
6781,0.176802988
6782,0.212335983
6783,0.298917728
6784,0.367685088
6785,0.43817642
6786,0.368547074
6787,0.291926061
6788,0.190882099
6789,0.153337803
6790,0.141844651
6791,0.13648118
6792,0.1323628
6793,0.128052868
6794,0.126520448
6795,0.127669763
6796,0.220955847
6797,0.315965904
6798,0.383200843
6799,0.352265109
6800,0.276889187
6801,0.247006992
6802,0.178910066
6803,0.159275931
6804,0.161670338
6805,0.225265779
6806,0.310698209
6807,0.394023561
6808,0.418063404
6809,0.466717747
6810,0.424001532
6811,0.30734604
6812,0.192893401
6813,0.165309836
6814,0.156306867
6815,0.151326501
6816,0.14213198
6817,0.135619194
6818,0.132554353
6819,0.128435974
6820,0.173833924
6821,0.233406762
6822,0.220955847
6823,0.191169428
6824,0.158413945
6825,0.144239058
6826,0.130543051
6827,0.126328896
6828,0.124317594
6829,0.122689398
6830,0.128723302
6831,0.146537688
6832,0.255722632
6833,0.370845704
6834,0.339622642
6835,0.198544201
6836,0.154391342
6837,0.141461546
6838,0.140024902
6839,0.134374102
6840,0.118379466
6841,0.115314625
6842,0.11646394
6843,0.115793506
6844,0.126041567
6845,0.149889857
6846,0.165309836
6847,0.163490087
6848,0.148165884
6849,0.138205153
6850,0.130926156
6851,0.121923187
6852,0.118858347
6853,0.120390767
6854,0.134661431
6855,0.164064745
6856,0.248252083
6857,0.371324586
6858,0.370271047
6859,0.293458481
6860,0.176036778
6861,0.141078441
6862,0.128914855
6863,0.137055838
6864,0.125754238
6865,0.11723015
6866,0.125083804
6867,0.145292596
6868,0.233694091
6869,0.28014558
6870,0.353414424
6871,0.357149698
6872,0.269514414
6873,0.221722057
6874,0.164926731
6875,0.148070108
6876,0.160425247
6877,0.21396418
6878,0.268939757
6879,0.323915334
6880,0.379848673
6881,0.391150273
6882,0.341442391
6883,0.23474763
6884,0.161287233
6885,0.136672732
6886,0.123072503
6887,0.115410401
6888,0.112824442
6889,0.112249785
6890,0.117038598
6891,0.124221818
6892,0.166554928
6893,0.283306197
6894,0.365673786
6895,0.361746959
6896,0.297097979
6897,0.283689302
6898,0.232448999
6899,0.228617948
6900,0.268556652
6901,0.290202088
6902,0.368355522
6903,0.406187147
6904,0.422660665
6905,0.470165693
6906,0.433674935
6907,0.376400728
6908,0.272004597
6909,0.243175941
6910,0.226798199
6911,0.220860071
6912,0.2211474
6913,0.220189637
6914,0.224308016
6915,0.225361555
6916,0.264150943
6917,0.400249018
6918,0.439613064
6919,0.43329183
6920,0.332343645
6921,0.273920123
6922,0.254285988
6923,0.237429365
6924,0.236758931
6925,0.261852313
6926,0.354467963
6927,0.407144909
6928,0.437505986
6929,0.4915238
6930,0.41250838
6931,0.314433483
6932,0.247581649
6933,0.225457332
6934,0.198927306
6935,0.194904703
6936,0.188679245
6937,0.182453788
6938,0.188775022
6939,0.189253903
6940,0.219040322
6941,0.332535198
6942,0.379848673
6943,0.360310315
6944,0.270089072
6945,0.229958816
6946,0.203237238
6947,0.181591802
6948,0.188870798
6949,0.224882674
6950,0.3175941
6951,0.365194905
6952,0.432717173
6953,0.493343549
6954,0.411837947
6955,0.352073556
6956,0.244325256
6957,0.197107557
6958,0.17163107
6959,0.165501389
6960,0.160808352
6961,0.155636433
6962,0.162149219
6963,0.173067714
6964,0.243559046
6965,0.353127095
6966,0.445168087
6967,0.420649363
6968,0.388947419
6969,0.30657983
6970,0.217891007
6971,0.192510296
6972,0.2211474
6973,0.260990327
6974,0.336749354
6975,0.419883153
6976,0.454362609
6977,0.493056221
6978,0.450052677
6979,0.353605976
6980,0.251795805
6981,0.205535868
6982,0.19959774
6983,0.170290202
6984,0.166650704
6985,0.161574562
6986,0.160233694
6987,0.164064745
6988,0.197586438
6989,0.276410306
6990,0.314146155
6991,0.292309166
6992,0.253136673
6993,0.233981419
6994,0.19883153
6995,0.201417489
6996,0.204961211
6997,0.223924911
6998,0.245857676
6999,0.27066373
7000,0.351115794
7001,0.458672541
7002,0.400919452
7003,0.321042046
7004,0.281678
7005,0.272579255
7006,0.256584618
7007,0.255914184
7008,0.258308591
7009,0.244516809
7010,0.249784503
7011,0.253136673
7012,0.27296236
7013,0.29221339
7014,0.306675606
7015,0.321137822
7016,0.323819558
7017,0.328033713
7018,0.310027775
7019,0.295757111
7020,0.296714874
7021,0.299971267
7022,0.308016474
7023,0.325447754
7024,0.394885547
7025,0.457523226
7026,0.457044344
7027,0.371516138
7028,0.3288957
7029,0.294033139
7030,0.289914759
7031,0.287616129
7032,0.280816014
7033,0.279762475
7034,0.288286563
7035,0.295852888
7036,0.328416818
7037,0.372090796
7038,0.41586055
7039,0.363375156
7040,0.344986112
7041,0.335025381
7042,0.34326214
7043,0.341059286
7044,0.347380519
7045,0.358011685
7046,0.398429269
7047,0.447945599
7048,0.534718897
7049,0.558567187
7050,0.476678479
7051,0.412412604
7052,0.386648788
7053,0.369121732
7054,0.343741021
7055,0.315870127
7056,0.304376975
7057,0.299779715
7058,0.331385883
7059,0.328991476
7060,0.338281774
7061,0.370271047
7062,0.414615458
7063,0.404175845
7064,0.377262714
7065,0.359735658
7066,0.32554353
7067,0.311751748
7068,0.315199694
7069,0.333301408
7070,0.369887942
7071,0.435015803
7072,0.501580308
7073,0.530600517
7074,0.477636242
7075,0.36634422
7076,0.333205632
7077,0.322766019
7078,0.298247294
7079,0.293171152
7080,0.293650034
7081,0.285317498
7082,0.286658366
7083,0.299875491
7084,0.333014079
7085,0.427641031
7086,0.47715736
7087,0.447466718
7088,0.419212719
7089,0.391820707
7090,0.32554353
7091,0.298247294
7092,0.300545925
7093,0.312422182
7094,0.354659515
7095,0.414519682
7096,0.514222776
7097,0.549372665
7098,0.488363184
7099,0.392012259
7100,0.33761134
7101,0.32094627
7102,0.307441816
7103,0.289435878
7104,0.291926061
7105,0.290680969
7106,0.296235993
7107,0.313954602
7108,0.340388852
7109,0.431088976
7110,0.473134757
7111,0.440379274
7112,0.407144909
7113,0.373910545
7114,0.332439422
7115,0.317115219
7116,0.324106886
7117,0.334642276
7118,0.393161575
7119,0.458289436
7120,0.551096638
7121,0.576285796
7122,0.531462504
7123,0.413178814
7124,0.371037257
7125,0.353797529
7126,0.327459056
7127,0.294033139
7128,0.290297864
7129,0.287616129
7130,0.296523322
7131,0.317115219
7132,0.351115794
7133,0.436260895
7134,0.504836701
7135,0.51000862
7136,0.462216263
7137,0.410401303
7138,0.363183603
7139,0.329949239
7140,0.327746384
7141,0.345369218
7142,0.373718992
7143,0.449286467
7144,0.534144239
7145,0.555023465
7146,0.429556556
7147,0.377837372
7148,0.347955177
7149,0.327746384
7150,0.307537592
7151,0.287999234
7152,0.270280624
7153,0.265204482
7154,0.264629825
7155,0.271046835
7156,0.31529547
7157,0.389617853
7158,0.427257925
7159,0.421511349
7160,0.326692846
7161,0.288669668
7162,0.266066469
7163,0.258500144
7164,0.25782971
7165,0.25782971
7166,0.27066373
7167,0.327937937
7168,0.48357437
7169,0.542572551
7170,0.495546404
7171,0.383679724
7172,0.319030744
7173,0.2873288
7174,0.279092041
7175,0.261852313
7176,0.255914184
7177,0.2514127
7178,0.252562015
7179,0.263001628
7180,0.269801743
7181,0.281103343
7182,0.301216359
7183,0.298343071
7184,0.303610765
7185,0.269705967
7186,0.261469208
7187,0.250838042
7188,0.250263385
7189,0.251604252
7190,0.272004597
7191,0.306005172
7192,0.370079494
7193,0.439038406
7194,0.472272771
7195,0.442486352
7196,0.388181209
7197,0.311655972
7198,0.278804712
7199,0.261181879
7200,0.254860646
7201,0.243750599
7202,0.241451968
7203,0.23781247
7204,0.244133704
7205,0.274111675
7206,0.363662484
7207,0.443252562
7208,0.44612585
7209,0.40944354
7210,0.360884973
7211,0.337802892
7212,0.337707116
7213,0.354563739
7214,0.384350158
7215,0.452925965
7216,0.506656451
7217,0.579159084
7218,0.567953261
7219,0.506560674
7220,0.346901638
7221,0.3175941
7222,0.282252658
7223,0.249497175
7224,0.232065894
7225,0.229958816
7226,0.226989752
7227,0.237142036
7228,0.247198544
7229,0.26884398
7230,0.317402548
7231,0.434920027
7232,0.405804042
7233,0.392108036
7234,0.369313284
7235,0.327459056
7236,0.327267503
7237,0.364141366
7238,0.434441145
7239,0.506943779
7240,0.557417872
7241,0.585384542
7242,0.551096638
7243,0.404271621
7244,0.338952208
7245,0.294033139
7246,0.284168183
7247,0.256201513
7248,0.240685758
7249,0.233885643
7250,0.227372857
7251,0.225457332
7252,0.229192606
7253,0.266641126
7254,0.357245475
7255,0.438559525
7256,0.4007279
7257,0.349583373
7258,0.355713054
7259,0.300545925
7260,0.31529547
7261,0.332439422
7262,0.395651757
7263,0.464131788
7264,0.544966957
7265,0.578488651
7266,0.531749832
7267,0.393640456
7268,0.325351978
7269,0.265683364
7270,0.25447754
7271,0.232832104
7272,0.229192606
7273,0.214921942
7274,0.212240207
7275,0.220285413
7276,0.223350254
7277,0.247773202
7278,0.321329375
7279,0.387319222
7280,0.3894263
7281,0.347188967
7282,0.329183028
7283,0.294416244
7284,0.270567953
7285,0.273153912
7286,0.353989082
7287,0.43817642
7288,0.522746863
7289,0.56977301
7290,0.554353031
7291,0.432717173
7292,0.326980174
7293,0.290680969
7294,0.259457906
7295,0.246719663
7296,0.221243176
7297,0.201609041
7298,0.195575136
7299,0.194425821
7300,0.195766689
7301,0.209941576
7302,0.227277081
7303,0.282539987
7304,0.284263959
7305,0.274782109
7306,0.251891581
7307,0.248443636
7308,0.239823772
7309,0.246719663
7310,0.291734508
7311,0.372473901
7312,0.450052677
7313,0.451297768
7314,0.443156786
7315,0.347667848
7316,0.294895125
7317,0.260224116
7318,0.230916579
7319,0.220285413
7320,0.204099224
7321,0.195958242
7322,0.195287808
7323,0.19547936
7324,0.196054018
7325,0.211569773
7326,0.254956422
7327,0.286275261
7328,0.336174696
7329,0.358682119
7330,0.360406091
7331,0.265587587
7332,0.233789867
7333,0.240781534
7334,0.264534048
7335,0.318551863
7336,0.433962264
7337,0.469878364
7338,0.452447084
7339,0.370271047
7340,0.31117709
7341,0.252466239
7342,0.238770233
7343,0.23781247
7344,0.230054592
7345,0.211665549
7346,0.212144431
7347,0.211473997
7348,0.21779523
7349,0.230150369
7350,0.267694665
7351,0.318551863
7352,0.350158031
7353,0.356383488
7354,0.366439996
7355,0.36940906
7356,0.36711043
7357,0.367301983
7358,0.383392395
7359,0.445072311
7360,0.497749258
7361,0.518532708
7362,0.522746863
7363,0.508284647
7364,0.471123456
7365,0.42687482
7366,0.394981324
7367,0.381189541
7368,0.369887942
7369,0.36634422
7370,0.37122881
7371,0.405037832
7372,0.404080069
7373,0.438559525
7374,0.491906905
7375,0.492768892
7376,0.486543435
7377,0.443156786
7378,0.432812949
7379,0.421511349
7380,0.41739297
7381,0.429269227
7382,0.458672541
7383,0.490470261
7384,0.545637391
7385,0.557705201
7386,0.542859879
7387,0.488171631
7388,0.41586055
7389,0.399674361
7390,0.389234748
7391,0.36787664
7392,0.360597644
7393,0.366727325
7394,0.366439996
7395,0.372378125
7396,0.376975385
7397,0.408485777
7398,0.479455991
7399,0.514031223
7400,0.522651087
7401,0.505219807
7402,0.518532708
7403,0.506752227
7404,0.491811129
7405,0.500814098
7406,0.51077483
7407,0.568336366
7408,0.636050187
7409,0.652044823
7410,0.612201896
7411,0.541231683
7412,0.484723685
7413,0.455511924
7414,0.446604731
7415,0.397471507
7416,0.386074131
7417,0.370366823
7418,0.375634518
7419,0.40226032
7420,0.413466143
7421,0.504453596
7422,0.568432143
7423,0.591035341
7424,0.577339335
7425,0.559812279
7426,0.564409539
7427,0.552724835
7428,0.53079207
7429,0.533761134
7430,0.571209654
7431,0.626855665
7432,0.687194713
7433,0.691217316
7434,0.624557035
7435,0.593046643
7436,0.539986591
7437,0.492673116
7438,0.426300163
7439,0.395555981
7440,0.358969447
7441,0.342017048
7442,0.343549468
7443,0.363566708
7444,0.387319222
7445,0.455511924
7446,0.54669093
7447,0.585192989
7448,0.5746576
7449,0.541231683
7450,0.517383392
7451,0.486447658
7452,0.47332631
7453,0.478498228
7454,0.493056221
7455,0.562494014
7456,0.607891964
7457,0.612968107
7458,0.598888995
7459,0.568336366
7460,0.517000287
7461,0.479839096
7462,0.439996169
7463,0.416339431
7464,0.362896274
7465,0.348434058
7466,0.34326214
7467,0.352169332
7468,0.368355522
7469,0.436548223
7470,0.550234652
7471,0.585480318
7472,0.575232257
7473,0.563834882
7474,0.542285222
7475,0.511157935
7476,0.515372091
7477,0.542668327
7478,0.546595154
7479,0.560195384
7480,0.585959199
7481,0.598410114
7482,0.585959199
7483,0.572742075
7484,0.523991955
7485,0.511349488
7486,0.501867637
7487,0.434153817
7488,0.391724931
7489,0.342879035
7490,0.336366248
7491,0.342400153
7492,0.358586342
7493,0.455990805
7494,0.505219807
7495,0.528589216
7496,0.533282253
7497,0.510870606
7498,0.491332248
7499,0.444689206
7500,0.42304377
7501,0.40379274
7502,0.43817642
7503,0.541997893
7504,0.604635571
7505,0.62723877
7506,0.598314338
7507,0.544966957
7508,0.493439326
7509,0.433962264
7510,0.401111005
7511,0.344411455
7512,0.326501293
7513,0.314241931
7514,0.300737477
7515,0.321425151
7516,0.348529834
7517,0.364716023
7518,0.392203812
7519,0.408964659
7520,0.408294225
7521,0.394789771
7522,0.376400728
7523,0.358299014
7524,0.334067618
7525,0.34632698
7526,0.383200843
7527,0.477636242
7528,0.571592759
7529,0.609137056
7530,0.607891964
7531,0.548606455
7532,0.491811129
7533,0.436931328
7534,0.353222871
7535,0.313571497
7536,0.294799349
7537,0.280049804
7538,0.278900488
7539,0.290202088
7540,0.302844555
7541,0.389809405
7542,0.500239441
7543,0.536155541
7544,0.538645724
7545,0.508859305
7546,0.494013983
7547,0.457235897
7548,0.452734412
7549,0.465472656
7550,0.514510104
7551,0.569294129
7552,0.613925869
7553,0.622833062
7554,0.612393449
7555,0.557896753
7556,0.483478594
7557,0.445934297
7558,0.416052102
7559,0.368259745
7560,0.306196724
7561,0.278900488
7562,0.275644095
7563,0.300258596
7564,0.344219902
7565,0.395747534
7566,0.512498803
7567,0.573412508
7568,0.58337324
7569,0.572071641
7570,0.534048463
7571,0.48127574
7572,0.46202471
7573,0.475912269
7574,0.483765923
7575,0.534144239
7576,0.596590365
7577,0.607413083
7578,0.605210229
7579,0.55617278
7580,0.53002586
7581,0.470357245
7582,0.434536922
7583,0.393257351
7584,0.345081889
7585,0.31376305
7586,0.317498324
7587,0.355713054
7588,0.38789388
7589,0.429365003
7590,0.532611819
7591,0.578488651
7592,0.592471985
7593,0.554161479
7594,0.514222776
7595,0.468537496
7596,0.426970597
7597,0.396705296
7598,0.438846854
7599,0.527727229
7600,0.5992721
7601,0.628196533
7602,0.618618906
7603,0.546499377
7604,0.502346519
7605,0.456757016
7606,0.431376305
7607,0.387319222
7608,0.366918878
7609,0.355521502
7610,0.347188967
7611,0.349487597
7612,0.372473901
7613,0.409251987
7614,0.505315583
7615,0.584043674
7616,0.593429748
7617,0.514414328
7618,0.50589024
7619,0.462886697
7620,0.442582128
7621,0.440283498
7622,0.453021741
7623,0.545254286
7624,0.609424385
7625,0.637103726
7626,0.627717652
7627,0.556747438
7628,0.493056221
7629,0.44124126
7630,0.407336462
7631,0.365194905
7632,0.348242506
7633,0.347667848
7634,0.317115219
7635,0.297193755
7636,0.30734604
7637,0.358873671
7638,0.492577339
7639,0.614596303
7640,0.59055646
7641,0.589311369
7642,0.581457715
7643,0.534144239
7644,0.52025668
7645,0.507805766
7646,0.498228139
7647,0.517383392
7648,0.604444019
7649,0.641413658
7650,0.598122785
7651,0.522651087
7652,0.502633847
7653,0.479455991
7654,0.457331673
7655,0.433100278
7656,0.421894455
7657,0.405037832
7658,0.406953357
7659,0.425917058
7660,0.446796284
7661,0.465568432
7662,0.47409252
7663,0.510295949
7664,0.529068097
7665,0.521789101
7666,0.509721291
7667,0.493343549
7668,0.456852792
7669,0.449286467
7670,0.467100852
7671,0.485873001
7672,0.579542189
7673,0.613063883
7674,0.611531463
7675,0.55234173
7676,0.522172206
7677,0.460683843
7678,0.437889091
7679,0.438463749
7680,0.397758835
7681,0.358490566
7682,0.357149698
7683,0.364716023
7684,0.366727325
7685,0.391246049
7686,0.401398333
7687,0.425725505
7688,0.48434058
7689,0.490853367
7690,0.495929509
7691,0.519394694
7692,0.457140121
7693,0.445263864
7694,0.449382243
7695,0.467579734
7696,0.525524375
7697,0.579159084
7698,0.609520161
7699,0.582511254
7700,0.53462312
7701,0.504740925
7702,0.482903936
7703,0.473134757
7704,0.437027105
7705,0.380136002
7706,0.368451298
7707,0.382338856
7708,0.402164544
7709,0.45330907
7710,0.54104013
7711,0.603773585
7712,0.605593334
7713,0.569389905
7714,0.541519012
7715,0.51000862
7716,0.493535102
7717,0.512786132
7718,0.521597548
7719,0.60904128
7720,0.637869936
7721,0.655013888
7722,0.648117996
7723,0.611052581
7724,0.555885452
7725,0.513265013
7726,0.495737956
7727,0.462599368
7728,0.444401877
7729,0.436739776
7730,0.43405804
7731,0.431663634
7732,0.436739776
7733,0.48434058
7734,0.558471411
7735,0.626568336
7736,0.63777416
7737,0.612585001
7738,0.586342304
7739,0.540465473
7740,0.534431568
7741,0.554544584
7742,0.586054976
7743,0.63135715
7744,0.688439805
7745,0.689206015
7746,0.64725601
7747,0.592184657
7748,0.566516617
7749,0.523225745
7750,0.48280816
7751,0.442007471
7752,0.42610861
7753,0.416722536
7754,0.419116943
7755,0.425821281
7756,0.428981898
7757,0.46202471
7758,0.540082368
7759,0.601091849
7760,0.590652236
7761,0.575615363
7762,0.531079399
7763,0.51565942
7764,0.482425055
7765,0.492673116
7766,0.508667752
7767,0.588066277
7768,0.64313763
7769,0.658461833
7770,0.670242314
7771,0.557130543
7772,0.512594579
7773,0.477253137
7774,0.477732018
7775,0.45407528
7776,0.438463749
7777,0.412029499
7778,0.40867733
7779,0.426683268
7780,0.435207356
7781,0.463461354
7782,0.530600517
7783,0.601762283
7784,0.606934202
7785,0.561153146
7786,0.540082368
7787,0.503878939
7788,0.515850972
7789,0.510487501
7790,0.525237046
7791,0.606359544
7792,0.684417201
7793,0.694952591
7794,0.665453501
7795,0.585097213
7796,0.524662389
7797,0.509912844
7798,0.483861699
7799,0.451680873
7800,0.43022699
7801,0.391437602
7802,0.379274016
7803,0.377933148
7804,0.42304377
7805,0.470740351
7806,0.526290585
7807,0.576094244
7808,0.581649267
7809,0.57053922
7810,0.543721866
7811,0.504166268
7812,0.476678479
7813,0.486351882
7814,0.551479743
7815,0.596015707
7816,0.681448137
7817,0.647639115
7818,0.606167992
7819,0.573508285
7820,0.511636816
7821,0.482329279
7822,0.469112154
7823,0.413561919
7824,0.347188967
7825,0.323340676
7826,0.324873096
7827,0.341729719
7828,0.356575041
7829,0.4253424
7830,0.48922517
7831,0.516234077
7832,0.544488076
7833,0.52514127
7834,0.508093095
7835,0.490182933
7836,0.456469687
7837,0.45101044
7838,0.474379849
7839,0.521980653
7840,0.58979025
7841,0.608370846
7842,0.615266737
7843,0.585288765
7844,0.530600517
7845,0.488746289
7846,0.426970597
7847,0.402834977
7848,0.377741596
7849,0.361363854
7850,0.358777895
7851,0.36557801
7852,0.371611915
7853,0.390767168
7854,0.430801647
7855,0.477732018
7856,0.50359161
7857,0.489512499
7858,0.499090125
7859,0.507805766
7860,0.453979504
7861,0.442582128
7862,0.444401877
7863,0.529355426
7864,0.604444019
7865,0.618906235
7866,0.607125754
7867,0.589311369
7868,0.550330428
7869,0.476774255
7870,0.448520257
7871,0.431472081
7872,0.417201417
7873,0.411263289
7874,0.390384063
7875,0.417871851
7876,0.434632698
7877,0.512115698
7878,0.585576094
7879,0.622066852
7880,0.624844364
7881,0.614117422
7882,0.587300067
7883,0.559812279
7884,0.550043099
7885,0.562781343
7886,0.583085911
7887,0.634326214
7888,0.68958912
7889,0.680394598
7890,0.664783067
7891,0.60185806
7892,0.556651662
7893,0.491140695
7894,0.470357245
7895,0.439804616
7896,0.413657696
7897,0.391437602
7898,0.38789388
7899,0.395651757
7900,0.413945024
7901,0.453213294
7902,0.544966957
7903,0.594866392
7904,0.612968107
7905,0.59467484
7906,0.551958625
7907,0.519203141
7908,0.508667752
7909,0.512786132
7910,0.539124605
7911,0.609328608
7912,0.666890145
7913,0.640360119
7914,0.608849727
7915,0.535580883
7916,0.508859305
7917,0.453692175
7918,0.439421511
7919,0.428119912
7920,0.411550618
7921,0.39019251
7922,0.385307921
7923,0.388851643
7924,0.397758835
7925,0.435494684
7926,0.542764103
7927,0.617565367
7928,0.609999042
7929,0.577435112
7930,0.522746863
7931,0.489033617
7932,0.478019347
7933,0.51872426
7934,0.546116272
7935,0.617373815
7936,0.675797337
7937,0.635475529
7938,0.61363854
7939,0.538837276
7940,0.487788526
7941,0.464993775
7942,0.447849823
7943,0.422756441
7944,0.394598219
7945,0.389234748
7946,0.392778469
7947,0.406761804
7948,0.424671966
7949,0.478881333
7950,0.542093669
7951,0.639498132
7952,0.601187626
7953,0.542476774
7954,0.522938416
7955,0.51077483
7956,0.508667752
7957,0.5084762
7958,0.560578489
7959,0.610477924
7960,0.679341059
7961,0.68317211
7962,0.626568336
7963,0.583564793
7964,0.535580883
7965,0.472655876
7966,0.451489321
7967,0.419212719
7968,0.403888516
7969,0.382721961
7970,0.385403697
7971,0.393832008
7972,0.388947419
7973,0.420457811
7974,0.546020496
7975,0.626951441
7976,0.623790825
7977,0.554065703
7978,0.532228714
7979,0.510104396
7980,0.515372091
7981,0.517000287
7982,0.55157552
7983,0.630495163
7984,0.713628963
7985,0.692175079
7986,0.661335121
7987,0.575615363
7988,0.502250742
7989,0.450244229
7990,0.416052102
7991,0.403409635
7992,0.380136002
7993,0.369696389
7994,0.357532803
7995,0.363758261
7996,0.369025955
7997,0.400057466
7998,0.495259075
7999,0.549085337
8000,0.547169811
8001,0.475529164
8002,0.436260895
8003,0.402356096
8004,0.411933723
8005,0.428981898
8006,0.49075759
8007,0.558279858
8008,0.614692079
8009,0.626089455
8010,0.616799157
8011,0.576285796
8012,0.491715353
8013,0.44382722
8014,0.399865913
8015,0.402547649
8016,0.353031319
8017,0.33837755
8018,0.331673211
8019,0.327075951
8020,0.341442391
8021,0.365865339
8022,0.375538741
8023,0.404271621
8024,0.43817642
8025,0.442965233
8026,0.425533953
8027,0.375442965
8028,0.367397759
8029,0.370749928
8030,0.392491141
8031,0.436356671
8032,0.544966957
8033,0.590843789
8034,0.590652236
8035,0.549085337
8036,0.481563069
8037,0.406761804
8038,0.379274016
8039,0.336749354
8040,0.326597069
8041,0.326501293
8042,0.324968873
8043,0.319988507
8044,0.334833828
8045,0.371133033
8046,0.498228139
8047,0.566133512
8048,0.5690068
8049,0.556460109
8050,0.491619577
8051,0.457810555
8052,0.428598793
8053,0.450052677
8054,0.508093095
8055,0.59544105
8056,0.650129298
8057,0.648309549
8058,0.62005555
8059,0.56105737
8060,0.496887271
8061,0.407815343
8062,0.36634422
8063,0.331002778
8064,0.296523322
8065,0.301982569
8066,0.29939661
8067,0.302653003
8068,0.332056316
8069,0.463078249
8070,0.580787281
8071,0.622928838
8072,0.604635571
8073,0.566612393
8074,0.52284264
8075,0.499090125
8076,0.508093095
8077,0.504070491
8078,0.522651087
8079,0.609328608
8080,0.64802222
8081,0.65750407
8082,0.608275069
8083,0.540561249
8084,0.504262044
8085,0.450627335
8086,0.383488172
8087,0.322191361
8088,0.303898094
8089,0.298055742
8090,0.293650034
8091,0.293650034
8092,0.312326406
8093,0.446508955
8094,0.55464036
8095,0.591609999
8096,0.593621301
8097,0.527727229
8098,0.465472656
8099,0.411263289
8100,0.409251987
8101,0.405516713
8102,0.447275165
8103,0.542859879
8104,0.62800498
8105,0.618810459
8106,0.586533857
8107,0.532611819
8108,0.490566038
8109,0.451489321
8110,0.374485203
8111,0.336653577
8112,0.315008141
8113,0.287041471
8114,0.281294895
8115,0.286275261
8116,0.327171727
8117,0.427066373
8118,0.545254286
8119,0.608083517
8120,0.58825783
8121,0.55464036
8122,0.507614213
8123,0.445168087
8124,0.434536922
8125,0.434536922
8126,0.470836127
8127,0.55387415
8128,0.611627239
8129,0.63212336
8130,0.593238196
8131,0.547840245
8132,0.470644574
8133,0.428694569
8134,0.387319222
8135,0.315774351
8136,0.29604444
8137,0.273249689
8138,0.26807777
8139,0.273441241
8140,0.315487022
8141,0.406666028
8142,0.472464323
8143,0.514222776
8144,0.511253711
8145,0.492481563
8146,0.44689206
8147,0.429365003
8148,0.418829614
8149,0.41662676
8150,0.444401877
8151,0.521884877
8152,0.579063308
8153,0.567857485
8154,0.554161479
8155,0.506369122
8156,0.377933148
8157,0.339335313
8158,0.325447754
8159,0.309165789
8160,0.281678
8161,0.266832679
8162,0.261373432
8163,0.268652428
8164,0.286658366
8165,0.325351978
8166,0.387989656
8167,0.508380423
8168,0.50129298
8169,0.47485873
8170,0.402930754
8171,0.371611915
8172,0.339431089
8173,0.319030744
8174,0.342400153
8175,0.436356671
8176,0.527248348
8177,0.560099607
8178,0.549468442
8179,0.480030648
8180,0.411167513
8181,0.36711043
8182,0.343932574
8183,0.272579255
8184,0.256009961
8185,0.242218178
8186,0.242313955
8187,0.244899914
8188,0.245666124
8189,0.256776171
8190,0.294224691
8191,0.337707116
8192,0.359256776
8193,0.35992721
8194,0.318456087
8195,0.29451202
8196,0.276984963
8197,0.273632794
8198,0.298151518
8199,0.393161575
8200,0.495737956
8201,0.535006225
8202,0.541519012
8203,0.470069917
8204,0.39019251
8205,0.357532803
8206,0.297193755
8207,0.269897519
8208,0.254956422
8209,0.250167608
8210,0.247868978
8211,0.247581649
8212,0.251508476
8213,0.31682789
8214,0.407336462
8215,0.469686812
8216,0.493247773
8217,0.462886697
8218,0.434441145
8219,0.339047984
8220,0.326597069
8221,0.378986687
8222,0.420840916
8223,0.478019347
8224,0.529546978
8225,0.50589024
8226,0.527248348
8227,0.483191265
8228,0.376017623
8229,0.312039077
8230,0.2929796
8231,0.253232449
8232,0.241164639
8233,0.231778565
8234,0.225553108
8235,0.227947515
8236,0.229671487
8237,0.279954027
8238,0.392203812
8239,0.473996744
8240,0.485681448
8241,0.463269802
8242,0.399387032
8243,0.336462025
8244,0.313284168
8245,0.330619672
8246,0.407049133
8247,0.472847428
8248,0.522651087
8249,0.522555311
8250,0.4971746
8251,0.462599368
8252,0.367301983
8253,0.310889762
8254,0.287424576
8255,0.248347859
8256,0.23139546
8257,0.230341921
8258,0.22986304
8259,0.240494206
8260,0.250071832
8261,0.313284168
8262,0.475146059
8263,0.564122211
8264,0.521022891
8265,0.475050283
8266,0.430131213
8267,0.388276985
8268,0.387798104
8269,0.399099703
8270,0.452734412
8271,0.576285796
8272,0.618714683
8273,0.616799157
8274,0.581745044
8275,0.493918207
8276,0.395555981
8277,0.319413849
8278,0.294128915
8279,0.296714874
8280,0.263288957
8281,0.236950484
8282,0.229671487
8283,0.232448999
8284,0.262331194
8285,0.361746959
8286,0.472943205
8287,0.543434537
8288,0.552150177
8289,0.540657025
8290,0.526194809
8291,0.418733838
8292,0.417871851
8293,0.442677904
8294,0.502346519
8295,0.589981803
8296,0.623024615
8297,0.61210612
8298,0.568815248
8299,0.443348338
8300,0.344315679
8301,0.311560195
8302,0.292883823
8303,0.278038502
8304,0.247773202
8305,0.246623887
8306,0.244516809
8307,0.242888612
8308,0.25629729
8309,0.308782684
8310,0.458672541
8311,0.558088306
8312,0.550809309
8313,0.516521406
8314,0.482233503
8315,0.43894263
8316,0.424863519
8317,0.42946078
8318,0.451201992
8319,0.554161479
8320,0.585767647
8321,0.561919356
8322,0.466047313
8323,0.392778469
8324,0.369121732
8325,0.339335313
8326,0.327554832
8327,0.305622067
8328,0.283689302
8329,0.268365099
8330,0.250454937
8331,0.265108706
8332,0.273345465
8333,0.279475146
8334,0.349966478
8335,0.460204961
8336,0.489799828
8337,0.438751077
8338,0.367206206
8339,0.334163394
8340,0.326980174
8341,0.331673211
8342,0.353797529
8343,0.438272196
8344,0.531654056
8345,0.564409539
8346,0.559716502
8347,0.482903936
8348,0.41250838
8349,0.348817163
8350,0.30811225
8351,0.304568528
8352,0.278900488
8353,0.253902883
8354,0.24988028
8355,0.247868978
8356,0.253519778
8357,0.299013504
8358,0.320084283
8359,0.358586342
8360,0.341825496
8361,0.337324011
8362,0.303323436
8363,0.295757111
8364,0.290202088
8365,0.294990901
8366,0.324489991
8367,0.425533953
8368,0.504549373
8369,0.519586247
8370,0.535197778
8371,0.455320372
8372,0.373240111
8373,0.329757686
8374,0.309261565
8375,0.278804712
8376,0.248060531
8377,0.242313955
8378,0.242409731
8379,0.255531079
8380,0.279092041
8381,0.322861795
8382,0.430131213
8383,0.510870606
8384,0.533952687
8385,0.514126999
8386,0.484149028
8387,0.449861124
8388,0.441432813
8389,0.452159755
8390,0.488937841
8391,0.555789675
8392,0.607700412
8393,0.588736711
8394,0.548319127
8395,0.485585672
8396,0.436165118
8397,0.343932574
8398,0.317019443
8399,0.278996265
8400,0.262043866
8401,0.256680395
8402,0.254381764
8403,0.253424002
8404,0.270472177
8405,0.297385308
8406,0.415573221
8407,0.509050857
8408,0.505219807
8409,0.468154391
8410,0.434153817
8411,0.374964084
8412,0.359735658
8413,0.412316828
8414,0.433004501
8415,0.529546978
8416,0.59850589
8417,0.592759314
8418,0.557513648
8419,0.4915238
8420,0.392874246
8421,0.358873671
8422,0.341442391
8423,0.303323436
8424,0.283880854
8425,0.282348434
8426,0.283306197
8427,0.290202088
8428,0.314337707
8429,0.401589886
8430,0.481371516
8431,0.541614788
8432,0.547648693
8433,0.538454171
8434,0.512977684
8435,0.462120487
8436,0.453021741
8437,0.459630304
8438,0.492002682
8439,0.550043099
8440,0.591609999
8441,0.578297098
8442,0.539603486
8443,0.488363184
8444,0.424767743
8445,0.383679724
8446,0.366152667
8447,0.328033713
8448,0.301312135
8449,0.299013504
8450,0.302174121
8451,0.310698209
8452,0.333684513
8453,0.437122881
8454,0.527056795
8455,0.58825783
8456,0.614213198
8457,0.580883057
8458,0.532803371
8459,0.503304281
8460,0.502250742
8461,0.528876544
8462,0.574753376
8463,0.619576669
8464,0.6521406
8465,0.611627239
8466,0.557705201
8467,0.523896179
8468,0.487884302
8469,0.420553587
8470,0.379082463
8471,0.343357916
8472,0.321520927
8473,0.317306771
8474,0.316540561
8475,0.318168758
8476,0.348817163
8477,0.425533953
8478,0.507326884
8479,0.597260799
8480,0.617948472
8481,0.5690068
8482,0.538837276
8483,0.451106216
8484,0.427162149
8485,0.496791495
8486,0.552629059
8487,0.590652236
8488,0.624557035
8489,0.618810459
8490,0.582511254
8491,0.509529739
8492,0.469686812
8493,0.410113974
8494,0.384541711
8495,0.383200843
8496,0.353127095
8497,0.349870702
8498,0.344603007
8499,0.359831434
8500,0.370749928
8501,0.384637487
8502,0.431567857
8503,0.481371516
8504,0.518149603
8505,0.504166268
8506,0.465951537
8507,0.413083038
8508,0.412316828
8509,0.425629729
8510,0.457427449
8511,0.492960444
8512,0.562781343
8513,0.580499952
8514,0.570634997
8515,0.504549373
8516,0.46614309
8517,0.454362609
8518,0.433387607
8519,0.406857581
8520,0.38224308
8521,0.372473901
8522,0.371133033
8523,0.379657121
8524,0.391820707
8525,0.397567283
8526,0.424193085
8527,0.455703477
8528,0.465951537
8529,0.461354276
8530,0.445455416
8531,0.420170482
8532,0.402739201
8533,0.40532516
8534,0.41097596
8535,0.459247199
8536,0.510104396
8537,0.507614213
8538,0.498323915
8539,0.46844172
8540,0.446317403
8541,0.430514319
8542,0.419978929
8543,0.379561345
8544,0.356670817
8545,0.347380519
8546,0.33914376
8547,0.346901638
8548,0.35197778
8549,0.399674361
8550,0.482903936
8551,0.538549947
8552,0.549659994
8553,0.492864668
8554,0.435494684
8555,0.403122306
8556,0.4196916
8557,0.428694569
8558,0.466430419
8559,0.594195958
8560,0.662771765
8561,0.631836031
8562,0.606263768
8563,0.531749832
8564,0.472176995
8565,0.427162149
8566,0.397279954
8567,0.370366823
8568,0.344315679
8569,0.331768988
8570,0.332056316
8571,0.347284743
8572,0.36145963
8573,0.380327555
8574,0.430322766
8575,0.459055646
8576,0.469112154
8577,0.449382243
8578,0.425629729
8579,0.401015228
8580,0.396130639
8581,0.429843885
8582,0.465664208
8583,0.533569581
8584,0.598697443
8585,0.59055646
8586,0.554353031
8587,0.498898573
8588,0.452255531
8589,0.394023561
8590,0.371324586
8591,0.374389426
8592,0.357245475
8593,0.33837755
8594,0.32812949
8595,0.345464994
8596,0.354755292
8597,0.365099128
8598,0.384350158
8599,0.396513744
8600,0.404463174
8601,0.401015228
8602,0.383679724
8603,0.373910545
8604,0.367780864
8605,0.38147687
8606,0.404367398
8607,0.476870032
8608,0.538837276
8609,0.513743894
8610,0.498994349
8611,0.471410784
8612,0.449956901
8613,0.444401877
8614,0.417009865
8615,0.351786227
8616,0.334067618
8617,0.314625036
8618,0.310602433
8619,0.312517958
8620,0.321137822
8621,0.341250838
8622,0.360884973
8623,0.363854037
8624,0.379848673
8625,0.369792166
8626,0.358777895
8627,0.343741021
8628,0.335408486
8629,0.343549468
8630,0.41586055
8631,0.491044919
8632,0.573029403
8633,0.611818791
8634,0.604827124
8635,0.54898956
8636,0.511349488
8637,0.472847428
8638,0.443444115
8639,0.36222584
8640,0.347763624
8641,0.309357341
8642,0.301982569
8643,0.298726176
8644,0.328512595
8645,0.376209175
8646,0.400919452
8647,0.454745714
8648,0.523991955
8649,0.517766497
8650,0.501197203
8651,0.458289436
8652,0.435590461
8653,0.461162724
8654,0.514222776
8655,0.560674265
8656,0.621875299
8657,0.64160521
8658,0.622449957
8659,0.532899148
8660,0.48050953
8661,0.425821281
8662,0.395364429
8663,0.338090221
8664,0.293362705
8665,0.278708936
8666,0.271813045
8667,0.266928455
8668,0.275452543
8669,0.294895125
8670,0.32966191
8671,0.39660952
8672,0.421894455
8673,0.41815918
8674,0.399099703
8675,0.35839479
8676,0.343741021
8677,0.352935543
8678,0.388181209
8679,0.489608275
8680,0.569198353
8681,0.589981803
8682,0.589886026
8683,0.531079399
8684,0.443922996
8685,0.381859975
8686,0.327746384
8687,0.301791016
8688,0.281678
8689,0.269610191
8690,0.257255052
8691,0.25629729
8692,0.265683364
8693,0.302269898
8694,0.340484628
8695,0.393832008
8696,0.431567857
8697,0.385882578
8698,0.341825496
8699,0.349870702
8700,0.366056891
8701,0.340867733
8702,0.35992721
8703,0.429843885
8704,0.573508285
8705,0.593908629
8706,0.580691505
8707,0.524758165
8708,0.436644
8709,0.386744565
8710,0.337324011
8711,0.274590556
8712,0.256009961
8713,0.246432334
8714,0.243367494
8715,0.244133704
8716,0.26731156
8717,0.32477732
8718,0.423618427
8719,0.515084762
8720,0.527823005
8721,0.516617182
8722,0.463557131
8723,0.404175845
8724,0.405516713
8725,0.433674935
8726,0.449573796
8727,0.522651087
8728,0.568623695
8729,0.602815822
8730,0.614692079
8731,0.54822335
8732,0.467483957
8733,0.407719567
8734,0.377645819
8735,0.319413849
8736,0.276601858
8737,0.272291926
8738,0.281007566
8739,0.271717268
8740,0.28579638
8741,0.337419787
8742,0.393736232
8743,0.471793889
8744,0.506752227
8745,0.469016378
8746,0.381189541
8747,0.340293075
8748,0.333588737
8749,0.348050953
8750,0.427257925
8751,0.516904511
8752,0.567761709
8753,0.589311369
8754,0.577147783
8755,0.521214443
8756,0.458289436
8757,0.408581553
8758,0.379274016
8759,0.313188392
