0,0.5602
1,0.5699
2,0.5606
3,0.5571
4,0.5313
5,0.4986
6,0.4596
7,0.4197
8,0.3989
9,0.375
10,0.3556
11,0.349
12,0.3682
13,0.3845
14,0.3975
15,0.4195
16,0.4298
17,0.4453
18,0.4551
19,0.4642
20,0.4584
21,0.4407
22,0.4132
23,0.3884
24,0.3742
25,0.3605
26,0.3367
27,0.3153
28,0.3032
29,0.3004
30,0.2985
31,0.2903
32,0.2708
33,0.2352
34,0.1999
35,0.1772
36,0.1634
37,0.1538
38,0.1492
39,0.1513
40,0.1528
41,0.1492
42,0.1413
43,0.1338
44,0.1317
45,0.134
46,0.1359
47,0.1341
48,0.1295
49,0.1242
50,0.1201
51,0.1163
52,0.1127
53,0.1117
54,0.1125
55,0.1107
56,0.1045
57,0.0939
58,0.083
59,0.0758
60,0.0731
61,0.0788
62,0.0915
63,0.1026
64,0.1068
65,0.1046
66,0.0991
67,0.0926
68,0.0839
69,0.0776
70,0.0837
71,0.0996
72,0.1017
73,0.0914
74,0.0887
75,0.1012
76,0.1213
77,0.1402
78,0.1473
79,0.1535
80,0.161
81,0.1594
82,0.1578
83,0.1688
84,0.1853
85,0.2003
86,0.215
87,0.232
88,0.2449
89,0.2512
90,0.2518
91,0.2475
92,0.2413
93,0.2472
94,0.2586
95,0.27
96,0.2735
97,0.2694
98,0.2623
99,0.2579
100,0.2547
101,0.2522
102,0.2478
103,0.2466
104,0.2442
105,0.2376
106,0.2366
107,0.2513
108,0.275
109,0.2853
110,0.2845
111,0.2839
112,0.2808
113,0.2698
114,0.2553
115,0.2441
116,0.2339
117,0.224
118,0.2159
119,0.21
120,0.2061
121,0.2017
122,0.1969
123,0.2026
124,0.2107
125,0.2174
126,0.2123
127,0.2032
128,0.1897
129,0.1649
130,0.1397
131,0.1301
132,0.133
133,0.1372
134,0.1383
135,0.1424
136,0.1529
137,0.1666
138,0.1737
139,0.1749
140,0.1788
141,0.1893
142,0.2121
143,0.237
144,0.2691
145,0.2834
146,0.3
147,0.3259
148,0.3615
149,0.3921
150,0.4322
151,0.4692
152,0.5256
153,0.5742
154,0.6194
155,0.6639
156,0.6961
157,0.7188
158,0.7501
159,0.7844
160,0.7982
161,0.819
162,0.8319
163,0.8328
164,0.8217
165,0.8246
166,0.8221
167,0.8158
168,0.8126
169,0.8147
170,0.8206
171,0.8246
172,0.8196
173,0.8067
174,0.7874
175,0.7535
176,0.7331
177,0.7155
178,0.7067
179,0.7151
180,0.7273
181,0.7183
182,0.7026
183,0.6943
184,0.685
185,0.6572
186,0.6343
187,0.6225
188,0.5995
189,0.5931
190,0.5978
191,0.5933
192,0.5843
193,0.571
194,0.5529
195,0.5427
196,0.5462
197,0.5451
198,0.544
199,0.5251
200,0.4874
201,0.4532
202,0.4382
203,0.4324
204,0.4308
205,0.4211
206,0.4144
207,0.3923
208,0.3657
209,0.3524
210,0.3395
211,0.3107
212,0.2816
213,0.2605
214,0.2412
215,0.2116
216,0.1919
217,0.1796
218,0.164
219,0.1578
220,0.1588
221,0.1585
222,0.1575
223,0.1641
224,0.1685
225,0.1652
226,0.1554
227,0.1563
228,0.1698
229,0.1918
230,0.2061
231,0.2273
232,0.2462
233,0.2616
234,0.2764
235,0.2693
236,0.2677
237,0.2738
238,0.2748
239,0.2732
240,0.2802
241,0.2863
242,0.2934
243,0.2966
244,0.3014
245,0.2982
246,0.2847
247,0.2757
248,0.2694
249,0.2539
250,0.2364
251,0.2352
252,0.2513
253,0.2593
254,0.2665
255,0.2771
256,0.3036
257,0.3352
258,0.3474
259,0.3487
260,0.349
261,0.3623
262,0.3938
263,0.4297
264,0.4782
265,0.5224
266,0.5597
267,0.5996
268,0.6391
269,0.6667
270,0.7007
271,0.7122
272,0.7284
273,0.7402
274,0.7381
275,0.7295
276,0.7174
277,0.7118
278,0.7267
279,0.7452
280,0.7504
281,0.7363
282,0.7132
283,0.709
284,0.7563
285,0.7764
286,0.7887
287,0.7903
288,0.7926
289,0.8206
290,0.834
291,0.85
292,0.8614
293,0.857
294,0.8625
295,0.8613
296,0.8613
297,0.8728
298,0.8846
299,0.8995
300,0.9107
301,0.9218
302,0.9286
303,0.9274
304,0.9202
305,0.9139
306,0.9098
307,0.8963
308,0.8754
309,0.859
310,0.8467
311,0.8302
312,0.8087
313,0.7844
314,0.7635
315,0.7388
316,0.7022
317,0.6518
318,0.5943
319,0.5502
320,0.491
321,0.4283
322,0.3735
323,0.3538
324,0.3353
325,0.3014
326,0.2646
327,0.243
328,0.2337
329,0.2449
330,0.2627
331,0.2861
332,0.3289
333,0.3833
334,0.4258
335,0.4659
336,0.4842
337,0.4946
338,0.5061
339,0.5214
340,0.5282
341,0.5644
342,0.5811
343,0.5771
344,0.5729
345,0.5659
346,0.5481
347,0.5589
348,0.5702
349,0.5695
350,0.5584
351,0.5544
352,0.5574
353,0.5595
354,0.5737
355,0.5929
356,0.6218
357,0.6499
358,0.6516
359,0.6628
360,0.686
361,0.6916
362,0.678
363,0.6904
364,0.7324
365,0.7668
366,0.7634
367,0.7344
368,0.7207
369,0.695
370,0.6695
371,0.6765
372,0.6799
373,0.6654
374,0.6376
375,0.6069
376,0.5721
377,0.5263
378,0.4659
379,0.3976
380,0.3822
381,0.4015
382,0.4377
383,0.4647
384,0.4863
385,0.5161
386,0.5404
387,0.5457
388,0.5662
389,0.6189
390,0.6819
391,0.7324
392,0.7496
393,0.7407
394,0.7266
395,0.7033
396,0.6731
397,0.6357
398,0.5884
399,0.5511
400,0.5135
401,0.4641
402,0.4144
403,0.3595
404,0.298
405,0.2506
406,0.2156
407,0.1947
408,0.1859
409,0.1883
410,0.1964
411,0.1902
412,0.1858
413,0.1928
414,0.2061
415,0.2252
416,0.2549
417,0.2776
418,0.3055
419,0.3503
420,0.4077
421,0.4399
422,0.4558
423,0.4798
424,0.5115
425,0.5325
426,0.5547
427,0.5656
428,0.5756
429,0.5769
430,0.5707
431,0.562
432,0.5396
433,0.516
434,0.4968
435,0.4804
436,0.4735
437,0.46
438,0.447
439,0.4355
440,0.4274
441,0.4177
442,0.4102
443,0.3907
444,0.3551
445,0.3221
446,0.296
447,0.2882
448,0.2897
449,0.2812
450,0.2631
451,0.2368
452,0.2057
453,0.1784
454,0.1532
455,0.1284
456,0.1065
457,0.0909
458,0.0788
459,0.0692
460,0.06
461,0.0504
462,0.043
463,0.0398
464,0.0392
465,0.0375
466,0.034
467,0.0321
468,0.0344
469,0.0416
470,0.0576
471,0.0806
472,0.1038
473,0.1129
474,0.1109
475,0.1087
476,0.1017
477,0.0919
478,0.079
479,0.0651
480,0.0521
481,0.0434
482,0.0388
483,0.0385
484,0.0417
485,0.0444
486,0.0473
487,0.0545
488,0.0666
489,0.0842
490,0.1093
491,0.1473
492,0.1939
493,0.2473
494,0.2993
495,0.3624
496,0.4295
497,0.4915
498,0.54
499,0.5592
500,0.5247
501,0.5311
502,0.5898
503,0.6366
504,0.6774
505,0.704
506,0.7298
507,0.7182
508,0.6813
509,0.601
510,0.5122
511,0.4451
512,0.4028
513,0.3572
514,0.2972
515,0.2645
516,0.2506
517,0.2377
518,0.2203
519,0.2138
520,0.2256
521,0.2402
522,0.2327
523,0.2109
524,0.1735
525,0.1336
526,0.1165
527,0.1166
528,0.1208
529,0.1397
530,0.1647
531,0.1928
532,0.2177
533,0.2435
534,0.2631
535,0.2592
536,0.224
537,0.1796
538,0.1443
539,0.1192
540,0.1054
541,0.103
542,0.1127
543,0.1284
544,0.1342
545,0.1253
546,0.1106
547,0.0988
548,0.0923
549,0.0931
550,0.0956
551,0.0944
552,0.0925
553,0.0955
554,0.1018
555,0.1003
556,0.0998
557,0.1011
558,0.1017
559,0.1002
560,0.099
561,0.0874
562,0.0721
563,0.0573
564,0.0488
565,0.0446
566,0.0416
567,0.0432
568,0.0423
569,0.0416
570,0.0458
571,0.0557
572,0.0678
573,0.0761
574,0.0899
575,0.1175
576,0.1791
577,0.2473
578,0.2863
579,0.3185
580,0.3574
581,0.4026
582,0.4408
583,0.4732
584,0.5189
585,0.5517
586,0.5654
587,0.5473
588,0.5815
589,0.5939
590,0.6113
591,0.6496
592,0.6654
593,0.6605
594,0.6645
595,0.663
596,0.637
597,0.62
598,0.611
599,0.6293
600,0.6244
601,0.6327
602,0.646
603,0.6504
604,0.6386
605,0.6236
606,0.6014
607,0.5993
608,0.5849
609,0.5724
610,0.5849
611,0.6285
612,0.6713
613,0.716
614,0.7444
615,0.7466
616,0.7453
617,0.7281
618,0.6952
619,0.6437
620,0.5911
621,0.5567
622,0.5763
623,0.6892
624,0.7476
625,0.7222
626,0.6876
627,0.6725
628,0.6867
629,0.7186
630,0.7799
631,0.8881
632,0.9154
633,0.9012
634,0.8936
635,0.9106
636,0.921
637,0.9205
638,0.929
639,0.9402
640,0.9439
641,0.9423
642,0.9315
643,0.9111
644,0.8879
645,0.8723
646,0.8492
647,0.8201
648,0.7891
649,0.7617
650,0.7346
651,0.7134
652,0.6885
653,0.6622
654,0.6389
655,0.6177
656,0.597
657,0.5733
658,0.5675
659,0.5619
660,0.5334
661,0.5036
662,0.465
663,0.4307
664,0.412
665,0.4183
666,0.4203
667,0.4181
668,0.3928
669,0.3622
670,0.3191
671,0.2913
672,0.2874
673,0.2967
674,0.3118
675,0.3241
676,0.331
677,0.3341
678,0.3379
679,0.3449
680,0.3442
681,0.3306
682,0.3042
683,0.2941
684,0.3213
685,0.3728
686,0.4233
687,0.4505
688,0.4801
689,0.4825
690,0.4532
691,0.4079
692,0.358
693,0.3126
694,0.275
695,0.2492
696,0.2237
697,0.2149
698,0.2332
699,0.2642
700,0.2875
701,0.3064
702,0.3047
703,0.2747
704,0.2326
705,0.1895
706,0.153
707,0.1262
708,0.106
709,0.0884
710,0.0746
711,0.0711
712,0.0723
713,0.0732
714,0.0723
715,0.0706
716,0.0693
717,0.0666
718,0.0604
719,0.0526
720,0.0457
721,0.0375
722,0.0358
723,0.0502
724,0.068
725,0.0792
726,0.0874
727,0.1036
728,0.1279
729,0.148
730,0.1687
731,0.2116
732,0.2559
733,0.3065
734,0.3535
735,0.3984
736,0.4543
737,0.5145
738,0.5663
739,0.6015
740,0.6127
741,0.6076
742,0.6064
743,0.6113
744,0.6178
745,0.613
746,0.6021
747,0.5789
748,0.5513
749,0.5134
750,0.4699
751,0.4394
752,0.4223
753,0.3954
754,0.3782
755,0.3764
756,0.3664
757,0.3538
758,0.3456
759,0.3338
760,0.3271
761,0.325
762,0.3236
763,0.3305
764,0.3424
765,0.3664
766,0.3905
767,0.4043
768,0.4137
769,0.4217
770,0.4369
771,0.4488
772,0.4643
773,0.4881
774,0.52
775,0.5436
776,0.5566
777,0.5632
778,0.5636
779,0.5672
780,0.5641
781,0.5462
782,0.5208
783,0.4955
784,0.4716
785,0.4505
786,0.422
787,0.388
788,0.3639
789,0.3643
790,0.3519
791,0.3371
792,0.3271
793,0.3195
794,0.3102
795,0.3096
796,0.3026
797,0.2972
798,0.3006
799,0.3006
800,0.2903
801,0.2773
802,0.2792
803,0.3045
804,0.3579
805,0.3849
806,0.4102
807,0.4352
808,0.4633
809,0.475
810,0.5011
811,0.5329
812,0.5576
813,0.5845
814,0.6126
815,0.6568
816,0.7248
817,0.7818
818,0.8059
819,0.8205
820,0.8162
821,0.8091
822,0.7895
823,0.8048
824,0.8185
825,0.7943
826,0.7479
827,0.7063
828,0.6485
829,0.586
830,0.5568
831,0.5199
832,0.4574
833,0.3915
834,0.3161
835,0.2523
836,0.2111
837,0.1795
838,0.1476
839,0.1161
840,0.0964
841,0.0877
842,0.0895
843,0.1035
844,0.126
845,0.1569
846,0.1944
847,0.2282
848,0.256
849,0.2663
850,0.2874
851,0.3261
852,0.3677
853,0.4292
854,0.501
855,0.5668
856,0.6499
857,0.7068
858,0.7386
859,0.7607
860,0.73
861,0.7169
862,0.7024
863,0.6749
864,0.6481
865,0.6025
866,0.5928
867,0.5491
868,0.5071
869,0.4678
870,0.4173
871,0.3824
872,0.354
873,0.3153
874,0.293
875,0.288
876,0.2899
877,0.2953
878,0.2978
879,0.3
880,0.3109
881,0.3243
882,0.3278
883,0.3185
884,0.325
885,0.3915
886,0.4759
887,0.532
888,0.5579
889,0.5564
890,0.5557
891,0.5381
892,0.6013
893,0.6821
894,0.7444
895,0.8239
896,0.8813
897,0.8957
898,0.8828
899,0.8663
900,0.8607
901,0.8445
902,0.8108
903,0.7722
904,0.7386
905,0.7036
906,0.6305
907,0.5834
908,0.567
909,0.5672
910,0.5645
911,0.5727
912,0.6064
913,0.6594
914,0.7149
915,0.7692
916,0.8323
917,0.879
918,0.9099
919,0.9354
920,0.9566
921,0.968
922,0.9729
923,0.9744
924,0.978
925,0.9821
926,0.9842
927,0.9819
928,0.973
929,0.9591
930,0.9461
931,0.9293
932,0.9114
933,0.8996
934,0.9056
935,0.918
936,0.9274
937,0.926
938,0.9198
939,0.9265
940,0.9433
941,0.9586
942,0.9691
943,0.9716
944,0.9691
945,0.9623
946,0.954
947,0.9421
948,0.9273
949,0.906
950,0.8734
951,0.8348
952,0.801
953,0.7662
954,0.7143
955,0.6664
956,0.6194
957,0.5754
958,0.5289
959,0.4629
960,0.3605
961,0.2759
962,0.2065
963,0.1353
964,0.0954
965,0.1021
966,0.152
967,0.2093
968,0.26
969,0.3329
970,0.4224
971,0.5224
972,0.6036
973,0.6642
974,0.6915
975,0.6823
976,0.6774
977,0.6738
978,0.627
979,0.5402
980,0.4652
981,0.4187
982,0.4189
983,0.4472
984,0.4437
985,0.4036
986,0.3387
987,0.3027
988,0.2951
989,0.2894
990,0.2904
991,0.2725
992,0.2461
993,0.204
994,0.1736
995,0.1509
996,0.1262
997,0.1023
998,0.087
999,0.0797
1000,0.0733
1001,0.067
1002,0.0664
1003,0.0791
1004,0.096
1005,0.1191
1006,0.1577
1007,0.2004
1008,0.233
1009,0.2553
1010,0.2704
1011,0.2818
1012,0.2982
1013,0.3124
1014,0.3262
1015,0.347
1016,0.3909
1017,0.4216
1018,0.4487
1019,0.4679
1020,0.477
1021,0.493
1022,0.5093
1023,0.5277
1024,0.5456
1025,0.5442
1026,0.5286
1027,0.5087
1028,0.5018
1029,0.4891
1030,0.4804
1031,0.4669
1032,0.4608
1033,0.4534
1034,0.453
1035,0.4503
1036,0.4504
1037,0.4644
1038,0.4777
1039,0.4885
1040,0.5121
1041,0.5107
1042,0.5067
1043,0.5064
1044,0.5164
1045,0.5084
1046,0.4977
1047,0.4934
1048,0.5025
1049,0.5155
1050,0.5043
1051,0.4924
1052,0.4742
1053,0.4632
1054,0.4481
1055,0.4224
1056,0.3866
1057,0.3501
1058,0.319
1059,0.3015
1060,0.2731
1061,0.2472
1062,0.2271
1063,0.2041
1064,0.1854
1065,0.1665
1066,0.162
1067,0.1647
1068,0.1702
1069,0.1793
1070,0.1851
1071,0.1907
1072,0.2384
1073,0.3032
1074,0.3509
1075,0.3695
1076,0.3647
1077,0.3454
1078,0.3227
1079,0.2971
1080,0.2688
1081,0.25
1082,0.2386
1083,0.2352
1084,0.2398
1085,0.2463
1086,0.2551
1087,0.2692
1088,0.2753
1089,0.2596
1090,0.2625
1091,0.2768
1092,0.3012
1093,0.3321
1094,0.3555
1095,0.3986
1096,0.4742
1097,0.5416
1098,0.5721
1099,0.5801
1100,0.5754
1101,0.5818
1102,0.5806
1103,0.5914
1104,0.577
1105,0.5706
1106,0.5582
1107,0.5268
1108,0.5005
1109,0.462
1110,0.4339
1111,0.4263
1112,0.405
1113,0.3782
1114,0.3802
1115,0.4032
1116,0.4268
1117,0.4476
1118,0.4399
1119,0.452
1120,0.4791
1121,0.5013
1122,0.5329
1123,0.5507
1124,0.5568
1125,0.5427
1126,0.5423
1127,0.5293
1128,0.5199
1129,0.5219
1130,0.5345
1131,0.5393
1132,0.5477
1133,0.5654
1134,0.5653
1135,0.5649
1136,0.5599
1137,0.5411
1138,0.5627
1139,0.6047
1140,0.6347
1141,0.6526
1142,0.6555
1143,0.6492
1144,0.6549
1145,0.6718
1146,0.685
1147,0.673
1148,0.6521
1149,0.6464
1150,0.6461
1151,0.6231
1152,0.5956
1153,0.5738
1154,0.5549
1155,0.5385
1156,0.5293
1157,0.5303
1158,0.5217
1159,0.5075
1160,0.4943
1161,0.4872
1162,0.4988
1163,0.5327
1164,0.5587
1165,0.5704
1166,0.567
1167,0.5619
1168,0.5581
1169,0.5514
1170,0.5524
1171,0.5665
1172,0.5681
1173,0.5519
1174,0.539
1175,0.5455
1176,0.5309
1177,0.5078
1178,0.4966
1179,0.4867
1180,0.4833
1181,0.4614
1182,0.4378
1183,0.4054
1184,0.379
1185,0.3593
1186,0.3534
1187,0.3631
1188,0.3808
1189,0.3934
1190,0.3908
1191,0.3835
1192,0.4003
1193,0.4393
1194,0.4805
1195,0.5116
1196,0.5336
1197,0.549
1198,0.5519
1199,0.5509
1200,0.5588
1201,0.5772
1202,0.5473
1203,0.5629
1204,0.5913
1205,0.5867
1206,0.5863
1207,0.5835
1208,0.6025
1209,0.599
1210,0.6102
1211,0.6358
1212,0.6501
1213,0.6562
1214,0.6533
1215,0.6405
1216,0.6409
1217,0.643
1218,0.6283
1219,0.6062
1220,0.5846
1221,0.563
1222,0.5474
1223,0.5201
1224,0.5168
1225,0.5266
1226,0.5252
1227,0.5184
1228,0.4912
1229,0.4769
1230,0.478
1231,0.4753
1232,0.4315
1233,0.4142
1234,0.4049
1235,0.3973
1236,0.3706
1237,0.3345
1238,0.3038
1239,0.2761
1240,0.272
1241,0.2987
1242,0.3406
1243,0.3759
1244,0.4029
1245,0.4107
1246,0.3944
1247,0.3614
1248,0.3272
1249,0.2972
1250,0.2719
1251,0.2621
1252,0.2568
1253,0.2456
1254,0.2341
1255,0.226
1256,0.2145
1257,0.196
1258,0.2105
1259,0.2305
1260,0.2459
1261,0.2614
1262,0.2631
1263,0.2656
1264,0.3152
1265,0.3928
1266,0.4377
1267,0.4493
1268,0.4597
1269,0.4625
1270,0.465
1271,0.4592
1272,0.4532
1273,0.4437
1274,0.4319
1275,0.4282
1276,0.4249
1277,0.4229
1278,0.4222
1279,0.4284
1280,0.4329
1281,0.4172
1282,0.4034
1283,0.4
1284,0.388
1285,0.3694
1286,0.3544
1287,0.3495
1288,0.3544
1289,0.3577
1290,0.331
1291,0.2866
1292,0.2424
1293,0.2076
1294,0.1757
1295,0.1409
1296,0.1051
1297,0.0792
1298,0.0633
1299,0.0558
1300,0.0602
1301,0.0791
1302,0.1057
1303,0.1258
1304,0.1321
1305,0.1334
1306,0.1416
1307,0.1436
1308,0.1504
1309,0.1565
1310,0.1565
1311,0.1481
1312,0.1553
1313,0.1823
1314,0.2176
1315,0.2522
1316,0.2676
1317,0.2584
1318,0.2406
1319,0.2189
1320,0.1942
1321,0.1694
1322,0.1455
1323,0.1268
1324,0.1138
1325,0.1055
1326,0.1038
1327,0.114
1328,0.1185
1329,0.1054
1330,0.0953
1331,0.1004
1332,0.1111
1333,0.1083
1334,0.1005
1335,0.1056
1336,0.1433
1337,0.1941
1338,0.2436
1339,0.2817
1340,0.3039
1341,0.307
1342,0.2891
1343,0.2527
1344,0.2057
1345,0.1582
1346,0.1147
1347,0.0823
1348,0.0631
1349,0.0554
1350,0.0595
1351,0.0748
1352,0.0923
1353,0.089
1354,0.0738
1355,0.0653
1356,0.0736
1357,0.0799
1358,0.0805
1359,0.0826
1360,0.111
1361,0.1632
1362,0.2256
1363,0.279
1364,0.3128
1365,0.3306
1366,0.3321
1367,0.3164
1368,0.2861
1369,0.2496
1370,0.2088
1371,0.1744
1372,0.1464
1373,0.1242
1374,0.1081
1375,0.0963
1376,0.0849
1377,0.0706
1378,0.066
1379,0.0761
1380,0.0911
1381,0.1028
1382,0.104
1383,0.1004
1384,0.1038
1385,0.113
1386,0.127
1387,0.1408
1388,0.1499
1389,0.1547
1390,0.1556
1391,0.1511
1392,0.1423
1393,0.1294
1394,0.1124
1395,0.0972
1396,0.0904
1397,0.0954
1398,0.1089
1399,0.1322
1400,0.156
1401,0.1817
1402,0.1973
1403,0.2156
1404,0.2327
1405,0.2358
1406,0.2303
1407,0.2196
1408,0.2101
1409,0.2041
1410,0.2035
1411,0.2036
1412,0.1886
1413,0.1774
1414,0.1661
1415,0.1603
1416,0.1608
1417,0.1602
1418,0.1675
1419,0.1722
1420,0.1726
1421,0.1544
1422,0.142
1423,0.1314
1424,0.1163
1425,0.0839
1426,0.06
1427,0.0548
1428,0.0633
1429,0.0709
1430,0.075
1431,0.0862
1432,0.1133
1433,0.1561
1434,0.1981
1435,0.2423
1436,0.2752
1437,0.3021
1438,0.3142
1439,0.3134
1440,0.2968
1441,0.2899
1442,0.2974
1443,0.2978
1444,0.3145
1445,0.2984
1446,0.2852
1447,0.3026
1448,0.3176
1449,0.3179
1450,0.3317
1451,0.4139
1452,0.514
1453,0.6332
1454,0.73
1455,0.7824
1456,0.8457
1457,0.8628
1458,0.8629
1459,0.8745
1460,0.8805
1461,0.9009
1462,0.9121
1463,0.9079
1464,0.8951
1465,0.8714
1466,0.822
1467,0.7841
1468,0.742
1469,0.6953
1470,0.6702
1471,0.6437
1472,0.6221
1473,0.5815
1474,0.5427
1475,0.4955
1476,0.4512
1477,0.4301
1478,0.4858
1479,0.5974
1480,0.6906
1481,0.7306
1482,0.7471
1483,0.7464
1484,0.7436
1485,0.8491
1486,0.929
1487,0.9109
1488,0.9092
1489,0.9099
1490,0.8771
1491,0.8115
1492,0.7331
1493,0.6687
1494,0.662
1495,0.696
1496,0.7569
1497,0.7646
1498,0.7301
1499,0.6897
1500,0.6762
1501,0.6779
1502,0.6818
1503,0.6829
1504,0.6843
1505,0.7052
1506,0.7151
1507,0.6951
1508,0.6694
1509,0.6646
1510,0.6762
1511,0.6807
1512,0.6649
1513,0.6384
1514,0.6019
1515,0.5499
1516,0.5221
1517,0.5267
1518,0.5405
1519,0.5501
1520,0.5797
1521,0.5995
1522,0.6192
1523,0.6307
1524,0.6476
1525,0.6589
1526,0.6508
1527,0.6183
1528,0.5736
1529,0.5417
1530,0.4887
1531,0.4265
1532,0.426
1533,0.4424
1534,0.4916
1535,0.539
1536,0.6267
1537,0.6912
1538,0.7369
1539,0.7741
1540,0.804
1541,0.8007
1542,0.7706
1543,0.7531
1544,0.7107
1545,0.6731
1546,0.651
1547,0.6512
1548,0.66
1549,0.6476
1550,0.629
1551,0.6284
1552,0.6178
1553,0.6179
1554,0.6499
1555,0.6778
1556,0.7007
1557,0.7192
1558,0.7138
1559,0.7111
1560,0.6948
1561,0.6673
1562,0.6508
1563,0.6644
1564,0.6992
1565,0.7282
1566,0.7319
1567,0.7184
1568,0.7132
1569,0.7433
1570,0.7783
1571,0.8279
1572,0.8643
1573,0.877
1574,0.8816
1575,0.8818
1576,0.8829
1577,0.8762
1578,0.8647
1579,0.8487
1580,0.8176
1581,0.7671
1582,0.6877
1583,0.6096
1584,0.5201
1585,0.4221
1586,0.353
1587,0.3055
1588,0.2638
1589,0.2336
1590,0.2152
1591,0.1973
1592,0.1813
1593,0.2154
1594,0.2749
1595,0.363
1596,0.4574
1597,0.5421
1598,0.5984
1599,0.6264
1600,0.6755
1601,0.7357
1602,0.7842
1603,0.8506
1604,0.9017
1605,0.8957
1606,0.8873
1607,0.8683
1608,0.824
1609,0.7872
1610,0.7699
1611,0.7513
1612,0.7157
1613,0.6979
1614,0.6779
1615,0.6418
1616,0.6318
1617,0.7132
1618,0.7829
1619,0.8267
1620,0.8685
1621,0.8955
1622,0.8996
1623,0.867
1624,0.7974
1625,0.7378
1626,0.6707
1627,0.5508
1628,0.3932
1629,0.2905
1630,0.2616
1631,0.2152
1632,0.1352
1633,0.0581
1634,0.0668
1635,0.1337
1636,0.2034
1637,0.2433
1638,0.2895
1639,0.3269
1640,0.4285
1641,0.5871
1642,0.6695
1643,0.7685
1644,0.8894
1645,0.957
1646,0.9711
1647,0.9654
1648,0.9509
1649,0.9266
1650,0.9055
1651,0.8957
1652,0.8871
1653,0.8859
1654,0.9003
1655,0.9122
1656,0.9166
1657,0.9167
1658,0.9168
1659,0.9157
1660,0.9131
1661,0.9068
1662,0.8917
1663,0.8623
1664,0.832
1665,0.8087
1666,0.7729
1667,0.7304
1668,0.676
1669,0.6114
1670,0.5474
1671,0.484
1672,0.4293
1673,0.4268
1674,0.4473
1675,0.4864
1676,0.5602
1677,0.6227
1678,0.6842
1679,0.7463
1680,0.8096
1681,0.8689
1682,0.928
1683,0.9227
1684,0.9041
1685,0.8633
1686,0.8207
1687,0.7982
1688,0.7987
1689,0.8025
1690,0.787
1691,0.7703
1692,0.7556
1693,0.7631
1694,0.7839
1695,0.7918
1696,0.8202
1697,0.8375
1698,0.8549
1699,0.8945
1700,0.9238
1701,0.9469
1702,0.9579
1703,0.9622
1704,0.9669
1705,0.9723
1706,0.975
1707,0.9759
1708,0.9769
1709,0.9777
1710,0.9764
1711,0.9745
1712,0.9738
1713,0.9741
1714,0.973
1715,0.9692
1716,0.9639
1717,0.9543
1718,0.9363
1719,0.9116
1720,0.8843
1721,0.8501
1722,0.8126
1723,0.7848
1724,0.7652
1725,0.7622
1726,0.7609
1727,0.7527
1728,0.7642
1729,0.7868
1730,0.817
1731,0.8486
1732,0.8894
1733,0.9303
1734,0.9514
1735,0.9603
1736,0.965
1737,0.9638
1738,0.9568
1739,0.9492
1740,0.9409
1741,0.9256
1742,0.9017
1743,0.8716
1744,0.8283
1745,0.7752
1746,0.7245
1747,0.6646
1748,0.5896
1749,0.5126
1750,0.4718
1751,0.481
1752,0.4896
1753,0.5452
1754,0.6168
1755,0.732
1756,0.854
1757,0.9094
1758,0.9241
1759,0.9206
1760,0.919
1761,0.9238
1762,0.9275
1763,0.921
1764,0.9132
1765,0.9033
1766,0.8824
1767,0.8485
1768,0.8085
1769,0.7462
1770,0.6788
1771,0.5938
1772,0.5164
1773,0.4361
1774,0.3763
1775,0.3214
1776,0.2818
1777,0.2734
1778,0.314
1779,0.4044
1780,0.5591
1781,0.7089
1782,0.8152
1783,0.8928
1784,0.9278
1785,0.951
1786,0.957
1787,0.9613
1788,0.9645
1789,0.9645
1790,0.9549
1791,0.9238
1792,0.8959
1793,0.8674
1794,0.8438
1795,0.8379
1796,0.84
1797,0.8214
1798,0.7997
1799,0.7647
1800,0.7236
1801,0.6863
1802,0.6421
1803,0.6497
1804,0.6766
1805,0.6787
1806,0.677
1807,0.6874
1808,0.6949
1809,0.6874
1810,0.6875
1811,0.6978
1812,0.7076
1813,0.7125
1814,0.7066
1815,0.6907
1816,0.6608
1817,0.6531
1818,0.6457
1819,0.612
1820,0.5803
1821,0.5585
1822,0.5312
1823,0.5032
1824,0.4686
1825,0.4169
1826,0.3686
1827,0.3431
1828,0.3244
1829,0.3072
1830,0.2776
1831,0.2344
1832,0.2056
1833,0.1868
1834,0.1699
1835,0.1564
1836,0.1392
1837,0.1207
1838,0.1018
1839,0.0801
1840,0.0617
1841,0.058
1842,0.0615
1843,0.0676
1844,0.076
1845,0.0822
1846,0.0876
1847,0.0917
1848,0.0887
1849,0.0771
1850,0.0623
1851,0.0531
1852,0.0586
1853,0.0767
1854,0.098
1855,0.1138
1856,0.1255
1857,0.1471
1858,0.1744
1859,0.2018
1860,0.2306
1861,0.2529
1862,0.26
1863,0.2595
1864,0.2643
1865,0.2938
1866,0.337
1867,0.3669
1868,0.3641
1869,0.3575
1870,0.3414
1871,0.3231
1872,0.3077
1873,0.2925
1874,0.2796
1875,0.2568
1876,0.2402
1877,0.2334
1878,0.2249
1879,0.2044
1880,0.1933
1881,0.1963
1882,0.203
1883,0.2175
1884,0.2405
1885,0.278
1886,0.3125
1887,0.3305
1888,0.339
1889,0.3721
1890,0.4274
1891,0.4504
1892,0.4453
1893,0.4369
1894,0.4298
1895,0.4173
1896,0.3938
1897,0.3595
1898,0.3211
1899,0.2944
1900,0.2828
1901,0.2663
1902,0.2531
1903,0.2194
1904,0.1924
1905,0.1739
1906,0.1575
1907,0.1344
1908,0.1161
1909,0.1039
1910,0.0916
1911,0.0786
1912,0.072
1913,0.0773
1914,0.0987
1915,0.1343
1916,0.1795
1917,0.2135
1918,0.2353
1919,0.2682
1920,0.3065
1921,0.3299
1922,0.332
1923,0.3259
1924,0.3268
1925,0.3421
1926,0.3562
1927,0.3759
1928,0.4016
1929,0.4382
1930,0.4567
1931,0.478
1932,0.4928
1933,0.5129
1934,0.5129
1935,0.4911
1936,0.4532
1937,0.4224
1938,0.3954
1939,0.3736
1940,0.342
1941,0.3321
1942,0.3285
1943,0.3132
1944,0.3058
1945,0.315
1946,0.2935
1947,0.2682
1948,0.2512
1949,0.2336
1950,0.2149
1951,0.1895
1952,0.1864
1953,0.1972
1954,0.1815
1955,0.1677
1956,0.1515
1957,0.1391
1958,0.1312
1959,0.1226
1960,0.114
1961,0.1076
1962,0.1042
1963,0.0996
1964,0.094
1965,0.0892
1966,0.0863
1967,0.0898
1968,0.0996
1969,0.1179
1970,0.1356
1971,0.1426
1972,0.1477
1973,0.1688
1974,0.2019
1975,0.2126
1976,0.2598
1977,0.3078
1978,0.3432
1979,0.3764
1980,0.4154
1981,0.4543
1982,0.4864
1983,0.5199
1984,0.5436
1985,0.5651
1986,0.5924
1987,0.6059
1988,0.608
1989,0.6012
1990,0.6039
1991,0.632
1992,0.6375
1993,0.6527
1994,0.6645
1995,0.6702
1996,0.6554
1997,0.6443
1998,0.6272
1999,0.5801
2000,0.5724
2001,0.551
2002,0.5009
2003,0.4647
2004,0.4444
2005,0.4276
2006,0.4071
2007,0.3877
2008,0.3646
2009,0.332
2010,0.3054
2011,0.2693
2012,0.2222
2013,0.1743
2014,0.1345
2015,0.1154
2016,0.1164
2017,0.1268
2018,0.1393
2019,0.1537
2020,0.169
2021,0.1855
2022,0.1946
2023,0.1909
2024,0.1954
2025,0.2216
2026,0.2408
2027,0.2372
2028,0.2242
2029,0.2191
2030,0.2124
2031,0.191
2032,0.1501
2033,0.1184
2034,0.1047
2035,0.0982
2036,0.0991
2037,0.1073
2038,0.1205
2039,0.1322
2040,0.1459
2041,0.1611
2042,0.1721
2043,0.1761
2044,0.1772
2045,0.1797
2046,0.1787
2047,0.1559
2048,0.1454
2049,0.1648
2050,0.175
2051,0.1761
2052,0.1739
2053,0.1705
2054,0.1641
2055,0.1478
2056,0.1209
2057,0.1072
2058,0.1113
2059,0.1198
2060,0.1265
2061,0.1314
2062,0.1334
2063,0.1319
2064,0.1294
2065,0.1273
2066,0.1215
2067,0.1135
2068,0.1061
2069,0.0982
2070,0.0866
2071,0.0709
2072,0.0616
2073,0.0603
2074,0.0604
2075,0.0624
2076,0.0682
2077,0.0784
2078,0.0881
2079,0.0947
2080,0.1025
2081,0.1194
2082,0.1556
2083,0.1962
2084,0.2242
2085,0.231
2086,0.221
2087,0.2037
2088,0.1899
2089,0.1798
2090,0.1681
2091,0.1592
2092,0.1501
2093,0.1387
2094,0.1283
2095,0.1145
2096,0.1098
2097,0.1092
2098,0.1075
2099,0.1106
2100,0.1119
2101,0.1103
2102,0.1065
2103,0.1032
2104,0.1023
2105,0.116
2106,0.1405
2107,0.1546
2108,0.1519
2109,0.1419
2110,0.1284
2111,0.1134
2112,0.0952
2113,0.0765
2114,0.061
2115,0.0513
2116,0.0495
2117,0.0497
2118,0.0485
2119,0.0425
2120,0.0374
2121,0.0412
2122,0.0502
2123,0.0544
2124,0.0553
2125,0.0558
2126,0.0579
2127,0.0658
2128,0.077
2129,0.0893
2130,0.1136
2131,0.1422
2132,0.1708
2133,0.1914
2134,0.2109
2135,0.2321
2136,0.2596
2137,0.2896
2138,0.3183
2139,0.3489
2140,0.3679
2141,0.3804
2142,0.3929
2143,0.3942
2144,0.4051
2145,0.4036
2146,0.3896
2147,0.3732
2148,0.3571
2149,0.3445
2150,0.3366
2151,0.3384
2152,0.3511
2153,0.3739
2154,0.4235
2155,0.4728
2156,0.4975
2157,0.5086
2158,0.5034
2159,0.4918
2160,0.4857
2161,0.4618
2162,0.438
2163,0.4214
2164,0.4159
2165,0.4104
2166,0.4025
2167,0.3801
2168,0.3639
2169,0.3384
2170,0.304
2171,0.2715
2172,0.2382
2173,0.2069
2174,0.1808
2175,0.1662
2176,0.1535
2177,0.1577
2178,0.1685
2179,0.1712
2180,0.17
2181,0.1887
2182,0.1973
2183,0.1884
2184,0.1821
2185,0.1852
2186,0.2106
2187,0.2199
2188,0.2361
2189,0.2492
2190,0.2425
2191,0.2323
2192,0.2262
2193,0.2355
2194,0.2463
2195,0.242
2196,0.2294
2197,0.2296
2198,0.2372
2199,0.2213
2200,0.1866
2201,0.1525
2202,0.1368
2203,0.127
2204,0.1185
2205,0.1119
2206,0.1101
2207,0.1094
2208,0.1101
2209,0.1177
2210,0.1434
2211,0.1907
2212,0.2363
2213,0.2647
2214,0.2839
2215,0.2833
2216,0.2639
2217,0.2397
2218,0.2117
2219,0.1752
2220,0.1282
2221,0.0894
2222,0.0786
2223,0.0876
2224,0.1126
2225,0.1451
2226,0.1815
2227,0.2123
2228,0.2346
2229,0.2536
2230,0.2671
2231,0.2813
2232,0.2904
2233,0.292
2234,0.2927
2235,0.2975
2236,0.3069
2237,0.3192
2238,0.338
2239,0.3592
2240,0.4095
2241,0.4635
2242,0.523
2243,0.5893
2244,0.6413
2245,0.6687
2246,0.6778
2247,0.6703
2248,0.6471
2249,0.6287
2250,0.6373
2251,0.6435
2252,0.6422
2253,0.6297
2254,0.6139
2255,0.5782
2256,0.5356
2257,0.5022
2258,0.4669
2259,0.4513
2260,0.4731
2261,0.5021
2262,0.5056
2263,0.4994
2264,0.5479
2265,0.5697
2266,0.5705
2267,0.5474
2268,0.5198
2269,0.4792
2270,0.4356
2271,0.4085
2272,0.3971
2273,0.3936
2274,0.4093
2275,0.4375
2276,0.4689
2277,0.4494
2278,0.4213
2279,0.3765
2280,0.3391
2281,0.3146
2282,0.2986
2283,0.2858
2284,0.2785
2285,0.2554
2286,0.2247
2287,0.2013
2288,0.1822
2289,0.1573
2290,0.1356
2291,0.1253
2292,0.1262
2293,0.134
2294,0.1444
2295,0.154
2296,0.1629
2297,0.164
2298,0.1652
2299,0.1729
2300,0.1674
2301,0.163
2302,0.1726
2303,0.1885
2304,0.1992
2305,0.2068
2306,0.2107
2307,0.2082
2308,0.2048
2309,0.1992
2310,0.1864
2311,0.1802
2312,0.1796
2313,0.1797
2314,0.1857
2315,0.1932
2316,0.1903
2317,0.1735
2318,0.1549
2319,0.1443
2320,0.1453
2321,0.1544
2322,0.1842
2323,0.2187
2324,0.2305
2325,0.2265
2326,0.2206
2327,0.2015
2328,0.1884
2329,0.1847
2330,0.1878
2331,0.1843
2332,0.1871
2333,0.1954
2334,0.2001
2335,0.1977
2336,0.1936
2337,0.2032
2338,0.224
2339,0.2379
2340,0.252
2341,0.2674
2342,0.2851
2343,0.3016
2344,0.3098
2345,0.3189
2346,0.3466
2347,0.3658
2348,0.3558
2349,0.3403
2350,0.3263
2351,0.3444
2352,0.3528
2353,0.3695
2354,0.3991
2355,0.4274
2356,0.4356
2357,0.4437
2358,0.4385
2359,0.4797
2360,0.516
2361,0.5221
2362,0.5092
2363,0.4923
2364,0.4761
2365,0.4682
2366,0.4708
2367,0.4894
2368,0.5188
2369,0.5387
2370,0.5536
2371,0.5525
2372,0.5431
2373,0.5225
2374,0.5038
2375,0.4941
2376,0.4887
2377,0.4846
2378,0.4787
2379,0.4714
2380,0.4659
2381,0.4631
2382,0.4442
2383,0.4381
2384,0.4305
2385,0.4017
2386,0.376
2387,0.3607
2388,0.3524
2389,0.3462
2390,0.3426
2391,0.3394
2392,0.3352
2393,0.3276
2394,0.3286
2395,0.3418
2396,0.3605
2397,0.3786
2398,0.3903
2399,0.3864
2400,0.3821
2401,0.3612
2402,0.3327
2403,0.3059
2404,0.2793
2405,0.2573
2406,0.2309
2407,0.2083
2408,0.1969
2409,0.1772
2410,0.159
2411,0.1418
2412,0.1275
2413,0.1167
2414,0.1102
2415,0.1102
2416,0.1165
2417,0.128
2418,0.1473
2419,0.1651
2420,0.1764
2421,0.187
2422,0.2006
2423,0.2156
2424,0.2238
2425,0.2279
2426,0.2339
2427,0.2489
2428,0.2589
2429,0.2653
2430,0.2516
2431,0.2435
2432,0.2473
2433,0.2395
2434,0.2206
2435,0.2041
2436,0.1938
2437,0.1916
2438,0.1973
2439,0.2139
2440,0.2363
2441,0.2608
2442,0.3039
2443,0.3509
2444,0.3704
2445,0.3762
2446,0.3683
2447,0.3515
2448,0.3258
2449,0.299
2450,0.2875
2451,0.2921
2452,0.3083
2453,0.3301
2454,0.3387
2455,0.3541
2456,0.3787
2457,0.384
2458,0.3735
2459,0.3585
2460,0.3567
2461,0.3734
2462,0.3944
2463,0.4183
2464,0.4421
2465,0.4515
2466,0.4601
2467,0.4768
2468,0.4889
2469,0.4987
2470,0.5164
2471,0.512
2472,0.4953
2473,0.4708
2474,0.4315
2475,0.4002
2476,0.4031
2477,0.4199
2478,0.4
2479,0.3842
2480,0.4395
2481,0.4609
2482,0.4485
2483,0.4194
2484,0.3738
2485,0.3681
2486,0.3618
2487,0.3587
2488,0.3678
2489,0.3908
2490,0.4074
2491,0.4377
2492,0.4589
2493,0.4819
2494,0.5149
2495,0.5407
2496,0.5618
2497,0.5644
2498,0.5632
2499,0.5504
2500,0.5488
2501,0.547
2502,0.5488
2503,0.5811
2504,0.6058
2505,0.6156
2506,0.6209
2507,0.6262
2508,0.6303
2509,0.6273
2510,0.6103
2511,0.5845
2512,0.5575
2513,0.5313
2514,0.5242
2515,0.5338
2516,0.5402
2517,0.5456
2518,0.5278
2519,0.5056
2520,0.4834
2521,0.4313
2522,0.3782
2523,0.343
2524,0.3136
2525,0.2853
2526,0.2393
2527,0.207
2528,0.2054
2529,0.2071
2530,0.2112
2531,0.2187
2532,0.2207
2533,0.211
2534,0.1947
2535,0.1847
2536,0.1827
2537,0.1937
2538,0.213
2539,0.2224
2540,0.2091
2541,0.1923
2542,0.1883
2543,0.1857
2544,0.1928
2545,0.1935
2546,0.1936
2547,0.1874
2548,0.1751
2549,0.1611
2550,0.1377
2551,0.1278
2552,0.1258
2553,0.1288
2554,0.1319
2555,0.1257
2556,0.1204
2557,0.1268
2558,0.1456
2559,0.1745
2560,0.201
2561,0.2282
2562,0.2891
2563,0.3586
2564,0.3725
2565,0.3483
2566,0.3284
2567,0.3237
2568,0.3298
2569,0.3374
2570,0.3347
2571,0.3168
2572,0.2988
2573,0.2882
2574,0.2636
2575,0.2475
2576,0.2672
2577,0.2966
2578,0.32
2579,0.3443
2580,0.362
2581,0.3652
2582,0.3616
2583,0.3712
2584,0.393
2585,0.4283
2586,0.4667
2587,0.5002
2588,0.5083
2589,0.503
2590,0.4759
2591,0.4412
2592,0.4032
2593,0.3654
2594,0.3344
2595,0.307
2596,0.2847
2597,0.2721
2598,0.2441
2599,0.213
2600,0.2052
2601,0.2146
2602,0.2378
2603,0.2514
2604,0.241
2605,0.2192
2606,0.1937
2607,0.1754
2608,0.1651
2609,0.1653
2610,0.1864
2611,0.2156
2612,0.236
2613,0.2572
2614,0.2799
2615,0.2903
2616,0.282
2617,0.261
2618,0.2373
2619,0.2166
2620,0.195
2621,0.1709
2622,0.1415
2623,0.1106
2624,0.096
2625,0.0969
2626,0.1017
2627,0.103
2628,0.103
2629,0.1029
2630,0.1061
2631,0.1138
2632,0.1203
2633,0.1302
2634,0.1557
2635,0.185
2636,0.2013
2637,0.2146
2638,0.2311
2639,0.2527
2640,0.2705
2641,0.2762
2642,0.2689
2643,0.2428
2644,0.2108
2645,0.1848
2646,0.1546
2647,0.1191
2648,0.1028
2649,0.1144
2650,0.1352
2651,0.1443
2652,0.1479
2653,0.1507
2654,0.1526
2655,0.1584
2656,0.17
2657,0.1949
2658,0.2327
2659,0.2696
2660,0.2817
2661,0.2727
2662,0.2552
2663,0.2388
2664,0.2322
2665,0.2371
2666,0.2494
2667,0.2594
2668,0.2701
2669,0.2775
2670,0.2592
2671,0.2372
2672,0.2451
2673,0.287
2674,0.3323
2675,0.3762
2676,0.3965
2677,0.3873
2678,0.3557
2679,0.3309
2680,0.3278
2681,0.365
2682,0.4185
2683,0.4648
2684,0.4799
2685,0.4838
2686,0.4667
2687,0.4574
2688,0.4402
2689,0.4066
2690,0.3842
2691,0.3608
2692,0.3474
2693,0.348
2694,0.3136
2695,0.2753
2696,0.2714
2697,0.2973
2698,0.3419
2699,0.3939
2700,0.4265
2701,0.4389
2702,0.437
2703,0.4192
2704,0.4008
2705,0.388
2706,0.397
2707,0.403
2708,0.3807
2709,0.3487
2710,0.3193
2711,0.2904
2712,0.2768
2713,0.2802
2714,0.2927
2715,0.3015
2716,0.3083
2717,0.3069
2718,0.2838
2719,0.2797
2720,0.3127
2721,0.3854
2722,0.4536
2723,0.5091
2724,0.5599
2725,0.5924
2726,0.5736
2727,0.5128
2728,0.4624
2729,0.4549
2730,0.4277
2731,0.3751
2732,0.3118
2733,0.3152
2734,0.3372
2735,0.3338
2736,0.3143
2737,0.3313
2738,0.3613
2739,0.3924
2740,0.3633
2741,0.3597
2742,0.4095
2743,0.4623
2744,0.4576
2745,0.4656
2746,0.4905
2747,0.4896
2748,0.5037
2749,0.5005
2750,0.4751
2751,0.4211
2752,0.3611
2753,0.3372
2754,0.3243
2755,0.348
2756,0.3808
2757,0.407
2758,0.4101
2759,0.4073
2760,0.3918
2761,0.3686
2762,0.3584
2763,0.3506
2764,0.3375
2765,0.3251
2766,0.3094
2767,0.3356
2768,0.3852
2769,0.4381
2770,0.4808
2771,0.5203
2772,0.5577
2773,0.5806
2774,0.5969
2775,0.6132
2776,0.6163
2777,0.622
2778,0.6378
2779,0.6803
2780,0.7083
2781,0.7138
2782,0.7283
2783,0.7723
2784,0.8096
2785,0.7738
2786,0.666
2787,0.6314
2788,0.6796
2789,0.7607
2790,0.8264
2791,0.8544
2792,0.8614
2793,0.8656
2794,0.8696
2795,0.8773
2796,0.8898
2797,0.896
2798,0.8923
2799,0.8838
2800,0.8732
2801,0.8605
2802,0.8485
2803,0.83
2804,0.8094
2805,0.8
2806,0.7939
2807,0.7682
2808,0.7271
2809,0.6647
2810,0.5997
2811,0.5585
2812,0.5164
2813,0.4633
2814,0.3966
2815,0.3529
2816,0.3093
2817,0.2612
2818,0.2213
2819,0.1936
2820,0.179
2821,0.1695
2822,0.1605
2823,0.1504
2824,0.1316
2825,0.113
2826,0.1004
2827,0.0921
2828,0.0802
2829,0.069
2830,0.0595
2831,0.0516
2832,0.0436
2833,0.038
2834,0.0383
2835,0.0426
2836,0.0486
2837,0.0534
2838,0.0523
2839,0.0561
2840,0.0685
2841,0.0811
2842,0.0888
2843,0.09
2844,0.0882
2845,0.086
2846,0.0851
2847,0.0898
2848,0.0982
2849,0.1029
2850,0.1076
2851,0.1255
2852,0.1517
2853,0.1744
2854,0.1876
2855,0.1851
2856,0.1747
2857,0.1624
2858,0.1507
2859,0.1328
2860,0.1169
2861,0.1053
2862,0.0895
2863,0.0769
2864,0.0666
2865,0.0591
2866,0.0542
2867,0.0505
2868,0.0473
2869,0.0438
2870,0.0398
2871,0.0378
2872,0.0375
2873,0.0435
2874,0.0592
2875,0.0747
2876,0.0774
2877,0.0727
2878,0.0679
2879,0.0634
2880,0.0565
2881,0.053
2882,0.0479
2883,0.0416
2884,0.0358
2885,0.0305
2886,0.0247
2887,0.0231
2888,0.0246
2889,0.0274
2890,0.0309
2891,0.0331
2892,0.0348
2893,0.0357
2894,0.0366
2895,0.0388
2896,0.0445
2897,0.0559
2898,0.0711
2899,0.0945
2900,0.1255
2901,0.1653
2902,0.1958
2903,0.2138
2904,0.2228
2905,0.2266
2906,0.2299
2907,0.2397
2908,0.2363
2909,0.2269
2910,0.2261
2911,0.2351
2912,0.2439
2913,0.2477
2914,0.2476
2915,0.248
2916,0.2399
2917,0.2304
2918,0.2226
2919,0.209
2920,0.1919
2921,0.1704
2922,0.1511
2923,0.1399
2924,0.1286
2925,0.1209
2926,0.1166
2927,0.1112
2928,0.1073
2929,0.1049
2930,0.1032
2931,0.0884
2932,0.0667
2933,0.0526
2934,0.0463
2935,0.0461
2936,0.0564
2937,0.0622
2938,0.0627
2939,0.0689
2940,0.0889
2941,0.1218
2942,0.1547
2943,0.1757
2944,0.1858
2945,0.1872
2946,0.1989
2947,0.2479
2948,0.2894
2949,0.3016
2950,0.3165
2951,0.3452
2952,0.3878
2953,0.4329
2954,0.4602
2955,0.4826
2956,0.5219
2957,0.5596
2958,0.5973
2959,0.6444
2960,0.6464
2961,0.6345
2962,0.6216
2963,0.6199
2964,0.6194
2965,0.6208
2966,0.624
2967,0.6255
2968,0.6217
2969,0.6044
2970,0.5686
2971,0.539
2972,0.505
2973,0.4621
2974,0.4183
2975,0.3832
2976,0.3593
2977,0.342
2978,0.3272
2979,0.3133
2980,0.3074
2981,0.2931
2982,0.2778
2983,0.2761
2984,0.2673
2985,0.2554
2986,0.2402
2987,0.2263
2988,0.2138
2989,0.1981
2990,0.1818
2991,0.1636
2992,0.1426
2993,0.1232
2994,0.1052
2995,0.1018
2996,0.115
2997,0.1453
2998,0.1855
2999,0.2188
3000,0.2369
3001,0.2351
3002,0.2242
3003,0.2119
3004,0.2061
3005,0.1979
3006,0.1757
3007,0.1704
3008,0.1614
3009,0.1523
3010,0.1453
3011,0.1368
3012,0.1267
3013,0.1127
3014,0.0953
3015,0.0786
3016,0.0631
3017,0.0477
3018,0.0355
3019,0.0277
3020,0.0217
3021,0.021
3022,0.0266
3023,0.0359
3024,0.0445
3025,0.0499
3026,0.0523
3027,0.0524
3028,0.0526
3029,0.0574
3030,0.0617
3031,0.0659
3032,0.0733
3033,0.0772
3034,0.0744
3035,0.0684
3036,0.0652
3037,0.0611
3038,0.056
3039,0.0535
3040,0.0555
3041,0.069
3042,0.107
3043,0.1725
3044,0.2485
3045,0.2957
3046,0.3246
3047,0.3555
3048,0.3755
3049,0.4057
3050,0.4257
3051,0.4413
3052,0.4724
3053,0.5301
3054,0.5832
3055,0.6268
3056,0.6687
3057,0.71
3058,0.7219
3059,0.6979
3060,0.6479
3061,0.5822
3062,0.5458
3063,0.515
3064,0.4988
3065,0.4813
3066,0.4553
3067,0.4388
3068,0.4286
3069,0.4291
3070,0.4315
3071,0.4165
3072,0.3851
3073,0.3518
3074,0.3159
3075,0.2932
3076,0.274
3077,0.2488
3078,0.233
3079,0.2374
3080,0.2433
3081,0.2408
3082,0.2318
3083,0.2157
3084,0.2006
3085,0.1916
3086,0.1867
3087,0.1753
3088,0.162
3089,0.1589
3090,0.1723
3091,0.1854
3092,0.1888
3093,0.1767
3094,0.1563
3095,0.1343
3096,0.1183
3097,0.1094
3098,0.1021
3099,0.0912
3100,0.0794
3101,0.068
3102,0.0541
3103,0.0472
3104,0.0429
3105,0.0393
3106,0.0362
3107,0.031
3108,0.026
3109,0.0218
3110,0.0177
3111,0.0177
3112,0.0244
3113,0.0424
3114,0.0689
3115,0.0984
3116,0.114
3117,0.109
3118,0.0963
3119,0.0842
3120,0.0738
3121,0.0703
3122,0.071
3123,0.0787
3124,0.0919
3125,0.1036
3126,0.1084
3127,0.1179
3128,0.1339
3129,0.1494
3130,0.1657
3131,0.1844
3132,0.2009
3133,0.2101
3134,0.2137
3135,0.2125
3136,0.2041
3137,0.1928
3138,0.1831
3139,0.1771
3140,0.1644
3141,0.1426
3142,0.1239
3143,0.1007
3144,0.0832
3145,0.0734
3146,0.0701
3147,0.0688
3148,0.0702
3149,0.0701
3150,0.0605
3151,0.0542
3152,0.0497
3153,0.0447
3154,0.0397
3155,0.042
3156,0.0461
3157,0.0499
3158,0.0567
3159,0.0608
3160,0.0699
3161,0.0929
3162,0.1046
3163,0.1153
3164,0.13
3165,0.1385
3166,0.1426
3167,0.1488
3168,0.1561
3169,0.1609
3170,0.1626
3171,0.1581
3172,0.1501
3173,0.1337
3174,0.0994
3175,0.0832
3176,0.0776
3177,0.0711
3178,0.0676
3179,0.0701
3180,0.0785
3181,0.088
3182,0.0951
3183,0.1028
3184,0.1093
3185,0.1129
3186,0.1184
3187,0.1358
3188,0.155
3189,0.1702
3190,0.1904
3191,0.2163
3192,0.2414
3193,0.2524
3194,0.249
3195,0.2312
3196,0.2052
3197,0.1701
3198,0.1356
3199,0.1257
3200,0.1383
3201,0.1498
3202,0.1526
3203,0.1675
3204,0.1857
3205,0.1839
3206,0.1772
3207,0.1792
3208,0.1858
3209,0.1905
3210,0.1905
3211,0.2096
3212,0.2318
3213,0.2407
3214,0.2514
3215,0.2615
3216,0.2647
3217,0.2557
3218,0.2378
3219,0.2126
3220,0.1848
3221,0.1507
3222,0.107
3223,0.0829
3224,0.0726
3225,0.0724
3226,0.0787
3227,0.0874
3228,0.0961
3229,0.1063
3230,0.1173
3231,0.127
3232,0.1325
3233,0.1376
3234,0.1453
3235,0.1752
3236,0.23
3237,0.2897
3238,0.3219
3239,0.339
3240,0.3462
3241,0.3464
3242,0.3353
3243,0.3092
3244,0.292
3245,0.2654
3246,0.2536
3247,0.2709
3248,0.2921
3249,0.3241
3250,0.3581
3251,0.3814
3252,0.3939
3253,0.3952
3254,0.3858
3255,0.3891
3256,0.3972
3257,0.4101
3258,0.44
3259,0.4878
3260,0.4987
3261,0.4556
3262,0.415
3263,0.3839
3264,0.3628
3265,0.3602
3266,0.3686
3267,0.3575
3268,0.3358
3269,0.3177
3270,0.307
3271,0.3184
3272,0.3272
3273,0.3252
3274,0.3131
3275,0.3003
3276,0.2904
3277,0.2809
3278,0.2722
3279,0.2604
3280,0.2445
3281,0.2232
3282,0.2106
3283,0.2127
3284,0.2089
3285,0.1905
3286,0.1739
3287,0.1581
3288,0.1383
3289,0.1175
3290,0.1022
3291,0.0831
3292,0.0617
3293,0.0399
3294,0.0225
3295,0.0127
3296,0.0086
3297,0.0084
3298,0.0131
3299,0.0205
3300,0.0266
3301,0.0328
3302,0.04
3303,0.0464
3304,0.0521
3305,0.0596
3306,0.0668
3307,0.0703
3308,0.0682
3309,0.0628
3310,0.0591
3311,0.0565
3312,0.0569
3313,0.0607
3314,0.0668
3315,0.0734
3316,0.0783
3317,0.0801
3318,0.0779
3319,0.0815
3320,0.0877
3321,0.0953
3322,0.1024
3323,0.1062
3324,0.1043
3325,0.099
3326,0.0923
3327,0.085
3328,0.0814
3329,0.0808
3330,0.0815
3331,0.0836
3332,0.0861
3333,0.0935
3334,0.1054
3335,0.1152
3336,0.1234
3337,0.1308
3338,0.1392
3339,0.148
3340,0.1548
3341,0.1528
3342,0.1452
3343,0.1471
3344,0.1483
3345,0.1506
3346,0.1514
3347,0.1495
3348,0.152
3349,0.1526
3350,0.1512
3351,0.1464
3352,0.1375
3353,0.1257
3354,0.1108
3355,0.0969
3356,0.0889
3357,0.0865
3358,0.0943
3359,0.1152
3360,0.1428
3361,0.1718
3362,0.1918
3363,0.1978
3364,0.1919
3365,0.1669
3366,0.15
3367,0.1488
3368,0.1525
3369,0.1532
3370,0.1552
3371,0.1602
3372,0.1657
3373,0.1628
3374,0.147
3375,0.1238
3376,0.1027
3377,0.0848
3378,0.067
3379,0.0546
3380,0.0502
3381,0.0558
3382,0.0657
3383,0.0746
3384,0.0805
3385,0.0844
3386,0.0863
3387,0.0836
3388,0.0773
3389,0.0639
3390,0.0487
3391,0.0537
3392,0.0648
3393,0.0738
3394,0.0793
3395,0.082
3396,0.0855
3397,0.0943
3398,0.108
3399,0.1271
3400,0.1409
3401,0.1495
3402,0.1646
3403,0.1885
3404,0.2138
3405,0.2276
3406,0.2223
3407,0.2007
3408,0.1754
3409,0.1523
3410,0.1339
3411,0.1194
3412,0.1103
3413,0.0981
3414,0.0815
3415,0.0807
3416,0.0894
3417,0.0989
3418,0.108
3419,0.1175
3420,0.1267
3421,0.136
3422,0.1446
3423,0.15
3424,0.1522
3425,0.1572
3426,0.1706
3427,0.1988
3428,0.2342
3429,0.2676
3430,0.2835
3431,0.271
3432,0.2517
3433,0.2269
3434,0.2043
3435,0.1962
3436,0.1959
3437,0.1664
3438,0.1537
3439,0.1611
3440,0.1619
3441,0.1653
3442,0.1624
3443,0.1587
3444,0.1487
3445,0.1307
3446,0.1198
3447,0.1163
3448,0.1186
3449,0.119
3450,0.1128
3451,0.0979
3452,0.094
3453,0.0958
3454,0.1025
3455,0.1032
3456,0.0991
3457,0.0936
3458,0.0874
3459,0.0822
3460,0.0722
3461,0.0555
3462,0.0464
3463,0.0475
3464,0.0574
3465,0.0686
3466,0.0753
3467,0.0733
3468,0.0735
3469,0.082
3470,0.0988
3471,0.1141
3472,0.1337
3473,0.1666
3474,0.1983
3475,0.2258
3476,0.249
3477,0.287
3478,0.3388
3479,0.3873
3480,0.4219
3481,0.4636
3482,0.4842
3483,0.4795
3484,0.4897
3485,0.4862
3486,0.4974
3487,0.5352
3488,0.5872
3489,0.6362
3490,0.6662
3491,0.663
3492,0.6697
3493,0.6757
3494,0.6798
3495,0.6888
3496,0.6896
3497,0.6648
3498,0.6051
3499,0.552
3500,0.5115
3501,0.4774
3502,0.4471
3503,0.4281
3504,0.4301
3505,0.4393
3506,0.4262
3507,0.4205
3508,0.4214
3509,0.4145
3510,0.416
3511,0.4237
3512,0.4198
3513,0.4092
3514,0.402
3515,0.4035
3516,0.4011
3517,0.3809
3518,0.3482
3519,0.3053
3520,0.2559
3521,0.204
3522,0.165
3523,0.1378
3524,0.1265
3525,0.1215
3526,0.1223
3527,0.1294
3528,0.1365
3529,0.1437
3530,0.1501
3531,0.1559
3532,0.1613
3533,0.1611
3534,0.164
3535,0.1738
3536,0.1877
3537,0.193
3538,0.19
3539,0.1844
3540,0.1772
3541,0.1676
3542,0.1606
3543,0.1567
3544,0.1523
3545,0.1375
3546,0.1121
3547,0.0937
3548,0.0828
3549,0.0746
3550,0.066
3551,0.063
3552,0.0677
3553,0.0769
3554,0.0883
3555,0.1045
3556,0.1235
3557,0.1404
3558,0.1569
3559,0.188
3560,0.2166
3561,0.2498
3562,0.2885
3563,0.3378
3564,0.3775
3565,0.4047
3566,0.4289
3567,0.4555
3568,0.4784
3569,0.5139
3570,0.5435
3571,0.6037
3572,0.6511
3573,0.6348
3574,0.6539
3575,0.656
3576,0.6595
3577,0.6387
3578,0.6272
3579,0.6238
3580,0.6129
3581,0.5789
3582,0.561
3583,0.5635
3584,0.5692
3585,0.5797
3586,0.6018
3587,0.6112
3588,0.6147
3589,0.627
3590,0.6194
3591,0.6029
3592,0.5628
3593,0.525
3594,0.5199
3595,0.5312
3596,0.5389
3597,0.5147
3598,0.4773
3599,0.4357
3600,0.4104
3601,0.393
3602,0.3793
3603,0.3613
3604,0.3366
3605,0.3039
3606,0.3087
3607,0.349
3608,0.3729
3609,0.3922
3610,0.417
3611,0.4422
3612,0.4654
3613,0.4826
3614,0.4889
3615,0.5
3616,0.5074
3617,0.5126
3618,0.5223
3619,0.5508
3620,0.5767
3621,0.55
3622,0.4934
3623,0.4134
3624,0.3298
3625,0.2745
3626,0.2268
3627,0.1857
3628,0.1465
3629,0.1014
3630,0.0775
3631,0.0713
3632,0.0705
3633,0.0782
3634,0.0902
3635,0.0979
3636,0.1011
3637,0.105
3638,0.1061
3639,0.1183
3640,0.1405
3641,0.1534
3642,0.1625
3643,0.1762
3644,0.211
3645,0.2658
3646,0.3218
3647,0.3523
3648,0.3674
3649,0.379
3650,0.408
3651,0.4299
3652,0.4338
3653,0.4372
3654,0.4538
3655,0.4829
3656,0.5358
3657,0.5963
3658,0.6161
3659,0.6324
3660,0.6527
3661,0.6788
3662,0.7043
3663,0.7396
3664,0.7564
3665,0.7397
3666,0.7233
3667,0.7301
3668,0.721
3669,0.6787
3670,0.649
3671,0.63
3672,0.5721
3673,0.5259
3674,0.5084
3675,0.4933
3676,0.4774
3677,0.4605
3678,0.4738
3679,0.4778
3680,0.4731
3681,0.4644
3682,0.463
3683,0.4698
3684,0.4731
3685,0.4706
3686,0.4736
3687,0.4718
3688,0.4568
3689,0.4311
3690,0.3921
3691,0.3585
3692,0.334
3693,0.32
3694,0.3079
3695,0.2765
3696,0.2423
3697,0.2041
3698,0.1716
3699,0.1442
3700,0.1159
3701,0.088
3702,0.0798
3703,0.0987
3704,0.1344
3705,0.1806
3706,0.2338
3707,0.2615
3708,0.2662
3709,0.2798
3710,0.3069
3711,0.3025
3712,0.2594
3713,0.2232
3714,0.2145
3715,0.2214
3716,0.2378
3717,0.2398
3718,0.2405
3719,0.2545
3720,0.263
3721,0.2692
3722,0.288
3723,0.3188
3724,0.3342
3725,0.3412
3726,0.3481
3727,0.3528
3728,0.3507
3729,0.3299
3730,0.2921
3731,0.2547
3732,0.266
3733,0.2726
3734,0.2221
3735,0.1973
3736,0.1875
3737,0.1642
3738,0.133
3739,0.1222
3740,0.1285
3741,0.1466
3742,0.1458
3743,0.1285
3744,0.1199
3745,0.132
3746,0.1608
3747,0.1888
3748,0.2069
3749,0.2023
3750,0.2116
3751,0.2348
3752,0.2362
3753,0.2227
3754,0.2164
3755,0.2241
3756,0.2363
3757,0.2429
3758,0.2437
3759,0.2345
3760,0.2068
3761,0.1643
3762,0.1236
3763,0.1111
3764,0.1216
3765,0.1369
3766,0.1515
3767,0.1695
3768,0.18
3769,0.1841
3770,0.1951
3771,0.2169
3772,0.2438
3773,0.2716
3774,0.3192
3775,0.3739
3776,0.4283
3777,0.4687
3778,0.4819
3779,0.4637
3780,0.4275
3781,0.4286
3782,0.4389
3783,0.4756
3784,0.4963
3785,0.5064
3786,0.5229
3787,0.5264
3788,0.5082
3789,0.4881
3790,0.4735
3791,0.4513
3792,0.4353
3793,0.44
3794,0.4951
3795,0.5525
3796,0.5975
3797,0.6076
3798,0.6082
3799,0.6264
3800,0.64
3801,0.6566
3802,0.6785
3803,0.6796
3804,0.6751
3805,0.6711
3806,0.6618
3807,0.6423
3808,0.6049
3809,0.5432
3810,0.4777
3811,0.4374
3812,0.4119
3813,0.4092
3814,0.408
3815,0.39
3816,0.3693
3817,0.3463
3818,0.3263
3819,0.297
3820,0.2602
3821,0.2132
3822,0.1855
3823,0.1742
3824,0.1695
3825,0.1586
3826,0.1431
3827,0.1273
3828,0.112
3829,0.0992
3830,0.0906
3831,0.0798
3832,0.066
3833,0.0527
3834,0.0435
3835,0.0436
3836,0.0464
3837,0.0477
3838,0.0486
3839,0.049
3840,0.0487
3841,0.0506
3842,0.0616
3843,0.078
3844,0.0946
3845,0.1094
3846,0.1264
3847,0.1474
3848,0.1697
3849,0.1958
3850,0.225
3851,0.2644
3852,0.3041
3853,0.3441
3854,0.3779
3855,0.3907
3856,0.3705
3857,0.34
3858,0.3202
3859,0.3226
3860,0.337
3861,0.3596
3862,0.3905
3863,0.4223
3864,0.4464
3865,0.452
3866,0.4394
3867,0.4315
3868,0.4313
3869,0.4353
3870,0.4489
3871,0.4625
3872,0.4661
3873,0.461
3874,0.4489
3875,0.4395
3876,0.4369
3877,0.4286
3878,0.4189
3879,0.4115
3880,0.3938
3881,0.3613
3882,0.3287
3883,0.3074
3884,0.3022
3885,0.3051
3886,0.3081
3887,0.3101
3888,0.3097
3889,0.3098
3890,0.3057
3891,0.2849
3892,0.2653
3893,0.2511
3894,0.2531
3895,0.2637
3896,0.2665
3897,0.2615
3898,0.2575
3899,0.249
3900,0.2381
3901,0.2193
3902,0.2043
3903,0.1981
3904,0.2009
3905,0.2063
3906,0.2039
3907,0.1997
3908,0.1963
3909,0.1939
3910,0.2122
3911,0.2289
3912,0.2467
3913,0.2906
3914,0.3544
3915,0.4029
3916,0.4267
3917,0.4437
3918,0.4746
3919,0.5165
3920,0.5593
3921,0.5841
3922,0.575
3923,0.5429
3924,0.5084
3925,0.4779
3926,0.4558
3927,0.4426
3928,0.4275
3929,0.4015
3930,0.3741
3931,0.3561
3932,0.3429
3933,0.3353
3934,0.3248
3935,0.3083
3936,0.2954
3937,0.2791
3938,0.2575
3939,0.2544
3940,0.2602
3941,0.2561
3942,0.2642
3943,0.279
3944,0.3024
3945,0.3123
3946,0.3107
3947,0.3223
3948,0.3435
3949,0.3539
3950,0.3423
3951,0.3104
3952,0.2686
3953,0.2253
3954,0.1864
3955,0.1842
3956,0.2094
3957,0.2298
3958,0.2181
3959,0.1934
3960,0.1788
3961,0.1754
3962,0.1752
3963,0.1769
3964,0.1794
3965,0.179
3966,0.202
3967,0.2364
3968,0.2588
3969,0.269
3970,0.2828
3971,0.3126
3972,0.3524
3973,0.394
3974,0.4257
3975,0.4299
3976,0.4
3977,0.3578
3978,0.3114
3979,0.2889
3980,0.3032
3981,0.3333
3982,0.3382
3983,0.3303
3984,0.3228
3985,0.3183
3986,0.3077
3987,0.2853
3988,0.2598
3989,0.2322
3990,0.2451
3991,0.2927
3992,0.3394
3993,0.3644
3994,0.386
3995,0.4107
3996,0.439
3997,0.467
3998,0.4972
3999,0.517
4000,0.5013
4001,0.4739
4002,0.4959
4003,0.5317
4004,0.5572
4005,0.5644
4006,0.5552
4007,0.5407
4008,0.5057
4009,0.4591
4010,0.4214
4011,0.3712
4012,0.3286
4013,0.2959
4014,0.3097
4015,0.3398
4016,0.3693
4017,0.3978
4018,0.42
4019,0.4371
4020,0.4511
4021,0.4581
4022,0.4589
4023,0.4484
4024,0.4212
4025,0.386
4026,0.3438
4027,0.3125
4028,0.3024
4029,0.3052
4030,0.303
4031,0.2759
4032,0.245
4033,0.2107
4034,0.1764
4035,0.1529
4036,0.131
4037,0.1002
4038,0.0794
4039,0.0802
4040,0.0885
4041,0.0919
4042,0.0857
4043,0.0734
4044,0.0588
4045,0.0483
4046,0.0532
4047,0.0737
4048,0.0887
4049,0.0855
4050,0.0871
4051,0.1083
4052,0.1244
4053,0.1214
4054,0.1117
4055,0.1071
4056,0.1006
4057,0.0923
4058,0.0799
4059,0.0645
4060,0.0529
4061,0.0438
4062,0.0381
4063,0.0359
4064,0.0294
4065,0.0261
4066,0.0335
4067,0.0533
4068,0.072
4069,0.0791
4070,0.0773
4071,0.072
4072,0.0676
4073,0.066
4074,0.073
4075,0.0863
4076,0.1189
4077,0.165
4078,0.2024
4079,0.22
4080,0.2371
4081,0.2471
4082,0.252
4083,0.2439
4084,0.2264
4085,0.2052
4086,0.2023
4087,0.2166
4088,0.2389
4089,0.2556
4090,0.2665
4091,0.2775
4092,0.2827
4093,0.2784
4094,0.2718
4095,0.2648
4096,0.2573
4097,0.2474
4098,0.2344
4099,0.2314
4100,0.2357
4101,0.2478
4102,0.251
4103,0.2414
4104,0.2294
4105,0.2191
4106,0.2165
4107,0.2109
4108,0.2067
4109,0.1825
4110,0.174
4111,0.1794
4112,0.1826
4113,0.1815
4114,0.1728
4115,0.1586
4116,0.1397
4117,0.113
4118,0.0857
4119,0.0645
4120,0.0503
4121,0.0413
4122,0.0354
4123,0.0366
4124,0.0425
4125,0.0494
4126,0.055
4127,0.0635
4128,0.0728
4129,0.0786
4130,0.0816
4131,0.0814
4132,0.0842
4133,0.0889
4134,0.0885
4135,0.0994
4136,0.1169
4137,0.123
4138,0.1194
4139,0.1108
4140,0.1094
4141,0.1208
4142,0.1446
4143,0.1739
4144,0.1991
4145,0.2177
4146,0.2195
4147,0.2132
4148,0.2179
4149,0.2187
4150,0.2332
4151,0.2468
4152,0.2643
4153,0.2897
4154,0.2942
4155,0.2841
4156,0.2726
4157,0.2519
4158,0.2401
4159,0.2495
4160,0.2576
4161,0.2713
4162,0.2884
4163,0.2992
4164,0.3012
4165,0.2975
4166,0.3216
4167,0.3714
4168,0.4147
4169,0.4619
4170,0.4831
4171,0.4672
4172,0.433
4173,0.4029
4174,0.375
4175,0.3537
4176,0.3424
4177,0.3427
4178,0.3485
4179,0.3417
4180,0.3119
4181,0.2728
4182,0.2313
4183,0.2007
4184,0.1856
4185,0.1665
4186,0.1421
4187,0.0972
4188,0.0588
4189,0.0409
4190,0.0491
4191,0.0766
4192,0.0998
4193,0.1149
4194,0.0846
4195,0.0657
4196,0.056
4197,0.0461
4198,0.0484
4199,0.065
4200,0.0891
4201,0.1227
4202,0.158
4203,0.1869
4204,0.2246
4205,0.2363
4206,0.2187
4207,0.1898
4208,0.184
4209,0.1985
4210,0.2123
4211,0.2207
4212,0.2219
4213,0.2255
4214,0.2361
4215,0.2378
4216,0.2338
4217,0.2321
4218,0.2228
4219,0.2199
4220,0.2358
4221,0.2521
4222,0.2712
4223,0.276
4224,0.2767
4225,0.263
4226,0.252
4227,0.2531
4228,0.2486
4229,0.2461
4230,0.243
4231,0.2327
4232,0.2277
4233,0.2306
4234,0.2317
4235,0.2358
4236,0.2495
4237,0.2678
4238,0.2855
4239,0.299
4240,0.3083
4241,0.3118
4242,0.3102
4243,0.3091
4244,0.3158
4245,0.3364
4246,0.3534
4247,0.3585
4248,0.3552
4249,0.3574
4250,0.3701
4251,0.3754
4252,0.3626
4253,0.3325
4254,0.2996
4255,0.2835
4256,0.2768
4257,0.2776
4258,0.287
4259,0.3006
4260,0.315
4261,0.3296
4262,0.3443
4263,0.3601
4264,0.3799
4265,0.4047
4266,0.4303
4267,0.4405
4268,0.4466
4269,0.4367
4270,0.4126
4271,0.3868
4272,0.3704
4273,0.3608
4274,0.3548
4275,0.3559
4276,0.3551
4277,0.3473
4278,0.36
4279,0.3574
4280,0.3547
4281,0.3505
4282,0.3493
4283,0.3543
4284,0.3598
4285,0.3708
4286,0.3814
4287,0.3751
4288,0.3453
4289,0.3031
4290,0.2827
4291,0.3053
4292,0.3531
4293,0.3814
4294,0.3867
4295,0.3792
4296,0.3568
4297,0.3238
4298,0.284
4299,0.2545
4300,0.2248
4301,0.175
4302,0.1341
4303,0.1169
4304,0.0992
4305,0.0994
4306,0.1102
4307,0.1164
4308,0.1332
4309,0.1545
4310,0.1724
4311,0.1867
4312,0.2065
4313,0.26
4314,0.3306
4315,0.3831
4316,0.4196
4317,0.4535
4318,0.479
4319,0.4672
4320,0.48
4321,0.525
4322,0.5282
4323,0.4861
4324,0.4477
4325,0.416
4326,0.4269
4327,0.4286
4328,0.4278
4329,0.421
4330,0.4192
4331,0.4386
4332,0.4572
4333,0.4709
4334,0.4973
4335,0.5331
4336,0.5558
4337,0.5475
4338,0.5196
4339,0.5173
4340,0.5186
4341,0.5284
4342,0.53
4343,0.5323
4344,0.5338
4345,0.5161
4346,0.5097
4347,0.5056
4348,0.5044
4349,0.5175
4350,0.5477
4351,0.5423
4352,0.5248
4353,0.5104
4354,0.4988
4355,0.4881
4356,0.4767
4357,0.4604
4358,0.4417
4359,0.4243
4360,0.3994
4361,0.3672
4362,0.3325
4363,0.3102
4364,0.3097
4365,0.3197
4366,0.3142
4367,0.29
4368,0.2651
4369,0.2382
4370,0.2066
4371,0.1836
4372,0.1663
4373,0.144
4374,0.1359
4375,0.1293
4376,0.1275
4377,0.1246
4378,0.1215
4379,0.1213
4380,0.1226
4381,0.126
4382,0.1304
4383,0.1365
4384,0.1443
4385,0.1524
4386,0.1611
4387,0.1747
4388,0.1904
4389,0.1927
4390,0.1796
4391,0.163
4392,0.1531
4393,0.1461
4394,0.1393
4395,0.1322
4396,0.1223
4397,0.1045
4398,0.0946
4399,0.0882
4400,0.0823
4401,0.0822
4402,0.0853
4403,0.0871
4404,0.0895
4405,0.0961
4406,0.1054
4407,0.1135
4408,0.1196
4409,0.1245
4410,0.1287
4411,0.1355
4412,0.1435
4413,0.1423
4414,0.1365
4415,0.1293
4416,0.1229
4417,0.1168
4418,0.1147
4419,0.1151
4420,0.1094
4421,0.0889
4422,0.0769
4423,0.0836
4424,0.0933
4425,0.108
4426,0.1239
4427,0.1347
4428,0.138
4429,0.1348
4430,0.1259
4431,0.1164
4432,0.1154
4433,0.1237
4434,0.1359
4435,0.1486
4436,0.1595
4437,0.1685
4438,0.1685
4439,0.1734
4440,0.1805
4441,0.1857
4442,0.1926
4443,0.188
4444,0.1701
4445,0.1393
4446,0.1291
4447,0.1165
4448,0.1087
4449,0.1062
4450,0.1073
4451,0.1105
4452,0.1146
4453,0.1193
4454,0.123
4455,0.1324
4456,0.1491
4457,0.1642
4458,0.1803
4459,0.1982
4460,0.2271
4461,0.2565
4462,0.2715
4463,0.2728
4464,0.2797
4465,0.2888
4466,0.2813
4467,0.2645
4468,0.2325
4469,0.1983
4470,0.1807
4471,0.1659
4472,0.1523
4473,0.1375
4474,0.1239
4475,0.1163
4476,0.1119
4477,0.114
4478,0.1198
4479,0.1269
4480,0.138
4481,0.147
4482,0.1513
4483,0.1525
4484,0.1492
4485,0.1352
4486,0.1185
4487,0.1056
4488,0.098
4489,0.0952
4490,0.0933
4491,0.0886
4492,0.0815
4493,0.069
4494,0.0556
4495,0.0462
4496,0.0404
4497,0.0388
4498,0.0409
4499,0.0441
4500,0.0467
4501,0.0487
4502,0.0503
4503,0.0506
4504,0.0534
4505,0.0579
4506,0.0596
4507,0.0608
4508,0.0584
4509,0.0503
4510,0.0428
4511,0.0403
4512,0.0479
4513,0.0655
4514,0.0809
4515,0.0876
4516,0.0869
4517,0.0877
4518,0.0871
4519,0.0779
4520,0.0668
4521,0.0559
4522,0.0463
4523,0.037
4524,0.0302
4525,0.0305
4526,0.036
4527,0.0429
4528,0.0513
4529,0.0605
4530,0.0704
4531,0.0752
4532,0.0725
4533,0.0599
4534,0.0487
4535,0.0411
4536,0.0364
4537,0.0329
4538,0.0285
4539,0.0253
4540,0.0257
4541,0.0286
4542,0.0354
4543,0.0485
4544,0.0645
4545,0.0741
4546,0.0768
4547,0.0717
4548,0.0626
4549,0.0583
4550,0.06
4551,0.0663
4552,0.0741
4553,0.0809
4554,0.0841
4555,0.0885
4556,0.1011
4557,0.12
4558,0.1395
4559,0.1548
4560,0.1675
4561,0.1764
4562,0.1772
4563,0.1737
4564,0.1692
4565,0.1622
4566,0.1502
4567,0.1531
4568,0.1707
4569,0.1843
4570,0.1919
4571,0.1976
4572,0.2014
4573,0.2122
4574,0.2108
4575,0.1954
4576,0.1981
4577,0.2096
4578,0.2152
4579,0.2247
4580,0.2421
4581,0.2503
4582,0.2367
4583,0.2148
4584,0.203
4585,0.1971
4586,0.1894
4587,0.1805
4588,0.1683
4589,0.1569
4590,0.1608
4591,0.1858
4592,0.2084
4593,0.2182
4594,0.2127
4595,0.1991
4596,0.184
4597,0.1679
4598,0.1556
4599,0.1498
4600,0.1456
4601,0.1347
4602,0.1213
4603,0.117
4604,0.1233
4605,0.1398
4606,0.1655
4607,0.1965
4608,0.2277
4609,0.242
4610,0.2453
4611,0.2453
4612,0.2453
4613,0.2269
4614,0.2262
4615,0.2385
4616,0.2475
4617,0.2546
4618,0.2582
4619,0.2593
4620,0.2682
4621,0.2763
4622,0.2864
4623,0.2917
4624,0.2992
4625,0.2974
4626,0.2801
4627,0.2602
4628,0.268
4629,0.2651
4630,0.2609
4631,0.2435
4632,0.233
4633,0.2287
4634,0.2296
4635,0.2269
4636,0.2246
4637,0.202
4638,0.195
4639,0.1949
4640,0.196
4641,0.1903
4642,0.1864
4643,0.1892
4644,0.1966
4645,0.2006
4646,0.2077
4647,0.215
4648,0.219
4649,0.2194
4650,0.2104
4651,0.202
4652,0.2057
4653,0.2109
4654,0.2085
4655,0.1972
4656,0.1797
4657,0.1651
4658,0.1527
4659,0.1449
4660,0.1413
4661,0.1346
4662,0.1346
4663,0.1413
4664,0.1446
4665,0.1449
4666,0.1466
4667,0.1452
4668,0.1444
4669,0.1496
4670,0.1598
4671,0.1731
4672,0.1906
4673,0.2066
4674,0.2128
4675,0.2049
4676,0.1844
4677,0.1638
4678,0.1527
4679,0.15
4680,0.1513
4681,0.1518
4682,0.1546
4683,0.1604
4684,0.1641
4685,0.1544
4686,0.1398
4687,0.1222
4688,0.1049
4689,0.0877
4690,0.0731
4691,0.0643
4692,0.0591
4693,0.0569
4694,0.0554
4695,0.0544
4696,0.0542
4697,0.053
4698,0.05
4699,0.0454
4700,0.0379
4701,0.0308
4702,0.0292
4703,0.0353
4704,0.044
4705,0.0544
4706,0.0651
4707,0.0734
4708,0.0754
4709,0.0707
4710,0.0619
4711,0.0622
4712,0.0649
4713,0.0609
4714,0.0554
4715,0.0506
4716,0.0476
4717,0.0474
4718,0.0499
4719,0.0551
4720,0.0628
4721,0.0695
4722,0.0746
4723,0.0866
4724,0.096
4725,0.0987
4726,0.0998
4727,0.1031
4728,0.1077
4729,0.1068
4730,0.1001
4731,0.0905
4732,0.0873
4733,0.0907
4734,0.0947
4735,0.119
4736,0.1577
4737,0.1987
4738,0.2331
4739,0.252
4740,0.2465
4741,0.2358
4742,0.2416
4743,0.2653
4744,0.2939
4745,0.3067
4746,0.297
4747,0.286
4748,0.2807
4749,0.287
4750,0.2961
4751,0.256
4752,0.2402
4753,0.2556
4754,0.2603
4755,0.2422
4756,0.2299
4757,0.2349
4758,0.2532
4759,0.2749
4760,0.3033
4761,0.3231
4762,0.3283
4763,0.328
4764,0.3317
4765,0.3283
4766,0.3188
4767,0.2991
4768,0.2761
4769,0.2438
4770,0.2023
4771,0.1803
4772,0.1746
4773,0.1784
4774,0.1778
4775,0.1786
4776,0.1782
4777,0.1776
4778,0.1731
4779,0.1537
4780,0.1369
4781,0.1207
4782,0.1193
4783,0.1566
4784,0.2246
4785,0.2898
4786,0.3435
4787,0.3853
4788,0.4158
4789,0.4404
4790,0.4719
4791,0.5125
4792,0.5372
4793,0.5399
4794,0.5374
4795,0.5223
4796,0.5144
4797,0.4981
4798,0.4697
4799,0.4534
4800,0.4229
4801,0.4059
4802,0.3989
4803,0.4137
4804,0.436
4805,0.4126
4806,0.3848
4807,0.4304
4808,0.444
4809,0.4773
4810,0.5433
4811,0.6099
4812,0.6411
4813,0.6309
4814,0.598
4815,0.5748
4816,0.5606
4817,0.532
4818,0.4889
4819,0.4517
4820,0.4133
4821,0.3686
4822,0.3222
4823,0.2865
4824,0.2639
4825,0.2412
4826,0.2289
4827,0.2107
4828,0.1843
4829,0.1491
4830,0.1291
4831,0.1403
4832,0.1685
4833,0.2114
4834,0.2585
4835,0.2905
4836,0.3062
4837,0.3209
4838,0.344
4839,0.3612
4840,0.3882
4841,0.4424
4842,0.4958
4843,0.5444
4844,0.5841
4845,0.6026
4846,0.5979
4847,0.5964
4848,0.6088
4849,0.6241
4850,0.6375
4851,0.6547
4852,0.6587
4853,0.644
4854,0.6294
4855,0.6211
4856,0.6361
4857,0.6305
4858,0.6162
4859,0.6053
4860,0.592
4861,0.5786
4862,0.5664
4863,0.5518
4864,0.5275
4865,0.4936
4866,0.448
4867,0.4259
4868,0.4092
4869,0.3742
4870,0.3318
4871,0.2836
4872,0.2329
4873,0.1864
4874,0.1477
4875,0.1201
4876,0.1058
4877,0.0941
4878,0.0831
4879,0.0962
4880,0.1115
4881,0.1183
4882,0.1181
4883,0.1158
4884,0.117
4885,0.1268
4886,0.1467
4887,0.1748
4888,0.211
4889,0.2529
4890,0.3053
4891,0.3757
4892,0.441
4893,0.4762
4894,0.4995
4895,0.5145
4896,0.5075
4897,0.4941
4898,0.4424
4899,0.3282
4900,0.2403
4901,0.2607
4902,0.2559
4903,0.232
4904,0.225
4905,0.2182
4906,0.2207
4907,0.2273
4908,0.2369
4909,0.2458
4910,0.2497
4911,0.251
4912,0.2425
4913,0.2088
4914,0.1639
4915,0.1234
4916,0.0957
4917,0.0861
4918,0.0889
4919,0.0982
4920,0.1283
4921,0.1771
4922,0.2419
4923,0.3209
4924,0.3954
4925,0.4089
4926,0.3812
4927,0.3635
4928,0.3721
4929,0.3789
4930,0.3475
4931,0.3127
4932,0.2798
4933,0.2519
4934,0.2404
4935,0.2232
4936,0.1993
4937,0.2014
4938,0.211
4939,0.2342
4940,0.2624
4941,0.2987
4942,0.3298
4943,0.3242
4944,0.2847
4945,0.2502
4946,0.2228
4947,0.188
4948,0.1739
4949,0.1774
4950,0.1752
4951,0.175
4952,0.1578
4953,0.1609
4954,0.1829
4955,0.1872
4956,0.1791
4957,0.1565
4958,0.1296
4959,0.108
4960,0.0968
4961,0.0873
4962,0.0753
4963,0.07
4964,0.0792
4965,0.0973
4966,0.1151
4967,0.1196
4968,0.1255
4969,0.1379
4970,0.1457
4971,0.1439
4972,0.151
4973,0.1652
4974,0.185
4975,0.1961
4976,0.1899
4977,0.1771
4978,0.1573
4979,0.1502
4980,0.1561
4981,0.1658
4982,0.182
4983,0.2112
4984,0.2503
4985,0.2908
4986,0.3278
4987,0.3624
4988,0.3822
4989,0.3934
4990,0.3875
4991,0.3656
4992,0.3537
4993,0.3653
4994,0.3846
4995,0.3849
4996,0.3735
4997,0.3621
4998,0.3654
4999,0.3592
5000,0.3405
5001,0.32
5002,0.3071
5003,0.2979
5004,0.2905
5005,0.2904
5006,0.308
5007,0.3175
5008,0.3001
5009,0.2527
5010,0.1997
5011,0.1693
5012,0.1662
5013,0.1747
5014,0.1783
5015,0.1821
5016,0.1892
5017,0.2007
5018,0.2231
5019,0.2385
5020,0.2402
5021,0.2332
5022,0.2169
5023,0.2159
5024,0.2243
5025,0.2229
5026,0.2102
5027,0.1923
5028,0.1702
5029,0.1417
5030,0.1091
5031,0.0793
5032,0.0597
5033,0.0623
5034,0.0986
5035,0.169
5036,0.246
5037,0.2889
5038,0.3067
5039,0.3105
5040,0.2987
5041,0.2851
5042,0.2805
5043,0.2774
5044,0.2794
5045,0.28
5046,0.2773
5047,0.2866
5048,0.3333
5049,0.3877
5050,0.4459
5051,0.4906
5052,0.5105
5053,0.516
5054,0.5173
5055,0.5222
5056,0.5314
5057,0.5443
5058,0.5555
5059,0.5622
5060,0.554
5061,0.5396
5062,0.5198
5063,0.5041
5064,0.4951
5065,0.4994
5066,0.5082
5067,0.5189
5068,0.5294
5069,0.5208
5070,0.5129
5071,0.5111
5072,0.5091
5073,0.5132
5074,0.5277
5075,0.5581
5076,0.584
5077,0.5943
5078,0.5999
5079,0.5881
5080,0.5592
5081,0.5247
5082,0.5007
5083,0.4806
5084,0.4514
5085,0.4233
5086,0.3893
5087,0.3534
5088,0.3293
5089,0.3188
5090,0.3034
5091,0.2861
5092,0.2633
5093,0.226
5094,0.1957
5095,0.1912
5096,0.1858
5097,0.175
5098,0.1653
5099,0.1627
5100,0.1621
5101,0.1583
5102,0.1463
5103,0.1368
5104,0.132
5105,0.1321
5106,0.1302
5107,0.1351
5108,0.1484
5109,0.1628
5110,0.1781
5111,0.1938
5112,0.2031
5113,0.2081
5114,0.2144
5115,0.2173
5116,0.2145
5117,0.1944
5118,0.1764
5119,0.1743
5120,0.1687
5121,0.1597
5122,0.1505
5123,0.1446
5124,0.1413
5125,0.1385
5126,0.1364
5127,0.1357
5128,0.1359
5129,0.1322
5130,0.1261
5131,0.1257
5132,0.1262
5133,0.123
5134,0.121
5135,0.121
5136,0.1194
5137,0.1129
5138,0.1034
5139,0.0978
5140,0.0946
5141,0.0876
5142,0.073
5143,0.0664
5144,0.0644
5145,0.0602
5146,0.053
5147,0.0481
5148,0.0454
5149,0.0423
5150,0.0406
5151,0.043
5152,0.0508
5153,0.0661
5154,0.0908
5155,0.1272
5156,0.1671
5157,0.1882
5158,0.1912
5159,0.186
5160,0.1776
5161,0.1676
5162,0.1568
5163,0.1511
5164,0.1541
5165,0.1508
5166,0.133
5167,0.1382
5168,0.1504
5169,0.157
5170,0.1584
5171,0.1543
5172,0.1529
5173,0.1607
5174,0.1721
5175,0.1874
5176,0.2119
5177,0.2294
5178,0.2515
5179,0.2766
5180,0.2567
5181,0.241
5182,0.2571
5183,0.2768
5184,0.2926
5185,0.305
5186,0.3097
5187,0.3216
5188,0.3241
5189,0.3173
5190,0.3246
5191,0.3671
5192,0.4115
5193,0.4361
5194,0.4516
5195,0.4703
5196,0.483
5197,0.4897
5198,0.4995
5199,0.5059
5200,0.4996
5201,0.4747
5202,0.4517
5203,0.4606
5204,0.492
5205,0.4937
5206,0.4957
5207,0.481
5208,0.4448
5209,0.4112
5210,0.3908
5211,0.3858
5212,0.3909
5213,0.3826
5214,0.3905
5215,0.4344
5216,0.4692
5217,0.4847
5218,0.4965
5219,0.5214
5220,0.5471
5221,0.5684
5222,0.5885
5223,0.6005
5224,0.5956
5225,0.5902
5226,0.584
5227,0.5732
5228,0.5594
5229,0.5351
5230,0.5097
5231,0.4861
5232,0.4569
5233,0.44
5234,0.4383
5235,0.4432
5236,0.4358
5237,0.4168
5238,0.4085
5239,0.4028
5240,0.398
5241,0.3924
5242,0.3971
5243,0.4163
5244,0.4387
5245,0.4611
5246,0.4767
5247,0.474
5248,0.4556
5249,0.4246
5250,0.3877
5251,0.3558
5252,0.3414
5253,0.3345
5254,0.3282
5255,0.3193
5256,0.3083
5257,0.2873
5258,0.2589
5259,0.2362
5260,0.2193
5261,0.189
5262,0.1542
5263,0.1359
5264,0.123
5265,0.1092
5266,0.0965
5267,0.09
5268,0.0811
5269,0.0628
5270,0.0507
5271,0.0466
5272,0.0559
5273,0.0897
5274,0.1447
5275,0.2354
5276,0.3393
5277,0.4264
5278,0.4745
5279,0.4888
5280,0.5174
5281,0.5627
5282,0.5861
5283,0.6132
5284,0.6307
5285,0.6092
5286,0.5991
5287,0.5653
5288,0.4995
5289,0.4393
5290,0.4268
5291,0.4695
5292,0.5492
5293,0.6133
5294,0.6584
5295,0.68
5296,0.6651
5297,0.6354
5298,0.6398
5299,0.6764
5300,0.6969
5301,0.7032
5302,0.7136
5303,0.7407
5304,0.7508
5305,0.7614
5306,0.7895
5307,0.8057
5308,0.8233
5309,0.8375
5310,0.85
5311,0.8638
5312,0.8725
5313,0.882
5314,0.8931
5315,0.9029
5316,0.9093
5317,0.9129
5318,0.9098
5319,0.9091
5320,0.9092
5321,0.904
5322,0.8959
5323,0.8824
5324,0.8656
5325,0.8472
5326,0.8277
5327,0.7951
5328,0.7404
5329,0.6836
5330,0.6339
5331,0.5907
5332,0.5712
5333,0.578
5334,0.6072
5335,0.6292
5336,0.6276
5337,0.6222
5338,0.6142
5339,0.6094
5340,0.6114
5341,0.6079
5342,0.5896
5343,0.5584
5344,0.5342
5345,0.5243
5346,0.5033
5347,0.4852
5348,0.4661
5349,0.4596
5350,0.4497
5351,0.4161
5352,0.3775
5353,0.3496
5354,0.3224
5355,0.3051
5356,0.2924
5357,0.268
5358,0.2417
5359,0.2269
5360,0.1979
5361,0.1683
5362,0.1478
5363,0.1347
5364,0.1236
5365,0.112
5366,0.1033
5367,0.0977
5368,0.0924
5369,0.0868
5370,0.0861
5371,0.0974
5372,0.1166
5373,0.1422
5374,0.1646
5375,0.1798
5376,0.1964
5377,0.212
5378,0.2202
5379,0.2196
5380,0.2125
5381,0.1991
5382,0.1821
5383,0.1815
5384,0.1868
5385,0.1987
5386,0.1966
5387,0.1857
5388,0.1837
5389,0.1864
5390,0.1771
5391,0.1659
5392,0.158
5393,0.1454
5394,0.1354
5395,0.142
5396,0.1579
5397,0.1738
5398,0.1838
5399,0.1901
5400,0.1971
5401,0.2051
5402,0.213
5403,0.2109
5404,0.2101
5405,0.2067
5406,0.1978
5407,0.223
5408,0.279
5409,0.3394
5410,0.3816
5411,0.4112
5412,0.4409
5413,0.454
5414,0.4634
5415,0.4851
5416,0.4943
5417,0.5013
5418,0.5189
5419,0.5424
5420,0.5533
5421,0.5637
5422,0.5501
5423,0.534
5424,0.5451
5425,0.5551
5426,0.5683
5427,0.5909
5428,0.6065
5429,0.6285
5430,0.6466
5431,0.6937
5432,0.7027
5433,0.6953
5434,0.6791
5435,0.6524
5436,0.6132
5437,0.5666
5438,0.525
5439,0.4658
5440,0.4035
5441,0.3458
5442,0.2979
5443,0.2754
5444,0.2661
5445,0.265
5446,0.2512
5447,0.2293
5448,0.221
5449,0.2311
5450,0.2611
5451,0.2978
5452,0.3471
5453,0.4083
5454,0.4598
5455,0.5395
5456,0.5987
5457,0.6525
5458,0.7016
5459,0.7308
5460,0.7549
5461,0.7698
5462,0.7601
5463,0.7453
5464,0.7324
5465,0.7166
5466,0.7041
5467,0.7081
5468,0.7155
5469,0.7307
5470,0.7336
5471,0.7108
5472,0.6861
5473,0.6698
5474,0.6528
5475,0.6504
5476,0.6074
5477,0.5504
5478,0.5397
5479,0.5635
5480,0.58
5481,0.6053
5482,0.6183
5483,0.6213
5484,0.6095
5485,0.5925
5486,0.5784
5487,0.573
5488,0.5716
5489,0.585
5490,0.5798
5491,0.571
5492,0.5758
5493,0.5615
5494,0.5309
5495,0.4702
5496,0.4385
5497,0.4155
5498,0.4053
5499,0.3967
5500,0.3927
5501,0.3831
5502,0.3602
5503,0.3927
5504,0.4354
5505,0.4785
5506,0.5272
5507,0.5683
5508,0.6025
5509,0.6319
5510,0.6431
5511,0.6566
5512,0.6645
5513,0.6402
5514,0.6112
5515,0.5866
5516,0.5551
5517,0.5355
5518,0.5395
5519,0.5495
5520,0.5457
5521,0.5367
5522,0.5245
5523,0.5098
5524,0.4978
5525,0.4867
5526,0.4753
5527,0.4835
5528,0.4843
5529,0.4725
5530,0.4672
5531,0.4787
5532,0.4912
5533,0.4941
5534,0.4897
5535,0.4815
5536,0.4638
5537,0.4391
5538,0.4287
5539,0.4232
5540,0.4271
5541,0.4289
5542,0.4216
5543,0.4125
5544,0.4031
5545,0.3883
5546,0.3781
5547,0.3673
5548,0.3566
5549,0.3345
5550,0.2894
5551,0.2768
5552,0.2716
5553,0.2663
5554,0.2614
5555,0.2556
5556,0.248
5557,0.2384
5558,0.2303
5559,0.2159
5560,0.1953
5561,0.1731
5562,0.1598
5563,0.154
5564,0.1499
5565,0.1509
5566,0.158
5567,0.1716
5568,0.1871
5569,0.1924
5570,0.1836
5571,0.1708
5572,0.1637
5573,0.1659
5574,0.1588
5575,0.1683
5576,0.2038
5577,0.2493
5578,0.2884
5579,0.3136
5580,0.3292
5581,0.3438
5582,0.3657
5583,0.3824
5584,0.3963
5585,0.4163
5586,0.4469
5587,0.4642
5588,0.4743
5589,0.482
5590,0.4825
5591,0.4807
5592,0.4723
5593,0.4548
5594,0.4307
5595,0.3986
5596,0.3711
5597,0.3564
5598,0.3447
5599,0.3698
5600,0.4037
5601,0.4303
5602,0.4494
5603,0.467
5604,0.4824
5605,0.5023
5606,0.5223
5607,0.5355
5608,0.5269
5609,0.5153
5610,0.5219
5611,0.5129
5612,0.4675
5613,0.4156
5614,0.3689
5615,0.3231
5616,0.282
5617,0.2479
5618,0.2233
5619,0.2059
5620,0.1907
5621,0.1774
5622,0.1424
5623,0.1295
5624,0.1396
5625,0.1474
5626,0.1516
5627,0.1503
5628,0.1445
5629,0.1373
5630,0.1311
5631,0.1237
5632,0.1143
5633,0.1111
5634,0.126
5635,0.159
5636,0.181
5637,0.185
5638,0.1848
5639,0.187
5640,0.1877
5641,0.1848
5642,0.1802
5643,0.1721
5644,0.1599
5645,0.1444
5646,0.1162
5647,0.0831
5648,0.0767
5649,0.0911
5650,0.1115
5651,0.1335
5652,0.1512
5653,0.1592
5654,0.1565
5655,0.1439
5656,0.1347
5657,0.1414
5658,0.165
5659,0.1979
5660,0.2288
5661,0.2491
5662,0.254
5663,0.2433
5664,0.2174
5665,0.1882
5666,0.1639
5667,0.1433
5668,0.1256
5669,0.1093
5670,0.0874
5671,0.0575
5672,0.0406
5673,0.0455
5674,0.0579
5675,0.0644
5676,0.0656
5677,0.0651
5678,0.0722
5679,0.0849
5680,0.098
5681,0.1074
5682,0.1329
5683,0.1645
5684,0.1823
5685,0.184
5686,0.1738
5687,0.1535
5688,0.1285
5689,0.1026
5690,0.0789
5691,0.0592
5692,0.0447
5693,0.0367
5694,0.0308
5695,0.0265
5696,0.0287
5697,0.0369
5698,0.0496
5699,0.0601
5700,0.0646
5701,0.0647
5702,0.0654
5703,0.0691
5704,0.079
5705,0.0974
5706,0.125
5707,0.1459
5708,0.1479
5709,0.1367
5710,0.1204
5711,0.105
5712,0.0944
5713,0.0879
5714,0.0839
5715,0.0786
5716,0.0718
5717,0.065
5718,0.0561
5719,0.0441
5720,0.0402
5721,0.0438
5722,0.0512
5723,0.057
5724,0.0592
5725,0.0616
5726,0.0664
5727,0.0722
5728,0.0836
5729,0.1003
5730,0.1191
5731,0.1381
5732,0.1496
5733,0.1552
5734,0.1559
5735,0.169
5736,0.2009
5737,0.2325
5738,0.2493
5739,0.2478
5740,0.2429
5741,0.2406
5742,0.2285
5743,0.2318
5744,0.2645
5745,0.2722
5746,0.2849
5747,0.3115
5748,0.2971
5749,0.2798
5750,0.2861
5751,0.2923
5752,0.2927
5753,0.2933
5754,0.2858
5755,0.2887
5756,0.2865
5757,0.3009
5758,0.3135
5759,0.2851
5760,0.2702
5761,0.2509
5762,0.2287
5763,0.2157
5764,0.2212
5765,0.2342
5766,0.2385
5767,0.2634
5768,0.3048
5769,0.3366
5770,0.3607
5771,0.3805
5772,0.4141
5773,0.4524
5774,0.4864
5775,0.5105
5776,0.5248
5777,0.5403
5778,0.561
5779,0.5704
5780,0.5547
5781,0.5299
5782,0.5144
5783,0.4952
5784,0.4825
5785,0.4783
5786,0.4808
5787,0.4833
5788,0.4897
5789,0.4985
5790,0.5003
5791,0.5318
5792,0.5658
5793,0.5882
5794,0.5991
5795,0.6145
5796,0.6197
5797,0.6207
5798,0.6161
5799,0.6075
5800,0.5843
5801,0.5515
5802,0.5353
5803,0.5241
5804,0.5115
5805,0.5021
5806,0.5021
5807,0.5073
5808,0.5038
5809,0.4896
5810,0.4807
5811,0.4858
5812,0.4981
5813,0.5085
5814,0.5139
5815,0.5245
5816,0.519
5817,0.4989
5818,0.5268
5819,0.5486
5820,0.5482
5821,0.5555
5822,0.5569
5823,0.5482
5824,0.5288
5825,0.4755
5826,0.4246
5827,0.4004
5828,0.3999
5829,0.4155
5830,0.4236
5831,0.4147
5832,0.4032
5833,0.3947
5834,0.3904
5835,0.3745
5836,0.3607
5837,0.3524
5838,0.3375
5839,0.3476
5840,0.3542
5841,0.3547
5842,0.3603
5843,0.3693
5844,0.3816
5845,0.3952
5846,0.4062
5847,0.4057
5848,0.3933
5849,0.368
5850,0.3417
5851,0.3274
5852,0.3223
5853,0.3257
5854,0.3306
5855,0.329
5856,0.3115
5857,0.2959
5858,0.2806
5859,0.2579
5860,0.234
5861,0.2193
5862,0.209
5863,0.2235
5864,0.2758
5865,0.3195
5866,0.369
5867,0.4228
5868,0.4524
5869,0.4646
5870,0.4847
5871,0.507
5872,0.5238
5873,0.5466
5874,0.5771
5875,0.5939
5876,0.6022
5877,0.5975
5878,0.569
5879,0.5451
5880,0.5333
5881,0.5165
5882,0.4989
5883,0.4763
5884,0.4577
5885,0.4397
5886,0.4098
5887,0.4127
5888,0.4291
5889,0.4216
5890,0.3986
5891,0.3755
5892,0.3601
5893,0.3453
5894,0.3489
5895,0.3614
5896,0.3772
5897,0.4166
5898,0.478
5899,0.521
5900,0.5278
5901,0.5373
5902,0.5172
5903,0.4889
5904,0.5022
5905,0.5929
5906,0.6177
5907,0.5763
5908,0.5907
5909,0.6169
5910,0.6313
5911,0.6499
5912,0.6502
5913,0.6252
5914,0.6254
5915,0.6475
5916,0.6646
5917,0.684
5918,0.7138
5919,0.7428
5920,0.7596
5921,0.7818
5922,0.7988
5923,0.7982
5924,0.7983
5925,0.8006
5926,0.7815
5927,0.7628
5928,0.7456
5929,0.7207
5930,0.6784
5931,0.6572
5932,0.656
5933,0.6327
5934,0.6013
5935,0.5865
5936,0.5737
5937,0.5379
5938,0.4828
5939,0.4312
5940,0.3913
5941,0.3603
5942,0.3448
5943,0.334
5944,0.3091
5945,0.2925
5946,0.3171
5947,0.3635
5948,0.3983
5949,0.4275
5950,0.4592
5951,0.467
5952,0.4877
5953,0.5211
5954,0.534
5955,0.5519
5956,0.5852
5957,0.6195
5958,0.6353
5959,0.656
5960,0.6902
5961,0.718
5962,0.7248
5963,0.7011
5964,0.6648
5965,0.6304
5966,0.607
5967,0.5769
5968,0.5163
5969,0.4577
5970,0.4343
5971,0.4268
5972,0.4218
5973,0.4212
5974,0.4187
5975,0.4039
5976,0.386
5977,0.3665
5978,0.3488
5979,0.3348
5980,0.3263
5981,0.3172
5982,0.3028
5983,0.3012
5984,0.3121
5985,0.3185
5986,0.3185
5987,0.3117
5988,0.3105
5989,0.3215
5990,0.3375
5991,0.352
5992,0.358
5993,0.3528
5994,0.3531
5995,0.3459
5996,0.3228
5997,0.2981
5998,0.272
5999,0.2537
6000,0.2451
6001,0.2392
6002,0.2404
6003,0.2415
6004,0.2438
6005,0.235
6006,0.2122
6007,0.1883
6008,0.1617
6009,0.1308
6010,0.1101
6011,0.0997
6012,0.0879
6013,0.0779
6014,0.0713
6015,0.0637
6016,0.0547
6017,0.0498
6018,0.0483
6019,0.0487
6020,0.0517
6021,0.0596
6022,0.0734
6023,0.0933
6024,0.1236
6025,0.1618
6026,0.1987
6027,0.2262
6028,0.2377
6029,0.2385
6030,0.2281
6031,0.2011
6032,0.1664
6033,0.1395
6034,0.1272
6035,0.1263
6036,0.1382
6037,0.1516
6038,0.154
6039,0.1528
6040,0.1442
6041,0.1379
6042,0.1448
6043,0.1508
6044,0.1517
6045,0.1409
6046,0.1144
6047,0.0881
6048,0.074
6049,0.0744
6050,0.0829
6051,0.0946
6052,0.1112
6053,0.1252
6054,0.1212
6055,0.1029
6056,0.1014
6057,0.1019
6058,0.0875
6059,0.0735
6060,0.0832
6061,0.1027
6062,0.1194
6063,0.1284
6064,0.1418
6065,0.1622
6066,0.21
6067,0.2657
6068,0.3126
6069,0.3669
6070,0.4294
6071,0.4841
6072,0.5247
6073,0.5553
6074,0.595
6075,0.6504
6076,0.6874
6077,0.7019
6078,0.7038
6079,0.7102
6080,0.7324
6081,0.7391
6082,0.7306
6083,0.7102
6084,0.6872
6085,0.6566
6086,0.6215
6087,0.5776
6088,0.519
6089,0.4764
6090,0.4536
6091,0.407
6092,0.353
6093,0.2989
6094,0.248
6095,0.2165
6096,0.2122
6097,0.2194
6098,0.2447
6099,0.2591
6100,0.2648
6101,0.2708
6102,0.2832
6103,0.2716
6104,0.3123
6105,0.3929
6106,0.451
6107,0.5093
6108,0.5746
6109,0.6296
6110,0.661
6111,0.6673
6112,0.6479
6113,0.665
6114,0.6662
6115,0.6158
6116,0.5615
6117,0.5119
6118,0.4651
6119,0.4301
6120,0.3868
6121,0.3334
6122,0.2859
6123,0.2757
6124,0.2748
6125,0.2609
6126,0.2349
6127,0.2012
6128,0.1836
6129,0.1549
6130,0.1258
6131,0.1084
6132,0.1027
6133,0.0977
6134,0.0944
6135,0.0912
6136,0.0875
6137,0.0825
6138,0.0794
6139,0.0772
6140,0.0732
6141,0.0686
6142,0.0615
6143,0.058
6144,0.0637
6145,0.079
6146,0.1007
6147,0.1159
6148,0.1294
6149,0.1471
6150,0.1615
6151,0.1504
6152,0.1439
6153,0.1636
6154,0.1871
6155,0.2104
6156,0.2352
6157,0.2501
6158,0.2572
6159,0.2593
6160,0.2607
6161,0.2869
6162,0.3283
6163,0.3605
6164,0.3763
6165,0.3952
6166,0.412
6167,0.4291
6168,0.4436
6169,0.4421
6170,0.4217
6171,0.3747
6172,0.3449
6173,0.3094
6174,0.2573
6175,0.1976
6176,0.1779
6177,0.1637
6178,0.1449
6179,0.1212
6180,0.0918
6181,0.0771
6182,0.0695
6183,0.0642
6184,0.053
6185,0.0432
6186,0.039
6187,0.0356
6188,0.0306
6189,0.0283
6190,0.0296
6191,0.0302
6192,0.0326
6193,0.0377
6194,0.0419
6195,0.0432
6196,0.0432
6197,0.04
6198,0.036
6199,0.0311
6200,0.0301
6201,0.0329
6202,0.0393
6203,0.0522
6204,0.0697
6205,0.0877
6206,0.1052
6207,0.1187
6208,0.1275
6209,0.1341
6210,0.1441
6211,0.1499
6212,0.1593
6213,0.1731
6214,0.1808
6215,0.1868
6216,0.2028
6217,0.225
6218,0.2396
6219,0.2603
6220,0.276
6221,0.2817
6222,0.2764
6223,0.2551
6224,0.2573
6225,0.2548
6226,0.2471
6227,0.2391
6228,0.2329
6229,0.23
6230,0.2279
6231,0.2256
6232,0.222
6233,0.2212
6234,0.2193
6235,0.1979
6236,0.1662
6237,0.1416
6238,0.1234
6239,0.1068
6240,0.095
6241,0.0915
6242,0.0957
6243,0.0997
6244,0.1012
6245,0.1031
6246,0.1018
6247,0.0864
6248,0.0715
6249,0.0633
6250,0.0632
6251,0.0668
6252,0.0722
6253,0.0784
6254,0.0828
6255,0.0831
6256,0.0809
6257,0.0778
6258,0.0746
6259,0.0658
6260,0.0549
6261,0.0467
6262,0.0402
6263,0.0349
6264,0.0308
6265,0.0281
6266,0.0274
6267,0.0261
6268,0.0252
6269,0.0287
6270,0.0304
6271,0.0257
6272,0.0233
6273,0.0215
6274,0.0209
6275,0.0223
6276,0.0222
6277,0.022
6278,0.023
6279,0.025
6280,0.0317
6281,0.0475
6282,0.0674
6283,0.0843
6284,0.099
6285,0.1102
6286,0.1186
6287,0.1245
6288,0.1285
6289,0.1306
6290,0.1331
6291,0.1362
6292,0.1378
6293,0.1393
6294,0.1403
6295,0.1257
6296,0.1158
6297,0.1316
6298,0.1527
6299,0.1826
6300,0.221
6301,0.268
6302,0.3131
6303,0.3455
6304,0.3609
6305,0.3954
6306,0.4585
6307,0.5065
6308,0.5427
6309,0.5702
6310,0.5749
6311,0.5711
6312,0.5587
6313,0.5493
6314,0.5483
6315,0.5507
6316,0.5473
6317,0.5489
6318,0.5424
6319,0.5047
6320,0.512
6321,0.5235
6322,0.5197
6323,0.534
6324,0.5485
6325,0.5427
6326,0.51
6327,0.4692
6328,0.4199
6329,0.4174
6330,0.4586
6331,0.4921
6332,0.503
6333,0.4979
6334,0.4775
6335,0.4494
6336,0.4309
6337,0.4182
6338,0.4117
6339,0.403
6340,0.3978
6341,0.3888
6342,0.3786
6343,0.353
6344,0.3222
6345,0.3121
6346,0.3238
6347,0.3276
6348,0.3126
6349,0.2884
6350,0.2486
6351,0.2373
6352,0.249
6353,0.2647
6354,0.288
6355,0.2857
6356,0.2744
6357,0.2635
6358,0.2562
6359,0.2447
6360,0.2414
6361,0.2681
6362,0.3061
6363,0.3457
6364,0.3665
6365,0.3509
6366,0.3213
6367,0.2795
6368,0.2602
6369,0.2577
6370,0.2728
6371,0.3021
6372,0.3339
6373,0.3848
6374,0.4386
6375,0.4934
6376,0.5489
6377,0.5763
6378,0.5924
6379,0.6017
6380,0.5628
6381,0.5685
6382,0.5977
6383,0.5902
6384,0.5634
6385,0.5183
6386,0.4779
6387,0.4617
6388,0.4463
6389,0.4302
6390,0.4268
6391,0.4234
6392,0.4594
6393,0.5096
6394,0.5153
6395,0.4897
6396,0.4646
6397,0.4423
6398,0.4343
6399,0.4406
6400,0.4563
6401,0.4495
6402,0.4216
6403,0.3868
6404,0.3615
6405,0.364
6406,0.3731
6407,0.3549
6408,0.3179
6409,0.2882
6410,0.2733
6411,0.2714
6412,0.2869
6413,0.2938
6414,0.3038
6415,0.2865
6416,0.2719
6417,0.252
6418,0.2366
6419,0.2363
6420,0.2434
6421,0.254
6422,0.26
6423,0.2546
6424,0.2419
6425,0.2512
6426,0.2826
6427,0.3068
6428,0.3244
6429,0.3501
6430,0.3818
6431,0.39
6432,0.3809
6433,0.3685
6434,0.3689
6435,0.4023
6436,0.4515
6437,0.5384
6438,0.596
6439,0.5981
6440,0.6022
6441,0.6328
6442,0.6714
6443,0.7025
6444,0.7128
6445,0.7142
6446,0.7122
6447,0.6965
6448,0.6593
6449,0.6444
6450,0.6503
6451,0.6476
6452,0.6404
6453,0.6292
6454,0.6239
6455,0.6083
6456,0.5918
6457,0.5692
6458,0.5413
6459,0.5076
6460,0.4889
6461,0.4834
6462,0.4851
6463,0.5119
6464,0.5833
6465,0.6255
6466,0.6533
6467,0.6851
6468,0.7144
6469,0.7487
6470,0.7673
6471,0.7747
6472,0.7656
6473,0.752
6474,0.7446
6475,0.7298
6476,0.6979
6477,0.6669
6478,0.6451
6479,0.6138
6480,0.5961
6481,0.606
6482,0.637
6483,0.671
6484,0.7064
6485,0.7355
6486,0.7686
6487,0.7641
6488,0.7527
6489,0.7459
6490,0.7307
6491,0.7059
6492,0.675
6493,0.6391
6494,0.6034
6495,0.5536
6496,0.482
6497,0.4529
6498,0.4439
6499,0.423
6500,0.4072
6501,0.3965
6502,0.4167
6503,0.4802
6504,0.5704
6505,0.6386
6506,0.6708
6507,0.6591
6508,0.6283
6509,0.5959
6510,0.5667
6511,0.53
6512,0.5328
6513,0.566
6514,0.5855
6515,0.6211
6516,0.6577
6517,0.6491
6518,0.6165
6519,0.5846
6520,0.5694
6521,0.5688
6522,0.5623
6523,0.5856
6524,0.591
6525,0.5782
6526,0.543
6527,0.4859
6528,0.4327
6529,0.3967
6530,0.3777
6531,0.3491
6532,0.307
6533,0.2579
6534,0.2018
6535,0.1415
6536,0.1084
6537,0.0975
6538,0.0985
6539,0.0985
6540,0.0998
6541,0.1146
6542,0.1292
6543,0.1499
6544,0.2182
6545,0.3111
6546,0.4019
6547,0.4832
6548,0.5838
6549,0.6233
6550,0.6123
6551,0.5707
6552,0.4926
6553,0.402
6554,0.3358
6555,0.2993
6556,0.2984
6557,0.2999
6558,0.304
6559,0.3055
6560,0.3296
6561,0.3705
6562,0.4374
6563,0.5018
6564,0.5458
6565,0.5621
6566,0.5373
6567,0.4785
6568,0.4146
6569,0.3729
6570,0.3567
6571,0.4184
6572,0.5217
6573,0.5377
6574,0.5097
6575,0.4666
6576,0.4368
6577,0.4227
6578,0.4138
6579,0.3996
6580,0.3876
6581,0.4089
6582,0.4417
6583,0.4616
6584,0.4639
6585,0.4498
6586,0.4303
6587,0.4087
6588,0.3864
6589,0.3629
6590,0.3423
6591,0.3203
6592,0.3048
6593,0.312
6594,0.3149
6595,0.301
6596,0.2713
6597,0.2351
6598,0.1987
6599,0.1658
6600,0.1467
6601,0.1376
6602,0.1331
6603,0.13
6604,0.1296
6605,0.1402
6606,0.1478
6607,0.1521
6608,0.151
6609,0.162
6610,0.1911
6611,0.2272
6612,0.2693
6613,0.3051
6614,0.3305
6615,0.3732
6616,0.4433
6617,0.5386
6618,0.6139
6619,0.6353
6620,0.6079
6621,0.5764
6622,0.6163
6623,0.6999
6624,0.7182
6625,0.6653
6626,0.531
6627,0.4631
6628,0.493
6629,0.509
6630,0.4931
6631,0.4397
6632,0.3768
6633,0.3337
6634,0.3027
6635,0.2664
6636,0.2348
6637,0.2324
6638,0.2428
6639,0.2321
6640,0.2252
6641,0.2446
6642,0.2753
6643,0.2763
6644,0.2722
6645,0.2673
6646,0.2501
6647,0.2259
6648,0.2062
6649,0.2023
6650,0.2056
6651,0.1998
6652,0.2011
6653,0.2068
6654,0.2101
6655,0.218
6656,0.2192
6657,0.2145
6658,0.229
6659,0.264
6660,0.2816
6661,0.285
6662,0.2835
6663,0.2844
6664,0.3049
6665,0.3368
6666,0.3683
6667,0.4133
6668,0.4521
6669,0.4796
6670,0.4907
6671,0.4607
6672,0.3918
6673,0.3265
6674,0.3451
6675,0.3891
6676,0.4672
6677,0.5624
6678,0.621
6679,0.6134
6680,0.5689
6681,0.5742
6682,0.6048
6683,0.6315
6684,0.6525
6685,0.651
6686,0.6448
6687,0.6257
6688,0.5662
6689,0.4619
6690,0.3814
6691,0.3743
6692,0.3909
6693,0.3796
6694,0.357
6695,0.3396
6696,0.3193
6697,0.3191
6698,0.3355
6699,0.3509
6700,0.3573
6701,0.3704
6702,0.3843
6703,0.4159
6704,0.4264
6705,0.4416
6706,0.4614
6707,0.4575
6708,0.4422
6709,0.4176
6710,0.4419
6711,0.4843
6712,0.5353
6713,0.5849
6714,0.6272
6715,0.6556
6716,0.6716
6717,0.6488
6718,0.62
6719,0.5737
6720,0.547
6721,0.5186
6722,0.5154
6723,0.5351
6724,0.5542
6725,0.5692
6726,0.5762
6727,0.5768
6728,0.5775
6729,0.588
6730,0.6194
6731,0.6506
6732,0.6769
6733,0.7151
6734,0.7483
6735,0.7664
6736,0.7686
6737,0.771
6738,0.771
6739,0.7591
6740,0.7508
6741,0.7441
6742,0.7349
6743,0.7237
6744,0.7029
6745,0.6756
6746,0.6503
6747,0.6341
6748,0.6163
6749,0.6015
6750,0.5766
6751,0.5485
6752,0.5312
6753,0.531
6754,0.5551
6755,0.5841
6756,0.6071
6757,0.6298
6758,0.652
6759,0.6513
6760,0.6227
6761,0.6028
6762,0.6038
6763,0.6117
6764,0.615
6765,0.6239
6766,0.641
6767,0.6519
6768,0.6621
6769,0.6662
6770,0.663
6771,0.6666
6772,0.6613
6773,0.6661
6774,0.6694
6775,0.6634
6776,0.6554
6777,0.6645
6778,0.6829
6779,0.6836
6780,0.6835
6781,0.7135
6782,0.75
6783,0.7834
6784,0.8148
6785,0.828
6786,0.8419
6787,0.8569
6788,0.8694
6789,0.8854
6790,0.8898
6791,0.8856
6792,0.8734
6793,0.8506
6794,0.8187
6795,0.7755
6796,0.729
6797,0.6999
6798,0.713
6799,0.6803
6800,0.6608
6801,0.6593
6802,0.676
6803,0.7138
6804,0.7498
6805,0.7677
6806,0.775
6807,0.7668
6808,0.7345
6809,0.6962
6810,0.6743
6811,0.6465
6812,0.6152
6813,0.5966
6814,0.5746
6815,0.5176
6816,0.4304
6817,0.3862
6818,0.3574
6819,0.3232
6820,0.293
6821,0.2734
6822,0.2579
6823,0.2403
6824,0.2125
6825,0.2012
6826,0.1915
6827,0.1807
6828,0.1721
6829,0.1736
6830,0.151
6831,0.132
6832,0.1342
6833,0.146
6834,0.1533
6835,0.1569
6836,0.1595
6837,0.1556
6838,0.1449
6839,0.1357
6840,0.1239
6841,0.1145
6842,0.1176
6843,0.1476
6844,0.195
6845,0.2423
6846,0.2619
6847,0.2726
6848,0.3116
6849,0.3653
6850,0.3935
6851,0.4351
6852,0.46
6853,0.5001
6854,0.5508
6855,0.5736
6856,0.5959
6857,0.5997
6858,0.5861
6859,0.5319
6860,0.4474
6861,0.3875
6862,0.3135
6863,0.2395
6864,0.1687
6865,0.1159
6866,0.0983
6867,0.0953
6868,0.0976
6869,0.0988
6870,0.1063
6871,0.1366
6872,0.1878
6873,0.2487
6874,0.3221
6875,0.3609
6876,0.3776
6877,0.3839
6878,0.3845
6879,0.413
6880,0.4358
6881,0.4566
6882,0.4464
6883,0.4116
6884,0.398
6885,0.3735
6886,0.3278
6887,0.3211
6888,0.321
6889,0.3479
6890,0.3665
6891,0.343
6892,0.2785
6893,0.2771
6894,0.2596
6895,0.2013
6896,0.1684
6897,0.1498
6898,0.1275
6899,0.1048
6900,0.1013
6901,0.105
6902,0.1203
6903,0.1266
6904,0.1394
6905,0.1732
6906,0.2173
6907,0.25
6908,0.2756
6909,0.2978
6910,0.3345
6911,0.3717
6912,0.3988
6913,0.4184
6914,0.4469
6915,0.4988
6916,0.5412
6917,0.5448
6918,0.5132
6919,0.5524
6920,0.6277
6921,0.6452
6922,0.6134
6923,0.5327
6924,0.4565
6925,0.4121
6926,0.3531
6927,0.2869
6928,0.2352
6929,0.2278
6930,0.2355
6931,0.2399
6932,0.2365
6933,0.2316
6934,0.2313
6935,0.2304
6936,0.2278
6937,0.222
6938,0.2193
6939,0.2274
6940,0.2424
6941,0.2593
6942,0.2771
6943,0.2857
6944,0.2779
6945,0.3022
6946,0.3492
6947,0.414
6948,0.4672
6949,0.4986
6950,0.5146
6951,0.5141
6952,0.5306
6953,0.541
6954,0.513
6955,0.4901
6956,0.4701
6957,0.4578
6958,0.4406
6959,0.4136
6960,0.3891
6961,0.381
6962,0.3807
6963,0.3984
6964,0.4376
6965,0.4553
6966,0.4554
6967,0.4427
6968,0.4512
6969,0.4676
6970,0.4791
6971,0.4939
6972,0.517
6973,0.5362
6974,0.5306
6975,0.5224
6976,0.5303
6977,0.5271
6978,0.4993
6979,0.4757
6980,0.4502
6981,0.4378
6982,0.4373
6983,0.434
6984,0.4319
6985,0.4186
6986,0.3983
6987,0.3799
6988,0.3781
6989,0.3886
6990,0.3834
6991,0.3575
6992,0.3321
6993,0.315
6994,0.3114
6995,0.3145
6996,0.3162
6997,0.3297
6998,0.3468
6999,0.3499
7000,0.3525
7001,0.3629
7002,0.356
7003,0.3383
7004,0.3112
7005,0.2888
7006,0.275
7007,0.2683
7008,0.2628
7009,0.254
7010,0.2498
7011,0.2498
7012,0.251
7013,0.2588
7014,0.2753
7015,0.2903
7016,0.2997
7017,0.305
7018,0.3088
7019,0.3061
7020,0.3028
7021,0.3237
7022,0.3416
7023,0.3637
7024,0.4056
7025,0.4604
7026,0.4978
7027,0.5074
7028,0.5119
7029,0.5112
7030,0.4958
7031,0.4734
7032,0.4572
7033,0.4332
7034,0.4173
7035,0.4212
7036,0.437
7037,0.4507
7038,0.446
7039,0.4343
7040,0.4067
7041,0.383
7042,0.365
7043,0.3343
7044,0.2984
7045,0.2589
7046,0.231
7047,0.2175
7048,0.2143
7049,0.2208
7050,0.2187
7051,0.2089
7052,0.1993
7053,0.1868
7054,0.1762
7055,0.1757
7056,0.1839
7057,0.2008
7058,0.2195
7059,0.2229
7060,0.2196
7061,0.2097
7062,0.203
7063,0.1973
7064,0.1849
7065,0.1837
7066,0.2002
7067,0.2184
7068,0.2302
7069,0.2371
7070,0.2394
7071,0.2345
7072,0.2288
7073,0.2292
7074,0.2308
7075,0.2359
7076,0.2541
7077,0.2748
7078,0.2838
7079,0.2754
7080,0.2458
7081,0.2274
7082,0.2177
7083,0.217
7084,0.2269
7085,0.2504
7086,0.2671
7087,0.2844
7088,0.281
7089,0.2824
7090,0.2863
7091,0.2976
7092,0.3248
7093,0.3476
7094,0.3463
7095,0.3151
7096,0.2942
7097,0.2963
7098,0.307
7099,0.3059
7100,0.293
7101,0.2742
7102,0.2612
7103,0.2533
7104,0.2439
7105,0.2214
7106,0.2333
7107,0.2287
7108,0.1999
7109,0.1839
7110,0.1936
7111,0.2174
7112,0.2095
7113,0.1877
7114,0.1791
7115,0.2105
7116,0.2484
7117,0.2808
7118,0.3197
7119,0.3589
7120,0.3936
7121,0.3928
7122,0.4157
7123,0.4245
7124,0.4056
7125,0.3862
7126,0.359
7127,0.3368
7128,0.321
7129,0.3267
7130,0.3254
7131,0.3066
7132,0.2872
7133,0.2707
7134,0.2573
7135,0.2458
7136,0.2418
7137,0.2542
7138,0.285
7139,0.3251
7140,0.3821
7141,0.4402
7142,0.495
7143,0.542
7144,0.5836
7145,0.6211
7146,0.6747
7147,0.7558
7148,0.7688
7149,0.7109
7150,0.6488
7151,0.593
7152,0.5397
7153,0.493
7154,0.4485
7155,0.4176
7156,0.3886
7157,0.3688
7158,0.3626
7159,0.3631
7160,0.3673
7161,0.3802
7162,0.3997
7163,0.4173
7164,0.4471
7165,0.4914
7166,0.5445
7167,0.5952
7168,0.6359
7169,0.6341
7170,0.5902
7171,0.5704
7172,0.618
7173,0.6527
7174,0.6403
7175,0.6227
7176,0.6158
7177,0.6209
7178,0.6176
7179,0.6031
7180,0.5874
7181,0.5683
7182,0.5452
7183,0.519
7184,0.48
7185,0.4454
7186,0.4487
7187,0.425
7188,0.397
7189,0.3774
7190,0.3643
7191,0.3461
7192,0.3302
7193,0.3258
7194,0.3158
7195,0.3044
7196,0.289
7197,0.2714
7198,0.2457
7199,0.2141
7200,0.1814
7201,0.153
7202,0.1338
7203,0.1196
7204,0.1114
7205,0.1117
7206,0.1185
7207,0.1272
7208,0.1321
7209,0.1262
7210,0.1227
7211,0.1256
7212,0.1297
7213,0.1342
7214,0.1439
7215,0.1661
7216,0.2067
7217,0.2484
7218,0.2733
7219,0.2861
7220,0.2923
7221,0.2915
7222,0.2842
7223,0.2835
7224,0.2845
7225,0.2903
7226,0.3018
7227,0.3167
7228,0.3375
7229,0.3511
7230,0.3655
7231,0.3793
7232,0.3804
7233,0.3592
7234,0.3466
7235,0.345
7236,0.3278
7237,0.3187
7238,0.3266
7239,0.3421
7240,0.3794
7241,0.4275
7242,0.4506
7243,0.4537
7244,0.4512
7245,0.4431
7246,0.4409
7247,0.4316
7248,0.4206
7249,0.4131
7250,0.4075
7251,0.4087
7252,0.4118
7253,0.4224
7254,0.4337
7255,0.4545
7256,0.467
7257,0.4672
7258,0.471
7259,0.4723
7260,0.4558
7261,0.4454
7262,0.4502
7263,0.4598
7264,0.487
7265,0.5359
7266,0.5662
7267,0.5868
7268,0.6053
7269,0.6085
7270,0.5919
7271,0.5718
7272,0.5487
7273,0.5153
7274,0.4868
7275,0.4665
7276,0.454
7277,0.453
7278,0.4584
7279,0.4685
7280,0.4683
7281,0.458
7282,0.4586
7283,0.4354
7284,0.3914
7285,0.3605
7286,0.337
7287,0.3381
7288,0.3305
7289,0.358
7290,0.3747
7291,0.37
7292,0.3721
7293,0.3545
7294,0.3441
7295,0.3454
7296,0.3397
7297,0.3548
7298,0.3743
7299,0.403
7300,0.4461
7301,0.4989
7302,0.5196
7303,0.5128
7304,0.4924
7305,0.5226
7306,0.5598
7307,0.5734
7308,0.5452
7309,0.4721
7310,0.4229
7311,0.4153
7312,0.4233
7313,0.4397
7314,0.456
7315,0.4948
7316,0.5318
7317,0.569
7318,0.6125
7319,0.6737
7320,0.7143
7321,0.7133
7322,0.7104
7323,0.685
7324,0.6424
7325,0.5964
7326,0.5646
7327,0.5679
7328,0.5655
7329,0.5585
7330,0.5625
7331,0.5674
7332,0.5659
7333,0.5509
7334,0.5262
7335,0.5257
7336,0.531
7337,0.5181
7338,0.4967
7339,0.4736
7340,0.446
7341,0.4238
7342,0.4131
7343,0.395
7344,0.3691
7345,0.3425
7346,0.3215
7347,0.3004
7348,0.2794
7349,0.2486
7350,0.2098
7351,0.1811
7352,0.1572
7353,0.1338
7354,0.118
7355,0.1116
7356,0.1152
7357,0.1203
7358,0.119
7359,0.1141
7360,0.1247
7361,0.1412
7362,0.1517
7363,0.1537
7364,0.1522
7365,0.1475
7366,0.1421
7367,0.1402
7368,0.1441
7369,0.151
7370,0.1613
7371,0.1611
7372,0.1567
7373,0.1623
7374,0.1694
7375,0.16
7376,0.1464
7377,0.1443
7378,0.1486
7379,0.1534
7380,0.1513
7381,0.1544
7382,0.1703
7383,0.1842
7384,0.2013
7385,0.2109
7386,0.2115
7387,0.2142
7388,0.2314
7389,0.2766
7390,0.3227
7391,0.3573
7392,0.3763
7393,0.3792
7394,0.3755
7395,0.3623
7396,0.3601
7397,0.3616
7398,0.3659
7399,0.3712
7400,0.3681
7401,0.3679
7402,0.3823
7403,0.3863
7404,0.3719
7405,0.3452
7406,0.3206
7407,0.3082
7408,0.3109
7409,0.3219
7410,0.3282
7411,0.3373
7412,0.3493
7413,0.3481
7414,0.3246
7415,0.2918
7416,0.2559
7417,0.2279
7418,0.2046
7419,0.1874
7420,0.1692
7421,0.1584
7422,0.1554
7423,0.1476
7424,0.1262
7425,0.0992
7426,0.078
7427,0.0611
7428,0.0526
7429,0.05
7430,0.0497
7431,0.052
7432,0.0582
7433,0.0771
7434,0.1064
7435,0.1475
7436,0.2025
7437,0.2564
7438,0.3069
7439,0.3508
7440,0.3819
7441,0.4017
7442,0.4264
7443,0.4575
7444,0.4983
7445,0.533
7446,0.5458
7447,0.5235
7448,0.4881
7449,0.4695
7450,0.4839
7451,0.514
7452,0.5279
7453,0.5248
7454,0.5317
7455,0.5457
7456,0.5668
7457,0.5767
7458,0.5728
7459,0.5633
7460,0.552
7461,0.5424
7462,0.5324
7463,0.512
7464,0.4886
7465,0.4641
7466,0.4371
7467,0.4098
7468,0.3804
7469,0.3642
7470,0.3563
7471,0.3424
7472,0.3248
7473,0.2992
7474,0.3012
7475,0.301
7476,0.3018
7477,0.3036
7478,0.2977
7479,0.293
7480,0.2962
7481,0.3008
7482,0.3034
7483,0.3067
7484,0.3141
7485,0.3236
7486,0.3254
7487,0.3221
7488,0.3131
7489,0.3049
7490,0.3018
7491,0.3009
7492,0.3119
7493,0.3236
7494,0.3169
7495,0.3029
7496,0.2954
7497,0.2946
7498,0.2992
7499,0.3091
7500,0.3204
7501,0.3311
7502,0.3297
7503,0.3154
7504,0.3162
7505,0.3329
7506,0.3558
7507,0.3739
7508,0.3792
7509,0.3874
7510,0.3832
7511,0.369
7512,0.3537
7513,0.3463
7514,0.3405
7515,0.3282
7516,0.3112
7517,0.2939
7518,0.2742
7519,0.2515
7520,0.217
7521,0.1815
7522,0.1512
7523,0.1055
7524,0.0716
7525,0.0683
7526,0.0672
7527,0.099
7528,0.1386
7529,0.1693
7530,0.2368
7531,0.2736
7532,0.3098
7533,0.3658
7534,0.4318
7535,0.4953
7536,0.5201
7537,0.5064
7538,0.5885
7539,0.6785
7540,0.7289
7541,0.7554
7542,0.7484
7543,0.7143
7544,0.6584
7545,0.6597
7546,0.7203
7547,0.7621
7548,0.7871
7549,0.7963
7550,0.7992
7551,0.8005
7552,0.8006
7553,0.8
7554,0.7958
7555,0.7926
7556,0.7978
7557,0.8026
7558,0.7977
7559,0.7806
7560,0.7686
7561,0.762
7562,0.7508
7563,0.7489
7564,0.7455
7565,0.7498
7566,0.7538
7567,0.7548
7568,0.7493
7569,0.7402
7570,0.7471
7571,0.7463
7572,0.7437
7573,0.7308
7574,0.7088
7575,0.6835
7576,0.6518
7577,0.6181
7578,0.5997
7579,0.5921
7580,0.58
7581,0.5833
7582,0.5759
7583,0.5485
7584,0.4995
7585,0.451
7586,0.3984
7587,0.3527
7588,0.3182
7589,0.283
7590,0.2489
7591,0.2206
7592,0.1918
7593,0.1598
7594,0.1313
7595,0.1145
7596,0.1084
7597,0.1223
7598,0.1621
7599,0.218
7600,0.2731
7601,0.3145
7602,0.3473
7603,0.3788
7604,0.4211
7605,0.4696
7606,0.5181
7607,0.5573
7608,0.6076
7609,0.6506
7610,0.6725
7611,0.6834
7612,0.6853
7613,0.662
7614,0.6493
7615,0.647
7616,0.6324
7617,0.6317
7618,0.6271
7619,0.6281
7620,0.621
7621,0.5956
7622,0.5621
7623,0.5336
7624,0.5119
7625,0.4769
7626,0.4368
7627,0.4025
7628,0.3792
7629,0.3698
7630,0.3771
7631,0.3896
7632,0.4074
7633,0.4235
7634,0.4459
7635,0.4663
7636,0.4975
7637,0.5392
7638,0.5919
7639,0.6396
7640,0.6724
7641,0.6786
7642,0.6859
7643,0.6886
7644,0.6862
7645,0.667
7646,0.6358
7647,0.6052
7648,0.584
7649,0.5612
7650,0.5317
7651,0.5021
7652,0.4827
7653,0.4597
7654,0.4219
7655,0.3802
7656,0.3522
7657,0.3347
7658,0.3127
7659,0.2804
7660,0.2381
7661,0.2046
7662,0.1769
7663,0.1513
7664,0.1361
7665,0.1249
7666,0.1126
7667,0.1028
7668,0.097
7669,0.093
7670,0.0945
7671,0.1035
7672,0.1141
7673,0.1177
7674,0.1153
7675,0.1118
7676,0.11
7677,0.1105
7678,0.1106
7679,0.1083
7680,0.1035
7681,0.0945
7682,0.0846
7683,0.0778
7684,0.0795
7685,0.0851
7686,0.0885
7687,0.0851
7688,0.0804
7689,0.0794
7690,0.0831
7691,0.0938
7692,0.108
7693,0.1222
7694,0.1342
7695,0.1596
7696,0.1882
7697,0.2119
7698,0.2409
7699,0.2683
7700,0.2769
7701,0.2811
7702,0.291
7703,0.3115
7704,0.3317
7705,0.3529
7706,0.3764
7707,0.4003
7708,0.4113
7709,0.4093
7710,0.4126
7711,0.4106
7712,0.4111
7713,0.4148
7714,0.4151
7715,0.4129
7716,0.4175
7717,0.4198
7718,0.4167
7719,0.4034
7720,0.3868
7721,0.3718
7722,0.3445
7723,0.3172
7724,0.3027
7725,0.2935
7726,0.2738
7727,0.2463
7728,0.2152
7729,0.1877
7730,0.1676
7731,0.159
7732,0.159
7733,0.1601
7734,0.1497
7735,0.1349
7736,0.1296
7737,0.1406
7738,0.1578
7739,0.1762
7740,0.1892
7741,0.197
7742,0.2073
7743,0.2287
7744,0.2544
7745,0.2763
7746,0.2931
7747,0.3104
7748,0.3294
7749,0.3513
7750,0.3642
7751,0.3737
7752,0.3812
7753,0.3886
7754,0.4035
7755,0.4217
7756,0.4394
7757,0.4661
7758,0.4906
7759,0.5006
7760,0.5042
7761,0.4987
7762,0.485
7763,0.4785
7764,0.4801
7765,0.5017
7766,0.5407
7767,0.5982
7768,0.6561
7769,0.6949
7770,0.7101
7771,0.711
7772,0.6994
7773,0.6771
7774,0.6475
7775,0.6149
7776,0.5891
7777,0.5849
7778,0.5952
7779,0.6082
7780,0.6174
7781,0.6259
7782,0.6326
7783,0.6365
7784,0.6321
7785,0.6106
7786,0.598
7787,0.5854
7788,0.5564
7789,0.5271
7790,0.5085
7791,0.5102
7792,0.5164
7793,0.5187
7794,0.5195
7795,0.5165
7796,0.5075
7797,0.4941
7798,0.4711
7799,0.4657
7800,0.4743
7801,0.4843
7802,0.506
7803,0.5277
7804,0.5416
7805,0.5449
7806,0.5366
7807,0.5186
7808,0.4924
7809,0.4622
7810,0.4314
7811,0.4237
7812,0.419
7813,0.4222
7814,0.4465
7815,0.4741
7816,0.5139
7817,0.5658
7818,0.606
7819,0.6346
7820,0.6526
7821,0.6638
7822,0.6702
7823,0.6676
7824,0.6745
7825,0.689
7826,0.7021
7827,0.6966
7828,0.7007
7829,0.6996
7830,0.6772
7831,0.6481
7832,0.6122
7833,0.5764
7834,0.5467
7835,0.4969
7836,0.4252
7837,0.3806
7838,0.368
7839,0.3771
7840,0.3881
7841,0.3756
7842,0.3389
7843,0.2964
7844,0.2357
7845,0.2011
7846,0.1832
7847,0.1688
7848,0.1521
7849,0.1382
7850,0.133
7851,0.1295
7852,0.132
7853,0.1371
7854,0.1387
7855,0.1438
7856,0.1567
7857,0.1686
7858,0.1741
7859,0.1734
7860,0.1622
7861,0.1485
7862,0.1574
7863,0.1909
7864,0.2242
7865,0.2471
7866,0.2539
7867,0.2585
7868,0.269
7869,0.2838
7870,0.3
7871,0.3188
7872,0.3256
7873,0.3351
7874,0.3484
7875,0.3517
7876,0.3722
7877,0.3947
7878,0.4051
7879,0.4246
7880,0.4425
7881,0.4551
7882,0.4809
7883,0.4834
7884,0.4605
7885,0.4265
7886,0.4046
7887,0.3854
7888,0.37
7889,0.3521
7890,0.3459
7891,0.3407
7892,0.3375
7893,0.3357
7894,0.3329
7895,0.3247
7896,0.3173
7897,0.3154
7898,0.3015
7899,0.3003
7900,0.3165
7901,0.3383
7902,0.3635
7903,0.4074
7904,0.4597
7905,0.5394
7906,0.6193
7907,0.6817
7908,0.7169
7909,0.6929
7910,0.6574
7911,0.6121
7912,0.5951
7913,0.5623
7914,0.5312
7915,0.4955
7916,0.4621
7917,0.4208
7918,0.386
7919,0.3608
7920,0.3463
7921,0.3091
7922,0.3198
7923,0.3185
7924,0.2922
7925,0.2655
7926,0.2791
7927,0.3037
7928,0.2879
7929,0.2567
7930,0.2341
7931,0.2409
7932,0.2601
7933,0.263
7934,0.2606
7935,0.2648
7936,0.283
7937,0.309
7938,0.338
7939,0.3789
7940,0.4189
7941,0.4515
7942,0.4807
7943,0.5055
7944,0.5328
7945,0.5569
7946,0.5722
7947,0.5778
7948,0.5657
7949,0.5426
7950,0.5228
7951,0.5009
7952,0.4946
7953,0.491
7954,0.4957
7955,0.4841
7956,0.4783
7957,0.461
7958,0.4386
7959,0.4115
7960,0.3859
7961,0.3682
7962,0.3638
7963,0.3593
7964,0.3372
7965,0.3144
7966,0.2961
7967,0.2872
7968,0.2856
7969,0.2836
7970,0.2841
7971,0.2863
7972,0.2886
7973,0.2824
7974,0.2688
7975,0.2517
7976,0.2363
7977,0.2107
7978,0.1837
7979,0.1683
7980,0.1542
7981,0.1422
7982,0.1352
7983,0.1391
7984,0.1452
7985,0.1423
7986,0.1346
7987,0.1294
7988,0.1257
7989,0.1193
7990,0.1106
7991,0.1019
7992,0.099
7993,0.1006
7994,0.1078
7995,0.1156
7996,0.1214
7997,0.1285
7998,0.1401
7999,0.1567
8000,0.1673
8001,0.1692
8002,0.1671
8003,0.1643
8004,0.1612
8005,0.1694
8006,0.1899
8007,0.2367
8008,0.2937
8009,0.3195
8010,0.3205
8011,0.3044
8012,0.2824
8013,0.256
8014,0.2358
8015,0.2272
8016,0.2293
8017,0.2367
8018,0.2413
8019,0.241
8020,0.2499
8021,0.2666
8022,0.2837
8023,0.301
8024,0.3168
8025,0.3079
8026,0.2759
8027,0.2516
8028,0.2417
8029,0.2534
8030,0.2847
8031,0.3392
8032,0.3883
8033,0.4018
8034,0.393
8035,0.3693
8036,0.3428
8037,0.3242
8038,0.3141
8039,0.2957
8040,0.2846
8041,0.2754
8042,0.2776
8043,0.2863
8044,0.2937
8045,0.309
8046,0.3175
8047,0.3165
8048,0.2903
8049,0.2666
8050,0.2496
8051,0.2369
8052,0.2248
8053,0.2153
8054,0.2121
8055,0.2175
8056,0.2281
8057,0.2273
8058,0.21
8059,0.1918
8060,0.1841
8061,0.1862
8062,0.1948
8063,0.2052
8064,0.2143
8065,0.2118
8066,0.2074
8067,0.1978
8068,0.1804
8069,0.1703
8070,0.1772
8071,0.1968
8072,0.2169
8073,0.2195
8074,0.2151
8075,0.2069
8076,0.1923
8077,0.1731
8078,0.1618
8079,0.1685
8080,0.1894
8081,0.2229
8082,0.2522
8083,0.2659
8084,0.2637
8085,0.2591
8086,0.2546
8087,0.2575
8088,0.2714
8089,0.2826
8090,0.2879
8091,0.3062
8092,0.3189
8093,0.3125
8094,0.3005
8095,0.2889
8096,0.2813
8097,0.2775
8098,0.2756
8099,0.2761
8100,0.2715
8101,0.268
8102,0.2505
8103,0.2468
8104,0.2374
8105,0.2254
8106,0.2224
8107,0.2273
8108,0.2467
8109,0.2825
8110,0.298
8111,0.3174
8112,0.3395
8113,0.3513
8114,0.3486
8115,0.3452
8116,0.3446
8117,0.3549
8118,0.3823
8119,0.4198
8120,0.4607
8121,0.5004
8122,0.5423
8123,0.5975
8124,0.6655
8125,0.7128
8126,0.7537
8127,0.7997
8128,0.8405
8129,0.879
8130,0.9016
8131,0.9144
8132,0.9203
8133,0.9143
8134,0.9037
8135,0.891
8136,0.8801
8137,0.8526
8138,0.8299
8139,0.8358
8140,0.8324
8141,0.8247
8142,0.8139
8143,0.8191
8144,0.8264
8145,0.8295
8146,0.8297
8147,0.8138
8148,0.8103
8149,0.8128
8150,0.8068
8151,0.8009
8152,0.7928
8153,0.8057
8154,0.7973
8155,0.7705
8156,0.7494
8157,0.7163
8158,0.682
8159,0.6391
8160,0.6084
8161,0.6129
8162,0.6173
8163,0.6011
8164,0.5834
8165,0.5419
8166,0.5032
8167,0.48
8168,0.4525
8169,0.4203
8170,0.417
8171,0.456
8172,0.4884
8173,0.5452
8174,0.5974
8175,0.6332
8176,0.6752
8177,0.7092
8178,0.7419
8179,0.7773
8180,0.8317
8181,0.8692
8182,0.9091
8183,0.9436
8184,0.9662
8185,0.9756
8186,0.9782
8187,0.9693
8188,0.9571
8189,0.9416
8190,0.9151
8191,0.9016
8192,0.8865
8193,0.8781
8194,0.8915
8195,0.9127
8196,0.9287
8197,0.938
8198,0.9398
8199,0.9399
8200,0.9354
8201,0.9259
8202,0.9163
8203,0.9085
8204,0.8921
8205,0.8732
8206,0.865
8207,0.8394
8208,0.7966
8209,0.7792
8210,0.7616
8211,0.7738
8212,0.8041
8213,0.8199
8214,0.85
8215,0.8736
8216,0.8867
8217,0.8775
8218,0.8493
8219,0.8112
8220,0.7792
8221,0.7396
8222,0.6847
8223,0.624
8224,0.5545
8225,0.475
8226,0.4049
8227,0.3465
8228,0.2923
8229,0.2763
8230,0.2757
8231,0.2752
8232,0.2858
8233,0.3261
8234,0.378
8235,0.4562
8236,0.5553
8237,0.651
8238,0.7383
8239,0.8214
8240,0.8839
8241,0.919
8242,0.9446
8243,0.9626
8244,0.9718
8245,0.9783
8246,0.981
8247,0.9692
8248,0.9609
8249,0.9158
8250,0.9157
8251,0.9276
8252,0.9211
8253,0.8922
8254,0.8332
8255,0.7649
8256,0.6618
8257,0.6098
8258,0.5842
8259,0.5762
8260,0.5408
8261,0.5071
8262,0.471
8263,0.4463
8264,0.4187
8265,0.4174
8266,0.4143
8267,0.4307
8268,0.4508
8269,0.4752
8270,0.5038
8271,0.5294
8272,0.5282
8273,0.5096
8274,0.4751
8275,0.4573
8276,0.4595
8277,0.458
8278,0.4375
8279,0.4123
8280,0.3949
8281,0.3775
8282,0.3678
8283,0.3505
8284,0.3259
8285,0.3291
8286,0.3646
8287,0.4257
8288,0.52
8289,0.6088
8290,0.6636
8291,0.6539
8292,0.6492
8293,0.6209
8294,0.599
8295,0.5893
8296,0.6041
8297,0.6307
8298,0.6399
8299,0.5973
8300,0.5085
8301,0.4307
8302,0.382
8303,0.3784
8304,0.4074
8305,0.4336
8306,0.4746
8307,0.5315
8308,0.5952
8309,0.6444
8310,0.6883
8311,0.7221
8312,0.7417
8313,0.7429
8314,0.7491
8315,0.7624
8316,0.7817
8317,0.7955
8318,0.8017
8319,0.7985
8320,0.7985
8321,0.7997
8322,0.7948
8323,0.7743
8324,0.7269
8325,0.7057
8326,0.6877
8327,0.6684
8328,0.6697
8329,0.6834
8330,0.7198
8331,0.7719
8332,0.8115
8333,0.8501
8334,0.8816
8335,0.8978
8336,0.9039
8337,0.9017
8338,0.901
8339,0.91
8340,0.9115
8341,0.9096
8342,0.9114
8343,0.9074
8344,0.8583
8345,0.7433
8346,0.6459
8347,0.5761
8348,0.5309
8349,0.5765
8350,0.6195
8351,0.6736
8352,0.7557
8353,0.8516
8354,0.8614
8355,0.857
8356,0.8796
8357,0.8552
8358,0.8066
8359,0.7504
8360,0.7067
8361,0.6752
8362,0.6481
8363,0.6143
8364,0.5825
8365,0.557
8366,0.5466
8367,0.5519
8368,0.5663
8369,0.6004
8370,0.6473
8371,0.7091
8372,0.7348
8373,0.7426
8374,0.7393
8375,0.726
8376,0.713
8377,0.7061
8378,0.6943
8379,0.6972
8380,0.6878
8381,0.6746
8382,0.6385
8383,0.5888
8384,0.5347
8385,0.4915
8386,0.444
8387,0.4003
8388,0.3535
8389,0.3122
8390,0.2901
8391,0.287
8392,0.2743
8393,0.2454
8394,0.2206
8395,0.1945
8396,0.1625
8397,0.1495
8398,0.1494
8399,0.1503
8400,0.1591
8401,0.1619
8402,0.1535
8403,0.1381
8404,0.1245
8405,0.1197
8406,0.1225
8407,0.1219
8408,0.1191
8409,0.125
8410,0.1375
8411,0.1536
8412,0.167
8413,0.2003
8414,0.2243
8415,0.2298
8416,0.2042
8417,0.1694
8418,0.1524
8419,0.1651
8420,0.1917
8421,0.2193
8422,0.2281
8423,0.224
8424,0.2253
8425,0.2291
8426,0.2242
8427,0.2179
8428,0.223
8429,0.2312
8430,0.2561
8431,0.2953
8432,0.3402
8433,0.3744
8434,0.4114
8435,0.4569
8436,0.5015
8437,0.5403
8438,0.6053
8439,0.6866
8440,0.7657
8441,0.8146
8442,0.8642
8443,0.8787
8444,0.8819
8445,0.877
8446,0.861
8447,0.8459
8448,0.8284
8449,0.8014
8450,0.7652
8451,0.7108
8452,0.6489
8453,0.5713
8454,0.5493
8455,0.5635
8456,0.6279
8457,0.6527
8458,0.6364
8459,0.6391
8460,0.6275
8461,0.6444
8462,0.6501
8463,0.6833
8464,0.7368
8465,0.7757
8466,0.7841
8467,0.7916
8468,0.8059
8469,0.7958
8470,0.7577
8471,0.7377
8472,0.6498
8473,0.5789
8474,0.6053
8475,0.6325
8476,0.5853
8477,0.513
8478,0.4773
8479,0.4441
8480,0.403
8481,0.3465
8482,0.3306
8483,0.3731
8484,0.4181
8485,0.4565
8486,0.4966
8487,0.5302
8488,0.5482
8489,0.5611
8490,0.5643
8491,0.5542
8492,0.5231
8493,0.481
8494,0.4285
8495,0.3787
8496,0.3596
8497,0.3846
8498,0.4232
8499,0.4438
8500,0.4616
8501,0.4809
8502,0.5018
8503,0.5051
8504,0.5165
8505,0.5252
8506,0.5366
8507,0.5334
8508,0.5072
8509,0.4617
8510,0.4231
8511,0.4012
8512,0.4178
8513,0.4166
8514,0.4015
8515,0.4186
8516,0.4281
8517,0.4234
8518,0.3995
8519,0.3181
8520,0.2369
8521,0.2039
8522,0.2105
8523,0.2297
8524,0.2474
8525,0.2469
8526,0.2414
8527,0.2583
8528,0.325
8529,0.3852
8530,0.4296
8531,0.4423
8532,0.4326
8533,0.4091
8534,0.3873
8535,0.3799
8536,0.3796
8537,0.3893
8538,0.391
8539,0.3809
8540,0.3769
8541,0.3829
8542,0.422
8543,0.4901
8544,0.5345
8545,0.5506
8546,0.5545
8547,0.5709
8548,0.6079
8549,0.6498
8550,0.6867
8551,0.7024
8552,0.7045
8553,0.6911
8554,0.7137
8555,0.747
8556,0.7645
8557,0.7619
8558,0.7378
8559,0.6866
8560,0.6236
8561,0.5667
8562,0.5048
8563,0.4689
8564,0.4627
8565,0.3891
8566,0.3109
8567,0.2998
8568,0.301
8569,0.3101
8570,0.301
8571,0.3108
8572,0.3052
8573,0.2791
8574,0.2945
8575,0.3869
8576,0.4511
8577,0.4846
8578,0.518
8579,0.5444
8580,0.5581
8581,0.5597
8582,0.5555
8583,0.5302
8584,0.492
8585,0.4611
8586,0.4595
8587,0.4687
8588,0.4888
8589,0.5299
8590,0.5915
8591,0.629
8592,0.6183
8593,0.6086
8594,0.5722
8595,0.5345
8596,0.4922
8597,0.4284
8598,0.3682
8599,0.3112
8600,0.2627
8601,0.2192
8602,0.1795
8603,0.1518
8604,0.1282
8605,0.1005
8606,0.0747
8607,0.0582
8608,0.043
8609,0.0351
8610,0.0425
8611,0.067
8612,0.096
8613,0.1187
8614,0.1451
8615,0.1759
8616,0.214
8617,0.2818
8618,0.3495
8619,0.3994
8620,0.457
8621,0.5104
8622,0.5485
8623,0.5872
8624,0.6373
8625,0.6899
8626,0.7362
8627,0.7391
8628,0.7103
8629,0.659
8630,0.5943
8631,0.5308
8632,0.4681
8633,0.4097
8634,0.3625
8635,0.3293
8636,0.3056
8637,0.2874
8638,0.2914
8639,0.316
8640,0.3223
8641,0.3155
8642,0.2961
8643,0.2727
8644,0.2676
8645,0.2688
8646,0.2665
8647,0.279
8648,0.2899
8649,0.2949
8650,0.2879
8651,0.2839
8652,0.2775
8653,0.2669
8654,0.2628
8655,0.2698
8656,0.2786
8657,0.2842
8658,0.2815
8659,0.2722
8660,0.2643
8661,0.2667
8662,0.2713
8663,0.2701
8664,0.2706
8665,0.2693
8666,0.2753
8667,0.2921
8668,0.3001
8669,0.3188
8670,0.3396
8671,0.351
8672,0.3629
8673,0.3725
8674,0.3627
8675,0.372
8676,0.3949
8677,0.3899
8678,0.3968
8679,0.4283
8680,0.4604
8681,0.4502
8682,0.4344
8683,0.4299
8684,0.4215
8685,0.4254
8686,0.4282
8687,0.4267
8688,0.4241
8689,0.4174
8690,0.4174
8691,0.4291
8692,0.4339
8693,0.4318
8694,0.4433
8695,0.4517
8696,0.4664
8697,0.4756
8698,0.4896
8699,0.5032
8700,0.5065
8701,0.4973
8702,0.491
8703,0.4979
8704,0.5138
8705,0.5264
8706,0.5368
8707,0.5291
8708,0.5195
8709,0.514
8710,0.5012
8711,0.4836
8712,0.4724
8713,0.4648
8714,0.4594
8715,0.461
8716,0.47
8717,0.4687
8718,0.4738
8719,0.4911
8720,0.4894
8721,0.4693
8722,0.4579
8723,0.4547
8724,0.4395
8725,0.4254
8726,0.4153
8727,0.4257
8728,0.4118
8729,0.3594
8730,0.298
8731,0.2649
8732,0.2441
8733,0.2148
8734,0.1837
8735,0.1552
8736,0.14
8737,0.1318
8738,0.1217
8739,0.1187
8740,0.1302
8741,0.1423
8742,0.1553
8743,0.1777
8744,0.2061
8745,0.2214
8746,0.2284
8747,0.2154
8748,0.2118
8749,0.2156
8750,0.2275
8751,0.2569
8752,0.2901
8753,0.317
8754,0.338
8755,0.3507
8756,0.3581
8757,0.3483
8758,0.3278
8759,0.2858
